0x0000,0xe73f,1110011100111111,0000000000000000,1110011100111111
0x0000,0xe73f,1110011100111111,0000000000000000,1110011100111111
0x55a6,0x3da6,0011110110100110,0101010110100110,0110100000000000
0x3fa5,0x37a5,0011011110100101,0011111110100101,0000100000000000
0x29a4,0x11a4,0001000110100100,0010100110100100,0011100000000000
0x19a3,0x01a3,0000000110100011,0001100110100011,0001100000000000
0x03a2,0xfba1,1111101110100001,0000001110100010,1111100000000011
0xefa0,0xe7a0,1110011110100000,1110111110100000,0000100000000000
0xd99f,0xc19f,1100000110011111,1101100110011111,0001100000000000
0xc59e,0xbd9e,1011110110011110,1100010110011110,0111100000000000
0xaf9d,0xa79d,1010011110011101,1010111110011101,0000100000000000
0x9b9c,0x839c,1000001110011100,1001101110011100,0001100000000000
0x899b,0x819b,1000000110011011,1000100110011011,0000100000000000
0x739a,0x6b9a,0110101110011010,0111001110011010,0001100000000000
0x5f99,0x4799,0100011110011001,0101111110011001,0001100000000000
0x4998,0x4198,0100000110011000,0100100110011000,0000100000000000
0x3597,0x2d97,0010110110010111,0011010110010111,0001100000000000
0x1f96,0x0796,0000011110010110,0001111110010110,0001100000000000
0x0b95,0xf394,1111001110010100,0000101110010101,1111100000000001
0xf993,0xf193,1111000110010011,1111100110010011,0000100000000000
0xe592,0xcd92,1100110110010010,1110010110010010,0010100000000000
0xcf91,0xb791,1011011110010001,1100111110010001,0111100000000000
0xbb90,0xb390,1011001110010000,1011101110010000,0000100000000000
0x918f,0x798f,0111100110001111,1001000110001111,1110100000000000
0x7b8e,0x738e,0111001110001110,0111101110001110,0000100000000000
0x678d,0x5f8d,0101111110001101,0110011110001101,0011100000000000
0x518c,0x398c,0011100110001100,0101000110001100,0110100000000000
0x3d8b,0x358b,0011010110001011,0011110110001011,0000100000000000
0x278a,0x1f8a,0001111110001010,0010011110001010,0011100000000000
0x1409,0xfc08,1111110000001000,0001010000001001,1110100000000001
0x0408,0xec07,1110110000000111,0000010000001000,1110100000001111
0xf006,0xe806,1110100000000110,1111000000000110,0001100000000000
0xc685,0xae85,1010111010000101,1100011010000101,0110100000000000
0x9e84,0x9684,1001011010000100,1001111010000100,0000100000000000
0x8883,0x7083,0111000010000011,1000100010000011,1111100000000000
0x7482,0x5c82,0101110010000010,0111010010000010,0010100000000000
0x6081,0x5881,0101100010000001,0110000010000001,0011100000000000
0x4c80,0x4480,0100010010000000,0100110010000000,0000100000000000
0x367f,0x1e7f,0001111001111111,0011011001111111,0010100000000000
0x227e,0x1a7e,0001101001111110,0010001001111110,0011100000000000
0x0e7d,0x067d,0000011001111101,0000111001111101,0000100000000000
0xfa7b,0xe27b,1110001001111011,1111101001111011,0001100000000000
0xd07a,0xc87a,1100100001111010,1101000001111010,0001100000000000
0xbc79,0xb479,1011010001111001,1011110001111001,0000100000000000
0xa878,0x9078,1001000001111000,1010100001111000,0011100000000000
0x9477,0x7c77,0111110001110111,1001010001110111,1110100000000000
0x7e76,0x7676,0111011001110110,0111111001110110,0000100000000000
0x6a75,0x5275,0101001001110101,0110101001110101,0011100000000000
0x5674,0x3e74,0011111001110100,0101011001110100,0110100000000000
0x4273,0x3a73,0011101001110011,0100001001110011,0111100000000000
0x2e72,0x2672,0010011001110010,0010111001110010,0000100000000000
0x1871,0x0071,0000000001110001,0001100001110001,0001100000000000
0x0470,0xec6f,1110110001101111,0000010001110000,1110100000011111
0xf06e,0xe86e,1110100001101110,1111000001101110,0001100000000000
0xdc6d,0xd46d,1101010001101101,1101110001101101,0000100000000000
0xc86c,0xb06c,1011000001101100,1100100001101100,0111100000000000
0xb26b,0xaa6b,1010101001101011,1011001001101011,0001100000000000
0x8a6a,0x726a,0111001001101010,1000101001101010,1111100000000000
0x7269,0x5a69,0101101001101001,0111001001101001,0010100000000000
0x6068,0x5868,0101100001101000,0110000001101000,0011100000000000
0x4867,0x4067,0100000001100111,0100100001100111,0000100000000000
0x3466,0x1c66,0001110001100110,0011010001100110,0010100000000000
0x2065,0x0865,0000100001100101,0010000001100101,0010100000000000
0x0a64,0x0264,0000001001100100,0000101001100100,0000100000000000
0xf5e2,0xdde2,1101110111100010,1111010111100010,0010100000000000
0xe1e1,0xc9e1,1100100111100001,1110000111100001,0010100000000000
0xcde0,0xc5e0,1100010111100000,1100110111100000,0000100000000000
0xb7df,0xafdf,1010111111011111,1011011111011111,0001100000000000
0xa3de,0x8bde,1000101111011110,1010001111011110,0010100000000000
0x8fdd,0x77dd,0111011111011101,1000111111011101,1111100000000000
0x7bdc,0x73dc,0111001111011100,0111101111011100,0000100000000000
0x65db,0x4ddb,0100110111011011,0110010111011011,0010100000000000
0x4e5a,0x365a,0011011001011010,0100111001011010,0111100000000000
0x3a59,0x3259,0011001001011001,0011101001011001,0000100000000000
0x2658,0x1e58,0001111001011000,0010011001011000,0011100000000000
0x1057,0xf856,1111100001010110,0001000001010111,1110100000000001
0xfc55,0xe455,1110010001010101,1111110001010101,0001100000000000
0xe854,0xe054,1110000001010100,1110100001010100,0000100000000000
0xd453,0xcc53,1100110001010011,1101010001010011,0001100000000000
0xba52,0xa252,1010001001010010,1011101001010010,0001100000000000
0xa651,0x9e51,1001111001010001,1010011001010001,0011100000000000
0x9250,0x8a50,1000101001010000,1001001001010000,0001100000000000
0x7e4f,0x664f,0110011001001111,0111111001001111,0001100000000000
0x6a4e,0x524e,0101001001001110,0110101001001110,0011100000000000
0x53cd,0x4bcd,0100101111001101,0101001111001101,0001100000000000
0x3f4c,0x374c,0011011101001100,0011111101001100,0000100000000000
0x294b,0x114b,0001000101001011,0010100101001011,0011100000000000
0x0eca,0x06ca,0000011011001010,0000111011001010,0000100000000000
0xfac8,0xf2c8,1111001011001000,1111101011001000,0000100000000000
0xe547,0xcd47,1100110101000111,1110010101000111,0010100000000000
0xd1c6,0xc9c6,1100100111000110,1101000111000110,0001100000000000
0xbdc5,0xb5c5,1011010111000101,1011110111000101,0000100000000000
0xaa44,0x9244,1001001001000100,1010101001000100,0011100000000000
0x9243,0x7a43,0111101001000011,1001001001000011,1110100000000000
0x7ec2,0x76c2,0111011011000010,0111111011000010,0000100000000000
0x6ac1,0x62c1,0110001011000001,0110101011000001,0000100000000000
0x56c0,0x3ec0,0011111011000000,0101011011000000,0110100000000000
0x3f3f,0x273f,0010011100111111,0011111100111111,0001100000000000
0x2b3e,0x233e,0010001100111110,0010101100111110,0000100000000000
0x173d,0x0f3d,0000111100111101,0001011100111101,0001100000000000
0x053c,0xfd3b,1111110100111011,0000010100111100,1111100000000111
0xf1ba,0xd9ba,1101100110111010,1111000110111010,0010100000000000
0xc7b9,0xbfb9,1011111110111001,1100011110111001,0111100000000000
0xb3b8,0xabb8,1010101110111000,1011001110111000,0001100000000000
0x9fb7,0x87b7,1000011110110111,1001111110110111,0001100000000000
0x8a36,0x7236,0111001000110110,1000101000110110,1111100000000000
0x7635,0x5e35,0101111000110101,0111011000110101,0010100000000000
0x5034,0x4834,0100100000110100,0101000000110100,0001100000000000
0x3e33,0x3633,0011011000110011,0011111000110011,0000100000000000
0x2832,0x1032,0001000000110010,0010100000110010,0011100000000000
0x02b1,0xeab0,1110101010110000,0000001010110001,1110100000000001
0xf0af,0xe8af,1110100010101111,1111000010101111,0001100000000000
0xd8ae,0xd0ae,1101000010101110,1101100010101110,0000100000000000
0xb52d,0x9d2d,1001110100101101,1011010100101101,0010100000000000
0x8d2c,0x752c,0111010100101100,1000110100101100,1111100000000000
0x672b,0x5f2b,0101111100101011,0110011100101011,0011100000000000
0x552a,0x4d2a,0100110100101010,0101010100101010,0001100000000000
0x3f29,0x3729,0011011100101001,0011111100101001,0000100000000000
0x2d28,0x1528,0001010100101000,0010110100101000,0011100000000000
0x0727,0xef26,1110111100100110,0000011100100111,1110100000000001
0xdf25,0xd725,1101011100100101,1101111100100101,0000100000000000
0xcda4,0xc5a4,1100010110100100,1100110110100100,0000100000000000
0xb7a3,0xafa3,1010111110100011,1011011110100011,0001100000000000
0xa5a2,0x8da2,1000110110100010,1010010110100010,0010100000000000
0x93a1,0x7ba1,0111101110100001,1001001110100001,1110100000000000
0x6ba0,0x53a0,0101001110100000,0110101110100000,0011100000000000
0x599f,0x519f,0101000110011111,0101100110011111,0000100000000000
0x481e,0x401e,0100000000011110,0100100000011110,0000100000000000
0x381d,0x301d,0011000000011101,0011100000011101,0000100000000000
0x229c,0x1a9c,0001101010011100,0010001010011100,0011100000000000
0x009b,0xf89a,1111100010011010,0000000010011011,1111100000000001
0xea99,0xd299,1101001010011001,1110101010011001,0011100000000000
0xd898,0xc098,1100000010011000,1101100010011000,0001100000000000
0xc897,0xb097,1011000010010111,1100100010010111,0111100000000000
0xb296,0x9a96,1001101010010110,1011001010010110,0010100000000000
0xa095,0x8895,1000100010010101,1010000010010101,0010100000000000
0x8e94,0x8694,1000011010010100,1000111010010100,0000100000000000
0x7a93,0x7293,0111001010010011,0111101010010011,0000100000000000
0x6892,0x6092,0110000010010010,0110100010010010,0000100000000000
0x5691,0x4e91,0100111010010001,0101011010010001,0001100000000000
0x3090,0x2890,0010100010010000,0011000010010000,0001100000000000
0x1e8f,0x068f,0000011010001111,0001111010001111,0001100000000000
0x0e8e,0xf68d,1111011010001101,0000111010001110,1111100000000011
0xe68c,0xce8c,1100111010001100,1110011010001100,0010100000000000
0xd48b,0xbc8b,1011110010001011,1101010010001011,0110100000000000
0xc08a,0xa88a,1010100010001010,1100000010001010,0110100000000000
0x9c89,0x9489,1001010010001001,1001110010001001,0000100000000000
0x7688,0x6e88,0110111010001000,0111011010001000,0001100000000000
0x6487,0x5c87,0101110010000111,0110010010000111,0011100000000000
0x5086,0x4886,0100100010000110,0101000010000110,0001100000000000
0x3e85,0x2685,0010011010000101,0011111010000101,0001100000000000
0x2e84,0x1684,0001011010000100,0010111010000100,0011100000000000
0x1883,0x0083,0000000010000011,0001100010000011,0001100000000000
0x0682,0xee81,1110111010000001,0000011010000010,1110100000000011
0xf680,0xde80,1101111010000000,1111011010000000,0010100000000000
0xe47f,0xcc7f,1100110001111111,1110010001111111,0010100000000000
0xce7e,0xc67e,1100011001111110,1100111001111110,0000100000000000
0xbe7d,0xb67d,1011011001111101,1011111001111101,0000100000000000
0x987c,0x907c,1001000001111100,1001100001111100,0000100000000000
0x86fb,0x7efb,0111111011111011,1000011011111011,1111100000000000
0x74fa,0x6cfa,0110110011111010,0111010011111010,0001100000000000
0x4ef9,0x36f9,0011011011111001,0100111011111001,0111100000000000
0x3ef8,0x26f8,0010011011111000,0011111011111000,0001100000000000
0x28f7,0x10f7,0001000011110111,0010100011110111,0011100000000000
0x18f6,0x00f6,0000000011110110,0001100011110110,0001100000000000
0x06f5,0xeef4,1110111011110100,0000011011110101,1110100000000001
0xf2f3,0xdaf3,1101101011110011,1111001011110011,0010100000000000
0xe0f2,0xc8f2,1100100011110010,1110000011110010,0010100000000000
0xbaf1,0xb2f1,1011001011110001,1011101011110001,0000100000000000
0x98f0,0x90f0,1001000011110000,1001100011110000,0000100000000000
0x84ef,0x7cef,0111110011101111,1000010011101111,1111100000000000
0x72ee,0x6aee,0110101011101110,0111001011101110,0001100000000000
0x5eed,0x56ed,0101011011101101,0101111011101101,0000100000000000
0x4cec,0x44ec,0100010011101100,0100110011101100,0000100000000000
0x3ceb,0x34eb,0011010011101011,0011110011101011,0000100000000000
0x26ea,0x0eea,0000111011101010,0010011011101010,0010100000000000
0x0469,0xec68,1110110001101000,0000010001101001,1110100000000001
0xee67,0xd667,1101011001100111,1110111001100111,0011100000000000
0xde66,0xc666,1100011001100110,1101111001100110,0001100000000000
0xb5e5,0xade5,1010110111100101,1011010111100101,0001100000000000
0xa3e4,0x9be4,1001101111100100,1010001111100100,0011100000000000
0x91e3,0x89e3,1000100111100011,1001000111100011,0001100000000000
0x6be2,0x63e2,0110001111100010,0110101111100010,0000100000000000
0x43e1,0x2be1,0010101111100001,0100001111100001,0110100000000000
0x31e0,0x19e0,0001100111100000,0011000111100000,0010100000000000
0x21df,0x09df,0000100111011111,0010000111011111,0010100000000000
0xf9dd,0xf1dd,1111000111011101,1111100111011101,0000100000000000
0xe3dc,0xdbdc,1101101111011100,1110001111011100,0011100000000000
0xd1db,0xc9db,1100100111011011,1101000111011011,0001100000000000
0xc1da,0xb9da,1011100111011010,1100000111011010,0111100000000000
0xabd9,0xa3d9,1010001111011001,1010101111011001,0000100000000000
0x99d8,0x81d8,1000000111011000,1001100111011000,0001100000000000
0x87d7,0x6fd7,0110111111010111,1000011111010111,1110100000000000
0x73d6,0x5bd6,0101101111010110,0111001111010110,0010100000000000
0x61d5,0x49d5,0100100111010101,0110000111010101,0010100000000000
0x4fd4,0x37d4,0011011111010100,0100111111010100,0111100000000000
0x3c53,0x2453,0010010001010011,0011110001010011,0001100000000000
0x2a52,0x2252,0010001001010010,0010101001010010,0000100000000000
0x0251,0xfa50,1111101001010000,0000001001010001,1111100000000001
0xee4f,0xe64f,1110011001001111,1110111001001111,0000100000000000
0xca4e,0xb24e,1011001001001110,1100101001001110,0111100000000000
0xb64d,0x9e4d,1001111001001101,1011011001001101,0010100000000000
0xa44c,0x8c4c,1000110001001100,1010010001001100,0010100000000000
0x944b,0x7c4b,0111110001001011,1001010001001011,1110100000000000
0x7e4a,0x664a,0110011001001010,0111111001001010,0001100000000000
0x6c49,0x5449,0101010001001001,0110110001001001,0011100000000000
0x5848,0x4048,0100000001001000,0101100001001000,0001100000000000
0x4647,0x3e47,0011111001000111,0100011001000111,0111100000000000
0x3646,0x2e46,0010111001000110,0011011001000110,0001100000000000
0x2045,0x1845,0001100001000101,0010000001000101,0011100000000000
0x1044,0x0844,0000100001000100,0001000001000100,0001100000000000
0xfe42,0xf642,1111011001000010,1111111001000010,0000100000000000
0xea41,0xe241,1110001001000001,1110101001000001,0000100000000000
0xd840,0xd040,1101000001000000,1101100001000000,0000100000000000
0xc43f,0xbc3f,1011110000111111,1100010000111111,0111100000000000
0xb23e,0x9a3e,1001101000111110,1011001000111110,0010100000000000
0x9e3d,0x863d,1000011000111101,1001111000111101,0001100000000000
0x8c3c,0x743c,0111010000111100,1000110000111100,1111100000000000
0x7c3b,0x643b,0110010000111011,0111110000111011,0001100000000000
0x663a,0x4e3a,0100111000111010,0110011000111010,0010100000000000
0x5639,0x3e39,0011111000111001,0101011000111001,0110100000000000
0x4238,0x2a38,0010101000111000,0100001000111000,0110100000000000
0x3037,0x1837,0001100000110111,0011000000110111,0010100000000000
0x2036,0x0836,0000100000110110,0010000000110110,0010100000000000
0x0c35,0xf434,1111010000110100,0000110000110101,1111100000000001
0xfa33,0xf233,1111001000110011,1111101000110011,0000100000000000
0xea32,0xe232,1110001000110010,1110101000110010,0000100000000000
0xd431,0xcc31,1100110000110001,1101010000110001,0001100000000000
0xc430,0xbc30,1011110000110000,1100010000110000,0111100000000000
0xb02f,0xa82f,1010100000101111,1011000000101111,0001100000000000
0x9e2e,0x962e,1001011000101110,1001111000101110,0000100000000000
0x8a2d,0x822d,1000001000101101,1000101000101101,0000100000000000
0x7a2c,0x722c,0111001000101100,0111101000101100,0000100000000000
0x682b,0x602b,0110000000101011,0110100000101011,0000100000000000
0x542a,0x4c2a,0100110000101010,0101010000101010,0001100000000000
0x4429,0x3c29,0011110000101001,0100010000101001,0111100000000000
0x2e28,0x1628,0001011000101000,0010111000101000,0011100000000000
0x1e27,0x0627,0000011000100111,0001111000100111,0001100000000000
0x0e26,0xf625,1111011000100101,0000111000100110,1111100000000011
0xf824,0xe024,1110000000100100,1111100000100100,0001100000000000
0xe823,0xd023,1101000000100011,1110100000100011,0011100000000000
0xd422,0xbc22,1011110000100010,1101010000100010,0110100000000000
0xc221,0xaa21,1010101000100001,1100001000100001,0110100000000000
0xae20,0x9620,1001011000100000,1010111000100000,0011100000000000
0x9e1f,0x861f,1000011000011111,1001111000011111,0001100000000000
0x8c1e,0x741e,0111010000011110,1000110000011110,1111100000000000
0x781d,0x601d,0110000000011101,0111100000011101,0001100000000000
0x681c,0x501c,0101000000011100,0110100000011100,0011100000000000
0x521b,0x4a1b,0100101000011011,0101001000011011,0001100000000000
0x421a,0x3a1a,0011101000011010,0100001000011010,0111100000000000
0x3219,0x2a19,0010101000011001,0011001000011001,0001100000000000
0x1c18,0x1418,0001010000011000,0001110000011000,0000100000000000
0x0c17,0x0417,0000010000010111,0000110000010111,0000100000000000
0xf815,0xf015,1111000000010101,1111100000010101,0000100000000000
0xe614,0xde14,1101111000010100,1110011000010100,0011100000000000
0xd213,0xca13,1100101000010011,1101001000010011,0001100000000000
0xc212,0xba12,1011101000010010,1100001000010010,0111100000000000
0xb011,0xa811,1010100000010001,1011000000010001,0001100000000000
0x9c10,0x9410,1001010000010000,1001110000010000,0000100000000000
0x8c8f,0x848f,1000010010001111,1000110010001111,0000100000000000
0x768e,0x5e8e,0101111010001110,0111011010001110,0010100000000000
0x668d,0x4e8d,0100111010001101,0110011010001101,0010100000000000
0x568c,0x3e8c,0011111010001100,0101011010001100,0110100000000000
0x408b,0x288b,0010100010001011,0100000010001011,0110100000000000
0x2c8a,0x148a,0001010010001010,0010110010001010,0011100000000000
0x1c89,0x0489,0000010010001001,0001110010001001,0001100000000000
0x0a88,0xf287,1111001010000111,0000101010001000,1111100000001111
0xf686,0xde86,1101111010000110,1111011010000110,0010100000000000
0xe685,0xce85,1100111010000101,1110011010000101,0010100000000000
0xd284,0xba84,1011101010000100,1101001010000100,0110100000000000
0xc083,0xa883,1010100010000011,1100000010000011,0110100000000000
0xb082,0x9882,1001100010000010,1011000010000010,0010100000000000
0x9c81,0x8481,1000010010000001,1001110010000001,0001100000000000
0x8c80,0x7480,0111010010000000,1000110010000000,1111100000000000
0x767f,0x6e7f,0110111001111111,0111011001111111,0001100000000000
0x667e,0x5e7e,0101111001111110,0110011001111110,0011100000000000
0x527d,0x4a7d,0100101001111101,0101001001111101,0001100000000000
0x427c,0x3a7c,0011101001111100,0100001001111100,0111100000000000
0x327b,0x2a7b,0010101001111011,0011001001111011,0001100000000000
0x1e7a,0x167a,0001011001111010,0001111001111010,0000100000000000
0x0e79,0x0679,0000011001111001,0000111001111001,0000100000000000
0xfa77,0xf277,1111001001110111,1111101001110111,0000100000000000
0xea76,0xe276,1110001001110110,1110101001110110,0000100000000000
0xd475,0xcc75,1100110001110101,1101010001110101,0001100000000000
0xc474,0xbc74,1011110001110100,1100010001110100,0111100000000000
0xb0f3,0xa8f3,1010100011110011,1011000011110011,0001100000000000
0xa0f2,0x98f2,1001100011110010,1010000011110010,0011100000000000
0x90f1,0x88f1,1000100011110001,1001000011110001,0001100000000000
0x7cf0,0x74f0,0111010011110000,0111110011110000,0000100000000000
0x6eef,0x66ef,0110011011101111,0110111011101111,0000100000000000
0x5aee,0x52ee,0101001011101110,0101101011101110,0000100000000000
0x4aed,0x42ed,0100001011101101,0100101011101101,0000100000000000
0x3aec,0x32ec,0011001011101100,0011101011101100,0000100000000000
0x26eb,0x1eeb,0001111011101011,0010011011101011,0011100000000000
0x16ea,0x0eea,0000111011101010,0001011011101010,0001100000000000
0x02e9,0xfae8,1111101011101000,0000001011101001,1111100000000001
0xf2e7,0xeae7,1110101011100111,1111001011100111,0001100000000000
0xdee6,0xd6e6,1101011011100110,1101111011100110,0000100000000000
0xcee5,0xc6e5,1100011011100101,1100111011100101,0000100000000000
0xbce4,0xa4e4,1010010011100100,1011110011100100,0001100000000000
0xace3,0x94e3,1001010011100011,1010110011100011,0011100000000000
0x9ce2,0x84e2,1000010011100010,1001110011100010,0001100000000000
0x88e1,0x70e1,0111000011100001,1000100011100001,1111100000000000
0x78e0,0x60e0,0110000011100000,0111100011100000,0001100000000000
0x66df,0x4edf,0100111011011111,0110011011011111,0010100000000000
0x56de,0x3ede,0011111011011110,0101011011011110,0110100000000000
0x42dd,0x2add,0010101011011101,0100001011011101,0110100000000000
0x32dc,0x1adc,0001101011011100,0011001011011100,0010100000000000
0x24db,0x0cdb,0000110011011011,0010010011011011,0010100000000000
0x10da,0xf8d9,1111100011011001,0001000011011010,1110100000000011
0x00d9,0xe8d8,1110100011011000,0000000011011001,1110100000000001
0xeed7,0xd6d7,1101011011010111,1110111011010111,0011100000000000
0xdf56,0xc756,1100011101010110,1101111101010110,0001100000000000
0xcd55,0xc555,1100010101010101,1100110101010101,0000100000000000
0xbd54,0xb554,1011010101010100,1011110101010100,0000100000000000
0xab53,0xa353,1010001101010011,1010101101010011,0000100000000000
0x9b52,0x9352,1001001101010010,1001101101010010,0000100000000000
0x8b51,0x8351,1000001101010001,1000101101010001,0000100000000000
0x7950,0x7150,0111000101010000,0111100101010000,0000100000000000
0x6b4f,0x634f,0110001101001111,0110101101001111,0000100000000000
0x574e,0x4f4e,0100111101001110,0101011101001110,0001100000000000
0x494d,0x314d,0011000101001101,0100100101001101,0111100000000000
0x394c,0x214c,0010000101001100,0011100101001100,0001100000000000
0x274b,0x0f4b,0000111101001011,0010011101001011,0010100000000000
0x194a,0x014a,0000000101001010,0001100101001010,0001100000000000
0x0549,0xed48,1110110101001000,0000010101001001,1110100000000001
0xf747,0xdf47,1101111101000111,1111011101000111,0010100000000000
0xe546,0xdd46,1101110101000110,1110010101000110,0011100000000000
0xd545,0xcd45,1100110101000101,1101010101000101,0001100000000000
0xc744,0xbf44,1011111101000100,1100011101000100,0111100000000000
0xb543,0xad43,1010110101000011,1011010101000011,0001100000000000
0xa542,0x9d42,1001110101000010,1010010101000010,0011100000000000
0x9341,0x8b41,1000101101000001,1001001101000001,0001100000000000
0x8540,0x6d40,0110110101000000,1000010101000000,1110100000000000
0x753f,0x5d3f,0101110100111111,0111010100111111,0010100000000000
0x633e,0x4b3e,0100101100111110,0110001100111110,0010100000000000
0x533d,0x3b3d,0011101100111101,0101001100111101,0110100000000000
0x44bc,0x2cbc,0010110010111100,0100010010111100,0110100000000000
0x313b,0x193b,0001100100111011,0011000100111011,0010100000000000
0x233a,0x0b3a,0000101100111010,0010001100111010,0010100000000000
0x11b9,0x09b9,0000100110111001,0001000110111001,0001100000000000
0x0338,0xfb37,1111101100110111,0000001100111000,1111100000001111
0xef36,0xe736,1110011100110110,1110111100110110,0000100000000000
0xe135,0xd935,1101100100110101,1110000100110101,0011100000000000
0xd334,0xcb34,1100101100110100,1101001100110100,0001100000000000
0xc1b3,0xa9b3,1010100110110011,1100000110110011,0110100000000000
0xb3b2,0x9bb2,1001101110110010,1011001110110010,0010100000000000
0xa1b1,0x89b1,1000100110110001,1010000110110001,0010100000000000
0x93b0,0x7bb0,0111101110110000,1001001110110000,1110100000000000
0x85af,0x7daf,0111110110101111,1000010110101111,1111100000000000
0x73ae,0x6bae,0110101110101110,0111001110101110,0001100000000000
0x662c,0x7e2c,0111111000101100,0110011000101100,0001100000000000
0x582b,0x702b,0111000000101011,0101100000101011,0010100000000000
0x462a,0x4e2a,0100111000101010,0100011000101010,0000100000000000
0x3829,0x4029,0100000000101001,0011100000101001,0111100000000000
0x2a28,0x3228,0011001000101000,0010101000101000,0001100000000000
0x1827,0x2027,0010000000100111,0001100000100111,0011100000000000
0x0a26,0x2226,0010001000100110,0000101000100110,0010100000000000
0xf824,0x1025,0001000000100101,1111100000100100,1110100000000001
0xea23,0x0224,0000001000100100,1110101000100011,1110100000000111
0xd822,0xf022,1111000000100010,1101100000100010,0010100000000000
0xcaa1,0xd2a1,1101001010100001,1100101010100001,0001100000000000
0xb9a1,0xa1a1,1010000110100001,1011100110100001,0001100000000000
0xa7a0,0x8fa0,1000111110100000,1010011110100000,0010100000000000
0x979f,0x7f9f,0111111110011111,1001011110011111,1110100000000000
0x891e,0x711e,0111000100011110,1000100100011110,1111100000000000
0x751d,0x5d1d,0101110100011101,0111010100011101,0010100000000000
0x671c,0x4f1c,0100111100011100,0110011100011100,0010100000000000
0x591b,0x511b,0101000100011011,0101100100011011,0000100000000000
0x459a,0x3d9a,0011110110011010,0100010110011010,0111100000000000
0x3799,0x2f99,0010111110011001,0011011110011001,0001100000000000
0x2798,0x1f98,0001111110011000,0010011110011000,0011100000000000
0x1616,0x2e16,0010111000010110,0001011000010110,0011100000000000
0x0815,0x2015,0010000000010101,0000100000010101,0010100000000000
0xf813,0x1014,0001000000010100,1111100000010011,1110100000000111
0xe692,0xee92,1110111010010010,1110011010010010,0000100000000000
0xd891,0xe091,1110000010010001,1101100010010001,0011100000000000
0xc690,0xce90,1100111010010000,1100011010010000,0000100000000000
0xb68f,0xbe8f,1011111010001111,1011011010001111,0000100000000000
0xa88e,0xb08e,1011000010001110,1010100010001110,0001100000000000
0x968d,0xae8d,1010111010001101,1001011010001101,0011100000000000
0x890c,0xa10c,1010000100001100,1000100100001100,0010100000000000
0x7b0b,0x930b,1001001100001011,0111101100001011,1110100000000000
0x698a,0x818a,1000000110001010,0110100110001010,1110100000000000
0x5b89,0x6389,0110001110001001,0101101110001001,0011100000000000
0x4d88,0x5588,0101010110001000,0100110110001000,0001100000000000
0x3c07,0x4407,0100010000000111,0011110000000111,0111100000000000
0x3006,0x4806,0100100000000110,0011000000000110,0111100000000000
0x2285,0x3a85,0011101010000101,0010001010000101,0001100000000000
0x1284,0x2a84,0010101010000100,0001001010000100,0011100000000000
0x0503,0x0d03,0000110100000011,0000010100000011,0000100000000000
0xf901,0x0102,0000000100000010,1111100100000001,1111100000000011
0xe700,0xef00,1110111100000000,1110011100000000,0000100000000000
0xdaff,0xf2ff,1111001011111111,1101101011111111,0010100000000000
0xccfe,0xe4fe,1110010011111110,1100110011111110,0010100000000000
0xbcfd,0xc4fd,1100010011111101,1011110011111101,0111100000000000
0xb0fc,0xb8fc,1011100011111100,1011000011111100,0000100000000000
0xa2fb,0xaafb,1010101011111011,1010001011111011,0000100000000000
0x96fa,0xaefa,1010111011111010,1001011011111010,0011100000000000
0x86f9,0x9ef9,1001111011111001,1000011011111001,0001100000000000
0x78f8,0x80f8,1000000011111000,0111100011111000,1111100000000000
0x6cf7,0x74f7,0111010011110111,0110110011110111,0001100000000000
0x5cf6,0x74f6,0111010011110110,0101110011110110,0010100000000000
0x4ef5,0x66f5,0110011011110101,0100111011110101,0010100000000000
0x42f4,0x5af4,0101101011110100,0100001011110100,0001100000000000
0x32f3,0x3af3,0011101011110011,0011001011110011,0000100000000000
0x26f2,0x2ef2,0010111011110010,0010011011110010,0000100000000000
0x18f1,0x30f1,0011000011110001,0001100011110001,0010100000000000
0x0cf0,0x24f0,0010010011110000,0000110011110000,0010100000000000
0xfcee,0x04ef,0000010011101111,1111110011101110,1111100000000001
0xf0ed,0xf8ed,1111100011101101,1111000011101101,0000100000000000
0xe4ec,0xfcec,1111110011101100,1110010011101100,0001100000000000
0xd8eb,0xf0eb,1111000011101011,1101100011101011,0010100000000000
0xc8ea,0xd0ea,1101000011101010,1100100011101010,0001100000000000
0xbce9,0xc4e9,1100010011101001,1011110011101001,0111100000000000
0xb0e8,0xc8e8,1100100011101000,1011000011101000,0111100000000000
0xa4e7,0xbce7,1011110011100111,1010010011100111,0001100000000000
0x94e6,0x9ce6,1001110011100110,1001010011100110,0000100000000000
0x88e5,0x90e5,1001000011100101,1000100011100101,0001100000000000
0x7ce4,0x94e4,1001010011100100,0111110011100100,1110100000000000
0x6d63,0x8563,1000010101100011,0110110101100011,1110100000000000
0x6162,0x6962,0110100101100010,0110000101100010,0000100000000000
0x5561,0x5d61,0101110101100001,0101010101100001,0000100000000000
0x4960,0x6160,0110000101100000,0100100101100000,0010100000000000
0x3f5f,0x575f,0101011101011111,0011111101011111,0110100000000000
0x2f5e,0x375e,0011011101011110,0010111101011110,0001100000000000
0x235d,0x2b5d,0010101101011101,0010001101011101,0000100000000000
0x175c,0x2f5c,0010111101011100,0001011101011100,0011100000000000
0x0b5b,0x235b,0010001101011011,0000101101011011,0010100000000000
0x015a,0x095a,0000100101011010,0000000101011010,0000100000000000
0xf158,0x0959,0000100101011001,1111000101011000,1111100000000001
0xe557,0xfd57,1111110101010111,1110010101010111,0001100000000000
0xd956,0xe156,1110000101010110,1101100101010110,0011100000000000
0xcf55,0xd755,1101011101010101,1100111101010101,0001100000000000
0xc354,0xdb54,1101101101010100,1100001101010100,0001100000000000
0xb353,0xcb53,1100101101010011,1011001101010011,0111100000000000
0xa752,0xaf52,1010111101010010,1010011101010010,0000100000000000
0x9d51,0xb551,1011010101010001,1001110101010001,0010100000000000
0x9150,0xa950,1010100101010000,1001000101010000,0011100000000000
0x854f,0x8d4f,1000110101001111,1000010101001111,0000100000000000
0x7b4e,0x834e,1000001101001110,0111101101001110,1111100000000000
0x6b4d,0x834d,1000001101001101,0110101101001101,1110100000000000
0x5f4c,0x774c,0111011101001100,0101111101001100,0010100000000000
0x534b,0x5b4b,0101101101001011,0101001101001011,0000100000000000
0x494a,0x614a,0110000101001010,0100100101001010,0010100000000000
0x3d49,0x5549,0101010101001001,0011110101001001,0110100000000000
0x3148,0x3948,0011100101001000,0011000101001000,0000100000000000
0x2347,0x2b47,0010101101000111,0010001101000111,0000100000000000
0x1b46,0x3346,0011001101000110,0001101101000110,0010100000000000
0x0b45,0x2345,0010001101000101,0000101101000101,0010100000000000
0xff43,0x0744,0000011101000100,1111111101000011,1111100000000111
0xf542,0x0d43,0000110101000011,1111010101000010,1111100000000001
0xe941,0x0142,0000000101000010,1110100101000001,1110100000000011
0xdd40,0xe540,1110010101000000,1101110101000000,0011100000000000
0xd13f,0xd93f,1101100100111111,1101000100111111,0000100000000000
0xc73e,0xdf3e,1101111100111110,1100011100111110,0001100000000000
0xb73d,0xcf3d,1100111100111101,1011011100111101,0111100000000000
0xab3c,0xb33c,1011001100111100,1010101100111100,0001100000000000
0x9f3b,0xa73b,1010011100111011,1001111100111011,0011100000000000
0x953a,0xad3a,1010110100111010,1001010100111010,0011100000000000
0x8939,0x9139,1001000100111001,1000100100111001,0001100000000000
0x7d38,0x8538,1000010100111000,0111110100111000,1111100000000000
0x7137,0x8937,1000100100110111,0111000100110111,1111100000000000
0x6736,0x7f36,0111111100110110,0110011100110110,0001100000000000
0x5b35,0x6335,0110001100110101,0101101100110101,0011100000000000
0x4fb4,0x57b4,0101011110110100,0100111110110100,0001100000000000
0x45b3,0x5db3,0101110110110011,0100010110110011,0001100000000000
0x39b2,0x41b2,0100000110110010,0011100110110010,0111100000000000
0x29b1,0x31b1,0011000110110001,0010100110110001,0001100000000000
0x23b0,0x3bb0,0011101110110000,0010001110110000,0001100000000000
0x13af,0x2baf,0010101110101111,0001001110101111,0011100000000000
0x07ae,0x0fae,0000111110101110,0000011110101110,0000100000000000
0xfbac,0x03ad,0000001110101101,1111101110101100,1111100000000001
0xf1ab,0x09ac,0000100110101100,1111000110101011,1111100000000111
0xe5aa,0xedaa,1110110110101010,1110010110101010,0000100000000000
0xd9a9,0xe1a9,1110000110101001,1101100110101001,0011100000000000
0xcfa8,0xe7a8,1110011110101000,1100111110101000,0010100000000000
0xc3a7,0xdba7,1101101110100111,1100001110100111,0001100000000000
0xb7a6,0xbfa6,1011111110100110,1011011110100110,0000100000000000
0xada5,0xc5a5,1100010110100101,1010110110100101,0110100000000000
0xa1a4,0xb9a4,1011100110100100,1010000110100100,0001100000000000
0x95a3,0x9da3,1001110110100011,1001010110100011,0000100000000000
0x8ba2,0x93a2,1001001110100010,1000101110100010,0001100000000000
0x7fa1,0x97a1,1001011110100001,0111111110100001,1110100000000000
0x73a0,0x8ba0,1000101110100000,0111001110100000,1111100000000000
0x679f,0x6f9f,0110111110011111,0110011110011111,0000100000000000
0x5d9e,0x759e,0111010110011110,0101110110011110,0010100000000000
0x519d,0x699d,0110100110011101,0101000110011101,0011100000000000
0x459c,0x4d9c,0100110110011100,0100010110011100,0000100000000000
0x3b9b,0x439b,0100001110011011,0011101110011011,0111100000000000
0x2f9a,0x479a,0100011110011010,0010111110011010,0110100000000000
0x2399,0x3b99,0011101110011001,0010001110011001,0001100000000000
0x1998,0x2198,0010000110011000,0001100110011000,0011100000000000
0x0d97,0x2597,0010010110010111,0000110110010111,0010100000000000
0x0196,0x1996,0001100110010110,0000000110010110,0001100000000000
0xf794,0xff94,1111111110010100,1111011110010100,0000100000000000
0xef93,0xf793,1111011110010011,1110111110010011,0001100000000000
0xe592,0xfd92,1111110110010010,1110010110010010,0001100000000000
0xd991,0xe191,1110000110010001,1101100110010001,0011100000000000
0xcd90,0xd590,1101010110010000,1100110110010000,0001100000000000
0xc38f,0xdb8f,1101101110001111,1100001110001111,0001100000000000
0xb78e,0xcf8e,1100111110001110,1011011110001110,0111100000000000
0xab8d,0xb38d,1011001110001101,1010101110001101,0001100000000000
0xa18c,0xb98c,1011100110001100,1010000110001100,0001100000000000
0x958b,0xad8b,1010110110001011,1001010110001011,0011100000000000
0x8b8a,0x938a,1001001110001010,1000101110001010,0001100000000000
0x7f89,0x8789,1000011110001001,0111111110001001,1111100000000000
0x7388,0x8b88,1000101110001000,0111001110001000,1111100000000000
0x6d87,0x7587,0111010110000111,0110110110000111,0001100000000000
0x6186,0x6986,0110100110000110,0110000110000110,0000100000000000
0x5585,0x6d85,0110110110000101,0101010110000101,0011100000000000
0x4b84,0x6384,0110001110000100,0100101110000100,0010100000000000
0x3f83,0x4783,0100011110000011,0011111110000011,0111100000000000
0x3382,0x3b82,0011101110000010,0011001110000010,0000100000000000
0x2901,0x4101,0100000100000001,0010100100000001,0110100000000000
0x1d00,0x2500,0010010100000000,0001110100000000,0011100000000000
0x10ff,0x18ff,0001100011111111,0001000011111111,0000100000000000
0x08fe,0x20fe,0010000011111110,0000100011111110,0010100000000000
0xfefc,0x16fd,0001011011111101,1111111011111100,1110100000000001
0xf2fb,0xfafb,1111101011111011,1111001011111011,0000100000000000
0xe6fa,0xeefa,1110111011111010,1110011011111010,0000100000000000
0xdaf9,0xf2f9,1111001011111001,1101101011111001,0010100000000000
0xcef8,0xe6f8,1110011011111000,1100111011111000,0010100000000000
0xc4f7,0xccf7,1100110011110111,1100010011110111,0000100000000000
0xbcf6,0xd4f6,1101010011110110,1011110011110110,0110100000000000
0xb075,0xc875,1100100001110101,1011000001110101,0111100000000000
0xa474,0xac74,1010110001110100,1010010001110100,0000100000000000
0x9873,0xa073,1010000001110011,1001100001110011,0011100000000000
0x8c72,0xa472,1010010001110010,1000110001110010,0010100000000000
0x8071,0x9871,1001100001110001,1000000001110001,0001100000000000
0x7670,0x8e70,1000111001110000,0111011001110000,1111100000000000
0x69ef,0x71ef,0111000111101111,0110100111101111,0001100000000000
0x5dee,0x65ee,0110010111101110,0101110111101110,0011100000000000
0x51ed,0x69ed,0110100111101101,0101000111101101,0011100000000000
0x43ec,0x5bec,0101101111101100,0100001111101100,0001100000000000
0x3beb,0x43eb,0100001111101011,0011101111101011,0111100000000000
0x2f6a,0x376a,0011011101101010,0010111101101010,0001100000000000
0x2169,0x2969,0010100101101001,0010000101101001,0000100000000000
0x1568,0x2d68,0010110101101000,0001010101101000,0011100000000000
0x0767,0x1f67,0001111101100111,0000011101100111,0001100000000000
0xf965,0x1166,0001000101100110,1111100101100101,1110100000000011
0xf164,0xf964,1111100101100100,1111000101100100,0000100000000000
0xe2e3,0xeae3,1110101011100011,1110001011100011,0000100000000000
0xd4e2,0xdce2,1101110011100010,1101010011100010,0000100000000000
0xc6e1,0xdee1,1101111011100001,1100011011100001,0001100000000000
0xbce0,0xd4e0,1101010011100000,1011110011100000,0110100000000000
0xaedf,0xc6df,1100011011011111,1010111011011111,0110100000000000
0xa0de,0xb8de,1011100011011110,1010000011011110,0001100000000000
0x92dd,0x9add,1001101011011101,1001001011011101,0000100000000000
0x84dc,0x8cdc,1000110011011100,1000010011011100,0000100000000000
0x7adb,0x82db,1000001011011011,0111101011011011,1111100000000000
0x6cda,0x74da,0111010011011010,0110110011011010,0001100000000000
0x5ed9,0x76d9,0111011011011001,0101111011011001,0010100000000000
0x4ed8,0x66d8,0110011011011000,0100111011011000,0010100000000000
0x44d7,0x5cd7,0101110011010111,0100010011010111,0001100000000000
0x3656,0x4e56,0100111001010110,0011011001010110,0111100000000000
0x2855,0x4055,0100000001010101,0010100001010101,0110100000000000
0x1854,0x3054,0011000001010100,0001100001010100,0010100000000000
0x0a53,0x1253,0001001001010011,0000101001010011,0001100000000000
0xfe51,0x0652,0000011001010010,1111111001010001,1111100000000011
0xf050,0xf850,1111100001010000,1111000001010000,0000100000000000
0xe24f,0xea4f,1110101001001111,1110001001001111,0000100000000000
0xd64e,0xde4e,1101111001001110,1101011001001110,0000100000000000
0xc84d,0xd04d,1101000001001101,1100100001001101,0001100000000000
0xb84c,0xc04c,1100000001001100,1011100001001100,0111100000000000
0xaa4b,0xc24b,1100001001001011,1010101001001011,0110100000000000
0x9a4a,0xb24a,1011001001001010,1001101001001010,0010100000000000
0x9049,0xa849,1010100001001001,1001000001001001,0011100000000000
0x8048,0x9848,1001100001001000,1000000001001000,0001100000000000
0x7247,0x8a47,1000101001000111,0111001001000111,1111100000000000
0x6246,0x7a46,0111101001000110,0110001001000110,0001100000000000
0x57c5,0x6fc5,0110111111000101,0101011111000101,0011100000000000
0x4744,0x5f44,0101111101000100,0100011101000100,0001100000000000
0x36c4,0x2ec4,0010111011000100,0011011011000100,0001100000000000
0x2443,0x1c43,0001110001000011,0010010001000011,0011100000000000
0x17c2,0x0fc2,0000111111000010,0001011111000010,0001100000000000
0x04c1,0xfcc0,1111110011000000,0000010011000001,1111100000000001
0xf23f,0xea3f,1110101000111111,1111001000111111,0001100000000000
0xe03e,0xc83e,1100100000111110,1110000000111110,0010100000000000
0xd1bd,0xb9bd,1011100110111101,1101000110111101,0110100000000000
0xbfbc,0xa7bc,1010011110111100,1011111110111100,0001100000000000
0xadbb,0x95bb,1001010110111011,1010110110111011,0011100000000000
0x9bba,0x93ba,1001001110111010,1001101110111010,0000100000000000
0x8db9,0x85b9,1000010110111001,1000110110111001,0000100000000000
0x7bb8,0x73b8,0111001110111000,0111101110111000,0000100000000000
0x6bb7,0x63b7,0110001110110111,0110101110110111,0000100000000000
0x5a36,0x5236,0101001000110110,0101101000110110,0000100000000000
0x4835,0x3035,0011000000110101,0100100000110101,0111100000000000
0x3a34,0x2234,0010001000110100,0011101000110100,0001100000000000
0x2833,0x1033,0001000000110011,0010100000110011,0011100000000000
0x1632,0xfe31,1111111000110001,0001011000110010,1110100000000011
0x0631,0xee30,1110111000110000,0000011000110001,1110100000000001
0xf82f,0xf02f,1111000000101111,1111100000101111,0000100000000000
0xe62e,0xde2e,1101111000101110,1110011000101110,0011100000000000
0xd42d,0xcc2d,1100110000101101,1101010000101101,0001100000000000
0xc22c,0xba2c,1011101000101100,1100001000101100,0111100000000000
0xb22b,0xaa2b,1010101000101011,1011001000101011,0001100000000000
0xa42a,0x8c2a,1000110000101010,1010010000101010,0010100000000000
0x9229,0x7a29,0111101000101001,1001001000101001,1110100000000000
0x8028,0x6828,0110100000101000,1000000000101000,1110100000000000
0x6e27,0x5627,0101011000100111,0110111000100111,0011100000000000
0x6026,0x5826,0101100000100110,0110000000100110,0011100000000000
0x5025,0x4825,0100100000100101,0101000000100101,0001100000000000
0x3e24,0x3624,0011011000100100,0011111000100100,0000100000000000
0x2c23,0x2423,0010010000100011,0010110000100011,0000100000000000
0x1a22,0x1222,0001001000100010,0001101000100010,0000100000000000
0x0821,0xf020,1111000000100000,0000100000100001,1111100000000001
0xfa1f,0xe21f,1110001000011111,1111101000011111,0001100000000000
0xea1e,0xd21e,1101001000011110,1110101000011110,0011100000000000
0xd81d,0xc01d,1100000000011101,1101100000011101,0001100000000000
0xc61c,0xae1c,1010111000011100,1100011000011100,0110100000000000
0xb41b,0xac1b,1010110000011011,1011010000011011,0001100000000000
0xa61a,0x9e1a,1001111000011010,1010011000011010,0011100000000000
0x9419,0x8c19,1000110000011001,1001010000011001,0001100000000000
0x8418,0x7c18,0111110000011000,1000010000011000,1111100000000000
0x7217,0x6a17,0110101000010111,0111001000010111,0001100000000000
0x6416,0x4c16,0100110000010110,0110010000010110,0010100000000000
0x5215,0x3a15,0011101000010101,0101001000010101,0110100000000000
0x4014,0x2814,0010100000010100,0100000000010100,0110100000000000
0x2e13,0x1613,0001011000010011,0010111000010011,0011100000000000
0x1e12,0x0612,0000011000010010,0001111000010010,0001100000000000
0x0c11,0x0411,0000010000010001,0000110000010001,0000100000000000
0xfe0f,0xf60f,1111011000001111,1111111000001111,0000100000000000
0xec0e,0xe40e,1110010000001110,1110110000001110,0000100000000000
0xdc0d,0xd40d,1101010000001101,1101110000001101,0000100000000000
0xca0c,0xc20c,1100001000001100,1100101000001100,0000100000000000
0xb80b,0xa00b,1010000000001011,1011100000001011,0001100000000000
0xa60a,0x8e0a,1000111000001010,1010011000001010,0010100000000000
0x9a09,0x8209,1000001000001001,1001101000001001,0001100000000000
0x8808,0x7008,0111000000001000,1000100000001000,1111100000000000
0x7607,0x5e07,0101111000000111,0111011000000111,0010100000000000
0x6406,0x5c06,0101110000000110,0110010000000110,0011100000000000
0x5405,0x4c05,0100110000000101,0101010000000101,0001100000000000
0x4284,0x3a84,0011101010000100,0100001010000100,0111100000000000
0x3483,0x2c83,0010110010000011,0011010010000011,0001100000000000
0x2282,0x1a82,0001101010000010,0010001010000010,0011100000000000
0x1281,0x0a81,0000101010000001,0001001010000001,0001100000000000
0x0080,0xe87f,1110100001111111,0000000010000000,1110100011111111
0xee7e,0xd67e,1101011001111110,1110111001111110,0011100000000000
0xde7d,0xc67d,1100011001111101,1101111001111101,0001100000000000
0xd07c,0xb87c,1011100001111100,1101000001111100,0110100000000000
0xc07b,0xa87b,1010100001111011,1100000001111011,0110100000000000
0xae7a,0x967a,1001011001111010,1010111001111010,0011100000000000
0x9c79,0x9479,1001010001111001,1001110001111001,0000100000000000
0x8c78,0x8478,1000010001111000,1000110001111000,0000100000000000
0x7a77,0x7277,0111001001110111,0111101001110111,0000100000000000
0x6c76,0x6476,0110010001110110,0110110001110110,0000100000000000
0x5c75,0x5475,0101010001110101,0101110001110101,0000100000000000
0x4a74,0x4274,0100001001110100,0100101001110100,0000100000000000
0x3873,0x2073,0010000001110011,0011100001110011,0001100000000000
0x2872,0x1072,0001000001110010,0010100001110010,0011100000000000
0x1671,0xfe70,1111111001110000,0001011001110001,1110100000000001
0x0470,0xec6f,1110110001101111,0000010001110000,1110100000011111
0xf26e,0xda6e,1101101001101110,1111001001101110,0010100000000000
0xe66d,0xce6d,1100111001101101,1110011001101101,0010100000000000
0xd46c,0xcc6c,1100110001101100,1101010001101100,0001100000000000
0xc26b,0xba6b,1011101001101011,1100001001101011,0111100000000000
0xb1ea,0xa9ea,1010100111101010,1011000111101010,0001100000000000
0x9fe9,0x97e9,1001011111101001,1001111111101001,0000100000000000
0x8de8,0x85e8,1000010111101000,1000110111101000,0000100000000000
0x7be7,0x63e7,0110001111100111,0111101111100111,0001100000000000
0x6de6,0x55e6,0101010111100110,0110110111100110,0011100000000000
0x5de5,0x45e5,0100010111100101,0101110111100101,0001100000000000
0x4be4,0x33e4,0011001111100100,0100101111100100,0111100000000000
0x39e3,0x21e3,0010000111100011,0011100111100011,0001100000000000
0x27e2,0x1fe2,0001111111100010,0010011111100010,0011100000000000
0x17e1,0x0fe1,0000111111100001,0001011111100001,0001100000000000
0x05e0,0xfddf,1111110111011111,0000010111100000,1111100000111111
0xf3de,0xebde,1110101111011110,1111001111011110,0001100000000000
0xe5dd,0xdddd,1101110111011101,1110010111011101,0011100000000000
0xd5dc,0xcddc,1100110111011100,1101010111011100,0001100000000000
0xc3db,0xabdb,1010101111011011,1100001111011011,0110100000000000
0xb1da,0x99da,1001100111011010,1011000111011010,0010100000000000
0x9fd9,0x87d9,1000011111011001,1001111111011001,0001100000000000
0x8fd8,0x77d8,0111011111011000,1000111111011000,1111100000000000
0x7dd7,0x65d7,0110010111010111,0111110111010111,0001100000000000
0x6fd6,0x67d6,0110011111010110,0110111111010110,0000100000000000
0x5dd5,0x55d5,0101010111010101,0101110111010101,0000100000000000
0x4dd4,0x45d4,0100010111010100,0100110111010100,0000100000000000
0x3bd3,0x33d3,0011001111010011,0011101111010011,0000100000000000
0x29d2,0x21d2,0010000111010010,0010100111010010,0000100000000000
0x17d1,0xffd0,1111111111010000,0001011111010001,1110100000000001
0x05d0,0xedcf,1110110111001111,0000010111010000,1110100000011111
0xf5ce,0xddce,1101110111001110,1111010111001110,0010100000000000
0xe3cd,0xcbcd,1100101111001101,1110001111001101,0010100000000000
0xd1cc,0xb9cc,1011100111001100,1101000111001100,0110100000000000
0xbfcb,0xb7cb,1011011111001011,1011111111001011,0000100000000000
0xb1ca,0xa9ca,1010100111001010,1011000111001010,0001100000000000
0x9fc9,0x97c9,1001011111001001,1001111111001001,0000100000000000
0x8dc8,0x85c8,1000010111001000,1000110111001000,0000100000000000
0x7bc7,0x63c7,0110001111000111,0111101111000111,0001100000000000
0x6b46,0x5346,0101001101000110,0110101101000110,0011100000000000
0x5945,0x4145,0100000101000101,0101100101000101,0001100000000000
0x4744,0x2f44,0010111101000100,0100011101000100,0110100000000000
0x3543,0x1d43,0001110101000011,0011010101000011,0010100000000000
0x2342,0x1b42,0001101101000010,0010001101000010,0011100000000000
0x1141,0x0941,0000100101000001,0001000101000001,0001100000000000
0x0340,0xfb3f,1111101100111111,0000001101000000,1111100001111111
0xf13e,0xe93e,1110100100111110,1111000100111110,0001100000000000
0xdf3d,0xc73d,1100011100111101,1101111100111101,0001100000000000
0xcdbc,0xb5bc,1011010110111100,1100110110111100,0111100000000000
0xbbbb,0xa3bb,1010001110111011,1011101110111011,0001100000000000
0xa93a,0x913a,1001000100111010,1010100100111010,0011100000000000
0x9739,0x8f39,1000111100111001,1001011100111001,0001100000000000
0x8538,0x7d38,0111110100111000,1000010100111000,1111100000000000
0x7337,0x6b37,0110101100110111,0111001100110111,0001100000000000
0x6136,0x5936,0101100100110110,0110000100110110,0011100000000000
0x4f35,0x3735,0011011100110101,0100111100110101,0111100000000000
0x3d34,0x2534,0010010100110100,0011110100110100,0001100000000000
0x2b33,0x1333,0001001100110011,0010101100110011,0011100000000000
0x18b2,0x00b2,0000000010110010,0001100010110010,0001100000000000
0x06b1,0xfeb0,1111111010110000,0000011010110001,1111100000000001
0xf8af,0xf0af,1111000010101111,1111100010101111,0000100000000000
0xe6ae,0xdeae,1101111010101110,1110011010101110,0011100000000000
0xd2ad,0xbaad,1011101010101101,1101001010101101,0110100000000000
0xc0ac,0xa8ac,1010100010101100,1100000010101100,0110100000000000
0xaeab,0x96ab,1001011010101011,1010111010101011,0011100000000000
0x9caa,0x84aa,1000010010101010,1001110010101010,0001100000000000
0x8aa9,0x82a9,1000001010101001,1000101010101001,0000100000000000
0x78a8,0x70a8,0111000010101000,0111100010101000,0000100000000000
0x64a7,0x5ca7,0101110010100111,0110010010100111,0011100000000000
0x52a6,0x3aa6,0011101010100110,0101001010100110,0110100000000000
0x40a5,0x28a5,0010100010100101,0100000010100101,0110100000000000
0x2ea4,0x16a4,0001011010100100,0010111010100100,0011100000000000
0x1ca3,0x04a3,0000010010100011,0001110010100011,0001100000000000
0x08a2,0x00a2,0000000010100010,0000100010100010,0000100000000000
0xf6a0,0xeea0,1110111010100000,1111011010100000,0001100000000000
0xe49f,0xdc9f,1101110010011111,1110010010011111,0011100000000000
0xd21e,0xba1e,1011101000011110,1101001000011110,0110100000000000
0xbe1d,0xa61d,1010011000011101,1011111000011101,0001100000000000
0xac1c,0x941c,1001010000011100,1010110000011100,0011100000000000
0x9a1b,0x921b,1001001000011011,1001101000011011,0000100000000000
0x881a,0x801a,1000000000011010,1000100000011010,0000100000000000
0x7419,0x6c19,0110110000011001,0111010000011001,0001100000000000
0x6218,0x4a18,0100101000011000,0110001000011000,0010100000000000
0x5017,0x3817,0011100000010111,0101000000010111,0110100000000000
0x3c16,0x2416,0010010000010110,0011110000010110,0001100000000000
0x2a15,0x2215,0010001000010101,0010101000010101,0000100000000000
0x1814,0x1014,0001000000010100,0001100000010100,0000100000000000
0x0613,0xfe12,1111111000010010,0000011000010011,1111100000000001
0xf211,0xda11,1101101000010001,1111001000010001,0010100000000000
0xe010,0xc810,1100100000010000,1110000000010000,0010100000000000
0xce0f,0xb60f,1011011000001111,1100111000001111,0111100000000000
0xa80e,0xa00e,1010000000001110,1010100000001110,0000100000000000
0x960d,0x8e0d,1000111000001101,1001011000001101,0001100000000000
0x820c,0x6a0c,0110101000001100,1000001000001100,1110100000000000
0x700b,0x580b,0101100000001011,0111000000001011,0010100000000000
0x5e0a,0x460a,0100011000001010,0101111000001010,0001100000000000
0x4a09,0x4209,0100001000001001,0100101000001001,0000100000000000
0x3808,0x3008,0011000000001000,0011100000001000,0000100000000000
0x2607,0x1e07,0001111000000111,0010011000000111,0011100000000000
0x1206,0xfa05,1111101000000101,0001001000000110,1110100000000011
0x0005,0xe804,1110100000000100,0000000000000101,1110100000000001
0xee03,0xd603,1101011000000011,1110111000000011,0011100000000000
0xda02,0xd202,1101001000000010,1101101000000010,0000100000000000
0xc801,0xc001,1100000000000001,1100100000000001,0000100000000000
0xb600,0xae00,1010111000000000,1011011000000000,0001100000000000
0xa3ff,0x9bff,1001101111111111,1010001111111111,0011100000000000
0x907e,0x787e,0111100001111110,1001000001111110,1110100000000000
0x7e7d,0x667d,0110011001111101,0111111001111101,0001100000000000
0x6c7c,0x547c,0101010001111100,0110110001111100,0011100000000000
0x5a7b,0x527b,0101001001111011,0101101001111011,0000100000000000
0x45fa,0x3dfa,0011110111111010,0100010111111010,0111100000000000
0x3379,0x2b79,0010101101111001,0011001101111001,0001100000000000
0x1f78,0x0778,0000011101111000,0001111101111000,0001100000000000
0x0cf7,0xf4f6,1111010011110110,0000110011110111,1111100000000001
0xf8f5,0xf0f5,1111000011110101,1111100011110101,0000100000000000
0xe0f4,0xd8f4,1101100011110100,1110000011110100,0011100000000000
0xd0f3,0xb8f3,1011100011110011,1101000011110011,0110100000000000
0xba72,0xa272,1010001001110010,1011101001110010,0001100000000000
0xa671,0x8e71,1000111001110001,1010011001110001,0010100000000000
0x9270,0x8a70,1000101001110000,1001001001110000,0001100000000000
0x7def,0x75ef,0111010111101111,0111110111101111,0000100000000000
0x69ee,0x51ee,0101000111101110,0110100111101110,0011100000000000
0x55ed,0x3ded,0011110111101101,0101010111101101,0110100000000000
0x41ec,0x39ec,0011100111101100,0100000111101100,0111100000000000
0x2deb,0x25eb,0010010111101011,0010110111101011,0000100000000000
0x19ea,0x01ea,0000000111101010,0001100111101010,0001100000000000
0x0569,0xed68,1110110101101000,0000010101101001,1110100000000001
0xeb67,0xe367,1110001101100111,1110101101100111,0000100000000000
0xdb66,0xc366,1100001101100110,1101101101100110,0001100000000000
0xc365,0xab65,1010101101100101,1100001101100101,0110100000000000
0xaf64,0xa764,1010011101100100,1010111101100100,0000100000000000
0x9b63,0x9363,1001001101100011,1001101101100011,0000100000000000
0x8562,0x6d62,0110110101100010,1000010101100010,1110100000000000
0x7161,0x5961,0101100101100001,0111000101100001,0010100000000000
0x5ce0,0x54e0,0101010011100000,0101110011100000,0000100000000000
0x48df,0x40df,0100000011011111,0100100011011111,0000100000000000
0x2ede,0x16de,0001011011011110,0010111011011110,0011100000000000
0x1add,0x12dd,0001001011011101,0001101011011101,0000100000000000
0x06dc,0xfedb,1111111011011011,0000011011011100,1111100000000111
0xf2da,0xdada,1101101011011010,1111001011011010,0010100000000000
0xdcd9,0xc4d9,1100010011011001,1101110011011001,0001100000000000
0xc8d8,0xc0d8,1100000011011000,1100100011011000,0000100000000000
0xb2d7,0x9ad7,1001101011010111,1011001011010111,0010100000000000
0x9ed6,0x86d6,1000011011010110,1001111011010110,0001100000000000
0x86d5,0x7ed5,0111111011010101,1000011011010101,1111100000000000
0x70d4,0x68d4,0110100011010100,0111000011010100,0001100000000000
0x5cd3,0x44d3,0100010011010011,0101110011010011,0001100000000000
0x46d2,0x3ed2,0011111011010010,0100011011010010,0111100000000000
0x32d1,0x2ad1,0010101011010001,0011001011010001,0001100000000000
0x1ad0,0x02d0,0000001011010000,0001101011010000,0001100000000000
0x044f,0xec4e,1110110001001110,0000010001001111,1110100000000001
0xf04d,0xe84d,1110100001001101,1111000001001101,0001100000000000
0xda4c,0xc24c,1100001001001100,1101101001001100,0001100000000000
0xc64b,0xae4b,1010111001001011,1100011001001011,0110100000000000
0xac4a,0xa44a,1010010001001010,1010110001001010,0000100000000000
0x9849,0x9049,1001000001001001,1001100001001001,0000100000000000
0x8248,0x6a48,0110101001001000,1000001001001000,1110100000000000
0x6e47,0x6647,0110011001000111,0110111001000111,0000100000000000
0x5a46,0x5246,0101001001000110,0101101001000110,0000100000000000
0x4045,0x2845,0010100001000101,0100000001000101,0110100000000000
0x2c44,0x1444,0001010001000100,0010110001000100,0011100000000000
0x1643,0x0e43,0000111001000011,0001011001000011,0001100000000000
0x0242,0xea41,1110101001000001,0000001001000010,1110100000000011
0xe840,0xd040,1101000001000000,1110100001000000,0011100000000000
0xd4bf,0xccbf,1100110010111111,1101010010111111,0001100000000000
0xc03e,0xb83e,1011100000111110,1100000000111110,0111100000000000
0xaa3d,0x923d,1001001000111101,1010101000111101,0011100000000000
0x923c,0x8a3c,1000101000111100,1001001000111100,0001100000000000
0x7c3b,0x743b,0111010000111011,0111110000111011,0000100000000000
0x683a,0x503a,0101000000111010,0110100000111010,0011100000000000
0x5239,0x4a39,0100101000111001,0101001000111001,0001100000000000
0x3a38,0x3238,0011001000111000,0011101000111000,0000100000000000
0x2437,0x0c37,0000110000110111,0010010000110111,0010100000000000
0x1036,0xf835,1111100000110101,0001000000110110,1110100000000011
0xf634,0xee34,1110111000110100,1111011000110100,0001100000000000
0xe233,0xca33,1100101000110011,1110001000110011,0010100000000000
0xce32,0xb632,1011011000110010,1100111000110010,0111100000000000
0xb831,0xb031,1011000000110001,1011100000110001,0000100000000000
0xa030,0x9830,1001100000110000,1010000000110000,0011100000000000
0x8a2f,0x722f,0111001000101111,1000101000101111,1111100000000000
0x762e,0x6e2e,0110111000101110,0111011000101110,0001100000000000
0x5c2d,0x542d,0101010000101101,0101110000101101,0000100000000000
0x482c,0x302c,0011000000101100,0100100000101100,0111100000000000
0x342b,0x1c2b,0001110000101011,0011010000101011,0010100000000000
0x1a2a,0x122a,0001001000101010,0001101000101010,0000100000000000
0x0629,0xee28,1110111000101000,0000011000101001,1110100000000001
0xf027,0xd827,1101100000100111,1111000000100111,0010100000000000
0xd826,0xd026,1101000000100110,1101100000100110,0000100000000000
0xc225,0xaa25,1010101000100101,1100001000100101,0110100000000000
0xae24,0x9624,1001011000100100,1010111000100100,0011100000000000
0x9423,0x8c23,1000110000100011,1001010000100011,0001100000000000
0x7da2,0x65a2,0110010110100010,0111110110100010,0001100000000000
0x6921,0x5121,0101000100100001,0110100100100001,0011100000000000
0x4f20,0x4720,0100011100100000,0100111100100000,0000100000000000
0x391f,0x211f,0010000100011111,0011100100011111,0001100000000000
0x1f1e,0x071e,0000011100011110,0001111100011110,0001100000000000
0x0b9d,0x039d,0000001110011101,0000101110011101,0000100000000000
0xf61b,0xde1b,1101111000011011,1111011000011011,0010100000000000
0xde1a,0xc61a,1100011000011010,1101111000011010,0001100000000000
0xc899,0xc099,1100000010011001,1100100010011001,0000100000000000
0xb498,0xac98,1010110010011000,1011010010011000,0001100000000000
0x9c97,0x8497,1000010010010111,1001110010010111,0001100000000000
0x8916,0x7116,0111000100010110,1000100100010110,1111100000000000
0x7115,0x6915,0110100100010101,0111000100010101,0001100000000000
0x5b14,0x4314,0100001100010100,0101101100010100,0001100000000000
0x4313,0x2b13,0010101100010011,0100001100010011,0110100000000000
0x2f92,0x2792,0010011110010010,0010111110010010,0000100000000000
0x1b91,0x1391,0001001110010001,0001101110010001,0000100000000000
0x0390,0xeb8f,1110101110001111,0000001110010000,1110100000011111
0xf18e,0xd98e,1101100110001110,1111000110001110,0010100000000000
0xd98d,0xc18d,1100000110001101,1101100110001101,0001100000000000
0xc60c,0xbe0c,1011111000001100,1100011000001100,0111100000000000
0xb20b,0xaa0b,1010101000001011,1011001000001011,0001100000000000
0x9a0a,0x820a,1000001000001010,1001101000001010,0001100000000000
0x8609,0x6e09,0110111000001001,1000011000001001,1110100000000000
0x7008,0x6808,0110100000001000,0111000000001000,0001100000000000
0x5c07,0x5407,0101010000000111,0101110000000111,0000100000000000
0x4486,0x2c86,0010110010000110,0100010010000110,0110100000000000
0x3085,0x1885,0001100010000101,0011000010000101,0010100000000000
0x1a84,0x0284,0000001010000100,0001101010000100,0001100000000000
0x0683,0xfe82,1111111010000010,0000011010000011,1111100000000001
0xf281,0xea81,1110101010000001,1111001010000001,0001100000000000
0xdc80,0xc480,1100010010000000,1101110010000000,0001100000000000
0xc47f,0xac7f,1010110001111111,1100010001111111,0110100000000000
0xb27e,0x9a7e,1001101001111110,1011001001111110,0010100000000000
0x9e7d,0x967d,1001011001111101,1001111001111101,0000100000000000
0x867c,0x7e7c,0111111001111100,1000011001111100,1111100000000000
0x747b,0x5c7b,0101110001111011,0111010001111011,0010100000000000
0x5c7a,0x447a,0100010001111010,0101110001111010,0001100000000000
0x4af9,0x32f9,0011001011111001,0100101011111001,0111100000000000
0x32f8,0x2af8,0010101011111000,0011001011111000,0001100000000000
0x1ef7,0x16f7,0001011011110111,0001111011110111,0000100000000000
0x08f6,0xf0f5,1111000011110101,0000100011110110,1111100000000011
0xf4f4,0xdcf4,1101110011110100,1111010011110100,0010100000000000
0xdef3,0xc6f3,1100011011110011,1101111011110011,0001100000000000
0xcaf2,0xc2f2,1100001011110010,1100101011110010,0000100000000000
0xb4f1,0xacf1,1010110011110001,1011010011110001,0001100000000000
0xa0f0,0x88f0,1000100011110000,1010000011110000,0010100000000000
0x8aef,0x72ef,0111001011101111,1000101011101111,1111100000000000
0x76ee,0x5eee,0101111011101110,0111011011101110,0010100000000000
0x60ed,0x58ed,0101100011101101,0110000011101101,0011100000000000
0x4cec,0x44ec,0100010011101100,0100110011101100,0000100000000000
0x36eb,0x2eeb,0010111011101011,0011011011101011,0001100000000000
0x22ea,0x0aea,0000101011101010,0010001011101010,0010100000000000
0x0ce9,0xf4e8,1111010011101000,0000110011101001,1111100000000001
0xf8e7,0xf0e7,1111000011100111,1111100011100111,0000100000000000
0xe2e6,0xdae6,1101101011100110,1110001011100110,0011100000000000
0xb8e5,0xa0e5,1010000011100101,1011100011100101,0001100000000000
0xa2e4,0x8ae4,1000101011100100,1010001011100100,0010100000000000
0x8ee3,0x76e3,0111011011100011,1000111011100011,1111100000000000
0x78e2,0x70e2,0111000011100010,0111100011100010,0000100000000000
0x64e1,0x5ce1,0101110011100001,0110010011100001,0011100000000000
0x4ee0,0x46e0,0100011011100000,0100111011100000,0000100000000000
0x3adf,0x22df,0010001011011111,0011101011011111,0001100000000000
0x24de,0x0cde,0000110011011110,0010010011011110,0010100000000000
0x12dd,0xfadc,1111101011011100,0001001011011101,1110100000000001
0xfadb,0xf2db,1111001011011011,1111101011011011,0000100000000000
0xe4da,0xdcda,1101110011011010,1110010011011010,0011100000000000
0xd0d9,0xb8d9,1011100011011001,1101000011011001,0110100000000000
0xb6d8,0x9ed8,1001111011011000,1011011011011000,0010100000000000
0xa4d7,0x9cd7,1001110011010111,1010010011010111,0011100000000000
0x90d6,0x88d6,1000100011010110,1001000011010110,0001100000000000
0x7cd5,0x74d5,0111010011010101,0111110011010101,0000100000000000
0x66d4,0x5ed4,0101111011010100,0110011011010100,0011100000000000
0x50d3,0x38d3,0011100011010011,0101000011010011,0110100000000000
0x3cd2,0x24d2,0010010011010010,0011110011010010,0001100000000000
0x26d1,0x0ed1,0000111011010001,0010011011010001,0010100000000000
0x12d0,0x0ad0,0000101011010000,0001001011010000,0001100000000000
0xfcce,0xf4ce,1111010011001110,1111110011001110,0000100000000000
0xe8cd,0xd0cd,1101000011001101,1110100011001101,0011100000000000
0xd2cc,0xbacc,1011101011001100,1101001011001100,0110100000000000
0xbecb,0xa6cb,1010011011001011,1011111011001011,0001100000000000
0xa8ca,0xa0ca,1010000011001010,1010100011001010,0000100000000000
0x92c9,0x8ac9,1000101011001001,1001001011001001,0001100000000000
0x7ec8,0x76c8,0111011011001000,0111111011001000,0000100000000000
0x68c7,0x50c7,0101000011000111,0110100011000111,0011100000000000
0x50c6,0x38c6,0011100011000110,0101000011000110,0110100000000000
0x3ec5,0x26c5,0010011011000101,0011111011000101,0001100000000000
0x28c4,0x20c4,0010000011000100,0010100011000100,0000100000000000
0x14c3,0x0cc3,0000110011000011,0001010011000011,0001100000000000
0xfec1,0xf6c1,1111011011000001,1111111011000001,0000100000000000
0xe6c0,0xcec0,1100111011000000,1110011011000000,0010100000000000
0xd4bf,0xbcbf,1011110010111111,1101010010111111,0110100000000000
0xbcbe,0xb4be,1011010010111110,1011110010111110,0000100000000000
0xaabd,0xa2bd,1010001010111101,1010101010111101,0000100000000000
0x92bc,0x8abc,1000101010111100,1001001010111100,0001100000000000
0x7cbb,0x64bb,0110010010111011,0111110010111011,0001100000000000
0x6aba,0x52ba,0101001010111010,0110101010111010,0011100000000000
0x52b9,0x3ab9,0011101010111001,0101001010111001,0110100000000000
0x40b8,0x38b8,0011100010111000,0100000010111000,0111100000000000
0x28b7,0x20b7,0010000010110111,0010100010110111,0000100000000000
0x12b6,0x0ab6,0000101010110110,0001001010110110,0001100000000000
0xfeb4,0xe6b4,1110011010110100,1111111010110100,0001100000000000
0xe8b3,0xd0b3,1101000010110011,1110100010110011,0011100000000000
0xd2b2,0xbab2,1011101010110010,1101001010110010,0110100000000000
0xbeb1,0xb6b1,1011011010110001,1011111010110001,0000100000000000
0xa8b0,0xa0b0,1010000010110000,1010100010110000,0000100000000000
0x90af,0x78af,0111100010101111,1001000010101111,1110100000000000
0x7eae,0x66ae,0110011010101110,0111111010101110,0001100000000000
0x50ad,0x48ad,0100100010101101,0101000010101101,0001100000000000
0x3cac,0x34ac,0011010010101100,0011110010101100,0000100000000000
0x26ab,0x1eab,0001111010101011,0010011010101011,0011100000000000
0x10aa,0xf8a9,1111100010101001,0001000010101010,1110100000000011
0xe6a8,0xcea8,1100111010101000,1110011010101000,0010100000000000
0xcea7,0xc6a7,1100011010100111,1100111010100111,0000100000000000
0xbca6,0xb4a6,1011010010100110,1011110010100110,0000100000000000
0xa4a5,0x8ca5,1000110010100101,1010010010100101,0010100000000000
0x8ea4,0x76a4,0111011010100100,1000111010100100,1111100000000000
0x7ca3,0x64a3,0110010010100011,0111110010100011,0001100000000000
0x64a2,0x5ca2,0101110010100010,0110010010100010,0011100000000000
0x4ea1,0x46a1,0100011010100001,0100111010100001,0000100000000000
0x3aa0,0x32a0,0011001010100000,0011101010100000,0000100000000000
0x249f,0x0c9f,0000110010011111,0010010010011111,0010100000000000
0x0c9e,0xf49d,1111010010011101,0000110010011110,1111100000000011
0xfb1c,0xe31c,1110001100011100,1111101100011100,0001100000000000
0xe49b,0xdc9b,1101110010011011,1110010010011011,0011100000000000
0xcc9a,0xc49a,1100010010011010,1100110010011010,0000100000000000
0xb699,0xae99,1010111010011001,1011011010011001,0001100000000000
0xa298,0x8a98,1000101010011000,1010001010011000,0010100000000000
0x8c97,0x7497,0111010010010111,1000110010010111,1111100000000000
0x7516,0x6d16,0110110100010110,0111010100010110,0001100000000000
0x5f15,0x5715,0101011100010101,0101111100010101,0000100000000000
0x4d14,0x4514,0100010100010100,0100110100010100,0000100000000000
0x3493,0x1c93,0001110010010011,0011010010010011,0010100000000000
0x1e92,0x0692,0000011010010010,0001111010010010,0001100000000000
0x0a91,0xf290,1111001010010000,0000101010010001,1111100000000001
0xf48f,0xec8f,1110110010001111,1111010010001111,0001100000000000
0xdd0e,0xd50e,1101010100001110,1101110100001110,0000100000000000
0xc70d,0xbf0d,1011111100001101,1100011100001101,0111100000000000
0xb48c,0x9c8c,1001110010001100,1011010010001100,0010100000000000
0x9d0b,0x850b,1000010100001011,1001110100001011,0001100000000000
0x870a,0x6f0a,0110111100001010,1000011100001010,1110100000000000
0x7509,0x6d09,0110110100001001,0111010100001001,0001100000000000
0x5d08,0x5508,0101010100001000,0101110100001000,0000100000000000
0x4707,0x3f07,0011111100000111,0100011100000111,0111100000000000
0x2f06,0x1706,0001011100000110,0010111100000110,0011100000000000
0x1d05,0x0505,0000010100000101,0001110100000101,0001100000000000
0x0704,0xef03,1110111100000011,0000011100000100,1110100000000111
0xee82,0xe682,1110011010000010,1110111010000010,0000100000000000
0xd881,0xd081,1101000010000001,1101100010000001,0000100000000000
0xc080,0xa880,1010100010000000,1100000010000000,0110100000000000
0xae7f,0x967f,1001011001111111,1010111001111111,0011100000000000
0x987e,0x807e,1000000001111110,1001100001111110,0001100000000000
0x807d,0x787d,0111100001111101,1000000001111101,1111100000000000
0x6e7c,0x667c,0110011001111100,0110111001111100,0000100000000000
0x567b,0x4e7b,0100111001111011,0101011001111011,0001100000000000
0x407a,0x287a,0010100001111010,0100000001111010,0110100000000000
0x2879,0x1079,0001000001111001,0010100001111001,0011100000000000
0x1278,0xfa77,1111101001110111,0001001001111000,1110100000001111
0xfc76,0xf476,1111010001110110,1111110001110110,0000100000000000
0x3d3a,0x253a,0010010100111010,0011110100111010,0001100000000000
0x0000,0xd6cc,1101011011001100,0000000000000000,1101011011001100
0x0000,0x7f1f,0111111100011111,0000000000000000,0111111100011111
0x0000,0x7f1f,0111111100011111,0000000000000000,0111111100011111
0x55a6,0xd585,1101010110000101,0101010110100110,1000000000100011
0x3fa5,0xbf84,1011111110000100,0011111110100101,1000000000100001
0x29a4,0xa983,1010100110000011,0010100110100100,1000000000100111
0x19a3,0x9982,1001100110000010,0001100110100011,1000000000100001
0x03a2,0x8381,1000001110000001,0000001110100010,1000000000100011
0xefa0,0x6f80,0110111110000000,1110111110100000,1000000000100000
0xd99f,0x597f,0101100101111111,1101100110011111,1000000011100000
0xc59e,0x457e,0100010101111110,1100010110011110,1000000011100000
0xaf9d,0x2f7d,0010111101111101,1010111110011101,1000000011100000
0x9b9c,0x1b7c,0001101101111100,1001101110011100,1000000011100000
0x899b,0x097b,0000100101111011,1000100110011011,1000000011100000
0x739a,0xf379,1111001101111001,0111001110011010,1000000011100011
0x5f99,0xdf78,1101111101111000,0101111110011001,1000000011100001
0x4998,0xc977,1100100101110111,0100100110011000,1000000011101111
0x3597,0xb576,1011010101110110,0011010110010111,1000000011100001
0x1f96,0x9f75,1001111101110101,0001111110010110,1000000011100011
0x0b95,0x8b74,1000101101110100,0000101110010101,1000000011100001
0xf993,0x7973,0111100101110011,1111100110010011,1000000011100000
0xe592,0x6572,0110010101110010,1110010110010010,1000000011100000
0xcf91,0x4f71,0100111101110001,1100111110010001,1000000011100000
0xbb90,0x3b70,0011101101110000,1011101110010000,1000000011100000
0x918f,0x116f,0001000101101111,1001000110001111,1000000011100000
0x7b8e,0xfb6d,1111101101101101,0111101110001110,1000000011100011
0x678d,0xe76c,1110011101101100,0110011110001101,1000000011100001
0x518c,0xd16b,1101000101101011,0101000110001100,1000000011100111
0x3d8b,0xbd6a,1011110101101010,0011110110001011,1000000011100001
0x278a,0xa769,1010011101101001,0010011110001010,1000000011100011
0x1409,0x93e8,1001001111101000,0001010000001001,1000011111100001
0x0408,0x83e7,1000001111100111,0000010000001000,1000011111101111
0xf006,0x6fe6,0110111111100110,1111000000000110,1001111111100000
0xc685,0x4665,0100011001100101,1100011010000101,1000000011100000
0x9e84,0x1e64,0001111001100100,1001111010000100,1000000011100000
0x8883,0x0863,0000100001100011,1000100010000011,1000000011100000
0x7482,0xf461,1111010001100001,0111010010000010,1000000011100011
0x6081,0xe060,1110000001100000,0110000010000001,1000000011100001
0x4c80,0xcc5f,1100110001011111,0100110010000000,1000000011011111
0x367f,0xb65e,1011011001011110,0011011001111111,1000000000100001
0x227e,0xa25d,1010001001011101,0010001001111110,1000000000100011
0x0e7d,0x8e5c,1000111001011100,0000111001111101,1000000000100001
0xfa7b,0x7a5b,0111101001011011,1111101001111011,1000000000100000
0xd07a,0x505a,0101000001011010,1101000001111010,1000000000100000
0xbc79,0x3c59,0011110001011001,1011110001111001,1000000000100000
0xa878,0x2858,0010100001011000,1010100001111000,1000000000100000
0x9477,0x1457,0001010001010111,1001010001110111,1000000000100000
0x7e76,0xfe55,1111111001010101,0111111001110110,1000000000100011
0x6a75,0xea54,1110101001010100,0110101001110101,1000000000100001
0x5674,0xd653,1101011001010011,0101011001110100,1000000000100111
0x4273,0xc252,1100001001010010,0100001001110011,1000000000100001
0x2e72,0xae51,1010111001010001,0010111001110010,1000000000100011
0x1871,0x9850,1001100001010000,0001100001110001,1000000000100001
0x0470,0x844f,1000010001001111,0000010001110000,1000000000111111
0xf06e,0x704e,0111000001001110,1111000001101110,1000000000100000
0xdc6d,0x5c4d,0101110001001101,1101110001101101,1000000000100000
0xc86c,0x484c,0100100001001100,1100100001101100,1000000000100000
0xb26b,0x324b,0011001001001011,1011001001101011,1000000000100000
0x8a6a,0x0a4a,0000101001001010,1000101001101010,1000000000100000
0x7269,0xf248,1111001001001000,0111001001101001,1000000000100001
0x6068,0xe047,1110000001000111,0110000001101000,1000000000101111
0x4867,0xc846,1100100001000110,0100100001100111,1000000000100001
0x3466,0xb445,1011010001000101,0011010001100110,1000000000100011
0x2065,0xa044,1010000001000100,0010000001100101,1000000000100001
0x0a64,0x8a43,1000101001000011,0000101001100100,1000000000100111
0xf5e2,0x75c2,0111010111000010,1111010111100010,1000000000100000
0xe1e1,0x61c1,0110000111000001,1110000111100001,1000000000100000
0xcde0,0x4dc0,0100110111000000,1100110111100000,1000000000100000
0xb7df,0x37bf,0011011110111111,1011011111011111,1000000001100000
0xa3de,0x23be,0010001110111110,1010001111011110,1000000001100000
0x8fdd,0x0fbd,0000111110111101,1000111111011101,1000000001100000
0x7bdc,0xfbbb,1111101110111011,0111101111011100,1000000001100111
0x65db,0xe5ba,1110010110111010,0110010111011011,1000000001100001
0x4e5a,0xce39,1100111000111001,0100111001011010,1000000001100011
0x3a59,0xba38,1011101000111000,0011101001011001,1000000001100001
0x2658,0xa637,1010011000110111,0010011001011000,1000000001101111
0x1057,0x9036,1001000000110110,0001000001010111,1000000001100001
0xfc55,0x7c35,0111110000110101,1111110001010101,1000000001100000
0xe854,0x6834,0110100000110100,1110100001010100,1000000001100000
0xd453,0x5433,0101010000110011,1101010001010011,1000000001100000
0xba52,0x3a32,0011101000110010,1011101001010010,1000000001100000
0xa651,0x2631,0010011000110001,1010011001010001,1000000001100000
0x9250,0x1230,0001001000110000,1001001001010000,1000000001100000
0x7e4f,0xfe2e,1111111000101110,0111111001001111,1000000001100001
0x6a4e,0xea2d,1110101000101101,0110101001001110,1000000001100011
0x53cd,0xd3ac,1101001110101100,0101001111001101,1000000001100001
0x3f4c,0xbf2b,1011111100101011,0011111101001100,1000000001100111
0x294b,0xa92a,1010100100101010,0010100101001011,1000000001100001
0x0eca,0x8ea9,1000111010101001,0000111011001010,1000000001100011
0xfac8,0x7aa8,0111101010101000,1111101011001000,1000000001100000
0xe547,0x6527,0110010100100111,1110010101000111,1000000001100000
0xd1c6,0x51a6,0101000110100110,1101000111000110,1000000001100000
0xbdc5,0x3da5,0011110110100101,1011110111000101,1000000001100000
0xaa44,0x2a24,0010101000100100,1010101001000100,1000000001100000
0x9243,0x1223,0001001000100011,1001001001000011,1000000001100000
0x7ec2,0xfea1,1111111010100001,0111111011000010,1000000001100011
0x6ac1,0xeaa0,1110101010100000,0110101011000001,1000000001100001
0x56c0,0xd69f,1101011010011111,0101011011000000,1000000001011111
0x3f3f,0xbf1e,1011111100011110,0011111100111111,1000000000100001
0x2b3e,0xab1d,1010101100011101,0010101100111110,1000000000100011
0x173d,0x971c,1001011100011100,0001011100111101,1000000000100001
0x053c,0x851b,1000010100011011,0000010100111100,1000000000100111
0xf1ba,0x719a,0111000110011010,1111000110111010,1000000000100000
0xc7b9,0x4799,0100011110011001,1100011110111001,1000000000100000
0xb3b8,0x3398,0011001110011000,1011001110111000,1000000000100000
0x9fb7,0x1f97,0001111110010111,1001111110110111,1000000000100000
0x8a36,0x0a16,0000101000010110,1000101000110110,1000000000100000
0x7635,0xf614,1111011000010100,0111011000110101,1000000000100001
0x5034,0xd013,1101000000010011,0101000000110100,1000000000100111
0x3e33,0xbe12,1011111000010010,0011111000110011,1000000000100001
0x2832,0xa811,1010100000010001,0010100000110010,1000000000100011
0x02b1,0x8290,1000001010010000,0000001010110001,1000000000100001
0xf0af,0x708f,0111000010001111,1111000010101111,1000000000100000
0xd8ae,0x588e,0101100010001110,1101100010101110,1000000000100000
0xb52d,0x350d,0011010100001101,1011010100101101,1000000000100000
0x8d2c,0x0d0c,0000110100001100,1000110100101100,1000000000100000
0x672b,0xe70a,1110011100001010,0110011100101011,1000000000100001
0x552a,0xd509,1101010100001001,0101010100101010,1000000000100011
0x3f29,0xbf08,1011111100001000,0011111100101001,1000000000100001
0x2d28,0xad07,1010110100000111,0010110100101000,1000000000101111
0x0727,0x8706,1000011100000110,0000011100100111,1000000000100001
0xdf25,0x5f05,0101111100000101,1101111100100101,1000000000100000
0xcda4,0x4d84,0100110110000100,1100110110100100,1000000000100000
0xb7a3,0x3783,0011011110000011,1011011110100011,1000000000100000
0xa5a2,0x2582,0010010110000010,1010010110100010,1000000000100000
0x93a1,0x1381,0001001110000001,1001001110100001,1000000000100000
0x6ba0,0xeb7f,1110101101111111,0110101110100000,1000000011011111
0x599f,0xd97e,1101100101111110,0101100110011111,1000000011100001
0x481e,0xc7fd,1100011111111101,0100100000011110,1000111111100011
0x381d,0xb7fc,1011011111111100,0011100000011101,1000111111100001
0x229c,0xa27b,1010001001111011,0010001010011100,1000000011100111
0x009b,0x807a,1000000001111010,0000000010011011,1000000011100001
0xea99,0x6a79,0110101001111001,1110101010011001,1000000011100000
0xd898,0x5878,0101100001111000,1101100010011000,1000000011100000
0xc897,0x4877,0100100001110111,1100100010010111,1000000011100000
0xb296,0x3276,0011001001110110,1011001010010110,1000000011100000
0xa095,0x2075,0010000001110101,1010000010010101,1000000011100000
0x8e94,0x0e74,0000111001110100,1000111010010100,1000000011100000
0x7a93,0xfa72,1111101001110010,0111101010010011,1000000011100001
0x6892,0xe871,1110100001110001,0110100010010010,1000000011100011
0x5691,0xd670,1101011001110000,0101011010010001,1000000011100001
0x3090,0xb06f,1011000001101111,0011000010010000,1000000011111111
0x1e8f,0x9e6e,1001111001101110,0001111010001111,1000000011100001
0x0e8e,0x8e6d,1000111001101101,0000111010001110,1000000011100011
0xe68c,0x666c,0110011001101100,1110011010001100,1000000011100000
0xd48b,0x546b,0101010001101011,1101010010001011,1000000011100000
0xc08a,0x406a,0100000001101010,1100000010001010,1000000011100000
0x9c89,0x1c69,0001110001101001,1001110010001001,1000000011100000
0x7688,0xf667,1111011001100111,0111011010001000,1000000011101111
0x6487,0xe466,1110010001100110,0110010010000111,1000000011100001
0x5086,0xd065,1101000001100101,0101000010000110,1000000011100011
0x3e85,0xbe64,1011111001100100,0011111010000101,1000000011100001
0x2e84,0xae63,1010111001100011,0010111010000100,1000000011100111
0x1883,0x9862,1001100001100010,0001100010000011,1000000011100001
0x0682,0x8661,1000011001100001,0000011010000010,1000000011100011
0xf680,0x7660,0111011001100000,1111011010000000,1000000011100000
0xe47f,0x645f,0110010001011111,1110010001111111,1000000000100000
0xce7e,0x4e5e,0100111001011110,1100111001111110,1000000000100000
0xbe7d,0x3e5d,0011111001011101,1011111001111101,1000000000100000
0x987c,0x185c,0001100001011100,1001100001111100,1000000000100000
0x86fb,0x06db,0000011011011011,1000011011111011,1000000000100000
0x74fa,0xf4d9,1111010011011001,0111010011111010,1000000000100011
0x4ef9,0xced8,1100111011011000,0100111011111001,1000000000100001
0x3ef8,0xbed7,1011111011010111,0011111011111000,1000000000101111
0x28f7,0xa8d6,1010100011010110,0010100011110111,1000000000100001
0x18f6,0x98d5,1001100011010101,0001100011110110,1000000000100011
0x06f5,0x86d4,1000011011010100,0000011011110101,1000000000100001
0xf2f3,0x72d3,0111001011010011,1111001011110011,1000000000100000
0xe0f2,0x60d2,0110000011010010,1110000011110010,1000000000100000
0xbaf1,0x3ad1,0011101011010001,1011101011110001,1000000000100000
0x98f0,0x18d0,0001100011010000,1001100011110000,1000000000100000
0x84ef,0x04cf,0000010011001111,1000010011101111,1000000000100000
0x72ee,0xf2cd,1111001011001101,0111001011101110,1000000000100011
0x5eed,0xdecc,1101111011001100,0101111011101101,1000000000100001
0x4cec,0xcccb,1100110011001011,0100110011101100,1000000000100111
0x3ceb,0xbcca,1011110011001010,0011110011101011,1000000000100001
0x26ea,0xa6c9,1010011011001001,0010011011101010,1000000000100011
0x0469,0x8448,1000010001001000,0000010001101001,1000000000100001
0xee67,0x6e47,0110111001000111,1110111001100111,1000000000100000
0xde66,0x5e46,0101111001000110,1101111001100110,1000000000100000
0xb5e5,0x35c5,0011010111000101,1011010111100101,1000000000100000
0xa3e4,0x23c4,0010001111000100,1010001111100100,1000000000100000
0x91e3,0x11c3,0001000111000011,1001000111100011,1000000000100000
0x6be2,0xebc1,1110101111000001,0110101111100010,1000000000100011
0x43e1,0xc3c0,1100001111000000,0100001111100001,1000000000100001
0x31e0,0xb1bf,1011000110111111,0011000111100000,1000000001011111
0x21df,0xa1be,1010000110111110,0010000111011111,1000000001100001
0xf9dd,0x79bd,0111100110111101,1111100111011101,1000000001100000
0xe3dc,0x63bc,0110001110111100,1110001111011100,1000000001100000
0xd1db,0x51bb,0101000110111011,1101000111011011,1000000001100000
0xc1da,0x41ba,0100000110111010,1100000111011010,1000000001100000
0xabd9,0x2bb9,0010101110111001,1010101111011001,1000000001100000
0x99d8,0x19b8,0001100110111000,1001100111011000,1000000001100000
0x87d7,0x07b7,0000011110110111,1000011111010111,1000000001100000
0x73d6,0xf3b5,1111001110110101,0111001111010110,1000000001100011
0x61d5,0xe1b4,1110000110110100,0110000111010101,1000000001100001
0x4fd4,0xcfb3,1100111110110011,0100111111010100,1000000001100111
0x3c53,0xbc32,1011110000110010,0011110001010011,1000000001100001
0x2a52,0xaa31,1010101000110001,0010101001010010,1000000001100011
0x0251,0x8230,1000001000110000,0000001001010001,1000000001100001
0xee4f,0x6e2f,0110111000101111,1110111001001111,1000000001100000
0xca4e,0x4a2e,0100101000101110,1100101001001110,1000000001100000
0xb64d,0x362d,0011011000101101,1011011001001101,1000000001100000
0xa44c,0x242c,0010010000101100,1010010001001100,1000000001100000
0x944b,0x142b,0001010000101011,1001010001001011,1000000001100000
0x7e4a,0xfe29,1111111000101001,0111111001001010,1000000001100011
0x6c49,0xec28,1110110000101000,0110110001001001,1000000001100001
0x5848,0xd827,1101100000100111,0101100001001000,1000000001101111
0x4647,0xc626,1100011000100110,0100011001000111,1000000001100001
0x3646,0xb625,1011011000100101,0011011001000110,1000000001100011
0x2045,0xa024,1010000000100100,0010000001000101,1000000001100001
0x1044,0x9023,1001000000100011,0001000001000100,1000000001100111
0xfe42,0x7e22,0111111000100010,1111111001000010,1000000001100000
0xea41,0x6a21,0110101000100001,1110101001000001,1000000001100000
0xd840,0x5820,0101100000100000,1101100001000000,1000000001100000
0xc43f,0x441f,0100010000011111,1100010000111111,1000000000100000
0xb23e,0x321e,0011001000011110,1011001000111110,1000000000100000
0x9e3d,0x1e1d,0001111000011101,1001111000111101,1000000000100000
0x8c3c,0x0c1c,0000110000011100,1000110000111100,1000000000100000
0x7c3b,0xfc1a,1111110000011010,0111110000111011,1000000000100001
0x663a,0xe619,1110011000011001,0110011000111010,1000000000100011
0x5639,0xd618,1101011000011000,0101011000111001,1000000000100001
0x4238,0xc217,1100001000010111,0100001000111000,1000000000101111
0x3037,0xb016,1011000000010110,0011000000110111,1000000000100001
0x2036,0xa015,1010000000010101,0010000000110110,1000000000100011
0x0c35,0x8c14,1000110000010100,0000110000110101,1000000000100001
0xfa33,0x7a13,0111101000010011,1111101000110011,1000000000100000
0xea32,0x6a12,0110101000010010,1110101000110010,1000000000100000
0xd431,0x5411,0101010000010001,1101010000110001,1000000000100000
0xc430,0x4410,0100010000010000,1100010000110000,1000000000100000
0xb02f,0x300f,0011000000001111,1011000000101111,1000000000100000
0x9e2e,0x1e0e,0001111000001110,1001111000101110,1000000000100000
0x8a2d,0x0a0d,0000101000001101,1000101000101101,1000000000100000
0x7a2c,0xfa0b,1111101000001011,0111101000101100,1000000000100111
0x682b,0xe80a,1110100000001010,0110100000101011,1000000000100001
0x542a,0xd409,1101010000001001,0101010000101010,1000000000100011
0x4429,0xc408,1100010000001000,0100010000101001,1000000000100001
0x2e28,0xae07,1010111000000111,0010111000101000,1000000000101111
0x1e27,0x9e06,1001111000000110,0001111000100111,1000000000100001
0x0e26,0x8e05,1000111000000101,0000111000100110,1000000000100011
0xf824,0x7804,0111100000000100,1111100000100100,1000000000100000
0xe823,0x6803,0110100000000011,1110100000100011,1000000000100000
0xd422,0x5402,0101010000000010,1101010000100010,1000000000100000
0xc221,0x4201,0100001000000001,1100001000100001,1000000000100000
0xae20,0x2e00,0010111000000000,1010111000100000,1000000000100000
0x9e1f,0x1dff,0001110111111111,1001111000011111,1000001111100000
0x8c1e,0x0bfe,0000101111111110,1000110000011110,1000011111100000
0x781d,0xf7fc,1111011111111100,0111100000011101,1000111111100001
0x681c,0xe7fb,1110011111111011,0110100000011100,1000111111100111
0x521b,0xd1fa,1101000111111010,0101001000011011,1000001111100001
0x421a,0xc1f9,1100000111111001,0100001000011010,1000001111100011
0x3219,0xb1f8,1011000111111000,0011001000011001,1000001111100001
0x1c18,0x9bf7,1001101111110111,0001110000011000,1000011111101111
0x0c17,0x8bf6,1000101111110110,0000110000010111,1000011111100001
0xf815,0x77f5,0111011111110101,1111100000010101,1000111111100000
0xe614,0x65f4,0110010111110100,1110011000010100,1000001111100000
0xd213,0x51f3,0101000111110011,1101001000010011,1000001111100000
0xc212,0x41f2,0100000111110010,1100001000010010,1000001111100000
0xb011,0x2ff1,0010111111110001,1011000000010001,1001111111100000
0x9c10,0x1bf0,0001101111110000,1001110000010000,1000011111100000
0x8c8f,0x0c6f,0000110001101111,1000110010001111,1000000011100000
0x768e,0xf66d,1111011001101101,0111011010001110,1000000011100011
0x668d,0xe66c,1110011001101100,0110011010001101,1000000011100001
0x568c,0xd66b,1101011001101011,0101011010001100,1000000011100111
0x408b,0xc06a,1100000001101010,0100000010001011,1000000011100001
0x2c8a,0xac69,1010110001101001,0010110010001010,1000000011100011
0x1c89,0x9c68,1001110001101000,0001110010001001,1000000011100001
0x0a88,0x8a67,1000101001100111,0000101010001000,1000000011101111
0xf686,0x7666,0111011001100110,1111011010000110,1000000011100000
0xe685,0x6665,0110011001100101,1110011010000101,1000000011100000
0xd284,0x5264,0101001001100100,1101001010000100,1000000011100000
0xc083,0x4063,0100000001100011,1100000010000011,1000000011100000
0xb082,0x3062,0011000001100010,1011000010000010,1000000011100000
0x9c81,0x1c61,0001110001100001,1001110010000001,1000000011100000
0x8c80,0x0c60,0000110001100000,1000110010000000,1000000011100000
0x767f,0xf65e,1111011001011110,0111011001111111,1000000000100001
0x667e,0xe65d,1110011001011101,0110011001111110,1000000000100011
0x527d,0xd25c,1101001001011100,0101001001111101,1000000000100001
0x427c,0xc25b,1100001001011011,0100001001111100,1000000000100111
0x327b,0xb25a,1011001001011010,0011001001111011,1000000000100001
0x1e7a,0x9e59,1001111001011001,0001111001111010,1000000000100011
0x0e79,0x8e58,1000111001011000,0000111001111001,1000000000100001
0xfa77,0x7a57,0111101001010111,1111101001110111,1000000000100000
0xea76,0x6a56,0110101001010110,1110101001110110,1000000000100000
0xd475,0x5455,0101010001010101,1101010001110101,1000000000100000
0xc474,0x4454,0100010001010100,1100010001110100,1000000000100000
0xb0f3,0x30d3,0011000011010011,1011000011110011,1000000000100000
0xa0f2,0x20d2,0010000011010010,1010000011110010,1000000000100000
0x90f1,0x10d1,0001000011010001,1001000011110001,1000000000100000
0x7cf0,0xfccf,1111110011001111,0111110011110000,1000000000111111
0x6eef,0xeece,1110111011001110,0110111011101111,1000000000100001
0x5aee,0xdacd,1101101011001101,0101101011101110,1000000000100011
0x4aed,0xcacc,1100101011001100,0100101011101101,1000000000100001
0x3aec,0xbacb,1011101011001011,0011101011101100,1000000000100111
0x26eb,0xa6ca,1010011011001010,0010011011101011,1000000000100001
0x16ea,0x96c9,1001011011001001,0001011011101010,1000000000100011
0x02e9,0x82c8,1000001011001000,0000001011101001,1000000000100001
0xf2e7,0x72c7,0111001011000111,1111001011100111,1000000000100000
0xdee6,0x5ec6,0101111011000110,1101111011100110,1000000000100000
0xcee5,0x4ec5,0100111011000101,1100111011100101,1000000000100000
0xbce4,0x3cc4,0011110011000100,1011110011100100,1000000000100000
0xace3,0x2cc3,0010110011000011,1010110011100011,1000000000100000
0x9ce2,0x1cc2,0001110011000010,1001110011100010,1000000000100000
0x88e1,0x08c1,0000100011000001,1000100011100001,1000000000100000
0x78e0,0xf8bf,1111100010111111,0111100011100000,1000000001011111
0x66df,0xe6be,1110011010111110,0110011011011111,1000000001100001
0x56de,0xd6bd,1101011010111101,0101011011011110,1000000001100011
0x42dd,0xc2bc,1100001010111100,0100001011011101,1000000001100001
0x32dc,0xb2bb,1011001010111011,0011001011011100,1000000001100111
0x24db,0xa4ba,1010010010111010,0010010011011011,1000000001100001
0x10da,0x90b9,1001000010111001,0001000011011010,1000000001100011
0x00d9,0x80b8,1000000010111000,0000000011011001,1000000001100001
0xeed7,0x6eb7,0110111010110111,1110111011010111,1000000001100000
0xdf56,0x5f36,0101111100110110,1101111101010110,1000000001100000
0xcd55,0x4d35,0100110100110101,1100110101010101,1000000001100000
0xbd54,0x3d34,0011110100110100,1011110101010100,1000000001100000
0xab53,0x2b33,0010101100110011,1010101101010011,1000000001100000
0x9b52,0x1b32,0001101100110010,1001101101010010,1000000001100000
0x8b51,0x0b31,0000101100110001,1000101101010001,1000000001100000
0x7950,0xf92f,1111100100101111,0111100101010000,1000000001111111
0x6b4f,0xeb2e,1110101100101110,0110101101001111,1000000001100001
0x574e,0xd72d,1101011100101101,0101011101001110,1000000001100011
0x494d,0xc92c,1100100100101100,0100100101001101,1000000001100001
0x394c,0xb92b,1011100100101011,0011100101001100,1000000001100111
0x274b,0xa72a,1010011100101010,0010011101001011,1000000001100001
0x194a,0x9929,1001100100101001,0001100101001010,1000000001100011
0x0549,0x8528,1000010100101000,0000010101001001,1000000001100001
0xf747,0x7727,0111011100100111,1111011101000111,1000000001100000
0xe546,0x6526,0110010100100110,1110010101000110,1000000001100000
0xd545,0x5525,0101010100100101,1101010101000101,1000000001100000
0xc744,0x4724,0100011100100100,1100011101000100,1000000001100000
0xb543,0x3523,0011010100100011,1011010101000011,1000000001100000
0xa542,0x2522,0010010100100010,1010010101000010,1000000001100000
0x9341,0x1321,0001001100100001,1001001101000001,1000000001100000
0x8540,0x0520,0000010100100000,1000010101000000,1000000001100000
0x753f,0xf51e,1111010100011110,0111010100111111,1000000000100001
0x633e,0xe31d,1110001100011101,0110001100111110,1000000000100011
0x533d,0xd31c,1101001100011100,0101001100111101,1000000000100001
0x44bc,0xc49b,1100010010011011,0100010010111100,1000000000100111
0x313b,0xb11a,1011000100011010,0011000100111011,1000000000100001
0x233a,0xa319,1010001100011001,0010001100111010,1000000000100011
0x11b9,0x9198,1001000110011000,0001000110111001,1000000000100001
0x0338,0x8317,1000001100010111,0000001100111000,1000000000101111
0xef36,0x6f16,0110111100010110,1110111100110110,1000000000100000
0xe135,0x6115,0110000100010101,1110000100110101,1000000000100000
0xd334,0x5314,0101001100010100,1101001100110100,1000000000100000
0xc1b3,0x4193,0100000110010011,1100000110110011,1000000000100000
0xb3b2,0x3392,0011001110010010,1011001110110010,1000000000100000
0xa1b1,0x2191,0010000110010001,1010000110110001,1000000000100000
0x93b0,0x1390,0001001110010000,1001001110110000,1000000000100000
0x85af,0x058f,0000010110001111,1000010110101111,1000000000100000
0x73ae,0xf38d,1111001110001101,0111001110101110,1000000000100011
0x662c,0xe60c,1110011000001100,0110011000101100,1000000000100000
0x582b,0xd80b,1101100000001011,0101100000101011,1000000000100000
0x462a,0xc60a,1100011000001010,0100011000101010,1000000000100000
0x3829,0xb809,1011100000001001,0011100000101001,1000000000100000
0x2a28,0xaa08,1010101000001000,0010101000101000,1000000000100000
0x1827,0x9807,1001100000000111,0001100000100111,1000000000100000
0x0a26,0x8a06,1000101000000110,0000101000100110,1000000000100000
0xf824,0x7805,0111100000000101,1111100000100100,1000000000100001
0xea23,0x6a04,0110101000000100,1110101000100011,1000000000100111
0xd822,0x5803,0101100000000011,1101100000100010,1000000000100001
0xcaa1,0x4a82,0100101010000010,1100101010100001,1000000000100011
0xb9a1,0x3981,0011100110000001,1011100110100001,1000000000100000
0xa7a0,0x2780,0010011110000000,1010011110100000,1000000000100000
0x979f,0x177f,0001011101111111,1001011110011111,1000000011100000
0x891e,0x08fe,0000100011111110,1000100100011110,1000000111100000
0x751d,0xf4fc,1111010011111100,0111010100011101,1000000111100001
0x671c,0xe6fb,1110011011111011,0110011100011100,1000000111100111
0x591b,0xd8fa,1101100011111010,0101100100011011,1000000111100001
0x459a,0xc579,1100010101111001,0100010110011010,1000000011100011
0x3799,0xb778,1011011101111000,0011011110011001,1000000011100001
0x2798,0xa777,1010011101110111,0010011110011000,1000000011101111
0x1616,0x95f6,1001010111110110,0001011000010110,1000001111100000
0x0815,0x87f5,1000011111110101,0000100000010101,1000111111100000
0xf813,0x77f4,0111011111110100,1111100000010011,1000111111100111
0xe692,0x6673,0110011001110011,1110011010010010,1000000011100001
0xd891,0x5872,0101100001110010,1101100010010001,1000000011100011
0xc690,0x4671,0100011001110001,1100011010010000,1000000011100001
0xb68f,0x3670,0011011001110000,1011011010001111,1000000011111111
0xa88e,0x286f,0010100001101111,1010100010001110,1000000011100001
0x968d,0x166e,0001011001101110,1001011010001101,1000000011100011
0x890c,0x08ed,0000100011101101,1000100100001100,1000000111100001
0x7b0b,0xfaeb,1111101011101011,0111101100001011,1000000111100000
0x698a,0xe96a,1110100101101010,0110100110001010,1000000011100000
0x5b89,0xdb69,1101101101101001,0101101110001001,1000000011100000
0x4d88,0xcd68,1100110101101000,0100110110001000,1000000011100000
0x3c07,0xbbe7,1011101111100111,0011110000000111,1000011111100000
0x3006,0xafe6,1010111111100110,0011000000000110,1001111111100000
0x2285,0xa265,1010001001100101,0010001010000101,1000000011100000
0x1284,0x9264,1001001001100100,0001001010000100,1000000011100000
0x0503,0x84e3,1000010011100011,0000010100000011,1000000111100000
0xf901,0x78e2,0111100011100010,1111100100000001,1000000111100011
0xe700,0x66e1,0110011011100001,1110011100000000,1000000111100001
0xdaff,0x5ae0,0101101011100000,1101101011111111,1000000000011111
0xccfe,0x4cdf,0100110011011111,1100110011111110,1000000000100001
0xbcfd,0x3cde,0011110011011110,1011110011111101,1000000000100011
0xb0fc,0x30dd,0011000011011101,1011000011111100,1000000000100001
0xa2fb,0x22dc,0010001011011100,1010001011111011,1000000000100111
0x96fa,0x16db,0001011011011011,1001011011111010,1000000000100001
0x86f9,0x06da,0000011011011010,1000011011111001,1000000000100011
0x78f8,0xf8d8,1111100011011000,0111100011111000,1000000000100000
0x6cf7,0xecd7,1110110011010111,0110110011110111,1000000000100000
0x5cf6,0xdcd6,1101110011010110,0101110011110110,1000000000100000
0x4ef5,0xced5,1100111011010101,0100111011110101,1000000000100000
0x42f4,0xc2d4,1100001011010100,0100001011110100,1000000000100000
0x32f3,0xb2d3,1011001011010011,0011001011110011,1000000000100000
0x26f2,0xa6d2,1010011011010010,0010011011110010,1000000000100000
0x18f1,0x98d1,1001100011010001,0001100011110001,1000000000100000
0x0cf0,0x8cd0,1000110011010000,0000110011110000,1000000000100000
0xfcee,0x7ccf,0111110011001111,1111110011101110,1000000000100001
0xf0ed,0x70ce,0111000011001110,1111000011101101,1000000000100011
0xe4ec,0x64cd,0110010011001101,1110010011101100,1000000000100001
0xd8eb,0x58cc,0101100011001100,1101100011101011,1000000000100111
0xc8ea,0x48cb,0100100011001011,1100100011101010,1000000000100001
0xbce9,0x3cca,0011110011001010,1011110011101001,1000000000100011
0xb0e8,0x30c9,0011000011001001,1011000011101000,1000000000100001
0xa4e7,0x24c8,0010010011001000,1010010011100111,1000000000101111
0x94e6,0x14c7,0001010011000111,1001010011100110,1000000000100001
0x88e5,0x08c6,0000100011000110,1000100011100101,1000000000100011
0x7ce4,0xfcc4,1111110011000100,0111110011100100,1000000000100000
0x6d63,0xed43,1110110101000011,0110110101100011,1000000000100000
0x6162,0xe142,1110000101000010,0110000101100010,1000000000100000
0x5561,0xd541,1101010101000001,0101010101100001,1000000000100000
0x4960,0xc940,1100100101000000,0100100101100000,1000000000100000
0x3f5f,0xbf3f,1011111100111111,0011111101011111,1000000001100000
0x2f5e,0xaf3e,1010111100111110,0010111101011110,1000000001100000
0x235d,0xa33d,1010001100111101,0010001101011101,1000000001100000
0x175c,0x973c,1001011100111100,0001011101011100,1000000001100000
0x0b5b,0x8b3b,1000101100111011,0000101101011011,1000000001100000
0x015a,0x813a,1000000100111010,0000000101011010,1000000001100000
0xf158,0x7139,0111000100111001,1111000101011000,1000000001100001
0xe557,0x6538,0110010100111000,1110010101010111,1000000001101111
0xd956,0x5937,0101100100110111,1101100101010110,1000000001100001
0xcf55,0x4f36,0100111100110110,1100111101010101,1000000001100011
0xc354,0x4335,0100001100110101,1100001101010100,1000000001100001
0xb353,0x3334,0011001100110100,1011001101010011,1000000001100111
0xa752,0x2733,0010011100110011,1010011101010010,1000000001100001
0x9d51,0x1d32,0001110100110010,1001110101010001,1000000001100011
0x9150,0x1131,0001000100110001,1001000101010000,1000000001100001
0x854f,0x0530,0000010100110000,1000010101001111,1000000001111111
0x7b4e,0xfb2e,1111101100101110,0111101101001110,1000000001100000
0x6b4d,0xeb2d,1110101100101101,0110101101001101,1000000001100000
0x5f4c,0xdf2c,1101111100101100,0101111101001100,1000000001100000
0x534b,0xd32b,1101001100101011,0101001101001011,1000000001100000
0x494a,0xc92a,1100100100101010,0100100101001010,1000000001100000
0x3d49,0xbd29,1011110100101001,0011110101001001,1000000001100000
0x3148,0xb128,1011000100101000,0011000101001000,1000000001100000
0x2347,0xa327,1010001100100111,0010001101000111,1000000001100000
0x1b46,0x9b26,1001101100100110,0001101101000110,1000000001100000
0x0b45,0x8b25,1000101100100101,0000101101000101,1000000001100000
0xff43,0x7f24,0111111100100100,1111111101000011,1000000001100111
0xf542,0x7563,0111010101100011,1111010101000010,1000000000100001
0xe941,0x6962,0110100101100010,1110100101000001,1000000000100011
0xdd40,0x5d61,0101110101100001,1101110101000000,1000000000100001
0xd13f,0x5160,0101000101100000,1101000100111111,1000000001011111
0xc73e,0x475f,0100011101011111,1100011100111110,1000000001100001
0xb73d,0x375e,0011011101011110,1011011100111101,1000000001100011
0xab3c,0x2b5d,0010101101011101,1010101100111100,1000000001100001
0x9f3b,0x1f5c,0001111101011100,1001111100111011,1000000001100111
0x953a,0x155b,0001010101011011,1001010100111010,1000000001100001
0x8939,0x095a,0000100101011010,1000100100111001,1000000001100011
0x7d38,0xfd58,1111110101011000,0111110100111000,1000000001100000
0x7137,0xf157,1111000101010111,0111000100110111,1000000001100000
0x6736,0xe756,1110011101010110,0110011100110110,1000000001100000
0x5b35,0xdb55,1101101101010101,0101101100110101,1000000001100000
0x4fb4,0xcfd4,1100111111010100,0100111110110100,1000000001100000
0x45b3,0xc5d3,1100010111010011,0100010110110011,1000000001100000
0x39b2,0xb9d2,1011100111010010,0011100110110010,1000000001100000
0x29b1,0xa9d1,1010100111010001,0010100110110001,1000000001100000
0x23b0,0xa3d0,1010001111010000,0010001110110000,1000000001100000
0x13af,0x93cf,1001001111001111,0001001110101111,1000000001100000
0x07ae,0x87ce,1000011111001110,0000011110101110,1000000001100000
0xfbac,0x7bcd,0111101111001101,1111101110101100,1000000001100001
0xf1ab,0x71cc,0111000111001100,1111000110101011,1000000001100111
0xe5aa,0x65cb,0110010111001011,1110010110101010,1000000001100001
0xd9a9,0x59ca,0101100111001010,1101100110101001,1000000001100011
0xcfa8,0x4fc9,0100111111001001,1100111110101000,1000000001100001
0xc3a7,0x43c8,0100001111001000,1100001110100111,1000000001101111
0xb7a6,0x37c7,0011011111000111,1011011110100110,1000000001100001
0xada5,0x2dc6,0010110111000110,1010110110100101,1000000001100011
0xa1a4,0x21c5,0010000111000101,1010000110100100,1000000001100001
0x95a3,0x15c4,0001010111000100,1001010110100011,1000000001100111
0x8ba2,0x0bc3,0000101111000011,1000101110100010,1000000001100001
0x7fa1,0xffc1,1111111111000001,0111111110100001,1000000001100000
0x73a0,0xf3c0,1111001111000000,0111001110100000,1000000001100000
0x679f,0xe7bf,1110011110111111,0110011110011111,1000000000100000
0x5d9e,0xddbe,1101110110111110,0101110110011110,1000000000100000
0x519d,0xd1bd,1101000110111101,0101000110011101,1000000000100000
0x459c,0xc5bc,1100010110111100,0100010110011100,1000000000100000
0x3b9b,0xbbbb,1011101110111011,0011101110011011,1000000000100000
0x2f9a,0xafba,1010111110111010,0010111110011010,1000000000100000
0x2399,0xa3b9,1010001110111001,0010001110011001,1000000000100000
0x1998,0x99b8,1001100110111000,0001100110011000,1000000000100000
0x0d97,0x8db7,1000110110110111,0000110110010111,1000000000100000
0x0196,0x81b6,1000000110110110,0000000110010110,1000000000100000
0xf794,0x77b5,0111011110110101,1111011110010100,1000000000100001
0xef93,0x6fb4,0110111110110100,1110111110010011,1000000000100111
0xe592,0x65b3,0110010110110011,1110010110010010,1000000000100001
0xd991,0x59b2,0101100110110010,1101100110010001,1000000000100011
0xcd90,0x4db1,0100110110110001,1100110110010000,1000000000100001
0xc38f,0x43b0,0100001110110000,1100001110001111,1000000000111111
0xb78e,0x37af,0011011110101111,1011011110001110,1000000000100001
0xab8d,0x2bae,0010101110101110,1010101110001101,1000000000100011
0xa18c,0x21ad,0010000110101101,1010000110001100,1000000000100001
0x958b,0x15ac,0001010110101100,1001010110001011,1000000000100111
0x8b8a,0x0bab,0000101110101011,1000101110001010,1000000000100001
0x7f89,0xffa9,1111111110101001,0111111110001001,1000000000100000
0x7388,0xf3a8,1111001110101000,0111001110001000,1000000000100000
0x6d87,0xeda7,1110110110100111,0110110110000111,1000000000100000
0x6186,0xe1a6,1110000110100110,0110000110000110,1000000000100000
0x5585,0xd5a5,1101010110100101,0101010110000101,1000000000100000
0x4b84,0xcba4,1100101110100100,0100101110000100,1000000000100000
0x3f83,0xbfa3,1011111110100011,0011111110000011,1000000000100000
0x3382,0xb3a2,1011001110100010,0011001110000010,1000000000100000
0x2901,0xa921,1010100100100001,0010100100000001,1000000000100000
0x1d00,0x9d20,1001110100100000,0001110100000000,1000000000100000
0x10ff,0x911f,1001000100011111,0001000011111111,1000000111100000
0x08fe,0x891e,1000100100011110,0000100011111110,1000000111100000
0xfefc,0x7f1d,0111111100011101,1111111011111100,1000000111100001
0xf2fb,0x731c,0111001100011100,1111001011111011,1000000111100111
0xe6fa,0x671b,0110011100011011,1110011011111010,1000000111100001
0xdaf9,0x5b1a,0101101100011010,1101101011111001,1000000111100011
0xcef8,0x4f19,0100111100011001,1100111011111000,1000000111100001
0xc4f7,0x4518,0100010100011000,1100010011110111,1000000111101111
0xbcf6,0x3d17,0011110100010111,1011110011110110,1000000111100001
0xb075,0x3096,0011000010010110,1011000001110101,1000000011100011
0xa474,0x2495,0010010010010101,1010010001110100,1000000011100001
0x9873,0x1894,0001100010010100,1001100001110011,1000000011100111
0x8c72,0x0c93,0000110010010011,1000110001110010,1000000011100001
0x8071,0x0092,0000000010010010,1000000001110001,1000000011100011
0x7670,0xf690,1111011010010000,0111011001110000,1000000011100000
0x69ef,0xea0f,1110101000001111,0110100111101111,1000001111100000
0x5dee,0xde0e,1101111000001110,0101110111101110,1000001111100000
0x51ed,0xd20d,1101001000001101,0101000111101101,1000001111100000
0x43ec,0xc40c,1100010000001100,0100001111101100,1000011111100000
0x3beb,0xbc0b,1011110000001011,0011101111101011,1000011111100000
0x2f6a,0xaf8a,1010111110001010,0010111101101010,1000000011100000
0x2169,0xa189,1010000110001001,0010000101101001,1000000011100000
0x1568,0x9588,1001010110001000,0001010101101000,1000000011100000
0x0767,0x8787,1000011110000111,0000011101100111,1000000011100000
0xf965,0x7986,0111100110000110,1111100101100101,1000000011100011
0xf164,0x7185,0111000110000101,1111000101100100,1000000011100001
0xe2e3,0x6304,0110001100000100,1110001011100011,1000000111100111
0xd4e2,0x5503,0101010100000011,1101010011100010,1000000111100001
0xc6e1,0x4702,0100011100000010,1100011011100001,1000000111100011
0xbce0,0x3d01,0011110100000001,1011110011100000,1000000111100001
0xaedf,0x2f00,0010111100000000,1010111011011111,1000000111011111
0xa0de,0x20ff,0010000011111111,1010000011011110,1000000000100001
0x92dd,0x12fe,0001001011111110,1001001011011101,1000000000100011
0x84dc,0x04fd,0000010011111101,1000010011011100,1000000000100001
0x7adb,0xfafb,1111101011111011,0111101011011011,1000000000100000
0x6cda,0xecfa,1110110011111010,0110110011011010,1000000000100000
0x5ed9,0xdef9,1101111011111001,0101111011011001,1000000000100000
0x4ed8,0xcef8,1100111011111000,0100111011011000,1000000000100000
0x44d7,0xc4f7,1100010011110111,0100010011010111,1000000000100000
0x3656,0xb676,1011011001110110,0011011001010110,1000000000100000
0x2855,0xa875,1010100001110101,0010100001010101,1000000000100000
0x1854,0x9874,1001100001110100,0001100001010100,1000000000100000
0x0a53,0x8a73,1000101001110011,0000101001010011,1000000000100000
0xfe51,0x7e72,0111111001110010,1111111001010001,1000000000100011
0xf050,0x7071,0111000001110001,1111000001010000,1000000000100001
0xe24f,0x6270,0110001001110000,1110001001001111,1000000000111111
0xd64e,0x566f,0101011001101111,1101011001001110,1000000000100001
0xc84d,0x486e,0100100001101110,1100100001001101,1000000000100011
0xb84c,0x386d,0011100001101101,1011100001001100,1000000000100001
0xaa4b,0x2a6c,0010101001101100,1010101001001011,1000000000100111
0x9a4a,0x1a6b,0001101001101011,1001101001001010,1000000000100001
0x9049,0x106a,0001000001101010,1001000001001001,1000000000100011
0x8048,0x0069,0000000001101001,1000000001001000,1000000000100001
0x7247,0xf267,1111001001100111,0111001001000111,1000000000100000
0x6246,0xe266,1110001001100110,0110001001000110,1000000000100000
0x57c5,0xd7e5,1101011111100101,0101011111000101,1000000000100000
0x4744,0xc764,1100011101100100,0100011101000100,1000000000100000
0x36c4,0xb6e3,1011011011100011,0011011011000100,1000000000100111
0x2443,0xa462,1010010001100010,0010010001000011,1000000000100001
0x17c2,0x97e1,1001011111100001,0001011111000010,1000000000100011
0x04c1,0x84e0,1000010011100000,0000010011000001,1000000000100001
0xf23f,0x725f,0111001001011111,1111001000111111,1000000001100000
0xe03e,0x605e,0110000001011110,1110000000111110,1000000001100000
0xd1bd,0x51dd,0101000111011101,1101000110111101,1000000001100000
0xbfbc,0x3fdc,0011111111011100,1011111110111100,1000000001100000
0xadbb,0x2ddb,0010110111011011,1010110110111011,1000000001100000
0x9bba,0x1bda,0001101111011010,1001101110111010,1000000001100000
0x8db9,0x0dd9,0000110111011001,1000110110111001,1000000001100000
0x7bb8,0xfbd7,1111101111010111,0111101110111000,1000000001101111
0x6bb7,0xebd6,1110101111010110,0110101110110111,1000000001100001
0x5a36,0xda55,1101101001010101,0101101000110110,1000000001100011
0x4835,0xc854,1100100001010100,0100100000110101,1000000001100001
0x3a34,0xba53,1011101001010011,0011101000110100,1000000001100111
0x2833,0xa852,1010100001010010,0010100000110011,1000000001100001
0x1632,0x9651,1001011001010001,0001011000110010,1000000001100011
0x0631,0x8650,1000011001010000,0000011000110001,1000000001100001
0xf82f,0x784f,0111100001001111,1111100000101111,1000000001100000
0xe62e,0x664e,0110011001001110,1110011000101110,1000000001100000
0xd42d,0x544d,0101010001001101,1101010000101101,1000000001100000
0xc22c,0x424c,0100001001001100,1100001000101100,1000000001100000
0xb22b,0x324b,0011001001001011,1011001000101011,1000000001100000
0xa42a,0x244a,0010010001001010,1010010000101010,1000000001100000
0x9229,0x1249,0001001001001001,1001001000101001,1000000001100000
0x8028,0x0048,0000000001001000,1000000000101000,1000000001100000
0x6e27,0xee46,1110111001000110,0110111000100111,1000000001100001
0x6026,0xe045,1110000001000101,0110000000100110,1000000001100011
0x5025,0xd044,1101000001000100,0101000000100101,1000000001100001
0x3e24,0xbe43,1011111001000011,0011111000100100,1000000001100111
0x2c23,0xac42,1010110001000010,0010110000100011,1000000001100001
0x1a22,0x9a41,1001101001000001,0001101000100010,1000000001100011
0x0821,0x8840,1000100001000000,0000100000100001,1000000001100001
0xfa1f,0x7a3f,0111101000111111,1111101000011111,1000000000100000
0xea1e,0x6a3e,0110101000111110,1110101000011110,1000000000100000
0xd81d,0x583d,0101100000111101,1101100000011101,1000000000100000
0xc61c,0x463c,0100011000111100,1100011000011100,1000000000100000
0xb41b,0x343b,0011010000111011,1011010000011011,1000000000100000
0xa61a,0x263a,0010011000111010,1010011000011010,1000000000100000
0x9419,0x1439,0001010000111001,1001010000011001,1000000000100000
0x8418,0x0438,0000010000111000,1000010000011000,1000000000100000
0x7217,0xf236,1111001000110110,0111001000010111,1000000000100001
0x6416,0xe435,1110010000110101,0110010000010110,1000000000100011
0x5215,0xd234,1101001000110100,0101001000010101,1000000000100001
0x4014,0xc033,1100000000110011,0100000000010100,1000000000100111
0x2e13,0xae32,1010111000110010,0010111000010011,1000000000100001
0x1e12,0x9e31,1001111000110001,0001111000010010,1000000000100011
0x0c11,0x8c30,1000110000110000,0000110000010001,1000000000100001
0xfe0f,0x7e2f,0111111000101111,1111111000001111,1000000000100000
0xec0e,0x6c2e,0110110000101110,1110110000001110,1000000000100000
0xdc0d,0x5c2d,0101110000101101,1101110000001101,1000000000100000
0xca0c,0x4a2c,0100101000101100,1100101000001100,1000000000100000
0xb80b,0x382b,0011100000101011,1011100000001011,1000000000100000
0xa60a,0x262a,0010011000101010,1010011000001010,1000000000100000
0x9a09,0x1a29,0001101000101001,1001101000001001,1000000000100000
0x8808,0x0828,0000100000101000,1000100000001000,1000000000100000
0x7607,0xf626,1111011000100110,0111011000000111,1000000000100001
0x6406,0xe425,1110010000100101,0110010000000110,1000000000100011
0x5405,0xd424,1101010000100100,0101010000000101,1000000000100001
0x4284,0xc2a3,1100001010100011,0100001010000100,1000000000100111
0x3483,0xb4a2,1011010010100010,0011010010000011,1000000000100001
0x2282,0xa2a1,1010001010100001,0010001010000010,1000000000100011
0x1281,0x92a0,1001001010100000,0001001010000001,1000000000100001
0x0080,0x809f,1000000010011111,0000000010000000,1000000000011111
0xee7e,0x6e9e,0110111010011110,1110111001111110,1000000011100000
0xde7d,0x5e9d,0101111010011101,1101111001111101,1000000011100000
0xd07c,0x509c,0101000010011100,1101000001111100,1000000011100000
0xc07b,0x409b,0100000010011011,1100000001111011,1000000011100000
0xae7a,0x2e9a,0010111010011010,1010111001111010,1000000011100000
0x9c79,0x1c99,0001110010011001,1001110001111001,1000000011100000
0x8c78,0x0c98,0000110010011000,1000110001111000,1000000011100000
0x7a77,0xfa96,1111101010010110,0111101001110111,1000000011100001
0x6c76,0xec95,1110110010010101,0110110001110110,1000000011100011
0x5c75,0xdc94,1101110010010100,0101110001110101,1000000011100001
0x4a74,0xca93,1100101010010011,0100101001110100,1000000011100111
0x3873,0xb892,1011100010010010,0011100001110011,1000000011100001
0x2872,0xa891,1010100010010001,0010100001110010,1000000011100011
0x1671,0x9690,1001011010010000,0001011001110001,1000000011100001
0x0470,0x848f,1000010010001111,0000010001110000,1000000011111111
0xf26e,0x728e,0111001010001110,1111001001101110,1000000011100000
0xe66d,0x668d,0110011010001101,1110011001101101,1000000011100000
0xd46c,0x548c,0101010010001100,1101010001101100,1000000011100000
0xc26b,0x428b,0100001010001011,1100001001101011,1000000011100000
0xb1ea,0x320a,0011001000001010,1011000111101010,1000001111100000
0x9fe9,0x2009,0010000000001001,1001111111101001,1011111111100000
0x8de8,0x0e08,0000111000001000,1000110111101000,1000001111100000
0x7be7,0xfc06,1111110000000110,0111101111100111,1000011111100001
0x6de6,0xee05,1110111000000101,0110110111100110,1000001111100011
0x5de5,0xde04,1101111000000100,0101110111100101,1000001111100001
0x4be4,0xcc03,1100110000000011,0100101111100100,1000011111100111
0x39e3,0xba02,1011101000000010,0011100111100011,1000001111100001
0x27e2,0xa801,1010100000000001,0010011111100010,1000111111100011
0x17e1,0x9800,1001100000000000,0001011111100001,1000111111100001
0x05e0,0x85ff,1000010111111111,0000010111100000,1000000000011111
0xf3de,0x73fe,0111001111111110,1111001111011110,1000000000100000
0xe5dd,0x65fd,0110010111111101,1110010111011101,1000000000100000
0xd5dc,0x55fc,0101010111111100,1101010111011100,1000000000100000
0xc3db,0x43fb,0100001111111011,1100001111011011,1000000000100000
0xb1da,0x31fa,0011000111111010,1011000111011010,1000000000100000
0x9fd9,0x1ff9,0001111111111001,1001111111011001,1000000000100000
0x8fd8,0x0ff8,0000111111111000,1000111111011000,1000000000100000
0x7dd7,0xfdf6,1111110111110110,0111110111010111,1000000000100001
0x6fd6,0xeff5,1110111111110101,0110111111010110,1000000000100011
0x5dd5,0xddf4,1101110111110100,0101110111010101,1000000000100001
0x4dd4,0xcdf3,1100110111110011,0100110111010100,1000000000100111
0x3bd3,0xbbf2,1011101111110010,0011101111010011,1000000000100001
0x29d2,0xa9f1,1010100111110001,0010100111010010,1000000000100011
0x17d1,0x97f0,1001011111110000,0001011111010001,1000000000100001
0x05d0,0x85ef,1000010111101111,0000010111010000,1000000000111111
0xf5ce,0x75ee,0111010111101110,1111010111001110,1000000000100000
0xe3cd,0x63ed,0110001111101101,1110001111001101,1000000000100000
0xd1cc,0x51ec,0101000111101100,1101000111001100,1000000000100000
0xbfcb,0x3feb,0011111111101011,1011111111001011,1000000000100000
0xb1ca,0x31ea,0011000111101010,1011000111001010,1000000000100000
0x9fc9,0x1fe9,0001111111101001,1001111111001001,1000000000100000
0x8dc8,0x0de8,0000110111101000,1000110111001000,1000000000100000
0x7bc7,0xfbe6,1111101111100110,0111101111000111,1000000000100001
0x6b46,0xeb65,1110101101100101,0110101101000110,1000000000100011
0x5945,0xd964,1101100101100100,0101100101000101,1000000000100001
0x4744,0xc763,1100011101100011,0100011101000100,1000000000100111
0x3543,0xb562,1011010101100010,0011010101000011,1000000000100001
0x2342,0xa361,1010001101100001,0010001101000010,1000000000100011
0x1141,0x9160,1001000101100000,0001000101000001,1000000000100001
0x0340,0x835f,1000001101011111,0000001101000000,1000000000011111
0xf13e,0x715e,0111000101011110,1111000100111110,1000000001100000
0xdf3d,0x5f5d,0101111101011101,1101111100111101,1000000001100000
0xcdbc,0x4ddc,0100110111011100,1100110110111100,1000000001100000
0xbbbb,0x3bdb,0011101111011011,1011101110111011,1000000001100000
0xa93a,0x295a,0010100101011010,1010100100111010,1000000001100000
0x9739,0x1759,0001011101011001,1001011100111001,1000000001100000
0x8538,0x0558,0000010101011000,1000010100111000,1000000001100000
0x7337,0xf356,1111001101010110,0111001100110111,1000000001100001
0x6136,0xe155,1110000101010101,0110000100110110,1000000001100011
0x4f35,0xcf54,1100111101010100,0100111100110101,1000000001100001
0x3d34,0xbd53,1011110101010011,0011110100110100,1000000001100111
0x2b33,0xab52,1010101101010010,0010101100110011,1000000001100001
0x18b2,0x98d1,1001100011010001,0001100010110010,1000000001100011
0x06b1,0x86d0,1000011011010000,0000011010110001,1000000001100001
0xf8af,0x78cf,0111100011001111,1111100010101111,1000000001100000
0xe6ae,0x66ce,0110011011001110,1110011010101110,1000000001100000
0xd2ad,0x52cd,0101001011001101,1101001010101101,1000000001100000
0xc0ac,0x40cc,0100000011001100,1100000010101100,1000000001100000
0xaeab,0x2ecb,0010111011001011,1010111010101011,1000000001100000
0x9caa,0x1cca,0001110011001010,1001110010101010,1000000001100000
0x8aa9,0x0ac9,0000101011001001,1000101010101001,1000000001100000
0x78a8,0xf8c7,1111100011000111,0111100010101000,1000000001101111
0x64a7,0xe4c6,1110010011000110,0110010010100111,1000000001100001
0x52a6,0xd2c5,1101001011000101,0101001010100110,1000000001100011
0x40a5,0xc0c4,1100000011000100,0100000010100101,1000000001100001
0x2ea4,0xaec3,1010111011000011,0010111010100100,1000000001100111
0x1ca3,0x9cc2,1001110011000010,0001110010100011,1000000001100001
0x08a2,0x88c1,1000100011000001,0000100010100010,1000000001100011
0xf6a0,0x76c0,0111011011000000,1111011010100000,1000000001100000
0xe49f,0x64bf,0110010010111111,1110010010011111,1000000000100000
0xd21e,0x523e,0101001000111110,1101001000011110,1000000000100000
0xbe1d,0x3e3d,0011111000111101,1011111000011101,1000000000100000
0xac1c,0x2c3c,0010110000111100,1010110000011100,1000000000100000
0x9a1b,0x1a3b,0001101000111011,1001101000011011,1000000000100000
0x881a,0x083a,0000100000111010,1000100000011010,1000000000100000
0x7419,0xf438,1111010000111000,0111010000011001,1000000000100001
0x6218,0xe237,1110001000110111,0110001000011000,1000000000101111
0x5017,0xd036,1101000000110110,0101000000010111,1000000000100001
0x3c16,0xbc35,1011110000110101,0011110000010110,1000000000100011
0x2a15,0xaa34,1010101000110100,0010101000010101,1000000000100001
0x1814,0x9833,1001100000110011,0001100000010100,1000000000100111
0x0613,0x8632,1000011000110010,0000011000010011,1000000000100001
0xf211,0x7231,0111001000110001,1111001000010001,1000000000100000
0xe010,0x6030,0110000000110000,1110000000010000,1000000000100000
0xce0f,0x4e2f,0100111000101111,1100111000001111,1000000000100000
0xa80e,0x282e,0010100000101110,1010100000001110,1000000000100000
0x960d,0x162d,0001011000101101,1001011000001101,1000000000100000
0x820c,0x022c,0000001000101100,1000001000001100,1000000000100000
0x700b,0xf02a,1111000000101010,0111000000001011,1000000000100001
0x5e0a,0xde29,1101111000101001,0101111000001010,1000000000100011
0x4a09,0xca28,1100101000101000,0100101000001001,1000000000100001
0x3808,0xb827,1011100000100111,0011100000001000,1000000000101111
0x2607,0xa626,1010011000100110,0010011000000111,1000000000100001
0x1206,0x9225,1001001000100101,0001001000000110,1000000000100011
0x0005,0x8024,1000000000100100,0000000000000101,1000000000100001
0xee03,0x6e23,0110111000100011,1110111000000011,1000000000100000
0xda02,0x5a22,0101101000100010,1101101000000010,1000000000100000
0xc801,0x4821,0100100000100001,1100100000000001,1000000000100000
0xb600,0x3620,0011011000100000,1011011000000000,1000000000100000
0xa3ff,0x241f,0010010000011111,1010001111111111,1000011111100000
0x907e,0x109e,0001000010011110,1001000001111110,1000000011100000
0x7e7d,0xfe9c,1111111010011100,0111111001111101,1000000011100001
0x6c7c,0xec9b,1110110010011011,0110110001111100,1000000011100111
0x5a7b,0xda9a,1101101010011010,0101101001111011,1000000011100001
0x45fa,0xc619,1100011000011001,0100010111111010,1000001111100011
0x3379,0xb398,1011001110011000,0011001101111001,1000000011100001
0x1f78,0x9f97,1001111110010111,0001111101111000,1000000011101111
0x0cf7,0x8d16,1000110100010110,0000110011110111,1000000111100001
0xf8f5,0x7915,0111100100010101,1111100011110101,1000000111100000
0xe0f4,0x6114,0110000100010100,1110000011110100,1000000111100000
0xd0f3,0x5113,0101000100010011,1101000011110011,1000000111100000
0xba72,0x3a92,0011101010010010,1011101001110010,1000000011100000
0xa671,0x2691,0010011010010001,1010011001110001,1000000011100000
0x9270,0x1290,0001001010010000,1001001001110000,1000000011100000
0x7def,0xfe0e,1111111000001110,0111110111101111,1000001111100001
0x69ee,0xea0d,1110101000001101,0110100111101110,1000001111100011
0x55ed,0xd60c,1101011000001100,0101010111101101,1000001111100001
0x41ec,0xc20b,1100001000001011,0100000111101100,1000001111100111
0x2deb,0xae0a,1010111000001010,0010110111101011,1000001111100001
0x19ea,0x9a09,1001101000001001,0001100111101010,1000001111100011
0x0569,0x8588,1000010110001000,0000010101101001,1000000011100001
0xeb67,0x6b87,0110101110000111,1110101101100111,1000000011100000
0xdb66,0x5b86,0101101110000110,1101101101100110,1000000011100000
0xc365,0x4385,0100001110000101,1100001101100101,1000000011100000
0xaf64,0x2f84,0010111110000100,1010111101100100,1000000011100000
0x9b63,0x1b83,0001101110000011,1001101101100011,1000000011100000
0x8562,0x0582,0000010110000010,1000010101100010,1000000011100000
0x7161,0xf180,1111000110000000,0111000101100001,1000000011100001
0x5ce0,0xdcff,1101110011111111,0101110011100000,1000000000011111
0x48df,0xc8fe,1100100011111110,0100100011011111,1000000000100001
0x2ede,0xaefd,1010111011111101,0010111011011110,1000000000100011
0x1add,0x9afc,1001101011111100,0001101011011101,1000000000100001
0x06dc,0x86fb,1000011011111011,0000011011011100,1000000000100111
0xf2da,0x72fa,0111001011111010,1111001011011010,1000000000100000
0xdcd9,0x5cf9,0101110011111001,1101110011011001,1000000000100000
0xc8d8,0x48f8,0100100011111000,1100100011011000,1000000000100000
0xb2d7,0x32f7,0011001011110111,1011001011010111,1000000000100000
0x9ed6,0x1ef6,0001111011110110,1001111011010110,1000000000100000
0x86d5,0x06f5,0000011011110101,1000011011010101,1000000000100000
0x70d4,0xf0f3,1111000011110011,0111000011010100,1000000000100111
0x5cd3,0xdcf2,1101110011110010,0101110011010011,1000000000100001
0x46d2,0xc6f1,1100011011110001,0100011011010010,1000000000100011
0x32d1,0xb2f0,1011001011110000,0011001011010001,1000000000100001
0x1ad0,0x9aef,1001101011101111,0001101011010000,1000000000111111
0x044f,0x846e,1000010001101110,0000010001001111,1000000000100001
0xf04d,0x706d,0111000001101101,1111000001001101,1000000000100000
0xda4c,0x5a6c,0101101001101100,1101101001001100,1000000000100000
0xc64b,0x466b,0100011001101011,1100011001001011,1000000000100000
0xac4a,0x2c6a,0010110001101010,1010110001001010,1000000000100000
0x9849,0x1869,0001100001101001,1001100001001001,1000000000100000
0x8248,0x0268,0000001001101000,1000001001001000,1000000000100000
0x6e47,0xee66,1110111001100110,0110111001000111,1000000000100001
0x5a46,0xda65,1101101001100101,0101101001000110,1000000000100011
0x4045,0xc064,1100000001100100,0100000001000101,1000000000100001
0x2c44,0xac63,1010110001100011,0010110001000100,1000000000100111
0x1643,0x9662,1001011001100010,0001011001000011,1000000000100001
0x0242,0x8261,1000001001100001,0000001001000010,1000000000100011
0xe840,0x6860,0110100001100000,1110100001000000,1000000000100000
0xd4bf,0x54df,0101010011011111,1101010010111111,1000000001100000
0xc03e,0x405e,0100000001011110,1100000000111110,1000000001100000
0xaa3d,0x2a5d,0010101001011101,1010101000111101,1000000001100000
0x923c,0x125c,0001001001011100,1001001000111100,1000000001100000
0x7c3b,0xfc5a,1111110001011010,0111110000111011,1000000001100001
0x683a,0xe859,1110100001011001,0110100000111010,1000000001100011
0x5239,0xd258,1101001001011000,0101001000111001,1000000001100001
0x3a38,0xba57,1011101001010111,0011101000111000,1000000001101111
0x2437,0xa456,1010010001010110,0010010000110111,1000000001100001
0x1036,0x9055,1001000001010101,0001000000110110,1000000001100011
0xf634,0x7654,0111011001010100,1111011000110100,1000000001100000
0xe233,0x6253,0110001001010011,1110001000110011,1000000001100000
0xce32,0x4e52,0100111001010010,1100111000110010,1000000001100000
0xb831,0x3851,0011100001010001,1011100000110001,1000000001100000
0xa030,0x2050,0010000001010000,1010000000110000,1000000001100000
0x8a2f,0x0a4f,0000101001001111,1000101000101111,1000000001100000
0x762e,0xf64d,1111011001001101,0111011000101110,1000000001100011
0x5c2d,0xdc4c,1101110001001100,0101110000101101,1000000001100001
0x482c,0xc84b,1100100001001011,0100100000101100,1000000001100111
0x342b,0xb44a,1011010001001010,0011010000101011,1000000001100001
0x1a2a,0x9a49,1001101001001001,0001101000101010,1000000001100011
0x0629,0x8648,1000011001001000,0000011000101001,1000000001100001
0xf027,0x7047,0111000001000111,1111000000100111,1000000001100000
0xd826,0x5846,0101100001000110,1101100000100110,1000000001100000
0xc225,0x4245,0100001001000101,1100001000100101,1000000001100000
0xae24,0x2e44,0010111001000100,1010111000100100,1000000001100000
0x9423,0x1443,0001010001000011,1001010000100011,1000000001100000
0x7da2,0xfdc1,1111110111000001,0111110110100010,1000000001100011
0x6921,0xe940,1110100101000000,0110100100100001,1000000001100001
0x4f20,0xcf3f,1100111100111111,0100111100100000,1000000000011111
0x391f,0xb93e,1011100100111110,0011100100011111,1000000000100001
0x1f1e,0x9f3d,1001111100111101,0001111100011110,1000000000100011
0x0b9d,0x8bbc,1000101110111100,0000101110011101,1000000000100001
0xf61b,0x763b,0111011000111011,1111011000011011,1000000000100000
0xde1a,0x5e3a,0101111000111010,1101111000011010,1000000000100000
0xc899,0x48b9,0100100010111001,1100100010011001,1000000000100000
0xb498,0x34b8,0011010010111000,1011010010011000,1000000000100000
0x9c97,0x1cb7,0001110010110111,1001110010010111,1000000000100000
0x8916,0x0936,0000100100110110,1000100100010110,1000000000100000
0x7115,0xf134,1111000100110100,0111000100010101,1000000000100001
0x5b14,0xdb33,1101101100110011,0101101100010100,1000000000100111
0x4313,0xc332,1100001100110010,0100001100010011,1000000000100001
0x2f92,0xafb1,1010111110110001,0010111110010010,1000000000100011
0x1b91,0x9bb0,1001101110110000,0001101110010001,1000000000100001
0x0390,0x83af,1000001110101111,0000001110010000,1000000000111111
0xf18e,0x71ae,0111000110101110,1111000110001110,1000000000100000
0xd98d,0x59ad,0101100110101101,1101100110001101,1000000000100000
0xc60c,0x462c,0100011000101100,1100011000001100,1000000000100000
0xb20b,0x322b,0011001000101011,1011001000001011,1000000000100000
0x9a0a,0x1a2a,0001101000101010,1001101000001010,1000000000100000
0x8609,0x0629,0000011000101001,1000011000001001,1000000000100000
0x7008,0xf027,1111000000100111,0111000000001000,1000000000101111
0x5c07,0xdc26,1101110000100110,0101110000000111,1000000000100001
0x4486,0xc4a5,1100010010100101,0100010010000110,1000000000100011
0x3085,0xb0a4,1011000010100100,0011000010000101,1000000000100001
0x1a84,0x9aa3,1001101010100011,0001101010000100,1000000000100111
0x0683,0x86a2,1000011010100010,0000011010000011,1000000000100001
0xf281,0x72a1,0111001010100001,1111001010000001,1000000000100000
0xdc80,0x5ca0,0101110010100000,1101110010000000,1000000000100000
0xc47f,0x449f,0100010010011111,1100010001111111,1000000011100000
0xb27e,0x329e,0011001010011110,1011001001111110,1000000011100000
0x9e7d,0x1e9d,0001111010011101,1001111001111101,1000000011100000
0x867c,0x069c,0000011010011100,1000011001111100,1000000011100000
0x747b,0xf49a,1111010010011010,0111010001111011,1000000011100001
0x5c7a,0xdc99,1101110010011001,0101110001111010,1000000011100011
0x4af9,0xcb18,1100101100011000,0100101011111001,1000000111100001
0x32f8,0xb317,1011001100010111,0011001011111000,1000000111101111
0x1ef7,0x9f16,1001111100010110,0001111011110111,1000000111100001
0x08f6,0x8915,1000100100010101,0000100011110110,1000000111100011
0xf4f4,0x7514,0111010100010100,1111010011110100,1000000111100000
0xdef3,0x5f13,0101111100010011,1101111011110011,1000000111100000
0xcaf2,0x4b12,0100101100010010,1100101011110010,1000000111100000
0xb4f1,0x3511,0011010100010001,1011010011110001,1000000111100000
0xa0f0,0x2110,0010000100010000,1010000011110000,1000000111100000
0x8aef,0x0b0f,0000101100001111,1000101011101111,1000000111100000
0x76ee,0xf70d,1111011100001101,0111011011101110,1000000111100011
0x60ed,0xe10c,1110000100001100,0110000011101101,1000000111100001
0x4cec,0xcd0b,1100110100001011,0100110011101100,1000000111100111
0x36eb,0xb70a,1011011100001010,0011011011101011,1000000111100001
0x22ea,0xa309,1010001100001001,0010001011101010,1000000111100011
0x0ce9,0x8d08,1000110100001000,0000110011101001,1000000111100001
0xf8e7,0x7907,0111100100000111,1111100011100111,1000000111100000
0xe2e6,0x6306,0110001100000110,1110001011100110,1000000111100000
0xb8e5,0x3905,0011100100000101,1011100011100101,1000000111100000
0xa2e4,0x2304,0010001100000100,1010001011100100,1000000111100000
0x8ee3,0x0f03,0000111100000011,1000111011100011,1000000111100000
0x78e2,0xf901,1111100100000001,0111100011100010,1000000111100011
0x64e1,0xe500,1110010100000000,0110010011100001,1000000111100001
0x4ee0,0xceff,1100111011111111,0100111011100000,1000000000011111
0x3adf,0xbafe,1011101011111110,0011101011011111,1000000000100001
0x24de,0xa4fd,1010010011111101,0010010011011110,1000000000100011
0x12dd,0x92fc,1001001011111100,0001001011011101,1000000000100001
0xfadb,0x7afb,0111101011111011,1111101011011011,1000000000100000
0xe4da,0x64fa,0110010011111010,1110010011011010,1000000000100000
0xd0d9,0x50f9,0101000011111001,1101000011011001,1000000000100000
0xb6d8,0x36f8,0011011011111000,1011011011011000,1000000000100000
0xa4d7,0x24f7,0010010011110111,1010010011010111,1000000000100000
0x90d6,0x10f6,0001000011110110,1001000011010110,1000000000100000
0x7cd5,0xfcf4,1111110011110100,0111110011010101,1000000000100001
0x66d4,0xe6f3,1110011011110011,0110011011010100,1000000000100111
0x50d3,0xd0f2,1101000011110010,0101000011010011,1000000000100001
0x3cd2,0xbcf1,1011110011110001,0011110011010010,1000000000100011
0x26d1,0xa6f0,1010011011110000,0010011011010001,1000000000100001
0x12d0,0x92ef,1001001011101111,0001001011010000,1000000000111111
0xfcce,0x7cee,0111110011101110,1111110011001110,1000000000100000
0xe8cd,0x68ed,0110100011101101,1110100011001101,1000000000100000
0xd2cc,0x52ec,0101001011101100,1101001011001100,1000000000100000
0xbecb,0x3eeb,0011111011101011,1011111011001011,1000000000100000
0xa8ca,0x28ea,0010100011101010,1010100011001010,1000000000100000
0x92c9,0x12e9,0001001011101001,1001001011001001,1000000000100000
0x7ec8,0xfee7,1111111011100111,0111111011001000,1000000000101111
0x68c7,0xe8e6,1110100011100110,0110100011000111,1000000000100001
0x50c6,0xd0e5,1101000011100101,0101000011000110,1000000000100011
0x3ec5,0xbee4,1011111011100100,0011111011000101,1000000000100001
0x28c4,0xa8e3,1010100011100011,0010100011000100,1000000000100111
0x14c3,0x94e2,1001010011100010,0001010011000011,1000000000100001
0xfec1,0x7ee1,0111111011100001,1111111011000001,1000000000100000
0xe6c0,0x66e0,0110011011100000,1110011011000000,1000000000100000
0xd4bf,0x54df,0101010011011111,1101010010111111,1000000001100000
0xbcbe,0x3cde,0011110011011110,1011110010111110,1000000001100000
0xaabd,0x2add,0010101011011101,1010101010111101,1000000001100000
0x92bc,0x12dc,0001001011011100,1001001010111100,1000000001100000
0x7cbb,0xfcda,1111110011011010,0111110010111011,1000000001100001
0x6aba,0xead9,1110101011011001,0110101010111010,1000000001100011
0x52b9,0xd2d8,1101001011011000,0101001010111001,1000000001100001
0x40b8,0xc0d7,1100000011010111,0100000010111000,1000000001101111
0x28b7,0xa8d6,1010100011010110,0010100010110111,1000000001100001
0x12b6,0x92d5,1001001011010101,0001001010110110,1000000001100011
0xfeb4,0x7ed4,0111111011010100,1111111010110100,1000000001100000
0xe8b3,0x68d3,0110100011010011,1110100010110011,1000000001100000
0xd2b2,0x52d2,0101001011010010,1101001010110010,1000000001100000
0xbeb1,0x3ed1,0011111011010001,1011111010110001,1000000001100000
0xa8b0,0x28d0,0010100011010000,1010100010110000,1000000001100000
0x90af,0x10cf,0001000011001111,1001000010101111,1000000001100000
0x7eae,0xfecd,1111111011001101,0111111010101110,1000000001100011
0x50ad,0xd08c,1101000010001100,0101000010101101,1000000000100001
0x3cac,0xbc8b,1011110010001011,0011110010101100,1000000000100111
0x26ab,0xa68a,1010011010001010,0010011010101011,1000000000100001
0x10aa,0x9089,1001000010001001,0001000010101010,1000000000100011
0xe6a8,0x6688,0110011010001000,1110011010101000,1000000000100000
0xcea7,0x4e87,0100111010000111,1100111010100111,1000000000100000
0xbca6,0x3c86,0011110010000110,1011110010100110,1000000000100000
0xa4a5,0x2485,0010010010000101,1010010010100101,1000000000100000
0x8ea4,0x0e84,0000111010000100,1000111010100100,1000000000100000
0x7ca3,0xfc82,1111110010000010,0111110010100011,1000000000100001
0x64a2,0xe481,1110010010000001,0110010010100010,1000000000100011
0x4ea1,0xce80,1100111010000000,0100111010100001,1000000000100001
0x3aa0,0xba7f,1011101001111111,0011101010100000,1000000011011111
0x249f,0xa47e,1010010001111110,0010010010011111,1000000011100001
0x0c9e,0x8c7d,1000110001111101,0000110010011110,1000000011100011
0xfb1c,0x7afc,0111101011111100,1111101100011100,1000000111100000
0xe49b,0x647b,0110010001111011,1110010010011011,1000000011100000
0xcc9a,0x4c7a,0100110001111010,1100110010011010,1000000011100000
0xb699,0x3679,0011011001111001,1011011010011001,1000000011100000
0xa298,0x2278,0010001001111000,1010001010011000,1000000011100000
0x8c97,0x0c77,0000110001110111,1000110010010111,1000000011100000
0x7516,0xf4f5,1111010011110101,0111010100010110,1000000111100011
0x5f15,0xdef4,1101111011110100,0101111100010101,1000000111100001
0x4d14,0xccf3,1100110011110011,0100110100010100,1000000111100111
0x3493,0xb472,1011010001110010,0011010010010011,1000000011100001
0x1e92,0x9e71,1001111001110001,0001111010010010,1000000011100011
0x0a91,0x8a70,1000101001110000,0000101010010001,1000000011100001
0xf48f,0x746f,0111010001101111,1111010010001111,1000000011100000
0xdd0e,0x5cee,0101110011101110,1101110100001110,1000000111100000
0xc70d,0x46ed,0100011011101101,1100011100001101,1000000111100000
0xb48c,0x346c,0011010001101100,1011010010001100,1000000011100000
0x9d0b,0x1ceb,0001110011101011,1001110100001011,1000000111100000
0x870a,0x06ea,0000011011101010,1000011100001010,1000000111100000
0x7509,0xf4e8,1111010011101000,0111010100001001,1000000111100001
0x5d08,0xdce7,1101110011100111,0101110100001000,1000000111101111
0x4707,0xc6e6,1100011011100110,0100011100000111,1000000111100001
0x2f06,0xaee5,1010111011100101,0010111100000110,1000000111100011
0x1d05,0x9ce4,1001110011100100,0001110100000101,1000000111100001
0x0704,0x86e3,1000011011100011,0000011100000100,1000000111100111
0xee82,0x6e62,0110111001100010,1110111010000010,1000000011100000
0xd881,0x5861,0101100001100001,1101100010000001,1000000011100000
0xc080,0x4060,0100000001100000,1100000010000000,1000000011100000
0xae7f,0x2e5f,0010111001011111,1010111001111111,1000000000100000
0x987e,0x185e,0001100001011110,1001100001111110,1000000000100000
0x807d,0x005d,0000000001011101,1000000001111101,1000000000100000
0x6e7c,0xee5b,1110111001011011,0110111001111100,1000000000100111
0x567b,0xd65a,1101011001011010,0101011001111011,1000000000100001
0x407a,0xc059,1100000001011001,0100000001111010,1000000000100011
0x2879,0xa858,1010100001011000,0010100001111001,1000000000100001
0x1278,0x9257,1001001001010111,0001001001111000,1000000000101111
0xfc76,0x7c56,0111110001010110,1111110001110110,1000000000100000
0x3d3a,0xbd19,1011110100011001,0011110100111010,1000000000100011
0x0000,0x6eac,0110111010101100,0000000000000000,0110111010101100
