SimTime,dT,Real_Prec_Acc,Real_Prec_Vel,Real_Prec_Pos,Quantized_Prec_Acc,Quantized_Prec_Vel,Quantized_Prec_Pos,Received_Prec_Acc,Received_Prec_Vel,Received_Prec_Pos,Ego_Acc_Benign,Ego_Vel_Benign,Ego_Pos_Benign,Ego_Acc,Ego_Vel,Ego_Pos,Safe_Gap_Benign,Space_Headway_Benign,Time_Headway_Benign,Safe_Gap,Space_Headway,Time_Headway,Bit_Flip_Pairs,XOR_Bin,XOR_Pattern,Real_Gap,Communication_Success,Desired_Space_HW
269.65,0.016999999999995907,1.545161,22.904129,0.0,,,,1.5,22.9,0.0,0.980742493724764,22.904129,-20.0,0.9793019999997641,22.904129,-20.0,,20.0,0.8732050015960005,3.29,20.0,0.8732050015960005,,,,20.0,1.0,12.597270950000002
269.667,0.016000000000019554,1.543022,22.92981,0.38959346876440615,,,,1.5,22.93,0.4,1.863393046184635,22.916672622393314,-19.61055828270975,1.8625834630951443,22.916648133999992,-19.610558490861095,,20.000151751474156,0.872733667798298,3.2534061694978313,20.0001519596255,0.8727346094716414,,,,20.0001519596255,1.0,12.604156473699996
269.683,0.016999999999995907,1.540511,22.955446,0.756667935580855,,,,1.5,22.96,0.8,2.7606363235675984,22.946486911132304,-19.243653006441097,2.766435471910174,22.94644946940955,-19.24365371003337,,20.00032094202195,0.8716071013170629,3.2557664002013165,20.000321645614225,0.871608554180773,,,,20.000321645614225,1.0,12.620547208175253
269.7,0.016999999999995907,1.538284,22.981054,1.147133121420261,,,,1.5,22.98,1.1,3.614307182476441,22.99341772863294,-18.853163817003185,3.610560453669133,22.99347887243201,-18.85316431912781,,20.000296938423446,0.8698270598336383,3.3380773033042748,20.00029744054807,0.8698247686446173,,,,20.00029744054807,1.0,12.646413379837607
269.717,0.016000000000019554,1.536777,23.006649,1.5380333214581667,,,,1.5,23.01,1.5,4.3765574966041205,23.054860950735026,-18.461753448228652,4.3659157162977715,23.054858400144372,-18.461753452311008,,19.999786769686818,0.8674867661281294,3.43463558068365,19.999786773769173,0.8674868622764533,,,,19.999786773769173,1.0,12.680172120079405
269.733,0.016999999999995907,1.535999,23.03224,1.9063364129146172,,,,1.5,23.03,1.9,5.145286371584037,23.124885870680778,-18.092315473656875,5.132918110089834,23.124713051605223,-18.092316880696558,,19.99865188657149,0.8648108361878262,3.585687162603081,19.998653293611174,0.8648173600676506,,,,19.998653293611174,1.0,12.718592178382874
269.75,0.016999999999995907,1.535623,23.057829,2.298106444770023,,,,1.5,23.06,2.3,5.870024546816739,23.212355738997687,-17.6984489199747,5.857656114272299,23.21197265947673,-17.698455052152458,,19.996555364744726,0.8614616969336599,3.760701937466122,19.99656149692248,0.8614761782755463,,,,19.99656149692248,1.0,12.766584962712201
269.767,0.016000000000019554,1.535284,23.08181,2.6903114352934283,,,,1.5,23.08,2.7,6.510642412717346,23.312146156293547,-17.302990653864825,6.499425827733561,23.311552813419333,-17.303005085632936,,19.993302089158252,0.8576345547559416,4.00253619214436,19.993316520926363,0.8576570029868271,,,,19.993316520926363,1.0,12.821354047380634
269.783,0.016999999999995907,1.534274,23.110558,3.05981691164588,,,,1.5,23.11,3.1,7.150186719885244,23.41631643489715,-16.929162953134846,7.145540339954995,23.415543626663197,-16.92918831411182,,19.988979864780724,0.8536346833352194,4.23002832092679,19.9890052257577,0.8536639398367968,,,,19.9890052257577,1.0,12.87854899466476
269.8,0.016999999999995907,1.532776,23.134481,3.4529181002387856,,,,1.5,23.13,3.5,7.745766030582098,23.53786960913517,-16.530052371760668,7.748497085637525,23.537017812442404,-16.530091541879518,,19.982970471999455,0.8489710752855882,4.540846000196176,19.983009642118304,0.8490034634529894,,,,19.983009642118304,1.0,12.945359796843324
269.817,0.016000000000019554,1.53109,23.158379,3.846425763370691,,,,1.5,23.16,3.8,8.0,23.669547631655036,-16.128789325214047,8.0,23.66874226289821,-16.12884258123922,,19.97521508858474,0.8439204415495634,4.855859245508816,19.97526834460991,0.8439514074189746,,,,19.97526834460991,1.0,13.017808244594017
269.833,0.016999999999995907,1.529456,23.185442,4.217155806891144,,,,1.5,23.19,4.2,8.0,23.797547631655192,-15.749052563107101,8.0,23.796742262898366,-15.749118705032382,,19.966208369998245,0.839002769488712,5.161476871715664,19.966274511923526,0.8390339438626881,,,,19.966274511923526,1.0,13.088208244594103
269.85,0.016999999999995907,1.528018,23.210886,4.6115293272830495,,,,1.5,23.21,4.6,8.0,23.93354763165516,-15.34333825336906,8.0,23.932742262898334,-15.343418086563208,,19.95486758065211,0.8337613749438157,5.522777490184836,19.954947413846256,0.8337927678593421,,,,19.954947413846256,1.0,13.163008244594085
269.867,0.01599999999996271,1.526422,23.236303,5.006335187883955,,,,1.5,23.24,5.0,8.0,24.069547631655126,-14.93531194363102,8.0,24.0687422628983,-14.935405468094034,,19.941647131514976,0.8285011183711932,5.857296358654011,19.941740655977988,0.8285327267273936,,,,19.941740655977988,1.0,13.237808244594067
269.883,0.016999999999995907,1.524782,23.261692,5.378311417899087,,,,1.5,23.26,5.4,8.0,24.197547631654828,-14.54917518152544,8.0,24.196742262898002,-14.549281591888564,,19.927486599424526,0.8235333143163533,6.198095234859437,19.92759300978765,0.8235651226629611,,,,19.92759300978765,1.0,13.308208244593903
269.9,0.016999999999995907,1.522849,23.287043,5.7739805128979915,,,,1.5,23.29,5.8,8.0,24.333547631654795,-14.136660871787408,8.0,24.33274226289797,-14.136780973419397,,19.9106413846854,0.8182383303116982,6.536914603328611,19.910761486317387,0.8182703482902081,,,,19.910761486317387,1.0,13.383008244593885
269.917,0.016000000000019554,1.520545,23.312349,6.170080295578396,,,,1.5,23.31,6.2,8.0,24.469547631654763,-13.721834562049375,8.0,24.468742262897937,-13.721968354950231,,19.89191485762777,0.8129253207727801,6.9070772217977705,19.89204865052863,0.8129575454595813,,,,19.89204865052863,1.0,13.457808244593867
269.933,0.016999999999995907,1.518009,23.339195,6.543272509338852,,,,1.5,23.34,6.5,8.0,24.59754763165492,-13.329297799942418,8.0,24.596742262898093,-13.329444478743383,,19.872570309281272,0.8079086015756706,7.224932348004639,19.872716988082235,0.8079410181915996,,,,19.872716988082235,1.0,13.528208244593953
269.95,0.016999999999995907,1.515169,23.362822,6.940258176639256,,,,1.5,23.36,6.9,8.0,24.733547631654886,-12.909983490204386,8.0,24.73274226289806,-12.910143860274216,,19.850241666843644,0.8025634641040571,7.599457966473803,19.850402036913472,0.8025960819836522,,,,19.850402036913472,1.0,13.603008244593935
269.967,0.016000000000019554,1.511253,23.387951,7.337645092559661,,,,1.5,23.39,7.3,8.0,24.869547631654854,-12.488357180466354,8.0,24.868742262898028,-12.48853124180505,,19.826002273026013,0.7971999558122547,7.94701433494296,19.82617633436471,0.7972327721592748,,,,19.82617633436471,1.0,13.677808244593917
269.983,0.033999999999991815,1.507639,23.411459,7.712045748944118,,,,1.5,23.41,7.7,8.0,24.99754763165501,-12.089420418359387,8.0,24.996742262898184,-12.089607365598193,,19.801466167303506,0.792136351096634,8.300238211149832,19.80165311454231,0.7921693517612186,,,,19.80165311454231,1.0,13.748208244594002
270.017,0.016000000000019554,1.503375,23.46312,8.508906770285925,,,,1.5,23.46,8.5,8.0,25.269547631654945,-11.234879798883323,8.0,25.26874226289812,-11.235094128659862,,19.74378656916925,0.7813272662006967,9.035482698088153,19.744000898945785,0.7813606507806182,,,,19.744000898945785,1.0,13.897808244593966
270.033,0.016999999999995907,1.50225,23.488129,8.884509122286385,,,,1.5,23.49,8.9,8.0,25.3975476316551,-10.829543036776347,8.0,25.396742262898275,-10.829770252452995,,19.71405215906273,0.7762187296576403,9.365575324295046,19.71427937473938,0.7762522913633564,,,,19.71427937473938,1.0,13.968208244594052
270.05,0.016999999999995907,1.495687,23.512918,9.28402439041129,,,,1.5,23.51,9.3,8.0,25.53354763165507,-10.396628727038314,8.0,25.532742262898243,-10.396869633983828,,19.6806531174496,0.7707762901325402,9.753325942764194,19.680894024395116,0.7708100376273928,,,,19.680894024395116,1.0,14.043008244594034
270.067,0.016000000000019554,1.481404,23.537374,9.683960123182693,,,,1.5,23.54,9.7,8.0,25.669547631655036,-9.961402417300283,8.0,25.66874226289821,-9.961657015514662,,19.645362540482978,0.765317831945617,10.113919811233368,19.645617138697354,0.7653517627582896,,,,19.645617138697354,1.0,14.117808244594016
270.083,0.016999999999995907,1.464704,23.561563,10.060747726895155,,,,1.5,23.56,10.1,8.0,25.797547631655192,-9.549665655193298,8.0,25.796742262898366,-9.549933139307786,,19.610413382088453,0.7601657980088486,10.479568687440262,19.61068086620294,0.7601998991325195,,,,19.61068086620294,1.0,14.188208244594103
270.1,0.016999999999995907,1.450397,23.585546,10.461505947623058,,,,1.5,23.59,10.5,8.0,25.93354763165516,-9.109951345455265,8.0,25.932742262898334,-9.11023252083862,,19.571457293078325,0.7546772069544738,10.84446305590942,19.571738468461678,0.7547114867394001,,,,19.571738468461678,1.0,14.263008244594085
270.117,0.01599999999996271,1.433325,23.609165,10.862669811989461,,,,1.4,23.61,10.9,8.0,26.069547631655126,-8.667925035717234,8.0,26.0687422628983,-8.668219902369454,,19.530594847706695,0.749172756031698,11.241075674378584,19.530889714358914,0.7492072121237615,,,,19.530889714358914,1.0,14.337808244594067
270.133,0.016999999999995907,1.409966,23.632313,11.240599917588579,,,,1.4,23.63,11.2,8.0,26.197547631654828,-8.249788273611728,8.0,26.196742262898002,-8.250096026164059,,19.490388191200307,0.7439775839036866,11.612949550583947,19.490695943752637,0.7440122038134862,,,,19.490695943752637,1.0,14.408208244593903
270.15,0.03300000000001546,1.383043,23.654987,11.642552978675482,,,,1.4,23.65,11.6,8.0,26.333547631654795,-7.803273963873703,8.0,26.33274226289797,-7.803595407694901,,19.445826942549186,0.7384431150162966,12.013950169053109,19.446148386370382,0.7384779067909464,,,,19.446148386370382,1.0,14.483008244593885
270.183,0.033999999999991815,1.340107,23.699457,12.42392061658935,,,,1.3,23.7,12.4,8.0,26.59754763165492,-6.929910892028684,8.0,26.596742262898093,-6.930258913018856,,19.353831508618033,0.7276547363180274,12.765717913729162,19.354179529608206,0.7276898553326543,,,,19.354179529608206,1.0,14.628208244593953
270.217,0.016000000000019554,1.329343,23.743753,13.230476736435154,,,,1.3,23.74,13.2,7.994938744235929,26.869547631654854,-6.020970272552637,7.989207115207842,26.868742262898028,-6.021345676080541,,19.25144700898779,0.7164782702298931,13.583231150667473,19.251822412515693,0.7165137178415592,,,,19.251822412515693,1.0,14.777808244593917
270.233,0.016999999999995907,1.331623,23.766003,13.610546940339619,,,,1.3,23.77,13.6,7.964374407558609,26.997466651562785,-5.590034158286369,7.956529436984606,26.99656957674151,-5.590423181362898,,19.20058109862599,0.7111993634971131,13.937273764664482,19.200970121702518,0.7112374061867781,,,,19.200970121702518,1.0,14.848113267207832
270.25,0.016999999999995907,1.334859,23.788305,14.014761410863022,,,,1.3,23.79,14.0,7.907837002391322,27.132861016491248,-5.129926373108021,7.897071262895109,27.131830577170216,-5.130331780054759,,19.144687783971044,0.7055904562491577,14.348941211983824,19.14509319091778,0.7056321959723282,,,,19.14509319091778,1.0,14.92250681744362
270.267,0.016000000000019554,1.33719,23.810625,14.419355482988424,,,,1.3,23.81,14.4,7.831007808229052,27.26729424553187,-4.6675250533809365,7.816733565419117,27.2660807886394,-4.667949533445489,,19.08688053636936,0.6999917323845587,14.759299427152108,19.087305016433913,0.7000384530653474,,,,19.087305016433913,1.0,14.996344433751672
270.283,0.016999999999995907,1.338261,23.832949,14.80049664330889,,,,1.3,23.83,14.8,7.726655713402575,27.392590370463687,-4.230245976452438,7.7119801703704045,27.39114852568626,-4.230691698930349,,19.030742619761327,0.6947405251706826,15.13949719983141,19.03118834223924,0.6947933681712031,,,,19.03118834223924,1.0,15.065131689127444
270.3,0.016999999999995907,1.338446,23.855263,15.205850155023292,,,,1.3,23.86,15.2,7.598975619732939,27.523943517591498,-3.7634554384040815,7.58334464035175,27.522252188582524,-3.7639277928591772,,18.96930559342737,0.6891928687945257,15.513148064604227,18.96977794788247,0.689252384503329,,,,18.96977794788247,1.0,15.137238703720389
270.317,0.016000000000019554,1.338104,23.877567,15.611583031470195,,,,1.3,23.88,15.6,7.457750448348589,27.653126103126926,-3.294450346628088,7.440280072612969,27.65116904746847,-3.2949537123528563,,18.906033378098282,0.6836852118488134,15.910913760476753,18.90653674382305,0.6837518049007765,,,,18.90653674382305,1.0,15.208142976107661
270.333,0.016999999999995907,1.337344,23.899851,15.993795380782663,,,,1.3,23.9,16.0,7.287605828718206,27.77245011030065,-2.8510457369201254,7.271313102896677,27.770213528630425,-2.851582651743523,,18.84484111770279,0.6785444223631296,16.27544381697107,18.845378032526185,0.6786184057640411,,,,18.845378032526185,1.0,15.273617440746735
270.35,0.03299999999995862,1.336264,23.922113,16.400286093990566,,,,1.3,23.92,16.4,6.917617986392225,27.89633940938883,-2.377861026002879,6.901290903137581,27.89382585137964,-2.378438317013552,,18.778147119993445,0.6731401867613299,16.658077624331398,18.778724411004116,0.6732215405322506,,,,18.778724411004116,1.0,15.341604218258801
270.383,0.016999999999995907,1.334037,23.966583,17.190443418737573,,,,1.3,23.97,17.2,6.689906854740295,28.124620802939486,-1.4535151825006212,6.675655373512745,28.121568451182892,-1.454184311022429,,18.643958601238193,0.6629052434829483,17.3285138547786,18.644627729760003,0.6630009902230665,,,,18.644627729760003,1.0,15.466862648150592
270.4,0.016999999999995907,1.333158,23.988796,17.598068098083974,,,,1.3,23.99,17.6,6.444760737881191,28.23834921947004,-0.9744299373102554,6.431148724495048,28.23505459253258,-0.9751530151509629,,18.57249803539423,0.6577048074250986,17.67964344945921,18.573221113234936,0.6578071613910411,,,,18.573221113234936,1.0,15.529280025892922
270.417,0.016000000000019554,1.332275,24.010994,18.006070271414877,,,,1.3,24.01,18.0,6.19861324856495,28.347910152013995,-0.49344673265275685,6.1842472203313745,28.34438412084897,-0.4942277860873354,,18.499517004067634,0.6525883885219428,18.017189111474597,18.500298057502214,0.6526971261264467,,,,18.500298057502214,1.0,15.589411266466936
270.433,0.016999999999995907,1.331271,24.033173,18.390416706615348,,,,1.3,24.03,18.4,5.922675984797712,28.447087963991155,-0.039086747724160334,5.910233364428738,28.443332076374393,-0.03992605650899327,,18.429503454339507,0.6478520218894781,18.318223183069215,18.43034276312434,0.6479670776137004,,,,18.43034276312434,1.0,15.643832642005917
270.45,0.016999999999995907,1.330224,24.055332,18.79917301627475,,,,1.3,24.06,18.8,-8.0,28.547773455732692,0.44536957434337576,-8.0,28.543806043569656,0.4444646175104145,,18.353803441931376,0.6429154088108311,18.5959595701647,18.354708398764334,0.6430364742090615,,,,18.354708398764334,1.0,15.699093323963313
270.467,0.016000000000019554,1.329265,24.077477,19.20830587764265,,,,1.3,24.08,19.2,-7.710089407810355,28.411773455732725,0.9295257230907152,-7.711445691660783,28.40780604356969,0.9285533202509824,,18.278780154551935,0.6433523124852234,18.038095867424136,18.279752557391667,0.6434763926983872,,,,18.279752557391667,1.0,15.62429332396333
270.483,0.016999999999995907,1.328461,24.099611,19.593715655563123,,,,1.3,24.1,19.6,-7.4083408979166885,28.28841202520761,1.3831272069387923,-7.408603862713723,28.284422912502965,1.3820911519001178,,18.210588448624332,0.6437472853688996,17.528353509582963,18.211624503663007,0.6438747065832008,,,,18.211624503663007,1.0,15.556432601876631
270.5,0.016999999999995907,1.327848,24.121737,20.003601005177526,,,,1.3,24.12,20.0,-7.113321708576074,28.162470229943057,1.8629597061074576,-7.114311816672925,28.158476646836863,1.8618557981543906,,18.14064129907007,0.6441424048016383,17.011185606587247,18.141745207023135,0.6442729638593947,,,,18.141745207023135,1.0,15.487162155760275
270.517,0.016000000000019554,1.327706,24.143869,20.413862408213426,,,,1.3,24.14,20.4,-6.841953177566755,28.041543760897294,2.3406938250294855,-6.845340628958994,28.037533345953452,2.3395218830929934,,18.07316858318394,0.6445140373614587,16.51398309243608,18.074340525120434,0.6446480259908111,,,,18.074340525120434,1.0,15.4206433402744
270.533,0.016999999999995907,1.328076,24.166012,20.8003342585819,,,,1.3,24.17,20.8,-6.559801336278069,27.93207251005609,2.78848275519766,-6.562949440818008,27.928007895889973,2.787246213028288,,18.01185150338424,0.6448447925552112,16.029346104144782,18.01308804555361,0.6449829186780095,,,,18.01308804555361,1.0,15.360404342739486
270.55,0.016999999999995907,1.328599,24.188162,21.2113483695638,,,,1.3,24.19,21.2,-6.2842708667854925,27.820555887339392,3.2623800965754075,-6.289185358658241,27.816437755396095,3.2610740010641055,,17.948968272988395,0.6451692894158392,15.569025613028689,17.950274368499695,0.6453117586926648,,,,17.950274368499695,1.0,15.299040765467852
270.567,0.016000000000019554,1.32889,24.210314,21.6227391061192,,,,1.3,24.21,21.6,-6.031162707258405,27.713723282604064,3.734421469519813,-6.039598546841128,27.70952160429893,3.7330446556213994,,17.88831763659939,0.6454678591608767,15.12679513162422,17.889694450497803,0.6456154207917594,,,,17.889694450497803,1.0,15.240236882364414
270.583,0.016999999999995907,1.328862,24.232458,22.010274228039677,,,,1.3,24.23,22.0,-5.768354711480185,27.617224679287812,4.177069053215488,-5.778279943473109,27.612888027549356,4.175623932676727,,17.833205174824187,0.6457276349060019,14.722456629128597,17.834650295362948,0.6458813825475022,,,,17.834650295362948,1.0,15.187088415152147
270.6,0.016999999999995907,1.328685,24.254601,22.42241803459858,,,,1.3,24.25,22.4,-5.512111003147226,27.519162649192673,4.645728345507459,-5.525617043083954,27.514657268510337,4.644208067693121,,17.77668968909112,0.6459749490093092,14.313582264575327,17.778209966905457,0.6461359773960209,,,,17.778209966905457,1.0,15.133061497680687
270.617,0.03299999999995862,1.328971,24.276758,22.83493824658098,,,,1.3,24.28,22.8,-5.0273581541071115,27.42545676213919,5.112757610503667,-5.051021359794632,27.42072177877793,5.111158789594959,,17.72218063607731,0.646194547999024,13.890671107199436,17.72377945698602,0.6463644392724632,,,,17.72377945698602,1.0,15.081396978327863
270.65,0.016999999999995907,1.331169,24.32114,23.636794885289472,,,,1.3,24.32,23.6,-4.790924788991228,27.259553943053866,6.015060287138222,-4.819820104601358,27.25403807390492,6.013292327163095,,17.62173459815125,0.6464425146120751,13.182915765756675,17.623502558126376,0.6466382159713959,,,,17.623502558126376,1.0,14.989720940647707
270.667,0.016000000000019554,1.332333,24.343363,24.050446619209872,,,,1.3,24.34,24.1,-4.574417986543553,27.178108221641036,6.477780415538017,-4.593975550968546,27.172101132126716,6.475914510414252,,17.572666203671854,0.6465742965023341,12.835177609120294,17.57453210879562,0.64678590821291,,,,17.57453210879562,1.0,14.944655622669694
270.683,0.016999999999995907,1.334314,24.365633,24.440110965834347,,,,1.3,24.37,24.4,-4.350262392288113,27.10491753385625,6.912044621582527,-4.375513465924681,27.09859752331113,6.910080099658285,,17.52806634425182,0.6466747711871043,12.487177735481367,17.530030866176062,0.6468980858177674,,,,17.530030866176062,1.0,14.904228637821124
270.7,0.016999999999995907,1.337282,24.387964,24.854519535207245,,,,1.3,24.39,24.9,-4.132378339214334,27.03096307318737,7.372199606742287,-4.148342459474818,27.02421379439043,7.370123995858638,,17.48231992846496,0.6467516485125191,12.167173329746666,17.484395539348608,0.6469899798889965,,,,17.484395539348608,1.0,14.863317586914738
270.717,0.016000000000019554,1.340574,24.410353,25.269308160456145,,,,1.3,24.41,25.3,-3.9331689971248895,26.96071264142074,7.831128850316346,-3.9433047416724945,26.953691972579374,7.8289361948777705,,17.438179310139798,0.6467996429496777,11.86120738180105,17.440371965578375,0.6470494648124968,,,,17.440371965578375,1.0,14.824530584918657
270.733,0.016999999999995907,1.344087,24.432802,25.660045401928624,,,,1.3,24.43,25.7,-3.727241542272593,26.897781937466668,8.261996806947971,-3.7299857697623384,26.89059909671254,8.259690523432631,,17.39804859498065,0.6468209399358102,11.58152364592858,17.400354878495992,0.6470794799295952,,,,17.400354878495992,1.0,14.789829503191898
270.75,0.016999999999995907,1.347661,24.455307,26.075597256500025,,,,1.3,24.46,26.1,-3.5274491126726075,26.834418831248048,8.718720513481937,-3.525569898333066,26.827189338626592,8.716291725132905,,17.356876743018088,0.6468139612849158,11.270624422020177,17.35930553136712,0.6470788017428524,,,,17.35930553136712,1.0,14.754954136244628
270.767,0.016000000000019554,1.350504,24.477846,26.491532212514425,,,,1.4,24.48,26.5,-3.3451616336904095,26.77445219633263,9.174395917216263,-3.339236186212619,26.767254650354946,9.171844499039139,,17.317136295298162,0.6467783605174988,11.002695559844774,17.319687713475286,0.6470475937750164,,,,17.319687713475286,1.0,14.721990057695221
270.783,0.016999999999995907,1.352348,24.500401,26.883350613026906,,,,1.4,24.5,26.9,-3.157138750445198,26.720929610193515,9.602358971668995,-3.145819875055255,26.713826871375478,9.599693151213506,,17.28099164135791,0.6467211992042953,10.757541819251454,17.283657461813398,0.6469929428319109,,,,17.283657461813398,1.0,14.692604779256515
270.8,0.016999999999995907,1.353195,24.522957,27.300052844312805,,,,1.4,24.52,27.3,-2.975189860967737,26.66725825143596,10.056158568492737,-2.9617400407506054,26.66034793349955,10.053373637054834,,17.243894275820068,0.6466316901885304,10.512519289303317,17.24667920725797,0.6469037557303213,,,,17.24667920725797,1.0,14.663191363424755
270.817,0.016000000000019554,1.353194,24.545502,27.717138649990204,,,,1.4,24.55,27.7,-2.8096333234825335,26.61668002379952,10.509072043832129,-2.7967670279751635,26.6099983528068,10.50617158048833,,17.208066606158077,0.6465143883749342,10.247844356304473,17.210967069501876,0.6467857247231463,,,,17.210967069501876,1.0,14.635499094043743
270.833,0.016999999999995907,1.352665,24.568033,28.110039890822684,,,,1.4,24.57,28.1,-2.6393076625627634,26.571725890623746,10.934579291148035,-2.6259073332644767,26.565250080359146,10.931573567954176,,17.17546059967465,0.6463810695012207,10.033250747537268,17.17846632286851,0.6466517827200619,,,,17.17846632286851,1.0,14.610887544197531
270.85,0.016999999999995907,1.351889,24.590548,28.527891911915084,,,,1.4,24.59,28.5,-2.474934838336862,26.52685766036019,11.38591725133129,-2.464215321075794,26.52060965569366,11.382803375710516,,17.141974660583795,0.6462120346127358,9.819225747423861,17.145088536204568,0.646481689478195,,,,17.145088536204568,1.0,14.586335310631515
270.867,0.01599999999996271,1.351149,24.613052,28.946126575875482,,,,1.4,24.61,28.9,-2.3257734674701895,26.48478376810847,11.836516203473165,-2.320531846330054,26.47871799523538,11.833297660743304,,17.109610372402315,0.6460166155105549,9.614772216473664,17.112828915132177,0.6462861577441734,,,,17.112828915132177,1.0,14.56329489737946
270.883,0.016999999999995907,1.350479,24.635548,29.34010835494656,,,,1.4,24.64,29.3,-2.1726978111259583,26.447571392629033,12.259975044758079,-2.1716603746325633,26.441589485694188,12.256660120589753,,17.080133310188483,0.6458110295506655,9.395912356692762,17.08344823435681,0.6460824998285198,,,,17.08344823435681,1.0,14.542874217131804
270.9,0.016999999999995907,1.349999,24.658037,29.75910781516196,,,,1.3,24.66,29.8,-2.0253716646219613,26.4106355298399,12.709269803598957,-2.0171953185710314,26.404671259325443,12.705853336922312,,17.049838011563004,0.6455671236044034,9.20865864549799,17.05325447823965,0.6458423326219933,,,,17.05325447823965,1.0,14.522569192628994
270.917,0.016000000000019554,1.349544,24.680517,30.17848951901736,,,,1.3,24.68,30.2,-1.89205538657485,26.376204211541335,13.157957941400591,-1.880696539586084,26.370378938909745,13.154441263607204,,17.020531577616772,0.6452987488688445,9.030443230246894,17.024048255410158,0.645574653851144,,,,17.024048255410158,1.0,14.503708416400361
270.933,0.016999999999995907,1.349105,24.70299,30.573550532649843,,,,1.3,24.7,30.6,-1.7556112552532748,26.3459313253561,13.579735025696287,-1.740250644539874,26.340287794276332,13.576126597473209,,16.993815506953556,0.6450261824905846,8.866576347259059,16.997423935176634,0.6453013751379788,,,,16.997423935176634,1.0,14.487158286851983
270.95,0.016999999999995907,1.348565,24.725452,30.993696308322242,,,,1.3,24.73,31.0,-1.6246992277872125,26.316085934016805,14.027362172400847,-1.608687537403592,26.31070353331916,14.023660023757662,,16.966334135921393,0.6447134341505665,8.673584129470244,16.97003628456458,0.6449860325123646,,,,16.97003628456458,1.0,14.470886943325539
270.967,0.016000000000019554,1.348024,24.747904,31.41422385996464,,,,1.3,24.75,31.4,-1.5066196016320212,26.28846604714443,14.474500864240609,-1.493474743087312,26.283355845183305,14.470709528474826,,16.939722995724033,0.6443785257513761,8.519103989801541,16.943514331489816,0.64464805907176,,,,16.943514331489816,1.0,14.455845714850819
270.983,0.016999999999995907,1.347429,24.770346,31.810362871037125,,,,1.3,24.77,31.8,-1.3861483642134995,26.264360133518288,14.894923473686426,-1.37535925719421,26.25946024929388,14.891052057231157,,16.9154393973507,0.6440453645685205,8.376343061444725,16.919310813805968,0.6443129696186702,,,,16.919310813805968,1.0,14.442703137111636
271.0,0.016999999999995907,1.346656,24.792768,32.231653456527525,,,,1.3,24.79,32.2,-1.270972167160909,26.240795611326664,15.3412172975175,-1.2662217386574712,26.236079141921586,15.337264142056382,,16.890436159010022,0.6436708859436937,8.235342210515464,16.89438931447114,0.6439372751958302,,,,16.89438931447114,1.0,14.429843528056873
271.017,0.016000000000019554,1.345061,24.815149,32.65332510431942,,,,1.3,24.82,32.7,-1.1674945663432563,26.219189084484935,15.787127167431791,-1.1550565187674986,26.214553372364414,15.783094518427706,,16.86619793688763,0.6432768718567315,8.06960586927034,16.870230585891715,0.6435444596846134,,,,16.870230585891715,1.0,14.418004354800429
271.033,0.016999999999995907,1.342604,24.837479,33.05053965612791,,,,1.3,24.84,33.1,-1.062348939095763,26.20050917142342,16.206484753479568,-1.0416304067542745,26.19607246806411,16.20237952515165,,16.84405490264834,0.6428903649330583,7.945145543810569,16.84816013097626,0.6431559597919123,,,,16.84816013097626,1.0,14.407839857435262
271.05,0.016999999999995907,1.339491,24.859745,33.47297080540581,,,,1.3,24.86,33.5,-0.962297912474402,26.182449239458798,16.651739899971957,-0.9375842503676334,26.178364751149292,16.647562241514855,,16.82123090543385,0.6424620841079707,7.823285290378417,16.825408563890953,0.6427219088675994,,,,16.825408563890953,1.0,14.398100613132112
271.067,0.016000000000019554,1.335041,24.883308,33.895780026855206,,,,1.3,24.88,33.9,-0.8728178869747262,26.16609017494674,17.096702484994296,-0.8482935867787933,26.162425818893045,17.09245896136011,,16.79907754186091,0.6420171080028431,7.7073753774569,16.803321065495098,0.6422692292302908,,,,16.803321065495098,1.0,14.389334200391176
271.083,0.016999999999995907,1.335396,24.904278,34.294083840103696,,,,1.3,24.9,34.3,-0.7822465061901971,26.152125088755128,17.515248207104424,-0.7577163166719635,26.14885312150457,17.5109491928838,,16.77883563299927,0.6415859352177015,7.599417785276666,16.783134647219896,0.6418306213750387,,,,16.783134647219896,1.0,14.381869216827514
271.1,0.016999999999995907,1.374094,24.92803,34.7176495308256,,,,1.4,24.93,34.7,-0.6952371383435771,26.138826898149897,17.95972129899301,-0.672853480783415,26.13597194412115,17.955370205941513,,16.757928231832587,0.6411124836294283,7.462605285905106,16.762279324884084,0.6413489944327277,,,,16.762279324884084,1.0,14.374784569266634
271.117,0.01599999999996271,1.46082,24.953747,35.141624597408494,,,,1.5,24.95,35.1,-0.6152999089435289,26.12700786679806,18.40398089449496,-0.598681177368585,26.124533434947832,18.399584501663494,,16.737643702913534,0.6406261209950322,7.361750043101486,16.742040095745,0.6408550850270307,,,,16.742040095745,1.0,14.368493389221308
271.133,0.016999999999995907,1.54665,24.980507,35.54107153436756,,,,1.5,24.98,35.5,-0.5320863731717838,26.117163068254985,18.821934261974413,-0.5235532238478039,26.114954536109956,18.817500405430984,,16.719137272393148,0.6401590107125764,7.235898605054114,16.723571128936577,0.640382931006538,,,,16.723571128936577,1.0,14.363224994860477
271.15,0.016999999999995907,1.580608,25.006914,35.96596364429246,,,,1.6,25.01,36.0,-0.4524011111646216,26.10811759991107,19.265849147653718,-0.4365961868880634,26.106054131304546,19.261378979103903,,16.70011449663874,0.6396521860578576,7.112228057293149,16.704584665188555,0.6398739764029521,,,,16.704584665188555,1.0,14.358329772217502
271.167,0.016000000000019554,1.553277,25.032084,36.39130958014835,,,,1.6,25.03,36.4,-0.38232778609295104,26.100426781021273,19.709621774891538,-0.3636187644172122,26.09863199612745,19.705118811186967,,16.681687805256814,0.63913467565928,7.0247189539432195,16.686190768961385,0.639351164897735,,,,16.686190768961385,1.0,14.3542475978701
271.183,0.016999999999995907,1.488364,25.055828,36.79202174360484,,,,1.5,25.06,36.8,-0.3137550397653214,26.094309536443777,20.12717966543177,-0.2929648762187944,26.09281409589677,20.12265037992367,,16.664842078173074,0.6386389360062836,6.911240624779005,16.669371363681172,0.6388491215404213,,,,16.669371363681172,1.0,14.351047752743225
271.2,0.016999999999995907,1.414332,25.078363,37.21818588820274,,,,1.4,25.08,37.2,-0.25150804502495744,26.08897570076777,20.57073758994796,-0.23414180356884126,26.087833693001052,20.566185886129194,,16.64744829825478,0.6381027944215097,6.8318250439051695,16.652000002073546,0.6383052037985435,,,,16.652000002073546,1.0,14.348308531150579
271.217,0.016000000000019554,1.350344,25.100052,37.644722430176635,,,,1.4,25.1,37.6,-0.19845437979878958,26.084700064002345,21.0142138339484,-0.18691749281804226,26.08385328234038,21.00964522541949,,16.630508596228236,0.6375579767228694,6.755722956650227,16.635077204757145,0.6377538251229021,,,,16.635077204757145,1.0,14.34611930528721
271.233,0.016999999999995907,1.302632,25.121172,38.046496106209126,,,,1.3,25.12,38.0,-0.14705034557144858,26.08152479392556,21.431543632812335,-0.14330403573096998,26.08086260245529,21.426962952498364,,16.61495247339679,0.6370391533729058,6.682898390754965,16.619533153710762,0.6372309615306272,,,,16.619533153710762,1.0,14.344474431350411
271.25,0.016999999999995907,1.266623,25.141815,38.473744260533024,,,,1.3,25.14,38.5,-0.1004234926232461,26.079024938050846,21.874908305534028,-0.09054538748644211,26.078426433847866,21.870316909306837,,16.598835954998997,0.6364822302378457,6.611887972485727,16.603427351226188,0.6366728987020539,,,,16.603427351226188,1.0,14.343134538616328
271.267,0.016000000000019554,1.233816,25.163225,38.90133814255642,,,,1.2,25.16,38.9,-0.06076985235251156,26.07731773867625,22.3182372182861,-0.0517192659163479,26.076887162260597,22.31363707487365,,16.58310092427032,0.6359204995870913,6.543841470805527,16.58770106768277,0.6361074067033998,,,,16.58770106768277,1.0,14.34228793924333
271.283,0.016999999999995907,1.203563,25.182848,39.304107671004914,,,,1.2,25.18,39.3,-0.022719783305993724,26.07634542103861,22.73546652356433,-0.01414795286646267,26.076059654005935,22.730860649404292,,16.568641147440584,0.6353896943730799,6.478136407855351,16.573247021600622,0.6355732898875524,,,,16.573247021600622,1.0,14.341832809703265
271.3,0.016999999999995907,1.173708,25.200741,39.73239000185831,,,,1.2,25.2,39.7,0.011078533693095326,26.075959184722407,23.178761112713193,0.015194482837586131,26.075819138807205,23.174151619143096,,16.55362888914512,0.6348233931445825,6.414353398867233,16.558238382715217,0.6350035753267096,,,,16.558238382715217,1.0,14.341700526343963
271.317,0.016000000000019554,1.141474,25.21932,40.16097219966421,,,,1.1,25.22,40.2,0.0389963817546158,26.07614751979519,23.622054019701487,0.04901067005171142,26.076077445015443,23.617442740105485,,16.53891817996272,0.6342546638611984,6.352196176904245,16.543529459558723,0.6344332077722484,,,,16.543529459558723,1.0,14.341842594758495
271.333,0.016999999999995907,1.111873,25.237461,40.5646274283367,,,,1.1,25.24,40.6,0.0649670910195893,26.076771461903263,24.039277371555585,0.08125034360018027,26.07686161573627,24.034666252592007,,16.525350056781114,0.633719173438466,6.291755644464859,16.529961175744692,0.6338938105101408,,,,16.529961175744692,1.0,14.34227388865495
271.35,0.016999999999995907,1.086436,25.255239,40.9938249309851,,,,1.1,25.26,41.0,0.08726885901870435,26.077875902450597,24.482591874152483,0.10526007580991349,26.078242871577473,24.477984640734068,,16.511233056832616,0.63315099429862,6.233271241469069,16.51584029025103,0.6333187543188177,,,,16.51584029025103,1.0,14.343033579367612
271.367,0.01599999999996271,1.064043,25.272676,41.423320983987,,,,1.1,25.27,41.4,0.10501534183577073,26.079359473053913,24.925928374844165,0.11998764269640633,26.080032292866242,24.921329979631732,,16.497392609142832,0.6325842713349039,6.207702254095751,16.501991004355265,0.6327442703692169,,,,16.501991004355265,1.0,14.344017761076435
271.383,0.033999999999991815,1.042124,25.29085,41.82781999749005,,,,1.0,25.29,41.8,0.13662241667167646,26.081039718523282,25.34321156837581,0.13957893520953576,26.08195209514938,25.338625854734882,,16.484608429114243,0.632053346301472,6.150953027869135,16.48919414275517,0.6322070557679526,,,,16.48919414275517,1.0,14.34507365233216
271.417,0.016000000000019554,1.003956,25.32305,42.68831124516185,,,,1.0,25.32,42.7,0.14559944876220543,26.085684880690117,26.230045886562223,0.15073211141325912,26.0866977789465,26.2254929025943,,16.458265358599625,0.630930927590206,6.072007341025422,16.462818342567548,0.6310809624916961,,,,16.462818342567548,1.0,14.347683778420576
271.433,0.016999999999995907,0.98476,25.339209,43.093608551530345,,,,1.0,25.34,43.1,0.15248047014210578,26.088014471870316,26.64743548138322,0.15960009329283176,26.089109492729115,26.642899360768215,,16.446173070147125,0.630411068189202,6.016788081998443,16.45070919076213,0.6305584786382551,,,,16.45070919076213,1.0,14.349010221001015
271.45,0.016999999999995907,0.966314,25.355064,43.52451740235024,,,,1.0,25.36,43.5,0.15667598148424874,26.09060663986273,27.090953760832843,0.16101029400007372,26.09182269431509,27.086437284357984,,16.4335636415174,0.6298651414417192,5.9625329889050125,16.438080117992257,0.6300088847979869,,,,16.438080117992257,1.0,14.350502481873301
271.467,0.016000000000019554,0.946813,25.370573,43.95569312272314,,,,0.9,25.37,44.0,0.15819006201104863,26.093270131547964,27.534516713389728,0.16889010284626824,26.09455986931309,27.530021536148716,,16.421176409333412,0.6293261184415309,5.94002816025413,16.425671586574424,0.6294672785759774,,,,16.425671586574424,1.0,14.352007928122202
271.483,0.033999999999991815,0.927008,25.385759,44.36174348278764,,,,0.9,25.39,44.4,0.15677477527150455,26.095801172540146,27.952029283822945,0.1798241027842956,26.097262110958635,27.9475561119914,,16.409714198964693,0.6288258440684381,5.885663066600681,16.41418737079624,0.6289620459421171,,,,16.41418737079624,1.0,14.35349416102725
271.517,0.016000000000019554,0.890209,25.415245,45.22539509941143,,,,0.9,25.42,45.2,0.15180476214929808,26.101131514899375,28.839377139509203,0.17066379422353914,26.1033761304533,28.83496696209519,,16.386017959902226,0.6277895634734668,5.810952951040262,16.39042813731624,0.6279045306401755,,,,16.39042813731624,1.0,14.356856871749315
271.533,0.016999999999995907,0.871554,25.430447,45.63215296616393,,,,0.9,25.43,45.6,0.14463132875891896,26.103560391093765,29.25701467475766,0.15830072467496475,26.10610675116088,29.252642825148616,,16.37513829140627,0.6273143604193273,5.788355031554072,16.379510141015313,0.6274206375214088,,,,16.379510141015313,1.0,14.358358713138484
271.55,0.03300000000001546,0.85584,25.44359,46.064596504716825,,,,0.9,25.44,46.1,0.12704372910670939,26.106019123682668,29.700796100633152,0.15432846238546535,26.108797863480355,29.696469514372957,,16.363800404083673,0.6268209766704292,5.765612653602801,16.368126990343868,0.6269199783127036,,,,16.368126990343868,1.0,14.359838824914195
271.583,0.016999999999995907,0.815558,25.47056,46.904700979597216,,,,0.8,25.47,46.9,0.11443780411257969,26.110211566743192,30.562363907025585,0.13951389704696274,26.113890702739077,30.55814387571598,,16.34233707257163,0.6258983015437152,5.687288297436567,16.346557103881235,0.6259717209495194,,,,16.346557103881235,1.0,14.362639886506493
271.6,0.016999999999995907,0.795295,25.483528,47.33781834772811,,,,0.8,25.48,47.3,0.10020949360245321,26.112157009413107,31.00625403992281,0.11780169473091981,26.116262438988876,31.002100177420562,,16.3315643078053,0.6254391125910425,5.6634239802827135,16.335718170307548,0.6254998474023608,,,,16.335718170307548,1.0,14.363944341443883
271.617,0.03299999999995862,0.771725,25.496044,47.77115324385551,,,,0.8,25.5,47.8,0.06948467388185744,26.11386057080435,31.45017518935455,0.0973967171320531,26.118265067799303,31.446093661228154,,16.32097805450096,0.6249929232121287,5.606437141269016,16.325059582627354,0.6250437975206171,,,,16.325059582627354,1.0,14.365045787289619
271.65,0.03300000000001546,0.726813,25.520041,48.612942900116956,,,,0.7,25.52,48.6,0.03346348882434821,26.116153565042445,32.31197042259494,0.05315179899483812,26.121479159464656,32.30804944097692,,16.300972477522016,0.6241720258277829,5.553477508343114,16.304893459140033,0.6241948765459647,,,,16.304893459140033,1.0,14.366813537705562
271.683,0.033999999999991815,0.71177,25.543709,49.45550000279585,,,,0.7,25.54,49.5,-0.006434480002681396,26.11725786017365,33.17382171111141,0.025693091284282252,26.123233168831486,33.17008719439421,,16.281678291684443,0.6234068821027519,5.495555266454254,16.285412808401638,0.6234072445455303,,,,16.285412808401638,1.0,14.36777824285732
271.717,0.016000000000019554,0.712727,25.567476,50.32439751185564,,,,0.7,25.57,50.3,-0.025734097578447454,26.117039087853556,34.06180475922766,0.0005496705796923726,26.12410673393515,34.05829197274103,,16.26259275262798,0.6226813345082194,5.4026639637707525,16.266105539114612,0.6226473389034574,,,,16.266105539114612,1.0,14.368258703664333
271.733,0.016999999999995907,0.713482,25.580109,50.733568356912144,,,,0.7,25.58,50.7,-0.04631872145122181,26.1166273422923,34.47967409066934,-0.02779581125328164,26.124115528664426,34.47627775084234,,16.253894266242803,0.6223580883248981,5.370724812554309,16.2572906060698,0.6223097041594251,,,,16.2572906060698,1.0,14.368263540765435
271.75,0.016999999999995907,0.712228,25.591946,51.168533308061036,,,,0.7,25.59,51.2,-0.06701991600560817,26.11583992402763,34.923650062432955,-0.04475888468382837,26.12364299987312,34.9203836983348,,16.24488324562808,0.6220318126043548,5.337153274038549,16.248149609726234,0.621971047828404,,,,16.248149609726234,1.0,14.368003649930216
271.767,0.03300000000001546,0.708539,25.603685,51.603699307006934,,,,0.7,25.6,51.6,-0.10739476544067394,26.114700585455534,35.367609656763456,-0.09011052089607356,26.122882098833493,35.36447916167371,,16.23608965024348,0.6217222210575946,5.302598781730548,16.239220145333228,0.6216473390605849,,,,16.239220145333228,1.0,14.367585154358423
271.8,0.03300000000001546,0.697176,25.626118,52.44900671149283,,,,0.7,25.63,52.4,-0.1478063413196755,26.11115655819599,36.22933629963411,-0.149348247620835,26.119908451643923,36.22648520575699,,16.219670411858715,0.6211777856606489,5.196535690305623,16.22252150573584,0.6210788041531147,,,,16.22252150573584,1.0,14.36594964840416
271.833,0.016999999999995907,0.662965,25.648708,53.295048217825226,,,,0.7,25.65,53.3,-0.16894138271477963,26.106278948932438,37.09092398550214,-0.1692173915380105,26.114979959472432,37.08836086454081,,16.20412423232309,0.6206983486241238,5.115852888675175,16.206687353284416,0.6205896913738937,,,,16.206687353284416,1.0,14.36323897770984
271.85,0.016999999999995907,0.634529,25.658197,53.731172052267624,,,,0.6,25.66,53.7,-0.19050980560105327,26.103406945426286,37.534706315604076,-0.19784845736703083,26.112103263816287,37.53229107193866,,16.196465736663548,0.6204732497380544,5.074106380144455,16.198880980328966,0.6203591038480558,,,,16.198880980328966,1.0,14.361656795098959
271.867,0.01599999999996271,0.609067,25.668072,54.16745309070802,,,,0.6,25.67,54.2,-0.21102468776758335,26.10016827873107,37.9784367050093,-0.2136597612740658,26.10873984004105,37.97616823832134,,16.18901638569872,0.6202648279050021,5.030711236188271,16.19128485238668,0.6201480788266656,,,,16.19128485238668,1.0,14.359806912022579
271.883,0.016999999999995907,0.603358,25.678179,54.57822020328307,,,,0.6,25.68,54.6,-0.2324012902078065,26.096791883726794,38.39601238630799,-0.231968023395972,26.105321283860672,38.39388072731158,,16.18220781697508,0.6200841808094365,4.98711958673538,16.184339475971484,0.6199632366132676,,,,16.184339475971484,1.0,14.35792670612337
271.9,0.03300000000001546,0.614549,25.688623,55.01483643151396,,,,0.6,25.69,55.0,-0.2719717518864919,26.092841061793262,38.8396242663448,-0.27885686236252677,26.10137782746294,38.837637669757726,,16.175212165169164,0.6199099640726322,4.941751813494664,16.177198761756237,0.6197833259489913,,,,16.177198761756237,1.0,14.355757805104618
271.933,0.016999999999995907,0.610851,25.708889,55.86289561244486,,,,0.6,25.71,55.9,-0.2909215638926263,26.083865993981004,39.70053993276548,-0.29218361182719,26.092175551004974,39.69883130050285,,16.16235567967938,0.6196303754745915,4.846562866629354,16.164064311942006,0.6194985266883745,,,,16.164064311942006,1.0,14.350696553052737
271.95,0.016999999999995907,0.569721,25.717672,56.30003499341425,,,,0.6,25.72,56.3,-0.3102531656185284,26.07892032739483,40.14392361649707,-0.31138771248763525,26.087208429603912,40.14235606433792,,16.15611137691718,0.6195084449085054,4.797723571060235,16.157678929076333,0.6193717113380559,,,,16.157678929076333,1.0,14.347964636282153
271.967,0.016000000000019554,0.516621,25.725542,56.73731774209865,,,,0.5,25.73,56.7,-0.32906374974790714,26.073646023579315,40.587220430480244,-0.3373422249928709,26.081914838491624,40.585793612116625,,16.150097311618403,0.6194031052279111,4.747777836494757,16.151524129982022,0.6192614395836322,,,,16.151524129982022,1.0,14.345053161170394
271.983,0.016999999999995907,0.47046,25.733355,57.14899254158715,,,,0.5,25.73,57.1,-0.34943998862236,26.06838100358334,41.00435664669806,-0.36606814886419153,26.07651736289173,41.003061069728204,,16.144635894889092,0.6193187023263877,4.729642847363794,16.145931471858944,0.6191751470169656,,,,16.145931471858944,1.0,14.342084549590453
272.0,0.03300000000001546,0.445926,25.740061,57.58652755805704,,,,0.4,25.74,57.6,-0.38839324534075104,26.06244052377676,41.44746862968051,-0.4033254704230037,26.07029420436104,41.44630896804974,,16.139058928376535,0.6192458804329116,4.676569414307414,16.1402185900073,0.6191038146131609,,,,16.1402185900073,1.0,14.338661812398573
272.033,0.016999999999995907,0.421616,25.754456,58.43619237776444,,,,0.4,25.75,58.4,-0.40688510438156844,26.04962354668051,42.307317686843454,-0.42910644961958444,26.056984463837075,42.30640906607542,,16.128874690920988,0.6191596075090414,4.59969465567413,16.129783311689025,0.6190195697462453,,,,16.129783311689025,1.0,14.331341455110392
272.05,0.016999999999995907,0.417864,25.760958,58.87407905327634,,,,0.4,25.76,58.9,-0.4243213535911148,26.042706499906025,42.750102492239336,-0.4424683790714047,26.049689654193543,42.74931579607857,,16.123976561037004,0.6191359780941043,4.543014657906733,16.12476325719777,0.6190002058086694,,,,16.12476325719777,1.0,14.32732930980645
272.067,0.016000000000019554,0.417334,25.767921,59.312075720624236,,,,0.4,25.77,59.3,-0.4396014370252413,26.035493036894977,43.19276718830204,-0.4601226189435621,26.04216769174933,43.19209658351898,,16.119308532322194,0.619128222748825,4.485566649499475,16.119979137105254,0.6189952897896583,,,,16.119979137105254,1.0,14.323192230462134
272.083,0.016999999999995907,0.418618,25.774925,59.72441587537674,,,,0.4,25.77,59.7,-0.4546130083215843,26.028459413902564,43.60927880790893,-0.4799992562898876,26.034805729846227,43.608712370892256,,16.115137067467813,0.6191352631059004,4.460868659911746,16.115703504484486,0.6190060979026046,,,,16.115703504484486,1.0,14.319143151415426
272.1,0.016999999999995907,0.421136,25.781984,60.16265009067764,,,,0.4,25.78,60.2,-0.4682822064762325,26.0207309927611,44.051696926365466,-0.4875222104117813,26.0266457424893,44.051234708407,,16.11095316431217,0.6191583614155266,4.401282612063699,16.111415382270636,0.6190354124645518,,,,16.111415382270636,1.0,14.314655158369117
272.117,0.01599999999996271,0.423359,25.789064,60.60100467282953,,,,0.4,25.79,60.6,-0.4798731072998839,26.012770195251004,44.493981686463464,-0.4997504288165295,26.018357864912304,44.493617239069806,,16.10702298636607,0.6191967585715508,4.341263660656475,16.107387433759726,0.6190777879753026,,,,16.107387433759726,1.0,14.310096825701768
272.133,0.016999999999995907,0.424131,25.796577,61.01368388678057,,,,0.4,25.8,61.0,-0.49090336656814665,26.005092225534224,44.910124585828775,-0.5135176904259101,26.010361858051258,44.909846996852544,,16.103559300951794,0.6192463830272372,4.2822189349781095,16.103836889928026,0.6191315975461232,,,,16.103836889928026,1.0,14.305699021928193
272.15,0.016999999999995907,0.423698,25.803185,61.452286982709964,,,,0.4,25.8,61.5,-0.5006436600490336,25.996746868302566,45.35214021812628,-0.515460453786403,26.00163205731402,45.35194894513304,,16.100146764583684,0.6193139028566049,4.2529675584776605,16.100338037576925,0.6192049022956637,,,,16.100338037576925,1.0,14.300897631522712
272.167,0.016000000000019554,0.421899,25.810623,61.891002352070856,,,,0.4,25.81,61.9,-0.5085885765176132,25.988235926081735,45.79401257187844,-0.5225284392068684,25.992869229599652,45.7939022060717,,16.096989780192416,0.6193952458326544,4.191358847151744,16.097100145999157,0.619289082856171,,,,16.097100145999157,1.0,14.29607807627981
272.183,0.033999999999991815,0.419066,25.817564,62.30402632314336,,,,0.4,25.82,62.3,-0.5230783915312329,25.980098508857445,46.20975924735846,-0.5392934615170879,25.984508774572333,46.209721230105586,,16.0942670757849,0.619484451542701,4.131094393446391,16.094305093037775,0.6193807715459753,,,,16.094305093037775,1.0,14.291479826014784
272.217,0.016000000000019554,0.412811,25.830856,63.18206571929115,,,,0.4,25.83,63.2,-0.5274686792820773,25.962313843545388,47.0927802573491,-0.5409963117659379,25.966172796880755,47.09288281682008,,16.089285461942055,0.6197169311987994,4.037444137029965,16.089182902471073,0.61962088245842,,,,16.089182902471073,1.0,14.281395038284417
272.233,0.016999999999995907,0.409395,25.837631,63.59541225509966,,,,0.4,25.84,63.6,-0.5309414134865427,25.953874344676866,47.50810976285538,-0.5437912954970447,25.95751685589249,47.50827233404277,,16.087302492244277,0.6198420427948084,3.976194268335668,16.087139921056888,0.6197487999475199,,,,16.087139921056888,1.0,14.276634270740871
272.25,0.03300000000001546,0.406855,25.844814,64.03471113967706,,,,0.4,25.84,64.0,-0.5351589822371574,25.944848340647596,47.949248905680534,-0.5603874536226902,25.94827240386904,47.949471542750636,,16.085462233996523,0.6199867512347549,3.945279786973876,16.08523959692642,0.6198963594404079,,,,16.08523959692642,1.0,14.271549822127973
272.283,0.016999999999995907,0.407413,25.857979,64.88781153422495,,,,0.4,25.86,64.9,-0.534639015683345,25.92718809423376,48.80513750685648,-0.5572167065784327,25.929779617899484,48.80545940111022,,16.08267402736847,0.6203015139518843,3.8188449013421675,16.082352133114732,0.6202271045147251,,,,16.082352133114732,1.0,14.261378789844718
272.3,0.016999999999995907,0.40856,25.865227,65.32745604840335,,,,0.4,25.87,65.3,-0.5327352061764518,25.918099230967144,49.24582244912059,-0.559519835798211,25.92030693388765,49.24618513680031,,16.08163359928276,0.620478896078471,3.7548689150727776,16.081270911603042,0.6204120557916208,,,,16.081270911603042,1.0,14.25616881363821
272.317,0.03300000000001546,0.409074,25.871622,65.76722394432325,,,,0.4,25.87,65.8,-0.5264867843377703,25.909042732462147,49.68635315580963,-0.5412567681809163,25.910795096679085,49.68674950406002,,16.08087078851362,0.6206663424258998,3.7231046685484603,16.08047444026323,0.6206090697048591,,,,16.08047444026323,1.0,14.250937303173497
272.35,0.03299999999995862,0.407273,25.885187,66.62121021111665,,,,0.4,25.89,66.6,-0.5153527069091715,25.891668668578994,50.54106489392721,-0.5365341021831131,25.892933623329107,50.54151102794056,,16.08014531718944,0.6210548081323012,3.598787838715844,16.07969918317609,0.6210072376151516,,,,16.07969918317609,1.0,14.24111349283101
272.383,0.016999999999995907,0.401856,25.898973,67.47564314226408,,,,0.4,25.9,67.5,-0.507274570198702,25.874662029251013,51.39520935044033,-0.5235015144789155,25.875227997957087,51.39568569469071,,16.080433791823744,0.621474157754988,3.507361796437104,16.079957447573364,0.6214421549770659,,,,16.079957447573364,1.0,14.231375398876398
272.4,0.016999999999995907,0.398583,25.905569,67.91598375145597,,,,0.4,25.91,67.9,-0.49807431191443297,25.86603836155764,51.8350053037621,-0.516280746517328,25.86632847221095,51.835488924687034,,16.080978447693866,0.6217024123645303,3.445310886740513,16.080494826768934,0.6216767425668758,,,,16.080494826768934,1.0,14.226480659716023
272.417,0.016000000000019554,0.395336,25.912117,68.35643601969936,,,,0.4,25.91,68.4,-0.4883835313097974,25.857571098255097,52.2746559841704,-0.49878956358967236,25.857551699520155,52.275141906146644,,16.081780035528958,0.6219369937888009,3.416060163286865,16.081294113552715,0.6219186681100647,,,,16.081294113552715,1.0,14.221653434736087
272.433,0.016999999999995907,0.392478,25.918209,68.77108049470786,,,,0.4,25.92,68.8,-0.477077820620167,25.84975696175413,52.68831460865098,-0.48179902959952314,25.849571066502712,52.68879888827533,,16.082765886056883,0.6221631371564558,3.3570773767861506,16.08228160643253,0.6221488768636796,,,,16.08228160643253,1.0,14.217264086576492
272.45,0.016999999999995907,0.389805,25.924673,69.21174676077875,,,,0.4,25.92,69.2,-0.46471731337706096,25.841646638803592,53.127691539255615,-0.471232132043151,25.841380482999522,53.128171976446,,16.084055221523137,0.6224082948867299,3.3297971274967293,16.083574784332754,0.622396113664043,,,,16.083574784332754,1.0,14.212759265649739
272.467,0.016000000000019554,0.386888,25.931482,69.65252252860114,,,,0.4,25.93,69.7,-0.45211321832332085,25.833746444476184,53.566932380463385,-0.4503604098193715,25.83336953675479,53.5674073516138,,16.085590148137754,0.622658048561021,3.2707170550836313,16.085115176987337,0.622648747160219,,,,16.085115176987337,1.0,14.208353245215136
272.483,0.016999999999995907,0.383953,25.937841,70.06747576226564,,,,0.4,25.94,70.1,-0.4377877826477588,25.826512632983,53.98021445308356,-0.4299622111701996,25.826163770197674,53.98068361806993,,16.087261309182082,0.6228971575758574,3.214312319836693,16.086792144195712,0.6228874054751874,,,,16.086792144195712,1.0,14.204390073608721
272.5,0.016999999999995907,0.381219,25.94376,70.50847454047404,,,,0.4,25.94,70.5,-0.42252714160918114,25.81907024067799,54.419201907509574,-0.4161858936092908,25.81885441260778,54.41966627262367,,16.089272632964466,0.6231546094799257,3.189988139975538,16.088808267850368,0.6231418331246306,,,,16.088808267850368,1.0,14.20036992693428
272.517,0.016000000000019554,0.378405,25.950422,70.94957354661943,,,,0.4,25.95,70.9,-0.40729100396017165,25.811887279270636,54.85806504642903,-0.4088017726697854,25.811779252416425,54.85852665877627,,16.0915085001904,0.6234146432645159,3.1340184362088364,16.091046887843163,0.6233993685784666,,,,16.091046887843163,1.0,14.196478588829034
272.533,0.016999999999995907,0.374753,25.956606,71.36482873445993,,,,0.4,25.96,71.4,-0.39029491915643694,25.805370623207263,55.27100310964936,-0.3848533420780779,25.8052384240537,55.27146280018854,,16.093825624810577,0.62366186712843,3.0798194750464707,16.093365934271397,0.6236472482761629,,,,16.093365934271397,1.0,14.192881133229537
272.55,0.03300000000001546,0.369751,25.962299,71.80614518826833,,,,0.4,25.96,71.8,-0.35583921454488704,25.798735609581605,55.70963801262796,-0.3515994006427035,25.798695917238376,55.71009624208941,,16.09650717564037,0.6239262039517222,3.0580640311070897,16.096048946178918,0.6239094021579491,,,,16.096048946178918,1.0,14.189282754481107
272.583,0.016999999999995907,0.356024,25.974079,72.66310238468823,,,,0.4,25.97,72.7,-0.3368246478407881,25.786992915501617,56.56080253329223,-0.3253984817742224,25.787093137017163,56.56126176148503,,16.102299851395998,0.6244349585141525,2.98703884227657,16.101840623203202,0.6244147231968981,,,,16.101840623203202,1.0,14.18290122535944
272.6,0.016999999999995907,0.347501,25.98011,73.10471317315613,,,,0.3,25.98,73.1,-0.3172476507798714,25.781266896488326,56.99913274169404,-0.30858207712138647,25.781561362827002,56.9995953247336,,16.105580431462087,0.6247008921681748,2.93618778035858,16.10511784842253,0.6246758146945903,,,,16.10511784842253,1.0,14.179858749554853
272.617,0.03299999999995862,0.340179,25.985317,73.54642525705052,,,,0.3,25.99,73.5,-0.2782246602249696,25.77587368642507,57.4373684366487,-0.2879816817740772,25.77631546751594,57.43783727779141,,16.10905682040182,0.6249664712193905,2.8862777393079395,16.108587979259106,0.6249375710643988,,,,16.108587979259106,1.0,14.176973507133768
272.65,0.016999999999995907,0.326164,25.996441,74.40412594551493,,,,0.3,26.0,74.4,-0.25718665973097926,25.766692272637655,58.28782077497216,-0.2679279717093194,25.766812072017405,58.28829888219264,,16.116305170542773,0.6254704717243474,2.822218979368106,16.115827063322293,0.6254490085261257,,,,16.115827063322293,1.0,14.171746639609575
272.667,0.016000000000019554,0.320815,26.001709,74.84611257321282,,,,0.3,26.0,74.8,-0.23694355349260357,25.76232009942223,58.725817380134565,-0.255467959317785,25.762257296498348,58.72629597182492,,16.120295193078256,0.6257314997588197,2.807094542836232,16.119816601387903,0.6257144479175332,,,,16.119816601387903,1.0,14.169241513074093
272.683,0.016999999999995907,0.316709,26.006592,75.26218098153333,,,,0.3,26.01,75.3,-0.2150076987687245,25.758529002566345,59.13798417295098,-0.22654532846078818,25.75816980914926,59.1384593886706,,16.124196808582354,0.6259750627443006,2.7610177257254414,16.123721592862736,0.6259653427370301,,,,16.123721592862736,1.0,14.166993395032094
272.7,0.016999999999995907,0.313163,26.011751,75.70433880998372,,,,0.3,26.01,75.7,-0.1926395758249831,25.754873871687277,59.57584809738203,-0.20488682810549427,25.754318538565425,59.576315539626066,,16.128490712601696,0.6262306231028368,2.7482333154749554,16.12802327035766,0.6262259762845982,,,,16.12802327035766,1.0,14.164875196210986
272.717,0.016000000000019554,0.31029,26.01687,76.14658382903711,,,,0.3,26.02,76.1,-0.1712068390493842,25.751598998898253,60.013653116781896,-0.19069007610587593,25.750835462487633,60.01410934863491,,16.132930712255217,0.6264826783356421,2.704153984755678,16.132474480402202,0.6264835369672989,,,,16.132474480402202,1.0,14.1629595043682
272.733,0.016999999999995907,0.307089,26.022243,76.56289346615762,,,,0.3,26.02,76.6,-0.14808600744531714,25.74885968947346,60.42565678628937,-0.1605289242089597,25.747784421269934,60.42609830770547,,16.137236679868245,0.6267165565574697,2.6940286048889157,16.136795158452145,0.6267255812939669,,,,16.136795158452145,1.0,14.161281431698464
272.75,0.03300000000001546,0.303131,26.02722,77.00531597151802,,,,0.3,26.03,77.0,-0.10266271380456217,25.74634222734689,60.86336600258224,-0.11561040631585698,25.74505542955838,60.863787446437414,,16.141949968935776,0.6269609028885799,2.6524417348954237,16.141528525080602,0.6269758699586333,,,,16.141528525080602,1.0,14.15978048625711
272.783,0.033999999999991815,0.294398,26.036949,77.86437928634791,,,,0.3,26.04,77.9,-0.05517276650412686,25.742954357791337,61.71293939623742,-0.05375343180784398,25.741240286149957,61.713311325747,,16.151439890110495,0.6274120547947954,2.60723974544684,16.151067960600912,0.6274393844686255,,,,16.151067960600912,1.0,14.157682157382478
272.817,0.016000000000019554,0.286949,26.046436,78.7498057143917,,,,0.3,26.05,78.7,-0.03263816689197749,25.7410784837302,62.588167954543074,-0.0387540493798992,25.73941266946849,62.588482425992304,,16.161637759848624,0.6278539483131479,2.5686203025215333,16.161323288399394,0.627882364525341,,,,16.161323288399394,1.0,14.15667696820767
272.833,0.016999999999995907,0.285139,26.051151,79.1665854198642,,,,0.3,26.05,79.2,-0.008579209722818646,25.740556273059926,63.0000210325979,-0.008080020854734707,25.73879260467841,63.00030806818599,,16.166564387266305,0.6280580814093064,2.566563307133336,16.166277351678218,0.628089965212267,,,,16.166277351678218,1.0,14.156335932573127
272.85,0.016999999999995907,0.285232,26.055897,79.6094961894496,,,,0.3,26.06,79.6,0.015602514875469153,25.740410426494638,63.43760924954401,0.015217380567413234,25.73865524432388,63.4378663749024,,16.17188693990559,0.6282684181002742,2.5335388860674644,16.171629814547202,0.628301271416016,,,,16.171629814547202,1.0,14.156260384378134
272.867,0.01599999999996271,0.287187,26.060701,80.0524876544735,,,,0.3,26.06,80.1,0.03848369915903341,25.74067566924752,63.875198481357714,0.04636930173669135,25.738913939793527,63.875425712967285,,16.17728917311578,0.6284718156191544,2.5343970689854567,16.17706194150621,0.6285060037632645,,,,16.17706194150621,1.0,14.156402666886441
272.883,0.016999999999995907,0.293527,26.065695,80.46949563040852,,,,0.3,26.07,80.5,0.06301923470296669,25.741291408434062,64.2870542179782,0.07641196766026948,25.73965584862131,64.28725427127364,,16.18244141243032,0.6286569370458309,2.5042770352037085,16.182241359134878,0.6286891112416192,,,,16.182241359134878,1.0,14.156810716741722
272.9,0.016999999999995907,0.30577,26.070972,80.91265486005992,,,,0.3,26.07,80.9,0.0878922599520865,25.742362735424013,64.72466527820089,0.0984820066411489,25.740954852071535,64.72483946222943,,16.18798958185903,0.628846300871317,2.508586528731223,16.18781539783049,0.6288739283705226,,,,16.18781539783049,1.0,14.157525168639346
272.917,0.03300000000001546,0.324596,26.076656,81.3559055678248,,,,0.3,26.08,81.4,0.13710479675371537,25.7438569038432,65.16229814513456,0.16087345354836144,25.742629046184433,65.16244992536448,,16.19360742269025,0.6290280233911947,2.4815472927095996,16.19345564246032,0.6290521303557576,,,,16.19345564246032,1.0,14.15844597540144
272.95,0.016999999999995907,0.37106,26.088877,82.21661195834722,,,,0.4,26.09,82.2,0.16348287165609424,25.748381362136072,66.01192007652362,0.18425928314697357,25.74793787015153,66.01204427948443,,16.204691881823592,0.6293479832349065,2.4665565723391154,16.204567678862787,0.6293539995545834,,,,16.204567678862787,1.0,14.161365828583344
272.967,0.016000000000019554,0.397565,26.096247,82.66017648551711,,,,0.4,26.1,82.7,0.1888358039094143,25.751160570954227,66.44966618295479,0.21548541014866726,25.75107027796503,66.44978584874332,,16.210510302562327,0.6295060083950863,2.4443333065898805,16.210390636773795,0.629503568659237,,,,16.210390636773795,1.0,14.163088652880768
272.983,0.033999999999991815,0.422934,26.103611,83.07776732583763,,,,0.4,26.1,83.1,0.24369220316992174,25.754181943816782,66.86170892307345,0.27406184843959186,25.754518044527416,66.86183055532376,,16.216058402764176,0.6296475825999756,2.455776786070759,16.215936770513864,0.6296346428412234,,,,16.215936770513864,1.0,14.16498492449008
273.017,0.016000000000019554,0.463913,26.119221,83.96553455568942,,,,0.5,26.12,84.0,0.269896727880409,25.762467478724556,67.73749196325645,0.30545826197888304,25.76383614737436,67.73764257658588,,16.22804259243297,0.6299102601811954,2.42143692903454,16.227891979103532,0.6298709511377384,,,,16.227891979103532,1.0,14.170109881055899
273.033,0.016999999999995907,0.477091,26.127293,84.38350147255393,,,,0.5,26.13,84.4,0.2977351632922391,25.766785826370647,68.14972598969771,0.3351056477012489,25.768723479566027,68.14990305360192,,16.233775482856217,0.6300271827556385,2.4050104583526997,16.233598418952013,0.62997293722465,,,,16.233598418952013,1.0,14.172797913761316
273.05,0.03300000000001546,0.485252,26.135424,84.82773439320333,,,,0.5,26.14,84.8,0.35130745891479725,25.771847324146613,68.587804371477,0.37667727370039417,25.774420275576947,68.58801977552054,,16.239930021726323,0.6301422562949347,2.3912633114371933,16.239714617682793,0.630070994577172,,,,16.239714617682793,1.0,14.175931151567323
273.083,0.033999999999991815,0.489666,26.151674,85.69046760491773,,,,0.5,26.15,85.7,0.40456394526856143,25.783440470290806,69.43846662008562,0.43047567446074586,25.786850625609066,69.4387807453905,,16.252000984832108,0.6303270893408743,2.3998828867780793,16.251686859527226,0.6302315507806752,,,,16.251686859527226,1.0,14.182767844084987
273.117,0.01599999999996271,0.486587,26.167782,86.57990754786552,,,,0.5,26.17,86.6,0.4283240654713383,25.797195644429934,70.31533743403567,0.45629261422576983,25.80148679854073,70.31578248160083,,16.264570113829848,0.6304782247655533,2.383137493308542,16.264125066264683,0.630356118360766,,,,16.264125066264683,1.0,14.190817739197403
273.133,0.016999999999995907,0.484415,26.175774,86.99865434300054,,,,0.5,26.18,87.0,0.45292223880174237,25.80404882947746,70.72814738982596,0.4798094280928248,25.808787480368323,70.72866467583114,,16.270506953174575,0.6305408527435367,2.374698198462882,16.269989667169398,0.6304050385763107,,,,16.269989667169398,1.0,14.194833114202579
273.15,0.03300000000001546,0.481839,26.183708,87.44371249896793,,,,0.5,26.18,87.4,0.4992243359734757,25.811748507537086,71.16688166719048,0.5082769312379323,25.8169442406459,71.16748339545966,,16.276830831777445,0.6305977615977691,2.401832544353308,16.27622910350827,0.6304475445193535,,,,16.27622910350827,1.0,14.199319332355246
273.183,0.016999999999995907,0.477166,26.199459,88.30803722430383,,,,0.5,26.2,88.3,0.5215031988477358,25.82822291062422,72.01894119559054,0.5285505477180551,25.833717379376758,72.01971931219043,,16.28909602871329,0.6306704137206787,2.392181340282222,16.2883179121134,0.6305061587890747,,,,16.2883179121134,1.0,14.208544558657218
273.2,0.016999999999995907,0.475411,26.206787,88.75349697779072,,,,0.5,26.21,88.8,0.5429690005961294,25.83708846500463,72.45809634228328,0.557682417175245,25.84270273868796,72.45896888319388,,16.295400635507434,0.6306980237954809,2.3893443263806873,16.294528094596842,0.6305272424235654,,,,16.294528094596842,1.0,14.21348650627838
273.217,0.016000000000019554,0.473281,26.215048,89.1990810536801,,,,0.5,26.22,89.2,0.5624144241012292,25.84631893801476,72.89740530520884,0.5766738159490513,25.852183339779938,72.89837541486075,,16.30167574847127,0.6307155687262981,2.3881547985777045,16.300705638819352,0.6305349696997047,,,,16.300705638819352,1.0,14.218700836878966
273.233,0.016999999999995907,0.471228,26.222771,89.61858240164861,,,,0.5,26.22,89.6,0.582300321418467,25.85531756880039,73.31101839726387,0.5923997709275205,25.861410120835135,73.31208416254617,,16.307564004384744,0.6307237944763471,2.4188993519606377,16.30649823910244,0.6305339949721139,,,,16.30649823910244,1.0,14.223775566459326
273.25,0.016999999999995907,0.469269,26.230459,90.0644376010945,,,,0.5,26.23,90.1,0.601329404362288,25.865216674264502,73.75064293832982,0.6169448341480872,25.8714809169409,73.75181373636715,,16.31379466276468,0.6307232940753462,2.4196871439214083,16.312623864727342,0.6305253231192373,,,,16.312623864727342,1.0,14.229314504317497
273.267,0.016000000000019554,0.466794,26.238073,90.51042321346489,,,,0.5,26.24,90.5,0.6184019590556763,25.87543927413866,74.19043851389114,0.6315911461721149,25.881968979121414,74.19171806048358,,16.31998469957375,0.6307133388798096,2.4218667876748445,16.31870515298131,0.6305047798390206,,,,16.31870515298131,1.0,14.23508293851678
273.283,0.016999999999995907,0.464287,26.245636,90.9302921310974,,,,0.5,26.25,90.9,0.635706642641764,25.885333705483564,74.60452469772862,0.6431012366876614,25.89207443746018,74.60591040781674,,16.32576743336878,0.630695652569869,2.4227711109322017,16.324381723280666,0.6304779388268268,,,,16.324381723280666,1.0,14.2406409406031
273.3,0.016999999999995907,0.460687,26.253101,91.3765350325688,,,,0.5,26.25,91.4,0.6520614211207628,25.89614071840847,75.0446672303316,0.6629787297509515,25.90300715848387,75.04616860138215,,16.3318678022372,0.6306680203752355,2.459255706627553,16.330366431186647,0.6304428799047006,,,,16.330366431186647,1.0,14.24665393716613
273.317,0.016000000000019554,0.457509,26.2605,91.82290431884019,,,,0.5,26.26,91.8,0.6665609400924243,25.90722576256752,75.48499584541979,0.6732289513196384,25.914277796889632,75.48661552350272,,16.3379084734204,0.6306313390384891,2.464064888086895,16.336288795337467,0.6303972243941228,,,,16.336288795337467,1.0,14.2528527882893
273.333,0.016999999999995907,0.453381,26.267336,92.2431308799927,,,,0.5,26.27,92.2,0.6810319203436329,25.917890737609014,75.8995967774217,0.6800729012972564,25.92504946011076,75.90133014155924,,16.343534102571,0.6305888958338408,2.4672105403354014,16.341800738433463,0.6303479097919393,,,,16.341800738433463,1.0,14.25877720306092
273.35,0.016999999999995907,0.449212,26.274982,92.6897411055471,,,,0.4,26.27,92.7,0.6945257642399287,25.929468280254852,76.34029932907345,0.692493047953073,25.936610699432812,76.34215425291525,,16.349441776473654,0.6305351733310962,2.5058407308140724,16.34758685263185,0.6302900190806096,,,,16.34758685263185,1.0,14.265135884688048
273.367,0.03299999999995862,0.444887,26.282084,93.136480710681,,,,0.4,26.28,93.1,0.7187660307613094,25.94127521824693,76.7812006488106,0.699445746267415,25.94838308124801,76.78317670005093,,16.355280061870403,0.6304732486846368,2.5123498413246725,16.35330401063007,0.6302243943071748,,,,16.35330401063007,1.0,14.271610694686407
273.4,0.016999999999995907,0.43695,26.295958,94.00403172365141,,,,0.4,26.3,94.0,0.729248566222312,25.964994497262023,77.63765409911542,0.7079131073336846,25.971464790874805,77.63985418993988,,16.366377624535986,0.6303247099190336,2.5238329405655793,16.364177533711526,0.6300829647260079,,,,16.364177533711526,1.0,14.284305634981143
273.417,0.03300000000001546,0.433057,26.302713,94.4511261489263,,,,0.4,26.3,94.5,0.7476439295608099,25.9773917228878,78.07916438198659,0.740091973453755,25.983499313699475,78.08147138482866,,16.37196176693972,0.6302388608366305,2.5641147179337644,16.369654764097646,0.6300019318593839,,,,16.369654764097646,1.0,14.290924622534712
273.45,0.016999999999995907,0.425051,26.315474,95.31935147746321,,,,0.4,26.32,95.3,0.7550916506108302,26.002063972563317,78.93682540096194,0.742753382699925,26.00792234882346,78.93932984226069,,16.38252607650128,0.6300471414033779,2.5801437912842693,16.380021635202525,0.6298089257384883,,,,16.380021635202525,1.0,14.304357291852904
273.467,0.016000000000019554,0.421627,26.322294,95.7667759553326,,,,0.4,26.32,95.8,0.761184244459413,26.0149005306237,79.37896959923891,0.7529444826002987,26.020549156329356,79.38157185005439,,16.38780635609369,0.6299392279744688,2.6224660654424614,16.38520410527822,0.6297024711829576,,,,16.38520410527822,1.0,14.311302035981146
273.483,0.016999999999995907,0.417692,26.328552,96.18798662758913,,,,0.4,26.33,96.2,0.7667229791897692,26.027079478535065,79.79530543931268,0.7592562158952978,26.032596268050977,79.79799701344994,,16.39268118827644,0.6298317566439116,2.629957655263958,16.389989614139182,0.6295948911655087,,,,16.389989614139182,1.0,14.31792794742804
273.5,0.016999999999995907,0.414689,26.334702,96.63563236808302,,,,0.4,26.33,96.6,0.7712892819900681,26.04011376918129,80.23787658191816,0.7561277375947019,26.045503623721192,80.24066086252991,,16.397755786164865,0.6297113726734849,2.673260300701731,16.394971505553116,0.6294741596250509,,,,16.394971505553116,1.0,14.325026993046658
273.517,0.016000000000019554,0.410995,26.340696,97.08338222464342,,,,0.4,26.34,97.1,0.7746569058425664,26.053225686975118,80.68066996729539,0.7613631343707722,26.0583577952603,80.68354368459114,,16.40271225734803,0.6295846992009244,2.6834864661387297,16.399838540052272,0.6293504244935652,,,,16.399838540052272,1.0,14.332096787393166
273.533,0.016999999999995907,0.408812,26.34622,97.50488596800393,,,,0.4,26.35,97.5,0.7773489939150559,26.065620197468615,81.09762073437145,0.7624964537119991,26.070539605410247,81.10057486379702,,16.407265233632486,0.6294599978567129,2.691462417870037,16.40431110420691,0.6292279083016231,,,,16.40431110420691,1.0,14.338796782975637
273.55,0.016999999999995907,0.405647,26.35232,97.95283078133782,,,,0.4,26.35,98.0,0.7790961389669194,26.078835130365167,81.54084860465792,0.7716301424661505,26.083502045123346,81.54388421782646,,16.4119821766799,0.6293219039362089,2.7350113881344393,16.408946563511364,0.6290929237617168,,,,16.408946563511364,1.0,14.345926124817842
273.567,0.016000000000019554,0.403343,26.357925,98.40087883732922,,,,0.4,26.36,98.4,0.7798683810725804,26.0920797647276,81.9843013812661,0.7714560356175262,26.096619757545266,81.98741525314904,,16.41657745606311,0.6291785708188639,2.7461596488733946,16.413463584180178,0.6289497926042542,,,,16.413463584180178,1.0,14.353140866649898
273.583,0.016999999999995907,0.400953,26.363401,98.82265726523373,,,,0.4,26.36,98.8,0.7798336110307689,26.104557658824778,82.40187448065504,0.7665223377584554,26.10896305411516,82.40505991564284,,16.42078278457869,0.6290389210647116,2.7876682904834182,16.417597349590892,0.6288107771864664,,,,16.417597349590892,1.0,14.35992967976334
273.6,0.016999999999995907,0.399173,26.36874,99.27089301994212,,,,0.4,26.37,99.3,0.7789064212742395,26.117814830212296,82.84576464681174,0.7701448352877166,26.121993933857052,82.84902305004049,,16.425128373130377,0.6288860105605116,2.798553585914736,16.421869969901635,0.628660660877692,,,,16.421869969901635,1.0,14.36709666362138
273.617,0.01599999999996271,0.397365,26.373632,99.71921928044051,,,,0.4,26.37,99.7,0.7771911547583612,26.131056239373954,83.28988005090312,0.7645046820820488,26.13508639605694,83.29320823284465,,16.42933922953739,0.6287284784448117,2.8426236976907227,16.426011047595864,0.6285041801152834,,,,16.426011047595864,1.0,14.37429751783132
273.633,0.016999999999995907,0.395504,26.379025,100.14124825515952,,,,0.4,26.38,100.1,0.7745717275977216,26.14349129785006,83.70807643119994,0.7543250862444257,26.147318470970227,83.7114674717799,,16.433171823959583,0.6285760244008032,2.8508482984933288,16.429780783379627,0.6283543301627894,,,,16.429780783379627,1.0,14.381025159033626
273.65,0.016999999999995907,0.393977,26.383982,100.58974883048742,,,,0.4,26.38,100.6,0.7711043305402124,26.156659017219216,84.15262770887792,0.7524196276503942,26.16014199743638,84.15608088576124,,16.437121121609508,0.6284105745611002,2.894053532620809,16.43366794472618,0.6281949060649837,,,,16.43366794472618,1.0,14.388078098590011
273.667,0.016000000000019554,0.3922,26.38879,101.03833345416382,,,,0.4,26.39,101.0,0.7670491182582831,26.169767790838396,84.5974023367463,0.7421273703299059,26.172933131106433,84.60091202435375,,16.44093111741752,0.6282413832947046,2.9041888559461952,16.437421429810072,0.6280313080490875,,,,16.437421429810072,1.0,14.39511322210854
273.683,0.016999999999995907,0.390624,26.393486,101.46060429576434,,,,0.4,26.39,101.5,0.7619786814397266,26.182040576730543,85.01621680368736,0.7440665833759387,26.184807169031725,85.01977394675536,,16.444387492076984,0.6280789094296966,2.944232371864126,16.440830349008976,0.627876701282461,,,,16.440830349008976,1.0,14.40164394296745
273.7,0.016999999999995907,0.388712,26.397757,101.90935000293223,,,,0.4,26.4,101.9,0.7560833902375714,26.194994214315017,85.46142159941112,0.7367593518027467,26.197456300949113,85.4650231862501,,16.447928403521104,0.627903494421566,2.95391542010357,16.444326816682135,0.6277070043661594,,,,16.444326816682135,1.0,14.408600965522014
273.717,0.016000000000019554,0.387188,26.402206,102.35816804081612,,,,0.4,26.4,102.4,0.7497978027873078,26.207847631949054,85.90684575510426,0.7374544271030359,26.209981209929758,85.91048640509246,,16.451322285711868,0.6277250431529771,2.9961928100474147,16.44768163572367,0.6275350410969542,,,,16.44768163572367,1.0,14.415489665461369
273.733,0.016999999999995907,0.384987,26.406786,102.78065289688064,,,,0.4,26.41,102.8,0.742399753353209,26.219844396793665,86.3262672913347,0.7335890633121788,26.22178048076342,86.32994049861851,,16.454385605545937,0.6275546626645155,3.0030325219104337,16.450712398262127,0.6273682448959004,,,,16.450712398262127,1.0,14.421979264419882
273.75,0.016999999999995907,0.38354,26.410994,103.22962388950204,,,,0.4,26.41,103.2,0.734260030007127,26.232465192600667,86.77211192284445,0.7202189534238967,26.234251494839725,86.77581677041103,,16.45751196665759,0.6273719166622481,3.0451658678902422,16.45380711909101,0.6271879768449835,,,,16.45380711909101,1.0,14.42883832216185
273.767,0.016000000000019554,0.381779,26.415083,103.67866620903193,,,,0.4,26.42,103.7,0.7259124504365505,26.244947613110785,87.2181699316929,0.7157809852398233,26.24649521704793,87.22190311746196,,16.460496277339033,0.6271872407592887,3.0535314703622767,16.456763091569968,0.6270080235657818,,,,16.456763091569968,1.0,14.435572369376363
273.783,0.016999999999995907,0.380617,26.418833,104.10135640474445,,,,0.4,26.42,104.1,0.7163911233431959,26.256562212317785,87.63818201029684,0.7062060061794208,26.25794771281178,87.64193866090136,,16.463174394447606,0.6270118022809631,3.0922584018285093,16.45941774384309,0.6268356508232442,,,,16.45941774384309,1.0,14.441871242046481
273.8,0.016999999999995907,0.379355,26.422985,104.55053156490084,,,,0.4,26.42,104.6,0.7062097830969577,26.268740861414617,88.08464708642346,0.704666994314895,26.26995321491683,88.08842581878694,,16.465884478477378,0.6268242762508511,3.1328729411116134,16.46210574611389,0.6266515060546906,,,,16.46210574611389,1.0,14.448474268204256
273.817,0.016000000000019554,0.378676,26.426815,104.99977712669823,,,,0.4,26.43,105.0,0.6960355280876319,26.280746427727262,88.53131772838105,0.6945064498157045,26.28193255382018,88.5351168478211,,16.46845939831718,0.6266359079109823,3.140385678104077,16.464660278877133,0.6264630747819163,,,,16.464660278877133,1.0,14.4550629046011
273.833,0.016999999999995907,0.378245,26.430576,105.42265463722676,,,,0.4,26.43,105.4,0.684671485641322,26.29188299617668,88.9518987637728,0.6790433830156665,26.293044657017244,88.9557166655083,,16.470755873453953,0.6264578263888175,3.1780105491956645,16.46693797171845,0.6262849429011887,,,,16.46693797171845,1.0,14.461174561359485
273.85,0.016999999999995907,0.378104,26.43428,105.87202908562915,,,,0.4,26.43,105.9,0.6727436876418529,26.303522411432578,89.39895970973737,0.6718272161977371,26.30458839452851,89.40279654644634,,16.473069375891782,0.6262685703543613,3.217113252300594,16.469232539182812,0.6260973291871961,,,,16.469232539182812,1.0,14.46752361699068
273.867,0.01599999999996271,0.378092,26.437931,106.32146648165704,,,,0.4,26.44,106.3,0.6610152809832115,26.314959054122486,89.84621680219448,0.6565274544460218,26.31600945720387,89.85007162818596,,16.475249679462564,0.6260792443407417,3.2227730551980978,16.471394853471082,0.6259077722349019,,,,16.471394853471082,1.0,14.47380520146213
273.883,0.016999999999995907,0.378236,26.441542,106.74452177343206,,,,0.4,26.44,106.7,0.6480895201194954,26.325535298618192,90.26734075701542,0.6358122064075711,26.32651389647498,90.2712118150144,,16.477181016416637,0.6259010815738859,3.258384760978138,16.47330995841766,0.6257307755670367,,,,16.47330995841766,1.0,14.47958264306124
273.9,0.016999999999995907,0.378434,26.44511,107.19408264253394,,,,0.4,26.45,107.2,0.6346896813264863,26.33655282046022,90.71496850602747,0.623991261097291,26.337322703983908,90.71885442611818,,16.479114136506468,0.625712645418965,3.2619864712600313,16.475228216415758,0.6255468105694599,,,,16.475228216415758,1.0,14.48552748719115
273.917,0.016000000000019554,0.378728,26.448652,107.64370419624683,,,,0.4,26.45,107.6,0.6216614658394677,26.347342545042768,91.16278161663415,0.6041612883399946,26.347930555422558,91.16667907882302,,16.48092257961268,0.6255250430451307,3.2979770901278607,16.477025117423807,0.6253631602210497,,,,16.477025117423807,1.0,14.491361805482407
273.933,0.016999999999995907,0.378931,26.452166,108.06693110543135,,,,0.4,26.45,108.1,0.6074348045749425,26.357289128496213,91.58441867002298,0.5961929849414845,26.35759713603601,91.5883233003552,,16.482512435408367,0.6253493048944961,3.3307863877019592,16.47860780507615,0.6251938566337164,,,,16.47860780507615,1.0,14.496678424819807
273.95,0.016999999999995907,0.379047,26.455437,108.51667268296075,,,,0.4,26.46,108.5,0.59280829921695,26.367615520173985,92.03258035953657,0.5792391775476785,26.36773241678001,92.03648860155403,,16.48409232342418,0.6251643160835731,3.3321302918599627,16.48018408140672,0.6250133238958003,,,,16.48018408140672,1.0,14.502252829229008
273.967,0.016000000000019554,0.379023,26.459122,108.96646988425213,,,,0.4,26.46,109.0,0.5787074834635643,26.37769326126067,92.48091548417867,0.5711186921102757,26.37757948279832,92.48482375270034,,16.485554400073468,0.6249808971842435,3.365576658988763,16.4816461315518,0.6248354267039558,,,,16.4816461315518,1.0,14.507668715539078
273.983,0.016999999999995907,0.378805,26.46257,109.38986435119665,,,,0.4,26.46,109.4,0.5634124477498071,26.3869525809961,92.90303265091724,0.5577452058151836,26.386717381872096,92.90693812761822,,16.48683170027941,0.6248099946241324,3.396625125111644,16.48292622357843,0.6246675547031987,,,,16.48292622357843,1.0,14.512694560029654
274.0,0.016999999999995907,0.378516,26.466003,109.83978277851904,,,,0.4,26.47,109.8,0.5478056177210546,26.396530592607842,93.35169225789276,0.5356208942313448,26.396199050370953,93.35559291729217,,16.488090520626272,0.6246309704519898,3.3957714242123718,16.484189861226866,0.6244910424326873,,,,16.484189861226866,1.0,14.517909477704025
274.017,0.016000000000019554,0.378165,26.469427,110.28975952508092,,,,0.4,26.47,110.3,0.5328514954201969,26.405843288109097,93.80051243587874,0.5228588447115761,26.405304605572884,93.80440569836759,,16.48924708920218,0.6244544780975622,3.426731167625322,16.485353826713336,0.6243197748695569,,,,16.485353826713336,1.0,14.522917533065087
274.033,0.016999999999995907,0.37782,26.472845,110.71331876220144,,,,0.4,26.47,110.7,0.5167335947453041,26.41436891203583,94.22307413348041,0.5047812428044305,26.413670347088278,94.22695749798939,,16.49024462872103,0.6242906913141193,3.4551846099994914,16.48636126421205,0.6241601809810362,,,,16.48636126421205,1.0,14.527518690898553
274.05,0.016999999999995907,0.377468,26.476259,111.16341172219133,,,,0.4,26.48,111.2,0.5003959888186832,26.4231533831465,94.67219307298936,0.49553836939436285,26.42225162821595,94.67606283477936,,16.49121864920197,0.6241200060444176,3.4512864818691176,16.48734888741197,0.6239948479563098,,,,16.48734888741197,1.0,14.532238395518773
274.067,0.016000000000019554,0.377148,26.479675,111.61356266931722,,,,0.4,26.48,111.6,0.48484375483131226,26.431660114956415,95.12145898772312,0.4780815801163094,26.43067578049565,95.1253127177533,,16.492103681594102,0.6239526238558889,3.4799564664045213,16.488249951563915,0.6238300559734955,,,,16.488249951563915,1.0,14.53687167927261
274.083,0.016999999999995907,0.376848,26.483097,112.03728574426174,,,,0.4,26.48,112.0,0.46818063438433966,26.439417615033726,95.54442760956356,0.45524441828647394,26.43832508577752,95.548264724684,,16.49285813469818,0.623798087190853,3.505997092406055,16.489021019577734,0.6236787302554196,,,,16.489021019577734,1.0,14.541078797177638
274.1,0.016999999999995907,0.376593,26.486526,112.48755284779763,,,,0.4,26.49,112.5,0.45139535413050047,26.44737668581826,95.99396536112069,0.4414885762316382,26.44606424088839,95.99778203396055,,16.493587486676944,0.6236379389386175,3.499244788663572,16.489770813837083,0.6235245692378742,,,,16.489770813837083,1.0,14.545335332488616
274.117,0.01599999999996271,0.376354,26.489964,112.93787820748602,,,,0.4,26.49,112.9,0.435512869000597,26.455050406838478,96.44363599140817,0.42001887669087407,26.453569546684324,96.44742892115481,,16.49424221607785,0.6234817912807372,3.5248095647474607,16.490449286331213,0.6233733128993972,,,,16.490449286331213,1.0,14.54946325067638
274.133,0.016999999999995907,0.376062,26.493412,113.36176580479703,,,,0.4,26.49,113.4,0.4185874243375229,26.462018612742472,96.86697254356383,0.41049400549401716,26.460289848711362,96.87073979631698,,16.494793261233198,0.6233384347061991,3.54770641473474,16.49102600848005,0.6232367862471913,,,,16.49102600848005,1.0,14.55315941679125
274.15,0.016999999999995907,0.375735,26.496872,113.81220814975592,,,,0.4,26.5,113.8,0.4016311373946493,26.46913459895621,97.31688734586317,0.3921856175201178,26.467268246804757,97.32062404012876,,16.495320803892753,0.6231907863184629,3.5383698527004324,16.491584109627155,0.6230935492036693,,,,16.491584109627155,1.0,14.556997535742617
274.167,0.016000000000019554,0.375257,26.500338,114.26270926746331,,,,0.4,26.5,114.3,0.3856682738586838,26.475962328291917,97.76692066974466,0.38298402812639765,26.473935402302597,97.77062427114608,,16.495788597718644,0.6230477439564653,3.5610970205609345,16.49208499631723,0.6229555502686168,,,,16.49208499631723,1.0,14.56066447126643
274.183,0.016999999999995907,0.374782,26.503815,114.68676270835982,,,,0.4,26.5,114.7,0.36873839004589537,26.482133020673665,98.1905854325369,0.3686583923215442,26.480063146752627,98.19425625953905,,16.496177275822916,0.6229172424647567,3.5819903306756786,16.492506448820777,0.6228273081306201,,,,16.492506448820777,1.0,14.564034730713946
274.2,0.016999999999995907,0.374071,26.507294,115.13738171935871,,,,0.4,26.51,115.1,0.35185694602297596,26.488401573304444,98.64083497658561,0.3457937843826897,26.486330339422093,98.64447060417142,,16.496546742773106,0.622783775650648,3.570232712004154,16.492911115187297,0.6226952131092071,,,,16.492911115187297,1.0,14.567481686682152
274.217,0.016000000000019554,0.373419,26.51078,115.5880597706181,,,,0.4,26.51,115.6,0.3360437820421385,26.494383141386834,99.09118864666037,0.33253646613081905,26.492208833756596,99.09478818714334,,16.49687112395773,0.6226554147693288,3.5902851890863423,16.493271583474765,0.6225706465992711,,,,16.493271583474765,1.0,14.570714858566129
274.233,0.016999999999995907,0.372217,26.514257,116.01228004825062,,,,0.4,26.51,116.0,0.3193342538497163,26.499759841899515,99.51514179052718,0.3141353490186983,26.497529417214697,99.51870609315162,,16.497138257723435,0.6225391609639929,3.608438267731355,16.493573955098995,0.6224570485572737,,,,16.493573955098995,1.0,14.573641179468085
274.25,0.016999999999995907,0.370897,26.517725,116.46307620260701,,,,0.4,26.52,116.5,0.30274168523322825,26.505188524214958,99.96568385163904,0.30478574343646847,26.502869718148013,99.9692094858021,,16.49739235096797,0.6224212416333529,3.593518427885237,16.493866716804916,0.622342670518832,,,,16.493866716804916,1.0,14.576578344981408
274.267,0.016000000000019554,0.368891,26.521172,116.9139311222234,,,,0.4,26.52,116.9,0.2872430187788894,26.510335132863922,100.4163158027241,0.2874330891270265,26.50805107578643,100.41980231255043,,16.497615319499303,0.6223088179314563,3.6112033473600267,16.494128809672972,0.6222309125071591,,,,16.494128809672972,1.0,14.579428091682537
274.283,0.016999999999995907,0.366936,26.524588,117.33831709227192,,,,0.4,26.52,117.3,0.2709234655754838,26.51493102116439,100.84051793195685,0.26491096533680897,26.512650005212468,100.84396792119894,,16.49779916031507,0.622207885328701,3.626903144202044,16.494349171072983,0.6221312908302318,,,,16.494349171072983,1.0,14.581957502866858
274.3,0.016999999999995907,0.364303,26.527975,117.78928811052381,,,,0.4,26.53,117.8,0.25476398803195716,26.519536720079174,101.29131090775732,0.2516871727439837,26.51715349162319,101.29472125092194,,16.497977202766492,0.6221065389228729,3.609123430306315,16.494566859601875,0.6220338417851876,,,,16.494566859601875,1.0,14.584434420392755
274.317,0.016000000000019554,0.361691,26.531315,118.2403163273072,,,,0.4,26.53,118.2,0.23973049206795857,26.523867707875716,101.74217984539482,0.23092158567731574,26.521432173559838,101.74554922907588,,16.498136481912383,0.622010962489215,3.6237347509019098,16.49476709823132,0.6219410396198567,,,,16.49476709823132,1.0,14.586787695457911
274.333,0.016999999999995907,0.359275,26.534637,118.66486366375571,,,,0.4,26.53,118.7,0.22396450312012112,26.52770339574881,102.16659241422433,0.22234667581865775,26.525126918930678,102.1699217018163,,16.498271249531385,0.6219261050760735,3.6363538209793687,16.494941961939404,0.6218610004149369,,,,16.494941961939404,1.0,14.588819805411873
274.35,0.016999999999995907,0.357112,26.537704,119.1160044079931,,,,0.4,26.54,119.1,0.20843746221734963,26.531510792301848,102.61759573482264,0.20520108185179348,26.528906812419592,102.62088098853266,,16.49840867317046,0.6218420353942865,3.6160967226196266,16.49512341946044,0.6217792363663548,,,,16.49512341946044,1.0,14.590898746830776
274.367,0.01599999999996271,0.354835,26.541157,119.56719697867699,,,,0.4,26.54,119.6,0.19408379384388488,26.53505422915954,103.06866153750497,0.1972919759971369,26.532395230811073,103.07190205590001,,16.498535441172024,0.6217637732596634,3.6280143158289944,16.495294922776978,0.6217039501816863,,,,16.495294922776978,1.0,14.59281737694609
274.383,0.016999999999995907,0.352796,26.544365,119.991900909556,,,,0.4,26.54,120.0,0.17911452063279254,26.538159569861037,103.49324724789614,0.1845349630320622,26.53555190242702,103.49644563296492,,16.49865366165986,0.6216954728238621,3.638799863142598,16.495455276591073,0.6216360352046173,,,,16.495455276591073,1.0,14.594553546334863
274.4,0.016999999999995907,0.351612,26.547564,120.44320609357788,,,,0.4,26.55,120.4,0.16448695972048397,26.541204516711794,103.9444218426319,0.16344357152075828,26.538688996798566,103.94757668060824,,16.498784250945988,0.6216290688901271,3.6163385039796836,16.49562941296965,0.6215691142452274,,,,16.49562941296965,1.0,14.596278948239213
274.417,0.016000000000019554,0.350581,26.550735,120.89456548951178,,,,0.4,26.55,120.9,0.1510636292493193,26.544000795027042,104.39564608778157,0.15204428058740319,26.541467537514418,104.3987580111498,,16.498919401730205,0.6215686749384531,3.625834194059665,16.495807478361982,0.6215107531279636,,,,16.495807478361982,1.0,14.597807145632931
274.433,0.016999999999995907,0.349995,26.554089,121.3194221238803,,,,0.3,26.55,121.3,0.137187419076622,26.546417813095033,104.82036943664707,0.13299761802768495,26.54390024600382,104.82344095341847,,16.49905268723323,0.6215171027367182,3.634148791462977,16.49598117046183,0.6214603361819557,,,,16.49598117046183,1.0,14.599145135302102
274.45,0.016999999999995907,0.349537,26.55703,121.77089221115769,,,,0.3,26.56,121.8,0.1237192414847589,26.548749999219336,105.27167836305162,0.12332098947402029,26.546161205510288,105.27470647575622,,16.499213848106066,0.621468575680257,3.608683292359746,16.49618573540147,0.6214151118760363,,,,16.49618573540147,1.0,14.600388663030659
274.467,0.016000000000019554,0.349359,26.560152,122.22241222925408,,,,0.3,26.56,122.2,0.11145719263779078,26.550853226324577,105.72302499046863,0.10595686399898827,26.548257662331345,105.72600903613277,,16.499387238785445,0.6214258765298989,3.615849822829073,16.49640319312131,0.6213742311431474,,,,16.49640319312131,1.0,14.601541714282241
274.483,0.016999999999995907,0.348987,26.56325,122.6474193792066,,,,0.3,26.56,122.6,0.09885578761830857,26.552636541406784,106.147852908611,0.08371460636347638,26.54995297215533,106.15079472120917,,16.499566470595596,0.6213908906886063,3.6216454736942705,16.49662465799743,0.6213428956088365,,,,16.49662465799743,1.0,14.602474134685433
274.5,0.016999999999995907,0.348542,26.566315,123.099045057828,,,,0.3,26.57,123.1,0.08671299067969786,26.554317089796296,106.59926201447611,0.0710767411086623,26.55137612046351,106.60215601849632,,16.499783043351883,0.6213597204385292,3.59330473019134,16.496889039331677,0.6213195491068088,,,,16.496889039331677,1.0,14.603256866254931
274.517,0.016000000000019554,0.347822,26.569353,123.55072277714689,,,,0.3,26.57,123.6,0.0757202538779109,26.55579121063785,107.05069793502969,0.06746567395090876,26.552584425062356,107.05353968313318,,16.5000248421172,0.6213343338649062,3.597435920635233,16.497183094013707,0.6213023497043251,,,,16.497183094013707,1.0,14.603921433784297
274.533,0.016999999999995907,0.346771,26.572334,123.97587694636341,,,,0.3,26.57,124.0,0.0644807546214807,26.557002734699896,107.47560028659291,0.05932503269399973,26.553663875845572,107.47838966954096,,16.500276659770506,0.6213154708987895,3.601126714546183,16.497487276822454,0.621288548124966,,,,16.497487276822454,1.0,14.604515131715067
274.55,0.016999999999995907,0.345248,26.575275,124.4276567327728,,,,0.3,26.58,124.4,0.05370155968695413,26.55809890752846,107.92707865055173,0.04289612505648122,26.55467240140137,107.92981052789744,,16.500578082221068,0.6213011759491425,3.5713563867493683,16.49784620487536,0.6212784686436094,,,,16.49784620487536,1.0,14.605069820770755
274.567,0.016000000000019554,0.34307,26.578125,124.8794862961087,,,,0.3,26.58,124.9,0.043979396181848415,26.55901183404314,108.37857409185499,0.03592215162552731,26.55540163552733,108.38124615721122,,16.50091220425371,0.6212924000095126,3.5738499150632106,16.498240138897472,0.6212762422250541,,,,16.498240138897472,1.0,14.605470899540032
274.583,0.016999999999995907,0.340517,26.580919,125.30478020906922,,,,0.3,26.58,125.3,0.034071685280324546,26.55971550438205,108.80352391056292,0.024413598006846726,26.555976389953337,108.80613718141558,,16.501256298506306,0.6212888950479829,3.575815265480282,16.498643027653642,0.6212779671658171,,,,16.498643027653642,1.0,14.605787014474336
274.6,0.016999999999995907,0.336649,26.583584,125.75670503677561,,,,0.3,26.58,125.8,0.02457925590992123,26.560294723031816,109.25504399749582,0.021754795041609685,26.556391421119454,109.25759230780959,,16.501661039279796,0.6212905847377644,3.5772344740936375,16.499112728966026,0.621285944589776,,,,16.499112728966026,1.0,14.6060152816157
274.617,0.01599999999996271,0.333462,26.586187,126.208674610556,,,,0.3,26.59,126.2,0.016061764302907316,26.560712570382286,109.70657255948973,0.011308337575545542,26.556761252635162,109.7090541055364,,16.502102051066274,0.6212974146434491,3.545267889605034,16.499620505019607,0.6212964129194176,,,,16.499620505019607,1.0,14.60621868894934
274.633,0.016999999999995907,0.328104,26.588619,126.63409628569102,,,,0.3,26.59,126.6,0.007368356635866116,26.56096955861113,110.13154601652067,-0.00369124684114637,26.55694218603637,110.13396373304478,,16.502550269170342,0.6213082784028181,3.5458866106335254,16.500132552646235,0.6213114611260478,,,,16.500132552646235,1.0,14.606318202320004
274.65,0.016999999999995907,0.323787,26.590963,127.0861502197189,,,,0.3,26.59,127.1,-0.0009057244277214209,26.56109482067394,110.58308356374448,-0.009629185768948017,26.55687943484007,110.58543121682213,,16.503066655974422,0.6213247897872489,3.5456720257734733,16.500719002896773,0.621335012021383,,,,16.500719002896773,1.0,14.606283689162039
274.667,0.016000000000019554,0.317104,26.593119,127.53824337794029,,,,0.3,26.59,127.5,-0.00836067009084717,26.56107942335867,111.03462204481865,-0.02335832010417431,26.556715738681998,111.03689677579696,,16.503621333121643,0.6213460330459245,3.545112250440705,16.50134660214333,0.6213624743555087,,,,16.50134660214333,1.0,14.6061936562751
274.683,0.016999999999995907,0.312591,26.595179,127.96377387125281,,,,0.3,26.6,128.0,-0.015890129345536054,26.560945652637216,111.45959824542715,-0.02386835308008485,26.55634200556033,111.46180123775143,,16.504175625825667,0.6213700310849806,3.5105904953240348,16.50197263350138,0.6213947926279237,,,,16.50197263350138,1.0,14.605988103058184
274.7,0.016999999999995907,0.304825,26.597012,128.4159370836522,,,,0.3,26.6,128.4,-0.023094027503747307,26.56067552043834,111.91113202539817,-0.033223126607455834,26.55593624355797,111.91325560286882,,16.504805058254036,0.6214000485625318,3.509202985100531,16.502681480783394,0.6214309798543319,,,,16.502681480783394,1.0,14.605764933956884
274.717,0.016000000000019554,0.298791,26.598703,128.8681303348646,,,,0.3,26.6,128.9,-0.029519013436118575,26.560282921970778,112.36266017215854,-0.033656372788870674,26.555371450405644,112.3647017182674,,16.505470162706047,0.6214342750488042,3.5072716993542588,16.50342861659719,0.6214723317811129,,,,16.50342861659719,1.0,14.605454297723105
274.733,0.016999999999995907,0.290735,26.600197,129.2937478281131,,,,0.3,26.6,129.3,-0.03605681441340338,26.5598106177558,112.78762092047687,-0.038338745033554555,26.55483294844102,112.7895833534587,,16.506126907636244,0.6214700528249077,3.5054303523196486,16.504164474654416,0.6215126454268786,,,,16.504164474654416,1.0,14.605158121642562
274.75,0.016999999999995907,0.285021,26.601517,129.7459931883205,,,,0.3,26.6,129.7,-0.04221000928726311,26.55919765191077,113.23913249076892,-0.05164991142635018,26.554181189775452,113.24100997363342,,16.506860697551588,0.6215120243424982,3.5032017851915658,16.504983214687087,0.621558732944183,,,,16.504983214687087,1.0,14.6047996543765
274.767,0.016000000000019554,0.277703,26.602655,130.1982601628549,,,,0.3,26.6,130.2,-0.04768530155902481,26.55848008175289,113.69063275150496,-0.05560273928643747,26.553303141281205,113.69242359044729,,16.50762741134993,0.62155768555037,3.500199546176509,16.505836572407603,0.6216114238061303,,,,16.505836572407603,1.0,14.604316727704663
274.783,0.016999999999995907,0.270668,26.603554,130.62393818883942,,,,0.3,26.6,130.6,-0.05319495934923179,26.557717116927943,114.11556232909493,-0.0638205967290402,26.552413497452623,114.11726932355768,,16.50837585974449,0.6216037239594671,3.497157758476769,16.50666886528174,0.6216635963004022,,,,16.50666886528174,1.0,14.603827423598943
274.8,0.016999999999995907,0.264908,26.604336,131.07623771836532,,,,0.3,26.6,131.1,-0.058331595781773285,26.556812802619007,114.56703583341097,-0.06310967965749266,26.55132854730823,114.56865113093804,,16.50920188495435,0.6216559949289634,3.4934483314248794,16.507586587427284,0.6217235630230195,,,,16.507586587427284,1.0,14.603230701019529
274.817,0.016000000000019554,0.259322,26.604885,131.52854970957122,,,,0.3,26.6,131.5,-0.06281859236957811,26.555821165490716,115.0184932221398,-0.07071274980527949,26.550255682754052,115.02001459689346,,16.510056487431427,0.6217113899262977,3.4897803695012684,16.508535112677762,0.6217844117938579,,,,16.508535112677762,1.0,14.60264062551473
274.833,0.016999999999995907,0.25491,26.60532,131.95426106278774,,,,0.3,26.61,132.0,-0.06721936456394391,26.5548160680128,115.44337832000835,-0.06485108541636024,26.549124278757166,115.44480963658607,,16.510882742779387,0.6217660367328977,3.452656175931546,16.509451426201665,0.6218454233313987,,,,16.509451426201665,1.0,14.602018353316442
274.85,0.016999999999995907,0.250296,26.605539,132.4065883372826,,,,0.3,26.61,132.4,-0.07123930293978041,26.553673338815216,115.89480047996628,-0.06798689660822065,26.548021810305087,115.89613537834299,,16.511787857316335,0.6218268804708081,3.4488873085576772,16.510452958939624,0.6219089722357692,,,,16.510452958939624,1.0,14.6014119956678
274.867,0.01599999999996271,0.246881,26.605639,132.8589186680545,,,,0.2,26.61,132.9,-0.07464003037688981,26.552462270665238,116.34620263264675,-0.06535653294277272,26.54686603306275,116.34744192501151,,16.512716035407763,0.6218901986220224,3.444936364392569,16.511476743043005,0.6219746135938915,,,,16.511476743043005,1.0,14.600776318184513
274.883,0.016999999999995907,0.243276,26.605553,133.28464049282152,,,,0.2,26.61,133.3,-0.07789469893770767,26.55126803017921,116.77103247505252,-0.06682000966591936,26.545820328535665,116.7721834159033,,16.513608017769002,0.6219517651284673,3.4413618400346575,16.512457076918224,0.6220360445658563,,,,16.512457076918224,1.0,14.600201180694617
274.9,0.016999999999995907,0.241417,26.60536,133.7369700472034,,,,0.2,26.61,133.7,-0.08072123489904567,26.54994382029727,117.22239277578146,-0.07695525423468019,26.544684388371344,117.2234527059969,,16.514577271421956,0.6220192925152882,3.437479018727472,16.51351734120651,0.6221026062920803,,,,16.51351734120651,1.0,14.59957641360424
274.917,0.016000000000019554,0.239464,26.605017,134.18929605195981,,,,0.2,26.61,134.2,-0.08299472547690746,26.548571559303987,117.67373015650796,-0.07796342190251004,26.543376149049354,117.67470122056488,,16.515565895451857,0.6220886821936735,3.4330074517750724,16.51459483139493,0.6221738613302361,,,,16.51459483139493,1.0,14.598856881977147
274.933,0.016999999999995907,0.238735,26.604568,134.61500697535234,,,,0.2,26.6,134.6,-0.0850067513640617,26.547243643696355,118.09849667813249,-0.0835212643775884,26.542128734298913,118.09938525963219,,16.516510297219853,0.6221553739776559,3.462000232685888,16.515621715720158,0.6222417908167984,,,,16.515621715720158,1.0,14.598170803864404
274.95,0.016999999999995907,0.238346,26.604008,135.06731912855975,,,,0.2,26.6,135.1,-0.08659202329305302,26.545798528923164,118.54978753659965,-0.08018654003346916,26.540708872804494,118.55058937929246,,16.517531591960093,0.6222277161473707,3.457147604215644,16.516729749267284,0.622316827648545,,,,16.516729749267284,1.0,14.597389880042472
274.967,0.016000000000019554,0.238756,26.603352,135.51962170555663,,,,0.2,26.6,135.5,-0.08767620122968672,26.544326464527185,119.00105359904387,-0.08535767680036524,26.539345701623926,119.00176984317498,,16.51856810651276,0.6223012713691394,3.452488962056408,16.517851862381647,0.6223910735437208,,,,16.517851862381647,1.0,14.59664013589316
274.983,0.016999999999995907,0.239026,26.602594,135.94530589832516,,,,0.2,26.6,135.9,-0.08844256591379396,26.542923645307507,119.42575159992307,-0.09471339071235053,26.537979978795118,119.42638844861885,,16.519554298402085,0.6223713152007111,3.447821832562664,16.518917449706308,0.6224632569210455,,,,16.518917449706308,1.0,14.595888988337316
275.0,0.016999999999995907,0.239357,26.601732,136.39758453558204,,,,0.2,26.6,136.4,-0.0888125909726127,26.541420121686972,119.87696852194242,-0.09497646700365088,26.536369851153008,119.8775204221733,,16.520616013639625,0.6224465736157292,3.4423197899391935,16.520064113408736,0.6225442366861998,,,,16.520064113408736,1.0,14.595003418134155
275.017,0.016000000000019554,0.239589,26.600779,136.84984856666844,,,,0.2,26.6,136.8,-0.08880728500233512,26.539910307640437,120.3281598305916,-0.10334494526121853,26.534755251213948,120.32862498554331,,16.52168873607684,0.6225224028477782,3.4368027902355265,16.521223581125128,0.6226258137568197,,,,16.521223581125128,1.0,14.594115388167673
275.033,0.016999999999995907,0.239433,26.59971,137.27549169806096,,,,0.2,26.6,137.3,-0.08847976608974939,26.538489391080397,120.75278702818188,-0.09856925635523293,26.533101732089765,120.75316784141026,,16.522704669879076,0.6225940152958506,3.4311531435480283,16.5223238566507,0.6227060832721343,,,,16.5223238566507,1.0,14.593205952649372
275.05,0.016999999999995907,0.239141,26.598551,137.72772136612934,,,,0.2,26.6,137.7,-0.08782770113968061,26.53698523505687,121.20392856250393,-0.10261802825825517,26.531426054731728,121.20421632759813,,16.523792803625412,0.6226703092782574,3.4254281365792725,16.523505038531212,0.6227899323784875,,,,16.523505038531212,1.0,14.592284330102451
275.067,0.016000000000019554,0.237723,26.597254,138.17993128900375,,,,0.2,26.6,138.2,-0.08695720953029452,26.535492164137498,121.65504462039698,-0.0980473853405706,26.52968154825134,121.65523574222338,,16.52488666860677,0.6227465677437112,3.419468345551858,16.524695546780364,0.6228757596176108,,,,16.524695546780364,1.0,14.591324851538237
275.083,0.016999999999995907,0.236626,26.595869,138.60551778154826,,,,0.2,26.6,138.6,-0.0857885650954973,26.534100848785013,122.07960136450087,-0.09741148390471853,26.52811279008589,122.0796980969306,,16.525916417047384,0.6228180299467015,3.414109291728494,16.52581968461766,0.6229549691447973,,,,16.52581968461766,1.0,14.59046203454724
275.1,0.016999999999995907,0.233403,26.594307,139.05768174700515,,,,0.2,26.59,139.1,-0.08443510511835829,26.53264244317839,122.53066868248246,-0.08849288012723303,26.52645679485951,122.53066193840252,,16.52701306452269,0.6228935960644142,3.441696310082713,16.52701980860263,0.6230391015435336,,,,16.52701980860263,1.0,14.589551237172731
275.117,0.01599999999996271,0.230588,26.592638,139.50981869273855,,,,0.2,26.59,139.5,-0.08299154677293523,26.531207046391376,122.98171140314369,-0.08857395264705917,26.524952415897346,122.98159891669384,,16.528107289594857,0.6229685389245385,3.436557783190887,16.528219776044708,0.6231196767817294,,,,16.528219776044708,1.0,14.588723828743541
275.133,0.016999999999995907,0.225219,26.590769,139.93533041600156,,,,0.2,26.59,139.9,-0.08138845351681365,26.52987918164301,123.40620009296698,-0.09269072393243584,26.523535232654996,123.40598681788127,,16.52913032303458,0.6230382810967223,3.4317173506336864,16.529343598120292,0.6231953415384028,,,,16.529343598120292,1.0,14.58794437796025
275.15,0.016999999999995907,0.221229,26.588781,140.38740603314696,,,,0.2,26.59,140.4,-0.07967171345729455,26.528495577933224,123.85719627842327,-0.08789970920903686,26.521959490348145,123.85687352302669,,16.530209754723685,0.6231114654113197,3.4263356495140678,16.530532510120267,0.6232771947387993,,,,16.530532510120267,1.0,14.58707771969148
275.167,0.016000000000019554,0.213883,26.586565,140.83944727773735,,,,0.2,26.59,140.8,-0.0780567562150719,26.52714115880445,124.30816919068543,-0.09168930898545644,26.520465195291592,124.30773413285452,,16.531278087051916,0.6231835533308167,3.421232405446206,16.53171314488283,0.6233568311546,,,,16.53171314488283,1.0,14.586255857410377
275.183,0.016999999999995907,0.208695,26.584219,141.26485969476187,,,,0.2,26.58,141.3,-0.07631072983799185,26.52589225070501,124.73259345796204,-0.08265015853957973,26.518998166347824,124.73204983974814,,16.532266236799828,0.6232501467075223,3.4494538008072424,16.532809855013724,0.6234326708462762,,,,16.532809855013724,1.0,14.585448991491305
275.2,0.016999999999995907,0.200256,26.581652,141.71682157418925,,,,0.2,26.58,141.7,-0.07462624829583389,26.524594968297762,125.18352259932345,-0.08261268640754135,26.51759311365265,125.18286086562804,,16.5332989748658,0.6233195641489125,3.444655845192682,16.53396070856121,0.6235091034732205,,,,16.53396070856121,1.0,14.58467621250896
275.217,0.016000000000019554,0.193312,26.578878,142.16873859518114,,,,0.2,26.58,142.2,-0.07307251167785876,26.523326322076734,125.63442993029152,-0.07436570432198543,26.516188697983722,125.63364801102684,,16.534308664889622,0.6233874463598957,3.439860311490857,16.535090584154304,0.6235847380815941,,,,16.535090584154304,1.0,14.583903783891047
275.233,0.016999999999995907,0.184945,26.575945,142.59402538711765,,,,0.2,26.58,142.6,-0.07152507039790094,26.522157161889886,126.05879379816376,-0.0699951068491353,26.51499884671457,126.05789751138494,,16.53523158895389,0.6234497249987505,3.435797624751144,16.536127875732717,0.6236518421641072,,,,16.536127875732717,1.0,14.583249365693014
275.25,0.016999999999995907,0.177984,26.572779,143.04584317667005,,,,0.2,26.57,143.0,-0.07003975591601859,26.520941235693122,126.5096601345431,-0.07486662143397449,26.513808929898133,126.50864237748604,,16.53618304212695,0.6235141843258483,3.4649536411864332,16.537200799184006,0.6237202977100712,,,,16.537200799184006,1.0,14.582594911443975
275.267,0.016000000000019554,0.16989,26.56946,143.49760613835795,,,,0.2,26.57,143.5,-0.06874264593677235,26.51975055984255,126.96050601480503,-0.0710502210299051,26.512536197333755,126.9593663110674,,16.537100123552918,0.6235767597525661,3.460608345666658,16.538239827290553,0.6237894294305095,,,,16.538239827290553,1.0,14.581894908533567
275.283,0.016999999999995907,0.161118,26.565861,143.92273924427846,,,,0.2,26.57,143.9,-0.06752269258533723,26.51865067750756,127.38481322470436,-0.07119604810779279,26.511399393797277,127.38355779579696,,16.5379260195741,0.6236337670679883,3.456727302969387,16.5391814484815,0.6238516949939308,,,,16.5391814484815,1.0,14.581269666588502
275.3,0.016999999999995907,0.153921,26.562153,144.37438216282936,,,,0.2,26.56,144.4,-0.06640981056270835,26.51750279173361,127.83562052919281,-0.06303859256420054,26.510189060979446,127.83424129766244,,16.538761633636554,0.6236922746282217,3.4858016591525915,16.54014086516692,0.623916367669836,,,,16.54014086516692,1.0,14.580603983538696
275.317,0.016000000000019554,0.144314,26.55813,144.82596100541375,,,,0.1,26.56,144.8,-0.0655447264596488,26.516373824954044,128.28640848043455,-0.06645703806822746,26.509117404905854,128.28490540262237,,16.5395525249792,0.6237486556104496,3.482143339683248,16.541055602791374,0.6239760966063034,,,,16.541055602791374,1.0,14.580014572698222
275.333,0.016999999999995907,0.136821,26.55398,145.25090955760626,,,,0.1,26.55,145.3,-0.06478248366722159,26.51532510933069,128.71066207190933,-0.057063875781784075,26.50805409229676,128.7090427746005,,16.540247485696938,0.6237995354571934,3.5117073942378596,16.54186678300576,0.6240317273161452,,,,16.54186678300576,1.0,14.57942975076322
275.35,0.016999999999995907,0.126392,26.549524,145.70234698824066,,,,0.1,26.55,145.7,-0.06426228903543903,26.514223807108348,129.16141323769895,-0.056715601481266364,26.50708400640847,129.1596714484394,,16.54093375054171,0.6238513286633403,3.508396058315571,16.54267553980125,0.624085076117834,,,,16.54267553980125,1.0,14.578896203524659
275.367,0.01599999999996271,0.120022,26.544962,146.15370715988456,,,,0.1,26.54,146.2,-0.06389857164722083,26.513131348194744,129.6121457565189,-0.048612936840181684,26.50611984118329,129.61028368114384,,16.541561403365648,0.6239007073938835,3.5382862988164816,16.54342347874072,0.6241359949273582,,,,16.54342347874072,1.0,14.57836591265081
275.383,0.016999999999995907,0.109549,26.540075,146.57844191469957,,,,0.1,26.54,146.6,-0.06379405434512196,26.51210897104839,130.0363476790719,-0.044418813137944234,26.50534203419385,130.03437537614587,,16.542094235627673,0.6239448643520544,3.535631475269591,16.544066538553693,0.6241785718973415,,,,16.544066538553693,1.0,14.577938118806617
275.4,0.016999999999995907,0.102237,26.535042,147.02963901952995,,,,0.1,26.54,147.0,-0.063875003553059,26.511024472124525,130.48704431333877,-0.049070486526197804,26.504586914370503,130.48495977220855,,16.54259470619118,0.6239892661856647,3.5330541602758085,16.544679247321397,0.624219471926614,,,,16.544679247321397,1.0,14.577522802903777
275.417,0.016000000000019554,0.091887,26.529736,147.48074950677633,,,,0.1,26.53,147.5,-0.06422029032770335,26.509938597064124,130.93772249942677,-0.04548372197959072,26.50375271609956,130.93553065906744,,16.543027007349565,0.6240311325799013,3.563375773869627,16.545218847708895,0.624259478457124,,,,16.545218847708895,1.0,14.57706399385476
275.433,0.016999999999995907,0.085139,26.524246,147.90523704431286,,,,0.1,26.52,147.9,-0.06479313711573452,26.50891107241888,131.36187329678313,-0.04631694999470503,26.503024976547884,131.35958488060913,,16.543363747529725,0.6240680238556543,3.594048304374855,16.54565216370372,0.6242929695136579,,,,16.54565216370372,1.0,14.576663737101338
275.45,0.016999999999995907,0.076358,26.518543,148.35616152889824,,,,0.1,26.52,148.4,-0.06562754426971872,26.507809589087913,131.81251542240582,-0.03843099974936877,26.502237588397975,131.81012961241106,,16.543646106492417,0.6241046077719942,3.591361083333209,16.54603191648718,0.6243258464987358,,,,16.54603191648718,1.0,14.576230673618888
275.467,0.016000000000019554,0.069716,26.512627,148.80698779362913,,,,0.1,26.51,148.8,-0.06661166478349444,26.50669392083533,132.26313870224007,-0.03988275422989654,26.501584261402236,132.26066209813425,,16.543849091389063,0.6241385342434174,3.6222751989028916,16.546325695494886,0.6243523229512543,,,,16.546325695494886,1.0,14.575871343771231
275.483,0.016999999999995907,0.063837,26.506584,149.23119874927764,,,,0.1,26.51,149.2,-0.06786865928366376,26.50562813419879,132.68723727868084,-0.04544094700677356,26.50094613733456,132.68468234132467,,16.5439614705968,0.6241678705682516,3.62009749960267,16.546516407952964,0.6243745533538599,,,,16.546516407952964,1.0,14.575520375534008
275.5,0.016999999999995907,0.059885,26.500374,149.68181990172403,,,,0.1,26.5,149.7,-0.0692796735759802,26.50447436699097,133.13782314994086,-0.04249584130590406,26.500173641235445,133.1351918594424,,16.54399675178317,0.6241963723825924,3.6505925526004104,16.54662804228164,0.6243969668385249,,,,16.54662804228164,1.0,14.575095502679495
275.517,0.016000000000019554,0.056836,26.494068,150.1323349131064,,,,0.1,26.49,150.1,-0.07073743338531009,26.50329661254018,133.58838920326676,-0.04838540748665363,26.499451211933245,133.5856886706942,,16.543945709839647,0.6242221845720048,3.6812460295452265,16.54664624241221,0.6244146759900038,,,,16.54664624241221,1.0,14.574698166563286
275.533,0.016999999999995907,0.055119,26.487652,150.55624727611493,,,,0.1,26.49,150.6,-0.07240967568107765,26.50216481360601,134.01243289467644,-0.04110536319238013,26.49867704541346,134.00967369675348,,16.543814381438494,0.6242438871614376,3.678604276861488,16.54657357936145,0.6244301763066856,,,,16.54657357936145,1.0,14.574272374977403
275.55,0.016999999999995907,0.054844,26.481176,151.00654532481033,,,,0.1,26.48,151.0,-0.07416143469060853,26.500933849119434,134.4629592333095,-0.04321119567380257,26.49797825423919,134.46014526680042,,16.543586091500828,0.6242642687872878,3.709326048057223,16.546400058009908,0.6244400949858425,,,,16.546400058009908,1.0,14.573888039831555
275.567,0.016000000000019554,0.05537,26.474632,151.45673324176823,,,,0.1,26.47,151.5,-0.0758740187167142,26.499673104729695,134.9134643924171,-0.0373248675972653,26.497243663912734,134.9106046531046,,16.543268849351136,0.6242819971389939,3.739913227938997,16.546128588663635,0.6244471613173194,,,,16.546128588663635,1.0,14.573484015152005
275.583,0.016999999999995907,0.056517,26.46804,151.88033444112875,,,,0.1,26.47,151.9,-0.07776574445501966,26.498459120430226,135.3374494502189,-0.035391855484720625,26.496646466031176,135.33455577414466,,16.54288499090984,0.6242961115484383,3.7378755182182712,16.54577866698409,0.6244480292325241,,,,16.54577866698409,1.0,14.573155556317149
275.6,0.016999999999995907,0.058063,26.461405,152.33029928783515,,,,0.1,26.46,152.3,-0.07971747431223172,26.49713710277449,135.78791201811606,-0.04262497867974066,26.496044804487937,135.78499364994394,,16.542387269719086,0.6243084754989228,3.7689038730383047,16.545305637891204,0.6244443561285319,,,,16.545305637891204,1.0,14.572824642468367
275.617,0.01599999999996271,0.059571,26.454721,152.78015156293853,,,,0.1,26.45,152.8,-0.08162178019606227,26.495781905711183,136.23835182968807,-0.04135518317510689,26.49532017985038,136.23542025231072,,16.541799733250457,0.6243182326951771,3.7995002325342213,16.54473131062781,0.6244397575995339,,,,16.54473131062781,1.0,14.572426098917711
275.633,0.016999999999995907,0.06074,26.447987,153.20343472402553,,,,0.1,26.45,153.2,-0.08374600428312327,26.49447595722805,136.6622738925906,-0.04411674517019945,26.49465849691958,136.65934008172388,,16.541160831434922,0.6243248916543401,3.797242653966515,16.544094642301644,0.6244313224201458,,,,16.544094642301644,1.0,14.57206217330577
275.65,0.016999999999995907,0.061393,26.441196,153.65305927995541,,,,0.1,26.44,153.7,-0.08598510540243832,26.49305227515524,137.11266788256577,-0.0384784580526222,26.493908512251686,137.10974290130173,,16.54039139738964,0.6243293987269619,3.827740117197811,16.543316378653685,0.624419623514722,,,,16.543316378653685,1.0,14.571649681738428
275.667,0.016000000000019554,0.061611,26.43392,154.1025684832438,,,,0.1,26.43,154.1,-0.0882366080018004,26.4915905283634,137.56303734639556,-0.04193253998315159,26.49325437846479,137.5601337858727,,16.53953113684824,0.6243313748617728,3.8585521604742192,16.542434697371107,0.6244017613335464,,,,16.542434697371107,1.0,14.571289908155636
275.683,0.016999999999995907,0.061537,26.427452,154.52551908945233,,,,0.1,26.43,154.5,-0.09076998978001728,26.49017874263537,137.98689150056407,-0.04950544311155007,26.49258345782506,137.98402048856354,,16.53862758888826,0.6243305396150347,3.8562632376466297,16.541498600888787,0.6243822399284717,,,,16.541498600888787,1.0,14.570920901803785
275.7,0.016999999999995907,0.072845,26.421345,154.97479466554873,,,,0.1,26.42,155.0,-0.09310446511880448,26.48863565280911,138.43721142292526,-0.04845517226503532,26.491741865292163,138.43438725380994,,16.53758324262347,0.6243274836569269,3.886423377608801,16.540407411738784,0.6243608855863495,,,,16.540407411738784,1.0,14.57045802591069
275.717,0.016000000000019554,0.138008,26.416914,155.42396805665112,,,,0.1,26.42,155.4,-0.09364143357444345,26.48705287690209,138.8875047754277,-0.055619680093784624,26.490918127363656,138.88473986374743,,16.536463281223433,0.624322507984419,3.88361326465413,16.539228192903693,0.6243357860752883,,,,16.539228192903693,1.0,14.570004970050013
275.733,0.016999999999995907,0.170013,26.412205,155.84665634567563,,,,0.2,26.41,155.8,-0.09347305536936408,26.485554613964897,139.31128563535515,-0.06455608249092826,26.490028212482155,139.3085874344667,,16.53537071032048,0.6243165737447673,3.913596239879494,16.53806891120894,0.6243129972740522,,,,16.53806891120894,1.0,14.569515516865186
275.75,0.016999999999995907,0.139127,26.406221,156.29568839755402,,,,0.1,26.41,156.3,-0.09442117447477667,26.483965572023617,139.76152655693593,-0.06715253593147813,26.48893075907981,139.75890858572487,,16.534161840618083,0.6243083874902773,3.9098526233657616,16.53677981182915,0.6242901973746415,,,,16.53677981182915,1.0,14.568911917493898
275.767,0.016000000000019554,0.08912,26.39887,156.74461425840542,,,,0.1,26.4,156.7,-0.09688942492482966,26.482360412057545,140.2117403278005,-0.07795002807428662,26.487789165968977,140.20921070508766,,16.53287393060492,0.6242975955828101,3.9389648478983705,16.535403553317764,0.6242651453358042,,,,16.535403553317764,1.0,14.568284041282938
275.783,0.016999999999995907,0.027693,26.390436,157.16700758576593,,,,0.0,26.39,157.2,-0.101499364094562,26.480810181258747,140.63544569254753,-0.07880379073989113,26.486541965519788,140.6330053541401,,16.531561893218395,0.6242845962816602,3.967704527254531,16.534002231625834,0.6242416338512524,,,,16.534002231625834,1.0,14.567598081035884
275.8,0.016999999999995907,0.063573,26.383234,157.61564899940433,,,,0.1,26.38,157.6,-0.10523597906680034,26.47908469206914,141.08560479897073,-0.0857679421874105,26.48520230107721,141.08326518040604,,16.530044200433593,0.6242679606438426,3.9961165381693178,16.532383818998284,0.6242121027078534,,,,16.532383818998284,1.0,14.566861265592467
275.817,0.016000000000019554,0.110871,26.376173,158.06417316370272,,,,0.1,26.38,158.1,-0.10766479765235468,26.477295680425005,141.53573403213682,-0.08373378026267686,26.483744246060024,141.53350122605661,,16.528439131565904,0.6242495204593567,3.991143755275848,16.530671937646105,0.6241818295804366,,,,16.530671937646105,1.0,14.566059335333014
275.833,0.016999999999995907,0.116191,26.368509,158.48620612319124,,,,0.1,26.37,158.5,-0.11035436591863665,26.475573043662564,141.95935698193003,-0.08601018601695672,26.48240450557582,141.95723041607022,,16.52684914126121,0.6242300823481979,4.019543475366477,16.52897570712102,0.6241493556085844,,,,16.52897570712102,1.0,14.565322478066701
275.85,0.016999999999995907,0.088036,26.360012,158.93448756579062,,,,0.1,26.36,158.9,-0.11412896340885709,26.473697019441946,142.4094257774663,-0.0971123030408823,26.48094233241353,142.40741886419303,,16.525061788324308,0.6242068033107924,4.047513409029536,16.527068701597585,0.6241118044114283,,,,16.527068701597585,1.0,14.564518282827443
275.867,0.01599999999996271,0.049048,26.350855,159.3826204909925,,,,0.0,26.35,159.4,-0.11898209914986839,26.471756827063995,142.8594621351615,-0.10180614433454237,26.479291423261834,142.85758085111615,,16.523158355831015,0.62418064897522,4.074827534702912,16.525039639876354,0.6240740877740877,,,,16.525039639876354,1.0,14.56361028279401
275.883,0.016999999999995907,0.019609,26.341379,159.80424044913553,,,,0.0,26.34,159.8,-0.12522680890917678,26.4698531134776,143.28299501468484,-0.11089261504274682,26.477662524952486,143.28123648270088,,16.52124543445069,0.6241532721629877,4.102204551574825,16.523003966434658,0.6240355979635067,,,,16.523003966434658,1.0,14.562714388723869
275.9,0.016999999999995907,-0.000686,26.33176,160.25204672563592,,,,0.0,26.33,160.3,-0.13226259904218612,26.467724257726147,143.73296442233996,-0.11110262797519298,26.47577735049676,143.73134072164208,,16.51908230329596,0.6241217470169882,4.12869562961701,16.520706003993837,0.6239932367343263,,,,16.520706003993837,1.0,14.56167754277322
275.917,0.016000000000019554,-0.012949,26.321981,160.69968654650881,,,,0.0,26.32,160.7,-0.1393973341799029,26.46547579354243,144.18289662277564,-0.11961533529180007,26.47388860582118,144.18141288227068,,16.51678992373317,0.6240881536602967,4.1551624801714055,16.518273664238137,0.6239458777735446,,,,16.518273664238137,1.0,14.56063873320165
275.933,0.016999999999995907,-0.029254,26.312012,161.12083658503732,,,,0.0,26.31,161.1,-0.14764031888896184,26.46324543619555,144.60632639261408,-0.13254249994036824,26.471974760456508,144.60497978920142,,16.514510192423245,0.6240546055562499,4.181531708436051,16.5158567958359,0.623899688077184,,,,16.5158567958359,1.0,14.559586118251081
275.95,0.016999999999995907,-0.049222,26.301685,161.56813656183422,,,,0.0,26.3,161.6,-0.15662545607127168,26.460735550774437,145.0561802310032,-0.13636208209921197,26.469721537957522,145.05498420773782,,16.511956330831026,0.6240172839922344,4.20673204735902,16.513152354096405,0.6238506260980714,,,,16.513152354096405,1.0,14.558346845876638
275.967,0.016000000000019554,-0.067259,26.291328,162.0152580942551,,,,-0.1,26.29,162.0,-0.16570326312884265,26.458072918021227,145.50599010298785,-0.1506947027760004,26.467403382561837,145.50494976956213,,16.50926799126725,0.6239784750166892,4.231699201709045,16.51030832469297,0.6237978122013609,,,,16.51030832469297,1.0,14.557071860409012
275.983,0.016999999999995907,-0.083857,26.280775,162.4359107331036,,,,-0.1,26.28,162.4,-0.17596824845298992,26.455421665811162,145.92929805965903,-0.16947114937713223,26.464992267317417,145.92840893476168,,16.50661267344458,0.6239406380271906,4.256337708554902,16.507501798341934,0.6237485970750746,,,,16.507501798341934,1.0,14.55574574702458
276.0,0.016999999999995907,-0.092105,26.270418,162.882671790767,,,,-0.1,26.27,162.9,-0.18656545329981722,26.45243020558746,146.3790148005658,-0.17878362452719104,26.462111257778005,146.37828931472487,,16.503656990201193,0.6238994626178119,4.279363139466644,16.50438247604214,0.6236986276441192,,,,16.50438247604214,1.0,14.554161191777904
276.017,0.016000000000019554,-0.098956,26.260069,163.3292555875944,,,,-0.1,26.26,163.3,-0.19679855900112495,26.449258592881364,146.8286791553527,-0.1953109066976279,26.459071936161045,146.82811937187324,,16.5005764322417,0.6238578058548196,4.301837676300161,16.501136215721147,0.6236475812732267,,,,16.501136215721147,1.0,14.552489564888576
276.033,0.016999999999995907,-0.093053,26.250208,163.7494040252269,,,,-0.1,26.25,163.7,-0.20757558156569558,26.44610981593734,147.25184210262375,-0.21620368660544917,26.45594696165388,147.25143952305626,,16.497561922603154,0.6238180979140135,4.324009048530582,16.497964502170646,0.6236013598788711,,,,16.497964502170646,1.0,14.550770828909634
276.05,0.016999999999995907,-0.086626,26.240555,164.1956441150683,,,,-0.1,26.24,164.2,-0.21821004931839208,26.442581031050725,147.70139597482304,-0.22740552258930952,26.452271498981588,147.70115937997156,,16.494248140245247,0.6237760270404976,4.344293865887768,16.494484735096734,0.6235564584966463,,,,16.494484735096734,1.0,14.548749324439875
276.067,0.016000000000019554,-0.069674,26.23152,164.64172103261117,,,,-0.1,26.23,164.6,-0.22778136250357153,26.438871460212315,148.15088832099866,-0.24550008085130406,26.44840560509757,148.15081513535614,,16.490832711612512,0.623734365380514,4.36391925124454,16.490905897255033,0.6235122881689562,,,,16.490905897255033,1.0,14.546623082803665
276.083,0.016999999999995907,-0.05642,26.22278,165.0614164343397,,,,-0.1,26.22,165.1,-0.23761091086921346,26.435226958412255,148.5738811083482,-0.25051040372818834,26.444477603803943,148.57395820102786,,16.4875353259915,0.623695622206293,4.383322494010919,16.487458233311827,0.6234745295532012,,,,16.487458233311827,1.0,14.54446268209217
276.1,0.016999999999995907,-0.072504,26.213213,165.5071955416496,,,,-0.1,26.21,165.5,-0.24794290898654867,26.431187572927477,149.02324563186448,-0.2637299582579605,26.440218926940563,149.02347812153909,,16.48394990978511,0.623655288446783,4.401589199228177,16.48371742011051,0.6234334695056122,,,,16.48371742011051,1.0,14.542120409817311
276.117,0.01599999999996271,-0.134865,26.202848,165.95280968582148,,,,-0.1,26.2,166.0,-0.2593660021586231,26.426972543474708,149.4725399928538,-0.2672086599315569,26.43573551765018,149.472923734318,,16.48026969296768,0.6236154998782467,4.41908057421197,16.47988595150349,0.6233942664655754,,,,16.47988595150349,1.0,14.5396545347076
276.133,0.016999999999995907,-0.168287,26.193419,166.3720379911005,,,,-0.2,26.19,166.4,-0.2724004403152679,26.42282268744018,149.89533835470013,-0.2773724356007555,26.431460179091285,149.89586129989095,,16.476699636400383,0.6235783296624253,4.437270217839643,16.47617669120956,0.6233547666141845,,,,16.47617669120956,1.0,14.537303098500209
276.15,0.016999999999995907,-0.030297,26.188372,166.8173017966289,,,,0.0,26.19,166.8,-0.2812597940326718,26.418191879954822,150.34448697852287,-0.2893938604679687,26.426744847686074,150.34515604261844,,16.47281481810603,0.6235405849483974,4.421220937562504,16.472145754010455,0.6233134594877188,,,,16.472145754010455,1.0,14.534709666227341
276.167,0.016000000000019554,0.000743,26.181755,167.2624997427123,,,,0.0,26.18,167.3,-0.28869938227912756,26.413410463456266,150.79355559844177,-0.29169841017844883,26.42182515205812,150.79436888761617,,16.468944144270523,0.6235069177096912,4.437210288076509,16.46813085509612,0.6232775654339435,,,,16.46813085509612,1.0,14.532003833631967
276.183,0.016999999999995907,0.026139,26.175909,167.6814079178168,,,,0.0,26.18,167.7,-0.29582277104119464,26.408791273339794,151.21613321233667,-0.29734580847275177,26.417157977495258,151.21708075265312,,16.46527470548014,0.6234770283523793,4.421330523245864,16.464327165163695,0.6232436956007771,,,,16.464327165163695,1.0,14.529436887622392
276.2,0.016999999999995907,0.053396,26.170347,168.1264021479022,,,,0.1,26.17,168.1,-0.3021000921424792,26.403762286232094,151.6650399175929,-0.3081792224308304,26.41210309875122,151.6661294718011,,16.461362230309305,0.6234476000752693,4.436853441066605,16.460272676101113,0.6232094663025666,,,,16.460272676101113,1.0,14.526656704313172
276.217,0.016000000000019554,0.092541,26.165644,168.5713057626241,,,,0.1,26.17,168.6,-0.30688472658174176,26.398626584665674,152.11386022299544,-0.30893478832582844,26.406864051969897,152.11509069258213,,16.45744553962865,0.6234205210201498,4.419034471398236,16.456215070041964,0.623179452041537,,,,16.456215070041964,1.0,14.523775228583444
276.233,0.016999999999995907,0.08851,26.16012,168.9899679118726,,,,0.1,26.16,169.0,-0.31207319076887013,26.39371642904036,152.5361989671056,-0.3133431776234805,26.401921095356677,152.53756097376126,,16.453768944767006,0.6233972009589118,4.434931954875665,16.452406938111352,0.6231518865119572,,,,16.452406938111352,1.0,14.521056602446173
276.25,0.016999999999995907,0.05666,26.154816,169.4347027415675,,,,0.1,26.15,169.4,-0.31810708265398235,26.38841118479729,152.98484705182312,-0.32571254545836487,26.39659426133708,152.98634835429303,,16.449855689744368,0.6233742370674193,4.449514963487065,16.448354387274463,0.6231241130741727,,,,16.448354387274463,1.0,14.518126843735395
276.267,0.016000000000019554,0.019056,26.148865,169.8793428009374,,,,0.0,26.15,169.9,-0.32471278217277183,26.383003364392174,153.43340407549113,-0.33041027776935933,26.391057148064288,153.43504339127284,,16.44593872544627,0.6233535469143189,4.43069305183113,16.444299409664552,0.6231012011912034,,,,16.444299409664552,1.0,14.515081431435359
276.283,0.016999999999995907,-0.014818,26.142685,170.29772708010591,,,,0.0,26.14,170.3,-0.33258866596968717,26.3778079598774,153.8554905660858,-0.33874811830599616,26.385770583619973,153.85725801312682,,16.442236514020124,0.6233359701090395,4.445407639076061,16.44046906697909,0.6230808766746867,,,,16.44046906697909,1.0,14.512173820990986
276.3,0.016999999999995907,-0.046905,26.13624,170.74215058390482,,,,0.0,26.14,170.7,-0.34120905669792095,26.37215395255592,154.30386524234137,-0.35435158037467596,26.380011865608772,154.30576716394515,,16.438285341563443,0.6233197853742352,4.4258403134145965,16.436383419959668,0.6230620177008918,,,,16.436383419959668,1.0,14.509006526084825
276.317,0.016000000000019554,-0.078104,26.129536,171.1864598861322,,,,-0.1,26.13,171.2,-0.34996390160271557,26.366353398592057,154.75214255482604,-0.3622501400624859,26.373987888742406,154.75417616185703,,16.434317331306175,0.6233064194680693,4.438044861094935,16.43228372427518,0.62304888413516,,,,16.43228372427518,1.0,14.505693338808324
276.333,0.016999999999995907,-0.109308,26.122156,171.60452246482072,,,,-0.1,26.12,171.6,-0.35996100869606373,26.360753976166407,155.1739594138246,-0.37373474120032996,26.3681918865014,155.1761136000595,,16.430563050996113,0.62329639986214,4.451015648860025,16.428408864761224,0.6230388847090944,,,,16.428408864761224,1.0,14.502505537575772
276.35,0.016999999999995907,-0.133975,26.115093,172.04858332181462,,,,-0.1,26.12,172.0,-0.37037831019581774,26.354634639018574,155.62204021705355,-0.39221678290745804,26.361838395900996,155.62431885745983,,16.426543104761066,0.6232885915421205,4.4294415653150985,16.424264464354792,0.6230318317598291,,,,16.424264464354792,1.0,14.49901111774555
276.367,0.01599999999996271,-0.151152,26.108395,172.49252054342702,,,,-0.2,26.11,172.5,-0.38032935381075295,26.348338207745247,156.07001548625095,-0.402574867283213,26.355170710591572,156.0724134348649,,16.422505057176068,0.6232842818280121,4.439449770085654,16.42010710856212,0.6230317112673164,,,,16.42010710856212,1.0,14.495343890825366
276.383,0.016999999999995907,-0.166698,26.101202,172.91023551597004,,,,-0.2,26.1,172.9,-0.391042350982825,26.34225293808429,156.49154021541662,-0.4164264032939702,26.348729512715057,156.4940446366504,,16.418695300553424,0.6232836401330013,4.450219634660344,16.416190879319657,0.6230353866359183,,,,16.416190879319657,1.0,14.491801231993282
276.4,0.016999999999995907,-0.178996,26.093924,173.35393186210894,,,,-0.2,26.09,173.4,-0.4017424793701849,26.335605218117582,156.93930200974424,-0.4200973424179322,26.341650263859062,156.94191286475115,,16.414629852364698,0.6232866006463467,4.458817440352545,16.41201899735779,0.6230444498716621,,,,16.41201899735779,1.0,14.487907645122485
276.417,0.016000000000019554,-0.189434,26.086618,173.79750270518684,,,,-0.2,26.09,173.8,-0.4117318516588949,26.328775595968292,157.38694924666385,-0.43027402950222843,26.334508609037957,157.38966021517066,,16.410553458522998,0.623293453153816,4.434591090872193,16.40784249001618,0.6230548188161383,,,,16.40784249001618,1.0,14.483979734970879
276.433,0.016999999999995907,-0.206103,26.078901,174.21486434563536,,,,-0.2,26.08,174.2,-0.42247472995771934,26.32218788634174,157.80815695452284,-0.4438216867713012,26.327624224565913,157.81095727784,,16.40670739111252,0.6233033310891971,4.443849754328459,16.40390706779536,0.6230682619850338,,,,16.40390706779536,1.0,14.480193323511253
276.45,0.016999999999995907,-0.235887,26.070599,174.65817588075174,,,,-0.2,26.07,174.7,-0.43367038372002564,26.315005815932462,158.25557310099208,-0.44707475054671325,26.320079255890803,158.25846275742376,,16.40260277975966,0.6233174673983419,4.45086242786242,16.399713123327984,0.6230875281143957,,,,16.399713123327984,1.0,14.476043590739943
276.467,0.016000000000019554,-0.280627,26.060867,175.10134197808014,,,,-0.3,26.06,175.1,-0.44504589151248997,26.307633419409225,158.70286553449236,-0.4597910488449603,26.312478985131513,158.70583950247234,,16.398476443587782,0.623335295203305,4.457682294949876,16.3955024756078,0.6231074800999352,,,,16.3955024756078,1.0,14.471863441822332
276.483,0.016999999999995907,-0.325069,26.051008,175.51827992982464,,,,-0.3,26.05,175.5,-0.4580125951086704,26.300512685145016,159.1237307033293,-0.47580242395996525,26.305122328349984,159.1267803129807,,16.394549226495343,0.6233547392311963,4.465322277176053,16.39149961684393,0.6231295719609035,,,,16.39149961684393,1.0,14.467817280592493
276.5,0.016999999999995907,-0.366928,26.041122,175.96110009335405,,,,-0.4,26.04,176.0,-0.47168029483898516,26.29272647102817,159.57077323615664,-0.48407764009306387,26.297033687142665,159.57389863911231,,16.390326857197408,0.6233787460291663,4.470477165134028,16.387201454241733,0.6231577922134192,,,,16.387201454241733,1.0,14.463368527928466
276.517,0.016000000000019554,-0.401555,26.03019,176.40374614625793,,,,-0.4,26.03,176.4,-0.4850026638069442,26.28470790601591,160.01768142836139,-0.49853359989043594,26.288804367261086,160.02087826257466,,16.386064717896545,0.6234067647427113,4.47515137798395,16.382867883683275,0.6231880177892675,,,,16.382867883683275,1.0,14.458842401993598
276.533,0.016999999999995907,-0.431725,26.018768,176.82017778721843,,,,-0.4,26.02,176.8,-0.4995560325870773,26.27694786339499,160.4381746745172,-0.5161676874572012,26.28082782966283,160.44143532015056,,16.382003112701227,0.623436298533062,4.480677246240051,16.378742467067866,0.6232201882385681,,,,16.378742467067866,1.0,14.454455306314557
276.55,0.016999999999995907,-0.461213,26.006056,177.26243445895582,,,,-0.5,26.01,177.3,-0.5144449968593866,26.268455410841014,160.8848106023481,-0.5258297079735752,26.27205297897606,160.8881348070239,,16.377623856607727,0.6234711405927836,4.483497031030406,16.37429965193192,0.623259235394938,,,,16.37429965193192,1.0,14.449629138436833
276.567,0.016000000000019554,-0.510723,25.992834,177.70447076567723,,,,-0.5,25.99,177.7,-0.529288655638743,26.259709845894406,161.33130000703025,-0.5417693143522464,26.26311387394051,161.33468372527358,,16.373170758646978,0.6235092030617716,4.518252034616968,16.36978704040365,0.6232995492833209,,,,16.36978704040365,1.0,14.444712630667283
276.583,0.016999999999995907,-0.572847,25.978453,178.12029073713373,,,,-0.6,25.98,178.1,-0.5463528853786844,26.251241227404176,161.75138761561715,-0.5635544055775464,26.254445564910863,161.7548242007849,,16.36890312151658,0.62354777740676,4.521414051545317,16.365466536348833,0.6233407784554903,,,,16.365466536348833,1.0,14.439945060700976
276.6,0.016999999999995907,-0.628218,25.964172,178.56184166174214,,,,-0.6,25.96,178.6,-0.5643741149312786,26.24195322835274,162.19757976849098,-0.5746170829740802,26.244865140016046,162.20106834177668,,16.364261893251154,0.6235916111446546,4.553945652603447,16.36077331996546,0.6233894985811864,,,,16.36077331996546,1.0,14.434675827008826
276.617,0.01599999999996271,-0.672164,25.94838,179.00314180824103,,,,-0.7,25.95,179.0,-0.5819310160034598,26.23235886839891,162.64361142131327,-0.5938790586205375,26.235096649605488,162.64714801698835,,16.35953038692776,0.6236393177220307,4.553371928344374,16.355993791252672,0.6234394334315756,,,,16.355993791252672,1.0,14.42930315728302
276.633,0.016999999999995907,-0.701692,25.931257,179.41822985124807,,,,-0.7,25.93,179.4,-0.600897903297821,26.22304797214288,163.06325467603662,-0.6164752333445912,26.225594584667583,163.06683354686157,,16.35497517521145,0.6236870402168952,4.586116415925856,16.351396304386498,0.6234900128421151,,,,16.351396304386498,1.0,14.424077021567172
276.65,0.016999999999995907,-0.708939,25.916254,179.85895982575397,,,,-0.7,25.92,179.9,-0.6193518574025587,26.21283270778682,163.5089596618159,-0.6276837473175524,26.21511450570073,163.5125795741296,,16.350000163938063,0.6237403010274852,4.583125734757614,16.346380251624367,0.6235479249220784,,,,16.346380251624367,1.0,14.418312978135402
276.667,0.016000000000019554,-0.688997,25.900784,180.29943370206837,,,,-0.7,25.9,180.3,-0.6355311814211511,26.202303726210978,163.95448832150478,-0.644632655893264,26.204443881996333,163.95814582042493,,16.344945380563587,0.6237980275075291,4.611874335993075,16.34128788164344,0.6236075054762242,,,,16.34128788164344,1.0,14.412444135097985
276.683,0.016999999999995907,-0.676625,25.885088,180.71375805445288,,,,-0.7,25.89,180.7,-0.6517875802013394,26.192135227308228,164.37364383313346,-0.6642509694298108,26.19412975950203,164.37733440955742,,16.340114221319425,0.6238557520993183,4.609433842052068,16.33642364489546,0.6236673558116339,,,,16.33642364489546,1.0,14.406771367726117
276.7,0.016999999999995907,-0.677374,25.869179,181.15370677814028,,,,-0.7,25.87,181.2,-0.6674262547615377,26.18105483844481,164.81881594869225,-0.6728233511081487,26.182837493021726,164.82253863120377,,16.334890829448028,0.6239202709839458,4.6360386984261766,16.331168146936506,0.6237356112105537,,,,16.331168146936506,1.0,14.40056062116195
276.717,0.016000000000019554,-0.672673,25.853306,181.59338494059716,,,,-0.7,25.85,181.6,-0.6814216771989172,26.169708592113864,165.2637974378519,-0.6872067580369233,26.17139949605289,165.26754964561079,,16.329587502745255,0.6239881290717204,4.662118173480117,16.325835294986376,0.6238044433752425,,,,16.325835294986376,1.0,14.39426972282909
276.733,0.016999999999995907,-0.670713,25.837259,182.00695173445368,,,,-0.7,25.84,182.0,-0.6956963127441772,26.158805845278668,165.68242555335155,-0.7040220110490201,26.160404187924286,165.68620407508314,,16.32452618110213,0.624054717086732,4.657362123515332,16.32074765937054,0.6238721520558249,,,,16.32074765937054,1.0,14.388222303358358
276.75,0.016999999999995907,-0.669407,25.82106,182.44608821942506,,,,-0.7,25.82,182.4,-0.7093309060499113,26.14697900796202,166.12702472460398,-0.7270571218962835,26.148435813736455,166.13082921509715,,16.31906349482108,0.6241280680973416,4.681612050442095,16.315259004327913,0.6239478001876151,,,,16.315259004327913,1.0,14.381639697555052
276.767,0.016000000000019554,-0.668457,25.803701,182.88494951011347,,,,-0.7,25.8,182.9,-0.7216238015351478,26.134920382559176,166.5714208694233,-0.7379380105010876,26.136075842664223,166.57524756417646,,16.31352864069018,0.6242042601199893,4.704511362609946,16.309701945937007,0.6240302501461693,,,,16.309701945937007,1.0,14.374841713465324
276.783,0.016999999999995907,-0.669845,25.787151,183.29772316361797,,,,-0.7,25.79,183.3,-0.7342286472528132,26.1233744017346,166.98948722769813,-0.7509700027765623,26.124268834496192,166.99333032159427,,16.30823593591984,0.6242775410682384,4.697009517013936,16.304392842023702,0.6241090591019457,,,,16.304392842023702,1.0,14.368347858972907
276.8,0.016999999999995907,-0.669691,25.771494,183.73600793801538,,,,-0.7,25.77,183.7,-0.7462261687709622,26.110892514731308,167.433478496488,-0.7701652482964209,26.111502344448994,167.43733437661518,,16.302529441527383,0.6243574183582496,4.718503652205229,16.298673561400193,0.6241951668041461,,,,16.298673561400193,1.0,14.361326289446948
276.817,0.016000000000019554,-0.67248,25.754559,184.17402656566577,,,,-0.7,25.75,184.2,-0.7570810899325505,26.098206669862204,167.87725583955694,-0.777387455864734,26.098409535227958,167.88111862759234,,16.296770726108832,0.6244402510969493,4.738870970302647,16.292907938073427,0.6242873887039383,,,,16.292907938073427,1.0,14.354125244375378
276.833,0.016999999999995907,-0.674924,25.736317,184.58601343222628,,,,-0.7,25.74,184.6,-0.7682758220580126,26.086093372423267,168.29473023989573,-0.7864954624270207,26.085971335934108,168.29859367456214,,16.291283192330553,0.624519852771545,4.729240917291916,16.28741975766414,0.6243746705045172,,,,16.28741975766414,1.0,14.34728423476376
276.85,0.016999999999995907,-0.678657,25.720016,185.02343329470818,,,,-0.7,25.72,185.0,-0.7790189586363456,26.073032683448286,168.73808281137053,-0.8017367005780343,26.07260091307285,168.7419415386786,,16.285350483337652,0.6246051497367983,4.748642489580245,16.281491756029595,0.6244674940683047,,,,16.281491756029595,1.0,14.33993050219007
276.867,0.01599999999996271,-0.682093,25.701267,185.46057550077157,,,,-0.7,25.7,185.5,-0.7887974778794267,26.05978936115147,169.18121179874953,-0.8052175476670248,26.058971389163027,169.1850599032475,,16.27936370202204,0.6246928352494835,4.767146505242378,16.275515597524077,0.6245647748127338,,,,16.275515597524077,1.0,14.332434264039666
276.883,0.016999999999995907,-0.686478,25.683393,185.8717084648666,,,,-0.7,25.68,185.9,-0.7989042711093929,26.04716860150543,169.59806746244982,-0.8107588799417873,26.046087908400384,169.601900377627,,16.27364100241678,0.6247758154211136,4.788127249097584,16.269808087239596,0.6246545793924108,,,,16.269808087239596,1.0,14.325348349620212
276.9,0.016999999999995907,-0.691637,25.666357,186.30822694979548,,,,-0.7,25.67,186.3,-0.8086458542506074,26.03358722889657,170.04075388700815,-0.8219894080912005,26.032305007441376,170.04456671741156,,16.26747306278733,0.624864830181024,4.77398075077272,16.263660232383927,0.6247491425647838,,,,16.263660232383927,1.0,14.317767754092758
276.917,0.016000000000019554,-0.696038,25.648012,186.7444550772489,,,,-0.7,25.65,186.7,-0.8175051630902092,26.019840249374315,170.48320802057336,-0.838019084994246,26.01833118750383,170.48699712506848,,16.26124705667553,0.6249556838484646,4.791274230165042,16.257457952180403,0.6248462991349956,,,,16.257457952180403,1.0,14.310082153127107
276.933,0.016999999999995907,-0.701607,25.629354,187.15473417638538,,,,-0.7,25.63,187.2,-0.8267140162594202,26.006760166764856,170.89942082390297,-0.8388346089506378,26.004922882143905,170.90318315762616,,16.255313352482403,0.625041844822169,4.810436919855121,16.251551018759216,0.6249413271637974,,,,16.251551018759216,1.0,14.30270758517915
276.95,0.016999999999995907,-0.706195,25.610508,187.59033181217376,,,,-0.7,25.61,187.6,-0.835630844162999,25.99270602848845,171.34141628656252,-0.8457732751311716,25.990662693791748,171.3451456350215,,16.24891552561124,0.6251336627976383,4.8267192232828116,16.24518617715225,0.6250393215649961,,,,16.24518617715225,1.0,14.294864481585462
276.967,0.016000000000019554,-0.712425,25.591362,188.02560840299614,,,,-0.7,25.59,188.0,-0.8438087985623782,25.978500304137683,171.78317154038976,-0.8577668301195007,25.97628454811452,171.78686468657762,,16.242436862606382,0.6252261166907851,4.8425821375997735,16.238743716418526,0.625137274206415,,,,16.238743716418526,1.0,14.286956501462987
276.983,0.016999999999995907,-0.716561,25.570831,188.43497900459664,,,,-0.7,25.57,188.4,-0.8523456922909511,25.96499936336067,172.19871953773026,-0.8716449895601499,25.96256027883259,172.2023754451937,,16.236259466866386,0.6253133011733267,4.860608292384244,16.232603559402946,0.6252312324003527,,,,16.232603559402946,1.0,14.279408153357926
277.0,0.016999999999995907,-0.721964,25.552452,188.86957958853205,,,,-0.7,25.55,188.9,-0.8606115847380778,25.950509486591727,172.64000136295473,-0.8735487670411156,25.94774231401007,172.64361301723275,,16.229578225577313,0.6254049938388653,4.8749511810428,16.225966571299296,0.6253325000278865,,,,16.225966571299296,1.0,14.27125827270554
277.017,0.016000000000019554,-0.725929,25.532681,189.30386694873394,,,,-0.7,25.53,189.3,-0.8681567330196196,25.935879089651184,173.08103566585268,-0.8808241838471602,25.932891984970375,173.08459840877399,,16.22283128288126,0.6254976446645457,4.889163367505828,16.219268539959955,0.6254323100315988,,,,16.219268539959955,1.0,14.263090591733707
277.033,0.016999999999995907,-0.731673,25.511412,189.71229692582244,,,,-0.7,25.51,189.7,-0.8761150918140123,25.921988581922854,173.4958986072258,-0.8897182363643996,25.918798798028803,173.4994119350385,,16.216398318596646,0.625584656337108,4.905881825596579,16.212884990783948,0.6255260946744563,,,,16.212884990783948,1.0,14.255339338915842
277.05,0.016999999999995907,-0.735045,25.491198,190.14588520307385,,,,-0.7,25.49,190.1,-0.8838398876139426,25.90709462536202,173.9364458144876,-0.9040180492084685,25.903673588010612,173.93990295031972,,16.209439388586247,0.6256756932025039,4.919130193438478,16.205982252754126,0.6256248635041087,,,,16.205982252754126,1.0,14.247020473405838
277.067,0.016000000000019554,-0.739518,25.470789,190.57912935507125,,,,-0.7,25.47,190.6,-0.8909342601121468,25.89206934727259,174.3767387082549,-0.9059544929923055,25.888305281174073,174.38013477070768,,16.202390646816355,0.625766539920189,4.931546173821504,16.19899458436356,0.6257263427800908,,,,16.19899458436356,1.0,14.238567904645741
277.083,0.016999999999995907,-0.743099,25.451462,190.98656732076773,,,,-0.7,25.45,191.0,-0.8982903187665013,25.877814399110775,174.79089777822645,-0.9092232693381953,25.873810009286178,174.79423169303186,,16.19566954254128,0.625851522572857,4.946852525718471,16.192335627735872,0.6258195303252362,,,,16.192335627735872,1.0,14.230595505107399
277.1,0.016999999999995907,-0.746996,25.429403,191.41913479696214,,,,-0.7,25.43,191.4,-0.9055251875662349,25.862543463691747,175.23069082006018,-0.9179581987954124,25.85835321370743,175.2339550804272,,16.188443976901965,0.6259416827903572,4.958931004174088,16.185179716534947,0.6259168781078925,,,,16.185179716534947,1.0,14.222094267539088
277.117,0.01599999999996271,-0.750076,25.409754,191.85132670704004,,,,-0.8,25.41,191.9,-0.9121111013496044,25.847149535503124,175.67022321055322,-0.9173629789590363,25.842747924327913,175.67341444010037,,16.181103496486827,0.6260304825590454,4.970494809954962,16.17791226693967,0.6260136234084482,,,,16.17791226693967,1.0,14.213511358380353
277.133,0.016999999999995907,-0.753375,25.387342,192.2577867613111,,,,-0.8,25.39,192.3,-0.9190683272656734,25.832555757881565,176.08366085289933,-0.9178977222379441,25.828070116664602,176.08678098442735,,16.17412590841178,0.6261140422962999,4.9851261336254,16.17100577688376,0.6261019775709072,,,,16.17100577688376,1.0,14.205438564165533
277.15,0.016999999999995907,-0.75683,25.367386,192.6892627126235,,,,-0.8,25.37,192.7,-0.9258272190979817,25.816931596318053,176.52268149540993,-0.9238594972053288,25.81246585538656,176.52572554018968,,16.166581217213576,0.6262007224560805,4.996652431507213,16.16353717243382,0.6261911304014686,,,,16.16353717243382,1.0,14.196856220462609
277.167,0.016000000000019554,-0.759487,25.345997,193.1203989126884,,,,-0.8,25.35,193.1,-0.9320425513728671,25.80119253359339,176.9614355505141,-0.934304749076362,25.796760243934074,176.96440396203383,,16.15896336217429,0.6262874609820911,5.007822217082001,16.15599495065456,0.6262799978711873,,,,16.15599495065456,1.0,14.188218134163742
277.183,0.016999999999995907,-0.763603,25.323063,193.52583765035288,,,,-0.8,25.32,193.5,-0.9386719833110901,25.786279852771408,177.3741353296055,-0.9463563022650965,25.781811367948833,177.37703253492938,,16.151702320747376,0.6263680691036732,5.053143475075865,16.1488051154235,0.6263642567604542,,,,16.1488051154235,1.0,14.17999625237186
277.2,0.016999999999995907,-0.766094,25.302732,193.9562193807193,,,,-0.8,25.3,194.0,-0.9451127797218859,25.770322429055124,177.81236644900093,-0.9458018527929137,25.76572331081033,177.81518657969872,,16.143852931718357,0.6264513366552502,5.0629784391582096,16.14103280102057,0.6264537038728659,,,,16.14103280102057,1.0,14.171147820945682
277.217,0.016000000000019554,-0.770308,25.279509,194.3862551241362,,,,-0.8,25.28,194.4,-0.9511625990769069,25.754255511799855,178.25032536149808,-0.9501963826798256,25.749644679312855,178.25306720761466,,16.135929762638114,0.6265345063166395,5.072827037360332,16.133187916521535,0.62654021511539,,,,16.133187916521535,1.0,14.162304573622071
277.233,0.016999999999995907,-0.772565,25.257565,194.79062866871269,,,,-0.8,25.26,194.8,-0.9575414193924764,25.739036910214605,178.6622717008747,-0.9554894316950052,25.73444153718996,178.66493989734718,,16.128356967837988,0.6266107401026108,5.085561730659486,16.125688771365503,0.626618951418144,,,,16.125688771365503,1.0,14.153942845454479
277.25,0.016999999999995907,-0.776039,25.236851,195.21989563807008,,,,-0.8,25.24,195.2,-0.9637954174003023,25.722758706084935,179.09969696361313,-0.9656425086965413,25.718198216851146,179.10228733525645,,16.120198674456958,0.6266901174423251,5.0948272917629644,16.117608302813636,0.6267005241546437,,,,16.117608302813636,1.0,14.145009019268132
277.267,0.016000000000019554,-0.778484,25.213295,195.6488099674345,,,,-0.8,25.21,195.6,-0.9696529116665826,25.706374183989134,179.53684459317867,-0.9799064560056107,25.70178229420331,179.53935716960032,,16.111965374255817,0.6267692697125267,5.135022798084246,16.109452797834166,0.6267834896985893,,,,16.109452797834166,1.0,14.13598026181182
277.283,0.016999999999995907,-0.781757,25.192392,196.052123041483,,,,-0.8,25.19,196.1,-0.9758302299379018,25.690859737402448,179.9480224645503,-0.9777275259526622,25.6861037909072,179.9504602582817,,16.104100576932694,0.6268416371246339,5.146099626419299,16.101662783201277,0.626862793760929,,,,16.101662783201277,1.0,14.12735708499896
277.3,0.016999999999995907,-0.784366,25.170006,196.48028074159637,,,,-0.8,25.17,196.5,-0.9819445152607212,25.67427062349351,180.3846260726178,-0.9805311750308953,25.66948242296601,180.38698274109953,,16.09565466897857,0.6269176992412814,5.154037483731646,16.093298000496844,0.626942831776712,,,,16.093298000496844,1.0,14.118215332631307
277.317,0.016000000000019554,-0.787301,25.147537,196.90805750270928,,,,-0.8,25.15,196.9,-0.9876567803015541,25.65757756673408,180.8209467822346,-0.9876077406502384,25.65281339299049,180.82322225553506,,16.08711072047467,0.6269925786498315,5.161802275273566,16.084835247174226,0.6270203193997167,,,,16.084835247174226,1.0,14.10904736614477
277.333,0.016999999999995907,-0.789713,25.123571,197.31031732018178,,,,-0.8,25.12,197.3,-0.9937979505262257,25.641775058249237,181.23134160323497,-0.9957054649736068,25.637011669140065,181.2335408560326,,16.078975716946815,0.6270617256574846,5.203824124640496,16.07677646414919,0.6270924502289486,,,,16.07677646414919,1.0,14.100356418027037
277.35,0.016999999999995907,-0.791867,25.102369,197.73730391365316,,,,-0.8,25.1,197.7,-0.999830989667241,25.624880493090295,181.66710817542125,-1.0081618397768994,25.620084676235518,181.66922617496817,,16.070195738231916,0.6271325145327104,5.210679643715923,16.06807773868499,0.6271672378034447,,,,16.06807773868499,1.0,14.091046571929535
277.367,0.01599999999996271,-0.794269,25.078262,198.16392976187157,,,,-0.8,25.08,198.2,-1.0055318758576934,25.607883366265956,182.10258666822568,-1.007418750843331,25.602945924959315,182.10462193507823,,16.06134309364589,0.6272030711762763,5.216822094770361,16.059307826793344,0.627244531698118,,,,16.059307826793344,1.0,14.081620258727623
277.383,0.016999999999995907,-0.79603,25.055534,198.56508028743863,,,,-0.8,25.06,198.6,-1.0116058636599208,25.59179485625227,182.51218409400488,-1.006937318721123,25.586827224945857,182.51414012027652,,16.052896193433753,0.6272673051500297,5.226315687446499,16.05094016716211,0.6273126412294393,,,,16.05094016716211,1.0,14.072754973720222
277.4,0.016999999999995907,-0.797749,25.032757,198.99090933910352,,,,-0.8,25.03,199.0,-1.017639972569281,25.574597556570055,182.94709842951377,-1.0114254421381268,25.5697092905276,182.94897068065794,,16.04381090958975,0.62733385634325,5.2637917541836075,16.041938658445588,0.627380564877536,,,,16.041938658445588,1.0,14.063340109790182
277.417,0.016000000000019554,-0.798909,25.011385,199.4163509333729,,,,-0.8,25.01,199.4,-1.0232149092061753,25.55729767703638,183.38171953899933,-1.0196745370566025,25.552515058011256,183.38350958762044,,16.034631394373577,0.6273993282467002,5.269684367669372,16.032841345752473,0.6274467037531727,,,,16.032841345752473,1.0,14.053883281906192
277.433,0.016999999999995907,-0.800222,24.987131,199.8164308330214,,,,-0.8,24.99,199.8,-1.0292180905213184,25.540926238489064,183.79050533032404,-1.0281979931022462,25.53620026541833,183.79221931020837,,16.025925502697362,0.6274606235128227,5.2784590262637865,16.024211522813033,0.6275096277543438,,,,16.024211522813033,1.0,14.044910145980083
277.45,0.016999999999995907,-0.800935,24.9643,200.2410964279423,,,,-0.8,24.96,200.2,-1.0351686554471644,25.523429530950207,184.22455235436416,-1.041108849127208,25.518720899535595,184.22618614011037,,16.01654407357813,0.6275231960562415,5.314591861728229,16.014910287831924,0.6275749615696206,,,,16.014910287831924,1.0,14.035296494744578
277.467,0.016000000000019554,-0.801825,24.941454,200.66537379283469,,,,-0.8,24.94,200.7,-1.0407286272303988,25.50583166380761,184.6583010745195,-1.0404208729180966,25.501022049100435,184.65985395517367,,16.007072718315186,0.6275848178292881,5.318760051704192,16.005519837661012,0.6276422884872419,,,,16.005519837661012,1.0,14.02556212700524
277.483,0.016999999999995907,-0.802393,24.918613,201.06433442323518,,,,-0.8,24.92,201.1,-1.0466485856622525,25.489180005771903,185.06626116787663,-1.0396395700584964,25.484375315133725,185.06773713408802,,15.998073255358548,0.6276417386410964,5.326374106675687,15.99659728914716,0.6277021544117539,,,,15.99659728914716,1.0,14.01640642332355
277.5,0.016999999999995907,-0.803012,24.897202,201.48783489844658,,,,-0.8,24.9,201.5,-1.0524654114615741,25.471386979815648,185.499425987254,-1.0430405791713846,25.466701442442734,185.5008212865273,,15.988408911192579,0.6277007578685178,5.330600291651457,15.98701361191928,0.6277614573701865,,,,15.98701361191928,1.0,14.006685793343504
277.517,0.016000000000019554,-0.803533,24.872944,201.91097129721248,,,,-0.8,24.87,201.9,-1.0579544075676544,25.453495067820807,185.9322874846588,-1.0503499362434596,25.448969752596824,185.93360449168503,,15.978683812553697,0.6277599115555059,5.365719567046433,15.977366805527453,0.6278197884178441,,,,15.977366805527453,1.0,13.996933363928255
277.533,0.016999999999995907,-0.804132,24.850128,202.30883554898898,,,,-0.8,24.85,202.3,-1.0638084339976108,25.436567797299706,186.33940798758024,-1.0575594438599567,25.43216415361691,186.34065356293524,,15.969427561408736,0.6278137714438038,5.372746011393993,15.968181986053736,0.6278735026088126,,,,15.968181986053736,1.0,13.987690284489302
277.55,0.016999999999995907,-0.804577,24.828754,202.73117152791488,,,,-0.8,24.83,202.7,-1.0695620007545574,25.41848305392175,186.77167591981552,-1.0684154259861356,25.414185643071296,186.772847536207,,15.95949560809936,0.6278697109596795,5.375914308087836,15.958323991707886,0.6279297796842302,,,,15.958323991707886,1.0,13.977802103689214
277.567,0.016000000000019554,-0.80499,24.804558,203.15314408453827,,,,-0.8,24.8,203.2,-1.0749938446557072,25.400300499908926,187.203635580023,-1.0659209287599538,25.396022580829534,187.20473430611003,,15.94950850451528,0.6279259768825359,5.409474940958172,15.948409778428243,0.6279884862941914,,,,15.948409778428243,1.0,13.967812419456244
277.583,0.016999999999995907,-0.805313,24.781813,203.54991397381875,,,,-0.8,24.78,203.5,-1.0807831761986304,25.383100598394414,187.60990278880993,-1.080289020276528,25.378967845969353,187.6109342295249,,15.940011185008814,0.627977308099905,5.415622342518578,15.938979744293846,0.6280389273918108,,,,15.938979744293846,1.0,13.958432315283146
277.6,0.016999999999995907,-0.805552,24.760519,203.97108842709014,,,,-0.8,24.76,204.0,-1.086469363328057,25.36472728439904,188.04125932581357,-1.0804488557595429,25.360602932624655,188.04222058114286,,15.929829101276567,0.6280307658215766,5.417471612403098,15.92886784594728,0.6280949979093714,,,,15.92886784594728,1.0,13.948331612943562
277.617,0.01599999999996271,-0.805832,24.739254,204.39190084782604,,,,-0.8,24.74,204.4,-1.0917235216287746,25.34625730522247,188.47230269482526,-1.0840638362474757,25.342235302076748,188.47319470613772,,15.919598153000777,0.6280847685437417,5.419304161821734,15.918706141688318,0.6281492517111863,,,,15.918706141688318,1.0,13.938229416142212
277.633,0.016999999999995907,-0.806162,24.713779,204.78762576532912,,,,-0.8,24.71,204.8,-1.0974407737401417,25.32878972887645,188.8777030710971,-1.0875548164898716,25.324890280696827,188.87853171079897,,15.909922694232023,0.6281359221871421,5.455362011152971,15.909094054530158,0.6281999202443301,,,,15.909094054530158,1.0,13.928689654383255
277.65,0.016999999999995907,-0.80667,24.691168,205.20764351792002,,,,-0.8,24.69,205.2,-1.1031220384185272,25.310133235722873,189.3081339162961,-1.0944632490218487,25.306401848816503,189.30889769389972,,15.899509601623919,0.6281875110472851,5.4567573432431,15.898745824020295,0.6282499550509519,,,,15.898745824020295,1.0,13.918521016849077
277.667,0.016000000000019554,-0.807028,24.6686,205.62727681010492,,,,-0.8,24.67,205.6,-1.108429372832193,25.291380161069764,189.73824678016874,-1.1039783810673516,25.287795973583137,189.73894837539,,15.88903002993618,0.62823894657966,5.457762422456282,15.888328434714907,0.6283002461469014,,,,15.888328434714907,1.0,13.908287785470726
277.683,0.016999999999995907,-0.808173,24.646046,206.0218711105214,,,,-0.8,24.65,206.0,-1.1141075131468618,25.273645291104426,190.14276698378663,-1.1128714929446042,25.270132319486038,190.14341180173506,,15.879104126734774,0.6282870533252181,5.461831197219407,15.878459308786347,0.6283488787489379,,,,15.878459308786347,1.0,13.898572775717321
277.7,0.016999999999995907,-0.809053,24.623529,206.4407371115228,,,,-0.8,24.62,206.4,-1.1197556062550815,25.254705463380933,190.57225796519967,-1.1251520125965355,25.251213504105984,190.5728432412355,,15.868479146323125,0.6283375258259202,5.492582814782123,15.867893870287304,0.6284012397149586,,,,15.867893870287304,1.0,13.888167427258292
277.717,0.016000000000019554,-0.81136,24.601011,206.8592201963642,,,,-0.8,24.6,206.9,-1.125079484385945,25.235669618074603,191.00142615339195,-1.1229670166204642,25.232085919891848,191.00195128633936,,15.857794042972245,0.628388082542275,5.491843583789457,15.857268910024828,0.6284565200185716,,,,15.857268910024828,1.0,13.877647255940518
277.733,0.016999999999995907,-0.812994,24.578505,207.25273251828466,,,,-0.8,24.58,207.3,-1.1307822627370006,25.217668346324405,191.40505285710762,-1.119729256197985,25.2141184476259,191.40552092128,,15.84767966117704,0.6284355652368199,5.49487241294439,15.847211597004673,0.6285054791791386,,,,15.847211597004673,1.0,13.867765146194246
277.75,0.016999999999995907,-0.816734,24.555981,207.67044962565157,,,,-0.8,24.56,207.7,-1.1365292941646523,25.19844504785788,191.83358982095808,-1.1197924024916888,25.19508305027054,191.833999134012,,15.83685980469349,0.6284855980047777,5.494421424403926,15.836450491639567,0.6285532165161694,,,,15.836450491639567,1.0,13.857295677648798
277.767,0.016000000000019554,-0.820526,24.533401,208.08778328458848,,,,-0.8,24.53,208.1,-1.1419782068754352,25.179124049857087,192.26179915828854,-1.1231695815999154,25.176046579428185,192.26215373586433,,15.825984126299943,0.6285359290086093,5.524630993538921,15.825629548724152,0.6285986760786965,,,,15.825629548724152,1.0,13.846825618685504
277.783,0.016999999999995907,-0.825264,24.51223,208.48021267326095,,,,-0.8,24.51,208.5,-1.1478327807846245,25.160852398547057,192.66451896987627,-1.1254493142565627,25.158075866122566,192.66482671542923,,15.815693703384682,0.6285833823459008,5.527600166960918,15.815385957831722,0.6286405225102469,,,,15.815385957831722,1.0,13.836941726367412
277.8,0.016999999999995907,-0.830277,24.488144,208.89680133261285,,,,-0.8,24.49,208.9,-1.1538145092275367,25.141339241273723,193.09208759881466,-1.1306167492408234,25.13894322778021,193.0923513777273,,15.804713733798195,0.6286345203063848,5.526792235875305,15.804449954885541,0.6286839431428672,,,,15.804449954885541,1.0,13.826418775279116
277.817,0.016000000000019554,-0.83564,24.465456,209.31297980558625,,,,-0.8,24.47,209.3,-1.159512348676642,25.12172439461686,193.5193236397196,-1.1380179795910605,25.11972274304312,193.5195500384792,,15.79365616586665,0.6286851936505979,5.525695442264173,15.793429767107057,0.628726277302604,,,,15.793429767107057,1.0,13.815847508673716
277.833,0.016999999999995907,-0.842446,24.44264,209.70432013966672,,,,-0.8,24.44,209.7,-1.165738692240974,25.10317219703801,193.92112281245335,-1.1446337466907381,25.101514455369642,193.921319936067,,15.783197327213372,0.628733181740102,5.558428192607652,15.783000203599727,0.6287668511659652,,,,15.783000203599727,1.0,13.805832950453304
277.85,0.016999999999995907,-0.847502,24.419832,210.11972328621962,,,,-0.8,24.42,210.1,-1.1720170756681327,25.083354639269917,194.34770829056188,-1.1537408965633167,25.082055681675904,194.34788028223178,,15.772014995657742,0.6287841168966068,5.556525394335737,15.77184300398784,0.6288098234113327,,,,15.77184300398784,1.0,13.795130624921748
277.867,0.01599999999996271,-0.85369,24.396908,210.53473796618053,,,,-0.9,24.4,210.5,-1.1780019788606326,25.063430348983562,194.77395596296194,-1.1671232783660301,25.06244208643433,194.77410851326061,,15.760782003218594,0.6288357891862861,5.554119417135613,15.760629452919915,0.6288544986384526,,,,15.760629452919915,1.0,13.784343147538882
277.883,0.016999999999995907,-0.858299,24.373978,210.92497922185962,,,,-0.9,24.37,210.9,-1.1844520760410349,25.044582317321836,195.17482006429145,-1.1796162484507657,25.04376811398052,195.174958194863,,15.750159157568163,0.6288848804906889,5.5852156455747615,15.75002102699662,0.6288998107359202,,,,15.75002102699662,1.0,13.774072462689286
277.9,0.016999999999995907,-0.863581,24.350965,211.339212823654,,,,-0.9,24.35,211.3,-1.1909455621184966,25.024446632029143,195.60040681036082,-1.194097980095106,25.02371463775686,195.60053179825266,,15.738806013293186,0.6289372246557039,5.581358605768619,15.738681025401348,0.6289506275640686,,,,15.738681025401348,1.0,13.763043050766274
277.917,0.016000000000019554,-0.866791,24.327955,211.7530544411994,,,,-0.9,24.33,211.8,-1.1970350341768978,25.004200557473133,196.0256503114715,-1.193112245351144,25.00341497209525,196.0257623999363,,15.727404129727887,0.6289904807625356,5.576707763884343,15.727292041263098,0.6290057601657753,,,,15.727292041263098,1.0,13.751878234652388
277.933,0.016999999999995907,-0.870229,24.304895,212.14219077195187,,,,-0.9,24.3,212.1,-1.2035494032343632,24.98504799692628,196.4255642999072,-1.2080682420450597,24.98432517616961,196.4256643211229,,15.71662647204468,0.6290412759654566,5.606339049403373,15.71652645082898,0.6290554713808968,,,,15.71652645082898,1.0,13.741378846893285
277.95,0.016999999999995907,-0.872224,24.281839,212.55524823886128,,,,-0.9,24.28,212.6,-1.2099973843738367,24.964587657071302,196.85013620296607,-1.2073259029415158,24.96378801605485,196.8502232832567,,15.705112035895212,0.6290955913884957,5.600898308513213,15.705024955604586,0.6291122543383353,,,,15.705024955604586,1.0,13.730083408830168
277.967,0.016000000000019554,-0.873995,24.258768,212.96791346549318,,,,-0.9,24.26,213.0,-1.215993842178731,24.944017701536954,197.27435934851414,-1.208744931697885,24.94326347570485,197.27443322093657,,15.693554116979044,0.6291510174807191,5.595500898722456,15.69348024455661,0.6291670799148764,,,,15.69348024455661,1.0,13.71879491163767
277.983,0.016999999999995907,-0.874911,24.235697,213.35594188213366,,,,-0.9,24.24,213.4,-1.2223260849257407,24.92456180006207,197.6733079845274,-1.208191427726754,24.92392355679766,197.6733707171971,,15.682633897606252,0.6292039965800802,5.593915197248106,15.682571164936576,0.6292175920536142,,,,15.682571164936576,1.0,13.708157956238715
278.0,0.016999999999995907,-0.875395,24.212633,213.76782230649405,,,,-0.9,24.21,213.8,-1.2285390877284084,24.903782256618335,198.09684890900908,-1.210181148924909,24.903384302526312,198.09690283400124,,15.670973397484971,0.6292607779816383,5.618741537709756,15.670919472492812,0.6292686681505808,,,,15.670919472492812,1.0,13.696861366389474
278.017,0.016000000000019554,-0.875429,24.189569,214.17931057291645,,,,-0.9,24.19,214.2,-1.234259823299702,24.882897092126957,198.5200356834733,-1.2138883157164875,24.882811222994594,198.52008549596806,,15.65927488944314,0.6293187980268501,5.613168269748561,15.659225076948388,0.6293189678856485,,,,15.659225076948388,1.0,13.685546172647028
278.033,0.016999999999995907,-0.875358,24.166515,214.56623162200492,,,,-0.9,24.17,214.6,-1.2402642987567045,24.863148934954136,198.91800405169045,-1.2154895687342455,24.863389009943106,198.91805509783205,,15.648227570314475,0.6293743246783693,5.6112897172292815,15.648176524172868,0.6293661945246086,,,,15.648176524172868,1.0,13.674863955468709
278.05,0.016999999999995907,-0.875396,24.143452,214.97693588777383,,,,-0.9,24.14,215.0,-1.2461314617923214,24.842064441875277,199.3404983653934,-1.2193467905667879,24.84272568727463,199.3405570727583,,15.636437522380447,0.6294339006714245,5.635611292050883,15.636378815015547,0.6294147837016565,,,,15.636378815015547,1.0,13.663499128001048
278.067,0.016000000000019554,-0.875307,24.120392,215.38724807705174,,,,-0.9,24.12,215.4,-1.251518732375659,24.82088020702481,199.76263339490893,-1.224548241233055,24.821996791834998,199.76270721383062,,15.624614682142806,0.629494786317881,5.629519975050185,15.624540863221114,0.6294634953929527,,,,15.624540863221114,1.0,13.65209823550925
278.083,0.016999999999995907,-0.875649,24.097309,215.7730623097562,,,,-0.9,24.1,215.8,-1.2571774032078415,24.800855907306776,200.15960728382407,-1.2274812611906045,24.802404019975246,200.1597024203256,,15.613455025932126,0.6295530720507159,5.627068225127784,15.613359889430598,0.6295099409257257,,,,15.613359889430598,1.0,13.641322210986386
278.1,0.016999999999995907,-0.875754,24.074224,216.1825900314756,,,,-0.9,24.07,216.2,-1.2626967063187617,24.779483891452248,200.58104017211343,-1.2324055584782474,24.78153683853501,200.58116591762283,,15.601549859362166,0.6296156097401191,5.650632938832738,15.601424113852772,0.6295583770895409,,,,15.601424113852772,1.0,13.629845261194257
278.117,0.01599999999996271,-0.876409,24.052553,216.5917252930225,,,,-0.9,24.05,216.6,-1.2677167624407277,24.758018047444835,201.00210893859398,-1.238369844340248,24.760585944040887,201.0022739612746,,15.589616354428529,0.6296794971452678,5.643815862668783,15.58945133174791,0.6296075289567132,,,,15.58945133174791,1.0,13.618322269222489
278.133,0.016999999999995907,-0.876686,24.027988,216.9764539606696,,,,-0.9,24.03,217.0,-1.2730392576971128,24.73773457924583,201.3980749596066,-1.241879875804044,24.740772026531488,201.39828482503827,,15.578379001063013,0.629741537211446,5.64063348195333,15.578169135631327,0.6296557406909382,,,,15.578169135631327,1.0,13.60742461459232
278.15,0.016999999999995907,-0.877536,24.004831,217.3848030755425,,,,-0.9,24.0,217.4,-1.2782414410271137,24.716092911864987,201.81843249328094,-1.2471409787436791,24.719660068642824,201.81869849784715,,15.566370582261555,0.6298070911842585,5.663315626192689,15.566104577695342,0.6297054463722632,,,,15.566104577695342,1.0,13.595813037753555
278.167,0.016000000000019554,-0.877967,23.981663,217.7927583985904,,,,-0.9,23.98,217.8,-1.2830112265743012,24.694362807367533,202.23842136689433,-1.2532043625700633,24.698458672004186,202.23875250714255,,15.554337031696065,0.6298739980873468,5.6556871654940934,15.554005891447844,0.6297561357170186,,,,15.554005891447844,1.0,13.584152269602303
278.183,0.016999999999995907,-0.878818,23.958464,218.17635262681486,,,,-0.9,23.96,218.2,-1.2880232049667852,24.67383462774232,202.6333669463757,-1.2566101559133775,24.67840740220304,202.6337674357367,,15.542985680439159,0.629937985519414,5.651727734539655,15.54258519107816,0.6298050331112808,,,,15.54258519107816,1.0,13.573124071211673
278.2,0.016999999999995907,-0.879249,23.936693,218.58351952561375,,,,-0.9,23.94,218.6,-1.2928392450807598,24.65193823325789,203.0526360156941,-1.2611320750697987,24.657045029552517,203.05311878140654,,15.530883509919647,0.630006588648959,5.643596352291528,15.530400744207213,0.6298565268300953,,,,15.530400744207213,1.0,13.561374766253886
278.217,0.016000000000019554,-0.879986,23.911995,218.99031625513317,,,,-0.9,23.91,219.0,-1.2973083589968,24.629959966091523,203.47153215038847,-1.2667205066554759,24.635605784276336,203.472106313324,,15.518784104744697,0.6300775204713961,5.665121350819492,15.518209941809175,0.6299098174283039,,,,15.518209941809175,1.0,13.549583181351986
278.233,0.016999999999995907,-0.880445,23.88872,219.37279553692562,,,,-0.9,23.89,219.4,-1.3019887484564208,24.609203032347548,203.86544545437647,-1.2694374460452469,24.615338256169824,203.86611386564803,,15.507350082549152,0.6301443432428725,5.660457417220584,15.50668167127759,0.6299601293267155,,,,15.50668167127759,1.0,13.538436040893405
278.25,0.016999999999995907,-0.880817,23.865431,219.77877655262301,,,,-0.9,23.87,219.8,-1.3065316368551025,24.587069223623793,204.28361376855213,-1.2730835791108752,24.59375781958706,204.28439118229187,,15.495162784070885,0.6302159335518849,5.651627262489932,15.494385370331145,0.6300129278328928,,,,15.494385370331145,1.0,13.526566800772885
278.267,0.016000000000019554,-0.881125,23.84211,220.18436160156642,,,,-0.9,23.84,220.2,-1.3106760776500361,24.564858185797263,204.7014051515321,-1.2776806242062204,24.57211539874218,204.70230110464757,,15.482956450034322,0.6302888595133901,5.672414987943131,15.482060496918848,0.6300662456481609,,,,15.482060496918848,1.0,13.5146634693082
278.283,0.016999999999995907,-0.88145,23.818773,220.5657225775669,,,,-0.9,23.82,220.6,-1.3150077524045758,24.543887368554838,205.0942751159674,-1.2791858557745213,24.551672508754855,205.09529140790804,,15.471447461599496,0.6303584770121305,5.667181186947291,15.470431169658866,0.6301172013492067,,,,15.470431169658866,1.0,13.503419879815171
278.3,0.016999999999995907,-0.882037,23.795395,220.9705143490418,,,,-0.9,23.8,221.0,-1.319209453375566,24.521532236763967,205.5113311826125,-1.2814610826588002,24.529926349206693,205.5124849982006,,15.459183166429284,0.6304330013787665,5.6578230535147185,15.458029350841201,0.6301702308756063,,,,15.458029350841201,1.0,13.491459492063683
278.317,0.016000000000019554,-0.882535,23.771997,221.37490860969518,,,,-0.9,23.77,221.4,-1.3230388211079867,24.499105676056587,205.9280066048714,-1.284626984631458,24.5081415108015,205.92930857501057,,15.446902004823784,0.6305088115898172,5.6780704206721335,15.445600034684617,0.6302232271621763,,,,15.445600034684617,1.0,13.479477830940827
278.333,0.016999999999995907,-0.883583,23.748549,221.75514759721565,,,,-0.9,23.75,221.8,-1.327058739303214,24.477937054918833,206.31982294671968,-1.2844795310039183,24.487587479047374,206.32127440692983,,15.435324650495971,0.6305811072177036,5.672473781904596,15.433873190285823,0.630273325352761,,,,15.433873190285823,1.0,13.468173113476057
278.35,0.016999999999995907,-0.884123,23.725082,222.15874525247204,,,,-0.9,23.73,222.2,-1.3309485512440669,24.455377056350684,206.73575611666536,-1.2849709003064398,24.465751327020314,206.7373777867813,,15.422989135806688,0.6306584069535569,5.6628306324267985,15.421367465690736,0.6303247040960138,,,,15.421367465690736,1.0,13.456163229861174
278.367,0.01599999999996271,-0.885495,23.701557,222.56194389069844,,,,-0.9,23.7,222.6,-1.334510446847617,24.43275093097954,207.15130520455756,-1.2863433833378692,24.44390682171511,207.15310988104548,,15.410638686140885,0.6307369452451195,5.682801976464669,15.408834009652963,0.6303752555612058,,,,15.408834009652963,1.0,13.444148751943311
278.383,0.016999999999995907,-0.886219,23.679483,222.94105545933755,,,,-0.9,23.68,222.9,-1.3381765619538413,24.41139876383003,207.54205840211512,-1.30152461700611,24.423325327581754,207.54404773823893,,15.39899705722243,0.6308117452097367,5.677108786314204,15.397007721098618,0.6304222506388377,,,,15.397007721098618,1.0,13.432828930169967
278.4,0.016999999999995907,-0.887847,23.654406,223.34347861169195,,,,-0.9,23.65,223.3,-1.341807127728928,24.38864976227682,207.95685881458692,-1.3168842683860797,24.401199409092655,207.95905619850055,,15.386619797105027,0.6308926466648557,5.696121978553254,15.384422413191402,0.6304781234425174,,,,15.384422413191402,1.0,13.42065967500096
278.417,0.016000000000019554,-0.888572,23.630779,223.74547521980034,,,,-0.9,23.63,223.7,-1.3451092629143802,24.365839041105435,208.37127196941557,-1.3310096706228798,24.378812376530096,208.37368629867825,,15.374203250384767,0.6309736851026685,5.684730793281574,15.37178892112209,0.6305388746467723,,,,15.37178892112209,1.0,13.408346807091554
278.433,0.016999999999995907,-0.889899,23.607105,224.1234539465848,,,,-0.9,23.61,224.1,-1.3485819076634624,24.34431729289878,208.76095322008808,-1.3415790659492133,24.357516221800104,208.76357692746535,,15.362500726496705,0.6310507927440601,5.676782653133461,15.359877019119438,0.6306011203791078,,,,15.359877019119438,1.0,13.396633921990059
278.45,0.016999999999995907,-0.890599,23.584885,224.5246461411792,,,,-0.9,23.58,224.5,-1.3518721187260916,24.321391400468507,209.1746117439816,-1.3522342965949998,24.334709377678973,209.1774608450608,,15.350034397197618,0.6311330690110899,5.69357596877396,15.347185296118397,0.6306705807711684,,,,15.347185296118397,1.0,13.384090157723437
278.467,0.016000000000019554,-0.891169,23.559677,224.92546049462362,,,,-0.9,23.56,224.9,-1.3549100207355378,24.29840957445017,209.5878800522683,-1.3618571430226991,24.311721394636862,209.5909555066254,,15.337580442355318,0.6312174628286297,5.6803094626164246,15.33450498799823,0.6307453404505122,,,,15.33450498799823,1.0,13.371446767050275
278.483,0.016999999999995907,-0.890991,23.535948,225.30230125699208,,,,-0.9,23.54,225.3,-1.3580617226652139,24.276731014118372,209.9764811769773,-1.3675792722442692,24.289931680348474,209.97976873122573,,15.325820080014779,0.6312966960461809,5.670816982784626,15.322532525766348,0.630818263608493,,,,15.322532525766348,1.0,13.359462424191662
278.5,0.016999999999995907,-0.890388,23.512209,225.70228362479247,,,,-0.9,23.51,225.7,-1.361060159153731,24.25364396483307,210.38898936429828,-1.3733326172424722,24.266682832720328,210.39249995458673,,15.313294260494189,0.6313811764820959,5.686155514762245,15.309783670205746,0.6308972584239071,,,,15.309783670205746,1.0,13.346675557996182
278.517,0.016000000000019554,-0.888941,23.488499,226.10186251672638,,,,-0.9,23.49,226.1,-1.3637157977358478,24.23050594212746,210.80110463850735,-1.3783023715287752,24.24333617822721,210.80483511617967,,15.30075787821903,0.6314667103841584,5.671786683481496,15.29702740054671,0.6309786445268567,,,,15.29702740054671,1.0,13.333834898024966
278.533,0.016999999999995907,-0.887605,23.464779,226.47756471627883,,,,-0.9,23.46,226.5,-1.3664342049431313,24.20868648936366,211.18861817795974,-1.3794728387856756,24.221283340282724,211.19255207232823,,15.288946538319095,0.631547958830251,5.69081374966936,15.285012643950608,0.6310570926078847,,,,15.285012643950608,1.0,13.3217058371555
278.55,0.016999999999995907,-0.884878,23.441126,226.87633770035623,,,,-0.9,23.44,226.9,-1.3689439179399738,24.185457107879632,211.59996839853622,-1.38021676777578,24.197832302023375,211.60411455528774,,15.276369301820012,0.6316345080301569,5.676126237505198,15.272223145068494,0.6311401349695056,,,,15.272223145068494,1.0,13.308807766112858
278.567,0.016000000000019554,-0.882543,23.41748,227.27470897748515,,,,-0.9,23.42,227.3,-1.3711235346814374,24.16218506127466,212.01092335697393,-1.380465833893915,24.174368616971194,212.0152782630991,,15.263785620511214,0.6317220723954667,5.661417988522224,15.259430714386042,0.6312235473928127,,,,15.259430714386042,1.0,13.295902739334158
278.583,0.016999999999995907,-0.878245,23.393932,227.64927569198161,,,,-0.9,23.39,227.6,-1.3732569673494504,24.14024708471973,212.39734281414235,-1.3939650498855058,24.152281163628864,212.40189146134438,,15.251932877839266,0.631805168535057,5.68026470429923,15.247384230637238,0.6313020342607807,,,,15.247384230637238,1.0,13.283754639995877
278.6,0.016999999999995907,-0.875227,23.370399,228.04684562957902,,,,-0.9,23.37,228.0,-1.37518410547654,24.116901716274793,212.80752857895072,-1.4062761260583148,24.128583757780817,212.81227881317625,,15.239317050628301,0.6318936499353216,5.664836760543341,15.234566816402776,0.6313908420542934,,,,15.234566816402776,1.0,13.27072106677945
278.617,0.01599999999996271,-0.869678,23.346985,228.44401594227742,,,,-0.9,23.35,228.4,-1.3767366098897973,24.093523586481698,213.21731719402405,-1.4166991876899684,24.10467706363783,213.22226153015822,,15.22669874825337,0.6319830594142198,5.64877747775551,15.221754412119196,0.6314855151111475,,,,15.221754412119196,1.0,13.257572385000808
278.633,0.016999999999995907,-0.865441,23.323633,228.81745638349256,,,,-0.9,23.32,228.8,-1.3782161853148633,24.07149580072351,213.6026373491208,-1.4229620411600419,24.082009876634842,213.6077550256795,,15.214819034371743,0.6320678681677286,5.665750968809611,15.20970135781306,0.6315794003792853,,,,15.20970135781306,1.0,13.245105432149165
278.65,0.016999999999995907,-0.8592,23.300386,229.21383308826796,,,,-0.9,23.3,229.2,-1.3794073462734258,24.048066125573165,214.01165362549426,-1.4280686746064737,24.057819521935127,214.01694357556724,,15.2021794627737,0.6321580863671785,5.648824461568692,15.196889512700722,0.6316819152643779,,,,15.196889512700722,1.0,13.23180073706432
278.667,0.016000000000019554,-0.85476,23.277233,229.60981549586788,,,,-0.9,23.28,229.6,-1.3803090490212961,24.024616200686523,214.42027142526737,-1.4317544953235528,24.03354235446682,214.42572015151657,,15.189544070600505,0.6322491874049772,5.631651616943591,15.184095344351306,0.6317876541212087,,,,15.184095344351306,1.0,13.218448294956753
278.683,0.016999999999995907,-0.848335,23.254179,229.98214181458835,,,,-0.8,23.25,230.0,-1.3810449716739672,24.002531255902156,214.80448860492055,-1.428109564340148,24.010634282541616,214.8100735646131,,15.177653209667795,0.632335525276554,5.6478170938768315,15.17206824997524,0.6318895232604084,,,,15.17206824997524,1.0,13.20584885539789
278.7,0.016999999999995907,-0.843115,23.231258,230.37734027318075,,,,-0.8,23.23,230.4,-1.3815333413837494,23.979053491383706,215.2123320752724,-1.4235069366957143,23.98635641994784,215.21804798558415,,15.16500819790835,0.6324273059133685,5.630660286043086,15.1592922875966,0.6319964575774266,,,,15.1592922875966,1.0,13.192496030971313
278.717,0.016000000000019554,-0.837112,23.209852,230.77214982906315,,,,-0.8,23.21,230.8,-1.3816864760880518,23.955567424580188,215.619776353058,-1.4182548719265424,23.96215680202402,215.62561034797082,,15.152373476005152,0.6325199152017453,5.613769343001522,15.146539481092333,0.6321025108980568,,,,15.146539481092333,1.0,13.17918624111321
278.733,0.016999999999995907,-0.829129,23.185822,231.1434003107276,,,,-0.8,23.19,231.1,-1.3816481441576882,23.93346044096275,216.0028885759828,-1.4250494825891218,23.939464724073165,216.00882332018006,,15.140511734744791,0.6326085511993662,5.601563427103779,15.134576990547544,0.6322019796594884,,,,15.134576990547544,1.0,13.166705598240242
278.75,0.016999999999995907,-0.822808,23.163271,231.537439475587,,,,-0.8,23.16,231.5,-1.3813447044242508,23.909972422512077,216.40955775532225,-1.4306608992005125,23.915238882869154,216.41558830083898,,15.127881720264753,0.6327017636382266,5.613589564830459,15.12185117474803,0.6323102708198345,,,,15.12185117474803,1.0,13.153381385578037
278.767,0.016000000000019554,-0.813275,23.141024,231.9310961868309,,,,-0.8,23.14,231.9,-1.3807212957004835,23.88648956253687,216.81582768219508,-1.4344002811597452,23.89091764758275,216.8219406313477,,15.115268504635822,0.6327957260133499,5.596363392482081,15.109155555483198,0.6324225707174509,,,,15.109155555483198,1.0,13.140004706170513
278.783,0.016999999999995907,-0.805183,23.118879,232.30124847163134,,,,-0.8,23.12,232.3,-1.3798094423341198,23.864398021805634,217.19783478287027,-1.4327926575322643,23.867967243084166,217.2040117104735,,15.103413688761066,0.6328847547279681,5.583387994117087,15.09723676115783,0.6325313172839346,,,,15.09723676115783,1.0,13.127381983696292
278.8,0.016999999999995907,-0.791778,23.097111,232.69415306568774,,,,-0.8,23.1,232.7,-1.3784354495961522,23.84094126128596,217.60333016677646,-1.4297091380895932,23.843609767906123,217.60956011506684,,15.090822898911284,0.6329793246635137,5.56609389955238,15.084592950620902,0.6326471997090392,,,,15.084592950620902,1.0,13.113985372348369
278.817,0.016000000000019554,-0.782726,23.075453,233.08668954076666,,,,-0.8,23.08,233.1,-1.3768344265902916,23.81750785864283,218.00842698429577,-1.4254162359287808,23.819304712558605,218.0146948881507,,15.07826255647089,0.6330747383798734,5.548985283113152,15.071994652615956,0.6327638373369197,,,,15.071994652615956,1.0,13.100617591907234
278.833,0.016999999999995907,-0.766529,23.054253,233.45579659983912,,,,-0.8,23.05,233.5,-1.3746567937945766,23.79547850781736,218.3893308752279,-1.4158577059681612,23.796498052783715,218.3956213102739,,15.06646572461122,0.63316506619783,5.565326028787065,15.060175289565223,0.6328735957769838,,,,15.060175289565223,1.0,13.088073929031044
278.85,0.016999999999995907,-0.754684,23.033236,233.84760813739854,,,,-0.8,23.03,233.8,-1.372081520585791,23.77210934232286,218.793655371954,-1.4223305107746582,23.772428471782263,218.7999571857326,,15.053952765444535,0.6332611275114368,5.548958812553476,15.04765095166593,0.6329875372020745,,,,15.04765095166593,1.0,13.074835659480245
278.867,0.01599999999996271,-0.736516,23.01265,234.23906409756043,,,,-0.7,23.01,234.2,-1.3691143139368065,23.748783956472906,219.19758296499367,-1.4238284582771905,23.7482488530991,219.203882942994,,15.041481132566759,0.6333579504590631,5.532276359605068,15.03518115456643,0.6331069396977609,,,,15.03518115456643,1.0,13.061536869204506
278.883,0.016999999999995907,-0.723682,22.992363,234.60717222351158,,,,-0.7,22.99,234.6,-1.3655987877125124,23.726878127449968,219.57738826166417,-1.4195622345511076,23.725467597766716,219.58367267460005,,15.029783961847414,0.6334497054822918,5.519903805569076,15.02349954891153,0.6332224849522332,,,,15.02349954891153,1.0,13.049007178771696
278.9,0.016999999999995907,-0.705092,22.972462,234.9979378224625,,,,-0.7,22.97,235.0,-1.361506865729429,23.70366294805886,219.9805478608059,-1.413544290308275,23.70133503977935,219.98680049701912,,15.01738996165659,0.6335472283150396,5.50340742071997,15.011137325443372,0.63334564488664,,,,15.011137325443372,1.0,13.035734271878644
278.917,0.016000000000019554,-0.688266,22.95306,235.38836779066838,,,,-0.7,22.95,235.4,-1.3571624818125911,23.680517331341466,220.3833133931807,-1.4062481562030844,23.677304786844118,220.3895189355453,,15.005054397487669,0.6336455486818393,5.487246851753878,14.998848855123072,0.6334694337109231,,,,14.998848855123072,1.0,13.022517632764266
278.933,0.016999999999995907,-0.670383,22.933937,235.75552865262082,,,,-0.7,22.93,235.8,-1.3520530404643043,23.658802731632438,220.762027953685,-1.3928541934121519,23.654804816344843,220.76817581237128,,14.993500698935833,0.6337387765987469,5.475786162845182,14.987352840249542,0.6335859862979584,,,,14.987352840249542,1.0,13.010142648989664
278.95,0.016999999999995907,-0.654197,22.916548,236.14530871127724,,,,-0.7,22.92,236.1,-1.3463988945104972,23.63581782994455,221.1640322284583,-1.3948704635464808,23.63112629505684,221.1701062268181,,14.981276482818942,0.6338378722753123,5.4320957528136145,14.975202484459146,0.6337066755718562,,,,14.975202484459146,1.0,12.997119462281264
278.967,0.016000000000019554,-0.63505,22.897181,236.53479549581064,,,,-0.6,22.9,236.5,-1.340583289312993,23.612929048737875,221.565646576927,-1.3920212936158585,23.607413497176555,221.57163381505197,,14.969148918883633,0.6339386735117363,5.41698960138477,14.963161680758674,0.6338331678118091,,,,14.963161680758674,1.0,12.984077423447106
278.983,0.016999999999995907,-0.613713,22.879625,236.9010691054111,,,,-0.6,22.88,236.9,-1.3338135462723084,23.591479716108843,221.94328184704625,-1.3830009302350377,23.585141156478674,221.94917425228167,,14.957787258364846,0.6340334492944629,5.406294326336887,14.951894853129431,0.6339540117198853,,,,14.951894853129431,1.0,12.97182763606327
279.0,0.016999999999995907,-0.597314,22.86236,237.28993404888251,,,,-0.6,22.86,237.3,-1.326561770463934,23.568804885822217,222.34414426616257,-1.3721035869441927,23.561630140664683,222.3499218083073,,14.945789782719942,0.6341343931151368,5.391838944408868,14.940012240575214,0.6340822834151216,,,,14.940012240575214,1.0,12.958896577365577
279.017,0.016000000000019554,-0.574911,22.845808,237.6785078570094,,,,-0.6,22.85,237.7,-1.3191161554933757,23.546253335724337,222.7446222610456,-1.3597187663050432,23.538304379686636,222.7502712517302,,14.933885595963801,0.6342361726528328,5.349410004892103,14.92823660527921,0.6342103647092845,,,,14.92823660527921,1.0,12.94606740882765
279.033,0.016999999999995907,-0.558355,22.829609,238.04396719640187,,,,-0.6,22.83,238.0,-1.3107647083857157,23.525147477236416,223.12119346754977,-1.3581920569608845,23.516548879425727,223.12671007780355,,14.922773728852093,0.6343328450243205,5.340353087843788,14.917257118598314,0.6343301984947799,,,,14.917257118598314,1.0,12.934101883684152
279.05,0.016999999999995907,-0.536065,22.814091,238.43198986710428,,,,-0.5,22.81,238.4,-1.3017646519091042,23.502864477193864,223.52093156916234,-1.3515212802593977,23.493459614457397,223.52629515000146,,14.911058297941935,0.6344357860043385,5.327255002454541,14.905694717102818,0.6344614612626127,,,,14.905694717102818,1.0,12.92140278795157
279.067,0.016000000000019554,-0.522068,22.798922,238.8197519527117,,,,-0.5,22.8,238.8,-1.2929153237967512,23.480734478111415,223.92029216028234,-1.3428019580165076,23.470483752692992,223.92548866862214,,14.899459792429354,0.6345397673279144,5.286023849358404,14.894263284089561,0.6345954962424071,,,,14.894263284089561,1.0,12.908766063981147
279.083,0.016999999999995907,-0.501551,22.784433,239.18446788000816,,,,-0.5,22.78,239.2,-1.2829543674290464,23.46004783293064,224.29581841877115,-1.3275234730523913,23.4489989213647,224.30084453001504,,14.888649461237009,0.6346384955080081,5.277846793021655,14.883623349993115,0.6347231879665637,,,,14.883623349993115,1.0,12.896949406750586
279.1,0.016999999999995907,-0.488153,22.77034,239.57173076688855,,,,-0.5,22.77,239.6,-1.2726081928377584,23.438237608684354,224.69445384502478,-1.3099429250094201,23.426431022322816,224.69928568453628,,14.877276921863768,0.6347438391166164,5.237941254960335,14.872445082352272,0.634857485042449,,,,14.872445082352272,1.0,12.88453706227755
279.117,0.01599999999996271,-0.470089,22.756838,239.95875600877994,,,,-0.5,22.76,240.0,-1.2623781509958787,23.416603269406117,225.09271999248847,-1.2912984257181257,23.40416199259766,225.09734572516302,,14.866036016291474,0.6348502319170265,5.198991110244324,14.86141028361692,0.6349900623793893,,,,14.86141028361692,1.0,12.872289095928714
279.133,0.016999999999995907,-0.455508,22.743917,240.3228052453871,,,,-0.5,22.74,240.3,-1.2511149090500038,23.396405218990232,225.46722406039478,-1.2831666626522933,23.38350121778622,225.47164703084522,,14.855581184992303,0.6349514400158546,5.193383196916725,14.851158214541869,0.6351126837774668,,,,14.851158214541869,1.0,12.860925669782421
279.15,0.016999999999995907,-0.440841,22.731436,240.70938601348098,,,,-0.4,22.73,240.7,-1.2394242421109103,23.375136265536387,225.86478216301316,-1.2695357806845715,23.361687384521133,225.86898113396475,,14.84460385046782,0.6350595642239856,5.155889829207976,14.840404879516228,0.6352454185029934,,,,14.840404879516228,1.0,12.848928061486625
279.167,0.016000000000019554,-0.429002,22.719534,241.09575672395638,,,,-0.4,22.72,241.1,-1.228089064607845,23.354066053420507,226.2619803827242,-1.2543608158348596,23.3401052762495,226.2659463715812,,14.83377634123218,0.6351688955277054,5.119142671775559,14.829810352375176,0.6353788972608339,,,,14.829810352375176,1.0,12.837057901937225
279.183,0.016999999999995907,-0.41763,22.70805,241.45921435570082,,,,-0.4,22.71,241.5,-1.215733382862766,23.33441662838676,226.6354882441791,-1.2319115590201792,23.320035503196117,226.63922749781722,,14.823726111521722,0.6352730538584959,5.087000792215072,14.819986857883606,0.6355044723603641,,,,14.819986857883606,1.0,12.826019526757864
279.2,0.016999999999995907,-0.406834,22.697821,241.84519085816572,,,,-0.4,22.7,241.8,-1.2030161409244908,23.313749160878096,227.03199765338775,-1.2246506376989235,23.29909300669278,227.03549009015117,,14.813193204777974,0.6353844292721234,5.0522677340768,14.809700768014551,0.635634218197266,,,,14.809700768014551,1.0,12.814501153681029
279.217,0.016000000000019554,-0.398001,22.686611,242.23099502765263,,,,-0.4,22.69,242.2,-1.1908108648669133,23.293297886482385,227.42815755329022,-1.2151422359755846,23.278273945851904,227.4313977092477,,14.802837474362406,0.6354977103930319,5.0179485132181565,14.79959731840492,0.6357686722319096,,,,14.79959731840492,1.0,12.803050670218548
279.233,0.016999999999995907,-0.388667,22.676628,242.59392985952508,,,,-0.4,22.68,242.6,-1.1775665588484,23.27424491264449,227.8006978956837,-1.1983884455343083,23.258831670076273,227.8036945541756,,14.793231963841379,0.6356052374358437,4.98781133306657,14.790235305349483,0.6358976029040148,,,,14.790235305349483,1.0,12.79235741854195
279.25,0.016999999999995907,-0.382097,22.667007,242.97937637314348,,,,-0.4,22.67,243.0,-1.164096078335175,23.254226281144074,228.1961899008308,-1.179139685505174,23.238459066502195,228.19892152543642,,14.783186472312678,0.6357204188857393,4.954913393243842,14.780454847707063,0.6360342054268483,,,,14.780454847707063,1.0,12.781152486576207
279.267,0.016000000000019554,-0.374013,22.657883,243.3646602791269,,,,-0.4,22.66,243.4,-1.1511554438398746,23.23443664781238,228.59134353572685,-1.1587610601040697,23.21841369184861,228.5938049438823,,14.773316743400045,0.6358370967772534,4.9230372670488,14.77085533524459,0.6361698749656726,,,,14.77085533524459,1.0,12.770127530516737
279.283,0.016999999999995907,-0.369508,22.649096,243.72713853346335,,,,-0.4,22.65,243.7,-1.1372501570785474,23.21601816071092,228.96294717419548,-1.1482188055857363,23.19987351488692,228.96515124153663,,14.764191359267869,0.6359484756198933,4.8957142956606745,14.761987291926715,0.6362960247371274,,,,14.761987291926715,1.0,12.759930433187808
279.3,0.016999999999995907,-0.362684,22.640764,244.11211977155725,,,,-0.4,22.64,244.1,-1.123089678158838,23.196684908040588,229.35745515027978,-1.1348622760432665,23.18035379519197,229.3593831736722,,14.75466462127747,0.6360678122658429,4.8654855089111155,14.752736597885047,0.6364327623396773,,,,14.752736597885047,1.0,12.749194587355584
279.317,0.016000000000019554,-0.358466,22.632767,244.49696035171917,,,,-0.4,22.63,244.5,-1.1095885195474828,23.177592383511893,229.75163650725787,-1.1197307983555882,23.16106113649924,229.75328520059148,,14.745323844461296,0.6361887637195158,4.835971924190888,14.74367515112769,0.636571660695343,,,,14.74367515112769,1.0,12.738583625074583
279.333,0.016999999999995907,-0.353052,22.625139,244.8590387400716,,,,-0.4,22.63,244.9,-1.095041197088283,23.15983896719911,230.122335958064,-1.0967074640890633,23.143145443725526,230.12371885323373,,14.736702782007598,0.6363041989574686,4.78233210871215,14.735319886837885,0.636703421437161,,,,14.735319886837885,1.0,12.72872999404904
279.35,0.016999999999995907,-0.35013,22.617828,245.24361508705752,,,,-0.4,22.62,245.2,-1.080336746183313,23.141223266848613,230.51589498705331,-1.0886947279608041,23.124501416836015,230.51699385154842,,14.727720100004206,0.6364278988268816,4.754835502761779,14.7266212355091,0.6368405947462825,,,,14.7266212355091,1.0,12.718475779259808
279.367,0.01599999999996271,-0.345931,22.610828,245.62806756927242,,,,-0.3,22.61,245.6,-1.066310885070371,23.1228575421635,230.90913967392981,-1.0756866110431593,23.105993606460686,230.90995305924633,,14.718927895342603,0.6365531538869403,4.727776894508704,14.718114510026084,0.6369825405781615,,,,14.718114510026084,1.0,12.708296483553378
279.383,0.016999999999995907,-0.342576,22.604143,245.98979653810358,,,,-0.3,22.6,246.0,-1.0512513105527155,23.105796568002415,231.27896890681026,-1.0551949114292063,23.088782620684036,231.27951126906262,,14.710827631293313,0.636672602392133,4.704620943643473,14.710285269040952,0.6371182712709493,,,,14.710285269040952,1.0,12.69883044137622
279.4,0.016999999999995907,-0.340059,22.597679,246.3740174668715,,,,-0.3,22.6,246.4,-1.036037839490191,23.08792529572302,231.67161554265184,-1.0317832516796026,23.070844307189745,231.67186809794947,,14.702401924219657,0.6368004805933446,4.651075496130813,14.702149368922022,0.6372610023786723,,,,14.702149368922022,1.0,12.68896436895436
279.417,0.016000000000019554,-0.337905,22.591476,246.7581288713459,,,,-0.3,22.59,246.8,-1.021581945470541,23.070312652451694,232.06396056521123,-1.0075156181118705,23.053303991911196,232.06392335849173,,14.694168306134657,0.6369297428907232,4.627000708157914,14.694205512854154,0.637401281742954,,,,14.694205512854154,1.0,12.679317195551159
279.433,0.016999999999995907,-0.336919,22.585438,247.11954923550633,,,,-0.3,22.59,247.1,-1.0061300538946203,23.053967341324146,232.4329548051619,-0.9924637087113101,23.037183742021387,232.43264726036367,,14.686594430344428,0.6370527993252929,4.578951796930552,14.68690197514266,0.6375302701758963,,,,14.68690197514266,1.0,12.670451058111764
279.45,0.016999999999995907,-0.336295,22.579586,247.50345299671073,,,,-0.3,22.58,247.5,-0.9905770619807207,23.03686313040794,232.8247268641715,-0.9746774422610163,23.020311858973297,232.82413597297202,,14.678726132539225,0.6371842402954491,4.556928566171499,14.679317023738719,0.6376680348062589,,,,14.679317023738719,1.0,12.661171522435314
279.467,0.016000000000019554,-0.336578,22.573851,247.88725736408315,,,,-0.3,22.57,247.9,-0.9758704911214058,23.020023320354273,233.2162103990029,-0.9554660127677538,23.003742342454863,233.21534043368408,,14.67104696508025,0.6373167724859832,4.535828094123657,14.671916930399078,0.6378056540531288,,,,14.671916930399078,1.0,12.652058288350176
279.483,0.016999999999995907,-0.337194,22.568577,248.2483958980996,,,,-0.3,22.57,248.2,-0.9601865861413841,23.00440939249631,233.58440586070617,-0.9455495462623964,22.98845488625056,233.58327801151418,,14.663990037393432,0.637442578385716,4.4903553671986405,14.66511788658542,0.6379340394624197,,,,14.66511788658542,1.0,12.64365018743781
279.5,0.016999999999995907,-0.338733,22.56267,248.63201298256652,,,,-0.3,22.56,248.6,-0.9444865515648281,22.988086220531912,233.9753420734168,-0.9326476169485324,22.972380543964103,233.97394511267092,,14.65667090914971,0.6375768199468053,4.470779795440196,14.658067869895604,0.6380735266788425,,,,14.658067869895604,1.0,12.634809299180258
279.517,0.016000000000019554,-0.340609,22.557158,249.01552942564794,,,,-0.3,22.56,249.0,-0.929694801791405,22.972029949155313,234.36600306085907,-0.9174022763102766,22.956525534475983,234.36434081433757,,14.64952636478887,0.637711442881326,4.423681591888093,14.651188611310374,0.6382145499024798,,,,14.651188611310374,1.0,12.626089043961791
279.533,0.016999999999995907,-0.342709,22.551668,249.37640035569638,,,,-0.3,22.55,249.4,-0.9139905491985703,22.957154832326633,234.73343653911138,-0.8945655236813206,22.941847098055,234.73152779539825,,14.642963816584995,0.6378387881047792,4.408300226713913,14.644872560298126,0.638347579325455,,,,14.644872560298126,1.0,12.618015903930251
279.55,0.016999999999995907,-0.344443,22.546204,249.7597291902458,,,,-0.3,22.55,249.8,-0.8982776453957896,22.941616992990262,235.12357609962646,-0.8688546849197561,22.92663948415242,235.12140993134693,,14.636153090619331,0.6379739098203654,4.3631825756837905,14.63831925889886,0.6384851678335721,,,,14.63831925889886,1.0,12.609651716283832
279.567,0.016000000000019554,-0.347695,22.540663,250.1429648862322,,,,-0.3,22.54,250.1,-0.8835313753261559,22.926346273018538,235.51345378738745,-0.8587971451801242,22.91186895450879,235.51103725307544,,14.629511098844745,0.6381091397917976,4.347570582237365,14.63192763315675,0.6386178125498294,,,,14.63192763315675,1.0,12.601527924979836
279.583,0.016999999999995907,-0.349671,22.535177,250.50357098927265,,,,-0.3,22.54,250.5,-0.8678915852641832,22.912209771013302,235.88016223574013,-0.8408374847208767,22.89812820018589,235.87751723031346,,14.623408753532516,0.6382365079440258,4.306855012027864,14.626053758959188,0.6387445135729676,,,,14.626053758959188,1.0,12.59397051010224
279.6,0.016999999999995907,-0.333662,22.530287,250.88661847081306,,,,-0.3,22.53,250.9,-0.8517437279898634,22.897455614063816,236.2695443915132,-0.8202152224258865,22.88383396294564,236.2666639087,,14.617074079299869,0.6383711066273204,4.29269319902359,14.619954562113065,0.638876972529439,,,,14.619954562113065,1.0,12.586108679620104
279.617,0.01599999999996271,-0.298738,22.526161,251.26958513565398,,,,-0.3,22.53,251.3,-0.8355664232890803,22.88297597068799,236.6586780599835,-0.7980167394787666,22.869890304164404,236.65557056497033,,14.610907075670497,0.6385055464108504,4.251425438198501,14.61401457068365,0.63900676287995,,,,14.61401457068365,1.0,12.578439667290423
279.633,0.016999999999995907,-0.243843,22.523304,251.62996547318915,,,,-0.2,22.52,251.6,-0.8167864976269192,22.869606907915397,237.02469872301145,-0.7826476138191255,22.857122036332772,237.02138666369345,,14.605266750177691,0.6386321727778654,4.24181394012135,14.608578809495697,0.6391259051018969,,,,14.608578809495697,1.0,12.571417119983025
279.65,0.016999999999995907,-0.147021,22.522648,252.01282640587556,,,,-0.1,22.52,252.0,-0.7952144640303677,22.855721537455743,237.41336401479703,-0.7612965830635183,22.84381702689785,237.40984464573083,,14.599462391078532,0.6387661998398549,4.20248022508904,14.60298176014473,0.639253139829924,,,,14.60298176014473,1.0,12.564099364793817
279.667,0.016000000000019554,-0.024223,22.524168,252.39569017734095,,,,0.0,22.52,252.4,-0.7716322169630161,22.84220289156723,237.80179637244362,-0.7358212867408437,22.830874984985773,237.79807952783173,,14.593893804897334,0.6389004543114812,4.1642407847516445,14.597610649509221,0.6393802541124255,,,,14.597610649509221,1.0,12.556981241742175
279.683,0.016999999999995907,0.105265,22.527838,252.7560737647974,,,,0.1,22.53,252.8,-0.7429606265694964,22.829856776095806,238.16717284978537,-0.6989582230414534,22.819101844397906,238.16327934246723,,14.588900915012033,0.6390272640819834,4.101316996002534,14.592794422330172,0.6394990706399212,,,,14.592794422330172,1.0,12.550506014418849
279.7,0.016999999999995907,0.235687,22.533585,253.13906222158982,,,,0.2,22.53,253.1,-0.7107404983986871,22.817226445444128,238.55517305716836,-0.6744523133388429,22.807219554606203,238.55110307435868,,14.583889164421464,0.6391613458932649,4.06624469371134,14.587959147231146,0.6396202357022922,,,,14.587959147231146,1.0,12.543970755033412
279.717,0.016000000000019554,0.356552,22.541071,253.52216722336124,,,,0.4,22.54,253.5,-0.6774188075613344,22.805143856971352,238.94296320473882,-0.643189407281187,22.795753865279444,238.93872834842762,,14.57920401862242,0.6392945429355699,4.004250029428118,14.58343887493362,0.6397436540647105,,,,14.58343887493362,1.0,12.537664625903695
279.733,0.016999999999995907,0.455983,22.549805,253.88286999801767,,,,0.5,22.55,253.9,-0.6394941296047181,22.794305156050356,239.30775879684344,-0.6005313062194596,22.78546283476293,239.3033780820284,,14.575111201174224,0.6394189733528908,3.9457223206239624,14.57949191598928,0.6398593709382937,,,,14.57949191598928,1.0,12.532004559119613
279.75,0.016999999999995907,0.529798,22.55933,254.26628257256107,,,,0.5,22.56,254.3,-0.599909044691721,22.783433755847078,239.69516957759447,-0.5556541842730693,22.775253802557202,239.69064417344552,,14.571112994966597,0.6395485926798504,3.8874369909367448,14.575638399115547,0.6399769910568021,,,,14.575638399115547,1.0,12.526389591406462
279.767,0.016000000000019554,0.575826,22.569176,254.64986773837197,,,,0.6,22.57,254.6,-0.561906697060286,22.773235302087322,240.08240126458682,-0.5251685881680676,22.765807681424562,240.0777431960593,,14.567466473785146,0.6396748762548436,3.8313994798680584,14.572124542312679,0.6400881860300787,,,,14.572124542312679,1.0,12.52119422478351
279.783,0.016999999999995907,0.597091,22.578413,255.0110482601004,,,,0.6,22.58,255.0,-0.5214643621185902,22.764244794934346,240.44670110536342,-0.4862874220049726,22.757404984013863,240.44192889738324,,14.564347154736993,0.6397904822205194,3.7784330988025796,14.569119362717174,0.6401924724260687,,,,14.569119362717174,1.0,12.516572741207625
279.8,0.016999999999995907,0.600911,22.588036,255.39496756074982,,,,0.6,22.59,255.4,-0.48153012041603444,22.755379900778333,240.8336179152769,-0.44521380708193886,22.74913809783978,240.8287345135789,,14.561349645472916,0.6399080001725155,3.7258628219455576,14.566233047170925,0.640298238312339,,,,14.566233047170925,1.0,12.512025953811879
279.817,0.016000000000019554,0.592422,22.597935,255.77905100438923,,,,0.6,22.6,255.8,-0.44475424046328665,22.747193888731264,241.22038979248765,-0.40464886269235445,22.741569463119387,241.21540552784694,,14.55866121190158,0.6400200958024013,3.675343299179696,14.563645476542291,0.6403975548020353,,,,14.563645476542291,1.0,12.507863204715663
279.833,0.016999999999995907,0.579895,22.606955,256.14069379440565,,,,0.6,22.61,256.1,-0.40662772434305644,22.740077820883844,241.584287966165,-0.3730272270642301,22.735095081316302,241.57921884420287,,14.556405828240656,0.6401211967213439,3.6280375304124264,14.56147495020278,0.6404844535780894,,,,14.56147495020278,1.0,12.504302294723967
279.85,0.016999999999995907,0.566491,22.6157,256.52509582423306,,,,0.6,22.62,256.5,-0.3695472102162667,22.733165149570013,241.97081053141375,-0.3391063251860814,22.728753618456214,241.96566155815086,,14.554285292819316,0.6402225645686036,3.5811154273760164,14.559434266082206,0.6405733684516536,,,,14.559434266082206,1.0,12.500814490150919
279.867,0.01599999999996271,0.554437,22.624233,256.90964458218247,,,,0.6,22.62,256.9,-0.33560258479050753,22.72688284699634,242.35722093938446,-0.30556252814861934,22.72298881092805,242.35200136880053,,14.552423642798004,0.640317624760463,3.5641626624403884,14.557643213381937,0.6406570603238956,,,,14.557643213381937,1.0,12.49764384601043
279.883,0.016999999999995907,0.544725,22.632595,257.2717032781176,,,,0.5,22.63,257.3,-0.3004266640788045,22.721513205639702,242.7208081078047,-0.26673601463889385,22.718099810477685,242.71553007777092,,14.550895170312941,0.640401677415625,3.5215074184744086,14.556173200346706,0.6407302248770531,,,,14.556173200346706,1.0,12.494954895762728
279.9,0.016999999999995907,0.538124,22.640862,257.65653610588004,,,,0.5,22.64,257.7,-0.26612201430693844,22.716405952350364,243.1070304206475,-0.226117363120997,22.713565298228826,243.10169923119483,,14.549505685232532,0.6404844901852601,3.479884564629424,14.554836874685208,0.6407993057708194,,,,14.554836874685208,1.0,12.492460914025855
279.917,0.016000000000019554,0.534478,22.649067,258.04150851879797,,,,0.5,22.65,258.0,-0.23458419634680064,22.711881878107146,243.4931708672063,-0.2026707140637041,22.70972130305577,243.48779716730564,,14.54833765159168,0.6405606426482598,3.440280984209647,14.553711351492325,0.640858210335413,,,,14.553711351492325,1.0,12.490346716680675
279.933,0.016999999999995907,0.532651,22.657232,258.40396200398243,,,,0.5,22.66,258.4,-0.20176465231319482,22.708128530965592,243.8565309504793,-0.17153003727083946,22.706478571630747,243.8511267663036,,14.547431053503118,0.6406265947308576,3.4024334274084658,14.552835237678835,0.640911147528662,,,,14.552835237678835,1.0,12.488563214396912
279.95,0.016999999999995907,0.531956,22.665375,258.78921191605184,,,,0.5,22.67,258.8,-0.16967701175625233,22.704698531876268,244.24253998051336,-0.13846115778549506,22.703562560997142,244.23711211593084,,14.546671935538484,0.6406899397988342,3.36553456616915,14.552099800120999,0.6409610721235579,,,,14.552099800120999,1.0,12.48695940854843
279.967,0.016000000000019554,0.532551,22.673523,259.17460015869375,,,,0.5,22.67,259.2,-0.14014142919601014,22.701814022676412,244.62849533722698,-0.1060612677060413,22.70120872131479,244.6230526718304,,14.54610482146677,0.6407463653317281,3.358619460175135,14.551547486863342,0.6410032023184957,,,,14.551547486863342,1.0,12.485664796723135
279.983,0.016999999999995907,0.534521,22.6817,259.5374446932222,,,,0.5,22.68,259.5,-0.10937120146014678,22.699571759809274,244.99170642348733,-0.08331926779544717,22.69951174103149,244.9862584355296,,14.54573826973487,0.6407935102762082,3.3252907541798042,14.551186257692592,0.6410352092018774,,,,14.551186257692592,1.0,12.484731457567321
280.0,0.016999999999995907,0.536725,22.689896,259.9231108315066,,,,0.5,22.69,259.9,-0.07928303539911369,22.69771244938445,245.37758333926539,-0.05847990503372876,22.698095313478966,245.37213809549286,,14.545527492241234,0.6408367153596441,3.2927739600838786,14.550972736013762,0.6410658046436547,,,,14.550972736013762,1.0,12.483952422413433
280.017,0.016000000000019554,0.538981,22.698109,260.30891662026903,,,,0.5,22.7,260.3,-0.051616301002185415,22.696364637782665,245.7634329945062,-0.03326286798084772,22.697101155093392,245.7579972654756,,14.545483625762841,0.6408728383553091,3.2614851682932042,14.550919354793422,0.6410915321460816,,,,14.550919354793422,1.0,12.483405635301366
280.033,0.016999999999995907,0.540773,22.706341,260.67215535383747,,,,0.5,22.71,260.7,-0.022868146493748992,22.69553877696663,246.1265682218246,-0.0006576903174781851,22.696568949205698,246.12114662631043,,14.545587132012855,0.6409007195182764,3.231540774048587,14.551008727527034,0.6411105026531453,,,,14.551008727527034,1.0,12.483112922063135
280.05,0.016999999999995907,0.542108,22.714567,261.05824129253585,,,,0.5,22.71,261.1,0.005141165613505767,22.695150018476234,246.51238907658578,0.033018374562216964,22.6965577684703,246.50698820341057,,14.545852215950077,0.640923378083345,3.23150793544137,14.551253089125282,0.641121584936534,,,,14.551253089125282,1.0,12.483106772658665
280.067,0.016000000000019554,0.543225,22.722816,261.44446726614177,,,,0.5,22.72,261.4,0.03079387524205317,22.695237418291665,246.89820736979823,0.04967973196060855,22.697119080837858,246.8928344566296,,14.546259896343543,0.6409388731320212,3.204762818692161,14.55163280951217,0.6411224595370543,,,,14.55163280951217,1.0,12.483415494460823
280.083,0.016999999999995907,0.5441,22.731062,261.8081018549422,,,,0.5,22.73,261.8,0.05735130136459775,22.69573012029554,247.26133511010738,0.07337382498526007,22.69791395654923,247.25599472092912,,14.546766744834827,0.6409472913068549,3.1786912693369405,14.552107134013085,0.6411209048492422,,,,14.552107134013085,1.0,12.483852676102076
280.1,0.016999999999995907,0.545168,22.739338,262.19460853139213,,,,0.5,22.74,262.2,0.08314054936987304,22.69670509241874,247.64717080941537,0.09875947710731121,22.699161311573977,247.64186986070808,,14.547437721976763,0.6409493211786044,3.153936396710957,14.55273867068405,0.6411134962622526,,,,14.55273867068405,1.0,12.484538721365688
280.117,0.01599999999996271,0.546064,22.747618,262.581256054168,,,,0.5,22.75,262.6,0.1066790956763538,22.698118481758026,248.03302680979579,0.12411636342059158,22.7008402226848,248.02776987374918,,14.548229244372237,0.64094428161807,3.1304369482599865,14.553486180418844,0.6410990094488063,,,,14.553486180418844,1.0,12.48546212247664
280.133,0.016999999999995907,0.547219,22.755932,262.94528783835915,,,,0.5,22.76,262.9,0.13098310577536731,22.699825347288844,248.39621036042732,0.13916422478188645,22.702826084499524,248.3909992042058,,14.549077477931831,0.6409334545681649,3.107827122389451,14.554288634153352,0.6410782772145874,,,,14.554288634153352,1.0,12.486554346474739
280.15,0.016999999999995907,0.547663,22.764244,263.33221775550453,,,,0.5,22.76,263.3,0.15448614702692204,22.702052060087023,248.7821263183899,0.1556805081060157,22.705191876320814,248.7769673568727,,14.550091437114617,0.6409152528856831,3.1147778214161255,14.555250398631841,0.6410538381669205,,,,14.555250398631841,1.0,12.487855531976448
280.167,0.016000000000019554,0.548067,22.772577,263.71928904080795,,,,0.5,22.77,263.7,0.17584927098638614,22.70467832458648,249.16808352665953,0.17290127823866044,22.707838444958615,249.16297811460348,,14.551205514148421,0.6408901859838809,3.094098022142143,14.556310926204475,0.6410258273365571,,,,14.556310926204475,1.0,12.489311144727239
280.183,0.016999999999995907,0.547825,22.780909,264.0837204253844,,,,0.5,22.78,264.1,0.19779336410820508,22.70749191292227,249.53138088856002,0.1968625185547145,22.710604865410435,249.52632566108687,,14.552339536824377,0.6408607164819908,3.073758821091301,14.557394764297527,0.6409954666803825,,,,14.557394764297527,1.0,12.49083267597574
280.2,0.016999999999995907,0.547536,22.789249,264.47107503909683,,,,0.5,22.79,264.5,0.21891066465750603,22.710854400112108,249.91743683222074,0.22217492041810252,22.713951528225863,249.91243439043268,,14.553638206876087,0.6408230157472299,3.0551135294847156,14.558640648664152,0.6409558737753147,,,,14.558640648664152,1.0,12.492673340524226
280.217,0.016000000000019554,0.546527,22.797583,264.8585713910487,,,,0.5,22.8,264.9,0.23798830476607657,22.714575881411285,250.3035529896136,0.24715044554276952,22.71772850187297,250.2986036706884,,14.55501840143512,0.640778787921212,3.037722117988011,14.559967720360305,0.6409077262790558,,,,14.559967720360305,1.0,12.494750676030135
280.233,0.016999999999995907,0.54599,22.805933,265.22340267450517,,,,0.5,22.81,265.2,0.2574975392638723,22.718383694287546,250.66701666621964,0.26148916617285345,22.721682909001657,250.66211896197584,,14.556386008285529,0.6407315856693484,3.0208416794762956,14.561283712529331,0.640854102702075,,,,14.561283712529331,1.0,12.496925599950913
280.25,0.016999999999995907,0.545453,22.814297,265.61118243106006,,,,0.5,22.81,265.6,0.2761781304047039,22.722761152455032,251.05326639741685,0.2769819759124732,22.726128224826596,251.04842535661328,,14.55791603364321,0.6406754855173193,3.0339130781864188,14.562757074446779,0.6407935804277499,,,,14.562757074446779,1.0,12.499370523654628
280.267,0.016000000000019554,0.545521,22.822689,265.99910429801844,,,,0.5,22.82,266.0,0.2929997163504956,22.72745618067191,251.43959324474835,0.29295271286358077,22.730836918417108,251.43480956033073,,14.559511053270086,0.6406133153455122,3.019242880071351,14.564294737687703,0.6407284865911531,,,,14.564294737687703,1.0,12.50196030512941
280.283,0.016999999999995907,0.545634,22.831112,266.3643371487069,,,,0.5,22.83,266.4,0.31014077854830036,22.732144176133524,251.80327004760323,0.31530844029318345,22.73552416182293,251.79854044897309,,14.561067101103674,0.6405496546336064,3.0044998482344334,14.565796699733824,0.6406624538787823,,,,14.565796699733824,1.0,12.504538289002612
280.3,0.016999999999995907,0.545946,22.839556,266.7525448968198,,,,0.5,22.84,266.8,0.3264903523544656,22.737416569368843,252.18976131393993,0.33873038205416217,22.740884405307913,252.1850899217936,,14.562783582879888,0.6404766143264679,2.99172741150433,14.567454975026209,0.6405843640639606,,,,14.567454975026209,1.0,12.507486422919353
280.317,0.016000000000019554,0.545285,22.848001,267.1408962380167,,,,0.5,22.85,267.1,0.34111173463628436,22.742966905358866,252.576344573475,0.34534847833744287,22.746642821802833,252.57173390322396,,14.564551664541682,0.6403980503137379,2.9801180110974257,14.569162334792736,0.6404972570645934,,,,14.569162334792736,1.0,12.51065355199156
280.333,0.016999999999995907,0.542866,22.8564,267.5065340504971,,,,0.5,22.86,267.5,0.3558568721594709,22.748424693113055,252.94027570626324,0.35800427287725883,22.752168397456238,252.93572439297847,,14.566258344233887,0.6403194304985756,2.9678147638835166,14.570809657518652,0.6404141092392632,,,,14.570809657518652,1.0,12.513692618600931
280.35,0.016999999999995907,0.539539,22.864763,267.89517129463405,,,,0.5,22.86,267.9,0.36972538486688006,22.754474259939766,253.3270503473641,0.37156788363080956,22.75825447009515,253.32256298735254,,14.56812094726996,0.6402310499837724,2.9857346048598767,14.572608307281513,0.6403218808555922,,,,14.572608307281513,1.0,12.517039958552333
280.367,0.01599999999996271,0.534526,22.873037,268.28395022901947,,,,0.5,22.87,268.3,0.3819155886054803,22.7607595914825,253.71392983510108,0.3855007044695807,22.764571124116873,253.70950700490323,,14.570020393918384,0.6401377043396547,2.975757016472666,14.574443224116237,0.6402248100635648,,,,14.574443224116237,1.0,12.52051411826428
280.383,0.016999999999995907,0.528471,22.881229,268.6499872403466,,,,0.5,22.88,268.6,0.39399944352045607,22.766870240900175,254.0781508737593,0.38813858702411264,22.77073913538837,254.07378948697843,,14.571836366587291,0.6400456546025071,2.9653339617830614,14.576197753368177,0.6401284414485726,,,,14.576197753368177,1.0,12.523906524463605
280.4,0.016999999999995907,0.520549,22.889284,269.039044497406,,,,0.5,22.89,269.0,0.4051063074265263,22.77356823144002,254.46524460077413,0.39240488839231963,22.77733749136778,254.46094813830578,,14.573799896631868,0.6399436288825406,2.956171448866051,14.578096359100215,0.6400263579808246,,,,14.578096359100215,1.0,12.52753562025228
280.417,0.016000000000019554,0.511868,22.897219,269.4282375447364,,,,0.5,22.9,269.4,0.41463348630197766,22.78045503866627,254.85245379856994,0.3978599343785507,22.78400837447045,254.84821957816533,,14.57578374616648,0.639837251776857,2.9472156879432707,14.580017966571091,0.6399233061601244,,,,14.580017966571091,1.0,12.531204605958749
280.433,0.016999999999995907,0.502912,22.905035,269.7946585678409,,,,0.5,22.91,269.8,0.4238431304363348,22.787089174447107,255.21699415227528,0.40910910613058665,22.790374133420514,255.2128146382289,,14.577664415565607,0.6397335045281979,2.9373532346722286,14.581843929611978,0.6398246840638174,,,,14.581843929611978,1.0,12.534705773381283
280.45,0.016999999999995907,0.49611,22.912804,270.1841168336248,,,,0.5,22.91,270.2,0.4321567741237954,22.794294507664524,255.60443591357313,0.4210925624336132,22.79732898822473,255.6003101147628,,14.579680920051658,0.6396197484922939,2.9578647111569505,14.583806718861979,0.6397155880144907,,,,14.583806718861979,1.0,12.538530943523602
280.467,0.016000000000019554,0.490937,22.920536,270.57370618951967,,,,0.5,22.92,270.6,0.4391983905007762,22.801641172824628,255.99200136685718,0.4333828982961912,22.8044875617861,255.98792555543778,,14.581704822662488,0.6395024249412891,2.950339565907167,14.585780634081885,0.6396013326133031,,,,14.585780634081885,1.0,12.542468158982356
280.483,0.016999999999995907,0.487661,22.928265,270.94049760545613,,,,0.5,22.93,270.9,0.44597930527306817,22.808668347072647,256.3568838430168,0.4341283405650851,22.81142168815885,256.35285282943784,,14.583613762439313,0.6393890928012477,2.9421458835036294,14.587644776018294,0.6394886287859286,,,,14.587644776018294,1.0,12.546281928487367
280.5,0.016999999999995907,0.485258,22.935991,271.33034857747055,,,,0.5,22.94,271.3,0.452041230234655,22.816249995262286,256.7446956489266,0.436354095949204,22.81880186994845,256.74070972968167,,14.585652928543936,0.6392660025890581,2.9352626107425315,14.589638847788876,0.6393691890985262,,,,14.589638847788876,1.0,12.55034102847165
280.517,0.016000000000019554,0.483646,22.943726,271.72033054425145,,,,0.5,22.94,271.7,0.4571067434409817,22.823934696176273,257.1326372188037,0.4393615251263732,22.826219889579587,257.12869241463756,,14.58769332544773,0.6391401622741073,2.9571666419228775,14.591638129613898,0.6392489952431912,,,,14.591638129613898,1.0,12.554420939268773
280.533,0.016999999999995907,0.481757,22.95145,272.0874920669399,,,,0.5,22.95,272.1,0.4618732732172169,22.83124840407134,257.4978786836062,0.4479048279912994,22.833249673981616,257.4939681711465,,14.589613383333699,0.6390195194377559,2.9492493845470125,14.593523895793396,0.6391347751267595,,,,14.593523895793396,1.0,12.558287320689889
280.55,0.016999999999995907,0.479821,22.959167,272.4777363308263,,,,0.5,22.96,272.5,0.4659832450054305,22.83910024971603,257.8860766471633,0.4575001555133582,22.840864056057466,257.88219813785173,,14.59165968366301,0.6388894275221914,2.9430533323118677,14.595538192974573,0.6390098972242598,,,,14.595538192974573,1.0,12.562475230831607
280.567,0.016000000000019554,0.477052,22.96685,272.86811150396073,,,,0.5,22.97,272.9,0.46922688652146294,22.84702196488112,258.2744086859873,0.4674366589730678,22.848641558701193,258.27055893557707,,14.593702817973451,0.6387573330303571,2.93733422324558,14.597552568383662,0.6388805448621797,,,,14.597552568383662,1.0,12.566752857285657
280.583,0.016999999999995907,0.473473,22.974487,273.2356421666172,,,,0.5,22.97,273.2,0.4720570750427106,22.854529595065472,258.64002109846734,0.4651622972058078,22.85612054524477,258.6361970324091,,14.595621068149853,0.6386314366015741,2.9594462031969893,14.59944513420811,0.6387542936391073,,,,14.59944513420811,1.0,12.570866299884624
280.6,0.016999999999995907,0.469369,22.982069,273.6262768624656,,,,0.5,22.98,273.6,0.47422152987836674,22.862554565341195,259.0286163138307,0.4642915364813618,22.864028304297268,259.02481829763013,,14.597660548634906,0.6384964771506518,2.9541147241613834,14.601458564835468,0.6386214349678329,,,,14.601458564835468,1.0,12.575215567363498
280.617,0.01599999999996271,0.464238,22.989569,274.017039859286,,,,0.5,22.99,274.0,0.47562222361034123,22.870616331349126,259.41734826645245,0.464716885365115,22.871921260417448,259.4135738689301,,14.599691592833551,0.6383602165028459,2.948734759962725,14.603465990355915,0.6384888188483288,,,,14.603465990355915,1.0,12.579556693229597
280.633,0.016999999999995907,0.457808,22.996962,274.38493238574915,,,,0.5,23.0,274.4,0.47646544945635416,22.878226286926875,259.78333900739784,0.4704433502006275,22.87935673058327,259.77958409285725,,14.60159337835131,0.6382310059890869,2.9419959483887075,14.605348292891904,0.6383635897144195,,,,14.605348292891904,1.0,12.5836462018208
280.65,0.016999999999995907,0.450896,23.004251,274.7759468930051,,,,0.5,23.0,274.8,0.4766218904343547,22.88632619956763,260.17233770353295,0.47673166347396134,22.88735426753668,260.1686011363412,,14.603609189472138,0.6380932029950718,2.965672012236759,14.607345756663904,0.638227799767267,,,,14.607345756663904,1.0,12.588044847145175
280.667,0.016000000000019554,0.44314,23.01141,275.167084314477,,,,0.4,23.01,275.2,0.4761200245191556,22.894428771705012,260.56147412078866,0.4808762351431794,22.895458705815734,260.5577550466146,,14.605610193688335,0.6379547766546269,2.9609164549386584,14.609329267862392,0.638088515961964,,,,14.609329267862392,1.0,12.592502288198656
280.683,0.016999999999995907,0.434463,23.018427,275.53532359639746,,,,0.4,23.02,275.5,0.47493674736387426,22.90204669209733,260.92784592449954,0.47295510992184236,22.903152725578035,260.9241439380662,,14.607477671897925,0.6378241153852174,2.9549405707548413,14.611179658331253,0.6379549502813042,,,,14.611179658331253,1.0,12.59673399906792
280.7,0.016999999999995907,0.42588,23.025316,275.92669963530085,,,,0.4,23.03,275.9,0.47308519218086537,22.910120616802512,261.3172493466251,0.4665205280564317,22.911192962446705,261.3135658764143,,14.60945028867576,0.63768543749879,2.949985731398887,14.613133758886534,0.6378163626328249,,,,14.613133758886534,1.0,12.60115612934569
280.717,0.016000000000019554,0.417286,23.032066,276.31819154696075,,,,0.4,23.03,276.3,0.47073514636753144,22.918163065069585,261.7067897579209,0.4614000842288922,22.919123811423663,261.7031235689921,,14.61140178903986,0.63754681156404,2.973495898852817,14.615067977968636,0.6376800482522806,,,,14.615067977968636,1.0,12.605518096283015
280.733,0.016999999999995907,0.408727,23.038685,276.6867580155692,,,,0.4,23.04,276.7,0.4676561370260309,22.925694827411476,262.07354062106117,0.4613462494019301,22.926506212771333,262.06988860918614,,14.613217394508013,0.6374165539809717,2.966593566542294,14.616869406383046,0.6375532874800016,,,,14.616869406383046,1.0,12.609578417024235
280.75,0.016999999999995907,0.40095,23.045198,277.0784747216206,,,,0.4,23.05,277.1,0.46400276212935665,22.933644981740915,262.46334500943885,0.46240317241186774,22.934349099011165,262.4597058793362,,14.615129712181727,0.6372789726106712,2.961051697108254,14.618768842284396,0.6374180832066735,,,,14.618768842284396,1.0,12.613892004456142
280.767,0.016000000000019554,0.394909,23.051641,277.4703010248955,,,,0.4,23.05,277.5,0.4600936950383792,22.941533028697112,262.8532840225275,0.46397880377827644,22.942209952942164,262.8496566312777,,14.617017002368016,0.6371421205411111,2.9843770905991236,14.620644393617795,0.6372814311963355,,,,14.620644393617795,1.0,12.618215474118191
280.783,0.016999999999995907,0.390532,23.058041,277.83917782924794,,,,0.4,23.06,277.8,0.45554518727719384,22.948894527817735,263.22040744298005,0.4533451873091851,22.949633613802625,263.2167913798121,,14.618770386267897,0.6370141432541601,2.9775935493664685,14.62238644943585,0.6371511935877483,,,,14.62238644943585,1.0,12.622298487591445
280.8,0.016999999999995907,0.388112,23.064428,278.23122095812187,,,,0.4,23.06,278.2,0.4506465451611248,22.956638796001446,263.6106044762324,0.44380193992266875,22.95734048198688,263.60700065962624,,14.620616481889442,0.6368796674379021,3.0004766735657844,14.62422029849563,0.6370171801899396,,,,14.62422029849563,1.0,12.626537265092784
280.817,0.016000000000019554,0.386907,23.070816,278.6233723163058,,,,0.4,23.07,278.6,0.4457597067708048,22.964299787269184,264.00093245419015,0.4361985048547396,22.96488511496556,263.9973395772002,,14.622439862115641,0.6367466022291672,2.9940540329694807,14.626032739105597,0.6368868237696617,,,,14.626032739105597,1.0,12.63068681323106
280.833,0.016999999999995907,0.387448,23.07724,278.9925548964022,,,,0.4,23.08,279.0,0.44037452970932855,22.971431942577524,264.3684183080294,0.4335410394533647,22.971864291043246,264.36483357244873,,14.624136588372835,0.6366227680072052,2.9859457419860678,14.627721323953494,0.6367668352305589,,,,14.627721323953494,1.0,12.634525360073786
280.85,0.016999999999995907,0.388904,23.083706,279.38492396263814,,,,0.4,23.08,279.4,0.4348127315586201,22.978918309582582,264.75899628517266,0.4316161950212295,22.979234488713953,264.75541791207655,,14.625927677465484,0.6364933057517436,3.0078495543277,14.629506050561588,0.6366402700554163,,,,14.629506050561588,1.0,12.638578968792675
280.867,0.01599999999996271,0.392307,23.09026,279.777403161266,,,,0.4,23.09,279.8,0.4294833824870404,22.986310126019077,265.1497007268752,0.43084462799142575,22.986571964029313,265.1461272669248,,14.627702434390812,0.6363658348902707,3.0008066124965853,14.631275894341229,0.6365140446882239,,,,14.631275894341229,1.0,12.642614580216122
280.883,0.016999999999995907,0.397211,23.096918,280.14689753656114,,,,0.4,23.1,280.1,0.42380822688104547,22.993181860138854,265.51753666276363,0.4177673926431806,22.99346547807716,265.5139675664608,,14.62936087379751,0.6362477782667859,2.9924374660280937,14.63292997010035,0.6363951525293975,,,,14.63292997010035,1.0,12.646406012942439
280.9,0.016999999999995907,0.402924,23.103674,280.5396025395506,,,,0.4,23.1,280.5,0.4181336452336559,23.00038659999583,265.9084819946747,0.40583919388805517,23.000567523752093,265.9049168469763,,14.631120544875898,0.6361249834330415,3.0135634032926757,14.634685692574294,0.6362749822351745,,,,14.634685692574294,1.0,12.650312138063653
280.917,0.016000000000019554,0.408119,23.110512,280.9324232200685,,,,0.4,23.11,280.9,0.4127944543933137,23.007494871964802,266.29954898718626,0.396050947545271,23.007466790048188,266.29598513864346,,14.632874232882216,0.636004672143282,3.0052109349529648,14.636438081425013,0.636160348072564,,,,14.636438081425013,1.0,12.654106734526504
280.933,0.016999999999995907,0.413289,23.117441,281.3022436513009,,,,0.4,23.12,281.3,0.40716295831800026,23.014099583235105,266.6677217428283,0.3911360164235035,23.01380360520892,266.664155301806,,14.634521908472607,0.6358937422489168,2.995177634216337,14.638088349494922,0.6360568900562683,,,,14.638088349494922,1.0,12.657591982864908
280.95,0.016999999999995907,0.418319,23.124453,281.6952998685613,,,,0.4,23.12,281.7,0.4015603428324615,23.02102135352651,267.05902027079065,0.38702616445940013,23.020452917488118,267.05544648224884,,14.636279597770624,0.6357788984687486,3.014973574641765,14.639853386312438,0.6359498415945967,,,,14.639853386312438,1.0,12.661249104618467
280.967,0.016000000000019554,0.423202,23.131546,282.08847601665667,,,,0.4,23.13,282.1,0.39632546817134245,23.02784787935466,267.45043565927,0.3842702740128807,23.027032362283926,267.4468501071268,,14.638040357386672,0.6356668862013037,3.005660699582844,14.641625909529864,0.6358451093121077,,,,14.641625909529864,1.0,12.664867799256161
280.983,0.016999999999995907,0.428095,23.138727,282.4586349225131,,,,0.4,23.14,282.5,0.39084201457436146,23.03418908684541,267.81893195500004,0.38650023177086495,23.03318068666814,267.81533181151883,,14.639702967513074,0.6355640701010681,2.9950563527107,14.643303110994282,0.6357481977931945,,,,14.643303110994282,1.0,12.668249377667477
281.0,0.016999999999995907,0.433737,23.146011,282.8520551412405,,,,0.4,23.15,282.9,0.38545220266584385,23.04083340109317,268.2105696461474,0.38960618911617895,23.039751190608243,268.2069517324756,,14.641485495093093,0.635458155536962,2.985702301881703,14.645103408764896,0.635645033125823,,,,14.645103408764896,1.0,12.671863154834535
281.017,0.016000000000019554,0.43877,23.15337,283.2456000032369,,,,0.4,23.15,283.2,0.38046460634687085,23.047386088538488,268.6023195118092,0.3765777404796085,23.046374495823216,268.59868380081014,,14.643280491427731,0.6353553689418109,3.0054422871905033,14.64691620242678,0.6355410134067421,,,,14.64691620242678,1.0,12.67550597270277
281.033,0.016999999999995907,0.444077,23.160822,283.61611008579735,,,,0.4,23.16,283.6,0.3752983108902383,23.053473522240047,268.9711263886959,0.36829311361012834,23.052399739670896,268.96747399469456,,14.644983697101452,0.6352614794891194,2.9944608338157717,14.648636091102787,0.6354495087942595,,,,14.648636091102787,1.0,12.678819856818993
281.05,0.016999999999995907,0.448241,23.167862,284.00990822892373,,,,0.4,23.17,284.0,0.3702058474749293,23.05985359352518,269.36308966917983,0.361317700568268,23.058660722602266,269.3594180086238,,14.646818559743906,0.6351652884672472,2.984174467265252,14.650490220299957,0.6353573781472677,,,,14.650490220299957,1.0,12.682263397431248
281.067,0.016000000000019554,0.452293,23.174965,284.4038266537481,,,,0.5,23.17,284.4,0.365492262563518,23.06614709293225,269.7551606750146,0.35817457243331324,23.064803123511926,269.75146745131565,,14.648665978733504,0.6350720785623549,3.0024955077490336,14.652359202432478,0.6352692075440296,,,,14.652359202432478,1.0,12.68564171793156
281.083,0.016999999999995907,0.455397,23.18257,284.77468398725256,,,,0.5,23.18,284.8,0.3605915231455226,23.071994969133275,270.12426581151163,0.3599627233277264,23.070533916670865,270.1205501476375,,14.650418175740924,0.6349870566173794,2.990624341683383,14.654133839615042,0.6351883269171289,,,,14.654133839615042,1.0,12.688793654168977
281.1,0.016999999999995907,0.457453,23.190191,285.16885348211895,,,,0.5,23.19,285.2,0.3557631725459708,23.078125025026747,270.5165418314619,0.36259821229495875,23.076653282967435,270.51280123883436,,14.652311650657055,0.6349004364421963,2.9799044996899733,14.656052243284591,0.6351030222437855,,,,14.656052243284591,1.0,12.69215930563209
281.117,0.01599999999996271,0.458084,23.197807,285.56315283107733,,,,0.5,23.2,285.6,0.3512611766170559,23.084172998960028,270.9089213646657,0.36581943815576745,23.082817452576446,270.9051567400864,,14.654231466411659,0.6348172605997993,2.969310592068133,14.657996090990935,0.635017632535791,,,,14.657996090990935,1.0,12.695549598917045
281.133,0.016999999999995907,0.457936,23.205885,285.93437637782847,,,,0.5,23.21,285.9,0.3465500428672464,23.08979317778589,271.2783130940788,0.3566922695150852,23.088670563586923,271.27452864421485,,14.656063283749688,0.6347420771984186,2.957780080974018,14.659847733613617,0.6349368489294321,,,,14.659847733613617,1.0,12.698768809972808
281.15,0.016999999999995907,0.457391,23.213001,286.3289425945804,,,,0.5,23.21,286.3,0.3418585204443713,23.09568452851463,271.67088965458225,0.3484098503930757,23.094734332168677,271.6670875858287,,14.658052939998129,0.6346663127434414,2.975889300307531,14.661855008751672,0.6348570543342065,,,,14.661855008751672,1.0,12.702103882692773
281.167,0.016000000000019554,0.456829,23.220583,286.72362970457976,,,,0.5,23.22,286.7,0.3374924606677887,23.101496123362185,272.0635656901231,0.34177348681895475,23.100657299625357,272.05974841469884,,14.66006401445668,0.6345937049345988,2.964563709633436,14.66388128988092,0.6347819934162106,,,,14.66388128988092,1.0,12.705361514793948
281.183,0.016999999999995907,0.456205,23.228626,287.0952175066922,,,,0.5,23.23,287.1,0.33295084262947616,23.106896002732878,272.4332328271323,0.33993549571997655,23.106125675414468,272.4294026784996,,14.661984679559907,0.6345285268010822,2.9518715505444244,14.665814828192595,0.6347154444761551,,,,14.665814828192595,1.0,12.708369121477958
281.2,0.016999999999995907,0.455789,23.235716,287.4901700703146,,,,0.5,23.24,287.5,0.3284728490012653,23.112556167057576,272.82609817057545,0.33904133306940776,23.111904578841706,272.82225593566073,,14.664071899739156,0.6344634402939784,2.94009878672694,14.66791413465387,0.6346475724065567,,,,14.66791413465387,1.0,12.71154751836294
281.217,0.016000000000019554,0.455337,23.243269,287.885243103825,,,,0.5,23.24,287.9,0.3243468983573009,23.118140205490597,273.21905908974196,0.3386402786796017,23.117668281503885,273.21520730497355,,14.666184014083058,0.6344015514967685,2.957328501503567,14.670035798851472,0.63458111865844,,,,14.670035798851472,1.0,12.714717554827137
281.233,0.016999999999995907,0.455261,23.250828,288.25719369096146,,,,0.5,23.25,288.3,0.32009112875333945,23.123329755864322,273.58899084943323,0.34312206752336155,23.123086525962766,273.5851333434337,,14.668202841528228,0.6343464802169426,2.944473058043824,14.672060347527747,0.6345199777310807,,,,14.672060347527747,1.0,12.717697589279522
281.25,0.016999999999995907,0.455297,23.258383,288.65252355217586,,,,0.5,23.26,288.7,0.3159664282351997,23.128771305053128,273.98213370845093,0.3482215714968819,23.12891960111066,273.9782753955137,,14.670389843724934,0.6342917939838757,2.9328495797761103,14.674248156662145,0.6344545447750825,,,,14.674248156662145,1.0,12.720905780610863
281.267,0.016000000000019554,0.455658,23.265947,289.04798185359226,,,,0.5,23.27,289.0,0.312226442324106,23.134142734333125,274.37536847778557,0.3372302570254709,23.134839367826107,274.3715173467496,,14.67261337580669,0.6342406349050155,2.9214772227274044,14.676464506842649,0.6343880012952837,,,,14.676464506842649,1.0,12.72416165230436
281.283,0.016999999999995907,0.456256,23.273996,289.4202953298167,,,,0.5,23.27,289.4,0.3084493301027285,23.139138357410317,274.74555472651997,0.3304447232266321,23.14023505193852,274.7417179421082,,14.674740603296755,0.6341956375656125,2.93762214637912,14.678577387708515,0.6343313866415912,,,,14.678577387708515,1.0,12.727129278566188
281.3,0.016999999999995907,0.457191,23.281116,289.8160191908086,,,,0.5,23.28,289.8,0.30483907083885653,23.144381996022062,275.13896464952404,0.32473515443132284,23.145852612233373,275.13514968725354,,14.677054541284576,0.6341519312897269,2.9253410829252378,14.680869503555073,0.6342764619435852,,,,14.680869503555073,1.0,12.730218936728356
281.317,0.016000000000019554,0.458163,23.288725,290.211864226908,,,,0.5,23.29,290.2,0.3016251372848352,23.14956426022632,275.53246319270204,0.32032818228129095,23.151373109858703,275.52867610589124,,14.679401034205966,0.6341113322563443,2.9127608654789108,14.68318812101677,0.6342253675987853,,,,14.68318812101677,1.0,12.733255210422287
281.333,0.016999999999995907,0.459495,23.296835,290.58454247177247,,,,0.5,23.3,290.6,0.29845176798343104,23.154390262422883,275.9028948288837,0.3206711012719122,23.15649836077521,275.89913907765674,,14.681647642888777,0.6340761936070298,2.898988356864083,14.685403394115724,0.63418065915317,,,,14.685403394115724,1.0,12.736074098426366
281.35,0.016999999999995907,0.460979,23.30402,290.9806550637999,,,,0.5,23.3,291.0,0.29548378374204615,23.1594639424786,276.29656258962524,0.32134141663448856,23.161949769496832,276.292845886764,,14.684092474174633,0.6340428479107144,2.915314797243079,14.687809177035888,0.6341352659515315,,,,14.687809177035888,1.0,12.739072373223259
281.367,0.01599999999996271,0.463038,23.312199,291.3768900152653,,,,0.5,23.31,291.4,0.29294250698051494,23.164487166802214,276.69031617405403,0.32264672928866106,23.167412573579618,276.68664546668003,,14.68657384121127,0.6340124750207758,2.902547842011402,14.69024454858527,0.6340908593883372,,,,14.69024454858527,1.0,12.742076915468791
281.383,0.016999999999995907,0.464932,23.319447,291.74994446812843,,,,0.5,23.32,291.7,0.29047786227130173,23.16917424691389,277.06098546536293,0.31142652866794,23.172574921248223,277.0573653666378,,14.6889590027655,0.6339871609676402,2.8888717721787014,14.69257910149065,0.6340503440564219,,,,14.69257910149065,1.0,12.744916206686524
281.4,0.016999999999995907,0.466731,23.3272,292.14644224980236,,,,0.5,23.33,292.1,0.28826325917773166,23.1741123705725,277.4549034016115,0.30142034869728096,23.177869172235578,277.4513441414323,,14.691538848190874,0.6339633904100176,2.87558187755284,14.695098108370075,0.6340141968690165,,,,14.695098108370075,1.0,12.74782804472957
281.417,0.016000000000019554,0.468172,23.334974,292.54307209243177,,,,0.5,23.33,292.5,0.28640841329632016,23.179012845978523,277.8489049659521,0.2927083667833439,23.18299331816343,277.8454114726006,,14.69416712647967,0.633942749163671,2.8909417811919855,14.697660619831197,0.6339845945741555,,,,14.697660619831197,1.0,12.750646324989887
281.433,0.016999999999995907,0.469726,23.343266,292.9164916024482,,,,0.5,23.34,292.9,0.28471583253230465,23.18359538059127,278.21980583176514,0.28863380102484254,23.187676652031968,278.2163768323626,,14.696685770683075,0.633926081326746,2.8758144476524805,14.700114770085634,0.6339623840147626,,,,14.700114770085634,1.0,12.753222158617584
281.45,0.016999999999995907,0.471367,23.350611,293.3133949998551,,,,0.5,23.35,293.3,0.28326031304867344,23.18843554974432,278.6139680946729,0.2854788773438312,23.19258342664939,278.61060904303133,,14.699426905182236,0.6339119719244843,2.861347467795676,14.702785956823789,0.6339434329652808,,,,14.702785956823789,1.0,12.755920884657165
281.467,0.016000000000019554,0.473301,23.358969,293.71042349938654,,,,0.5,23.36,293.7,0.2821621196942387,23.193250975066146,279.00821243013365,0.28333169631128946,23.197436567564232,279.0049242129821,,14.702211069252883,0.6339003999507642,2.846710113391816,14.70549928640446,0.6339277723024963,,,,14.70549928640446,1.0,12.758590112160329
281.483,0.016999999999995907,0.47524,23.366875,294.084227585915,,,,0.5,23.37,294.1,0.2812724984661083,23.19776556898126,279.3793405624865,0.28593398464131764,23.201969874705217,279.3761194645207,,14.704887023428512,0.6338923884587856,2.8311036166410424,14.708108121394332,0.6339163528278308,,,,14.708108121394332,1.0,12.76108343108787
281.5,0.016999999999995907,0.47918,23.374395,294.4815331330949,,,,0.5,23.37,294.5,0.28069375655345213,23.202547201455182,279.77374322103515,0.2887156411321533,23.20683075244412,279.77059426985136,,14.707789912059752,0.6338868652807796,2.845688923531037,14.710938863243541,0.6339055522130784,,,,14.710938863243541,1.0,12.763756913844267
281.517,0.016000000000019554,0.486596,23.382582,294.8789670896048,,,,0.5,23.38,294.9,0.2805563716195837,23.20731899531659,280.1682270837076,0.2918716443229256,23.211738918343364,280.16515211205297,,14.710740005897208,0.6338836471746669,2.8312003676678423,14.713814977551863,0.6338954194390015,,,,14.713814977551863,1.0,12.766456405088851
281.533,0.016999999999995907,0.495965,23.39094,295.2531506858933,,,,0.5,23.39,295.3,0.28090454793004166,23.21180789726251,280.53958009884866,0.29982453020239674,23.216408864652536,280.5365772943174,,14.713570587044615,0.6338830069664614,2.8159871721350527,14.716573391575878,0.6338867254350506,,,,14.716573391575878,1.0,12.769024875558896
281.55,0.016999999999995907,0.505453,23.399452,295.65086833283567,,,,0.5,23.4,295.7,0.2817392900439313,23.21658327457732,280.93422142380916,0.30807476638399184,23.221505881665976,280.931299569661,,14.716646909026508,0.6338851300803408,2.802046551432075,14.719568763174664,0.6338765813975988,,,,14.719568763174664,1.0,12.771828234916288
281.567,0.016000000000019554,0.515539,23.408146,296.0487320547941,,,,0.5,23.41,296.0,0.28299514098646344,23.221372842508067,281.3289440508043,0.2997551806669345,23.226743152694503,281.326109686453,,14.719788003989777,0.6338896543207106,2.7885179078470137,14.722622368341092,0.6338651214056733,,,,14.722622368341092,1.0,12.774708733981978
281.583,0.016999999999995907,0.526484,23.417034,296.42332837978654,,,,0.5,23.42,296.4,0.2848580833290061,23.225900764763857,281.7005222396629,0.29594382629353455,23.23153923558518,281.69777594555967,,14.722806140123623,0.6338960236349445,2.7736548769668694,14.72555243422687,0.633860386300656,,,,14.72555243422687,1.0,12.777346579571851
281.6,0.016999999999995907,0.537777,23.426113,296.8214940347244,,,,0.5,23.43,296.8,0.2872445055717949,23.23074335218045,282.09540371465687,0.2928943658785891,23.23657028063217,282.09275487644743,,14.726090320067556,0.633905256358719,2.7594881784856047,14.728739158276994,0.633860289207719,,,,14.728739158276994,1.0,12.780113654347694
281.617,0.01599999999996271,0.548274,23.435347,297.2198156645008,,,,0.5,23.44,297.2,0.28995413691719024,23.23562650877517,282.4903678584749,0.2907037063080979,23.241549484852104,282.48781889445394,,14.729447806025917,0.6339165333227917,2.7451563520370232,14.731996770046862,0.6338646560397609,,,,14.731996770046862,1.0,12.782852216668658
281.633,0.016999999999995907,0.556741,23.444687,297.59485139557194,,,,0.6,23.44,297.6,0.29327063478980553,23.240265774965835,282.86217499674393,0.2955071340940536,23.246200744153022,282.8597208962851,,14.732676398828005,0.6339289120651058,2.7591356392565793,14.73513049928681,0.6338726341332594,,,,14.73513049928681,1.0,12.785410409284163
281.65,0.016999999999995907,0.562561,23.454086,297.99349152364636,,,,0.6,23.45,298.0,0.29692884400672565,23.24525137575726,283.257301892525,0.3006641397033302,23.25122436543262,283.2549490097165,,14.736189631121363,0.6339440857365778,2.74493084227374,14.738542513929872,0.633882426245111,,,,14.738542513929872,1.0,12.788173400987942
281.667,0.016000000000019554,0.566095,23.46352,298.39229227571076,,,,0.6,23.46,298.4,0.3006250929433334,23.25029916610537,283.6525140721307,0.3058110280327534,23.256335655807575,283.6502632698969,,14.739778203580045,0.6339607975912804,2.7309803240549244,14.742029005813833,0.6338930270011154,,,,14.742029005813833,1.0,12.790984610694167
281.683,0.016999999999995907,0.568047,23.473553,298.76778105587124,,,,0.6,23.47,298.8,0.30480850031852186,23.25510916759247,284.0245573388007,0.3156399238003085,23.261228632256106,284.0224037842019,,14.74322371707052,0.6339778330353391,2.7163639558563206,14.745377271669327,0.6339036301471224,,,,14.745377271669327,1.0,12.79367574774086
281.7,0.016999999999995907,0.568667,23.482405,299.16691353966263,,,,0.6,23.48,299.2,0.3091422714186999,23.260290912097883,284.41993823947803,0.32551696976841477,23.26659451096071,284.41789028091915,,14.746975300184602,0.6339978874690071,2.7031607096877592,14.749023258743478,0.6339141403695898,,,,14.749023258743478,1.0,12.796626981028393
281.717,0.016000000000019554,0.568563,23.491835,299.56619659704404,,,,0.6,23.49,299.6,0.31336095895261584,23.265546330712,284.8154078560418,0.33481956403267094,23.272128299446774,284.8134694248075,,14.750788741002225,0.6340185840179582,2.690453804064141,14.752727172236519,0.6339225610313957,,,,14.752727172236519,1.0,12.799670564695726
281.733,0.016999999999995907,0.566215,23.501768,299.9421387331085,,,,0.6,23.5,299.9,0.31796045100456277,23.270560106055246,285.1876967075364,0.3314390276412857,23.277485412471304,285.1858663345033,,14.754442025572075,0.6340389727762854,2.6772064867355265,14.756272398605176,0.6339289720142733,,,,14.756272398605176,1.0,12.802616976859218
281.75,0.016999999999995907,0.560499,23.510386,300.3417506071759,,,,0.6,23.51,300.3,0.32251157290332405,23.275965433722323,285.5833421746245,0.32858280908034004,23.283119875941203,285.58163147945476,,14.758408432551448,0.6340621391011949,2.6647851849346305,14.760119127721168,0.6339407779699241,,,,14.760119127721168,1.0,12.805715931767663
281.767,0.016000000000019554,0.552057,23.52001,300.74150816128133,,,,0.6,23.52,300.7,0.32671792555684975,23.28144813046168,285.97908018991996,0.32635782253621426,23.28870578369557,285.9774919975616,,14.762427971361376,0.6340854696253223,2.6522091458405264,14.76401616371976,0.6339560601111657,,,,14.76401616371976,1.0,12.808788181032565
281.783,0.016999999999995907,0.546981,23.528473,301.1178989845778,,,,0.5,23.53,301.1,0.33117047976065817,23.286675617270596,286.35162517990227,0.3257269573430121,23.293927508856154,286.35015306390244,,14.766273804675507,0.6341082792308954,2.638527675125948,14.767745920675338,0.6339740653464628,,,,14.767745920675338,1.0,12.811660129870885
281.8,0.016999999999995907,0.546658,23.537575,301.5179620643322,,,,0.5,23.54,301.5,0.3357520832967175,23.292305515426527,286.7475465195301,0.3254685706894866,23.299464867130983,286.7461968990982,,14.77041554480212,0.6341328270410868,2.625787930130038,14.771765165234001,0.6339958985956292,,,,14.771765165234001,1.0,12.814705676922042
281.817,0.016000000000019554,0.551647,23.546831,301.9181798314131,,,,0.6,23.55,301.9,0.34032625400525823,23.29801330084257,287.14356422946827,0.32818626361646375,23.3049978328327,287.1423348320478,,14.774615601944845,0.6341577460345309,2.6130262825543205,14.77584499936529,0.6340204408235853,,,,14.77584499936529,1.0,12.817748808057987
281.833,0.016999999999995907,0.562234,23.556917,302.2949997382296,,,,0.6,23.56,302.3,0.34565983378702725,23.30345852090666,287.5163760040427,0.33535266927869517,23.31024881305057,287.5152568052153,,14.778623734186908,0.6341815624032068,2.599406114200408,14.77974293301429,0.6340448380259092,,,,14.77974293301429,1.0,12.820636847177814
281.85,0.016999999999995907,0.575052,23.566069,302.6955485700425,,,,0.6,23.57,302.7,0.3514562665104939,23.309334738081038,287.91258474674396,0.34248932524240744,23.315949808428307,287.91157949349775,,14.78296382329853,0.634207882353126,2.587133447664585,14.783969076544736,0.6340710628567484,,,,14.783969076544736,1.0,12.82377239463557
281.867,0.01599999999996271,0.590919,23.576109,303.0962548380564,,,,0.6,23.58,303.1,0.3574410100497034,23.315309494611714,288.30889422272173,0.34914768868189416,23.321772126957427,288.3080001299485,,14.787360615334649,0.6342339405253051,2.575218159053765,14.7882547081079,0.6340965269536395,,,,14.7882547081079,1.0,12.826974669826585
281.883,0.016999999999995907,0.608435,23.587076,303.47354821968753,,,,0.6,23.59,303.5,0.36444089734912727,23.321028550772496,288.68198492708393,0.36024047773339457,23.327358489976323,288.68119317488305,,14.791563292603598,0.634258616012613,2.56258298148953,14.79235504480448,0.6341204492210595,,,,14.79235504480448,1.0,12.830047169486978
281.9,0.016999999999995907,0.623878,23.597641,303.87461643054496,,,,0.6,23.6,303.9,0.3719598163782808,23.32722404602743,289.07849507415665,0.3710274343081338,23.33348257809779,289.07781032396156,,14.796121356388312,0.6342855595330923,2.5515613342093437,14.796806106583404,0.6341447770198082,,,,14.796806106583404,1.0,12.833415417953786
281.917,0.016000000000019554,0.636528,23.607721,304.2758664779159,,,,0.6,23.61,304.3,0.379407018652704,23.333547362905858,289.4751116311325,0.38086328812920117,23.339790044481028,289.4745331412534,,14.800754846783377,0.6343122465087604,2.541085211976586,14.80133333666248,0.634167372904986,,,,14.80133333666248,1.0,12.836884524464566
281.933,0.016999999999995907,0.648522,23.619312,304.65367148950037,,,,0.6,23.62,304.7,0.3877593006251061,23.339617875204308,289.84849695303785,0.3950766781161398,23.345883857091103,289.8480185324664,,14.805174536462516,0.6343366294866092,2.529956702508293,14.805652957033942,0.6341868677007428,,,,14.805652957033942,1.0,12.840236121400107
281.95,0.016999999999995907,0.657722,23.630352,305.0552935049293,,,,0.7,23.63,305.1,0.39640416989291827,23.346209783314933,290.24532648813516,0.41151973109655143,23.352600160619076,290.24495564661686,,14.809967016794133,0.6343628003967702,2.5206996574210394,14.810337858312437,0.6342050887887003,,,,14.810337858312437,1.0,12.843930088340493
281.967,0.016000000000019554,0.664334,23.640778,305.4571045297582,,,,0.7,23.64,305.5,0.4047048953978751,23.35294865420311,290.64226933485395,0.4263096837675971,23.359595996047716,290.6420093139484,,14.814835194904276,0.6343882057154214,2.512279918265301,14.815095215809833,0.6342188117601197,,,,14.815095215809833,1.0,12.847777797826245
281.983,0.016999999999995907,0.66843,23.651918,305.83544201251067,,,,0.7,23.65,305.8,0.41366956534022903,23.359423932529484,291.01596831554826,0.4280803541800743,23.366416950988008,291.0158174175251,,14.819473696962405,0.6344109229648144,2.5033255155625396,14.819624594985555,0.6342275166137071,,,,14.819624594985555,1.0,12.851529323043405
282.0,0.016999999999995907,0.670561,23.663082,306.2376212066456,,,,0.7,23.66,306.2,0.4226847681980697,23.366456315140265,291.41313829765335,0.4296660335293725,23.37369431700907,291.41310836330297,,14.824482908992252,0.6344343664720246,2.4957435582622836,14.824512843342632,0.6342391853971845,,,,14.824512843342632,1.0,12.85553187435499
282.017,0.016000000000019554,0.67338,23.675013,306.63999049671,,,,0.7,23.68,306.6,0.4312552153802337,23.37364195619963,291.81042913295965,0.43136401321184764,23.380998639579065,291.81052325343387,,14.829561363750372,0.6344565982288856,2.4586434504577914,14.829467243276156,0.6342529449607434,,,,14.829467243276156,1.0,12.859549251768486
282.033,0.016999999999995907,0.677893,23.686346,307.0188768973505,,,,0.7,23.69,307.0,0.4404936129937104,23.38054203964572,292.1844626049269,0.4370502644229559,23.387900463790462,292.1846744462613,,14.83441429242356,0.6344769196227044,2.4499018028896704,14.834202451089197,0.6342682394281504,,,,14.834202451089197,1.0,12.863345255084756
282.05,0.016999999999995907,0.683896,23.697094,307.4216427348889,,,,0.7,23.7,307.4,0.44983814026436425,23.388030431066614,292.5819954709279,0.44230059975681113,23.39533031828565,292.58233190790884,,14.839647263961012,0.6344975181941496,2.442750575684556,14.839310826980068,0.6342851596919643,,,,14.839310826980068,1.0,12.867431675057109
282.067,0.016000000000019554,0.691612,23.708694,307.8245921558608,,,,0.7,23.71,307.8,0.45879600833015216,23.395677679451108,292.97965698986724,0.44681697138275556,23.402849428481517,292.98011643575626,,14.844935165993547,0.6345161430836497,2.435863778609247,14.844475720104526,0.6343020650313906,,,,14.844475720104526,1.0,12.871567185664835
282.083,0.016999999999995907,0.700315,23.721172,308.20401978619725,,,,0.7,23.72,308.2,0.4685668171566285,23.4030184155844,293.354046558628,0.4552830336565946,23.40999850002365,293.35461921918477,,14.84997322756925,0.6345323908167523,2.4278517106967175,14.84940056701248,0.6343187321006226,,,,14.84940056701248,1.0,12.875499175013008
282.1,0.016999999999995907,0.707671,23.732294,308.60738090571465,,,,0.7,23.73,308.6,0.47844548362098016,23.41098405147606,293.75196557959794,0.4630868385956312,23.417738311595812,293.75265498208347,,14.855415326116713,0.634548949051122,2.4216218080584784,14.854725923631179,0.6343364899707472,,,,14.854725923631179,1.0,12.879756071377697
282.117,0.01599999999996271,0.715181,23.745014,309.0109321621741,,,,0.7,23.75,309.0,0.4878945703764854,23.419117624697616,294.15002144384533,0.47019196658850126,23.425610787851937,294.1508234494287,,14.86091071832874,0.6345632212315523,2.3861073777805104,14.860108712745387,0.6343530953076172,,,,14.860108712745387,1.0,12.884085933318566
282.133,0.016999999999995907,0.721298,23.757076,309.3909439293412,,,,0.7,23.76,309.4,0.4980480022309075,23.426923937823624,294.5247897763447,0.4811834880092751,23.433133859317337,294.52569340660517,,14.8661541529965,0.6345755931274678,2.379198540224519,14.865250522736005,0.6343688647016104,,,,14.865250522736005,1.0,12.888223622624537
282.15,0.016999999999995907,0.726341,23.768457,309.7949184489021,,,,0.7,23.77,309.8,0.508205319493988,23.435390753861547,294.9231194512239,0.4912760546047084,23.441313978613493,294.92412621322745,,14.871798997678184,0.6345871999265766,2.374275213107626,14.870792235674628,0.6343839022523176,,,,14.870792235674628,1.0,12.892722688237422
282.167,0.016000000000019554,0.731446,23.781435,310.1990871741765,,,,0.7,23.78,310.2,0.5178191542897507,23.444030244292943,295.3215945297081,0.49991969618048654,23.449665671541773,295.32269954025367,,14.877492644468418,0.6345962059185662,2.3698678238469633,14.876387633922832,0.6343965770043636,,,,14.876387633922832,1.0,12.897316119347977
282.183,0.016999999999995907,0.7359,23.79372,310.579683759265,,,,0.7,23.79,310.6,0.5280691826426398,23.452315350761587,295.69676529446895,0.5123477289286575,23.45766438668067,295.6979581807199,,14.882918464796035,0.6346033746434647,2.3643863435522356,14.881725578545058,0.6344078137205742,,,,14.881725578545058,1.0,12.901715412674369
282.2,0.016999999999995907,0.739836,23.8053,310.9842833368149,,,,0.7,23.81,311.0,0.5382589502171178,23.46129252686651,296.0955309614287,0.5240905958963372,23.466374298072456,296.09681250954026,,14.888752375386161,0.6346092125289527,2.331301348384472,14.887470827274626,0.6344171723408287,,,,14.887470827274626,1.0,12.906505863939852
282.217,0.016000000000019554,0.744138,23.818491,311.3890803431168,,,,0.7,23.82,311.4,0.5478531373774971,23.4704429290202,296.49445071280365,0.5340789850270011,23.475283838202692,296.4958166036985,,14.894629630313148,0.6346122088687374,2.32856283908155,14.89326373941833,0.6344231593562953,,,,14.89326373941833,1.0,12.911406111011482
282.233,0.016999999999995907,0.748068,23.830975,311.7702714487813,,,,0.7,23.83,311.8,0.558039895439504,23.479208579218252,296.87004792487005,0.5477317066920383,23.483829101963135,296.87148950722025,,14.900223523911222,0.634613533656309,2.3247159908344837,14.898781941561026,0.6344272851276864,,,,14.898781941561026,1.0,12.916106006079724
282.25,0.016999999999995907,0.751911,23.843519,312.1755061196072,,,,0.8,23.84,312.2,0.568167103201962,23.48869525744072,297.2692751074816,0.5628707713943472,23.493140540976896,297.27079374918515,,14.906231012125602,0.6346129850445237,2.3231923339784544,14.904712370422033,0.634428264046909,,,,14.904712370422033,1.0,12.921227297537294
282.267,0.016000000000019554,0.755583,23.856123,312.5809545937466,,,,0.8,23.86,312.6,0.5776288522236932,23.49835409819515,297.6686650270044,0.5761552769594726,23.502709344090597,297.6702584732081,,14.912289566742174,0.634609960528578,2.2926300914592797,14.91069612053849,0.6344245636636595,,,,14.91069612053849,1.0,12.926490139249829
282.283,0.016999999999995907,0.759072,23.868782,312.962749276371,,,,0.8,23.87,313.0,0.5876365987084075,23.50759615983074,298.04471262906907,0.593000483357285,23.51192782852196,298.0463755705894,,14.91803664730196,0.6346049398616763,2.290808421203772,14.91637370578161,0.6344172972361197,,,,14.91637370578161,1.0,12.931560305687078
282.3,0.016999999999995907,0.762339,23.881493,313.3686282562749,,,,0.8,23.88,313.4,0.5975414186897494,23.517585982008782,298.44442667727463,0.6082016150578797,23.52200883673903,298.44616403224404,,14.924201579000282,0.6345975131298537,2.2916071159007187,14.922464224030875,0.6344043286270463,,,,14.922464224030875,1.0,12.937104860206468
282.317,0.016000000000019554,0.765362,23.894249,313.77472379526034,,,,0.8,23.89,313.8,0.6067517988708937,23.527744186126505,298.8443119837037,0.6209652047666827,23.53234826419501,298.8461260676019,,14.930411811556667,0.634587476531669,2.293192003129618,14.928597727658428,0.6343862312446149,,,,14.928597727658428,1.0,12.942791545307257
282.333,0.016999999999995907,0.768143,23.907049,314.1571297455968,,,,0.8,23.91,314.2,0.6164489850304614,23.537452214908452,299.2208335549124,0.6375180597973619,23.54228370747129,299.22272312337566,,14.936296190684402,0.6345757414315157,2.263667255938898,14.93440662222116,0.634365247135376,,,,14.93440662222116,1.0,12.94825603910921
282.35,0.016999999999995907,0.770904,23.919897,314.5636605752602,,,,0.8,23.92,314.6,0.6260049915993767,23.547931847653967,299.6210593194441,0.6522446483472261,23.553121514487845,299.6230340677622,,14.9426012558161,0.6345610881027245,2.266757968713171,14.940626507497996,0.6343374273472759,,,,14.940626507497996,1.0,12.954216832968315
282.367,0.01599999999996271,0.773543,23.931984,314.9704102198881,,,,0.8,23.93,315.0,0.6348236917599688,23.558573932511152,300.0214646185754,0.664396377365322,23.564209673509744,300.0235313828601,,14.948945601312687,0.6345437395377714,2.2706133134216095,14.94687883702801,0.6343042709313053,,,,14.94687883702801,1.0,12.960315320430361
282.383,0.016999999999995907,0.776491,23.945732,315.3534209773912,,,,0.8,23.95,315.4,0.6441229187408,23.568731111579286,300.39848305892724,0.6801402638739008,23.574840015547565,300.4006437803717,,14.95493791846394,0.6345245252136887,2.243145361471176,14.952777197019486,0.6342684483609711,,,,14.952777197019486,1.0,12.966162008551162
282.4,0.016999999999995907,0.778836,23.957895,315.7606106243406,,,,0.8,23.96,315.8,0.6532140688555562,23.579681201197875,300.7992445635858,0.6938956380739084,23.586402400033418,300.801514340904,,14.961366060754813,0.6345024741044742,2.248438876022223,14.959096283436565,0.6342254333545743,,,,14.959096283436565,1.0,12.97252132001838
282.417,0.016000000000019554,0.781003,23.9709,316.1680073811425,,,,0.8,23.97,316.2,0.6615947889364965,23.590785840368415,301.200193533439,0.704987219328366,23.59819862588067,301.2025834496242,,14.967813847703496,0.6344771195409125,2.2544497617453403,14.965423931518274,0.6341765390136754,,,,14.965423931518274,1.0,12.97900924423437
282.433,0.016999999999995907,0.782853,23.984743,316.551641749527,,,,0.8,23.98,316.6,0.6703797728254116,23.60137135699141,301.5777307910183,0.7190445411140806,23.609478421389937,301.58024486600283,,14.973910958508668,0.6344508855869073,2.2588898002688143,14.971396883524164,0.6341265408879273,,,,14.971396883524164,1.0,12.985213131764466
282.45,0.016999999999995907,0.784325,23.997795,316.9594955027854,,,,0.8,24.0,317.0,0.6789483825773364,23.61276781312944,301.97905097396426,0.7314117953294021,23.621702178588873,301.98170990110253,,14.980444528821124,0.6344213709877554,2.236221081230779,14.977785601682854,0.634068852805154,,,,14.977785601682854,1.0,12.99193619822388
282.467,0.016000000000019554,0.785578,24.010866,317.3675713527478,,,,0.8,24.01,317.4,0.6867985183651397,23.624309935633253,302.38056613482865,0.741071112556915,23.63413617910947,302.3833845271429,,14.987005217919148,0.6343891211532828,2.2441819262041314,14.984186825604922,0.6340061135320718,,,,14.984186825604922,1.0,12.99877489851021
282.483,0.033999999999991815,0.786691,24.023136,317.7518457627323,,,,0.8,24.02,317.8,0.7030363576074687,23.63529871192711,302.7586430040096,0.7659042198170207,23.645993316910392,302.76162556311147,,14.993202758722646,0.6343563896299144,2.2503868281517256,14.990220199620808,0.6339433492481188,,,,14.990220199620808,1.0,13.005296324300717
282.517,0.016000000000019554,0.788912,24.050186,318.56908709413005,,,,0.8,24.05,318.6,0.7102257945753461,23.65920194808576,303.5626495152297,0.7736972979177312,23.672034060384163,303.5660320285253,,15.006437578900375,0.6342748843273867,2.2398719407876615,15.00305506560477,0.6337881665485104,,,,15.00305506560477,1.0,13.01961873321129
282.533,0.016999999999995907,0.789887,24.063328,318.95399105086653,,,,0.8,24.06,319.0,0.7176639395429039,23.670565560798977,303.9412876553012,0.7840326707151627,23.684413217150862,303.94488360674603,,15.012703395565325,0.6342350949327543,2.2476806617619944,15.009107444120502,0.6337124465153221,,,,15.009107444120502,1.0,13.026427269432975
282.55,0.016999999999995907,0.790776,24.076479,319.36318176553795,,,,0.8,24.08,319.4,0.7248469544423921,23.682765847771204,304.34379097227395,0.792461788632145,23.697741772553016,304.3476319241584,,15.019390793263995,0.6341907397896888,2.2283094971680697,15.015549841379539,0.6336278783647947,,,,15.015549841379539,1.0,13.03375797490416
282.567,0.016000000000019554,0.791788,24.089655,319.77259617566983,,,,0.8,24.09,319.8,0.7313684519579151,23.695088245996722,304.7465027320709,0.7982254898735041,23.711213622959757,304.75060804502016,,15.026093443598938,0.6341438059905766,2.2394683293980036,15.021988130649675,0.6335394033185954,,,,15.021988130649675,1.0,13.041167492627867
282.583,0.016999999999995907,0.792832,24.102846,320.1581320045343,,,,0.8,24.1,320.2,0.7380923349849274,23.706790141228062,305.12571775916916,0.8063277136503766,23.723985230797748,305.13008963585065,,15.032414245365146,0.6340974107339205,2.2484907250241277,15.028042368683657,0.6334535375268534,,,,15.028042368683657,1.0,13.048191876938763
282.6,0.016999999999995907,0.794273,24.11607,320.5679949507582,,,,0.8,24.12,320.6,0.7445715371505541,23.7193377109228,305.52883984591233,0.8124492885500789,23.7376928019298,305.5335138991287,,15.039155104845861,0.6340461647004714,2.2302480026173432,15.034481051629484,0.633358986363124,,,,15.034481051629484,1.0,13.05573104106139
282.617,0.01599999999996271,0.796022,24.12933,320.9780829132066,,,,0.8,24.13,321.0,0.7504461752742113,23.731995427054358,305.932176177585,0.8159782199194234,23.75150443983515,305.93717207568363,,15.0459067356216,0.633992484191588,2.242466891202817,15.040910837522972,0.6332613951096466,,,,15.040910837522972,1.0,13.063327441909333
282.633,0.016999999999995907,0.798559,24.142643,321.3642540840217,,,,0.8,24.14,321.4,0.7565226688961068,23.744002565858718,306.31198416152745,0.821649761175658,23.76456009135383,306.3173005919323,,15.052269922494247,0.6339398709524133,2.252375780108325,15.046953492089415,0.6331677689066035,,,,15.046953492089415,1.0,13.070508050244607
282.65,0.016999999999995907,0.800875,24.155157,321.77479440679707,,,,0.8,24.16,321.8,0.7623409030459031,23.75686345122995,306.7157415226726,0.8252881661141026,23.77852813729381,306.7214168418757,,15.059052884124469,0.6338822006128433,2.2349028372339723,15.05337756492139,0.6330659945815548,,,,15.05337756492139,1.0,13.078190475511597
282.667,0.016000000000019554,0.80354,24.169388,322.18554780223445,,,,0.8,24.17,322.2,0.7676475175835683,23.769823246581726,307.1197183596039,0.8264374925834937,23.792558036117747,307.1257710743496,,15.065829442630559,0.6338216858552844,2.247813172488717,15.059776727884866,0.6329616472942388,,,,15.059776727884866,1.0,13.085906919864762
282.683,0.016999999999995907,0.806256,24.182837,322.5723608633549,,,,0.8,24.18,322.6,0.7731235149708177,23.782105606863077,307.5001337904319,0.8295447044026643,23.8057810359991,307.506557786927,,15.072227072922999,0.6337633564529052,2.2582537744708104,15.065803076427926,0.6328632130844781,,,,15.065803076427926,1.0,13.093179569799506
282.7,0.016999999999995907,0.809828,24.196358,322.9835855963468,,,,0.8,24.2,323.0,0.7784115259765266,23.795248706617578,307.9045413020964,0.8305876079383925,23.81988329597394,307.9113759337487,,15.079044294250423,0.6336997978111851,2.2411658442110425,15.07220966259814,0.632757494036323,,,,15.07220966259814,1.0,13.100935812785668
282.717,0.016000000000019554,0.814374,24.209955,323.39504070249274,,,,0.8,24.21,323.4,0.7832371708154986,23.808481702559174,308.30917301057434,0.829271414779974,23.834003285308892,308.31643396968946,,15.085867691918395,0.6336341762732739,2.254376116288078,15.07860673280328,0.6326510302235976,,,,15.07860673280328,1.0,13.10870180691989
282.733,0.016999999999995907,0.802088,24.222925,323.7825042223652,,,,0.8,24.22,323.8,0.7877525250787348,23.82101349729224,308.6902089721736,0.829742515844979,23.84727162794539,308.6978841689959,,15.092295250191626,0.6335706602872789,2.2649749188576096,15.084620053369292,0.6325511902876304,,,,15.084620053369292,1.0,13.115999395369965
282.75,0.016999999999995907,0.75337,24.234604,324.1944098490811,,,,0.8,24.23,324.2,0.7905453097536679,23.834405290218573,309.09528003186733,0.8277178202109499,23.86137725071475,309.1034076844644,,15.099129817213793,0.6335014292725123,2.2781642438794347,15.091002164616725,0.6324447246298277,,,,15.091002164616725,1.0,13.123757487893114
282.767,0.016000000000019554,0.695031,24.245428,324.606506979046,,,,0.7,24.25,324.6,0.7913215130059456,23.847844560484383,309.5005791555982,0.8212844367155889,23.875448453658333,309.50917070295145,,15.105927823447814,0.6334294818609382,2.2609535243218373,15.097336276094552,0.632337285952895,,,,15.097336276094552,1.0,13.131496649512084
282.783,0.016999999999995907,0.666887,24.256397,324.9945227910145,,,,0.7,24.26,325.0,0.7911460291399823,23.860505704692493,309.8822459577201,0.8164387597576113,23.888589004645798,309.89128300261837,,15.112276833294402,0.6333594526591433,2.2711766900198316,15.103239788396138,0.6322365789565426,,,,15.103239788396138,1.0,13.138723952555189
282.8,0.016999999999995907,0.686653,24.268377,325.4069779051859,,,,0.7,24.27,325.4,0.7913518289055406,23.873955187187867,310.287988875301,0.809232872237277,23.902468463561675,310.29750699109803,,15.118989029884915,0.6332837986559776,2.2836905120786968,15.109470914087865,0.6321301474415343,,,,15.109470914087865,1.0,13.146357654958923
282.817,0.016000000000019554,0.74355,24.281698,325.8196395355443,,,,0.7,24.28,325.8,0.7929184204057378,23.887408168279258,310.69396046382235,0.8003014036016761,23.916225422389704,310.7039658891285,,15.125679071721947,0.6332072096380783,2.2958374456489428,15.115673646415814,0.6320258895145278,,,,15.115673646415814,1.0,13.153923982314339
282.833,0.016999999999995907,0.813616,24.296223,326.2082418779448,,,,0.8,24.3,326.2,0.7964419336214129,23.900094863005766,311.0762604880731,0.7960669081090057,23.929030244847347,311.08672793446686,,15.131981389871669,0.6331347836319263,2.27468355316093,15.121513943477908,0.6319317493751772,,,,15.121513943477908,1.0,13.160966634666043
282.85,0.016999999999995907,0.876238,24.3116,326.6213952364567,,,,0.9,24.31,326.6,0.8015264303945865,23.913634375877326,311.4826771866035,0.7921801247526249,23.942563382285197,311.49363648029737,,15.138718049853196,0.6330580208721536,2.2861464204000197,15.127758756159324,0.6318353851514564,,,,15.127758756159324,1.0,13.16840986025686
282.867,0.01599999999996271,0.924437,24.327578,327.0348190528476,,,,0.9,24.33,327.0,0.8073568665534145,23.92726032519403,311.8893247915625,0.7865624185332672,23.95603044440599,311.9007745278242,,15.14549426128508,0.6329807113494621,2.267008960272272,15.134044525023398,0.631742581899973,,,,15.134044525023398,1.0,13.175816744423296
282.883,0.016999999999995907,0.95878,24.342983,327.42417862878267,,,,1.0,24.34,327.4,0.8142531633020156,23.940178035058853,312.27226429844364,0.7852072942686744,23.968615443102493,312.2841716949233,,15.151914330339025,0.632907337119633,2.2755444355184564,15.140006933859354,0.6316596371533939,,,,15.140006933859354,1.0,13.182738493706372
282.9,0.016999999999995907,0.988629,24.359829,327.8381478834926,,,,1.0,24.36,327.8,0.8216908816797222,23.954020338834983,312.67936498462166,0.7816022159111186,23.981963967105056,312.69175161990995,,15.158782898870925,0.6328283388110448,2.256008629180836,15.14639626358263,0.631574473398352,,,,15.14639626358263,1.0,13.190080181907781
282.917,0.016000000000019554,1.017505,24.378212,328.25240783338296,,,,1.0,24.38,328.3,0.8292066871758828,23.967989083823536,313.08670206471413,0.7924725741692061,23.995251204775542,313.0995579488708,,15.165705768668829,0.6327483593066412,2.2362551442451903,15.152849884512136,0.6314936966151208,,,,15.152849884512136,1.0,13.197388162626549
282.933,0.016999999999995907,1.045545,24.396019,328.6425894660234,,,,1.0,24.4,328.6,0.837727337074396,23.981256390818366,313.47029602851177,0.788089083275243,24.007930765962264,313.4835834046372,,15.172293437511655,0.632673000540565,2.214589305548575,15.159006061386208,0.6314166018371812,,,,15.159006061386208,1.0,13.204361921279247
282.95,0.016999999999995907,1.074829,24.414324,329.05747287027583,,,,1.1,24.41,329.1,0.8467478984129269,23.995497755548627,313.8780984387558,0.8011858944670223,24.02132828037794,313.891832106531,,15.179374431520046,0.6325926049193968,2.225639850143105,15.165640763744818,0.6313406397319428,,,,15.165640763744818,1.0,13.211730554207868
282.967,0.016000000000019554,1.103381,24.433081,329.47267169106624,,,,1.1,24.43,329.5,0.8556788360367417,24.009892469821644,314.28614425567133,0.8106348615612555,24.034948440583875,314.3003104586591,,15.186527435394908,0.6325112640334836,2.2068602529037182,15.172361232407127,0.6312624830427366,,,,15.172361232407127,1.0,13.219221642321132
282.983,0.016999999999995907,1.129996,24.452248,329.8637422198347,,,,1.1,24.45,329.9,0.8656392463032992,24.02358333119825,314.67041206208,0.8219910715040856,24.04791859836887,314.68497339497117,,15.193330157754701,0.632433969083366,2.1860349169478503,15.178768824863539,0.6311884649298958,,,,15.178768824863539,1.0,13.22635522910288
283.0,0.016999999999995907,1.154157,24.471783,330.2795937202566,,,,1.2,24.47,330.3,0.8759236094558084,24.038299198385403,315.0789380635814,0.8330414564572298,24.061892446584437,315.09390678885313,,15.200655656675224,0.6323515458072099,2.16829975159577,15.185686931403495,0.6311094177282423,,,,15.185686931403495,1.0,13.234040845621442
283.017,0.016000000000019554,1.175546,24.491631,330.69578080694305,,,,1.2,24.49,330.7,0.885825243686131,24.053189899746148,315.48771572091545,0.8404628857196004,24.076054151344206,315.5030793349354,,15.208065086027602,0.6322681170112953,2.1511231337880843,15.192701472007627,0.6310295439819567,,,,15.192701472007627,1.0,13.241829783239314
283.033,0.016999999999995907,1.19441,24.511761,331.0877973728315,,,,1.2,24.51,331.1,0.8965758209398219,24.067363103645143,315.87268014494305,0.849570705946563,24.089501557515735,315.8884037806067,,15.21511722788847,0.632188792862981,2.1316992363486356,15.199393592224794,0.6309550887109452,,,,15.199393592224794,1.0,13.249225856633656
283.05,0.016999999999995907,1.211287,24.532145,331.50466990207644,,,,1.2,24.53,331.5,0.9074231063685941,24.082604892601115,316.28195487291106,0.8554755468476338,24.103944259516823,316.2980480700514,,15.222715029165386,0.6321041721629644,2.1153462300700556,15.206621832025064,0.630876908289444,,,,15.206621832025064,1.0,13.257169342734253
283.067,0.016000000000019554,1.226948,24.552778,331.9218913980478,,,,1.2,24.55,331.9,0.9176877795789405,24.098031085409378,316.6914902787241,0.8580934000255445,24.11848734381323,316.70793873867956,,15.230401119323744,0.6320184858814165,2.0992819689862543,15.21395265936826,0.6308004495676168,,,,15.21395265936826,1.0,13.265168039097277
283.083,0.016999999999995907,1.241667,24.573641,332.3148928953923,,,,1.2,24.57,332.3,0.9286988333109291,24.112714089882658,317.0771762401269,0.8621446830677655,24.132216838213655,317.0939443721362,,15.237716655265388,0.6319370187223723,2.080658529231531,15.220948523256084,0.6307314667898032,,,,15.220948523256084,1.0,13.272719261017512
283.1,0.016999999999995907,1.255764,24.594732,332.7328242132737,,,,1.3,24.59,332.7,0.9397213389147699,24.12850197004894,317.48722657663626,0.8658572785378063,24.146873297825802,317.50431663829244,,15.245597636637456,0.6318501519722209,2.064899208610882,15.228507574981279,0.6306616756196117,,,,15.228507574981279,1.0,13.280780313804193
283.117,0.01599999999996271,1.269138,24.616034,333.1511161151716,,,,1.3,24.62,333.2,0.9500855960605668,24.144477232810488,317.89754689986046,0.8830733538916476,24.16159287156094,317.9149386007321,,15.253569215311131,0.6317622480797681,2.0185449178476236,15.236177514439476,0.630594911330246,,,,15.236177514439476,1.0,13.288876079358518
283.133,0.016999999999995907,1.28188,24.637539,333.54513510883464,,,,1.3,24.64,333.5,0.9611453906151037,24.15967860234742,318.2839801465408,0.8844997432261964,24.175722045223175,318.3016371200655,,15.261154962293858,0.631678724435144,2.0010682300154294,15.24349798876915,0.6305291713833663,,,,15.24349798876915,1.0,13.296647124872747
283.15,0.016999999999995907,1.294101,24.659245,333.96415850349456,,,,1.3,24.66,334.0,0.9721621175242463,24.176018073987873,318.69483356828954,0.900052964135685,24.190758540858017,318.7127522050471,,15.26932493520502,0.631589738577918,1.986400777966748,15.251406298447478,0.6304641614560355,,,,15.251406298447478,1.0,13.30491719747191
283.167,0.016000000000019554,1.306937,24.681177,334.383552666089,,,,1.3,24.68,334.4,0.9825078659168206,24.19254482998578,319.1059663529732,0.9110257704819329,24.20605944124832,319.1241251578949,,15.277586313115762,0.6314997624466422,1.9725380487027686,15.259427508194051,0.6303970105184172,,,,15.259427508194051,1.0,13.313332692686577
283.183,0.016999999999995907,1.320311,24.703337,334.77861878602545,,,,1.3,24.7,334.8,0.9935702611411419,24.20826495584047,319.49317283126027,0.9232385662496544,24.22063585357605,319.51153872025395,,15.28544595476518,0.631414353017374,1.9563886573284601,15.267080065771495,0.6303335782787631,,,,15.267080065771495,1.0,13.321349719466827
283.2,0.016999999999995907,1.333091,24.725693,335.19876629996486,,,,1.3,24.73,335.2,1.0046076310569567,24.225155650279866,319.9048569064122,0.9319766379650517,24.236330909202287,319.9234229377375,,15.293909393552667,0.6313234727709988,1.9128103371923637,15.275343362227375,0.6302663311313134,,,,15.275343362227375,1.0,13.329982000061259
283.217,0.016000000000019554,1.344308,24.748215,335.61929571261425,,,,1.3,24.75,335.6,1.01492943363794,24.242233980007832,320.3168297182695,0.9366103994088785,24.252174512047688,320.33557523381796,,15.302465994344743,0.6312316763778633,1.9005592363807398,15.283720478796283,0.630200004177103,,,,15.283720478796283,1.0,13.338695981626229
283.233,0.016999999999995907,1.354195,24.770885,336.01543922403874,,,,1.4,24.77,336.0,1.0258679956194474,24.25847285094606,320.7048353729176,0.9449775961985711,24.267160278438247,320.72372991214235,,15.31060385112113,0.6311445879217426,1.8856015265570116,15.291709311896398,0.6301400384899308,,,,15.291709311896398,1.0,13.346938153141037
283.25,0.016999999999995907,1.363183,24.793699,336.4367399502161,,,,1.4,24.79,336.4,1.0366753891064493,24.275912606871586,321.117377649309,0.9494242728367327,24.283224897573618,321.13640818613834,,15.31936230090713,0.6310519628650666,1.8740044538910667,15.300331764077782,0.6300782465514534,,,,15.300331764077782,1.0,13.35577369366549
283.267,0.016000000000019554,1.371529,24.816647,336.85842981315955,,,,1.4,24.82,336.9,1.0467083058458357,24.29353608848639,321.5302179632194,0.9667378464297156,24.299365110211838,321.5493602012044,,15.328211849940146,0.6309584489515611,1.8316080584824537,15.309069611955124,0.6300193253000453,,,,15.309069611955124,1.0,13.364650810616512
283.283,0.016999999999995907,1.379877,24.839739,337.25567172087204,,,,1.4,24.84,337.3,1.0573043294236144,24.310283421379946,321.9190485192988,0.9850356034599953,24.31483291575473,321.9382737854126,,15.336623201573218,0.6308697819658184,1.8180770241423385,15.31739793545944,0.6299610607455407,,,,15.31739793545944,1.0,13.373158103665103
283.3,0.016999999999995907,1.388281,24.86297,337.67814667609844,,,,1.4,24.86,337.7,1.0677615498661164,24.328257594980144,322.3324761179378,0.9987556602850454,24.331578521013547,322.3517682826251,,15.345670558160634,0.6307755702704758,1.8085399348668454,15.326378393473362,0.6298965922098725,,,,15.326378393473362,1.0,13.382368186557452
283.317,0.016000000000019554,1.395708,24.884865,338.10101777270285,,,,1.4,24.88,338.1,1.077391394611504,24.346409541327862,322.7462107885963,1.007466384619118,24.34855736723839,322.76554943767513,,15.354806984106574,0.6306805509880993,1.7997211033300209,15.335468335027713,0.6298306755398158,,,,15.335468335027713,1.0,13.391706551981114
283.333,0.016999999999995907,1.403087,24.909786,338.49935426332735,,,,1.4,24.91,338.5,1.0876010112383216,24.363647803641665,323.13589124735654,1.01718303548646,24.364676829392316,323.15525531124865,,15.363463015970808,0.6305896038143521,1.7570537454846553,15.344098952078696,0.6297682115597917,,,,15.344098952078696,1.0,13.400572256165775
283.35,0.016999999999995907,1.409164,24.93334,338.92302337139876,,,,1.4,24.93,338.9,1.0976147741884894,24.38213702083271,323.55023041836444,1.0224638332116633,24.38196894099558,323.5696018002969,,15.37279295303432,0.6304940760483554,1.74916623407913,15.353421571101876,0.6297039262192972,,,,15.353421571101876,1.0,13.410082917547571
283.367,0.01599999999996271,1.414631,24.95698,339.34709377559665,,,,1.4,24.96,339.3,1.106842232562858,24.40079647199391,323.9648853530534,1.0237727964216807,24.399350826160173,323.9842430183176,,15.382208422543272,0.6303978003422245,1.710355128743707,15.362850757279034,0.6296417829611883,,,,15.362850757279034,1.0,13.419642954388097
283.383,0.016999999999995907,1.419816,24.980707,339.7465865283637,,,,1.4,24.98,339.7,1.1165138210026122,24.418505947714873,324.35543977241014,1.0253417578899218,24.415731190902882,324.3747636744532,,15.39114675595357,0.630306653032304,1.6995437182420283,15.371822853910487,0.629586832101015,,,,15.371822853910487,1.0,13.428652154996586
283.4,0.016999999999995907,1.425402,25.004539,340.1714637107756,,,,1.4,25.0,340.2,1.1259898344098211,24.437486682671913,324.7707157097683,1.0399913771560252,24.433162000787007,324.78997926658246,,15.400748001007287,0.6302099803056924,1.692029034872586,15.38148444419312,0.6295331092921036,,,,15.38148444419312,1.0,13.438239100432854
283.417,0.016000000000019554,1.43135,25.028475,340.5967468443645,,,,1.4,25.03,340.6,1.1347383915693885,24.456628509856877,325.1863156889047,1.0495623133567793,24.450841854198654,325.20549329934977,,15.410431155459776,0.6301126563397254,1.654007146609409,15.391253545014706,0.6294774485391287,,,,15.391253545014706,1.0,13.447963019809261
283.433,0.016999999999995907,1.437024,25.052498,340.99738565716495,,,,1.4,25.05,341.0,1.1439295316616802,24.47478432412201,325.57776699157705,1.0593583439211447,24.46763485121238,325.59684111299356,,15.419618665587905,0.6300206147430906,1.644429435887652,15.400544544171396,0.6294251421447992,,,,15.400544544171396,1.0,13.457199168166811
283.45,0.016999999999995907,1.441875,25.07659,341.4234857731328,,,,1.4,25.08,341.4,1.1529172522805766,24.49423112616025,325.99400362290436,1.0647327959428055,24.485643943059035,326.01294398274473,,15.429482150228466,0.6299231060063575,1.60733685094739,15.410541790388095,0.6293704926129392,,,,15.410541790388095,1.0,13.46710416868247
283.467,0.016000000000019554,1.445718,25.100735,341.8499961540702,,,,1.4,25.1,341.8,1.1611614792154907,24.513830719449015,326.41057214859194,1.0653485709505321,24.503744400590058,326.42935378366565,,15.439424005478259,0.6298250233582947,1.6018425431495356,15.42064237040455,0.6293177939789976,,,,15.42064237040455,1.0,13.477059420324533
283.483,0.016999999999995907,1.448707,25.124918,342.2517929659747,,,,1.4,25.12,342.3,1.1697530214567662,24.532409303116484,326.80294206877295,1.0831684980193743,24.520789977725286,326.82155005869265,,15.448850897201737,0.6297323147645016,1.5930003185045836,15.430242907282036,0.6292718514084941,,,,15.430242907282036,1.0,13.486434487748909
283.5,0.016999999999995907,1.451058,25.149136,342.67912591013607,,,,1.5,25.15,342.7,1.1780847237754504,24.552295104481246,327.2201620562374,1.0988179096950472,24.53920384219161,327.2385600061619,,15.458963853898638,0.6296341660978607,1.5570469597586385,15.440565903974175,0.6292203285514242,,,,15.440565903974175,1.0,13.496562113205387
283.517,0.016000000000019554,1.453029,25.174889,343.106870900017,,,,1.5,25.17,343.1,1.1857364741327692,24.572322544785425,327.63772130625614,1.1084688789309343,24.557883746656422,327.655885250667,,15.469149593760847,0.6295355095378888,1.5533355068088621,15.450985649350002,0.6291660066781474,,,,15.450985649350002,1.0,13.506836060661033
283.533,0.016999999999995907,1.454276,25.197641,343.50985511172945,,,,1.5,25.2,343.5,1.1936036444366314,24.59129432837157,328.0310302412419,1.1183394661152104,24.575619248719338,328.0489532746305,,15.478824870487529,0.6294432762991753,1.5151282659984648,15.460901837098959,0.6291154530278883,,,,15.460901837098959,1.0,13.516590586795637
283.55,0.016999999999995907,1.456416,25.221945,343.93842515161134,,,,1.5,25.22,343.9,1.2012240655064852,24.61158559032699,328.44925472055075,1.1229069486189796,24.59463101964329,328.4669004019115,,15.489170431060586,0.6293446789201685,1.5124302889893335,15.471524749699824,0.6290610636664155,,,,15.471524749699824,1.0,13.527047060803811
283.567,0.016000000000019554,1.458035,25.246281,344.3674086687232,,,,1.5,25.25,344.4,1.2081556201881578,24.632006399440595,328.86782525246366,1.1390798241106643,24.61372043776981,328.88517138929944,,15.499583416259554,0.6292456718674593,1.4784179055699322,15.48223727942377,0.6290084149841176,,,,15.48223727942377,1.0,13.537546240773397
283.583,0.016999999999995907,1.460305,25.270657,344.7715357932037,,,,1.5,25.27,344.8,1.2153680100505913,24.65133688936363,329.26209199877457,1.1549590958022187,24.631945714955602,329.2791367185217,,15.50944379442916,0.6291522388435272,1.4731851780280363,15.492399074681998,0.6289555544642009,,,,15.492399074681998,1.0,13.547570143225583
283.6,0.016999999999995907,1.462205,25.295057,345.2013479762761,,,,1.5,25.3,345.2,1.2223457810262977,24.671998145534484,329.6813403465711,1.1654481228670759,24.651580019584234,329.6980466872652,,15.520007629704992,0.6290535342194827,1.4408078433312088,15.503301289010892,0.6288968608379029,,,,15.503301289010892,1.0,13.55836901077133
283.617,0.01599999999996271,1.463775,25.319483,345.6315752338985,,,,1.5,25.32,345.6,1.2286888875346484,24.692778023811925,330.10094094401046,1.1699887993111975,24.67139263767297,330.1172919548518,,15.530634289888042,0.6289545175885607,1.4405901814062965,15.514283279046708,0.6288369492104209,,,,15.514283279046708,1.0,13.569265950720135
283.633,0.016999999999995907,1.465016,25.343927,346.0368743250976,,,,1.5,25.34,346.0,1.235264061286049,24.712437046012433,330.49618266456815,1.1737745636466796,24.690112458461904,330.5121839956199,,15.540691660529433,0.6288611532563139,1.4368895715646781,15.524690329477664,0.6287816775073851,,,,15.524690329477664,1.0,13.579561852154049
283.65,0.016999999999995907,1.466478,25.368399,346.46793277890947,,,,1.5,25.37,346.5,1.2416114467015213,24.73343653505429,330.9164725900071,1.189808158481959,24.710066626043893,330.9320855178381,,15.551460188902354,0.6287626131880835,1.4054124540749,15.535847261071353,0.6287254298495859,,,,15.535847261071353,1.0,13.590536644324143
283.667,0.016000000000019554,1.467482,25.392878,346.8994074679804,,,,1.5,25.39,346.9,1.24736392527879,24.75454392964821,331.337120423957,1.1991290585897882,24.73029336473808,331.3523285777597,,15.562287044023378,0.628663856149037,1.4064862055993297,15.54707889022069,0.6286653644145054,,,,15.54707889022069,1.0,13.601661350605946
283.683,0.016999999999995907,1.46901,25.417397,347.30588135367685,,,,1.5,25.42,347.3,1.2533387274067034,24.774501752452696,331.7333527894143,1.2079832571839377,24.749479429675542,331.7481667601155,,15.57252856426254,0.6285708071897288,1.3724686954633483,15.557714593561343,0.6286077506303857,,,,15.557714593561343,1.0,13.61221368632155
283.7,0.016999999999995907,1.470615,25.441935,347.73818937462175,,,,1.5,25.44,347.7,1.2591090801754041,24.795808510818606,332.154700426652,1.2108533378848454,24.770015145047665,332.16908246400055,,15.583488947969727,0.6284727090536503,1.3745046573729343,15.569106910621201,0.6285465236679104,,,,15.569106910621201,1.0,13.623508329776216
283.717,0.016000000000019554,1.472777,25.466072,348.17091477348913,,,,1.5,25.47,348.2,1.264350757505945,24.817213365181583,332.57641111259795,1.224814490442644,24.7905996517917,332.5903476897736,,15.594503660891178,0.6283744847344619,1.3448681586426,15.58056708371555,0.6284868983630854,,,,15.58056708371555,1.0,13.634829808485437
283.733,0.016999999999995907,1.438487,25.491524,348.57856044094564,,,,1.4,25.49,348.6,1.2688306872038257,24.837442977301702,332.97364836333827,1.2349516273327668,24.810196683638807,332.9871540604575,,15.604912077607366,0.6282817475159699,1.3438796359165184,15.591406380488138,0.6284273590934473,,,,15.591406380488138,1.0,13.645608176001344
283.75,0.016999999999995907,1.46097,25.514723,349.01212421031704,,,,1.5,25.51,349.0,1.2736946115880787,24.85901309898416,333.3960682399866,1.2416124500534718,24.831190861303458,333.40910585458937,,15.616055970330422,0.6281848723499227,1.347365310535368,15.60301835572767,0.6283636754628298,,,,15.60301835572767,1.0,13.657154973716903
283.767,0.016000000000019554,1.473645,25.539364,349.4460856114819,,,,1.5,25.54,349.4,1.2784108800561553,24.880665907381154,333.8188555115406,1.2424316358659397,24.85229827295436,333.8314155122305,,15.6272300999413,0.6280872930858853,1.3193004177885843,15.614670099251441,0.6282988369025083,,,,15.614670099251441,1.0,13.6687640501249
283.783,0.016999999999995907,1.474744,25.563931,349.8549040620424,,,,1.5,25.56,349.9,1.283306403682533,24.901120481462076,334.21710980265186,1.2590986567883682,24.87217717912824,334.22921131584764,,15.637794259390546,0.6279956065042246,1.3191925697845517,15.625692746194773,0.6282398454167994,,,,15.625692746194773,1.0,13.679697448520534
283.8,0.016999999999995907,1.473602,25.588476,350.2897039895503,,,,1.5,25.59,350.3,1.2879546660670609,24.922936690324676,334.6406142886119,1.2693878612263054,24.893581856293636,334.65222026764866,,15.649089700938362,0.6278991073717846,1.2920030378788425,15.637483721901617,0.6281733103807287,,,,15.637483721901617,1.0,13.691470020961502
283.817,0.016000000000019554,1.473062,25.6115,350.72492101703915,,,,1.5,25.61,350.7,1.2920595485623272,24.94483191964781,335.0644903217966,1.272846025219086,24.915161449934477,335.0755945857515,,15.660430695242553,0.6278026144127917,1.2973392747622658,15.649326431287648,0.6281045564458425,,,,15.649326431287648,1.0,13.703338797463964
283.833,0.016999999999995907,1.474499,25.63917,351.13489356897566,,,,1.5,25.64,351.1,1.2964632791207906,24.965504872424834,335.4637730161337,1.2750435863418639,24.935526986338008,335.47440009324214,,15.671120552841955,0.6277109408731081,1.2667343290332358,15.660493475733517,0.6280394027490891,,,,15.660493475733517,1.0,13.714539842485905
283.85,0.016999999999995907,1.474346,25.662199,351.57097252408107,,,,1.5,25.66,351.6,1.3006055249132487,24.98754474816988,335.8883739379086,1.2881731345746763,24.957202727305816,335.898488295808,,15.682598586172446,0.6276166283732642,1.2723682709706328,15.67248422827305,0.62797439278424,,,,15.67248422827305,1.0,13.7264615000182
283.867,0.01599999999996271,1.473595,25.68675,352.007442950078,,,,1.5,25.69,352.0,1.3043064829085032,25.009655042093403,336.3133501361258,1.29436868574707,24.97910167059358,336.32294688319007,,15.694092813952182,0.6275213627512124,1.2466239339250351,15.684496066887903,0.6279047290700743,,,,15.684496066887903,1.0,13.738505918826469
283.883,0.016999999999995907,1.473143,25.711302,352.418619570237,,,,1.5,25.71,352.4,1.3081157700346955,25.03052394581989,336.71367156802813,1.2987124274321455,24.999811569565484,336.7227781891104,,15.70494800220888,0.6274318522538005,1.2491360640678102,15.695841381126627,0.6278383873994708,,,,15.695841381126627,1.0,13.749896363261017
283.9,0.016999999999995907,1.473104,25.735853,352.8559245734004,,,,1.5,25.74,352.9,1.31174948682871,25.052761913910476,337.1393794978357,1.3140722986196502,25.021889680831826,337.1479626497387,,15.716545075564682,0.6273378212578675,1.2238991680655795,15.707961923661685,0.6277688105904674,,,,15.707961923661685,1.0,13.762039324457506
283.917,0.016000000000019554,1.473081,25.760406,353.29364693792826,,,,1.5,25.76,353.3,1.3150100770086979,25.07506165518656,337.56546599817295,1.3216447307427164,25.044228909908355,337.5735246577599,,15.728180939755305,0.62724395880008,1.2316604967339204,15.720122280168368,0.6276944016411281,,,,15.720122280168368,1.0,13.774325900449597
283.933,0.016999999999995907,1.47283,25.784945,353.70600198829675,,,,1.5,25.78,353.7,1.3183743796727252,25.096101816418724,337.9668353059463,1.3271516132911005,25.065375225600263,337.9744014908444,,15.739166682350458,0.6271558346983339,1.2355772225684905,15.731600497452348,0.6276227806629856,,,,15.731600497452348,1.0,13.785956374080145
283.95,0.016999999999995907,1.472588,25.811018,354.14455887723165,,,,1.5,25.81,354.1,1.3216399074390122,25.118514180873156,338.39365954192317,1.3260247607228997,25.087936803026206,338.40070464308764,,15.750899335308475,0.6270633375003613,1.2118232448424249,15.74385423414401,0.6275467910236813,,,,15.74385423414401,1.0,13.798365241664415
283.967,0.016000000000019554,1.472214,25.834011,354.5835589721975,,,,1.5,25.83,354.6,1.3245017709868805,25.140982059299613,338.82086525996453,1.3348499374182068,25.11047922395849,338.8273911793169,,15.762693712232988,0.6269720759138917,1.2202521009490424,15.756167792880603,0.6274737989805977,,,,15.756167792880603,1.0,13.81076357317717
283.983,0.016999999999995907,1.47189,25.858534,354.99709159159005,,,,1.5,25.86,355.0,1.327456868491638,25.162174087635428,339.2232905091405,1.3418422316326588,25.131836822957208,339.2293297076927,,15.773801082449552,0.6268854601956165,1.1925350632799647,15.767761883897322,0.6274018884880681,,,,15.767761883897322,1.0,13.822510252626465
284.0,0.016999999999995907,1.47126,25.883039,355.4368993576949,,,,1.5,25.88,355.4,1.3302544101790537,25.18474085439978,339.6512392861477,1.3414863015608427,25.154648140894956,339.65676482988533,,15.785660071547227,0.6267946199172213,1.2018350073538837,15.780134527809594,0.6273247965713015,,,,15.780134527809594,1.0,13.835056477492227
284.017,0.016000000000019554,1.470776,25.907537,355.8771236177648,,,,1.5,25.91,355.9,1.3327481266701082,25.20735517937282,340.07957210243467,1.3511827651308266,25.177453408021485,340.08458769305105,,15.797551515330156,0.6267040474066591,1.1787490978704351,15.792535924713775,0.6272491371062295,,,,15.792535924713775,1.0,13.847599374411818
284.033,0.016999999999995907,1.470144,25.932022,356.2918324690933,,,,1.5,25.93,356.3,1.3353189712050584,25.228679149399568,340.4830603770653,1.358420928422734,25.199072332263604,340.4875998989738,,15.808772092027993,0.6266190948171076,1.1841788836421738,15.804232570119495,0.6271751738211634,,,,15.804232570119495,1.0,13.859489782744983
284.05,0.016999999999995907,1.469655,25.953436,356.7328892789012,,,,1.5,25.95,356.7,1.337624465146687,25.25137957191005,340.91214087619636,1.358063068554773,25.222165488046784,340.9161804204464,,15.82074840270485,0.6265300617596374,1.1944122929558247,15.816708858454831,0.6270955943870339,,,,15.816708858454831,1.0,13.872191018425733
284.067,0.016000000000019554,1.468812,25.97942,357.1743100560486,,,,1.5,25.98,357.2,1.3397181354771528,25.27411918781754,341.34160761565397,1.367533627690169,25.245252560212208,341.34515347385644,,15.832702440394655,0.6264393359364321,1.1721738078275337,15.829156582192184,0.6270151801586542,,,,15.829156582192184,1.0,13.884888908116716
284.083,0.016999999999995907,1.46805,26.003859,357.5901687839851,,,,1.5,26.0,357.6,1.3418740269305895,25.2955546779852,341.7461650065809,1.3743169460714242,25.26713309825528,341.74925255912467,,15.844003777404225,0.6263552619857476,1.1784642476347393,15.84091622486045,0.6269376174677403,,,,15.84091622486045,1.0,13.896923204040405
284.1,0.016999999999995907,1.467147,26.028278,358.03244652021,,,,1.5,26.03,358.0,1.343896118369986,25.318366536443015,342.1763833369034,1.373706152301666,25.290496486338487,342.1789924105936,,15.85606318330656,0.626267226224231,1.1570691814775578,15.853454109616393,0.6268542066060336,,,,15.853454109616393,1.0,13.909773067486169
284.117,0.01599999999996271,1.466234,26.052681,358.4751392489514,,,,1.5,26.05,358.5,1.3456777312808001,25.3412127704553,342.60698976101196,1.3823284259146595,25.31384949092761,342.60912935140027,,15.868149487939434,0.6261795610050566,1.1681647021762558,15.866009897551123,0.6267719140558785,,,,15.866009897551123,1.0,13.922617220010187
284.133,0.016999999999995907,1.465274,26.077063,358.8921698229024,,,,1.5,26.08,358.9,1.3475111875139625,25.362743614155743,343.0126214120879,1.3884440638285962,25.33596674574219,343.0143278812927,,15.879548410814493,0.6260974227548324,1.142647358408858,15.877841941609745,0.6266917738308951,,,,15.877841941609745,1.0,13.934781710158205
284.15,0.016999999999995907,1.466244,26.101543,359.3356916259953,,,,1.5,26.1,359.3,1.3492840002653113,25.385651304343476,343.44398276889507,1.3865369452831224,25.35957029482727,343.4452399461374,,15.891708857100241,0.6260114687063859,1.1545698756255867,15.890451679857904,0.6266057151251954,,,,15.890451679857904,1.0,13.947763662155001
284.167,0.016000000000019554,1.498243,26.127237,359.7796297292532,,,,1.5,26.13,359.8,1.3517655640908464,25.40858913234798,343.8757338126069,1.3941668441014108,25.38314142289708,343.87655299573794,,15.90389591664632,0.6259259746303221,1.1337496732143122,15.903076733515263,0.6265212200712776,,,,15.903076733515263,1.0,13.960727782593395
284.183,0.016999999999995907,1.591207,26.156868,360.1978572963577,,,,1.6,26.16,360.2,1.3571754967705858,25.43021738137346,344.2824442647171,1.4018567193301332,25.40544809240273,344.28286171186085,,15.915413031640583,0.625846519239664,1.1087443577258678,15.914995584496864,0.6264402629944599,,,,15.914995584496864,1.0,13.972996450821501
284.2,0.016999999999995907,1.683574,26.184326,360.6427539817691,,,,1.7,26.18,360.6,1.365078452903966,25.453289364818556,344.71495407205964,1.40402544028696,25.429279656631337,344.7149568977275,,15.92779990970945,0.6257658757348981,1.1214194566109104,15.927797084041572,0.6263565975565489,,,,15.927797084041572,1.0,13.986103811147236
284.217,0.016000000000019554,1.735433,26.213524,361.08813080021196,,,,1.7,26.21,361.1,1.3737594570221543,25.47649569851792,345.1478572450979,1.4150961163894158,25.45314808911621,345.14745753356624,,15.94027355511406,0.6256854845245211,1.1014802868166256,15.940673266645717,0.6262751157866387,,,,15.940673266645717,1.0,13.999231449013916
284.233,0.016999999999995907,1.720346,26.24156,361.50776931963645,,,,1.7,26.24,361.5,1.3824022824118216,25.4984758498303,345.55565701748515,1.4232498674425678,25.475789626978468,345.5548890352955,,15.952112302151306,0.6256104245641597,1.0774700325768394,15.95288028434095,0.6261976770073142,,,,15.95288028434095,1.0,14.011684294838158
284.25,0.016999999999995907,1.659318,26.268131,361.95412442963334,,,,1.7,26.27,362.0,1.3890527854354644,25.521976688631295,345.98933086406197,1.4405606242113913,25.499984874724987,345.9881831185599,,15.96479356557137,0.6255312337418931,1.0585190256726933,15.965941311073436,0.6261157169116017,,,,15.965941311073436,1.0,14.024991681098744
284.267,0.016000000000019554,1.585775,26.293486,362.40092242808424,,,,1.6,26.29,362.4,1.393130395340312,25.545590585983692,346.42340518589606,1.4456435753063384,25.524474405336576,346.4218910224403,,15.977517242188185,0.6254510808199791,1.0733657948262834,15.979031405643923,0.6260278332040042,,,,15.979031405643923,1.0,14.038460922935117
284.283,0.016999999999995907,1.521973,26.318001,362.8218211832848,,,,1.5,26.32,362.8,1.395546955875421,25.567880672309165,346.83231295596295,1.444619103585309,25.547604702541506,346.8304676553039,,15.989508227321835,0.6253747986487979,1.050867097586702,15.991353527980891,0.6259433600203643,,,,15.991353527980891,1.0,14.051182586397829
284.3,0.016999999999995907,1.473909,26.343489,363.2694471253832,,,,1.5,26.34,363.3,1.3965386112856895,25.591604970559043,347.26716858392723,1.4524587995248766,25.57216322730245,347.26498568270745,,16.00227854145595,0.6252940587300095,1.0659620804677243,16.004461442675733,0.6258548133146735,,,,16.004461442675733,1.0,14.06468977501635
284.317,0.016000000000019554,1.441715,26.365534,363.71749941823356,,,,1.4,26.37,363.7,1.3964720238482398,25.615346126950893,347.70242766825595,1.4491759557247572,25.596855026894367,347.69992233786803,,16.015071749977608,0.6252139506765256,1.0485659569298953,16.017577080365527,0.6257634800656571,,,,16.017577080365527,1.0,14.078270264791904
284.333,0.016999999999995907,1.410313,26.38855,364.13953250175405,,,,1.4,26.39,364.1,1.39550299261684,25.637689679332492,348.1124519547067,1.4417939638840158,25.62004184218599,348.1096575128212,,16.02708054704732,0.6251374732867351,1.0591569339286604,16.029874988932875,0.625677158830321,,,,16.029874988932875,1.0,14.091023013202296
284.35,0.016999999999995907,1.378835,26.411034,364.5883416419824,,,,1.4,26.41,364.6,1.393591275300085,25.66141323020697,348.5484943294377,1.4433394760188112,25.644552339572012,348.545406563366,,16.039847312544737,0.6250570523397229,1.0741405275227192,16.042935078616438,0.6255884238564244,,,,16.042935078616438,1.0,14.104503786764608
284.367,0.01599999999996271,1.346454,26.432972,365.0375284616398,,,,1.3,26.43,365.0,1.3908970924658002,25.685104281887067,348.9849397282904,1.4338078950614617,25.669089110664327,348.9815725156929,,16.05258873334941,0.6249765839833311,1.089236146768057,16.05595594594689,0.6254976901099455,,,,16.05595594594689,1.0,14.11799901086538
284.383,0.016999999999995907,1.314288,26.454393,365.4606283597508,,,,1.3,26.45,365.5,1.387163206409643,25.707358635366468,349.39607943162747,1.4372259223853077,25.69203003698526,349.39246146887314,,16.064548928123315,0.6249007980937715,1.0990722175330774,16.06816689087765,0.6254144521762793,,,,16.06816689087765,1.0,14.130616520341894
284.4,0.016999999999995907,1.285413,26.475391,365.9105429553667,,,,1.3,26.48,365.9,1.3826206425305199,25.730940409875426,349.83330497351193,1.4319917840536711,25.7164628776658,349.82943365864753,,16.07723798185475,0.6248212356702041,1.080775221414275,16.08110929671915,0.6253235280923976,,,,16.08110929671915,1.0,14.144054582716192
284.417,0.016000000000019554,1.257869,26.497271,366.3608103445451,,,,1.3,26.5,366.4,1.3776888398668419,25.75444496079844,350.2709307491625,1.4351362555624188,25.740806737994706,350.2668204503806,,16.08987959538257,0.6247418501883237,1.095276393974074,16.09398989416451,0.625232536725781,,,,16.09398989416451,1.0,14.157443705897089
284.433,0.016999999999995907,1.233663,26.517462,366.7849276877776,,,,1.2,26.52,366.8,1.371857493231225,25.776487982236336,350.6831782127073,1.4311369323088112,25.763768918083734,350.6788570556297,,16.101749475070335,0.6246680884597905,1.1052136958344727,16.10607063214792,0.6251441970061677,,,,16.10607063214792,1.0,14.170072904946055
284.45,0.016999999999995907,1.212731,26.536093,367.235902806081,,,,1.2,26.54,367.2,1.365446081915831,25.799809559621263,351.121576741813,1.4181828388142106,25.78809824593298,351.11704792652375,,16.114326064268027,0.6245908919222497,1.1197105209615241,16.11885487955726,0.6250501578610728,,,,16.11885487955726,1.0,14.18345403526314
284.467,0.016000000000019554,1.190397,26.556843,367.6871916267104,,,,1.2,26.56,367.7,1.358936714896298,25.823022143013826,351.5603708112853,1.4142022163861017,25.812207354192815,351.5556505241247,,16.126820815425106,0.6245133015845732,1.1334987664096325,16.131541102585686,0.6249578302711625,,,,16.131541102585686,1.0,14.196714044806049
284.483,0.016999999999995907,1.171544,26.574852,368.11225348552694,,,,1.2,26.57,368.1,1.3515697694658768,25.844765130452195,351.97371310947347,1.4051679545467506,25.83483458965502,351.96882685967597,,16.13854037605347,0.6244413634480221,1.175594601142719,16.143426625850964,0.6248705239365162,,,,16.143426625850964,1.0,14.209159024310262
284.5,0.016999999999995907,1.151707,26.593746,368.5641952576348,,,,1.2,26.59,368.6,1.3437440650922172,25.86774181653311,352.41326941852276,1.404584748860663,25.85872244488231,352.40822209446947,,16.150925839112062,0.6243655110547516,1.1887113995794913,16.155973163165356,0.6247784745592788,,,,16.155973163165356,1.0,14.222297344685272
284.517,0.016000000000019554,1.132703,26.612341,369.0164553612962,,,,1.1,26.61,369.0,1.335981023708186,25.89058546563967,352.8532152004211,1.3926267641754733,25.882600385612935,352.84802333852855,,16.16324016087509,0.6242902533944592,1.2018164586444788,16.16843202276766,0.6246834468670707,,,,16.16843202276766,1.0,14.235430212087115
284.533,0.016999999999995907,1.11378,26.63179,369.44239780328076,,,,1.1,26.63,369.4,1.3274101921907728,25.91196116201903,353.2676355734429,1.3757289702874655,25.904882413839772,353.2623232009247,,16.17476222983788,0.6242199163815652,1.2096152960630464,16.180074602356058,0.6245955624840743,,,,16.180074602356058,1.0,14.247685327611876
284.55,0.016999999999995907,1.098325,26.648718,369.8952991744907,,,,1.1,26.65,369.9,1.3184973323335518,25.934527135286267,353.7083307239699,1.3674794694209382,25.928269806334654,353.7029049947961,,16.186968450520794,0.624147429643973,1.2211191775137964,16.19239417969459,0.6245073157846633,,,,16.19239417969459,1.0,14.260548393484061
284.567,0.016000000000019554,1.083307,26.666546,370.34848608845306,,,,1.1,26.67,370.3,1.3098515114341305,25.956941589935933,354.14940820813416,1.3511423216965963,25.951516957314805,354.143883182287,,16.199077880318896,0.6240749829556047,1.2321724698438388,16.20460290616603,0.6244183310293363,,,,16.20460290616603,1.0,14.273334326523145
284.583,0.016999999999995907,1.069663,26.684168,370.7752894877496,,,,1.1,26.68,370.8,1.3004746831854577,25.977899214118906,354.5648869345671,1.3465979793947818,25.973135234461978,354.5592803998217,,16.21040255318252,0.6240074464671191,1.2711481426743365,16.216009087927887,0.6243377605954931,,,,16.216009087927887,1.0,14.285224378954089
284.6,0.016999999999995907,1.057113,26.701591,371.229074910053,,,,1.1,26.7,371.2,1.2909149275744745,26.000007283733055,355.00669913979874,1.3327045091259946,25.996027400111682,355.00101828221545,,16.222375770254246,0.6239373548331196,1.2810677767210064,16.228056627837532,0.6242514049576595,,,,16.228056627837532,1.0,14.297815070061427
284.617,0.01599999999996271,1.045181,26.718822,371.68315470988136,,,,1.0,26.72,371.7,1.281769326969613,26.021952837501814,355.4488858008291,1.3248504566951798,26.01868337676682,355.44314332381884,,16.234268909052275,0.6238682012233949,1.2902111289543092,16.24001138606252,0.6241673012772011,,,,16.24001138606252,1.0,14.310275857221752
284.633,0.016999999999995907,1.033857,26.735872,372.1107896450484,,,,1.0,26.74,372.1,1.2719499330195063,26.04246114673328,355.86540111270205,1.311911677598226,26.039880984073893,355.8596118387046,,16.24538853234634,0.6238038886115083,1.2944757024532172,16.251177806343776,0.6240880216112765,,,,16.251177806343776,1.0,14.321934541240642
284.65,0.016999999999995907,1.023155,26.75275,372.56544886138477,,,,1.0,26.75,372.6,1.2620238911523314,26.064084295594608,356.30830674896174,1.3067849468865236,26.062183482593056,356.30247938667117,,16.257142112423026,0.623737320983528,1.3359000907809548,16.2629694747136,0.6240064070447376,,,,16.2629694747136,1.0,14.334200915426182
284.667,0.016000000000019554,1.013145,26.76947,373.0203934572822,,,,1.0,26.77,373.0,1.2526062828245983,26.08553870174419,356.75157854443904,1.2930253419062634,26.084398826690123,356.7457253362999,,16.26881491284314,0.6236718014090825,1.3436250170335828,16.274668120982255,0.6239234505312679,,,,16.274668120982255,1.0,14.346419354679568
284.683,0.016999999999995907,1.003679,26.786039,373.4488346598427,,,,1.0,26.79,373.4,1.2425694942794607,26.10558040226941,357.1691074972716,1.2739512718755939,26.10508723216065,357.16324122477124,,16.279727162571078,0.6236110023876676,1.3462261856358788,16.285593435071462,0.6238475010728224,,,,16.285593435071462,1.0,14.357797977688358
284.7,0.016999999999995907,0.994913,26.802469,373.9043423544581,,,,1.0,26.8,373.9,1.2325012009495921,26.126704083672156,357.613081915402,1.2628474332194606,26.126744403782528,357.60721179367664,,16.29126043905609,0.6235482434708359,1.3855977616646022,16.297130560781454,0.6237719598321642,,,,16.297130560781454,1.0,14.369709422080392
284.717,0.016000000000019554,0.986567,26.818766,374.3601280923865,,,,1.0,26.82,374.4,1.2230117399445612,26.147656604088294,358.05741398124786,1.259939941394857,26.148212810147253,358.0515489299949,,16.30271411113864,0.6234866228352427,1.39086085381153,16.308579162391595,0.6236976607465416,,,,16.308579162391595,1.0,14.38151704558099
284.733,0.016999999999995907,0.97887,26.83494,374.78935462896305,,,,1.0,26.83,374.8,1.2129642383116275,26.16722479192743,358.4759330324165,1.2514107243703085,26.168371849209596,358.47008160727023,,16.31342159654656,0.6234295660416859,1.4252612623275374,16.319273021692823,0.6236258455715019,,,,16.319273021692823,1.0,14.392604517065278
284.75,0.016999999999995907,0.971545,26.850996,375.2456900556779,,,,1.0,26.85,375.2,1.2029421010174919,26.187845183978723,358.9209511272116,1.233351014310495,26.189645831523887,358.9151247575564,,16.32473892846633,0.6233708353543165,1.4299051319434124,16.33056529812154,0.6235504444456751,,,,16.33056529812154,1.0,14.404305207338139
284.767,0.016000000000019554,0.964365,26.867935,375.7022973759303,,,,1.0,26.87,375.7,1.193580593794782,26.208295199696014,359.3663183204727,1.2240661028844153,26.21061279876716,359.36052695591377,,16.335979055457585,0.6233133033256991,1.4335189853077597,16.34177042001653,0.6234791435622284,,,,16.34177042001653,1.0,14.415837039321937
284.783,0.016999999999995907,0.958282,26.882784,376.1323077746508,,,,1.0,26.88,376.1,1.1836861901732236,26.227392489196752,359.78580382198436,1.2089384824407057,26.230197856413334,359.7800534411557,,16.346503952666467,0.6232607362474065,1.4660747598032566,16.352254333495125,0.6234133048865649,,,,16.352254333495125,1.0,14.426608821027335
284.8,0.016999999999995907,0.95231,26.898531,376.5894535743997,,,,1.0,26.9,376.6,1.1738678947081773,26.247515154429692,360.2318405369551,1.2018188537542132,26.25074981061482,360.22614149632534,,16.35761303744465,0.623206156514364,1.4683165822798632,16.363312078074387,0.6233464642391919,,,,16.363312078074387,1.0,14.437912395838152
284.817,0.016000000000019554,0.946595,26.914183,377.0468662101946,,,,0.9,26.91,377.0,1.1647082981842232,26.267470908639726,360.67821791849104,1.1829374459774382,26.271180731128638,360.67257790593004,,16.36864829170355,0.6231528093677142,1.5037953860894038,16.374288304264553,0.6232794967172035,,,,16.374288304264553,1.0,14.449149402120751
284.833,0.016999999999995907,0.94123,26.929747,377.4776143023551,,,,0.9,26.93,377.5,1.1550979404250932,26.286106241410696,361.09864653569196,1.1757054692952231,26.2901077302643,361.0930682136217,,16.378967766663152,0.623103612845481,1.5005648023328537,16.38454608873343,0.6232209565985187,,,,16.38454608873343,1.0,14.459559251645366
284.85,0.016999999999995907,0.936169,26.945229,377.93555600909,,,,0.9,26.95,377.9,1.1455984710404559,26.305742906397917,361.5456772534482,1.1587078009759364,26.310094723242315,361.54016993447635,,16.389878755641803,0.6230532554796451,1.5009209939481796,16.39538607461367,0.623159522878114,,,,16.39538607461367,1.0,14.470552097783274
284.867,0.01599999999996271,0.931094,26.96159,378.39376017851043,,,,0.9,26.96,378.4,1.1368016312068687,26.3252180804056,361.99304042183593,1.1498157128214819,26.3297927558589,361.98760897804857,,16.400719756674505,0.6230041364360774,1.534003435990877,16.406151200461863,0.6231021775441499,,,,16.406151200461863,1.0,14.481386015722396
284.883,0.016999999999995907,0.926666,26.976917,378.8252647985414,,,,0.9,26.98,378.8,1.1276105540300778,26.343406906504867,362.4143894217302,1.1353438027621523,26.348189807264,362.4090328385526,,16.41087537681119,0.6229594917261413,1.5289881132020606,16.416231959988806,0.623049707781556,,,,16.416231959988806,1.0,14.4915043939952
284.9,0.016999999999995907,0.922614,26.991217,379.2840062907783,,,,0.9,26.99,379.3,1.1185258023056965,26.362576285923375,362.86239027886575,1.128257252859076,26.367490651910952,362.8571161224555,,16.421616011912533,0.6229139304826236,1.5607780201043138,16.426890168322757,0.6229978569133289,,,,16.426890168322757,1.0,14.502119858551024
284.917,0.016000000000019554,0.918624,27.006407,379.7429902975012,,,,0.9,27.01,379.7,1.1101147340748283,26.381591224562566,363.3107157027047,1.112281274660363,26.38667102520955,363.3055264967109,,16.432274594796468,0.6228689715841403,1.5584363395605294,16.437463800790283,0.6229457207802417,,,,16.437463800790283,1.0,14.512669063865255
284.933,0.016999999999995907,0.914743,27.02153,380.17521039337373,,,,0.9,27.02,380.2,1.1013508458525925,26.399353060307785,363.7329632569842,1.1074286195031828,26.40446752560414,363.72785560511795,,16.44224713638954,0.622827654103045,1.5851658344781465,16.44735478825578,0.6229004532019798,,,,16.44735478825578,1.0,14.522457139082277
284.95,0.016999999999995907,0.911105,27.036592,380.6347085837371,,,,0.9,27.04,380.6,1.0927471102713113,26.418076024687274,364.1819114042066,1.0925332858021868,26.42329381213569,364.17689157648863,,16.452797179530535,0.6227855943845289,1.581632873866587,16.45781700724848,0.6228525907579976,,,,16.45781700724848,1.0,14.53281159667463
284.967,0.016000000000019554,0.907662,27.051598,381.0944623024095,,,,0.9,27.05,381.1,1.084805613746156,26.43665272556188,364.6311765985836,1.0853687988404754,26.441866877994322,364.6262454423546,,16.46328570382593,0.6227447126052915,1.6110506873977566,16.468216860054895,0.6228084021465299,,,,16.468216860054895,1.0,14.543026782896877
284.983,0.016999999999995907,0.904554,27.066551,381.52740405114605,,,,0.9,27.07,381.5,1.076563810075677,26.454009615381842,365.05430189731163,1.072491260462666,26.459232778775792,365.0494542396093,,16.473102153834418,0.6227071961241004,1.6025544804677887,16.477949811536746,0.6227674834454948,,,,16.477949811536746,1.0,14.552578028326687
285.0,0.016999999999995907,0.901634,27.081455,381.9876661261989,,,,0.9,27.08,382.0,1.0685033411064677,26.472311200153126,365.5041756242436,1.0667524228758782,26.477465130203655,365.49941617183555,,16.483490501955316,0.6226691117872614,1.630856495592269,16.48824995436337,0.622727661929945,,,,16.48824995436337,1.0,14.562605821612012
285.017,0.016000000000019554,0.898955,27.096315,382.4481811473118,,,,0.9,27.1,382.4,1.061093472840754,26.49047575695193,365.95435931337886,1.0518225650463684,26.49559992139254,365.949687224774,,16.49382183393294,0.6226321484469544,1.6249859417952681,16.49849392253782,0.6226880678862055,,,,16.49849392253782,1.0,14.572579956765898
285.033,0.016999999999995907,0.896455,27.11113,382.8818372535523,,,,0.9,27.11,382.9,1.0534323931568266,26.507453252517404,366.3783427454551,1.0478690381868434,26.5124290824333,366.3737514568051,,16.50349450809722,0.6225982689049876,1.6485426489342716,16.508085796747196,0.6226545951493061,,,,16.508085796747196,1.0,14.581835995338317
285.05,0.016999999999995907,0.894141,27.125906,383.3428560012997,,,,0.9,27.13,383.3,1.0459678736433298,26.525361603201066,366.82912167172856,1.0336570279294872,26.530242856082474,366.8246141682824,,16.51373432957115,0.6225639663882389,1.6415796607779436,16.518241833017328,0.6226193225076438,,,,16.518241833017328,1.0,14.591633570845362
285.067,0.016000000000019554,0.891917,27.140644,383.8041256066741,,,,0.9,27.14,383.8,1.0391282965556352,26.543143057052998,367.28020396134065,1.0269424809491339,26.54781502555727,367.2757776602762,,16.523921645333473,0.6225307082064935,1.6677116670059946,16.5283479463979,0.6225878826745724,,,,16.5283479463979,1.0,14.6012982640565
285.083,0.016999999999995907,0.889859,27.155346,384.23849007605065,,,,0.9,27.16,384.2,1.0320820590886115,26.55976910979791,367.705027258676,1.0143597220797238,26.564246105252476,367.7006741493232,,16.53346281737464,0.6225002464827694,1.6560228068015785,16.537815926727433,0.6225592046241981,,,,16.537815926727433,1.0,14.610335357888863
285.1,0.03299999999995862,0.887975,27.170015,384.70025954267606,,,,0.9,27.17,384.7,1.0188007834997281,26.577314504802413,368.1566924694,1.0034331118563846,26.581490220527826,368.15241290809223,,16.54356707327605,0.6224694775044596,1.6810691685538046,16.547846634583834,0.6225326908799339,,,,16.547846634583834,1.0,14.619819621290306
285.133,0.016999999999995907,0.884681,27.199268,385.59735354006244,,,,0.9,27.2,385.6,1.0124200309999827,26.610934930657862,369.034298585084,0.9988402826834768,26.614603513219045,369.03014845469795,,16.56305495497844,0.6224153716559773,1.6925303616876288,16.567205085364492,0.6224855116528724,,,,16.567205085364492,1.0,14.638031932270476
285.15,0.016999999999995907,0.883219,27.213856,386.0598689324668,,,,0.9,27.21,386.1,1.0062487438260603,26.628146071184858,369.4868307735996,1.0007499880272799,26.63158379802466,369.48274104684344,,16.573038158867234,0.6223879842991185,1.7167306042530566,16.577127885623383,0.6224612103938391,,,,16.577127885623383,1.0,14.647371088913564
285.167,0.016000000000019554,0.881923,27.22751,386.52263210961223,,,,0.9,27.23,386.5,1.0006030395840253,26.645252299829895,369.9396546597531,0.9924319340594525,26.64859654782112,369.935622579783,,16.58297744985913,0.6223614347222749,1.707034527816098,16.58700952982923,0.6224346374137831,,,,16.58700952982923,1.0,14.656728101301617
285.183,0.016999999999995907,0.880615,27.242052,386.9583851557568,,,,0.9,27.24,387.0,0.9948319219868934,26.66126194846326,370.36610677373994,0.9949298986098191,26.66447545876609,370.3621271558362,,16.592278382016843,0.6223365725932269,1.7274882640728126,16.596257999920567,0.6224108186783948,,,,16.596257999920567,1.0,14.665461502321351
285.2,0.016999999999995907,0.87935,27.256573,387.42162728862417,,,,0.9,27.26,387.4,0.9892662663232934,26.678174091137034,370.81949198007646,0.9865720112688967,26.681389267042455,370.8155670060055,,16.6021353085477,0.6223115289611678,1.7174472529197624,16.60606028261867,0.6223836441354614,,,,16.60606028261867,1.0,14.674764096873352
285.217,0.016000000000019554,0.878158,27.271072,387.88511609569906,,,,0.9,27.27,387.9,0.9842199226076469,26.694991617664527,371.2731638886012,0.9848183774937447,26.698160991234023,371.2692931832007,,16.611952207097886,0.6222872231997809,1.740997368739031,16.615822912498345,0.6223583308960465,,,,16.615822912498345,1.0,14.683988545178714
285.233,0.016999999999995907,0.876948,27.286457,388.3215656519236,,,,0.9,27.29,388.3,0.9791175410236665,26.71073913642627,371.7004097346344,0.9769722011577615,26.713918085273942,371.6965898158133,,16.62115591728923,0.6222649187053921,1.7269742751977812,16.62497583611031,0.622333862933975,,,,16.62497583611031,1.0,14.692654946900669
285.25,0.016999999999995907,0.875938,27.300014,388.7855621399095,,,,0.9,27.3,388.8,0.9741808602823359,26.72738413462367,372.15463378243817,0.9755257112245513,26.73052661269362,372.15086759574586,,16.630928357471305,0.6222430251199543,1.7499934732644702,16.634694544163608,0.6223107679541274,,,,16.634694544163608,1.0,14.701789636981491
285.267,0.016000000000019554,0.874873,27.314459,389.24978895095035,,,,0.9,27.31,389.2,0.9697199926380412,26.743945209248466,372.60914008186097,0.9635686921579398,26.747110549784434,372.60542751162683,,16.640648869089375,0.62222116964758,1.7729499776278157,16.644361439323518,0.6222863366247858,,,,16.644361439323518,1.0,14.71091080238144
285.283,0.016999999999995907,0.87381,27.328884,389.6869322786949,,,,0.9,27.33,389.7,0.9651952200487492,26.759460729130694,373.0371673293685,0.9625664594184675,26.76252764885898,373.03350461721647,,16.649764949326368,0.622201064433306,1.7577518996322432,16.653427661478418,0.6222666214485325,,,,16.653427661478418,1.0,14.719390206872442
285.3,0.016999999999995907,0.872815,27.343296,390.15164957223976,,,,0.9,27.34,390.2,0.9608622402175434,26.77586904787152,373.49221763247294,0.9675637751139093,26.778891278669093,373.4886066781003,,16.65943193976682,0.6221808117593524,1.7799777600406346,16.663042894139437,0.6222454365544438,,,,16.663042894139437,1.0,14.728390203268003
285.317,0.016000000000019554,0.871764,27.357685,390.61661172600714,,,,0.9,27.36,390.6,0.9569586603471618,26.792203705955213,373.94754625088035,0.9616932761461204,26.795339862846024,373.9439876428031,,16.669065475126786,0.6221610457306909,1.7683238841236806,16.672624083204028,0.62222103427477,,,,16.672624083204028,1.0,14.737436924565314
285.333,0.016999999999995907,0.869349,27.394506,391.0544462717997,,,,0.9,27.39,391.1,0.9539210251649125,26.807515044520787,374.37634400088467,0.9671904023913667,26.810726955264382,374.3728361773485,,16.67810227091502,0.6221427925421932,1.7187589373851893,16.681610094451173,0.6221990967378704,,,,16.681610094451173,1.0,14.745899825395412
285.35,0.016999999999995907,0.869292,27.396303,391.52027849473006,,,,0.9,27.4,391.5,0.9505858137992691,26.82373170194859,374.83220959822955,0.9609178523970326,26.827169192105032,374.8287582946011,,16.68806889650051,0.6221382275191867,1.7412798480748437,16.69152020012899,0.6221871596143338,,,,16.69152020012899,1.0,14.754943055657769
285.367,0.01599999999996271,0.869159,27.400789,391.98614125842397,,,,0.9,27.4,392.0,0.947250506623365,26.839891660783174,375.28835039681263,0.9603000453082683,26.843504795595777,375.2849590234964,,16.697790861611338,0.6221258667004659,1.797709836507929,16.701182234927558,0.6221684672736075,,,,16.701182234927558,1.0,14.763927637577678
285.383,0.016999999999995907,0.868177,27.415129,392.42466513477495,,,,0.9,27.42,392.4,0.943895606491129,26.855047668889114,375.717909911449,0.9532636332858008,26.858869596320673,375.71457801863073,,16.706755223325956,0.6221085670490284,1.782291709141997,16.710087116144223,0.62214409494111,,,,16.710087116144223,1.0,14.77237827797637
285.4,0.016999999999995907,0.867708,27.429472,392.89084777935136,,,,0.9,27.43,392.9,0.9407172529714665,26.871093894199458,376.17458211473513,0.9522211952773943,26.875075078086528,376.17131654836305,,16.71626566461623,0.6220909997350237,1.804055036107882,16.71953123098831,0.6221203543584192,,,,16.71953123098831,1.0,14.781291292947591
285.417,0.016000000000019554,0.866769,27.444696,393.35727418715726,,,,0.9,27.44,393.4,0.9379097687223109,26.88708608749997,376.6315266445794,0.9565990620394782,26.89126283840624,376.6283304206531,,16.725747542577835,0.6220736411579303,1.8257773491061564,16.72894376650413,0.6220958780192266,,,,16.72894376650413,1.0,14.790194561123434
285.433,0.016999999999995907,0.86659,27.458136,393.7965002695898,,,,0.9,27.46,393.8,0.9350894796652334,26.902092643799545,377.06184007443034,0.954533958481017,26.90656842339889,377.0587130707481,,16.73466019515945,0.6220579349248688,1.8101458625302822,16.73778719884166,0.6220706756602189,,,,16.73778719884166,1.0,14.798612632869391
285.45,0.016999999999995907,0.865932,27.472464,394.2634138038447,,,,0.9,27.47,394.3,0.9324259375049246,26.91798916495385,377.51931076980463,0.9581079416973941,26.922795500693063,377.5162626641028,,16.74410303404005,0.6220413765468116,1.8320306483279776,16.747151139741902,0.6220435444495646,,,,16.747151139741902,1.0,14.807537525381186
285.467,0.016000000000019554,0.865804,27.487696,394.73057081901857,,,,0.9,27.49,394.7,0.9301116743496581,26.933840405891427,377.97705132115675,0.950576538619685,26.939083335701916,377.974088634212,,16.753519497861816,0.6220249041869722,1.8197902690634886,16.756482184806544,0.6220138219253903,,,,16.756482184806544,1.0,14.816495834636054
285.483,0.016999999999995907,0.865591,27.501143,395.1704847779311,,,,0.9,27.5,395.2,0.927800696259596,26.94872219268104,378.40811182194585,0.9531639345597659,26.95429256031985,378.4052356413807,,16.762372955985256,0.6220099356153415,1.8381722202391084,16.76524913655038,0.6219880970362013,,,,16.76524913655038,1.0,14.824860908175918
285.5,0.016999999999995907,0.865598,27.516386,395.6381292868305,,,,0.9,27.52,395.6,0.9256884809905064,26.96449480451745,378.86637416642196,0.9441359903128648,26.970496347207362,378.8635963470946,,16.771755120408557,0.6219940422395279,1.8256292106410985,16.774532939735934,0.6219586293031956,,,,16.774532939735934,1.0,14.83377299096405
285.517,0.016000000000019554,0.865448,27.529844,396.1060329277414,,,,0.9,27.53,396.1,0.9238080288918518,26.980231508694285,379.3249043400842,0.9410707409825041,26.986546659042677,379.3222312126476,,16.781128587657236,0.6219786728757155,1.8469547021972268,16.78380171509383,0.6219321770638593,,,,16.78380171509383,1.0,14.842600662473474
285.533,0.016999999999995907,0.865274,27.545094,396.54662120908597,,,,0.9,27.55,396.5,0.9220187156721034,26.99501243715657,379.7567062916515,0.9311837968733827,27.001603790898415,379.7541364162476,,16.789914917434487,0.621963592590328,1.830417084131068,16.792484792838366,0.6219069401536328,,,,16.792484792838366,1.0,14.85088208499413
285.55,0.016999999999995907,0.865181,27.558561,397.01501283917884,,,,0.9,27.56,397.0,0.9203352155971414,27.010686755322993,380.2157547347874,0.9270433667451934,27.01743391544526,380.2132982367514,,16.799258104391413,0.6219485737837,1.851001852510266,16.80171460242741,0.6218841750482546,,,,16.80171460242741,1.0,14.859588653494894
285.567,0.016000000000019554,0.864845,27.573816,397.48363339483325,,,,0.9,27.57,397.5,0.9189081065976795,27.02633245398814,380.6750693980665,0.9282903983643959,27.033193652679923,380.67272857108037,,16.808563996766736,0.621932851058612,1.8713605567238698,16.810904823752878,0.6218615913361142,,,,16.810904823752878,1.0,14.868256508973959
285.583,0.016999999999995907,0.864576,27.588182,397.9249251509938,,,,0.9,27.59,397.9,0.9175463086314408,27.04103498369372,381.1076083375685,0.9227009525739889,27.048046299053773,381.10537849069476,,16.817316813425293,0.6219183852824594,1.8540989171401656,16.81954666029901,0.6218396136392081,,,,16.81954666029901,1.0,14.876425464479576
285.6,0.016999999999995907,0.864036,27.601639,398.3940491762257,,,,0.9,27.6,398.4,0.9162610894978699,27.056633270940452,381.56743851773274,0.9225585071262085,27.063732215247526,381.56532860806624,,16.82661065849294,0.6219033421488241,1.87422331018892,16.82872056815944,0.621818174755596,,,,16.82872056815944,1.0,14.88505271838614
285.617,0.01599999999996271,0.863567,27.615995,398.8634018924276,,,,0.9,27.62,398.9,0.9151548604697674,27.072209709461912,382.02753368306605,0.9276859469744236,27.07941570986867,382.0255453654296,,16.835868209361536,0.6218874776031781,1.859838770229493,16.837856526997996,0.6217954149159024,,,,16.837856526997996,1.0,14.893678640427769
285.633,0.016999999999995907,0.86286,27.631241,399.30536834900255,,,,0.9,27.63,399.3,0.9141431485115348,27.086852187229393,382.46080617823856,0.9255068717794944,27.094258685020225,382.45893476058774,,16.844562170763993,0.6218722668227089,1.877047974176647,16.84643358841481,0.6217713421968916,,,,16.84643358841481,1.0,14.901842276761124
285.65,0.016999999999995907,0.86257,27.644697,399.77522412927243,,,,0.9,27.64,399.8,0.9131999705020543,27.102392620754085,382.9214147591063,0.9284870047869761,27.109992301840474,382.91967089397593,,16.85380937016612,0.6218568820104853,1.897379393049658,16.855553235296497,0.62174688386585,,,,16.855553235296497,1.0,14.910495766012263
285.667,0.016000000000019554,0.861938,27.659937,400.24530861963734,,,,0.9,27.66,400.2,0.9124319588467678,27.117917020252616,383.3822873910548,0.91996691759642,27.125776580921848,383.38067492947926,,16.863021228582568,0.6218405792741629,1.8833373529726938,16.864633690158087,0.6217198479036118,,,,16.864633690158087,1.0,14.919177119507017
285.683,0.016999999999995907,0.8616,27.674282,400.6879779397019,,,,0.9,27.67,400.7,0.911738784072341,27.13251593159418,383.81629085467006,0.9210958876182997,27.140496051603407,383.81480511054,,16.87168708503185,0.6218253820459675,1.900151225604091,16.873172829161888,0.6216972894334793,,,,16.873172829161888,1.0,14.927272828381875
285.7,0.016999999999995907,0.861189,27.688623,401.1585652349018,,,,0.9,27.69,401.2,0.9111323630428535,27.148015490923406,384.27767537176135,0.9275383424858105,27.156154681692914,384.2763266417729,,16.880889863140453,0.6218093498872639,1.8856552866712892,16.882238593128875,0.6216726480980714,,,,16.882238593128875,1.0,14.935885074931104
285.717,0.016000000000019554,0.861037,27.702072,401.6293962677122,,,,0.9,27.7,401.6,0.9106094325664155,27.16350474109513,384.7393232937334,0.9216164539764276,27.17192283351517,384.7381153006521,,16.890072973978818,0.6217928479761361,1.9061541877579575,16.891280967060084,0.6216446686734131,,,,16.891280967060084,1.0,14.944557558433344
285.733,0.016999999999995907,0.860775,27.717312,402.07273963244876,,,,0.9,27.72,402.1,0.9102004786981525,27.17807449201621,385.17405592759883,0.9256846443496778,27.18666869677881,385.172984032895,,16.89868370484993,0.6217763406975009,1.8884515464536862,16.89975559955377,0.6216192130062674,,,,16.89975559955377,1.0,14.952667783228346
285.75,0.016999999999995907,0.860686,27.730759,402.54405831843616,,,,0.9,27.73,402.5,0.909833774769199,27.193547900154076,385.63621471793215,0.9170337080745348,27.20240533573275,385.63529116217126,,16.90784360050401,0.6217593843430856,1.9088627866671217,16.9087671562649,0.6215908831434752,,,,16.9087671562649,1.0,14.961322934653014
285.767,0.016000000000019554,0.860677,27.746004,403.01560559056304,,,,0.9,27.75,403.0,0.9095952200189102,27.209015074325148,386.0986365032151,0.91412104146756,27.217994908770013,386.0978645642494,,16.916969087347923,0.62174132511364,1.8940961692413985,16.91774102631365,0.6215645598810263,,,,16.91774102631365,1.0,14.969897199823508
285.783,0.016999999999995907,0.860681,27.760351,403.4596518212196,,,,0.9,27.76,403.5,0.9094440836840861,27.223568597845468,386.534097172593,0.9207267154894102,27.232620845433512,386.53346949028355,,16.925554648626587,0.6217243190507402,1.910639466489593,16.926182330936058,0.621540703959616,,,,16.926182330936058,1.0,14.977941464988433
285.8,0.016999999999995907,0.860686,27.773804,403.931702156624,,,,0.9,27.77,403.9,0.9093216759957168,27.239029147268095,386.9970292534264,0.9143816708144079,27.248273199596827,386.99655708966617,,16.934672903197622,0.6217061853284175,1.93079559245135,16.93514506695783,0.6215125979876188,,,,16.93514506695783,1.0,14.986550259778257
285.817,0.016000000000019554,0.860671,27.788153,404.4039811937509,,,,0.9,27.79,404.4,0.9092620143884826,27.25448761576002,387.460224145912,0.9134256583492771,27.263817688000668,387.4599098622107,,16.943757047838915,0.6216868681119918,1.9158602015836976,16.944071331540215,0.6214856453869858,,,,16.944071331540215,1.0,14.995099728400369
285.833,0.016999999999995907,0.860664,27.8034,404.84870180763943,,,,0.9,27.8,404.8,0.9093224271977713,27.269035807990253,387.8964123333025,0.9045615335422106,27.278432498534272,387.8962478637035,,16.952289474336908,0.6216680924732081,1.932398223421599,16.95245394393595,0.6214599737300464,,,,16.95245394393595,1.0,15.00313787419385
285.85,0.016999999999995907,0.860624,27.817747,405.3214839735873,,,,0.9,27.82,405.3,0.9094320890956152,27.28449428925261,388.360117339129,0.9010680389355109,27.293810044604484,388.36011192532004,,16.96136663445833,0.6216485618038164,1.9168601763949895,16.961372048267265,0.6214365828936453,,,,16.961372048267265,1.0,15.011595524532467
285.867,0.01599999999996271,0.860605,27.832096,405.79451003275517,,,,0.9,27.83,405.8,0.9095769876307128,27.299954634767232,388.82408515498304,0.9021890311153814,27.309128201266383,388.82423690040986,,16.970424877772132,0.6216283178785885,1.9358867647018183,16.970273132345312,0.6214139465484059,,,,16.970273132345312,1.0,15.020020510696511
285.883,0.016999999999995907,0.860634,27.846445,406.2399337261941,,,,0.9,27.85,406.2,0.9098043488771203,27.31450786656929,389.2610008549927,0.8957634516493478,27.323563225764197,389.2612984318251,,16.978932871201437,0.621608595481314,1.9170192820972627,16.97863529436904,0.6213916960273829,,,,16.97863529436904,1.0,15.02795977417031
285.9,0.016999999999995907,0.86079,27.860798,406.713447652807,,,,0.9,27.86,406.7,0.9100713208020368,27.329974540500196,389.7254789554527,0.8940718555865553,27.33879120444223,389.7259284444817,,16.987968697354347,0.621587432223178,1.9357481529497225,16.987519208325295,0.6213705310264421,,,,16.987519208325295,1.0,15.036335162443228
285.917,0.016000000000019554,0.861092,27.87426,407.1872056029619,,,,0.9,27.87,407.2,0.9103231760102971,27.345445752953825,390.1902200279469,0.8967074310402563,27.3539904259872,390.1908170883403,,16.996985575015003,0.6215654968132676,1.954392306661175,16.99638851462163,0.6213495087895656,,,,16.99638851462163,1.0,15.04469473429296
285.933,0.016999999999995907,0.861323,27.889515,407.6333039827385,,,,0.9,27.89,407.6,0.9106925416461028,27.36001092377001,390.62786368136125,0.8917144371185565,27.36833774488386,390.6285957137078,,17.005440301377234,0.6215436225064931,1.9351969568655436,17.004708269030687,0.621327770343286,,,,17.004708269030687,1.0,15.052585759686124
285.95,0.016999999999995907,0.860866,27.902956,408.1075501989119,,,,0.9,27.9,408.1,0.9110306632466803,27.37549269697799,391.0931154621375,0.8912721176259616,27.38349689031487,391.0939863081069,,17.014434736774376,0.6215206763622054,1.9537185603992455,17.013563890805017,0.6213072040781781,,,,17.013563890805017,1.0,15.06092328967318
285.967,0.016000000000019554,0.859628,27.918159,408.5820248460488,,,,0.9,27.92,408.6,0.9113634715099154,27.39098021825318,391.55863048191685,0.8953117032593887,27.39864851631451,391.5596345440631,,17.023394364131946,0.6214963549492712,1.9373361341653976,17.022390301985695,0.6212857649474836,,,,17.022390301985695,1.0,15.06925668397298
285.983,0.033999999999991815,0.858509,27.932453,409.02882542243333,,,,0.9,27.93,409.0,0.9120969823578686,27.405562033797356,391.99700281993375,0.887106798073653,27.412973503566676,391.99812752022274,,17.031822602499574,0.621473209762873,1.9529358695597097,17.03069790221059,0.6212641580087889,,,,17.03069790221059,1.0,15.077135426961673
286.017,0.016000000000019554,0.857786,27.960148,409.9790250426351,,,,0.9,27.96,410.0,0.912397394528095,27.436573331197515,392.92931912113846,0.891867366019452,27.443135134701173,392.930681367073,,17.04970592149664,0.6214225703655857,1.9545676398119833,17.04834367556208,0.6212243459751385,,,,17.04834367556208,1.0,15.093724324085645
286.033,0.016999999999995907,0.857853,27.975338,410.42649720724364,,,,0.9,27.98,410.4,0.9127897356337753,27.451171689509984,393.36842108130463,0.8888052926698189,27.4574050125575,393.36988568825166,,17.05807612593901,0.6213970142650587,1.9350336277318592,17.056611518991986,0.621202604950877,,,,17.056611518991986,1.0,15.101572756906627
286.05,0.016999999999995907,0.857927,27.988741,410.90220191300205,,,,0.9,27.99,410.9,0.9131423775575577,27.466689115015754,393.835222898143,0.8899561474308256,27.472514702532884,393.8367900058298,,17.066979014859044,0.6213700873589713,1.953436725308634,17.065411907172233,0.6211812821634,,,,17.065411907172233,1.0,15.109883086393086
286.067,0.03300000000001546,0.857917,28.003929,411.3781344804534,,,,0.9,28.0,411.4,0.9138806337111647,27.48221253543423,394.30228856217167,0.8999288934067451,27.487643957039204,394.3039513544361,,17.075845918281743,0.6213417459116503,1.9719250400135362,17.074183126017317,0.621158479522755,,,,17.074183126017317,1.0,15.118204176371563
286.1,0.016999999999995907,0.857805,28.03162,412.30273127326035,,,,0.9,28.03,412.3,0.9142265362179356,27.512370596346713,395.20969918384645,0.9005082187121736,27.51734161052164,395.21153361630127,,17.093032089413896,0.6212853243436474,1.9719334929362677,17.091197656959082,0.6211064244092541,,,,17.091197656959082,1.0,15.134537885786903
286.117,0.01599999999996271,0.857725,28.04591,412.7793927660827,,,,0.9,28.05,412.8,0.9145308085480832,27.527912447462413,395.6775415897187,0.9050766187030665,27.532650250239744,395.67945854711763,,17.101851176363994,0.6212549247605763,1.9560356376506398,17.099934218965075,0.6210783946894533,,,,17.099934218965075,1.0,15.142957637631861
286.133,0.016999999999995907,0.857628,28.061092,413.22823711488167,,,,0.9,28.06,413.2,0.9149019367266277,27.542544940399146,396.11810524882054,0.9011200913894154,27.547131476138958,396.1200968009276,,17.110131866061124,0.621225522299653,1.972266432844262,17.10814031395404,0.6210497934702542,,,,17.10814031395404,1.0,15.150922311876428
286.15,0.016999999999995907,0.857528,28.075378,413.70539960612757,,,,0.9,28.08,413.7,0.9152449805131486,27.558098273323495,396.5864607161371,0.901541677919564,27.562450517692575,396.5885282478751,,17.11893888999049,0.6211944931832175,1.9563874605349931,17.116871358252467,0.6210213909414549,,,,17.116871358252467,1.0,15.159347784730917
286.167,0.016000000000019554,0.857418,28.089664,414.1828049449235,,,,0.9,28.09,414.2,0.915537991329175,27.573657437992214,397.0550806396831,0.9054444802133764,27.577776726217206,397.0572201794482,,17.12772430524035,0.6211625840263398,1.97563199518968,17.125584765475253,0.6209922190426095,,,,17.125584765475253,1.0,15.167777199419465
286.183,0.016999999999995907,0.857296,28.103947,414.632349318428,,,,0.9,28.1,414.6,0.9158513381998296,27.5883060458535,397.4963763475544,0.9006830272171001,27.59226383790064,397.4985805039617,,17.13597297087358,0.6211317556936086,1.991915365060009,17.133768814466293,0.6209627783759957,,,,17.133768814466293,1.0,15.175745110845352
286.2,0.016999999999995907,0.857167,28.117334,415.1102402966999,,,,0.9,28.12,415.1,0.9160896004459572,27.603875518602894,397.96550989085216,0.9002018884101968,27.607575449363324,397.96777913790334,,17.144730405847724,0.6210986712461259,1.9759964319543641,17.14246115879655,0.6209332358880462,,,,17.14246115879655,1.0,15.18416649714983
286.217,0.016000000000019554,0.857012,28.132505,415.5883588353313,,,,0.9,28.13,415.6,0.9163095550883202,27.619449041810473,398.4349081496156,0.9031689592137784,27.622878881466292,398.4372379997153,,17.15345068571571,0.6210641877666975,1.9951964944064131,17.151120835615984,0.620902727380947,,,,17.151120835615984,1.0,15.192583384806461
286.233,0.016999999999995907,0.856874,28.146782,416.03858861286784,,,,0.9,28.15,416.0,0.9165377743590565,27.634109994691904,398.8769366219081,0.8977537333273246,27.63732958481373,398.87931966744605,,17.16165199095974,0.6210314714045878,1.9762008697076503,17.159268945421786,0.6208728991982833,,,,17.159268945421786,1.0,15.200531271647554
286.25,0.016999999999995907,0.857754,28.16118,416.51720772516074,,,,0.9,28.16,416.5,0.9167549836598607,27.649691136856006,399.34684893152615,0.8960999300521704,27.652591398280293,399.34928399580224,,17.17035879363459,0.6209964049380337,1.995272329843357,17.167923729358506,0.6208432143696367,,,,17.167923729358506,1.0,15.208925269054163
286.267,0.016000000000019554,0.857534,28.175306,416.9960717306136,,,,0.9,28.18,417.0,0.9169059382683764,27.66527597157822,399.81702615194774,0.8982904484130834,27.66782509709118,399.8195075360128,,17.179045578665864,0.6209605715234747,1.9790416099109023,17.176564194600815,0.6208136756078688,,,,17.176564194600815,1.0,15.21730380340015
286.283,0.016999999999995907,0.848855,28.189425,417.4469863909662,,,,0.8,28.19,417.4,0.9168078462959122,27.679946466590533,400.2597879314536,0.8887435269646705,27.682197744265807,400.2623077187442,,17.187198459512558,0.6209260007152603,1.9949680214662608,17.18467867222199,0.6207844778430459,,,,17.18467867222199,1.0,15.225208759346195
286.3,0.016999999999995907,0.855416,28.20381,417.9263292755136,,,,0.9,28.2,417.9,0.9168611652057759,27.69553219997756,400.7304795001194,0.8858276415237716,27.697306384224202,400.7330335038362,,17.19584977539421,0.6208889452360169,2.013529447271591,17.193295771677356,0.6207569621813582,,,,17.193295771677356,1.0,15.233518511323313
286.317,0.016000000000019554,0.859953,28.21726,418.40591765312547,,,,0.9,28.22,418.4,0.9169540409310767,27.711118839786053,401.20143603395724,0.8867795761163308,27.7123654541301,401.2040157144621,,17.204481619168234,0.6208512084494768,1.996661486866976,17.201901938663354,0.6207301923445037,,,,17.201901938663354,1.0,15.241800999771556
286.333,0.016999999999995907,0.858185,28.232403,418.85750388711,,,,0.9,28.23,418.9,0.9170228044107712,27.725790104440968,401.64493130551165,0.8960162957332287,27.72655392734798,401.64752706951447,,17.21257258159835,0.6208145021930803,2.0119611856182757,17.209976817595532,0.6207037795858409,,,,17.209976817595532,1.0,15.24960466004139
286.35,0.016999999999995907,0.865345,28.246992,419.3375787458424,,,,0.9,28.25,419.3,0.9172525514644361,27.741379492115946,402.1164022470823,0.89121356793026,27.74178620437544,402.11900796063395,,17.221176498760087,0.620775780225865,1.9956912335172614,17.218570785208442,0.6206727518681809,,,,17.218570785208442,1.0,15.257982412406493
286.367,0.01599999999996271,0.862616,28.261168,419.8179026521948,,,,0.9,28.26,419.8,0.9173333169096403,27.756972785490838,402.58813824144187,0.8899337484578377,27.756936835030253,402.59074710646877,,17.22976441075292,0.6207364377919226,2.0144400874942185,17.22715554572602,0.620643252103551,,,,17.22715554572602,1.0,15.26631525926664
286.383,0.016999999999995907,0.84739,28.275085,420.2701917550417,,,,0.8,28.28,420.3,0.9169544648362076,27.771650118561357,403.03236722467324,0.8943791636785968,27.771175775005545,403.034972007348,,17.23782453036847,0.6206986065566,1.9946053228914806,17.23521974769369,0.6206154138855595,,,,17.23521974769369,1.0,15.274146676253052
286.4,0.016999999999995907,0.841356,28.289095,420.7509906478966,,,,0.8,28.29,420.8,0.9163516896321684,27.78723834446357,403.5046177766088,0.9017803419197126,27.78638022078808,403.50721123331215,,17.246372871287747,0.6206580394026086,2.0135646329664985,17.243779414584424,0.6205838715790579,,,,17.243779414584424,1.0,15.282509121433444
286.417,0.016000000000019554,0.843751,28.302334,421.23202683883846,,,,0.8,28.3,421.2,0.9157713904002988,27.802816323187315,403.97713324128375,0.8950311869904337,27.80171048660071,403.97971000432483,,17.254893597554712,0.6206167532446804,2.0329901724578208,17.252316834513636,0.6205487551864317,,,,17.252316834513636,1.0,15.290940767630392
286.433,0.016999999999995907,0.908061,28.319408,421.68497218296704,,,,0.9,28.32,421.7,0.9170721413893255,27.817468665433736,404.4220955211932,0.8993723370083194,27.816030985592576,404.4246519361029,,17.262876661773817,0.620576834988039,2.0134268355246463,17.260320246864126,0.6205170053126622,,,,17.260320246864126,1.0,15.298817042075918
286.45,0.016999999999995907,0.889543,28.333693,422.16653333378144,,,,0.9,28.33,422.2,0.917735814252849,27.83305889183735,404.8951250054299,0.9065296651434308,27.831320315321715,404.89765442216054,,17.271408328351527,0.620535759129829,2.0327251874096346,17.268878911620902,0.6204836391507459,,,,17.268878911620902,1.0,15.307226173426944
286.467,0.016000000000019554,0.864374,28.347826,422.6483346537448,,,,0.9,28.35,422.6,0.917599189053245,27.848660400679645,405.3684196194162,0.8998215201058724,27.84673131962915,405.37091786105753,,17.27991503432861,0.6204935815837984,2.0170447061888517,17.27741679268729,0.6204468522489908,,,,17.27741679268729,1.0,15.315702225796034
286.483,0.016999999999995907,0.8524,28.361908,423.1020105096174,,,,0.9,28.36,423.1,0.9170822537660575,27.863341987704516,405.81411563852384,0.9008432035744008,27.861128463950863,405.8165807393267,,17.287894871093556,0.62045302673033,2.0331678016933967,17.285429770290705,0.6204138426286677,,,,17.285429770290705,1.0,15.323620655172975
286.5,0.016999999999995907,0.841655,28.375467,423.58428611741726,,,,0.8,28.38,423.6,0.9161816158003914,27.878932386018533,406.2879249707004,0.902301480511988,27.876442798411624,406.2903500950566,,17.29636114671689,0.6204097383367209,2.017123223160868,17.29393602236064,0.6203781503767056,,,,17.29393602236064,1.0,15.332043539126394
286.517,0.016000000000019554,0.822614,28.389421,424.0667906755647,,,,0.8,28.39,424.1,0.9147809128588489,27.894507473487135,406.76199920950603,0.9062656948095936,27.891781923580325,406.76438000519346,,17.304791466058646,0.6203655498311385,2.036640621893166,17.302410670371216,0.6203408128522394,,,,17.302410670371216,1.0,15.34048005796918
286.533,0.016999999999995907,0.852457,28.403774,424.52112670615725,,,,0.9,28.4,424.5,0.914152523907284,27.909143968092895,407.20842842103923,0.9034988818611434,27.906282174697296,407.21076451798024,,17.312698285118017,0.6203235149351318,2.053164768333984,17.31036218817701,0.6203034169801509,,,,17.31036218817701,1.0,15.348455196083513
286.55,0.016999999999995907,0.844958,28.417627,425.0041140441936,,,,0.8,28.42,425.0,0.9132439072656386,27.924684560999314,407.6830159635364,0.9011902976645199,27.92164165568893,407.6853018705384,,17.321098080657237,0.6202790954655418,2.03726871236284,17.318812173655203,0.6202648249418586,,,,17.318812173655203,1.0,15.356902910628913
286.567,0.016000000000019554,0.833722,28.431396,425.4873357996245,,,,0.8,28.43,425.5,0.9120313815432405,27.940209707422827,408.1578675648178,0.9016369754591492,27.936961890749224,408.16010000068303,,17.329468234806654,0.6202340074134363,2.0567549193983234,17.327235798941445,0.6202262030746807,,,,17.327235798941445,1.0,15.365329039912075
286.583,0.016999999999995907,0.830654,28.444374,425.942344852041,,,,0.8,28.44,425.9,0.9106099399623558,27.954802209527536,408.60502766015395,0.8923622098214088,27.951388082356587,408.6072068004684,,17.337317191887053,0.6201910162676151,2.0730447913922734,17.335138051572585,0.620188807815052,,,,17.335138051572585,1.0,15.373263445296123
286.6,0.016999999999995907,0.804192,28.458063,426.4260192395439,,,,0.8,28.46,426.4,0.9083960722332215,27.970282578506893,409.0803908808522,0.8865205983320953,27.966558239923547,409.08250934420766,,17.345628358691727,0.6201449095126614,2.056454560682079,17.34350989533624,0.6201517450430344,,,,17.34350989533624,1.0,15.381607031957952
286.617,0.01599999999996271,0.793359,28.471476,426.9099225162878,,,,0.8,28.47,426.9,0.9059993189756403,27.985725311734853,409.55601694791915,0.883691384865226,27.98162909009519,409.5580689365127,,17.353905568368646,0.6200984743136845,2.0750795674883586,17.35185357977508,0.6201159169076833,,,,17.35185357977508,1.0,15.389895999552355
286.633,0.016999999999995907,0.815542,28.485437,427.36556768223875,,,,0.8,28.49,427.4,0.9041170382906728,28.00022130083843,410.0039045208187,0.8887518982763284,27.995768152253,410.00588811445044,,17.36166316142004,0.6200544979585632,2.0547602173942603,17.359679567788305,0.6200822736271754,,,,17.359679567788305,1.0,15.39767248373915
286.65,0.016999999999995907,0.835173,28.49958,427.84993795705765,,,,0.8,28.5,427.8,0.9027760420575033,28.01559129048937,410.4800389278449,0.8787532690948952,28.010876934523694,410.4819445976879,,17.369899029212775,0.6200082964199097,2.0735393585168356,17.367993359369734,0.6200446133824359,,,,17.367993359369734,1.0,15.405982313988034
286.667,0.016000000000019554,0.845819,28.513783,428.334551499556,,,,0.8,28.51,428.3,0.9017669321891003,28.03093848320434,410.95643443092115,0.8720721557710972,28.025815740098302,410.95825648542205,,17.37811706863488,0.6199620137244977,2.0917220676311836,17.376295014133973,0.6200103210295718,,,,17.376295014133973,1.0,15.414198657054067
286.683,0.016999999999995907,0.850677,28.528008,428.7908802923886,,,,0.9,28.53,428.8,0.9008276922542694,28.045366754119385,411.40504487282027,0.875911949856292,28.039768894590658,411.4067811625001,,17.38583541956831,0.6199182764124355,2.07071061833743,17.384099129888455,0.6199801145023752,,,,17.384099129888455,1.0,15.421872892024863
286.7,0.016999999999995907,0.85278,28.542242,429.27597935121497,,,,0.9,28.54,429.3,0.8999028855337383,28.060680824887704,411.8819462772417,0.8819850996277089,28.054659397738213,411.8835838029848,,17.394033073973276,0.6198720972780561,2.088735559967642,17.392395548230184,0.6199467725362002,,,,17.392395548230184,1.0,15.430062668756019
286.717,0.016000000000019554,0.853633,28.556479,429.7613206919249,,,,0.9,28.56,429.8,0.8990117134972178,28.075979173941775,412.35910788723163,0.8900548418733146,28.069653144431882,412.36064045959307,,17.40221280469325,0.6198256772054029,2.071454542487855,17.40068023233181,0.6199107677888619,,,,17.40068023233181,1.0,15.438309229437536
286.733,0.016999999999995907,0.853809,28.570711,430.21833362094947,,,,0.9,28.57,430.2,0.8980615231083776,28.09036336135775,412.8084386275146,0.8882131909307213,28.083894021901873,412.8098688369243,,17.409894993434875,0.6197817653503421,2.0871521167786686,17.40846478402517,0.6198736104917921,,,,17.40846478402517,1.0,15.446141712046032
286.75,0.016999999999995907,0.853678,28.584051,430.70415908334985,,,,0.9,28.58,430.7,0.8970258026030236,28.105630407250587,413.2861045745476,0.8886872341648051,28.09899364614769,413.2874233821026,,17.418054508802243,0.6197354144495117,2.105964610005292,17.416735701247262,0.6198348567417488,,,,17.416735701247262,1.0,15.454446505381231
286.767,0.016000000000019554,0.853356,28.599161,431.19021130682074,,,,0.9,28.6,431.2,0.8960359313177818,28.120879845894834,413.7640299116992,0.8915732955533321,28.114101329128488,413.7652346893923,,17.426181395121546,0.6196883415675015,2.089078479444362,17.424976617428456,0.6197948998417662,,,,17.424976617428456,1.0,15.46275573102067
286.783,0.016999999999995907,0.853034,28.613379,431.6479071123893,,,,0.9,28.61,431.6,0.8949709582638975,28.135216420795935,414.21407868183326,0.8843176001286747,28.128366501857357,414.2151744320407,,17.433828430556048,0.619644369171085,2.104893029111429,17.43273268034858,0.6197563118070675,,,,17.43273268034858,1.0,15.470601576021547
286.8,0.016999999999995907,0.852538,28.627586,432.13445781880216,,,,0.9,28.63,432.1,0.8938524123386716,28.15043092708642,414.69250668429015,0.8799065497049833,28.143399901059542,414.6934844464654,,17.44195113451201,0.6195980153799109,2.087718614540852,17.44097337233677,0.6197180665325426,,,,17.44097337233677,1.0,15.47886994558275
286.817,0.016000000000019554,0.852225,28.641792,432.62124997254307,,,,0.9,28.64,432.6,0.8927558554938679,28.16562641809617,415.17119317172404,0.8778905957672888,28.158358312404523,415.1720493912797,,17.450056800819027,0.6195515250322114,2.1060572593505107,17.44920058126337,0.6196810335202149,,,,17.44920058126337,1.0,15.48709707182249
286.833,0.016999999999995907,0.851988,28.655107,433.07962772934366,,,,0.9,28.66,433.1,0.8915478452302343,28.17991051178409,415.6219574671636,0.8833032017244946,28.172404561936816,415.622695494275,,17.457670262180045,0.6195076543937111,2.0852891312835684,17.456932235068678,0.6196465124831552,,,,17.456932235068678,1.0,15.49482250906525
286.85,0.016999999999995907,0.851842,28.670197,433.56688766060955,,,,0.9,28.67,433.6,0.8903386253464262,28.195066825153,416.1011447745275,0.890473880105319,28.187420716366127,416.1017540091404,,17.46574288608207,0.6194609501865329,2.103853736725753,17.46513365146916,0.6196073712174944,,,,17.46513365146916,1.0,15.503081394001372
286.867,0.01599999999996271,0.85158,28.684395,434.0544041007784,,,,0.9,28.68,434.1,0.889163560675876,28.210202581783886,416.58058956448633,0.8987494882743435,28.202558772327915,416.58106883479417,,17.473814536292082,0.6194147130150498,2.1228759588959347,17.473335265984247,0.6195656006620548,,,,17.473335265984247,1.0,15.511407324780354
