SimTime,dT,Real_Prec_Acc,Real_Prec_Vel,Real_Prec_Pos,Quantized_Prec_Acc,Quantized_Prec_Vel,Quantized_Prec_Pos,Received_Prec_Acc,Received_Prec_Vel,Received_Prec_Pos,Ego_Acc_Benign,Ego_Vel_Benign,Ego_Pos_Benign,Ego_Acc,Ego_Vel,Ego_Pos,Safe_Gap_Benign,Space_Headway_Benign,Time_Headway_Benign,Safe_Gap,Space_Headway,Time_Headway,Bit_Flip_Pairs,XOR_Bin,XOR_Pattern,Real_Gap,Communication_Success,Desired_Space_HW
269.65,0.016999999999995907,1.545161,22.904129,0.0,,,,1.545161,22.904129,0.0,0.9801749833197637,22.904129,-20.0,0.9801749833197637,22.904129,-20.0,,20.0,0.8732050015960005,3.2904129,20.0,0.8732050015960005,,,,20.0,1.0,12.597270950000002
269.667,0.016000000000019554,1.543022,22.92981,0.38959346876440615,,,,7.9,22.74,0.0,1.8623039146649734,22.920791974716433,-19.610488171715005,1.9590300037627402,22.920791974716433,-19.610488171715005,,20.00008164047941,0.8725737602147948,3.8080232442357267,20.00008164047941,0.8725737602147948,,,,20.00008164047941,1.0,12.606435586094038
269.683,0.016999999999995907,1.540511,22.955446,0.756667935580855,,,,7.9,22.77,0.4,2.7590061290842964,22.95058883735111,-19.243517125218016,2.960141306233713,22.952136454776674,-19.24350474427861,,20.00018506079887,0.8714453996164759,3.8156928853956926,20.000172679859464,0.871386100342617,,,,20.000172679859464,1.0,12.623675050127172
269.7,0.016999999999995907,1.538284,22.981054,1.147133121420261,,,,7.9,22.8,0.8,3.6121506784493604,22.99749194154553,-18.852958438597486,3.9146785877484973,23.002458856982635,-18.85289068412875,,20.000091560017747,0.8696640316628221,3.879815477396942,20.00002380554901,0.8694732997849834,,,,20.00002380554901,1.0,12.651352371340451
269.717,0.016000000000019554,1.536777,23.006649,1.5380333214581667,,,,7.9,22.82,1.1,4.373920184570312,23.058898503079153,-18.46147911981827,4.752117938805107,23.069008392974343,-18.461283212504206,,19.999512441276437,0.8673229746254278,4.021072603992479,19.99931653396237,0.8669343819760001,,,,19.99931653396237,1.0,12.68795461613589
269.733,0.016999999999995907,1.535999,23.03224,1.9063364129146172,,,,7.9,22.85,1.5,5.142153291899452,23.128881226032362,-18.09197688198493,5.602369718186336,23.145042279995316,-18.091570807119997,,19.998313294899546,0.8646468067115476,4.162659361922703,19.997907220034612,0.8640255212374,,,,19.997907220034612,1.0,12.729773253997426
269.75,0.016999999999995907,1.535623,23.057829,2.298106444770023,,,,7.9,22.87,1.9,5.866412391245748,23.21629783199463,-17.698042859991798,6.40522966565398,23.24028256520446,-17.697295545935894,,19.996149304761822,0.8612979317143715,4.3911428634295895,19.99540199070592,0.8603768880436591,,,,19.99540199070592,1.0,12.782155410862455
269.767,0.016000000000019554,1.535284,23.08181,2.6903114352934283,,,,7.9,22.87,1.9,6.506595617033946,23.316026842645783,-17.30251810025745,6.40522966565398,23.349171469520552,-17.301285186640825,,19.99282953555088,0.8574715439503326,4.7190989165190835,19.991596621934253,0.8562015422273463,,,,19.991596621934253,0.0,12.842044308236305
269.783,0.016999999999995907,1.534274,23.110558,3.05981691164588,,,,7.9,22.87,1.9,7.145694813919732,23.420132372518452,-16.928628826535682,6.40522966565398,23.45165514417114,-16.926878573730836,,19.98844573818156,0.8534727908556279,5.029117326987656,19.986695485376714,0.852250954677046,,,,19.986695485376714,0.0,12.898410329294128
269.8,0.016999999999995907,1.532776,23.134481,3.4529181002387856,,,,7.9,22.87,1.9,7.740847291081353,23.541609184355057,-16.529454023302353,6.40522966565398,23.560544048487234,-16.527274880593335,,19.98237212354114,0.8488107999354919,5.359950396142924,19.980192980832122,0.8480361463518498,,,,19.980192980832122,0.0,12.958299226667979
269.817,0.016000000000019554,1.53109,23.158379,3.846425763370691,,,,7.9,22.87,1.9,8.0,23.67320358830341,-16.128128114734853,6.40522966565398,23.669432952803326,-16.125820076082462,,19.974553878105546,0.8437621804585286,5.692265564483581,19.97224583945315,0.8437990837920647,,,,19.97224583945315,0.0,13.018188124041831
269.833,0.016999999999995907,1.529456,23.185442,4.217155806891144,,,,7.9,22.87,1.9,8.0,23.801203588303565,-15.748332857321532,6.40522966565398,23.771916627453916,-15.746289279439939,,19.96548866421268,0.8388436572184172,6.006386671659132,19.963445086331085,0.8397911451227088,,,,19.963445086331085,0.0,13.074554145099654
269.85,0.016999999999995907,1.528018,23.210886,4.6115293272830495,,,,7.9,22.87,1.9,8.0,23.937203588303532,-15.34255639632047,6.40522966565398,23.880805531770008,-15.341241141086632,,19.95408572360352,0.8336013707697131,6.3415788560655635,19.952770468369682,0.8355149679446685,,,,19.952770468369682,0.0,13.134443042473505
269.867,0.01599999999996271,1.526422,23.236303,5.006335187883955,,,,7.9,23.05,4.6,8.0,24.0732035883035,-14.934467935319407,7.028658203444214,23.9896944360861,-14.934341891359953,,19.940803123203363,0.8283402352353322,6.1616531396573855,19.94067707924391,0.8312184689292447,,,,19.94067707924391,1.0,13.194331939847356
269.883,0.016999999999995907,1.524782,23.261692,5.378311417899087,,,,7.9,23.08,5.0,8.0,24.2012035883032,-14.548272677907454,7.653007688445445,24.102152967340945,-14.549607112133433,,19.92658409580654,0.823371615510782,6.424426400552967,19.92791853003252,0.8268107233837316,,,,19.92791853003252,1.0,13.256184132037522
269.9,0.016999999999995907,1.522849,23.287043,5.7739805128979915,,,,7.9,23.1,5.4,8.0,24.33720358830317,-14.135696216906398,8.0,24.232254098044486,-14.138764652077755,,19.90967672980439,0.8180757767656298,6.772734076816558,19.912745164975746,0.8217454754480592,,,,19.912745164975746,1.0,13.327739753924469
269.917,0.016000000000019554,1.520545,23.312349,6.170080295578396,,,,7.9,23.13,5.8,8.0,24.473203588303136,-13.720807755905344,8.0,24.368254098044453,-13.725660332411099,,19.890888051483742,0.8127619246787334,7.112757146483215,19.895740627989497,0.8164614726988638,,,,19.895740627989497,1.0,13.40253975392445
269.933,0.016999999999995907,1.518009,23.339195,6.543272509338852,,,,7.9,23.15,6.2,8.0,24.601203588303292,-13.328212498492013,8.0,24.49625409804461,-13.33474426684191,,19.871485007830863,0.8077444234183246,7.458623212052423,19.87801677618076,0.8114716926359572,,,,19.87801677618076,1.0,13.472939753924535
269.95,0.016999999999995907,1.515169,23.362822,6.940258176639256,,,,7.9,23.18,6.5,8.0,24.73720358830326,-12.908836037490957,8.0,24.632254098044577,-12.91715194717525,,19.84909421413021,0.8023984660705812,7.802946781719072,19.857410123814507,0.8061548100622623,,,,19.857410123814507,1.0,13.547739753924517
269.967,0.016000000000019554,1.511253,23.387951,7.337645092559661,,,,7.9,23.18,6.5,8.0,24.873203588303227,-12.487147576489903,8.0,24.768254098044544,-12.497247627508594,,19.824792669049565,0.797034149568586,8.236451101385725,19.834892720068254,0.8008191712484983,,,,19.834892720068254,0.0,13.6225397539245
269.983,0.033999999999991815,1.507639,23.411459,7.712045748944118,,,,7.9,23.18,6.5,8.0,25.001203588303383,-12.088152319076562,8.0,24.8962540980447,-12.099931561939394,,19.80019806802068,0.7919697944975757,8.64656716695494,19.811977310883513,0.7957814550277869,,,,19.811977310883513,0.0,13.692939753924586
270.017,0.016000000000019554,1.503375,23.46312,8.508906770285925,,,,7.9,23.18,6.5,8.0,25.273203588303318,-11.233487397074454,8.0,25.168254098044635,-11.24883492260608,,19.74239416736038,0.7811591474100794,9.524863806288247,19.757741692892004,0.7850263119533197,,,,19.757741692892004,0.0,13.84253975392455
270.033,0.016999999999995907,1.50225,23.488129,8.884509122286385,,,,7.9,23.18,6.5,8.0,25.401203588303474,-10.828092139661104,8.0,25.29625409804479,-10.845118857036871,,19.71260126194749,0.7760498904478912,9.94137987185747,19.729627979323254,0.7799426706758217,,,,19.729627979323254,0.0,13.912939753924636
270.05,0.016999999999995907,1.495687,23.512918,9.28402439041129,,,,7.9,23.18,6.5,8.0,25.53720358830344,-10.39511567866005,8.0,25.43225409804476,-10.413926537370214,,19.679140069071337,0.7706066954834783,10.386172191524123,19.697950927781505,0.7745263495655264,,,,19.697950927781505,0.0,13.987739753924618
270.067,0.016000000000019554,1.481404,23.537374,9.683960123182693,,,,7.9,23.18,6.5,8.0,25.67320358830341,-9.959827217658995,8.0,25.568254098044726,-9.980422217703557,,19.64378734084169,0.7651474921420133,10.83327651119078,19.66438234088625,0.7690936684796964,,,,19.66438234088625,0.0,14.0625397539246
270.083,0.016999999999995907,1.464704,23.561563,10.060747726895155,,,,7.9,23.38,9.7,8.0,25.801203588303565,-9.548031960245636,8.0,25.696254098044882,-9.57030615213434,,19.60877968714079,0.7599947661368022,10.67419257676002,19.631053879029494,0.7639655882965112,,,,19.631053879029494,1.0,14.132939753924687
270.1,0.016999999999995907,1.450397,23.585546,10.461505947623058,,,,7.9,23.4,10.1,8.0,25.937203588303532,-9.108255499244581,8.0,25.83225409804485,-9.132313832467682,,19.569761446867638,0.7545054492957246,11.067309896426671,19.59381978009074,0.7585021309299418,,,,19.59381978009074,1.0,14.207739753924669
270.117,0.01599999999996271,1.433325,23.609165,10.862669811989461,,,,7.9,23.43,10.5,8.0,26.0732035883035,-8.666167038243527,8.0,25.968254098044817,-8.692009512801025,,19.528836850232988,0.7490002823816276,11.43340796609332,19.554679324790484,0.7530224885724136,,,,19.554679324790484,1.0,14.28253975392465
270.133,0.016999999999995907,1.409966,23.632313,11.240599917588579,,,,7.8,23.45,10.9,8.0,26.2012035883032,-8.247971780831648,8.0,26.09625409804452,-8.27549344723328,,19.488571698420227,0.7438044451942795,11.80412403166104,19.51609336482186,0.7478503731416483,,,,19.51609336482186,1.0,14.352939753924487
270.15,0.03300000000001546,1.383043,23.654987,11.642552978675482,,,,7.8,23.47,11.2,8.0,26.33720358830317,-7.801395319830601,8.0,26.232254098044486,-7.830701127566631,,19.443948298506083,0.7382692787909152,12.203866351327683,19.473254106242113,0.7423400990803062,,,,19.473254106242113,1.0,14.427739753924469
270.183,0.033999999999991815,1.340107,23.699457,12.42392061658935,,,,7.8,23.49,11.6,8.0,26.601203588303292,-6.927911601416185,8.0,26.49625409804461,-6.960680742330754,,19.351832218005534,0.7274795726353769,13.041586736563577,19.384601358920104,0.7315978057574056,,,,19.384601358920104,1.0,14.572939753924537
270.217,0.016000000000019554,1.329343,23.743753,13.230476736435154,,,,7.8,23.49,11.6,7.994119239283685,26.873203588303227,-6.018846679414093,8.0,26.768254098044544,-6.0551841029974565,,19.249323415849247,0.7163017744645699,13.974283375896864,19.28566083943261,0.7204676393460211,,,,19.28566083943261,0.0,14.7225397539245
270.233,0.016999999999995907,1.331623,23.766003,13.610546940339619,,,,7.8,23.49,11.6,7.9627106848477585,27.00110949613192,-5.587852174738085,8.0,26.8962540980447,-5.6258680374282175,,19.198399115077706,0.7110226014167306,14.416399441466119,19.236414977767836,0.7152079582400391,,,,19.236414977767836,0.0,14.792939753924585
270.25,0.016999999999995907,1.334859,23.788305,14.014761410863022,,,,7.8,23.49,11.6,7.905358131882375,27.1364755777743,-5.127682701609992,8.0,27.032254098044668,-5.167475717761569,,19.142444112473015,0.7054137910286085,14.888391761132766,19.182237128624593,0.7096055348936702,,,,19.182237128624593,0.0,14.867739753924567
270.267,0.016000000000019554,1.33719,23.810625,14.419355482988424,,,,7.8,23.49,11.6,7.827789827257014,27.270866666016268,-4.665220292537883,8.0,27.168254098044635,-4.706771398094921,,19.084575775526307,0.6998155214226708,15.36269608079941,19.126126881083344,0.7039880741714609,,,,19.126126881083344,0.0,14.94253975392455
270.283,0.016999999999995907,1.338261,23.832949,14.80049664330889,,,,7.8,23.49,11.6,7.72268107658484,27.396111303252532,-4.2278844687831985,8.0,27.29625409804479,-4.271055332525673,,19.028381112092088,0.6945650388649499,15.811212146368677,19.071551975834563,0.698687516145325,,,,19.071551975834563,0.0,15.012939753924636
270.3,0.016999999999995907,1.338446,23.855263,15.205850155023292,,,,7.8,23.49,11.6,7.594275492524243,27.52739688155444,-3.7610346492124513,8.0,27.43225409804476,-3.805863012859024,,18.966884804235743,0.6890184671600776,16.29000446603532,19.011713167882316,0.6930423252837025,,,,19.011713167882316,0.0,15.087739753924618
270.317,0.016000000000019554,1.338104,23.877567,15.611583031470195,,,,7.7,23.7,15.2,7.452397392240968,27.656499564927323,-3.291971529417469,7.954630788605875,27.568254098044726,-3.338358693192376,,18.903554560887663,0.6835121891152222,16.151740035701962,18.949941724662573,0.6873827286003793,,,,18.949941724662573,1.0,15.1625397539246
270.333,0.016999999999995907,1.337344,23.899851,15.993795380782663,,,,7.7,23.72,15.6,7.281589316626161,27.775737923203323,-2.848513629511882,7.8844005865330935,27.695528190662575,-2.8962484348821773,,18.842309010294546,0.6783729405278568,16.544795429052847,18.89004381566484,0.6820611502918921,,,,18.89004381566484,1.0,15.232540504864417
270.35,0.03299999999995862,1.336264,23.922113,16.400286093990566,,,,7.7,23.74,16.0,6.910377092388646,27.899524941585938,-2.375273895161287,7.695514866534262,27.829563000633605,-2.4242851597562733,,18.77555998915185,0.6729705981898544,16.964017350453048,18.82457125374684,0.6764235303773276,,,,18.82457125374684,1.0,15.306259650348483
270.383,0.016999999999995907,1.334037,23.966583,17.190443418737573,,,,7.7,23.76,16.4,6.6821025525915045,28.127567385634478,-1.4508268717633093,7.4815619059965695,28.083514991228917,-1.5017193728916987,,18.64127029050088,0.662740223316343,17.81748989053409,18.692162791629272,0.665591995783549,,,,18.692162791629272,1.0,15.445933245175906
270.4,0.016999999999995907,1.333158,23.988796,17.598068098083974,,,,7.7,23.81,17.2,6.436426717303079,28.241163129028507,-0.9716926623887892,7.317072494836126,28.21070154363083,-1.023218532345506,,18.569760760472764,0.6575423496415872,18.129044003351517,18.62128663042948,0.6600788215645645,,,,18.62128663042948,1.0,15.515885848996957
270.417,0.016000000000019554,1.332275,24.010994,18.006070271414877,,,,7.7,23.83,17.6,6.189812575339157,28.350582383222633,-0.49066282553477025,-8.0,28.335091776043015,-0.5425792891283941,,18.496733096949647,0.6524286819552491,18.521542049903086,18.54864956054327,0.6546175924591829,,,,18.54864956054327,1.0,15.58430047682366
270.433,0.016999999999995907,1.331271,24.033173,18.390416706615348,,,,7.7,23.83,17.6,5.913411461102227,28.449619384428182,-0.03626121139300838,-8.0,28.20709177604286,-0.09024182071115437,,18.426677918008355,0.6476950594317668,18.05640458148583,18.4806585273265,0.6551777359416644,,,,18.4806585273265,0.0,15.513900476823574
270.45,0.016999999999995907,1.330224,24.055332,18.79917301627475,,,,7.7,23.83,17.6,-8.0,28.550147379266896,0.44823680609828315,-8.0,28.07109177604289,0.3881227394814593,,18.350936210176467,0.6427615229581235,17.564440021293223,18.41105027679329,0.6558722554747974,,,,18.41105027679329,0.0,15.439100476823592
270.467,0.016000000000019554,1.329265,24.077477,19.20830587764265,,,,7.7,23.83,17.6,-7.710871016994595,28.41414737926693,0.932433311545704,-8.0,27.935091776042924,0.8641752996740741,,18.275872566096947,0.6431962332761172,17.074787461100613,18.344130577968578,0.6566697802546855,,,,18.344130577968578,0.0,15.36430047682361
270.483,0.016999999999995907,1.328461,24.099611,19.593715655563123,,,,7.7,23.83,17.6,-7.409924598481944,28.290773442994865,1.3860726781243526,-8.0,27.807091776042768,1.3101127680913047,,18.20764297743877,0.6435894378825193,16.61604999268336,18.28360288747182,0.6575158249099634,,,,18.28360288747182,0.0,15.293900476823524
270.5,0.016999999999995907,1.327848,24.121737,20.003601005177526,,,,7.7,23.83,17.6,-7.115676632525018,28.1648047248207,1.8659450925506693,-8.0,27.6710917760428,1.7816773282839184,,18.137655912626855,0.6439830167415557,16.130885432490754,18.221923676893606,0.6585184214765918,,,,18.221923676893606,0.0,15.219100476823542
270.517,0.016000000000019554,1.327706,24.143869,20.413862408213426,,,,7.7,23.83,17.6,-6.845004352410121,28.043838222067805,2.343718557599107,-8.0,27.535091776042833,2.2509298884765334,,18.07014385061432,0.644353447895547,15.648032872298142,18.16293251973689,0.6596285448207484,,,,18.16293251973689,0.0,15.14430047682356
270.533,0.016999999999995907,1.328076,24.166012,20.8003342585819,,,,7.7,23.83,17.6,-6.563562275165759,27.93431815242911,2.7915438085956295,-8.0,27.407091776042677,2.690467356893755,,18.008790449986268,0.6446833730366267,15.195695403880906,18.109866901688143,0.6607730236273553,,,,18.109866901688143,0.0,15.073900476823473
270.55,0.016999999999995907,1.328599,24.188162,21.2113483695638,,,,7.7,24.01,20.8,-6.288709142536825,27.82273759375132,3.265478782438049,-7.469266673581094,27.27109177604271,3.1552319170863687,,17.945869587125753,0.6450073263515305,14.179130843688286,18.056116452477433,0.6620973080490855,,,,18.056116452477433,1.0,14.999100476823491
270.567,0.016000000000019554,1.32889,24.210314,21.6227391061192,,,,7.7,24.03,21.2,-6.036207571014019,27.71582953832822,3.7375566030606113,-6.983969247716468,27.14411424259186,3.6177611682446513,,17.88518250305859,0.6453056899605034,13.67453880018908,18.00497793787455,0.6633105717490283,,,,18.00497793787455,1.0,14.929262833425526
270.583,0.016999999999995907,1.328862,24.232458,22.010274228039677,,,,7.7,24.05,21.6,-5.774012932363505,27.619250217191876,4.180237241105313,-6.478559406843735,27.032370734628262,4.051173048062942,,17.830036986934363,0.6455655691853605,13.224897544361983,17.959101179976734,0.6643553891842443,,,,17.959101179976734,1.0,14.867803904045546
270.6,0.016999999999995907,1.328685,24.254601,22.42241803459858,,,,7.7,24.07,22.0,-5.518349121786,27.52109199734172,4.648930149928735,-5.988814102771094,26.922235224711944,4.509787198717223,,17.773487884669844,0.6458133233371189,12.782339115891226,17.912630835881355,0.6653470889905655,,,,17.912630835881355,1.0,14.80722937359157
270.617,0.03299999999995862,1.328971,24.276758,22.83493824658098,,,,7.7,24.09,22.4,-5.034656557620154,27.427280062271382,5.115991312435335,-5.068862281487711,26.82042538496486,4.966599813899367,,17.718946934145645,0.6460336895935811,12.369987402900708,17.86833843268161,0.6662212912811719,,,,17.86833843268161,1.0,14.751233961730675
270.65,0.016999999999995907,1.331169,24.32114,23.636794885289472,,,,7.7,24.12,22.8,-4.798700978697008,27.261136395870125,6.018350183993538,-4.6934259015898645,26.653152929675976,5.848913856089834,,17.618444701295935,0.6462843091150452,11.703825361261039,17.78788102919964,0.6673837454102616,,,,17.78788102919964,1.0,14.659234111321787
270.667,0.016000000000019554,1.332333,24.343363,24.050446619209872,,,,7.7,24.12,22.8,-4.582611852125772,27.179558479232295,6.481096090431796,-4.6934259015898645,26.573364689348967,6.301339255851437,,17.569350528778074,0.6464178048441327,11.430418401006055,17.749107363358434,0.6679284904584387,,,,17.749107363358434,0.0,14.615350579141934
270.683,0.016999999999995907,1.334314,24.365633,24.440110965834347,,,,7.7,24.12,22.8,-4.358868109700796,27.106236689598195,6.915382451782971,-4.6934259015898645,26.498269874923437,6.725912332366136,,17.524728514051375,0.6465201611987824,11.173821135259526,17.71419863346821,0.668503970903851,,,,17.71419863346821,0.0,14.574048431207892
270.7,0.016999999999995907,1.337282,24.387964,24.854519535207245,,,,7.7,24.12,22.8,-4.14136196991644,27.0321359317333,7.3755586190641775,-4.6934259015898645,26.41848163459643,7.175704720196946,,17.478960916143066,0.6465993275664293,10.901958905803939,17.6788148150103,0.6691836063681622,,,,17.6788148150103,0.0,14.530164899028037
270.717,0.016000000000019554,1.340574,24.410353,25.269308160456145,,,,7.7,24.12,22.8,-3.9424764804325734,26.961732778244738,7.83450650309888,-4.6934259015898645,26.33869339426942,7.624140707942198,,17.434801657357266,0.6466498945284891,10.630892446760162,17.645167452513945,0.6699332874406386,,,,17.645167452513945,0.0,14.486281366848182
270.733,0.016999999999995907,1.344087,24.432802,25.660045401928624,,,,7.7,24.12,22.8,-3.7368615106514245,26.89865315455774,8.265389590561826,-4.6934259015898645,26.26359857984389,8.044959043735618,,17.394655811366796,0.6466738580336475,10.376498005683011,17.615086358193004,0.6707034569021999,,,,17.615086358193004,0.0,14.44497921891414
270.75,0.016999999999995907,1.347661,24.455307,26.075597256500025,,,,7.7,24.12,22.8,-3.537348134958576,26.83512650887668,8.722126717700908,-4.6934259015898645,26.18381033951688,8.490762019550077,,17.353470538799115,0.6466699731435525,10.106976277438637,17.58483523694995,0.6715919115259833,,,,17.58483523694995,0.0,14.401095686734285
270.767,0.016000000000019554,1.350504,24.477846,26.491532212514425,,,,7.7,24.12,22.8,-3.3552920935917356,26.7749915905824,9.177812721546202,-4.6934259015898645,26.104022099189873,8.935208595278977,,17.313719490968225,0.6466377190967261,9.838250319606068,17.55632361723545,0.6725524346602626,,,,17.55632361723545,0.0,14.357212154554432
270.783,0.016999999999995907,1.352348,24.500401,26.883350613026906,,,,7.8,24.32,26.5,-3.1674842702650343,26.721306917084867,9.605783109608064,-4.202831209233733,26.028927284764343,9.35227219035112,,17.277567503418844,0.6465839248443362,8.980558703198291,17.531078422675783,0.6735228936206429,,,,17.531078422675783,1.0,14.31591000662039
270.8,0.016999999999995907,1.353195,24.522957,27.300052844312805,,,,7.8,24.34,26.9,-2.9857179806848344,26.667459684490375,10.059587625721344,-3.729687867448715,25.957479154207387,9.794156645082275,,17.24046521859146,0.6464982200242494,8.680443167990179,17.50589619923053,0.6744066361464472,,,,17.50589619923053,1.0,14.276613534814064
270.817,0.016000000000019554,1.353194,24.545502,27.717138649990204,,,,7.8,24.36,27.3,-2.820303155909478,26.616702478818745,10.512503004109362,-3.3009566646071264,25.894074460460775,10.23489485080685,,17.204635645880842,0.6463849404174723,8.407750706289018,17.482243799183355,0.6751445712368692,,,,17.482243799183355,1.0,14.241740953253428
270.833,0.016999999999995907,1.352665,24.568033,28.110039890822684,,,,7.8,24.39,27.7,-2.650098403192007,26.57157762832414,10.938009244967025,-2.8575366426789177,25.841259153826996,10.648777519721657,,17.172030645855656,0.6462555925753924,8.140286831335665,17.46126237110103,0.6757125210949746,,,,17.46126237110103,1.0,14.21269253460485
270.85,0.016999999999995907,1.351889,24.590548,28.527891911915084,,,,7.8,24.41,28.1,-2.4858154278792863,26.526525955469886,11.389343125429166,-2.432186916015407,25.792681030901466,11.087666011291743,,17.13854878648592,0.6460909662749063,7.917661525704165,17.44022590062334,0.6761695645260262,,,,17.44022590062334,1.0,14.185974566995808
270.867,0.01599999999996271,1.351149,24.613052,28.946126575875482,,,,7.8,24.43,28.5,-2.3367099221445433,26.48426709319595,11.839934866342718,-2.048952937132551,25.751333853329214,11.525790137807599,,17.106191709532766,0.6459001357046238,7.7192768369341245,17.420336438067885,0.6764828780244223,,,,17.420336438067885,1.0,14.163233619331068
270.883,0.016999999999995907,1.350479,24.635548,29.34010835494656,,,,7.8,24.45,28.9,-2.183665521459001,26.446879734441723,12.263384040962832,-1.6547459090103684,25.71855060633517,11.937549213483955,,17.076724313983732,0.6456990195234542,7.549439141297469,17.402559141462607,0.6766539610974768,,,,17.402559141462607,1.0,14.145202833484346
270.9,0.016999999999995907,1.349999,24.658037,29.75910781516196,,,,7.8,24.45,28.9,-2.0363413617998587,26.409757420576927,12.712665456780382,-1.6547459090103684,25.690419925882,12.374525463007695,,17.04644235838158,0.6454600126353298,7.456240490597882,17.38458235215427,0.6766951417029989,,,,17.38458235215427,0.0,14.129730959235102
270.917,0.016000000000019554,1.349544,24.680517,30.17848951901736,,,,7.8,24.45,28.9,-1.9030000556519981,26.37513961742634,13.161337081603302,-1.6547459090103684,25.66228924542883,12.81102349096373,,17.01715243741406,0.6451966770318306,7.363140756796149,17.36746602805363,0.6767699429288937,,,,17.36746602805363,0.0,14.114259084985857
270.933,0.016999999999995907,1.349105,24.70299,30.573550532649843,,,,7.8,24.45,28.9,-1.7665031304979648,26.34469161653587,13.583095731475513,-1.6547459090103684,25.635813310884632,13.22140831141474,,16.99045480117433,0.6449289689354295,7.275607837996566,17.352142221235106,0.676871141586431,,,,17.352142221235106,0.0,14.099697320986548
270.95,0.016999999999995907,1.348565,24.725452,30.993696308322242,,,,7.8,24.45,28.9,-1.6355111760390886,26.31466106331741,14.030700229254158,-1.6547459090103684,25.607682630431462,13.656978026915821,,16.962996079068084,0.6446214921124129,7.182700119349471,17.33671828140642,0.6770123845882072,,,,17.33671828140642,0.0,14.084225446737305
270.967,0.016000000000019554,1.348024,24.747904,31.41422385996464,,,,7.8,24.45,28.9,-1.5173315366540123,26.28685737332475,14.477813135965508,-1.6547459090103684,25.579551949978292,14.092069520849199,,16.93641072399913,0.6442919548529137,7.089891317600218,17.322154339115443,0.6771875587574607,,,,17.322154339115443,0.0,14.068753572488061
270.983,0.016999999999995907,1.347429,24.770346,31.810362871037125,,,,7.8,24.45,28.9,-1.3967300280522765,26.262580068738256,14.898208635502527,-1.6547459090103684,25.553076015434094,14.501130544572998,,16.912154235534597,0.6439639285732643,7.002632217202978,17.309232326464127,0.6773835101499845,,,,17.309232326464127,0.0,14.054191808488753
271.0,0.016999999999995907,1.346656,24.792768,32.231653456527525,,,,7.8,24.45,28.9,-1.2813988591840888,26.238835658261372,15.344470669181916,-1.6547459090103684,25.524945334980924,14.935293726051421,,16.88718278734561,0.6435949752987088,6.91001543060837,17.296359730476105,0.6776257305739312,,,,17.296359730476105,0.0,14.03871993423951
271.017,0.016000000000019554,1.345061,24.815149,32.65332510431942,,,,7.8,24.45,28.9,-1.1777529882854472,26.217051877655248,15.7903457132371,-1.6547459090103684,25.496814654527753,15.36897868596214,,16.86297939108232,0.643206546249947,6.817497560911602,17.28434641835728,0.6779021870988071,,,,17.28434641835728,0.0,14.023248059990266
271.033,0.016999999999995907,1.342604,24.837479,33.05053965612791,,,,7.7,24.66,32.7,-1.0724070089001287,26.19820782984266,16.209667790897594,-1.2439379525527097,25.470338719983555,15.776715912958728,,16.840871865230316,0.6428253403672406,6.0859435289167045,17.27382374316918,0.6781937190971261,,,,17.27382374316918,1.0,14.008686295990957
271.05,0.016999999999995907,1.339491,24.859745,33.47297080540581,,,,7.7,24.68,33.1,-0.9721336078602022,26.179976910691362,16.654882361192026,-0.8525315883586209,25.449191774790165,16.209531922164203,,16.81808844421378,0.642402722568698,5.954854301856983,17.263438883241605,0.6783492000851153,,,,17.263438883241605,1.0,13.997055476134593
271.067,0.016000000000019554,1.335041,24.883308,33.895780026855206,,,,7.7,24.7,33.5,-0.8824244627141817,26.16345063935774,17.099801495367338,-0.502444696160343,25.43469873778807,16.642044991521015,,16.79597853148787,0.6419634307036565,5.845588616406193,17.25373503533419,0.678354212613515,,,,17.25373503533419,1.0,13.989084305783441
271.083,0.016999999999995907,1.335396,24.904278,34.294083840103696,,,,7.7,24.72,33.9,-0.7915907175301329,26.149331847954297,17.518303755266345,-0.14460450625610421,25.426659622649495,17.048935858405013,,16.77578008483735,0.6415376187192999,5.757454685144589,17.245147981698683,0.6782309685042975,,,,17.245147981698683,1.0,13.984662792457224
271.1,0.016999999999995907,1.374094,24.92803,34.7176495308256,,,,7.7,24.74,34.3,-0.7042998343672073,26.135874805756288,17.962728011822776,0.19361776942363124,25.42420134604314,17.481168176638796,,16.75492151900282,0.6410698567974713,5.687571014863182,17.2364813541868,0.6779556659257411,,,,17.2364813541868,1.0,13.983310740323729
271.117,0.01599999999996271,1.46082,24.953747,35.141624597408494,,,,7.8,24.77,34.7,-0.6240805760266563,26.12390170857205,18.40693611219446,0.4965564671991617,25.427492848123343,17.91340757728911,,16.734688485214033,0.6405891689495552,5.605530068647571,17.228217020119384,0.6775428911934941,,,,17.228217020119384,1.0,13.98512106646784
271.133,0.016999999999995907,1.54665,24.980507,35.54107153436756,,,,7.9,24.79,35.1,-0.5405512483809574,26.113916419355647,18.824838657216908,0.8069113943449642,25.43543775159851,18.320311022085935,,16.716232877150652,0.6401273791609662,5.5696308761250215,17.220760512281625,0.6770381025268328,,,,17.220760512281625,1.0,13.989490763379182
271.15,0.016999999999995907,1.580608,25.006914,35.96596364429246,,,,7.9,24.79,35.1,-0.46053405435326294,26.104727048133174,19.268697126690455,0.8069113943449642,25.44915524530237,18.75283006255949,,16.697266517602003,0.6396261675831647,5.614628193249066,17.21313358173297,0.6763734754972003,,,,17.21313358173297,0.0,13.997035384916305
271.167,0.016000000000019554,1.553277,25.032084,36.39130958014835,,,,7.9,24.79,35.1,-0.3901341160956557,26.09689796920917,19.712410939337758,0.8069113943449642,25.462872739006233,19.18558230042601,,16.678898640810594,0.6391142219465874,5.659649031577302,17.205727279722343,0.6757182292854615,,,,17.205727279722343,0.0,14.004580006453429
271.183,0.016999999999995907,1.488364,25.055828,36.79202174360484,,,,7.9,24.79,35.1,-0.3212010936633887,26.090655823351632,20.129911369678755,0.8069113943449642,25.475783321315767,19.593091548909083,,16.662110373926087,0.6386236699735689,5.702043071795989,17.19893019469576,0.6751089840014965,,,,17.19893019469576,0.0,14.011680826723673
271.2,0.016999999999995907,1.414332,25.078363,37.21818588820274,,,,7.9,24.79,35.1,-0.2585807793778952,26.085195404759357,20.57340610511759,0.8069113943449642,25.48950081501963,20.02629646406783,,16.64477978308515,0.6380929690121561,5.747109568932358,17.19188942413491,0.674469443277784,,,,17.19188942413491,0.0,14.019225448260796
271.217,0.016000000000019554,1.350344,25.100052,37.644722430176635,,,,7.9,24.79,35.1,-0.20516447872477872,26.080799531509935,21.016817062075773,0.8069113943449642,25.50321830872349,20.459734576619542,,16.627905368100862,0.6375535131893327,5.792199587272918,17.184987853557093,0.6738360486715079,,,,17.184987853557093,0.0,14.026770069797921
271.233,0.016999999999995907,1.302632,25.121172,38.046496106209126,,,,7.9,24.79,35.1,-0.15336482947986563,26.077516899850334,21.434083593527166,0.8069113943449642,25.516128891033024,20.867889354218093,,16.61241251268196,0.6370396605045361,5.8346587380914405,17.178606751991033,0.6732450218194346,,,,17.178606751991033,0.0,14.033870890068163
271.25,0.016999999999995907,1.266623,25.141815,38.473744260533024,,,,7.7,24.96,38.0,-0.10633244826248606,26.074909697749177,21.877379219606656,1.0785162467547198,25.529846384736885,21.301780144062032,,16.59636504092637,0.63648792012342,5.351200665240121,17.171964116470992,0.6726230881959915,,,,17.171964116470992,1.0,14.041415511605289
271.267,0.016000000000019554,1.233816,25.163225,38.90133814255642,,,,7.7,24.98,38.5,-0.06628880428483731,26.073102046128717,22.320637319429512,1.3324449225844566,25.548181160931712,21.735943378200112,,16.580700823126907,0.6359312671653804,5.3491406555798005,17.165394764356307,0.671883241168089,,,,17.165394764356307,1.0,14.051499638512443
271.283,0.016999999999995907,1.203563,25.182848,39.304107671004914,,,,7.6,25.0,38.9,-0.027816976108048556,26.07204142526016,22.737798467201134,1.5850080179577184,25.569500279693088,22.144884829725612,,16.56630920380378,0.6354051427577644,5.356909062545869,17.159222841279302,0.6710816657964528,,,,17.159222841279302,1.0,14.0632251538312
271.3,0.016999999999995907,1.173708,25.200741,39.73239000185831,,,,7.6,25.02,39.3,0.006409900216122019,26.071568536666323,23.181019151877404,1.8179217201572808,25.596445415998364,22.579795368138885,,16.55137084998091,0.6348436929179587,5.383245662486316,17.152594633719428,0.6701162741526081,,,,17.152594633719428,1.0,14.0780449787991
271.317,0.016000000000019554,1.141474,25.21932,40.16097219966421,,,,7.6,25.04,39.7,0.03473651425445888,26.071677504969998,23.624236743231204,2.0188345911248877,25.62735008524103,23.015197629899316,,16.536735456433004,0.6342796873458041,5.422702032993068,17.145774569764892,0.6690420395684712,,,,17.145774569764892,1.0,14.095042546882567
271.333,0.016999999999995907,1.111873,25.237461,40.5646274283367,,,,7.5,25.06,40.2,0.06114602893334377,26.07223328919807,24.041388029585057,2.2329172314713968,25.65965143869907,23.42549364209134,,16.52323939875164,0.6337485253170602,5.466847141090614,17.13913378624536,0.6679410212251233,,,,17.13913378624536,1.0,14.11280829128449
271.35,0.016999999999995907,1.086436,25.255239,40.9938249309851,,,,7.5,25.08,40.6,0.08389035464339027,26.073272771689936,24.4846248311025,2.427190034197227,25.69761103163407,23.862030373089066,,16.509200099882598,0.6331848036280318,5.529811898985989,17.131794557896033,0.6666687629759275,,,,17.131794557896033,1.0,14.13368606739874
271.367,0.01599999999996271,1.064043,25.272676,41.423320983987,,,,7.5,25.1,41.0,0.10205594039219032,26.074698907718872,24.92788259037737,2.591645739728222,25.738873262215414,24.29924048958668,,16.49543839360963,0.6326223919972667,5.6038621267457565,17.124080494400317,0.6653003152060434,,,,17.124080494400317,1.0,14.15638029421848
271.383,0.033999999999991815,1.042124,25.29085,41.82781999749005,,,,7.5,25.11,41.4,0.13455699328058504,26.076331802765143,25.34509083606027,2.912363294905821,25.780339594050968,24.71139419243585,,16.482729161429784,0.6320953915643132,5.710147058442104,17.116425805054202,0.6639332946957752,,,,17.116425805054202,1.0,14.179186776728034
271.417,0.016000000000019554,1.003956,25.32305,42.68831124516185,,,,7.5,25.11,41.4,0.1439543641444237,26.080906740536683,26.231763891296186,2.912363294905821,25.87935994607774,25.589609084617827,,16.456547353865663,0.63098064486722,6.039759195773589,17.098702160544022,0.6607080776406717,,,,17.098702160544022,0.0,14.233647970342759
271.433,0.016999999999995907,0.98476,25.339209,43.093608551530345,,,,7.5,25.11,41.4,0.15128104179660826,26.083210010362997,26.649076825303894,2.912363294905821,25.92595775879629,26.004051626257326,,16.44453172622645,0.6304642610971944,6.19529488281023,17.08955692527302,0.6591678149083918,,,,17.08955692527302,0.0,14.25927676733796
271.45,0.016999999999995907,0.966314,25.355064,43.52451740235024,,,,7.5,25.11,41.4,0.15592026420662317,26.08578178807354,27.092513255590497,2.912363294905821,25.97546793480968,26.44521374465287,,16.432004146759745,0.6299218585916594,6.360848945501333,17.07930365769737,0.6575166884600921,,,,17.07930365769737,0.0,14.286507364145324
271.467,0.016000000000019554,0.946813,25.370573,43.95569312272314,,,,7.5,25.11,41.4,0.15784927251094047,26.088432432565053,27.535994076465816,2.912363294905821,26.024978110823067,26.887217536040644,,16.419699046257325,0.6293861882541217,6.526709415383548,17.068475586682496,0.6558497576443375,,,,17.068475586682496,0.0,14.313737960952688
271.483,0.033999999999991815,0.927008,25.385759,44.36174348278764,,,,7.5,25.11,41.4,0.1573087958634407,26.090958020925232,27.95342920009425,2.912363294905821,26.071575923541616,27.30398996831607,,16.40831428269339,0.6288889150614455,6.683093288416343,17.057753514471568,0.6542662999925939,,,,17.057753514471568,0.0,14.33936675794789
271.517,0.016000000000019554,0.890209,25.415245,45.22539509941143,,,,7.5,25.11,41.4,0.1527399402299897,26.096306519984587,28.8406126972895,2.912363294905821,26.17059627556839,28.192106895700725,,16.384782402121928,0.627858290581253,7.0163102162314726,17.033288203710704,0.6508559462824377,,,,17.033288203710704,0.0,14.393827951562615
271.533,0.016999999999995907,0.871554,25.430447,45.63215296616393,,,,7.5,25.11,41.4,0.1459869966187474,26.09875035902827,29.25817315232211,2.912363294905821,26.217194088286938,28.611209218612082,,16.373979813841817,0.6273855869952644,7.173542275260422,17.020943747551847,0.6492282770701346,,,,17.020943747551847,0.0,14.419456748557817
271.55,0.03300000000001546,0.85584,25.44359,46.064596504716825,,,,7.5,25.11,41.4,0.12920226057032963,26.101232137970786,29.701873003546496,2.912363294905821,26.266704264300326,29.057322354608967,,16.36272350117033,0.6268946774112876,7.340898733193351,17.007274150107857,0.6474841296790641,,,,17.007274150107857,0.0,14.44668734536518
271.583,0.016999999999995907,0.815558,25.47056,46.904700979597216,,,,7.3,25.28,46.1,0.11699320814529764,26.105495812569607,30.563284014730815,2.8913941187573036,26.362812253032263,29.925709377145363,,16.3414169648664,0.6259761194421799,7.131248093342476,16.978991602451853,0.6440508485773904,,,,16.978991602451853,1.0,14.499546739167746
271.6,0.016999999999995907,0.795295,25.483528,47.33781834772811,,,,7.2,25.31,46.9,0.10315276932364101,26.107484697108077,31.00709434906297,2.9239527066980644,26.411965953051126,30.374294991896964,,16.33072399866514,0.6255188574514071,7.203436939375857,16.963523355831146,0.6422665918161805,,,,16.963523355831146,1.0,14.52658127417812
271.617,0.03299999999995862,0.771725,25.496044,47.77115324385551,,,,7.2,25.32,47.3,0.07316212056083901,26.10923829418658,31.450936494488868,2.955386440751605,26.461673149064982,30.823720924264844,,16.32021674936664,0.6250744110371256,7.3410264304031605,16.947432319590664,0.6404520312877305,,,,16.947432319590664,1.0,14.55392023198574
271.65,0.03300000000001546,0.726813,25.520041,48.612942900116956,,,,7.2,25.34,47.8,0.0378328283653543,26.111652644165083,32.31258119497059,2.833666867338353,26.559200901609664,31.69856534609988,,16.300361705146365,0.6242562248846723,7.610642123414946,16.914377554017076,0.636855665073566,,,,16.914377554017076,1.0,14.607560495885316
271.683,0.033999999999991815,0.71177,25.543709,49.45550000279585,,,,7.1,25.36,48.6,-0.0014000426730476773,26.11290112750114,33.174286332203486,2.661923537652719,26.652711908231872,32.576561907462676,,16.281213670592365,0.6234930998703011,7.867611944773504,16.878938095333176,0.6332915822393292,,,,16.878938095333176,1.0,14.658991549527531
271.717,0.016000000000019554,0.712727,25.567476,50.32439751185564,,,,7.1,25.38,49.5,-0.020411719887556412,26.112853526050255,34.06212416131365,2.57579543580058,26.743217308512044,33.4842927041471,,16.262273350541996,0.6227689108859247,8.115276231494846,16.840104807708542,0.6296962932110842,,,,16.840104807708542,1.0,14.708769519681626
271.733,0.016999999999995907,0.713482,25.580109,50.733568356912144,,,,7.1,25.41,50.3,-0.040702854847646665,26.112526938532053,34.47992720503082,2.548008986257048,26.784430035484903,33.9125138828996,,16.253641151881325,0.6224461228950309,8.162042523910106,16.82105447401254,0.6280161441452161,,,,16.82105447401254,1.0,14.731436519516697
271.75,0.016999999999995907,0.712228,25.591946,51.168533308061036,,,,7.1,25.42,50.7,-0.06112420914812279,26.111834989999643,34.92383428142323,2.506211635666003,26.82774618825126,34.36821738080125,,16.244699026637804,0.622120162480317,8.279747465152004,16.80031592725979,0.6262291214987411,,,,16.80031592725979,1.0,14.755260403538195
271.767,0.03300000000001546,0.708539,25.603685,51.603699307006934,,,,7.1,25.43,51.2,-0.10098303688289981,26.110795878444126,35.36772664380489,2.432637618952473,26.870351786057572,34.82465121358277,,16.23597266320204,0.6218107153373181,8.395216747761221,16.779048093424166,0.624444675195151,,,,16.779048093424166,1.0,14.778693482331667
271.8,0.03300000000001546,0.697176,25.626118,52.44900671149283,,,,7.1,25.43,51.2,-0.14093541776146928,26.10746343822699,36.22932792253037,2.432637618952473,26.95062882748304,35.712697393706605,,16.219678788962455,0.6212659773455175,8.6732812700458,16.736309317786223,0.6209988429182508,,,,16.736309317786223,0.0,14.822845855115673
271.833,0.016999999999995907,0.662965,25.648708,53.295048217825226,,,,7.1,25.43,51.2,-0.16186410024488163,26.10281256944086,37.09079747665729,2.432637618952473,27.03090586890851,36.60339271619748,,16.204250741167932,0.620785622164663,8.952151342752884,16.691655501627743,0.6175026313426966,,,,16.691655501627743,0.0,14.86699822789968
271.85,0.016999999999995907,0.634529,25.658197,53.731172052267624,,,,7.1,25.43,51.2,-0.1832414301407735,26.1000608797367,37.5345219009752,2.432637618952473,27.07226070843069,37.063269632104756,,16.196650151292424,0.6205598609874131,9.096126062420579,16.667902420162868,0.6156819557729896,,,,16.667902420162868,0.0,14.88974338963688
271.867,0.01599999999996271,0.609067,25.668072,54.16745309070802,,,,7.1,25.43,51.2,-0.20359097591160852,26.096945775424306,37.97819645754396,2.432637618952473,27.11361554795287,37.5238495802839,,16.189256633164064,0.6203506254134004,9.240314559932271,16.64360351042412,0.6138467029964487,,,,16.64360351042412,0.0,14.91248855137408
271.883,0.016999999999995907,0.603358,25.678179,54.57822020328307,,,,7.1,25.43,51.2,-0.22480650733218774,26.09368831980973,38.39572153030486,2.432637618952473,27.15253774985602,37.95797880666536,,16.182498672978205,0.6201690797652712,9.376216666070366,16.620241396617708,0.612106372882433,,,,16.620241396617708,0.0,14.933895762420812
271.9,0.03300000000001546,0.614549,25.688623,55.01483643151396,,,,7.1,25.43,51.2,-0.2640946478262531,26.089866609185083,38.839281747201206,2.432637618952473,27.1938925893782,38.41992346454874,,16.175554684312758,0.6199937671823152,9.52082014410274,16.594912966965225,0.610244116851705,,,,16.594912966965225,0.0,14.956640924158012
271.933,0.016999999999995907,0.610851,25.708889,55.86289561244486,,,,7.1,25.43,51.2,-0.28293047167375224,26.081151485806814,39.700103545768975,2.432637618952473,27.27416963080367,39.318646491182164,,16.162792066675884,0.619711598066196,9.802131278696189,16.544249121262695,0.6065903873596755,,,,16.544249121262695,0.0,15.00079329694202
271.95,0.016999999999995907,0.569721,25.717672,56.30003499341425,,,,7.1,25.43,51.2,-0.30216379984415914,26.076341667788363,40.143442237574426,2.432637618952473,27.31552447032585,39.78265889104165,,16.156592755839824,0.6195881677604252,9.947363515093238,16.5173761023726,0.6046882284949795,,,,16.5173761023726,0.0,15.02353845867922
271.967,0.016000000000019554,0.516621,25.725542,56.73731774209865,,,,7.1,25.43,51.2,-0.32089664817715385,26.07120488319101,40.586696383257646,2.432637618952473,27.356879309848033,40.24737432317301,,16.150621358841,0.6194812027753214,10.092809529334268,16.489943418925634,0.6027713626308803,,,,16.489943418925634,0.0,15.04628362041642
271.983,0.016999999999995907,0.47046,25.733355,57.14899254158715,,,,7.1,25.43,51.2,-0.34120496554625995,26.06607053682017,41.00379458661824,2.432637618952473,27.39580151175132,40.68539576974634,,16.145197954968907,0.6193951609300938,10.229895180629875,16.463596771840805,0.600953279822049,,,,16.463596771840805,0.0,15.067690831463226
272.0,0.03300000000001546,0.445926,25.740061,57.58652755805704,,,,7.1,25.43,51.2,-0.3800565092193616,26.060270052405887,41.44686848162655,2.432637618952473,27.4371563512735,41.15147591158194,,16.13965907643049,0.6193204845527099,10.375756175391592,16.435051646475102,0.5990071068612133,,,,16.435051646475102,0.0,15.090435993200426
272.033,0.016999999999995907,0.421616,25.754456,58.43619237776444,,,,7.1,25.43,51.2,-0.3985264734966886,26.047728187601642,42.306650452587085,2.432637618952473,27.51743339269897,42.058226642357916,,16.129541925177357,0.6192302763991063,10.659508371871414,16.377965735406526,0.5951850778260444,,,,16.377965735406526,0.0,15.134588365984435
272.05,0.016999999999995907,0.417864,25.760958,58.87407905327634,,,,7.1,25.43,51.2,-0.4159559112514371,26.0409532375522,42.74940424470079,2.432637618952473,27.55878823222115,42.52637452616962,,16.12467480857555,0.6192044761757438,10.805998124997803,16.34770452710672,0.5931938802734923,,,,16.34770452710672,0.0,15.157333527721635
272.067,0.016000000000019554,0.417334,25.767921,59.312075720624236,,,,6.8,25.6,58.9,-0.43124358600046003,26.033881987060926,43.1920403441099,2.227516814257683,27.600143071743332,42.9952254422532,,16.120035376514338,0.6191944553073622,10.41050790596817,16.316850278371035,0.5911871629055436,,,,16.316850278371035,1.0,15.180078689458833
272.083,0.016999999999995907,0.418618,25.774925,59.72441587537674,,,,6.8,25.61,59.3,-0.44627699616285865,26.02698208968491,43.60852725672437,2.006552489573205,27.6357833407715,43.43711285355386,,16.11588861865237,0.6191992818498717,10.50510463770613,16.28730302182288,0.5893555764635761,,,,16.28730302182288,1.0,15.199680837424326
272.1,0.016999999999995907,0.421136,25.781984,60.16265009067764,,,,6.8,25.61,59.7,-0.4599824366792969,26.019395380750144,44.05092146522296,1.778135669456972,27.669894733094235,43.9072111171816,,16.111728625454674,0.6192199468775731,10.626425382091684,16.255438973496034,0.5874774418297268,,,,16.255438973496034,1.0,15.21844210320183
272.117,0.01599999999996271,0.423359,25.789064,60.60100467282953,,,,6.8,25.62,60.2,-0.4716207406629162,26.011575679326597,44.49318471923351,1.5735681833145574,27.700123039474995,44.37785626824833,,16.10781995359602,0.6192558325637361,10.702038329075837,16.223148404581202,0.5856706261362759,,,,16.223148404581202,1.0,15.23506767171125
272.133,0.016999999999995907,0.424131,25.796577,61.01368388678057,,,,6.8,25.63,60.6,-0.48271436819681185,26.004029747476007,44.90930956264696,1.354343485164475,27.72530013040797,44.82125965360636,,16.10437432413361,0.6193030265125244,10.759740470615807,16.192424233174208,0.584030620300302,,,,16.192424233174208,1.0,15.248915071724385
272.15,0.016999999999995907,0.423698,25.803185,61.452286982709964,,,,6.8,25.64,61.0,-0.49253154413220235,25.995823603216664,45.35130831612774,1.129289500539295,27.74832396965576,45.29278545845679,,16.100978666582222,0.6193678997187042,10.809825092276354,16.159501524253173,0.5823595523075351,,,,16.159501524253173,1.0,15.26157818331067
272.167,0.016000000000019554,0.421899,25.810623,61.891002352070856,,,,6.8,25.64,61.5,-0.5005612145726449,25.98745056696642,45.793166146574194,0.9285811204781234,27.767521891164925,45.76467014827365,,16.097836205496662,0.6194465349347965,10.878356687636696,16.126332203797205,0.5807623837303351,,,,16.126332203797205,1.0,15.27213704014071
272.183,0.033999999999991815,0.419066,25.817564,62.30402632314336,,,,6.8,25.65,61.9,-0.5152552324904137,25.97944158753325,46.2089012838107,0.5004957569693627,27.782379189092595,46.20906935691626,,16.095125039332665,0.6195331406605841,10.899368756817093,16.0949569662271,0.5793224855467385,,,,16.0949569662271,1.0,15.280308554000928
272.217,0.016000000000019554,0.412811,25.830856,63.18206571929115,,,,6.8,25.66,62.3,-0.519764948570837,25.96192290962858,47.09190448026224,0.22543585807341043,27.79939604482955,47.15395953589271,,16.090161239028916,0.6197599960156074,10.928115883063256,16.028106183398442,0.5765631079736905,,,,16.028106183398442,1.0,15.289667824656254
272.233,0.016999999999995907,0.409395,25.837631,63.59541225509966,,,,6.8,25.67,63.2,-0.5233755274785391,25.953606670451435,47.507228716903384,0.023728102714912158,27.80300301855873,47.59877872840036,,16.088183538196276,0.6198823825327102,10.908930104979987,15.996633526699298,0.5753563208989121,,,,15.996633526699298,1.0,15.291651660207302
272.25,0.03300000000001546,0.406855,25.844814,64.03471113967706,,,,6.8,25.68,63.6,-0.5278824577207405,25.9447092864843,47.94836440253723,-0.37492772728176726,27.803406396304883,48.07143320842658,,16.086346737139827,0.6200241659874712,10.878278592010943,15.963277931250474,0.5741482789451302,,,,15.963277931250474,1.0,15.291873517967687
272.283,0.016999999999995907,0.407413,25.857979,64.88781153422495,,,,6.8,25.68,64.0,-0.5275321536642419,25.92728916537951,48.80425237699338,-0.6513537080770363,27.791033781304577,48.98874147135757,,16.08355915723157,0.6203332347875308,10.834050792731219,15.89907006286738,0.5720935100141151,,,,15.89907006286738,1.0,15.28506857971752
272.3,0.016999999999995907,0.40856,25.865227,65.32745604840335,,,,6.8,25.7,64.9,-0.5258078776527703,25.91832111876722,49.244940064408524,-0.8395142432782078,27.77996076826727,49.46109492502882,,16.082515983994824,0.6205076289586373,10.730259844731012,15.866361123374531,0.5711441155632766,,,,15.866361123374531,1.0,15.278978422546999
272.317,0.03300000000001546,0.409074,25.871622,65.76722394432325,,,,6.8,25.71,65.3,-0.5199261773004131,25.909382384847127,49.685475544189146,-1.208900939216373,27.765689026131543,49.933232948281095,,16.081748400134103,0.6206920783082568,10.647155596103259,15.833990996042154,0.570271855351404,,,,15.833990996042154,1.0,15.27112896437235
272.35,0.03299999999995862,0.407273,25.885187,66.62121021111665,,,,6.8,25.71,65.8,-0.5091913053369073,25.892224820996205,50.540202063085964,-1.6770635406130208,27.725795295137384,50.848842439582455,,16.081008148030683,0.6210747921125136,10.504806076255132,15.772367771534192,0.5688698053072759,,,,15.772367771534192,1.0,15.249187412325563
272.383,0.016999999999995907,0.401856,25.898973,67.47564314226408,,,,6.8,25.73,66.6,-0.5013335640231622,25.87542150792011,51.39436822751201,-1.9096673752587396,27.670452198297223,51.76288052322298,,16.081274914752065,0.6214884232834549,10.24335927347045,15.712762619041094,0.5678534816286096,,,,15.712762619041094,1.0,15.218748709063474
272.4,0.016999999999995907,0.398583,25.905569,67.91598375145597,,,,6.8,25.74,67.5,-0.4923606035292042,25.866898837331718,51.834177950446545,-2.0529618447728324,27.63798785291783,52.2330022636582,,16.081805801009423,0.6217137161336009,10.09572207016889,15.682981487797768,0.5674429546484537,,,,15.682981487797768,1.0,15.200893319104809
272.417,0.016000000000019554,0.395336,25.912117,68.35643601969936,,,,6.8,25.75,67.9,-0.4828897455223425,25.858528707071724,52.27384408457387,-2.1885351593441853,27.6030875015567,52.70255140417112,,16.082591935125492,0.6219453595875803,9.939554976317904,15.653884615528241,0.5671062925350444,,,,15.653884615528241,1.0,15.181698125856187
272.433,0.016999999999995907,0.392478,25.918209,68.77108049470786,,,,6.8,25.75,68.4,-0.4718232161022177,25.850802471143357,52.68751873400009,-2.3118405197559797,27.56807093900715,53.143920671696165,,16.083561760707767,0.6221687616336656,9.815309300033878,15.627159823011695,0.5668572116484295,,,,15.627159823011695,1.0,15.162439016453934
272.45,0.016999999999995907,0.389805,25.924673,69.21174676077875,,,,6.8,25.75,68.4,-0.4597072162631929,25.84278147646962,53.1269141975547,-2.3118405197559797,27.52876965017131,53.612243816704066,,16.084832563224055,0.6224110426298199,9.67604311827919,15.599502944074686,0.5666618284183874,,,,15.599502944074686,0.0,15.140823307594221
272.467,0.016000000000019554,0.386888,25.931482,69.65252252860114,,,,6.8,25.75,68.4,-0.447337749977396,25.83496645379315,53.566175054961825,-2.3118405197559797,27.48946836133547,54.079898839801764,,16.086347473639314,0.6226579586395197,9.536970010437527,15.572623688799375,0.5664941745727832,,,,15.572623688799375,0.0,15.119207598734508
272.483,0.016999999999995907,0.383953,25.937841,70.06747576226564,,,,6.8,25.75,68.4,-0.4332656282594095,25.827809049793505,53.979477258991025,-2.3118405197559797,27.452478913019327,54.51943441799714,,16.08799850327462,0.6228944341449374,9.40625404566261,15.548041344268505,0.5663620175624596,,,,15.548041344268505,0.0,15.098863402160632
272.5,0.016999999999995907,0.381219,25.94376,70.50847454047404,,,,6.8,25.75,68.4,-0.4182620365288095,25.820443534113096,54.418487405954124,-2.3118405197559797,27.413177624183486,54.98579249856325,,16.089987134519916,0.6231491381339894,9.267555728357985,15.522682041910791,0.5662489133772263,,,,15.522682041910791,0.0,15.077247693300919
272.517,0.016000000000019554,0.378405,25.950422,70.94957354661943,,,,6.8,25.75,68.4,-0.40327083579253475,25.813333079492107,54.85737450716966,-2.3118405197559797,27.373876335347646,55.45148245721915,,16.092199039449774,0.6234064771834725,9.129050484966383,15.498091089400283,0.566163553146024,,,,15.498091089400283,0.0,15.055631984441206
272.533,0.016999999999995907,0.374753,25.956606,71.36482873445993,,,,6.8,25.75,68.4,-0.38653752792858276,25.80688074611942,55.27033621777506,-2.3118405197559797,27.336886887031504,55.88916856299872,,16.094492516684873,0.6236512143802967,8.998868980850336,15.475660171461215,0.5661090904539975,,,,15.475660171461215,0.0,15.035287787867329
272.55,0.03300000000001546,0.369751,25.962299,71.80614518826833,,,,6.8,25.75,68.4,-0.3525961069550027,25.800309608144634,55.7089973357862,-2.3118405197559797,27.297585598195663,56.35356157912304,,16.09714785248213,0.6239129722459062,8.860738527995773,15.452583609145293,0.5660787674264749,,,,15.452583609145293,0.0,15.013672079007616
272.583,0.016999999999995907,0.356024,25.974079,72.66310238468823,,,,6.8,25.75,68.4,-0.3338486398428541,25.788673936615112,56.56021556427514,-2.3118405197559797,27.22129486104368,57.253123106700905,,16.10288682041309,0.6244170157795509,8.593154105597062,15.409979277987325,0.566100156390448,,,,15.409979277987325,0.0,14.971712173574026
272.6,0.016999999999995907,0.347501,25.98011,73.10471317315613,,,,6.8,25.75,68.4,-0.31453937415914424,25.782998509737784,56.99857478006903,-2.3118405197559797,27.18199357220784,57.71555105838343,,16.1061383930871,0.624680577280571,8.455591517192554,15.389162114772695,0.5661528126659299,,,,15.389162114772695,0.0,14.950096464714314
272.617,0.03299999999995862,0.340179,25.985317,73.54642525705052,,,,6.8,25.75,68.4,-0.27603633386952897,25.77765134037708,57.436840303794895,-2.3118405197559797,27.142692283372,58.17731088815575,,16.10958495325562,0.624943860887055,8.318222002701068,15.369114368894763,0.5662339685555107,,,,15.369114368894763,0.0,14.9284807558546
272.65,0.016999999999995907,0.326164,25.996441,74.40412594551493,,,,6.8,25.75,68.4,-0.25526439292037856,25.768542141359397,58.287352496242484,-2.3118405197559797,27.06640154622015,59.0717609363429,,16.11677344927245,0.625443743028228,8.052114695948795,15.332365009172037,0.5664722361777426,,,,15.332365009172037,0.0,14.886520850421084
272.667,0.016000000000019554,0.320815,26.001709,74.84611257321282,,,,6.8,25.75,68.4,-0.2352704581864229,25.764202646679752,58.72538082694071,-2.3118405197559797,27.02710025738431,59.531555701673426,,16.120731746272114,0.6257027227795695,7.915313045907366,15.314556871539395,0.5666370689306623,,,,15.314556871539395,0.0,14.86490514156137
272.683,0.016999999999995907,0.316709,26.006592,75.26218098153333,,,,6.8,25.75,68.4,-0.21359769780819693,25.760438319348765,59.13757795466944,-2.3118405197559797,26.990110809068167,59.96369339020558,,16.124603026863895,0.6259444356873634,7.786734923767962,15.298487591327756,0.5668182579742412,,,,15.298487591327756,0.0,14.844560944987492
272.7,0.016999999999995907,0.313163,26.011751,75.70433880998372,,,,6.8,25.75,68.4,-0.19149044587273178,25.756807158486026,59.57547454123093,-2.3118405197559797,26.950809520232326,60.422191213004524,,16.128864268752793,0.6261981218987719,7.6503080642635695,15.2821475969792,0.5670385368390026,,,,15.2821475969792,0.0,14.822945236127781
272.717,0.016000000000019554,0.31029,26.01687,76.14658382903711,,,,6.8,25.75,68.4,-0.17030071779644906,25.75355182090619,60.013312592555664,-2.3118405197559797,26.911508231396486,60.88002091389326,,16.13327123648145,0.6264483962707156,7.5140742786721955,15.26656291514385,0.5672875256145257,,,,15.26656291514385,0.0,14.801329527268068
272.733,0.016999999999995907,0.307089,26.022243,76.56289346615762,,,,6.8,25.75,68.4,-0.14743518575597492,25.750827009421442,60.42534762319879,-2.3118405197559797,26.874518783080344,61.31030913000961,,16.13754584295883,0.6266806824128248,7.3860306171916745,15.252584336148011,0.5675481841837009,,,,15.252584336148011,0.0,14.78098533069419
272.75,0.03300000000001546,0.303131,26.02722,77.00531597151802,,,,6.8,25.75,68.4,-0.10250065238252401,25.74832061126359,60.86309037797451,-2.3118405197559797,26.835217494244503,61.766841888366756,,16.142225593543508,0.6269234346290569,7.250171622137337,15.23847408315126,0.567853571017993,,,,15.23847408315126,0.0,14.759369621834479
272.783,0.033999999999991815,0.294398,26.036949,77.86437928634791,,,,6.8,25.75,68.4,-0.05549687378236242,25.744938089734966,61.712729146541385,-2.3118405197559797,26.75892675709252,62.65114526851423,,16.151650139806527,0.6273718772796941,6.986996500174381,15.213234017833685,0.5685293044797239,,,,15.213234017833685,0.0,14.717409716400887
272.817,0.016000000000019554,0.286949,26.046436,78.7498057143917,,,,6.8,25.75,68.4,-0.03318116395022216,25.743051196026364,62.58802496439912,-2.3118405197559797,26.680324179420836,63.559612534434734,,16.16178074999258,0.6278113898358433,6.71660731287884,15.190193179956964,0.5693406526024717,,,,15.190193179956964,0.0,14.674178298681461
272.833,0.016999999999995907,0.285139,26.051151,79.1665854198642,,,,6.8,25.75,68.4,-0.00934974128204832,25.74252029740316,62.99990953634706,-2.3118405197559797,26.643334731104694,63.98620180571946,,16.166675883517144,0.6280144949579003,6.589632572716072,15.180383614144745,0.5697628982014193,,,,15.180383614144745,0.0,14.653834102107583
272.85,0.016999999999995907,0.285232,26.055897,79.6094961894496,,,,6.8,25.75,68.4,0.014610149184330165,25.742361351801367,63.43753103036519,-2.3118405197559797,26.604033442268854,64.43880443519302,,16.171965159084408,0.6282238423303287,6.454909306561859,15.17069175425658,0.5702402903370726,,,,15.17069175425658,0.0,14.632218393247872
272.867,0.01599999999996271,0.287187,26.060701,80.0524876544735,,,,6.8,25.75,68.4,0.03728821485427632,25.742609724337502,63.87515328451227,-2.3118405197559797,26.564732153433013,64.89073894275637,,16.177334369961223,0.628426353939822,6.320379114320663,15.161748711717124,0.5707472834337515,,,,15.161748711717124,0.0,14.610602684388159
272.883,0.016999999999995907,0.293527,26.065695,80.46949563040852,,,,6.8,25.75,68.4,0.06161385911733143,25.74320633577517,64.28703981299222,-2.3118405197559797,26.527742705117003,65.31547874162378,,16.182455817416297,0.6286107335016634,6.193938834817226,15.154016888784739,0.5712516536833585,,,,15.154016888784739,0.0,14.590258487814353
272.9,0.016999999999995907,0.30577,26.070972,80.91265486005992,,,,6.8,25.75,68.4,0.08628358760711344,25.744253771380166,64.72468322390293,-2.3118405197559797,26.488441416281162,65.76611630665555,,16.187971636156988,0.6287994120906749,6.059783433113067,15.146538553404369,0.5718169036587606,,,,15.146538553404369,0.0,14.56864277895464
272.917,0.03300000000001546,0.324596,26.076656,81.3559055678248,,,,6.8,25.75,68.4,0.13511481529442143,25.745720592369487,65.1623480059947,-2.3118405197559797,26.44914012744532,66.21608574977711,,16.193557561830104,0.6289805524662436,5.925821105321926,15.139819818047698,0.5724125527369281,,,,15.139819818047698,0.0,14.547027070094929
272.95,0.016999999999995907,0.37106,26.088877,82.21661195834722,,,,6.7,25.92,81.4,0.16131121328343503,25.750179381274204,66.01203035556021,-2.4249228453358156,26.37284939029334,67.08764857682021,,16.204581602787,0.6292997560464041,5.117333999222813,15.128963381527,0.5736567618323143,,,,15.128963381527,1.0,14.505067164661337
272.967,0.016000000000019554,0.397565,26.096247,82.66017648551711,,,,6.8,25.93,82.2,0.18650026110316073,25.752921671900022,66.44980671451209,-2.4610129279081026,26.33162570192264,67.53563661510394,,16.21036977100502,0.6294575030177163,4.945013326826819,15.124539870413173,0.5743868624605595,,,,15.124539870413173,1.0,14.482394136057453
272.983,0.033999999999991815,0.422934,26.103611,83.07776732583763,,,,6.8,25.94,82.7,0.24102294007567665,25.755905676077678,66.86187733329642,-2.4955707502021443,26.292249495076064,67.95662761668045,,16.215889992541207,0.6295989042855781,4.779148918965572,15.121139709157177,0.5751177628216643,,,,15.121139709157177,1.0,14.460737222291836
273.017,0.016000000000019554,0.463913,26.119221,83.96553455568942,,,,6.8,25.94,83.1,0.2670861959609375,25.76410045604025,67.73771743754222,-2.5798498506306893,26.207400089569212,68.8491216596192,,16.2278171181472,0.6298615837892636,4.492253724878935,15.116412896070216,0.5767994094952855,,,,15.116412896070216,1.0,14.414070049263067
273.033,0.016999999999995907,0.477091,26.127293,84.38350147255393,,,,6.9,25.96,84.0,0.29478224971604683,25.76837383517563,68.14997723187244,-2.5730871841893546,26.166122491959072,69.26810984027193,,16.23352424068149,0.6299786065087893,4.288135140708808,15.115391632281998,0.5776702924526552,,,,15.115391632281998,1.0,14.391367370577491
273.05,0.03300000000001546,0.485252,26.135424,84.82773439320333,,,,6.9,25.97,84.4,0.34809435411111894,25.773385133420803,68.58808218310541,-2.5629927467592077,26.122380009827864,69.71256211153701,,16.239652210097915,0.6300938788610919,4.108352837098694,15.115172281666318,0.5786292166326203,,,,15.115172281666318,1.0,14.367309005405327
273.083,0.033999999999991815,0.489666,26.151674,85.69046760491773,,,,6.9,25.98,84.8,0.40111703560608136,25.784872247106474,69.43879342988451,-2.6891100781545445,26.03780124918477,70.57320510231112,,16.251674175033216,0.6302794141963199,3.7916984931714715,15.117262502606607,0.5805890581133428,,,,15.117262502606607,1.0,14.320790687051625
273.117,0.01599999999996271,0.486587,26.167782,86.57990754786552,,,,6.9,25.99,85.7,0.4247840230256738,25.798510226317077,70.3157109319325,-2.72853625470326,25.946371506527537,71.45693603915801,,16.264196615933017,0.6304316207895563,3.4530180478242682,15.122971508707508,0.582854967019296,,,,15.122971508707508,1.0,14.270504328590146
273.133,0.016999999999995907,0.484415,26.175774,86.99865434300054,,,,6.9,26.01,86.6,0.4492914172913341,25.805306770685473,70.72854146790756,-2.6777741288342924,25.902714926452386,71.87172873062087,,16.270112875092977,0.6304948443230923,3.2421802777114364,15.126925612379665,0.5839899661224985,,,,15.126925612379665,1.0,14.246493209548813
273.15,0.03300000000001546,0.481839,26.183708,87.44371249896793,,,,6.9,26.02,87.0,0.4954342322213276,25.812944724779424,71.1672966056189,-2.583911741834588,25.857192766262216,72.31168794600885,,16.276415893349025,0.6305524637692459,3.0578453861039137,15.13202455295908,0.585215289600306,,,,15.13202455295908,1.0,14.22145602144422
273.183,0.016999999999995907,0.477166,26.199459,88.30803722430383,,,,6.9,26.02,87.4,0.5176485136727,25.829294054442734,72.01939354547646,-2.6061837977356714,25.771923678781633,73.16356836735247,,16.28864367882737,0.630626746689024,2.774170499437256,15.144468856951363,0.5876343980259419,,,,15.144468856951363,1.0,14.1745580233299
273.2,0.016999999999995907,0.475411,26.206787,88.75349697779072,,,,6.9,26.04,88.3,0.5390584244975446,25.838094079175168,72.45856634461211,-2.5404234487128288,25.727618554220136,73.60131447633287,,16.29493063317861,0.6306552868507395,2.5620591348877806,15.152182501457844,0.5889461735265199,,,,15.152182501457844,1.0,14.150190204821076
273.217,0.016000000000019554,0.473281,26.215048,89.1990810536801,,,,6.9,26.05,88.8,0.5584593824883446,25.847258072391625,72.89789183790033,-2.464897869096008,25.68443135559203,74.03831690056617,,16.30118921577977,0.6306738289270092,2.386412764316635,15.16076415311393,0.5902705784379034,,,,15.16076415311393,1.0,14.126437245575618
273.233,0.016999999999995907,0.471228,26.222771,89.61858240164861,,,,6.9,26.06,89.2,0.5783061048406315,25.85619342251145,73.31151944986007,-2.3838645991369303,25.644992989686443,74.4489522953289,,16.307062951788538,0.6306830508775104,2.2233783890353283,15.169630106319715,0.5915240496427678,,,,15.169630106319715,1.0,14.104746144327544
273.25,0.016999999999995907,0.469269,26.230459,90.0644376010945,,,,6.9,26.06,89.6,0.5973045287408916,25.866024626293736,73.7511583032748,-2.3068817680724583,25.604467291501127,74.88457270771889,,16.31327929781969,0.6306836683839178,2.0895183092470595,15.179864893375608,0.5928600162056193,,,,15.179864893375608,1.0,14.082457010325621
273.267,0.016000000000019554,0.466794,26.238073,90.51042321346489,,,,6.9,26.07,90.1,0.6143561587442047,25.87617880328233,74.1909670324261,-2.2214201744888804,25.565250301443903,75.31951530725883,,16.319456181038788,0.6306748884796199,1.9275952161117385,15.190907906206064,0.594201415088359,,,,15.190907906206064,1.0,14.060887665794148
273.283,0.016999999999995907,0.464287,26.245636,90.9302921310974,,,,6.9,26.07,90.1,0.6316464343944884,25.88600850182225,74.60506453086744,-2.2214201744888804,25.529707578652037,75.72827497030009,,16.325227600229965,0.6306583573547365,1.8105375735829057,15.202017160797311,0.5954638185323067,,,,15.202017160797311,0.0,14.041339168258622
273.3,0.016999999999995907,0.460687,26.253101,91.3765350325688,,,,6.9,26.07,90.1,0.647995016784587,25.896746491206954,75.04521794830808,-2.2214201744888804,25.491943435685734,76.16195900392185,,16.331317084260718,0.6306320019700503,1.6863368515811326,15.214576028646945,0.5968386077362906,,,,15.214576028646945,0.0,14.020568889627155
273.317,0.016000000000019554,0.457509,26.2605,91.82290431884019,,,,6.9,26.07,90.1,0.6624963097373482,25.90776240649229,75.48555627393841,-2.2214201744888804,25.45417929271943,76.59500104711319,,16.337348044901773,0.6305966446877619,1.562314395891109,15.227903271727001,0.5982476628536433,,,,15.227903271727001,0.0,13.999798610995688
273.333,0.016999999999995907,0.453381,26.267336,92.2431308799927,,,,6.9,26.07,90.1,0.6769766394095648,25.9183623474481,75.90016527197044,-2.2214201744888804,25.418636569927564,77.00198357401486,,16.34296560802227,0.6305554876090149,1.4457502241214364,15.241147305977847,0.5996052252467954,,,,15.241147305977847,0.0,13.980250113460162
273.35,0.016999999999995907,0.449212,26.274982,92.6897411055471,,,,6.9,26.07,90.1,0.6904876222028247,25.929870950318058,76.34087525500134,-2.2214201744888804,25.38087242696126,77.4337794004883,,16.348865850545764,0.6305031707203783,1.3220738148012758,15.255961705058795,0.6010810601156834,,,,15.255961705058795,0.0,13.959479834828695
273.367,0.03299999999995862,0.444887,26.282084,93.136480710681,,,,6.9,26.07,90.1,0.7147759523803304,25.941609239895502,76.78178283661805,-2.2214201744888804,25.343108283994958,77.86493323653133,,16.35469787406295,0.6304426885326421,1.1985756717928648,15.27154747414967,0.602591730383529,,,,15.27154747414967,0.0,13.938709556197228
273.4,0.016999999999995907,0.43695,26.295958,94.00403172365141,,,,6.9,26.07,90.1,0.7252977683296451,25.965196846324023,77.6382451370396,-2.2214201744888804,25.269801418236916,78.7000462466171,,16.365786586611804,0.6302970350455387,0.9593528741442223,15.303985477034303,0.6056234959563077,,,,15.303985477034303,0.0,13.898390780030304
273.417,0.03300000000001546,0.433057,26.302713,94.4511261489263,,,,6.9,26.07,90.1,0.7437830952421289,25.977526908385624,78.07975828895454,-2.2214201744888804,25.232037275270613,79.12931187551182,,16.37136785997177,0.6302127187745129,0.8363790438174163,15.321814273414489,0.6072365107208793,,,,15.321814273414489,0.0,13.87762050139884
273.45,0.016999999999995907,0.425051,26.315474,95.31935147746321,,,,6.9,26.07,90.1,0.7512904402072456,26.002071750528625,78.93742166682702,-2.2214201744888804,25.158730409512447,79.96075954231112,,16.381929810636194,0.6300240214629493,0.5981740296091438,15.358591935152091,0.6104676859745295,,,,15.358591935152091,0.0,13.837301725231848
273.467,0.016000000000019554,0.421627,26.322294,95.7667759553326,,,,6.9,26.07,90.1,0.7574451931054975,26.014843688012146,79.3795654480545,-2.2214201744888804,25.120966266546144,80.38813696405751,,16.3872105072781,0.6299177002101096,0.4757245119639504,15.378638991275096,0.6121834179505663,,,,15.378638991275096,0.0,13.816531446600381
273.483,0.016999999999995907,0.417692,26.328552,96.18798662758913,,,,6.9,26.07,90.1,0.7630557933822621,26.02696281110185,79.79589990004793,-2.2214201744888804,25.085423543754278,80.78978808254041,,16.392086727541198,0.6298117397143674,0.36064075247176586,15.398198545048714,0.6138305186751583,,,,15.398198545048714,0.0,13.796982949064853
273.5,0.016999999999995907,0.414689,26.334702,96.63563236808302,,,,6.9,26.07,90.1,0.7676999118596182,26.039934759589347,80.2384685293987,-2.2214201744888804,25.047659400787975,81.21591928756891,,16.39716383868432,0.6296929692823434,0.2385372811964359,15.419713080514114,0.6156149296739888,,,,15.419713080514114,0.0,13.776212670433388
273.517,0.016000000000019554,0.410995,26.340696,97.08338222464342,,,,6.9,26.07,90.1,0.7711461361151383,26.052985658090957,80.68125835294889,-2.2214201744888804,25.009895257821672,81.64140850216698,,16.402123871694528,0.6295679154377732,0.11661207623284797,15.441973722476433,0.6174345619319243,,,,15.441973722476433,0.0,13.755442391801921
273.533,0.016999999999995907,0.408812,26.34622,97.50488596800393,,,,6.9,26.07,90.1,0.7739268610610034,26.065323996268816,81.09820483018429,-2.2214201744888804,24.974352535029805,82.04128248451029,,16.406681137819646,0.6294447419939311,0.0020217874998307295,15.463603483493642,0.6191793545720119,,,,15.463603483493642,0.0,13.735893894266393
273.55,0.016999999999995907,0.405647,26.35232,97.95283078133782,,,,6.9,26.07,90.1,0.7757678308428584,26.07848075290685,81.54142717055218,-2.2214201744888804,24.936588392063502,82.46552548239048,,16.41140361078564,0.6293082701512946,-0.11955737109388664,15.487305298947348,0.6210675275803345,,,,15.487305298947348,0.0,13.715123615634928
273.567,0.016000000000019554,0.403343,26.357925,98.40087883732922,,,,6.9,26.07,90.1,0.7766330066108235,26.091668806031173,81.98487344180305,-2.2214201744888804,24.8988242490972,82.88912648984024,,16.41600539552617,0.6291665557141963,-0.24095826337586201,15.51175234748898,0.6229913586402144,,,,15.51175234748898,0.0,13.694353337003461
273.583,0.016999999999995907,0.400953,26.363401,98.82265726523373,,,,6.9,26.07,90.1,0.7767013558548406,26.10409493413696,82.4024395517249,-2.2214201744888804,24.863281526305332,83.28722333604395,,16.420217713508833,0.6290284246566892,-0.3550550813497191,15.535433929189779,0.6248344134603995,,,,15.535433929189779,0.0,13.674804839467933
273.6,0.016999999999995907,0.399173,26.36874,99.27089301994212,,,,6.9,26.07,90.1,0.7758816640348671,26.11729885718649,82.84632139895103,-2.2214201744888804,24.82551738333903,83.70957812677582,,16.424571620991088,0.6288771174539617,-0.4761099272618239,15.561314893166298,0.6268274152308242,,,,15.561314893166298,0.0,13.654034560836468
273.617,0.01599999999996271,0.397365,26.373632,99.71921928044051,,,,6.9,26.07,90.1,0.7742714267807881,26.13048884547508,83.29042759442355,-2.2214201744888804,24.787753240372727,84.13129092707727,,16.428791686016964,0.6287211763687259,-0.5969865068621867,15.587928353363239,0.6288560404084791,,,,15.587928353363239,0.0,13.633264282205001
273.633,0.016999999999995907,0.395504,26.379025,100.14124825515952,,,,6.9,26.07,90.1,0.7717671892809547,26.142877188303544,83.7086145226928,-2.2214201744888804,24.752210517580988,84.52761063713999,,16.432633732466726,0.6285702072539578,-0.7105898540764728,15.613637618019538,0.6307977062060575,,,,15.613637618019538,0.0,13.613715784669544
273.65,0.016999999999995907,0.393977,26.383982,100.58974883048742,,,,6.9,26.07,90.1,0.768418519853213,26.155997230521315,84.1531549552527,-2.2214201744888804,24.714446374614685,84.94807722072355,,16.43659387523472,0.6284063165465904,-0.8311203873069726,15.641671609763875,0.632895893060754,,,,15.641671609763875,0.0,13.592945506038077
273.667,0.016000000000019554,0.3922,26.38879,101.03833345416382,,,,6.9,26.07,90.1,0.7644781079365138,26.169060345358815,84.59791794464758,-2.2214201744888804,24.676682231648382,85.36790181387667,,16.440415509516242,0.6282386640004831,-0.9514726542257295,15.670431640287148,0.6350299239250842,,,,15.670431640287148,0.0,13.57217522740661
273.683,0.016999999999995907,0.390624,26.393486,101.46060429576434,,,,6.9,26.07,90.1,0.7595324412515355,26.181291995085815,85.01672076337165,-2.2214201744888804,24.641139508856515,85.7624443878012,,16.44388353239269,0.6280776187622513,-1.064582530681252,15.698159907963145,0.6370711834296833,,,,15.698159907963145,0.0,13.552626729871085
273.7,0.016999999999995907,0.388712,26.397757,101.90935000293223,,,,6.9,26.07,90.1,0.7537646012141841,26.19420404658709,85.46191247972577,-2.2214201744888804,24.603375365890212,86.18102276423643,,16.44743752320646,0.6279036955638834,-1.1845887512301463,15.728327238695798,0.6392751809372196,,,,15.728327238695798,0.0,13.531856451239618
273.717,0.016000000000019554,0.387188,26.402206,102.35816804081612,,,,6.8,26.24,101.9,0.7476012159740628,26.207018044807725,85.90732286750251,-1.921016968625765,24.56561122292391,86.59895915024124,,16.45084517331361,0.6277267083644008,-1.860210455467283,15.759208890574882,0.6415150328467647,,,,15.759208890574882,1.0,13.51108617260815
273.733,0.016999999999995907,0.384987,26.406786,102.78065289688064,,,,6.8,26.24,102.4,0.7403349937125494,26.218979664263326,86.32673084917559,-1.591793346230949,24.53487495142586,86.99176303963652,,16.45392204770505,0.6275576799097133,-1.957606949725903,15.788889857244115,0.6435284422073867,,,,15.788889857244115,1.0,13.494181223284224
273.75,0.016999999999995907,0.38354,26.410994,103.22962388950204,,,,6.8,26.25,102.8,0.7323289201231172,26.231565359156438,86.77256048187455,-1.2753456690980527,24.50781446453994,87.40862589967215,,16.457063407627487,0.6273763377176023,-2.0760641892764373,15.820997989829891,0.645549117107978,,,,15.820997989829891,1.0,13.479297955496968
273.767,0.016000000000019554,0.381779,26.415083,103.67866620903193,,,,6.8,26.25,103.2,0.7241085713490171,26.244014950798526,87.21860291450906,-0.9900502348640328,24.486133588165277,87.82507445812004,,16.460063294522868,0.6271930314542836,-2.1446217600912356,15.853591750911889,0.6474518197750216,,,,15.853591750911889,1.0,13.467373473490904
273.783,0.016999999999995907,0.380617,26.418833,104.10135640474445,,,,6.8,26.26,103.7,0.714723614230424,26.255600687940124,87.63859983961949,-0.6776632573373962,24.470292784407434,88.2167258691011,,16.462756565124963,0.6270188505984833,-2.2274939118953525,15.884630535643353,0.6491393738355719,,,,15.884630535643353,1.0,13.45866103142409
273.8,0.016999999999995907,0.379355,26.422985,104.55053156490084,,,,6.8,26.26,104.1,0.7046796206416175,26.267750989382037,88.08504832887662,-0.3797258714427448,24.458772509032702,88.63262292409524,,16.465483236024212,0.6268326223543043,-2.2638757085583685,15.917908640805592,0.6508057031450396,,,,15.917908640805592,1.0,13.452324879967987
273.817,0.016000000000019554,0.378676,26.426815,104.99977712669823,,,,6.8,26.26,104.6,0.694635286605013,26.279730542932942,88.53170192190119,-0.09664611040875132,24.452317169218176,89.04836718636028,,16.468075204797046,0.6266455121331366,-2.284254849075559,15.951409940337953,0.6523475803928472,,,,15.951409940337953,1.0,13.448774443069999
273.833,0.016999999999995907,0.378245,26.430576,105.42265463722676,,,,6.8,26.27,105.0,0.6834096923993398,26.290844707518637,88.95226652390532,0.19425016856519578,24.450770831451635,89.43959189036612,,16.470388113321434,0.6264685785699097,-2.3219670260944567,15.98306274686064,0.6536833892492758,,,,15.98306274686064,1.0,13.4479239572984
273.85,0.016999999999995907,0.378104,26.43428,105.87202908562915,,,,6.8,26.27,105.4,0.6716204991353814,26.302462672289423,89.39930963663359,0.4696086280902074,24.454073084317244,89.85528306365005,,16.472719448995562,0.6262804990633123,-2.3115432907477085,16.016746021979102,0.654972526120848,,,,16.016746021979102,1.0,13.449740196374485
273.867,0.01599999999996271,0.378092,26.437931,106.32146648165704,,,,6.8,26.27,105.9,0.660022436457161,26.31388022077472,89.84654855122453,0.7304660122011954,24.462056430994775,90.2710701645301,,16.47491793043251,0.626092305361549,-2.286337804827217,16.05039631712694,0.6561343835667962,,,,16.05039631712694,1.0,13.454131037047127
273.883,0.016999999999995907,0.378236,26.441542,106.74452177343206,,,,6.8,26.28,106.3,0.6472348249893505,26.32444057975801,90.26765511762781,0.9968311693770068,24.473743887189965,90.66255656707467,,16.476866655804244,0.625915168297024,-2.282266870295496,16.08196520635738,0.6571109545186912,,,,16.08196520635738,1.0,13.460559137954482
273.9,0.016999999999995907,0.378434,26.44511,107.19408264253394,,,,6.8,26.28,106.7,0.6339725097214026,26.33544357178283,90.71526413291579,1.2467379674201062,24.49069001706937,91.07875425526078,,16.47881850961815,0.6257277749927257,-2.2287124037817363,16.115328387273166,0.6580185521943729,,,,16.115328387273166,1.0,13.469879509388154
273.917,0.016000000000019554,0.378728,26.448652,107.64370419624683,,,,6.8,26.29,107.2,0.6210728987579017,26.34622110444809,91.16305828266364,1.483225995801242,24.511884562515505,91.49527613918715,,16.48064591358319,0.6255411676781504,-2.194537493368081,16.148428057059675,0.6587999391019677,,,,16.148428057059675,1.0,13.48153650938353
273.933,0.016999999999995907,0.378931,26.452166,108.06693110543135,,,,6.8,26.29,107.6,0.6069818328251547,26.356158270828228,91.58467731766638,1.7225032997697958,24.535616178448354,91.88765614511534,,16.482253787764975,0.6253663230580923,-2.119415803646623,16.179274960316008,0.6594199567943843,,,,16.179274960316008,1.0,13.494588898146596
273.95,0.016999999999995907,0.379047,26.455437,108.51667268296075,,,,6.8,26.29,108.1,0.5924895632873057,26.366476961986255,92.03281971714519,1.9619173284668172,24.564898734544432,92.30501052187569,,16.483852965815558,0.6251822338487267,-2.0266257616441417,16.21166216108506,0.6599523302038848,,,,16.21166216108506,1.0,13.510694303999438
273.967,0.016000000000019554,0.379023,26.459122,108.96646988425213,,,,6.8,26.3,108.5,0.5785135849674987,26.376549284562138,92.48113544024073,2.1708340044539347,24.59825132912836,92.7228972974168,,16.4853344440114,0.6249996641395416,-1.953676838901846,16.24357258683534,0.6603547695116153,,,,16.24357258683534,1.0,13.529038231020598
273.983,0.016999999999995907,0.378805,26.46257,109.38986435119665,,,,6.8,26.3,109.0,0.5633494879946209,26.38580550192163,92.90323427853312,2.397561518902075,24.632984673199665,93.1167471854359,,16.48663007266353,0.6248295156826968,-1.8433306632994322,16.273117165760752,0.6606230378353489,,,,16.273117165760752,1.0,13.548141570259817
274.0,0.016999999999995907,0.378516,26.466003,109.83978277851904,,,,6.8,26.3,109.4,0.5478715618570557,26.39538244321754,93.35187437606669,2.6057378694154347,24.67374321902099,93.53585437251968,,16.487908402452348,0.6246512410995212,-1.71365040071138,16.303928405999358,0.6607805010076727,,,,16.303928405999358,1.0,13.570558770461547
274.017,0.016000000000019554,0.378165,26.469427,110.28975952508092,,,,6.8,26.31,109.8,0.5330366435613808,26.404696259769107,93.80067504504197,2.7847708852283133,24.718040762801042,93.95568453636507,,16.489084480038954,0.6244754462546936,-1.6053559767515218,16.334074988715855,0.6608159257224593,,,,16.334074988715855,1.0,13.594922419540575
274.033,0.016999999999995907,0.37782,26.472845,110.71331876220144,,,,6.8,26.31,110.3,0.517043102014818,26.4132248460661,94.22321841388917,2.9793209751688883,24.76259709696475,94.35152963924368,,16.490100348312268,0.6243122694943571,-1.463108103640582,16.36178912295776,0.6607460864823136,,,,16.36178912295776,1.0,13.619428403330614
274.05,0.016999999999995907,0.377468,26.476259,111.16341172219133,,,,6.8,26.31,110.7,0.5008272114922817,26.42201457880035,94.67231794900042,3.1549314746900854,24.81324555354261,94.77292430177289,,16.49109377319091,0.6241421797724125,-1.3011095133705997,16.390487420418438,0.6605539523256099,,,,16.390487420418438,1.0,13.647285054448437
274.067,0.016000000000019554,0.377148,26.479675,111.61356266931722,,,,6.8,26.32,111.2,0.48538686558228555,26.430528641395718,95.12156456637197,3.319329182622717,24.86687938861233,95.1952053637811,,16.491998102945246,0.6239753402856778,-1.1621064031517223,16.41835730553612,0.6602500076087082,,,,16.41835730553612,1.0,13.676783663736781
274.083,0.016999999999995907,0.376848,26.483097,112.03728574426174,,,,6.8,26.32,111.6,0.4688398037143155,26.438294831245045,95.54451515415361,3.480010898170724,24.919988655534357,95.59350030813476,,16.492770590108123,0.6238212674221637,-0.9915364724489972,16.443785436126973,0.6598632793709179,,,,16.443785436126973,1.0,13.705993760543898
274.1,0.016999999999995907,0.376593,26.486526,112.48755284779763,,,,6.8,26.32,112.0,0.45216740258359234,26.446265107908186,95.99403391363631,3.6215460303878286,24.979148840803244,96.01764297685354,,16.493518934161315,0.6236615592736111,-0.8011178152320455,16.469909870944093,0.6593463202413297,,,,16.469909870944093,1.0,13.738531862441786
274.117,0.01599999999996271,0.376354,26.489964,112.93787820748602,,,,6.8,26.33,112.5,0.4363880093912671,26.453951953752107,96.44368575866032,3.753738391705844,25.040715123319824,96.44281182054847,,16.4941924488257,0.6235057989695275,-0.6353963697143783,16.495066386937552,0.6587298448028781,,,,16.495066386937552,1.0,13.772393317825905
274.133,0.016999999999995907,0.376062,26.493412,113.36176580479703,,,,6.8,26.33,112.9,0.41956882209011465,26.46093416190235,96.86700484758457,3.880123404066241,25.100774937586976,96.84394374103479,,16.494760957212463,0.623362760221864,-0.4411723520291444,16.51782206376224,0.6580602433523972,,,,16.51782206376224,1.0,13.805426215672838
274.15,0.016999999999995907,0.375735,26.496872,113.81220814975592,,,,6.8,26.33,113.4,0.4027151556256312,26.46806683187788,97.3169013560316,4.004681606962651,25.166737035456087,97.27121759280556,,16.495306793724325,0.6232153975770357,-0.22734173321707152,16.540990556950362,0.6572560651643728,,,,16.540990556950362,1.0,13.841705369500849
274.167,0.016000000000019554,0.375257,26.500338,114.26270926746331,,,,6.8,26.34,113.8,0.3868453242132489,26.474912989523514,97.7669166845134,4.103882717981617,25.234816622774435,97.69963079890042,,16.495792582949903,0.6230725891139856,-0.03899521365675085,16.563078468562892,0.6563581862376089,,,,16.563078468562892,1.0,13.879149142525941
274.183,0.016999999999995907,0.374782,26.503815,114.68676270835982,,,,6.8,26.34,114.3,0.3700106298521493,26.481102514710933,98.1905648085478,4.212640358922015,25.300478746262222,98.1039131618532,,16.496197899812017,0.6229422619639026,0.17496192400536836,16.582849546506623,0.6554361960030696,,,,16.582849546506623,1.0,13.915263310444223
274.2,0.016999999999995907,0.374071,26.507294,115.13738171935871,,,,6.8,26.34,114.7,0.3532203629060716,26.487392695418418,98.6407970178338,4.301606387673372,25.372093632363878,98.53463002707142,,16.49658470152491,0.6228089299396524,0.40893031882636643,16.6027516922873,0.6543705826116505,,,,16.6027516922873,1.0,13.954651497800134
274.217,0.016000000000019554,0.373419,26.51078,115.5880597706181,,,,6.8,26.35,115.1,0.33748913412236914,26.49339744158782,99.09113373399825,4.367502952050523,25.445220940954307,98.96657720094451,,16.496926036619854,0.622680653660671,0.6155701399691473,16.62148256967359,0.6532261051394985,,,,16.62148256967359,1.0,13.99487151752487
274.233,0.016999999999995907,0.372217,26.514257,116.01228004825062,,,,6.8,26.35,115.6,0.3208627039740024,26.498797267733785,99.51507129167334,4.441120626042998,25.5151009881872,99.37425977637814,,16.49720875657728,0.622564435279675,0.8451275011556763,16.638020271872477,0.6520852212019631,,,,16.638020271872477,1.0,14.03330554350296
274.25,0.016999999999995907,0.370897,26.517725,116.46307620260701,,,,6.8,26.35,116.0,0.3043489295904552,26.50425193370134,99.96559720988542,4.495267889131507,25.590600038829912,99.80865823510769,,16.497478992721597,0.6224465053376705,1.0938294005930809,16.654417967499327,0.6508021672891114,,,,16.654417967499327,1.0,14.074830021356453
274.267,0.016000000000019554,0.368891,26.521172,116.9139311222234,,,,6.8,26.36,116.5,0.2889202966956917,26.509425865504376,100.41621347117855,4.545069925100172,25.667019592945127,100.24434800197766,,16.49771765104485,0.6223340231790027,1.3133453833338256,16.669583120245747,0.649455347157937,,,,16.669583120245747,1.0,14.116860776119822
274.283,0.016999999999995907,0.366936,26.524588,117.33831709227192,,,,6.8,26.36,116.9,0.27267097463148643,26.514048590251512,100.84040126682511,4.583921389719684,25.73974071174682,100.65560208441569,,16.49791582544681,0.622232993550168,1.5542648154219734,16.68271500785623,0.6481306550319195,,,,16.68271500785623,1.0,14.156857391460752
274.3,0.016999999999995907,0.364303,26.527975,117.78928811052381,,,,6.8,26.36,117.3,0.2565772176789827,26.518683996820247,101.29117949381511,4.603780573031315,25.817667375372036,101.0938400531561,,16.498108616708706,0.6221314986326972,1.8131635316215506,16.695448057367713,0.6466675635186864,,,,16.695448057367713,1.0,14.19971705645462
274.317,0.016000000000019554,0.361691,26.531315,118.2403163273072,,,,6.8,26.37,117.8,0.2416012830907652,26.523045809520788,101.7420341971689,4.621811831261922,25.89593164511355,101.53340564483011,,16.498282130138293,0.6220357288006502,2.040991650035933,16.706910682477087,0.6451558071528046,,,,16.706910682477087,1.0,14.242762404812453
274.333,0.016999999999995907,0.359275,26.534637,118.66486366375571,,,,6.8,26.37,118.2,0.22589213140448364,26.526911430050244,102.166433855086,4.627451541028491,25.96988063441383,101.94833214306684,,16.498429808669712,0.6219506500851035,2.288100573797781,16.716531520688875,0.643689193493522,,,,16.716531520688875,1.0,14.283434348927608
274.35,0.016999999999995907,0.357112,26.537704,119.1160044079931,,,,6.8,26.37,118.7,0.2104172944081233,26.53075159628412,102.61742399080973,4.632069260871867,26.048547310611294,102.39048878059944,,16.498580417183376,0.6218663032333451,2.551724543133302,16.725515627393662,0.6420901491339693,,,,16.725515627393662,1.0,14.326701020836213
274.367,0.01599999999996271,0.354835,26.541157,119.56719697867699,,,,6.8,26.38,119.1,0.19610837670245831,26.53432869028906,103.0684771732455,4.619341840220868,26.1272924880461,102.83398341888793,,16.49871980543149,0.6217877225388271,2.7834175460489994,16.733213559789064,0.6404495822689984,,,,16.733213559789064,1.0,14.370010868425355
274.383,0.016999999999995907,0.352796,26.544365,119.991900909556,,,,6.8,26.38,119.6,0.18118226487088812,26.53746642431629,103.49305153416134,4.6103112966344995,26.20120195748946,103.25261137445123,,16.498849375394656,0.6217190862002092,3.032531696820797,16.73928953510476,0.6388748715522165,,,,16.73928953510476,1.0,14.410661076619204
274.4,0.016999999999995907,0.351612,26.547564,120.44320609357788,,,,6.8,26.38,120.0,0.166593191005076,26.540546522819092,103.94421464421187,4.582900838662526,26.279577249532228,103.69869799771082,,16.498991449366017,0.6216522871968924,3.2974440008364674,16.74450809586706,0.6371680920462718,,,,16.74450809586706,1.0,14.453767487242727
274.417,0.016000000000019554,0.350581,26.550735,120.89456548951178,,,,6.8,26.39,120.4,0.15320168816756233,26.543378607066177,104.39542800781578,4.5407786950759395,26.35748656378947,104.14611304012395,,16.499137481695996,0.6215914607533692,3.5285610289003593,16.748452449387827,0.6354343540630782,,,,16.748452449387827,1.0,14.496617610084211
274.433,0.016999999999995907,0.349995,26.554089,121.3194221238803,,,,6.8,26.39,120.9,0.13935491907669473,26.545829834076862,104.82014167534544,4.501301397159797,26.430139022910776,104.56841404481807,,16.49928044853486,0.621539449008098,3.775523200440514,16.75100807906223,0.6337843347907379,,,,16.75100807906223,1.0,14.536576462600928
274.45,0.016999999999995907,0.349537,26.55703,121.77089221115769,,,,6.7,26.39,121.3,0.12591154575106211,26.548198867701167,105.27144091931045,4.441515751336126,26.506661146662474,105.01837684625934,,16.499451291847237,0.6214904210289253,4.036352686165369,16.752515364898343,0.6320115261671763,,,,16.752515364898343,1.0,14.578663630664362
274.467,0.016000000000019554,0.349359,26.560152,122.22241222925408,,,,6.7,26.39,121.3,0.11366850614452,26.550339363978935,105.72277849427962,4.441515751336126,26.58216691443517,105.46963188477856,,16.499633734974452,0.6214471878788729,4.294435308124253,16.75278034447551,0.630226286607887,,,,16.75278034447551,0.0,14.620191802939345
274.483,0.016999999999995907,0.348987,26.56325,122.6474193792066,,,,6.7,26.39,121.3,0.10108300418566005,26.55215806007725,106.14759847367259,4.441515751336126,26.653231166456635,105.89551506942621,,16.49982090553401,0.6214116708781751,4.537987592431624,16.751904309780386,0.628513076150513,,,,16.751904309780386,0.0,14.65927714155115
274.5,0.016999999999995907,0.348542,26.566315,123.099045057828,,,,6.7,26.39,121.3,0.08895158505277324,26.553876471148406,106.59899976718789,4.441515751336126,26.72873693422933,106.34926179828193,,16.500045290640102,0.621379906943828,4.797453574625135,16.749783259546064,0.6266582405581601,,,,16.749783259546064,0.0,14.700805313826134
274.517,0.016000000000019554,0.347822,26.569353,123.55072277714689,,,,6.7,26.39,121.3,0.07796534838508198,26.555388648094304,107.05042852070135,4.441515751336126,26.80424270200203,106.80429212518979,,16.500294256445542,0.6213538982653772,5.057632196939513,16.7464306519571,0.6247679085037644,,,,16.7464306519571,0.0,14.742333486101117
274.533,0.016999999999995907,0.346771,26.572334,123.97587694636341,,,,6.7,26.39,121.3,0.06672860907239439,26.556636093668466,107.47532471863597,4.441515751336126,26.875306954023493,107.23372852243851,,16.50055222772744,0.6213344253966503,5.303157187463823,16.742148423924903,0.6229565471593038,,,,16.742148423924903,0.0,14.781418824712922
274.55,0.016999999999995907,0.345248,26.575275,124.4276567327728,,,,6.7,26.39,121.3,0.055947828987481345,26.557770480022697,107.92679717451225,4.441515751336126,26.95081272179619,107.69125053968287,,16.500859558260558,0.621319457921848,5.564719170012827,16.736406193089934,0.6209982001601955,,,,16.736406193089934,0.0,14.822946996987906
274.567,0.016000000000019554,0.34307,26.578125,124.8794862961087,,,,6.7,26.39,121.3,0.04622015538325183,26.558721593115482,108.37828735713381,4.441515751336126,27.026318489568887,108.15005615497937,,16.50119893897488,0.6213099859163514,5.826993792682705,16.729430141129328,0.619005142990017,,,,16.729430141129328,0.0,14.864475169262889
274.583,0.016999999999995907,0.340517,26.580919,125.30478020906922,,,,6.7,26.39,121.3,0.036302651992580766,26.559461115601614,108.80323281880406,4.441515751336126,27.09738274159035,108.58304576482917,,16.50154739026516,0.6213058058083786,6.074491489423947,16.721734444240056,0.6170977693197928,,,,16.721734444240056,0.0,14.903560507874694
274.6,0.016999999999995907,0.336649,26.583584,125.75670503677561,,,,6.7,26.39,121.3,0.026796327502558812,26.560078260685486,109.25474890350239,4.441515751336126,27.172888509363048,109.04434307046216,,16.501956133273225,0.6213067586363101,6.3381494723284515,16.712361966313452,0.6150381090532506,,,,16.712361966313452,0.0,14.945088680149677
274.617,0.01599999999996271,0.333462,26.586187,126.208674610556,,,,6.7,26.39,121.3,0.018261986603471204,26.56053379825303,109.70627410600326,4.441515751336126,27.248394277135745,109.5069239741473,,16.50240050455274,0.6213128331644507,6.602520095353823,16.701750636408704,0.6129443983575656,,,,16.701750636408704,0.0,14.98661685242466
274.633,0.016999999999995907,0.328104,26.588619,126.63409628569102,,,,6.7,26.39,121.3,0.00954700125666817,26.560825990038683,110.13124498430861,4.441515751336126,27.319458529156957,109.94346679659662,,16.502851301382407,0.6213229704366725,6.85199049831112,16.69062948909439,0.6109429098413922,,,,16.69062948909439,0.0,15.025702191036327
274.65,0.016999999999995907,0.323787,26.590963,127.0861502197189,,,,6.7,26.39,121.3,0.0012475376426018345,26.560988289060045,110.58278040568085,4.441515751336126,27.394964296929654,110.40853939061824,,16.503369814038052,0.6213386954745005,7.117744481571118,16.677610829100658,0.6087838132707417,,,,16.677610829100658,0.0,15.06723036331131
274.667,0.016000000000019554,0.317104,26.593119,127.53824337794029,,,,6.7,26.39,121.3,-0.006234772677240197,26.56100949719997,111.03431738686395,4.441515751336126,27.47047006470235,110.874895582692,,16.503925991076343,0.6213591389595402,7.384211104951983,16.663347795248285,0.6065912871530921,,,,16.663347795248285,0.0,15.108758535586293
274.683,0.016999999999995907,0.312591,26.595179,127.96377387125281,,,,6.7,26.39,121.3,-0.013796672166880703,26.560909740837133,111.45929274076876,4.441515751336126,27.541534316723816,111.31499161774394,,16.504481130484052,0.6213823732516427,7.635654214127104,16.64878225350887,0.6044972680915373,,,,16.64878225350887,0.0,15.1478438741981
274.7,0.016999999999995907,0.304825,26.597012,128.4159370836522,,,,6.7,26.39,121.3,-0.021036469942318947,26.560675197410294,111.91082621274376,4.441515751336126,27.617040084496512,111.7838395001542,,16.505110870908453,0.6214115698578975,7.9035041977425955,16.63209758349801,0.6022404114492644,,,,16.63209758349801,0.0,15.189372046473084
274.717,0.016000000000019554,0.298791,26.598703,128.8681303348646,,,,6.7,26.39,121.3,-0.027498380206958516,26.560317577421277,112.36235465132971,4.441515751336126,27.69254585226921,112.2539709806166,,16.50577568353488,0.621444967117649,8.17206682147896,16.614159354247988,0.5999505947513516,,,,16.614159354247988,0.0,15.230900218748067
274.733,0.016999999999995907,0.290735,26.600197,129.2937478281131,,,,6.7,26.39,121.3,-0.034078428614544985,26.559877603337963,112.7873162127763,4.441515751336126,27.763610104290674,112.69762022826961,,16.50643161533681,0.6214799579220324,8.42548263687102,16.5961275998435,0.5977654756532791,,,,16.5961275998435,0.0,15.269985557359872
274.75,0.016999999999995907,0.285021,26.601517,129.7459931883205,,,,6.7,26.39,121.3,-0.04027694506105827,26.559298270051517,113.2388292077,4.441515751336126,27.83911587206337,113.17024339906851,,16.50716398062052,0.6215210888773418,8.695428620842005,16.575749789252,0.5954122201806635,,,,16.575749789252,0.0,15.311513729634855
274.767,0.016000000000019554,0.277703,26.602655,130.1982601628549,,,,6.7,26.39,121.3,-0.045797655849168346,26.558613561985478,113.6903314582722,4.441515751336126,27.914621639836067,113.64415016791955,,16.507928704582696,0.6215659061439572,8.966087244933856,16.554109994935345,0.5930264865675808,,,,16.554109994935345,0.0,15.353041901909839
274.783,0.016999999999995907,0.270668,26.603554,130.62393818883942,,,,6.7,26.39,121.3,-0.051358203909714295,26.55788079949189,114.11526341316453,4.441515751336126,27.985685891857532,114.09135262817364,,16.50867477567489,0.621611148130115,9.221475766542857,16.53258556066578,0.5907514871906697,,,,16.53258556066578,0.0,15.392127240521644
274.8,0.016999999999995907,0.264908,26.604336,131.07623771836532,,,,6.7,26.39,121.3,-0.0565483880003359,26.557007710025424,114.56673996549532,4.441515751336126,28.06119165963023,114.56775108736117,,16.509497752870004,0.6216625733266468,9.493517750869342,16.508486631004146,0.588303120952408,,,,16.508486631004146,0.0,15.433655412796627
274.817,0.016000000000019554,0.259322,26.604885,131.52854970957122,,,,6.7,26.39,121.3,-0.06108814476898061,26.55604638742942,115.01820092532357,4.441515751336126,28.136697427402925,115.04543314460085,,16.510348784247654,0.62171712397908,9.766272375316694,16.483116564970373,0.5858227180890504,,,,16.483116564970373,0.0,15.47518358507161
274.833,0.016999999999995907,0.25491,26.60532,131.95426106278774,,,,6.7,26.39,121.3,-0.06554720107310733,26.555068977113113,115.44308984824043,4.441515751336126,28.20776167942439,115.49618881745602,,16.511171214547304,0.6217709782180459,10.023633603142633,16.45807224533172,0.5834589937469851,,,,16.45807224533172,0.0,15.514268923683415
274.85,0.016999999999995907,0.250296,26.605539,132.4065883372826,,,,6.7,26.39,121.3,-0.0696276410264034,26.55395467469487,115.8945165492807,4.441515751336126,28.283267447197087,115.97636256503219,,16.51207178800192,0.6218309848866855,10.297771587824611,16.430225772250424,0.5809168195621147,,,,16.430225772250424,0.0,15.555797095958399
274.867,0.01599999999996271,0.246881,26.605639,132.8589186680545,,,,6.7,26.39,121.3,-0.07308725384461917,26.552771004797425,116.34592371755626,4.441515751336126,28.358773214969784,116.45781991066049,,16.512994950498253,0.6218934719662504,10.572622212627456,16.401098757394024,0.5783430275022036,,,,16.401098757394024,0.0,15.597325268233382
274.883,0.016999999999995907,0.243276,26.605553,133.28464049282152,,,,6.7,26.39,121.3,-0.07640629125225527,26.551601608735915,116.77075869846354,4.441515751336126,28.429837466990996,116.91212879611511,,16.513881794357985,0.6219542624097164,10.831956146669414,16.37251169670641,0.5758918500929183,,,,16.37251169670641,0.0,15.636410606845049
274.9,0.016999999999995907,0.241417,26.60536,133.7369700472034,,,,6.7,26.39,121.3,-0.07929895876258546,26.550302701784627,117.22212488510286,4.441515751336126,28.505343234763693,117.39607783207991,,16.514845162100556,0.6220209745853662,11.108190131706886,16.340892215123503,0.5732571637725438,,,,16.340892215123503,0.0,15.677938779120032
274.917,0.016000000000019554,0.239464,26.605017,134.18929605195981,,,,6.7,26.39,121.3,-0.08163620251374369,26.548954619485663,117.67346857233355,4.441515751336126,28.58084900253639,117.88131046609685,,16.515827479626267,0.622089559319388,11.385136756865224,16.307985585862966,0.570591362923324,,,,16.307985585862966,0.0,15.719466951395015
274.933,0.016999999999995907,0.238735,26.604568,134.61500697535234,,,,6.7,26.39,121.3,-0.0837173371075338,26.547648440245442,118.09824139681191,4.441515751336126,28.651913254557854,118.33917256415415,,16.51676557854043,0.6221555033665997,11.646443397125044,16.27583441119819,0.5680540167281528,,,,16.27583441119819,0.0,15.758552290006822
274.95,0.016999999999995907,0.238346,26.604008,135.06731912855975,,,,6.7,26.39,121.3,-0.08537301899057076,26.546225245514616,118.54953932314078,4.441515751336126,28.72741902233055,118.82689688850759,,16.517779805418968,0.6222270644000467,11.924773382518008,16.240422240052155,0.5653282749636528,,,,16.240422240052155,0.0,15.800080462281805
274.967,0.016000000000019554,0.238756,26.603352,135.51962170555663,,,,6.7,26.39,121.3,-0.08652454208738666,26.54477390419178,119.00081281591318,4.441515751336126,28.802924790103248,119.31590481091317,,16.518808889643452,0.6222998526664757,12.20381600803184,16.203716894643463,0.5625719267305485,,,,16.203716894643463,0.0,15.841608634556788
274.983,0.016999999999995907,0.239026,26.602594,135.94530589832516,,,,6.7,26.39,121.3,-0.08736339840944278,26.543389511518377,119.42551812323939,4.441515751336126,28.873989042124713,119.77732012157155,,16.519787775085774,0.6223691879259463,12.467095354508597,16.16798577675361,0.5599498480506412,,,,16.16798577675361,0.0,15.880693973168594
275.0,0.016999999999995907,0.239357,26.601732,136.39758453558204,,,,6.7,26.39,121.3,-0.087806756076982,26.541904333745418,119.87674312092403,4.441515751336126,28.94949480989741,120.26881973431362,,16.52084141465801,0.6224437104030017,12.747521340257055,16.128764801268417,0.5571345858427287,,,,16.128764801268417,0.0,15.922222145443577
275.017,0.016000000000019554,0.239589,26.600779,136.84984856666844,,,,6.7,26.39,121.3,-0.08787111479778076,26.540411618892108,120.32794280652135,4.441515751336126,29.025000577670106,120.76160294510782,,16.521905760147092,0.6225188213880752,13.028659966126387,16.088245621560617,0.5542892438023873,,,,16.088245621560617,0.0,15.96375031771856
275.033,0.016999999999995907,0.239433,26.59971,137.27549169806096,,,,6.7,26.39,121.3,-0.08761812423713472,26.539005681055343,120.75257814492144,4.441515751336126,29.09606482969157,121.22657146836728,,16.522913553139517,0.622589774150215,13.293912018820077,16.048920229693678,0.5515838765012747,,,,16.048920229693678,0.0,16.002835656330365
275.05,0.016999999999995907,0.239141,26.598551,137.72772136612934,,,,6.7,26.39,121.3,-0.08704097697538953,26.537516172943313,121.20372858068032,4.441515751336126,29.171570597464267,121.721846369498,,16.523992785449025,0.6226653872865573,13.576434004924035,16.00587499663135,0.5486806047399675,,,,16.00587499663135,0.0,16.04436382860535
275.067,0.016000000000019554,0.237723,26.597254,138.17993128900375,,,,6.7,26.39,121.3,-0.08624122111171063,26.536036476334733,121.65485377819907,4.441515751336126,29.247076365236964,122.21840486868084,,16.525077510804678,0.6227409856608394,13.85966863114886,15.961526420322912,0.545747760254586,,,,15.961526420322912,0.0,16.08589200088033
275.083,0.016999999999995907,0.236626,26.595869,138.60551778154826,,,,6.7,26.39,121.3,-0.08514782771325038,26.534656616796944,122.07941932294463,4.441515751336126,29.31814061725843,122.68692660454137,,16.526098458603627,0.6228118455522915,14.126893390059498,15.918591177006888,0.5429604620845649,,,,15.918591177006888,0.0,16.124977339492137
275.1,0.016999999999995907,0.233403,26.594307,139.05768174700515,,,,6.7,26.39,121.3,-0.08386957207540126,26.53320910372582,122.53049618156898,4.441515751336126,29.393646385031126,123.18597679406071,,16.52718556543617,0.6228867944629964,14.41151137651895,15.871704952944441,0.5399706026615055,,,,15.871704952944441,0.0,16.16650551176712
275.117,0.01599999999996271,0.230588,26.592638,139.50981869273855,,,,6.7,26.39,121.3,-0.08249661526570702,26.53178332100054,122.98154861717904,4.441515751336126,29.469152152803822,123.68631058163218,,16.528270075559504,0.6229611434553284,14.696842003099269,15.823508111106364,0.5369515902275745,,,,15.823508111106364,0.0,16.208033684042103
275.133,0.016999999999995907,0.225219,26.590769,139.93533041600156,,,,6.7,26.39,121.3,-0.08096823379118392,26.53046337515629,123.40604659074731,4.441515751336126,29.540216404825035,124.15838553009212,,16.529283825254254,0.6230303478503372,14.966039468225889,15.776944885909444,0.534083591998753,,,,15.776944885909444,0.0,16.24711902265377
275.15,0.016999999999995907,0.221229,26.588781,140.38740603314696,,,,6.7,26.39,121.3,-0.0793257447480402,26.529086915181843,123.85705276821508,4.441515751336126,29.61572217259773,124.6612110080001,,16.530353264931875,0.6231029857070589,15.252753455040827,15.726195025146865,0.5310083250206101,,,,15.726195025146865,0.0,16.288647194928753
275.167,0.016000000000019554,0.213883,26.586565,140.83944727773735,,,,6.7,26.39,121.3,-0.07778011036623617,26.527738377521125,124.30803578320295,4.441515751336126,29.69122794037043,125.16532008396021,,16.531411494534396,0.6231745525861586,15.540180081976645,15.674127193777139,0.5279043098269915,,,,15.674127193777139,0.0,16.330175367203736
275.183,0.016999999999995907,0.208695,26.584219,141.26485969476187,,,,6.7,26.39,121.3,-0.07610706474801733,26.526493895755262,124.73246964138968,4.441515751336126,29.762292192391893,125.64094824502288,,16.532390053372183,0.6232406784832456,15.811350253321155,15.623911449738983,0.5249565910025206,,,,15.623911449738983,0.0,16.36926070581554
275.2,0.016999999999995907,0.200256,26.581652,141.71682157418925,,,,6.7,26.39,121.3,-0.07449471679156269,26.525200075654546,125.18340904014656,4.441515751336126,29.83779796016459,126.1475490113195,,16.533412534042697,0.6233096258232357,16.100160240491594,15.569272562869756,0.5217969698586924,,,,15.569272562869756,0.0,16.410788878090525
275.217,0.016000000000019554,0.193312,26.578878,142.16873859518114,,,,6.7,26.39,121.3,-0.07300795642900583,26.52393366546909,125.634326676946,4.441515751336126,29.913303727937286,126.65543337566824,,16.534411918235136,0.6233770649095278,16.389682867782906,15.513305219512901,0.5186088892289211,,,,15.513305219512901,0.0,16.452317050365508
275.233,0.016999999999995907,0.184945,26.575945,142.59402538711765,,,,6.7,26.39,121.3,-0.07153065934063814,26.522765538166226,126.0587002705756,4.441515751336126,29.98436797995875,127.13461474933199,,16.535325116542055,0.6234389506911616,16.662825745344353,15.459410637785666,0.5155823410424585,,,,15.459410637785666,0.0,16.491402388977313
275.25,0.016999999999995907,0.177984,26.572779,143.04584317667005,,,,6.7,26.39,121.3,-0.07011428809482609,26.521549516957435,126.50957694854404,4.441515751336126,30.059873747731448,127.64499080401724,,16.53626622812601,0.623503020347774,16.953731732870292,15.400852372652807,0.5123392234411854,,,,15.400852372652807,0.0,16.532930561252297
275.267,0.016000000000019554,0.16989,26.56946,143.49760613835795,,,,6.7,26.39,121.3,-0.0688808300904215,26.520357574059823,126.96043315881758,4.441515751336126,30.135379515504145,128.15665045675462,,16.537172979540372,0.6235652341171962,17.24535036051709,15.340955681603333,0.5090679436676969,,,,15.340955681603333,0.0,16.57445873352728
275.283,0.016999999999995907,0.161118,26.565861,143.92273924427846,,,,6.7,26.39,121.3,-0.06772717890300961,26.519255480778373,127.38475006325682,4.441515751336126,30.20644376752561,128.63938504301944,,16.537989181021644,0.6236219260758912,17.520465944295484,15.283354201259016,0.5059633738709046,,,,15.283354201259016,0.0,16.613544072139085
275.3,0.016999999999995907,0.153921,26.562153,144.37438216282936,,,,6.7,26.39,121.3,-0.06667908112226838,26.51810411873702,127.83556761985258,4.441515751336126,30.281949535298306,129.15353638609332,,16.53881454297678,0.6236801269398016,17.81346793217691,15.220845776736041,0.5026375781715701,,,,15.220845776736041,0.0,16.655072244414068
275.317,0.016000000000019554,0.144314,26.55813,144.82596100541375,,,,6.7,26.39,121.3,-0.06587344886698485,26.51697057435794,128.2863657547438,4.441515751336126,30.357455303071003,129.66897132721934,,16.539595250669947,0.6237362297586071,18.107182560179208,15.156989678194407,0.49928393295406104,,,,15.156989678194407,0.0,16.69660041668905
275.333,0.016999999999995907,0.136821,26.55398,145.25090955760626,,,,6.7,26.39,121.3,-0.0651727723847553,26.51591659917607,128.71062885213257,4.441515751336126,30.428519555092468,130.15525912608524,,16.54028070547369,0.6237868732015717,18.38427085017454,15.095650431521022,0.4961020336263661,,,,15.095650431521022,0.0,16.73568575530086
275.35,0.016999999999995907,0.126392,26.549524,145.70234698824066,,,,6.5,26.39,145.3,-0.06471234937460649,26.514808662045528,129.16139001685286,-8.0,30.504025322865164,130.67318575754774,,16.5409569713878,0.6238384437246669,18.679368838411467,15.029161230692921,0.49269435989575394,,,,15.029161230692921,1.0,16.777213927575843
275.367,0.01599999999996271,0.120022,26.544962,146.15370715988456,,,,6.5,26.39,145.7,-0.0644031190367561,26.51370855210616,129.61213241317304,-8.0,30.368025322865197,131.19059818803632,,16.541574746711518,0.6238876283264233,18.148356407922886,14.963108971848243,0.49272578024959596,,,,14.963108971848243,1.0,16.70241392757586
275.383,0.016999999999995907,0.109549,26.540075,146.57844191469957,,,,6.5,26.38,146.2,-0.06435465916177549,26.512678102201573,130.03634350640652,-8.0,30.240025322865495,131.67546259320102,,16.542098408293043,0.6239316278999145,17.683673252758208,14.902979321498549,0.4928229775730349,,,,14.902979321498549,1.0,16.632013927576025
275.4,0.016999999999995907,0.102237,26.535042,147.02963901952995,,,,6.5,26.38,146.6,-0.0644896371047105,26.511584072995824,130.48704973489558,-8.0,30.104025322865528,132.1883870236896,,16.542589284634374,0.6239758906554486,17.157148822269615,14.841251995840366,0.49299892079773416,,,,14.841251995840366,1.0,16.557213927576043
275.417,0.016000000000019554,0.091887,26.529736,147.48074950677633,,,,6.5,26.38,147.0,-0.06488379971325513,26.510487749165044,130.93773734538382,-8.0,29.96802532286556,132.69899945417816,,16.54301216139251,0.6240176460696593,16.632936391781037,14.78175005259817,0.493250719503354,,,,14.78175005259817,1.0,16.48241392757606
275.433,0.016999999999995907,0.085139,26.524246,147.90523704431286,,,,6.5,26.37,147.5,-0.06550654955597497,26.509449608369632,131.36189684424463,-8.0,29.840025322865404,133.17746385934458,,16.54334020006823,0.6240544577298626,16.17464073661457,14.727773184968271,0.4935576637625329,,,,14.727773184968271,1.0,16.412013927575973
275.45,0.016999999999995907,0.076358,26.518543,148.35616152889824,,,,6.5,26.36,147.9,-0.06638864157108623,26.50833599702718,131.8125480218904,-8.0,29.704025322865437,133.68358828983315,,16.543613507007848,0.624090984393104,15.68787255612599,14.672573239065088,0.49395908734869337,,,,14.672573239065088,1.0,16.33721392757599
275.467,0.016000000000019554,0.069716,26.512627,148.80698779362913,,,,6.5,26.36,148.4,-0.06741550333310072,26.507207390120474,132.26318014068104,-8.0,29.56802532286547,134.18740072032173,,16.54380765294809,0.6241248808093661,15.1704601256374,14.6195870733074,0.4944390744282074,,,,14.6195870733074,1.0,16.26241392757601
275.483,0.016999999999995907,0.063837,26.506584,149.23119874927764,,,,6.5,26.35,148.8,-0.06871573289687403,26.506128742067144,132.68728682973907,-8.0,29.440025322865313,134.65946512548817,,16.543911919538573,0.6241542128059684,14.718539470470958,14.57173362378947,0.49496335223842275,,,,14.57173362378947,1.0,16.192013927575925
275.5,0.016999999999995907,0.059885,26.500374,149.68181990172403,,,,6.5,26.35,149.2,-0.07016761998737583,26.504960574607896,133.1378810889307,-8.0,29.304025322865346,135.15878955597674,,16.54393881279333,0.6241827361419523,14.20561503998237,14.523030345747287,0.49559847787925765,,,,14.523030345747287,1.0,16.117213927575943
275.517,0.016000000000019554,0.056836,26.494068,150.1323349131064,,,,6.5,26.34,149.7,-0.07166158869451232,26.503767725068112,133.58845527947784,-8.0,29.16802532286538,135.65580198646532,,16.543879633628563,0.6242085957454582,13.727933859493788,14.476532926641084,0.4963151521708482,,,,14.476532926641084,1.0,16.04241392757596
275.533,0.016999999999995907,0.055119,26.487652,150.55624727611493,,,,6.5,26.33,150.1,-0.07337001828040869,26.502621139648998,134.0125063903961,-8.0,29.040025322865223,136.12146639163174,,16.54374088571882,0.6242303656889511,13.282388204327365,14.434780884483189,0.49706502401420727,,,,14.434780884483189,1.0,15.972013927575874
275.55,0.016999999999995907,0.054844,26.481176,151.00654532481033,,,,6.5,26.33,150.6,-0.0751555038126097,26.501373849338233,134.4630403478024,-8.0,28.904025322865255,136.61399082212031,,16.543504977007927,0.6242508434113138,12.776263773838775,14.392554502690018,0.49794291078566233,,,,14.392554502690018,1.0,15.897213927575892
275.567,0.016000000000019554,0.05537,26.474632,151.45673324176823,,,,6.5,26.32,151.0,-0.07689749260416519,26.500096205773417,134.91355284327074,-8.0,28.768025322865288,137.1042032526089,,16.543180398497498,0.6242686920847228,12.305357593350184,14.352529989159336,0.498905636660147,,,,14.352529989159336,1.0,15.82241392757591
275.583,0.016999999999995907,0.056517,26.46804,151.88033444112875,,,,6.5,26.31,151.5,-0.07881811159666094,26.49886584589175,135.3375445396846,-8.0,28.64002532286513,137.5634676577753,,16.542789901444166,0.624282940924767,11.866186938183766,14.316866783353447,0.49989015798541886,,,,14.316866783353447,1.0,15.752013927575824
275.6,0.016999999999995907,0.058063,26.461405,152.33029928783515,,,,6.5,26.31,151.9,-0.08079622039741399,26.497525937994606,135.7880138698475,-8.0,28.504025322865164,138.04919208826388,,16.542285417987642,0.6242954703279593,11.366862507695174,14.281107199571267,0.501020716821892,,,,14.281107199571267,1.0,15.677213927575842
275.617,0.01599999999996271,0.059571,26.454721,152.78015156293853,,,,6.5,26.3,152.3,-0.08272297941740474,26.49615240224785,136.23846013573944,-8.0,28.368025322865197,138.53260451875246,,16.541691427199083,0.6243054152192957,10.902731327206581,14.247547044186064,0.5022396477030163,,,,14.247547044186064,1.0,15.60241392757586
275.633,0.016999999999995907,0.06074,26.447987,153.20343472402553,,,,6.5,26.29,152.8,-0.08486868749837335,26.494828834577177,136.66238798563307,-8.0,28.240025322865495,138.98546892391724,,16.541046738392453,0.6243122702044218,10.469935672041828,14.217965800108288,0.5034685924518711,,,,14.217965800108288,1.0,15.532013927576024
275.65,0.016999999999995907,0.061393,26.441196,153.65305927995541,,,,6.5,26.29,153.2,-0.08712674840110747,26.493386066889705,137.11278781229544,-8.0,28.104025322865528,139.46439335440581,,16.540271467659977,0.6243170059840444,9.977411241553234,14.1886659255496,0.5048624089448729,,,,14.1886659255496,1.0,15.457213927576042
275.667,0.016000000000019554,0.061611,26.43392,154.1025684832438,,,,6.5,26.28,153.7,-0.08939372565032876,26.491904912166888,137.5631627856173,-8.0,27.96802532286556,139.9410057848944,,16.539405697626506,0.6243192308164478,9.520055061064632,14.1615626983494,0.5063483222310823,,,,14.1615626983494,1.0,15.38241392757606
275.683,0.016999999999995907,0.061537,26.427452,154.52551908945233,,,,6.5,26.27,154.1,-0.09194119347480122,26.49047461255648,137.98702182181557,-8.0,27.840025322865404,140.38747019006078,,16.538497267636757,0.6243186469674467,9.093634405898227,14.13804889939155,0.507831754297284,,,,14.13804889939155,1.0,15.312013927575974
275.7,0.016999999999995907,0.072845,26.421345,154.97479466554873,,,,6.5,26.27,154.5,-0.09428726242863394,26.488911612267408,138.43734660472646,-8.0,27.704025322865437,140.85959462054936,,16.53744806082227,0.6243158761254477,8.607909975409632,14.11520004499937,0.5094999690658465,,,,14.11520004499937,1.0,15.237213927575992
275.717,0.016000000000019554,0.138008,26.416914,155.42396805665112,,,,6.5,26.26,155.0,-0.09483281539286631,26.487308728806124,138.88764447762549,-8.0,27.56802532286547,141.32940705103795,,16.536323579025634,0.6243112030872977,8.157328794921034,14.094561005613173,0.5112648019052298,,,,14.094561005613173,1.0,15.16241392757601
275.733,0.016999999999995907,0.170013,26.412205,155.84665634567563,,,,6.5,26.26,155.4,-0.09467125678753407,26.485791403759837,139.31142927868655,-8.0,27.440025322865313,141.76947145620434,,16.53522706698908,0.624305568782883,7.704464389754628,14.077184889471283,0.5130164686014703,,,,14.077184889471283,1.0,15.092013927575923
275.75,0.016999999999995907,0.139127,26.406221,156.29568839755402,,,,6.6,26.25,155.8,-0.09562377397066942,26.48418199239445,139.76167405255373,-8.0,27.304025322865346,142.23479588669292,,16.534014345000287,0.6242977166426517,7.258358709266043,14.060892510861095,0.5149750758210003,,,,14.060892510861095,1.0,15.017213927575941
275.767,0.016000000000019554,0.08912,26.39887,156.74461425840542,,,,6.5,26.25,156.3,-0.0980939152807772,26.48255638823695,140.211891328789,-8.0,27.16802532286538,142.6978083171815,,16.532722929616426,0.6242872737527692,6.781746278777442,14.046805941223909,0.5170344835258129,,,,14.046805941223909,1.0,14.94241392757596
275.783,0.016999999999995907,0.027693,26.390436,157.16700758576593,,,,6.5,26.24,156.7,-0.10270365129134293,26.480986885592458,140.63559967498014,-8.0,27.040025322865223,143.1314727223479,,16.531407910785788,0.6242746156783171,6.3680881236110585,14.035534863418036,0.5190651523373203,,,,14.035534863418036,1.0,14.872013927575873
275.8,0.016999999999995907,0.063573,26.383234,157.61564899940433,,,,6.5,26.24,156.7,-0.10643774855741572,26.479240923520507,141.0857616113575,-8.0,26.904025322865255,143.58999715283647,,16.52988738804683,0.6242583552825322,5.895963693122467,14.025651846567854,0.5213216861882635,,,,14.025651846567854,0.0,14.797213927575891
275.817,0.016000000000019554,0.110871,26.376173,158.06417316370272,,,,6.5,26.24,156.7,-0.10886206051802436,26.47743148179503,141.53589332680258,-8.0,26.768025322865288,144.04620958332507,,16.52827983690014,0.6242403024728594,5.426151262633865,14.017963580377653,0.5236831410348184,,,,14.017963580377653,0.0,14.722413927575909
275.833,0.016999999999995907,0.116191,26.368509,158.48620612319124,,,,6.5,26.24,156.7,-0.11154474929598457,26.47568968882674,141.95951829616808,-8.0,26.64002532286513,144.47347398849143,,16.526687827023153,0.6242212392298033,4.9860868574674875,14.012732134699803,0.5260029585134319,,,,14.012732134699803,0.0,14.652013927575824
275.85,0.016999999999995907,0.088036,26.360012,158.93448756579062,,,,6.5,26.24,156.7,-0.11531029228800904,26.473793428088708,142.40958890266174,-8.0,26.504025322865164,144.92519841898002,,16.52489866312888,0.6241983683983858,4.520762426978894,14.009289146810602,0.5285721310688876,,,,14.009289146810602,0.0,14.577213927575842
275.867,0.01599999999996271,0.049048,26.350855,159.3826204909925,,,,6.5,26.24,156.7,-0.12015291006191117,26.471833153119814,142.8596267286019,-8.0,26.368025322865197,145.3746108494686,,16.5229937623906,0.6241726315974191,4.057749996490298,14.008009641523898,0.5312498554594745,,,,14.008009641523898,0.0,14.50241392757586
275.883,0.016999999999995907,0.019609,26.341379,159.80424044913553,,,,6.5,26.24,156.7,-0.1263845025137023,26.469910706558828,143.28316067947836,-8.0,26.240025322865495,145.79547525463346,,16.521079769657177,0.6241456555258992,3.624085591325457,14.008765194502075,0.5338701095800723,,,,14.008765194502075,0.0,14.432013927576024
275.9,0.016999999999995907,-0.000686,26.33176,160.25204672563592,,,,6.5,26.24,156.7,-0.13340516856377108,26.467762170016094,143.73313089892912,-8.0,26.104025322865528,146.24039968512204,,16.518915826706802,0.6241145632410207,3.1655611608368552,14.011647040513878,0.5367619310513208,,,,14.011647040513878,0.0,14.357213927576042
275.917,0.016000000000019554,-0.012949,26.321981,160.69968654650881,,,,6.5,26.24,156.7,-0.14052383982564373,26.46549428215051,144.18306357877245,-8.0,25.96802532286556,146.68301211561064,,16.516622967736367,0.624081409236173,2.7093487303482497,14.016674430898178,0.5397666652210212,,,,14.016674430898178,0.0,14.28241392757606
275.933,0.016999999999995907,-0.029254,26.312012,161.12083658503732,,,,6.5,26.24,156.7,-0.14874798835201905,26.463245900713297,144.60649350023587,-8.0,25.840025322865404,147.09747652077698,,16.514343084801453,0.6240482798958658,2.2820843251818848,14.023360064260345,0.5426991610511817,,,,14.023360064260345,0.0,14.212013927575974
275.95,0.016999999999995907,-0.049222,26.301685,161.56813656183422,,,,6.5,26.24,156.7,-0.15771247536292032,26.460717184911314,145.05634718646357,-8.0,25.704025322865437,147.53560095126556,,16.511789375370654,0.6240114075511969,1.8303598946932813,14.032535610568658,0.5459275515919207,,,,14.032535610568658,0.0,14.137213927575992
275.967,0.016000000000019554,-0.067259,26.291328,162.0152580942551,,,,6.5,26.24,156.7,-0.1667692058972668,26.458036072830144,145.50615658915427,-8.0,25.56802532286547,147.97141338175416,,16.50910150510083,0.6239730515015092,1.3809474642046742,14.043844712500942,0.5492737329206859,,,,14.043844712500942,0.0,14.06241392757601
275.983,0.016999999999995907,-0.083857,26.280775,162.4359107331036,,,,-6.5,26.45,162.0,-0.17701022314954817,26.455367765535783,145.9294638198617,-8.0,25.440025322865313,148.37947778692052,,16.506446913241916,0.6239356435915954,0.26852680903831105,14.056432946183094,0.5525321916071079,,,,14.056432946183094,1.0,13.992013927575924
276.0,0.016999999999995907,-0.092105,26.270418,162.882671790767,,,,-6.5,26.44,162.4,-0.18758185893069487,26.452358591742243,146.37917949389845,-8.0,25.304025322865346,148.8108022174091,,16.503492296868558,0.6238949256502416,-0.1433413714502998,14.071869573357901,0.5561118989492241,,,,14.071869573357901,1.0,13.917213927575942
276.017,0.016000000000019554,-0.098956,26.260069,163.3292555875944,,,,-6.5,26.43,162.9,-0.19778946453894594,26.449169700140423,146.82884248437932,-8.0,25.16802532286538,149.2398146478977,,16.500413103215067,0.6238537273677617,-0.5529100519389041,14.089440939696686,0.5598151129837072,,,,14.089440939696686,1.0,13.84241392757596
276.033,0.016999999999995907,-0.093053,26.250208,163.7494040252269,,,,-6.5,26.42,163.3,-0.20853802927104678,26.446005068707798,147.25200388253063,-8.0,25.040025322865223,149.64147905306405,,16.49740014269628,0.6238144513636507,-0.9343432071052558,14.107924972162863,0.5634149642524624,,,,14.107924972162863,1.0,13.772013927575873
276.05,0.016999999999995907,-0.086626,26.240555,164.1956441150683,,,,-6.5,26.41,163.7,-0.21914266693826936,26.44245992221019,147.70155583495333,-8.0,24.904025322865255,150.06600348355263,,16.494088280114966,0.6237728384060385,-1.3394488875938588,14.129640631515656,0.5673637272823819,,,,14.129640631515656,1.0,13.697213927575891
276.067,0.016000000000019554,-0.069674,26.23152,164.64172103261117,,,,-6.5,26.4,164.2,-0.22868468901651373,26.43873449687224,148.1510459875154,-8.0,24.768025322865288,150.48821591404123,,16.49067504509577,0.6237316331099982,-1.7422550680824553,14.153505118569939,0.5714426133723199,,,,14.153505118569939,1.0,13.62241392757591
276.083,0.016999999999995907,-0.05642,26.22278,165.0614164343397,,,,-6.5,26.4,164.2,-0.23848197388907705,26.435075541847972,148.5740364678257,-8.0,24.64002532286513,150.88348031920756,,16.487379966514,0.623693317630725,-2.1503194732488007,14.177936115132127,0.5754026600766302,,,,14.177936115132127,0.0,13.552013927575823
276.1,0.016999999999995907,-0.072504,26.213213,165.5071955416496,,,,-6.5,26.4,164.2,-0.24878057624505737,26.43102134829186,149.02339829139177,-8.0,24.504025322865164,151.30120474969615,,16.483797250257822,0.623653434842506,-2.581643903737402,14.20599079195344,0.5797411080332815,,,,14.20599079195344,0.0,13.477213927575841
276.117,0.01599999999996271,-0.134865,26.202848,165.95280968582148,,,,-6.5,26.4,164.2,-0.26017125088412796,26.426792078495694,149.47268970551937,-8.0,24.368025322865197,151.71661718018476,,16.480119980302106,0.6236140932789377,-3.010656334226007,14.236192505636723,0.5842160912512885,,,,14.236192505636723,0.0,13.402413927575859
276.133,0.016999999999995907,-0.168287,26.193419,166.3720379911005,,,,-6.5,26.4,164.2,-0.2731703327438342,26.422629338481556,149.8954850768542,-8.0,24.240025322865495,152.10548158534968,,16.476552914246327,0.6235773398315851,-3.412320739390915,14.266556405750833,0.5885536923219821,,,,14.266556405750833,0.0,13.332013927576023
276.15,0.016999999999995907,-0.030297,26.188372,166.8173017966289,,,,-6.5,26.4,164.2,-0.281993444658502,26.41798544282491,150.34463030249518,-8.0,24.104025322865528,152.51640601583827,,16.47267149413372,0.6235400322172437,-3.836845169879525,14.300895780790626,0.5932990688996883,,,,14.300895780790626,0.0,13.257213927576041
276.167,0.016000000000019554,0.000743,26.181755,167.2624997427123,,,,6.4,26.03,166.8,-0.2893981692188971,26.41319155426572,150.79369530697033,-7.642758766205996,23.96802532286556,152.92501844632687,,16.46880443574196,0.6235067959094195,-3.0466138503681472,14.33748129638542,0.5981920122016654,,,,14.33748129638542,1.0,13.182413927576059
276.183,0.016999999999995907,0.026139,26.175909,167.6814079178168,,,,6.4,26.02,167.3,-0.2964838374534693,26.40856118355821,151.21626932887344,-7.24161337097518,23.845741182606115,153.3075285783711,,16.465138588943375,0.6234773062606098,-3.3917400974995546,14.373879339445722,0.6027860165625932,,,,14.373879339445722,1.0,13.115157650433364
276.2,0.016999999999995907,0.053396,26.170347,168.1264021479022,,,,6.4,26.02,167.7,-0.3027228017025027,26.4035209583215,151.6651720270793,-6.84134718251649,23.72263375529957,153.71185976534318,,16.461230120822904,0.623448294900036,-3.7700521064651333,14.414542382559034,0.6076282478263556,,,,14.414542382559034,1.0,13.047448565414763
276.217,0.016000000000019554,0.092541,26.165644,168.5713057626241,,,,6.5,26.01,168.1,-0.3074708162108404,26.398374670692558,152.11398813992582,-6.463722507793808,23.606330853196816,154.1141559645153,,16.45731762269827,0.6234216245505888,-4.093194642768326,14.457149798108787,0.6124268056740793,,,,14.457149798108787,1.0,12.98348196925825
276.233,0.016999999999995907,0.08851,26.16012,168.9899679118726,,,,6.5,26.01,168.6,-0.31261992726849896,26.39345513763318,152.53632277839296,-6.042980778841287,23.50291129307199,154.4910299016859,,16.453645133479654,0.6233986815170394,-4.408037667567132,14.49893801018672,0.6168996610415922,,,,14.49893801018672,1.0,12.926601211189595
276.25,0.016999999999995907,0.05666,26.154816,169.4347027415675,,,,6.5,26.0,169.0,-0.31861407711277284,26.388140598869615,152.98496634215314,-5.626191973156147,23.400180619831712,154.88970618294547,,16.44973639941435,0.6233761085886819,-4.686953622970103,14.544996558622017,0.6215762516933351,,,,14.544996558622017,1.0,12.870099340907442
276.267,0.016000000000019554,0.019056,26.148865,169.8793428009374,,,,6.5,25.99,169.4,-0.3251820844280678,26.3827241595587,153.43351869259968,-5.23812381897761,23.30453535628808,155.2866962687424,,16.445824108337717,0.6233557993812875,-4.943217203591108,14.592646532195005,0.6261719579085101,,,,14.592646532195005,1.0,12.817494445958445
276.283,0.016999999999995907,-0.014818,26.142685,170.29772708010591,,,,6.4,25.99,169.9,-0.33301770508329803,26.37752124620784,153.85560065584633,-4.811419880550085,23.220725375184337,155.65889835459464,,16.442126424259584,0.6233385719146518,-5.1953032781234505,14.638828725511274,0.6304208197197657,,,,14.638828725511274,1.0,12.771398956351387
276.3,0.016999999999995907,-0.046905,26.13624,170.74215058390482,,,,6.4,25.98,170.3,-0.34159768545089897,26.371859945221427,154.30397039597335,-4.390998912093535,23.138931237215004,156.05295543579996,,16.438180187931465,0.6233227471280447,-5.407998201243236,14.689195148104858,0.6348259994169396,,,,14.689195148104858,1.0,12.726412180468254
276.317,0.016000000000019554,-0.078104,26.129536,171.1864598861322,,,,6.4,25.98,170.7,-0.3503144339895095,26.366052784568762,154.75224265417646,-4.001282194582215,23.06428425570943,156.44568276748973,,16.434217231955756,0.6233097296070876,-5.631021060168691,14.740777118642484,0.6391170415354853,,,,14.740777118642484,1.0,12.685356340640189
276.333,0.016999999999995907,-0.109308,26.122156,171.60452246482072,,,,6.4,25.98,170.7,-0.36027107012288917,26.36044775362492,155.17405465848253,-4.001282194582215,23.000263740596036,156.8141991514606,,16.430467806338186,0.6233000273706949,-5.82174036737935,14.790323313360119,0.6430501615185756,,,,14.790323313360119,0.0,12.650145057327821
276.35,0.016999999999995907,-0.133975,26.115093,172.04858332181462,,,,6.4,25.98,170.7,-0.37064798574799845,26.354323145432833,155.62213021112441,-4.001282194582215,22.932241943288155,157.20462544977354,,16.426453110690204,0.6232925436955069,-6.023818271577155,14.843957872041074,0.6472964095159317,,,,14.843957872041074,0.0,12.612733068808486
276.367,0.01599999999996271,-0.151152,26.108395,172.49252054342702,,,,6.4,25.98,170.7,-0.38056117094665626,26.34802212967512,156.07010014596273,-4.001282194582215,22.864220145980273,157.59389537753225,,16.422420397464293,0.6232885457830298,-6.2253178051613425,14.89862516589477,0.6516130911429349,,,,14.89862516589477,0.0,12.57532108028915
276.383,0.016999999999995907,-0.166698,26.101202,172.91023551597004,,,,6.4,25.98,170.7,-0.3912341606681973,26.341933150939987,156.49161978820666,-4.001282194582215,22.800199630867105,157.95921073574618,,16.41861572776338,0.6232881859385289,-6.414436086451266,14.951024780223861,0.6557409593898045,,,,14.951024780223861,0.0,12.540109796976909
276.4,0.016999999999995907,-0.178996,26.093924,173.35393186210894,,,,6.4,25.98,170.7,-0.40189458627128866,26.33528217020863,156.93937611843631,-4.001282194582215,22.732177833559224,158.34623594419372,,16.414555743672622,0.6232914322915943,-6.614812900608998,15.007695917915214,0.6601961337712018,,,,15.007695917915214,0.0,12.502697808457574
276.417,0.016000000000019554,-0.189434,26.086618,173.79750270518684,,,,6.4,25.98,170.7,-0.41184694499250685,26.32844996224202,157.38701784156203,-4.001282194582215,22.66415603625134,158.73210478208702,,16.410484863624816,0.6232985567763887,-6.814611344153114,15.065397923099823,0.6647235352158141,,,,15.065397923099823,0.0,12.46528581993824
276.433,0.016999999999995907,-0.206103,26.078901,174.21486434563536,,,,6.4,25.98,170.7,-0.4225509103557101,26.32186041112213,157.80822032454947,-4.001282194582215,22.600135521137947,159.09421911454658,,16.406644021085896,0.6233086782176451,-7.002128599523635,15.120645231088787,0.6690510867488569,,,,15.120645231088787,0.0,12.430074536625872
276.45,0.016999999999995907,-0.235887,26.070599,174.65817588075174,,,,6.4,25.98,170.7,-0.43370815974145377,26.314677045646086,158.2556308929319,-4.001282194582215,22.532113723830065,159.4778432331287,,16.40254498781985,0.6233230588149569,-7.2008043236413,15.180332647623032,0.6737198663953238,,,,15.180332647623032,0.0,12.392662548106538
276.467,0.016000000000019554,-0.280627,26.060867,175.10134197808014,,,,-6.6,26.23,174.7,-0.4450480623082568,26.307304006930483,158.70291773187867,-3.787280590538338,22.464091926522183,159.86031098115663,,16.398424246201472,0.6233411162877586,-8.21468292714534,15.241030996923513,0.6784619225551344,,,,15.241030996923513,1.0,12.355250559587201
276.483,0.016999999999995907,-0.325069,26.051008,175.51827992982464,,,,-6.7,26.22,175.1,-0.45797752983026,26.300183237933542,159.1237776298381,-3.5567763371124985,22.403495437073495,160.21925168006584,,16.394502299986556,0.6233607633706625,-8.357887468856841,15.299028249758805,0.6828857707820827,,,,15.299028249758805,1.0,12.321922490390424
276.5,0.016999999999995907,-0.366928,26.041122,175.96110009335405,,,,-6.7,26.21,175.5,-0.4716086876859722,26.29239761992643,159.5708145671298,-3.324770529549584,22.343030239342596,160.59959714831527,,16.39028552622426,0.6233849709393724,-8.500265708804637,15.36150294503878,0.6875299715608658,,,,15.36150294503878,1.0,12.28866663163843
276.517,0.016000000000019554,-0.401555,26.03019,176.40374614625793,,,,-6.8,26.2,176.0,-0.48489737277324224,26.28438027223577,160.01771717921304,-3.0917268823942696,22.286509140340268,160.9789482330425,,16.386028967044894,0.6234131753280666,-8.630818482061574,15.424797913215428,0.6921136825908449,,,,15.424797913215428,1.0,12.257580027187148
276.533,0.016999999999995907,-0.431725,26.018768,176.82017778721843,,,,-6.8,26.19,176.4,-0.49941570889248466,26.276621914271388,160.4382051967056,-2.840047103337127,22.2370415102219,161.33513663824743,,16.381972590512817,0.6234428703948213,-8.74067615351957,15.485041148970993,0.6963624698839926,,,,15.485041148970993,1.0,12.230372830622047
276.55,0.016999999999995907,-0.461213,26.006056,177.26243445895582,,,,-6.8,26.18,176.8,-0.5142704999505884,26.268131847220218,160.88483560367817,-2.5889677001214833,22.188760709465182,161.71275595711467,,16.377598855277654,0.6234778685645582,-8.846830065184367,15.549678501841157,0.7007907609372724,,,,15.549678501841157,1.0,12.203818390205852
276.567,0.016000000000019554,-0.510723,25.992834,177.70447076567723,,,,-6.9,26.17,177.3,-0.5290828527931674,26.25938924872106,161.33131953299358,-2.3399428426855935,22.144748258563126,162.08959078334283,,16.373151232683654,0.623516071817287,-8.940464209447777,15.6148799823344,0.7051279066266333,,,,15.6148799823344,1.0,12.17961154220972
276.583,0.016999999999995907,-0.572847,25.978453,178.12029073713373,,,,-6.9,26.15,177.7,-0.5461147181657882,26.25092392307636,161.75140203836847,-2.0736596270664167,22.10730917308011,162.44360724279642,,16.36888869876526,0.6235547650334656,-8.98235540305748,15.676683494337311,0.7091176665420087,,,,15.676683494337311,1.0,12.159020045194062
276.6,0.016999999999995907,-0.628218,25.964172,178.56184166174214,,,,-7.0,26.14,178.1,-0.5641045859477394,26.241639972867546,162.1975888314839,-1.8128299253472127,22.07205695941999,162.81913185492257,,16.364252830258238,0.6235987098054085,-9.050538152815482,15.742709806819562,0.7132416265399693,,,,15.742709806819562,1.0,12.139631327680995
276.617,0.01599999999996271,-0.672164,25.94838,179.00314180824103,,,,-7.0,26.12,178.6,-0.5816329545168404,26.232050194906435,162.64361519790987,-1.5541756687302002,22.041238850689094,163.1940948693084,,16.35952661033116,0.623646512139861,-9.0732629853607,15.809046938932624,0.7172485651113196,,,,15.809046938932624,1.0,12.122681367879002
276.633,0.016999999999995907,-0.701692,25.931257,179.41822985124807,,,,-7.1,26.11,179.0,-0.6005705443628361,26.22274406763419,163.06325355200923,-1.2819129760110688,22.01637203998947,163.546555756433,,16.354976299238842,0.6236943112076976,-9.111579183299169,15.871674094815063,0.720903247182893,,,,15.871674094815063,1.0,12.10900462199421
276.65,0.016999999999995907,-0.708939,25.916254,179.85895982575397,,,,-7.1,26.09,179.4,-0.6189963234088871,26.212534368380023,163.50895341871524,-1.0145754162430678,21.994579519397288,163.9206488446877,,16.350006407038734,0.6237476383344916,-9.108452783367104,15.93831098106628,0.724647223512961,,,,15.93831098106628,1.0,12.09701873566851
276.667,0.016000000000019554,-0.688997,25.900784,180.29943370206837,,,,-7.1,26.08,179.9,-0.6351502192609472,26.202011430882074,163.95447705800888,-0.7512197598812265,21.97733173732116,164.29441009036972,,16.344956644059494,0.6238054161290492,-9.12497243300139,16.005023611698647,0.728251445762156,,,,16.005023611698647,1.0,12.087532455526638
276.683,0.016999999999995907,-0.676625,25.885088,180.71375805445288,,,,-7.1,26.08,179.9,-0.6513807166041483,26.191849027373888,164.37362794167544,-0.7512197598812265,21.965312221163042,164.64595124203802,,16.340130112777445,0.6238631757421893,-9.159184967060286,16.067806812414858,0.7315082367431098,,,,16.067806812414858,0.0,12.080921721639674
276.7,0.016999999999995907,-0.677374,25.869179,181.15370677814028,,,,-7.1,26.08,179.9,-0.6669947077360042,26.18077555519162,164.81879525062715,-0.7512197598812265,21.952541485245064,165.0192529985424,,16.33491152751313,0.6239277172319646,-9.195515997637644,16.134453779597862,0.7349697432728823,,,,16.134453779597862,0.0,12.073897816884786
276.717,0.016000000000019554,-0.672673,25.853306,181.59338494059716,,,,-7.1,26.08,179.9,-0.6809680704056957,26.16943664516011,165.26377205433002,-0.7512197598812265,21.939770749327085,165.39233765253618,,16.329612886267142,0.6239955833855221,-9.231826641753015,16.201047288060977,0.7384328429483649,,,,16.201047288060977,0.0,12.066873912129898
276.733,0.016999999999995907,-0.670713,25.837259,182.00695173445368,,,,-7.1,26.08,179.9,-0.6952204581019528,26.158541156033607,165.6823958767401,-0.7512197598812265,21.92775123316897,165.74327782839657,,16.32455585771359,0.6240621661712296,-9.265982742699146,16.263673906057107,0.7416936526284508,,,,16.263673906057107,0.0,12.060263178242934
276.75,0.016999999999995907,-0.669407,25.82106,182.44608821942506,,,,-7.1,26.08,179.9,-0.7088340926297713,26.146722408245875,166.12699061703637,-0.7512197598812265,21.91498049725099,166.11594104810507,,16.319097602388695,0.624135497657716,-9.302253813094191,16.330147171319993,0.7451591012535211,,,,16.330147171319993,0.0,12.053239273488046
276.767,0.016000000000019554,-0.668457,25.803701,182.88494951011347,,,,-7.1,26.08,179.9,-0.7211084929156277,26.13467222867117,166.57138247145005,-0.7512197598812265,21.902209761333012,166.48838716530295,,16.31356703866342,0.6242116562979712,-9.338504497027255,16.39656234481052,0.7486259388200012,,,,16.39656234481052,0.0,12.046215368733158
276.783,0.016999999999995907,-0.669845,25.787151,183.29772316361797,,,,-7.1,26.08,179.9,-0.733694929714653,26.12313449278451,166.98944492522222,-0.7512197598812265,21.890190245174896,166.83872636535543,,16.308278238395758,0.6242848936409328,-9.37260416486062,16.458996798262547,0.7518891619450631,,,,16.458996798262547,0.0,12.039604634846194
276.8,0.016999999999995907,-0.669691,25.771494,183.73600793801538,,,,-7.1,26.08,179.9,-0.7456753779283091,26.110661678979362,167.43343219268212,-0.7512197598812265,21.877419509256917,167.210751048268,,16.302575745333257,0.624364711464122,-9.408815275073358,16.525256889747368,0.7553567678653825,,,,16.525256889747368,0.0,12.032580730091306
276.817,0.016000000000019554,-0.67248,25.754559,184.17402656566577,,,,-7.1,26.08,179.9,-0.756515496843031,26.097985197554582,167.87720569113256,-0.7512197598812265,21.86464877333894,167.58255862867,,16.29682087453321,0.6244474717557984,-9.445005998824108,16.59146793699577,0.7588261814306791,,,,16.59146793699577,0.0,12.025556825336418
276.833,0.016999999999995907,-0.674924,25.736317,184.58601343222628,,,,-7.1,25.91,184.2,-0.7676957725844434,26.08588094960508,168.29467662031033,-0.3577995726349793,21.852629257180823,167.9322968529146,,16.291336811915954,0.6245269938703217,-8.926655483544717,16.65371657931169,0.7620921209670568,,,,16.65371657931169,1.0,12.018946091449454
276.85,0.016999999999995907,-0.678657,25.720016,185.02343329470818,,,,-7.1,25.9,184.6,-0.7784258108522538,26.07283012147115,168.73802566441435,0.02426731322086706,21.84654666444603,168.30373984824834,,16.285407630293832,0.6246121941661673,-8.911495260941768,16.719693446459843,0.7653243189080386,,,,16.719693446459843,1.0,12.015600665445318
276.867,0.01599999999996271,-0.682093,25.701267,185.46057550077157,,,,-7.1,25.88,185.0,-0.7881932826091419,26.059596882686662,169.1811512939496,0.37240000286319064,21.846959208770784,168.6751346481706,,16.27942420682197,0.6246997710711945,-8.845602412267006,16.78544085260097,0.7683193204234211,,,,16.78544085260097,1.0,12.015827564823931
276.883,0.016999999999995907,-0.686478,25.683393,185.8717084648666,,,,-7.1,25.86,185.5,-0.7982896154990721,26.046985790164946,169.59800395533142,0.7519144248836218,21.852917608816583,169.02473366271047,,16.27370450953518,0.6247826385992021,-8.764057738010475,16.846974802156126,0.7709256541268062,,,,16.846974802156126,1.0,12.019104684849122
276.9,0.016999999999995907,-0.691637,25.666357,186.30822694979548,,,,-7.1,25.84,185.9,-0.8080220955572127,26.033414866701467,170.0406873609147,1.117624216319352,21.8657001540396,169.39634191369467,,16.267539588880794,0.624871522701699,-8.663227282948077,16.911885036100813,0.773443563067264,,,,16.911885036100813,1.0,12.026135084721782
276.917,0.016000000000019554,-0.696038,25.648012,186.7444550772489,,,,-7.1,25.83,186.3,-0.816874109140803,26.019678491077,170.48313865445567,1.448928930890189,21.884699765717027,169.7682203130125,,16.261316422793215,0.6249622349626555,-8.577081033704857,16.97623476423638,0.7757124815954802,,,,16.97623476423638,1.0,12.036584871144365
276.933,0.016999999999995907,-0.701607,25.629354,187.15473417638538,,,,-7.1,25.81,186.7,-0.8260764741363901,26.00660850533073,170.89934895042742,1.791442800863937,21.907882628611297,170.11856097216756,,16.25538522595795,0.6250482535093336,-8.446760407825824,17.036173204217818,0.7776275550229982,,,,17.036173204217818,1.0,12.049335445736215
276.95,0.016999999999995907,-0.706195,25.610508,187.59033181217376,,,,-7.1,25.79,187.2,-0.8349881481792062,25.992565205270413,171.34134192696743,2.1364475654749415,21.938337156225977,170.4912538403386,,16.248989885206328,0.6251399104660736,-8.295757710612074,17.099077971835158,0.779415406467237,,,,17.099077971835158,1.0,12.066085435924288
276.967,0.016000000000019554,-0.712425,25.591362,188.02560840299614,,,,-7.1,25.77,187.6,-0.8431624958624983,25.97837040675137,171.7830948796695,2.4462313318461986,21.974656764839043,170.86451428866755,,16.242513523326636,0.6252321938987159,-8.1279943277357,17.16109411432859,0.780949358981002,,,,17.16109411432859,1.0,12.086061220661474
276.983,0.016999999999995907,-0.716561,25.570831,188.43497900459664,,,,-7.1,25.77,187.6,-0.8516967859953646,25.964879806817553,172.19864088137857,2.4462313318461986,22.01379646614863,171.2164219145159,,16.236338123218076,0.6253192097948757,-8.016474425071515,17.218557090080736,0.7821711769052786,,,,17.218557090080736,0.0,12.107588056381747
277.0,0.016999999999995907,-0.721964,25.552452,188.86957958853205,,,,-7.1,25.77,187.6,-0.859961365541757,25.950400961455635,172.6399207679088,2.4462313318461986,22.055382398790005,171.5910099348678,,16.229658820623257,0.6254107150301575,-7.897774712817501,17.27856965366425,0.7834173691140436,,,,17.27856965366425,0.0,12.130460319334503
277.017,0.016000000000019554,-0.725929,25.532681,189.30386694873394,,,,-7.1,25.77,187.6,-0.8675064748196816,25.93578161824143,173.0809533198361,2.4462313318461986,22.09696833143138,171.9663049160746,,16.222913628897828,0.6255031703955958,-7.778858826839279,17.33756203265935,0.784612702186747,,,,17.33756203265935,0.0,12.15333258228726
277.033,0.016999999999995907,-0.731673,25.511412,189.71229692582244,,,,-7.1,25.77,187.6,-0.875465967834124,25.921901514644297,173.4958147848997,2.4462313318461986,22.136108032740967,172.32016952698842,,16.21648214092275,0.6255899912188704,-7.666740519402204,17.39212739883402,0.7856903920558103,,,,17.39212739883402,0.0,12.174859418007532
277.05,0.016999999999995907,-0.735045,25.491198,190.14588520307385,,,,-7.1,25.77,187.6,-0.8831931259778435,25.907018593191122,173.93636060581616,2.4462313318461986,22.177693965382343,172.6968368439724,,16.209524597257683,0.625680818460441,-7.547405002076992,17.449048359101454,0.7867837109817668,,,,17.449048359101454,0.0,12.19773168096029
277.067,0.016000000000019554,-0.739518,25.470789,190.57912935507125,,,,-7.1,25.77,187.6,-0.8902908539796685,25.8920043100495,174.3766523004936,2.4462313318461986,22.219279898023718,173.07421112181126,,16.202477054577656,0.6257714489985994,-7.427853311027571,17.504918233259986,0.7878256322256848,,,,17.504918233259986,0.0,12.220603943913046
277.083,0.016999999999995907,-0.743099,25.451462,190.98656732076773,,,,-7.1,25.77,187.6,-0.8976515840162721,25.87775965638581,174.7908104122256,2.4462313318461986,22.258419599333305,173.43003271779057,,16.195756908542137,0.6258562226249573,-7.315136598817606,17.556534602977166,0.7887592613944177,,,,17.556534602977166,0.0,12.24213077963332
277.1,0.016999999999995907,-0.746996,25.429403,191.41913479696214,,,,-7.1,25.77,187.6,-0.9048922727434955,25.862499579457538,175.23060261573016,2.4462313318461986,22.30000553197468,173.8087793314066,,16.188532181231977,0.6259461554168744,-7.195165276421198,17.61035546555553,0.7897018429123287,,,,17.61035546555553,0.0,12.265003042586075
277.117,0.01599999999996271,-0.750076,25.409754,191.85132670704004,,,,-7.1,25.59,191.4,-0.911484716337456,25.847116410820902,175.67013435164742,2.7667581964696546,22.341591464616055,174.18823290587756,,16.181192355392625,0.626034722721269,-6.4971777803005875,17.66309380116249,0.7905924620068704,,,,17.66309380116249,1.0,12.287875305538831
277.133,0.016999999999995907,-0.753375,25.387342,192.2577867613111,,,,-7.2,25.57,191.9,-0.918449902157758,25.832532655359536,176.0835715441759,3.108618744990476,22.385859595759467,174.54605251435973,,16.174215217135213,0.6261180594609453,-6.305050925358046,17.71173424695138,0.7912018822054302,,,,17.71173424695138,1.0,12.312222777667708
277.15,0.016999999999995907,-0.75683,25.367386,192.6892627126235,,,,-7.2,25.55,192.3,-0.9252178079826646,25.816919007022857,176.52259188330606,3.4311383030410556,22.438706114424292,174.9270613228962,,16.16667082931744,0.6262044988760934,-6.08781488296369,17.762201389727295,0.7915875941843725,,,,17.762201389727295,1.0,12.341288362933362
277.167,0.016000000000019554,-0.759487,25.345997,193.1203989126884,,,,-7.2,25.53,192.7,-0.9314425830673897,25.801190304287157,176.9613458124521,3.716392994476432,22.497035465575976,175.3090151263261,,16.159053100236292,0.6262909931543462,-5.854314907230954,17.811383786362285,0.7917213720721791,,,,17.811383786362285,1.0,12.373369506066789
277.183,0.016999999999995907,-0.763603,25.323063,193.52583765035288,,,,-7.2,25.51,193.1,-0.9380829732053823,25.786287222958062,177.37404563267057,4.005200224296493,22.556497753487672,175.66944339207905,,16.15179201768231,0.6263713685505697,-5.617132043207836,17.856394258273838,0.7916297314157688,,,,17.856394258273838,1.0,12.40607376441822
277.2,0.016999999999995907,-0.766094,25.302732,193.9562193807193,,,,-7.2,25.48,193.5,-0.9445356748371028,25.770339812413575,177.81227696247112,4.273880086611031,22.624586157300698,176.05348260532065,,16.143942418248173,0.6264543865452498,-5.322447709949786,17.902736775398637,0.7912956573405268,,,,17.902736775398637,1.0,12.443522386515385
277.217,0.016000000000019554,-0.770308,25.279509,194.3862551241362,,,,-7.2,25.46,194.0,-0.9505975538578986,25.754282705941346,178.250236253877,4.524546841289526,22.69724211877307,176.4387181456672,,16.136018870259193,0.6265373046688161,-5.04570080073481,17.947536978469003,0.7907364641285847,,,,17.947536978469003,1.0,12.48348316532519
277.233,0.016999999999995907,-0.772565,25.257565,194.79062866871269,,,,-7.2,25.44,194.4,-0.9569900056235223,25.7390731450796,178.6621831006857,4.775723757855122,22.76963486823379,176.8024531615637,,16.12844556802699,0.6266133002194051,-4.7691195111336215,17.98817550714898,0.7900072008727955,,,,17.98817550714898,1.0,12.523299177528585
277.25,0.016999999999995907,-0.776039,25.236851,195.21989563807008,,,,-7.2,25.44,194.4,-0.9632584647884158,25.722804314984007,179.09960905909614,4.775723757855122,22.850822172117308,177.1902270464066,,16.120286578973946,0.6266924236399677,-4.529513161430273,18.029668591663494,0.7890161875078346,,,,18.029668591663494,0.0,12.567952194664521
277.267,0.016000000000019554,-0.778484,25.213295,195.6488099674345,,,,-7.2,25.44,194.4,-0.9691303111323706,25.70642892108261,179.5367575416026,4.775723757855122,22.932009476000825,177.5793811154155,,16.112052425831877,0.6267713214968533,-4.289082889437944,18.069428852019,0.78795662765312,,,,18.069428852019,0.0,12.612605211800455
277.283,0.016999999999995907,-0.781757,25.192392,196.052123041483,,,,-7.2,25.44,194.4,-0.9753235812460208,25.69092283610447,179.9479363556606,4.775723757855122,23.0084210561266,177.94690455967296,,16.104186685822384,0.6268434492820373,-4.062042925886721,18.105218481810027,0.786895304012573,,,,18.105218481810027,0.0,12.654631580869632
277.3,0.016999999999995907,-0.784366,25.170006,196.48028074159637,,,,-7.2,25.44,194.4,-0.9814545229725665,25.67434233522329,180.38454110961678,4.775723757855122,23.089608360010118,178.33873780971,,16.095739631979598,0.6269192574369252,-3.820013275333425,18.141542931886363,0.7857016303189654,,,,18.141542931886363,0.0,12.699284598005566
277.317,0.016000000000019554,-0.787301,25.147537,196.90805750270928,,,,-7.2,25.44,194.4,-0.987183086436588,25.657657608332762,180.82086310913692,4.775723757855122,23.170795663893635,178.7319512439131,,16.08719439357236,0.6269938838200012,-3.5771597024911337,18.17610625879618,0.7844403154061502,,,,18.17610625879618,0.0,12.743937615141501
277.333,0.016999999999995907,-0.789713,25.123571,197.31031732018178,,,,-7.2,25.44,194.4,-0.9933421553437114,25.641862678949757,181.2312592714357,4.775723757855122,23.24720724401941,179.10329526717686,,16.079058048746077,0.6270627937628689,-3.347838985198778,18.20702205300492,0.7831917985627658,,,,18.20702205300492,0.0,12.785963984210676
277.35,0.016999999999995907,-0.791867,25.102369,197.73730391365316,,,,-7.2,25.44,194.4,-0.9993936671770874,25.62497586230892,181.6670273990363,4.775723757855122,23.328394547902928,179.4991878824081,,16.070276514616864,0.6271333327675129,-3.1033860337955197,18.238116031245056,0.7817990215226596,,,,18.238116031245056,0.0,12.830617001346612
277.367,0.01599999999996271,-0.794269,25.078262,198.16392976187157,,,,-7.2,25.26,197.7,-1.0051124371533486,25.607986169966914,182.10250757631053,4.945784915922789,23.409581851786445,179.89646068180537,,16.061422185561042,0.6272036418231866,-2.287734160103282,18.267469080066206,0.7803415368853404,,,,18.267469080066206,1.0,12.875270018482546
277.383,0.016999999999995907,-0.79603,25.055534,198.56508028743863,,,,-7.2,25.24,198.2,-1.01120588334126,25.591904370972497,182.5121067006371,5.1291721060530975,23.488714410441027,180.2716470519023,,16.052973586801528,0.6272676450373713,-1.9847470180021394,18.293433235536327,0.7788179853472383,,,,18.293433235536327,1.0,12.918792925742565
277.4,0.016999999999995907,-0.797749,25.032757,198.99090933910352,,,,-7.2,25.22,198.6,-1.0172598910844453,25.574713870955698,182.9470229556934,5.291930646166774,23.575910336243908,180.67169636224904,,16.043886383410126,0.6273339543255106,-1.656462204962335,18.319212976854487,0.7770309911932372,,,,18.319212976854487,1.0,12.96675068493415
277.417,0.016000000000019554,-0.798909,25.011385,199.4163509333729,,,,-7.2,25.19,199.0,-1.0228539275928317,25.557420452807268,183.38164609744527,5.425525420319991,23.66587315722872,181.07325152194343,,16.03470483592764,0.6273991878615576,-1.2873219158996982,18.343099411429478,0.7750865260522447,,,,18.343099411429478,1.0,13.016230236475797
277.433,0.016999999999995907,-0.800222,24.987131,199.8164308330214,,,,-7.2,25.17,199.4,-1.028877733259939,25.541054789965763,183.79043389938795,5.552600189384416,23.752681563953946,181.45259995971335,,16.02599693363345,0.6274602621317557,-0.9584205011922631,18.363830873308046,0.7731266393591624,,,,18.363830873308046,1.0,13.063974860174671
277.45,0.016999999999995907,-0.800935,24.9643,200.2410964279423,,,,-7.2,25.15,199.8,-1.0348492287417894,25.523563868500347,184.2244831579848,5.659661487171775,23.847075767173457,181.85719789702782,,16.016613269957503,0.6275226043070046,-0.6052597579506771,18.38389853091448,0.7709078761019713,,,,18.38389853091448,1.0,13.115891671945402
277.467,0.016000000000019554,-0.801825,24.941454,200.66537379283469,,,,-7.2,25.12,200.2,-1.0404291453462173,25.50597143161174,184.65823420803565,5.741493539469354,23.943290012455353,182.26341600615456,,16.007139584799035,0.6275840003866707,-0.21399995997044607,18.40195778668013,0.7685642940927244,,,,18.40195778668013,1.0,13.168809506850446
277.483,0.016999999999995907,-0.802393,24.918613,201.06433442323518,,,,-7.2,25.12,200.2,-1.046370500511149,25.489324565286182,185.06619657601135,5.741493539469354,24.035153909086976,182.64724355752736,,15.99813784722383,0.6276407131247266,0.07065435550238064,18.41709086570782,0.7662564148900609,,,,18.41709086570782,0.0,13.219334649997839
277.5,0.016999999999995907,-0.803012,24.897202,201.48783489844658,,,,-7.2,25.12,200.2,-1.0522088965467506,25.4715362667775,185.4993638930838,5.741493539469354,24.13275929925793,183.0566708197982,,15.988471005362783,0.6276995167431865,0.37425539217080006,18.43116407864838,0.7637404347382327,,,,18.43116407864838,0.0,13.273017614591863
277.517,0.016000000000019554,-0.803533,24.872944,201.91097129721248,,,,-7.2,25.12,200.2,-1.0577183155802976,25.453648715536207,185.93222796543336,5.741493539469354,24.230364689428885,183.46775737370194,,15.978743331779128,0.6277584605002482,0.6790472803630214,18.44321392351054,0.7611612189872182,,,,18.44321392351054,0.0,13.326700579185887
277.533,0.016999999999995907,-0.804132,24.850128,202.30883554898898,,,,-7.2,25.12,200.2,-1.0635941241112117,25.436725222486903,186.33935095693803,5.741493539469354,24.322228586060508,183.85617811990633,,15.969484592050947,0.6278121280302779,0.9669980706422314,18.45265742908265,0.7586746158474224,,,,18.45265742908265,0.0,13.37722572233328
277.55,0.016999999999995907,-0.804577,24.828754,202.73117152791488,,,,-7.2,25.12,200.2,-1.0693695174065845,25.418644122377017,186.77162159636927,5.741493539469354,24.419833976231462,184.2704856516857,,15.95954993154561,0.6278678695334422,1.2741016117924309,18.460685876229178,0.7559709822023156,,,,18.460685876229178,0.0,13.430908686927305
277.567,0.016000000000019554,-0.80499,24.804558,203.15314408453827,,,,-7.2,25.12,200.2,-1.074821905572118,25.400464840581108,187.2035840225543,5.741493539469354,24.517439366402417,184.68645247509798,,15.94956006198396,0.6279239439942103,1.5823960044664251,18.46669160944029,0.7532063741838474,,,,18.46669160944029,0.0,13.484591651521331
277.583,0.016999999999995907,-0.805313,24.781813,203.54991397381875,,,,-7.2,25.12,200.2,-1.0806330301423708,25.383267690091934,187.6098538828002,5.741493539469354,24.60930326303404,185.07946641613395,,15.940060091018552,0.627975100985149,1.8736432695520184,18.470447557684793,0.7505473584629881,,,,18.470447557684793,0.0,13.535116794668722
277.6,0.016999999999995907,-0.805552,24.760519,203.97108842709014,,,,-7.2,24.94,203.5,-1.086340931236498,25.36489692857952,188.0412132820588,5.723662862901195,24.706908653204994,185.4986542174219,,15.929875145031332,0.6280283807139221,2.7474243151839848,18.47243420966825,0.7476627071785444,,,,18.47243420966825,1.0,13.588799759262749
277.617,0.01599999999996271,-0.805832,24.739254,204.39190084782604,,,,-7.2,24.92,204.0,-1.0916154137784173,25.346429132748504,188.47225955358,5.70713343017374,24.80421092187429,185.91949873380997,,15.919641294246048,0.6280822127199486,3.120576058239161,18.472402114016063,0.7447284726048534,,,,18.472402114016063,1.0,13.64231600703086
277.633,0.016999999999995907,-0.806162,24.713779,204.78762576532912,,,,-7.2,24.9,204.4,-1.0973541134757083,25.32896328612809,188.87766269293004,5.677297763773374,24.895525056756856,186.3170966216381,,15.90996307239908,0.6281332122705744,3.475625496401225,18.47052914369104,0.7419216546580921,,,,18.47052914369104,1.0,13.692538781216273
277.65,0.016999999999995907,-0.80667,24.691168,205.20764351792002,,,,-7.2,24.87,204.8,-1.1030566304884106,25.31030826619901,189.30809650112474,5.630033207107368,24.99203911874098,186.74114091712974,,15.899547016795282,0.6281846451482594,3.8795238689165576,18.466502600790278,0.7388953943715083,,,,18.466502600790278,1.0,13.74562151530754
277.667,0.016000000000019554,-0.807028,24.6686,205.62727681010492,,,,-7.2,24.85,205.2,-1.1083837479926235,25.29155630348071,189.73821234996691,5.570075699094557,25.087749683261784,187.16681912194667,,15.889064460138002,0.6282359325571156,4.250817728951283,18.460457688158243,0.735835534124243,,,,18.460457688158243,1.0,13.798262325793981
277.683,0.016999999999995907,-0.808173,24.646046,206.0218711105214,,,,-7.2,24.83,205.6,-1.1140826570963054,25.273822163512808,190.14273537770336,5.495461194384695,25.176870894447404,187.56893608656884,,15.879135732818042,0.6282839069645096,4.6018075916743,18.452935023952563,0.7329320272290961,,,,18.452935023952563,1.0,13.847278991946073
277.7,0.016999999999995907,-0.809053,24.623529,206.4407371115228,,,,-7.2,24.81,206.0,-1.1197512164050625,25.254882758342177,190.572229369539,5.405341727892393,25.27029373475192,187.99773698591693,,15.868507741983791,0.6283342470375205,4.967757213515332,18.443000125605863,0.7298292738181708,,,,18.443000125605863,1.0,13.898661554113557
277.717,0.016000000000019554,-0.81136,24.601011,206.8592201963642,,,,-7.2,24.81,206.0,-1.1250940398387599,25.235846987663294,191.00140057237994,5.405341727892393,25.36218454412607,188.42811305128728,,15.857819623984255,0.6283846796081959,5.267737507556818,18.431107145076908,0.7267160726241773,,,,18.431107145076908,0.0,13.94920149926934
277.733,0.016999999999995907,-0.812994,24.578505,207.25273251828466,,,,-7.2,24.81,206.0,-1.130816602160645,25.21784548302585,191.40503011214594,5.405341727892393,25.448670011772453,188.83459988773498,,15.847702406138723,0.6284320528811956,5.551036086682657,18.418132630549678,0.7237365497697728,,,,18.418132630549678,0.0,13.99676850647485
277.75,0.016999999999995907,-0.816734,24.555981,207.67044962565157,,,,-7.2,24.81,206.0,-1.1365830178072158,25.198621600789124,191.83357008235825,5.405341727892393,25.540560821146602,189.2680083498147,,15.836879543293321,0.6284819778712567,5.853065273282715,18.40244127583688,0.720518292636721,,,,18.40244127583688,0.0,14.047308451630633
277.767,0.016000000000019554,-0.820526,24.533401,208.08778328458848,,,,-7.2,24.81,206.0,-1.1420497695367777,25.179299689486406,192.2617824133255,5.405341727892393,25.63245163052075,189.70297895565378,,15.826000871262977,0.6285322096496238,6.156149949988704,18.384804328934706,0.7172472065467114,,,,18.384804328934706,0.0,14.097848396786414
277.783,0.016999999999995907,-0.825264,24.51223,208.48021267326095,,,,-7.2,24.81,206.0,-1.147922867576479,25.161026893173794,192.66450502598727,5.405341727892393,25.718937098167135,190.11379006548378,,15.815707647273683,0.6285795772335706,6.4423703010340745,18.366422607777167,0.7141205928407537,,,,18.366422607777167,0.0,14.145415403991926
277.8,0.016999999999995907,-0.830277,24.488144,208.89680133261285,,,,-7.2,24.81,206.0,-1.1539226344987263,25.141512204425,193.09207660831675,5.405341727892393,25.810827907541285,190.5517930680322,,15.804724724296108,0.6286306327077024,6.747503870298635,18.345008264580656,0.7107485405077106,,,,18.345008264580656,0.0,14.195955349147708
277.817,0.016000000000019554,-0.83564,24.465456,209.31297980558625,,,,-7.2,24.81,206.0,-1.1596369693396424,25.121895519638525,193.51931557397117,5.405341727892393,25.902718716915434,190.99135821433998,,15.793664231615082,0.6286812322449439,7.05369292966912,18.32162159124627,0.7073242693741477,,,,18.32162159124627,0.0,14.24649529430349
277.833,0.016999999999995907,-0.842446,24.44264,209.70432013966672,,,,-7.2,24.63,209.3,-1.1658803361511068,25.10334132812907,193.9211174687538,5.193809795494347,25.989204184561817,191.40649359755233,,15.783202670912914,0.6287291585852497,7.8990350526340265,18.297826542114393,0.7040548995718661,,,,18.297826542114393,1.0,14.294062301509001
277.85,0.016999999999995907,-0.847502,24.419832,210.11972328621962,,,,-7.2,24.6,209.7,-1.1721751833927483,25.083521362414505,194.34770580162333,4.970488932286798,26.0774989510852,191.84906057420523,,15.77201748459629,0.6287800367706465,8.287496866599122,18.2706627120144,0.7006294102929712,,,,18.2706627120144,1.0,14.342624423096861
277.867,0.01599999999996271,-0.85369,24.396908,210.53473796618053,,,,-7.2,24.58,210.1,-1.1781750345177477,25.063594384296835,194.77395628547026,4.750328094204327,26.161997262934054,192.29309629202427,,15.760781680710267,0.6288316607367742,8.633306025403972,18.241641674156256,0.6972572273754021,,,,18.241641674156256,1.0,14.389098494613732
277.883,0.016999999999995907,-0.858299,24.373978,210.92497922185962,,,,-7.3,24.56,210.5,-1.1846404492777127,25.044743583744594,195.17482298921368,4.508341718152987,26.238002512441145,192.7122962902263,,15.750156232645935,0.6288807142297375,8.951248741423358,18.21268293163331,0.6941337444798815,,,,18.21268293163331,1.0,14.43090138184263
277.9,0.016999999999995907,-0.863581,24.350965,211.339212823654,,,,-7.3,24.53,210.9,-1.19114863245252,25.024604696106877,195.6004124495923,4.25674613344841,26.314644321649727,193.15899378831597,,15.738800374061697,0.6289330267227042,9.302689793098237,18.18021903533804,0.6908783874529025,,,,18.18021903533804,1.0,14.473054376907351
277.917,0.016000000000019554,-0.866791,24.327955,211.7530544411994,,,,-7.3,24.51,211.3,-1.197251336357288,25.00435516935519,196.02565860844862,4.012033283355427,26.387009005918333,193.6069578416002,,15.727395832750773,0.6289862596427177,9.609584917992782,18.14609659959919,0.6876905448256454,,,,18.14609659959919,1.0,14.512854953255085
277.933,0.016999999999995907,-0.870229,24.304895,212.14219077195187,,,,-7.3,24.49,211.8,-1.2037791503779356,24.98519914797345,196.42557504298776,3.766164567959615,26.4512015384521,194.0296635259557,,15.716615728964115,0.6290370405248057,9.889242830583383,18.112527245996176,0.6847525326842338,,,,18.112527245996176,1.0,14.548160846148656
277.95,0.016999999999995907,-0.872224,24.281839,212.55524823886128,,,,-7.3,24.49,211.8,-1.2102399080569666,24.96473490241703,196.850149482416,3.766164567959615,26.515226336107396,194.47987816288935,,15.705098756445295,0.6290913489702132,10.107593112048448,18.075370075971932,0.6816977478090618,,,,18.075370075971932,0.0,14.58337448485907
277.967,0.016000000000019554,-0.873995,24.258768,212.96791346549318,,,,-7.3,24.49,211.8,-1.216247749238201,24.944160823980067,197.27437509609027,3.766164567959615,26.579251133762693,194.93118122138316,,15.693538369402916,0.6291467762794383,10.326455790352856,18.036732244110027,0.6786019723933681,,,,18.036732244110027,0.0,14.618588123569483
277.983,0.016999999999995907,-0.874911,24.235697,213.35594188213366,,,,-7.3,24.49,211.8,-1.2225914361003736,24.92470085999223,197.67332598956253,3.766164567959615,26.63950976685012,195.35693130858857,,15.682615892571135,0.629199763746975,10.532912265316451,17.999010573545092,0.6756509684702546,,,,17.999010573545092,0.0,14.651730371767568
278.0,0.016999999999995907,-0.875395,24.212633,213.76782230649405,,,,-7.3,24.49,211.8,-1.2288151799051883,24.90391680557853,198.09686923971978,3.766164567959615,26.703534564505418,195.810347185405,,15.670953066774274,0.6292565618940691,10.752769596309015,17.95747512108906,0.6724755884922553,,,,17.95747512108906,0.0,14.686944010477982
278.017,0.016000000000019554,-0.875429,24.189569,214.17931057291645,,,,-7.3,24.49,211.8,-1.2345453546367797,24.883026947520147,198.52005826162102,3.766164567959615,26.767559362160714,196.26485148378154,,15.659252311295432,0.6293146064713819,10.973139324140927,17.91445908913491,0.6692600863140041,,,,17.91445908913491,0.0,14.722157649188395
278.033,0.016999999999995907,-0.875358,24.166515,214.56623162200492,,,,-7.3,24.49,211.8,-1.240559184052991,24.863274221845934,198.91802867097644,3.766164567959615,26.827817995248143,196.69361450264134,,15.64820295102848,0.6293701630527527,11.18101419865982,17.872617119363582,0.6661971958557813,,,,17.872617119363582,0.0,14.75529989738648
278.05,0.016999999999995907,-0.875396,24.143452,214.97693588777383,,,,-7.3,24.49,211.8,-1.2464349764178537,24.84218471571704,199.34052507194562,3.766164567959615,26.89184279290344,197.15023161934053,,15.636410815828214,0.6294297782084939,11.402378579179889,17.826704268433303,0.6629037811100711,,,,17.826704268433303,0.0,14.790513536096892
278.067,0.016000000000019554,-0.875307,24.120392,215.38724807705174,,,,-7.3,24.3,215.0,-1.251829682614726,24.82099532111794,199.76266210225862,3.410051609605822,26.955867590558736,197.60793715759985,,15.62458597479312,0.6294907102899122,12.203636606539302,17.779310919451888,0.6595710881767008,,,,17.779310919451888,1.0,14.825727174807305
278.083,0.016999999999995907,-0.875649,24.097309,215.7730623097562,,,,-7.3,24.28,215.4,-1.2574955664267613,24.80096604619608,200.15963779319762,3.0329737335689577,27.010428416312497,198.03966752565535,,15.613424516558581,0.6295490460926354,12.453845543677595,17.733394784100852,0.6565388194061766,,,,17.733394784100852,1.0,14.855735628971875
278.1,0.016999999999995907,-0.875754,24.074224,216.1825900314756,,,,-7.3,24.26,215.8,-1.2630213492522722,24.77958862156683,200.5810725078735,2.6536560910065385,27.061988969783158,198.49928307343706,,15.601517523602098,0.6296116437551901,12.693926834519894,17.683306958038543,0.6534370765498185,,,,17.683306958038543,1.0,14.884093933380738
278.117,0.01599999999996271,-0.876409,24.052553,216.5917252930225,,,,-7.3,24.23,216.2,-1.268046813719162,24.758117258629547,201.00214300785507,2.2949368866910342,27.10710112333026,198.9597203392284,,15.589582285167438,0.6296755977974707,12.942087069236315,17.63200495379411,0.6504570471616671,,,,17.63200495379411,1.0,14.908905617831644
278.133,0.016999999999995907,-0.876686,24.027988,216.9764539606696,,,,-7.3,24.21,216.6,-1.2733743675909535,24.737828509610086,201.39811057400004,1.9172580787425946,27.14382011351723,199.39372770912217,,15.578343386669559,0.6297377063883245,13.13081140853813,17.582726251547427,0.6477616701707909,,,,17.582726251547427,1.0,14.929101062434476
278.15,0.016999999999995907,-0.877536,24.004831,217.3848030755425,,,,-7.3,24.19,217.0,-1.2785808800304712,24.716181145361045,201.8184696560672,1.5396067296850051,27.176413500855844,199.85544969484422,,15.566333419475285,0.6298033392750447,13.305225773179322,17.529353380698268,0.6450208516346806,,,,17.529353380698268,1.0,14.947027425470715
278.167,0.016000000000019554,-0.877967,23.981663,217.7927583985904,,,,-7.3,24.16,217.4,-1.2833540571924198,24.694445270400532,202.2384599806011,1.1845478906380005,27.20258681526048,200.3176711975311,,15.554298417989287,0.6298703310672508,13.48745427163751,17.475087201059296,0.6424053462171428,,,,17.475087201059296,1.0,14.961422748393266
278.183,0.016999999999995907,-0.878818,23.958464,218.17635262681486,,,,-7.3,24.16,217.4,-1.2883689622825318,24.67391160548543,202.63340683560867,1.1845478906380005,27.22153958151071,200.7530642087058,,15.542945791206193,0.6299344035807737,13.553817532385718,17.423288418109053,0.6400552167866074,,,,17.423288418109053,0.0,14.971846769830892
278.2,0.016999999999995907,-0.879249,23.936693,218.58351952561375,,,,-7.3,24.16,217.4,-1.2931872150766335,24.65200933312663,203.05267716358676,1.1845478906380005,27.24167689565155,201.2160015487616,,15.530842362026988,0.6300031024715339,13.624377695007373,17.367517976852156,0.6375348347085213,,,,17.367517976852156,0.0,14.982922292608354
278.217,0.016000000000019554,-0.879986,23.911995,218.99031625513317,,,,-7.3,24.16,217.4,-1.297657746833671,24.630025150470335,203.47157445669723,1.1845478906380005,27.26181420979239,201.67928122315777,,15.51874179843594,0.6300741352730448,13.694988546556631,17.311035031975393,0.6349920404694601,,,,17.311035031975393,0.0,14.993997815385816
278.233,0.016999999999995907,-0.880445,23.88872,219.37279553692562,,,,-7.3,24.16,217.4,-1.3023389872381363,24.60926262652097,203.86548875891364,1.1845478906380005,27.28076697604262,202.115621872645,,15.50730677801198,0.6301410575910563,13.761492122675367,17.25717366428063,0.6325765576691998,,,,17.25717366428063,0.0,15.004421836823443
278.25,0.016999999999995907,-0.880817,23.865431,219.77877655262301,,,,-7.3,24.16,217.4,-1.3068820389568443,24.587122863737928,204.28365803558074,1.1845478906380005,27.30090429018346,202.57956607840782,,15.495118517042272,0.6302127582359419,13.8322013703782,17.199210474215192,0.6299868418790613,,,,17.199210474215192,0.0,15.015497359600904
278.267,0.016000000000019554,-0.881125,23.84211,220.18436160156642,,,,-7.3,24.16,217.4,-1.31102599691148,24.564905869075666,204.70145027980954,1.1845478906380005,27.3210416043243,203.04385261851104,,15.482911321756887,0.6302857989473534,13.90296130700864,17.140508983055383,0.6273739204856096,,,,17.140508983055383,0.0,15.026572882378366
278.283,0.016999999999995907,-0.88145,23.818773,220.5657225775669,,,,-7.3,24.16,217.4,-1.3153565341804283,24.543929453125056,205.09432096238763,1.1845478906380005,27.33999437057453,203.48114090631077,,15.471401615179275,0.6303555282265276,13.969605198497892,17.08458167125613,0.6248933865781594,,,,17.08458167125613,0.0,15.036996903815993
278.3,0.016999999999995907,-0.882037,23.795395,220.9705143490418,,,,-7.3,23.98,220.6,-1.31955644637539,24.521568392043996,205.51137769407146,0.7188724569331294,27.36013168471537,203.94609197778064,,15.459136654970337,0.6304301750937775,14.58203853128191,17.024422371261153,0.6222346649293278,,,,17.024422371261153,1.0,15.048072426593455
278.317,0.016000000000019554,-0.882535,23.771997,221.37490860969518,,,,-7.3,23.96,221.0,-1.3233835311519762,24.49913593245562,205.9280536808296,0.28619892426532156,27.37235251648323,204.4113180934907,,15.446854928865577,0.6305061113768552,14.684990394562428,16.963590516204476,0.619734474995865,,,,16.963590516204476,1.0,15.054793884065777
278.333,0.016999999999995907,-0.883583,23.748549,221.75514759721565,,,,-7.3,23.93,221.4,-1.3274004389659433,24.47796179595716,206.31987046265738,-0.16360792189769302,27.37693169927148,204.8493123672173,,15.435277134558277,0.6305785286872866,14.790911249088126,16.90583522999836,0.6175211822750843,,,,16.90583522999836,1.0,15.057312434599316
278.35,0.016999999999995907,-0.884123,23.725082,222.15874525247204,,,,-7.3,23.91,221.8,-1.331286634433171,24.455395988494743,206.7358040038251,-0.6060948164086711,27.37415036459922,205.31469656476008,,15.422941248646936,0.6306559605864814,14.840915547940398,16.84404868771196,0.6153268124622786,,,,16.84404868771196,1.0,15.055782700529573
278.367,0.01599999999996271,-0.885495,23.701557,222.56194389069844,,,,-7.3,23.89,222.2,-1.3348445720228073,24.432764115709386,207.15135336471073,-1.0149652686532407,27.363846752720274,205.77996954025718,,15.410590525987715,0.6307346337485926,14.864385244419516,16.78197435044126,0.6132900283390508,,,,16.78197435044126,1.0,15.050115713996153
278.383,0.016999999999995907,-0.886219,23.679483,222.94105545933755,,,,-7.3,23.86,222.6,-1.3385059443372234,24.411406602557072,207.54210673045594,-1.4375790785954543,27.34760730842186,206.2176611727453,,15.398948728881606,0.6308095629060794,14.896762324320239,16.723394286592253,0.6115121552678644,,,,16.723394286592253,1.0,15.041184019632025
278.4,0.016999999999995907,-0.887847,23.654406,223.34347861169195,,,,-7.3,23.84,222.9,-1.342131214119701,24.388652001503345,207.95690722859035,-1.8682735610664185,27.323168464085743,206.68236276681148,,15.386571383101597,0.6308906036361973,14.870437778709176,16.66111584488047,0.6097797869518777,,,,16.66111584488047,1.0,15.02774265524716
278.417,0.016000000000019554,-0.888572,23.630779,223.74547521980034,,,,-7.3,23.84,222.9,-1.3454278625461367,24.365835770863317,208.37132037465537,-1.8682735610664185,27.29140781354762,207.14658666517124,,15.374154845144972,0.6309717831854303,14.75884955919027,16.5988885546291,0.608209318772823,,,,16.5988885546291,0.0,15.010274297451193
278.433,0.016999999999995907,-0.889899,23.607105,224.1234539465848,,,,-7.3,23.84,222.9,-1.3488941940178611,24.344308925062553,208.76100153222328,-1.8682735610664185,27.261515436570523,207.58301005117272,,15.362452414361513,0.6310490251192061,14.65394053730536,16.540443895412068,0.6067323709093423,,,,16.540443895412068,0.0,14.993833490113788
278.45,0.016999999999995907,-0.890599,23.584885,224.5246461411792,,,,-7.3,23.84,222.9,-1.3521775979486075,24.321377723764254,209.1746598687382,-1.8682735610664185,27.2297547860324,208.04618584806474,,15.349986272441015,0.6311314452158953,14.542597085319146,16.478460293114466,0.6051637417450101,,,,16.478460293114466,0.0,14.976365132317822
278.467,0.016000000000019554,-0.891169,23.559677,224.92546049462362,,,,-7.3,23.84,222.9,-1.3552086485969188,24.298390704599132,209.58792790037919,-1.8682735610664185,27.19799413549428,208.5088217138976,,15.337532594244436,0.6312159838363859,14.43137972569826,16.416638780726032,0.6035974086523453,,,,16.416638780726032,0.0,14.958896774521856
278.483,0.016999999999995907,-0.890991,23.535948,225.30230125699208,,,,-7.3,23.84,222.9,-1.3583526464391205,24.276707366221554,209.97652868494623,-1.8682735610664185,27.16810175851718,208.94375048105022,,15.32577257204585,0.6312953540548923,14.326819748423238,16.358550775941865,0.6021234358345802,,,,16.358550775941865,0.0,14.94245596718445
278.5,0.016999999999995907,-0.890388,23.512209,225.70228362479247,,,,-7.3,23.84,222.9,-1.3613429495028315,24.253615371232094,210.3890364282145,-1.8682735610664185,27.13634110797906,209.40533824541532,,15.313247196577976,0.6313799803530098,14.215847156335046,16.29694537937715,0.6005579497445682,,,,16.29694537937715,0.0,14.924987609388484
278.517,0.016000000000019554,-0.888941,23.488499,226.10186251672638,,,,-7.3,23.67,225.7,-1.3639905505450116,24.230472541090553,210.80115117546913,-2.2975333546461583,27.10458045744094,209.86638607872126,,15.300711341257255,0.6314656602470291,14.60979440661217,16.235476438005122,0.5989938292347944,,,,16.235476438005122,1.0,14.907519251592518
278.533,0.016999999999995907,-0.887605,23.464779,226.47756471627883,,,,-7.3,23.65,226.1,-1.3667000564811354,24.208648692281805,211.1886641453366,-2.7369552463548548,27.067819923766557,210.29976528177144,,15.288900570942246,0.6315470460693929,14.540805456467524,16.177799434507392,0.5976764837386361,,,,16.177799434507392,1.0,14.887300958071608
278.55,0.016999999999995907,-0.884878,23.441126,226.87633770035623,,,,-7.3,23.62,226.5,-1.36920050725195,24.18541479132163,211.60001368494713,-3.162930825430255,27.021291684578536,210.75952273044226,,15.276324015409102,0.6316337407159398,14.467491937399922,16.116814969913975,0.596448724881353,,,,16.116814969913975,1.0,14.861710426518195
278.567,0.016000000000019554,-0.882543,23.41748,227.27470897748515,,,,-7.3,23.6,226.9,-1.371371089368515,24.162138382698352,212.0109678869262,-3.550259612051733,26.967521860546235,211.2184276455757,,15.263741090558938,0.6317214498485266,14.339704392244563,16.056281331909446,0.5953932814049167,,,,16.056281331909446,1.0,14.83213702330043
278.583,0.016999999999995907,-0.878245,23.393932,227.64927569198161,,,,-7.3,23.58,227.3,-1.373494627317103,24.14019644526843,212.39738656555042,-3.9437489214148247,26.91071770675334,211.64945356211462,,15.251889126431195,0.6318046814992105,14.201717238960816,15.999822129866999,0.5945520407228599,,,,15.999822129866999,1.0,14.800894738714337
278.6,0.016999999999995907,-0.875227,23.370399,228.04684562957902,,,,-7.3,23.55,227.6,-1.3754115807125271,24.116847036604046,212.80757143514626,-4.339770957331274,26.843673975089303,212.10636589141018,,15.239274194432767,0.6318933055926803,14.058138177564347,15.940479738168847,0.593826305332179,,,,15.940479738168847,1.0,14.764020686299117
278.617,0.01599999999996271,-0.869678,23.346985,228.44401594227742,,,,-7.3,23.53,228.0,-1.3769542495722187,24.09346503973194,213.21735908779502,-4.6969977676870425,26.769897868814688,212.56208125208323,,15.2266568544824,0.6319828563211018,13.862398031054537,15.881934690194186,0.593275879049792,,,,15.881934690194186,1.0,14.72344382784808
278.633,0.016999999999995907,-0.865441,23.323633,228.81745638349256,,,,-7.3,23.53,228.0,-1.3784231468542056,24.071433771738835,213.60267827828588,-4.6969977676870425,26.69474590453187,212.989798402269,,15.214778105206676,0.632067796604191,13.603759522173252,15.827657981223552,0.5929128540060967,,,,15.827657981223552,0.0,14.68211024749253
278.65,0.016999999999995907,-0.8592,23.300386,229.21383308826796,,,,-7.3,23.53,228.0,-1.379603411876948,24.04800057824232,214.01169347026064,-4.6969977676870425,26.61489694248121,213.44293036646852,,15.202139618007322,0.6321581525476849,13.329729647929096,15.770902721799445,0.5925592256052216,,,,15.770902721799445,0.0,14.638193318364666
278.667,0.016000000000019554,-0.85476,23.277233,229.60981549586788,,,,-7.3,23.53,228.0,-1.380494677813829,24.024547320240416,214.42031012739764,-4.6969977676870425,26.535047980430548,213.89470489831317,,15.189505368470236,0.6322493891767628,13.056496755777506,15.715110597554713,0.5922397656542593,,,,15.715110597554713,0.0,14.594276389236802
278.683,0.016999999999995907,-0.848335,23.254179,229.98214181458835,,,,-7.3,23.53,228.0,-1.3812193514773208,24.002459405395367,214.8045261812032,-4.6969977676870425,26.459896016147464,214.31866445028632,,15.177615633385159,0.6323358526323963,12.80006442569827,15.663477364302025,0.5919704807132727,,,,15.663477364302025,0.0,14.552942808881106
278.7,0.016999999999995907,-0.843115,23.231258,230.37734027318075,,,,-7.3,23.53,228.0,-1.381696326659977,23.978978676420258,215.2123684048985,-4.6969977676870425,26.380047054096803,214.7678039663833,,15.164971868282237,0.632427764039622,12.528378616432267,15.609536306797452,0.5917175308591158,,,,15.609536306797452,0.0,14.509025879753242
278.717,0.016000000000019554,-0.837112,23.209852,230.77214982906315,,,,-7.3,23.53,228.0,-1.3818386230501412,23.955489838867045,215.61981138727836,-4.6969977676870425,26.30019809204614,215.2155860501254,,15.152338441784792,0.6325205013007327,12.25748978925883,15.556563778937743,0.591499871008289,,,,15.556563778937743,0.0,14.465108950625378
278.733,0.016999999999995907,-0.829129,23.185822,231.1434003107276,,,,-7.3,23.53,228.0,-1.3817886828191925,23.933380420898217,216.00292234935694,-4.6969977676870425,26.225046127763058,215.63578800388441,,15.140477961370664,0.6326092551535368,12.003263637982558,15.507612306843185,0.5913283138299651,,,,15.507612306843185,0.0,14.423775370269682
278.75,0.016999999999995907,-0.822808,23.163271,231.537439475587,,,,-7.2,23.35,231.1,-1.3814735603557016,23.909890013290298,216.40959014804744,-5.052904878465393,26.145197165712396,216.08093507187886,,15.127849327539565,0.632702589561506,12.261321893694701,15.456504403708152,0.5911794929578225,,,,15.456504403708152,1.0,14.379858441141819
278.767,0.016000000000019554,-0.813275,23.141024,231.9310961868309,,,,-7.2,23.32,231.5,-1.3808391083859652,23.886404962764257,216.81585865534382,-5.370854123630552,26.059297782778504,216.52467327894092,,15.115237531487082,0.6327966705349648,12.059967336498143,15.406422907889976,0.5912063723402183,,,,15.406422907889976,1.0,14.33261378052818
278.783,0.016999999999995907,-0.805183,23.118879,232.30124847163134,,,,-7.2,23.3,231.9,-1.3799154944959964,23.864311537030055,217.19786438734263,-5.687012409565334,25.97336411680031,216.94093457413805,,15.103384084288706,0.6328858077825924,11.830189133173162,15.360313897493285,0.5913871544871538,,,,15.360313897493285,1.0,14.285350264240172
278.8,0.016999999999995907,-0.791778,23.097111,232.69415306568774,,,,-7.2,23.28,232.3,-1.3785297356618116,23.84085297362363,217.6033582856831,-5.984349181451586,25.876684905837724,217.38165999083037,,15.090794780004643,0.6329804892761333,11.565444847834385,15.312493074857372,0.5917486389998475,,,,15.312493074857372,1.0,14.232176698210749
278.817,0.016000000000019554,-0.782726,23.075453,233.08668954076666,,,,-7.2,23.26,232.7,-1.3769176548117308,23.817417968117386,218.0084535886878,-6.24630493143122,25.77495096975307,217.82069889577278,,15.07823595207887,0.6330760106852468,11.285026190298725,15.265990644993877,0.5922801041564941,,,,15.265990644993877,1.0,14.17622303336419
278.833,0.016999999999995907,-0.766529,23.054253,233.45579659983912,,,,-7.2,23.24,233.1,-1.374728308746527,23.79538728564037,218.38935603071832,-6.5026163082925725,25.675010090850048,218.2322985842581,,15.0664405691208,0.6331664363459567,11.011784956913244,15.223498015581015,0.5929305562768328,,,,15.223498015581015,1.0,14.121255549967527
278.85,0.016999999999995907,-0.754684,23.033236,233.84760813739854,,,,-7.2,23.21,233.5,-1.3721413822862358,23.772016904391684,218.7936789663335,-6.740264779203722,25.5644656136091,218.6678341277459,,15.05392917106505,0.633262597431687,10.733809193198542,15.179774009652647,0.59378413142232,,,,15.179774009652647,1.0,14.060456087485006
278.867,0.01599999999996271,-0.736516,23.01265,234.23906409756043,,,,-7.2,23.21,233.5,-1.3691632844866473,23.748690500892824,219.1976049792783,-6.740264779203722,25.449881112362664,219.10145607491657,,15.04145911828212,0.633359515873797,10.35700990082338,15.13760802264386,0.5948007362317516,,,,15.13760802264386,0.0,13.997434611799466
278.883,0.016999999999995907,-0.723682,22.992363,234.60717222351158,,,,-7.2,23.21,233.5,-1.36563628122655,23.72678388834109,219.5774087743913,-6.740264779203722,25.342036875895655,219.50779141882168,,15.029763449120281,0.6334513569074836,10.00387450129301,15.0993808046899,0.5958234880106198,,,,15.0993808046899,0.0,13.938120281742611
278.9,0.016999999999995907,-0.705092,22.972462,234.9979378224625,,,,-7.2,23.21,233.5,-1.3615330036381543,23.703568071560245,219.98056676605034,-6.740264779203722,25.227452374649218,219.9376320774512,,15.017371056412145,0.6335489665975699,9.630261069664574,15.060305745011277,0.596980841400585,,,,15.060305745011277,0.0,13.875098806057071
278.917,0.016000000000019554,-0.688266,22.95306,235.38836779066838,,,,-7.2,23.21,233.5,-1.3571780649948466,23.6804220104984,220.38333068174774,-6.740264779203722,25.11286787340278,220.36552479955955,,15.005037108920646,0.6336473692178443,9.258288839026871,15.022842991108831,0.5982129586648935,,,,15.022842991108831,0.0,13.812077330371531
278.933,0.016999999999995907,-0.670383,22.933937,235.75552865262082,,,,-7.2,23.21,233.5,-1.3520575587522468,23.658707161458455,220.76204371512384,-6.740264779203722,25.00502363693539,220.76646793164275,,14.993484937496987,0.6337406704083278,8.909696556424638,14.989060720978074,0.5994419736855378,,,,14.989060720978074,0.0,13.752763000314467
278.95,0.016999999999995907,-0.654197,22.916548,236.14530871127724,,,,-7.2,23.21,233.5,-1.3463925257698917,23.63572218295967,221.1640463645513,-6.740264779203722,24.890439135688954,221.19057936520997,,14.981262346725941,0.6338398391535834,8.540910186533662,14.954729346067268,0.6008222379903515,,,,14.954729346067268,0.0,13.689741524628927
278.967,0.016000000000019554,-0.63505,22.897181,236.53479549581064,,,,-7.2,23.21,233.5,-1.340566858231242,23.612833510021588,221.56565908794153,-6.740264779203722,24.775854634442517,221.612742862256,,14.969136407869115,0.6339407086199977,8.173765017633423,14.922052633554642,0.6022820545940132,,,,14.922052633554642,0.0,13.626720048943385
278.983,0.016999999999995907,-0.613713,22.879625,236.9010691054111,,,,-7.2,23.21,233.5,-1.3337866230385853,23.59138444028986,221.94329283154448,-6.740264779203722,24.668010397975127,222.00829378251584,,14.957776273866614,0.6340355442778258,7.829715851960575,14.892775322895261,0.6037282732829452,,,,14.892775322895261,0.0,13.567405718886322
279.0,0.016999999999995907,-0.597314,22.86236,237.28993404888251,,,,-7.2,23.21,233.5,-1.3265245837231214,23.56871006769821,222.3441536348623,-6.740264779203722,24.55342589672869,222.42667599102074,,14.94578041402022,0.634136546764346,7.465756543807062,14.86325805786177,0.6053435524792504,,,,14.86325805786177,0.0,13.50438424320078
279.017,0.016000000000019554,-0.574911,22.845808,237.6785078570094,,,,-7.0,23.02,237.3,-1.319069539113123,23.546159149774923,222.7446300232107,-6.872306305877645,24.438841395482253,222.84311026300446,,14.933877833798704,0.6342383799755068,7.652419686644288,14.835397594004945,0.6070417723136173,,,,14.835397594004945,1.0,13.44136276751524
279.033,0.016999999999995907,-0.558355,22.829609,238.04396719640187,,,,-7.0,23.01,237.7,-1.3107083160134072,23.525054037149086,223.12119972870656,-6.990586976196239,24.328884494588078,223.2332520701255,,14.922767467695309,0.63433509840744,7.335045996396815,14.810715126276364,0.608770826692485,,,,14.810715126276364,1.0,13.380886472023445
279.05,0.016999999999995907,-0.536065,22.814091,238.43198986710428,,,,-7.0,22.99,238.0,-1.3016987567591347,23.502771995776865,223.5209362499863,-7.1078697846369385,24.21004451599277,223.64583296671535,,14.911053617117972,0.6344380832949105,7.020139168246256,14.786156900388931,0.6107447217051349,,,,14.786156900388931,1.0,13.315524483796025
279.067,0.016000000000019554,-0.522068,22.798922,238.8197519527117,,,,-6.9,22.97,238.4,-1.2928407548520116,23.480643116911963,223.92029527844406,-7.197803960284297,24.08921072965397,224.05637663630324,,14.89945667426764,0.6345421034714457,6.700744421570155,14.763375316408457,0.6128625583500189,,,,14.763375316408457,1.0,13.249065901309685
279.083,0.016999999999995907,-0.501551,22.784433,239.18446788000816,,,,-6.9,22.96,238.8,-1.2828708633822563,23.459957664834306,224.29582008469848,-7.271442084349276,23.97404586628928,224.44088268907123,,14.88864779530968,0.6346408637227537,6.371984286562812,14.743585190936926,0.6149811038640074,,,,14.743585190936926,1.0,13.185725226459105
279.1,0.016999999999995907,-0.488153,22.77034,239.57173076688855,,,,-6.9,22.94,239.2,-1.2725160648381757,23.43814886015681,224.6944539901608,-7.326930388038024,23.850431350855374,224.84739074541687,,14.87727677672774,0.6347462363812381,6.047510361452089,14.724340021471676,0.6173615816362835,,,,14.724340021471676,1.0,13.117737242970456
279.117,0.01599999999996271,-0.470089,22.756838,239.95875600877994,,,,-6.9,22.93,239.6,-1.2622782098421665,23.416516087054568,225.09271864221202,-7.3619361926967795,23.725873534258756,225.25178933694022,,14.866037366567923,0.6348526532000363,5.693348288653381,14.706966671839723,0.6198703980531521,,,,14.706966671839723,1.0,13.049230443842317
279.133,0.016999999999995907,-0.455508,22.743917,240.3228052453871,,,,-6.9,22.92,240.0,-1.2510069786011657,23.39631963569714,225.46722132799317,-7.378174746215858,23.608082555175883,225.63046098565482,,14.855583917393915,0.6349538794438369,5.361755876267578,14.692344259732266,0.6223438191303294,,,,14.692344259732266,1.0,12.984445405346737
279.15,0.016999999999995907,-0.440841,22.731436,240.70938601348098,,,,-6.9,22.9,240.3,-1.239308664520403,23.375052517060926,225.8647779912915,-7.394712112330726,23.482653584490244,226.0307322428419,,14.844608022189476,0.6350620179935309,5.037329069022304,14.678653770639073,0.625084968265,,,,14.678653770639073,1.0,12.915459471469635
279.167,0.016000000000019554,-0.429002,22.719534,241.09575672395638,,,,-6.8,22.89,240.7,-1.2279666201360158,23.353984269764084,226.26197480397943,-7.390805227304362,23.35694347858065,226.4288688178779,,14.833781919976957,0.6351713587125236,4.685363639208766,14.666887906078472,0.6279455151967404,,,,14.666887906078472,1.0,12.846318913219358
279.183,0.016999999999995907,-0.41763,22.70805,241.45921435570082,,,,-6.8,22.88,241.1,-1.2156039792591815,23.334336803841882,226.63548137256873,-7.366265150572861,23.238690594943634,226.80163389046655,,14.82373298313209,0.6352755215520604,4.357765344964477,14.657580465234275,0.6307403769308555,,,,14.657580465234275,1.0,12.781279827219
279.2,0.016999999999995907,-0.406834,22.697821,241.84519085816572,,,,-6.8,22.88,241.1,-1.2028801442477637,23.31367153619448,227.03198944345894,-7.366265150572861,23.113464087383925,227.19562720526622,,14.813201414706782,0.6353868969848564,3.982460291162544,14.649563652899502,0.6338108211523217,,,,14.649563652899502,0.0,12.71240524806116
279.217,0.016000000000019554,-0.398001,22.686611,242.23099502765263,,,,-6.8,22.88,241.1,-1.1906690135860158,23.293222573742273,227.4281480433933,-7.366265150572861,22.988237579824215,227.58749166943738,,14.802846984259332,0.6355001733828844,3.609115447135071,14.643503358215241,0.6369998268622042,,,,14.643503358215241,0.0,12.643530668903319
279.233,0.016999999999995907,-0.388667,22.676628,242.59392985952508,,,,-6.8,22.88,241.1,-1.1774188420199847,23.274171869524874,227.80068719893987,-7.366265150572861,22.870377337414904,227.95436058877576,,14.793242660585207,0.6356076918017192,3.2595227059753267,14.63956927074932,0.6401105261520825,,,,14.63956927074932,0.0,12.578707535578198
279.25,0.016999999999995907,-0.382097,22.667007,242.97937637314348,,,,-6.8,22.88,241.1,-1.1639428787797113,23.25415574921054,228.19617798369902,-7.366265150572861,22.745150829855195,228.34209257819745,,14.783198389444465,0.635722859555817,2.8899829750394264,14.637283794946029,0.6435342594313856,,,,14.637283794946029,0.0,12.509832956420357
279.267,0.016000000000019554,-0.374013,22.657883,243.3646602791269,,,,-6.8,22.88,241.1,-1.1509974482130239,23.234368720271288,228.59133044168954,-7.366265150572861,22.619924322295486,228.72769571699064,,14.773329837437359,0.6358395192613119,2.5224034538779825,14.636964562136257,0.6470828263430232,,,,14.636964562136257,0.0,12.440958377262518
279.283,0.016999999999995907,-0.369508,22.649096,243.72713853346335,,,,-6.8,22.88,241.1,-1.1370874319587998,23.215952761099857,228.96293301354095,-7.366265150572861,22.502064079886175,229.08867162420853,,14.764205519922399,0.635950877047828,2.1782368989451015,14.638466909254817,0.6505388508932228,,,,14.638466909254817,0.0,12.376135243937398
279.3,0.016999999999995907,-0.362684,22.640764,244.11211977155725,,,,-6.8,22.88,241.1,-1.1229226160597752,23.19662227475656,229.35743990134563,-7.366265150572861,22.376837572326465,229.47014228825225,,14.754679870211618,0.6360701870922051,1.8144624908752376,14.641977483304998,0.6543363170054377,,,,14.641977483304998,0.0,12.307260664779557
279.317,0.016000000000019554,-0.358466,22.632767,244.49696035171917,,,,-6.8,22.88,241.1,-1.1094177466242565,23.177532590283548,229.7516202176984,-7.366265150572861,22.251611064766756,229.84948410166743,,14.745340134020779,0.6361911077714243,1.4526482925798265,14.647476250051739,0.6582658760041237,,,,14.647476250051739,0.0,12.238386085621716
279.333,0.016999999999995907,-0.353052,22.625139,244.8590387400716,,,,-6.8,22.88,241.1,-1.0948668525745684,23.15978190633754,230.12231873367182,-7.366265150572861,22.133750822357445,230.20456699676487,,14.736720006399793,0.6363065103979747,1.1139079238738052,14.654471743306743,0.6620871383671748,,,,14.654471743306743,0.0,12.173562952296596
279.35,0.016999999999995907,-0.35013,22.617828,245.24361508705752,,,,-6.8,22.88,241.1,-1.080159225403419,23.141169169843774,230.51587681781928,-7.366265150572861,22.008524314797736,230.57977633543058,,14.727738269238245,0.6364301717490825,0.7558988386699741,14.66383875162694,0.6662799623402058,,,,14.66383875162694,0.0,12.104688373138755
279.367,0.01599999999996271,-0.345931,22.610828,245.62806756927242,,,,-6.8,22.88,241.1,-1.0661307464032632,23.12280646301192,230.90912061069844,-7.366265150572861,21.883297807238026,230.95285682346778,,14.71894695857398,0.6365553844910193,0.39984996324059585,14.675210745804634,0.6706123946707303,,,,14.675210745804634,0.0,12.035813793980916
279.383,0.016999999999995907,-0.342576,22.604143,245.98979653810358,,,,-6.8,22.88,241.1,-1.0510687600714135,23.105748371069506,231.27894904937023,-7.366265150572861,21.765437564829135,231.30204670644352,,14.71084748873335,0.6366747898610662,0.06653578076262034,14.687749831660057,0.6748198738441195,,,,14.687749831660057,0.0,11.970990660656025
279.4,0.016999999999995907,-0.340059,22.597679,246.3740174668715,,,,-6.8,22.88,241.1,-1.0358532687369815,23.087880202148295,231.67159489224247,-7.366265150572861,21.640211057269426,231.67099471973125,,14.702422574629026,0.6368026187722936,-0.28570798157518507,14.703022747140238,0.6794306538059927,,,,14.703022747140238,0.0,11.902116081498185
279.417,0.016000000000019554,-0.337905,22.591476,246.7581288713459,,,,-6.8,22.88,241.1,-1.0213958392340665,23.07027069657977,232.06393917488157,-7.366265150572861,21.514984549709716,232.03781388239048,,14.69418969646432,0.6369318284003826,-0.635991534138538,14.720314988955408,0.6841889639727404,,,,14.720314988955408,0.0,11.833241502340345
279.433,0.016999999999995907,-0.336919,22.585438,247.11954923550633,,,,-6.8,22.88,241.1,-1.005942678463457,23.053928363152004,232.4329327673599,-7.366265150572861,21.397124307300405,232.381110753247,,14.68661646814644,0.6370548323391442,-0.9638795303908396,14.73843848225934,0.6888046389126593,,,,14.73843848225934,0.0,11.768418369015224
279.45,0.016999999999995907,-0.336295,22.579586,247.50345299671073,,,,-6.8,22.88,241.1,-0.9903887989055986,23.036827337618128,232.82470419081633,-7.366265150572861,21.271897799740696,232.74379744115674,,14.6787488058944,0.6371862145237617,-1.3103579698626087,14.75965555555399,0.6938570171079851,,,,14.75965555555399,0.0,11.699543789857383
279.467,0.016000000000019554,-0.336578,22.573851,247.88725736408315,,,,-6.8,22.88,241.1,-0.9756817472717068,23.01999072803674,233.21618714437432,-7.366265150572861,21.146671292180987,233.104355278438,,14.671070219708838,0.6373186850088737,-1.6548761995599288,14.782902085645162,0.6990652042296208,,,,14.782902085645162,0.0,11.630669210699544
279.483,0.016999999999995907,-0.337194,22.568577,248.2483958980996,,,,-6.8,22.88,241.1,-0.959997680737073,23.004379820080374,233.5843821087597,-7.366265150572861,21.028811049771676,233.44175913717405,,14.66401378933989,0.6374444303227756,-1.9773380095853708,14.806636760925556,0.7041119312870673,,,,14.806636760925556,0.0,11.565846077374422
279.5,0.016999999999995907,-0.338733,22.56267,248.63201298256652,,,,-6.8,22.88,241.1,-0.9442978504214354,22.988059859507846,233.97531784603612,-7.366265150572861,20.903584542211966,233.7981844997058,,14.656695136530402,0.6375786049847266,-2.318051126191107,14.833828482860724,0.7096308507713502,,,,14.833828482860724,0.0,11.496971498216583
279.517,0.016000000000019554,-0.340609,22.557158,249.01552942564794,,,,-6.8,22.88,241.1,-0.9295066310136002,22.972006796050685,234.36597841260826,-7.366265150572861,20.778358034652257,234.15248101160904,,14.649551013039684,0.6377131585890969,-2.6568040330223943,14.8630484140389,0.7153139044601916,,,,14.8630484140389,0.0,11.428096919058742
279.533,0.016999999999995907,-0.342709,22.551668,249.37640035569638,,,,-6.8,22.88,241.1,-0.9138032731443025,22.95713468995445,234.73341154449676,-7.366265150572861,20.660497792242946,234.4839918582246,,14.642988811199615,0.6378404364899716,-2.973839656820973,14.892408497471763,0.7208155702358328,,,,14.892408497471763,0.0,11.363273785733622
279.55,0.016999999999995907,-0.344443,22.546204,249.7597291902458,,,,-6.7,22.71,249.4,-0.8980916089387434,22.941600034311,235.1235507896529,-6.9291636256555185,20.535271284683237,234.8341558953784,,14.636178400592883,0.6379754846524787,-2.824393700560681,14.925573294867405,0.7268262049208978,,,,14.925573294867405,1.0,11.29439920657578
279.567,0.016000000000019554,-0.347695,22.540663,250.1429648862322,,,,-6.7,22.71,249.8,-0.8833468224184807,22.926332476959047,235.51342821599863,-6.511549604172642,20.417475503047122,235.18225424307403,,14.629536670233563,0.6381106391498178,-3.1376770798497056,14.960710643158166,0.7327404722942078,,,,14.960710643158166,1.0,11.229611526675917
279.583,0.016999999999995907,-0.349671,22.535177,250.50357098927265,,,,-6.7,22.7,250.1,-0.867708917251261,22.912198927800333,235.88013646723715,-6.076166092185161,20.313290709380233,235.50810037277384,,14.623434522035495,0.6382379346528922,-3.3849347138248955,14.995470616498807,0.7382098169635424,,,,14.995470616498807,1.0,11.172309890159129
279.6,0.016999999999995907,-0.333662,22.530287,250.88661847081306,,,,-6.7,22.7,250.5,-0.8515632641927129,22.897447876207064,236.26951846507112,-5.63545629454461,20.20999588581311,235.85254830883292,,14.617100005741946,0.638372454640707,-3.6568795548822557,15.03407016198014,0.7438927868626467,,,,15.03407016198014,1.0,11.115497737197211
279.617,0.01599999999996271,-0.298738,22.526161,251.26958513565398,,,,-6.7,22.69,250.9,-0.8353883255287209,22.88297130071579,236.65865202807484,-5.21695966490873,20.114193128805876,236.19530391545712,,14.610933107579143,0.6385068143280023,-3.879539110688075,15.074281220196866,0.7494350443821052,,,,15.074281220196866,1.0,11.062806220843234
279.633,0.016999999999995907,-0.243843,22.523304,251.62996547318915,,,,-6.7,22.69,251.3,-0.8166111958789762,22.869605087507363,237.02467263917976,-4.76494940829421,20.03072177416753,236.51646323468015,,14.60529283400939,0.638633364158422,-4.097320647951426,15.113502238509,0.7545161082512769,,,,15.113502238509,1.0,11.016896975792143
279.65,0.016999999999995907,-0.147021,22.522648,252.01282640587556,,,,-6.6,22.68,251.6,-0.7950422480944543,22.855722697177423,237.41333792534948,-4.325538893215633,19.94971763422655,236.8562969696514,,14.599488480526077,0.6387673089124872,-4.279476131241736,15.156529436224162,0.7597365393393339,,,,15.156529436224162,1.0,10.972344698824603
279.667,0.016000000000019554,-0.024223,22.524168,252.39569017734095,,,,-6.5,22.68,252.0,-0.771463167890605,22.842206978959823,237.80177032759656,-3.9073665870222944,19.876183473041902,237.1948171290631,,14.593919849744395,0.6389014801935293,-4.4698648118193045,15.200873048277856,0.7647782618275195,,,,15.200873048277856,1.0,10.931900910173047
279.683,0.016999999999995907,0.105265,22.527838,252.7560737647974,,,,-6.5,22.68,252.0,-0.7427951945491947,22.82986356827356,238.16714689197488,-3.9073665870222944,19.81366560764947,237.51233592170902,,14.588926872822526,0.639028210974358,-4.631199388500587,15.243737843088383,0.7693547546902794,,,,15.243737843088383,0.0,10.897516084207208
279.7,0.016999999999995907,0.235687,22.533585,253.13906222158982,,,,-6.5,22.68,252.0,-0.7105789404155469,22.817236049966226,238.55514723872983,-3.9073665870222944,19.747240375670106,237.84860362256717,,14.583914982859994,0.6391622083815705,-4.802082059027008,15.290458599022656,0.7743086278456155,,,,15.290458599022656,0.0,10.860982206618559
279.717,0.016000000000019554,0.356552,22.541071,253.52216722336124,,,,-6.5,22.68,252.0,-0.6772611265114282,22.805156207979163,238.94293757292226,-3.9073665870222944,19.680815143690744,238.18374209448166,,14.579229650438975,0.6392953206493684,-4.972413190622992,15.338425128879578,0.7793592397922987,,,,15.338425128879578,0.0,10.82444832902991
279.733,0.016999999999995907,0.455983,22.549805,253.88286999801767,,,,-6.5,22.68,252.0,-0.6393407875526569,22.794320029954967,239.30773338282617,-3.9073665870222944,19.61829727829831,238.49813499385797,,14.575136615191497,0.6394196710425097,-5.1322210159397335,15.384735004159694,0.7842033784031927,,,,15.384735004159694,0.0,10.790063503064072
279.75,0.016999999999995907,0.529798,22.55933,254.26628257256107,,,,-6.5,22.68,252.0,-0.5997602632112506,22.783451236566574,239.6951444385915,-3.9073665870222944,19.551872046318948,238.83108143311716,,14.571138133969555,0.6395492053716354,-5.3014815131413355,15.435201139443905,0.7894487598362688,,,,15.435201139443905,0.0,10.753529625475423
279.767,0.016000000000019554,0.575826,22.569176,254.64986773837197,,,,6.9,22.4,254.3,-0.5617624046550902,22.773255312091987,240.08237644425503,-3.058534382051549,19.485446814339586,239.1628986434327,,14.567491294116934,0.6396754040860372,-4.681290471412492,15.486969094939269,0.7947967137988446,,,,15.486969094939269,1.0,10.716995747886774
279.783,0.016999999999995907,0.597091,22.578413,255.0110482601004,,,,7.0,22.41,254.6,-0.521325024604847,22.764267113617493,240.44667662366115,-2.1847462377118916,19.4365102642267,239.4742743000616,,14.564371636439262,0.6397909303975314,-4.833234520365459,15.5367739600388,0.799360263176181,,,,15.5367739600388,1.0,10.690080645324686
279.8,0.016999999999995907,0.600911,22.588036,255.39496756074982,,,,7.0,22.42,255.0,-0.48139592206430537,22.755404588199212,240.83359383312649,-1.3304487412134618,19.399369578185606,239.80437927872202,,14.561373727623334,0.6399083642386546,-4.95511679024187,15.590588282027795,0.8036646871019589,,,,15.590588282027795,1.0,10.669653268002085
279.817,0.016000000000019554,0.592422,22.597935,255.77905100438923,,,,7.0,22.43,255.4,-0.44462504017922105,22.74722085752412,241.22036614941504,-0.5457643578330197,19.376751949584982,240.13397631170798,,14.558684854974189,0.6400203763862695,-5.040223797807414,15.645074692681249,0.8074147170478869,,,,15.645074692681249,1.0,10.657213572271742
279.833,0.016999999999995907,0.579895,22.606955,256.14069379440565,,,,7.0,22.44,255.8,-0.40650398390478565,22.740106856881244,241.58426477113073,0.27184791726849644,19.368019719859642,240.44393448506392,,14.556429023274916,0.6401213993798839,-5.09028628620954,15.69675930934173,0.8104473010860546,,,,15.69675930934173,1.0,10.652410845922804
279.85,0.016999999999995907,0.566491,22.6157,256.52509582423306,,,,7.0,22.45,256.1,-0.3694290754007141,22.733196289154865,241.97078784787195,1.0494173703162393,19.372641134453207,240.7732301023255,,14.554307976361116,0.6402226854172908,-5.106690603785398,15.751865721907564,0.8130985141666467,,,,15.751865721907564,1.0,10.654952623949265
279.867,0.01599999999996271,0.554437,22.624233,256.90964458218247,,,,7.0,22.46,256.5,-0.3354898506024547,22.726915994873053,242.3571988022861,1.7597406675785319,19.39048122974858,241.10271664242111,,14.552445779896374,0.640317664885955,-5.0897542319481435,15.806927939761351,0.8151900797341018,,,,15.806927939761351,1.0,10.66476467636172
279.883,0.016999999999995907,0.544725,22.632595,257.2717032781176,,,,7.0,22.46,256.9,-0.3003197809144401,22.721548157263427,242.72078651550234,2.495924540971018,19.41863708042977,241.41318958890182,,14.550916762615287,0.6404016426127097,-5.018644663116895,15.858513689215812,0.8166646105765129,,,,15.858513689215812,1.0,10.680250394236376
279.9,0.016999999999995907,0.538124,22.640862,257.65653610588004,,,,6.9,22.47,257.3,-0.26602108894570925,22.71644272098788,243.10700943796738,3.20465966279951,19.461067797626267,241.7436670803652,,14.549526667912659,0.6404843771806863,-4.939376981249488,15.912869025514823,0.8176770766635821,,,,15.912869025514823,1.0,10.703587288694449
279.917,0.016000000000019554,0.534478,22.649067,258.04150851879797,,,,6.9,22.48,257.7,-0.2344889663555285,22.711920362475805,243.49315052417674,3.847915287250368,19.515547011893847,242.07496830624606,,14.548357994621227,0.6405604529442496,-4.8293093504706865,15.966540212551905,0.8181446414400282,,,,15.966540212551905,1.0,10.733550856541617
279.933,0.016999999999995907,0.532651,22.657232,258.40396200398243,,,,6.9,22.49,258.0,-0.2016755499061364,22.70816853901411,243.8565112353891,4.493785407843499,19.577113656489928,242.3877095915935,,14.547450768593336,0.640626334246193,-4.700833689405724,16.016252412388923,0.8181110195005402,,,,16.016252412388923,1.0,10.76741251106946
279.95,0.016999999999995907,0.531956,22.665375,258.78921191605184,,,,6.9,22.5,258.4,-0.16959410487294946,22.704740054665706,244.24252095843528,5.1136647633380505,19.65350800842325,242.72116987574518,,14.546690957616562,0.6406896058969542,-4.53400063433538,16.068042040306665,0.8175661074562415,,,,16.068042040306665,1.0,10.809429404632787
279.967,0.016000000000019554,0.532551,22.673523,259.17460015869375,,,,6.9,22.51,258.8,-0.14006440505108964,22.701856954882867,244.62847703301634,5.672068605553146,19.740440309399975,243.0560184364466,,14.546123125677411,0.6407459598827546,-4.339400743498547,16.118581722247143,0.8165259472237718,,,,16.118581722247143,1.0,10.857242170169988
279.983,0.016999999999995907,0.534521,22.6817,259.5374446932222,,,,6.9,22.51,259.2,-0.10930046791439096,22.699615924402046,244.99168881605107,6.243633194808241,19.831193407088936,243.37259150617888,,14.545755877171132,0.6407930392132525,-4.105872412455631,16.16485318704332,0.815122562481034,,,,16.16485318704332,1.0,10.907156373898916
280.0,0.016999999999995907,0.536725,22.689896,259.9231108315066,,,,6.9,22.52,259.5,-0.07921862233629196,22.697757816447503,245.3775664928482,6.770143549952357,19.93733517140065,243.710623999096,,14.54554433865843,0.6408361766957561,-3.859583124311847,16.212486832410633,0.8131722064675337,,,,16.212486832410633,1.0,10.96553434427036
280.017,0.016000000000019554,0.538981,22.698109,260.30891662026903,,,,6.9,22.53,259.9,-0.05155785284731625,22.696411099867785,245.76341692863676,7.239936136513635,20.052427611749813,244.0505369827527,,14.545499691632273,0.6408722342765903,-3.588572668545874,16.258379637516327,0.8107935833160497,,,,16.258379637516327,1.0,11.028835186462398
280.033,0.016999999999995907,0.540773,22.706341,260.67215535383747,,,,6.9,22.54,260.3,-0.02281604128117678,22.69558617422223,246.12655290682991,7.717189689452224,20.168266589934174,244.3723025363666,,14.545602447007553,0.6409000558676263,-3.31396226334064,16.299852817470878,0.8081930464765876,,,,16.299852817470878,1.0,11.092546624463797
280.05,0.016999999999995907,0.542108,22.714567,261.05824129253585,,,,6.9,22.55,260.7,0.005186934688417456,22.69519830152045,246.51237457487363,8.0,20.29945881465483,244.71627820230552,,14.545866717662221,0.6409226535239276,-2.9972086080427904,16.341963090230337,0.8050442743051135,,,,16.341963090230337,1.0,11.164702348060157
280.067,0.016000000000019554,0.543225,22.722816,261.44446726614177,,,,6.9,22.55,261.1,0.030833698651282757,22.695286479410154,246.89819369551145,8.0,20.435458814654798,245.0625250021546,,14.54627357063032,0.6409380901107874,-2.6373618081937455,16.381942263987185,0.8016429879342503,,,,16.381942263987185,1.0,11.239502348060139
280.083,0.016999999999995907,0.5441,22.731062,261.8081018549422,,,,6.9,22.55,261.1,0.057384835619320534,22.695779818588576,247.2613222258959,8.0,20.563458814654954,245.39051634318946,,14.546779629046313,0.6409464554785657,-2.2965704671588485,16.417585511752748,0.7983863833282965,,,,16.417585511752748,0.0,11.309902348060225
280.1,0.016999999999995907,0.545168,22.739338,262.19460853139213,,,,6.9,22.55,261.1,0.0831678360633169,22.696755360794103,247.64715877492057,8.0,20.69945881465492,245.7412511430385,,14.547449756471565,0.6409484318450435,-1.9322356673098051,16.453357388353623,0.7948689642409821,,,,16.453357388353623,0.0,11.384702348060207
280.117,0.01599999999996271,0.546064,22.747618,262.581256054168,,,,6.9,22.55,261.1,0.10670055209979563,22.69816921400718,248.0330156338063,8.0,20.83545881465489,246.09429794288758,,14.548240420361736,0.6409433414296659,-1.5655888674607583,16.486958111280444,0.7912932591474362,,,,16.486958111280444,0.0,11.45950234806019
280.133,0.016999999999995907,0.547219,22.755932,262.94528783835915,,,,6.9,22.55,261.1,0.13099842691037258,22.699876422840774,248.39619999890024,8.0,20.96345881465459,246.42868928392127,,14.549087839458906,0.6409324689018797,-1.2183975264270908,16.516598554437877,0.7878756411557373,,,,16.516598554437877,0.0,11.529902348060025
280.15,0.016999999999995907,0.547663,22.764244,263.33221775550453,,,,6.9,22.55,261.1,0.1544954068800168,22.70210339609825,248.78211682736114,8.0,21.099458814654557,246.78622408377032,,14.550100928143394,0.6409142216594821,-0.8472627265780526,16.54599367173421,0.7841904295783286,,,,16.54599367173421,0.0,11.604702348060007
280.167,0.016000000000019554,0.548067,22.772577,263.71928904080795,,,,6.9,22.55,261.1,0.17585290554630892,22.70472981801521,249.16807490968102,8.0,21.235458814654525,247.14607088361936,,14.551214131126926,0.6408891119938003,-0.47381592672901807,16.57321815718859,0.7804502036825061,,,,16.57321815718859,0.0,11.679502348059989
280.183,0.016999999999995907,0.547825,22.780909,264.0837204253844,,,,6.9,22.55,261.1,0.1977911099322156,22.707543464503953,249.53137309594163,8.0,21.36345881465468,247.48686222465426,,14.552347329442767,0.6408596047472396,-0.12022458569411221,16.59685820073014,0.7768806701537113,,,,16.59685820073014,0.0,11.749902348060075
280.2,0.016999999999995907,0.547536,22.789249,264.47107503909683,,,,6.9,22.55,261.1,0.21890262537664326,22.710905913372798,249.91742991565349,8.0,21.49945881465465,247.8511970245033,,14.553645123443346,0.64082186676991,0.2577102141549279,16.619878014593525,0.7730370405075006,,,,16.619878014593525,0.0,11.824702348060057
280.217,0.016000000000019554,0.546527,22.797583,264.8585713910487,,,,6.9,22.55,261.1,0.2379749270353588,22.7146272580042,250.3035469476101,8.0,21.635458814654616,248.21784382435234,,14.555024443438612,0.6407776045855959,0.6379570140039643,16.64072756669637,0.7691414223868873,,,,16.64072756669637,0.0,11.89950234806004
280.233,0.016999999999995907,0.54599,22.805933,265.22340267450517,,,,6.9,22.55,261.1,0.2574786034912378,22.71843485683677,250.6670114445293,8.0,21.763458814654772,248.56503516538723,,14.556391229975873,0.6407303725676924,0.9979483550388806,16.658367509117937,0.7654283104072024,,,,16.658367509117937,0.0,11.969902348060126
280.25,0.016999999999995907,0.545453,22.814297,265.61118243106006,,,,6.9,22.55,261.1,0.2761537667090941,22.72281199309612,251.05326204275363,8.0,21.89945881465474,248.93616996523627,,14.557920388306428,0.6406742436952595,1.382683154887919,16.675012465823784,0.7614349106501734,,,,16.675012465823784,0.0,12.044702348060108
280.267,0.016000000000019554,0.545521,22.822689,265.99910429801844,,,,6.9,22.55,261.1,0.29297037423939154,22.727506607130174,251.43958975085545,8.0,22.035458814654707,249.30961676508534,,14.55951454716299,0.640612047719978,1.7697299547369538,16.6894875329331,0.7573923317554767,,,,16.6894875329331,0.0,12.11950234806009
280.283,0.016999999999995907,0.545634,22.831112,266.3643371487069,,,,6.9,22.55,261.1,0.3101062837283042,22.73219413311801,251.80326735677787,8.0,22.163458814654863,249.66320810612024,,14.561069791929043,0.6405483653122316,2.1361212957718796,16.701129042586672,0.7535434420345797,,,,16.701129042586672,0.0,12.189902348060176
280.3,0.016999999999995907,0.545946,22.839556,266.7525448968198,,,,6.9,22.55,261.1,0.3264508580162113,22.73746593994139,252.18975946739877,8.0,22.29945881465483,250.04114290596928,,14.56278542942104,0.6404753048509054,2.5276560956209164,16.711401990850533,0.7494084107488779,,,,16.711401990850533,0.0,12.264702348060158
280.317,0.016000000000019554,0.545285,22.848001,267.1408962380167,,,,6.9,22.55,261.1,0.34106768566025675,22.743015604527663,252.57634356052665,8.0,22.435458814654798,250.42138970581834,,14.564552677490042,0.6403967235809547,2.921502895469953,16.719506532198352,0.7452268603161886,,,,16.719506532198352,0.0,12.33950234806014
280.333,0.016999999999995907,0.542866,22.8564,267.5065340504971,,,,6.9,22.55,261.1,0.35580814018859985,22.748472687498236,252.9402754668633,8.0,22.563458814654954,250.78138104685326,,14.566258583633811,0.6403180900860618,3.294294236504889,16.725153003643868,0.7412495194566929,,,,16.725153003643868,0.0,12.409902348060225
280.35,0.016999999999995907,0.539539,22.864763,267.89517129463405,,,,6.9,22.55,261.1,0.3696721425370584,22.75452142588144,253.32705091682695,8.0,22.69945881465492,251.1661158467023,,14.568120377807105,0.6402296978760906,3.692629036353924,16.729055447931756,0.7369803652381072,,,,16.729055447931756,0.0,12.484702348060207
280.367,0.01599999999996271,0.534526,22.873037,268.28395022901947,,,,6.9,22.55,261.1,0.38185826913096477,22.760805852304568,253.71393119869143,8.0,22.83545881465489,251.55316264655136,,14.57001903032804,0.6401363433646969,4.093275836202967,16.73078758246811,0.7326670209810261,,,,16.73078758246811,0.0,12.559502348060189
280.383,0.016999999999995907,0.528471,22.881229,268.6499872403466,,,,6.9,22.55,261.1,0.39393796433694656,22.76691558461065,254.07815297018593,8.0,22.96345881465459,251.91955398758498,,14.571834270160679,0.6400442877739022,4.472467177236556,16.730433252761628,0.7285676512322599,,,,16.730433252761628,0.0,12.629902348060025
280.4,0.016999999999995907,0.520549,22.889284,269.039044497406,,,,6.9,22.72,268.6,0.40504085684801816,22.773612530004378,254.46524745916005,8.0,23.099458814654557,252.31108878743402,,14.573797038245942,0.6399422585698634,4.39660822708559,16.72795570997198,0.7241708926686878,,,,16.72795570997198,1.0,12.704702348060007
280.417,0.016000000000019554,0.511868,22.897219,269.4282375447364,,,,6.9,22.73,269.0,0.4145644793709618,22.780498224570792,254.85245740057385,8.0,23.235458814654525,252.70493558728305,,14.575780144162565,0.6398358806938336,4.775648776934613,16.723301957453373,0.7197319446477228,,,,16.723301957453373,1.0,12.779502348059989
280.433,0.016999999999995907,0.502912,22.905035,269.7946585678409,,,,6.9,22.74,269.4,0.4237705294969293,22.787131256240734,255.2169984364208,8.0,23.36345881465468,253.077726928318,,14.577660131420089,0.6397321351026883,5.1328213679695684,16.716931639522898,0.7155161302160122,,,,16.716931639522898,1.0,12.849902348060075
280.45,0.016999999999995907,0.49611,22.912804,270.1841168336248,,,,6.9,22.75,269.8,0.43208077932856953,22.79433535524218,255.6044409026183,8.0,23.49945881465465,253.47606172816702,,14.579675931006477,0.6396183834179435,5.516324917818593,16.70805510545776,0.7109974419937851,,,,16.70805510545776,1.0,12.924702348060057
280.467,0.016000000000019554,0.490937,22.920536,270.57370618951967,,,,6.9,22.75,270.2,0.4391193928288301,22.801680728490762,255.99200703932996,8.0,23.635458814654616,253.87670852801605,,14.581699150189706,0.6395010667774956,5.9305717176676245,16.696997661503616,0.7064384826391029,,,,16.696997661503616,1.0,12.99950234806004
280.483,0.016999999999995907,0.487661,22.928265,270.94049760545613,,,,6.9,22.76,270.6,0.4458973104023549,22.80870663877603,256.35689013826857,8.0,23.763458814654772,254.25589986905098,,14.583607467187562,0.6393877433801811,6.294119308702578,16.684597736405152,0.7021115009619672,,,,16.684597736405152,1.0,13.069902348060126
280.5,0.016999999999995907,0.485258,22.935991,271.33034857747055,,,,6.9,22.77,270.9,0.45195644631067455,22.81628689305287,256.74470258328904,7.995768221632513,23.89945881465474,254.66103466890002,,14.585645994181505,0.639264664866331,6.684397858551607,16.66931390857053,0.6974766264727799,,,,16.66931390857053,1.0,13.144702348060108
280.517,0.016000000000019554,0.483646,22.943726,271.72033054425145,,,,6.9,22.78,271.3,0.4570195321680213,22.823970152640147,257.13264476817733,7.973551770787539,24.03538687442246,255.0684808572571,,14.587685776074125,0.6391388386207956,7.076752575139711,16.651849686994353,0.6928055609836934,,,,16.651849686994353,1.0,13.219462780932355
280.533,0.016999999999995907,0.481757,22.95145,272.0874920669399,,,,6.9,22.78,271.7,0.4617836814016203,22.831282465154842,257.4978867891201,7.93585544183476,24.162963702755217,255.454067661875,,14.589605277819771,0.6390182110920165,7.47382230156715,16.633424405064886,0.6883851091150808,,,,16.633424405064886,1.0,13.289630036515371
280.55,0.016999999999995907,0.479821,22.959167,272.4777363308263,,,,6.9,22.79,272.1,0.4658914849969362,22.839132787738667,257.88608531876963,7.879572887214368,24.297873245266377,255.86598477593307,,14.591651012056673,0.6388881376393719,7.867446339716112,16.61175155489323,0.6836710105123901,,,,16.61175155489323,1.0,13.363830284896508
280.567,0.016000000000019554,0.477052,22.96685,272.86811150396073,,,,6.9,22.8,272.5,0.46913328627024353,22.847052942983613,258.2744178974807,7.809602408186742,24.43182598434899,256.2801872193847,,14.59369360648003,0.6387560637645299,8.260315156529298,16.587924284576047,0.6789473817962791,,,,16.587924284576047,1.0,13.437504291391946
280.583,0.016999999999995907,0.473473,22.974487,273.2356421666172,,,,6.9,22.81,272.9,0.4719617197139315,22.854559075563945,258.64003079362953,7.722882023032323,24.556779622880132,256.672096064243,,14.595611372987662,0.6386301886083318,8.626885802706823,16.563546102374175,0.6744999286038926,,,,16.563546102374175,1.0,13.506228792584073
280.6,0.016999999999995907,0.469369,22.982069,273.6262768624656,,,,6.9,22.81,273.2,0.4741246323533866,22.86258242479908,259.0286264963825,7.601240256591686,24.68806861727165,257.09067727428425,,14.597650366083087,0.6384952537229125,9.044096364921755,16.535599588181356,0.6697810122179072,,,,16.535599588181356,1.0,13.578437739499408
280.617,0.01599999999996271,0.464238,22.989569,274.017039859286,,,,6.9,22.82,273.6,0.47552407437550986,22.870642543549085,259.4173589086134,7.471905686301836,24.817289701633676,257.5114728199948,,14.59968095067262,0.6383590195541148,9.428320728589178,16.50556703929118,0.6650833849195324,,,,16.50556703929118,1.0,13.649509335898523
280.633,0.016999999999995907,0.457808,22.996962,274.38493238574915,,,,6.9,22.83,274.0,0.4763661687747438,22.878250928739075,259.7833500563908,7.324314628383938,24.936840192614227,257.9095058591479,,14.601582329358337,0.6382298356128353,9.783502693760198,16.475426526601268,0.6606862136238474,,,,16.475426526601268,1.0,13.715262105937827
280.65,0.016999999999995907,0.450896,23.004251,274.7759468930051,,,,6.9,22.84,274.4,0.4765216882166947,22.886349153608244,260.17234915709065,7.161970865473489,25.061353541296725,258.33449050588604,,14.603597735914434,0.6380920625608844,10.156500436746288,16.441456387119047,0.6560482202218808,,,,16.441456387119047,1.0,13.7837444477132
280.667,0.016000000000019554,0.44314,23.01141,275.167084314477,,,,6.9,22.84,274.8,0.47601915087090724,22.894450022307925,260.56148595008585,6.995501337095226,25.183107046009745,258.76156842087806,,14.605598364391142,0.6379536678172971,10.551015735275076,16.40551589359893,0.6514492379207187,,,,16.40551589359893,1.0,13.850708875305362
280.683,0.016999999999995907,0.434463,23.018427,275.53532359639746,,,,6.8,22.85,275.2,0.4748353539709284,22.90206632872187,260.9278580808945,6.8072709425093905,25.295035067403404,259.1653935577859,,14.607465515502952,0.6378230377048328,10.886772198063333,16.369930038611585,0.6471598080410171,,,,16.369930038611585,1.0,13.912269287071874
280.7,0.016999999999995907,0.42588,23.025316,275.92669963530085,,,,6.8,22.86,275.5,0.47298348270031976,22.910138529739374,261.31726182219137,6.588840189269091,25.410758673426034,259.5963928045828,,14.60943781310948,0.6376843943630085,11.23651688978613,16.33030683071803,0.6426532572518535,,,,16.33030683071803,1.0,13.97591727038432
280.717,0.016000000000019554,0.417286,23.032066,276.31819154696075,,,,6.8,22.87,275.9,0.47063332840852784,22.91817924894528,261.7068025233101,6.372526894230306,25.52276895664358,260.02932778943836,,14.611389023650645,0.6375458043562984,11.575704096552437,16.288863757522392,0.6382091137992455,,,,16.288863757522392,1.0,14.03752292615397
280.733,0.016999999999995907,0.408727,23.038685,276.6867580155692,,,,6.8,22.87,276.3,0.4675543896882397,22.925709382199823,262.0735536323597,6.136281572245117,25.62472938695139,260.4385077761876,,14.613204383209506,0.6374155817640965,11.911838948350772,16.248250239381605,0.6340847543801,,,,16.248250239381605,1.0,14.093601162823266
280.75,0.016999999999995907,0.40095,23.045198,277.0784747216206,,,,6.8,22.87,276.3,0.46390127979545426,22.93365780682452,262.46335825346625,6.136281572245117,25.72904617367953,260.8750148684528,,14.615116468154326,0.6372780387350686,12.257086930326281,16.20345985316777,0.6297730488642713,,,,16.20345985316777,0.0,14.150975395523744
280.767,0.016000000000019554,0.394909,23.051641,277.4703010248955,,,,6.8,22.87,276.3,0.4599926415028621,22.94154412858104,262.8532974699171,6.136281572245117,25.833362960407673,261.31329534609245,,14.617003554978396,0.637141226111639,12.603695161300953,16.157005678803046,0.625431760609927,,,,16.157005678803046,0.0,14.208349628224221
280.783,0.016999999999995907,0.390532,23.058041,277.83917782924794,,,,6.8,22.87,276.3,0.4554447647922685,22.948904010845094,263.22042105503294,6.136281572245117,25.931543465563713,261.72741459750074,,14.618756774215,0.6370132868788214,12.931157253207626,16.111763231747204,0.6213190993873206,,,,16.111763231747204,0.0,14.262348906060044
280.8,0.016999999999995907,0.388112,23.064428,278.23122095812187,,,,6.8,22.87,276.3,0.45054693611295227,22.956646571846562,263.61061823498574,6.136281572245117,26.035860252291855,262.1691375291024,,14.62060272313613,0.6368788523784854,13.280405967533612,16.06208342901948,0.616921556398567,,,,16.06208342901948,0.0,14.319723138760521
280.817,0.016000000000019554,0.386907,23.070816,278.6233723163058,,,,6.8,22.87,276.3,0.4456610306006664,22.96430586976048,264.0009463307393,6.136281572245117,26.140177039019996,262.61263384607844,,14.622425985566508,0.6367458293098855,13.631014930858761,16.010738470227352,0.6124954106595294,,,,16.010738470227352,0.0,14.377097371460998
280.833,0.016999999999995907,0.387448,23.07724,278.9925548964022,,,,6.8,22.87,276.3,0.4402770073903988,22.9714364462501,264.3684322692678,6.136281572245117,26.238357544176036,263.03166212274454,,14.624122627134398,0.6366220354287713,13.962242417918821,15.96089277365769,0.6083038066230038,,,,15.96089277365769,0.0,14.431096649296821
280.85,0.016999999999995907,0.388904,23.083706,279.38492396263814,,,,6.8,22.87,276.3,0.43471653108708197,22.978921155375733,264.75901030888156,6.136281572245117,26.342674330904178,263.4786008936826,,14.625913653756584,0.6364926166403146,14.315491864595284,15.906323068955544,0.6038233958005881,,,,15.906323068955544,0.0,14.4884708819973
280.867,0.01599999999996271,0.392307,23.09026,279.777403161266,,,,6.8,22.87,276.3,0.42938857916292755,22.986311336404214,265.1497147850616,6.136281572245117,26.44699111763232,263.927313049995,,14.627688376204446,0.6363651897918076,14.670101560270902,15.850090111271015,0.5993154397327148,,,,15.850090111271015,0.0,14.545845114697777
280.883,0.016999999999995907,0.397211,23.096918,280.14689753656114,,,,6.8,22.87,276.3,0.4237150558772791,22.993181553670805,265.51755072818133,6.136281572245117,26.54517162278801,264.3512503519174,,14.629346808379807,0.6362471750258619,15.005094442483163,15.79564718464377,0.5950478455782072,,,,15.79564718464377,0.0,14.599844392533408
280.9,0.016999999999995907,0.402924,23.103674,280.5396025395506,,,,6.8,22.87,276.3,0.4180422581146564,23.000384709620718,265.9084960414192,6.136281572245117,26.649488409516152,264.80340496219185,,14.631106498131373,0.6361244249976131,15.362344621510095,15.736197577358723,0.590487792318728,,,,15.736197577358723,0.0,14.657218625233885
280.917,0.016000000000019554,0.408119,23.110512,280.9324232200685,,,,6.8,22.87,276.3,0.41270488324032106,23.007491428008667,266.29956298858895,6.136281572245117,26.753805196244294,265.2573329578407,,14.632860231479526,0.6360041587874242,15.720955049536183,15.675090262227798,0.585901338043243,,,,15.675090262227798,0.0,14.714592857934363
280.933,0.016999999999995907,0.413289,23.117441,281.3022436513009,,,,6.8,22.87,276.3,0.40707544797101236,23.01409470614052,266.66773567766256,6.136281572245117,26.851985701400334,265.6861792850223,,14.634507973638335,0.6358932715147653,16.059713326903033,15.616064366278579,0.5815608774685218,,,,15.616064366278579,0.0,14.768592135770184
280.95,0.016999999999995907,0.418319,23.124453,281.6952998685613,,,,6.8,22.87,276.3,0.4014750267502186,23.021014988756026,267.0590341100691,6.136281572245117,26.956302488128475,266.1435497346332,,14.636265758492186,0.6357784730882137,16.420964238280433,15.551750133928067,0.5769244554507073,,,,15.551750133928067,0.0,14.825966368470663
280.967,0.016000000000019554,0.423202,23.131546,282.08847601665667,,,,6.8,22.87,276.3,0.3962423367995251,23.02784006421078,267.45044937801924,6.136281572245117,27.060619274856617,266.60269356961845,,14.638026638637427,0.6356665061864589,16.783575398657,15.485782447038218,0.5722626777217489,,,,15.485782447038218,0.0,14.88334060117114
280.983,0.016999999999995907,0.428095,23.138727,282.4586349225131,,,,6.8,22.87,276.3,0.39076131795049635,23.03417994159958,267.81894553806615,6.136281572245117,27.158799780012657,267.03644892205796,,14.639689384446967,0.6355637327469073,17.126099071177233,15.422186000455156,0.5678522661301482,,,,15.422186000455156,0.0,14.937339879006963
281.0,0.016999999999995907,0.433737,23.146011,282.8520551412405,,,,6.8,22.87,276.3,0.3853740548463618,23.040822884004736,268.2105830620837,6.136281572245117,27.2631165667408,267.49903521100526,,14.641472079156813,0.6354578633266231,17.491350714905114,15.353019930235234,0.5631425113358062,,,,15.353019930235234,0.0,14.99471411170744
281.017,0.016000000000019554,0.43877,23.15337,283.2456000032369,,,,6.8,22.87,276.3,0.3803889583278817,23.047374242937124,268.6023327376626,6.136281572245117,27.36743335346894,267.9633948853269,,14.643267265574309,0.6353551216387152,17.857962607632153,15.282205117909996,0.5584084163293637,,,,15.282205117909996,0.0,15.052088344407919
281.033,0.016999999999995907,0.444077,23.160822,283.61611008579735,,,,6.8,22.87,276.3,0.37522541357029776,23.053460466270376,268.97113941533667,6.136281572245117,27.46561385862498,268.4020592630242,,14.64497067046068,0.6352612741973295,18.204251675305784,15.214050822773117,0.553930849719402,,,,15.214050822773117,0.0,15.10608762224374
281.05,0.016999999999995907,0.448241,23.167862,284.00990822892373,,,,6.8,22.87,276.3,0.3701357945915787,23.05983929830107,269.36310246333545,6.136281572245117,27.56993064535312,268.8698613913079,,14.646805765588283,0.635165127393901,18.57350405138413,15.140046837615841,0.5491507045255364,,,,15.140046837615841,0.0,15.163461854944218
281.067,0.016000000000019554,0.452293,23.174965,284.4038266537481,,,,6.8,22.87,276.3,0.36542496838688077,23.066131606809126,269.75517321602877,6.136281572245117,27.674247432081263,269.33943690496596,,14.64865343771936,0.6350719612384018,18.94411667646164,15.064389748782162,0.5443468620331415,,,,15.064389748782162,0.0,15.220836087644695
281.083,0.016999999999995907,0.455397,23.18257,284.77468398725256,,,,6.8,22.87,276.3,0.3605272352960188,23.071978406303323,270.1242780961341,6.136281572245117,27.772427937237303,269.7830103079211,,14.650405891118453,0.6349869800119059,19.294171139288665,14.991673679331484,0.5398042156490982,,,,14.991673679331484,0.0,15.274835365480518
281.1,0.016999999999995907,0.457453,23.190191,285.16885348211895,,,,6.8,22.87,276.3,0.35570196390215375,23.078107369303353,270.5165538252267,6.136281572245117,27.876744723965444,270.25602827554115,,14.65229965689224,0.6349004024646125,19.66742424771749,14.912825206577793,0.5349557616660076,,,,14.912825206577793,0.0,15.332209598180995
281.117,0.01599999999996271,0.458084,23.197807,285.56315283107733,,,,6.8,22.87,276.3,0.3512029279135826,23.08415430268969,270.9089330494386,6.136281572245117,27.981061510693586,270.73081962853564,,14.654219781638744,0.6348172685681313,20.042037605145477,14.83233320254169,0.5300847216562239,,,,14.83233320254169,0.0,15.389583830881474
281.133,0.016999999999995907,0.457936,23.205885,285.93437637782847,,,,6.9,23.04,285.6,0.3464949945625805,23.089773549536293,271.2783244722556,-8.0,28.079242015849278,271.17930205674696,,14.656051905572895,0.634742124002651,19.908063713124644,14.755074321081509,0.5254797943887884,,,,14.755074321081509,1.0,15.443583108717105
281.15,0.016999999999995907,0.457391,23.213001,286.3289425945804,,,,6.9,23.05,285.9,0.34180672438497034,23.095663964443855,271.6709006911243,-8.0,27.94324201584931,271.6554931710163,,14.65804190345608,0.6346663999797698,19.389466348855326,14.67344942356408,0.5251162129019012,,,,14.67344942356408,1.0,15.368783108717123
281.167,0.016000000000019554,0.456829,23.220583,286.72362970457976,,,,6.9,23.05,286.3,0.33744376763547607,23.101474678758397,272.06357636959143,-8.0,27.807242015849344,272.1293722852856,,14.660053334988334,0.6345938317291979,18.901987234586,14.594257419294138,0.5248365663511622,,,,14.594257419294138,1.0,15.293983108717141
281.183,0.016999999999995907,0.456205,23.228626,287.0952175066922,,,,6.9,23.06,286.7,0.33290548234328193,23.10687377904057,272.43324315725425,-8.0,27.679242015849187,272.5732641575397,,14.661974349437969,0.634528690018523,18.416476612331856,14.521953349152511,0.5246514099207346,,,,14.521953349152511,1.0,15.223583108717055
281.2,0.016999999999995907,0.455789,23.235716,287.4901700703146,,,,6.9,23.07,287.1,0.32843085245429104,23.112533172240404,272.8261081163401,-8.0,27.54324201584922,273.04265527180905,,14.66406195397451,0.6344636412068827,17.904654248062528,14.447514798505551,0.524539369410181,,,,14.447514798505551,1.0,15.148783108717073
281.217,0.016000000000019554,0.455337,23.243269,287.885243103825,,,,6.9,23.08,287.5,0.3243080902756031,23.118116496732124,273.21906863852627,-8.0,27.407242015849253,273.5097343860784,,14.666174465298752,0.634401789063218,17.39513138379322,14.37550871774664,0.5245149697818361,,,,14.37550871774664,1.0,15.07398310871709
281.233,0.016999999999995907,0.455261,23.250828,288.25719369096146,,,,6.9,23.08,287.9,0.3200557248887824,23.12330542617654,273.58900001391,-8.0,27.279242015849096,273.9472262583325,,14.668193677051477,0.6343467513276226,16.94483951153908,14.30996743262898,0.5245734989379457,,,,14.30996743262898,1.0,15.003583108717004
281.25,0.016999999999995907,0.455297,23.258383,288.65252355217586,,,,6.9,23.09,288.3,0.31593443923813075,23.12874637349965,273.9821424542071,-8.0,27.14324201584913,274.4098173726018,,14.670381097968743,0.6342920995829547,16.439792147269756,14.242706179574043,0.5247238399619922,,,,14.242706179574043,1.0,14.928783108717022
281.267,0.016000000000019554,0.455658,23.265947,289.04798185359226,,,,6.9,23.1,288.7,0.3121976709973782,23.134117258966697,274.375376795083,-8.0,27.00724201584916,274.87009648687115,,14.672605058509248,0.6342409738077298,15.937044283000438,14.177885366721114,0.5249660575634062,,,,14.177885366721114,1.0,14.85398310871704
281.283,0.016999999999995907,0.456256,23.273996,289.4202953298167,,,,6.9,23.11,289.0,0.3084239753887966,23.13911242170266,274.7455626325288,-8.0,26.879242015849005,275.3011883591252,,14.674732697287936,0.6341960067372419,15.464271160746309,14.119106970691519,0.5252792084823807,,,,14.119106970691519,1.0,14.783583108716954
281.3,0.016999999999995907,0.457191,23.281116,289.8160191908086,,,,6.9,23.11,289.4,0.3048171238631787,23.144355629284266,275.13897211096213,-8.0,26.743242015849038,275.75697947339455,,14.677047079846488,0.6341523313475101,14.994880046476988,14.059039717414066,0.5257043895082787,,,,14.059039717414066,1.0,14.708783108716972
281.317,0.016000000000019554,0.458163,23.288725,290.211864226908,,,,6.9,23.12,289.8,0.30160638321616046,23.149537520389938,275.53247020273426,-8.0,26.60724201584907,276.2104585876639,,14.679394024173746,0.6341117618978024,14.498907182207661,14.001405639244126,0.5262253649177147,,,,14.001405639244126,1.0,14.63398310871699
281.333,0.016999999999995907,0.459495,23.296835,290.58454247177247,,,,6.9,23.13,290.2,0.2984363865255968,23.154363222521404,275.902901408678,-8.0,26.479242015848914,276.63515045991795,,14.681641063094446,0.6340766499168566,14.032509059953547,13.949392011854513,0.526804808215629,,,,13.949392011854513,1.0,14.563583108716903
281.35,0.016999999999995907,0.460979,23.30402,290.9806550637999,,,,6.9,23.14,290.6,0.2954717475924881,23.159436641092338,276.29656870751865,-8.0,26.343242015848947,277.0841415741873,,14.684086356281227,0.6340433311847882,13.540999195684222,13.896513489612573,0.5275172084457934,,,,13.896513489612573,1.0,14.488783108716921
281.367,0.01599999999996271,0.463038,23.312199,291.3768900152653,,,,6.9,23.14,291.0,0.29293358804180814,23.16445966080141,276.69032182608464,-8.0,26.20724201584898,277.53082068845663,,14.686568189180662,0.6340129838656706,13.080720081414903,13.846069326808674,0.5283298913496958,,,,13.846069326808674,1.0,14.41398310871694
281.383,0.016999999999995907,0.464932,23.319447,291.74994446812843,,,,6.9,23.15,291.4,0.2904722190120895,23.169146598210066,277.0609906761559,-8.0,26.079242015849278,277.94911256070924,,14.688953791972551,0.6339876926285817,12.62069695916233,13.800831907419195,0.5291883828154185,,,,13.800831907419195,1.0,14.343583108717104
281.4,0.016999999999995907,0.466731,23.3272,292.14644224980236,,,,6.9,23.16,291.7,0.2882608472117363,23.174084625933272,277.45490814156096,-8.0,25.94324201584931,278.3913036749786,,14.691534108241399,0.6339639448714466,12.135962094892996,13.755138574823775,0.5302012202800426,,,,13.755138574823775,1.0,14.268783108717122
281.417,0.016000000000019554,0.468172,23.334974,292.54307209243177,,,,6.9,23.17,292.1,0.28640899563155187,23.17898506033587,277.8489092338942,-8.0,25.807242015849344,278.8311827892479,,14.694162858537595,0.6339433249682017,11.65352673062366,13.711889303183852,0.5313194371859956,,,,13.711889303183852,1.0,14.19398310871714
281.433,0.016999999999995907,0.469726,23.343266,292.9164916024482,,,,6.9,23.17,292.5,0.2847195448497271,23.183567604265978,278.21980965521146,-8.0,25.679242015849187,279.24307466150196,,14.696681947236755,0.6339266759155928,11.228834858369556,13.673416940946254,0.5324696473714856,,,,13.673416940946254,1.0,14.123583108717055
281.45,0.016999999999995907,0.471367,23.350611,293.3133949998551,,,,6.9,23.18,292.9,0.28326709543599904,23.188407836528423,278.61397144645815,-8.0,25.54324201584922,279.6784657757713,,14.699423553396969,0.6339125849874497,10.750874994100226,13.634929224083805,0.5337979108377677,,,,13.634929224083805,1.0,14.048783108717073
281.467,0.016000000000019554,0.473301,23.358969,293.71042349938654,,,,6.9,23.19,293.3,0.2821717305686368,23.193223377150833,279.00821531177434,-8.0,25.407242015849253,280.11154489004065,,14.7022081876122,0.6339010299920756,10.275214629830895,13.598878609345888,0.5352363157269409,,,,13.598878609345888,1.0,13.973983108717091
281.483,0.016999999999995907,0.47524,23.366875,294.084227585915,,,,6.9,23.19,293.3,0.28128504961619727,23.197738124839937,279.3793430037907,-8.0,25.279242015849096,280.5170367622947,,14.704884582124294,0.6338930331478495,9.856922757576797,13.567190823620308,0.5366929441600429,,,,13.567190823620308,0.0,13.903583108717005
281.5,0.016999999999995907,0.47918,23.374395,294.4815331330949,,,,6.9,23.19,293.3,0.2807091742762956,23.20251997068341,279.7737451976026,-8.0,25.14324201584913,280.94562787656406,,14.70778793549232,0.6338875240308268,9.41473164330747,13.535905256530839,0.5383516273676415,,,,13.535905256530839,0.0,13.828783108717023
281.517,0.016000000000019554,0.486596,23.382582,294.8789670896048,,,,6.9,23.19,293.3,0.28057441391038196,23.20729202664611,280.16822859957983,-8.0,25.00724201584916,281.3719069908334,,14.710738490024994,0.633884318477763,8.974852529038138,13.507060098771433,0.5401259399261578,,,,13.507060098771433,0.0,13.75398310871704
281.533,0.016999999999995907,0.495965,23.39094,295.2531506858933,,,,6.9,23.19,293.3,0.28092530202440574,23.21178121726868,280.53958118553163,-8.0,24.879242015849005,281.7709988630874,,14.713569500361643,0.6338836887457525,8.562960656784055,13.48215182280586,0.5419036405617674,,,,13.48215182280586,0.0,13.683583108716954
281.55,0.016999999999995907,0.505453,23.399452,295.65086833283567,,,,6.9,23.19,293.3,0.2817626703241778,23.21655694740309,280.93422205993124,-8.0,24.743242015849038,282.19278997735677,,14.716646272904427,0.6338858214956189,8.127569542514726,13.458078355478904,0.5439092559842589,,,,13.458078355478904,0.0,13.608783108716972
281.567,0.016000000000019554,0.515539,23.408146,296.0487320547941,,,,6.9,23.19,293.3,0.28302090899834204,23.2213469127986,281.32894424274286,-8.0,24.60724201584907,282.6122690916261,,14.719787812051209,0.6338903538768588,7.694490428245393,13.436462963167969,0.546036933131872,,,,13.436462963167969,0.0,13.53398310871699
281.583,0.016999999999995907,0.526484,23.417034,296.42332837978654,,,,6.9,23.19,293.3,0.28488630152765937,23.225875247342582,281.70052202002444,-8.0,24.479242015848914,283.00496096388014,,14.722806359762103,0.633896729529994,7.288998555991315,13.418367415906403,0.5481528965324488,,,,13.418367415906403,0.0,13.463583108716904
281.6,0.016999999999995907,0.537777,23.426113,296.8214940347244,,,,6.9,23.19,293.3,0.28727507840384925,23.23071831446855,282.0954030652997,-8.0,24.343242015848947,283.4199520781495,,14.726090969424718,0.6339059675246037,6.860407441721984,13.401541956574931,0.5505241227873306,,,,13.401541956574931,0.0,13.388783108716922
281.617,0.01599999999996271,0.548274,23.435347,297.2198156645008,,,,6.9,23.19,293.3,0.28998683319978197,23.235601990801413,282.4903667878944,-8.0,24.20724201584898,283.83263119241883,,14.729448876606398,0.6339172483001534,6.434128327452656,13.38718447208197,0.5530239447896256,,,,13.38718447208197,0.0,13.31398310871694
281.633,0.016999999999995907,0.556741,23.444687,297.59485139557194,,,,6.9,23.19,293.3,0.2933054923858565,23.2402417801326,282.86217353806103,-8.0,24.079242015849278,284.2189230646715,,14.732677857510907,0.6339296293425588,6.035036455200002,13.375928330900422,0.5554962370533179,,,,13.375928330900422,0.0,13.243583108717104
281.65,0.016999999999995907,0.562561,23.454086,297.99349152364636,,,,6.9,23.19,293.3,0.29696575947194914,23.24522797350316,283.2573000309668,-8.0,23.94324201584931,284.6271141789409,,14.736191492679552,0.6339448040465375,5.613245340930662,13.366377344705484,0.558252609895417,,,,13.366377344705484,0.0,13.168783108717122
281.667,0.016000000000019554,0.566095,23.46352,298.39229227571076,,,,6.9,23.19,293.3,0.30066384578694577,23.250276391414182,283.65251181806855,-8.0,23.807242015849344,285.0329932932102,,14.739780457642212,0.6339615155321461,5.193766226661326,13.359298982500547,0.5611443347199468,,,,13.359298982500547,0.0,13.09398310871714
281.683,0.016999999999995907,0.568047,23.473553,298.76778105587124,,,,6.9,23.19,293.3,0.3048491043919031,23.25508701294678,284.0245547253039,-8.0,23.679242015849187,285.4128851654642,,14.743226330567325,0.6339785493969273,4.801074354407262,13.354895890407022,0.5639916970935224,,,,13.354895890407022,0.0,13.023583108717053
281.7,0.016999999999995907,0.568667,23.482405,299.16691353966263,,,,6.9,23.19,293.3,0.30918461746060893,23.26026944772144,284.4199352552195,-8.0,23.54324201584922,285.8142762797336,,14.746978284443117,0.6339986008153367,4.38608324013792,13.352637259929054,0.567153718716399,,,,13.352637259929054,0.0,12.948783108717071
281.717,0.016000000000019554,0.568563,23.491835,299.56619659704404,,,,6.9,23.19,293.3,0.31340484024368676,23.26552558621827,284.81540451300793,-8.0,23.407242015849253,286.2133553940029,,14.750792084036107,0.6340192930252987,3.9734041258685826,13.352841203041123,0.5704576897184126,,,,13.352841203041123,0.0,12.87398310871709
281.733,0.016999999999995907,0.566215,23.501768,299.9421387331085,,,,6.9,23.19,293.3,0.3180058583291235,23.270540063662175,285.18769303820744,-8.0,23.279242015849096,286.58684726625694,,14.754445694901051,0.634039676541099,3.587112253614524,13.355291466851554,0.5736995842802327,,,,13.355291466851554,0.0,12.803583108717003
281.75,0.016999999999995907,0.560499,23.510386,300.3417506071759,,,,6.9,23.19,293.3,0.3225583932510227,23.275946163253767,285.5833381711361,-8.0,23.14324201584913,286.9814383805263,,14.758412436039805,0.6340628360508594,3.178921139345188,13.360312226649626,0.5772878414139262,,,,13.360312226649626,0.0,12.728783108717021
281.767,0.016000000000019554,0.552057,23.52001,300.74150816128133,,,,6.9,23.19,293.3,0.3267659686840444,23.281429655939032,285.97907586559916,-8.0,23.00724201584916,287.37371749479564,,14.762432295682174,0.6340861585326362,2.7730420250758487,13.36779066648569,0.5810253422499283,,,,13.36779066648569,0.0,12.65398310871704
281.783,0.016999999999995907,0.546981,23.528473,301.1178989845778,,,,7.0,23.36,300.7,0.33121971465973216,23.286657911437985,286.3516205661386,-7.72509176311484,22.879242015849005,287.7408093670496,,14.766278418439185,0.6341089594993473,1.8985564028218112,13.377089617528156,0.5846823775132726,,,,13.377089617528156,1.0,12.583583108716955
281.8,0.016999999999995907,0.546658,23.537575,301.5179620643322,,,,6.9,23.37,301.1,0.33580239523642813,23.2922886465872,286.74754161188173,-7.444091064659373,22.747915455876086,288.1286402055592,,14.77042045245048,0.6341334969938496,1.4817138948179909,13.38932185877303,0.5885955521834152,,,,13.38932185877303,1.0,12.511353500731849
281.817,0.016000000000019554,0.551647,23.546831,301.9181798314131,,,,6.9,23.38,301.5,0.3403774715210832,23.297997287306217,287.14355904231974,-7.171749664557584,22.62136590777691,288.5142790971501,,14.774620789093376,0.6341584045570837,1.0809988116234073,13.403900734263004,0.5925327758238919,,,,13.403900734263004,1.0,12.441751249277301
281.833,0.016999999999995907,0.562234,23.556917,302.2949997382296,,,,7.0,23.39,301.9,0.34571190564819576,23.303443326850562,287.5163705672334,-6.868205687488317,22.50661791314385,288.87530296771797,,14.778629170996169,0.6341822092003039,0.7166461593298545,13.41969677051162,0.5962555912354351,,,,13.41969677051162,1.0,12.378639852229117
281.85,0.016999999999995907,0.575052,23.566069,302.6955485700425,,,,7.0,23.4,302.3,0.35150907822235233,23.30932042924658,287.9125790591601,-6.557906486884495,22.389858416456576,289.2569230165195,,14.782969510882367,0.6342085156774429,0.3480958359563715,13.438625553522968,0.600210385593397,,,,13.438625553522968,1.0,12.314422129051119
281.867,0.01599999999996271,0.590919,23.576109,303.0962548380564,,,,7.0,23.41,302.7,0.357494410811303,23.315296083576357,288.308888299519,-6.260138297161858,22.27837400617957,289.6366029921119,,14.787366538537356,0.6342345593866937,-0.0035470769309502437,13.459651845944506,0.6041577290250658,,,,13.459651845944506,1.0,12.253105703398763
281.883,0.016999999999995907,0.608435,23.587076,303.47354821968753,,,,7.0,23.42,303.1,0.3644948175291159,23.321015994149324,288.68197879613996,-5.93453737413315,22.178211793425213,289.9922556785079,,14.791569423547571,0.6342592204069676,-0.32113642353090954,13.481292541179641,0.6078620164127121,,,,13.481292541179641,1.0,12.198016486383867
281.9,0.016999999999995907,0.623878,23.597641,303.87461643054496,,,,7.0,23.43,303.5,0.3720141435767474,23.327212406047316,289.07848873754153,-5.604355543189416,22.077324658064974,290.3684277383455,,14.796127693003427,0.6342861476739372,-0.6395572805932659,13.506188692199487,0.6117674537736889,,,,13.506188692199487,1.0,12.142528561935737
281.917,0.016000000000019554,0.636528,23.607721,304.2758664779159,,,,7.0,23.44,303.9,0.37946162418741003,23.33353664648812,289.475105104488,-5.289921961141741,21.982050613830776,290.74293242815645,,14.80076137342786,0.634312817540906,-0.9407356143033039,13.532934049759433,0.6156356514457625,,,,13.532934049759433,1.0,12.090127837606927
281.933,0.016999999999995907,0.648522,23.619312,304.65367148950037,,,,7.0,23.45,304.3,0.3878140984982947,23.339608032475127,289.84849026192023,-4.948655374617566,21.897411862452405,291.0939681279671,,14.805181227580135,0.6343371836827746,-1.2106246716377975,13.559703361533252,0.6192377184439838,,,,13.559703361533252,1.0,12.043576524348824
281.95,0.016999999999995907,0.657722,23.630352,305.0552935049293,,,,7.0,23.46,304.7,0.3964590515327765,23.346200872149595,290.24531963760944,-4.604974208769736,21.813284721083924,291.46550904892706,,14.809973867319854,0.6343633359630316,-1.478184632699525,13.589784456002235,0.6230049545388662,,,,13.589784456002235,1.0,11.99730659659616
281.967,0.016000000000019554,0.664334,23.640778,305.4571045297582,,,,7.1,23.47,305.1,0.4047597552638701,23.35294067602565,290.6422623407688,-4.277224118627252,21.73500015953486,291.83566947041226,,14.814842188989417,0.6343887219393519,-1.7284167381102375,13.62143505934597,0.6267050820963728,,,,13.62143505934597,1.0,11.954250087744173
281.983,0.016999999999995907,0.66843,23.651918,305.83544201251067,,,,7.1,23.48,305.5,0.4137243032704862,23.35941683210988,291.01596120083434,-3.923938798176603,21.66656457363674,292.1828819882781,,14.819480811676328,0.6344114203786738,-1.9502422661631633,13.65256002423257,0.630121124086493,,,,13.65256002423257,1.0,11.916610515500208
282.0,0.016999999999995907,0.670561,23.663082,306.2376212066456,,,,7.1,23.49,305.8,0.42273928103521624,23.366450145265475,291.4131310701419,-3.58782919544959,21.599857614067755,292.55064657687353,,14.824490136503698,0.6344348433049187,-2.1666549293431716,13.686974629772067,0.633660409912049,,,,13.686974629772067,1.0,11.879921687737266
282.017,0.016000000000019554,0.67338,23.675013,306.63999049671,,,,7.1,23.5,306.2,0.4313094213206476,23.373636713043073,291.81042180843747,-3.2712110983337297,21.538864517745125,292.91732571499386,,14.829568688272559,0.6344570539165302,-2.3665707536142393,13.722664781716162,0.6371118018041542,,,,13.722664781716162,1.0,11.84637548475982
282.033,0.016999999999995907,0.677893,23.686346,307.0188768973505,,,,7.1,23.5,306.2,0.4405474000375968,23.38053766378421,292.18445520345256,-3.2712110983337297,21.48652514017172,293.2615288322576,,14.834421693897923,0.6344773549359398,-2.5125498235308648,13.757348065092856,0.6402779404926574,,,,13.757348065092856,0.0,11.817588827094449
282.05,0.016999999999995907,0.683896,23.697094,307.4216427348889,,,,7.1,23.5,306.2,0.4498914120893716,23.388026969584846,292.58198800283606,-3.2712110983337297,21.430914551500063,293.6263270696367,,14.83965473205285,0.634497931413847,-2.667277387743923,13.79531566525219,0.6437110106571062,,,,13.79531566525219,0.0,11.787003003325035
282.067,0.016000000000019554,0.691612,23.708694,307.8245921558608,,,,7.1,23.5,306.2,0.45884870704816155,23.395675123590365,292.9796494706279,-3.2712110983337297,21.375303962828404,293.9901799270084,,14.844942685232866,0.6345165337957864,-2.8216183847604275,13.834412228852386,0.6472147602162941,,,,13.834412228852386,0.0,11.756417179555623
282.083,0.016999999999995907,0.700315,23.721172,308.20401978619725,,,,7.1,23.5,306.2,0.468618821336018,23.403016702903145,293.35403900524034,-3.2712110983337297,21.322964585255,294.3317660753935,,14.849980780956912,0.634532760005883,-2.9665273724720636,13.872253710803761,0.6505780964620902,,,,13.872253710803761,0.0,11.727630521890251
282.1,0.016999999999995907,0.707671,23.732294,308.60738090571465,,,,7.1,23.5,306.2,0.47849670501411096,23.410983222865855,293.75195800460926,-3.2712110983337297,21.267353996583342,294.69378378333903,,14.855422901105385,0.6345492950759912,-3.120117974342323,13.91359712237562,0.6542232345693252,,,,13.91359712237562,0.0,11.69704469812084
282.117,0.01599999999996271,0.715181,23.745014,309.0109321621741,,,,7.1,23.5,306.2,0.48794497479004406,23.419117666851093,294.15001386217176,-3.2712110983337297,21.211743407911683,295.0548561112771,,14.86091830000231,0.6345635438280153,-3.2733220090160335,13.956076050896968,0.65794101797835,,,,13.956076050896968,0.0,11.666458874351427
282.133,0.016999999999995907,0.721298,23.757076,309.3909439293412,,,,7.1,23.5,306.2,0.4980974612442698,23.426924786447717,294.5247822017973,-3.2712110983337297,21.159404030338465,295.3938252907823,,14.866161727543897,0.6345758934669842,-3.4171609145221744,13.997118638558902,0.6615081700075182,,,,13.997118638558902,0.0,11.637672216686157
282.15,0.016999999999995907,0.726341,23.768457,309.7949184489021,,,,7.1,23.5,306.2,0.5082537539816281,23.43539244328887,294.92311189824994,-3.2712110983337297,21.103793441666806,295.7530624692942,,14.871806550652138,0.6345874764692041,-3.5696145540496396,14.041855979607874,0.665371181651351,,,,14.041855979607874,0.0,11.607086392916743
282.167,0.016000000000019554,0.731446,23.781435,310.1990871741765,,,,7.1,23.5,306.2,0.5178665531563185,23.444032757106555,295.32158701245316,-3.2712110983337297,21.048182852995147,296.11135426779873,,14.877500161723333,0.6345964585471559,-3.7216816263805512,14.087732906377767,0.6693087476847479,,,,14.087732906377767,0.0,11.576500569147331
282.183,0.016999999999995907,0.7359,23.79372,310.579683759265,,,,7.1,23.5,306.2,0.5281154129163399,23.452318621957065,295.6967578234861,-3.2712110983337297,20.995843475421744,296.4477064784265,,14.882925935778871,0.6346036046877189,-3.864450449682211,14.131977280838498,0.6730845225333167,,,,14.131977280838498,0.0,11.54771391148196
282.2,0.016999999999995907,0.739836,23.8053,310.9842833368149,,,,7.1,23.5,306.2,0.538303942741926,23.46129658397664,296.09552355273644,-3.2712110983337297,20.940232886750085,296.8041631275048,,14.888759784078445,0.6346094185709676,-4.015767126866878,14.180120209310076,0.6771710842949858,,,,14.180120209310076,0.0,11.517128087712548
282.217,0.016000000000019554,0.744138,23.818491,311.3890803431168,,,,7.1,23.5,306.2,0.5478969032110939,23.470447751003253,296.49444337958363,-3.2712110983337297,20.884622298078426,297.1596743965757,,14.894636963533173,0.6346123909330403,-4.166697236854996,14.229405946541078,0.6813341291716974,,,,14.229405946541078,0.0,11.486542263943136
282.233,0.016999999999995907,0.748068,23.830975,311.7702714487813,,,,7.1,23.5,306.2,0.5580822994522483,23.47921410145464,296.87004067440375,-3.2712110983337297,20.832282920505023,297.4934096383248,,14.900230774377519,0.6346136932008463,-4.308395977951669,14.276861810456467,0.6853239208077327,,,,14.276861810456467,0.0,11.457755606277763
282.25,0.016999999999995907,0.751911,23.843519,312.1755061196072,,,,7.1,23.5,306.2,0.5682080868505773,23.48870150054533,297.26926795702065,-3.2712110983337297,20.776672331833364,297.8470857579696,,14.906238162586533,0.6346131207908815,-4.458575692793535,14.328420361637598,0.6896398101097279,,,,14.328420361637598,0.0,11.42716978250835
282.267,0.016000000000019554,0.755583,23.856123,312.5809545937466,,,,7.2,23.68,312.2,0.5776684474582605,23.498361038021788,297.66865798859834,-2.7346012539045783,20.721061743161705,298.19981649760695,,14.912296605148242,0.634610072635246,-5.139143840438853,14.381138096139637,0.6940348074048691,,,,14.381138096139637,1.0,11.396583958738939
282.283,0.016999999999995907,0.759072,23.868782,312.962749276371,,,,7.2,23.7,312.6,0.5876746705532951,23.50760373318113,298.0447057067684,-2.1684718149567286,20.677308123099177,298.53100345653746,,14.918043569602617,0.6346050298842542,-5.3159522365911265,14.431745819833566,0.6979509002775596,,,,14.431745819833566,1.0,11.372519467704548
282.3,0.016999999999995907,0.762339,23.881493,313.3686282562749,,,,7.2,23.71,313.0,0.597577919653024,23.517594202580536,298.4444198892223,-1.6124535868227718,20.64044410224492,298.8822043504528,,14.924208367052643,0.6345975799435744,-5.444466043656943,14.486423905822107,0.7018465220061092,,,,14.486423905822107,1.0,11.352244256234707
282.317,0.016000000000019554,0.765362,23.894249,313.77472379526034,,,,7.2,23.72,313.4,0.6067867802546884,23.527753027214636,298.8443053406754,-1.0993878860694788,20.61303239126894,299.2328589006476,,14.930418454584924,0.6345875204196021,-5.547527738154189,14.54186489461273,0.7054694631330529,,,,14.54186489461273,1.0,11.337167815197919
282.333,0.016999999999995907,0.768143,23.907049,314.1571297455968,,,,7.2,23.73,313.8,0.6164823142097934,23.537461615698724,299.2208270578192,-0.5610268313462959,20.59544218509181,299.56252669725893,,14.93630268777764,0.6345757640159299,-5.624247106524614,14.594603048337888,0.7086326633424903,,,,14.594603048337888,1.0,11.327493201800495
282.35,0.016999999999995907,0.770904,23.919897,314.5636605752602,,,,7.2,23.75,314.2,0.6260366323703842,23.54794181504029,299.6210529869804,-0.03473093300726715,20.585904728958923,299.91256814602826,,14.942607588279827,0.6345610884232712,-5.709098682743276,14.651092429231937,0.7117050536341852,,,,14.651092429231937,1.0,11.322247600927408
282.367,0.01599999999996271,0.773543,23.931984,314.9704102198881,,,,7.2,23.76,314.6,0.6348537129955876,23.558584437790582,300.02145846012934,0.44819420959011114,20.5853143030978,300.2625235078006,,14.948951759758756,0.6345437179909239,-5.740370759857549,14.707886712087486,0.7144844375717964,,,,14.707886712087486,1.0,11.32192286670379
282.383,0.016999999999995907,0.776491,23.945732,315.3534209773912,,,,7.2,23.77,315.0,0.6441511922178387,23.568742097198488,300.3984770724084,0.9524511284278149,20.592485410451225,300.5919459055082,,14.95494390498277,0.6345244834581306,-5.750904247726964,14.761475071882955,0.7168379521779882,,,,14.761475071882955,1.0,11.325866975748175
282.4,0.016999999999995907,0.778836,23.957895,315.7606106243406,,,,7.2,23.79,315.4,0.6532405696991118,23.579692667466187,300.7992387679079,1.4425267708499072,20.608677079634493,300.9421557866738,,14.961371856432663,0.6345024113514187,-5.76704035624579,14.818454837666764,0.7190395958171604,,,,14.818454837666764,1.0,11.334772393798971
282.417,0.016000000000019554,0.781003,23.9709,316.1680073811425,,,,7.2,23.8,315.8,0.6616196016089658,23.59079775715107,301.20018793651707,1.8894643872044177,20.633200034738934,301.2927117421459,,14.967819444625434,0.6344770362879417,-5.731121016929187,14.87529563899659,0.7209398258123757,,,,14.87529563899659,1.0,11.348260019106414
282.433,0.016999999999995907,0.782853,23.984743,316.551641749527,,,,7.2,23.81,316.2,0.6704027753846776,23.601383670776826,301.577725387941,2.3536796597457075,20.66343146493424,301.6230847941437,,14.97391636158602,0.634450783499049,-5.679825609379416,14.928556955383272,0.722462625857519,,,,14.928556955383272,1.0,11.364887305713834
282.45,0.016999999999995907,0.784325,23.997795,316.9594955027854,,,,7.2,23.82,316.6,0.6789695613313094,23.612780517958363,301.9790457835451,2.801476369913855,20.70344401914991,301.97470323575834,,14.980449719240312,0.634421249452056,-5.602143457205379,14.984792267027046,0.7237825867602837,,,,14.984792267027046,1.0,11.386894210532452
282.467,0.016000000000019554,0.785578,24.010866,317.3675713527478,,,,7.2,23.82,316.6,0.6868179712263512,23.624323000500993,302.3805611634519,2.801476369913855,20.751069117438433,302.3270665974193,,14.987010189295916,0.6343889807542037,-5.473988743461968,15.040504755328527,0.7248062579430686,,,,15.040504755328527,0.0,11.413088014591139
282.483,0.033999999999991815,0.786691,24.023136,317.7518457627323,,,,7.2,23.82,316.6,0.7030521307312428,23.635312088040628,302.7586382441607,2.801476369913855,20.79589273935711,302.65944229227404,,14.99320751857158,0.6343562320109191,-5.35311354938643,15.092403470458237,0.7257396284745796,,,,15.092403470458237,0.0,11.437741006646412
282.517,0.016000000000019554,0.788912,24.050186,318.56908709413005,,,,7.2,23.82,316.6,0.7102398381642377,23.659215860485485,303.56264521928546,2.801476369913855,20.89114293593416,303.3681218987538,,15.006441874844597,0.6342746929287565,-5.095419883304606,15.200965195376227,0.7276272649128044,,,,15.200965195376227,0.0,11.490128614763789
282.533,0.016999999999995907,0.789887,24.063328,318.95399105086653,,,,7.2,23.82,316.6,0.7176761492124135,23.670579697896127,303.941283583753,2.801476369913855,20.935966557852836,303.7027387747045,,15.012707467113557,0.6342348881488487,-4.9737598622439485,15.251252276162006,0.72847137169511,,,,15.251252276162006,0.0,11.514781606819062
282.55,0.016999999999995907,0.790776,24.076479,319.36318176553795,,,,7.2,23.82,316.6,0.724857337626137,23.682780192432734,304.3437871428207,2.801476369913855,20.98359165614136,304.05905501952344,,15.019394622717243,0.6341905173581069,-4.844220909905536,15.304126746014504,0.7293378081695264,,,,15.304126746014504,0.0,11.54097541087775
282.567,0.016000000000019554,0.791788,24.089655,319.77259617566983,,,,7.2,23.82,316.6,0.7313771262791086,23.695102767172376,304.74649914797726,2.801476369913855,21.031216754429884,304.41618089101325,,15.026097027692572,0.6341435686242306,-4.714398438818748,15.356415284656578,0.7301724604888586,,,,15.356415284656578,0.0,11.567169214936438
282.583,0.016999999999995907,0.792832,24.102846,320.1581320045343,,,,7.2,23.82,316.6,0.7380992067103612,23.706804801192856,305.1257144085247,2.801476369913855,21.076040376348562,304.7530389480599,,15.032417596009623,0.6340971599535521,-4.591953590772971,15.405093056474414,0.7309291869530645,,,,15.405093056474414,0.0,11.59182220699171
282.6,0.016999999999995907,0.794273,24.11607,320.5679949507582,,,,7.2,23.82,316.6,0.7445766234474956,23.719352487706928,305.5288367454802,2.801476369913855,21.123665474637086,305.1117364477932,,15.039158205278,0.6340459004128537,-4.46158075976287,15.456258502965,0.7317034309941677,,,,15.456258502965,0.0,11.618016011050399
282.617,0.01599999999996271,0.796022,24.12933,320.9780829132066,,,,7.2,23.82,316.6,0.7504496002829681,23.73201029030553,305.9321733290932,2.801476369913855,21.17129057292561,305.4712435741974,,15.045909584113417,0.6339922071523639,-4.3309244100043935,15.506839339009218,0.7324465783318738,,,,15.506839339009218,0.0,11.644209815109086
282.633,0.016999999999995907,0.798559,24.142643,321.3642540840217,,,,7.2,23.82,316.6,0.7565243505462939,23.74401748391003,306.311981551286,2.801476369913855,21.216114194844128,305.8103428123388,,15.052272532735685,0.6339395825889933,-4.207694734973934,15.55391127168292,0.7331178145460201,,,,15.55391127168292,0.0,11.66886280716427
282.65,0.016999999999995907,0.800875,24.155157,321.77479440679707,,,,7.2,23.82,316.6,0.7623408674834089,23.756878397869315,306.715739166281,2.801476369913855,21.26373929313265,306.1714215669865,,15.059055240516045,0.633881900993636,-4.076488025292145,15.603372839810561,0.7338019256495415,,,,15.603372839810561,0.0,11.69505661122296
282.667,0.016000000000019554,0.80354,24.169388,322.18554780223445,,,,7.2,24.0,321.8,0.7676458931205055,23.76983819261653,307.1197162573,3.2381830338801936,21.311364391421176,306.53330994830515,,15.06583154493444,0.6338213757641077,-4.482972796861979,15.652237853929307,0.7344549868534024,,,,15.652237853929307,1.0,11.721250415281647
282.683,0.016999999999995907,0.806256,24.182837,322.5723608633549,,,,7.2,24.01,322.2,0.7731202319713382,23.78212052690647,307.50013192705666,3.6870853065640024,21.36317531996332,306.8747062659966,,15.072228936298245,0.6337630372046058,-4.369609983535551,15.69765459735828,0.7347996897581623,,,,15.69765459735828,1.0,11.749746425979827
282.7,0.016999999999995907,0.809828,24.196358,322.9835855963468,,,,7.2,24.02,322.6,0.7784066187003307,23.79526357084998,307.90453969188746,4.115008115255696,21.425855770174895,307.2384130302627,,15.079045904459349,0.6336994696260352,-4.2257334552114525,15.745172566084136,0.7348678500861398,,,,15.745172566084136,1.0,11.784220673596193
282.717,0.016000000000019554,0.814374,24.209955,323.39504070249274,,,,7.2,24.04,323.0,0.7832307694474332,23.808496483367882,308.30917165234825,4.498123749014686,21.495810908134224,307.6032471970282,,15.085869050144481,0.6336338399479847,-4.091150996795184,15.791793505464511,0.7346451628623484,,,,15.791793505464511,1.0,11.822695999473824
282.733,0.016999999999995907,0.802088,24.222925,323.7825042223652,,,,7.2,24.05,323.4,0.7877445729485352,23.821028175679057,308.6902078496211,4.889052717009482,21.56778088811855,307.94775593139866,,15.092296372744102,0.6335703170089496,-3.920304883819913,15.834748290966559,0.7341853282499613,,,,15.834748290966559,1.0,11.862279488465203
282.75,0.016999999999995907,0.75337,24.234604,324.1944098490811,,,,7.2,24.06,323.8,0.7905358482797018,23.83441983341918,309.0952791576983,5.258024358329226,21.650894784307688,308.31511467461416,,15.099130691382811,0.633501079401636,-3.7175577114966067,15.87929517446696,0.7334244303831768,,,,15.87929517446696,1.0,11.90799213136923
282.767,0.016000000000019554,0.695031,24.245428,324.606506979046,,,,7.2,24.07,324.2,0.7913106720282768,23.84785894283993,309.5005785272964,5.584453653951292,21.740281198399263,308.6839396704671,,15.105928451749605,0.6334291261935278,-3.496288968568047,15.922567308578891,0.732399326543728,,,,15.922567308578891,1.0,11.957154659119595
282.783,0.016999999999995907,0.666887,24.256397,324.9945227910145,,,,7.1,24.09,324.6,0.7911337652473627,23.860519913592398,309.8822455581483,5.9120869675431535,21.829632456862594,309.03249897970966,,15.112277232866177,0.6333590922407901,-3.304239679206937,15.962023811304846,0.7312090042215463,,,,15.962023811304846,1.0,12.006297851274427
282.8,0.016999999999995907,0.686653,24.268377,325.4069779051859,,,,7.1,24.1,325.0,0.7913381896495276,23.8739691876016,310.2879887155084,6.217265114241046,21.930137935310803,309.404457028043,,15.118989189677507,0.6332834339724794,-3.0494268401090485,16.0025208771429,0.729704524629389,,,,16.0025208771429,1.0,12.061575864420943
282.817,0.016000000000019554,0.74355,24.281698,325.8196395355443,,,,7.1,24.11,325.4,0.7929035331778552,23.88742193682564,310.6939605400659,6.483298374604741,22.035831442252874,309.77816776775217,,15.125678995478381,0.6332068414699928,-2.7785563963134376,16.04147176779213,0.7279721579750885,,,,16.04147176779213,1.0,12.119707293239081
282.833,0.016999999999995907,0.813616,24.296223,326.2082418779448,,,,7.1,24.12,325.8,0.7964257683319963,23.9001083933565,311.07626078270783,6.748895390196179,22.139564216246676,310.1315709330206,,15.131981095236938,0.6331344128733394,-2.5119245980434406,16.07667094492416,0.7261511919519453,,,,16.07667094492416,1.0,12.176760318935672
282.85,0.016999999999995907,0.876238,24.3116,326.6213952364567,,,,7.2,24.14,326.2,0.801509039652778,23.91364763141814,311.4826777089183,6.9950096901233865,22.254295437879982,310.5089187400806,,15.138717527538404,0.6330576481209379,-2.2424413664341407,16.112476496376075,0.7240164731951183,,,,16.112476496376075,1.0,12.23986249083399
282.867,0.01599999999996271,0.924437,24.327578,327.0348190528476,,,,7.3,24.15,326.6,0.8073383733410202,23.927273285092234,311.8893255367085,7.207827964203559,22.37321060261205,310.88825254142466,,15.145493516139084,0.6329803373615248,-1.9290506479367733,16.146566511422918,0.7216919734147509,,,,16.146566511422918,1.0,12.305265831436628
282.883,0.016999999999995907,0.95878,24.342983,327.42417862878267,,,,7.3,24.15,326.6,0.8142335506929358,23.94019069906566,312.2722652485809,7.207827964203559,22.48853585003904,311.24714651304504,,15.15191338020179,0.6329069626330562,-1.5941623725904033,16.17703211573763,0.7193457245776874,,,,16.17703211573763,0.0,12.368694717521473
282.9,0.016999999999995907,0.988629,24.359829,327.8381478834926,,,,7.3,24.15,326.6,0.8216702062349113,23.954032669427438,312.679366147213,7.207827964203559,22.61106892543047,311.6304931536364,,15.158781736279593,0.6328279645216801,-1.236521985546489,16.207654729856188,0.71680179222432,,,,16.207654729856188,0.0,12.436087908986758
282.917,0.016000000000019554,1.017505,24.378212,328.25240783338296,,,,7.3,24.15,326.6,0.8291850656738827,23.96800106293343,313.08670343393794,7.207827964203559,22.7336020008219,312.0159228565094,,15.16570439944502,0.632747985934414,-0.8770048041819622,16.236484976873555,0.7142064410332577,,,,16.236484976873555,0.0,12.503481100452046
282.933,0.016999999999995907,1.045545,24.396019,328.6425894660234,,,,7.3,24.15,326.6,0.8377047653874051,23.981268023984228,313.4702975866337,7.207827964203559,22.848927248249296,312.3805830905024,,15.172291879389718,0.632672628662319,-0.5369212504382461,16.262006375521025,0.7117185939995075,,,,16.262006375521025,0.0,12.566909986537114
282.95,0.016999999999995907,1.074829,24.414324,329.05747287027583,,,,7.3,24.15,326.6,0.8467244359373383,23.99550900499581,313.87810019137993,7.207827964203559,22.971460323640727,312.7700563848633,,15.179372678895902,0.6325922353110155,-0.17376088009841606,16.287416485412507,0.7090283445606879,,,,16.287416485412507,0.0,12.634303178002401
282.967,0.016000000000019554,1.103381,24.433081,329.47267169106624,,,,7.3,24.15,326.6,0.8556545917430629,24.009903320406742,314.28614619614575,7.207827964203559,23.093993399032158,313.1616127415059,,15.186525494920488,0.6325108973684622,0.19127628456202217,16.311058949560334,0.7062901018341813,,,,16.311058949560334,0.0,12.701696369467689
282.983,0.016999999999995907,1.129996,24.452248,329.8637422198347,,,,7.3,24.15,326.6,0.8656142283055324,24.02359379387465,314.67041417306046,7.207827964203559,23.209318646459554,313.5320392378703,,15.19332804677424,0.6324336057766727,0.536555116701904,16.331702981964384,0.7036700745394647,,,,16.331702981964384,0.0,12.765125255552755
283.0,0.016999999999995907,1.154157,24.471783,330.2795937202566,,,,7.3,24.15,326.6,0.8758978788775401,24.03830923575584,315.07894034881224,7.207827964203559,23.331851721850985,313.9276391860008,,15.200653371444389,0.6323511866980287,0.9052354703376455,16.35195453425581,0.7008425533127193,,,,16.35195453425581,0.0,12.832518447018042
283.017,0.016000000000019554,1.175546,24.491631,330.69578080694305,,,,7.3,24.15,326.6,0.8857989002908189,24.053199499696753,315.4877181730635,7.207827964203559,23.454384797242415,314.32532219641297,,15.208062633879535,0.6322677627178567,1.2757926182940031,16.37045861053008,0.697970070502757,,,,16.37045861053008,0.0,12.89991163848333
283.033,0.016999999999995907,1.19441,24.511761,331.0877973728315,,,,7.6,24.33,330.7,0.8965488843540043,24.067372282101424,315.8726827473184,7.326158535412441,23.56971004466981,314.70151495514875,,15.215114625513138,0.6321884436394584,1.0808667288300562,16.386282417682764,0.6952263047202166,,,,16.386282417682764,1.0,12.963340524568398
283.05,0.016999999999995907,1.211287,24.532145,331.50466990207644,,,,7.6,24.35,331.1,0.9073956383606404,24.08261361313544,316.28195762742774,7.422881154030899,23.694254739771793,315.1032586558164,,15.2227122746487,0.6321038288944576,1.400375953552056,16.401411246260068,0.6922104715422687,,,,16.401411246260068,1.0,13.031840106874487
283.067,0.016000000000019554,1.226948,24.552778,331.9218913980478,,,,7.6,24.37,331.5,0.9176598695248266,24.098039338987565,316.69149317752067,7.493881105997652,23.820443719390287,315.5071335927192,,15.23039822052715,0.6320181491232899,1.7268343087290368,16.414757805328634,0.6891037798748776,,,,16.414757805328634,1.0,13.101244045664659
283.083,0.016999999999995907,1.241667,24.573641,332.3148928953923,,,,7.6,24.39,331.9,0.92867051146804,24.11272189689998,317.0771792674082,7.553768845940708,23.940345817086396,315.88921990901144,,15.237713627984078,0.6319366885719814,2.035788196814019,16.425672986380846,0.6861084259968261,,,,16.425672986380846,1.0,13.167190199397519
283.1,0.016999999999995907,1.255764,24.594732,332.7328242132737,,,,7.6,24.41,332.3,0.9396926666560841,24.128509295594935,317.4872297325443,7.592902364134759,24.06875988746736,316.29729730750006,,15.245594480729437,0.6318498293432814,2.37294489628159,16.435526905773656,0.6828572382880291,,,,16.435526905773656,1.0,13.237817938107048
283.117,0.01599999999996271,1.269138,24.616034,333.1511161151716,,,,7.7,24.43,332.7,0.9500566514213167,24.144484070928083,317.8975501761596,7.613227440203042,24.197839227657617,316.7075633999785,,15.253565939011992,0.6317619334586868,2.7141916282386256,16.443552715193107,0.6795463247974007,,,,16.443552715193107,1.0,13.30881157521169
283.133,0.016999999999995907,1.28188,24.637539,333.54513510883464,,,,7.7,24.46,333.2,0.9611162134711659,24.15968497735079,318.2839835285449,7.637875404805743,24.31965086670058,317.0957033207324,,15.26115158028972,0.6316784177689708,3.0040787290582043,16.44943178810223,0.6763843723852729,,,,16.44943178810223,1.0,13.375807976685321
283.15,0.016999999999995907,1.294101,24.659245,333.96415850349456,,,,7.7,24.46,333.2,0.972132767870198,24.176023952979794,318.69483705445265,7.637875404805743,24.449494748582246,317.5102410584622,,15.269321449041911,0.6315894407922236,3.4128365661676536,16.453917445032346,0.6729757655211448,,,,16.453917445032346,0.0,13.447222111720237
283.167,0.016000000000019554,1.306937,24.681177,334.383552666089,,,,7.7,24.46,333.2,0.9824784097255868,24.192550210033584,319.1059699348382,7.637875404805743,24.579338630463912,317.92698614218403,,15.277582731250789,0.6314994739543658,3.823701832484864,16.45656652390494,0.6695284511646088,,,,16.45656652390494,0.0,13.518636246755152
283.183,0.016999999999995907,1.320311,24.703337,334.77861878602545,,,,7.7,24.46,333.2,0.9935407467870534,24.208269864589212,319.49317649543565,7.637875404805743,24.70154463694095,318.3212332083238,,15.285442290589799,0.6314140736240168,4.212323679368241,16.457385577701643,0.666249249574853,,,,16.457385577701643,0.0,13.585849550317525
283.2,0.016999999999995907,1.333091,24.725693,335.19876629996486,,,,7.7,24.46,333.2,1.004578116243653,24.225160057284587,319.9048606497715,7.637875404805743,24.831388518822617,318.7422631401477,,15.29390565019338,0.6313232033979669,4.62727983767699,16.456503159817146,0.6627298810673771,,,,16.456503159817146,0.0,13.65726368535244
283.217,0.016000000000019554,1.344308,24.748215,335.61929571261425,,,,7.7,24.46,333.2,1.0148999717866514,24.242237885260725,320.316833532283,7.637875404805743,24.961232400704283,319.1655004179636,,15.302462180331247,0.631231417361643,5.044343425193507,16.45379529465066,0.6591739955190039,,,,16.45379529465066,0.0,13.728677820387357
283.233,0.016999999999995907,1.354195,24.770885,336.01543922403874,,,,7.7,24.46,333.2,1.025838642398747,24.25847628480933,320.704839245644,7.637875404805743,25.083438407181323,319.5658577844272,,15.310599978394748,0.6311443389369947,5.4387989861468276,16.449581439611563,0.6557945195783881,,,,16.449581439611563,0.0,13.795891123949728
283.25,0.016999999999995907,1.363183,24.793699,336.4367399502161,,,,7.7,24.46,333.2,1.0366461990983937,24.275915541730104,321.11738157616946,7.637875404805743,25.213282289062988,319.9933799103452,,15.319358374046658,0.6310517248139541,5.859953465654883,16.443360039870925,0.6521705445309562,,,,16.443360039870925,0.0,13.867305258984645
283.267,0.016000000000019554,1.371529,24.816647,336.85842981315955,,,,7.7,24.46,333.2,1.0466793196594024,24.293538527114773,321.5302219357545,7.637875404805743,25.343126170944654,320.4231093822552,,15.32820787740502,0.6309582220925425,6.283215374370707,16.43532043090437,0.6485119602074628,,,,16.43532043090437,0.0,13.93871939401956
283.283,0.016999999999995907,1.379877,24.839739,337.25567172087204,,,,7.8,24.66,336.9,1.0572756087569697,24.310285396229343,321.91905252714173,7.509353958671804,25.465332177421693,320.82957704904265,,15.336619193730314,0.6308695658549984,6.069504649393966,16.42609467182939,0.6450375183557686,,,,16.42609467182939,1.0,14.005932697581933
283.3,0.016999999999995907,1.388281,24.86297,337.67814667609844,,,,7.8,24.68,337.3,1.0677331454405425,24.328259081578206,322.33248015520303,7.363695217547946,25.592991194719083,321.26357279770576,,15.345666520895406,0.6307753657768065,6.4279740127824425,16.414573878392673,0.6413698873064785,,,,16.414573878392673,1.0,14.076145157095496
283.317,0.016000000000019554,1.395708,24.884865,338.10101777270285,,,,7.8,24.7,337.7,1.0773633341851059,24.34641054505069,322.74621484702925,7.21113048950788,25.718174013417368,321.6997177019748,,15.354802925673596,0.6306803582918726,6.780222062867769,16.40130007072804,0.6377319036013738,,,,16.40130007072804,1.0,14.144995707379554
283.333,0.016999999999995907,1.403087,24.909786,338.49935426332735,,,,7.8,24.72,338.1,1.0875733612374097,24.363648358397676,323.1358953182573,7.038345271158799,25.833552101249634,322.11213151089265,,15.363458945070022,0.630589422366808,7.101731095623677,16.387222752434695,0.6343387346892185,,,,16.387222752434695,1.0,14.2084536556873
283.35,0.016999999999995907,1.409164,24.93334,338.92302337139876,,,,7.8,24.75,338.5,1.0975875808334918,24.382137105538707,323.5502344947007,6.850751623596393,25.953203970859306,322.55231893750545,,15.372788876698053,0.6304939066725997,7.408213919150132,16.37070443389331,0.6307777818983202,,,,16.37070443389331,1.0,14.274262183972619
283.367,0.01599999999996271,1.414631,24.95698,339.34709377559665,,,,7.8,24.77,338.9,1.1068155109341438,24.400796094412872,323.9648894269002,6.660536891209421,26.069666748460417,322.9945133386196,,15.382204348696462,0.630397643141593,7.736630698332462,16.352580436977064,0.6272646518560806,,,,16.352580436977064,1.0,14.338316711653231
283.383,0.016999999999995907,1.419816,24.980707,339.7465865283637,,,,7.8,24.77,338.9,1.1164876409394346,24.418505142587776,324.35544383679525,6.660536891209421,26.17623533871952,323.41248055531605,,15.391142691568461,0.6303065073678531,8.095273315623732,16.334105973047656,0.6240051619984665,,,,16.334105973047656,0.0,14.396929436295736
283.4,0.016999999999995907,1.425402,25.004539,340.1714637107756,,,,7.8,24.77,338.9,1.125964237096387,24.43748543248374,324.77071975668326,6.660536891209421,26.28946446587005,323.85843900365495,,15.40074395409232,0.6302098469436118,8.47788656547726,16.313024707120633,0.6205156719072311,,,,16.313024707120633,0.0,14.45920545622853
283.417,0.016000000000019554,1.43135,25.028475,340.5967468443645,,,,7.8,24.77,338.9,1.13471337978004,24.456626824514373,325.1863197108677,6.660536891209421,26.402693593020583,324.3063223471554,,15.410427133496796,0.6301125353088343,8.862102419735193,16.290424497209074,0.6169985815960597,,,,16.290424497209074,0.0,14.521481476161322
283.433,0.016999999999995907,1.437024,25.052498,340.99738565716495,,,,7.8,24.77,338.9,1.1439051773417879,24.474782238590876,325.577770983373,6.660536891209421,26.509262183280065,324.72961799336633,,15.419614673791955,0.6300205053297231,9.225181312195662,16.267767663798622,0.6136635396083954,,,,16.267767663798622,0.0,14.580094200804037
283.45,0.016999999999995907,1.441875,25.07659,341.4234857731328,,,,7.8,24.77,338.9,1.152893591151095,24.494228626605683,325.9940075757271,6.660536891209421,26.622491310430597,325.18123789806276,,15.429478197405729,0.6299230089101968,9.612508104415097,16.242247875070063,0.6100949639039382,,,,16.242247875070063,0.0,14.64237022073683
283.467,0.016000000000019554,1.445718,25.100735,341.8499961540702,,,,7.8,24.77,338.9,1.16113850229931,24.513827817655248,326.4105760555032,6.660536891209421,26.73572043758113,325.63478269792074,,15.439420098566984,0.6298249385372312,10.001437501038943,16.215213456149456,0.6064999629991831,,,,16.215213456149456,0.0,14.704646240669621
283.483,0.016999999999995907,1.448707,25.124918,342.2517929659747,,,,7.8,24.77,338.9,1.1697308015278645,24.53240603369206,326.80294592631446,6.660536891209421,26.84228902784061,326.06340677364466,,15.448847039660222,0.6297322414459978,10.368952668667339,16.18838619233003,0.6030926116449891,,,,16.18838619233003,0.0,14.763258965312337
283.5,0.016999999999995907,1.451058,25.149136,342.67912591013607,,,,7.8,24.96,342.3,1.178063290774534,24.552291457318027,327.22016585498795,6.330877557963604,26.955518154991143,326.5206881346986,,15.458960055148111,0.6296341049071585,10.170449253252684,16.15843777543745,0.5994482347743524,,,,16.15843777543745,1.0,14.82553498524513
283.517,0.016000000000019554,1.453029,25.174889,343.106870900017,,,,7.9,24.99,342.7,1.1857158080507195,24.57231853326119,327.63772503990776,6.014047277220821,27.0631430734765,326.9798467551405,,15.469145860109222,0.6295354603665146,10.450915120813843,16.127024144876486,0.5959035911346874,,,,16.127024144876486,1.0,14.884728690412077
283.533,0.016999999999995907,1.454276,25.197641,343.50985511172945,,,,7.9,25.01,343.1,1.1935838176472848,24.591289986190024,328.0310339080639,5.672638812090118,27.15936782991215,327.4136268423681,,15.478821203665575,0.6294432383318717,10.724134340520393,16.096228269361347,0.5926584289503845,,,,16.096228269361347,1.0,14.937652306451684
283.55,0.016999999999995907,1.456416,25.221945,343.93842515161134,,,,7.9,25.04,343.5,1.2012051019631524,24.611580911090023,328.44925831069065,5.3229054475926425,27.255802689717658,327.8761557917848,,15.489166840920689,0.6293446527013322,10.967904035273042,16.06226935982653,0.5893155869478786,,,,16.06226935982653,1.0,14.990691479344713
283.567,0.016000000000019554,1.458035,25.246281,344.3674086687232,,,,7.9,25.06,343.9,1.2081374897142023,24.63200139782339,328.86782876031634,4.986356234831691,27.346292082326713,328.3402735973471,,15.499579908406872,0.6292456572276947,11.223134873977973,16.027135071376108,0.5860807389581743,,,,16.027135071376108,1.0,15.040460645279692
283.583,0.016999999999995907,1.460305,25.270657,344.7715357932037,,,,7.9,25.09,344.4,1.2153507834573818,24.651331597658842,329.2620954242807,4.6440924661656755,27.426073782084117,328.77845252426295,,15.509440368923038,0.6291522349403625,11.410196321978525,15.99308326894078,0.5831342610690468,,,,15.99308326894078,1.0,15.084340580146266
283.6,0.016999999999995907,1.462205,25.295057,345.2013479762761,,,,7.9,25.11,344.8,1.2223294761804755,24.671992560977614,329.68134367962904,4.294762239685905,27.505023354008916,329.2453668499196,,15.520004296647073,0.6290535415122589,11.626390441936888,15.955981126356505,0.5801115280286023,,,,15.955981126356505,1.0,15.127762844704906
283.617,0.01599999999996271,1.463775,25.319483,345.6315752338985,,,,7.9,25.11,344.8,1.2286734650805011,24.69277216207268,330.10094417977484,4.294762239685905,27.57803431208356,329.71357284008127,,15.53063105412366,0.628954535853136,11.88504571361199,15.918002393817233,0.5771985854279186,,,,15.918002393817233,0.0,15.16791887164596
283.633,0.016999999999995907,1.465016,25.343927,346.0368743250976,,,,7.9,25.11,344.8,1.235249589392349,24.712430937513922,330.49618580457064,4.294762239685905,27.646750507918373,330.15537111864023,,15.540688520526942,0.6288611816385855,12.12909465373464,15.881503206457353,0.5744437561263734,,,,15.881503206457353,0.0,15.205712779355107
283.65,0.016999999999995907,1.466478,25.368399,346.46793277890947,,,,7.9,25.11,344.8,1.2415979371532146,24.73343018053359,330.91647562407394,4.294762239685905,27.719761465993017,330.6259864704184,,15.551457154835532,0.6287626520592879,12.389043379821262,15.84194630849106,0.5715037024372008,,,,15.84194630849106,0.0,15.24586880629616
283.667,0.016000000000019554,1.467482,25.392878,346.8994074679804,,,,7.9,25.11,344.8,1.247351330631199,24.754537345465188,331.3371233480448,4.294762239685905,27.79277242406766,331.09784300848384,,15.562284119935555,0.6286639052370101,12.64965843090776,15.801564459496547,0.5685494134371745,,,,15.801564459496547,0.0,15.286024833237214
283.683,0.016999999999995907,1.46901,25.417397,347.30588135367685,,,,7.9,25.11,344.8,1.2533271122016876,24.774494966755313,331.73335560654306,4.294762239685905,27.86148861990272,331.54307709683616,,15.572525747133795,0.628570865643495,12.895551869300819,15.762804256840695,0.5657559964538511,,,,15.762804256840695,0.0,15.323818740946496
283.7,0.016999999999995907,1.470615,25.441935,347.73818937462175,,,,7.9,25.11,344.8,1.2590984502202494,24.795801527662736,332.1547031267455,4.294762239685905,27.934499577977363,332.01734299651804,,15.583486247876237,0.6284727771550744,13.157460374798834,15.720846378103715,0.5627752999197276,,,,15.720846378103715,0.0,15.36397476788755
283.717,0.016000000000019554,1.472777,25.466072,348.17091477348913,,,,7.9,25.28,347.7,1.2643410584360795,24.817206201316473,332.57641369244175,3.8649750536923486,28.007510536052006,332.49285008248717,,15.594501081047383,0.6283745621705051,12.884641455296705,15.678064691001964,0.5597807299160255,,,,15.678064691001964,1.0,15.404130794828605
283.733,0.016999999999995907,1.438487,25.491524,348.57856044094564,,,,7.9,25.31,348.2,1.268821979057063,24.837435658251476,332.9736508273188,3.42826500891387,28.069350136911158,332.9414649678714,,15.60490961362683,0.6282818334525843,13.01270483297327,15.637095473074226,0.5570879053773128,,,,15.637095473074226,1.0,15.438142575301137
283.75,0.016999999999995907,1.46097,25.514723,349.01212421031704,,,,7.8,25.33,348.6,1.273686894390635,24.85900563189544,333.39607057828493,2.986672547037818,28.12763064206268,333.4191393044926,,15.616053632032106,0.6281849669801703,13.159932160225235,15.592984905824437,0.5543653891169327,,,,15.592984905824437,1.0,15.470196853134475
283.767,0.016000000000019554,1.473645,25.539364,349.4460856114819,,,,7.9,25.35,349.0,1.2784040937486392,24.880658309100074,333.81885772178333,2.5727560281137487,28.178404075362312,333.8977405995906,,15.627227889698588,0.6280873960631076,13.280337672185937,15.548345011891342,0.5517823142257365,,,,15.548345011891342,1.0,15.498122241449273
283.783,0.016999999999995907,1.474744,25.563931,349.8549040620424,,,,7.9,25.38,349.4,1.283300603037948,24.901112774600076,334.2171118904534,2.137290362473903,28.21956817181218,334.34892437756855,,15.637792171589012,0.6279957170243434,13.334433554903415,15.505979684473857,0.549476150381436,,,,15.505979684473857,1.0,15.5207624944967
283.8,0.016999999999995907,1.473602,25.588476,350.2897039895503,,,,7.9,25.4,349.9,1.2879498456119365,24.922928884851714,334.64061624455866,1.719640374122597,28.25590210797423,334.8289658749466,,15.649087744991618,0.6278992255401898,13.402840456761332,15.460738114603657,0.5471684484014548,,,,15.460738114603657,1.0,15.540746159385828
283.817,0.016000000000019554,1.473062,25.6115,350.72492101703915,,,,7.9,25.43,350.3,1.292055643800827,24.94482403222711,335.0644921443537,1.327516608083337,28.285135994334308,335.30956469881613,,15.66042887268543,0.6278027398571007,13.413764738057576,15.415356318223019,0.5449984868840939,,,,15.415356318223019,1.0,15.55682479688387
283.833,0.016999999999995907,1.474499,25.63917,351.13489356897566,,,,7.9,25.43,350.3,1.2964603389233607,24.965496922527947,335.46377471199224,1.327516608083337,28.30637626006367,335.7622967968519,,15.671118856983412,0.6277110728303738,13.491014937024875,15.372596772123757,0.543078938500946,,,,15.372596772123757,0.0,15.568506943035018
283.85,0.016999999999995907,1.474346,25.662199,351.57097252408107,,,,7.9,25.43,350.3,1.3006035386642518,24.98753674828964,335.8883754981941,1.327516608083337,28.32894404240108,336.24369701942277,,15.682597025886992,0.6276167668652031,13.573155064083338,15.327275504658303,0.541046481708508,,,,15.327275504658303,0.0,15.580919223320596
283.867,0.01599999999996271,1.473595,25.68675,352.007442950078,,,,7.9,25.43,350.3,1.3043053829451,25.009647008446926,336.31335156012625,1.327516608083337,28.35151182473849,336.72548089429336,,15.694091389951723,0.6275215073867734,13.65535885424176,15.281962055784618,0.5390175363576251,,,,15.281962055784618,0.0,15.593331503606171
283.883,0.016999999999995907,1.473143,25.711302,352.418619570237,,,,7.9,25.43,350.3,1.3081155988145081,25.030515894574,336.7136728633495,1.327516608083337,28.372752090467774,337.179275005614,,15.70494670688754,0.6274320023220931,13.732785283243244,15.239344564623025,0.5371119627744148,,,,15.239344564623025,0.0,15.605013649757277
283.9,0.016999999999995907,1.473104,25.735853,352.8559245734004,,,,7.9,25.43,350.3,1.311750229017967,25.05275385975384,337.13938065626115,1.327516608083337,28.395319872805185,337.6618036173017,,15.716543917139234,0.627337976699926,13.815112654713342,15.194120956098686,0.5350924386187467,,,,15.194120956098686,0.0,15.617425930042852
283.917,0.016000000000019554,1.473081,25.760406,353.29364693792826,,,,7.9,25.43,350.3,1.3150116630368396,25.07505361364714,337.565467019785,1.327516608083337,28.417887655142597,338.1447158812892,,15.728179918143269,0.6272441192142928,13.897503689283383,15.148931056639071,0.533077308224831,,,,15.148931056639071,0.0,15.62983821032843
283.933,0.016999999999995907,1.47283,25.784945,353.70600198829675,,,,7.9,25.6,353.3,1.3183768452039109,25.096093800255755,337.9668361990967,0.8632504293329719,28.439127920871957,338.59957200589787,,15.739165789200058,0.6271559994344482,13.432912598319618,15.106429982398879,0.5311847122890155,,,,15.106429982398879,1.0,15.641520356479578
283.95,0.016999999999995907,1.472588,25.811018,354.14455887723165,,,,7.9,25.62,353.7,1.3216432329017511,25.118506206624215,338.3936602991551,0.40304553129321213,28.453803178170613,339.08316192023966,,15.750898578076544,0.627063506424707,13.422537524196565,15.061396956991985,0.5293280783128103,,,,15.061396956991985,1.0,15.649591747993838
283.967,0.016000000000019554,1.472214,25.834011,354.5835589721975,,,,7.9,25.65,354.1,1.32450588613194,25.140974141583538,338.8208658821148,-0.025050376277516162,28.460654952202596,339.56693481434775,,15.762693090082735,0.626972248621465,13.351464264491149,15.016624157849776,0.527627497788403,,,,15.016624157849776,1.0,15.653360223711429
283.983,0.016999999999995907,1.47189,25.858534,354.99709159159005,,,,7.9,25.67,354.6,1.3274618019385371,25.162166235761674,339.22329100513406,-0.4530722983168923,28.460254146182155,340.02230208713536,,15.773800586455991,0.6268856361038387,13.285848293698121,14.97478950445469,0.5261649958408227,,,,14.97478950445469,1.0,15.653139780400187
284.0,0.016999999999995907,1.47126,25.883039,355.4368993576949,,,,7.9,25.7,355.0,1.3302601386447805,25.184733086394623,339.6512396493723,-0.8751061906515485,28.45255191711077,340.5060609386732,,15.785659708322612,0.6267947988239904,13.161362103953815,14.930838419021711,0.5247627159250562,,,,14.930838419021711,1.0,15.648903554410925
284.017,0.016000000000019554,1.470776,25.907537,355.8771236177648,,,,7.9,25.72,355.4,1.332754580406974,25.207347508751578,340.07957233443096,-1.266354863623489,28.437675111869698,340.98962786841946,,15.79755128333386,0.6267042289098133,13.042702871702803,14.887495749345362,0.5235131103643357,,,,14.887495749345362,1.0,15.640721311528335
284.033,0.016999999999995907,1.470144,25.932022,356.2918324690933,,,,7.9,25.75,355.9,1.3353261716640699,25.228671582038118,340.4830604871578,-1.6535507725775744,28.417413434051696,341.4444685767874,,15.808771981935536,0.6266192784082535,12.872171736019029,14.847363892305907,0.5224741487033009,,,,14.847363892305907,1.0,15.629577388728434
284.05,0.016999999999995907,1.469655,25.953436,356.7328892789012,,,,7.9,25.75,355.9,1.3376323858944614,25.2513721269564,340.91214085868415,-1.6535507725775744,28.389303070917883,341.9273256670796,,15.820748420217058,0.6265302471752835,12.769557110368511,14.80556361182164,0.5215190938233535,,,,14.80556361182164,0.0,15.614116689004836
284.067,0.016000000000019554,1.468812,25.97942,357.1743100560486,,,,7.9,25.75,355.9,1.339726708382026,25.274111877516603,341.3416074727221,-1.6535507725775744,28.36119270778407,342.4097048811984,,15.832702583326522,0.6264395227834301,12.66704125878243,14.764605174850203,0.5205918286644511,,,,14.764605174850203,0.0,15.59865598928124
284.083,0.016999999999995907,1.46805,26.003859,357.5901687839851,,,,7.9,25.75,355.9,1.3418832662742857,25.29554750485074,341.7461647477815,-1.6535507725775744,28.334735895422796,342.8632723100246,,15.844004036203614,0.6263554498342179,12.570645981002343,14.726896473960494,0.519747088108186,,,,14.726896473960494,0.0,15.58410474248254
284.1,0.016999999999995907,1.467147,26.028278,358.03244652021,,,,7.9,25.75,355.9,1.3439059951539907,25.3183595203774,342.17638295749583,-1.6535507725775744,28.306625532288983,343.34472388216005,,15.856063562714155,0.6262674147569653,12.46832186730606,14.687722638049934,0.5188793210725824,,,,14.687722638049934,0.0,15.568644042758942
284.117,0.01599999999996271,1.466234,26.052681,358.4751392489514,,,,7.9,25.75,355.9,1.3456881800232394,25.34120592229501,342.6069892637584,-1.6535507725775744,28.27851516915517,343.82569757812223,,15.868149985192986,0.6261797498449867,12.36609652767421,14.649441670829162,0.5180414029237314,,,,14.649441670829162,0.0,15.553183343035345
284.133,0.016999999999995907,1.465274,26.077063,358.8921698229024,,,,7.9,25.75,355.9,1.3475222154435977,25.36273693317533,343.0126208066012,-1.6535507725775744,28.25205835679399,344.2779421663287,,15.879549016301212,0.626097611552727,12.269974672910225,14.61422765657369,0.5172801029932494,,,,14.61422765657369,0.0,15.538632096236697
284.15,0.016999999999995907,1.466244,26.101543,359.3356916259953,,,,7.9,25.92,358.9,1.3492955764170864,25.385644810837867,343.4439820514252,-2.044911554132878,28.22394799366018,344.7579882203075,,15.891709574570086,0.6260116570994271,11.618947321168159,14.577703405687828,0.5165012141094631,,,,14.577703405687828,1.0,15.5231713965131
284.167,0.016000000000019554,1.498243,26.127237,359.7796297292532,,,,7.9,25.94,359.3,1.3517776265727666,25.408582835636953,343.87573298642013,-2.4052839734765006,28.18918449723993,345.23749984648003,,15.90389674283307,0.6259261622622639,11.428076113438477,14.542129882773168,0.5158762178521703,,,,14.542129882773168,1.0,15.504051473481962
284.183,0.016999999999995907,1.591207,26.156868,360.1978572963577,,,,7.9,25.97,359.8,1.3571880459842716,25.430211277662142,344.282443339327,-2.757766770825081,28.150699953664258,345.68821892208786,,15.915413957030694,0.6258467058435636,11.19138298794348,14.509638374269855,0.5154272681728185,,,,14.509638374269855,1.0,15.482884974515343
284.2,0.016999999999995907,1.683574,26.184326,360.6427539817691,,,,8.0,26.0,360.2,1.3650914565193413,25.453283474443868,344.71495304471983,-3.09831163186334,28.103817918560242,346.1663823240017,,15.927800937049255,0.6257660609108218,10.924418141830259,14.476371657767402,0.5151033820286374,,,,14.476371657767402,1.0,15.457099855208135
284.217,0.016000000000019554,1.735433,26.213524,361.08813080021196,,,,8,26.02,360.6,1.3737728575727244,25.47649002920469,345.1478561195008,-3.41021525554436,28.051146620818578,346.6436995225863,,15.940274680711184,0.6256856679408438,10.669266333498202,14.444431277625654,0.5149319374668807,,,,14.444431277625654,1.0,15.428130641450219
284.233,0.016999999999995907,1.720346,26.24156,361.50776931963645,,,,8,26.05,361.1,1.3824160737983815,25.49847039492588,345.5556558028943,-3.7106446399009982,27.9965831767298,347.09208136096726,,15.952113516742145,0.6256106060352769,10.375043915894851,14.415687958669196,0.5149088325410804,,,,14.415687958669196,1.0,15.398120747201391
284.25,0.016999999999995907,1.659318,26.268131,361.95412442963334,,,,8,26.05,361.1,1.3890669345574185,25.52197146818045,345.9893295587306,-3.7106446399009982,27.933502217851498,347.5674870868211,,15.964794870902722,0.6255314128380266,10.148228106454805,14.386637342812264,0.5150316358690669,,,,14.386637342812264,0.0,15.363426219818324
284.267,0.016000000000019554,1.585775,26.293486,362.40092242808424,,,,8,26.05,361.1,1.3931448498793142,25.54558560606792,346.4234037938616,-3.7106446399009982,27.870421258973195,348.04182043637394,,15.977518634222633,0.6254512572390373,9.921909697936375,14.359101991710304,0.5152093632989931,,,,14.359101991710304,0.0,15.328731692435259
284.283,0.016999999999995907,1.521973,26.318001,362.8218211832848,,,,8,26.05,361.1,1.395561703648014,25.567875923666016,346.83231148609997,-3.7106446399009982,27.811050944734706,348.4872722140041,,15.989509697184815,0.6253749722864026,9.709358510137793,14.334548969280661,0.515426367661037,,,,14.334548969280661,0.0,15.29607801960409
284.3,0.016999999999995907,1.473909,26.343489,363.2694471253832,,,,8,26.05,361.1,1.3965536189988386,25.591600472628027,347.2671670354684,-3.7106446399009982,27.747969985856404,348.95952389191405,,16.00228008991479,0.6252942291370298,9.484005644584874,14.309923233469135,0.5157106354361468,,,,14.309923233469135,0.0,15.261383492221023
284.317,0.016000000000019554,1.441715,26.365534,363.71749941823356,,,,8,26.05,361.1,1.3964872449350836,25.615341884151,347.7024260455009,-3.7106446399009982,27.6848890269781,349.430703193523,,16.015073372732672,0.6252141175848093,9.259150179953586,14.286796224710542,0.5160503338405469,,,,14.286796224710542,0.0,15.226688964837956
284.333,0.016999999999995907,1.410313,26.38855,364.13953250175405,,,,8,26.05,361.1,1.3955184093052435,25.63768568006999,348.1124502660152,-3.7106446399009982,27.625518712739613,349.87318645544127,,16.027082235738874,0.6251376366704532,9.047975880519365,14.266346046312776,0.5164191193895591,,,,14.266346046312776,0.0,15.194035292006788
284.35,0.016999999999995907,1.378835,26.411034,364.5883416419824,,,,8,26.05,361.1,1.3936068546576197,25.661409493028174,348.5484925749864,-3.7106446399009982,27.56243775386131,350.34228408540724,,16.039849066996,0.6250572117386533,8.824085958853587,14.246057556575181,0.5168649334937511,,,,14.246057556575181,0.0,15.159340764623721
284.367,0.01599999999996271,1.346454,26.432972,365.0375284616398,,,,7.8,26.25,364.6,1.3909127941570858,25.685100809557348,348.9849379125583,-3.9500381334400014,27.499356794983008,350.8103093390723,,16.052590549081515,0.6249767391650024,7.946943438109437,14.227219122567476,0.5173655234424644,,,,14.227219122567476,1.0,15.124646237240656
284.383,0.016999999999995907,1.314288,26.454393,365.4606283597508,,,,7.7,26.27,365.0,1.3871790076365818,25.70735541426381,349.3960775623479,-4.194342932595777,27.436156184848116,351.24979344290995,,16.064550797402887,0.62490094910694,7.6579760059460344,14.210834916840838,0.5179601260867917,,,,14.210834916840838,1.0,15.089885901666465
284.4,0.016999999999995907,1.285413,26.475391,365.9105429553667,,,,7.7,26.29,365.5,1.3826365112415067,25.730937457393626,349.83330305175684,-4.411694129379999,27.364852354994007,351.7156020154985,,16.077239903609836,0.6248213820515172,7.340925511163221,14.194940939868161,0.5187289430881079,,,,14.194940939868161,1.0,15.050668795246704
284.417,0.016000000000019554,1.257869,26.497271,366.3608103445451,,,,7.7,26.32,365.9,1.3777047423127995,25.754442278084728,350.2709287795083,-4.607213077020668,27.289853554794565,352.1801670157316,,16.089881565036762,0.6247419917428441,6.978592045612805,14.18064332881346,0.519630612906754,,,,14.18064332881346,1.0,15.009419455137012
284.433,0.016999999999995907,1.233663,26.517462,366.7849276877776,,,,7.7,26.34,366.4,1.3718734022054224,25.77648555396176,350.6831762021652,-4.784579800878732,27.216138145562145,352.616214949335,,16.101751485612397,0.6246682253057423,6.65427478695139,14.168712738442593,0.5205996773922512,,,,14.168712738442593,1.0,14.968875980059181
284.45,0.016999999999995907,1.212731,26.536093,367.235902806081,,,,7.6,26.36,366.8,1.3654619667279186,25.799807401799246,351.1215746922891,-4.955940305428989,27.134800288947226,353.0781979260282,,16.11432811379194,0.6245910236007478,6.303966698960374,14.15770488005279,0.5217545266334473,,,,14.15770488005279,1.0,14.924140158920975
284.467,0.016000000000019554,1.190397,26.556843,367.6871916267104,,,,7.6,26.38,367.2,1.358952548613509,25.823020255233615,351.56036872737377,-5.108561569628547,27.050549303754952,353.5387733975661,,16.126822899336617,0.6245134279390945,5.944293532555348,14.148418229144283,0.5230362633405122,,,,14.148418229144283,1.0,14.877802117065224
284.483,0.016999999999995907,1.171544,26.574852,368.11225348552694,,,,7.6,26.38,367.2,1.3515855211320795,25.844763496011456,351.9737109973843,-5.108561569628547,26.968812318640797,353.97092829054577,,16.13854248814266,0.6244414846602591,5.660158599243562,14.141325194981164,0.5243584711072613,,,,14.141325194981164,0.0,14.83284677525244
284.5,0.016999999999995907,1.151707,26.593746,368.5641952576348,,,,7.6,26.38,367.2,1.3437597058131165,25.867740449870695,352.4132672809242,-5.108561569628547,26.88196677195713,354.42865991281576,,16.150927976710648,0.6243656266773537,5.359180272733675,14.135535344819061,0.5258370960998673,,,,14.135535344819061,0.0,14.785081724576424
284.517,0.016000000000019554,1.132703,26.612341,369.0164553612962,,,,7.6,26.38,367.2,1.3359965334747883,25.89058436486951,352.85321304184936,-5.108561569628547,26.795121225273466,354.8849151607921,,16.16324231944685,0.6242903633097783,5.0591447148461395,14.131540200504105,0.5273922846512474,,,,14.131540200504105,0.0,14.737316673900407
284.533,0.016999999999995907,1.11378,26.63179,369.44239780328076,,,,7.6,26.38,367.2,1.3274255369858854,25.911960309405135,353.26763339924406,-5.108561569628547,26.71338424015931,355.31298320451606,,16.174764404036694,0.6242200208282127,4.777619521665424,14.129414598764697,0.5289264165011102,,,,14.129414598764697,0.0,14.692361332087621
284.55,0.016999999999995907,1.098325,26.648718,369.8952991744907,,,,7.6,26.38,367.2,1.3185124854432102,25.934526543533888,353.7083285374939,-5.108561569628547,26.626538693475645,355.7663725494519,,16.18697063699676,0.6241475281927816,4.479414044044802,14.128926625038787,0.5306332448122829,,,,14.128926625038787,0.0,14.644596281411605
284.567,0.016000000000019554,1.083307,26.666546,370.34848608845306,,,,7.6,26.38,367.2,1.309866459762269,25.95694125578642,354.14940601378805,-5.108561569628547,26.53969314679198,356.21828552009407,,16.199080074665005,0.6240750755273927,4.182151335046523,14.130200568358987,0.5324176315907027,,,,14.130200568358987,0.0,14.59683123073559
284.583,0.016999999999995907,1.069663,26.684168,370.7752894877496,,,,7.6,26.38,367.2,1.3004893903585608,25.97789911914264,354.564884736788,-5.108561569628547,26.457956161677824,356.6422667145623,,16.21040475096163,0.6240075333503962,3.903235881996886,14.133022773187292,0.5341691053845579,,,,14.133022773187292,0.0,14.551875888922805
284.6,0.016999999999995907,1.057113,26.701591,371.229074910053,,,,7.6,26.38,367.2,1.290929369388833,26.00000743877873,355.0066969425302,-5.108561569628547,26.37111061499416,357.0913137821639,,16.22237796752279,0.6239374356227024,3.607803253265521,14.137761127889064,0.5361079149943188,,,,14.137761127889064,0.0,14.504110838246788
284.617,0.01599999999996271,1.045181,26.718822,371.68315470988136,,,,7.6,26.38,367.2,1.2817834971189022,26.021953238058337,355.44888360828315,-5.108561569628547,26.284265068310493,357.53888447547195,,16.23427110159821,0.623868275877724,3.3133133931565073,14.144270234409419,0.5381269058750436,,,,14.144270234409419,0.0,14.456345787570772
284.633,0.016999999999995907,1.033857,26.735872,372.1107896450484,,,,7.4,26.56,371.7,1.271963793482762,26.042461774012192,355.86539892837874,-5.131844422820722,26.202528083196626,357.958778820683,,16.245390716669647,0.6238039574615386,2.441432680238904,14.15201082436539,0.5401009696251756,,,,14.15201082436539,1.0,14.411390445758146
284.65,0.016999999999995907,1.023155,26.75275,372.56544886138477,,,,7.4,26.58,372.1,1.2620374205089597,26.064085158501396,356.30830457730497,-5.149056593938643,26.115286728008694,358.40348024657817,,16.2571442840798,0.6237373836532744,2.0810162281825666,14.161968614806597,0.5422865451298247,,,,14.161968614806597,1.0,14.363407700404784
284.667,0.016000000000019554,1.013145,26.76947,373.0203934572822,,,,7.4,26.59,372.6,1.252619481329949,26.085539794650042,356.75157638940664,-5.143581228606935,26.02775276591176,358.84669608227637,,16.268817067875545,0.6236718578931675,1.7537636543053825,14.173697375005816,0.5445609347253728,,,,14.173697375005816,1.0,14.315264021251469
284.683,0.016999999999995907,1.003679,26.786039,373.4488346598427,,,,7.4,26.61,373.0,1.2425823229663007,26.105581706351344,357.1691053614152,-5.128580738076895,25.94545546625395,359.26248174813423,,16.279729298427526,0.6236110530517984,1.4117055060858354,14.186352911708468,0.5467760213406159,,,,14.186352911708468,1.0,14.270000506439674
284.7,0.016999999999995907,0.994913,26.802469,373.9043423544581,,,,7.4,26.63,373.4,1.2325136413945403,26.126705605841767,357.61307980356867,-5.10838651650798,25.858269593706662,359.7028134111438,,16.291262550889428,0.6235482879727019,1.0541523581715806,14.201528943314315,0.5492064692051419,,,,14.201528943314315,1.0,14.222048276538665
284.717,0.016000000000019554,0.986567,26.818766,374.3601280923865,,,,7.4,26.64,373.9,1.2230237986405417,26.14765833774547,358.057411897089,-5.068578719378571,25.771427022926048,360.14166583238506,,16.302716195297478,0.6234866612037561,0.7319458771677887,14.218462260001445,0.5517142006669953,,,,14.218462260001445,1.0,14.174284862609328
284.733,0.016999999999995907,0.97887,26.83494,374.78935462896305,,,,7.4,26.66,374.4,1.2129758760276363,26.167226718523743,358.4759309775397,-5.000674602487367,25.690329763415892,360.5533598866763,,16.313423651423363,0.6234295986695111,0.39637318590737225,14.235994742286778,0.5541382642179795,,,,14.235994742286778,1.0,14.129681369878742
284.75,0.016999999999995907,0.971545,26.850996,375.2456900556779,,,,7.4,26.67,374.8,1.2029533024820747,26.18784730841621,358.9209491067686,-4.929795914985014,25.60531829517363,360.9893728951742,,16.324740948909323,0.6233708619365175,0.08199589183943745,14.256317160503727,0.5567717220367815,,,,14.256317160503727,1.0,14.082925062345497
284.767,0.016000000000019554,0.964365,26.867935,375.7022973759303,,,,7.4,26.69,375.2,1.1935913713282864,26.2082975145584,359.36631633776375,-4.859931635407983,25.521511764618904,361.4239509506823,,16.33598103816655,0.6233133239231624,-0.2608824015642952,14.278346425248003,0.5594631915591467,,,,14.278346425248003,1.0,14.036831470540399
284.783,0.016999999999995907,0.958282,26.882784,376.1323077746508,,,,7.4,26.71,375.7,1.183696504934372,26.227394976499674,359.78580187769273,-4.76114001246667,25.44375285845228,361.8316730676674,,16.346505896958092,0.6232607512719018,-0.5830959940298599,14.30063470698343,0.562048955063358,,,,14.30063470698343,1.0,13.994064072148756
284.8,0.016999999999995907,0.95231,26.898531,376.5894535743997,,,,7.4,26.71,375.7,1.1738777346731677,26.247517817083555,360.23183863643806,-4.76114001246667,25.36281347824037,362.26352888152917,,16.35761493796167,0.623206165701318,-0.8482056814252559,14.325924692870558,0.5648397290450944,,,,14.325924692870558,0.0,13.949547413032205
284.817,0.016000000000019554,0.946595,26.914183,377.0468662101946,,,,7.4,26.71,375.7,1.1647176810155093,26.267473738572996,360.678216064661,-4.76114001246667,25.281874098028457,362.69400872592735,,16.368650145533593,0.623152812807298,-1.1124964709120215,14.352857484267247,0.5677133518114671,,,,14.352857484267247,0.0,13.905030753915652
284.833,0.016999999999995907,0.94123,26.929747,377.4776143023551,,,,7.4,26.71,375.7,1.1551068282864045,26.286109221469268,361.09864472834187,-4.76114001246667,25.205695857828896,363.0979092855747,,16.37896957401324,0.623103610961019,-1.3604926843813177,14.379705016780406,0.5704942683545896,,,,14.379705016780406,0.0,13.863132721805894
284.85,0.016999999999995907,0.936169,26.945229,377.93555600909,,,,7.4,26.71,375.7,1.1456068551936391,26.305746037550133,361.5456754980434,-4.76114001246667,25.124756477616984,363.52571813042584,,16.389880511046613,0.6230532480489579,-1.6231938485160153,14.409837878664177,0.5735314446331665,,,,14.409837878664177,0.0,13.818616062689342
284.867,0.01599999999996271,0.931094,26.96159,378.39376017851043,,,,7.4,26.71,375.7,1.1368095341075921,26.32522135408842,361.9930387208722,-4.76114001246667,25.04381709740507,363.9521510058134,,16.400721457638213,0.6230041235756261,-1.8850761147420836,14.441609172697042,0.5766536752975016,,,,14.441609172697042,0.0,13.77409940357279
284.883,0.016999999999995907,0.926666,26.976917,378.8252647985414,,,,7.4,26.71,375.7,1.127617939415949,26.343410306634098,362.41438777415703,-4.76114001246667,24.96763885720578,364.35224265344937,,16.410877024384376,0.6229594738632455,-2.130805482788678,14.473022145092045,0.5796712387529213,,,,14.473022145092045,0.0,13.73220137146318
284.9,0.016999999999995907,0.922614,26.991217,379.2840062907783,,,,7.4,26.71,375.7,1.1185326647067126,26.362579811604164,362.86238869016194,-4.76114001246667,24.88669947699387,364.77600452928993,,16.421617600616344,0.6229139074389051,-2.391098123662685,14.508001761488345,0.5829620667417167,,,,14.508001761488345,0.0,13.687684712346629
284.917,0.016000000000019554,0.918624,27.006407,379.7429902975012,,,,7.4,26.71,375.7,1.1101211001394657,26.381594866904173,363.31071417492916,-4.76114001246667,24.805760096781956,365.1983904356669,,16.432276122572034,0.6228689434991815,-2.6505718666280624,14.544599861834286,0.5863396164877509,,,,14.544599861834286,0.0,13.643168053230077
284.933,0.016999999999995907,0.914743,27.02153,380.17521039337373,,,,7.4,26.71,375.7,1.1013566814077766,26.399356804506425,363.73296178830094,-4.76114001246667,24.729581856582396,365.5946731712943,,16.44224860507279,0.6228276214012178,-2.894034389253686,14.580537222079442,0.5895990197747104,,,,14.580537222079442,0.0,13.60127002112032
284.95,0.016999999999995907,0.911105,27.036592,380.6347085837371,,,,7.4,26.71,375.7,1.0927524130451765,26.418079868090352,364.1819100000179,-4.76114001246667,24.648642476370483,366.0143880781243,,16.452798583719186,0.6227855569318668,-3.151918506867002,14.620320505612824,0.5931491164119342,,,,14.620320505612824,0.0,13.556753362003766
284.967,0.016000000000019554,0.907662,27.051598,381.0944623024095,,,,7.3,26.88,380.6,1.0848104139404033,26.436656659112117,364.63117526049905,-4.505905533414831,24.56770309615857,366.4327270154906,,16.463287041910462,0.6227446705609024,-3.978377476571671,14.661735286918884,0.5967890131825716,,,,14.661735286918884,1.0,13.512236702887215
284.983,0.016999999999995907,0.904554,27.066551,381.52740405114605,,,,7.3,26.89,381.1,1.0765680760627285,26.454013625735186,365.0543006227783,-4.2165972138012675,24.495608607623847,366.82523350912135,,16.473103428367722,0.6227071499026612,-4.240267823119145,14.702170542024703,0.6001961730172689,,,,14.702170542024703,1.0,13.472584734193116
285.0,0.016999999999995907,0.901634,27.081455,381.9876661261989,,,,7.3,26.91,381.5,1.068507073693768,26.472315283028248,365.5041744185027,-3.9316331470311914,24.423926454989243,367.2410495571535,,16.483491707696203,0.6226690612990692,-4.533852137080866,14.746616569045443,0.6037774719073906,,,,14.746616569045443,1.0,13.433159550244085
285.017,0.016000000000019554,0.898955,27.096315,382.4481811473118,,,,7.3,26.92,382.0,1.061096705116784,26.490479903281038,365.95435817758624,-3.6518571262193387,24.35708869148973,367.65568818589844,,16.493822969725557,0.622632093867151,-4.777955535532479,14.792492961413359,0.6073177771275184,,,,14.792492961413359,1.0,13.396398780319352
285.033,0.016999999999995907,0.896455,27.11113,382.8818372535523,,,,7.3,26.94,382.4,1.0534350964318748,26.507457450562928,366.3783416764175,-3.355748466114736,24.298658977470147,368.04493416725063,,16.5034955771348,0.622598210632394,-5.028807345791079,14.836903086301675,0.6106058404317101,,,,14.836903086301675,1.0,13.364262437608582
285.05,0.016999999999995907,0.894141,27.125906,383.3428560012997,,,,7.3,26.95,382.9,1.0459700516408226,26.525365847202266,366.8291206744484,-3.0488062539433285,24.24161125354621,368.45752646421414,,16.513735326851304,0.6225639043765752,-5.24126286414174,14.885329537085568,0.6140404357366325,,,,14.885329537085568,1.0,13.332886189450416
285.067,0.016000000000019554,0.891917,27.140644,383.8041256066741,,,,7.3,26.97,383.3,1.0391299845697661,26.543147338080157,367.2802030365232,-2.766604491787789,24.189781547229188,368.86919330302067,,16.523922570150944,0.622530642643304,-5.470732388860216,14.934932303653454,0.617406662995027,,,,14.934932303653454,1.0,13.304379850976055
285.083,0.016999999999995907,0.889859,27.155346,384.23849007605065,,,,7.3,26.98,383.8,1.032083231692821,26.559773417833295,367.70502640257104,-2.4526045737042983,24.14551587536053,369.2558756824019,,16.533463673479616,0.6225001777454316,-5.642602357008485,14.98261439364876,0.6205133272359643,,,,14.98261439364876,1.0,13.280033731448293
285.1,0.03299999999995862,0.887975,27.170015,384.70025954267606,,,,7.3,27.0,384.2,1.018800968096603,26.577318832772068,368.1566916867011,-1.85962875186449,24.103821597607567,369.66599505092205,,16.54356785597497,0.622469405588624,-5.839979364658434,15.034264491754016,0.6237294957927437,,,,15.034264491754016,1.0,13.257101878684162
285.133,0.016999999999995907,0.884681,27.199268,385.59735354006244,,,,7.3,27.01,384.7,1.0124197229934837,26.610939264719214,369.0342979453086,-1.6215536996675048,24.042453848796114,370.4604085957867,,16.56305559475385,0.6224152943264633,-6.064536673152201,15.13694494427574,0.6295923469156912,,,,15.13694494427574,1.0,13.223349616837863
285.15,0.016999999999995907,0.883219,27.213856,386.0598689324668,,,,7.3,27.01,384.7,1.006247952103284,26.6281504000101,369.4868302074587,-1.6215536996675048,24.014887435901773,370.8688959967065,,16.573038725008132,0.6223879043811412,-6.15009134647027,15.190972935760328,0.6325648194815242,,,,15.190972935760328,0.0,13.208188089745976
285.167,0.016000000000019554,0.881923,27.22751,386.52263210961223,,,,7.3,27.01,384.7,1.0006018016973914,26.64525661519585,369.93965416708784,-1.6215536996675048,23.987321023007432,371.2769147686071,,16.582977942524394,0.6223613524167406,-6.235551031398364,15.245717341005104,0.6355739903752561,,,,15.245717341005104,0.0,13.193026562654088
285.183,0.016999999999995907,0.880615,27.242052,386.9583851557568,,,,7.3,27.01,384.7,0.9948302197903004,26.66126624402303,370.36610634996214,-1.6215536996675048,23.96137616381272,371.66050434610213,,16.59227880579465,0.6223364882196597,-6.31589690463546,15.297880809654657,0.6384391574620006,,,,15.297880809654657,0.0,13.178756890096997
285.2,0.016999999999995907,0.87935,27.256573,387.42162728862417,,,,7.3,27.01,384.7,0.9892641109074051,26.67817835775946,370.8194916290772,-1.6215536996675048,23.93380975091838,372.06761342637725,,16.602135659546946,0.6223114425921118,-6.401172200335934,15.354013862246916,0.6415198425172473,,,,15.354013862246916,0.0,13.16359536300511
285.217,0.016000000000019554,0.878158,27.271072,387.88511609569906,,,,7.3,27.01,384.7,0.9842173517147288,26.694995847644883,371.27316360982303,-1.6215536996675048,23.906243338024037,372.47425387763315,,16.61195248587603,0.6222871350377674,-6.4863525076464335,15.410862218065915,0.6446375534693146,,,,15.410862218065915,0.0,13.148433835913222
285.233,0.016999999999995907,0.876948,27.286457,388.3215656519236,,,,7.3,27.01,384.7,0.9791145403192791,26.710743325272336,371.7004095232069,-1.6215536996675048,23.880298478829324,372.85654621216844,,16.621156128716734,0.622264829035688,-6.566435437243435,15.465019439755167,0.6476057848885524,,,,15.465019439755167,0.0,13.134164163356129
285.25,0.016999999999995907,0.875938,27.300014,388.7855621399095,,,,7.3,27.01,384.7,0.974177442772117,26.72738827245776,372.1546336417874,-1.6215536996675048,23.852732065934983,373.2622769717988,,16.630928498122046,0.6222429340490411,-6.651431355326321,15.523285168110647,0.6507969454065203,,,,15.523285168110647,0.0,13.119002636264241
285.267,0.016000000000019554,0.874873,27.314459,389.24978895095035,,,,7.3,27.01,384.7,0.9697161956283136,26.74394928898488,372.6091400110596,-1.6215536996675048,23.825165653040642,373.66753910241,,16.640648939890752,0.6222210773763541,-6.736332285019218,15.582249848540357,0.6540248271705805,,,,15.582249848540357,0.0,13.103841109172354
285.283,0.016999999999995907,0.87381,27.328884,389.6869322786949,,,,7.3,27.01,384.7,0.9651910330650536,26.75946474811495,373.0371673233569,-1.6215536996675048,23.79922079384593,374.0485341939855,,16.649764955337957,0.6222009712100403,-6.816152270976131,15.638398084709365,0.6570970629741453,,,,15.638398084709365,0.0,13.089571436615262
285.3,0.016999999999995907,0.872815,27.343296,390.15164957223976,,,,7.3,27.01,384.7,0.9608576778746877,26.77587299567705,373.49221769417903,-1.6215536996675048,23.77165438095159,374.4528866329712,,16.65943187806073,0.6221807177211508,-6.900868811441415,15.69876293926859,0.6603984176990277,,,,15.69876293926859,0.0,13.074409909523375
285.317,0.016000000000019554,0.871764,27.357685,390.61661172600714,,,,7.3,27.01,384.7,0.9569537589274036,26.792207576200916,373.94754637903986,-1.6215536996675048,23.744087968057247,374.85677044293766,,16.669065346967272,0.6221609510734806,-6.985490363516718,15.759841283069477,0.6637374871703254,,,,15.759841283069477,0.0,13.059248382431488
285.333,0.016999999999995907,0.869349,27.394506,391.0544462717997,,,,7.3,27.2,390.6,0.9539157780367056,26.807518836343775,374.3763441903407,-1.1461364487847308,23.718143108862535,375.2364682915535,,16.678102081458974,0.6221426974751562,-7.708791155833534,15.817977980246212,0.6669146866870728,,,,15.817977980246212,1.0,13.044978709874394
285.35,0.016999999999995907,0.869292,27.396303,391.52027849473006,,,,7.3,27.23,391.1,0.950580236869408,26.823735404570396,374.8322098513884,-0.6701717830706102,23.6986587892332,375.6395111076872,,16.688068643341637,0.6221381322042947,-7.870538595545426,15.880767387042852,0.6701124957441819,,,,15.880767387042852,1.0,13.03426233407826
285.367,0.01599999999996271,0.869159,27.400789,391.98614125842397,,,,7.3,27.24,391.5,0.9472446346073116,26.83989526859717,375.28835071211023,-0.2398275920127369,23.687265868921003,376.0422914672814,,16.69779054631374,0.622125771327068,-7.939463141548524,15.943849791142554,0.6730979370676023,,,,15.943849791142554,1.0,13.027996227906552
285.383,0.016999999999995907,0.868177,27.415129,392.42466513477495,,,,7.3,27.24,392.0,0.9438894365212368,26.855051182750852,375.71791028372,0.22063826511618445,23.68342862744881,376.4212570232515,,16.70675485105494,0.6221084717867073,-7.951207665288749,16.00340811152347,0.6757217615432468,,,,16.00340811152347,1.0,13.025885745096845
285.4,0.016999999999995907,0.867708,27.429472,392.89084777935136,,,,7.3,27.26,392.4,0.940710801923736,26.87109730317171,376.1745825458503,0.6614007483826491,23.687179477955784,376.8239071921474,,16.716265233501076,0.6220909047703082,-8.007852575898818,16.066940587203987,0.6782969074961631,,,,16.066940587203987,1.0,13.027948712875682
285.417,0.016000000000019554,0.866769,27.444696,393.35727418715726,,,,7.3,27.27,392.9,0.9379030692547495,26.88708938680441,376.63152713271495,1.0734137196466098,23.698423290678285,377.2266848156807,,16.72574705444231,0.6220735466684965,-8.007509766921977,16.13058937147656,0.680660868177736,,,,16.13058937147656,1.0,13.034132809873057
285.433,0.016999999999995907,0.86659,27.458136,393.7965002695898,,,,7.3,27.28,393.4,0.9350825325374813,26.9020958359125,377.0618406144972,1.5126544045461285,23.715597910192653,377.60599698528813,,16.73465965509257,0.6220578410382777,-7.9889911941098575,16.190503284301656,0.6826942902984195,,,,16.190503284301656,1.0,13.04357885060596
285.45,0.016999999999995907,0.865932,27.472464,394.2634138038447,,,,7.3,27.3,393.8,0.9324187602393147,26.917992238965635,377.51931136313357,1.9299477039564674,23.74131303506993,378.00938072832275,,16.744102440711117,0.6220412834681215,-7.978372157169183,16.25403307552193,0.6846307553214087,,,,16.25403307552193,1.0,13.057722169288462
285.467,0.016000000000019554,0.865804,27.487696,394.73057081901857,,,,7.3,27.31,394.3,0.9301042971136114,26.9338433578897,377.9770519657068,2.3178410084418197,23.774122146037183,378.4132619273621,,16.75351885331179,0.6220248120810504,-7.911788796977799,16.317308891656467,0.6863474828397118,,,,16.317308891656467,1.0,13.075767180320451
285.483,0.016999999999995907,0.865591,27.501143,395.1704847779311,,,,7.3,27.33,394.7,0.9277931232508421,26.948725026643537,378.4081125127836,2.7125860990709914,23.811207602172296,378.7939445653482,,16.76237226514752,0.6220098445687126,-7.866085022673531,16.37654021258288,0.6877660506008461,,,,16.37654021258288,1.0,13.096164181194764
285.5,0.016999999999995907,0.865598,27.516386,395.6381292868305,,,,7.3,27.34,395.2,0.9256807300600192,26.9644975097388,378.8663749043427,3.1010784944691117,23.85732156585649,379.19912706327636,,16.771754382487813,0.6219939524714058,-7.758255824871771,16.439002223554155,0.6890548118813515,,,,16.439002223554155,1.0,13.12152686122107
285.517,0.016000000000019554,0.865448,27.529844,396.1060329277414,,,,7.3,27.34,395.2,0.9238001273451354,26.980234082149813,379.32490512287364,3.1010784944691117,23.910039900262454,379.60514963573826,,16.781127804867765,0.6219785845360845,-7.595595507964841,16.500883292003152,0.6901236200706644,,,,16.500883292003152,0.0,13.150521945144352
285.533,0.016999999999995907,0.865274,27.545094,396.54662120908597,,,,7.3,27.34,395.2,0.9220106709088605,26.995014884187352,379.75670711460486,3.1010784944691117,23.95965715617402,379.9881072121902,,16.789914094481105,0.6219635057254959,-7.442186094295037,16.558513996895783,0.6910997886557371,,,,16.558513996895783,0.0,13.177811435895713
285.55,0.016999999999995907,0.865181,27.558561,397.01501283917884,,,,7.3,27.34,395.2,0.920327045489393,27.0106890655928,380.2157555981779,3.1010784944691117,24.012375490579984,380.39586948968747,,16.79925724100093,0.6219484886226185,-7.278851407154104,16.619143349491367,0.6921074241909564,,,,16.619143349491367,0.0,13.206806519818992
285.567,0.016000000000019554,0.864845,27.573816,397.48363339483325,,,,7.3,27.34,395.2,0.9188998352825254,27.026334625366115,380.67507029955095,3.1010784944691117,24.065093824985947,380.80452797886966,,16.808563095282295,0.6219327677348551,-7.115169317165357,16.67910541596359,0.6930829165787942,,,,16.67910541596359,0.0,13.235801603742273
285.583,0.016999999999995907,0.864576,27.588182,397.9249251509938,,,,7.3,27.34,395.2,0.9175379464336524,27.041037022730652,381.1076092727363,3.1010784944691117,24.114711080897514,381.1899664181172,,16.81731587825749,0.6219183038032484,-6.9607982347126605,16.734958732876578,0.6939730140964943,,,,16.734958732876578,0.0,13.263091094493634
285.6,0.016999999999995907,0.864036,27.601639,398.3940491762257,,,,7.3,27.34,395.2,0.9162526540176277,27.05663516782002,381.56743948635585,3.1010784944691117,24.167429415303477,381.60036461233483,,16.826609689869827,0.6219032627487494,-6.796441774489917,16.79368456389085,0.6948891533021972,,,,16.79368456389085,0.0,13.292086178416914
285.617,0.01599999999996271,0.863567,27.615995,398.8634018924276,,,,7.3,27.34,395.2,0.9151463724359595,27.072211462938316,382.0275346827172,3.1010784944691117,24.22014774970944,382.01165901823737,,16.835867209710386,0.6218874003979534,-6.631737911419353,16.851742874190222,0.6957737437581233,,,,16.851742874190222,0.0,13.321081262340194
285.633,0.016999999999995907,0.86286,27.631241,399.30536834900255,,,,7.3,27.34,395.2,0.9141346208628374,27.086853804897256,382.4608072048589,3.1010784944691117,24.26976500562083,382.3995783202791,,16.844561144143654,0.6218721917825017,-6.476405160184329,16.90579002872346,0.6965782332382745,,,,16.90579002872346,0.0,13.348370753091457
285.65,0.016999999999995907,0.86257,27.644697,399.77522412927243,,,,7.3,27.34,395.2,0.9131914202926201,27.10239409345192,382.92141581199473,3.1010784944691117,24.322483340026793,382.812612431217,,16.853808317277696,0.6218568093713044,-6.311026926879762,16.96261169805541,0.6974045972575729,,,,16.96261169805541,0.0,13.377365837014738
285.667,0.016000000000019554,0.861938,27.659937,400.24530861963734,,,,7.3,27.34,395.2,0.9124234032248404,27.11791834759689,383.3822884677436,3.1010784944691117,24.375201674432756,383.22654275383985,,16.86302015189375,0.6218405091328885,-6.145301290727387,17.01876586579749,0.6982000023264849,,,,17.01876586579749,0.0,13.406360920938017
285.683,0.016999999999995907,0.8616,27.674282,400.6879779397019,,,,7.3,27.34,395.2,0.9117302382518157,27.132517122048508,383.8162919515013,3.1010784944691117,24.424818930344323,383.61694291867855,,16.871685988200625,0.6218253143380605,-5.98900687070892,17.071035021023363,0.6989216611884503,,,,17.071035021023363,0.0,13.433650411689378
285.7,0.016999999999995907,0.861189,27.688623,401.1585652349018,,,,7.3,27.34,395.2,0.911123843279938,27.148016536098787,384.27767648759544,3.1010784944691117,24.477537264750286,384.03261294633677,,16.880888747306358,0.6218092848462722,-5.8226068643225375,17.12595228856503,0.6996599414119918,,,,17.12595228856503,0.0,13.462645495612659
285.717,0.016000000000019554,0.861037,27.702072,401.6293962677122,,,,7.3,27.53,401.2,0.9106009523231657,27.163505641434543,384.73932442610436,3.494043447281014,24.53025559915625,384.4491791856799,,16.890071841607835,0.6217927856794793,-6.307440705088352,17.1802170820323,0.7003684495901965,,,,17.1802170820323,1.0,13.491640579535938
285.733,0.016999999999995907,0.860775,27.717312,402.07273963244876,,,,7.3,27.54,401.6,0.9101920551043552,27.178075256671733,385.17405707328976,3.888830336195258,24.586160294312812,384.8421105128281,,16.898682559159,0.6217762810488455,-6.164654094465975,17.23062911962063,0.7008263556959873,,,,17.23062911962063,1.0,13.522388161872048
285.75,0.016999999999995907,0.860686,27.730759,402.54405831843616,,,,7.3,27.56,402.1,0.9098254230565298,27.193548521608502,385.63621587540507,4.272721254461048,24.652270410028116,385.2606371738149,,16.907842443031086,0.6217593275697653,-6.023470685925446,17.28342114462123,0.7010884132437,,,,17.28342114462123,1.0,13.558748725515464
285.767,0.016000000000019554,0.860677,27.746004,403.01560559056304,,,,7.3,27.57,402.5,0.9095869499230306,27.20901555380046,386.09863767004595,4.606458470462796,24.724906671353935,385.68034317900657,,16.916967920517095,0.6217412712733811,-5.826502463666965,17.33526241155647,0.7011254943033195,,,,17.33526241155647,1.0,13.598698669244666
285.783,0.016999999999995907,0.860681,27.760351,403.4596518212196,,,,7.3,27.59,403.0,0.9094359138775723,27.223568944999244,386.53409834603684,4.955582753496349,24.79861000688143,386.07653131243296,,16.925553475182767,0.6217242680185714,-5.659954107224369,17.383120508786646,0.7009715667113181,,,,17.383120508786646,1.0,13.639235503784787
285.8,0.016999999999995907,0.860686,27.773804,403.931702156624,,,,7.3,27.6,403.5,0.9093136204869204,27.23902935553516,386.99703043159127,5.292185452138143,24.882854913690846,386.49882376425774,,16.93467172503273,0.621706137322088,-5.424435217644129,17.432878392366263,0.7005980002228154,,,,17.432878392366263,1.0,13.685570202529966
285.817,0.016000000000019554,0.860671,27.788153,404.4039811937509,,,,7.3,27.61,403.9,0.909254079209275,27.254487687083433,387.46022532645344,5.5804019381128125,24.972822066377173,386.92259701858825,,16.943755867297455,0.6216868231695845,-5.169608920928869,17.481384175162646,0.7000163669407301,,,,17.481384175162646,1.0,13.735052136507447
285.833,0.016999999999995907,0.860664,27.8034,404.84870180763943,,,,7.3,27.63,404.4,0.9093146321834021,27.2690357523508,387.89641351396943,5.8802438246182325,25.062108497387086,387.32287646309885,,16.952288293669994,0.6216680504446725,-4.950515254336159,17.52582534454058,0.6992957255119926,,,,17.52582534454058,1.0,13.784159673562899
285.85,0.016999999999995907,0.860624,27.817747,405.3214839735873,,,,7.3,27.64,404.8,0.9094244468619703,27.284494101097913,388.3601185177236,6.149358188453192,25.162072642405573,387.749782002787,,16.9613654558637,0.6216485228942246,-4.6612740069035095,17.57170197080029,0.6983408012735306,,,,17.57170197080029,1.0,13.839139953323066
285.867,0.01599999999996271,0.860605,27.832096,405.79451003275517,,,,7.3,27.66,405.3,0.9095695005878893,27.299954316694564,388.82408632927473,6.390791873495073,25.266611731609252,388.17842581996604,,16.970423703480435,0.6216282821067808,-4.390459552095684,17.616084212789133,0.6972080150640424,,,,17.616084212789133,1.0,13.89663645238509
285.883,0.016999999999995907,0.860634,27.846445,406.2399337261941,,,,7.3,27.67,405.8,0.9097970376424691,27.314507428703937,389.2610020232369,6.639879331521722,25.368864401584936,388.58350962903063,,16.978931702957198,0.6216085626759128,-4.091214745716297,17.656424097163494,0.6959879566410705,,,,17.656424097163494,1.0,13.952875420871717
285.9,0.016999999999995907,0.86079,27.860798,406.713447652807,,,,7.3,27.67,405.8,0.9100641964608192,27.329973978343855,389.7254801151967,6.639879331521722,25.481742350220777,389.01573978642085,,16.987967537610302,0.6215874025738732,-3.721182439788233,17.697707866386168,0.6945250298487863,,,,17.697707866386168,0.0,14.01495829262143
285.917,0.016000000000019554,0.861092,27.87426,407.1872056029619,,,,7.3,27.67,405.8,0.9103162374879805,27.345445069683684,390.19022117710483,6.639879331521722,25.59462029885662,389.4498888689379,,16.99698442585708,0.6215654703203443,-3.3495574549491387,17.737316734024034,0.6930095671244011,,,,17.737316734024034,0.0,14.077041164371142
285.933,0.016999999999995907,0.861323,27.889515,407.6333039827385,,,,7.3,27.67,405.8,0.9106858099673789,27.36001012948351,390.6278648186987,6.639879331521722,25.700858368161096,389.86025269827456,,17.005439164039785,0.6215435989811458,-2.998337859416625,17.773051284463918,0.6915353187768096,,,,17.773051284463918,0.0,14.135472102488604
285.95,0.016999999999995907,0.860866,27.902956,408.1075501989119,,,,7.3,27.67,405.8,0.9110241478597758,27.37549178825295,391.09311658499934,6.639879331521722,25.813736316796938,390.2981267530966,,17.01443361391256,0.6215206559764377,-2.623621203750235,17.8094234458153,0.6899204062228972,,,,17.8094234458153,0.0,14.197554974238317
285.967,0.016000000000019554,0.859628,27.918159,408.5820248460488,,,,7.3,27.67,405.8,0.9113571680430389,27.390979198766562,391.5586315883889,6.639879331521722,25.92661426543278,390.73791973304543,,17.023393257659905,0.6214963376857473,-2.247311869172821,17.844105113003366,0.6882543524703264,,,,17.844105113003366,0.0,14.25963784598803
285.983,0.033999999999991815,0.858509,27.932453,409.02882542243333,,,,7.3,27.67,405.8,0.9120911448687482,27.40556091345527,391.9970039092872,6.639879331521722,26.032852334737257,391.15359546584733,,17.031821513146156,0.6214731954194036,-1.8916834738865886,17.875229956585997,0.6866412380303777,,,,17.875229956585997,0.0,14.318068784105492
286.017,0.016000000000019554,0.857786,27.960148,409.9790250426351,,,,7.3,27.67,405.8,0.9123917901253914,27.436572012380797,392.9293201690262,6.639879331521722,26.258608232008942,392.04255029548176,,17.049704873608903,0.6214225620429257,-1.1312887841661174,17.93647474715334,0.6830702750379962,,,,17.93647474715334,0.0,14.442234527604919
286.033,0.016999999999995907,0.857853,27.975338,410.42649720724364,,,,7.3,27.67,405.8,0.9127843850872782,27.451170281022822,393.368422107374,6.639879331521722,26.36484630131342,392.4635379317489,,17.058075099869654,0.6213970087702241,-0.771251589126166,17.962959275494768,0.6813223589549204,,,,17.962959275494768,0.0,14.500665465722383
286.05,0.016999999999995907,0.857927,27.988741,410.90220191300205,,,,7.3,27.67,405.8,0.9131372868662838,27.466687615569302,393.8352238994949,6.639879331521722,26.47772424994926,392.91269978143447,,17.06697801350714,0.6213700848235096,-0.3871662339831303,17.989502131567576,0.6794202538612074,,,,17.989502131567576,0.0,14.562748337472096
286.067,0.03300000000001546,0.857917,28.003929,411.3781344804534,,,,7.3,27.67,405.8,0.9138760579241688,27.482210949446024,394.30228953729744,6.639879331521722,26.590602198585103,393.3637805562469,,17.07584494315597,0.6213417462869806,-0.0014881999290636827,18.01435392420649,0.6774707014783231,,,,18.01435392420649,0.0,14.624831209221808
286.1,0.016999999999995907,0.857805,28.03162,412.30273127326035,,,,7.3,27.84,411.4,0.9142222340629239,27.512368859357537,395.2097001041431,6.676852534468739,26.80971821652542,394.24488584309665,,17.09303116911724,0.621285330118113,0.16193374974597807,18.057845430163695,0.6735559577434461,,,,18.057845430163695,1.0,14.745345019088983
286.117,0.01599999999996271,0.857725,28.04591,412.7793927660827,,,,7.3,27.87,412.3,0.9145267673652919,27.527910637336603,395.6775424798649,6.769018376633958,26.923224709611365,394.7016158579687,,17.101850286217825,0.6212549332756943,0.4500180187253795,18.077776908114004,0.6714565993894628,,,,18.077776908114004,1.0,14.807773590286251
286.133,0.016999999999995907,0.857628,28.061092,413.22823711488167,,,,7.3,27.89,412.8,0.9148981757342544,27.542543065614414,396.1181061094874,6.8608371175994565,27.031529003637257,395.1332538876737,,17.110131005394237,0.6212255333370229,0.7563691675188622,18.09498322720799,0.6694028748715324,,,,18.09498322720799,1.0,14.867340952000493
286.15,0.016999999999995907,0.857528,28.075378,413.70539960612757,,,,7.3,27.9,413.2,0.9152415022116281,27.558096334601892,396.5864615443892,6.92264807180427,27.14816323463642,395.5937812716989,,17.11893806173839,0.6211945068297002,1.128114261867685,18.11161833442867,0.6671397316235869,,,,18.11161833442867,1.0,14.931489779050032
286.167,0.016000000000019554,0.857418,28.089664,414.1828049449235,,,,7.3,27.92,413.7,0.9155347808920172,27.573655440139486,397.05508143447435,6.970035798796626,27.265848251857065,396.05630036933394,,17.12772351044913,0.6211626002084577,1.4703398810167658,18.126504575589536,0.6648061856779001,,,,18.126504575589536,1.0,14.996216538521386
286.183,0.016999999999995907,0.857296,28.103947,414.632349318428,,,,7.3,27.93,414.2,0.9158484136585591,27.588303996633776,397.49637710996905,7.014363014474285,27.377368824637948,396.4934461059464,,17.135972208458952,0.6211317741949567,1.827450867479913,18.13890321248158,0.6625510043959258,,,,18.13890321248158,1.0,15.057552853550872
286.2,0.016999999999995907,0.857167,28.117334,415.1102402966999,,,,7.3,27.94,414.6,0.9160869625973406,27.60387341966597,397.9655106180075,7.0293187965634925,27.496612995883982,396.9598749514208,,17.144729678692386,0.6210986921305717,2.213419189926883,18.150365345279113,0.6600945850311117,,,,18.150365345279113,1.0,15.123137147736191
286.217,0.016000000000019554,0.857012,28.132505,415.5883588353313,,,,7.3,27.96,415.1,0.9163071872868237,27.61944689803012,398.4349088407078,7.033277908626297,27.616111415425532,397.4283331089168,,17.153449994623486,0.6210642109508322,2.5671117483673256,18.160025726414517,0.6575880815816405,,,,18.160025726414517,1.0,15.188861278484044
286.233,0.016999999999995907,0.856874,28.146782,416.03858861286784,,,,7.3,27.97,415.6,0.9165356932129469,27.634107813026727,398.87693727839684,7.032195686295033,27.72864386196369,397.8710911511364,,17.161651334471003,0.6210314966774861,2.9326637876724124,18.167497461731443,0.6551888203466166,,,,18.167497461731443,1.0,15.25075412408003
286.25,0.016999999999995907,0.857754,28.16118,416.51720772516074,,,,7.3,27.99,416.0,0.9167531883322775,27.649688919811343,399.34684955062585,7.003015078918055,27.848191188630675,398.34349424906634,,17.170358174534897,0.6209964323407676,3.289922398771024,18.173713476094406,0.6525994220951061,,,,18.173713476094406,1.0,15.316505153746872
286.267,0.016000000000019554,0.857534,28.175306,416.9960717306136,,,,7.3,27.99,416.0,0.9169044106551802,27.665273724012987,399.8170267330982,7.003015078918055,27.967242444972253,398.81792543495186,,17.179044997515405,0.6209606009646774,3.7171336179883294,18.178146295661747,0.6499799303212921,,,,18.178146295661747,0.0,15.38198334473474
286.283,0.016999999999995907,0.848855,28.189425,417.4469863909662,,,,7.3,27.99,416.0,0.9168066013803436,27.679944194583488,400.2597884764475,7.003015078918055,28.07929068623508,399.26629770000204,,17.187197914518663,0.6209260319925759,4.120833158754017,18.180688690964132,0.6474767790297709,,,,18.180688690964132,0.0,15.443609877429296
286.3,0.016999999999995907,0.855416,28.20381,417.9263292755136,,,,7.3,27.99,416.0,0.9168602006106334,27.69552990680695,400.7304800063092,7.003015078918055,28.198341942576658,399.7446575773468,,17.19584926920436,0.6208889783682384,4.551483463662542,18.18167169816678,0.6447780417441596,,,,18.18167169816678,0.0,15.509088068417164
286.317,0.016000000000019554,0.859953,28.21726,418.40591765312547,,,,7.3,27.99,416.0,0.9169533374602861,27.71111653021733,401.2014365010238,7.003015078918055,28.317393198918236,400.2250413260494,,17.204481152101664,0.6208512433391559,4.9839054187756275,18.180876327076078,0.6420391947578922,,,,18.180876327076078,0.0,15.574566259405032
286.333,0.016999999999995907,0.858185,28.232403,418.85750388711,,,,7.3,27.99,416.0,0.9170223752571282,27.72578778361671,401.644931735535,7.003015078918055,28.429441440181062,400.67901600316276,,17.21257215157499,0.620814538649321,5.392509181560877,18.17848788394724,0.6394247288395359,,,,18.17848788394724,0.0,15.636192792099585
286.35,0.016999999999995907,0.865345,28.246992,419.3375787458424,,,,7.3,27.99,416.0,0.917252392824293,27.741377163996077,402.1164026375896,7.003015078918055,28.54849269652264,401.1633284433246,,17.22117610825279,0.6207758182460803,5.828370222365175,18.174250302517805,0.6366098026860636,,,,18.174250302517805,0.0,15.701670983087453
286.367,0.01599999999996271,0.862616,28.261168,419.8179026521948,,,,7.3,27.99,416.0,0.9173334088616397,27.756970454674086,402.58813859234823,7.003015078918055,28.667543952864218,401.64966475484425,,17.22976405984656,0.6207364772744924,6.26600291337404,18.168237897350537,0.6337563457554347,,,,18.168237897350537,0.0,15.767149174075321
286.383,0.016999999999995907,0.84739,28.275085,420.2701917550417,,,,7.3,27.99,416.0,0.9169548186545506,27.771647789215837,403.03236753829833,7.003015078918055,28.779592194126646,402.1092418440191,,17.237824216743377,0.620698647324668,6.679510898177382,18.160949911022612,0.6310356932274012,,,,18.160949911022612,0.0,15.828775706769656
286.4,0.016999999999995907,0.841356,28.289095,420.7509906478966,,,,7.3,27.99,416.0,0.9163523002183923,27.787236021132962,403.5046180506862,7.003015078918055,28.898643450468224,402.599506846998,,17.24637259721038,0.6206580814332897,7.120582674877452,18.151483800898575,0.6281085073079609,,,,18.151483800898575,0.0,15.894253897757524
286.417,0.016000000000019554,0.843751,28.302334,421.23202683883846,,,,7.3,27.99,416.0,0.915772237468395,27.80281401023667,403.9771334759527,7.003015078918055,29.017694706809802,403.09179572133473,,17.254893362885753,0.6206167964340841,7.56342610178209,18.14023111750373,0.6251437717844149,,,,18.14023111750373,0.0,15.959732088745392
286.433,0.016999999999995907,0.908061,28.319408,421.68497218296704,,,,7.3,27.99,416.0,0.9170732342043633,27.817466366036182,404.4220957189635,7.003015078918055,29.12974294807263,403.55697522257435,,17.26287646400357,0.6205768791754783,7.981838308606456,18.127996960392693,0.6223191530631799,,,,18.127996960392693,0.0,16.021358621439948
286.45,0.016999999999995907,0.889543,28.333693,422.16653333378144,,,,7.3,28.16,421.7,0.9177371465679292,27.833056611017653,404.89512516426834,6.788039789134952,29.248794204414207,404.0531927883704,,17.27140816951311,0.6205358042736945,7.831527071202302,18.113340545411063,0.6192850350965036,,,,18.113340545411063,1.0,16.086836812427816
286.467,0.016000000000019554,0.864374,28.347826,422.6483346537448,,,,7.3,28.17,422.2,0.9176007405666997,27.848658142509304,405.3684197396732,6.580069469252925,29.364190880829472,404.5514031615948,,17.27991491407164,0.6204936275796674,8.230594468444734,18.09693149215002,0.616292530095378,,,,18.09693149215002,1.0,16.150304984456213
286.483,0.016999999999995907,0.8524,28.361908,423.1020105096174,,,,7.3,28.19,422.6,0.9170840316805242,27.86333975435839,405.81411572284867,6.34205682346459,29.46947199233765,405.02207246458073,,17.28789478676873,0.6204530734354827,8.557802168432087,18.07993804503667,0.6135141494811183,,,,18.07993804503667,1.0,16.208209595785707
286.5,0.016999999999995907,0.841655,28.375467,423.58428611741726,,,,7.3,28.2,423.1,0.9161836128785151,27.878930182896955,406.2879250173153,6.09943281910317,29.577286958336522,405.5239699156613,,17.29636110010199,0.6204097856923106,8.931222684320133,18.06031620175594,0.6106143618647734,,,,18.06031620175594,1.0,16.267507827085087
286.517,0.016000000000019554,0.822614,28.389421,424.0667906755647,,,,7.2,28.22,423.6,0.914783109115528,27.894505304315885,406.7619992189565,5.864921326269574,29.680977316261252,406.0276651619953,,17.3047914566082,0.6203655977340732,9.255098634652066,18.039125513569388,0.6077672349315241,,,,18.039125513569388,1.0,16.32453752394369
286.533,0.016999999999995907,0.852457,28.403774,424.52112670615725,,,,7.2,28.23,424.1,0.9141549244656607,27.909141834061753,407.20842839606405,5.617465611224473,29.77481605748168,406.5033115089858,,17.312698310093197,0.620323563262124,9.577904809302467,18.017815197171444,0.6051360707783117,,,,18.017815197171444,1.0,16.376148831614923
286.55,0.016999999999995907,0.844958,28.417627,425.0041140441936,,,,7.3,28.24,424.5,0.9132465040643754,27.924682467777664,407.68301590262956,5.352075984855083,29.870312972872473,407.0102951057437,,17.32109814156405,0.6202791441424945,9.908156115871849,17.99381893844992,0.6023980717842324,,,,17.99381893844992,1.0,16.42867213507986
286.567,0.016000000000019554,0.833722,28.431396,425.4873357996245,,,,7.2,28.26,425.0,0.9120341552246903,27.940207658346754,408.1578674687015,5.097896829583979,29.96129826461499,407.5188638012622,,17.329468330922964,0.6202340563401655,10.186866932787808,17.968471998362247,0.5997227436430365,,,,17.968471998362247,1.0,16.478714045538243
286.583,0.016999999999995907,0.830654,28.444374,425.942344852041,,,,7.2,28.27,425.5,0.9106128935879,27.954800204830367,408.6050275316075,4.831306179586795,30.042864613888433,407.99889710429085,,17.3373173204335,0.6201910653411771,10.465587349415706,17.943447747750156,0.5972615454071956,,,,17.943447747750156,1.0,16.52357553763864
286.6,0.016999999999995907,0.804192,28.458063,426.4260192395439,,,,7.2,28.28,425.9,0.9083991970893401,27.970280624021356,409.08039071865267,4.5458563103251635,30.12499681894139,408.51032392646977,,17.34562852089124,0.6201449586456603,10.747314265720943,17.91569531307414,0.5947119404112092,,,,17.91569531307414,1.0,16.568748250417766
286.617,0.01599999999996271,0.793359,28.471476,426.9099225162878,,,,7.2,28.3,426.4,0.9060025966176338,27.98572341037187,409.55601675294486,4.27732472770919,30.2022763762169,409.0231057486285,,17.353905763342937,0.6200985234103813,10.975696281708533,17.886816767659298,0.5922340602691941,,,,17.886816767659298,1.0,16.611252006919297
286.633,0.016999999999995907,0.815542,28.485437,427.36556768223875,,,,7.2,28.31,426.9,0.9041204697687293,28.00021945191772,410.0039042958421,3.99724878142934,30.27071357186009,409.506889668212,,17.36166338639663,0.6200545469370433,11.20582136653568,17.858678014026736,0.589965544473597,,,,17.858678014026736,1.0,16.64889246452305
286.65,0.016999999999995907,0.835173,28.49958,427.84993795705765,,,,7.2,28.31,426.9,0.9027796181799929,28.015589499903783,410.48003867193245,3.99724878142934,30.33866680114437,410.0220694013824,,17.3698992851252,0.6200083451817017,11.47002938454317,17.827868555675252,0.5876286084859467,,,,17.827868555675252,0.0,16.686266740629407
286.667,0.016000000000019554,0.845819,28.513783,428.334551499556,,,,7.2,28.31,426.9,0.9017706356808884,28.03093675341284,410.95643414508555,3.99724878142934,30.406620030428652,410.53840433945066,,17.378117354470476,0.619962062179554,11.734814607721926,17.796147160105363,0.5852721263427609,,,,17.796147160105363,0.0,16.72364101673576
286.683,0.016999999999995907,0.850677,28.528008,428.7908802923886,,,,7.2,28.31,426.9,0.9008315222352582,28.04536508358375,411.405044559782,3.99724878142934,30.470576010931598,411.0254219077821,,17.38583573260655,0.6199183245000182,11.984551503465676,17.76545838460646,0.5830365129373642,,,,17.76545838460646,0.0,16.75881680601238
286.7,0.016999999999995907,0.85278,28.542242,429.27597935121497,,,,7.2,28.31,426.9,0.8999068325075645,28.060679219461747,411.88194593635785,3.99724878142934,30.53852924021588,411.54399930241675,,17.39403341485712,0.6198721448906812,12.250457183741613,17.73198004879822,0.5806428957111385,,,,17.73198004879822,0.0,16.796191082118735
286.717,0.016000000000019554,0.853633,28.556479,429.7613206919249,,,,7.2,28.31,426.9,0.8990157615833754,28.07597763561437,412.3591075196259,3.99724878142934,30.60648246950016,412.0637319019492,,17.402213172298957,0.619825724259883,12.51694006918882,17.69758878997567,0.5782300794484173,,,,17.69758878997567,0.0,16.83356535822509
286.733,0.016999999999995907,0.853809,28.570711,430.21833362094947,,,,7.2,28.31,426.9,0.8980656696049816,28.090361887799723,412.80843823581375,3.99724878142934,30.670438450003108,412.5539472693058,,17.409895385135712,0.619781811807032,12.768274764714631,17.664386351643657,0.5759417616555744,,,,17.664386351643657,0.0,16.868741147501712
286.75,0.016999999999995907,0.853678,28.584051,430.70415908334985,,,,7.2,28.31,426.9,0.8970300378789279,28.105629004183005,413.28610415839546,3.99724878142934,30.73839167928739,413.07592232540463,,17.41805492495439,0.6197354601941851,13.035878107259009,17.628236757945217,0.5734924891930421,,,,17.628236757945217,0.0,16.906115423608064
286.767,0.016000000000019554,0.853356,28.599161,431.19021130682074,,,,7.2,28.31,426.9,0.8960402410784056,28.12087851482694,413.76402947230696,3.99724878142934,30.80634490857167,413.5990525864013,,17.426181834513784,0.6196883865248272,13.304058654974657,17.591158720419457,0.5710238839637489,,,,17.591158720419457,0.0,16.94348969971442
286.783,0.016999999999995907,0.853034,28.613379,431.6479071123893,,,,7.2,28.31,426.9,0.8949753381185073,28.135215158684215,414.2140782216956,3.99724878142934,30.870300889074617,414.092465752783,,17.43382889069369,0.6196444133220913,13.556991150282535,17.555441359606277,0.5686838435001897,,,,17.555441359606277,0.0,16.97866548899104
286.8,0.016999999999995907,0.852538,28.627586,432.13445781880216,,,,7.2,28.31,426.9,0.8938568526851752,28.150429739432226,414.69250620332946,3.99724878142934,30.9382541183589,414.6178384703461,,17.441951615472703,0.6195980586058539,13.826292155095356,17.51661934845606,0.5661799557739627,,,,17.51661934845606,0.0,17.016039765097396
286.817,0.016000000000019554,0.852225,28.641792,432.62124997254307,,,,7.2,28.31,426.9,0.8927603437796948,28.165625305927872,415.1711926712149,3.99724878142934,31.00620734764318,415.144366392807,,17.450057301328172,0.6195515672664846,14.096170365079443,17.476883579736068,0.5636575729428742,,,,17.476883579736068,0.0,17.05341404120375
286.833,0.016999999999995907,0.851988,28.655107,433.07962772934366,,,,7.3,28.48,432.6,0.8915523755298653,28.179909471428363,415.6219569494343,3.553882635667371,31.070163328146126,415.6409773582139,,17.457670779909336,0.6195076956371944,13.747306910169382,17.438650371129768,0.5612667750391992,,,,17.438650371129768,1.0,17.08858983048037
286.85,0.016999999999995907,0.851842,28.670197,433.56688766060955,,,,7.3,28.5,433.1,0.8903431882421841,28.195065861812367,416.10114423976677,3.11691949871151,31.130579332952458,416.1696836708331,,17.465743420842784,0.6194609903181156,13.916993533623163,17.39720398977647,0.5588461365818888,,,,17.39720398977647,1.0,17.12181863312385
286.867,0.01599999999996271,0.85158,28.684395,434.0544041007784,,,,7.3,28.51,433.6,0.8891681454772263,28.21020169601248,416.5805890140082,2.711837937421587,31.18356696443054,416.69935391436076,,17.47381508677023,0.6194147519774791,14.093028485513276,17.355050186417657,0.5565447405748564,,,,17.355050186417657,1.0,17.1509618304368
