Quantized_Prec_Acc,Quantized_Prec_Vel,Quantized_Prec_Pos,Received_Prec_Acc,Received_Prec_Vel,Received_Prec_Pos,Mitigated_Prec_Acc,Mitigated_Prec_Vel,Mitigated_Prec_Pos,Confidence,Miti_List,Miti_List_2D
1.5,22.9,0.0,1.5,22.9,0.0,1.3,22.9,0.0,0,"[{""pair"": [2, 3, 0, 8], ""acc"": 1.3, ""vel"": 22.9, ""pos"": 0.0, ""error"": 0}, {""pair"": [3, 8, 2, 3], ""acc"": 1.5, ""vel"": 22.9, ""pos"": 0.0, ""error"": 0}]",[]
1.5,22.93,0.4,1.5,22.93,0.6,1.5,22.93,0.4,0,"[{""pair"": [3, 7, 2, 11], ""acc"": 1.5, ""vel"": 22.93, ""pos"": 0.4, ""error"": 0.0394079999995236}, {""pair"": [3, 7, 3, 11], ""acc"": 1.5, ""vel"": 22.93, ""pos"": 0.6, ""error"": 0.23940799999952356}, {""pair"": [3, 7, 1, 11], ""acc"": 1.5, ""vel"": 22.89, ""pos"": 0.6, ""error"": 0.26423359999957596}, {""pair"": [1, 7, 2, 11], ""acc"": 1.5, ""vel"": 22.93, ""pos"": 819.6, ""error"": 819.2394079999996}, {""pair"": [3, 11, 1, 7], ""acc"": 1.5, ""vel"": 22.93, ""pos"": 819.8, ""error"": 819.4394079999995}, {""pair"": [1, 7, 1, 11], ""acc"": 1.5, ""vel"": 22.89, ""pos"": 819.8, ""error"": 819.4642335999995}]","[[{""pair"": [3, 7, 3, 11], ""acc"": 1.5, ""vel"": 22.93, ""pos"": 0.6, ""error"": 0.24263359999952683}, {""pair"": [3, 7, 3, 11], ""acc"": 1.5, ""vel"": 22.93, ""pos"": 0.6, ""error"": 0.23940799999952356}], [{""pair"": [3, 7, 1, 11], ""acc"": 1.5, ""vel"": 22.89, ""pos"": 0.6, ""error"": 0.26423359999957596}, {""pair"": [3, 7, 1, 11], ""acc"": 1.5, ""vel"": 22.89, ""pos"": 0.6, ""error"": 0.2674079999995791}], [{""pair"": [3, 7, 2, 11], ""acc"": 1.5, ""vel"": 22.93, ""pos"": 0.4, ""error"": 0.04263359999952687}, {""pair"": [3, 7, 2, 11], ""acc"": 1.5, ""vel"": 22.93, ""pos"": 0.4, ""error"": 0.0394079999995236}], [{""pair"": [3, 11, 1, 7], ""acc"": 1.5, ""vel"": 22.93, ""pos"": 819.8, ""error"": 819.4426335999995}, {""pair"": [3, 11, 1, 7], ""acc"": 1.5, ""vel"": 22.93, ""pos"": 819.8, ""error"": 819.4394079999995}], [{""pair"": [3, 11, 2, 7], ""acc"": 1.5, ""vel"": 22.93, ""pos"": 0.6, ""error"": 0.24263359999952683}, {""pair"": [3, 11, 2, 7], ""acc"": 1.5, ""vel"": 22.93, ""pos"": 0.6, ""error"": 0.23940799999952356}], [{""pair"": [1, 7, 1, 11], ""acc"": 1.5, ""vel"": 22.89, ""pos"": 819.8, ""error"": 819.4642335999995}, {""pair"": [1, 7, 1, 11], ""acc"": 1.5, ""vel"": 22.89, ""pos"": 819.8, ""error"": 819.4674079999995}], [{""pair"": [1, 7, 2, 11], ""acc"": 1.5, ""vel"": 22.93, ""pos"": 819.6, ""error"": 819.2426335999995}, {""pair"": [1, 7, 2, 11], ""acc"": 1.5, ""vel"": 22.93, ""pos"": 819.6, ""error"": 819.2394079999996}], [{""pair"": [2, 7, 1, 11], ""acc"": 1.5, ""vel"": 22.89, ""pos"": 0.6, ""error"": 0.26423359999957596}, {""pair"": [2, 7, 1, 11], ""acc"": 1.5, ""vel"": 22.89, ""pos"": 0.6, ""error"": 0.2674079999995791}], [{""pair"": [2, 7, 2, 11], ""acc"": 1.5, ""vel"": 22.93, ""pos"": 0.4, ""error"": 0.04263359999952687}, {""pair"": [2, 7, 2, 11], ""acc"": 1.5, ""vel"": 22.93, ""pos"": 0.4, ""error"": 0.0394079999995236}]]"
1.5,22.96,0.8,1.5,22.96,0.8,1.5,22.96,820.0,0,"[{""pair"": [2, 4, 1, 7], ""acc"": 1.5, ""vel"": 22.96, ""pos"": 820.0, ""error"": 0.014473250000037297}, {""pair"": [3, 7, 2, 4], ""acc"": 1.5, ""vel"": 22.96, ""pos"": 0.8, ""error"": 0.014473250000101245}, {""pair"": [0, 4, 1, 7], ""acc"": 1.5, ""vel"": 2.48, ""pos"": 820.0, ""error"": 20.485473250000023}, {""pair"": [3, 7, 0, 4], ""acc"": 1.5, ""vel"": 2.48, ""pos"": 0.8, ""error"": 20.485473250000087}]","[[{""pair"": [3, 7, 0, 4], ""acc"": 1.5, ""vel"": 2.48, ""pos"": 0.8, ""error"": 20.485473250000087}, {""pair"": [3, 7, 0, 4], ""acc"": 1.5, ""vel"": 2.48, ""pos"": 0.8, ""error"": 20.6655267499999}, {""pair"": [3, 7, 0, 4], ""acc"": 1.5, ""vel"": 2.48, ""pos"": 0.8, ""error"": 20.6248467499999}, {""pair"": [3, 7, 0, 4], ""acc"": 1.5, ""vel"": 2.48, ""pos"": 0.8, ""error"": 839.66552675}, {""pair"": [3, 7, 0, 4], ""acc"": 1.5, ""vel"": 2.48, ""pos"": 0.8, ""error"": 839.86552675}, {""pair"": [3, 7, 0, 4], ""acc"": 1.5, ""vel"": 2.48, ""pos"": 0.8, ""error"": 839.82484675}], [{""pair"": [3, 7, 2, 4], ""acc"": 1.5, ""vel"": 22.96, ""pos"": 0.8, ""error"": 0.014473250000101245}, {""pair"": [3, 7, 2, 4], ""acc"": 1.5, ""vel"": 22.96, ""pos"": 0.8, ""error"": 0.19452674999991326}, {""pair"": [3, 7, 2, 4], ""acc"": 1.5, ""vel"": 22.96, ""pos"": 0.8, ""error"": 0.23384674999991262}, {""pair"": [3, 7, 2, 4], ""acc"": 1.5, ""vel"": 22.96, ""pos"": 0.8, ""error"": 819.19452675}, {""pair"": [3, 7, 2, 4], ""acc"": 1.5, ""vel"": 22.96, ""pos"": 0.8, ""error"": 819.39452675}, {""pair"": [3, 7, 2, 4], ""acc"": 1.5, ""vel"": 22.96, ""pos"": 0.8, ""error"": 819.4338467499999}], [{""pair"": [0, 4, 1, 7], ""acc"": 1.5, ""vel"": 2.48, ""pos"": 820.0, ""error"": 839.6854732500001}, {""pair"": [0, 4, 1, 7], ""acc"": 1.5, ""vel"": 2.48, ""pos"": 820.0, ""error"": 839.4854732500002}, {""pair"": [0, 4, 1, 7], ""acc"": 1.5, ""vel"": 2.48, ""pos"": 820.0, ""error"": 839.4461532500002}, {""pair"": [0, 4, 1, 7], ""acc"": 1.5, ""vel"": 2.48, ""pos"": 820.0, ""error"": 20.485473250000023}, {""pair"": [0, 4, 1, 7], ""acc"": 1.5, ""vel"": 2.48, ""pos"": 820.0, ""error"": 20.665526749999895}, {""pair"": [0, 4, 1, 7], ""acc"": 1.5, ""vel"": 2.48, ""pos"": 820.0, ""error"": 20.624846749999907}], [{""pair"": [0, 4, 2, 7], ""acc"": 1.5, ""vel"": 2.48, ""pos"": 0.8, ""error"": 20.485473250000087}, {""pair"": [0, 4, 2, 7], ""acc"": 1.5, ""vel"": 2.48, ""pos"": 0.8, ""error"": 20.6655267499999}, {""pair"": [0, 4, 2, 7], ""acc"": 1.5, ""vel"": 2.48, ""pos"": 0.8, ""error"": 20.6248467499999}, {""pair"": [0, 4, 2, 7], ""acc"": 1.5, ""vel"": 2.48, ""pos"": 0.8, ""error"": 839.66552675}, {""pair"": [0, 4, 2, 7], ""acc"": 1.5, ""vel"": 2.48, ""pos"": 0.8, ""error"": 839.86552675}, {""pair"": [0, 4, 2, 7], ""acc"": 1.5, ""vel"": 2.48, ""pos"": 0.8, ""error"": 839.82484675}], [{""pair"": [2, 4, 1, 7], ""acc"": 1.5, ""vel"": 22.96, ""pos"": 820.0, ""error"": 819.2144732500001}, {""pair"": [2, 4, 1, 7], ""acc"": 1.5, ""vel"": 22.96, ""pos"": 820.0, ""error"": 819.0144732500002}, {""pair"": [2, 4, 1, 7], ""acc"": 1.5, ""vel"": 22.96, ""pos"": 820.0, ""error"": 819.0551532500001}, {""pair"": [2, 4, 1, 7], ""acc"": 1.5, ""vel"": 22.96, ""pos"": 820.0, ""error"": 0.014473250000037297}, {""pair"": [2, 4, 1, 7], ""acc"": 1.5, ""vel"": 22.96, ""pos"": 820.0, ""error"": 0.19452674999990904}, {""pair"": [2, 4, 1, 7], ""acc"": 1.5, ""vel"": 22.96, ""pos"": 820.0, ""error"": 0.23384674999991972}], [{""pair"": [2, 4, 2, 7], ""acc"": 1.5, ""vel"": 22.96, ""pos"": 0.8, ""error"": 0.014473250000101245}, {""pair"": [2, 4, 2, 7], ""acc"": 1.5, ""vel"": 22.96, ""pos"": 0.8, ""error"": 0.19452674999991326}, {""pair"": [2, 4, 2, 7], ""acc"": 1.5, ""vel"": 22.96, ""pos"": 0.8, ""error"": 0.23384674999991262}, {""pair"": [2, 4, 2, 7], ""acc"": 1.5, ""vel"": 22.96, ""pos"": 0.8, ""error"": 819.19452675}, {""pair"": [2, 4, 2, 7], ""acc"": 1.5, ""vel"": 22.96, ""pos"": 0.8, ""error"": 819.39452675}, {""pair"": [2, 4, 2, 7], ""acc"": 1.5, ""vel"": 22.96, ""pos"": 0.8, ""error"": 819.4338467499999}]]"
1.5,22.98,1.1,1.5,22.98,1.1,1.5,22.98,1.1,0,"[{""pair"": [3, 9, 3, 15], ""acc"": 1.5, ""vel"": 22.98, ""pos"": 1.1, ""error"": 0.0960367499999002}, {""pair"": [3, 15, 0, 9], ""acc"": 1.1, ""vel"": 22.98, ""pos"": 1.1, ""error"": 0.0960367499999002}, {""pair"": [3, 9, 1, 15], ""acc"": 1.5, ""vel"": 22.34, ""pos"": 1.1, ""error"": 0.7360367499999008}, {""pair"": [0, 9, 1, 15], ""acc"": 1.1, ""vel"": 22.34, ""pos"": 1.1, ""error"": 0.7360367499999008}]","[[{""pair"": [3, 9, 3, 15], ""acc"": 1.5, ""vel"": 22.98, ""pos"": 1.1, ""error"": 819.2960367499999}, {""pair"": [3, 9, 3, 15], ""acc"": 1.5, ""vel"": 22.98, ""pos"": 1.1, ""error"": 0.0960367499999002}, {""pair"": [3, 9, 3, 15], ""acc"": 1.5, ""vel"": 22.98, ""pos"": 1.1, ""error"": 839.41687675}, {""pair"": [3, 9, 3, 15], ""acc"": 1.5, ""vel"": 22.98, ""pos"": 1.1, ""error"": 20.732123250000015}], [{""pair"": [3, 9, 1, 15], ""acc"": 1.5, ""vel"": 22.34, ""pos"": 1.1, ""error"": 819.9360367499999}, {""pair"": [3, 9, 1, 15], ""acc"": 1.5, ""vel"": 22.34, ""pos"": 1.1, ""error"": 0.7360367499999008}, {""pair"": [3, 9, 1, 15], ""acc"": 1.5, ""vel"": 22.34, ""pos"": 1.1, ""error"": 838.77687675}, {""pair"": [3, 9, 1, 15], ""acc"": 1.5, ""vel"": 22.34, ""pos"": 1.1, ""error"": 20.092123250000014}], [{""pair"": [3, 15, 0, 9], ""acc"": 1.1, ""vel"": 22.98, ""pos"": 1.1, ""error"": 819.2960367499999}, {""pair"": [3, 15, 0, 9], ""acc"": 1.1, ""vel"": 22.98, ""pos"": 1.1, ""error"": 0.0960367499999002}, {""pair"": [3, 15, 0, 9], ""acc"": 1.1, ""vel"": 22.98, ""pos"": 1.1, ""error"": 839.41687675}, {""pair"": [3, 15, 0, 9], ""acc"": 1.1, ""vel"": 22.98, ""pos"": 1.1, ""error"": 20.732123250000015}], [{""pair"": [0, 9, 1, 15], ""acc"": 1.1, ""vel"": 22.34, ""pos"": 1.1, ""error"": 819.9360367499999}, {""pair"": [0, 9, 1, 15], ""acc"": 1.1, ""vel"": 22.34, ""pos"": 1.1, ""error"": 0.7360367499999008}, {""pair"": [0, 9, 1, 15], ""acc"": 1.1, ""vel"": 22.34, ""pos"": 1.1, ""error"": 838.77687675}, {""pair"": [0, 9, 1, 15], ""acc"": 1.1, ""vel"": 22.34, ""pos"": 1.1, ""error"": 20.092123250000014}]]"
1.5,23.01,1.5,1.5,23.01,1.5,1.5,23.01,1.5,1,"[{""pair"": [3, 2, 3, 9], ""acc"": 1.5, ""vel"": 23.01, ""pos"": 1.5, ""error"": 0.03812799999952188}]","[[{""pair"": [3, 2, 3, 9], ""acc"": 1.5, ""vel"": 23.01, ""pos"": 1.5, ""error"": 0.03812799999952188}, {""pair"": [3, 2, 3, 9], ""acc"": 1.5, ""vel"": 23.01, ""pos"": 1.5, ""error"": 0.04457919999952842}, {""pair"": [3, 2, 3, 9], ""acc"": 1.5, ""vel"": 23.01, ""pos"": 1.5, ""error"": 0.6883679999995349}, {""pair"": [3, 2, 3, 9], ""acc"": 1.5, ""vel"": 23.01, ""pos"": 1.5, ""error"": 0.6948191999995414}], [{""pair"": [3, 2, 2, 9], ""acc"": 1.5, ""vel"": 23.01, ""pos"": 1.5, ""error"": 0.03812799999952188}, {""pair"": [3, 2, 2, 9], ""acc"": 1.5, ""vel"": 23.01, ""pos"": 1.5, ""error"": 0.04457919999952842}, {""pair"": [3, 2, 2, 9], ""acc"": 1.5, ""vel"": 23.01, ""pos"": 1.5, ""error"": 0.6883679999995349}, {""pair"": [3, 2, 2, 9], ""acc"": 1.5, ""vel"": 23.01, ""pos"": 1.5, ""error"": 0.6948191999995414}], [{""pair"": [3, 9, 2, 2], ""acc"": 1.5, ""vel"": 23.01, ""pos"": 1.5, ""error"": 0.03812799999952188}, {""pair"": [3, 9, 2, 2], ""acc"": 1.5, ""vel"": 23.01, ""pos"": 1.5, ""error"": 0.04457919999952842}, {""pair"": [3, 9, 2, 2], ""acc"": 1.5, ""vel"": 23.01, ""pos"": 1.5, ""error"": 0.6883679999995349}, {""pair"": [3, 9, 2, 2], ""acc"": 1.5, ""vel"": 23.01, ""pos"": 1.5, ""error"": 0.6948191999995414}], [{""pair"": [2, 2, 2, 9], ""acc"": 1.5, ""vel"": 23.01, ""pos"": 1.5, ""error"": 0.03812799999952188}, {""pair"": [2, 2, 2, 9], ""acc"": 1.5, ""vel"": 23.01, ""pos"": 1.5, ""error"": 0.04457919999952842}, {""pair"": [2, 2, 2, 9], ""acc"": 1.5, ""vel"": 23.01, ""pos"": 1.5, ""error"": 0.6883679999995349}, {""pair"": [2, 2, 2, 9], ""acc"": 1.5, ""vel"": 23.01, ""pos"": 1.5, ""error"": 0.6948191999995414}]]"
1.5,23.03,1.9,1.5,23.03,2.7,1.5,23.03,1.9,2,"[{""pair"": [3, 15, 2, 13], ""acc"": 1.5, ""vel"": 23.03, ""pos"": 1.9, ""error"": 0.014113250000088451}, {""pair"": [3, 13, 3, 15], ""acc"": 1.5, ""vel"": 23.03, ""pos"": 2.7, ""error"": 0.8141132500000887}, {""pair"": [3, 15, 1, 13], ""acc"": 1.5, ""vel"": 22.87, ""pos"": 2.7, ""error"": 0.9741132500000889}, {""pair"": [2, 13, 2, 15], ""acc"": 1.5, ""vel"": 23.03, ""pos"": 5.1, ""error"": 3.2141132500000884}, {""pair"": [3, 13, 2, 15], ""acc"": 1.5, ""vel"": 23.03, ""pos"": 5.9, ""error"": 4.014113250000089}, {""pair"": [1, 13, 2, 15], ""acc"": 1.5, ""vel"": 22.87, ""pos"": 5.9, ""error"": 4.174113250000089}]","[[{""pair"": [3, 13, 3, 15], ""acc"": 1.5, ""vel"": 23.03, ""pos"": 2.7, ""error"": 0.8141132500000887}], [{""pair"": [0, 14, 0, 13], ""acc"": 20.7, ""vel"": 23.03, ""pos"": 2.7, ""error"": 0.8141132500000887}], [{""pair"": [3, 13, 0, 15], ""acc"": -24.1, ""vel"": 23.03, ""pos"": 2.7, ""error"": 0.8141132500000887}], [{""pair"": [3, 13, 2, 15], ""acc"": 1.5, ""vel"": 23.03, ""pos"": 5.9, ""error"": 4.014113250000089}], [{""pair"": [3, 15, 1, 13], ""acc"": 1.5, ""vel"": 22.87, ""pos"": 2.7, ""error"": 0.9741132500000889}], [{""pair"": [3, 15, 2, 13], ""acc"": 1.5, ""vel"": 23.03, ""pos"": 1.9, ""error"": 0.014113250000088451}], [{""pair"": [1, 13, 0, 15], ""acc"": -24.1, ""vel"": 22.87, ""pos"": 2.7, ""error"": 0.9741132500000889}], [{""pair"": [1, 13, 2, 15], ""acc"": 1.5, ""vel"": 22.87, ""pos"": 5.9, ""error"": 4.174113250000089}], [{""pair"": [2, 13, 0, 15], ""acc"": -24.1, ""vel"": 23.03, ""pos"": 1.9, ""error"": 0.014113250000088451}], [{""pair"": [2, 13, 2, 15], ""acc"": 1.5, ""vel"": 23.03, ""pos"": 5.1, ""error"": 3.2141132500000884}]]"
1.5,23.06,2.3000000000000003,1.5,24.34,2.3,1.5,23.06,2.3,0,"[{""pair"": [0, 0, 0, 0], ""acc"": 1.5, ""vel"": 23.06, ""pos"": 2.3, ""error"": 0}]",[]
1.5,23.08,2.7,1.1,23.08,821.9,1.5,23.08,2.7,1,"[{""pair"": [1, 7, 0, 9], ""acc"": 1.5, ""vel"": 23.08, ""pos"": 2.7, ""error"": 0.03484799999957877}, {""pair"": [3, 9, 1, 7], ""acc"": 1.1, ""vel"": 23.08, ""pos"": 2.7, ""error"": 0.03484799999957877}, {""pair"": [1, 7, 1, 9], ""acc"": 1.1, ""vel"": 23.09, ""pos"": 2.7, ""error"": 0.03684799999952082}, {""pair"": [3, 7, 0, 9], ""acc"": 1.5, ""vel"": 23.08, ""pos"": 821.9, ""error"": 819.2348479999996}, {""pair"": [0, 7, 0, 9], ""acc"": 1.4, ""vel"": 23.08, ""pos"": 821.9, ""error"": 819.2348479999996}, {""pair"": [3, 7, 3, 9], ""acc"": 1.1, ""vel"": 23.08, ""pos"": 821.9, ""error"": 819.2348479999996}, {""pair"": [3, 9, 0, 7], ""acc"": 1.0, ""vel"": 23.08, ""pos"": 821.9, ""error"": 819.2348479999996}, {""pair"": [3, 7, 1, 9], ""acc"": 1.1, ""vel"": 23.09, ""pos"": 821.9, ""error"": 819.2368479999996}, {""pair"": [0, 7, 1, 9], ""acc"": 1.0, ""vel"": 23.09, ""pos"": 821.9, ""error"": 819.2368479999996}, {""pair"": [1, 8, 2, 7], ""acc"": 1.1, ""vel"": 23.08, ""pos"": 2460.3, ""error"": 2457.6348479999997}]","[[{""pair"": [3, 7, 3, 9], ""acc"": 1.1, ""vel"": 23.08, ""pos"": 821.9, ""error"": 819.2348479999996}], [{""pair"": [1, 8, 2, 7], ""acc"": 1.1, ""vel"": 23.08, ""pos"": 2460.3, ""error"": 2457.6348479999997}], [{""pair"": [2, 8, 2, 7], ""acc"": 1.1, ""vel"": 23.08, ""pos"": 821.9, ""error"": 819.2348479999996}], [{""pair"": [3, 7, 0, 9], ""acc"": 1.5, ""vel"": 23.08, ""pos"": 821.9, ""error"": 819.2348479999996}], [{""pair"": [3, 7, 1, 9], ""acc"": 1.1, ""vel"": 23.09, ""pos"": 821.9, ""error"": 819.2368479999996}], [{""pair"": [3, 7, 2, 9], ""acc"": 1.1, ""vel"": 23.08, ""pos"": 821.9, ""error"": 819.2348479999996}], [{""pair"": [3, 9, 0, 7], ""acc"": 1.0, ""vel"": 23.08, ""pos"": 821.9, ""error"": 819.2348479999996}], [{""pair"": [3, 9, 1, 7], ""acc"": 1.1, ""vel"": 23.08, ""pos"": 2.7, ""error"": 0.03484799999957877}], [{""pair"": [0, 7, 0, 9], ""acc"": 1.4, ""vel"": 23.08, ""pos"": 821.9, ""error"": 819.2348479999996}], [{""pair"": [0, 7, 1, 9], ""acc"": 1.0, ""vel"": 23.09, ""pos"": 821.9, ""error"": 819.2368479999996}], [{""pair"": [0, 7, 2, 9], ""acc"": 1.0, ""vel"": 23.08, ""pos"": 821.9, ""error"": 819.2348479999996}], [{""pair"": [1, 7, 0, 9], ""acc"": 1.5, ""vel"": 23.08, ""pos"": 2.7, ""error"": 0.03484799999957877}], [{""pair"": [1, 7, 1, 9], ""acc"": 1.1, ""vel"": 23.09, ""pos"": 2.7, ""error"": 0.03684799999952082}], [{""pair"": [1, 7, 2, 9], ""acc"": 1.1, ""vel"": 23.08, ""pos"": 2.7, ""error"": 0.03484799999957877}]]"
1.5,23.11,3.1,1.5,23.11,3.1,1.5,23.11,3.1,0,"[{""pair"": [3, 9, 3, 15], ""acc"": 1.5, ""vel"": 23.11, ""pos"": 3.1, ""error"": 0.00861105000009843}, {""pair"": [3, 15, 0, 9], ""acc"": 1.1, ""vel"": 23.11, ""pos"": 3.1, ""error"": 0.00861105000009843}, {""pair"": [3, 15, 1, 9], ""acc"": 1.5, ""vel"": 23.1, ""pos"": 3.1, ""error"": 0.008781050000102208}, {""pair"": [1, 9, 1, 15], ""acc"": 1.5, ""vel"": 23.74, ""pos"": 3.1, ""error"": 0.6386110500000974}, {""pair"": [3, 9, 1, 15], ""acc"": 1.5, ""vel"": 23.75, ""pos"": 3.1, ""error"": 0.648611050000099}, {""pair"": [0, 9, 1, 15], ""acc"": 1.1, ""vel"": 23.75, ""pos"": 3.1, ""error"": 0.648611050000099}, {""pair"": [3, 9, 2, 15], ""acc"": 1.5, ""vel"": 23.11, ""pos"": 6.3, ""error"": 3.208611050000098}, {""pair"": [0, 9, 2, 15], ""acc"": 1.1, ""vel"": 23.11, ""pos"": 6.3, ""error"": 3.208611050000098}, {""pair"": [1, 9, 2, 15], ""acc"": 1.5, ""vel"": 23.1, ""pos"": 6.3, ""error"": 3.208781050000102}]","[[{""pair"": [3, 9, 3, 15], ""acc"": 1.5, ""vel"": 23.11, ""pos"": 3.1, ""error"": 0.01192325000010186}, {""pair"": [3, 9, 3, 15], ""acc"": 1.5, ""vel"": 23.11, ""pos"": 3.1, ""error"": 0.01878105000010022}, {""pair"": [3, 9, 3, 15], ""acc"": 1.5, ""vel"": 23.11, ""pos"": 3.1, ""error"": 0.00861105000009843}, {""pair"": [3, 9, 3, 15], ""acc"": 1.5, ""vel"": 23.11, ""pos"": 3.1, ""error"": 819.19707675}, {""pair"": [3, 9, 3, 15], ""acc"": 1.5, ""vel"": 23.11, ""pos"": 3.1, ""error"": 819.1987622999999}, {""pair"": [3, 9, 3, 15], ""acc"": 1.5, ""vel"": 23.11, ""pos"": 3.1, ""error"": 819.2038189499999}, {""pair"": [3, 9, 3, 15], ""acc"": 1.5, ""vel"": 23.11, ""pos"": 3.1, ""error"": 819.2055045}, {""pair"": [3, 9, 3, 15], ""acc"": 1.5, ""vel"": 23.11, ""pos"": 3.1, ""error"": 819.1939889499998}, {""pair"": [3, 9, 3, 15], ""acc"": 1.5, ""vel"": 23.11, ""pos"": 3.1, ""error"": 819.1956744999999}, {""pair"": [3, 9, 3, 15], ""acc"": 1.5, ""vel"": 23.11, ""pos"": 3.1, ""error"": 2457.60381895}], [{""pair"": [3, 9, 0, 15], ""acc"": -24.1, ""vel"": 23.11, ""pos"": 3.1, ""error"": 0.01192325000010186}, {""pair"": [3, 9, 0, 15], ""acc"": -24.1, ""vel"": 23.11, ""pos"": 3.1, ""error"": 0.01878105000010022}, {""pair"": [3, 9, 0, 15], ""acc"": -24.1, ""vel"": 23.11, ""pos"": 3.1, ""error"": 0.00861105000009843}, {""pair"": [3, 9, 0, 15], ""acc"": -24.1, ""vel"": 23.11, ""pos"": 3.1, ""error"": 819.19707675}, {""pair"": [3, 9, 0, 15], ""acc"": -24.1, ""vel"": 23.11, ""pos"": 3.1, ""error"": 819.1987622999999}, {""pair"": [3, 9, 0, 15], ""acc"": -24.1, ""vel"": 23.11, ""pos"": 3.1, ""error"": 819.2038189499999}, {""pair"": [3, 9, 0, 15], ""acc"": -24.1, ""vel"": 23.11, ""pos"": 3.1, ""error"": 819.2055045}, {""pair"": [3, 9, 0, 15], ""acc"": -24.1, ""vel"": 23.11, ""pos"": 3.1, ""error"": 819.1939889499998}, {""pair"": [3, 9, 0, 15], ""acc"": -24.1, ""vel"": 23.11, ""pos"": 3.1, ""error"": 819.1956744999999}, {""pair"": [3, 9, 0, 15], ""acc"": -24.1, ""vel"": 23.11, ""pos"": 3.1, ""error"": 2457.60381895}], [{""pair"": [3, 9, 1, 15], ""acc"": 1.5, ""vel"": 23.75, ""pos"": 3.1, ""error"": 0.6519232500001024}, {""pair"": [3, 9, 1, 15], ""acc"": 1.5, ""vel"": 23.75, ""pos"": 3.1, ""error"": 0.6587810500001008}, {""pair"": [3, 9, 1, 15], ""acc"": 1.5, ""vel"": 23.75, ""pos"": 3.1, ""error"": 0.648611050000099}, {""pair"": [3, 9, 1, 15], ""acc"": 1.5, ""vel"": 23.75, ""pos"": 3.1, ""error"": 819.8370767499999}, {""pair"": [3, 9, 1, 15], ""acc"": 1.5, ""vel"": 23.75, ""pos"": 3.1, ""error"": 819.8387622999999}, {""pair"": [3, 9, 1, 15], ""acc"": 1.5, ""vel"": 23.75, ""pos"": 3.1, ""error"": 819.8438189499999}, {""pair"": [3, 9, 1, 15], ""acc"": 1.5, ""vel"": 23.75, ""pos"": 3.1, ""error"": 819.8455045}, {""pair"": [3, 9, 1, 15], ""acc"": 1.5, ""vel"": 23.75, ""pos"": 3.1, ""error"": 819.8339889499998}, {""pair"": [3, 9, 1, 15], ""acc"": 1.5, ""vel"": 23.75, ""pos"": 3.1, ""error"": 819.8356744999999}, {""pair"": [3, 9, 1, 15], ""acc"": 1.5, ""vel"": 23.75, ""pos"": 3.1, ""error"": 2458.24381895}], [{""pair"": [3, 9, 2, 15], ""acc"": 1.5, ""vel"": 23.11, ""pos"": 6.3, ""error"": 3.2119232500001016}, {""pair"": [3, 9, 2, 15], ""acc"": 1.5, ""vel"": 23.11, ""pos"": 6.3, ""error"": 3.2187810500001}, {""pair"": [3, 9, 2, 15], ""acc"": 1.5, ""vel"": 23.11, ""pos"": 6.3, ""error"": 3.208611050000098}, {""pair"": [3, 9, 2, 15], ""acc"": 1.5, ""vel"": 23.11, ""pos"": 6.3, ""error"": 815.99707675}, {""pair"": [3, 9, 2, 15], ""acc"": 1.5, ""vel"": 23.11, ""pos"": 6.3, ""error"": 815.9987623}, {""pair"": [3, 9, 2, 15], ""acc"": 1.5, ""vel"": 23.11, ""pos"": 6.3, ""error"": 816.00381895}, {""pair"": [3, 9, 2, 15], ""acc"": 1.5, ""vel"": 23.11, ""pos"": 6.3, ""error"": 816.0055045}, {""pair"": [3, 9, 2, 15], ""acc"": 1.5, ""vel"": 23.11, ""pos"": 6.3, ""error"": 815.9939889499999}, {""pair"": [3, 9, 2, 15], ""acc"": 1.5, ""vel"": 23.11, ""pos"": 6.3, ""error"": 815.9956745}, {""pair"": [3, 9, 2, 15], ""acc"": 1.5, ""vel"": 23.11, ""pos"": 6.3, ""error"": 2454.4038189499997}], [{""pair"": [3, 15, 0, 9], ""acc"": 1.1, ""vel"": 23.11, ""pos"": 3.1, ""error"": 0.01192325000010186}, {""pair"": [3, 15, 0, 9], ""acc"": 1.1, ""vel"": 23.11, ""pos"": 3.1, ""error"": 0.01878105000010022}, {""pair"": [3, 15, 0, 9], ""acc"": 1.1, ""vel"": 23.11, ""pos"": 3.1, ""error"": 0.00861105000009843}, {""pair"": [3, 15, 0, 9], ""acc"": 1.1, ""vel"": 23.11, ""pos"": 3.1, ""error"": 819.19707675}, {""pair"": [3, 15, 0, 9], ""acc"": 1.1, ""vel"": 23.11, ""pos"": 3.1, ""error"": 819.1987622999999}, {""pair"": [3, 15, 0, 9], ""acc"": 1.1, ""vel"": 23.11, ""pos"": 3.1, ""error"": 819.2038189499999}, {""pair"": [3, 15, 0, 9], ""acc"": 1.1, ""vel"": 23.11, ""pos"": 3.1, ""error"": 819.2055045}, {""pair"": [3, 15, 0, 9], ""acc"": 1.1, ""vel"": 23.11, ""pos"": 3.1, ""error"": 819.1939889499998}, {""pair"": [3, 15, 0, 9], ""acc"": 1.1, ""vel"": 23.11, ""pos"": 3.1, ""error"": 819.1956744999999}, {""pair"": [3, 15, 0, 9], ""acc"": 1.1, ""vel"": 23.11, ""pos"": 3.1, ""error"": 2457.60381895}], [{""pair"": [3, 15, 1, 9], ""acc"": 1.5, ""vel"": 23.1, ""pos"": 3.1, ""error"": 0.012923250000085318}, {""pair"": [3, 15, 1, 9], ""acc"": 1.5, ""vel"": 23.1, ""pos"": 3.1, ""error"": 0.008781050000102208}, {""pair"": [3, 15, 1, 9], ""acc"": 1.5, ""vel"": 23.1, ""pos"": 3.1, ""error"": 0.01601105000008829}, {""pair"": [3, 15, 1, 9], ""acc"": 1.5, ""vel"": 23.1, ""pos"": 3.1, ""error"": 819.1980767499999}, {""pair"": [3, 15, 1, 9], ""acc"": 1.5, ""vel"": 23.1, ""pos"": 3.1, ""error"": 819.1963622999998}, {""pair"": [3, 15, 1, 9], ""acc"": 1.5, ""vel"": 23.1, ""pos"": 3.1, ""error"": 819.1938189499999}, {""pair"": [3, 15, 1, 9], ""acc"": 1.5, ""vel"": 23.1, ""pos"": 3.1, ""error"": 819.1955045}, {""pair"": [3, 15, 1, 9], ""acc"": 1.5, ""vel"": 23.1, ""pos"": 3.1, ""error"": 819.2013889499998}, {""pair"": [3, 15, 1, 9], ""acc"": 1.5, ""vel"": 23.1, ""pos"": 3.1, ""error"": 819.1996744999998}, {""pair"": [3, 15, 1, 9], ""acc"": 1.5, ""vel"": 23.1, ""pos"": 3.1, ""error"": 2457.59381895}], [{""pair"": [3, 15, 2, 9], ""acc"": 1.5, ""vel"": 23.11, ""pos"": 3.1, ""error"": 0.01192325000010186}, {""pair"": [3, 15, 2, 9], ""acc"": 1.5, ""vel"": 23.11, ""pos"": 3.1, ""error"": 0.01878105000010022}, {""pair"": [3, 15, 2, 9], ""acc"": 1.5, ""vel"": 23.11, ""pos"": 3.1, ""error"": 0.00861105000009843}, {""pair"": [3, 15, 2, 9], ""acc"": 1.5, ""vel"": 23.11, ""pos"": 3.1, ""error"": 819.19707675}, {""pair"": [3, 15, 2, 9], ""acc"": 1.5, ""vel"": 23.11, ""pos"": 3.1, ""error"": 819.1987622999999}, {""pair"": [3, 15, 2, 9], ""acc"": 1.5, ""vel"": 23.11, ""pos"": 3.1, ""error"": 819.2038189499999}, {""pair"": [3, 15, 2, 9], ""acc"": 1.5, ""vel"": 23.11, ""pos"": 3.1, ""error"": 819.2055045}, {""pair"": [3, 15, 2, 9], ""acc"": 1.5, ""vel"": 23.11, ""pos"": 3.1, ""error"": 819.1939889499998}, {""pair"": [3, 15, 2, 9], ""acc"": 1.5, ""vel"": 23.11, ""pos"": 3.1, ""error"": 819.1956744999999}, {""pair"": [3, 15, 2, 9], ""acc"": 1.5, ""vel"": 23.11, ""pos"": 3.1, ""error"": 2457.60381895}], [{""pair"": [0, 9, 0, 15], ""acc"": -24.5, ""vel"": 23.11, ""pos"": 3.1, ""error"": 0.01192325000010186}, {""pair"": [0, 9, 0, 15], ""acc"": -24.5, ""vel"": 23.11, ""pos"": 3.1, ""error"": 0.01878105000010022}, {""pair"": [0, 9, 0, 15], ""acc"": -24.5, ""vel"": 23.11, ""pos"": 3.1, ""error"": 0.00861105000009843}, {""pair"": [0, 9, 0, 15], ""acc"": -24.5, ""vel"": 23.11, ""pos"": 3.1, ""error"": 819.19707675}, {""pair"": [0, 9, 0, 15], ""acc"": -24.5, ""vel"": 23.11, ""pos"": 3.1, ""error"": 819.1987622999999}, {""pair"": [0, 9, 0, 15], ""acc"": -24.5, ""vel"": 23.11, ""pos"": 3.1, ""error"": 819.2038189499999}, {""pair"": [0, 9, 0, 15], ""acc"": -24.5, ""vel"": 23.11, ""pos"": 3.1, ""error"": 819.2055045}, {""pair"": [0, 9, 0, 15], ""acc"": -24.5, ""vel"": 23.11, ""pos"": 3.1, ""error"": 819.1939889499998}, {""pair"": [0, 9, 0, 15], ""acc"": -24.5, ""vel"": 23.11, ""pos"": 3.1, ""error"": 819.1956744999999}, {""pair"": [0, 9, 0, 15], ""acc"": -24.5, ""vel"": 23.11, ""pos"": 3.1, ""error"": 2457.60381895}], [{""pair"": [0, 9, 1, 15], ""acc"": 1.1, ""vel"": 23.75, ""pos"": 3.1, ""error"": 0.6519232500001024}, {""pair"": [0, 9, 1, 15], ""acc"": 1.1, ""vel"": 23.75, ""pos"": 3.1, ""error"": 0.6587810500001008}, {""pair"": [0, 9, 1, 15], ""acc"": 1.1, ""vel"": 23.75, ""pos"": 3.1, ""error"": 0.648611050000099}, {""pair"": [0, 9, 1, 15], ""acc"": 1.1, ""vel"": 23.75, ""pos"": 3.1, ""error"": 819.8370767499999}, {""pair"": [0, 9, 1, 15], ""acc"": 1.1, ""vel"": 23.75, ""pos"": 3.1, ""error"": 819.8387622999999}, {""pair"": [0, 9, 1, 15], ""acc"": 1.1, ""vel"": 23.75, ""pos"": 3.1, ""error"": 819.8438189499999}, {""pair"": [0, 9, 1, 15], ""acc"": 1.1, ""vel"": 23.75, ""pos"": 3.1, ""error"": 819.8455045}, {""pair"": [0, 9, 1, 15], ""acc"": 1.1, ""vel"": 23.75, ""pos"": 3.1, ""error"": 819.8339889499998}, {""pair"": [0, 9, 1, 15], ""acc"": 1.1, ""vel"": 23.75, ""pos"": 3.1, ""error"": 819.8356744999999}, {""pair"": [0, 9, 1, 15], ""acc"": 1.1, ""vel"": 23.75, ""pos"": 3.1, ""error"": 2458.24381895}], [{""pair"": [0, 9, 2, 15], ""acc"": 1.1, ""vel"": 23.11, ""pos"": 6.3, ""error"": 3.2119232500001016}, {""pair"": [0, 9, 2, 15], ""acc"": 1.1, ""vel"": 23.11, ""pos"": 6.3, ""error"": 3.2187810500001}, {""pair"": [0, 9, 2, 15], ""acc"": 1.1, ""vel"": 23.11, ""pos"": 6.3, ""error"": 3.208611050000098}, {""pair"": [0, 9, 2, 15], ""acc"": 1.1, ""vel"": 23.11, ""pos"": 6.3, ""error"": 815.99707675}, {""pair"": [0, 9, 2, 15], ""acc"": 1.1, ""vel"": 23.11, ""pos"": 6.3, ""error"": 815.9987623}, {""pair"": [0, 9, 2, 15], ""acc"": 1.1, ""vel"": 23.11, ""pos"": 6.3, ""error"": 816.00381895}, {""pair"": [0, 9, 2, 15], ""acc"": 1.1, ""vel"": 23.11, ""pos"": 6.3, ""error"": 816.0055045}, {""pair"": [0, 9, 2, 15], ""acc"": 1.1, ""vel"": 23.11, ""pos"": 6.3, ""error"": 815.9939889499999}, {""pair"": [0, 9, 2, 15], ""acc"": 1.1, ""vel"": 23.11, ""pos"": 6.3, ""error"": 815.9956745}, {""pair"": [0, 9, 2, 15], ""acc"": 1.1, ""vel"": 23.11, ""pos"": 6.3, ""error"": 2454.4038189499997}], [{""pair"": [1, 9, 0, 15], ""acc"": -24.1, ""vel"": 23.1, ""pos"": 3.1, ""error"": 0.012923250000085318}, {""pair"": [1, 9, 0, 15], ""acc"": -24.1, ""vel"": 23.1, ""pos"": 3.1, ""error"": 0.008781050000102208}, {""pair"": [1, 9, 0, 15], ""acc"": -24.1, ""vel"": 23.1, ""pos"": 3.1, ""error"": 0.01601105000008829}, {""pair"": [1, 9, 0, 15], ""acc"": -24.1, ""vel"": 23.1, ""pos"": 3.1, ""error"": 819.1980767499999}, {""pair"": [1, 9, 0, 15], ""acc"": -24.1, ""vel"": 23.1, ""pos"": 3.1, ""error"": 819.1963622999998}, {""pair"": [1, 9, 0, 15], ""acc"": -24.1, ""vel"": 23.1, ""pos"": 3.1, ""error"": 819.1938189499999}, {""pair"": [1, 9, 0, 15], ""acc"": -24.1, ""vel"": 23.1, ""pos"": 3.1, ""error"": 819.1955045}, {""pair"": [1, 9, 0, 15], ""acc"": -24.1, ""vel"": 23.1, ""pos"": 3.1, ""error"": 819.2013889499998}, {""pair"": [1, 9, 0, 15], ""acc"": -24.1, ""vel"": 23.1, ""pos"": 3.1, ""error"": 819.1996744999998}, {""pair"": [1, 9, 0, 15], ""acc"": -24.1, ""vel"": 23.1, ""pos"": 3.1, ""error"": 2457.59381895}], [{""pair"": [1, 9, 1, 15], ""acc"": 1.5, ""vel"": 23.74, ""pos"": 3.1, ""error"": 0.6419232500001009}, {""pair"": [1, 9, 1, 15], ""acc"": 1.5, ""vel"": 23.74, ""pos"": 3.1, ""error"": 0.6487810500000992}, {""pair"": [1, 9, 1, 15], ""acc"": 1.5, ""vel"": 23.74, ""pos"": 3.1, ""error"": 0.6386110500000974}, {""pair"": [1, 9, 1, 15], ""acc"": 1.5, ""vel"": 23.74, ""pos"": 3.1, ""error"": 819.82707675}, {""pair"": [1, 9, 1, 15], ""acc"": 1.5, ""vel"": 23.74, ""pos"": 3.1, ""error"": 819.8287622999999}, {""pair"": [1, 9, 1, 15], ""acc"": 1.5, ""vel"": 23.74, ""pos"": 3.1, ""error"": 819.8338189499999}, {""pair"": [1, 9, 1, 15], ""acc"": 1.5, ""vel"": 23.74, ""pos"": 3.1, ""error"": 819.8355045}, {""pair"": [1, 9, 1, 15], ""acc"": 1.5, ""vel"": 23.74, ""pos"": 3.1, ""error"": 819.8239889499998}, {""pair"": [1, 9, 1, 15], ""acc"": 1.5, ""vel"": 23.74, ""pos"": 3.1, ""error"": 819.8256744999999}, {""pair"": [1, 9, 1, 15], ""acc"": 1.5, ""vel"": 23.74, ""pos"": 3.1, ""error"": 2458.23381895}], [{""pair"": [1, 9, 2, 15], ""acc"": 1.5, ""vel"": 23.1, ""pos"": 6.3, ""error"": 3.212923250000085}, {""pair"": [1, 9, 2, 15], ""acc"": 1.5, ""vel"": 23.1, ""pos"": 6.3, ""error"": 3.208781050000102}, {""pair"": [1, 9, 2, 15], ""acc"": 1.5, ""vel"": 23.1, ""pos"": 6.3, ""error"": 3.216011050000088}, {""pair"": [1, 9, 2, 15], ""acc"": 1.5, ""vel"": 23.1, ""pos"": 6.3, ""error"": 815.99807675}, {""pair"": [1, 9, 2, 15], ""acc"": 1.5, ""vel"": 23.1, ""pos"": 6.3, ""error"": 815.9963622999999}, {""pair"": [1, 9, 2, 15], ""acc"": 1.5, ""vel"": 23.1, ""pos"": 6.3, ""error"": 815.99381895}, {""pair"": [1, 9, 2, 15], ""acc"": 1.5, ""vel"": 23.1, ""pos"": 6.3, ""error"": 815.9955045}, {""pair"": [1, 9, 2, 15], ""acc"": 1.5, ""vel"": 23.1, ""pos"": 6.3, ""error"": 816.0013889499999}, {""pair"": [1, 9, 2, 15], ""acc"": 1.5, ""vel"": 23.1, ""pos"": 6.3, ""error"": 815.9996744999999}, {""pair"": [1, 9, 2, 15], ""acc"": 1.5, ""vel"": 23.1, ""pos"": 6.3, ""error"": 2454.3938189499995}], [{""pair"": [2, 9, 0, 15], ""acc"": -24.1, ""vel"": 23.11, ""pos"": 3.1, ""error"": 0.01192325000010186}, {""pair"": [2, 9, 0, 15], ""acc"": -24.1, ""vel"": 23.11, ""pos"": 3.1, ""error"": 0.01878105000010022}, {""pair"": [2, 9, 0, 15], ""acc"": -24.1, ""vel"": 23.11, ""pos"": 3.1, ""error"": 0.00861105000009843}, {""pair"": [2, 9, 0, 15], ""acc"": -24.1, ""vel"": 23.11, ""pos"": 3.1, ""error"": 819.19707675}, {""pair"": [2, 9, 0, 15], ""acc"": -24.1, ""vel"": 23.11, ""pos"": 3.1, ""error"": 819.1987622999999}, {""pair"": [2, 9, 0, 15], ""acc"": -24.1, ""vel"": 23.11, ""pos"": 3.1, ""error"": 819.2038189499999}, {""pair"": [2, 9, 0, 15], ""acc"": -24.1, ""vel"": 23.11, ""pos"": 3.1, ""error"": 819.2055045}, {""pair"": [2, 9, 0, 15], ""acc"": -24.1, ""vel"": 23.11, ""pos"": 3.1, ""error"": 819.1939889499998}, {""pair"": [2, 9, 0, 15], ""acc"": -24.1, ""vel"": 23.11, ""pos"": 3.1, ""error"": 819.1956744999999}, {""pair"": [2, 9, 0, 15], ""acc"": -24.1, ""vel"": 23.11, ""pos"": 3.1, ""error"": 2457.60381895}], [{""pair"": [2, 9, 1, 15], ""acc"": 1.5, ""vel"": 23.75, ""pos"": 3.1, ""error"": 0.6519232500001024}, {""pair"": [2, 9, 1, 15], ""acc"": 1.5, ""vel"": 23.75, ""pos"": 3.1, ""error"": 0.6587810500001008}, {""pair"": [2, 9, 1, 15], ""acc"": 1.5, ""vel"": 23.75, ""pos"": 3.1, ""error"": 0.648611050000099}, {""pair"": [2, 9, 1, 15], ""acc"": 1.5, ""vel"": 23.75, ""pos"": 3.1, ""error"": 819.8370767499999}, {""pair"": [2, 9, 1, 15], ""acc"": 1.5, ""vel"": 23.75, ""pos"": 3.1, ""error"": 819.8387622999999}, {""pair"": [2, 9, 1, 15], ""acc"": 1.5, ""vel"": 23.75, ""pos"": 3.1, ""error"": 819.8438189499999}, {""pair"": [2, 9, 1, 15], ""acc"": 1.5, ""vel"": 23.75, ""pos"": 3.1, ""error"": 819.8455045}, {""pair"": [2, 9, 1, 15], ""acc"": 1.5, ""vel"": 23.75, ""pos"": 3.1, ""error"": 819.8339889499998}, {""pair"": [2, 9, 1, 15], ""acc"": 1.5, ""vel"": 23.75, ""pos"": 3.1, ""error"": 819.8356744999999}, {""pair"": [2, 9, 1, 15], ""acc"": 1.5, ""vel"": 23.75, ""pos"": 3.1, ""error"": 2458.24381895}], [{""pair"": [2, 9, 2, 15], ""acc"": 1.5, ""vel"": 23.11, ""pos"": 6.3, ""error"": 3.2119232500001016}, {""pair"": [2, 9, 2, 15], ""acc"": 1.5, ""vel"": 23.11, ""pos"": 6.3, ""error"": 3.2187810500001}, {""pair"": [2, 9, 2, 15], ""acc"": 1.5, ""vel"": 23.11, ""pos"": 6.3, ""error"": 3.208611050000098}, {""pair"": [2, 9, 2, 15], ""acc"": 1.5, ""vel"": 23.11, ""pos"": 6.3, ""error"": 815.99707675}, {""pair"": [2, 9, 2, 15], ""acc"": 1.5, ""vel"": 23.11, ""pos"": 6.3, ""error"": 815.9987623}, {""pair"": [2, 9, 2, 15], ""acc"": 1.5, ""vel"": 23.11, ""pos"": 6.3, ""error"": 816.00381895}, {""pair"": [2, 9, 2, 15], ""acc"": 1.5, ""vel"": 23.11, ""pos"": 6.3, ""error"": 816.0055045}, {""pair"": [2, 9, 2, 15], ""acc"": 1.5, ""vel"": 23.11, ""pos"": 6.3, ""error"": 815.9939889499999}, {""pair"": [2, 9, 2, 15], ""acc"": 1.5, ""vel"": 23.11, ""pos"": 6.3, ""error"": 815.9956745}, {""pair"": [2, 9, 2, 15], ""acc"": 1.5, ""vel"": 23.11, ""pos"": 6.3, ""error"": 2454.4038189499997}]]"
1.5,23.13,3.5,3.1,23.13,3.5,1.5,23.13,3.5,0,"[{""pair"": [3, 3, 0, 11], ""acc"": 1.5, ""vel"": 23.13, ""pos"": 3.5, ""error"": 0.008271050000098867}, {""pair"": [3, 3, 3, 11], ""acc"": 3.1, ""vel"": 23.13, ""pos"": 3.5, ""error"": 0.008271050000098867}, {""pair"": [3, 3, 2, 11], ""acc"": 3.1, ""vel"": 23.13, ""pos"": 3.3, ""error"": 0.19432894999990946}, {""pair"": [0, 3, 0, 11], ""acc"": 1.5, ""vel"": 33.37, ""pos"": 3.5, ""error"": 9.598466749999906}, {""pair"": [3, 11, 0, 3], ""acc"": 3.1, ""vel"": 33.37, ""pos"": 3.5, ""error"": 9.598466749999906}, {""pair"": [0, 3, 2, 11], ""acc"": 3.1, ""vel"": 33.37, ""pos"": 3.3, ""error"": 9.798466749999907}, {""pair"": [1, 3, 2, 11], ""acc"": 3.1, ""vel"": 23.13, ""pos"": 54.5, ""error"": 47.8082710500001}, {""pair"": [1, 3, 0, 11], ""acc"": 1.5, ""vel"": 23.13, ""pos"": 54.7, ""error"": 48.008271050000104}, {""pair"": [3, 11, 1, 3], ""acc"": 3.1, ""vel"": 23.13, ""pos"": 54.7, ""error"": 48.008271050000104}]","[[{""pair"": [3, 3, 3, 11], ""acc"": 3.1, ""vel"": 23.13, ""pos"": 3.5, ""error"": 0.012413250000089082}, {""pair"": [3, 3, 3, 11], ""acc"": 3.1, ""vel"": 23.13, ""pos"": 3.5, ""error"": 0.008271050000098867}, {""pair"": [3, 3, 3, 11], ""acc"": 3.1, ""vel"": 23.13, ""pos"": 3.5, ""error"": 0.0115832500000983}, {""pair"": [3, 3, 3, 11], ""acc"": 3.1, ""vel"": 23.13, ""pos"": 3.5, ""error"": 0.6392967499998958}, {""pair"": [3, 3, 3, 11], ""acc"": 3.1, ""vel"": 23.13, ""pos"": 3.5, ""error"": 0.6494667499998976}, {""pair"": [3, 3, 3, 11], ""acc"": 3.1, ""vel"": 23.13, ""pos"": 3.5, ""error"": 0.6426089499998993}, {""pair"": [3, 3, 3, 11], ""acc"": 3.1, ""vel"": 23.13, ""pos"": 3.5, ""error"": 3.1985867499998992}, {""pair"": [3, 3, 3, 11], ""acc"": 3.1, ""vel"": 23.13, ""pos"": 3.5, ""error"": 3.1943289499999095}, {""pair"": [3, 3, 3, 11], ""acc"": 3.1, ""vel"": 23.13, ""pos"": 3.5, ""error"": 3.197416749999909}], [{""pair"": [3, 3, 0, 11], ""acc"": 1.5, ""vel"": 23.13, ""pos"": 3.5, ""error"": 0.012413250000089082}, {""pair"": [3, 3, 0, 11], ""acc"": 1.5, ""vel"": 23.13, ""pos"": 3.5, ""error"": 0.008271050000098867}, {""pair"": [3, 3, 0, 11], ""acc"": 1.5, ""vel"": 23.13, ""pos"": 3.5, ""error"": 0.0115832500000983}, {""pair"": [3, 3, 0, 11], ""acc"": 1.5, ""vel"": 23.13, ""pos"": 3.5, ""error"": 0.6392967499998958}, {""pair"": [3, 3, 0, 11], ""acc"": 1.5, ""vel"": 23.13, ""pos"": 3.5, ""error"": 0.6494667499998976}, {""pair"": [3, 3, 0, 11], ""acc"": 1.5, ""vel"": 23.13, ""pos"": 3.5, ""error"": 0.6426089499998993}, {""pair"": [3, 3, 0, 11], ""acc"": 1.5, ""vel"": 23.13, ""pos"": 3.5, ""error"": 3.1985867499998992}, {""pair"": [3, 3, 0, 11], ""acc"": 1.5, ""vel"": 23.13, ""pos"": 3.5, ""error"": 3.1943289499999095}, {""pair"": [3, 3, 0, 11], ""acc"": 1.5, ""vel"": 23.13, ""pos"": 3.5, ""error"": 3.197416749999909}], [{""pair"": [3, 3, 2, 11], ""acc"": 3.1, ""vel"": 23.13, ""pos"": 3.3, ""error"": 0.19858674999989967}, {""pair"": [3, 3, 2, 11], ""acc"": 3.1, ""vel"": 23.13, ""pos"": 3.3, ""error"": 0.19432894999990946}, {""pair"": [3, 3, 2, 11], ""acc"": 3.1, ""vel"": 23.13, ""pos"": 3.3, ""error"": 0.19741674999990932}, {""pair"": [3, 3, 2, 11], ""acc"": 3.1, ""vel"": 23.13, ""pos"": 3.3, ""error"": 0.839296749999896}, {""pair"": [3, 3, 2, 11], ""acc"": 3.1, ""vel"": 23.13, ""pos"": 3.3, ""error"": 0.8494667499998978}, {""pair"": [3, 3, 2, 11], ""acc"": 3.1, ""vel"": 23.13, ""pos"": 3.3, ""error"": 0.8426089499998994}, {""pair"": [3, 3, 2, 11], ""acc"": 3.1, ""vel"": 23.13, ""pos"": 3.3, ""error"": 3.3985867499998994}, {""pair"": [3, 3, 2, 11], ""acc"": 3.1, ""vel"": 23.13, ""pos"": 3.3, ""error"": 3.3943289499999096}, {""pair"": [3, 3, 2, 11], ""acc"": 3.1, ""vel"": 23.13, ""pos"": 3.3, ""error"": 3.397416749999909}], [{""pair"": [3, 11, 0, 3], ""acc"": 3.1, ""vel"": 33.37, ""pos"": 3.5, ""error"": 10.241413250000099}, {""pair"": [3, 11, 0, 3], ""acc"": 3.1, ""vel"": 33.37, ""pos"": 3.5, ""error"": 10.248271050000097}, {""pair"": [3, 11, 0, 3], ""acc"": 3.1, ""vel"": 33.37, ""pos"": 3.5, ""error"": 10.251583250000097}, {""pair"": [3, 11, 0, 3], ""acc"": 3.1, ""vel"": 33.37, ""pos"": 3.5, ""error"": 9.608296749999909}, {""pair"": [3, 11, 0, 3], ""acc"": 3.1, ""vel"": 33.37, ""pos"": 3.5, ""error"": 9.598466749999906}, {""pair"": [3, 11, 0, 3], ""acc"": 3.1, ""vel"": 33.37, ""pos"": 3.5, ""error"": 9.605208949999906}, {""pair"": [3, 11, 0, 3], ""acc"": 3.1, ""vel"": 33.37, ""pos"": 3.5, ""error"": 13.427586749999909}, {""pair"": [3, 11, 0, 3], ""acc"": 3.1, ""vel"": 33.37, ""pos"": 3.5, ""error"": 13.434328949999909}, {""pair"": [3, 11, 0, 3], ""acc"": 3.1, ""vel"": 33.37, ""pos"": 3.5, ""error"": 13.437416749999908}], [{""pair"": [3, 11, 1, 3], ""acc"": 3.1, ""vel"": 23.13, ""pos"": 54.7, ""error"": 51.2124132500001}, {""pair"": [3, 11, 1, 3], ""acc"": 3.1, ""vel"": 23.13, ""pos"": 54.7, ""error"": 51.20827105000011}, {""pair"": [3, 11, 1, 3], ""acc"": 3.1, ""vel"": 23.13, ""pos"": 54.7, ""error"": 51.2115832500001}, {""pair"": [3, 11, 1, 3], ""acc"": 3.1, ""vel"": 23.13, ""pos"": 54.7, ""error"": 51.831703250000096}, {""pair"": [3, 11, 1, 3], ""acc"": 3.1, ""vel"": 23.13, ""pos"": 54.7, ""error"": 51.8415332500001}, {""pair"": [3, 11, 1, 3], ""acc"": 3.1, ""vel"": 23.13, ""pos"": 54.7, ""error"": 51.83479105000009}, {""pair"": [3, 11, 1, 3], ""acc"": 3.1, ""vel"": 23.13, ""pos"": 54.7, ""error"": 48.012413250000094}, {""pair"": [3, 11, 1, 3], ""acc"": 3.1, ""vel"": 23.13, ""pos"": 54.7, ""error"": 48.008271050000104}, {""pair"": [3, 11, 1, 3], ""acc"": 3.1, ""vel"": 23.13, ""pos"": 54.7, ""error"": 48.0115832500001}], [{""pair"": [0, 3, 0, 11], ""acc"": 1.5, ""vel"": 33.37, ""pos"": 3.5, ""error"": 10.241413250000099}, {""pair"": [0, 3, 0, 11], ""acc"": 1.5, ""vel"": 33.37, ""pos"": 3.5, ""error"": 10.248271050000097}, {""pair"": [0, 3, 0, 11], ""acc"": 1.5, ""vel"": 33.37, ""pos"": 3.5, ""error"": 10.251583250000097}, {""pair"": [0, 3, 0, 11], ""acc"": 1.5, ""vel"": 33.37, ""pos"": 3.5, ""error"": 9.608296749999909}, {""pair"": [0, 3, 0, 11], ""acc"": 1.5, ""vel"": 33.37, ""pos"": 3.5, ""error"": 9.598466749999906}, {""pair"": [0, 3, 0, 11], ""acc"": 1.5, ""vel"": 33.37, ""pos"": 3.5, ""error"": 9.605208949999906}, {""pair"": [0, 3, 0, 11], ""acc"": 1.5, ""vel"": 33.37, ""pos"": 3.5, ""error"": 13.427586749999909}, {""pair"": [0, 3, 0, 11], ""acc"": 1.5, ""vel"": 33.37, ""pos"": 3.5, ""error"": 13.434328949999909}, {""pair"": [0, 3, 0, 11], ""acc"": 1.5, ""vel"": 33.37, ""pos"": 3.5, ""error"": 13.437416749999908}], [{""pair"": [0, 3, 2, 11], ""acc"": 3.1, ""vel"": 33.37, ""pos"": 3.3, ""error"": 10.427586749999909}, {""pair"": [0, 3, 2, 11], ""acc"": 3.1, ""vel"": 33.37, ""pos"": 3.3, ""error"": 10.434328949999909}, {""pair"": [0, 3, 2, 11], ""acc"": 3.1, ""vel"": 33.37, ""pos"": 3.3, ""error"": 10.437416749999908}, {""pair"": [0, 3, 2, 11], ""acc"": 3.1, ""vel"": 33.37, ""pos"": 3.3, ""error"": 9.808296749999908}, {""pair"": [0, 3, 2, 11], ""acc"": 3.1, ""vel"": 33.37, ""pos"": 3.3, ""error"": 9.798466749999907}, {""pair"": [0, 3, 2, 11], ""acc"": 3.1, ""vel"": 33.37, ""pos"": 3.3, ""error"": 9.805208949999905}, {""pair"": [0, 3, 2, 11], ""acc"": 3.1, ""vel"": 33.37, ""pos"": 3.3, ""error"": 13.62758674999991}, {""pair"": [0, 3, 2, 11], ""acc"": 3.1, ""vel"": 33.37, ""pos"": 3.3, ""error"": 13.634328949999908}, {""pair"": [0, 3, 2, 11], ""acc"": 3.1, ""vel"": 33.37, ""pos"": 3.3, ""error"": 13.637416749999907}], [{""pair"": [1, 3, 0, 11], ""acc"": 1.5, ""vel"": 23.13, ""pos"": 54.7, ""error"": 51.2124132500001}, {""pair"": [1, 3, 0, 11], ""acc"": 1.5, ""vel"": 23.13, ""pos"": 54.7, ""error"": 51.20827105000011}, {""pair"": [1, 3, 0, 11], ""acc"": 1.5, ""vel"": 23.13, ""pos"": 54.7, ""error"": 51.2115832500001}, {""pair"": [1, 3, 0, 11], ""acc"": 1.5, ""vel"": 23.13, ""pos"": 54.7, ""error"": 51.831703250000096}, {""pair"": [1, 3, 0, 11], ""acc"": 1.5, ""vel"": 23.13, ""pos"": 54.7, ""error"": 51.8415332500001}, {""pair"": [1, 3, 0, 11], ""acc"": 1.5, ""vel"": 23.13, ""pos"": 54.7, ""error"": 51.83479105000009}, {""pair"": [1, 3, 0, 11], ""acc"": 1.5, ""vel"": 23.13, ""pos"": 54.7, ""error"": 48.012413250000094}, {""pair"": [1, 3, 0, 11], ""acc"": 1.5, ""vel"": 23.13, ""pos"": 54.7, ""error"": 48.008271050000104}, {""pair"": [1, 3, 0, 11], ""acc"": 1.5, ""vel"": 23.13, ""pos"": 54.7, ""error"": 48.0115832500001}], [{""pair"": [1, 3, 2, 11], ""acc"": 3.1, ""vel"": 23.13, ""pos"": 54.5, ""error"": 51.012413250000094}, {""pair"": [1, 3, 2, 11], ""acc"": 3.1, ""vel"": 23.13, ""pos"": 54.5, ""error"": 51.008271050000104}, {""pair"": [1, 3, 2, 11], ""acc"": 3.1, ""vel"": 23.13, ""pos"": 54.5, ""error"": 51.0115832500001}, {""pair"": [1, 3, 2, 11], ""acc"": 3.1, ""vel"": 23.13, ""pos"": 54.5, ""error"": 51.63170325000009}, {""pair"": [1, 3, 2, 11], ""acc"": 3.1, ""vel"": 23.13, ""pos"": 54.5, ""error"": 51.641533250000094}, {""pair"": [1, 3, 2, 11], ""acc"": 3.1, ""vel"": 23.13, ""pos"": 54.5, ""error"": 51.63479105000009}, {""pair"": [1, 3, 2, 11], ""acc"": 3.1, ""vel"": 23.13, ""pos"": 54.5, ""error"": 47.81241325000009}, {""pair"": [1, 3, 2, 11], ""acc"": 3.1, ""vel"": 23.13, ""pos"": 54.5, ""error"": 47.8082710500001}, {""pair"": [1, 3, 2, 11], ""acc"": 3.1, ""vel"": 23.13, ""pos"": 54.5, ""error"": 47.8115832500001}]]"
1.5,23.16,3.8,1.4,23.16,16.6,1.5,23.16,3.8,1,"[{""pair"": [1, 1, 0, 7], ""acc"": 1.5, ""vel"": 23.16, ""pos"": 3.8, ""error"": 0.07627200000042489}, {""pair"": [1, 1, 2, 7], ""acc"": 1.4, ""vel"": 23.16, ""pos"": 3.8, ""error"": 0.07627200000042489}, {""pair"": [3, 1, 0, 7], ""acc"": 1.5, ""vel"": 23.16, ""pos"": 16.6, ""error"": 12.73572799999952}, {""pair"": [3, 1, 2, 7], ""acc"": 1.4, ""vel"": 23.16, ""pos"": 16.6, ""error"": 12.73572799999952}, {""pair"": [0, 1, 0, 7], ""acc"": 1.5, ""vel"": 20.6, ""pos"": 16.6, ""error"": 15.283727999999575}, {""pair"": [0, 1, 2, 7], ""acc"": 1.4, ""vel"": 20.6, ""pos"": 16.6, ""error"": 15.283727999999575}, {""pair"": [1, 1, 1, 7], ""acc"": 1.4, ""vel"": 23.16, ""pos"": 823.0, ""error"": 767.9357279999995}, {""pair"": [3, 1, 1, 7], ""acc"": 1.4, ""vel"": 23.16, ""pos"": 835.8, ""error"": 780.7357279999994}, {""pair"": [0, 1, 1, 7], ""acc"": 1.4, ""vel"": 20.6, ""pos"": 835.8, ""error"": 783.2837279999994}]","[[{""pair"": [3, 1, 0, 7], ""acc"": 1.5, ""vel"": 23.16, ""pos"": 16.6, ""error"": 12.73572799999952}, {""pair"": [3, 1, 0, 7], ""acc"": 1.5, ""vel"": 23.16, ""pos"": 16.6, ""error"": 12.749123199999609}, {""pair"": [3, 1, 0, 7], ""acc"": 1.5, ""vel"": 23.16, ""pos"": 16.6, ""error"": 12.94912319999961}, {""pair"": [3, 1, 0, 7], ""acc"": 1.5, ""vel"": 23.16, ""pos"": 16.6, ""error"": 22.799887999999378}, {""pair"": [3, 1, 0, 7], ""acc"": 1.5, ""vel"": 23.16, ""pos"": 16.6, ""error"": 22.825283199999408}, {""pair"": [3, 1, 0, 7], ""acc"": 1.5, ""vel"": 23.16, ""pos"": 16.6, ""error"": 23.025283199999407}, {""pair"": [3, 1, 0, 7], ""acc"": 1.5, ""vel"": 23.16, ""pos"": 16.6, ""error"": 38.29007680000051}, {""pair"": [3, 1, 0, 7], ""acc"": 1.5, ""vel"": 23.16, ""pos"": 16.6, ""error"": 38.47627200000042}, {""pair"": [3, 1, 0, 7], ""acc"": 1.5, ""vel"": 23.16, ""pos"": 16.6, ""error"": 38.490076800000516}], [{""pair"": [3, 1, 1, 7], ""acc"": 1.4, ""vel"": 23.16, ""pos"": 835.8, ""error"": 831.9357279999995}, {""pair"": [3, 1, 1, 7], ""acc"": 1.4, ""vel"": 23.16, ""pos"": 835.8, ""error"": 831.9491231999996}, {""pair"": [3, 1, 1, 7], ""acc"": 1.4, ""vel"": 23.16, ""pos"": 835.8, ""error"": 832.1491231999996}, {""pair"": [3, 1, 1, 7], ""acc"": 1.4, ""vel"": 23.16, ""pos"": 835.8, ""error"": 841.9998879999994}, {""pair"": [3, 1, 1, 7], ""acc"": 1.4, ""vel"": 23.16, ""pos"": 835.8, ""error"": 842.0252831999994}, {""pair"": [3, 1, 1, 7], ""acc"": 1.4, ""vel"": 23.16, ""pos"": 835.8, ""error"": 842.2252831999994}, {""pair"": [3, 1, 1, 7], ""acc"": 1.4, ""vel"": 23.16, ""pos"": 835.8, ""error"": 780.9491231999996}, {""pair"": [3, 1, 1, 7], ""acc"": 1.4, ""vel"": 23.16, ""pos"": 835.8, ""error"": 780.7357279999994}, {""pair"": [3, 1, 1, 7], ""acc"": 1.4, ""vel"": 23.16, ""pos"": 835.8, ""error"": 780.7491231999995}], [{""pair"": [3, 1, 2, 7], ""acc"": 1.4, ""vel"": 23.16, ""pos"": 16.6, ""error"": 12.73572799999952}, {""pair"": [3, 1, 2, 7], ""acc"": 1.4, ""vel"": 23.16, ""pos"": 16.6, ""error"": 12.749123199999609}, {""pair"": [3, 1, 2, 7], ""acc"": 1.4, ""vel"": 23.16, ""pos"": 16.6, ""error"": 12.94912319999961}, {""pair"": [3, 1, 2, 7], ""acc"": 1.4, ""vel"": 23.16, ""pos"": 16.6, ""error"": 22.799887999999378}, {""pair"": [3, 1, 2, 7], ""acc"": 1.4, ""vel"": 23.16, ""pos"": 16.6, ""error"": 22.825283199999408}, {""pair"": [3, 1, 2, 7], ""acc"": 1.4, ""vel"": 23.16, ""pos"": 16.6, ""error"": 23.025283199999407}, {""pair"": [3, 1, 2, 7], ""acc"": 1.4, ""vel"": 23.16, ""pos"": 16.6, ""error"": 38.29007680000051}, {""pair"": [3, 1, 2, 7], ""acc"": 1.4, ""vel"": 23.16, ""pos"": 16.6, ""error"": 38.47627200000042}, {""pair"": [3, 1, 2, 7], ""acc"": 1.4, ""vel"": 23.16, ""pos"": 16.6, ""error"": 38.490076800000516}], [{""pair"": [0, 1, 0, 7], ""acc"": 1.5, ""vel"": 20.6, ""pos"": 16.6, ""error"": 15.283727999999575}, {""pair"": [0, 1, 0, 7], ""acc"": 1.5, ""vel"": 20.6, ""pos"": 16.6, ""error"": 15.309123199999608}, {""pair"": [0, 1, 0, 7], ""acc"": 1.5, ""vel"": 20.6, ""pos"": 16.6, ""error"": 15.509123199999609}, {""pair"": [0, 1, 0, 7], ""acc"": 1.5, ""vel"": 20.6, ""pos"": 16.6, ""error"": 25.359887999999373}, {""pair"": [0, 1, 0, 7], ""acc"": 1.5, ""vel"": 20.6, ""pos"": 16.6, ""error"": 25.385283199999407}, {""pair"": [0, 1, 0, 7], ""acc"": 1.5, ""vel"": 20.6, ""pos"": 16.6, ""error"": 25.585283199999406}, {""pair"": [0, 1, 0, 7], ""acc"": 1.5, ""vel"": 20.6, ""pos"": 16.6, ""error"": 40.85007680000051}, {""pair"": [0, 1, 0, 7], ""acc"": 1.5, ""vel"": 20.6, ""pos"": 16.6, ""error"": 41.02427200000048}, {""pair"": [0, 1, 0, 7], ""acc"": 1.5, ""vel"": 20.6, ""pos"": 16.6, ""error"": 41.05007680000051}], [{""pair"": [0, 1, 1, 7], ""acc"": 1.4, ""vel"": 20.6, ""pos"": 835.8, ""error"": 834.4837279999995}, {""pair"": [0, 1, 1, 7], ""acc"": 1.4, ""vel"": 20.6, ""pos"": 835.8, ""error"": 834.5091231999995}, {""pair"": [0, 1, 1, 7], ""acc"": 1.4, ""vel"": 20.6, ""pos"": 835.8, ""error"": 834.7091231999996}, {""pair"": [0, 1, 1, 7], ""acc"": 1.4, ""vel"": 20.6, ""pos"": 835.8, ""error"": 844.5598879999993}, {""pair"": [0, 1, 1, 7], ""acc"": 1.4, ""vel"": 20.6, ""pos"": 835.8, ""error"": 844.5852831999994}, {""pair"": [0, 1, 1, 7], ""acc"": 1.4, ""vel"": 20.6, ""pos"": 835.8, ""error"": 844.7852831999993}, {""pair"": [0, 1, 1, 7], ""acc"": 1.4, ""vel"": 20.6, ""pos"": 835.8, ""error"": 783.5091231999995}, {""pair"": [0, 1, 1, 7], ""acc"": 1.4, ""vel"": 20.6, ""pos"": 835.8, ""error"": 783.2837279999994}, {""pair"": [0, 1, 1, 7], ""acc"": 1.4, ""vel"": 20.6, ""pos"": 835.8, ""error"": 783.3091231999995}], [{""pair"": [0, 1, 2, 7], ""acc"": 1.4, ""vel"": 20.6, ""pos"": 16.6, ""error"": 15.283727999999575}, {""pair"": [0, 1, 2, 7], ""acc"": 1.4, ""vel"": 20.6, ""pos"": 16.6, ""error"": 15.309123199999608}, {""pair"": [0, 1, 2, 7], ""acc"": 1.4, ""vel"": 20.6, ""pos"": 16.6, ""error"": 15.509123199999609}, {""pair"": [0, 1, 2, 7], ""acc"": 1.4, ""vel"": 20.6, ""pos"": 16.6, ""error"": 25.359887999999373}, {""pair"": [0, 1, 2, 7], ""acc"": 1.4, ""vel"": 20.6, ""pos"": 16.6, ""error"": 25.385283199999407}, {""pair"": [0, 1, 2, 7], ""acc"": 1.4, ""vel"": 20.6, ""pos"": 16.6, ""error"": 25.585283199999406}, {""pair"": [0, 1, 2, 7], ""acc"": 1.4, ""vel"": 20.6, ""pos"": 16.6, ""error"": 40.85007680000051}, {""pair"": [0, 1, 2, 7], ""acc"": 1.4, ""vel"": 20.6, ""pos"": 16.6, ""error"": 41.02427200000048}, {""pair"": [0, 1, 2, 7], ""acc"": 1.4, ""vel"": 20.6, ""pos"": 16.6, ""error"": 41.05007680000051}], [{""pair"": [1, 1, 0, 7], ""acc"": 1.5, ""vel"": 23.16, ""pos"": 3.8, ""error"": 0.07627200000042489}, {""pair"": [1, 1, 0, 7], ""acc"": 1.5, ""vel"": 23.16, ""pos"": 3.8, ""error"": 0.0900768000005141}, {""pair"": [1, 1, 0, 7], ""acc"": 1.5, ""vel"": 23.16, ""pos"": 3.8, ""error"": 0.14912319999960788}, {""pair"": [1, 1, 0, 7], ""acc"": 1.5, ""vel"": 23.16, ""pos"": 3.8, ""error"": 10.46811200000068}, {""pair"": [1, 1, 0, 7], ""acc"": 1.5, ""vel"": 23.16, ""pos"": 3.8, ""error"": 10.493916800000711}, {""pair"": [1, 1, 0, 7], ""acc"": 1.5, ""vel"": 23.16, ""pos"": 3.8, ""error"": 10.293916800000712}, {""pair"": [1, 1, 0, 7], ""acc"": 1.5, ""vel"": 23.16, ""pos"": 3.8, ""error"": 51.09007680000052}, {""pair"": [1, 1, 0, 7], ""acc"": 1.5, ""vel"": 23.16, ""pos"": 3.8, ""error"": 51.276272000000425}, {""pair"": [1, 1, 0, 7], ""acc"": 1.5, ""vel"": 23.16, ""pos"": 3.8, ""error"": 51.29007680000052}], [{""pair"": [1, 1, 1, 7], ""acc"": 1.4, ""vel"": 23.16, ""pos"": 823.0, ""error"": 819.1357279999995}, {""pair"": [1, 1, 1, 7], ""acc"": 1.4, ""vel"": 23.16, ""pos"": 823.0, ""error"": 819.1491231999996}, {""pair"": [1, 1, 1, 7], ""acc"": 1.4, ""vel"": 23.16, ""pos"": 823.0, ""error"": 819.3491231999997}, {""pair"": [1, 1, 1, 7], ""acc"": 1.4, ""vel"": 23.16, ""pos"": 823.0, ""error"": 829.1998879999994}, {""pair"": [1, 1, 1, 7], ""acc"": 1.4, ""vel"": 23.16, ""pos"": 823.0, ""error"": 829.2252831999995}, {""pair"": [1, 1, 1, 7], ""acc"": 1.4, ""vel"": 23.16, ""pos"": 823.0, ""error"": 829.4252831999994}, {""pair"": [1, 1, 1, 7], ""acc"": 1.4, ""vel"": 23.16, ""pos"": 823.0, ""error"": 768.1491231999996}, {""pair"": [1, 1, 1, 7], ""acc"": 1.4, ""vel"": 23.16, ""pos"": 823.0, ""error"": 767.9357279999995}, {""pair"": [1, 1, 1, 7], ""acc"": 1.4, ""vel"": 23.16, ""pos"": 823.0, ""error"": 767.9491231999996}], [{""pair"": [1, 1, 2, 7], ""acc"": 1.4, ""vel"": 23.16, ""pos"": 3.8, ""error"": 0.07627200000042489}, {""pair"": [1, 1, 2, 7], ""acc"": 1.4, ""vel"": 23.16, ""pos"": 3.8, ""error"": 0.0900768000005141}, {""pair"": [1, 1, 2, 7], ""acc"": 1.4, ""vel"": 23.16, ""pos"": 3.8, ""error"": 0.14912319999960788}, {""pair"": [1, 1, 2, 7], ""acc"": 1.4, ""vel"": 23.16, ""pos"": 3.8, ""error"": 10.46811200000068}, {""pair"": [1, 1, 2, 7], ""acc"": 1.4, ""vel"": 23.16, ""pos"": 3.8, ""error"": 10.493916800000711}, {""pair"": [1, 1, 2, 7], ""acc"": 1.4, ""vel"": 23.16, ""pos"": 3.8, ""error"": 10.293916800000712}, {""pair"": [1, 1, 2, 7], ""acc"": 1.4, ""vel"": 23.16, ""pos"": 3.8, ""error"": 51.09007680000052}, {""pair"": [1, 1, 2, 7], ""acc"": 1.4, ""vel"": 23.16, ""pos"": 3.8, ""error"": 51.276272000000425}, {""pair"": [1, 1, 2, 7], ""acc"": 1.4, ""vel"": 23.16, ""pos"": 3.8, ""error"": 51.29007680000052}], [{""pair"": [2, 1, 0, 7], ""acc"": 1.5, ""vel"": 23.16, ""pos"": 16.6, ""error"": 12.73572799999952}, {""pair"": [2, 1, 0, 7], ""acc"": 1.5, ""vel"": 23.16, ""pos"": 16.6, ""error"": 12.749123199999609}, {""pair"": [2, 1, 0, 7], ""acc"": 1.5, ""vel"": 23.16, ""pos"": 16.6, ""error"": 12.94912319999961}, {""pair"": [2, 1, 0, 7], ""acc"": 1.5, ""vel"": 23.16, ""pos"": 16.6, ""error"": 22.799887999999378}, {""pair"": [2, 1, 0, 7], ""acc"": 1.5, ""vel"": 23.16, ""pos"": 16.6, ""error"": 22.825283199999408}, {""pair"": [2, 1, 0, 7], ""acc"": 1.5, ""vel"": 23.16, ""pos"": 16.6, ""error"": 23.025283199999407}, {""pair"": [2, 1, 0, 7], ""acc"": 1.5, ""vel"": 23.16, ""pos"": 16.6, ""error"": 38.29007680000051}, {""pair"": [2, 1, 0, 7], ""acc"": 1.5, ""vel"": 23.16, ""pos"": 16.6, ""error"": 38.47627200000042}, {""pair"": [2, 1, 0, 7], ""acc"": 1.5, ""vel"": 23.16, ""pos"": 16.6, ""error"": 38.490076800000516}], [{""pair"": [2, 1, 1, 7], ""acc"": 1.4, ""vel"": 23.16, ""pos"": 835.8, ""error"": 831.9357279999995}, {""pair"": [2, 1, 1, 7], ""acc"": 1.4, ""vel"": 23.16, ""pos"": 835.8, ""error"": 831.9491231999996}, {""pair"": [2, 1, 1, 7], ""acc"": 1.4, ""vel"": 23.16, ""pos"": 835.8, ""error"": 832.1491231999996}, {""pair"": [2, 1, 1, 7], ""acc"": 1.4, ""vel"": 23.16, ""pos"": 835.8, ""error"": 841.9998879999994}, {""pair"": [2, 1, 1, 7], ""acc"": 1.4, ""vel"": 23.16, ""pos"": 835.8, ""error"": 842.0252831999994}, {""pair"": [2, 1, 1, 7], ""acc"": 1.4, ""vel"": 23.16, ""pos"": 835.8, ""error"": 842.2252831999994}, {""pair"": [2, 1, 1, 7], ""acc"": 1.4, ""vel"": 23.16, ""pos"": 835.8, ""error"": 780.9491231999996}, {""pair"": [2, 1, 1, 7], ""acc"": 1.4, ""vel"": 23.16, ""pos"": 835.8, ""error"": 780.7357279999994}, {""pair"": [2, 1, 1, 7], ""acc"": 1.4, ""vel"": 23.16, ""pos"": 835.8, ""error"": 780.7491231999995}], [{""pair"": [2, 1, 2, 7], ""acc"": 1.4, ""vel"": 23.16, ""pos"": 16.6, ""error"": 12.73572799999952}, {""pair"": [2, 1, 2, 7], ""acc"": 1.4, ""vel"": 23.16, ""pos"": 16.6, ""error"": 12.749123199999609}, {""pair"": [2, 1, 2, 7], ""acc"": 1.4, ""vel"": 23.16, ""pos"": 16.6, ""error"": 12.94912319999961}, {""pair"": [2, 1, 2, 7], ""acc"": 1.4, ""vel"": 23.16, ""pos"": 16.6, ""error"": 22.799887999999378}, {""pair"": [2, 1, 2, 7], ""acc"": 1.4, ""vel"": 23.16, ""pos"": 16.6, ""error"": 22.825283199999408}, {""pair"": [2, 1, 2, 7], ""acc"": 1.4, ""vel"": 23.16, ""pos"": 16.6, ""error"": 23.025283199999407}, {""pair"": [2, 1, 2, 7], ""acc"": 1.4, ""vel"": 23.16, ""pos"": 16.6, ""error"": 38.29007680000051}, {""pair"": [2, 1, 2, 7], ""acc"": 1.4, ""vel"": 23.16, ""pos"": 16.6, ""error"": 38.47627200000042}, {""pair"": [2, 1, 2, 7], ""acc"": 1.4, ""vel"": 23.16, ""pos"": 16.6, ""error"": 38.490076800000516}]]"
1.5,23.19,4.2,1.5,20.63,4.2,1.5,23.19,4.2,2,"[{""pair"": [3, 0, 0, 1], ""acc"": 1.5, ""vel"": 23.19, ""pos"": 4.2, ""error"": 0.01056325000010272}, {""pair"": [3, 0, 1, 1], ""acc"": 1.5, ""vel"": 20.63, ""pos"": 17.0, ""error"": 0.054083250000086736}, {""pair"": [0, 0, 1, 1], ""acc"": 1.5, ""vel"": 21.91, ""pos"": 17.0, ""error"": 1.2798777000000854}, {""pair"": [0, 0, 0, 1], ""acc"": 1.5, ""vel"": 24.47, ""pos"": 4.2, ""error"": 1.2905632500001003}, {""pair"": [1, 0, 0, 1], ""acc"": 1.5, ""vel"": 23.19, ""pos"": 10.6, ""error"": 6.398436749999915}, {""pair"": [1, 0, 1, 1], ""acc"": 1.5, ""vel"": 20.63, ""pos"": 23.4, ""error"": 6.454083250000085}]","[[{""pair"": [3, 0, 0, 1], ""acc"": 1.5, ""vel"": 23.19, ""pos"": 4.2, ""error"": 0.01056325000010272}, {""pair"": [3, 0, 0, 1], ""acc"": 1.5, ""vel"": 23.19, ""pos"": 4.2, ""error"": 0.01227770000010242}, {""pair"": [3, 0, 0, 1], ""acc"": 1.5, ""vel"": 23.19, ""pos"": 4.2, ""error"": 12.798436749999915}, {""pair"": [3, 0, 0, 1], ""acc"": 1.5, ""vel"": 23.19, ""pos"": 4.2, ""error"": 12.800122299999916}, {""pair"": [3, 0, 0, 1], ""acc"": 1.5, ""vel"": 23.19, ""pos"": 4.2, ""error"": 15.314916749999924}, {""pair"": [3, 0, 0, 1], ""acc"": 1.5, ""vel"": 23.19, ""pos"": 4.2, ""error"": 15.316602299999925}, {""pair"": [3, 0, 0, 1], ""acc"": 1.5, ""vel"": 23.19, ""pos"": 4.2, ""error"": 819.2001222999999}, {""pair"": [3, 0, 0, 1], ""acc"": 1.5, ""vel"": 23.19, ""pos"": 4.2, ""error"": 832.0001222999998}, {""pair"": [3, 0, 0, 1], ""acc"": 1.5, ""vel"": 23.19, ""pos"": 4.2, ""error"": 834.5166022999997}], [{""pair"": [3, 0, 1, 1], ""acc"": 1.5, ""vel"": 20.63, ""pos"": 17.0, ""error"": 15.36156325000009}, {""pair"": [3, 0, 1, 1], ""acc"": 1.5, ""vel"": 20.63, ""pos"": 17.0, ""error"": 15.35987770000009}, {""pair"": [3, 0, 1, 1], ""acc"": 1.5, ""vel"": 20.63, ""pos"": 17.0, ""error"": 2.5615632500000878}, {""pair"": [3, 0, 1, 1], ""acc"": 1.5, ""vel"": 20.63, ""pos"": 17.0, ""error"": 2.5598777000000865}, {""pair"": [3, 0, 1, 1], ""acc"": 1.5, ""vel"": 20.63, ""pos"": 17.0, ""error"": 0.054083250000086736}, {""pair"": [3, 0, 1, 1], ""acc"": 1.5, ""vel"": 20.63, ""pos"": 17.0, ""error"": 0.05579770000008466}, {""pair"": [3, 0, 1, 1], ""acc"": 1.5, ""vel"": 20.63, ""pos"": 17.0, ""error"": 808.9477222999999}, {""pair"": [3, 0, 1, 1], ""acc"": 1.5, ""vel"": 20.63, ""pos"": 17.0, ""error"": 821.7477222999999}, {""pair"": [3, 0, 1, 1], ""acc"": 1.5, ""vel"": 20.63, ""pos"": 17.0, ""error"": 819.1566022999998}], [{""pair"": [0, 0, 0, 1], ""acc"": 1.5, ""vel"": 24.47, ""pos"": 4.2, ""error"": 1.2905632500001003}, {""pair"": [0, 0, 0, 1], ""acc"": 1.5, ""vel"": 24.47, ""pos"": 4.2, ""error"": 1.2922777000001}, {""pair"": [0, 0, 0, 1], ""acc"": 1.5, ""vel"": 24.47, ""pos"": 4.2, ""error"": 14.078436749999913}, {""pair"": [0, 0, 0, 1], ""acc"": 1.5, ""vel"": 24.47, ""pos"": 4.2, ""error"": 14.080122299999914}, {""pair"": [0, 0, 0, 1], ""acc"": 1.5, ""vel"": 24.47, ""pos"": 4.2, ""error"": 16.59491674999992}, {""pair"": [0, 0, 0, 1], ""acc"": 1.5, ""vel"": 24.47, ""pos"": 4.2, ""error"": 16.596602299999923}, {""pair"": [0, 0, 0, 1], ""acc"": 1.5, ""vel"": 24.47, ""pos"": 4.2, ""error"": 820.4801222999998}, {""pair"": [0, 0, 0, 1], ""acc"": 1.5, ""vel"": 24.47, ""pos"": 4.2, ""error"": 833.2801222999998}, {""pair"": [0, 0, 0, 1], ""acc"": 1.5, ""vel"": 24.47, ""pos"": 4.2, ""error"": 835.7966022999997}], [{""pair"": [0, 0, 1, 1], ""acc"": 1.5, ""vel"": 21.91, ""pos"": 17.0, ""error"": 14.08156325000009}, {""pair"": [0, 0, 1, 1], ""acc"": 1.5, ""vel"": 21.91, ""pos"": 17.0, ""error"": 14.07987770000009}, {""pair"": [0, 0, 1, 1], ""acc"": 1.5, ""vel"": 21.91, ""pos"": 17.0, ""error"": 1.2815632500000866}, {""pair"": [0, 0, 1, 1], ""acc"": 1.5, ""vel"": 21.91, ""pos"": 17.0, ""error"": 1.2798777000000854}, {""pair"": [0, 0, 1, 1], ""acc"": 1.5, ""vel"": 21.91, ""pos"": 17.0, ""error"": 1.3340832500000879}, {""pair"": [0, 0, 1, 1], ""acc"": 1.5, ""vel"": 21.91, ""pos"": 17.0, ""error"": 1.3357977000000858}, {""pair"": [0, 0, 1, 1], ""acc"": 1.5, ""vel"": 21.91, ""pos"": 17.0, ""error"": 807.6677222999999}, {""pair"": [0, 0, 1, 1], ""acc"": 1.5, ""vel"": 21.91, ""pos"": 17.0, ""error"": 820.4677222999999}, {""pair"": [0, 0, 1, 1], ""acc"": 1.5, ""vel"": 21.91, ""pos"": 17.0, ""error"": 820.4366022999998}], [{""pair"": [1, 0, 0, 1], ""acc"": 1.5, ""vel"": 23.19, ""pos"": 10.6, ""error"": 6.410563250000102}, {""pair"": [1, 0, 0, 1], ""acc"": 1.5, ""vel"": 23.19, ""pos"": 10.6, ""error"": 6.412277700000102}, {""pair"": [1, 0, 0, 1], ""acc"": 1.5, ""vel"": 23.19, ""pos"": 10.6, ""error"": 6.398436749999915}, {""pair"": [1, 0, 0, 1], ""acc"": 1.5, ""vel"": 23.19, ""pos"": 10.6, ""error"": 6.400122299999916}, {""pair"": [1, 0, 0, 1], ""acc"": 1.5, ""vel"": 23.19, ""pos"": 10.6, ""error"": 8.914916749999923}, {""pair"": [1, 0, 0, 1], ""acc"": 1.5, ""vel"": 23.19, ""pos"": 10.6, ""error"": 8.916602299999925}, {""pair"": [1, 0, 0, 1], ""acc"": 1.5, ""vel"": 23.19, ""pos"": 10.6, ""error"": 812.8001222999999}, {""pair"": [1, 0, 0, 1], ""acc"": 1.5, ""vel"": 23.19, ""pos"": 10.6, ""error"": 825.6001222999998}, {""pair"": [1, 0, 0, 1], ""acc"": 1.5, ""vel"": 23.19, ""pos"": 10.6, ""error"": 828.1166022999997}], [{""pair"": [1, 0, 1, 1], ""acc"": 1.5, ""vel"": 20.63, ""pos"": 23.4, ""error"": 21.761563250000087}, {""pair"": [1, 0, 1, 1], ""acc"": 1.5, ""vel"": 20.63, ""pos"": 23.4, ""error"": 21.75987770000009}, {""pair"": [1, 0, 1, 1], ""acc"": 1.5, ""vel"": 20.63, ""pos"": 23.4, ""error"": 8.961563250000086}, {""pair"": [1, 0, 1, 1], ""acc"": 1.5, ""vel"": 20.63, ""pos"": 23.4, ""error"": 8.959877700000085}, {""pair"": [1, 0, 1, 1], ""acc"": 1.5, ""vel"": 20.63, ""pos"": 23.4, ""error"": 6.454083250000085}, {""pair"": [1, 0, 1, 1], ""acc"": 1.5, ""vel"": 20.63, ""pos"": 23.4, ""error"": 6.455797700000083}, {""pair"": [1, 0, 1, 1], ""acc"": 1.5, ""vel"": 20.63, ""pos"": 23.4, ""error"": 802.5477222999999}, {""pair"": [1, 0, 1, 1], ""acc"": 1.5, ""vel"": 20.63, ""pos"": 23.4, ""error"": 815.3477222999999}, {""pair"": [1, 0, 1, 1], ""acc"": 1.5, ""vel"": 20.63, ""pos"": 23.4, ""error"": 812.7566022999998}], [{""pair"": [2, 0, 0, 1], ""acc"": 1.5, ""vel"": 23.19, ""pos"": 4.2, ""error"": 0.01056325000010272}, {""pair"": [2, 0, 0, 1], ""acc"": 1.5, ""vel"": 23.19, ""pos"": 4.2, ""error"": 0.01227770000010242}, {""pair"": [2, 0, 0, 1], ""acc"": 1.5, ""vel"": 23.19, ""pos"": 4.2, ""error"": 12.798436749999915}, {""pair"": [2, 0, 0, 1], ""acc"": 1.5, ""vel"": 23.19, ""pos"": 4.2, ""error"": 12.800122299999916}, {""pair"": [2, 0, 0, 1], ""acc"": 1.5, ""vel"": 23.19, ""pos"": 4.2, ""error"": 15.314916749999924}, {""pair"": [2, 0, 0, 1], ""acc"": 1.5, ""vel"": 23.19, ""pos"": 4.2, ""error"": 15.316602299999925}, {""pair"": [2, 0, 0, 1], ""acc"": 1.5, ""vel"": 23.19, ""pos"": 4.2, ""error"": 819.2001222999999}, {""pair"": [2, 0, 0, 1], ""acc"": 1.5, ""vel"": 23.19, ""pos"": 4.2, ""error"": 832.0001222999998}, {""pair"": [2, 0, 0, 1], ""acc"": 1.5, ""vel"": 23.19, ""pos"": 4.2, ""error"": 834.5166022999997}], [{""pair"": [2, 0, 1, 1], ""acc"": 1.5, ""vel"": 20.63, ""pos"": 17.0, ""error"": 15.36156325000009}, {""pair"": [2, 0, 1, 1], ""acc"": 1.5, ""vel"": 20.63, ""pos"": 17.0, ""error"": 15.35987770000009}, {""pair"": [2, 0, 1, 1], ""acc"": 1.5, ""vel"": 20.63, ""pos"": 17.0, ""error"": 2.5615632500000878}, {""pair"": [2, 0, 1, 1], ""acc"": 1.5, ""vel"": 20.63, ""pos"": 17.0, ""error"": 2.5598777000000865}, {""pair"": [2, 0, 1, 1], ""acc"": 1.5, ""vel"": 20.63, ""pos"": 17.0, ""error"": 0.054083250000086736}, {""pair"": [2, 0, 1, 1], ""acc"": 1.5, ""vel"": 20.63, ""pos"": 17.0, ""error"": 0.05579770000008466}, {""pair"": [2, 0, 1, 1], ""acc"": 1.5, ""vel"": 20.63, ""pos"": 17.0, ""error"": 808.9477222999999}, {""pair"": [2, 0, 1, 1], ""acc"": 1.5, ""vel"": 20.63, ""pos"": 17.0, ""error"": 821.7477222999999}, {""pair"": [2, 0, 1, 1], ""acc"": 1.5, ""vel"": 20.63, ""pos"": 17.0, ""error"": 819.1566022999998}]]"
1.5,23.21,4.6000000000000005,1.5,23.21,4.7,1.5,23.21,4.6,3,"[{""pair"": [2, 6, 2, 10], ""acc"": 1.5, ""vel"": 23.21, ""pos"": 4.6, ""error"": 0.01105325000008861}]","[[{""pair"": [3, 10, 2, 6], ""acc"": 1.5, ""vel"": 23.21, ""pos"": 4.7, ""error"": 0.11105325000008914}, {""pair"": [3, 10, 2, 6], ""acc"": 1.5, ""vel"": 23.21, ""pos"": 4.7, ""error"": 15.205426749999923}, {""pair"": [3, 10, 2, 6], ""acc"": 1.5, ""vel"": 23.21, ""pos"": 4.7, ""error"": 13.947186749999918}, {""pair"": [3, 10, 2, 6], ""acc"": 1.5, ""vel"": 23.21, ""pos"": 4.7, ""error"": 1.3692932500000925}, {""pair"": [3, 10, 2, 6], ""acc"": 1.5, ""vel"": 23.21, ""pos"": 4.7, ""error"": 6.299946749999898}, {""pair"": [3, 10, 2, 6], ""acc"": 1.5, ""vel"": 23.21, ""pos"": 4.7, ""error"": 21.60542674999992}], [{""pair"": [2, 6, 0, 10], ""acc"": 0.7, ""vel"": 23.21, ""pos"": 4.7, ""error"": 0.11105325000008914}, {""pair"": [2, 6, 0, 10], ""acc"": 0.7, ""vel"": 23.21, ""pos"": 4.7, ""error"": 15.205426749999923}, {""pair"": [2, 6, 0, 10], ""acc"": 0.7, ""vel"": 23.21, ""pos"": 4.7, ""error"": 13.947186749999918}, {""pair"": [2, 6, 0, 10], ""acc"": 0.7, ""vel"": 23.21, ""pos"": 4.7, ""error"": 1.3692932500000925}, {""pair"": [2, 6, 0, 10], ""acc"": 0.7, ""vel"": 23.21, ""pos"": 4.7, ""error"": 6.299946749999898}, {""pair"": [2, 6, 0, 10], ""acc"": 0.7, ""vel"": 23.21, ""pos"": 4.7, ""error"": 21.60542674999992}], [{""pair"": [2, 6, 2, 10], ""acc"": 1.5, ""vel"": 23.21, ""pos"": 4.6, ""error"": 0.01105325000008861}, {""pair"": [2, 6, 2, 10], ""acc"": 1.5, ""vel"": 23.21, ""pos"": 4.6, ""error"": 15.305426749999922}, {""pair"": [2, 6, 2, 10], ""acc"": 1.5, ""vel"": 23.21, ""pos"": 4.6, ""error"": 14.047186749999918}, {""pair"": [2, 6, 2, 10], ""acc"": 1.5, ""vel"": 23.21, ""pos"": 4.6, ""error"": 1.3017067499998918}, {""pair"": [2, 6, 2, 10], ""acc"": 1.5, ""vel"": 23.21, ""pos"": 4.6, ""error"": 6.3999467499998985}, {""pair"": [2, 6, 2, 10], ""acc"": 1.5, ""vel"": 23.21, ""pos"": 4.6, ""error"": 21.70542674999992}]]"
1.5,23.24,5.0,1.5,28.36,5.0,1.5,23.23,5.0,0,"[{""pair"": [0, 0, 0, 0], ""acc"": 1.5, ""vel"": 23.23, ""pos"": 5.0, ""error"": 0}]",[]
1.5,23.26,5.4,1.5,23.9,5.4,1.5,23.26,5.4,1,"[{""pair"": [3, 13, 1, 15], ""acc"": 1.5, ""vel"": 23.26, ""pos"": 5.4, ""error"": 0.009373250000102473}, {""pair"": [1, 15, 0, 13], ""acc"": 7.9, ""vel"": 23.26, ""pos"": 5.4, ""error"": 0.009373250000102473}, {""pair"": [1, 15, 2, 13], ""acc"": 1.5, ""vel"": 23.26, ""pos"": 6.2, ""error"": 0.8093732500001023}, {""pair"": [2, 14, 1, 13], ""acc"": 1.5, ""vel"": 23.74, ""pos"": 3.8, ""error"": 2.0796267499999095}, {""pair"": [2, 15, 2, 13], ""acc"": 1.5, ""vel"": 23.9, ""pos"": 3.0, ""error"": 3.0396267499999094}, {""pair"": [3, 13, 2, 15], ""acc"": 1.5, ""vel"": 23.9, ""pos"": 2.2, ""error"": 3.8396267499999093}, {""pair"": [2, 15, 0, 13], ""acc"": 7.9, ""vel"": 23.9, ""pos"": 2.2, ""error"": 3.8396267499999093}]","[[{""pair"": [2, 14, 1, 13], ""acc"": 1.5, ""vel"": 23.74, ""pos"": 3.8, ""error"": 2.0796267499999095}], [{""pair"": [3, 13, 1, 15], ""acc"": 1.5, ""vel"": 23.26, ""pos"": 5.4, ""error"": 0.009373250000102473}], [{""pair"": [3, 13, 2, 15], ""acc"": 1.5, ""vel"": 23.9, ""pos"": 2.2, ""error"": 3.8396267499999093}], [{""pair"": [1, 15, 0, 13], ""acc"": 7.9, ""vel"": 23.26, ""pos"": 5.4, ""error"": 0.009373250000102473}], [{""pair"": [1, 15, 2, 13], ""acc"": 1.5, ""vel"": 23.26, ""pos"": 6.2, ""error"": 0.8093732500001023}], [{""pair"": [2, 15, 0, 13], ""acc"": 7.9, ""vel"": 23.9, ""pos"": 2.2, ""error"": 3.8396267499999093}], [{""pair"": [2, 15, 2, 13], ""acc"": 1.5, ""vel"": 23.9, ""pos"": 3.0, ""error"": 3.0396267499999094}]]"
1.5,23.29,5.800000000000001,14.3,23.29,5.8,1.5,23.29,5.8,2,"[{""pair"": [3, 13, 0, 14], ""acc"": 1.5, ""vel"": 23.29, ""pos"": 5.8, ""error"": 0.008863250000098688}, {""pair"": [1, 13, 0, 14], ""acc"": 1.5, ""vel"": 23.13, ""pos"": 5.8, ""error"": 0.15986325000009138}, {""pair"": [2, 13, 0, 14], ""acc"": 1.5, ""vel"": 23.29, ""pos"": 5.0, ""error"": 0.8001367499999086}]","[[{""pair"": [3, 13, 0, 14], ""acc"": 1.5, ""vel"": 23.29, ""pos"": 5.8, ""error"": 0.008863250000098688}, {""pair"": [3, 13, 0, 14], ""acc"": 1.5, ""vel"": 23.29, ""pos"": 5.8, ""error"": 0.1077384500000651}, {""pair"": [3, 13, 0, 14], ""acc"": 1.5, ""vel"": 23.29, ""pos"": 5.8, ""error"": 0.8001367499999086}, {""pair"": [3, 13, 0, 14], ""acc"": 1.5, ""vel"": 23.29, ""pos"": 5.8, ""error"": 2.0717032500000903}, {""pair"": [3, 13, 0, 14], ""acc"": 1.5, ""vel"": 23.29, ""pos"": 5.8, ""error"": 3.028983250000091}, {""pair"": [3, 13, 0, 14], ""acc"": 1.5, ""vel"": 23.29, ""pos"": 5.8, ""error"": 3.828983250000091}, {""pair"": [3, 13, 0, 14], ""acc"": 1.5, ""vel"": 23.29, ""pos"": 5.8, ""error"": 3.936858450000065}], [{""pair"": [3, 13, 2, 14], ""acc"": 14.3, ""vel"": 23.29, ""pos"": 4.2, ""error"": 1.6001367499999084}, {""pair"": [3, 13, 2, 14], ""acc"": 14.3, ""vel"": 23.29, ""pos"": 4.2, ""error"": 1.7008615499998747}, {""pair"": [3, 13, 2, 14], ""acc"": 14.3, ""vel"": 23.29, ""pos"": 4.2, ""error"": 2.4001367499999082}, {""pair"": [3, 13, 2, 14], ""acc"": 14.3, ""vel"": 23.29, ""pos"": 4.2, ""error"": 0.4792967499998957}, {""pair"": [3, 13, 2, 14], ""acc"": 14.3, ""vel"": 23.29, ""pos"": 4.2, ""error"": 1.4289832500000914}, {""pair"": [3, 13, 2, 14], ""acc"": 14.3, ""vel"": 23.29, ""pos"": 4.2, ""error"": 2.2289832500000912}, {""pair"": [3, 13, 2, 14], ""acc"": 14.3, ""vel"": 23.29, ""pos"": 4.2, ""error"": 2.3368584500000655}], [{""pair"": [0, 13, 2, 15], ""acc"": 20.7, ""vel"": 23.29, ""pos"": 2.6, ""error"": 3.2001367499999085}, {""pair"": [0, 13, 2, 15], ""acc"": 20.7, ""vel"": 23.29, ""pos"": 2.6, ""error"": 3.300861549999875}, {""pair"": [0, 13, 2, 15], ""acc"": 20.7, ""vel"": 23.29, ""pos"": 2.6, ""error"": 4.000136749999909}, {""pair"": [0, 13, 2, 15], ""acc"": 20.7, ""vel"": 23.29, ""pos"": 2.6, ""error"": 2.0792967499998958}, {""pair"": [0, 13, 2, 15], ""acc"": 20.7, ""vel"": 23.29, ""pos"": 2.6, ""error"": 1.4420167499998953}, {""pair"": [0, 13, 2, 15], ""acc"": 20.7, ""vel"": 23.29, ""pos"": 2.6, ""error"": 0.6420167499998954}, {""pair"": [0, 13, 2, 15], ""acc"": 20.7, ""vel"": 23.29, ""pos"": 2.6, ""error"": 0.7517415499998688}], [{""pair"": [1, 13, 0, 14], ""acc"": 1.5, ""vel"": 23.13, ""pos"": 5.8, ""error"": 0.15986325000009138}, {""pair"": [1, 13, 0, 14], ""acc"": 1.5, ""vel"": 23.13, ""pos"": 5.8, ""error"": 0.26773845000006524}, {""pair"": [1, 13, 0, 14], ""acc"": 1.5, ""vel"": 23.13, ""pos"": 5.8, ""error"": 0.9511367499999013}, {""pair"": [1, 13, 0, 14], ""acc"": 1.5, ""vel"": 23.13, ""pos"": 5.8, ""error"": 2.2317032500000904}, {""pair"": [1, 13, 0, 14], ""acc"": 1.5, ""vel"": 23.13, ""pos"": 5.8, ""error"": 3.188983250000091}, {""pair"": [1, 13, 0, 14], ""acc"": 1.5, ""vel"": 23.13, ""pos"": 5.8, ""error"": 3.988983250000091}, {""pair"": [1, 13, 0, 14], ""acc"": 1.5, ""vel"": 23.13, ""pos"": 5.8, ""error"": 4.096858450000065}], [{""pair"": [1, 13, 2, 14], ""acc"": 14.3, ""vel"": 23.13, ""pos"": 4.2, ""error"": 1.751136749999901}, {""pair"": [1, 13, 2, 14], ""acc"": 14.3, ""vel"": 23.13, ""pos"": 4.2, ""error"": 1.8608615499998749}, {""pair"": [1, 13, 2, 14], ""acc"": 14.3, ""vel"": 23.13, ""pos"": 4.2, ""error"": 2.551136749999901}, {""pair"": [1, 13, 2, 14], ""acc"": 14.3, ""vel"": 23.13, ""pos"": 4.2, ""error"": 0.6392967499998958}, {""pair"": [1, 13, 2, 14], ""acc"": 14.3, ""vel"": 23.13, ""pos"": 4.2, ""error"": 1.5889832500000916}, {""pair"": [1, 13, 2, 14], ""acc"": 14.3, ""vel"": 23.13, ""pos"": 4.2, ""error"": 2.3889832500000914}, {""pair"": [1, 13, 2, 14], ""acc"": 14.3, ""vel"": 23.13, ""pos"": 4.2, ""error"": 2.4968584500000657}], [{""pair"": [2, 13, 0, 14], ""acc"": 1.5, ""vel"": 23.29, ""pos"": 5.0, ""error"": 0.8001367499999086}, {""pair"": [2, 13, 0, 14], ""acc"": 1.5, ""vel"": 23.29, ""pos"": 5.0, ""error"": 0.9008615499998749}, {""pair"": [2, 13, 0, 14], ""acc"": 1.5, ""vel"": 23.29, ""pos"": 5.0, ""error"": 1.6001367499999084}, {""pair"": [2, 13, 0, 14], ""acc"": 1.5, ""vel"": 23.29, ""pos"": 5.0, ""error"": 1.2717032500000904}, {""pair"": [2, 13, 0, 14], ""acc"": 1.5, ""vel"": 23.29, ""pos"": 5.0, ""error"": 2.2289832500000912}, {""pair"": [2, 13, 0, 14], ""acc"": 1.5, ""vel"": 23.29, ""pos"": 5.0, ""error"": 3.028983250000091}, {""pair"": [2, 13, 0, 14], ""acc"": 1.5, ""vel"": 23.29, ""pos"": 5.0, ""error"": 3.1368584500000654}], [{""pair"": [2, 13, 2, 14], ""acc"": 14.3, ""vel"": 23.29, ""pos"": 3.4, ""error"": 2.4001367499999087}, {""pair"": [2, 13, 2, 14], ""acc"": 14.3, ""vel"": 23.29, ""pos"": 3.4, ""error"": 2.500861549999875}, {""pair"": [2, 13, 2, 14], ""acc"": 14.3, ""vel"": 23.29, ""pos"": 3.4, ""error"": 3.2001367499999085}, {""pair"": [2, 13, 2, 14], ""acc"": 14.3, ""vel"": 23.29, ""pos"": 3.4, ""error"": 1.279296749999896}, {""pair"": [2, 13, 2, 14], ""acc"": 14.3, ""vel"": 23.29, ""pos"": 3.4, ""error"": 0.6420167499998954}, {""pair"": [2, 13, 2, 14], ""acc"": 14.3, ""vel"": 23.29, ""pos"": 3.4, ""error"": 1.428983250000091}, {""pair"": [2, 13, 2, 14], ""acc"": 14.3, ""vel"": 23.29, ""pos"": 3.4, ""error"": 1.5368584500000653}]]"
1.5,23.31,6.2,1.5,23.31,6.2,1.5,23.31,6.2,3,"[{""pair"": [3, 7, 3, 11], ""acc"": 1.5, ""vel"": 23.31, ""pos"": 6.2, ""error"": 0.031167999999574647}]","[[{""pair"": [3, 7, 3, 11], ""acc"": 1.5, ""vel"": 23.31, ""pos"": 6.2, ""error"": 0.031167999999574647}, {""pair"": [3, 7, 3, 11], ""acc"": 1.5, ""vel"": 23.31, ""pos"": 6.2, ""error"": 0.18572799999951872}, {""pair"": [3, 7, 3, 11], ""acc"": 1.5, ""vel"": 23.31, ""pos"": 6.2, ""error"": 0.8311679999995745}], [{""pair"": [3, 7, 0, 11], ""acc"": 3.1, ""vel"": 23.31, ""pos"": 6.2, ""error"": 0.031167999999574647}, {""pair"": [3, 7, 0, 11], ""acc"": 3.1, ""vel"": 23.31, ""pos"": 6.2, ""error"": 0.18572799999951872}, {""pair"": [3, 7, 0, 11], ""acc"": 3.1, ""vel"": 23.31, ""pos"": 6.2, ""error"": 0.8311679999995745}], [{""pair"": [3, 7, 1, 11], ""acc"": 1.5, ""vel"": 23.35, ""pos"": 6.2, ""error"": 0.06316799999951783}, {""pair"": [3, 7, 1, 11], ""acc"": 1.5, ""vel"": 23.35, ""pos"": 6.2, ""error"": 0.22572799999952142}, {""pair"": [3, 7, 1, 11], ""acc"": 1.5, ""vel"": 23.35, ""pos"": 6.2, ""error"": 0.8631679999995177}], [{""pair"": [3, 11, 1, 7], ""acc"": 1.5, ""vel"": 23.31, ""pos"": 825.4, ""error"": 819.2311679999996}, {""pair"": [3, 11, 1, 7], ""acc"": 1.5, ""vel"": 23.31, ""pos"": 825.4, ""error"": 819.3857279999995}, {""pair"": [3, 11, 1, 7], ""acc"": 1.5, ""vel"": 23.31, ""pos"": 825.4, ""error"": 820.0311679999995}], [{""pair"": [3, 11, 2, 7], ""acc"": 1.5, ""vel"": 23.31, ""pos"": 6.2, ""error"": 0.031167999999574647}, {""pair"": [3, 11, 2, 7], ""acc"": 1.5, ""vel"": 23.31, ""pos"": 6.2, ""error"": 0.18572799999951872}, {""pair"": [3, 11, 2, 7], ""acc"": 1.5, ""vel"": 23.31, ""pos"": 6.2, ""error"": 0.8311679999995745}], [{""pair"": [1, 7, 0, 11], ""acc"": 3.1, ""vel"": 23.31, ""pos"": 825.4, ""error"": 819.2311679999996}, {""pair"": [1, 7, 0, 11], ""acc"": 3.1, ""vel"": 23.31, ""pos"": 825.4, ""error"": 819.3857279999995}, {""pair"": [1, 7, 0, 11], ""acc"": 3.1, ""vel"": 23.31, ""pos"": 825.4, ""error"": 820.0311679999995}], [{""pair"": [1, 7, 1, 11], ""acc"": 1.5, ""vel"": 23.35, ""pos"": 825.4, ""error"": 819.2631679999995}, {""pair"": [1, 7, 1, 11], ""acc"": 1.5, ""vel"": 23.35, ""pos"": 825.4, ""error"": 819.4257279999996}, {""pair"": [1, 7, 1, 11], ""acc"": 1.5, ""vel"": 23.35, ""pos"": 825.4, ""error"": 820.0631679999995}], [{""pair"": [2, 7, 0, 11], ""acc"": 3.1, ""vel"": 23.31, ""pos"": 6.2, ""error"": 0.031167999999574647}, {""pair"": [2, 7, 0, 11], ""acc"": 3.1, ""vel"": 23.31, ""pos"": 6.2, ""error"": 0.18572799999951872}, {""pair"": [2, 7, 0, 11], ""acc"": 3.1, ""vel"": 23.31, ""pos"": 6.2, ""error"": 0.8311679999995745}], [{""pair"": [2, 7, 1, 11], ""acc"": 1.5, ""vel"": 23.35, ""pos"": 6.2, ""error"": 0.06316799999951783}, {""pair"": [2, 7, 1, 11], ""acc"": 1.5, ""vel"": 23.35, ""pos"": 6.2, ""error"": 0.22572799999952142}, {""pair"": [2, 7, 1, 11], ""acc"": 1.5, ""vel"": 23.35, ""pos"": 6.2, ""error"": 0.8631679999995177}]]"
1.5,23.34,6.5,13.9,23.34,6.5,1.5,23.34,6.5,3,"[{""pair"": [0, 9, 0, 14], ""acc"": 1.5, ""vel"": 23.34, ""pos"": 6.5, ""error"": 0.10098674999991175}]","[[{""pair"": [3, 9, 3, 14], ""acc"": 13.9, ""vel"": 23.34, ""pos"": 6.5, ""error"": 0.10098674999991175}], [{""pair"": [3, 9, 0, 14], ""acc"": 1.1, ""vel"": 23.34, ""pos"": 6.5, ""error"": 0.10098674999991175}], [{""pair"": [3, 14, 0, 9], ""acc"": 14.3, ""vel"": 23.34, ""pos"": 6.5, ""error"": 0.10098674999991175}], [{""pair"": [3, 14, 1, 9], ""acc"": 13.9, ""vel"": 23.35, ""pos"": 6.5, ""error"": 0.11098674999991331}], [{""pair"": [3, 14, 2, 9], ""acc"": 13.9, ""vel"": 23.34, ""pos"": 6.5, ""error"": 0.10098674999991175}], [{""pair"": [0, 9, 0, 14], ""acc"": 1.5, ""vel"": 23.34, ""pos"": 6.5, ""error"": 0.10098674999991175}], [{""pair"": [1, 9, 0, 14], ""acc"": 1.1, ""vel"": 23.35, ""pos"": 6.5, ""error"": 0.11098674999991331}], [{""pair"": [2, 9, 0, 14], ""acc"": 1.1, ""vel"": 23.34, ""pos"": 6.5, ""error"": 0.10098674999991175}]]"
1.5,23.36,6.9,1.5,24.0,7.1,1.5,23.36,6.9,3,"[{""pair"": [2, 11, 1, 15], ""acc"": 1.5, ""vel"": 23.36, ""pos"": 6.9, ""error"": 0.008503250000090112}]","[[{""pair"": [3, 15, 2, 11], ""acc"": 1.5, ""vel"": 24.0, ""pos"": 6.9, ""error"": 0.6375032500001021}], [{""pair"": [2, 11, 1, 15], ""acc"": 1.5, ""vel"": 23.36, ""pos"": 6.9, ""error"": 0.008503250000090112}]]"
1.5,23.39,7.300000000000001,1.3,23.39,7.3,1.5,23.39,7.3,3,"[{""pair"": [3, 11, 0, 8], ""acc"": 1.5, ""vel"": 23.39, ""pos"": 7.3, ""error"": 0.03204799999951469}]","[[{""pair"": [3, 11, 0, 8], ""acc"": 1.5, ""vel"": 23.39, ""pos"": 7.3, ""error"": 0.03204799999951469}], [{""pair"": [3, 11, 1, 8], ""acc"": 1.3, ""vel"": 23.39, ""pos"": 1645.7, ""error"": 1638.4320479999997}], [{""pair"": [3, 11, 2, 8], ""acc"": 1.3, ""vel"": 23.39, ""pos"": 7.3, ""error"": 0.03204799999951469}], [{""pair"": [0, 11, 0, 8], ""acc"": 3.1, ""vel"": 23.39, ""pos"": 7.3, ""error"": 0.03204799999951469}], [{""pair"": [0, 11, 1, 8], ""acc"": 2.9, ""vel"": 23.39, ""pos"": 1645.7, ""error"": 1638.4320479999997}], [{""pair"": [0, 11, 2, 8], ""acc"": 2.9, ""vel"": 23.39, ""pos"": 7.3, ""error"": 0.03204799999951469}], [{""pair"": [1, 11, 0, 8], ""acc"": 1.5, ""vel"": 23.43, ""pos"": 7.3, ""error"": 0.07204799999951383}], [{""pair"": [1, 11, 1, 8], ""acc"": 1.3, ""vel"": 23.43, ""pos"": 1645.7, ""error"": 1638.4720479999996}], [{""pair"": [1, 11, 2, 8], ""acc"": 1.3, ""vel"": 23.43, ""pos"": 7.3, ""error"": 0.07204799999951383}], [{""pair"": [2, 11, 0, 8], ""acc"": 1.5, ""vel"": 23.39, ""pos"": 7.5, ""error"": 0.23204799999951486}], [{""pair"": [2, 11, 1, 8], ""acc"": 1.3, ""vel"": 23.39, ""pos"": 1645.9, ""error"": 1638.6320479999995}], [{""pair"": [2, 11, 2, 8], ""acc"": 1.3, ""vel"": 23.39, ""pos"": 7.5, ""error"": 0.23204799999951486}]]"
1.5,23.41,7.7,1.5,23.41,878.1,1.5,23.41,7.7,3,"[{""pair"": [1, 3, 1, 7], ""acc"": 1.5, ""vel"": 23.41, ""pos"": 7.7, ""error"": 0.4271269999997953}]","[[{""pair"": [3, 7, 1, 3], ""acc"": 1.5, ""vel"": 23.41, ""pos"": 826.9, ""error"": 818.8348730000001}], [{""pair"": [1, 3, 0, 7], ""acc"": 1.4, ""vel"": 23.41, ""pos"": 826.9, ""error"": 818.8348730000001}], [{""pair"": [1, 3, 1, 7], ""acc"": 1.5, ""vel"": 23.41, ""pos"": 7.7, ""error"": 0.4271269999997953}]]"
1.5,23.46,8.5,1.5,23.46,8.5,1.5,23.46,8.5,3,"[{""pair"": [3, 1, 3, 5], ""acc"": 1.5, ""vel"": 23.46, ""pos"": 8.5, ""error"": 0.4512479999995129}]","[[{""pair"": [3, 1, 3, 5], ""acc"": 1.5, ""vel"": 23.46, ""pos"": 8.5, ""error"": 0.4512479999995129}], [{""pair"": [3, 5, 1, 1], ""acc"": 1.5, ""vel"": 23.46, ""pos"": 21.3, ""error"": 13.251247999999514}], [{""pair"": [3, 5, 2, 1], ""acc"": 1.5, ""vel"": 23.46, ""pos"": 8.5, ""error"": 0.4512479999995129}]]"
1.5,23.49,8.9,7.9,23.49,8.9,1.5,23.49,8.9,3,"[{""pair"": [3, 3, 0, 13], ""acc"": 1.5, ""vel"": 23.49, ""pos"": 8.9, ""error"": 0.0054632500000995066}]","[[{""pair"": [3, 3, 3, 13], ""acc"": 7.9, ""vel"": 23.49, ""pos"": 8.9, ""error"": 0.0054632500000995066}], [{""pair"": [3, 3, 0, 13], ""acc"": 1.5, ""vel"": 23.49, ""pos"": 8.9, ""error"": 0.0054632500000995066}], [{""pair"": [3, 3, 2, 13], ""acc"": 7.9, ""vel"": 23.49, ""pos"": 8.1, ""error"": 0.8035367499999087}], [{""pair"": [3, 13, 2, 3], ""acc"": 7.9, ""vel"": 23.49, ""pos"": 8.9, ""error"": 0.0054632500000995066}], [{""pair"": [2, 3, 0, 13], ""acc"": 1.5, ""vel"": 23.49, ""pos"": 8.9, ""error"": 0.0054632500000995066}], [{""pair"": [2, 3, 2, 13], ""acc"": 7.9, ""vel"": 23.49, ""pos"": 8.1, ""error"": 0.8035367499999087}]]"
1.5,23.51,9.3,1.5,20.95,2.9,1.5,23.51,9.3,3,"[{""pair"": [0, 1, 1, 0], ""acc"": 1.5, ""vel"": 23.51, ""pos"": 9.3, ""error"": 0.005953250000088062}]","[[{""pair"": [3, 1, 0, 0], ""acc"": 1.5, ""vel"": 22.23, ""pos"": 2.9, ""error"": 7.685046749999895}], [{""pair"": [3, 1, 1, 0], ""acc"": 1.5, ""vel"": 20.95, ""pos"": 9.3, ""error"": 2.5659532500000903}], [{""pair"": [0, 1, 0, 0], ""acc"": 1.5, ""vel"": 24.79, ""pos"": 2.9, ""error"": 7.67404674999991}], [{""pair"": [0, 1, 1, 0], ""acc"": 1.5, ""vel"": 23.51, ""pos"": 9.3, ""error"": 0.005953250000088062}], [{""pair"": [1, 1, 0, 0], ""acc"": 1.5, ""vel"": 22.23, ""pos"": 15.7, ""error"": 7.685953250000088}], [{""pair"": [1, 1, 1, 0], ""acc"": 1.5, ""vel"": 20.95, ""pos"": 22.1, ""error"": 15.365953250000091}], [{""pair"": [3, 0, 0, 2], ""acc"": 1.5, ""vel"": 26.07, ""pos"": 2.9, ""error"": 8.954046749999911}], [{""pair"": [3, 0, 1, 2], ""acc"": 1.5, ""vel"": 20.95, ""pos"": 28.5, ""error"": 21.765953250000088}], [{""pair"": [2, 0, 0, 2], ""acc"": 1.5, ""vel"": 26.07, ""pos"": 2.9, ""error"": 8.954046749999911}], [{""pair"": [2, 0, 1, 2], ""acc"": 1.5, ""vel"": 20.95, ""pos"": 28.5, ""error"": 21.765953250000088}]]"
1.5,23.54,9.7,1.5,23.54,1649.7,1.5,23.54,9.7,3,"[{""pair"": [1, 8, 2, 14], ""acc"": 1.5, ""vel"": 23.54, ""pos"": 9.7, ""error"": 0.02964799999950607}]","[[{""pair"": [3, 8, 3, 14], ""acc"": 1.5, ""vel"": 23.54, ""pos"": 1649.7, ""error"": 1640.0296479999995}], [{""pair"": [3, 8, 1, 14], ""acc"": 1.5, ""vel"": 23.22, ""pos"": 1649.7, ""error"": 1640.3376479999997}], [{""pair"": [3, 8, 2, 14], ""acc"": 1.5, ""vel"": 23.54, ""pos"": 1648.1, ""error"": 1638.4296479999994}], [{""pair"": [3, 14, 0, 8], ""acc"": 1.3, ""vel"": 23.54, ""pos"": 1649.7, ""error"": 1640.0296479999995}], [{""pair"": [3, 14, 1, 8], ""acc"": 1.5, ""vel"": 23.54, ""pos"": 11.3, ""error"": 1.6296479999995075}], [{""pair"": [0, 8, 1, 14], ""acc"": 1.3, ""vel"": 23.22, ""pos"": 1649.7, ""error"": 1640.3376479999997}], [{""pair"": [0, 8, 2, 14], ""acc"": 1.3, ""vel"": 23.54, ""pos"": 1648.1, ""error"": 1638.4296479999994}], [{""pair"": [1, 8, 1, 14], ""acc"": 1.5, ""vel"": 23.22, ""pos"": 11.3, ""error"": 1.9376479999995713}], [{""pair"": [1, 8, 2, 14], ""acc"": 1.5, ""vel"": 23.54, ""pos"": 9.7, ""error"": 0.02964799999950607}]]"
1.5,23.56,10.1,1.5,23.56,10.1,1.5,23.56,10.1,3,"[{""pair"": [3, 8, 3, 14], ""acc"": 1.5, ""vel"": 23.56, ""pos"": 10.1, ""error"": 0.005896749999896755}]","[[{""pair"": [3, 8, 3, 14], ""acc"": 1.5, ""vel"": 23.56, ""pos"": 10.1, ""error"": 0.005896749999896755}], [{""pair"": [3, 8, 1, 14], ""acc"": 1.5, ""vel"": 23.24, ""pos"": 10.1, ""error"": 0.32589674999989704}], [{""pair"": [3, 14, 1, 8], ""acc"": 1.5, ""vel"": 23.56, ""pos"": 1648.5, ""error"": 1638.4051032500001}], [{""pair"": [3, 14, 2, 8], ""acc"": 1.5, ""vel"": 23.56, ""pos"": 10.1, ""error"": 0.005896749999896755}], [{""pair"": [1, 8, 1, 14], ""acc"": 1.5, ""vel"": 23.24, ""pos"": 1648.5, ""error"": 1638.72510325}], [{""pair"": [2, 8, 1, 14], ""acc"": 1.5, ""vel"": 23.24, ""pos"": 10.1, ""error"": 0.32589674999989704}]]"
1.5,23.59,10.5,0.7,105.51,10.5,1.5,23.59,10.5,3,"[{""pair"": [0, 6, 0, 10], ""acc"": 1.5, ""vel"": 23.59, ""pos"": 10.5, ""error"": 0.005236749999911083}]","[[{""pair"": [0, 6, 0, 10], ""acc"": 1.5, ""vel"": 23.59, ""pos"": 10.5, ""error"": 0.005236749999911083}]]"
1.4,23.61,10.9,1.4,23.61,4.5,1.4,23.61,10.9,3,"[{""pair"": [3, 13, 1, 0], ""acc"": 1.4, ""vel"": 23.61, ""pos"": 10.9, ""error"": 0.02636800000082573}]","[[{""pair"": [3, 13, 0, 0], ""acc"": 1.4, ""vel"": 24.89, ""pos"": 4.5, ""error"": 7.653631999999176}], [{""pair"": [3, 13, 1, 0], ""acc"": 1.4, ""vel"": 23.61, ""pos"": 10.9, ""error"": 0.02636800000082573}], [{""pair"": [0, 0, 1, 13], ""acc"": 1.4, ""vel"": 24.73, ""pos"": 4.5, ""error"": 7.493631999999176}], [{""pair"": [0, 0, 2, 13], ""acc"": 1.4, ""vel"": 24.89, ""pos"": 3.7, ""error"": 8.453631999999175}], [{""pair"": [1, 0, 1, 13], ""acc"": 1.4, ""vel"": 23.45, ""pos"": 10.9, ""error"": 0.18636800000082587}], [{""pair"": [1, 0, 2, 13], ""acc"": 1.4, ""vel"": 23.61, ""pos"": 10.1, ""error"": 0.781631999999064}]]"
1.4,23.63,11.2,1.4,23.59,11.2,1.4,23.63,11.2,3,"[{""pair"": [1, 11, 1, 12], ""acc"": 1.4, ""vel"": 23.63, ""pos"": 11.2, ""error"": 0.10537229999989961}]","[[{""pair"": [3, 12, 1, 11], ""acc"": 1.4, ""vel"": 23.55, ""pos"": 11.2, ""error"": 0.1853722999998979}], [{""pair"": [1, 11, 0, 12], ""acc"": 4.6, ""vel"": 23.55, ""pos"": 11.2, ""error"": 0.1853722999998979}], [{""pair"": [1, 11, 1, 12], ""acc"": 1.4, ""vel"": 23.63, ""pos"": 11.2, ""error"": 0.10537229999989961}], [{""pair"": [1, 11, 2, 12], ""acc"": 1.4, ""vel"": 23.55, ""pos"": 11.6, ""error"": 0.38222770000008843}]]"
1.4,23.65,11.6,1.4,23.65,11.6,1.4,23.65,11.6,3,"[{""pair"": [3, 6, 3, 13], ""acc"": 1.4, ""vel"": 23.65, ""pos"": 11.6, ""error"": 0.4067523000003863}]","[[{""pair"": [3, 6, 3, 13], ""acc"": 1.4, ""vel"": 23.65, ""pos"": 11.6, ""error"": 0.4067523000003863}], [{""pair"": [3, 6, 0, 13], ""acc"": 7.8, ""vel"": 23.65, ""pos"": 11.6, ""error"": 0.4067523000003863}], [{""pair"": [3, 6, 2, 13], ""acc"": 1.4, ""vel"": 23.65, ""pos"": 12.4, ""error"": 0.4456476999996557}]]"
1.3,23.7,12.4,1.3,23.06,38.0,1.3,23.7,12.4,3,"[{""pair"": [1, 15, 1, 2], ""acc"": 1.3, ""vel"": 23.7, ""pos"": 12.4, ""error"": 0.00730919999981694}]","[[{""pair"": [3, 2, 0, 15], ""acc"": -24.3, ""vel"": 23.06, ""pos"": 38.0, ""error"": 26.23269080000018}], [{""pair"": [3, 2, 1, 15], ""acc"": 1.3, ""vel"": 23.7, ""pos"": 38.0, ""error"": 25.597490800000205}], [{""pair"": [0, 15, 1, 2], ""acc"": -24.3, ""vel"": 23.06, ""pos"": 12.4, ""error"": 0.6425091999997932}], [{""pair"": [0, 15, 2, 2], ""acc"": -24.3, ""vel"": 23.06, ""pos"": 38.0, ""error"": 26.23269080000018}], [{""pair"": [1, 15, 1, 2], ""acc"": 1.3, ""vel"": 23.7, ""pos"": 12.4, ""error"": 0.00730919999981694}], [{""pair"": [1, 15, 2, 2], ""acc"": 1.3, ""vel"": 23.7, ""pos"": 38.0, ""error"": 25.597490800000205}]]"
1.3,23.74,13.2,7.7,23.74,13.2,1.3,23.74,13.2,3,"[{""pair"": [3, 4, 0, 13], ""acc"": 1.3, ""vel"": 23.74, ""pos"": 13.2, ""error"": 0.439833599999508}]","[[{""pair"": [3, 4, 0, 13], ""acc"": 1.3, ""vel"": 23.74, ""pos"": 13.2, ""error"": 0.439833599999508}], [{""pair"": [1, 4, 0, 13], ""acc"": 1.3, ""vel"": 23.74, ""pos"": 115.6, ""error"": 102.8398335999995}], [{""pair"": [2, 4, 0, 13], ""acc"": 1.3, ""vel"": 23.74, ""pos"": 13.2, ""error"": 0.439833599999508}]]"
1.3,23.77,13.6,1.3,23.76,13.6,1.3,23.76,13.6,3,"[{""pair"": [3, 9, 3, 14], ""acc"": 1.3, ""vel"": 23.76, ""pos"": 13.6, ""error"": 0.005867849999892982}]","[[{""pair"": [3, 9, 3, 14], ""acc"": 1.3, ""vel"": 23.76, ""pos"": 13.6, ""error"": 0.005867849999892982}], [{""pair"": [3, 14, 1, 9], ""acc"": 1.3, ""vel"": 23.77, ""pos"": 13.6, ""error"": 0.011667849999907887}], [{""pair"": [3, 14, 2, 9], ""acc"": 1.3, ""vel"": 23.76, ""pos"": 13.6, ""error"": 0.005867849999892982}]]"
1.3,23.79,14.0,1.3,23.79,13.2,1.3,23.79,14.0,3,"[{""pair"": [3, 0, 2, 13], ""acc"": 1.3, ""vel"": 23.79, ""pos"": 14.0, ""error"": 0.012007849999905673}]","[[{""pair"": [3, 0, 0, 13], ""acc"": 7.7, ""vel"": 23.79, ""pos"": 13.2, ""error"": 0.8120078499999064}], [{""pair"": [3, 0, 1, 13], ""acc"": 1.3, ""vel"": 23.95, ""pos"": 13.2, ""error"": 0.9720078499999065}], [{""pair"": [3, 0, 2, 13], ""acc"": 1.3, ""vel"": 23.79, ""pos"": 14.0, ""error"": 0.012007849999905673}], [{""pair"": [0, 13, 2, 0], ""acc"": 7.7, ""vel"": 23.79, ""pos"": 13.2, ""error"": 0.8120078499999064}], [{""pair"": [1, 13, 2, 0], ""acc"": 1.3, ""vel"": 23.95, ""pos"": 13.2, ""error"": 0.9720078499999065}], [{""pair"": [2, 13, 2, 0], ""acc"": 1.3, ""vel"": 23.79, ""pos"": 14.0, ""error"": 0.012007849999905673}], [{""pair"": [3, 0, 0, 13], ""acc"": 7.7, ""vel"": 23.79, ""pos"": 13.2, ""error"": 0.8120078499999064}], [{""pair"": [3, 0, 1, 13], ""acc"": 1.3, ""vel"": 23.95, ""pos"": 13.2, ""error"": 0.9720078499999065}], [{""pair"": [3, 0, 2, 13], ""acc"": 1.3, ""vel"": 23.79, ""pos"": 14.0, ""error"": 0.012007849999905673}], [{""pair"": [2, 0, 0, 13], ""acc"": 7.7, ""vel"": 23.79, ""pos"": 13.2, ""error"": 0.8120078499999064}], [{""pair"": [2, 0, 1, 13], ""acc"": 1.3, ""vel"": 23.95, ""pos"": 13.2, ""error"": 0.9720078499999065}], [{""pair"": [2, 0, 2, 13], ""acc"": 1.3, ""vel"": 23.79, ""pos"": 14.0, ""error"": 0.012007849999905673}]]"
1.3,23.81,14.4,1.3,23.97,14.4,1.3,23.81,14.4,3,"[{""pair"": [3, 6, 1, 13], ""acc"": 1.3, ""vel"": 23.81, ""pos"": 14.4, ""error"": 0.01999359999956063}]","[[{""pair"": [3, 6, 3, 13], ""acc"": 1.3, ""vel"": 23.97, ""pos"": 14.4, ""error"": 0.17839359999950766}], [{""pair"": [3, 6, 1, 13], ""acc"": 1.3, ""vel"": 23.81, ""pos"": 14.4, ""error"": 0.01999359999956063}]]"
1.3,23.83,14.8,1.3,23.75,14.8,1.3,23.83,14.8,3,"[{""pair"": [3, 10, 1, 12], ""acc"": 1.3, ""vel"": 23.83, ""pos"": 14.8, ""error"": 0.00705784999989767}]","[[{""pair"": [3, 10, 3, 12], ""acc"": 1.3, ""vel"": 23.75, ""pos"": 14.8, ""error"": 0.08705784999989596}], [{""pair"": [3, 10, 0, 12], ""acc"": 4.5, ""vel"": 23.75, ""pos"": 14.8, ""error"": 0.08705784999989596}], [{""pair"": [3, 10, 1, 12], ""acc"": 1.3, ""vel"": 23.83, ""pos"": 14.8, ""error"": 0.00705784999989767}], [{""pair"": [3, 12, 2, 10], ""acc"": 1.3, ""vel"": 23.75, ""pos"": 14.9, ""error"": 0.17714215000009048}], [{""pair"": [2, 10, 0, 12], ""acc"": 4.5, ""vel"": 23.75, ""pos"": 14.9, ""error"": 0.17714215000009048}], [{""pair"": [2, 10, 1, 12], ""acc"": 1.3, ""vel"": 23.83, ""pos"": 14.9, ""error"": 0.09714215000009219}]]"
1.3,23.86,15.2,1.3,24.18,15.2,1.3,23.86,15.2,3,"[{""pair"": [3, 6, 1, 14], ""acc"": 1.3, ""vel"": 23.86, ""pos"": 15.2, ""error"": 0.01319784999991036}]","[[{""pair"": [3, 6, 1, 14], ""acc"": 1.3, ""vel"": 23.86, ""pos"": 15.2, ""error"": 0.01319784999991036}], [{""pair"": [3, 6, 2, 14], ""acc"": 1.3, ""vel"": 24.18, ""pos"": 13.6, ""error"": 1.9331978499999103}], [{""pair"": [1, 14, 2, 6], ""acc"": 1.3, ""vel"": 23.86, ""pos"": 15.2, ""error"": 0.01319784999991036}], [{""pair"": [2, 14, 2, 6], ""acc"": 1.3, ""vel"": 24.18, ""pos"": 13.6, ""error"": 1.9331978499999103}]]"
1.3,23.88,15.6,-24.3,23.89,15.6,1.3,23.88,15.6,3,"[{""pair"": [0, 15, 1, 9], ""acc"": 1.3, ""vel"": 23.88, ""pos"": 15.6, ""error"": 0.01887359999955862}]","[[{""pair"": [3, 9, 0, 15], ""acc"": 1.3, ""vel"": 23.89, ""pos"": 15.6, ""error"": 0.02727359999950707}], [{""pair"": [3, 9, 1, 15], ""acc"": -24.3, ""vel"": 23.25, ""pos"": 15.6, ""error"": 0.6488735999995576}], [{""pair"": [0, 15, 0, 9], ""acc"": 0.9, ""vel"": 23.89, ""pos"": 15.6, ""error"": 0.02727359999950707}], [{""pair"": [0, 15, 1, 9], ""acc"": 1.3, ""vel"": 23.88, ""pos"": 15.6, ""error"": 0.01887359999955862}], [{""pair"": [1, 15, 0, 9], ""acc"": -24.7, ""vel"": 23.25, ""pos"": 15.6, ""error"": 0.6488735999995576}], [{""pair"": [1, 15, 1, 9], ""acc"": -24.3, ""vel"": 23.24, ""pos"": 15.6, ""error"": 0.6588735999995592}]]"
1.3,23.9,16.0,0.9,23.9,16.0,1.3,23.9,16.0,3,"[{""pair"": [3, 3, 0, 9], ""acc"": 1.3, ""vel"": 23.9, ""pos"": 16.0, ""error"": 0.008247849999897028}]","[[{""pair"": [3, 3, 0, 9], ""acc"": 1.3, ""vel"": 23.9, ""pos"": 16.0, ""error"": 0.008247849999897028}], [{""pair"": [3, 3, 1, 9], ""acc"": 0.9, ""vel"": 23.91, ""pos"": 16.0, ""error"": 0.01404784999990838}], [{""pair"": [3, 3, 2, 9], ""acc"": 0.9, ""vel"": 23.9, ""pos"": 16.0, ""error"": 0.008247849999897028}], [{""pair"": [0, 3, 0, 9], ""acc"": 1.3, ""vel"": 34.14, ""pos"": 16.0, ""error"": 10.244047849999909}], [{""pair"": [0, 3, 1, 9], ""acc"": 0.9, ""vel"": 34.15, ""pos"": 16.0, ""error"": 10.254047849999907}], [{""pair"": [0, 3, 2, 9], ""acc"": 0.9, ""vel"": 34.14, ""pos"": 16.0, ""error"": 10.244047849999909}], [{""pair"": [1, 3, 0, 9], ""acc"": 1.3, ""vel"": 23.9, ""pos"": 67.2, ""error"": 51.195952150000096}], [{""pair"": [1, 3, 1, 9], ""acc"": 0.9, ""vel"": 23.91, ""pos"": 67.2, ""error"": 51.201752150000104}], [{""pair"": [1, 3, 2, 9], ""acc"": 0.9, ""vel"": 23.9, ""pos"": 67.2, ""error"": 51.195952150000096}], [{""pair"": [2, 3, 0, 9], ""acc"": 1.3, ""vel"": 23.9, ""pos"": 16.0, ""error"": 0.008247849999897028}], [{""pair"": [2, 3, 1, 9], ""acc"": 0.9, ""vel"": 23.91, ""pos"": 16.0, ""error"": 0.01404784999990838}], [{""pair"": [2, 3, 2, 9], ""acc"": 0.9, ""vel"": 23.9, ""pos"": 16.0, ""error"": 0.008247849999897028}]]"
1.3,23.92,16.400000000000002,1.3,23.92,18.0,1.3,23.92,16.4,3,"[{""pair"": [3, 2, 2, 14], ""acc"": 1.3, ""vel"": 23.92, ""pos"": 16.4, ""error"": 0.4123078499989532}]","[[{""pair"": [3, 2, 3, 14], ""acc"": 1.3, ""vel"": 23.92, ""pos"": 18.0, ""error"": 1.2334921500009344}], [{""pair"": [3, 2, 2, 14], ""acc"": 1.3, ""vel"": 23.92, ""pos"": 16.4, ""error"": 0.4123078499989532}], [{""pair"": [3, 14, 2, 2], ""acc"": 1.3, ""vel"": 23.92, ""pos"": 18.0, ""error"": 1.2334921500009344}], [{""pair"": [2, 2, 2, 14], ""acc"": 1.3, ""vel"": 23.92, ""pos"": 16.4, ""error"": 0.4123078499989532}]]"
1.3,23.97,17.2,1.3,23.97,68.4,1.3,23.97,17.2,3,"[{""pair"": [2, 0, 1, 3], ""acc"": 1.3, ""vel"": 23.97, ""pos"": 17.2, ""error"": 0.4210721500001}]","[[{""pair"": [3, 3, 2, 0], ""acc"": 1.3, ""vel"": 23.97, ""pos"": 68.4, ""error"": 51.6210721500001}], [{""pair"": [2, 0, 1, 3], ""acc"": 1.3, ""vel"": 23.97, ""pos"": 17.2, ""error"": 0.4210721500001}], [{""pair"": [2, 0, 2, 3], ""acc"": 1.3, ""vel"": 23.97, ""pos"": 68.4, ""error"": 51.6210721500001}]]"
1.3,23.99,17.6,1.3,23.91,17.8,1.3,23.99,17.6,3,"[{""pair"": [2, 11, 1, 12], ""acc"": 1.3, ""vel"": 23.99, ""pos"": 17.6, ""error"": 0.009777849999895949}]","[[{""pair"": [3, 11, 0, 12], ""acc"": 4.5, ""vel"": 23.91, ""pos"": 17.8, ""error"": 0.27442215000009185}], [{""pair"": [3, 11, 1, 12], ""acc"": 1.3, ""vel"": 23.99, ""pos"": 17.8, ""error"": 0.19442215000009355}], [{""pair"": [3, 11, 2, 12], ""acc"": 1.3, ""vel"": 23.91, ""pos"": 18.2, ""error"": 0.6744221500000904}], [{""pair"": [1, 11, 0, 12], ""acc"": 4.5, ""vel"": 23.87, ""pos"": 17.8, ""error"": 0.314422150000091}], [{""pair"": [1, 11, 1, 12], ""acc"": 1.3, ""vel"": 23.95, ""pos"": 17.8, ""error"": 0.2344221500000927}], [{""pair"": [1, 11, 2, 12], ""acc"": 1.3, ""vel"": 23.87, ""pos"": 18.2, ""error"": 0.7144221500000896}], [{""pair"": [2, 11, 0, 12], ""acc"": 4.5, ""vel"": 23.91, ""pos"": 17.6, ""error"": 0.08977784999989424}], [{""pair"": [2, 11, 1, 12], ""acc"": 1.3, ""vel"": 23.99, ""pos"": 17.6, ""error"": 0.009777849999895949}], [{""pair"": [2, 11, 2, 12], ""acc"": 1.3, ""vel"": 23.91, ""pos"": 18.0, ""error"": 0.47442215000009114}]]"
1.3,24.01,18.0,1.3,24.01,24.4,1.3,24.01,18.0,3,"[{""pair"": [3, 5, 1, 0], ""acc"": 1.3, ""vel"": 24.01, ""pos"": 18.0, ""error"": 0.0167935999995521}]","[[{""pair"": [3, 5, 1, 0], ""acc"": 1.3, ""vel"": 24.01, ""pos"": 18.0, ""error"": 0.0167935999995521}], [{""pair"": [1, 0, 0, 5], ""acc"": 1.3, ""vel"": 64.97, ""pos"": 18.0, ""error"": 40.9751935999995}], [{""pair"": [1, 0, 1, 5], ""acc"": 1.3, ""vel"": 24.01, ""pos"": 222.8, ""error"": 204.81679359999956}]]"
1.3,24.03,18.4,1.3,24.03,18.6,1.3,24.03,18.4,3,"[{""pair"": [3, 6, 2, 11], ""acc"": 1.3, ""vel"": 24.03, ""pos"": 18.4, ""error"": 0.010457849999898627}]","[[{""pair"": [3, 6, 2, 11], ""acc"": 1.3, ""vel"": 24.03, ""pos"": 18.4, ""error"": 0.010457849999898627}], [{""pair"": [2, 6, 2, 11], ""acc"": 1.3, ""vel"": 24.03, ""pos"": 18.4, ""error"": 0.010457849999898627}]]"
1.3,24.06,18.8,14.1,65.02,18.8,1.3,24.06,18.8,3,"[{""pair"": [0, 5, 0, 14], ""acc"": 1.3, ""vel"": 24.06, ""pos"": 18.8, ""error"": 0.01659784999990066}]","[[{""pair"": [3, 5, 3, 14], ""acc"": 14.1, ""vel"": 65.02, ""pos"": 18.8, ""error"": 40.9765978499999}], [{""pair"": [3, 5, 0, 14], ""acc"": 1.3, ""vel"": 65.02, ""pos"": 18.8, ""error"": 40.9765978499999}], [{""pair"": [3, 5, 1, 14], ""acc"": 14.1, ""vel"": 64.7, ""pos"": 18.8, ""error"": 40.656597849999905}], [{""pair"": [3, 5, 2, 14], ""acc"": 14.1, ""vel"": 65.02, ""pos"": 17.2, ""error"": 42.5765978499999}], [{""pair"": [3, 14, 0, 5], ""acc"": 14.1, ""vel"": 24.06, ""pos"": 18.8, ""error"": 0.01659784999990066}], [{""pair"": [3, 14, 2, 5], ""acc"": 14.1, ""vel"": 65.02, ""pos"": 18.8, ""error"": 40.9765978499999}], [{""pair"": [0, 5, 0, 14], ""acc"": 1.3, ""vel"": 24.06, ""pos"": 18.8, ""error"": 0.01659784999990066}], [{""pair"": [0, 5, 1, 14], ""acc"": 14.1, ""vel"": 23.74, ""pos"": 18.8, ""error"": 0.32079784999989513}], [{""pair"": [0, 5, 2, 14], ""acc"": 14.1, ""vel"": 24.06, ""pos"": 17.2, ""error"": 1.616597849999902}], [{""pair"": [2, 5, 0, 14], ""acc"": 1.3, ""vel"": 65.02, ""pos"": 18.8, ""error"": 40.9765978499999}], [{""pair"": [2, 5, 1, 14], ""acc"": 14.1, ""vel"": 64.7, ""pos"": 18.8, ""error"": 40.656597849999905}], [{""pair"": [2, 5, 2, 14], ""acc"": 14.1, ""vel"": 65.02, ""pos"": 17.2, ""error"": 42.5765978499999}]]"
1.3,24.08,19.200000000000003,1.3,3.6,19.2,1.3,24.08,19.2,3,"[{""pair"": [3, 12, 0, 4], ""acc"": 1.3, ""vel"": 24.08, ""pos"": 19.2, ""error"": 0.015673599999551868}]","[[{""pair"": [3, 12, 0, 4], ""acc"": 1.3, ""vel"": 24.08, ""pos"": 19.2, ""error"": 0.015673599999551868}], [{""pair"": [3, 12, 1, 4], ""acc"": 1.3, ""vel"": 3.6, ""pos"": 121.6, ""error"": 122.89567359999955}], [{""pair"": [3, 12, 2, 4], ""acc"": 1.3, ""vel"": 3.6, ""pos"": 19.2, ""error"": 20.49567359999955}], [{""pair"": [0, 4, 1, 12], ""acc"": 1.3, ""vel"": 24.0, ""pos"": 19.2, ""error"": 0.09567359999955016}], [{""pair"": [1, 4, 1, 12], ""acc"": 1.3, ""vel"": 3.52, ""pos"": 121.6, ""error"": 122.97567359999955}], [{""pair"": [2, 4, 1, 12], ""acc"": 1.3, ""vel"": 3.52, ""pos"": 19.2, ""error"": 20.57567359999955}]]"
1.3,24.1,19.6,1.3,24.11,19.6,1.3,24.1,19.6,3,"[{""pair"": [3, 14, 1, 9], ""acc"": 1.3, ""vel"": 24.1, ""pos"": 19.6, ""error"": 0.011647849999889104}]","[[{""pair"": [3, 9, 3, 14], ""acc"": 1.3, ""vel"": 24.11, ""pos"": 19.6, ""error"": 0.017447849999904008}], [{""pair"": [3, 9, 0, 14], ""acc"": 14.1, ""vel"": 24.11, ""pos"": 19.6, ""error"": 0.017447849999904008}], [{""pair"": [3, 9, 2, 14], ""acc"": 1.3, ""vel"": 24.11, ""pos"": 21.2, ""error"": 1.5983521500001068}], [{""pair"": [3, 14, 0, 9], ""acc"": 0.9, ""vel"": 24.11, ""pos"": 19.6, ""error"": 0.017447849999904008}], [{""pair"": [3, 14, 1, 9], ""acc"": 1.3, ""vel"": 24.1, ""pos"": 19.6, ""error"": 0.011647849999889104}], [{""pair"": [0, 9, 0, 14], ""acc"": 13.7, ""vel"": 24.11, ""pos"": 19.6, ""error"": 0.017447849999904008}], [{""pair"": [0, 9, 2, 14], ""acc"": 0.9, ""vel"": 24.11, ""pos"": 21.2, ""error"": 1.5983521500001068}], [{""pair"": [1, 9, 0, 14], ""acc"": 14.1, ""vel"": 24.1, ""pos"": 19.6, ""error"": 0.011647849999889104}], [{""pair"": [1, 9, 2, 14], ""acc"": 1.3, ""vel"": 24.1, ""pos"": 21.2, ""error"": 1.5925521500000919}]]"
1.3,24.12,20.0,1.3,24.12,23.2,1.3,24.12,20.0,3,"[{""pair"": [2, 15, 2, 5], ""acc"": 1.3, ""vel"": 24.12, ""pos"": 20.0, ""error"": 0.011987849999897549}]","[[{""pair"": [1, 15, 0, 5], ""acc"": 1.3, ""vel"": 64.44, ""pos"": 23.2, ""error"": 43.5080121500001}], [{""pair"": [1, 15, 1, 5], ""acc"": 1.3, ""vel"": 23.48, ""pos"": 228.0, ""error"": 208.6322121500001}], [{""pair"": [1, 15, 2, 5], ""acc"": 1.3, ""vel"": 23.48, ""pos"": 23.2, ""error"": 3.8322121500000925}], [{""pair"": [2, 15, 0, 5], ""acc"": 1.3, ""vel"": 65.08, ""pos"": 20.0, ""error"": 40.96778784999991}], [{""pair"": [2, 15, 1, 5], ""acc"": 1.3, ""vel"": 24.12, ""pos"": 224.8, ""error"": 204.7922121500001}], [{""pair"": [2, 15, 2, 5], ""acc"": 1.3, ""vel"": 24.12, ""pos"": 20.0, ""error"": 0.011987849999897549}]]"
1.3,24.14,20.4,1.3,21.58,20.4,1.3,24.14,20.4,3,"[{""pair"": [0, 1, 2, 4], ""acc"": 1.3, ""vel"": 24.14, ""pos"": 20.4, ""error"": 0.014713599999552684}]","[[{""pair"": [0, 1, 1, 4], ""acc"": 1.3, ""vel"": 24.14, ""pos"": 122.8, ""error"": 102.41471359999954}], [{""pair"": [0, 1, 2, 4], ""acc"": 1.3, ""vel"": 24.14, ""pos"": 20.4, ""error"": 0.014713599999552684}], [{""pair"": [2, 1, 1, 4], ""acc"": 1.3, ""vel"": 21.58, ""pos"": 122.8, ""error"": 104.97471359999955}], [{""pair"": [2, 1, 2, 4], ""acc"": 1.3, ""vel"": 21.58, ""pos"": 20.4, ""error"": 2.574713599999555}]]"
1.3,24.17,20.8,0.9,24.17,20.8,1.3,24.17,20.8,3,"[{""pair"": [2, 0, 0, 9], ""acc"": 1.3, ""vel"": 24.17, ""pos"": 20.8, ""error"": 0.018467849999904473}]","[[{""pair"": [3, 9, 0, 0], ""acc"": 0.9, ""vel"": 25.45, ""pos"": 20.8, ""error"": 1.298467849999902}], [{""pair"": [3, 9, 2, 0], ""acc"": 0.9, ""vel"": 24.17, ""pos"": 20.8, ""error"": 0.018467849999904473}], [{""pair"": [0, 0, 0, 9], ""acc"": 1.3, ""vel"": 25.45, ""pos"": 20.8, ""error"": 1.298467849999902}], [{""pair"": [0, 0, 2, 9], ""acc"": 0.9, ""vel"": 25.45, ""pos"": 20.8, ""error"": 1.298467849999902}], [{""pair"": [2, 0, 0, 9], ""acc"": 1.3, ""vel"": 24.17, ""pos"": 20.8, ""error"": 0.018467849999904473}], [{""pair"": [2, 0, 2, 9], ""acc"": 0.9, ""vel"": 24.17, ""pos"": 20.8, ""error"": 0.018467849999904473}]]"
1.3,24.19,21.200000000000003,0.5,24.19,21.2,1.3,24.19,21.2,3,"[{""pair"": [3, 0, 0, 10], ""acc"": 1.3, ""vel"": 24.19, ""pos"": 21.2, ""error"": 0.013177849999898683}]","[[{""pair"": [3, 0, 0, 10], ""acc"": 1.3, ""vel"": 24.19, ""pos"": 21.2, ""error"": 0.013177849999898683}], [{""pair"": [3, 0, 2, 10], ""acc"": 0.5, ""vel"": 24.19, ""pos"": 21.3, ""error"": 0.09102215000009295}], [{""pair"": [1, 0, 0, 10], ""acc"": 1.3, ""vel"": 24.19, ""pos"": 14.8, ""error"": 6.413177849999897}], [{""pair"": [1, 0, 2, 10], ""acc"": 0.5, ""vel"": 24.19, ""pos"": 14.9, ""error"": 6.313177849999898}]]"
1.3,24.21,21.6,1.2,21.65,21.6,1.3,24.21,21.6,3,"[{""pair"": [0, 1, 0, 7], ""acc"": 1.3, ""vel"": 24.21, ""pos"": 21.6, ""error"": 0.013593599999556005}]","[[{""pair"": [3, 7, 0, 1], ""acc"": 1.2, ""vel"": 24.21, ""pos"": 21.6, ""error"": 0.013593599999556005}], [{""pair"": [0, 1, 0, 7], ""acc"": 1.3, ""vel"": 24.21, ""pos"": 21.6, ""error"": 0.013593599999556005}], [{""pair"": [0, 1, 1, 7], ""acc"": 1.2, ""vel"": 24.21, ""pos"": 840.8, ""error"": 819.2135935999995}], [{""pair"": [0, 1, 2, 7], ""acc"": 1.2, ""vel"": 24.21, ""pos"": 21.6, ""error"": 0.013593599999556005}]]"
1.3,24.23,22.0,1.3,3.71,22.0,1.3,24.23,22.0,3,"[{""pair"": [0, 4, 1, 11], ""acc"": 1.3, ""vel"": 24.23, ""pos"": 22.0, ""error"": 0.013857849999897809}]","[[{""pair"": [3, 4, 0, 11], ""acc"": 2.9, ""vel"": 3.71, ""pos"": 22.0, ""error"": 20.533857849999897}], [{""pair"": [3, 4, 1, 11], ""acc"": 1.3, ""vel"": 3.75, ""pos"": 22.0, ""error"": 20.4938578499999}], [{""pair"": [3, 4, 2, 11], ""acc"": 1.3, ""vel"": 3.71, ""pos"": 22.2, ""error"": 20.71034215000009}], [{""pair"": [0, 4, 0, 11], ""acc"": 2.9, ""vel"": 24.19, ""pos"": 22.0, ""error"": 0.053857849999896956}], [{""pair"": [0, 4, 1, 11], ""acc"": 1.3, ""vel"": 24.23, ""pos"": 22.0, ""error"": 0.013857849999897809}], [{""pair"": [0, 4, 2, 11], ""acc"": 1.3, ""vel"": 24.19, ""pos"": 22.2, ""error"": 0.23034215000009084}], [{""pair"": [1, 4, 0, 11], ""acc"": 2.9, ""vel"": 3.71, ""pos"": 124.4, ""error"": 122.9103421500001}], [{""pair"": [1, 4, 1, 11], ""acc"": 1.3, ""vel"": 3.75, ""pos"": 124.4, ""error"": 122.87034215000011}], [{""pair"": [1, 4, 2, 11], ""acc"": 1.3, ""vel"": 3.71, ""pos"": 124.6, ""error"": 123.1103421500001}]]"
1.3,24.25,22.4,1.3,24.27,73.6,1.3,24.25,22.4,3,"[{""pair"": [1, 3, 1, 10], ""acc"": 1.3, ""vel"": 24.25, ""pos"": 22.4, ""error"": 0.014197849999895595}]","[[{""pair"": [3, 3, 0, 10], ""acc"": 0.5, ""vel"": 24.27, ""pos"": 73.6, ""error"": 51.2058021500001}], [{""pair"": [3, 3, 1, 10], ""acc"": 1.3, ""vel"": 24.25, ""pos"": 73.6, ""error"": 51.1900021500001}], [{""pair"": [1, 3, 0, 10], ""acc"": 0.5, ""vel"": 24.27, ""pos"": 22.4, ""error"": 0.029997849999904957}], [{""pair"": [1, 3, 1, 10], ""acc"": 1.3, ""vel"": 24.25, ""pos"": 22.4, ""error"": 0.014197849999895595}]]"
1.3,24.28,22.8,1.3,24.28,22.8,1.3,24.28,22.8,3,"[{""pair"": [3, 3, 2, 5], ""acc"": 1.3, ""vel"": 24.28, ""pos"": 22.8, ""error"": 0.41385784999893716}]","[[{""pair"": [3, 4, 0, 3], ""acc"": 1.3, ""vel"": 34.52, ""pos"": 22.8, ""error"": 10.628057849999049}], [{""pair"": [3, 4, 1, 3], ""acc"": 1.3, ""vel"": 24.28, ""pos"": 74.0, ""error"": 50.81194215000095}], [{""pair"": [1, 4, 0, 3], ""acc"": 1.3, ""vel"": 34.52, ""pos"": 125.2, ""error"": 112.22614215000107}], [{""pair"": [1, 4, 1, 3], ""acc"": 1.3, ""vel"": 24.28, ""pos"": 176.4, ""error"": 153.21194215000097}], [{""pair"": [3, 3, 0, 5], ""acc"": 1.3, ""vel"": 65.24, ""pos"": 22.8, ""error"": 41.34805784999904}], [{""pair"": [3, 3, 1, 5], ""acc"": 1.3, ""vel"": 24.28, ""pos"": 227.6, ""error"": 204.41194215000095}], [{""pair"": [3, 3, 2, 5], ""acc"": 1.3, ""vel"": 24.28, ""pos"": 22.8, ""error"": 0.41385784999893716}], [{""pair"": [2, 3, 0, 5], ""acc"": 1.3, ""vel"": 65.24, ""pos"": 22.8, ""error"": 41.34805784999904}], [{""pair"": [2, 3, 1, 5], ""acc"": 1.3, ""vel"": 24.28, ""pos"": 227.6, ""error"": 204.41194215000095}], [{""pair"": [2, 3, 2, 5], ""acc"": 1.3, ""vel"": 24.28, ""pos"": 22.8, ""error"": 0.41385784999893716}]]"
1.3,24.32,23.6,1.2,24.32,25.2,1.3,24.32,23.6,3,"[{""pair"": [0, 7, 2, 14], ""acc"": 1.3, ""vel"": 24.32, ""pos"": 23.6, ""error"": 0.4049521500001063}]","[[{""pair"": [3, 7, 2, 14], ""acc"": 1.2, ""vel"": 24.32, ""pos"": 23.6, ""error"": 0.4049521500001063}], [{""pair"": [0, 7, 2, 14], ""acc"": 1.3, ""vel"": 24.32, ""pos"": 23.6, ""error"": 0.4049521500001063}], [{""pair"": [1, 7, 2, 14], ""acc"": 1.2, ""vel"": 24.32, ""pos"": 842.8, ""error"": 819.6049521500001}], [{""pair"": [2, 7, 2, 14], ""acc"": 1.2, ""vel"": 24.32, ""pos"": 23.6, ""error"": 0.4049521500001063}]]"
1.3,24.34,24.1,1.3,24.42,17.7,1.3,24.34,24.1,3,"[{""pair"": [1, 0, 1, 12], ""acc"": 1.3, ""vel"": 24.34, ""pos"": 24.1, ""error"": 0.1115135999995509}]","[[{""pair"": [3, 12, 1, 0], ""acc"": 1.3, ""vel"": 24.42, ""pos"": 24.1, ""error"": 0.18991359999949964}], [{""pair"": [3, 12, 2, 0], ""acc"": 1.3, ""vel"": 24.42, ""pos"": 17.7, ""error"": 6.368486400000453}], [{""pair"": [1, 0, 1, 12], ""acc"": 1.3, ""vel"": 24.34, ""pos"": 24.1, ""error"": 0.1115135999995509}], [{""pair"": [2, 0, 1, 12], ""acc"": 1.3, ""vel"": 24.34, ""pos"": 17.7, ""error"": 6.290086400000504}]]"
1.3,24.37,24.4,14.1,24.37,24.4,1.3,24.37,24.4,3,"[{""pair"": [3, 6, 0, 14], ""acc"": 1.3, ""vel"": 24.37, ""pos"": 24.4, ""error"": 0.12186784999990863}]","[[{""pair"": [3, 6, 3, 14], ""acc"": 14.1, ""vel"": 24.37, ""pos"": 24.4, ""error"": 0.12186784999990863}], [{""pair"": [3, 6, 0, 14], ""acc"": 1.3, ""vel"": 24.37, ""pos"": 24.4, ""error"": 0.12186784999990863}], [{""pair"": [3, 6, 2, 14], ""acc"": 14.1, ""vel"": 24.37, ""pos"": 22.8, ""error"": 1.7218678499999065}], [{""pair"": [3, 14, 0, 6], ""acc"": 14.1, ""vel"": 106.29, ""pos"": 24.4, ""error"": 82.0418678499999}], [{""pair"": [3, 14, 1, 6], ""acc"": 14.1, ""vel"": 24.37, ""pos"": 434.0, ""error"": 409.4939321500001}], [{""pair"": [3, 14, 2, 6], ""acc"": 14.1, ""vel"": 24.37, ""pos"": 24.4, ""error"": 0.12186784999990863}], [{""pair"": [0, 6, 0, 14], ""acc"": 1.3, ""vel"": 106.29, ""pos"": 24.4, ""error"": 82.0418678499999}], [{""pair"": [0, 6, 2, 14], ""acc"": 14.1, ""vel"": 106.29, ""pos"": 22.8, ""error"": 83.64186784999991}], [{""pair"": [1, 6, 0, 14], ""acc"": 1.3, ""vel"": 24.37, ""pos"": 434.0, ""error"": 409.4939321500001}], [{""pair"": [1, 6, 2, 14], ""acc"": 14.1, ""vel"": 24.37, ""pos"": 432.4, ""error"": 407.89393215000007}], [{""pair"": [2, 6, 0, 14], ""acc"": 1.3, ""vel"": 24.37, ""pos"": 24.4, ""error"": 0.12186784999990863}], [{""pair"": [2, 6, 2, 14], ""acc"": 14.1, ""vel"": 24.37, ""pos"": 22.8, ""error"": 1.7218678499999065}]]"
1.3,24.39,24.9,1.5,24.35,24.9,1.3,24.39,24.9,3,"[{""pair"": [0, 8, 1, 11], ""acc"": 1.3, ""vel"": 24.39, ""pos"": 24.9, ""error"": 0.08762215000009377}]","[[{""pair"": [0, 8, 0, 11], ""acc"": 2.9, ""vel"": 24.35, ""pos"": 24.9, ""error"": 0.12762215000009292}], [{""pair"": [0, 8, 1, 11], ""acc"": 1.3, ""vel"": 24.39, ""pos"": 24.9, ""error"": 0.08762215000009377}], [{""pair"": [0, 8, 2, 11], ""acc"": 1.3, ""vel"": 24.35, ""pos"": 25.1, ""error"": 0.32762215000009576}]]"
1.3,24.41,25.3,1.3,24.41,422.1,1.3,24.41,25.3,3,"[{""pair"": [1, 1, 1, 6], ""acc"": 1.3, ""vel"": 24.41, ""pos"": 25.3, ""error"": 0.010393599999549252}]","[[{""pair"": [3, 6, 1, 1], ""acc"": 1.3, ""vel"": 24.41, ""pos"": 434.9, ""error"": 409.6103935999995}], [{""pair"": [1, 1, 1, 6], ""acc"": 1.3, ""vel"": 24.41, ""pos"": 25.3, ""error"": 0.010393599999549252}]]"
1.3,24.43,25.700000000000003,1.3,24.43,435.3,1.3,24.43,25.7,3,"[{""pair"": [3, 15, 1, 6], ""acc"": 1.3, ""vel"": 24.43, ""pos"": 25.7, ""error"": 0.01725784999989699}]","[[{""pair"": [3, 6, 3, 15], ""acc"": 1.3, ""vel"": 24.43, ""pos"": 435.3, ""error"": 409.5869421500001}], [{""pair"": [3, 15, 1, 6], ""acc"": 1.3, ""vel"": 24.43, ""pos"": 25.7, ""error"": 0.01725784999989699}]]"
1.3,24.46,26.1,1.3,24.46,27.7,1.3,24.46,26.1,3,"[{""pair"": [2, 14, 2, 2], ""acc"": 1.3, ""vel"": 24.46, ""pos"": 26.1, ""error"": 0.023397849999902576}]","[[{""pair"": [2, 14, 0, 2], ""acc"": 1.3, ""vel"": 29.58, ""pos"": 26.1, ""error"": 5.1433978499999}], [{""pair"": [2, 14, 2, 2], ""acc"": 1.3, ""vel"": 24.46, ""pos"": 26.1, ""error"": 0.023397849999902576}]]"
1.4,24.48,26.5,1.4,24.48,26.4,1.4,24.48,26.5,3,"[{""pair"": [3, 11, 2, 10], ""acc"": 1.4, ""vel"": 24.48, ""pos"": 26.5, ""error"": 0.009273599999545468}]","[[{""pair"": [3, 11, 1, 10], ""acc"": 1.4, ""vel"": 24.5, ""pos"": 26.4, ""error"": 0.11072640000045553}], [{""pair"": [3, 11, 2, 10], ""acc"": 1.4, ""vel"": 24.48, ""pos"": 26.5, ""error"": 0.009273599999545468}]]"
1.4,24.5,26.9,1.4,24.5,26.9,1.4,24.5,26.9,3,"[{""pair"": [3, 2, 3, 8], ""acc"": 1.4, ""vel"": 24.5, ""pos"": 26.9, ""error"": 0.02016229999989605}]","[[{""pair"": [3, 2, 3, 8], ""acc"": 1.4, ""vel"": 24.5, ""pos"": 26.9, ""error"": 0.02016229999989605}], [{""pair"": [3, 2, 0, 8], ""acc"": 1.2, ""vel"": 24.5, ""pos"": 26.9, ""error"": 0.02016229999989605}], [{""pair"": [3, 2, 2, 8], ""acc"": 1.4, ""vel"": 24.5, ""pos"": 26.9, ""error"": 0.02016229999989605}], [{""pair"": [3, 8, 0, 2], ""acc"": 1.4, ""vel"": 29.62, ""pos"": 26.9, ""error"": 5.132562299999908}], [{""pair"": [3, 8, 2, 2], ""acc"": 1.4, ""vel"": 24.5, ""pos"": 26.9, ""error"": 0.02016229999989605}], [{""pair"": [0, 2, 0, 8], ""acc"": 1.2, ""vel"": 29.62, ""pos"": 26.9, ""error"": 5.132562299999908}], [{""pair"": [0, 2, 2, 8], ""acc"": 1.4, ""vel"": 29.62, ""pos"": 26.9, ""error"": 5.132562299999908}], [{""pair"": [2, 2, 0, 8], ""acc"": 1.2, ""vel"": 24.5, ""pos"": 26.9, ""error"": 0.02016229999989605}], [{""pair"": [2, 2, 2, 8], ""acc"": 1.4, ""vel"": 24.5, ""pos"": 26.9, ""error"": 0.02016229999989605}]]"
1.4,24.52,27.3,1.4,24.53,27.3,1.4,24.52,27.3,3,"[{""pair"": [3, 15, 1, 9], ""acc"": 1.4, ""vel"": 24.52, ""pos"": 27.3, ""error"": 0.020502299999893836}]","[[{""pair"": [3, 15, 0, 9], ""acc"": 1.0, ""vel"": 24.53, ""pos"": 27.3, ""error"": 0.022902299999906006}], [{""pair"": [3, 15, 1, 9], ""acc"": 1.4, ""vel"": 24.52, ""pos"": 27.3, ""error"": 0.020502299999893836}], [{""pair"": [0, 9, 0, 15], ""acc"": -24.6, ""vel"": 24.53, ""pos"": 27.3, ""error"": 0.022902299999906006}], [{""pair"": [0, 9, 1, 15], ""acc"": 1.0, ""vel"": 25.17, ""pos"": 27.3, ""error"": 0.6629022999999066}], [{""pair"": [0, 9, 2, 15], ""acc"": 1.0, ""vel"": 24.53, ""pos"": 30.5, ""error"": 3.189497700000107}], [{""pair"": [1, 9, 0, 15], ""acc"": -24.2, ""vel"": 24.52, ""pos"": 27.3, ""error"": 0.020502299999893836}], [{""pair"": [1, 9, 1, 15], ""acc"": 1.4, ""vel"": 25.16, ""pos"": 27.3, ""error"": 0.652902299999905}], [{""pair"": [1, 9, 2, 15], ""acc"": 1.4, ""vel"": 24.52, ""pos"": 30.5, ""error"": 3.187097700000095}]]"
1.4,24.55,27.700000000000003,1.4,24.55,27.7,1.4,24.55,27.7,3,"[{""pair"": [3, 5, 3, 8], ""acc"": 1.4, ""vel"": 24.55, ""pos"": 27.7, ""error"": 0.015100799999490988}]","[[{""pair"": [3, 5, 3, 8], ""acc"": 1.4, ""vel"": 24.55, ""pos"": 27.7, ""error"": 0.015100799999490988}], [{""pair"": [3, 5, 0, 8], ""acc"": 1.2, ""vel"": 24.55, ""pos"": 27.7, ""error"": 0.015100799999490988}], [{""pair"": [3, 5, 2, 8], ""acc"": 1.4, ""vel"": 24.55, ""pos"": 27.7, ""error"": 0.015100799999490988}]]"
1.4,24.57,28.1,1.4,24.57,27.3,1.4,24.57,28.1,3,"[{""pair"": [3, 14, 2, 13], ""acc"": 1.4, ""vel"": 24.57, ""pos"": 28.1, ""error"": 0.02135229999989363}]","[[{""pair"": [3, 14, 0, 13], ""acc"": 7.8, ""vel"": 24.57, ""pos"": 27.3, ""error"": 0.8213522999998943}], [{""pair"": [3, 14, 2, 13], ""acc"": 1.4, ""vel"": 24.57, ""pos"": 28.1, ""error"": 0.02135229999989363}], [{""pair"": [0, 13, 2, 14], ""acc"": 7.8, ""vel"": 24.57, ""pos"": 25.7, ""error"": 2.4213522999998958}], [{""pair"": [2, 13, 2, 14], ""acc"": 1.4, ""vel"": 24.57, ""pos"": 26.5, ""error"": 1.621352299999895}]]"
1.4,24.59,28.5,1.0,24.59,28.5,1.4,24.59,28.5,3,"[{""pair"": [3, 7, 0, 9], ""acc"": 1.4, ""vel"": 24.59, ""pos"": 28.5, ""error"": 0.021692299999898523}]","[[{""pair"": [3, 7, 0, 9], ""acc"": 1.4, ""vel"": 24.59, ""pos"": 28.5, ""error"": 0.021692299999898523}], [{""pair"": [3, 7, 2, 9], ""acc"": 1.0, ""vel"": 24.59, ""pos"": 28.5, ""error"": 0.021692299999898523}], [{""pair"": [0, 7, 0, 9], ""acc"": 1.5, ""vel"": 24.59, ""pos"": 28.5, ""error"": 0.021692299999898523}], [{""pair"": [0, 7, 2, 9], ""acc"": 1.1, ""vel"": 24.59, ""pos"": 28.5, ""error"": 0.021692299999898523}], [{""pair"": [1, 7, 0, 9], ""acc"": 1.4, ""vel"": 24.59, ""pos"": 847.7, ""error"": 819.1859077000001}], [{""pair"": [1, 7, 2, 9], ""acc"": 1.0, ""vel"": 24.59, ""pos"": 847.7, ""error"": 819.1859077000001}], [{""pair"": [2, 7, 0, 9], ""acc"": 1.4, ""vel"": 24.59, ""pos"": 28.5, ""error"": 0.021692299999898523}], [{""pair"": [2, 7, 2, 9], ""acc"": 1.0, ""vel"": 24.59, ""pos"": 28.5, ""error"": 0.021692299999898523}]]"
1.4,24.61,28.9,1.4,24.61,28.9,1.4,24.61,28.9,3,"[{""pair"": [3, 1, 3, 2], ""acc"": 1.4, ""vel"": 24.61, ""pos"": 28.9, ""error"": 0.008780800000867117}]","[[{""pair"": [3, 1, 3, 2], ""acc"": 1.4, ""vel"": 24.61, ""pos"": 28.9, ""error"": 0.008780800000867117}], [{""pair"": [3, 1, 0, 2], ""acc"": 1.4, ""vel"": 29.73, ""pos"": 28.9, ""error"": 5.123980800000972}], [{""pair"": [3, 2, 0, 1], ""acc"": 1.4, ""vel"": 22.05, ""pos"": 28.9, ""error"": 2.568780800000866}], [{""pair"": [3, 0, 1, 0], ""acc"": 1.4, ""vel"": 24.61, ""pos"": 35.3, ""error"": 6.408780800000866}], [{""pair"": [3, 0, 2, 0], ""acc"": 1.4, ""vel"": 24.61, ""pos"": 28.9, ""error"": 0.008780800000867117}], [{""pair"": [1, 0, 2, 0], ""acc"": 1.4, ""vel"": 24.61, ""pos"": 35.3, ""error"": 6.408780800000866}], [{""pair"": [2, 0, 1, 0], ""acc"": 1.4, ""vel"": 24.61, ""pos"": 35.3, ""error"": 6.408780800000866}], [{""pair"": [0, 1, 0, 2], ""acc"": 1.4, ""vel"": 27.17, ""pos"": 28.9, ""error"": 2.563980800000973}]]"
1.4,24.64,29.3,1.4,24.64,29.2,1.4,24.64,29.3,3,"[{""pair"": [3, 1, 2, 10], ""acc"": 1.4, ""vel"": 24.64, ""pos"": 29.3, ""error"": 0.024772299999906267}]","[[{""pair"": [3, 1, 1, 10], ""acc"": 1.4, ""vel"": 24.66, ""pos"": 29.2, ""error"": 0.14477229999990726}], [{""pair"": [3, 1, 2, 10], ""acc"": 1.4, ""vel"": 24.64, ""pos"": 29.3, ""error"": 0.024772299999906267}], [{""pair"": [0, 1, 1, 10], ""acc"": 1.4, ""vel"": 22.1, ""pos"": 29.2, ""error"": 2.652372299999893}], [{""pair"": [0, 1, 2, 10], ""acc"": 1.4, ""vel"": 22.08, ""pos"": 29.3, ""error"": 2.572372299999895}], [{""pair"": [2, 1, 1, 10], ""acc"": 1.4, ""vel"": 24.66, ""pos"": 29.2, ""error"": 0.14477229999990726}], [{""pair"": [2, 1, 2, 10], ""acc"": 1.4, ""vel"": 24.64, ""pos"": 29.3, ""error"": 0.024772299999906267}]]"
1.3,24.66,29.8,1.3,24.66,31.4,1.3,24.66,29.8,3,"[{""pair"": [2, 7, 2, 14], ""acc"": 1.3, ""vel"": 24.66, ""pos"": 29.8, ""error"": 0.08471770000009471}]","[[{""pair"": [3, 14, 0, 7], ""acc"": 1.2, ""vel"": 24.66, ""pos"": 31.4, ""error"": 1.6847177000000926}], [{""pair"": [3, 14, 2, 7], ""acc"": 1.3, ""vel"": 24.66, ""pos"": 31.4, ""error"": 1.6847177000000926}], [{""pair"": [0, 7, 1, 14], ""acc"": 1.2, ""vel"": 24.34, ""pos"": 31.4, ""error"": 2.004717700000093}], [{""pair"": [0, 7, 2, 14], ""acc"": 1.2, ""vel"": 24.66, ""pos"": 29.8, ""error"": 0.08471770000009471}], [{""pair"": [2, 7, 1, 14], ""acc"": 1.3, ""vel"": 24.34, ""pos"": 31.4, ""error"": 2.004717700000093}], [{""pair"": [2, 7, 2, 14], ""acc"": 1.3, ""vel"": 24.66, ""pos"": 29.8, ""error"": 0.08471770000009471}]]"
1.3,24.68,30.200000000000003,1.3,25.32,30.2,1.3,24.68,30.2,3,"[{""pair"": [1, 15, 2, 7], ""acc"": 1.3, ""vel"": 24.68, ""pos"": 30.2, ""error"": 0.006073599999542267}]","[[{""pair"": [1, 15, 0, 7], ""acc"": 1.2, ""vel"": 24.68, ""pos"": 30.2, ""error"": 0.006073599999542267}], [{""pair"": [1, 15, 2, 7], ""acc"": 1.3, ""vel"": 24.68, ""pos"": 30.2, ""error"": 0.006073599999542267}], [{""pair"": [2, 15, 0, 7], ""acc"": 1.2, ""vel"": 25.32, ""pos"": 27.0, ""error"": 3.8339264000004576}], [{""pair"": [2, 15, 2, 7], ""acc"": 1.3, ""vel"": 25.32, ""pos"": 27.0, ""error"": 3.8339264000004576}]]"
1.3,24.7,30.6,1.5,4.22,30.6,1.3,24.7,30.6,3,"[{""pair"": [0, 4, 0, 8], ""acc"": 1.3, ""vel"": 24.7, ""pos"": 30.6, ""error"": 0.0218478499998902}]","[[{""pair"": [0, 4, 0, 8], ""acc"": 1.3, ""vel"": 24.7, ""pos"": 30.6, ""error"": 0.0218478499998902}], [{""pair"": [1, 4, 0, 8], ""acc"": 1.3, ""vel"": 4.22, ""pos"": 133.0, ""error"": 122.8623521500001}], [{""pair"": [2, 4, 0, 8], ""acc"": 1.3, ""vel"": 4.22, ""pos"": 30.6, ""error"": 20.50184784999989}]]"
1.3,24.73,31.0,1.3,25.37,31.0,1.3,24.73,31.0,3,"[{""pair"": [3, 7, 1, 15], ""acc"": 1.3, ""vel"": 24.73, ""pos"": 31.0, ""error"": 0.027987849999906445}]","[[{""pair"": [3, 7, 1, 15], ""acc"": 1.3, ""vel"": 24.73, ""pos"": 31.0, ""error"": 0.027987849999906445}], [{""pair"": [3, 7, 2, 15], ""acc"": 1.3, ""vel"": 25.37, ""pos"": 27.8, ""error"": 3.8679878499999063}], [{""pair"": [1, 15, 0, 7], ""acc"": 1.2, ""vel"": 24.73, ""pos"": 31.0, ""error"": 0.027987849999906445}], [{""pair"": [2, 15, 0, 7], ""acc"": 1.2, ""vel"": 25.37, ""pos"": 27.8, ""error"": 3.8679878499999063}]]"
1.3,24.75,31.4,1.3,24.75,44.2,1.3,24.75,31.4,3,"[{""pair"": [3, 1, 1, 1], ""acc"": 1.3, ""vel"": 24.75, ""pos"": 31.4, ""error"": 0.0049535999995420354}]","[[{""pair"": [3, 1, 0, 1], ""acc"": 1.3, ""vel"": 22.19, ""pos"": 44.2, ""error"": 15.364953599999545}], [{""pair"": [3, 1, 1, 1], ""acc"": 1.3, ""vel"": 24.75, ""pos"": 31.4, ""error"": 0.0049535999995420354}], [{""pair"": [3, 1, 2, 1], ""acc"": 1.3, ""vel"": 24.75, ""pos"": 44.2, ""error"": 12.804953599999546}], [{""pair"": [0, 2, 2, 3], ""acc"": 1.3, ""vel"": 29.87, ""pos"": 44.2, ""error"": 17.923353599999494}], [{""pair"": [2, 2, 2, 3], ""acc"": 1.3, ""vel"": 24.75, ""pos"": 44.2, ""error"": 12.804953599999546}], [{""pair"": [0, 1, 1, 1], ""acc"": 1.3, ""vel"": 22.19, ""pos"": 31.4, ""error"": 2.5649535999995408}], [{""pair"": [0, 1, 2, 1], ""acc"": 1.3, ""vel"": 22.19, ""pos"": 44.2, ""error"": 15.364953599999545}], [{""pair"": [1, 1, 0, 1], ""acc"": 1.3, ""vel"": 22.19, ""pos"": 31.4, ""error"": 2.5649535999995408}], [{""pair"": [1, 1, 2, 1], ""acc"": 1.3, ""vel"": 24.75, ""pos"": 31.4, ""error"": 0.0049535999995420354}], [{""pair"": [2, 1, 0, 1], ""acc"": 1.3, ""vel"": 22.19, ""pos"": 44.2, ""error"": 15.364953599999545}], [{""pair"": [2, 1, 1, 1], ""acc"": 1.3, ""vel"": 24.75, ""pos"": 31.4, ""error"": 0.0049535999995420354}]]"
1.3,24.77,31.8,14.1,24.77,6.2,1.3,24.77,31.8,3,"[{""pair"": [1, 2, 0, 14], ""acc"": 1.3, ""vel"": 24.77, ""pos"": 31.8, ""error"": 0.023037849999891336}]","[[{""pair"": [3, 14, 0, 2], ""acc"": 14.1, ""vel"": 29.89, ""pos"": 6.2, ""error"": 30.738837849999904}], [{""pair"": [3, 14, 1, 2], ""acc"": 14.1, ""vel"": 24.77, ""pos"": 31.8, ""error"": 0.023037849999891336}], [{""pair"": [3, 14, 2, 2], ""acc"": 14.1, ""vel"": 24.77, ""pos"": 6.2, ""error"": 25.623037849999893}], [{""pair"": [0, 2, 0, 14], ""acc"": 1.3, ""vel"": 29.89, ""pos"": 6.2, ""error"": 30.738837849999904}], [{""pair"": [0, 2, 1, 14], ""acc"": 14.1, ""vel"": 29.57, ""pos"": 6.2, ""error"": 30.418837849999903}], [{""pair"": [0, 2, 2, 14], ""acc"": 14.1, ""vel"": 29.89, ""pos"": 4.6, ""error"": 32.338837849999905}], [{""pair"": [1, 2, 0, 14], ""acc"": 1.3, ""vel"": 24.77, ""pos"": 31.8, ""error"": 0.023037849999891336}], [{""pair"": [1, 2, 1, 14], ""acc"": 14.1, ""vel"": 24.45, ""pos"": 31.8, ""error"": 0.3430378499998916}], [{""pair"": [1, 2, 2, 14], ""acc"": 14.1, ""vel"": 24.77, ""pos"": 30.2, ""error"": 1.6230378499998928}], [{""pair"": [2, 2, 0, 14], ""acc"": 1.3, ""vel"": 24.77, ""pos"": 6.2, ""error"": 25.623037849999893}], [{""pair"": [2, 2, 1, 14], ""acc"": 14.1, ""vel"": 24.45, ""pos"": 6.2, ""error"": 25.943037849999893}], [{""pair"": [2, 2, 2, 14], ""acc"": 14.1, ""vel"": 24.77, ""pos"": 4.6, ""error"": 27.223037849999894}]]"
1.3,24.79,32.2,1.3,22.23,32.2,1.3,24.79,32.2,3,"[{""pair"": [3, 4, 0, 1], ""acc"": 1.3, ""vel"": 24.79, ""pos"": 32.2, ""error"": 0.023377849999892675}]","[[{""pair"": [3, 4, 0, 1], ""acc"": 1.3, ""vel"": 24.79, ""pos"": 32.2, ""error"": 0.023377849999892675}], [{""pair"": [3, 4, 1, 1], ""acc"": 1.3, ""vel"": 22.23, ""pos"": 45.0, ""error"": 15.340822150000093}], [{""pair"": [3, 4, 2, 1], ""acc"": 1.3, ""vel"": 22.23, ""pos"": 32.2, ""error"": 2.5833778499998914}], [{""pair"": [0, 1, 0, 4], ""acc"": 1.3, ""vel"": 4.31, ""pos"": 32.2, ""error"": 20.503377849999893}], [{""pair"": [0, 1, 2, 4], ""acc"": 1.3, ""vel"": 24.79, ""pos"": 32.2, ""error"": 0.023377849999892675}], [{""pair"": [1, 1, 0, 4], ""acc"": 1.3, ""vel"": 1.75, ""pos"": 45.0, ""error"": 35.8208221500001}], [{""pair"": [1, 1, 2, 4], ""acc"": 1.3, ""vel"": 22.23, ""pos"": 45.0, ""error"": 15.340822150000093}], [{""pair"": [2, 1, 0, 4], ""acc"": 1.3, ""vel"": 1.75, ""pos"": 32.2, ""error"": 23.063377849999892}], [{""pair"": [2, 1, 2, 4], ""acc"": 1.3, ""vel"": 22.23, ""pos"": 32.2, ""error"": 2.5833778499998914}]]"
1.3,24.82,32.7,1.3,24.82,26.3,1.3,24.82,32.7,3,"[{""pair"": [3, 1, 1, 0], ""acc"": 1.3, ""vel"": 24.82, ""pos"": 32.7, ""error"": 0.11239359999948917}]","[[{""pair"": [3, 0, 3, 1], ""acc"": 1.3, ""vel"": 24.82, ""pos"": 26.3, ""error"": 6.306006400000463}], [{""pair"": [3, 0, 1, 1], ""acc"": 1.3, ""vel"": 24.82, ""pos"": 39.1, ""error"": 6.512393599999488}], [{""pair"": [3, 0, 2, 1], ""acc"": 1.3, ""vel"": 24.82, ""pos"": 26.3, ""error"": 6.306006400000463}], [{""pair"": [3, 1, 1, 0], ""acc"": 1.3, ""vel"": 24.82, ""pos"": 32.7, ""error"": 0.11239359999948917}], [{""pair"": [3, 2, 0, 0], ""acc"": 1.3, ""vel"": 23.54, ""pos"": 26.3, ""error"": 7.567606400000514}], [{""pair"": [3, 2, 2, 0], ""acc"": 1.3, ""vel"": 24.82, ""pos"": 26.3, ""error"": 6.306006400000463}], [{""pair"": [0, 0, 0, 2], ""acc"": 1.3, ""vel"": 28.66, ""pos"": 26.3, ""error"": 10.146006400000463}], [{""pair"": [2, 0, 0, 2], ""acc"": 1.3, ""vel"": 29.94, ""pos"": 26.3, ""error"": 11.426006400000464}], [{""pair"": [1, 0, 1, 1], ""acc"": 1.3, ""vel"": 24.82, ""pos"": 45.5, ""error"": 12.912393599999486}], [{""pair"": [1, 0, 2, 1], ""acc"": 1.3, ""vel"": 24.82, ""pos"": 32.7, ""error"": 0.11239359999948917}]]"
1.3,24.84,33.1,1.3,24.84,1671.5,1.3,24.84,33.1,3,"[{""pair"": [3, 9, 1, 8], ""acc"": 1.3, ""vel"": 24.84, ""pos"": 33.1, ""error"": 0.024227849999899576}]","[[{""pair"": [3, 8, 3, 10], ""acc"": 1.3, ""vel"": 24.84, ""pos"": 1671.5, ""error"": 1638.37997215}], [{""pair"": [3, 9, 1, 8], ""acc"": 1.3, ""vel"": 24.84, ""pos"": 33.1, ""error"": 0.024227849999899576}], [{""pair"": [0, 9, 1, 8], ""acc"": 0.9, ""vel"": 24.84, ""pos"": 33.1, ""error"": 0.024227849999899576}], [{""pair"": [2, 9, 1, 8], ""acc"": 1.3, ""vel"": 24.84, ""pos"": 33.1, ""error"": 0.024227849999899576}], [{""pair"": [3, 8, 0, 10], ""acc"": 0.5, ""vel"": 24.84, ""pos"": 1671.5, ""error"": 1638.37997215}], [{""pair"": [3, 8, 2, 10], ""acc"": 1.3, ""vel"": 24.84, ""pos"": 1671.4, ""error"": 1638.27997215}], [{""pair"": [3, 10, 0, 8], ""acc"": 1.5, ""vel"": 24.84, ""pos"": 1671.5, ""error"": 1638.37997215}], [{""pair"": [3, 10, 2, 8], ""acc"": 1.3, ""vel"": 24.84, ""pos"": 1671.5, ""error"": 1638.37997215}], [{""pair"": [0, 8, 0, 10], ""acc"": 0.7, ""vel"": 24.84, ""pos"": 1671.5, ""error"": 1638.37997215}], [{""pair"": [0, 8, 2, 10], ""acc"": 1.5, ""vel"": 24.84, ""pos"": 1671.4, ""error"": 1638.27997215}], [{""pair"": [2, 8, 0, 10], ""acc"": 0.5, ""vel"": 24.84, ""pos"": 1671.5, ""error"": 1638.37997215}], [{""pair"": [2, 8, 2, 10], ""acc"": 1.3, ""vel"": 24.84, ""pos"": 1671.4, ""error"": 1638.27997215}]]"
1.3,24.86,33.5,1.3,24.7,33.5,1.3,24.86,33.5,3,"[{""pair"": [3, 3, 1, 13], ""acc"": 1.3, ""vel"": 24.86, ""pos"": 33.5, ""error"": 0.024567849999900915}]","[[{""pair"": [3, 3, 3, 13], ""acc"": 1.3, ""vel"": 24.7, ""pos"": 33.5, ""error"": 0.18456784999990106}], [{""pair"": [3, 3, 0, 13], ""acc"": 7.7, ""vel"": 24.7, ""pos"": 33.5, ""error"": 0.18456784999990106}], [{""pair"": [3, 3, 1, 13], ""acc"": 1.3, ""vel"": 24.86, ""pos"": 33.5, ""error"": 0.024567849999900915}], [{""pair"": [3, 13, 2, 3], ""acc"": 1.3, ""vel"": 24.7, ""pos"": 33.5, ""error"": 0.18456784999990106}], [{""pair"": [2, 3, 0, 13], ""acc"": 7.7, ""vel"": 24.7, ""pos"": 33.5, ""error"": 0.18456784999990106}], [{""pair"": [2, 3, 1, 13], ""acc"": 1.3, ""vel"": 24.86, ""pos"": 33.5, ""error"": 0.024567849999900915}]]"
1.3,24.88,33.9,1.3,24.88,34.3,1.3,24.88,33.9,3,"[{""pair"": [3, 0, 2, 12], ""acc"": 1.3, ""vel"": 24.88, ""pos"": 33.9, ""error"": 0.002873599999539067}]","[[{""pair"": [3, 0, 3, 12], ""acc"": 1.3, ""vel"": 24.88, ""pos"": 34.3, ""error"": 0.40287359999953765}], [{""pair"": [3, 0, 1, 12], ""acc"": 1.3, ""vel"": 24.8, ""pos"": 34.3, ""error"": 0.48287359999953594}], [{""pair"": [3, 0, 2, 12], ""acc"": 1.3, ""vel"": 24.88, ""pos"": 33.9, ""error"": 0.002873599999539067}], [{""pair"": [3, 12, 2, 0], ""acc"": 1.3, ""vel"": 24.88, ""pos"": 34.3, ""error"": 0.40287359999953765}], [{""pair"": [2, 0, 1, 12], ""acc"": 1.3, ""vel"": 24.8, ""pos"": 34.3, ""error"": 0.48287359999953594}], [{""pair"": [2, 0, 2, 12], ""acc"": 1.3, ""vel"": 24.88, ""pos"": 33.9, ""error"": 0.002873599999539067}]]"
1.3,24.9,34.300000000000004,1.3,24.82,443.9,1.3,24.9,34.3,3,"[{""pair"": [1, 6, 1, 12], ""acc"": 1.3, ""vel"": 24.9, ""pos"": 34.3, ""error"": 0.025247849999896488}]","[[{""pair"": [3, 6, 3, 12], ""acc"": 1.3, ""vel"": 24.82, ""pos"": 443.9, ""error"": 409.65895215000006}], [{""pair"": [3, 6, 0, 12], ""acc"": 4.5, ""vel"": 24.82, ""pos"": 443.9, ""error"": 409.65895215000006}], [{""pair"": [3, 6, 1, 12], ""acc"": 1.3, ""vel"": 24.9, ""pos"": 443.9, ""error"": 409.5789521500001}], [{""pair"": [3, 12, 1, 6], ""acc"": 1.3, ""vel"": 24.82, ""pos"": 34.3, ""error"": 0.10524784999989478}], [{""pair"": [3, 12, 2, 6], ""acc"": 1.3, ""vel"": 24.82, ""pos"": 443.9, ""error"": 409.65895215000006}], [{""pair"": [1, 6, 0, 12], ""acc"": 4.5, ""vel"": 24.82, ""pos"": 34.3, ""error"": 0.10524784999989478}], [{""pair"": [1, 6, 1, 12], ""acc"": 1.3, ""vel"": 24.9, ""pos"": 34.3, ""error"": 0.025247849999896488}], [{""pair"": [2, 6, 0, 12], ""acc"": 4.5, ""vel"": 24.82, ""pos"": 443.9, ""error"": 409.65895215000006}], [{""pair"": [2, 6, 1, 12], ""acc"": 1.3, ""vel"": 24.9, ""pos"": 443.9, ""error"": 409.5789521500001}]]"
1.4,24.93,34.7,1.4,24.61,9.1,1.4,24.93,34.7,3,"[{""pair"": [1, 2, 1, 14], ""acc"": 1.4, ""vel"": 24.93, ""pos"": 34.7, ""error"": 0.03138784999990207}]","[[{""pair"": [0, 2, 0, 14], ""acc"": 14.2, ""vel"": 29.73, ""pos"": 9.1, ""error"": 30.431387849999904}], [{""pair"": [0, 2, 1, 14], ""acc"": 1.4, ""vel"": 30.05, ""pos"": 9.1, ""error"": 30.751387849999904}], [{""pair"": [1, 2, 0, 14], ""acc"": 14.2, ""vel"": 24.61, ""pos"": 34.7, ""error"": 0.33558784999988944}], [{""pair"": [1, 2, 1, 14], ""acc"": 1.4, ""vel"": 24.93, ""pos"": 34.7, ""error"": 0.03138784999990207}], [{""pair"": [2, 2, 0, 14], ""acc"": 14.2, ""vel"": 24.61, ""pos"": 9.1, ""error"": 25.93558784999989}], [{""pair"": [2, 2, 1, 14], ""acc"": 1.4, ""vel"": 24.93, ""pos"": 9.1, ""error"": 25.631387849999903}]]"
1.5,24.95,35.1,1.3,24.95,35.1,1.3,24.95,35.1,3,"[{""pair"": [0, 0, 0, 0], ""acc"": 1.3, ""vel"": 24.95, ""pos"": 35.1, ""error"": 0.0033408000008812166}]",[]
1.5,24.98,35.5,0.7,24.98,35.5,1.5,24.98,35.5,3,"[{""pair"": [3, 1, 0, 10], ""acc"": 1.5, ""vel"": 24.98, ""pos"": 35.5, ""error"": 0.032237849999908974}]","[[{""pair"": [3, 1, 3, 10], ""acc"": 0.7, ""vel"": 24.98, ""pos"": 35.5, ""error"": 0.032237849999908974}], [{""pair"": [3, 1, 0, 10], ""acc"": 1.5, ""vel"": 24.98, ""pos"": 35.5, ""error"": 0.032237849999908974}], [{""pair"": [3, 10, 1, 1], ""acc"": 0.7, ""vel"": 24.98, ""pos"": 48.3, ""error"": 12.783562150000101}], [{""pair"": [3, 10, 2, 1], ""acc"": 0.7, ""vel"": 24.98, ""pos"": 35.5, ""error"": 0.032237849999908974}], [{""pair"": [1, 1, 0, 10], ""acc"": 1.5, ""vel"": 24.98, ""pos"": 48.3, ""error"": 12.783562150000101}], [{""pair"": [2, 1, 0, 10], ""acc"": 1.5, ""vel"": 24.98, ""pos"": 35.5, ""error"": 0.032237849999908974}]]"
1.6,25.01,36.0,-23.6,25.01,36.0,1.6,25.01,36.0,3,"[{""pair"": [0, 15, 0, 9], ""acc"": 1.6, ""vel"": 25.01, ""pos"": 36.0, ""error"": 0.07962325000011106}]","[[{""pair"": [3, 9, 0, 15], ""acc"": 2.0, ""vel"": 25.01, ""pos"": 36.0, ""error"": 0.07962325000011106}], [{""pair"": [3, 9, 1, 15], ""acc"": -23.6, ""vel"": 24.37, ""pos"": 36.0, ""error"": 0.7106232500000971}], [{""pair"": [3, 9, 2, 15], ""acc"": -23.6, ""vel"": 25.01, ""pos"": 32.8, ""error"": 3.1293767499999063}], [{""pair"": [0, 15, 0, 9], ""acc"": 1.6, ""vel"": 25.01, ""pos"": 36.0, ""error"": 0.07962325000011106}], [{""pair"": [0, 15, 1, 9], ""acc"": 2.0, ""vel"": 25.0, ""pos"": 36.0, ""error"": 0.08062325000009807}], [{""pair"": [1, 15, 0, 9], ""acc"": -24.0, ""vel"": 24.37, ""pos"": 36.0, ""error"": 0.7106232500000971}], [{""pair"": [1, 15, 1, 9], ""acc"": -23.6, ""vel"": 24.36, ""pos"": 36.0, ""error"": 0.7206232500000986}], [{""pair"": [2, 15, 0, 9], ""acc"": -24.0, ""vel"": 25.01, ""pos"": 32.8, ""error"": 3.1293767499999063}], [{""pair"": [2, 15, 1, 9], ""acc"": -23.6, ""vel"": 25.0, ""pos"": 32.8, ""error"": 3.1303767499998933}]]"
1.6,25.03,36.4,1.6,25.03,36.4,1.6,25.03,36.4,3,"[{""pair"": [3, 14, 3, 15], ""acc"": 1.6, ""vel"": 25.03, ""pos"": 36.4, ""error"": 0.0059648000005232404}]","[[{""pair"": [3, 14, 3, 15], ""acc"": 1.6, ""vel"": 25.03, ""pos"": 36.4, ""error"": 0.0059648000005232404}], [{""pair"": [3, 14, 0, 15], ""acc"": -24.0, ""vel"": 25.03, ""pos"": 36.4, ""error"": 0.0059648000005232404}], [{""pair"": [3, 15, 0, 14], ""acc"": 14.4, ""vel"": 25.03, ""pos"": 36.4, ""error"": 0.0059648000005232404}], [{""pair"": [3, 15, 1, 14], ""acc"": 1.6, ""vel"": 25.35, ""pos"": 36.4, ""error"": 0.31476480000045726}], [{""pair"": [3, 15, 2, 14], ""acc"": 1.6, ""vel"": 25.03, ""pos"": 38.0, ""error"": 1.6052351999995444}], [{""pair"": [0, 14, 0, 15], ""acc"": -11.2, ""vel"": 25.03, ""pos"": 36.4, ""error"": 0.0059648000005232404}], [{""pair"": [1, 14, 0, 15], ""acc"": -24.0, ""vel"": 25.35, ""pos"": 36.4, ""error"": 0.31476480000045726}], [{""pair"": [2, 14, 0, 15], ""acc"": -24.0, ""vel"": 25.03, ""pos"": 38.0, ""error"": 1.6052351999995444}]]"
1.5,25.06,36.8,1.5,25.06,88.4,1.5,25.06,36.8,3,"[{""pair"": [1, 3, 2, 12], ""acc"": 1.5, ""vel"": 25.06, ""pos"": 36.8, ""error"": 0.028541199999903455}]","[[{""pair"": [1, 3, 1, 12], ""acc"": 1.5, ""vel"": 24.98, ""pos"": 37.2, ""error"": 0.4514588000001005}], [{""pair"": [1, 3, 2, 12], ""acc"": 1.5, ""vel"": 25.06, ""pos"": 36.8, ""error"": 0.028541199999903455}]]"
1.4,25.08,37.2,1.4,4.6,50.0,1.4,25.08,37.2,3,"[{""pair"": [1, 1, 0, 4], ""acc"": 1.4, ""vel"": 25.08, ""pos"": 37.2, ""error"": 0.031736749999883074}]","[[{""pair"": [3, 1, 3, 4], ""acc"": 1.4, ""vel"": 4.6, ""pos"": 50.0, ""error"": 33.2592632500001}], [{""pair"": [3, 1, 0, 4], ""acc"": 1.4, ""vel"": 25.08, ""pos"": 50.0, ""error"": 12.779263250000103}], [{""pair"": [3, 1, 1, 4], ""acc"": 1.4, ""vel"": 4.6, ""pos"": 152.4, ""error"": 135.65926325000012}], [{""pair"": [3, 4, 0, 1], ""acc"": 1.4, ""vel"": 2.04, ""pos"": 50.0, ""error"": 35.819263250000105}], [{""pair"": [3, 4, 1, 1], ""acc"": 1.4, ""vel"": 4.6, ""pos"": 37.2, ""error"": 20.511736749999884}], [{""pair"": [0, 1, 0, 4], ""acc"": 1.4, ""vel"": 22.52, ""pos"": 50.0, ""error"": 15.339263250000101}], [{""pair"": [0, 1, 1, 4], ""acc"": 1.4, ""vel"": 2.04, ""pos"": 152.4, ""error"": 138.21926325000013}], [{""pair"": [1, 1, 0, 4], ""acc"": 1.4, ""vel"": 25.08, ""pos"": 37.2, ""error"": 0.031736749999883074}], [{""pair"": [1, 1, 1, 4], ""acc"": 1.4, ""vel"": 4.6, ""pos"": 139.6, ""error"": 122.85926325000011}]]"
1.4,25.1,37.6,14.2,25.1,37.6,1.4,25.1,37.6,3,"[{""pair"": [2, 9, 0, 14], ""acc"": 1.4, ""vel"": 25.1, ""pos"": 37.6, ""error"": 0.0038592000005124305}]","[[{""pair"": [0, 9, 0, 14], ""acc"": 1.0, ""vel"": 25.1, ""pos"": 37.6, ""error"": 0.0038592000005124305}], [{""pair"": [0, 9, 2, 14], ""acc"": 13.8, ""vel"": 25.1, ""pos"": 36.0, ""error"": 1.6038592000005139}], [{""pair"": [2, 9, 0, 14], ""acc"": 1.4, ""vel"": 25.1, ""pos"": 37.6, ""error"": 0.0038592000005124305}], [{""pair"": [2, 9, 2, 14], ""acc"": 14.2, ""vel"": 25.1, ""pos"": 36.0, ""error"": 1.6038592000005139}]]"
1.3,25.12,38.0,1.3,25.12,37.2,1.3,25.12,38.0,3,"[{""pair"": [3, 9, 2, 13], ""acc"": 1.3, ""vel"": 25.12, ""pos"": 38.0, ""error"": 0.03070229999989138}]","[[{""pair"": [3, 9, 0, 13], ""acc"": 7.7, ""vel"": 25.12, ""pos"": 37.2, ""error"": 0.8307022999998885}], [{""pair"": [3, 9, 2, 13], ""acc"": 1.3, ""vel"": 25.12, ""pos"": 38.0, ""error"": 0.03070229999989138}], [{""pair"": [0, 9, 0, 13], ""acc"": 7.3, ""vel"": 25.12, ""pos"": 37.2, ""error"": 0.8307022999998885}], [{""pair"": [0, 9, 2, 13], ""acc"": 0.9, ""vel"": 25.12, ""pos"": 38.0, ""error"": 0.03070229999989138}], [{""pair"": [2, 9, 0, 13], ""acc"": 7.7, ""vel"": 25.12, ""pos"": 37.2, ""error"": 0.8307022999998885}], [{""pair"": [2, 9, 2, 13], ""acc"": 1.3, ""vel"": 25.12, ""pos"": 38.0, ""error"": 0.03070229999989138}]]"
1.3,25.14,38.5,1.3,66.1,38.5,1.3,25.14,38.5,3,"[{""pair"": [2, 1, 0, 5], ""acc"": 1.3, ""vel"": 25.14, ""pos"": 38.5, ""error"": 0.07487215000009328}]","[[{""pair"": [2, 1, 0, 5], ""acc"": 1.3, ""vel"": 25.14, ""pos"": 38.5, ""error"": 0.07487215000009328}]]"
1.2000000000000002,25.16,38.900000000000006,1.2,4.68,38.9,1.2,25.16,38.9,3,"[{""pair"": [3, 7, 0, 4], ""acc"": 1.2, ""vel"": 25.16, ""pos"": 38.9, ""error"": 0.003206400000514975}]","[[{""pair"": [3, 4, 3, 7], ""acc"": 1.2, ""vel"": 4.68, ""pos"": 38.9, ""error"": 20.483206400000515}], [{""pair"": [3, 4, 2, 7], ""acc"": 1.2, ""vel"": 4.68, ""pos"": 38.9, ""error"": 20.483206400000515}], [{""pair"": [3, 7, 0, 4], ""acc"": 1.2, ""vel"": 25.16, ""pos"": 38.9, ""error"": 0.003206400000514975}], [{""pair"": [3, 7, 1, 4], ""acc"": 1.2, ""vel"": 4.68, ""pos"": 141.3, ""error"": 122.87839359999955}], [{""pair"": [0, 4, 2, 7], ""acc"": 1.2, ""vel"": 25.16, ""pos"": 38.9, ""error"": 0.003206400000514975}], [{""pair"": [1, 4, 2, 7], ""acc"": 1.2, ""vel"": 4.68, ""pos"": 141.3, ""error"": 122.87839359999955}]]"
1.2000000000000002,25.18,39.3,1.2,23.9,45.7,1.2,25.18,39.3,0,"[{""pair"": [0, 0, 0, 0], ""acc"": 1.2, ""vel"": 25.18, ""pos"": 39.3, ""error"": 0}]",[]
1.2000000000000002,25.2,39.7,1.2,25.2,39.7,1.2,25.2,39.7,1,"[{""pair"": [3, 1, 3, 5], ""acc"": 1.2, ""vel"": 25.2, ""pos"": 39.7, ""error"": 0.028633399999886677}]","[[{""pair"": [3, 1, 3, 5], ""acc"": 1.2, ""vel"": 25.2, ""pos"": 39.7, ""error"": 0.028633399999886677}], [{""pair"": [3, 5, 2, 1], ""acc"": 1.2, ""vel"": 25.2, ""pos"": 39.7, ""error"": 0.028633399999886677}]]"
1.1,25.22,40.2,1.0,25.22,40.2,1.1,25.22,40.2,2,"[{""pair"": [3, 8, 0, 7], ""acc"": 1.1, ""vel"": 25.22, ""pos"": 40.2, ""error"": 0.0974463999994839}, {""pair"": [3, 7, 3, 8], ""acc"": 1.0, ""vel"": 25.22, ""pos"": 40.2, ""error"": 0.0974463999994839}, {""pair"": [0, 7, 0, 8], ""acc"": 0.9, ""vel"": 25.22, ""pos"": 40.2, ""error"": 0.0974463999994839}, {""pair"": [3, 7, 0, 8], ""acc"": 0.8, ""vel"": 25.22, ""pos"": 40.2, ""error"": 0.0974463999994839}, {""pair"": [3, 8, 1, 7], ""acc"": 1.0, ""vel"": 25.22, ""pos"": 859.4, ""error"": 819.2974463999996}, {""pair"": [1, 7, 0, 8], ""acc"": 0.8, ""vel"": 25.22, ""pos"": 859.4, ""error"": 819.2974463999996}]","[[{""pair"": [3, 7, 3, 8], ""acc"": 1.0, ""vel"": 25.22, ""pos"": 40.2, ""error"": 0.0974463999994839}], [{""pair"": [3, 7, 0, 8], ""acc"": 0.8, ""vel"": 25.22, ""pos"": 40.2, ""error"": 0.0974463999994839}], [{""pair"": [3, 7, 2, 8], ""acc"": 1.0, ""vel"": 25.22, ""pos"": 40.2, ""error"": 0.0974463999994839}], [{""pair"": [3, 8, 0, 7], ""acc"": 1.1, ""vel"": 25.22, ""pos"": 40.2, ""error"": 0.0974463999994839}], [{""pair"": [3, 8, 1, 7], ""acc"": 1.0, ""vel"": 25.22, ""pos"": 859.4, ""error"": 819.2974463999996}], [{""pair"": [3, 8, 2, 7], ""acc"": 1.0, ""vel"": 25.22, ""pos"": 40.2, ""error"": 0.0974463999994839}], [{""pair"": [0, 7, 0, 8], ""acc"": 0.9, ""vel"": 25.22, ""pos"": 40.2, ""error"": 0.0974463999994839}], [{""pair"": [0, 7, 2, 8], ""acc"": 1.1, ""vel"": 25.22, ""pos"": 40.2, ""error"": 0.0974463999994839}], [{""pair"": [1, 7, 0, 8], ""acc"": 0.8, ""vel"": 25.22, ""pos"": 859.4, ""error"": 819.2974463999996}], [{""pair"": [1, 7, 2, 8], ""acc"": 1.0, ""vel"": 25.22, ""pos"": 859.4, ""error"": 819.2974463999996}], [{""pair"": [2, 7, 0, 8], ""acc"": 0.8, ""vel"": 25.22, ""pos"": 40.2, ""error"": 0.0974463999994839}], [{""pair"": [2, 7, 2, 8], ""acc"": 1.0, ""vel"": 25.22, ""pos"": 40.2, ""error"": 0.0974463999994839}]]"
1.1,25.24,40.6,1.1,25.25,40.6,1.1,25.24,40.6,3,"[{""pair"": [3, 10, 1, 9], ""acc"": 1.1, ""vel"": 25.24, ""pos"": 40.6, ""error"": 0.030198949999903135}]","[[{""pair"": [3, 9, 3, 10], ""acc"": 1.1, ""vel"": 25.25, ""pos"": 40.6, ""error"": 0.0401989499999047}, {""pair"": [3, 9, 3, 10], ""acc"": 1.1, ""vel"": 25.25, ""pos"": 40.6, ""error"": 0.0418844999999024}, {""pair"": [3, 9, 3, 10], ""acc"": 1.1, ""vel"": 25.25, ""pos"": 40.6, ""error"": 0.04357004999990721}, {""pair"": [3, 9, 3, 10], ""acc"": 1.1, ""vel"": 25.25, ""pos"": 40.6, ""error"": 0.045255599999904916}, {""pair"": [3, 9, 3, 10], ""acc"": 1.1, ""vel"": 25.25, ""pos"": 40.6, ""error"": 819.2418845}, {""pair"": [3, 9, 3, 10], ""acc"": 1.1, ""vel"": 25.25, ""pos"": 40.6, ""error"": 819.2452555999998}], [{""pair"": [3, 9, 0, 10], ""acc"": 0.3, ""vel"": 25.25, ""pos"": 40.6, ""error"": 0.0401989499999047}, {""pair"": [3, 9, 0, 10], ""acc"": 0.3, ""vel"": 25.25, ""pos"": 40.6, ""error"": 0.0418844999999024}, {""pair"": [3, 9, 0, 10], ""acc"": 0.3, ""vel"": 25.25, ""pos"": 40.6, ""error"": 0.04357004999990721}, {""pair"": [3, 9, 0, 10], ""acc"": 0.3, ""vel"": 25.25, ""pos"": 40.6, ""error"": 0.045255599999904916}, {""pair"": [3, 9, 0, 10], ""acc"": 0.3, ""vel"": 25.25, ""pos"": 40.6, ""error"": 819.2418845}, {""pair"": [3, 9, 0, 10], ""acc"": 0.3, ""vel"": 25.25, ""pos"": 40.6, ""error"": 819.2452555999998}], [{""pair"": [3, 10, 1, 9], ""acc"": 1.1, ""vel"": 25.24, ""pos"": 40.6, ""error"": 0.030198949999903135}, {""pair"": [3, 10, 1, 9], ""acc"": 1.1, ""vel"": 25.24, ""pos"": 40.6, ""error"": 0.03188449999990084}, {""pair"": [3, 10, 1, 9], ""acc"": 1.1, ""vel"": 25.24, ""pos"": 40.6, ""error"": 0.03357004999990565}, {""pair"": [3, 10, 1, 9], ""acc"": 1.1, ""vel"": 25.24, ""pos"": 40.6, ""error"": 0.03525559999990335}, {""pair"": [3, 10, 1, 9], ""acc"": 1.1, ""vel"": 25.24, ""pos"": 40.6, ""error"": 819.2318845}, {""pair"": [3, 10, 1, 9], ""acc"": 1.1, ""vel"": 25.24, ""pos"": 40.6, ""error"": 819.2352555999998}], [{""pair"": [3, 11, 0, 9], ""acc"": 1.5, ""vel"": 25.25, ""pos"": 40.6, ""error"": 0.0401989499999047}, {""pair"": [3, 11, 0, 9], ""acc"": 1.5, ""vel"": 25.25, ""pos"": 40.6, ""error"": 0.0418844999999024}, {""pair"": [3, 11, 0, 9], ""acc"": 1.5, ""vel"": 25.25, ""pos"": 40.6, ""error"": 0.04357004999990721}, {""pair"": [3, 11, 0, 9], ""acc"": 1.5, ""vel"": 25.25, ""pos"": 40.6, ""error"": 0.045255599999904916}, {""pair"": [3, 11, 0, 9], ""acc"": 1.5, ""vel"": 25.25, ""pos"": 40.6, ""error"": 819.2418845}, {""pair"": [3, 11, 0, 9], ""acc"": 1.5, ""vel"": 25.25, ""pos"": 40.6, ""error"": 819.2452555999998}], [{""pair"": [3, 11, 2, 9], ""acc"": 1.1, ""vel"": 25.25, ""pos"": 40.6, ""error"": 0.0401989499999047}, {""pair"": [3, 11, 2, 9], ""acc"": 1.1, ""vel"": 25.25, ""pos"": 40.6, ""error"": 0.0418844999999024}, {""pair"": [3, 11, 2, 9], ""acc"": 1.1, ""vel"": 25.25, ""pos"": 40.6, ""error"": 0.04357004999990721}, {""pair"": [3, 11, 2, 9], ""acc"": 1.1, ""vel"": 25.25, ""pos"": 40.6, ""error"": 0.045255599999904916}, {""pair"": [3, 11, 2, 9], ""acc"": 1.1, ""vel"": 25.25, ""pos"": 40.6, ""error"": 819.2418845}, {""pair"": [3, 11, 2, 9], ""acc"": 1.1, ""vel"": 25.25, ""pos"": 40.6, ""error"": 819.2452555999998}], [{""pair"": [0, 9, 1, 11], ""acc"": 1.5, ""vel"": 25.21, ""pos"": 40.6, ""error"": 0.05759894999989257}, {""pair"": [0, 9, 1, 11], ""acc"": 1.5, ""vel"": 25.21, ""pos"": 40.6, ""error"": 0.05588449999989109}, {""pair"": [0, 9, 1, 11], ""acc"": 1.5, ""vel"": 25.21, ""pos"": 40.6, ""error"": 0.05417004999989672}, {""pair"": [0, 9, 1, 11], ""acc"": 1.5, ""vel"": 25.21, ""pos"": 40.6, ""error"": 0.05245559999989524}, {""pair"": [0, 9, 1, 11], ""acc"": 1.5, ""vel"": 25.21, ""pos"": 40.6, ""error"": 819.2558845}, {""pair"": [0, 9, 1, 11], ""acc"": 1.5, ""vel"": 25.21, ""pos"": 40.6, ""error"": 819.2524555999998}], [{""pair"": [0, 9, 2, 11], ""acc"": 1.5, ""vel"": 25.25, ""pos"": 40.4, ""error"": 0.24019894999990754}, {""pair"": [0, 9, 2, 11], ""acc"": 1.5, ""vel"": 25.25, ""pos"": 40.4, ""error"": 0.24188449999990524}, {""pair"": [0, 9, 2, 11], ""acc"": 1.5, ""vel"": 25.25, ""pos"": 40.4, ""error"": 0.24357004999991005}, {""pair"": [0, 9, 2, 11], ""acc"": 1.5, ""vel"": 25.25, ""pos"": 40.4, ""error"": 0.24525559999990776}, {""pair"": [0, 9, 2, 11], ""acc"": 1.5, ""vel"": 25.25, ""pos"": 40.4, ""error"": 819.4418845}, {""pair"": [0, 9, 2, 11], ""acc"": 1.5, ""vel"": 25.25, ""pos"": 40.4, ""error"": 819.4452555999999}], [{""pair"": [2, 9, 1, 11], ""acc"": 1.1, ""vel"": 25.21, ""pos"": 40.6, ""error"": 0.05759894999989257}, {""pair"": [2, 9, 1, 11], ""acc"": 1.1, ""vel"": 25.21, ""pos"": 40.6, ""error"": 0.05588449999989109}, {""pair"": [2, 9, 1, 11], ""acc"": 1.1, ""vel"": 25.21, ""pos"": 40.6, ""error"": 0.05417004999989672}, {""pair"": [2, 9, 1, 11], ""acc"": 1.1, ""vel"": 25.21, ""pos"": 40.6, ""error"": 0.05245559999989524}, {""pair"": [2, 9, 1, 11], ""acc"": 1.1, ""vel"": 25.21, ""pos"": 40.6, ""error"": 819.2558845}, {""pair"": [2, 9, 1, 11], ""acc"": 1.1, ""vel"": 25.21, ""pos"": 40.6, ""error"": 819.2524555999998}], [{""pair"": [2, 9, 2, 11], ""acc"": 1.1, ""vel"": 25.25, ""pos"": 40.4, ""error"": 0.24019894999990754}, {""pair"": [2, 9, 2, 11], ""acc"": 1.1, ""vel"": 25.25, ""pos"": 40.4, ""error"": 0.24188449999990524}, {""pair"": [2, 9, 2, 11], ""acc"": 1.1, ""vel"": 25.25, ""pos"": 40.4, ""error"": 0.24357004999991005}, {""pair"": [2, 9, 2, 11], ""acc"": 1.1, ""vel"": 25.25, ""pos"": 40.4, ""error"": 0.24525559999990776}, {""pair"": [2, 9, 2, 11], ""acc"": 1.1, ""vel"": 25.25, ""pos"": 40.4, ""error"": 819.4418845}, {""pair"": [2, 9, 2, 11], ""acc"": 1.1, ""vel"": 25.25, ""pos"": 40.4, ""error"": 819.4452555999999}], [{""pair"": [1, 9, 0, 10], ""acc"": 0.3, ""vel"": 25.24, ""pos"": 40.6, ""error"": 0.030198949999903135}, {""pair"": [1, 9, 0, 10], ""acc"": 0.3, ""vel"": 25.24, ""pos"": 40.6, ""error"": 0.03188449999990084}, {""pair"": [1, 9, 0, 10], ""acc"": 0.3, ""vel"": 25.24, ""pos"": 40.6, ""error"": 0.03357004999990565}, {""pair"": [1, 9, 0, 10], ""acc"": 0.3, ""vel"": 25.24, ""pos"": 40.6, ""error"": 0.03525559999990335}, {""pair"": [1, 9, 0, 10], ""acc"": 0.3, ""vel"": 25.24, ""pos"": 40.6, ""error"": 819.2318845}, {""pair"": [1, 9, 0, 10], ""acc"": 0.3, ""vel"": 25.24, ""pos"": 40.6, ""error"": 819.2352555999998}]]"
1.1,25.26,41.0,1.1,66.22,1679.4,1.1,25.26,41.0,3,"[{""pair"": [0, 5, 1, 8], ""acc"": 1.1, ""vel"": 25.26, ""pos"": 41.0, ""error"": 0.030538949999908027}]","[[{""pair"": [3, 5, 3, 8], ""acc"": 1.1, ""vel"": 66.22, ""pos"": 1679.4, ""error"": 1679.3320610500002}], [{""pair"": [3, 5, 0, 8], ""acc"": 0.9, ""vel"": 66.22, ""pos"": 1679.4, ""error"": 1679.3320610500002}], [{""pair"": [3, 5, 1, 8], ""acc"": 1.1, ""vel"": 66.22, ""pos"": 41.0, ""error"": 40.99053894999991}], [{""pair"": [3, 8, 0, 5], ""acc"": 1.1, ""vel"": 25.26, ""pos"": 1679.4, ""error"": 1638.3720610500002}], [{""pair"": [3, 8, 2, 5], ""acc"": 1.1, ""vel"": 66.22, ""pos"": 1679.4, ""error"": 1679.3320610500002}], [{""pair"": [0, 5, 0, 8], ""acc"": 0.9, ""vel"": 25.26, ""pos"": 1679.4, ""error"": 1638.3720610500002}], [{""pair"": [0, 5, 1, 8], ""acc"": 1.1, ""vel"": 25.26, ""pos"": 41.0, ""error"": 0.030538949999908027}], [{""pair"": [2, 5, 0, 8], ""acc"": 0.9, ""vel"": 66.22, ""pos"": 1679.4, ""error"": 1679.3320610500002}], [{""pair"": [2, 5, 1, 8], ""acc"": 1.1, ""vel"": 66.22, ""pos"": 41.0, ""error"": 40.99053894999991}]]"
1.1,25.27,41.400000000000006,1.1,107.19,41.4,1.1,25.27,41.4,3,"[{""pair"": [3, 6, 0, 6], ""acc"": 1.1, ""vel"": 25.27, ""pos"": 41.4, ""error"": 0.01190079999901883}]","[[{""pair"": [3, 7, 3, 8], ""acc"": 1.1, ""vel"": 107.19, ""pos"": 41.4, ""error"": 81.91670079999909}], [{""pair"": [3, 7, 0, 8], ""acc"": 0.9, ""vel"": 107.19, ""pos"": 41.4, ""error"": 81.91670079999909}], [{""pair"": [3, 8, 1, 7], ""acc"": 1.1, ""vel"": 107.19, ""pos"": 860.6, ""error"": 901.108099200001}], [{""pair"": [3, 8, 2, 7], ""acc"": 1.1, ""vel"": 107.19, ""pos"": 41.4, ""error"": 81.91670079999909}], [{""pair"": [3, 6, 0, 6], ""acc"": 1.1, ""vel"": 25.27, ""pos"": 41.4, ""error"": 0.01190079999901883}], [{""pair"": [3, 6, 2, 6], ""acc"": 1.1, ""vel"": 107.19, ""pos"": 41.4, ""error"": 81.91670079999909}], [{""pair"": [0, 6, 2, 6], ""acc"": 1.1, ""vel"": 25.27, ""pos"": 41.4, ""error"": 0.01190079999901883}], [{""pair"": [2, 6, 0, 6], ""acc"": 1.1, ""vel"": 25.27, ""pos"": 41.4, ""error"": 0.01190079999901883}], [{""pair"": [1, 7, 0, 8], ""acc"": 0.9, ""vel"": 107.19, ""pos"": 860.6, ""error"": 901.108099200001}], [{""pair"": [2, 7, 0, 8], ""acc"": 0.9, ""vel"": 107.19, ""pos"": 41.4, ""error"": 81.91670079999909}]]"
1.0,25.29,41.8,1.0,25.29,41.8,1.1,25.29,41.8,3,"[{""pair"": [3, 9, 0, 7], ""acc"": 1.1, ""vel"": 25.29, ""pos"": 41.8, ""error"": 0.4772157999997866}]","[[{""pair"": [3, 7, 3, 9], ""acc"": 1.0, ""vel"": 25.29, ""pos"": 41.8, ""error"": 0.4772157999997866}], [{""pair"": [3, 7, 1, 9], ""acc"": 1.0, ""vel"": 25.28, ""pos"": 41.8, ""error"": 0.4872157999997846}], [{""pair"": [3, 9, 0, 7], ""acc"": 1.1, ""vel"": 25.29, ""pos"": 41.8, ""error"": 0.4772157999997866}], [{""pair"": [3, 9, 1, 7], ""acc"": 1.0, ""vel"": 25.29, ""pos"": 861.0, ""error"": 818.7575842000001}], [{""pair"": [3, 9, 2, 7], ""acc"": 1.0, ""vel"": 25.29, ""pos"": 41.8, ""error"": 0.4772157999997866}], [{""pair"": [0, 7, 1, 9], ""acc"": 1.1, ""vel"": 25.28, ""pos"": 41.8, ""error"": 0.4872157999997846}], [{""pair"": [1, 7, 1, 9], ""acc"": 1.0, ""vel"": 25.28, ""pos"": 861.0, ""error"": 818.7675842000001}], [{""pair"": [2, 7, 1, 9], ""acc"": 1.0, ""vel"": 25.28, ""pos"": 41.8, ""error"": 0.4872157999997846}]]"
1.0,25.32,42.7,1.0,25.48,42.7,1.0,25.48,41.9,3,"[{""pair"": [3, 1, 2, 13], ""acc"": 1.0, ""vel"": 25.48, ""pos"": 41.9, ""error"": 0.4771808000004718}]","[[{""pair"": [3, 1, 1, 13], ""acc"": 1.0, ""vel"": 25.32, ""pos"": 42.7, ""error"": 0.507619199999489}], [{""pair"": [3, 1, 2, 13], ""acc"": 1.0, ""vel"": 25.48, ""pos"": 41.9, ""error"": 0.4771808000004718}], [{""pair"": [0, 1, 1, 13], ""acc"": 1.0, ""vel"": 22.76, ""pos"": 42.7, ""error"": 3.0428191999995313}], [{""pair"": [0, 1, 2, 13], ""acc"": 1.0, ""vel"": 22.92, ""pos"": 41.9, ""error"": 2.692380800000514}], [{""pair"": [1, 1, 1, 13], ""acc"": 1.0, ""vel"": 25.32, ""pos"": 29.9, ""error"": 12.317180800000472}], [{""pair"": [1, 1, 2, 13], ""acc"": 1.0, ""vel"": 25.48, ""pos"": 29.1, ""error"": 13.277180800000469}]]"
1.0,25.34,43.1,1.0,24.04,43.1,1.0,25.34,43.1,3,"[{""pair"": [0, 0, 1, 10], ""acc"": 1.0, ""vel"": 25.34, ""pos"": 43.1, ""error"": 0.9236955000001075}]","[[{""pair"": [3, 0, 3, 10], ""acc"": 1.0, ""vel"": 24.04, ""pos"": 43.1, ""error"": 2.223695500000108}], [{""pair"": [3, 0, 1, 10], ""acc"": 1.0, ""vel"": 24.06, ""pos"": 43.1, ""error"": 2.2036955000001086}], [{""pair"": [3, 10, 0, 0], ""acc"": 1.0, ""vel"": 25.32, ""pos"": 43.1, ""error"": 0.943695500000107}], [{""pair"": [3, 10, 1, 0], ""acc"": 1.0, ""vel"": 24.04, ""pos"": 49.5, ""error"": 8.623695500000107}], [{""pair"": [0, 0, 1, 10], ""acc"": 1.0, ""vel"": 25.34, ""pos"": 43.1, ""error"": 0.9236955000001075}], [{""pair"": [1, 0, 1, 10], ""acc"": 1.0, ""vel"": 24.06, ""pos"": 49.5, ""error"": 8.603695500000107}]]"
1.0,25.36,43.5,-24.6,24.08,43.5,1.0,25.36,43.5,3,"[{""pair"": [0, 15, 0, 0], ""acc"": 1.0, ""vel"": 25.36, ""pos"": 43.5, ""error"": 0.03392449999990177}]","[[{""pair"": [3, 15, 0, 0], ""acc"": -24.6, ""vel"": 25.36, ""pos"": 43.5, ""error"": 0.03392449999990177}], [{""pair"": [3, 15, 1, 0], ""acc"": -24.6, ""vel"": 24.08, ""pos"": 49.9, ""error"": 7.646075500000098}], [{""pair"": [3, 15, 2, 0], ""acc"": -24.6, ""vel"": 24.08, ""pos"": 43.5, ""error"": 1.3079244999998956}], [{""pair"": [3, 14, 0, 14], ""acc"": -11.8, ""vel"": 24.08, ""pos"": 43.5, ""error"": 1.3079244999998956}], [{""pair"": [0, 15, 0, 0], ""acc"": 1.0, ""vel"": 25.36, ""pos"": 43.5, ""error"": 0.03392449999990177}], [{""pair"": [0, 15, 1, 0], ""acc"": 1.0, ""vel"": 24.08, ""pos"": 49.9, ""error"": 7.646075500000098}], [{""pair"": [0, 15, 2, 0], ""acc"": 1.0, ""vel"": 24.08, ""pos"": 43.5, ""error"": 1.3079244999998956}], [{""pair"": [1, 15, 0, 0], ""acc"": -24.6, ""vel"": 24.72, ""pos"": 43.5, ""error"": 0.667924499999895}], [{""pair"": [1, 15, 1, 0], ""acc"": -24.6, ""vel"": 23.44, ""pos"": 49.9, ""error"": 8.286075500000095}], [{""pair"": [1, 15, 2, 0], ""acc"": -24.6, ""vel"": 23.44, ""pos"": 43.5, ""error"": 1.9479244999998926}], [{""pair"": [2, 15, 0, 0], ""acc"": -24.6, ""vel"": 25.36, ""pos"": 40.3, ""error"": 3.2339244999999046}], [{""pair"": [2, 15, 1, 0], ""acc"": -24.6, ""vel"": 24.08, ""pos"": 46.7, ""error"": 4.446075500000102}], [{""pair"": [2, 15, 2, 0], ""acc"": -24.6, ""vel"": 24.08, ""pos"": 40.3, ""error"": 4.507924499999898}], [{""pair"": [3, 15, 0, 0], ""acc"": -24.6, ""vel"": 25.36, ""pos"": 43.5, ""error"": 0.03392449999990177}], [{""pair"": [3, 15, 1, 0], ""acc"": -24.6, ""vel"": 24.08, ""pos"": 49.9, ""error"": 7.646075500000098}], [{""pair"": [3, 15, 2, 0], ""acc"": -24.6, ""vel"": 24.08, ""pos"": 43.5, ""error"": 1.3079244999998956}]]"
0.9,25.37,44.0,0.9,25.36,146.4,0.9,25.37,44.0,3,"[{""pair"": [1, 4, 1, 9], ""acc"": 0.9, ""vel"": 25.37, ""pos"": 44.0, ""error"": 0.10011199999951614}]","[[{""pair"": [3, 4, 0, 9], ""acc"": 1.3, ""vel"": 25.36, ""pos"": 146.4, ""error"": 102.51011199999952}], [{""pair"": [3, 4, 1, 9], ""acc"": 0.9, ""vel"": 25.37, ""pos"": 146.4, ""error"": 102.50011199999952}], [{""pair"": [3, 4, 2, 9], ""acc"": 0.9, ""vel"": 25.36, ""pos"": 146.4, ""error"": 102.51011199999952}], [{""pair"": [0, 4, 0, 9], ""acc"": 1.3, ""vel"": 4.88, ""pos"": 146.4, ""error"": 122.99011199999953}], [{""pair"": [0, 4, 1, 9], ""acc"": 0.9, ""vel"": 4.89, ""pos"": 146.4, ""error"": 122.98011199999952}], [{""pair"": [0, 4, 2, 9], ""acc"": 0.9, ""vel"": 4.88, ""pos"": 146.4, ""error"": 122.99011199999953}], [{""pair"": [1, 4, 0, 9], ""acc"": 1.3, ""vel"": 25.36, ""pos"": 44.0, ""error"": 0.1101119999995177}], [{""pair"": [1, 4, 1, 9], ""acc"": 0.9, ""vel"": 25.37, ""pos"": 44.0, ""error"": 0.10011199999951614}], [{""pair"": [1, 4, 2, 9], ""acc"": 0.9, ""vel"": 25.36, ""pos"": 44.0, ""error"": 0.1101119999995177}]]"
0.9,25.39,44.400000000000006,0.9,24.11,95.6,0.9,25.39,44.4,3,"[{""pair"": [0, 0, 1, 3], ""acc"": 0.9, ""vel"": 25.39, ""pos"": 44.4, ""error"": 0.4737001999997865}]","[[{""pair"": [0, 0, 1, 3], ""acc"": 0.9, ""vel"": 25.39, ""pos"": 44.4, ""error"": 0.4737001999997865}], [{""pair"": [0, 0, 2, 3], ""acc"": 0.9, ""vel"": 25.39, ""pos"": 95.6, ""error"": 50.7474998000002}], [{""pair"": [1, 0, 1, 3], ""acc"": 0.9, ""vel"": 24.11, ""pos"": 50.8, ""error"": 7.227499800000199}], [{""pair"": [1, 0, 2, 3], ""acc"": 0.9, ""vel"": 24.11, ""pos"": 102.0, ""error"": 58.427499800000206}], [{""pair"": [2, 0, 1, 3], ""acc"": 0.9, ""vel"": 24.11, ""pos"": 44.4, ""error"": 1.7537001999997877}], [{""pair"": [2, 0, 2, 3], ""acc"": 0.9, ""vel"": 24.11, ""pos"": 95.6, ""error"": 52.0274998000002}]]"
0.9,25.42,45.2,0.9,25.42,45.2,0.9,25.4,45.2,3,"[{""pair"": [2, 5, 1, 10], ""acc"": 0.9, ""vel"": 25.4, ""pos"": 45.2, ""error"": 0.3980447999995249}]","[[{""pair"": [3, 10, 0, 5], ""acc"": 0.9, ""vel"": 66.38, ""pos"": 45.2, ""error"": 41.369244799999485}], [{""pair"": [3, 10, 1, 5], ""acc"": 0.9, ""vel"": 25.42, ""pos"": 250.0, ""error"": 205.20924479999948}], [{""pair"": [3, 10, 2, 5], ""acc"": 0.9, ""vel"": 25.42, ""pos"": 45.2, ""error"": 0.4092447999994917}], [{""pair"": [0, 5, 0, 10], ""acc"": 0.1, ""vel"": 66.38, ""pos"": 45.2, ""error"": 41.369244799999485}], [{""pair"": [0, 5, 1, 10], ""acc"": 0.9, ""vel"": 66.36, ""pos"": 45.2, ""error"": 41.34924479999949}], [{""pair"": [1, 5, 0, 10], ""acc"": 0.1, ""vel"": 25.42, ""pos"": 250.0, ""error"": 205.20924479999948}], [{""pair"": [1, 5, 1, 10], ""acc"": 0.9, ""vel"": 25.4, ""pos"": 250.0, ""error"": 205.19804479999954}], [{""pair"": [2, 5, 0, 10], ""acc"": 0.1, ""vel"": 25.42, ""pos"": 45.2, ""error"": 0.4092447999994917}], [{""pair"": [2, 5, 1, 10], ""acc"": 0.9, ""vel"": 25.4, ""pos"": 45.2, ""error"": 0.3980447999995249}]]"
0.9,25.43,45.6,0.9,65.75,45.6,0.9,25.43,45.6,3,"[{""pair"": [0, 5, 1, 15], ""acc"": 0.9, ""vel"": 25.43, ""pos"": 45.6, ""error"": 0.046630049999905054}]","[[{""pair"": [3, 5, 3, 15], ""acc"": 0.9, ""vel"": 65.75, ""pos"": 45.6, ""error"": 40.366630049999905}], [{""pair"": [3, 5, 0, 15], ""acc"": -24.7, ""vel"": 65.75, ""pos"": 45.6, ""error"": 40.366630049999905}], [{""pair"": [3, 5, 1, 15], ""acc"": 0.9, ""vel"": 66.39, ""pos"": 45.6, ""error"": 41.006630049999906}], [{""pair"": [3, 5, 2, 15], ""acc"": 0.9, ""vel"": 65.75, ""pos"": 48.8, ""error"": 43.5027699500001}], [{""pair"": [3, 15, 0, 5], ""acc"": 0.9, ""vel"": 24.79, ""pos"": 45.6, ""error"": 0.657230049999896}], [{""pair"": [3, 15, 2, 5], ""acc"": 0.9, ""vel"": 65.75, ""pos"": 45.6, ""error"": 40.366630049999905}], [{""pair"": [0, 5, 0, 15], ""acc"": -24.7, ""vel"": 24.79, ""pos"": 45.6, ""error"": 0.657230049999896}], [{""pair"": [0, 5, 1, 15], ""acc"": 0.9, ""vel"": 25.43, ""pos"": 45.6, ""error"": 0.046630049999905054}], [{""pair"": [0, 5, 2, 15], ""acc"": 0.9, ""vel"": 24.79, ""pos"": 48.8, ""error"": 3.7933699500000913}], [{""pair"": [2, 5, 0, 15], ""acc"": -24.7, ""vel"": 65.75, ""pos"": 45.6, ""error"": 40.366630049999905}], [{""pair"": [2, 5, 1, 15], ""acc"": 0.9, ""vel"": 66.39, ""pos"": 45.6, ""error"": 41.006630049999906}], [{""pair"": [2, 5, 2, 15], ""acc"": 0.9, ""vel"": 65.75, ""pos"": 48.8, ""error"": 43.5027699500001}]]"
0.9,25.44,46.1,0.9,25.45,46.1,0.9,25.44,46.1,3,"[{""pair"": [3, 3, 1, 9], ""acc"": 0.9, ""vel"": 25.44, ""pos"": 46.1, ""error"": 0.3593800500004072}]","[[{""pair"": [3, 3, 1, 9], ""acc"": 0.9, ""vel"": 25.44, ""pos"": 46.1, ""error"": 0.3593800500004072}], [{""pair"": [0, 3, 1, 9], ""acc"": 0.9, ""vel"": 35.68, ""pos"": 46.1, ""error"": 10.559980050000384}], [{""pair"": [1, 3, 1, 9], ""acc"": 0.9, ""vel"": 25.44, ""pos"": 97.3, ""error"": 50.88001994999961}], [{""pair"": [2, 3, 1, 9], ""acc"": 0.9, ""vel"": 25.44, ""pos"": 46.1, ""error"": 0.3593800500004072}]]"
0.8,25.47,46.900000000000006,0.8,35.71,46.9,0.8,25.47,46.9,3,"[{""pair"": [3, 2, 0, 3], ""acc"": 0.8, ""vel"": 25.47, ""pos"": 46.9, ""error"": 0.38208995000009693}]","[[{""pair"": [3, 2, 0, 3], ""acc"": 0.8, ""vel"": 25.47, ""pos"": 46.9, ""error"": 0.38208995000009693}], [{""pair"": [3, 2, 2, 3], ""acc"": 0.8, ""vel"": 35.71, ""pos"": 46.9, ""error"": 10.622089950000099}], [{""pair"": [0, 1, 1, 1], ""acc"": 0.8, ""vel"": 33.15, ""pos"": 34.1, ""error"": 20.127310049999902}], [{""pair"": [1, 1, 0, 1], ""acc"": 0.8, ""vel"": 33.15, ""pos"": 34.1, ""error"": 20.127310049999902}], [{""pair"": [0, 2, 0, 3], ""acc"": 0.8, ""vel"": 30.59, ""pos"": 46.9, ""error"": 5.502089950000098}], [{""pair"": [0, 2, 2, 3], ""acc"": 0.8, ""vel"": 40.83, ""pos"": 46.9, ""error"": 15.742089950000096}], [{""pair"": [2, 2, 0, 3], ""acc"": 0.8, ""vel"": 25.47, ""pos"": 46.9, ""error"": 0.38208995000009693}], [{""pair"": [2, 2, 2, 3], ""acc"": 0.8, ""vel"": 35.71, ""pos"": 46.9, ""error"": 10.622089950000099}]]"
0.8,25.48,47.3,0.8,25.48,47.3,0.8,25.48,47.3,3,"[{""pair"": [3, 7, 3, 12], ""acc"": 0.8, ""vel"": 25.48, ""pos"": 47.3, ""error"": 0.036705599999894645}]","[[{""pair"": [3, 7, 3, 12], ""acc"": 0.8, ""vel"": 25.48, ""pos"": 47.3, ""error"": 0.036705599999894645}], [{""pair"": [3, 7, 0, 12], ""acc"": 4.0, ""vel"": 25.48, ""pos"": 47.3, ""error"": 0.036705599999894645}], [{""pair"": [3, 7, 1, 12], ""acc"": 0.8, ""vel"": 25.56, ""pos"": 47.3, ""error"": 0.10950559999990261}], [{""pair"": [3, 7, 2, 12], ""acc"": 0.8, ""vel"": 25.48, ""pos"": 47.7, ""error"": 0.37049440000010136}], [{""pair"": [3, 12, 2, 7], ""acc"": 0.8, ""vel"": 25.48, ""pos"": 47.3, ""error"": 0.036705599999894645}], [{""pair"": [2, 7, 0, 12], ""acc"": 4.0, ""vel"": 25.48, ""pos"": 47.3, ""error"": 0.036705599999894645}], [{""pair"": [2, 7, 1, 12], ""acc"": 0.8, ""vel"": 25.56, ""pos"": 47.3, ""error"": 0.10950559999990261}], [{""pair"": [2, 7, 2, 12], ""acc"": 0.8, ""vel"": 25.48, ""pos"": 47.7, ""error"": 0.37049440000010136}]]"
0.8,25.5,47.8,1.0,25.5,47.8,0.8,25.5,47.8,3,"[{""pair"": [3, 9, 0, 8], ""acc"": 0.8, ""vel"": 25.5, ""pos"": 47.8, ""error"": 0.3476755999989116}]","[[{""pair"": [3, 9, 0, 8], ""acc"": 0.8, ""vel"": 25.5, ""pos"": 47.8, ""error"": 0.3476755999989116}], [{""pair"": [3, 8, 0, 10], ""acc"": 0.2, ""vel"": 25.5, ""pos"": 47.8, ""error"": 0.3476755999989116}], [{""pair"": [3, 8, 1, 10], ""acc"": 1.0, ""vel"": 25.48, ""pos"": 47.8, ""error"": 0.3676755999989112}], [{""pair"": [1, 8, 0, 10], ""acc"": 0.2, ""vel"": 25.5, ""pos"": 1686.2, ""error"": 1638.0651244000012}], [{""pair"": [1, 8, 1, 10], ""acc"": 1.0, ""vel"": 25.48, ""pos"": 1686.2, ""error"": 1638.0851244000012}], [{""pair"": [2, 8, 0, 10], ""acc"": 0.2, ""vel"": 25.5, ""pos"": 47.8, ""error"": 0.3476755999989116}], [{""pair"": [2, 8, 1, 10], ""acc"": 1.0, ""vel"": 25.48, ""pos"": 47.8, ""error"": 0.3676755999989112}]]"
0.7000000000000001,25.52,48.6,0.7,5.04,48.6,0.8,25.53,48.6,0,"[{""pair"": [0, 0, 0, 0], ""acc"": 0.8, ""vel"": 25.53, ""pos"": 48.6, ""error"": 0}]",[]
0.7000000000000001,25.54,49.5,0.7,66.51,49.5,0.3,25.55,49.5,1,"[{""pair"": [0, 5, 0, 9], ""acc"": 0.3, ""vel"": 25.55, ""pos"": 49.5, ""error"": 0.03871760000020785}, {""pair"": [0, 5, 1, 9], ""acc"": 0.7, ""vel"": 25.54, ""pos"": 49.5, ""error"": 0.048717600000209416}, {""pair"": [3, 5, 1, 9], ""acc"": 0.7, ""vel"": 66.5, ""pos"": 49.5, ""error"": 40.97431760000022}, {""pair"": [3, 5, 0, 9], ""acc"": 0.3, ""vel"": 66.51, ""pos"": 49.5, ""error"": 40.984317600000225}]","[[{""pair"": [3, 5, 0, 9], ""acc"": 0.3, ""vel"": 66.51, ""pos"": 49.5, ""error"": 40.984317600000225}], [{""pair"": [3, 5, 1, 9], ""acc"": 0.7, ""vel"": 66.5, ""pos"": 49.5, ""error"": 40.97431760000022}], [{""pair"": [0, 5, 0, 9], ""acc"": 0.3, ""vel"": 25.55, ""pos"": 49.5, ""error"": 0.03871760000020785}], [{""pair"": [0, 5, 1, 9], ""acc"": 0.7, ""vel"": 25.54, ""pos"": 49.5, ""error"": 0.048717600000209416}], [{""pair"": [2, 5, 0, 9], ""acc"": 0.3, ""vel"": 66.51, ""pos"": 49.5, ""error"": 40.984317600000225}], [{""pair"": [2, 5, 1, 9], ""acc"": 0.7, ""vel"": 66.5, ""pos"": 49.5, ""error"": 40.97431760000022}]]"
0.7000000000000001,25.57,50.3,0.7,25.49,50.3,0.7,25.57,50.3,2,"[{""pair"": [3, 6, 1, 12], ""acc"": 0.7, ""vel"": 25.57, ""pos"": 50.3, ""error"": 0.4063615999994923}, {""pair"": [3, 6, 3, 12], ""acc"": 0.7, ""vel"": 25.49, ""pos"": 50.3, ""error"": 0.45247039999950545}, {""pair"": [3, 6, 0, 12], ""acc"": 3.9, ""vel"": 25.49, ""pos"": 50.3, ""error"": 0.45247039999950545}, {""pair"": [3, 12, 0, 6], ""acc"": 0.7, ""vel"": 107.41, ""pos"": 50.3, ""error"": 41.159398400001294}, {""pair"": [0, 6, 0, 12], ""acc"": 3.9, ""vel"": 107.41, ""pos"": 50.3, ""error"": 41.159398400001294}, {""pair"": [0, 6, 1, 12], ""acc"": 0.7, ""vel"": 107.49, ""pos"": 50.3, ""error"": 41.23939840000129}, {""pair"": [1, 6, 1, 12], ""acc"": 0.7, ""vel"": 25.57, ""pos"": 459.9, ""error"": 410.0063615999995}, {""pair"": [3, 12, 1, 6], ""acc"": 0.7, ""vel"": 25.49, ""pos"": 459.9, ""error"": 410.0524703999995}, {""pair"": [1, 6, 0, 12], ""acc"": 3.9, ""vel"": 25.49, ""pos"": 459.9, ""error"": 410.0524703999995}]","[[{""pair"": [3, 6, 3, 12], ""acc"": 0.7, ""vel"": 25.49, ""pos"": 50.3, ""error"": 0.45596159999950814}, {""pair"": [3, 6, 3, 12], ""acc"": 0.7, ""vel"": 25.49, ""pos"": 50.3, ""error"": 0.45247039999950545}, {""pair"": [3, 6, 3, 12], ""acc"": 0.7, ""vel"": 25.49, ""pos"": 50.3, ""error"": 41.28528960000133}, {""pair"": [3, 6, 3, 12], ""acc"": 0.7, ""vel"": 25.49, ""pos"": 50.3, ""error"": 41.28899840000132}], [{""pair"": [3, 6, 0, 12], ""acc"": 3.9, ""vel"": 25.49, ""pos"": 50.3, ""error"": 0.45596159999950814}, {""pair"": [3, 6, 0, 12], ""acc"": 3.9, ""vel"": 25.49, ""pos"": 50.3, ""error"": 0.45247039999950545}, {""pair"": [3, 6, 0, 12], ""acc"": 3.9, ""vel"": 25.49, ""pos"": 50.3, ""error"": 41.28528960000133}, {""pair"": [3, 6, 0, 12], ""acc"": 3.9, ""vel"": 25.49, ""pos"": 50.3, ""error"": 41.28899840000132}], [{""pair"": [3, 6, 1, 12], ""acc"": 0.7, ""vel"": 25.57, ""pos"": 50.3, ""error"": 0.4063615999994923}, {""pair"": [3, 6, 1, 12], ""acc"": 0.7, ""vel"": 25.57, ""pos"": 50.3, ""error"": 0.4100703999994799}, {""pair"": [3, 6, 1, 12], ""acc"": 0.7, ""vel"": 25.57, ""pos"": 50.3, ""error"": 41.20528960000132}, {""pair"": [3, 6, 1, 12], ""acc"": 0.7, ""vel"": 25.57, ""pos"": 50.3, ""error"": 41.20899840000131}], [{""pair"": [3, 12, 0, 6], ""acc"": 0.7, ""vel"": 107.41, ""pos"": 50.3, ""error"": 82.24636159999949}, {""pair"": [3, 12, 0, 6], ""acc"": 0.7, ""vel"": 107.41, ""pos"": 50.3, ""error"": 82.25007039999949}, {""pair"": [3, 12, 0, 6], ""acc"": 0.7, ""vel"": 107.41, ""pos"": 50.3, ""error"": 41.162889600001286}, {""pair"": [3, 12, 0, 6], ""acc"": 0.7, ""vel"": 107.41, ""pos"": 50.3, ""error"": 41.159398400001294}], [{""pair"": [3, 12, 1, 6], ""acc"": 0.7, ""vel"": 25.49, ""pos"": 459.9, ""error"": 410.0559615999995}, {""pair"": [3, 12, 1, 6], ""acc"": 0.7, ""vel"": 25.49, ""pos"": 459.9, ""error"": 410.0524703999995}, {""pair"": [3, 12, 1, 6], ""acc"": 0.7, ""vel"": 25.49, ""pos"": 459.9, ""error"": 450.3571103999987}, {""pair"": [3, 12, 1, 6], ""acc"": 0.7, ""vel"": 25.49, ""pos"": 459.9, ""error"": 450.3606015999987}], [{""pair"": [3, 12, 2, 6], ""acc"": 0.7, ""vel"": 25.49, ""pos"": 50.3, ""error"": 0.45596159999950814}, {""pair"": [3, 12, 2, 6], ""acc"": 0.7, ""vel"": 25.49, ""pos"": 50.3, ""error"": 0.45247039999950545}, {""pair"": [3, 12, 2, 6], ""acc"": 0.7, ""vel"": 25.49, ""pos"": 50.3, ""error"": 41.28528960000133}, {""pair"": [3, 12, 2, 6], ""acc"": 0.7, ""vel"": 25.49, ""pos"": 50.3, ""error"": 41.28899840000132}], [{""pair"": [0, 6, 0, 12], ""acc"": 3.9, ""vel"": 107.41, ""pos"": 50.3, ""error"": 82.24636159999949}, {""pair"": [0, 6, 0, 12], ""acc"": 3.9, ""vel"": 107.41, ""pos"": 50.3, ""error"": 82.25007039999949}, {""pair"": [0, 6, 0, 12], ""acc"": 3.9, ""vel"": 107.41, ""pos"": 50.3, ""error"": 41.162889600001286}, {""pair"": [0, 6, 0, 12], ""acc"": 3.9, ""vel"": 107.41, ""pos"": 50.3, ""error"": 41.159398400001294}], [{""pair"": [0, 6, 1, 12], ""acc"": 0.7, ""vel"": 107.49, ""pos"": 50.3, ""error"": 82.32636159999947}, {""pair"": [0, 6, 1, 12], ""acc"": 0.7, ""vel"": 107.49, ""pos"": 50.3, ""error"": 82.33007039999947}, {""pair"": [0, 6, 1, 12], ""acc"": 0.7, ""vel"": 107.49, ""pos"": 50.3, ""error"": 41.242889600001284}, {""pair"": [0, 6, 1, 12], ""acc"": 0.7, ""vel"": 107.49, ""pos"": 50.3, ""error"": 41.23939840000129}], [{""pair"": [1, 6, 0, 12], ""acc"": 3.9, ""vel"": 25.49, ""pos"": 459.9, ""error"": 410.0559615999995}, {""pair"": [1, 6, 0, 12], ""acc"": 3.9, ""vel"": 25.49, ""pos"": 459.9, ""error"": 410.0524703999995}, {""pair"": [1, 6, 0, 12], ""acc"": 3.9, ""vel"": 25.49, ""pos"": 459.9, ""error"": 450.3571103999987}, {""pair"": [1, 6, 0, 12], ""acc"": 3.9, ""vel"": 25.49, ""pos"": 459.9, ""error"": 450.3606015999987}], [{""pair"": [1, 6, 1, 12], ""acc"": 0.7, ""vel"": 25.57, ""pos"": 459.9, ""error"": 410.0063615999995}, {""pair"": [1, 6, 1, 12], ""acc"": 0.7, ""vel"": 25.57, ""pos"": 459.9, ""error"": 410.01007039999945}, {""pair"": [1, 6, 1, 12], ""acc"": 0.7, ""vel"": 25.57, ""pos"": 459.9, ""error"": 450.2771103999987}, {""pair"": [1, 6, 1, 12], ""acc"": 0.7, ""vel"": 25.57, ""pos"": 459.9, ""error"": 450.28060159999865}], [{""pair"": [2, 6, 0, 12], ""acc"": 3.9, ""vel"": 25.49, ""pos"": 50.3, ""error"": 0.45596159999950814}, {""pair"": [2, 6, 0, 12], ""acc"": 3.9, ""vel"": 25.49, ""pos"": 50.3, ""error"": 0.45247039999950545}, {""pair"": [2, 6, 0, 12], ""acc"": 3.9, ""vel"": 25.49, ""pos"": 50.3, ""error"": 41.28528960000133}, {""pair"": [2, 6, 0, 12], ""acc"": 3.9, ""vel"": 25.49, ""pos"": 50.3, ""error"": 41.28899840000132}], [{""pair"": [2, 6, 1, 12], ""acc"": 0.7, ""vel"": 25.57, ""pos"": 50.3, ""error"": 0.4063615999994923}, {""pair"": [2, 6, 1, 12], ""acc"": 0.7, ""vel"": 25.57, ""pos"": 50.3, ""error"": 0.4100703999994799}, {""pair"": [2, 6, 1, 12], ""acc"": 0.7, ""vel"": 25.57, ""pos"": 50.3, ""error"": 41.20528960000132}, {""pair"": [2, 6, 1, 12], ""acc"": 0.7, ""vel"": 25.57, ""pos"": 50.3, ""error"": 41.20899840000131}]]"
0.7000000000000001,25.58,50.7,0.7,30.7,50.7,0.7,25.58,50.7,3,"[{""pair"": [3, 7, 0, 2], ""acc"": 0.7, ""vel"": 25.58, ""pos"": 50.7, ""error"": 0.036691149999889205}]","[[{""pair"": [3, 7, 0, 2], ""acc"": 0.7, ""vel"": 25.58, ""pos"": 50.7, ""error"": 0.036691149999889205}, {""pair"": [3, 7, 0, 2], ""acc"": 0.7, ""vel"": 25.58, ""pos"": 50.7, ""error"": 0.11153114999989455}, {""pair"": [3, 7, 0, 2], ""acc"": 0.7, ""vel"": 25.58, ""pos"": 50.7, ""error"": 0.057593549999911176}, {""pair"": [3, 7, 0, 2], ""acc"": 0.7, ""vel"": 25.58, ""pos"": 50.7, ""error"": 83.26797114999954}, {""pair"": [3, 7, 0, 2], ""acc"": 0.7, ""vel"": 25.58, ""pos"": 50.7, ""error"": 83.32283354999953}, {""pair"": [3, 7, 0, 2], ""acc"": 0.7, ""vel"": 25.58, ""pos"": 50.7, ""error"": 83.34933114999956}, {""pair"": [3, 7, 0, 2], ""acc"": 0.7, ""vel"": 25.58, ""pos"": 50.7, ""error"": 409.6366911499998}, {""pair"": [3, 7, 0, 2], ""acc"": 0.7, ""vel"": 25.58, ""pos"": 50.7, ""error"": 409.71153114999987}, {""pair"": [3, 7, 0, 2], ""acc"": 0.7, ""vel"": 25.58, ""pos"": 50.7, ""error"": 409.6575935499999}], [{""pair"": [3, 7, 1, 2], ""acc"": 0.7, ""vel"": 30.7, ""pos"": 25.1, ""error"": 30.752891149999893}, {""pair"": [3, 7, 1, 2], ""acc"": 0.7, ""vel"": 30.7, ""pos"": 25.1, ""error"": 30.831531149999897}, {""pair"": [3, 7, 1, 2], ""acc"": 0.7, ""vel"": 30.7, ""pos"": 25.1, ""error"": 30.777593549999914}, {""pair"": [3, 7, 1, 2], ""acc"": 0.7, ""vel"": 30.7, ""pos"": 25.1, ""error"": 103.74797114999954}, {""pair"": [3, 7, 1, 2], ""acc"": 0.7, ""vel"": 30.7, ""pos"": 25.1, ""error"": 103.80283354999953}, {""pair"": [3, 7, 1, 2], ""acc"": 0.7, ""vel"": 30.7, ""pos"": 25.1, ""error"": 103.82933114999955}, {""pair"": [3, 7, 1, 2], ""acc"": 0.7, ""vel"": 30.7, ""pos"": 25.1, ""error"": 440.35289114999983}, {""pair"": [3, 7, 1, 2], ""acc"": 0.7, ""vel"": 30.7, ""pos"": 25.1, ""error"": 440.43153114999984}, {""pair"": [3, 7, 1, 2], ""acc"": 0.7, ""vel"": 30.7, ""pos"": 25.1, ""error"": 440.37759354999986}], [{""pair"": [0, 2, 0, 7], ""acc"": 0.6, ""vel"": 25.58, ""pos"": 50.7, ""error"": 0.036691149999889205}, {""pair"": [0, 2, 0, 7], ""acc"": 0.6, ""vel"": 25.58, ""pos"": 50.7, ""error"": 0.11153114999989455}, {""pair"": [0, 2, 0, 7], ""acc"": 0.6, ""vel"": 25.58, ""pos"": 50.7, ""error"": 0.057593549999911176}, {""pair"": [0, 2, 0, 7], ""acc"": 0.6, ""vel"": 25.58, ""pos"": 50.7, ""error"": 83.26797114999954}, {""pair"": [0, 2, 0, 7], ""acc"": 0.6, ""vel"": 25.58, ""pos"": 50.7, ""error"": 83.32283354999953}, {""pair"": [0, 2, 0, 7], ""acc"": 0.6, ""vel"": 25.58, ""pos"": 50.7, ""error"": 83.34933114999956}, {""pair"": [0, 2, 0, 7], ""acc"": 0.6, ""vel"": 25.58, ""pos"": 50.7, ""error"": 409.6366911499998}, {""pair"": [0, 2, 0, 7], ""acc"": 0.6, ""vel"": 25.58, ""pos"": 50.7, ""error"": 409.71153114999987}, {""pair"": [0, 2, 0, 7], ""acc"": 0.6, ""vel"": 25.58, ""pos"": 50.7, ""error"": 409.6575935499999}], [{""pair"": [1, 2, 0, 7], ""acc"": 0.6, ""vel"": 30.7, ""pos"": 25.1, ""error"": 30.752891149999893}, {""pair"": [1, 2, 0, 7], ""acc"": 0.6, ""vel"": 30.7, ""pos"": 25.1, ""error"": 30.831531149999897}, {""pair"": [1, 2, 0, 7], ""acc"": 0.6, ""vel"": 30.7, ""pos"": 25.1, ""error"": 30.777593549999914}, {""pair"": [1, 2, 0, 7], ""acc"": 0.6, ""vel"": 30.7, ""pos"": 25.1, ""error"": 103.74797114999954}, {""pair"": [1, 2, 0, 7], ""acc"": 0.6, ""vel"": 30.7, ""pos"": 25.1, ""error"": 103.80283354999953}, {""pair"": [1, 2, 0, 7], ""acc"": 0.6, ""vel"": 30.7, ""pos"": 25.1, ""error"": 103.82933114999955}, {""pair"": [1, 2, 0, 7], ""acc"": 0.6, ""vel"": 30.7, ""pos"": 25.1, ""error"": 440.35289114999983}, {""pair"": [1, 2, 0, 7], ""acc"": 0.6, ""vel"": 30.7, ""pos"": 25.1, ""error"": 440.43153114999984}, {""pair"": [1, 2, 0, 7], ""acc"": 0.6, ""vel"": 30.7, ""pos"": 25.1, ""error"": 440.37759354999986}]]"
0.7000000000000001,25.59,51.2,0.7,24.95,1689.6,0.7,25.59,51.2,3,"[{""pair"": [1, 8, 1, 15], ""acc"": 0.7, ""vel"": 25.59, ""pos"": 51.2, ""error"": 0.06693885000010269}]","[[{""pair"": [3, 8, 3, 15], ""acc"": 0.7, ""vel"": 24.95, ""pos"": 1689.6, ""error"": 1639.10693885}], [{""pair"": [3, 8, 0, 15], ""acc"": -24.9, ""vel"": 24.95, ""pos"": 1689.6, ""error"": 1639.10693885}], [{""pair"": [3, 8, 1, 15], ""acc"": 0.7, ""vel"": 25.59, ""pos"": 1689.6, ""error"": 1638.46693885}], [{""pair"": [3, 8, 2, 15], ""acc"": 0.7, ""vel"": 24.95, ""pos"": 1692.8, ""error"": 1642.30693885}], [{""pair"": [3, 15, 0, 8], ""acc"": 0.5, ""vel"": 24.95, ""pos"": 1689.6, ""error"": 1639.10693885}], [{""pair"": [3, 15, 1, 8], ""acc"": 0.7, ""vel"": 24.95, ""pos"": 51.2, ""error"": 0.7069388500001033}], [{""pair"": [0, 8, 0, 15], ""acc"": -25.1, ""vel"": 24.95, ""pos"": 1689.6, ""error"": 1639.10693885}], [{""pair"": [0, 8, 1, 15], ""acc"": 0.5, ""vel"": 25.59, ""pos"": 1689.6, ""error"": 1638.46693885}], [{""pair"": [0, 8, 2, 15], ""acc"": 0.5, ""vel"": 24.95, ""pos"": 1692.8, ""error"": 1642.30693885}], [{""pair"": [1, 8, 0, 15], ""acc"": -24.9, ""vel"": 24.95, ""pos"": 51.2, ""error"": 0.7069388500001033}], [{""pair"": [1, 8, 1, 15], ""acc"": 0.7, ""vel"": 25.59, ""pos"": 51.2, ""error"": 0.06693885000010269}], [{""pair"": [1, 8, 2, 15], ""acc"": 0.7, ""vel"": 24.95, ""pos"": 54.4, ""error"": 3.906938850000099}]]"
0.7000000000000001,25.6,51.6,0.7,26.24,51.6,0.7,25.6,51.6,3,"[{""pair"": [1, 15, 2, 9], ""acc"": 0.7, ""vel"": 25.6, ""pos"": 51.6, ""error"": 0.45795115000041164}]","[[{""pair"": [1, 15, 0, 9], ""acc"": 0.3, ""vel"": 25.6, ""pos"": 51.6, ""error"": 0.45795115000041164}], [{""pair"": [1, 15, 2, 9], ""acc"": 0.7, ""vel"": 25.6, ""pos"": 51.6, ""error"": 0.45795115000041164}]]"
0.7000000000000001,25.63,52.400000000000006,0.7,25.62,52.4,0.7,25.62,52.4,3,"[{""pair"": [3, 7, 2, 8], ""acc"": 0.7, ""vel"": 25.62, ""pos"": 52.4, ""error"": 0.04828115000041322}]","[[{""pair"": [3, 7, 1, 8], ""acc"": 0.7, ""vel"": 25.62, ""pos"": 1690.8, ""error"": 1638.3579188499994}], [{""pair"": [3, 7, 2, 8], ""acc"": 0.7, ""vel"": 25.62, ""pos"": 52.4, ""error"": 0.04828115000041322}], [{""pair"": [0, 7, 1, 9], ""acc"": 0.6, ""vel"": 25.63, ""pos"": 52.4, ""error"": 0.05208115000039015}], [{""pair"": [0, 7, 2, 9], ""acc"": 0.6, ""vel"": 25.62, ""pos"": 52.4, ""error"": 0.04828115000041322}], [{""pair"": [1, 7, 1, 8], ""acc"": 0.7, ""vel"": 25.62, ""pos"": 2510.0, ""error"": 2457.5579188499996}], [{""pair"": [1, 7, 2, 8], ""acc"": 0.7, ""vel"": 25.62, ""pos"": 871.6, ""error"": 819.1579188499996}], [{""pair"": [2, 7, 1, 9], ""acc"": 0.7, ""vel"": 25.63, ""pos"": 52.4, ""error"": 0.05208115000039015}], [{""pair"": [2, 7, 2, 9], ""acc"": 0.7, ""vel"": 25.62, ""pos"": 52.4, ""error"": 0.04828115000041322}]]"
0.7000000000000001,25.65,53.3,0.7,26.29,53.3,0.7,25.65,53.3,3,"[{""pair"": [3, 7, 1, 15], ""acc"": 0.7, ""vel"": 25.65, ""pos"": 53.3, ""error"": 0.48245885000010347}]","[[{""pair"": [3, 7, 3, 15], ""acc"": 0.7, ""vel"": 26.29, ""pos"": 53.3, ""error"": 1.122458850000104}], [{""pair"": [3, 7, 1, 15], ""acc"": 0.7, ""vel"": 25.65, ""pos"": 53.3, ""error"": 0.48245885000010347}], [{""pair"": [3, 15, 0, 7], ""acc"": 0.6, ""vel"": 26.29, ""pos"": 53.3, ""error"": 1.122458850000104}], [{""pair"": [0, 7, 1, 15], ""acc"": 0.6, ""vel"": 25.65, ""pos"": 53.3, ""error"": 0.48245885000010347}]]"
0.6000000000000001,25.66,53.7,0.6,25.66,2.5,0.6,25.66,53.7,3,"[{""pair"": [3, 8, 1, 3], ""acc"": 0.6, ""vel"": 25.66, ""pos"": 53.7, ""error"": 0.038051149999883904}]","[[{""pair"": [3, 3, 3, 8], ""acc"": 0.6, ""vel"": 25.66, ""pos"": 2.5, ""error"": 51.23805114999989}], [{""pair"": [3, 3, 0, 8], ""acc"": 0.4, ""vel"": 25.66, ""pos"": 2.5, ""error"": 51.23805114999989}], [{""pair"": [3, 3, 2, 8], ""acc"": 0.6, ""vel"": 25.66, ""pos"": 2.5, ""error"": 51.23805114999989}], [{""pair"": [3, 8, 0, 3], ""acc"": 0.6, ""vel"": 35.9, ""pos"": 2.5, ""error"": 61.474251149999894}], [{""pair"": [3, 8, 1, 3], ""acc"": 0.6, ""vel"": 25.66, ""pos"": 53.7, ""error"": 0.038051149999883904}], [{""pair"": [3, 8, 2, 3], ""acc"": 0.6, ""vel"": 25.66, ""pos"": 2.5, ""error"": 51.23805114999989}], [{""pair"": [0, 3, 0, 8], ""acc"": 0.4, ""vel"": 35.9, ""pos"": 2.5, ""error"": 61.474251149999894}], [{""pair"": [0, 3, 2, 8], ""acc"": 0.6, ""vel"": 35.9, ""pos"": 2.5, ""error"": 61.474251149999894}], [{""pair"": [1, 3, 0, 8], ""acc"": 0.4, ""vel"": 25.66, ""pos"": 53.7, ""error"": 0.038051149999883904}], [{""pair"": [1, 3, 2, 8], ""acc"": 0.6, ""vel"": 25.66, ""pos"": 53.7, ""error"": 0.038051149999883904}], [{""pair"": [2, 3, 0, 8], ""acc"": 0.4, ""vel"": 25.66, ""pos"": 2.5, ""error"": 51.23805114999989}], [{""pair"": [2, 3, 2, 8], ""acc"": 0.6, ""vel"": 25.66, ""pos"": 2.5, ""error"": 51.23805114999989}]]"
0.6000000000000001,25.67,54.2,0.6,25.99,54.2,0.6,25.67,54.2,3,"[{""pair"": [3, 1, 1, 14], ""acc"": 0.6, ""vel"": 25.67, ""pos"": 54.2, ""error"": 0.08976320000097715}]","[[{""pair"": [3, 1, 1, 14], ""acc"": 0.6, ""vel"": 25.67, ""pos"": 54.2, ""error"": 0.08976320000097715}], [{""pair"": [3, 1, 2, 14], ""acc"": 0.6, ""vel"": 25.99, ""pos"": 52.6, ""error"": 1.8310367999990689}], [{""pair"": [2, 1, 1, 14], ""acc"": 0.6, ""vel"": 25.67, ""pos"": 54.2, ""error"": 0.08976320000097715}], [{""pair"": [2, 1, 2, 14], ""acc"": 0.6, ""vel"": 25.99, ""pos"": 52.6, ""error"": 1.8310367999990689}]]"
0.6000000000000001,25.68,54.6,0.2,25.68,54.6,0.6,25.68,54.6,3,"[{""pair"": [3, 11, 0, 9], ""acc"": 0.6, ""vel"": 25.68, ""pos"": 54.6, ""error"": 0.036676699999894424}]","[[{""pair"": [3, 9, 3, 11], ""acc"": 0.2, ""vel"": 25.68, ""pos"": 54.6, ""error"": 0.036676699999894424}], [{""pair"": [3, 9, 2, 11], ""acc"": 0.2, ""vel"": 25.68, ""pos"": 54.4, ""error"": 0.23667669999989727}], [{""pair"": [3, 11, 0, 9], ""acc"": 0.6, ""vel"": 25.68, ""pos"": 54.6, ""error"": 0.036676699999894424}], [{""pair"": [3, 11, 1, 9], ""acc"": 0.2, ""vel"": 25.69, ""pos"": 54.6, ""error"": 0.04627669999989692}], [{""pair"": [3, 11, 2, 9], ""acc"": 0.2, ""vel"": 25.68, ""pos"": 54.6, ""error"": 0.036676699999894424}], [{""pair"": [0, 9, 2, 11], ""acc"": 0.6, ""vel"": 25.68, ""pos"": 54.4, ""error"": 0.23667669999989727}], [{""pair"": [1, 9, 2, 11], ""acc"": 0.2, ""vel"": 25.69, ""pos"": 54.4, ""error"": 0.24627669999989976}], [{""pair"": [2, 9, 2, 11], ""acc"": 0.2, ""vel"": 25.68, ""pos"": 54.4, ""error"": 0.23667669999989727}]]"
0.6000000000000001,25.69,55.0,0.6,25.69,54.8,0.6,25.69,55.0,3,"[{""pair"": [2, 2, 2, 11], ""acc"": 0.6, ""vel"": 25.69, ""pos"": 55.0, ""error"": 0.45756670000040955}]","[[{""pair"": [3, 11, 0, 2], ""acc"": 0.6, ""vel"": 20.57, ""pos"": 54.8, ""error"": 5.777566700000413}], [{""pair"": [3, 11, 2, 2], ""acc"": 0.6, ""vel"": 25.69, ""pos"": 54.8, ""error"": 0.6575667000004124}], [{""pair"": [0, 2, 0, 11], ""acc"": 2.2, ""vel"": 20.57, ""pos"": 54.8, ""error"": 5.777566700000413}], [{""pair"": [0, 2, 1, 11], ""acc"": 0.6, ""vel"": 20.61, ""pos"": 54.8, ""error"": 5.737566700000414}], [{""pair"": [0, 2, 2, 11], ""acc"": 0.6, ""vel"": 20.57, ""pos"": 55.0, ""error"": 5.5775667000004105}], [{""pair"": [2, 2, 0, 11], ""acc"": 2.2, ""vel"": 25.69, ""pos"": 54.8, ""error"": 0.6575667000004124}], [{""pair"": [2, 2, 1, 11], ""acc"": 0.6, ""vel"": 25.73, ""pos"": 54.8, ""error"": 0.6779667000003933}], [{""pair"": [2, 2, 2, 11], ""acc"": 0.6, ""vel"": 25.69, ""pos"": 55.0, ""error"": 0.45756670000040955}]]"
0.6000000000000001,25.71,55.900000000000006,0.6,25.75,55.9,0.6,25.74,55.7,3,"[{""pair"": [1, 9, 2, 11], ""acc"": 0.6, ""vel"": 25.74, ""pos"": 55.7, ""error"": 0.30298330000010765}]","[[{""pair"": [3, 9, 3, 11], ""acc"": 0.6, ""vel"": 25.75, ""pos"": 55.9, ""error"": 0.512983300000105}], [{""pair"": [3, 9, 1, 11], ""acc"": 0.6, ""vel"": 25.71, ""pos"": 55.9, ""error"": 0.4729833000001058}], [{""pair"": [3, 9, 2, 11], ""acc"": 0.6, ""vel"": 25.75, ""pos"": 55.7, ""error"": 0.3129833000001092}], [{""pair"": [3, 11, 0, 9], ""acc"": 0.2, ""vel"": 25.75, ""pos"": 55.9, ""error"": 0.512983300000105}], [{""pair"": [3, 11, 1, 9], ""acc"": 0.6, ""vel"": 25.74, ""pos"": 55.9, ""error"": 0.5029833000001034}], [{""pair"": [3, 11, 2, 9], ""acc"": 0.6, ""vel"": 25.75, ""pos"": 55.9, ""error"": 0.512983300000105}], [{""pair"": [0, 9, 1, 11], ""acc"": 0.2, ""vel"": 25.71, ""pos"": 55.9, ""error"": 0.4729833000001058}], [{""pair"": [0, 9, 2, 11], ""acc"": 0.2, ""vel"": 25.75, ""pos"": 55.7, ""error"": 0.3129833000001092}], [{""pair"": [1, 9, 1, 11], ""acc"": 0.6, ""vel"": 25.7, ""pos"": 55.9, ""error"": 0.4633833000001033}], [{""pair"": [1, 9, 2, 11], ""acc"": 0.6, ""vel"": 25.74, ""pos"": 55.7, ""error"": 0.30298330000010765}], [{""pair"": [2, 9, 1, 11], ""acc"": 0.6, ""vel"": 25.71, ""pos"": 55.9, ""error"": 0.4729833000001058}], [{""pair"": [2, 9, 2, 11], ""acc"": 0.6, ""vel"": 25.75, ""pos"": 55.7, ""error"": 0.3129833000001092}]]"
0.6000000000000001,25.72,56.3,0.4,25.72,56.3,0.6,25.72,56.3,3,"[{""pair"": [3, 1, 0, 8], ""acc"": 0.6, ""vel"": 25.72, ""pos"": 56.3, ""error"": 0.19253330000009683}]","[[{""pair"": [3, 1, 0, 8], ""acc"": 0.6, ""vel"": 25.72, ""pos"": 56.3, ""error"": 0.19253330000009683}], [{""pair"": [3, 1, 1, 8], ""acc"": 0.4, ""vel"": 25.72, ""pos"": 1694.7, ""error"": 1638.5925333}], [{""pair"": [3, 1, 2, 8], ""acc"": 0.4, ""vel"": 25.72, ""pos"": 56.3, ""error"": 0.19253330000009683}], [{""pair"": [2, 1, 0, 8], ""acc"": 0.6, ""vel"": 25.72, ""pos"": 56.3, ""error"": 0.19253330000009683}], [{""pair"": [2, 1, 1, 8], ""acc"": 0.4, ""vel"": 25.72, ""pos"": 1694.7, ""error"": 1638.5925333}], [{""pair"": [2, 1, 2, 8], ""acc"": 0.4, ""vel"": 25.72, ""pos"": 56.3, ""error"": 0.19253330000009683}]]"
0.5,25.73,56.7,0.5,25.73,1695.1,0.5,25.73,56.7,3,"[{""pair"": [3, 5, 1, 8], ""acc"": 0.5, ""vel"": 25.73, ""pos"": 56.7, ""error"": 0.011996800000485308}]","[[{""pair"": [3, 5, 1, 8], ""acc"": 0.5, ""vel"": 25.73, ""pos"": 56.7, ""error"": 0.011996800000485308}], [{""pair"": [2, 5, 1, 8], ""acc"": 0.5, ""vel"": 25.73, ""pos"": 56.7, ""error"": 0.011996800000485308}]]"
0.5,25.73,57.1,0.5,20.61,159.5,0.5,25.73,57.1,3,"[{""pair"": [0, 2, 1, 4], ""acc"": 0.5, ""vel"": 25.73, ""pos"": 57.1, ""error"": 0.045982249999894975}]","[[{""pair"": [3, 2, 3, 3], ""acc"": 0.5, ""vel"": 20.61, ""pos"": 159.5, ""error"": 107.49101775000011}], [{""pair"": [3, 2, 1, 3], ""acc"": 0.5, ""vel"": 20.61, ""pos"": 108.3, ""error"": 56.291017750000094}], [{""pair"": [3, 2, 2, 3], ""acc"": 0.5, ""vel"": 20.61, ""pos"": 159.5, ""error"": 107.49101775000011}], [{""pair"": [3, 3, 2, 2], ""acc"": 0.5, ""vel"": 20.61, ""pos"": 159.5, ""error"": 107.49101775000011}], [{""pair"": [3, 4, 0, 2], ""acc"": 0.5, ""vel"": 25.73, ""pos"": 159.5, ""error"": 102.3710177500001}], [{""pair"": [3, 4, 1, 2], ""acc"": 0.5, ""vel"": 20.61, ""pos"": 185.1, ""error"": 133.0910177500001}], [{""pair"": [0, 2, 0, 4], ""acc"": 0.5, ""vel"": 5.25, ""pos"": 159.5, ""error"": 122.85101775000011}], [{""pair"": [0, 2, 1, 4], ""acc"": 0.5, ""vel"": 25.73, ""pos"": 57.1, ""error"": 0.045982249999894975}], [{""pair"": [0, 2, 2, 4], ""acc"": 0.5, ""vel"": 25.73, ""pos"": 159.5, ""error"": 102.3710177500001}], [{""pair"": [1, 2, 0, 4], ""acc"": 0.5, ""vel"": 0.13, ""pos"": 185.1, ""error"": 153.5710177500001}], [{""pair"": [1, 2, 1, 4], ""acc"": 0.5, ""vel"": 20.61, ""pos"": 82.7, ""error"": 30.691017750000103}], [{""pair"": [1, 2, 2, 4], ""acc"": 0.5, ""vel"": 20.61, ""pos"": 185.1, ""error"": 133.0910177500001}], [{""pair"": [2, 2, 1, 3], ""acc"": 0.5, ""vel"": 20.61, ""pos"": 108.3, ""error"": 56.291017750000094}], [{""pair"": [2, 2, 2, 3], ""acc"": 0.5, ""vel"": 20.61, ""pos"": 159.5, ""error"": 107.49101775000011}]]"
0.4,25.74,57.6,0.4,25.75,160.0,0.4,25.75,57.6,3,"[{""pair"": [3, 9, 1, 4], ""acc"": 0.4, ""vel"": 25.75, ""pos"": 57.6, ""error"": 0.3528622500003884}]","[[{""pair"": [3, 4, 3, 9], ""acc"": 0.4, ""vel"": 25.75, ""pos"": 160.0, ""error"": 102.05413774999958}], [{""pair"": [3, 4, 0, 9], ""acc"": 0.0, ""vel"": 25.75, ""pos"": 160.0, ""error"": 102.05413774999958}], [{""pair"": [3, 4, 1, 9], ""acc"": 0.4, ""vel"": 25.74, ""pos"": 160.0, ""error"": 102.05713774999961}], [{""pair"": [3, 9, 0, 4], ""acc"": 0.4, ""vel"": 5.27, ""pos"": 160.0, ""error"": 122.52713774999961}], [{""pair"": [3, 9, 1, 4], ""acc"": 0.4, ""vel"": 25.75, ""pos"": 57.6, ""error"": 0.3528622500003884}], [{""pair"": [3, 9, 2, 4], ""acc"": 0.4, ""vel"": 25.75, ""pos"": 160.0, ""error"": 102.05413774999958}], [{""pair"": [0, 4, 0, 9], ""acc"": 0.0, ""vel"": 5.27, ""pos"": 160.0, ""error"": 122.52713774999961}], [{""pair"": [0, 4, 1, 9], ""acc"": 0.4, ""vel"": 5.26, ""pos"": 160.0, ""error"": 122.5371377499996}], [{""pair"": [1, 4, 0, 9], ""acc"": 0.0, ""vel"": 25.75, ""pos"": 57.6, ""error"": 0.3528622500003884}], [{""pair"": [1, 4, 1, 9], ""acc"": 0.4, ""vel"": 25.74, ""pos"": 57.6, ""error"": 0.3558622500004063}], [{""pair"": [2, 4, 0, 9], ""acc"": 0.0, ""vel"": 25.75, ""pos"": 160.0, ""error"": 102.05413774999958}], [{""pair"": [2, 4, 1, 9], ""acc"": 0.4, ""vel"": 25.74, ""pos"": 160.0, ""error"": 102.05713774999961}]]"
0.4,25.75,58.400000000000006,0.4,25.75,468.0,0.4,25.75,58.4,3,"[{""pair"": [3, 8, 1, 6], ""acc"": 0.4, ""vel"": 25.75, ""pos"": 58.4, ""error"": 0.36899220000010047}]","[[{""pair"": [3, 8, 1, 6], ""acc"": 0.4, ""vel"": 25.75, ""pos"": 58.4, ""error"": 0.36899220000010047}]]"
0.4,25.76,58.900000000000006,0.4,26.08,58.9,0.4,25.76,58.9,3,"[{""pair"": [3, 6, 1, 14], ""acc"": 0.4, ""vel"": 25.76, ""pos"": 58.9, ""error"": 0.06539220000010815}]","[[{""pair"": [3, 6, 3, 14], ""acc"": 0.4, ""vel"": 26.08, ""pos"": 58.9, ""error"": 0.3853922000001049}], [{""pair"": [3, 6, 1, 14], ""acc"": 0.4, ""vel"": 25.76, ""pos"": 58.9, ""error"": 0.06539220000010815}]]"
0.4,25.77,59.3,0.4,25.77,1697.7,0.4,25.77,59.3,3,"[{""pair"": [3, 2, 1, 8], ""acc"": 0.4, ""vel"": 25.77, ""pos"": 59.3, ""error"": 0.01581120000049907}]","[[{""pair"": [3, 2, 1, 8], ""acc"": 0.4, ""vel"": 25.77, ""pos"": 59.3, ""error"": 0.01581120000049907}], [{""pair"": [0, 2, 1, 8], ""acc"": 0.4, ""vel"": 20.65, ""pos"": 59.3, ""error"": 5.128611200000517}]]"
0.4,25.77,59.7,0.4,25.77,59.7,0.4,25.77,59.7,3,"[{""pair"": [3, 4, 2, 7], ""acc"": 0.4, ""vel"": 25.77, ""pos"": 59.7, ""error"": 0.04494779999988907}]","[[{""pair"": [3, 4, 0, 7], ""acc"": 0.5, ""vel"": 25.77, ""pos"": 59.7, ""error"": 0.04494779999988907}], [{""pair"": [3, 4, 1, 7], ""acc"": 0.4, ""vel"": 25.77, ""pos"": 878.9, ""error"": 819.1686522000001}], [{""pair"": [3, 4, 2, 7], ""acc"": 0.4, ""vel"": 25.77, ""pos"": 59.7, ""error"": 0.04494779999988907}], [{""pair"": [0, 4, 0, 7], ""acc"": 0.5, ""vel"": 5.29, ""pos"": 59.7, ""error"": 20.52494779999989}], [{""pair"": [0, 4, 1, 7], ""acc"": 0.4, ""vel"": 5.29, ""pos"": 878.9, ""error"": 839.6486522000001}], [{""pair"": [0, 4, 2, 7], ""acc"": 0.4, ""vel"": 5.29, ""pos"": 59.7, ""error"": 20.52494779999989}], [{""pair"": [2, 4, 0, 7], ""acc"": 0.5, ""vel"": 25.77, ""pos"": 59.7, ""error"": 0.04494779999988907}], [{""pair"": [2, 4, 1, 7], ""acc"": 0.4, ""vel"": 25.77, ""pos"": 878.9, ""error"": 819.1686522000001}], [{""pair"": [2, 4, 2, 7], ""acc"": 0.4, ""vel"": 25.77, ""pos"": 59.7, ""error"": 0.04494779999988907}]]"
0.4,25.78,60.2,0.4,5.3,60.2,0.4,25.78,60.2,3,"[{""pair"": [3, 11, 0, 4], ""acc"": 0.4, ""vel"": 25.78, ""pos"": 60.2, ""error"": 0.06505220000010681}]","[[{""pair"": [3, 11, 0, 4], ""acc"": 0.4, ""vel"": 25.78, ""pos"": 60.2, ""error"": 0.06505220000010681}], [{""pair"": [3, 11, 1, 4], ""acc"": 0.4, ""vel"": 5.3, ""pos"": 162.6, ""error"": 122.93865220000009}], [{""pair"": [3, 11, 2, 4], ""acc"": 0.4, ""vel"": 5.3, ""pos"": 60.2, ""error"": 20.5386522000001}], [{""pair"": [0, 4, 2, 11], ""acc"": 0.4, ""vel"": 25.78, ""pos"": 60.0, ""error"": 0.14134779999990243}], [{""pair"": [1, 4, 2, 11], ""acc"": 0.4, ""vel"": 5.3, ""pos"": 162.4, ""error"": 122.7386522000001}], [{""pair"": [2, 4, 2, 11], ""acc"": 0.4, ""vel"": 5.3, ""pos"": 60.0, ""error"": 20.614947799999896}]]"
0.4,25.79,60.6,0.4,25.79,86.2,0.4,25.79,60.6,3,"[{""pair"": [3, 12, 1, 2], ""acc"": 0.4, ""vel"": 25.79, ""pos"": 60.6, ""error"": 0.01613119999905166}]","[[{""pair"": [3, 2, 3, 12], ""acc"": 0.4, ""vel"": 25.79, ""pos"": 86.2, ""error"": 25.591068800000976}], [{""pair"": [3, 2, 2, 12], ""acc"": 0.4, ""vel"": 25.79, ""pos"": 85.8, ""error"": 25.19106880000097}], [{""pair"": [3, 12, 0, 2], ""acc"": 0.4, ""vel"": 20.67, ""pos"": 86.2, ""error"": 30.703868800000947}], [{""pair"": [3, 12, 1, 2], ""acc"": 0.4, ""vel"": 25.79, ""pos"": 60.6, ""error"": 0.01613119999905166}], [{""pair"": [3, 12, 2, 2], ""acc"": 0.4, ""vel"": 25.79, ""pos"": 86.2, ""error"": 25.591068800000976}], [{""pair"": [0, 2, 2, 12], ""acc"": 0.4, ""vel"": 20.67, ""pos"": 85.8, ""error"": 30.30386880000094}], [{""pair"": [1, 2, 2, 12], ""acc"": 0.4, ""vel"": 25.79, ""pos"": 60.2, ""error"": 0.41613119999905024}], [{""pair"": [2, 2, 2, 12], ""acc"": 0.4, ""vel"": 25.79, ""pos"": 85.8, ""error"": 25.19106880000097}]]"
0.4,25.8,61.0,0.4,25.8,265.8,0.4,25.8,61.0,3,"[{""pair"": [3, 5, 1, 5], ""acc"": 0.4, ""vel"": 25.8, ""pos"": 61.0, ""error"": 0.04168779999990235}]","[[{""pair"": [3, 6, 3, 7], ""acc"": 0.4, ""vel"": 25.8, ""pos"": 265.8, ""error"": 204.7647122000001}], [{""pair"": [3, 6, 2, 7], ""acc"": 0.4, ""vel"": 25.8, ""pos"": 265.8, ""error"": 204.7647122000001}], [{""pair"": [3, 7, 0, 6], ""acc"": 0.4, ""vel"": 107.72, ""pos"": 265.8, ""error"": 286.68471220000015}], [{""pair"": [3, 7, 1, 6], ""acc"": 0.4, ""vel"": 25.8, ""pos"": 675.4, ""error"": 614.3647122000001}], [{""pair"": [3, 7, 2, 6], ""acc"": 0.4, ""vel"": 25.8, ""pos"": 265.8, ""error"": 204.7647122000001}], [{""pair"": [3, 5, 1, 5], ""acc"": 0.4, ""vel"": 25.8, ""pos"": 61.0, ""error"": 0.04168779999990235}], [{""pair"": [0, 6, 2, 7], ""acc"": 0.4, ""vel"": 107.72, ""pos"": 265.8, ""error"": 286.68471220000015}], [{""pair"": [1, 6, 2, 7], ""acc"": 0.4, ""vel"": 25.8, ""pos"": 675.4, ""error"": 614.3647122000001}], [{""pair"": [2, 6, 2, 7], ""acc"": 0.4, ""vel"": 25.8, ""pos"": 265.8, ""error"": 204.7647122000001}]]"
0.4,25.8,61.5,0.4,25.88,880.7,0.4,25.8,61.5,3,"[{""pair"": [1, 7, 1, 12], ""acc"": 0.4, ""vel"": 25.8, ""pos"": 61.5, ""error"": 0.06814220000010351}]","[[{""pair"": [3, 7, 3, 12], ""acc"": 0.4, ""vel"": 25.88, ""pos"": 880.7, ""error"": 819.3345422000002}], [{""pair"": [3, 7, 1, 12], ""acc"": 0.4, ""vel"": 25.8, ""pos"": 880.7, ""error"": 819.2681422000002}], [{""pair"": [3, 7, 2, 12], ""acc"": 0.4, ""vel"": 25.88, ""pos"": 880.3, ""error"": 818.9345422000001}], [{""pair"": [3, 12, 1, 7], ""acc"": 0.4, ""vel"": 25.88, ""pos"": 61.5, ""error"": 0.13454220000010508}], [{""pair"": [3, 12, 2, 7], ""acc"": 0.4, ""vel"": 25.88, ""pos"": 880.7, ""error"": 819.3345422000002}], [{""pair"": [1, 7, 1, 12], ""acc"": 0.4, ""vel"": 25.8, ""pos"": 61.5, ""error"": 0.06814220000010351}], [{""pair"": [1, 7, 2, 12], ""acc"": 0.4, ""vel"": 25.88, ""pos"": 61.1, ""error"": 0.41185779999989336}], [{""pair"": [2, 7, 1, 12], ""acc"": 0.4, ""vel"": 25.8, ""pos"": 880.7, ""error"": 819.2681422000002}], [{""pair"": [2, 7, 2, 12], ""acc"": 0.4, ""vel"": 25.88, ""pos"": 880.3, ""error"": 818.9345422000001}]]"
0.4,25.81,61.900000000000006,0.4,25.81,61.9,0.4,25.81,61.9,3,"[{""pair"": [3, 1, 2, 8], ""acc"": 0.4, ""vel"": 25.81, ""pos"": 61.9, ""error"": 0.016451200000496158}]","[[{""pair"": [3, 1, 2, 8], ""acc"": 0.4, ""vel"": 25.81, ""pos"": 61.9, ""error"": 0.016451200000496158}], [{""pair"": [0, 1, 2, 8], ""acc"": 0.4, ""vel"": 28.37, ""pos"": 61.9, ""error"": 2.5764512000004984}], [{""pair"": [1, 1, 2, 8], ""acc"": 0.4, ""vel"": 25.81, ""pos"": 74.7, ""error"": 12.790748799999491}], [{""pair"": [2, 1, 2, 8], ""acc"": 0.4, ""vel"": 25.81, ""pos"": 61.9, ""error"": 0.016451200000496158}]]"
0.4,25.82,62.3,0.4,25.8,62.3,0.4,25.82,62.3,3,"[{""pair"": [3, 4, 1, 10], ""acc"": 0.4, ""vel"": 25.82, ""pos"": 62.3, ""error"": 0.4813711999997885}]","[[{""pair"": [3, 4, 0, 10], ""acc"": 1.2, ""vel"": 25.8, ""pos"": 62.3, ""error"": 0.5013711999997881}], [{""pair"": [3, 4, 1, 10], ""acc"": 0.4, ""vel"": 25.82, ""pos"": 62.3, ""error"": 0.4813711999997885}], [{""pair"": [1, 4, 0, 10], ""acc"": 1.2, ""vel"": 25.8, ""pos"": 164.7, ""error"": 101.94582880000019}], [{""pair"": [1, 4, 1, 10], ""acc"": 0.4, ""vel"": 25.82, ""pos"": 164.7, ""error"": 101.92582880000019}], [{""pair"": [2, 4, 0, 10], ""acc"": 1.2, ""vel"": 25.8, ""pos"": 62.3, ""error"": 0.5013711999997881}], [{""pair"": [2, 4, 1, 10], ""acc"": 0.4, ""vel"": 25.82, ""pos"": 62.3, ""error"": 0.4813711999997885}]]"
0.4,25.83,63.2,0.4,25.83,63.2,0.4,25.83,63.2,3,"[{""pair"": [3, 0, 3, 14], ""acc"": 0.4, ""vel"": 25.83, ""pos"": 63.2, ""error"": 0.49042879999949207}]","[[{""pair"": [3, 0, 3, 14], ""acc"": 0.4, ""vel"": 25.83, ""pos"": 63.2, ""error"": 0.49042879999949207}], [{""pair"": [3, 0, 2, 14], ""acc"": 0.4, ""vel"": 25.83, ""pos"": 61.6, ""error"": 1.1167712000004926}], [{""pair"": [3, 14, 1, 0], ""acc"": 0.4, ""vel"": 25.83, ""pos"": 56.8, ""error"": 5.916771200000497}], [{""pair"": [1, 0, 2, 14], ""acc"": 0.4, ""vel"": 25.83, ""pos"": 55.2, ""error"": 7.516771200000491}]]"
0.4,25.84,63.6,0.4,27.12,63.6,0.4,25.84,63.6,3,"[{""pair"": [3, 1, 0, 0], ""acc"": 0.4, ""vel"": 25.84, ""pos"": 63.6, ""error"": 0.042367799999897926}]","[[{""pair"": [3, 0, 3, 1], ""acc"": 0.4, ""vel"": 27.12, ""pos"": 63.6, ""error"": 1.322367799999899}], [{""pair"": [3, 0, 0, 1], ""acc"": 0.4, ""vel"": 29.68, ""pos"": 63.6, ""error"": 3.882367799999898}], [{""pair"": [3, 0, 1, 1], ""acc"": 0.4, ""vel"": 27.12, ""pos"": 76.4, ""error"": 14.044032200000114}], [{""pair"": [3, 1, 0, 0], ""acc"": 0.4, ""vel"": 25.84, ""pos"": 63.6, ""error"": 0.042367799999897926}], [{""pair"": [3, 1, 1, 0], ""acc"": 0.4, ""vel"": 27.12, ""pos"": 57.2, ""error"": 7.722367799999898}], [{""pair"": [3, 1, 2, 0], ""acc"": 0.4, ""vel"": 27.12, ""pos"": 63.6, ""error"": 1.322367799999899}], [{""pair"": [3, 15, 0, 15], ""acc"": -25.2, ""vel"": 27.12, ""pos"": 63.6, ""error"": 1.322367799999899}], [{""pair"": [3, 15, 1, 15], ""acc"": 0.4, ""vel"": 27.76, ""pos"": 63.6, ""error"": 1.9623677999998996}], [{""pair"": [0, 15, 1, 15], ""acc"": -25.2, ""vel"": 27.76, ""pos"": 63.6, ""error"": 1.9623677999998996}], [{""pair"": [1, 15, 0, 15], ""acc"": -25.2, ""vel"": 27.76, ""pos"": 63.6, ""error"": 1.9623677999998996}], [{""pair"": [0, 0, 0, 1], ""acc"": 0.4, ""vel"": 28.4, ""pos"": 63.6, ""error"": 2.6023677999998966}], [{""pair"": [0, 0, 1, 1], ""acc"": 0.4, ""vel"": 25.84, ""pos"": 76.4, ""error"": 12.764032200000113}], [{""pair"": [1, 0, 0, 1], ""acc"": 0.4, ""vel"": 29.68, ""pos"": 57.2, ""error"": 10.282367799999896}], [{""pair"": [1, 0, 1, 1], ""acc"": 0.4, ""vel"": 27.12, ""pos"": 70.0, ""error"": 7.644032200000108}], [{""pair"": [2, 0, 0, 1], ""acc"": 0.4, ""vel"": 29.68, ""pos"": 63.6, ""error"": 3.882367799999898}], [{""pair"": [2, 0, 1, 1], ""acc"": 0.4, ""vel"": 27.12, ""pos"": 76.4, ""error"": 14.044032200000114}]]"
0.4,25.84,64.0,13.2,25.84,64.0,0.4,25.84,64.1,3,"[{""pair"": [0, 14, 2, 10], ""acc"": 0.4, ""vel"": 25.84, ""pos"": 64.1, ""error"": 0.3661378000004092}]","[[{""pair"": [3, 10, 0, 14], ""acc"": 0.4, ""vel"": 25.84, ""pos"": 64.0, ""error"": 0.4661378000004035}], [{""pair"": [0, 14, 0, 10], ""acc"": 1.2, ""vel"": 25.84, ""pos"": 64.0, ""error"": 0.4661378000004035}], [{""pair"": [0, 14, 1, 10], ""acc"": 0.4, ""vel"": 25.86, ""pos"": 64.0, ""error"": 0.45973780000039355}], [{""pair"": [0, 14, 2, 10], ""acc"": 0.4, ""vel"": 25.84, ""pos"": 64.1, ""error"": 0.3661378000004092}]]"
0.4,25.86,64.9,0.5,25.86,64.1,0.4,25.86,64.9,3,"[{""pair"": [2, 13, 0, 7], ""acc"": 0.4, ""vel"": 25.86, ""pos"": 64.9, ""error"": 0.37386220000012216}]","[[{""pair"": [3, 7, 0, 13], ""acc"": 6.9, ""vel"": 25.86, ""pos"": 64.1, ""error"": 0.45253779999989163}], [{""pair"": [3, 7, 2, 13], ""acc"": 0.5, ""vel"": 25.86, ""pos"": 64.9, ""error"": 0.37386220000012216}], [{""pair"": [0, 13, 0, 7], ""acc"": 6.8, ""vel"": 25.86, ""pos"": 64.1, ""error"": 0.45253779999989163}], [{""pair"": [0, 13, 2, 7], ""acc"": 6.9, ""vel"": 25.86, ""pos"": 64.1, ""error"": 0.45253779999989163}], [{""pair"": [2, 13, 0, 7], ""acc"": 0.4, ""vel"": 25.86, ""pos"": 64.9, ""error"": 0.37386220000012216}], [{""pair"": [2, 13, 2, 7], ""acc"": 0.5, ""vel"": 25.86, ""pos"": 64.9, ""error"": 0.37386220000012216}]]"
0.4,25.87,65.3,0.4,25.87,884.5,0.4,25.87,65.3,3,"[{""pair"": [3, 8, 1, 7], ""acc"": 0.4, ""vel"": 25.87, ""pos"": 65.3, ""error"": 0.04287779999989638}]","[[{""pair"": [3, 7, 3, 8], ""acc"": 0.4, ""vel"": 25.87, ""pos"": 884.5, ""error"": 819.1635222000001}], [{""pair"": [3, 8, 1, 7], ""acc"": 0.4, ""vel"": 25.87, ""pos"": 65.3, ""error"": 0.04287779999989638}], [{""pair"": [3, 8, 2, 7], ""acc"": 0.4, ""vel"": 25.87, ""pos"": 884.5, ""error"": 819.1635222000001}], [{""pair"": [0, 7, 0, 9], ""acc"": 0.1, ""vel"": 25.87, ""pos"": 884.5, ""error"": 819.1635222000001}], [{""pair"": [0, 7, 1, 9], ""acc"": 0.5, ""vel"": 25.86, ""pos"": 884.5, ""error"": 819.1671222000001}]]"
0.4,25.87,65.8,2.0,25.87,65.8,0.4,25.87,65.8,3,"[{""pair"": [2, 7, 0, 11], ""acc"": 0.4, ""vel"": 25.87, ""pos"": 65.8, ""error"": 0.3671278000004108}]","[[{""pair"": [0, 7, 0, 11], ""acc"": 0.5, ""vel"": 25.87, ""pos"": 65.8, ""error"": 0.3671278000004108}], [{""pair"": [0, 7, 2, 11], ""acc"": 2.1, ""vel"": 25.87, ""pos"": 65.6, ""error"": 0.5671278000004136}], [{""pair"": [1, 7, 0, 11], ""acc"": 0.4, ""vel"": 25.87, ""pos"": 885.0, ""error"": 818.8592721999996}], [{""pair"": [1, 7, 2, 11], ""acc"": 2.0, ""vel"": 25.87, ""pos"": 884.8, ""error"": 818.6592721999996}], [{""pair"": [2, 7, 0, 11], ""acc"": 0.4, ""vel"": 25.87, ""pos"": 65.8, ""error"": 0.3671278000004108}], [{""pair"": [2, 7, 2, 11], ""acc"": 2.0, ""vel"": 25.87, ""pos"": 65.6, ""error"": 0.5671278000004136}]]"
0.4,25.89,66.60000000000001,0.4,25.85,66.6,0.4,25.89,66.6,3,"[{""pair"": [3, 7, 1, 11], ""acc"": 0.4, ""vel"": 25.89, ""pos"": 66.6, ""error"": 0.06072779999894706}]","[[{""pair"": [3, 7, 0, 11], ""acc"": 2.0, ""vel"": 25.85, ""pos"": 66.6, ""error"": 0.08712779999891396}], [{""pair"": [3, 7, 1, 11], ""acc"": 0.4, ""vel"": 25.89, ""pos"": 66.6, ""error"": 0.06072779999894706}], [{""pair"": [0, 7, 0, 11], ""acc"": 2.1, ""vel"": 25.85, ""pos"": 66.6, ""error"": 0.08712779999891396}], [{""pair"": [0, 7, 1, 11], ""acc"": 0.5, ""vel"": 25.89, ""pos"": 66.6, ""error"": 0.06072779999894706}], [{""pair"": [1, 7, 0, 11], ""acc"": 2.0, ""vel"": 25.85, ""pos"": 885.8, ""error"": 819.179272200001}], [{""pair"": [1, 7, 1, 11], ""acc"": 0.4, ""vel"": 25.89, ""pos"": 885.8, ""error"": 819.1528722000011}]]"
0.4,25.9,67.5,0.4,20.78,67.5,0.4,25.9,67.5,3,"[{""pair"": [3, 13, 0, 2], ""acc"": 0.4, ""vel"": 25.9, ""pos"": 67.5, ""error"": 0.4630122000001151}]","[[{""pair"": [3, 2, 3, 13], ""acc"": 0.4, ""vel"": 20.78, ""pos"": 67.5, ""error"": 5.576612200000113}], [{""pair"": [3, 2, 0, 13], ""acc"": 6.8, ""vel"": 20.78, ""pos"": 67.5, ""error"": 5.576612200000113}], [{""pair"": [3, 2, 2, 13], ""acc"": 0.4, ""vel"": 20.78, ""pos"": 68.3, ""error"": 6.37661220000011}], [{""pair"": [3, 13, 0, 2], ""acc"": 0.4, ""vel"": 25.9, ""pos"": 67.5, ""error"": 0.4630122000001151}], [{""pair"": [3, 13, 1, 2], ""acc"": 0.4, ""vel"": 20.78, ""pos"": 93.1, ""error"": 31.176612200000108}], [{""pair"": [3, 13, 2, 2], ""acc"": 0.4, ""vel"": 20.78, ""pos"": 67.5, ""error"": 5.576612200000113}], [{""pair"": [0, 2, 0, 13], ""acc"": 6.8, ""vel"": 25.9, ""pos"": 67.5, ""error"": 0.4630122000001151}], [{""pair"": [0, 2, 2, 13], ""acc"": 0.4, ""vel"": 25.9, ""pos"": 68.3, ""error"": 1.2630122000001123}], [{""pair"": [1, 2, 0, 13], ""acc"": 6.8, ""vel"": 20.78, ""pos"": 93.1, ""error"": 31.176612200000108}], [{""pair"": [1, 2, 2, 13], ""acc"": 0.4, ""vel"": 20.78, ""pos"": 93.9, ""error"": 31.97661220000012}], [{""pair"": [2, 2, 0, 13], ""acc"": 6.8, ""vel"": 20.78, ""pos"": 67.5, ""error"": 5.576612200000113}], [{""pair"": [2, 2, 2, 13], ""acc"": 0.4, ""vel"": 20.78, ""pos"": 68.3, ""error"": 6.37661220000011}]]"
0.4,25.91,67.9,0.4,25.91,67.9,0.4,25.91,67.9,3,"[{""pair"": [3, 3, 3, 7], ""acc"": 0.4, ""vel"": 25.91, ""pos"": 67.9, ""error"": 0.04355779999988485}]","[[{""pair"": [3, 3, 3, 7], ""acc"": 0.4, ""vel"": 25.91, ""pos"": 67.9, ""error"": 0.04355779999988485}], [{""pair"": [3, 3, 0, 7], ""acc"": 0.5, ""vel"": 25.91, ""pos"": 67.9, ""error"": 0.04355779999988485}], [{""pair"": [3, 3, 1, 7], ""acc"": 0.4, ""vel"": 25.91, ""pos"": 887.1, ""error"": 819.1628422000001}], [{""pair"": [3, 7, 1, 3], ""acc"": 0.4, ""vel"": 25.91, ""pos"": 16.7, ""error"": 51.24355779999989}], [{""pair"": [1, 3, 0, 7], ""acc"": 0.5, ""vel"": 25.91, ""pos"": 16.7, ""error"": 51.24355779999989}], [{""pair"": [1, 3, 1, 7], ""acc"": 0.4, ""vel"": 25.91, ""pos"": 835.9, ""error"": 767.9628422000001}]]"
0.4,25.91,68.4,0.4,25.91,68.4,0.4,25.91,68.4,3,"[{""pair"": [3, 12, 2, 3], ""acc"": 0.4, ""vel"": 25.91, ""pos"": 68.4, ""error"": 0.09178879999949885}]","[[{""pair"": [3, 12, 1, 3], ""acc"": 0.4, ""vel"": 25.91, ""pos"": 17.2, ""error"": 51.12101120000052}], [{""pair"": [3, 12, 2, 3], ""acc"": 0.4, ""vel"": 25.91, ""pos"": 68.4, ""error"": 0.09178879999949885}], [{""pair"": [1, 3, 0, 12], ""acc"": 3.6, ""vel"": 25.91, ""pos"": 17.2, ""error"": 51.12101120000052}], [{""pair"": [2, 3, 0, 12], ""acc"": 3.6, ""vel"": 25.91, ""pos"": 68.4, ""error"": 0.09178879999949885}]]"
0.4,25.92,68.8,1.2,26.08,68.8,0.4,25.92,68.8,3,"[{""pair"": [0, 10, 1, 13], ""acc"": 0.4, ""vel"": 25.92, ""pos"": 68.8, ""error"": 0.04372779999989618}]","[[{""pair"": [3, 10, 3, 13], ""acc"": 1.2, ""vel"": 26.08, ""pos"": 68.8, ""error"": 0.20372779999989277}], [{""pair"": [3, 10, 1, 13], ""acc"": 1.2, ""vel"": 25.92, ""pos"": 68.8, ""error"": 0.04372779999989618}], [{""pair"": [3, 13, 0, 10], ""acc"": 0.4, ""vel"": 26.08, ""pos"": 68.8, ""error"": 0.20372779999989277}], [{""pair"": [0, 10, 1, 13], ""acc"": 0.4, ""vel"": 25.92, ""pos"": 68.8, ""error"": 0.04372779999989618}]]"
0.4,25.92,69.2,1.2,26.56,69.2,0.4,25.92,69.2,3,"[{""pair"": [1, 15, 0, 10], ""acc"": 0.4, ""vel"": 25.92, ""pos"": 69.2, ""error"": 0.047497799999874246}]","[[{""pair"": [3, 10, 1, 15], ""acc"": 1.2, ""vel"": 25.92, ""pos"": 69.2, ""error"": 0.047497799999874246}], [{""pair"": [3, 10, 2, 15], ""acc"": 1.2, ""vel"": 26.56, ""pos"": 66.0, ""error"": 3.8738977999998774}], [{""pair"": [1, 15, 0, 10], ""acc"": 0.4, ""vel"": 25.92, ""pos"": 69.2, ""error"": 0.047497799999874246}], [{""pair"": [2, 15, 0, 10], ""acc"": 0.4, ""vel"": 26.56, ""pos"": 66.0, ""error"": 3.8738977999998774}]]"
0.4,25.93,69.7,0.4,25.93,888.9,0.4,25.93,69.7,3,"[{""pair"": [1, 7, 2, 9], ""acc"": 0.4, ""vel"": 25.93, ""pos"": 69.7, ""error"": 0.08882879999949012}]","[[{""pair"": [3, 7, 0, 9], ""acc"": 0.0, ""vel"": 25.93, ""pos"": 888.9, ""error"": 819.2888287999995}], [{""pair"": [3, 7, 1, 9], ""acc"": 0.4, ""vel"": 25.92, ""pos"": 888.9, ""error"": 819.2916287999994}], [{""pair"": [3, 7, 2, 9], ""acc"": 0.4, ""vel"": 25.93, ""pos"": 888.9, ""error"": 819.2888287999995}], [{""pair"": [1, 7, 0, 9], ""acc"": 0.0, ""vel"": 25.93, ""pos"": 69.7, ""error"": 0.08882879999949012}], [{""pair"": [1, 7, 1, 9], ""acc"": 0.4, ""vel"": 25.92, ""pos"": 69.7, ""error"": 0.0916287999995049}], [{""pair"": [1, 7, 2, 9], ""acc"": 0.4, ""vel"": 25.93, ""pos"": 69.7, ""error"": 0.08882879999949012}], [{""pair"": [2, 7, 0, 9], ""acc"": 0.0, ""vel"": 25.93, ""pos"": 888.9, ""error"": 819.2888287999995}], [{""pair"": [2, 7, 1, 9], ""acc"": 0.4, ""vel"": 25.92, ""pos"": 888.9, ""error"": 819.2916287999994}], [{""pair"": [2, 7, 2, 9], ""acc"": 0.4, ""vel"": 25.93, ""pos"": 888.9, ""error"": 819.2888287999995}]]"
0.4,25.94,70.10000000000001,0.4,66.9,70.1,0.4,25.94,70.1,3,"[{""pair"": [3, 0, 0, 5], ""acc"": 0.4, ""vel"": 25.94, ""pos"": 70.1, ""error"": 0.04406779999990462}]","[[{""pair"": [3, 0, 0, 5], ""acc"": 0.4, ""vel"": 25.94, ""pos"": 70.1, ""error"": 0.04406779999990462}], [{""pair"": [2, 0, 0, 5], ""acc"": 0.4, ""vel"": 25.94, ""pos"": 70.1, ""error"": 0.04406779999990462}]]"
0.4,25.94,70.5,0.4,25.94,70.5,0.4,25.94,70.5,3,"[{""pair"": [3, 5, 2, 8], ""acc"": 0.4, ""vel"": 25.94, ""pos"": 70.5, ""error"": 0.04783779999988269}]","[[{""pair"": [3, 5, 2, 8], ""acc"": 0.4, ""vel"": 25.94, ""pos"": 70.5, ""error"": 0.04783779999988269}]]"
0.4,25.95,70.9,0.4,5.47,70.9,0.4,25.95,70.9,3,"[{""pair"": [3, 12, 0, 4], ""acc"": 0.4, ""vel"": 25.95, ""pos"": 70.9, ""error"": 0.018691200000489516}]","[[{""pair"": [3, 12, 0, 4], ""acc"": 0.4, ""vel"": 25.95, ""pos"": 70.9, ""error"": 0.018691200000489516}], [{""pair"": [3, 12, 1, 4], ""acc"": 0.4, ""vel"": 5.47, ""pos"": 173.3, ""error"": 122.86130879999952}], [{""pair"": [0, 4, 2, 12], ""acc"": 0.4, ""vel"": 25.95, ""pos"": 70.5, ""error"": 0.4186912000004952}], [{""pair"": [1, 4, 2, 12], ""acc"": 0.4, ""vel"": 5.47, ""pos"": 172.9, ""error"": 122.46130879999951}]]"
0.4,25.96,71.4,0.4,25.96,71.4,0.4,25.96,71.4,3,"[{""pair"": [3, 7, 3, 10], ""acc"": 0.4, ""vel"": 25.96, ""pos"": 71.4, ""error"": 0.06199220000011607}]","[[{""pair"": [3, 7, 3, 10], ""acc"": 0.4, ""vel"": 25.96, ""pos"": 71.4, ""error"": 0.06199220000011607}], [{""pair"": [3, 7, 0, 10], ""acc"": 1.2, ""vel"": 25.96, ""pos"": 71.4, ""error"": 0.06199220000011607}], [{""pair"": [3, 7, 1, 10], ""acc"": 0.4, ""vel"": 25.98, ""pos"": 71.4, ""error"": 0.08199220000011564}], [{""pair"": [3, 7, 2, 10], ""acc"": 0.4, ""vel"": 25.96, ""pos"": 71.5, ""error"": 0.1619922000001104}], [{""pair"": [3, 10, 0, 7], ""acc"": 0.5, ""vel"": 25.96, ""pos"": 71.4, ""error"": 0.06199220000011607}], [{""pair"": [3, 10, 1, 7], ""acc"": 0.4, ""vel"": 25.96, ""pos"": 890.6, ""error"": 819.2619922000001}], [{""pair"": [3, 10, 2, 7], ""acc"": 0.4, ""vel"": 25.96, ""pos"": 71.4, ""error"": 0.06199220000011607}], [{""pair"": [0, 7, 0, 10], ""acc"": 1.3, ""vel"": 25.96, ""pos"": 71.4, ""error"": 0.06199220000011607}], [{""pair"": [0, 7, 1, 10], ""acc"": 0.5, ""vel"": 25.98, ""pos"": 71.4, ""error"": 0.08199220000011564}], [{""pair"": [0, 7, 2, 10], ""acc"": 0.5, ""vel"": 25.96, ""pos"": 71.5, ""error"": 0.1619922000001104}], [{""pair"": [1, 7, 0, 10], ""acc"": 1.2, ""vel"": 25.96, ""pos"": 890.6, ""error"": 819.2619922000001}], [{""pair"": [1, 7, 1, 10], ""acc"": 0.4, ""vel"": 25.98, ""pos"": 890.6, ""error"": 819.2819922000001}], [{""pair"": [1, 7, 2, 10], ""acc"": 0.4, ""vel"": 25.96, ""pos"": 890.7, ""error"": 819.3619922000001}], [{""pair"": [2, 7, 0, 10], ""acc"": 1.2, ""vel"": 25.96, ""pos"": 71.4, ""error"": 0.06199220000011607}], [{""pair"": [2, 7, 1, 10], ""acc"": 0.4, ""vel"": 25.98, ""pos"": 71.4, ""error"": 0.08199220000011564}], [{""pair"": [2, 7, 2, 10], ""acc"": 0.4, ""vel"": 25.96, ""pos"": 71.5, ""error"": 0.1619922000001104}]]"
0.4,25.96,71.8,0.4,36.2,71.8,0.4,25.96,71.8,3,"[{""pair"": [0, 3, 2, 4], ""acc"": 0.4, ""vel"": 25.96, ""pos"": 71.8, ""error"": 0.4700978000004099}]","[[{""pair"": [3, 3, 1, 4], ""acc"": 0.4, ""vel"": 36.2, ""pos"": 174.2, ""error"": 112.16990219999958}], [{""pair"": [3, 3, 2, 4], ""acc"": 0.4, ""vel"": 36.2, ""pos"": 71.8, ""error"": 10.683697800000402}], [{""pair"": [1, 2, 2, 2], ""acc"": 0.4, ""vel"": 36.2, ""pos"": 97.4, ""error"": 35.3699021999996}], [{""pair"": [2, 2, 1, 2], ""acc"": 0.4, ""vel"": 36.2, ""pos"": 97.4, ""error"": 35.3699021999996}], [{""pair"": [0, 3, 1, 4], ""acc"": 0.4, ""vel"": 25.96, ""pos"": 174.2, ""error"": 101.95630219999958}], [{""pair"": [0, 3, 2, 4], ""acc"": 0.4, ""vel"": 25.96, ""pos"": 71.8, ""error"": 0.4700978000004099}], [{""pair"": [1, 3, 1, 4], ""acc"": 0.4, ""vel"": 36.2, ""pos"": 123.0, ""error"": 60.969902199999595}], [{""pair"": [1, 3, 2, 4], ""acc"": 0.4, ""vel"": 36.2, ""pos"": 20.6, ""error"": 61.8836978000004}], [{""pair"": [2, 3, 1, 4], ""acc"": 0.4, ""vel"": 36.2, ""pos"": 174.2, ""error"": 112.16990219999958}], [{""pair"": [2, 3, 2, 4], ""acc"": 0.4, ""vel"": 36.2, ""pos"": 71.8, ""error"": 10.683697800000402}]]"
0.4,25.97,72.7,0.4,26.05,175.1,0.4,26.05,72.3,3,"[{""pair"": [1, 4, 2, 12], ""acc"": 0.4, ""vel"": 26.05, ""pos"": 72.3, ""error"": 0.14182220000011725}]","[[{""pair"": [3, 4, 3, 12], ""acc"": 0.4, ""vel"": 26.05, ""pos"": 175.1, ""error"": 102.94182220000012}], [{""pair"": [3, 4, 1, 12], ""acc"": 0.4, ""vel"": 25.97, ""pos"": 175.1, ""error"": 102.86182220000012}], [{""pair"": [3, 4, 2, 12], ""acc"": 0.4, ""vel"": 26.05, ""pos"": 174.7, ""error"": 102.54182220000011}], [{""pair"": [3, 12, 0, 4], ""acc"": 0.4, ""vel"": 5.57, ""pos"": 175.1, ""error"": 123.25542220000011}], [{""pair"": [3, 12, 1, 4], ""acc"": 0.4, ""vel"": 26.05, ""pos"": 72.7, ""error"": 0.5418222000001229}], [{""pair"": [3, 12, 2, 4], ""acc"": 0.4, ""vel"": 26.05, ""pos"": 175.1, ""error"": 102.94182220000012}], [{""pair"": [0, 4, 1, 12], ""acc"": 0.4, ""vel"": 5.49, ""pos"": 175.1, ""error"": 123.33542220000011}], [{""pair"": [0, 4, 2, 12], ""acc"": 0.4, ""vel"": 5.57, ""pos"": 174.7, ""error"": 122.8554222000001}], [{""pair"": [1, 4, 1, 12], ""acc"": 0.4, ""vel"": 25.97, ""pos"": 72.7, ""error"": 0.4618222000001211}], [{""pair"": [1, 4, 2, 12], ""acc"": 0.4, ""vel"": 26.05, ""pos"": 72.3, ""error"": 0.14182220000011725}], [{""pair"": [2, 4, 1, 12], ""acc"": 0.4, ""vel"": 25.97, ""pos"": 175.1, ""error"": 102.86182220000012}], [{""pair"": [2, 4, 2, 12], ""acc"": 0.4, ""vel"": 26.05, ""pos"": 174.7, ""error"": 102.54182220000011}]]"
0.3,25.98,73.10000000000001,0.3,28.54,73.1,0.3,25.98,73.1,3,"[{""pair"": [3, 4, 0, 1], ""acc"": 0.3, ""vel"": 25.98, ""pos"": 73.1, ""error"": 0.4338922000001091}]","[[{""pair"": [3, 1, 3, 4], ""acc"": 0.3, ""vel"": 28.54, ""pos"": 73.1, ""error"": 2.8402922000001105}], [{""pair"": [3, 1, 1, 4], ""acc"": 0.3, ""vel"": 28.54, ""pos"": 175.5, ""error"": 105.24029220000011}], [{""pair"": [3, 4, 0, 1], ""acc"": 0.3, ""vel"": 25.98, ""pos"": 73.1, ""error"": 0.4338922000001091}], [{""pair"": [3, 4, 1, 1], ""acc"": 0.3, ""vel"": 28.54, ""pos"": 60.3, ""error"": 14.926107799999887}], [{""pair"": [0, 1, 1, 4], ""acc"": 0.3, ""vel"": 25.98, ""pos"": 175.5, ""error"": 102.83389220000012}], [{""pair"": [1, 1, 1, 4], ""acc"": 0.3, ""vel"": 28.54, ""pos"": 162.7, ""error"": 92.4402922000001}]]"
0.3,25.99,73.5,0.3,25.99,73.5,0.3,25.99,73.5,3,"[{""pair"": [3, 6, 3, 12], ""acc"": 0.3, ""vel"": 25.99, ""pos"": 73.5, ""error"": 0.4576033499989265}]","[[{""pair"": [3, 6, 3, 12], ""acc"": 0.3, ""vel"": 25.99, ""pos"": 73.5, ""error"": 0.4576033499989265}], [{""pair"": [3, 6, 0, 12], ""acc"": 3.5, ""vel"": 25.99, ""pos"": 73.5, ""error"": 0.4576033499989265}], [{""pair"": [3, 6, 1, 12], ""acc"": 0.3, ""vel"": 26.07, ""pos"": 73.5, ""error"": 0.5376033499989283}], [{""pair"": [3, 12, 0, 6], ""acc"": 0.3, ""vel"": 107.91, ""pos"": 73.5, ""error"": 82.37760334999892}], [{""pair"": [3, 12, 1, 6], ""acc"": 0.3, ""vel"": 25.99, ""pos"": 483.1, ""error"": 409.14259665000117}], [{""pair"": [3, 12, 2, 6], ""acc"": 0.3, ""vel"": 25.99, ""pos"": 73.5, ""error"": 0.4576033499989265}], [{""pair"": [0, 6, 0, 12], ""acc"": 3.5, ""vel"": 107.91, ""pos"": 73.5, ""error"": 82.37760334999892}], [{""pair"": [0, 6, 1, 12], ""acc"": 0.3, ""vel"": 107.99, ""pos"": 73.5, ""error"": 82.45760334999892}], [{""pair"": [1, 6, 0, 12], ""acc"": 3.5, ""vel"": 25.99, ""pos"": 483.1, ""error"": 409.14259665000117}], [{""pair"": [1, 6, 1, 12], ""acc"": 0.3, ""vel"": 26.07, ""pos"": 483.1, ""error"": 409.22259665000115}], [{""pair"": [2, 6, 0, 12], ""acc"": 3.5, ""vel"": 25.99, ""pos"": 73.5, ""error"": 0.4576033499989265}], [{""pair"": [2, 6, 1, 12], ""acc"": 0.3, ""vel"": 26.07, ""pos"": 73.5, ""error"": 0.5376033499989283}]]"
0.3,26.0,74.4,0.3,107.93,74.4,0.3,26.0,74.4,3,"[{""pair"": [0, 6, 1, 9], ""acc"": 0.3, ""vel"": 26.0, ""pos"": 74.4, ""error"": 0.46302665000011345}]","[[{""pair"": [3, 6, 3, 9], ""acc"": 0.3, ""vel"": 107.93, ""pos"": 74.4, ""error"": 82.39302665000012}], [{""pair"": [3, 6, 1, 9], ""acc"": 0.3, ""vel"": 107.92, ""pos"": 74.4, ""error"": 82.38302665000012}], [{""pair"": [3, 9, 0, 6], ""acc"": 0.3, ""vel"": 26.01, ""pos"": 74.4, ""error"": 0.473026650000115}], [{""pair"": [0, 6, 1, 9], ""acc"": 0.3, ""vel"": 26.0, ""pos"": 74.4, ""error"": 0.46302665000011345}]]"
0.3,26.0,74.8,0.3,26.0,177.2,0.3,26.0,74.8,3,"[{""pair"": [3, 0, 1, 4], ""acc"": 0.3, ""vel"": 26.0, ""pos"": 74.8, ""error"": 0.02083840000051751}]","[[{""pair"": [3, 0, 3, 4], ""acc"": 0.3, ""vel"": 26.0, ""pos"": 177.2, ""error"": 102.38876159999948}], [{""pair"": [3, 0, 0, 4], ""acc"": 0.3, ""vel"": 5.52, ""pos"": 177.2, ""error"": 122.86876159999949}], [{""pair"": [3, 0, 1, 4], ""acc"": 0.3, ""vel"": 26.0, ""pos"": 74.8, ""error"": 0.02083840000051751}], [{""pair"": [3, 4, 1, 0], ""acc"": 0.3, ""vel"": 26.0, ""pos"": 170.8, ""error"": 95.9887615999995}], [{""pair"": [1, 0, 0, 4], ""acc"": 0.3, ""vel"": 5.52, ""pos"": 170.8, ""error"": 116.46876159999951}], [{""pair"": [1, 0, 1, 4], ""acc"": 0.3, ""vel"": 26.0, ""pos"": 68.4, ""error"": 6.420838400000509}]]"
0.3,26.01,75.3,0.2,26.01,894.5,0.3,26.01,75.2,0,"[{""pair"": [0, 0, 0, 0], ""acc"": 0.3, ""vel"": 26.01, ""pos"": 75.2, ""error"": 0}]",[]
0.3,26.01,75.7,0.3,26.01,75.7,0.3,26.01,75.7,1,"[{""pair"": [3, 2, 3, 6], ""acc"": 0.3, ""vel"": 26.01, ""pos"": 75.7, ""error"": 0.06288665000010951}, {""pair"": [3, 6, 0, 2], ""acc"": 0.3, ""vel"": 20.89, ""pos"": 75.7, ""error"": 5.1828866500001105}]","[[{""pair"": [3, 2, 3, 6], ""acc"": 0.3, ""vel"": 26.01, ""pos"": 75.7, ""error"": 0.06288665000010951}], [{""pair"": [3, 2, 2, 6], ""acc"": 0.3, ""vel"": 26.01, ""pos"": 75.7, ""error"": 0.06288665000010951}], [{""pair"": [3, 6, 0, 2], ""acc"": 0.3, ""vel"": 20.89, ""pos"": 75.7, ""error"": 5.1828866500001105}], [{""pair"": [3, 6, 2, 2], ""acc"": 0.3, ""vel"": 26.01, ""pos"": 75.7, ""error"": 0.06288665000010951}], [{""pair"": [0, 2, 2, 6], ""acc"": 0.3, ""vel"": 20.89, ""pos"": 75.7, ""error"": 5.1828866500001105}], [{""pair"": [2, 2, 2, 6], ""acc"": 0.3, ""vel"": 26.01, ""pos"": 75.7, ""error"": 0.06288665000010951}]]"
0.3,26.02,76.10000000000001,1.9,26.02,72.9,0.3,26.02,76.1,2,"[{""pair"": [0, 11, 2, 15], ""acc"": 0.3, ""vel"": 26.02, ""pos"": 76.1, ""error"": 0.02139840000049631}, {""pair"": [3, 15, 0, 11], ""acc"": 0.3, ""vel"": 26.02, ""pos"": 72.9, ""error"": 3.221398400000485}, {""pair"": [0, 11, 1, 15], ""acc"": 0.3, ""vel"": 26.66, ""pos"": 72.9, ""error"": 3.8613984000004855}]","[[{""pair"": [3, 15, 0, 11], ""acc"": 0.3, ""vel"": 26.02, ""pos"": 72.9, ""error"": 3.221398400000485}, {""pair"": [3, 15, 0, 11], ""acc"": 0.3, ""vel"": 26.02, ""pos"": 72.9, ""error"": 8.25947840000039}], [{""pair"": [0, 11, 0, 15], ""acc"": -25.3, ""vel"": 26.02, ""pos"": 72.9, ""error"": 3.221398400000485}, {""pair"": [0, 11, 0, 15], ""acc"": -25.3, ""vel"": 26.02, ""pos"": 72.9, ""error"": 8.25947840000039}], [{""pair"": [0, 11, 1, 15], ""acc"": 0.3, ""vel"": 26.66, ""pos"": 72.9, ""error"": 3.8613984000004855}, {""pair"": [0, 11, 1, 15], ""acc"": 0.3, ""vel"": 26.66, ""pos"": 72.9, ""error"": 8.89947840000039}], [{""pair"": [0, 11, 2, 15], ""acc"": 0.3, ""vel"": 26.02, ""pos"": 76.1, ""error"": 0.02139840000049631}, {""pair"": [0, 11, 2, 15], ""acc"": 0.3, ""vel"": 26.02, ""pos"": 76.1, ""error"": 5.190921599999584}]]"
0.3,26.02,76.60000000000001,1.1,26.02,73.4,0.3,26.66,73.4,1,"[{""pair"": [1, 15, 0, 10], ""acc"": 0.3, ""vel"": 26.66, ""pos"": 73.4, ""error"": 0.05183665000011217}, {""pair"": [2, 15, 0, 10], ""acc"": 0.3, ""vel"": 26.02, ""pos"": 76.6, ""error"": 0.0627166500001124}, {""pair"": [1, 15, 1, 10], ""acc"": 1.1, ""vel"": 26.64, ""pos"": 73.4, ""error"": 0.07183665000011175}, {""pair"": [2, 15, 1, 10], ""acc"": 1.1, ""vel"": 26.0, ""pos"": 76.6, ""error"": 0.08271665000011197}]","[[{""pair"": [0, 15, 0, 10], ""acc"": -25.3, ""vel"": 26.02, ""pos"": 73.4, ""error"": 3.147483349999874}, {""pair"": [0, 15, 0, 10], ""acc"": -25.3, ""vel"": 26.02, ""pos"": 73.4, ""error"": 0.0627166500001124}, {""pair"": [0, 15, 0, 10], ""acc"": -25.3, ""vel"": 26.02, ""pos"": 73.4, ""error"": 0.6918366500001127}], [{""pair"": [0, 15, 1, 10], ""acc"": -24.5, ""vel"": 26.0, ""pos"": 73.4, ""error"": 3.1674833499998734}, {""pair"": [0, 15, 1, 10], ""acc"": -24.5, ""vel"": 26.0, ""pos"": 73.4, ""error"": 0.08271665000011197}, {""pair"": [0, 15, 1, 10], ""acc"": -24.5, ""vel"": 26.0, ""pos"": 73.4, ""error"": 0.7118366500001123}], [{""pair"": [1, 15, 0, 10], ""acc"": 0.3, ""vel"": 26.66, ""pos"": 73.4, ""error"": 3.777283349999877}, {""pair"": [1, 15, 0, 10], ""acc"": 0.3, ""vel"": 26.66, ""pos"": 73.4, ""error"": 0.6925166500001154}, {""pair"": [1, 15, 0, 10], ""acc"": 0.3, ""vel"": 26.66, ""pos"": 73.4, ""error"": 0.05183665000011217}], [{""pair"": [1, 15, 1, 10], ""acc"": 1.1, ""vel"": 26.64, ""pos"": 73.4, ""error"": 3.7572833499998772}, {""pair"": [1, 15, 1, 10], ""acc"": 1.1, ""vel"": 26.64, ""pos"": 73.4, ""error"": 0.6725166500001158}, {""pair"": [1, 15, 1, 10], ""acc"": 1.1, ""vel"": 26.64, ""pos"": 73.4, ""error"": 0.07183665000011175}], [{""pair"": [2, 15, 0, 10], ""acc"": 0.3, ""vel"": 26.02, ""pos"": 76.6, ""error"": 0.0627166500001124}, {""pair"": [2, 15, 0, 10], ""acc"": 0.3, ""vel"": 26.02, ""pos"": 76.6, ""error"": 3.262716650000101}, {""pair"": [2, 15, 0, 10], ""acc"": 0.3, ""vel"": 26.02, ""pos"": 76.6, ""error"": 3.8918366500001014}], [{""pair"": [2, 15, 1, 10], ""acc"": 1.1, ""vel"": 26.0, ""pos"": 76.6, ""error"": 0.08271665000011197}, {""pair"": [2, 15, 1, 10], ""acc"": 1.1, ""vel"": 26.0, ""pos"": 76.6, ""error"": 3.2827166500001006}, {""pair"": [2, 15, 1, 10], ""acc"": 1.1, ""vel"": 26.0, ""pos"": 76.6, ""error"": 3.911836650000101}]]"
0.3,26.03,77.0,0.3,26.03,25.8,0.3,26.67,74.3,0,"[{""pair"": [0, 0, 0, 0], ""acc"": 0.3, ""vel"": 26.67, ""pos"": 74.3, ""error"": 0}]",[]
0.3,26.04,77.9,0.3,5.56,77.9,0.3,26.04,77.9,1,"[{""pair"": [2, 7, 0, 4], ""acc"": 0.3, ""vel"": 26.04, ""pos"": 77.9, ""error"": 3.33324660000023}, {""pair"": [2, 7, 2, 4], ""acc"": 0.3, ""vel"": 5.56, ""pos"": 77.9, ""error"": 23.81324660000023}, {""pair"": [2, 7, 1, 4], ""acc"": 0.3, ""vel"": 5.56, ""pos"": 180.3, ""error"": 126.21324660000023}, {""pair"": [1, 7, 0, 4], ""acc"": 0.3, ""vel"": 26.04, ""pos"": 897.1, ""error"": 822.5332466000003}, {""pair"": [1, 7, 2, 4], ""acc"": 0.3, ""vel"": 5.56, ""pos"": 897.1, ""error"": 843.0132466000002}, {""pair"": [1, 7, 1, 4], ""acc"": 0.3, ""vel"": 5.56, ""pos"": 999.5, ""error"": 945.4132466000002}]","[[{""pair"": [1, 7, 0, 4], ""acc"": 0.3, ""vel"": 26.04, ""pos"": 897.1, ""error"": 822.5332466000003}], [{""pair"": [1, 7, 1, 4], ""acc"": 0.3, ""vel"": 5.56, ""pos"": 999.5, ""error"": 945.4132466000002}], [{""pair"": [1, 7, 2, 4], ""acc"": 0.3, ""vel"": 5.56, ""pos"": 897.1, ""error"": 843.0132466000002}], [{""pair"": [2, 7, 0, 4], ""acc"": 0.3, ""vel"": 26.04, ""pos"": 77.9, ""error"": 3.33324660000023}], [{""pair"": [2, 7, 1, 4], ""acc"": 0.3, ""vel"": 5.56, ""pos"": 180.3, ""error"": 126.21324660000023}], [{""pair"": [2, 7, 2, 4], ""acc"": 0.3, ""vel"": 5.56, ""pos"": 77.9, ""error"": 23.81324660000023}]]"
0.3,26.05,78.7,-25.4,26.05,78.7,0.2,26.05,897.9,0,"[{""pair"": [1, 7, 0, 15], ""acc"": 0.2, ""vel"": 26.05, ""pos"": 897.9, ""error"": 0.38852159999947133}, {""pair"": [0, 7, 0, 15], ""acc"": 0.3, ""vel"": 26.05, ""pos"": 78.7, ""error"": 0.38852159999948555}]","[[{""pair"": [3, 15, 0, 7], ""acc"": -25.3, ""vel"": 26.05, ""pos"": 78.7, ""error"": 0.38852159999948555}, {""pair"": [3, 15, 0, 7], ""acc"": -25.3, ""vel"": 26.05, ""pos"": 78.7, ""error"": 21.196201599999885}, {""pair"": [3, 15, 0, 7], ""acc"": -25.3, ""vel"": 26.05, ""pos"": 78.7, ""error"": 122.1741984000001}, {""pair"": [3, 15, 0, 7], ""acc"": -25.3, ""vel"": 26.05, ""pos"": 78.7, ""error"": 818.8218784000004}, {""pair"": [3, 15, 0, 7], ""acc"": -25.3, ""vel"": 26.05, ""pos"": 78.7, ""error"": 838.9741984000001}, {""pair"": [3, 15, 0, 7], ""acc"": -25.3, ""vel"": 26.05, ""pos"": 78.7, ""error"": 941.3741984000001}], [{""pair"": [3, 15, 1, 7], ""acc"": -25.4, ""vel"": 26.05, ""pos"": 897.9, ""error"": 819.5885215999994}, {""pair"": [3, 15, 1, 7], ""acc"": -25.4, ""vel"": 26.05, ""pos"": 897.9, ""error"": 840.3962015999998}, {""pair"": [3, 15, 1, 7], ""acc"": -25.4, ""vel"": 26.05, ""pos"": 897.9, ""error"": 737.9962015999998}, {""pair"": [3, 15, 1, 7], ""acc"": -25.4, ""vel"": 26.05, ""pos"": 897.9, ""error"": 0.38852159999947133}, {""pair"": [3, 15, 1, 7], ""acc"": -25.4, ""vel"": 26.05, ""pos"": 897.9, ""error"": 21.1962015999998}, {""pair"": [3, 15, 1, 7], ""acc"": -25.4, ""vel"": 26.05, ""pos"": 897.9, ""error"": 122.17419840000017}], [{""pair"": [0, 7, 0, 15], ""acc"": 0.3, ""vel"": 26.05, ""pos"": 78.7, ""error"": 0.38852159999948555}, {""pair"": [0, 7, 0, 15], ""acc"": 0.3, ""vel"": 26.05, ""pos"": 78.7, ""error"": 21.196201599999885}, {""pair"": [0, 7, 0, 15], ""acc"": 0.3, ""vel"": 26.05, ""pos"": 78.7, ""error"": 122.1741984000001}, {""pair"": [0, 7, 0, 15], ""acc"": 0.3, ""vel"": 26.05, ""pos"": 78.7, ""error"": 818.8218784000004}, {""pair"": [0, 7, 0, 15], ""acc"": 0.3, ""vel"": 26.05, ""pos"": 78.7, ""error"": 838.9741984000001}, {""pair"": [0, 7, 0, 15], ""acc"": 0.3, ""vel"": 26.05, ""pos"": 78.7, ""error"": 941.3741984000001}], [{""pair"": [1, 7, 0, 15], ""acc"": 0.2, ""vel"": 26.05, ""pos"": 897.9, ""error"": 819.5885215999994}, {""pair"": [1, 7, 0, 15], ""acc"": 0.2, ""vel"": 26.05, ""pos"": 897.9, ""error"": 840.3962015999998}, {""pair"": [1, 7, 0, 15], ""acc"": 0.2, ""vel"": 26.05, ""pos"": 897.9, ""error"": 737.9962015999998}, {""pair"": [1, 7, 0, 15], ""acc"": 0.2, ""vel"": 26.05, ""pos"": 897.9, ""error"": 0.38852159999947133}, {""pair"": [1, 7, 0, 15], ""acc"": 0.2, ""vel"": 26.05, ""pos"": 897.9, ""error"": 21.1962015999998}, {""pair"": [1, 7, 0, 15], ""acc"": 0.2, ""vel"": 26.05, ""pos"": 897.9, ""error"": 122.17419840000017}]]"
0.3,26.05,79.2,0.3,5.57,79.2,0.3,26.05,898.4,1,"[{""pair"": [0, 4, 1, 7], ""acc"": 0.3, ""vel"": 26.05, ""pos"": 898.4, ""error"": 0.060521100000130446}, {""pair"": [0, 4, 2, 7], ""acc"": 0.3, ""vel"": 26.05, ""pos"": 79.2, ""error"": 0.06220665000010683}, {""pair"": [3, 4, 1, 7], ""acc"": 0.3, ""vel"": 5.57, ""pos"": 898.4, ""error"": 20.54052110000013}, {""pair"": [3, 4, 2, 7], ""acc"": 0.3, ""vel"": 5.57, ""pos"": 79.2, ""error"": 20.542206650000107}, {""pair"": [1, 4, 1, 7], ""acc"": 0.3, ""vel"": 5.57, ""pos"": 1000.8, ""error"": 122.94052110000011}, {""pair"": [1, 4, 2, 7], ""acc"": 0.3, ""vel"": 5.57, ""pos"": 181.6, ""error"": 122.9422066500001}]","[[{""pair"": [3, 4, 1, 7], ""acc"": 0.3, ""vel"": 5.57, ""pos"": 898.4, ""error"": 20.54052110000013}, {""pair"": [3, 4, 1, 7], ""acc"": 0.3, ""vel"": 5.57, ""pos"": 898.4, ""error"": 839.7422066500001}], [{""pair"": [3, 4, 2, 7], ""acc"": 0.3, ""vel"": 5.57, ""pos"": 79.2, ""error"": 839.6262788999998}, {""pair"": [3, 4, 2, 7], ""acc"": 0.3, ""vel"": 5.57, ""pos"": 79.2, ""error"": 20.542206650000107}], [{""pair"": [0, 4, 1, 7], ""acc"": 0.3, ""vel"": 26.05, ""pos"": 898.4, ""error"": 0.060521100000130446}, {""pair"": [0, 4, 1, 7], ""acc"": 0.3, ""vel"": 26.05, ""pos"": 898.4, ""error"": 819.26220665}], [{""pair"": [0, 4, 2, 7], ""acc"": 0.3, ""vel"": 26.05, ""pos"": 79.2, ""error"": 819.1462788999997}, {""pair"": [0, 4, 2, 7], ""acc"": 0.3, ""vel"": 26.05, ""pos"": 79.2, ""error"": 0.06220665000010683}], [{""pair"": [1, 4, 1, 7], ""acc"": 0.3, ""vel"": 5.57, ""pos"": 1000.8, ""error"": 122.94052110000011}, {""pair"": [1, 4, 1, 7], ""acc"": 0.3, ""vel"": 5.57, ""pos"": 1000.8, ""error"": 942.14220665}], [{""pair"": [1, 4, 2, 7], ""acc"": 0.3, ""vel"": 5.57, ""pos"": 181.6, ""error"": 737.2262788999998}, {""pair"": [1, 4, 2, 7], ""acc"": 0.3, ""vel"": 5.57, ""pos"": 181.6, ""error"": 122.9422066500001}], [{""pair"": [2, 4, 1, 7], ""acc"": 0.3, ""vel"": 5.57, ""pos"": 898.4, ""error"": 20.54052110000013}, {""pair"": [2, 4, 1, 7], ""acc"": 0.3, ""vel"": 5.57, ""pos"": 898.4, ""error"": 839.7422066500001}], [{""pair"": [2, 4, 2, 7], ""acc"": 0.3, ""vel"": 5.57, ""pos"": 79.2, ""error"": 839.6262788999998}, {""pair"": [2, 4, 2, 7], ""acc"": 0.3, ""vel"": 5.57, ""pos"": 79.2, ""error"": 20.542206650000107}]]"
0.3,26.06,79.60000000000001,0.3,26.06,92.4,0.3,26.06,79.6,0,"[{""pair"": [3, 12, 1, 1], ""acc"": 0.3, ""vel"": 26.06, ""pos"": 79.6, ""error"": 0.047793349999899704}, {""pair"": [1, 1, 0, 12], ""acc"": 3.5, ""vel"": 26.06, ""pos"": 79.6, ""error"": 0.047793349999899704}, {""pair"": [3, 1, 3, 12], ""acc"": 0.3, ""vel"": 26.06, ""pos"": 92.4, ""error"": 12.76200665000011}, {""pair"": [3, 1, 0, 12], ""acc"": 3.5, ""vel"": 26.06, ""pos"": 92.4, ""error"": 12.76200665000011}]","[[{""pair"": [3, 1, 3, 12], ""acc"": 0.3, ""vel"": 26.06, ""pos"": 92.4, ""error"": 806.44779335}, {""pair"": [3, 1, 3, 12], ""acc"": 0.3, ""vel"": 26.06, ""pos"": 92.4, ""error"": 12.76200665000011}, {""pair"": [3, 1, 3, 12], ""acc"": 0.3, ""vel"": 26.06, ""pos"": 92.4, ""error"": 826.5796333500001}, {""pair"": [3, 1, 3, 12], ""acc"": 0.3, ""vel"": 26.06, ""pos"": 92.4, ""error"": 33.59016665000003}, {""pair"": [3, 1, 3, 12], ""acc"": 0.3, ""vel"": 26.06, ""pos"": 92.4, ""error"": 928.9796333500001}, {""pair"": [3, 1, 3, 12], ""acc"": 0.3, ""vel"": 26.06, ""pos"": 92.4, ""error"": 109.77963334999997}], [{""pair"": [3, 1, 0, 12], ""acc"": 3.5, ""vel"": 26.06, ""pos"": 92.4, ""error"": 806.44779335}, {""pair"": [3, 1, 0, 12], ""acc"": 3.5, ""vel"": 26.06, ""pos"": 92.4, ""error"": 12.76200665000011}, {""pair"": [3, 1, 0, 12], ""acc"": 3.5, ""vel"": 26.06, ""pos"": 92.4, ""error"": 826.5796333500001}, {""pair"": [3, 1, 0, 12], ""acc"": 3.5, ""vel"": 26.06, ""pos"": 92.4, ""error"": 33.59016665000003}, {""pair"": [3, 1, 0, 12], ""acc"": 3.5, ""vel"": 26.06, ""pos"": 92.4, ""error"": 928.9796333500001}, {""pair"": [3, 1, 0, 12], ""acc"": 3.5, ""vel"": 26.06, ""pos"": 92.4, ""error"": 109.77963334999997}], [{""pair"": [3, 12, 1, 1], ""acc"": 0.3, ""vel"": 26.06, ""pos"": 79.6, ""error"": 819.2477933499999}, {""pair"": [3, 12, 1, 1], ""acc"": 0.3, ""vel"": 26.06, ""pos"": 79.6, ""error"": 0.047793349999899704}, {""pair"": [3, 12, 1, 1], ""acc"": 0.3, ""vel"": 26.06, ""pos"": 79.6, ""error"": 839.3796333500001}, {""pair"": [3, 12, 1, 1], ""acc"": 0.3, ""vel"": 26.06, ""pos"": 79.6, ""error"": 20.79016665000002}, {""pair"": [3, 12, 1, 1], ""acc"": 0.3, ""vel"": 26.06, ""pos"": 79.6, ""error"": 941.77963335}, {""pair"": [3, 12, 1, 1], ""acc"": 0.3, ""vel"": 26.06, ""pos"": 79.6, ""error"": 122.57963334999998}], [{""pair"": [1, 1, 0, 12], ""acc"": 3.5, ""vel"": 26.06, ""pos"": 79.6, ""error"": 819.2477933499999}, {""pair"": [1, 1, 0, 12], ""acc"": 3.5, ""vel"": 26.06, ""pos"": 79.6, ""error"": 0.047793349999899704}, {""pair"": [1, 1, 0, 12], ""acc"": 3.5, ""vel"": 26.06, ""pos"": 79.6, ""error"": 839.3796333500001}, {""pair"": [1, 1, 0, 12], ""acc"": 3.5, ""vel"": 26.06, ""pos"": 79.6, ""error"": 20.79016665000002}, {""pair"": [1, 1, 0, 12], ""acc"": 3.5, ""vel"": 26.06, ""pos"": 79.6, ""error"": 941.77963335}, {""pair"": [1, 1, 0, 12], ""acc"": 3.5, ""vel"": 26.06, ""pos"": 79.6, ""error"": 122.57963334999998}]]"
0.3,26.06,80.10000000000001,0.3,26.06,80.1,0.3,26.06,80.1,1,"[{""pair"": [3, 0, 3, 2], ""acc"": 0.3, ""vel"": 26.06, ""pos"": 80.1, ""error"": 0.08780160000097226}, {""pair"": [3, 1, 0, 0], ""acc"": 0.3, ""vel"": 27.34, ""pos"": 80.1, ""error"": 1.3065920000011175}, {""pair"": [1, 1, 0, 0], ""acc"": 0.3, ""vel"": 27.34, ""pos"": 92.9, ""error"": 1.3065920000011175}, {""pair"": [0, 1, 0, 0], ""acc"": 0.3, ""vel"": 29.9, ""pos"": 80.1, ""error"": 3.8665920000011162}, {""pair"": [3, 1, 1, 0], ""acc"": 0.3, ""vel"": 26.06, ""pos"": 86.5, ""error"": 6.321798399999011}, {""pair"": [1, 1, 1, 0], ""acc"": 0.3, ""vel"": 26.06, ""pos"": 99.3, ""error"": 6.487801600000964}, {""pair"": [0, 1, 1, 0], ""acc"": 0.3, ""vel"": 28.62, ""pos"": 86.5, ""error"": 8.821407999999153}]","[[{""pair"": [3, 0, 3, 2], ""acc"": 0.3, ""vel"": 26.06, ""pos"": 80.1, ""error"": 0.08780160000097226}, {""pair"": [3, 0, 3, 2], ""acc"": 0.3, ""vel"": 26.06, ""pos"": 80.1, ""error"": 0.13859200000085536}, {""pair"": [3, 0, 3, 2], ""acc"": 0.3, ""vel"": 26.06, ""pos"": 80.1, ""error"": 12.721798399999017}, {""pair"": [3, 0, 3, 2], ""acc"": 0.3, ""vel"": 26.06, ""pos"": 80.1, ""error"": 12.773407999998895}], [{""pair"": [3, 1, 0, 0], ""acc"": 0.3, ""vel"": 27.34, ""pos"": 80.1, ""error"": 1.3582016000009958}, {""pair"": [3, 1, 0, 0], ""acc"": 0.3, ""vel"": 27.34, ""pos"": 80.1, ""error"": 1.3065920000011175}, {""pair"": [3, 1, 0, 0], ""acc"": 0.3, ""vel"": 27.34, ""pos"": 80.1, ""error"": 13.99219839999904}, {""pair"": [3, 1, 0, 0], ""acc"": 0.3, ""vel"": 27.34, ""pos"": 80.1, ""error"": 13.941407999999157}], [{""pair"": [3, 1, 1, 0], ""acc"": 0.3, ""vel"": 26.06, ""pos"": 86.5, ""error"": 6.487801600000978}, {""pair"": [3, 1, 1, 0], ""acc"": 0.3, ""vel"": 26.06, ""pos"": 86.5, ""error"": 6.538592000000861}, {""pair"": [3, 1, 1, 0], ""acc"": 0.3, ""vel"": 26.06, ""pos"": 86.5, ""error"": 6.321798399999011}, {""pair"": [3, 1, 1, 0], ""acc"": 0.3, ""vel"": 26.06, ""pos"": 86.5, ""error"": 6.373407999998889}], [{""pair"": [0, 1, 0, 0], ""acc"": 0.3, ""vel"": 29.9, ""pos"": 80.1, ""error"": 3.9182016000009945}, {""pair"": [0, 1, 0, 0], ""acc"": 0.3, ""vel"": 29.9, ""pos"": 80.1, ""error"": 3.8665920000011162}, {""pair"": [0, 1, 0, 0], ""acc"": 0.3, ""vel"": 29.9, ""pos"": 80.1, ""error"": 16.55219839999904}, {""pair"": [0, 1, 0, 0], ""acc"": 0.3, ""vel"": 29.9, ""pos"": 80.1, ""error"": 16.501407999999156}], [{""pair"": [0, 1, 1, 0], ""acc"": 0.3, ""vel"": 28.62, ""pos"": 86.5, ""error"": 9.038201600001003}, {""pair"": [0, 1, 1, 0], ""acc"": 0.3, ""vel"": 28.62, ""pos"": 86.5, ""error"": 8.986592000001124}, {""pair"": [0, 1, 1, 0], ""acc"": 0.3, ""vel"": 28.62, ""pos"": 86.5, ""error"": 8.872198399999036}, {""pair"": [0, 1, 1, 0], ""acc"": 0.3, ""vel"": 28.62, ""pos"": 86.5, ""error"": 8.821407999999153}], [{""pair"": [1, 1, 0, 0], ""acc"": 0.3, ""vel"": 27.34, ""pos"": 92.9, ""error"": 14.158201600001007}, {""pair"": [1, 1, 0, 0], ""acc"": 0.3, ""vel"": 27.34, ""pos"": 92.9, ""error"": 14.106592000001129}, {""pair"": [1, 1, 0, 0], ""acc"": 0.3, ""vel"": 27.34, ""pos"": 92.9, ""error"": 1.3582016000009958}, {""pair"": [1, 1, 0, 0], ""acc"": 0.3, ""vel"": 27.34, ""pos"": 92.9, ""error"": 1.3065920000011175}], [{""pair"": [1, 1, 1, 0], ""acc"": 0.3, ""vel"": 26.06, ""pos"": 99.3, ""error"": 19.287801600000975}, {""pair"": [1, 1, 1, 0], ""acc"": 0.3, ""vel"": 26.06, ""pos"": 99.3, ""error"": 19.338592000000858}, {""pair"": [1, 1, 1, 0], ""acc"": 0.3, ""vel"": 26.06, ""pos"": 99.3, ""error"": 6.487801600000964}, {""pair"": [1, 1, 1, 0], ""acc"": 0.3, ""vel"": 26.06, ""pos"": 99.3, ""error"": 6.538592000000847}], [{""pair"": [3, 0, 2, 2], ""acc"": 0.3, ""vel"": 26.06, ""pos"": 80.1, ""error"": 0.08780160000097226}, {""pair"": [3, 0, 2, 2], ""acc"": 0.3, ""vel"": 26.06, ""pos"": 80.1, ""error"": 0.13859200000085536}, {""pair"": [3, 0, 2, 2], ""acc"": 0.3, ""vel"": 26.06, ""pos"": 80.1, ""error"": 12.721798399999017}, {""pair"": [3, 0, 2, 2], ""acc"": 0.3, ""vel"": 26.06, ""pos"": 80.1, ""error"": 12.773407999998895}], [{""pair"": [3, 2, 2, 0], ""acc"": 0.3, ""vel"": 26.06, ""pos"": 80.1, ""error"": 0.08780160000097226}, {""pair"": [3, 2, 2, 0], ""acc"": 0.3, ""vel"": 26.06, ""pos"": 80.1, ""error"": 0.13859200000085536}, {""pair"": [3, 2, 2, 0], ""acc"": 0.3, ""vel"": 26.06, ""pos"": 80.1, ""error"": 12.721798399999017}, {""pair"": [3, 2, 2, 0], ""acc"": 0.3, ""vel"": 26.06, ""pos"": 80.1, ""error"": 12.773407999998895}], [{""pair"": [2, 0, 2, 2], ""acc"": 0.3, ""vel"": 26.06, ""pos"": 80.1, ""error"": 0.08780160000097226}, {""pair"": [2, 0, 2, 2], ""acc"": 0.3, ""vel"": 26.06, ""pos"": 80.1, ""error"": 0.13859200000085536}, {""pair"": [2, 0, 2, 2], ""acc"": 0.3, ""vel"": 26.06, ""pos"": 80.1, ""error"": 12.721798399999017}, {""pair"": [2, 0, 2, 2], ""acc"": 0.3, ""vel"": 26.06, ""pos"": 80.1, ""error"": 12.773407999998895}]]"
0.3,26.07,80.5,0.3,27.35,490.1,0.3,26.07,80.5,2,"[{""pair"": [0, 0, 1, 6], ""acc"": 0.3, ""vel"": 26.07, ""pos"": 80.5, ""error"": 0.04796334999988616}, {""pair"": [2, 0, 1, 6], ""acc"": 0.3, ""vel"": 27.35, ""pos"": 80.5, ""error"": 0.06972334999988661}, {""pair"": [3, 6, 0, 0], ""acc"": 0.3, ""vel"": 26.07, ""pos"": 490.1, ""error"": 390.36183665000016}, {""pair"": [3, 6, 2, 0], ""acc"": 0.3, ""vel"": 27.35, ""pos"": 490.1, ""error"": 391.64183665000013}]","[[{""pair"": [3, 6, 0, 0], ""acc"": 0.3, ""vel"": 26.07, ""pos"": 490.1, ""error"": 409.56183665000015}, {""pair"": [3, 6, 0, 0], ""acc"": 0.3, ""vel"": 26.07, ""pos"": 490.1, ""error"": 410.81027665000016}, {""pair"": [3, 6, 0, 0], ""acc"": 0.3, ""vel"": 26.07, ""pos"": 490.1, ""error"": 398.01027665000015}, {""pair"": [3, 6, 0, 0], ""acc"": 0.3, ""vel"": 26.07, ""pos"": 490.1, ""error"": 413.32675665000016}, {""pair"": [3, 6, 0, 0], ""acc"": 0.3, ""vel"": 26.07, ""pos"": 490.1, ""error"": 403.16183665000017}, {""pair"": [3, 6, 0, 0], ""acc"": 0.3, ""vel"": 26.07, ""pos"": 490.1, ""error"": 390.36183665000016}, {""pair"": [3, 6, 0, 0], ""acc"": 0.3, ""vel"": 26.07, ""pos"": 490.1, ""error"": 405.66851665000013}], [{""pair"": [3, 6, 2, 0], ""acc"": 0.3, ""vel"": 27.35, ""pos"": 490.1, ""error"": 410.8418366500001}, {""pair"": [3, 6, 2, 0], ""acc"": 0.3, ""vel"": 27.35, ""pos"": 490.1, ""error"": 409.5400766500002}, {""pair"": [3, 6, 2, 0], ""acc"": 0.3, ""vel"": 27.35, ""pos"": 490.1, ""error"": 396.74007665000016}, {""pair"": [3, 6, 2, 0], ""acc"": 0.3, ""vel"": 27.35, ""pos"": 490.1, ""error"": 412.04675665000013}, {""pair"": [3, 6, 2, 0], ""acc"": 0.3, ""vel"": 27.35, ""pos"": 490.1, ""error"": 404.44183665000014}, {""pair"": [3, 6, 2, 0], ""acc"": 0.3, ""vel"": 27.35, ""pos"": 490.1, ""error"": 391.64183665000013}, {""pair"": [3, 6, 2, 0], ""acc"": 0.3, ""vel"": 27.35, ""pos"": 490.1, ""error"": 404.38851665000016}], [{""pair"": [0, 0, 1, 6], ""acc"": 0.3, ""vel"": 26.07, ""pos"": 80.5, ""error"": 0.04796334999988616}, {""pair"": [0, 0, 1, 6], ""acc"": 0.3, ""vel"": 26.07, ""pos"": 80.5, ""error"": 1.3399233499998822}, {""pair"": [0, 0, 1, 6], ""acc"": 0.3, ""vel"": 26.07, ""pos"": 80.5, ""error"": 14.139923349999894}, {""pair"": [0, 0, 1, 6], ""acc"": 0.3, ""vel"": 26.07, ""pos"": 80.5, ""error"": 3.9434433499998676}, {""pair"": [0, 0, 1, 6], ""acc"": 0.3, ""vel"": 26.07, ""pos"": 80.5, ""error"": 6.447963349999892}, {""pair"": [0, 0, 1, 6], ""acc"": 0.3, ""vel"": 26.07, ""pos"": 80.5, ""error"": 19.24796334999989}, {""pair"": [0, 0, 1, 6], ""acc"": 0.3, ""vel"": 26.07, ""pos"": 80.5, ""error"": 9.041683349999875}], [{""pair"": [2, 0, 1, 6], ""acc"": 0.3, ""vel"": 27.35, ""pos"": 80.5, ""error"": 1.3279633499998873}, {""pair"": [2, 0, 1, 6], ""acc"": 0.3, ""vel"": 27.35, ""pos"": 80.5, ""error"": 0.06972334999988661}, {""pair"": [2, 0, 1, 6], ""acc"": 0.3, ""vel"": 27.35, ""pos"": 80.5, ""error"": 12.869723349999898}, {""pair"": [2, 0, 1, 6], ""acc"": 0.3, ""vel"": 27.35, ""pos"": 80.5, ""error"": 2.6634433499998664}, {""pair"": [2, 0, 1, 6], ""acc"": 0.3, ""vel"": 27.35, ""pos"": 80.5, ""error"": 7.727963349999893}, {""pair"": [2, 0, 1, 6], ""acc"": 0.3, ""vel"": 27.35, ""pos"": 80.5, ""error"": 20.52796334999989}, {""pair"": [2, 0, 1, 6], ""acc"": 0.3, ""vel"": 27.35, ""pos"": 80.5, ""error"": 7.761683349999874}]]"
0.3,26.07,80.9,0.3,20.95,80.9,0.3,26.07,80.9,3,"[{""pair"": [0, 2, 2, 9], ""acc"": 0.3, ""vel"": 26.07, ""pos"": 80.9, ""error"": 0.04833334999987926}]","[[{""pair"": [3, 2, 1, 9], ""acc"": 0.3, ""vel"": 20.94, ""pos"": 80.9, ""error"": 5.178333349999878}, {""pair"": [3, 2, 1, 9], ""acc"": 0.3, ""vel"": 20.94, ""pos"": 80.9, ""error"": 6.48009334999988}, {""pair"": [3, 2, 1, 9], ""acc"": 0.3, ""vel"": 20.94, ""pos"": 80.9, ""error"": 414.77833334999997}, {""pair"": [3, 2, 1, 9], ""acc"": 0.3, ""vel"": 20.94, ""pos"": 80.9, ""error"": 416.0800933499999}], [{""pair"": [3, 2, 2, 9], ""acc"": 0.3, ""vel"": 20.95, ""pos"": 80.9, ""error"": 5.16833334999988}, {""pair"": [3, 2, 2, 9], ""acc"": 0.3, ""vel"": 20.95, ""pos"": 80.9, ""error"": 6.470093349999882}, {""pair"": [3, 2, 2, 9], ""acc"": 0.3, ""vel"": 20.95, ""pos"": 80.9, ""error"": 414.7683333499999}, {""pair"": [3, 2, 2, 9], ""acc"": 0.3, ""vel"": 20.95, ""pos"": 80.9, ""error"": 416.0700933499999}], [{""pair"": [0, 2, 1, 9], ""acc"": 0.3, ""vel"": 26.06, ""pos"": 80.9, ""error"": 0.058333349999880824}, {""pair"": [0, 2, 1, 9], ""acc"": 0.3, ""vel"": 26.06, ""pos"": 80.9, ""error"": 1.3600933499998824}, {""pair"": [0, 2, 1, 9], ""acc"": 0.3, ""vel"": 26.06, ""pos"": 80.9, ""error"": 409.65833334999996}, {""pair"": [0, 2, 1, 9], ""acc"": 0.3, ""vel"": 26.06, ""pos"": 80.9, ""error"": 410.9600933499999}], [{""pair"": [0, 2, 2, 9], ""acc"": 0.3, ""vel"": 26.07, ""pos"": 80.9, ""error"": 0.04833334999987926}, {""pair"": [0, 2, 2, 9], ""acc"": 0.3, ""vel"": 26.07, ""pos"": 80.9, ""error"": 1.3500933499998808}, {""pair"": [0, 2, 2, 9], ""acc"": 0.3, ""vel"": 26.07, ""pos"": 80.9, ""error"": 409.6483333499999}, {""pair"": [0, 2, 2, 9], ""acc"": 0.3, ""vel"": 26.07, ""pos"": 80.9, ""error"": 410.9500933499999}]]"
0.3,26.08,81.4,0.3,26.08,78.2,0.3,26.08,81.4,3,"[{""pair"": [2, 3, 2, 15], ""acc"": 0.3, ""vel"": 26.08, ""pos"": 81.4, ""error"": 0.36057335000038293}]","[[{""pair"": [3, 15, 0, 3], ""acc"": 0.3, ""vel"": 36.32, ""pos"": 78.2, ""error"": 13.800573350000388}], [{""pair"": [3, 15, 2, 3], ""acc"": 0.3, ""vel"": 26.08, ""pos"": 78.2, ""error"": 3.5605733500003858}], [{""pair"": [0, 3, 0, 15], ""acc"": -25.3, ""vel"": 36.32, ""pos"": 78.2, ""error"": 13.800573350000388}], [{""pair"": [0, 3, 1, 15], ""acc"": 0.3, ""vel"": 36.96, ""pos"": 78.2, ""error"": 14.440573350000388}], [{""pair"": [0, 3, 2, 15], ""acc"": 0.3, ""vel"": 36.32, ""pos"": 81.4, ""error"": 10.600573350000385}], [{""pair"": [2, 3, 0, 15], ""acc"": -25.3, ""vel"": 26.08, ""pos"": 78.2, ""error"": 3.5605733500003858}], [{""pair"": [2, 3, 1, 15], ""acc"": 0.3, ""vel"": 26.72, ""pos"": 78.2, ""error"": 4.200573350000386}], [{""pair"": [2, 3, 2, 15], ""acc"": 0.3, ""vel"": 26.08, ""pos"": 81.4, ""error"": 0.36057335000038293}]]"
0.4,26.09,82.2,0.4,108.01,82.2,0.4,26.09,82.2,3,"[{""pair"": [3, 0, 0, 6], ""acc"": 0.4, ""vel"": 26.09, ""pos"": 82.2, ""error"": 0.36149665000010245}]","[[{""pair"": [3, 0, 3, 6], ""acc"": 0.4, ""vel"": 108.01, ""pos"": 82.2, ""error"": 82.28149665000011}], [{""pair"": [3, 0, 0, 6], ""acc"": 0.4, ""vel"": 26.09, ""pos"": 82.2, ""error"": 0.36149665000010245}], [{""pair"": [3, 6, 2, 0], ""acc"": 0.4, ""vel"": 108.01, ""pos"": 82.2, ""error"": 82.28149665000011}], [{""pair"": [2, 0, 0, 6], ""acc"": 0.4, ""vel"": 26.09, ""pos"": 82.2, ""error"": 0.36149665000010245}]]"
0.4,26.1,82.7,0.4,26.08,82.7,0.4,26.1,82.7,3,"[{""pair"": [2, 8, 1, 10], ""acc"": 0.4, ""vel"": 26.1, ""pos"": 82.7, ""error"": 0.08610879999948295}]","[[{""pair"": [3, 8, 1, 9], ""acc"": 0.4, ""vel"": 26.09, ""pos"": 82.7, ""error"": 0.08890879999949419}], [{""pair"": [3, 8, 2, 9], ""acc"": 0.4, ""vel"": 26.08, ""pos"": 82.7, ""error"": 0.09890879999949576}], [{""pair"": [0, 8, 1, 9], ""acc"": 0.6, ""vel"": 26.09, ""pos"": 82.7, ""error"": 0.08890879999949419}], [{""pair"": [0, 8, 2, 9], ""acc"": 0.6, ""vel"": 26.08, ""pos"": 82.7, ""error"": 0.09890879999949576}], [{""pair"": [1, 8, 1, 9], ""acc"": 0.4, ""vel"": 26.09, ""pos"": 1721.1, ""error"": 1638.4889087999993}], [{""pair"": [1, 8, 2, 9], ""acc"": 0.4, ""vel"": 26.08, ""pos"": 1721.1, ""error"": 1638.4989087999993}], [{""pair"": [2, 8, 0, 10], ""acc"": 1.2, ""vel"": 26.08, ""pos"": 82.7, ""error"": 0.09890879999949576}], [{""pair"": [2, 8, 1, 10], ""acc"": 0.4, ""vel"": 26.1, ""pos"": 82.7, ""error"": 0.08610879999948295}]]"
0.4,26.1,83.10000000000001,0.4,26.1,79.9,0.4,26.1,83.1,3,"[{""pair"": [3, 9, 2, 15], ""acc"": 0.4, ""vel"": 26.1, ""pos"": 83.1, ""error"": 0.5012311999997934}]","[[{""pair"": [3, 9, 0, 15], ""acc"": -25.2, ""vel"": 26.1, ""pos"": 79.9, ""error"": 3.701231199999782}], [{""pair"": [3, 9, 1, 15], ""acc"": 0.4, ""vel"": 26.74, ""pos"": 79.9, ""error"": 4.314031199999786}], [{""pair"": [3, 9, 2, 15], ""acc"": 0.4, ""vel"": 26.1, ""pos"": 83.1, ""error"": 0.5012311999997934}], [{""pair"": [0, 15, 0, 9], ""acc"": -25.6, ""vel"": 26.1, ""pos"": 79.9, ""error"": 3.701231199999782}], [{""pair"": [0, 15, 2, 9], ""acc"": -25.2, ""vel"": 26.1, ""pos"": 79.9, ""error"": 3.701231199999782}], [{""pair"": [1, 15, 0, 9], ""acc"": 0.0, ""vel"": 26.74, ""pos"": 79.9, ""error"": 4.314031199999786}], [{""pair"": [1, 15, 2, 9], ""acc"": 0.4, ""vel"": 26.74, ""pos"": 79.9, ""error"": 4.314031199999786}], [{""pair"": [2, 15, 0, 9], ""acc"": 0.0, ""vel"": 26.1, ""pos"": 83.1, ""error"": 0.5012311999997934}], [{""pair"": [2, 15, 2, 9], ""acc"": 0.4, ""vel"": 26.1, ""pos"": 83.1, ""error"": 0.5012311999997934}]]"
0.5,26.12,84.0,0.5,26.12,84.0,0.5,26.12,84.0,3,"[{""pair"": [3, 3, 2, 7], ""acc"": 0.5, ""vel"": 26.12, ""pos"": 84.0, ""error"": 0.4959487999994927}]","[[{""pair"": [3, 3, 1, 7], ""acc"": 0.5, ""vel"": 26.12, ""pos"": 903.2, ""error"": 819.6959487999995}], [{""pair"": [3, 3, 2, 7], ""acc"": 0.5, ""vel"": 26.12, ""pos"": 84.0, ""error"": 0.4959487999994927}], [{""pair"": [1, 3, 1, 7], ""acc"": 0.5, ""vel"": 26.12, ""pos"": 852.0, ""error"": 768.4959487999995}], [{""pair"": [1, 3, 2, 7], ""acc"": 0.5, ""vel"": 26.12, ""pos"": 32.8, ""error"": 50.7312512000005}]]"
0.5,26.13,84.4,0.5,36.45,84.4,0.5,26.13,84.4,3,"[{""pair"": [0, 3, 1, 12], ""acc"": 0.5, ""vel"": 26.13, ""pos"": 84.4, ""error"": 0.045612249999884114}]","[[{""pair"": [0, 3, 1, 12], ""acc"": 0.5, ""vel"": 26.13, ""pos"": 84.4, ""error"": 0.045612249999884114}], [{""pair"": [0, 3, 2, 12], ""acc"": 0.5, ""vel"": 26.21, ""pos"": 84.0, ""error"": 0.5256122499998916}], [{""pair"": [1, 3, 1, 12], ""acc"": 0.5, ""vel"": 36.37, ""pos"": 33.2, ""error"": 61.48561224999989}], [{""pair"": [1, 3, 2, 12], ""acc"": 0.5, ""vel"": 36.45, ""pos"": 32.8, ""error"": 61.96561224999989}]]"
0.5,26.14,84.80000000000001,-23.5,26.14,84.8,0.5,26.14,84.8,3,"[{""pair"": [0, 11, 0, 15], ""acc"": 0.5, ""vel"": 26.14, ""pos"": 84.8, ""error"": 0.4690622500004089}]","[[{""pair"": [3, 15, 0, 11], ""acc"": -25.1, ""vel"": 26.14, ""pos"": 84.8, ""error"": 0.4690622500004089}], [{""pair"": [3, 15, 1, 11], ""acc"": -23.5, ""vel"": 26.1, ""pos"": 84.8, ""error"": 0.5090622500004081}], [{""pair"": [0, 11, 0, 15], ""acc"": 0.5, ""vel"": 26.14, ""pos"": 84.8, ""error"": 0.4690622500004089}], [{""pair"": [1, 11, 0, 15], ""acc"": 2.1, ""vel"": 26.1, ""pos"": 84.8, ""error"": 0.5090622500004081}]]"
0.5,26.15,85.7,0.5,26.15,85.7,0.5,26.15,85.7,3,"[{""pair"": [3, 0, 3, 1], ""acc"": 0.5, ""vel"": 26.15, ""pos"": 85.7, ""error"": 0.017951000000216766}]","[[{""pair"": [3, 0, 3, 1], ""acc"": 0.5, ""vel"": 26.15, ""pos"": 85.7, ""error"": 0.017951000000216766}], [{""pair"": [3, 0, 2, 1], ""acc"": 0.5, ""vel"": 26.15, ""pos"": 85.7, ""error"": 0.017951000000216766}], [{""pair"": [3, 1, 1, 0], ""acc"": 0.5, ""vel"": 26.15, ""pos"": 79.3, ""error"": 6.396048999999785}], [{""pair"": [0, 0, 0, 2], ""acc"": 0.5, ""vel"": 22.31, ""pos"": 85.7, ""error"": 3.8579510000002166}], [{""pair"": [0, 0, 1, 2], ""acc"": 0.5, ""vel"": 27.43, ""pos"": 60.1, ""error"": 26.862048999999786}], [{""pair"": [0, 0, 2, 2], ""acc"": 0.5, ""vel"": 27.43, ""pos"": 85.7, ""error"": 1.283951000000222}], [{""pair"": [2, 0, 0, 2], ""acc"": 0.5, ""vel"": 21.03, ""pos"": 85.7, ""error"": 5.137951000000214}], [{""pair"": [2, 0, 1, 2], ""acc"": 0.5, ""vel"": 26.15, ""pos"": 60.1, ""error"": 25.59604899999978}], [{""pair"": [2, 0, 2, 2], ""acc"": 0.5, ""vel"": 26.15, ""pos"": 85.7, ""error"": 0.017951000000216766}], [{""pair"": [1, 0, 2, 1], ""acc"": 0.5, ""vel"": 26.15, ""pos"": 79.3, ""error"": 6.396048999999785}]]"
0.5,26.17,86.60000000000001,0.5,26.17,87.4,0.5,26.17,86.4,3,"[{""pair"": [2, 11, 2, 13], ""acc"": 0.5, ""vel"": 26.17, ""pos"": 86.4, ""error"": 0.293536000001005}]","[[{""pair"": [3, 11, 1, 13], ""acc"": 0.5, ""vel"": 26.01, ""pos"": 87.4, ""error"": 1.4295360000009616}], [{""pair"": [3, 11, 2, 13], ""acc"": 0.5, ""vel"": 26.17, ""pos"": 86.6, ""error"": 0.4935360000009936}], [{""pair"": [2, 11, 1, 13], ""acc"": 0.5, ""vel"": 26.01, ""pos"": 87.2, ""error"": 1.2295360000009588}], [{""pair"": [2, 11, 2, 13], ""acc"": 0.5, ""vel"": 26.17, ""pos"": 86.4, ""error"": 0.293536000001005}]]"
0.5,26.18,87.0,0.5,26.18,83.8,0.5,26.18,86.8,0,"[{""pair"": [0, 0, 0, 0], ""acc"": 0.5, ""vel"": 26.18, ""pos"": 86.8, ""error"": 0}]",[]
0.5,26.18,87.4,1.3,26.18,87.4,0.5,26.18,87.4,1,"[{""pair"": [3, 6, 0, 10], ""acc"": 0.5, ""vel"": 26.18, ""pos"": 87.4, ""error"": 0.28071225000040556}, {""pair"": [3, 6, 1, 10], ""acc"": 1.3, ""vel"": 26.16, ""pos"": 87.4, ""error"": 0.30071225000040513}]","[[{""pair"": [3, 6, 0, 10], ""acc"": 0.5, ""vel"": 26.18, ""pos"": 87.4, ""error"": 0.28071225000040556}], [{""pair"": [3, 6, 1, 10], ""acc"": 1.3, ""vel"": 26.16, ""pos"": 87.4, ""error"": 0.30071225000040513}], [{""pair"": [2, 6, 0, 10], ""acc"": 0.5, ""vel"": 26.18, ""pos"": 87.4, ""error"": 0.28071225000040556}], [{""pair"": [2, 6, 1, 10], ""acc"": 1.3, ""vel"": 26.16, ""pos"": 87.4, ""error"": 0.30071225000040513}]]"
0.5,26.2,88.30000000000001,0.5,26.2,88.3,0.5,26.2,88.3,2,"[{""pair"": [3, 11, 2, 3], ""acc"": 0.5, ""vel"": 26.2, ""pos"": 88.3, ""error"": 0.46636775000009223}, {""pair"": [2, 3, 0, 11], ""acc"": 2.1, ""vel"": 26.2, ""pos"": 88.3, ""error"": 0.46636775000009223}, {""pair"": [3, 11, 0, 3], ""acc"": 0.5, ""vel"": 36.44, ""pos"": 88.3, ""error"": 10.70636775000009}, {""pair"": [0, 3, 0, 11], ""acc"": 2.1, ""vel"": 36.44, ""pos"": 88.3, ""error"": 10.70636775000009}]","[[{""pair"": [3, 11, 0, 3], ""acc"": 0.5, ""vel"": 36.44, ""pos"": 88.3, ""error"": 10.70636775000009}, {""pair"": [3, 11, 0, 3], ""acc"": 0.5, ""vel"": 36.44, ""pos"": 88.3, ""error"": 10.712992150000101}], [{""pair"": [3, 11, 2, 3], ""acc"": 0.5, ""vel"": 26.2, ""pos"": 88.3, ""error"": 0.46636775000009223}, {""pair"": [3, 11, 2, 3], ""acc"": 0.5, ""vel"": 26.2, ""pos"": 88.3, ""error"": 0.47299215000010264}], [{""pair"": [0, 3, 0, 11], ""acc"": 2.1, ""vel"": 36.44, ""pos"": 88.3, ""error"": 10.70636775000009}, {""pair"": [0, 3, 0, 11], ""acc"": 2.1, ""vel"": 36.44, ""pos"": 88.3, ""error"": 10.712992150000101}], [{""pair"": [2, 3, 0, 11], ""acc"": 2.1, ""vel"": 26.2, ""pos"": 88.3, ""error"": 0.46636775000009223}, {""pair"": [2, 3, 0, 11], ""acc"": 2.1, ""vel"": 26.2, ""pos"": 88.3, ""error"": 0.47299215000010264}]]"
0.5,26.21,88.80000000000001,0.5,26.21,88.8,0.5,26.21,88.8,3,"[{""pair"": [3, 8, 3, 15], ""acc"": 0.5, ""vel"": 26.21, ""pos"": 88.8, ""error"": 0.05602775000010851}]","[[{""pair"": [3, 8, 3, 15], ""acc"": 0.5, ""vel"": 26.21, ""pos"": 88.8, ""error"": 0.05602775000010851}, {""pair"": [3, 8, 3, 15], ""acc"": 0.5, ""vel"": 26.21, ""pos"": 88.8, ""error"": 0.07999655000009298}, {""pair"": [3, 8, 3, 15], ""acc"": 0.5, ""vel"": 26.21, ""pos"": 88.8, ""error"": 10.35805224999985}, {""pair"": [3, 8, 3, 15], ""acc"": 0.5, ""vel"": 26.21, ""pos"": 88.8, ""error"": 10.385483449999846}], [{""pair"": [3, 8, 0, 15], ""acc"": -25.1, ""vel"": 26.21, ""pos"": 88.8, ""error"": 0.05602775000010851}, {""pair"": [3, 8, 0, 15], ""acc"": -25.1, ""vel"": 26.21, ""pos"": 88.8, ""error"": 0.07999655000009298}, {""pair"": [3, 8, 0, 15], ""acc"": -25.1, ""vel"": 26.21, ""pos"": 88.8, ""error"": 10.35805224999985}, {""pair"": [3, 8, 0, 15], ""acc"": -25.1, ""vel"": 26.21, ""pos"": 88.8, ""error"": 10.385483449999846}], [{""pair"": [3, 8, 1, 15], ""acc"": 0.5, ""vel"": 26.85, ""pos"": 88.8, ""error"": 0.6960277500001091}, {""pair"": [3, 8, 1, 15], ""acc"": 0.5, ""vel"": 26.85, ""pos"": 88.8, ""error"": 0.6685965500001139}, {""pair"": [3, 8, 1, 15], ""acc"": 0.5, ""vel"": 26.85, ""pos"": 88.8, ""error"": 9.71805224999985}, {""pair"": [3, 8, 1, 15], ""acc"": 0.5, ""vel"": 26.85, ""pos"": 88.8, ""error"": 9.745483449999846}], [{""pair"": [3, 15, 2, 8], ""acc"": 0.5, ""vel"": 26.21, ""pos"": 88.8, ""error"": 0.05602775000010851}, {""pair"": [3, 15, 2, 8], ""acc"": 0.5, ""vel"": 26.21, ""pos"": 88.8, ""error"": 0.07999655000009298}, {""pair"": [3, 15, 2, 8], ""acc"": 0.5, ""vel"": 26.21, ""pos"": 88.8, ""error"": 10.35805224999985}, {""pair"": [3, 15, 2, 8], ""acc"": 0.5, ""vel"": 26.21, ""pos"": 88.8, ""error"": 10.385483449999846}], [{""pair"": [2, 8, 0, 15], ""acc"": -25.1, ""vel"": 26.21, ""pos"": 88.8, ""error"": 0.05602775000010851}, {""pair"": [2, 8, 0, 15], ""acc"": -25.1, ""vel"": 26.21, ""pos"": 88.8, ""error"": 0.07999655000009298}, {""pair"": [2, 8, 0, 15], ""acc"": -25.1, ""vel"": 26.21, ""pos"": 88.8, ""error"": 10.35805224999985}, {""pair"": [2, 8, 0, 15], ""acc"": -25.1, ""vel"": 26.21, ""pos"": 88.8, ""error"": 10.385483449999846}], [{""pair"": [2, 8, 1, 15], ""acc"": 0.5, ""vel"": 26.85, ""pos"": 88.8, ""error"": 0.6960277500001091}, {""pair"": [2, 8, 1, 15], ""acc"": 0.5, ""vel"": 26.85, ""pos"": 88.8, ""error"": 0.6685965500001139}, {""pair"": [2, 8, 1, 15], ""acc"": 0.5, ""vel"": 26.85, ""pos"": 88.8, ""error"": 9.71805224999985}, {""pair"": [2, 8, 1, 15], ""acc"": 0.5, ""vel"": 26.85, ""pos"": 88.8, ""error"": 9.745483449999846}]]"
0.5,26.22,89.2,0.5,5.74,89.2,0.5,26.22,89.2,3,"[{""pair"": [3, 14, 0, 4], ""acc"": 0.5, ""vel"": 26.22, ""pos"": 89.2, ""error"": 0.021424000000486387}]","[[{""pair"": [3, 14, 0, 4], ""acc"": 0.5, ""vel"": 26.22, ""pos"": 89.2, ""error"": 0.021424000000486387}], [{""pair"": [3, 14, 1, 4], ""acc"": 0.5, ""vel"": 5.74, ""pos"": 191.6, ""error"": 122.8585759999995}], [{""pair"": [0, 4, 0, 14], ""acc"": 13.3, ""vel"": 26.22, ""pos"": 89.2, ""error"": 0.021424000000486387}], [{""pair"": [1, 4, 0, 14], ""acc"": 13.3, ""vel"": 5.74, ""pos"": 191.6, ""error"": 122.8585759999995}]]"
0.5,26.22,89.60000000000001,3.7,25.9,89.6,0.5,26.22,89.6,3,"[{""pair"": [0, 12, 1, 14], ""acc"": 0.5, ""vel"": 26.22, ""pos"": 89.6, ""error"": 0.05431224999989581}]","[[{""pair"": [3, 12, 3, 13], ""acc"": 3.7, ""vel"": 25.9, ""pos"": 89.6, ""error"": 0.3743122499998961}], [{""pair"": [3, 12, 0, 13], ""acc"": 10.1, ""vel"": 25.9, ""pos"": 89.6, ""error"": 0.3743122499998961}], [{""pair"": [3, 12, 2, 13], ""acc"": 3.7, ""vel"": 25.9, ""pos"": 90.4, ""error"": 1.0826877500001117}], [{""pair"": [3, 13, 2, 12], ""acc"": 3.7, ""vel"": 25.9, ""pos"": 90.0, ""error"": 0.6826877500001061}], [{""pair"": [0, 12, 0, 14], ""acc"": 13.3, ""vel"": 25.9, ""pos"": 89.6, ""error"": 0.3743122499998961}], [{""pair"": [0, 12, 1, 14], ""acc"": 0.5, ""vel"": 26.22, ""pos"": 89.6, ""error"": 0.05431224999989581}], [{""pair"": [0, 12, 2, 14], ""acc"": 0.5, ""vel"": 25.9, ""pos"": 91.2, ""error"": 1.882687750000109}], [{""pair"": [1, 12, 0, 14], ""acc"": 16.5, ""vel"": 25.82, ""pos"": 89.6, ""error"": 0.4543122499998944}], [{""pair"": [1, 12, 1, 14], ""acc"": 3.7, ""vel"": 26.14, ""pos"": 89.6, ""error"": 0.1343122499998941}], [{""pair"": [1, 12, 2, 14], ""acc"": 3.7, ""vel"": 25.82, ""pos"": 91.2, ""error"": 1.9626877500001072}], [{""pair"": [2, 12, 0, 13], ""acc"": 10.1, ""vel"": 25.9, ""pos"": 90.0, ""error"": 0.6826877500001061}], [{""pair"": [2, 12, 2, 13], ""acc"": 3.7, ""vel"": 25.9, ""pos"": 90.8, ""error"": 1.4826877500001032}]]"
0.5,26.23,90.1,0.5,21.11,90.1,0.5,26.23,90.1,3,"[{""pair"": [3, 1, 0, 2], ""acc"": 0.5, ""vel"": 26.23, ""pos"": 90.1, ""error"": 0.05568775000011428}]","[[{""pair"": [3, 1, 3, 2], ""acc"": 0.5, ""vel"": 21.11, ""pos"": 90.1, ""error"": 5.172687750000108}], [{""pair"": [3, 1, 0, 2], ""acc"": 0.5, ""vel"": 26.23, ""pos"": 90.1, ""error"": 0.05568775000011428}], [{""pair"": [3, 2, 1, 1], ""acc"": 0.5, ""vel"": 21.11, ""pos"": 77.3, ""error"": 17.864312249999884}], [{""pair"": [0, 0, 1, 0], ""acc"": 0.5, ""vel"": 22.39, ""pos"": 96.5, ""error"": 10.292687750000113}], [{""pair"": [0, 0, 2, 0], ""acc"": 0.5, ""vel"": 22.39, ""pos"": 90.1, ""error"": 3.892687750000107}], [{""pair"": [1, 0, 0, 0], ""acc"": 0.5, ""vel"": 22.39, ""pos"": 96.5, ""error"": 10.292687750000113}], [{""pair"": [1, 0, 2, 0], ""acc"": 0.5, ""vel"": 21.11, ""pos"": 96.5, ""error"": 11.572687750000114}], [{""pair"": [2, 0, 0, 0], ""acc"": 0.5, ""vel"": 22.39, ""pos"": 90.1, ""error"": 3.892687750000107}], [{""pair"": [2, 0, 1, 0], ""acc"": 0.5, ""vel"": 21.11, ""pos"": 96.5, ""error"": 11.572687750000114}], [{""pair"": [1, 1, 0, 2], ""acc"": 0.5, ""vel"": 26.23, ""pos"": 77.3, ""error"": 12.74731224999989}]]"
0.5,26.24,90.5,0.5,26.24,90.5,0.5,26.24,90.5,3,"[{""pair"": [3, 0, 3, 6], ""acc"": 0.5, ""vel"": 26.24, ""pos"": 90.5, ""error"": 0.021744000000488484}]","[[{""pair"": [3, 0, 3, 6], ""acc"": 0.5, ""vel"": 26.24, ""pos"": 90.5, ""error"": 0.021744000000488484}], [{""pair"": [3, 0, 0, 6], ""acc"": 0.5, ""vel"": 108.16, ""pos"": 90.5, ""error"": 81.94174400000048}], [{""pair"": [3, 0, 1, 6], ""acc"": 0.5, ""vel"": 26.24, ""pos"": 500.1, ""error"": 409.5822559999995}], [{""pair"": [3, 0, 2, 6], ""acc"": 0.5, ""vel"": 26.24, ""pos"": 90.5, ""error"": 0.021744000000488484}], [{""pair"": [3, 6, 0, 0], ""acc"": 0.5, ""vel"": 27.52, ""pos"": 90.5, ""error"": 1.3017440000004896}], [{""pair"": [3, 6, 1, 0], ""acc"": 0.5, ""vel"": 26.24, ""pos"": 96.9, ""error"": 6.382255999999494}], [{""pair"": [3, 6, 2, 0], ""acc"": 0.5, ""vel"": 26.24, ""pos"": 90.5, ""error"": 0.021744000000488484}], [{""pair"": [0, 0, 0, 6], ""acc"": 0.5, ""vel"": 109.44, ""pos"": 90.5, ""error"": 83.22174400000048}], [{""pair"": [0, 0, 1, 6], ""acc"": 0.5, ""vel"": 27.52, ""pos"": 500.1, ""error"": 410.8622559999995}], [{""pair"": [0, 0, 2, 6], ""acc"": 0.5, ""vel"": 27.52, ""pos"": 90.5, ""error"": 1.3017440000004896}], [{""pair"": [1, 0, 0, 6], ""acc"": 0.5, ""vel"": 108.16, ""pos"": 96.9, ""error"": 88.30225599999949}], [{""pair"": [1, 0, 1, 6], ""acc"": 0.5, ""vel"": 26.24, ""pos"": 506.5, ""error"": 415.9822559999995}], [{""pair"": [1, 0, 2, 6], ""acc"": 0.5, ""vel"": 26.24, ""pos"": 96.9, ""error"": 6.382255999999494}], [{""pair"": [2, 0, 0, 6], ""acc"": 0.5, ""vel"": 108.16, ""pos"": 90.5, ""error"": 81.94174400000048}], [{""pair"": [2, 0, 1, 6], ""acc"": 0.5, ""vel"": 26.24, ""pos"": 500.1, ""error"": 409.5822559999995}], [{""pair"": [2, 0, 2, 6], ""acc"": 0.5, ""vel"": 26.24, ""pos"": 90.5, ""error"": 0.021744000000488484}]]"
0.5,26.25,90.9,0.5,26.25,1729.3,0.5,26.25,90.9,3,"[{""pair"": [3, 2, 1, 8], ""acc"": 0.5, ""vel"": 26.25, ""pos"": 90.9, ""error"": 0.0476522499998957}]","[[{""pair"": [3, 2, 3, 8], ""acc"": 0.5, ""vel"": 26.25, ""pos"": 1729.3, ""error"": 1638.3553477500002}], [{""pair"": [3, 2, 1, 8], ""acc"": 0.5, ""vel"": 26.25, ""pos"": 90.9, ""error"": 0.0476522499998957}]]"
0.5,26.25,91.4,0.5,26.32,91.4,0.5,26.25,91.4,3,"[{""pair"": [1, 9, 1, 12], ""acc"": 0.5, ""vel"": 26.25, ""pos"": 91.4, ""error"": 0.06217775000010306}]","[[{""pair"": [3, 12, 1, 9], ""acc"": 0.5, ""vel"": 26.33, ""pos"": 91.4, ""error"": 0.12517775000010545}], [{""pair"": [3, 12, 2, 9], ""acc"": 0.5, ""vel"": 26.32, ""pos"": 91.4, ""error"": 0.11517775000010744}], [{""pair"": [1, 9, 1, 12], ""acc"": 0.5, ""vel"": 26.25, ""pos"": 91.4, ""error"": 0.06217775000010306}], [{""pair"": [2, 9, 1, 12], ""acc"": 0.5, ""vel"": 26.24, ""pos"": 91.4, ""error"": 0.07217775000010462}]]"
0.5,26.26,91.8,13.3,26.26,91.8,0.5,26.26,91.8,3,"[{""pair"": [3, 4, 0, 14], ""acc"": 0.5, ""vel"": 26.26, ""pos"": 91.8, ""error"": 0.022064000000508344}]","[[{""pair"": [3, 4, 3, 14], ""acc"": 13.3, ""vel"": 26.26, ""pos"": 91.8, ""error"": 0.022064000000508344}], [{""pair"": [3, 4, 0, 14], ""acc"": 0.5, ""vel"": 26.26, ""pos"": 91.8, ""error"": 0.022064000000508344}], [{""pair"": [3, 4, 2, 14], ""acc"": 13.3, ""vel"": 26.26, ""pos"": 90.2, ""error"": 1.6220640000005027}], [{""pair"": [3, 14, 0, 4], ""acc"": 13.3, ""vel"": 5.78, ""pos"": 91.8, ""error"": 20.498064000000525}], [{""pair"": [3, 14, 2, 4], ""acc"": 13.3, ""vel"": 26.26, ""pos"": 91.8, ""error"": 0.022064000000508344}], [{""pair"": [0, 4, 0, 14], ""acc"": 0.5, ""vel"": 5.78, ""pos"": 91.8, ""error"": 20.498064000000525}], [{""pair"": [0, 4, 2, 14], ""acc"": 13.3, ""vel"": 5.78, ""pos"": 90.2, ""error"": 22.09806400000052}], [{""pair"": [2, 4, 0, 14], ""acc"": 0.5, ""vel"": 26.26, ""pos"": 91.8, ""error"": 0.022064000000508344}], [{""pair"": [2, 4, 2, 14], ""acc"": 13.3, ""vel"": 26.26, ""pos"": 90.2, ""error"": 1.6220640000005027}]]"
0.5,26.27,92.2,0.5,26.27,92.2,0.5,26.27,92.2,3,"[{""pair"": [3, 0, 3, 8], ""acc"": 0.5, ""vel"": 26.27, ""pos"": 92.2, ""error"": 0.04799224999988638}]","[[{""pair"": [3, 0, 3, 8], ""acc"": 0.5, ""vel"": 26.27, ""pos"": 92.2, ""error"": 0.04799224999988638}], [{""pair"": [3, 0, 2, 8], ""acc"": 0.5, ""vel"": 26.27, ""pos"": 92.2, ""error"": 0.04799224999988638}], [{""pair"": [3, 8, 2, 0], ""acc"": 0.5, ""vel"": 26.27, ""pos"": 92.2, ""error"": 0.04799224999988638}], [{""pair"": [2, 0, 2, 8], ""acc"": 0.5, ""vel"": 26.27, ""pos"": 92.2, ""error"": 0.04799224999988638}]]"
0.4,26.27,92.7,0.5,26.35,92.7,0.5,26.27,92.7,3,"[{""pair"": [2, 7, 1, 12], ""acc"": 0.5, ""vel"": 26.27, ""pos"": 92.7, ""error"": 0.061837750000108826}]","[[{""pair"": [3, 12, 0, 7], ""acc"": 0.4, ""vel"": 26.35, ""pos"": 92.7, ""error"": 0.12483775000011477}], [{""pair"": [3, 12, 2, 7], ""acc"": 0.5, ""vel"": 26.35, ""pos"": 92.7, ""error"": 0.12483775000011477}], [{""pair"": [0, 7, 1, 12], ""acc"": 0.4, ""vel"": 26.27, ""pos"": 92.7, ""error"": 0.061837750000108826}], [{""pair"": [0, 7, 2, 12], ""acc"": 0.4, ""vel"": 26.35, ""pos"": 92.3, ""error"": 0.4181622499998987}], [{""pair"": [2, 7, 1, 12], ""acc"": 0.5, ""vel"": 26.27, ""pos"": 92.7, ""error"": 0.061837750000108826}], [{""pair"": [2, 7, 2, 12], ""acc"": 0.5, ""vel"": 26.35, ""pos"": 92.3, ""error"": 0.4181622499998987}]]"
0.4,26.28,93.1,0.4,26.29,195.5,0.4,26.29,93.1,3,"[{""pair"": [3, 9, 1, 4], ""acc"": 0.4, ""vel"": 26.29, ""pos"": 93.1, ""error"": 0.4706822499989336}]","[[{""pair"": [3, 4, 3, 9], ""acc"": 0.4, ""vel"": 26.29, ""pos"": 195.5, ""error"": 101.93631775000111}], [{""pair"": [3, 4, 0, 9], ""acc"": 0.0, ""vel"": 26.29, ""pos"": 195.5, ""error"": 101.93631775000111}], [{""pair"": [3, 4, 1, 9], ""acc"": 0.4, ""vel"": 26.28, ""pos"": 195.5, ""error"": 101.93931775000107}], [{""pair"": [3, 9, 0, 4], ""acc"": 0.4, ""vel"": 5.81, ""pos"": 195.5, ""error"": 122.40931775000107}], [{""pair"": [3, 9, 1, 4], ""acc"": 0.4, ""vel"": 26.29, ""pos"": 93.1, ""error"": 0.4706822499989336}], [{""pair"": [0, 4, 0, 9], ""acc"": 0.0, ""vel"": 5.81, ""pos"": 195.5, ""error"": 122.40931775000107}], [{""pair"": [0, 4, 1, 9], ""acc"": 0.4, ""vel"": 5.8, ""pos"": 195.5, ""error"": 122.41931775000107}], [{""pair"": [1, 4, 0, 9], ""acc"": 0.0, ""vel"": 26.29, ""pos"": 93.1, ""error"": 0.4706822499989336}], [{""pair"": [1, 4, 1, 9], ""acc"": 0.4, ""vel"": 26.28, ""pos"": 93.1, ""error"": 0.4736822499988911}]]"
0.4,26.3,94.0,0.4,26.3,94.2,0.4,26.3,94.0,3,"[{""pair"": [3, 6, 2, 11], ""acc"": 0.4, ""vel"": 26.3, ""pos"": 94.0, ""error"": 0.4562122000001203}]","[[{""pair"": [3, 6, 1, 11], ""acc"": 0.4, ""vel"": 26.26, ""pos"": 94.2, ""error"": 0.6898122000001159}], [{""pair"": [3, 6, 2, 11], ""acc"": 0.4, ""vel"": 26.3, ""pos"": 94.0, ""error"": 0.4562122000001203}], [{""pair"": [1, 11, 0, 6], ""acc"": 0.4, ""vel"": 108.18, ""pos"": 94.2, ""error"": 82.53621220000014}], [{""pair"": [1, 11, 1, 6], ""acc"": 0.4, ""vel"": 26.26, ""pos"": 503.8, ""error"": 410.2898122000001}], [{""pair"": [2, 11, 0, 6], ""acc"": 0.4, ""vel"": 108.22, ""pos"": 94.0, ""error"": 82.37621220000013}], [{""pair"": [2, 11, 1, 6], ""acc"": 0.4, ""vel"": 26.3, ""pos"": 503.6, ""error"": 410.0562122000001}]]"
0.4,26.3,94.5,6.8,26.3,94.5,0.4,26.3,94.5,3,"[{""pair"": [3, 3, 0, 13], ""acc"": 0.4, ""vel"": 26.3, ""pos"": 94.5, ""error"": 0.38131780000041005}]","[[{""pair"": [3, 3, 3, 13], ""acc"": 6.8, ""vel"": 26.3, ""pos"": 94.5, ""error"": 0.38131780000041005}], [{""pair"": [3, 3, 0, 13], ""acc"": 0.4, ""vel"": 26.3, ""pos"": 94.5, ""error"": 0.38131780000041005}], [{""pair"": [3, 13, 1, 3], ""acc"": 6.8, ""vel"": 26.3, ""pos"": 43.3, ""error"": 51.58131780000041}], [{""pair"": [3, 13, 2, 3], ""acc"": 6.8, ""vel"": 26.3, ""pos"": 94.5, ""error"": 0.38131780000041005}], [{""pair"": [1, 3, 0, 13], ""acc"": 0.4, ""vel"": 26.3, ""pos"": 43.3, ""error"": 51.58131780000041}], [{""pair"": [2, 3, 0, 13], ""acc"": 0.4, ""vel"": 26.3, ""pos"": 94.5, ""error"": 0.38131780000041005}]]"
0.4,26.32,95.3,0.0,28.88,95.3,0.4,26.32,95.3,3,"[{""pair"": [0, 1, 0, 9], ""acc"": 0.4, ""vel"": 26.32, ""pos"": 95.3, ""error"": 0.36604220000011267}]","[[{""pair"": [3, 1, 0, 9], ""acc"": 0.4, ""vel"": 28.88, ""pos"": 95.3, ""error"": 2.9260422000001114}], [{""pair"": [3, 1, 1, 9], ""acc"": 0.0, ""vel"": 28.89, ""pos"": 95.3, ""error"": 2.936042200000113}], [{""pair"": [3, 1, 2, 9], ""acc"": 0.0, ""vel"": 28.88, ""pos"": 95.3, ""error"": 2.9260422000001114}], [{""pair"": [0, 1, 0, 9], ""acc"": 0.4, ""vel"": 26.32, ""pos"": 95.3, ""error"": 0.36604220000011267}], [{""pair"": [0, 1, 1, 9], ""acc"": 0.0, ""vel"": 26.33, ""pos"": 95.3, ""error"": 0.3760422000001107}], [{""pair"": [0, 1, 2, 9], ""acc"": 0.0, ""vel"": 26.32, ""pos"": 95.3, ""error"": 0.36604220000011267}], [{""pair"": [1, 1, 0, 9], ""acc"": 0.4, ""vel"": 28.88, ""pos"": 82.5, ""error"": 15.020357799999886}], [{""pair"": [1, 1, 1, 9], ""acc"": 0.0, ""vel"": 28.89, ""pos"": 82.5, ""error"": 15.030357799999887}], [{""pair"": [1, 1, 2, 9], ""acc"": 0.0, ""vel"": 28.88, ""pos"": 82.5, ""error"": 15.020357799999886}], [{""pair"": [2, 1, 0, 9], ""acc"": 0.4, ""vel"": 28.88, ""pos"": 95.3, ""error"": 2.9260422000001114}], [{""pair"": [2, 1, 1, 9], ""acc"": 0.0, ""vel"": 28.89, ""pos"": 95.3, ""error"": 2.936042200000113}], [{""pair"": [2, 1, 2, 9], ""acc"": 0.0, ""vel"": 28.88, ""pos"": 95.3, ""error"": 2.9260422000001114}]]"
0.4,26.32,95.8,0.4,26.32,95.8,0.4,26.32,95.8,3,"[{""pair"": [3, 3, 3, 9], ""acc"": 0.4, ""vel"": 26.32, ""pos"": 95.8, ""error"": 0.0852287999994914}]","[[{""pair"": [3, 3, 3, 9], ""acc"": 0.4, ""vel"": 26.32, ""pos"": 95.8, ""error"": 0.0852287999994914}], [{""pair"": [3, 3, 0, 9], ""acc"": 0.0, ""vel"": 26.32, ""pos"": 95.8, ""error"": 0.0852287999994914}], [{""pair"": [3, 3, 2, 9], ""acc"": 0.4, ""vel"": 26.32, ""pos"": 95.8, ""error"": 0.0852287999994914}], [{""pair"": [3, 9, 0, 3], ""acc"": 0.4, ""vel"": 36.56, ""pos"": 95.8, ""error"": 10.31242879999948}], [{""pair"": [3, 9, 2, 3], ""acc"": 0.4, ""vel"": 26.32, ""pos"": 95.8, ""error"": 0.0852287999994914}], [{""pair"": [0, 3, 0, 9], ""acc"": 0.0, ""vel"": 36.56, ""pos"": 95.8, ""error"": 10.31242879999948}], [{""pair"": [0, 3, 2, 9], ""acc"": 0.4, ""vel"": 36.56, ""pos"": 95.8, ""error"": 10.31242879999948}], [{""pair"": [2, 3, 0, 9], ""acc"": 0.0, ""vel"": 26.32, ""pos"": 95.8, ""error"": 0.0852287999994914}], [{""pair"": [2, 3, 2, 9], ""acc"": 0.4, ""vel"": 26.32, ""pos"": 95.8, ""error"": 0.0852287999994914}]]"
0.4,26.33,96.2,0.4,67.29,96.2,0.4,26.33,96.2,3,"[{""pair"": [3, 12, 0, 5], ""acc"": 0.4, ""vel"": 26.33, ""pos"": 96.2, ""error"": 0.050697799999873894}]","[[{""pair"": [3, 12, 0, 5], ""acc"": 0.4, ""vel"": 26.33, ""pos"": 96.2, ""error"": 0.050697799999873894}], [{""pair"": [0, 5, 1, 12], ""acc"": 0.4, ""vel"": 26.25, ""pos"": 96.2, ""error"": 0.1242977999998729}]]"
0.4,26.33,96.6,0.4,26.33,96.6,0.4,26.33,96.6,3,"[{""pair"": [3, 0, 3, 11], ""acc"": 0.4, ""vel"": 26.33, ""pos"": 96.6, ""error"": 0.05446779999989815}]","[[{""pair"": [3, 0, 3, 11], ""acc"": 0.4, ""vel"": 26.33, ""pos"": 96.6, ""error"": 0.05446779999989815}], [{""pair"": [3, 0, 2, 11], ""acc"": 0.4, ""vel"": 26.33, ""pos"": 96.4, ""error"": 0.2544677999998868}], [{""pair"": [3, 11, 0, 0], ""acc"": 0.4, ""vel"": 27.61, ""pos"": 96.6, ""error"": 1.3208677999999026}], [{""pair"": [0, 0, 2, 11], ""acc"": 0.4, ""vel"": 27.61, ""pos"": 96.4, ""error"": 1.5208677999998912}]]"
0.4,26.34,97.1,0.4,26.34,97.1,0.4,26.34,97.1,3,"[{""pair"": [3, 7, 3, 15], ""acc"": 0.4, ""vel"": 26.34, ""pos"": 97.1, ""error"": 0.08226879999947201}]","[[{""pair"": [3, 7, 3, 15], ""acc"": 0.4, ""vel"": 26.34, ""pos"": 97.1, ""error"": 0.08226879999947201}], [{""pair"": [3, 7, 1, 15], ""acc"": 0.4, ""vel"": 25.7, ""pos"": 97.1, ""error"": 0.7150687999994823}], [{""pair"": [3, 15, 0, 7], ""acc"": 0.5, ""vel"": 26.34, ""pos"": 97.1, ""error"": 0.08226879999947201}], [{""pair"": [3, 15, 1, 7], ""acc"": 0.4, ""vel"": 26.34, ""pos"": 916.3, ""error"": 819.2822687999994}], [{""pair"": [3, 15, 2, 7], ""acc"": 0.4, ""vel"": 26.34, ""pos"": 97.1, ""error"": 0.08226879999947201}], [{""pair"": [0, 7, 1, 15], ""acc"": 0.5, ""vel"": 25.7, ""pos"": 97.1, ""error"": 0.7150687999994823}], [{""pair"": [1, 7, 1, 15], ""acc"": 0.4, ""vel"": 25.7, ""pos"": 916.3, ""error"": 819.9150687999994}], [{""pair"": [2, 7, 1, 15], ""acc"": 0.4, ""vel"": 25.7, ""pos"": 97.1, ""error"": 0.7150687999994823}]]"
0.4,26.35,97.5,0.4,26.35,97.5,0.4,26.35,97.5,3,"[{""pair"": [3, 11, 3, 15], ""acc"": 0.4, ""vel"": 26.35, ""pos"": 97.5, ""error"": 0.05103779999988589}]","[[{""pair"": [3, 11, 3, 15], ""acc"": 0.4, ""vel"": 26.35, ""pos"": 97.5, ""error"": 0.05103779999988589}], [{""pair"": [3, 11, 1, 15], ""acc"": 0.4, ""vel"": 25.71, ""pos"": 97.5, ""error"": 0.6846377999998801}], [{""pair"": [3, 15, 0, 11], ""acc"": 2.0, ""vel"": 26.35, ""pos"": 97.5, ""error"": 0.05103779999988589}], [{""pair"": [3, 15, 1, 11], ""acc"": 0.4, ""vel"": 26.39, ""pos"": 97.5, ""error"": 0.09103779999988504}], [{""pair"": [0, 11, 1, 15], ""acc"": 2.0, ""vel"": 25.71, ""pos"": 97.5, ""error"": 0.6846377999998801}], [{""pair"": [1, 11, 1, 15], ""acc"": 0.4, ""vel"": 25.75, ""pos"": 97.5, ""error"": 0.6446377999998809}]]"
0.4,26.35,98.0,0.4,26.51,98.0,0.4,26.35,98.0,3,"[{""pair"": [3, 6, 1, 13], ""acc"": 0.4, ""vel"": 26.35, ""pos"": 98.0, ""error"": 0.05879220000011287}]","[[{""pair"": [3, 6, 1, 13], ""acc"": 0.4, ""vel"": 26.35, ""pos"": 98.0, ""error"": 0.05879220000011287}], [{""pair"": [0, 6, 1, 13], ""acc"": 0.4, ""vel"": 108.27, ""pos"": 98.0, ""error"": 81.9651922000001}], [{""pair"": [1, 6, 1, 13], ""acc"": 0.4, ""vel"": 26.35, ""pos"": 507.6, ""error"": 409.6587922000001}]]"
0.4,26.36,98.4,0.4,26.36,98.4,0.4,26.36,98.4,3,"[{""pair"": [3, 0, 3, 6], ""acc"": 0.4, ""vel"": 26.36, ""pos"": 98.4, ""error"": 0.025251200000496965}]","[[{""pair"": [3, 0, 3, 6], ""acc"": 0.4, ""vel"": 26.36, ""pos"": 98.4, ""error"": 0.025251200000496965}], [{""pair"": [3, 0, 0, 6], ""acc"": 0.4, ""vel"": 108.28, ""pos"": 98.4, ""error"": 81.9452512000005}], [{""pair"": [3, 0, 1, 6], ""acc"": 0.4, ""vel"": 26.36, ""pos"": 508.0, ""error"": 409.5819487999995}], [{""pair"": [3, 6, 0, 0], ""acc"": 0.4, ""vel"": 27.64, ""pos"": 98.4, ""error"": 1.305251200000498}], [{""pair"": [0, 0, 0, 6], ""acc"": 0.4, ""vel"": 109.56, ""pos"": 98.4, ""error"": 83.2252512000005}], [{""pair"": [0, 0, 1, 6], ""acc"": 0.4, ""vel"": 27.64, ""pos"": 508.0, ""error"": 410.8619487999995}]]"
0.4,26.36,98.8,0.4,28.92,98.8,0.4,26.36,98.8,3,"[{""pair"": [3, 7, 0, 1], ""acc"": 0.4, ""vel"": 26.36, ""pos"": 98.8, ""error"": 0.0549777999998895}]","[[{""pair"": [3, 1, 3, 7], ""acc"": 0.4, ""vel"": 28.92, ""pos"": 98.8, ""error"": 2.601377799999895}], [{""pair"": [3, 1, 0, 7], ""acc"": 0.5, ""vel"": 28.92, ""pos"": 98.8, ""error"": 2.601377799999895}], [{""pair"": [3, 1, 1, 7], ""acc"": 0.4, ""vel"": 28.92, ""pos"": 918.0, ""error"": 821.7050222}], [{""pair"": [3, 1, 2, 7], ""acc"": 0.4, ""vel"": 28.92, ""pos"": 98.8, ""error"": 2.601377799999895}], [{""pair"": [3, 7, 0, 1], ""acc"": 0.4, ""vel"": 26.36, ""pos"": 98.8, ""error"": 0.0549777999998895}], [{""pair"": [3, 7, 1, 1], ""acc"": 0.4, ""vel"": 28.92, ""pos"": 86.0, ""error"": 15.401377799999892}], [{""pair"": [3, 7, 2, 1], ""acc"": 0.4, ""vel"": 28.92, ""pos"": 98.8, ""error"": 2.601377799999895}], [{""pair"": [0, 1, 0, 7], ""acc"": 0.5, ""vel"": 26.36, ""pos"": 98.8, ""error"": 0.0549777999998895}], [{""pair"": [0, 1, 1, 7], ""acc"": 0.4, ""vel"": 26.36, ""pos"": 918.0, ""error"": 819.1586222000001}], [{""pair"": [0, 1, 2, 7], ""acc"": 0.4, ""vel"": 26.36, ""pos"": 98.8, ""error"": 0.0549777999998895}], [{""pair"": [1, 1, 0, 7], ""acc"": 0.5, ""vel"": 28.92, ""pos"": 86.0, ""error"": 15.401377799999892}], [{""pair"": [1, 1, 1, 7], ""acc"": 0.4, ""vel"": 28.92, ""pos"": 905.2, ""error"": 808.9050222000001}], [{""pair"": [1, 1, 2, 7], ""acc"": 0.4, ""vel"": 28.92, ""pos"": 86.0, ""error"": 15.401377799999892}], [{""pair"": [2, 1, 0, 7], ""acc"": 0.5, ""vel"": 28.92, ""pos"": 98.8, ""error"": 2.601377799999895}], [{""pair"": [2, 1, 1, 7], ""acc"": 0.4, ""vel"": 28.92, ""pos"": 918.0, ""error"": 821.7050222}], [{""pair"": [2, 1, 2, 7], ""acc"": 0.4, ""vel"": 28.92, ""pos"": 98.8, ""error"": 2.601377799999895}]]"
0.4,26.37,99.3,0.4,26.37,92.9,0.4,26.37,99.3,3,"[{""pair"": [3, 0, 1, 0], ""acc"": 0.4, ""vel"": 26.37, ""pos"": 99.3, ""error"": 0.05502220000012059}]","[[{""pair"": [3, 0, 0, 0], ""acc"": 0.4, ""vel"": 27.65, ""pos"": 92.9, ""error"": 7.631377799999875}], [{""pair"": [3, 0, 1, 0], ""acc"": 0.4, ""vel"": 26.37, ""pos"": 99.3, ""error"": 0.05502220000012059}], [{""pair"": [0, 0, 1, 0], ""acc"": 0.4, ""vel"": 27.65, ""pos"": 99.3, ""error"": 1.3350222000001182}], [{""pair"": [1, 0, 0, 0], ""acc"": 0.4, ""vel"": 27.65, ""pos"": 99.3, ""error"": 1.3350222000001182}]]"
0.4,26.37,99.7,0.4,26.37,99.7,0.4,26.37,99.7,3,"[{""pair"": [3, 4, 3, 11], ""acc"": 0.4, ""vel"": 26.37, ""pos"": 99.7, ""error"": 0.028371199999000396}]","[[{""pair"": [3, 4, 3, 11], ""acc"": 0.4, ""vel"": 26.37, ""pos"": 99.7, ""error"": 0.028371199999000396}], [{""pair"": [3, 4, 1, 11], ""acc"": 0.4, ""vel"": 26.33, ""pos"": 99.7, ""error"": 0.0683711999990031}], [{""pair"": [3, 11, 1, 4], ""acc"": 0.4, ""vel"": 26.37, ""pos"": 202.1, ""error"": 102.38442880000096}], [{""pair"": [3, 11, 2, 4], ""acc"": 0.4, ""vel"": 26.37, ""pos"": 99.7, ""error"": 0.028371199999000396}], [{""pair"": [1, 4, 1, 11], ""acc"": 0.4, ""vel"": 26.33, ""pos"": 202.1, ""error"": 102.42442880000097}], [{""pair"": [2, 4, 1, 11], ""acc"": 0.4, ""vel"": 26.33, ""pos"": 99.7, ""error"": 0.0683711999990031}]]"
0.4,26.38,100.1,0.4,26.38,919.3,0.4,26.38,100.1,3,"[{""pair"": [2, 2, 1, 7], ""acc"": 0.4, ""vel"": 26.38, ""pos"": 100.1, ""error"": 0.0515477999998879}]","[[{""pair"": [0, 2, 1, 7], ""acc"": 0.4, ""vel"": 21.26, ""pos"": 100.1, ""error"": 5.165147799999886}], [{""pair"": [0, 2, 2, 7], ""acc"": 0.4, ""vel"": 21.26, ""pos"": 919.3, ""error"": 824.2684522000001}], [{""pair"": [1, 2, 1, 7], ""acc"": 0.4, ""vel"": 26.38, ""pos"": 74.5, ""error"": 25.651547799999882}], [{""pair"": [1, 2, 2, 7], ""acc"": 0.4, ""vel"": 26.38, ""pos"": 893.7, ""error"": 793.5548522000001}], [{""pair"": [2, 2, 1, 7], ""acc"": 0.4, ""vel"": 26.38, ""pos"": 100.1, ""error"": 0.0515477999998879}], [{""pair"": [2, 2, 2, 7], ""acc"": 0.4, ""vel"": 26.38, ""pos"": 919.3, ""error"": 819.1548522}]]"
0.4,26.38,100.6,0.4,26.38,459.0,0.4,26.38,100.6,3,"[{""pair"": [1, 3, 1, 6], ""acc"": 0.4, ""vel"": 26.38, ""pos"": 100.6, ""error"": 0.05828220000010731}]","[[{""pair"": [3, 3, 3, 6], ""acc"": 0.4, ""vel"": 26.38, ""pos"": 459.0, ""error"": 358.4582822000001}], [{""pair"": [3, 3, 1, 6], ""acc"": 0.4, ""vel"": 26.38, ""pos"": 49.4, ""error"": 51.155317799999885}], [{""pair"": [3, 3, 2, 6], ""acc"": 0.4, ""vel"": 26.38, ""pos"": 459.0, ""error"": 358.4582822000001}], [{""pair"": [3, 6, 0, 3], ""acc"": 0.4, ""vel"": 36.62, ""pos"": 459.0, ""error"": 368.6846822000001}], [{""pair"": [3, 6, 1, 3], ""acc"": 0.4, ""vel"": 26.38, ""pos"": 510.2, ""error"": 409.6582822000001}], [{""pair"": [3, 6, 2, 3], ""acc"": 0.4, ""vel"": 26.38, ""pos"": 459.0, ""error"": 358.4582822000001}], [{""pair"": [0, 3, 1, 6], ""acc"": 0.4, ""vel"": 36.62, ""pos"": 49.4, ""error"": 61.38171779999989}], [{""pair"": [0, 3, 2, 6], ""acc"": 0.4, ""vel"": 36.62, ""pos"": 459.0, ""error"": 368.6846822000001}], [{""pair"": [1, 3, 1, 6], ""acc"": 0.4, ""vel"": 26.38, ""pos"": 100.6, ""error"": 0.05828220000010731}], [{""pair"": [1, 3, 2, 6], ""acc"": 0.4, ""vel"": 26.38, ""pos"": 510.2, ""error"": 409.6582822000001}], [{""pair"": [2, 3, 1, 6], ""acc"": 0.4, ""vel"": 26.38, ""pos"": 49.4, ""error"": 51.155317799999885}], [{""pair"": [2, 3, 2, 6], ""acc"": 0.4, ""vel"": 26.38, ""pos"": 459.0, ""error"": 358.4582822000001}]]"
0.4,26.39,101.0,0.4,26.35,101.0,0.4,26.39,101.0,3,"[{""pair"": [3, 0, 1, 11], ""acc"": 0.4, ""vel"": 26.39, ""pos"": 101.0, ""error"": 0.025731200000510768}]","[[{""pair"": [3, 0, 0, 11], ""acc"": 2.0, ""vel"": 26.35, ""pos"": 101.0, ""error"": 0.05853120000051959}], [{""pair"": [3, 0, 1, 11], ""acc"": 0.4, ""vel"": 26.39, ""pos"": 101.0, ""error"": 0.025731200000510768}], [{""pair"": [1, 0, 0, 11], ""acc"": 2.0, ""vel"": 26.35, ""pos"": 94.6, ""error"": 6.458531200000525}], [{""pair"": [1, 0, 1, 11], ""acc"": 0.4, ""vel"": 26.39, ""pos"": 94.6, ""error"": 6.4257312000005165}], [{""pair"": [2, 0, 0, 11], ""acc"": 2.0, ""vel"": 26.35, ""pos"": 101.0, ""error"": 0.05853120000051959}], [{""pair"": [2, 0, 1, 11], ""acc"": 0.4, ""vel"": 26.39, ""pos"": 101.0, ""error"": 0.025731200000510768}]]"
0.4,26.39,101.5,0.4,26.39,98.3,0.4,26.39,101.5,3,"[{""pair"": [3, 5, 2, 15], ""acc"": 0.4, ""vel"": 26.39, ""pos"": 101.5, ""error"": 0.05811220000011019}]","[[{""pair"": [3, 5, 0, 15], ""acc"": -25.2, ""vel"": 26.39, ""pos"": 98.3, ""error"": 3.1554877999998894}], [{""pair"": [3, 5, 2, 15], ""acc"": 0.4, ""vel"": 26.39, ""pos"": 101.5, ""error"": 0.05811220000011019}], [{""pair"": [0, 15, 2, 5], ""acc"": -25.2, ""vel"": 26.39, ""pos"": 98.3, ""error"": 3.1554877999998894}], [{""pair"": [2, 15, 2, 5], ""acc"": 0.4, ""vel"": 26.39, ""pos"": 101.5, ""error"": 0.05811220000011019}]]"
0.4,26.4,101.9,0.4,26.42,101.9,0.4,26.4,101.9,3,"[{""pair"": [3, 1, 1, 10], ""acc"": 0.4, ""vel"": 26.4, ""pos"": 101.9, ""error"": 0.051887799999882134}]","[[{""pair"": [3, 1, 1, 10], ""acc"": 0.4, ""vel"": 26.4, ""pos"": 101.9, ""error"": 0.051887799999882134}], [{""pair"": [3, 1, 2, 10], ""acc"": 0.4, ""vel"": 26.42, ""pos"": 101.8, ""error"": 0.1718877999998938}], [{""pair"": [1, 1, 1, 10], ""acc"": 0.4, ""vel"": 26.4, ""pos"": 89.1, ""error"": 12.851887799999894}], [{""pair"": [1, 1, 2, 10], ""acc"": 0.4, ""vel"": 26.42, ""pos"": 89.0, ""error"": 12.971887799999891}], [{""pair"": [2, 1, 1, 10], ""acc"": 0.4, ""vel"": 26.4, ""pos"": 101.9, ""error"": 0.051887799999882134}], [{""pair"": [2, 1, 2, 10], ""acc"": 0.4, ""vel"": 26.42, ""pos"": 101.8, ""error"": 0.1718877999998938}]]"
0.4,26.4,102.4,0.4,21.28,104.0,0.4,26.4,102.4,3,"[{""pair"": [0, 2, 2, 14], ""acc"": 0.4, ""vel"": 26.4, ""pos"": 102.4, ""error"": 0.08394879999948301}]","[[{""pair"": [0, 2, 2, 14], ""acc"": 0.4, ""vel"": 26.4, ""pos"": 102.4, ""error"": 0.08394879999948301}], [{""pair"": [1, 2, 2, 14], ""acc"": 0.4, ""vel"": 21.28, ""pos"": 128.0, ""error"": 30.803948799999475}]]"
0.4,26.41,102.8,13.2,26.41,102.8,0.4,26.41,102.8,3,"[{""pair"": [3, 3, 0, 14], ""acc"": 0.4, ""vel"": 26.41, ""pos"": 102.8, ""error"": 0.052057799999897014}]","[[{""pair"": [3, 3, 0, 14], ""acc"": 0.4, ""vel"": 26.41, ""pos"": 102.8, ""error"": 0.052057799999897014}], [{""pair"": [0, 3, 0, 14], ""acc"": 0.4, ""vel"": 36.65, ""pos"": 102.8, ""error"": 10.292057799999895}], [{""pair"": [1, 3, 0, 14], ""acc"": 0.4, ""vel"": 26.41, ""pos"": 154.0, ""error"": 51.154342200000116}], [{""pair"": [2, 3, 0, 14], ""acc"": 0.4, ""vel"": 26.41, ""pos"": 102.8, ""error"": 0.052057799999897014}]]"
0.4,26.41,103.2,0.4,108.33,103.2,0.4,26.41,103.2,3,"[{""pair"": [3, 14, 0, 6], ""acc"": 0.4, ""vel"": 26.41, ""pos"": 103.2, ""error"": 0.05582779999987508}]","[[{""pair"": [3, 14, 0, 6], ""acc"": 0.4, ""vel"": 26.41, ""pos"": 103.2, ""error"": 0.05582779999987508}], [{""pair"": [3, 14, 2, 6], ""acc"": 0.4, ""vel"": 108.33, ""pos"": 103.2, ""error"": 81.96222779999988}], [{""pair"": [0, 6, 0, 14], ""acc"": 13.2, ""vel"": 26.41, ""pos"": 103.2, ""error"": 0.05582779999987508}], [{""pair"": [0, 6, 1, 14], ""acc"": 0.4, ""vel"": 26.73, ""pos"": 103.2, ""error"": 0.36222779999987864}], [{""pair"": [0, 6, 2, 14], ""acc"": 0.4, ""vel"": 26.41, ""pos"": 104.8, ""error"": 1.557772200000116}], [{""pair"": [2, 6, 0, 14], ""acc"": 13.2, ""vel"": 108.33, ""pos"": 103.2, ""error"": 81.96222779999988}], [{""pair"": [2, 6, 1, 14], ""acc"": 0.4, ""vel"": 108.65, ""pos"": 103.2, ""error"": 82.28222779999989}], [{""pair"": [2, 6, 2, 14], ""acc"": 0.4, ""vel"": 108.33, ""pos"": 104.8, ""error"": 83.46417220000012}]]"
0.4,26.42,103.7,0.4,26.42,1742.1,0.4,26.42,103.7,3,"[{""pair"": [2, 4, 1, 8], ""acc"": 0.4, ""vel"": 26.42, ""pos"": 103.7, ""error"": 0.08098879999947783}]","[[{""pair"": [2, 4, 1, 8], ""acc"": 0.4, ""vel"": 26.42, ""pos"": 103.7, ""error"": 0.08098879999947783}]]"
0.4,26.42,104.1,0.4,26.42,104.1,0.4,26.42,104.1,3,"[{""pair"": [3, 1, 3, 6], ""acc"": 0.4, ""vel"": 26.42, ""pos"": 104.1, ""error"": 0.05599779999988641}]","[[{""pair"": [3, 1, 3, 6], ""acc"": 0.4, ""vel"": 26.42, ""pos"": 104.1, ""error"": 0.05599779999988641}], [{""pair"": [3, 1, 2, 6], ""acc"": 0.4, ""vel"": 26.42, ""pos"": 104.1, ""error"": 0.05599779999988641}], [{""pair"": [3, 6, 0, 1], ""acc"": 0.4, ""vel"": 28.98, ""pos"": 104.1, ""error"": 2.6023977999998884}], [{""pair"": [3, 6, 1, 1], ""acc"": 0.4, ""vel"": 26.42, ""pos"": 116.9, ""error"": 12.757602200000122}], [{""pair"": [3, 6, 2, 1], ""acc"": 0.4, ""vel"": 26.42, ""pos"": 104.1, ""error"": 0.05599779999988641}], [{""pair"": [0, 1, 2, 6], ""acc"": 0.4, ""vel"": 28.98, ""pos"": 104.1, ""error"": 2.6023977999998884}], [{""pair"": [1, 1, 2, 6], ""acc"": 0.4, ""vel"": 26.42, ""pos"": 116.9, ""error"": 12.757602200000122}], [{""pair"": [2, 1, 2, 6], ""acc"": 0.4, ""vel"": 26.42, ""pos"": 104.1, ""error"": 0.05599779999988641}]]"
0.4,26.42,104.6,0.4,26.42,104.2,0.4,26.42,104.6,3,"[{""pair"": [2, 3, 2, 12], ""acc"": 0.4, ""vel"": 26.42, ""pos"": 104.6, ""error"": 0.05760220000011884}]","[[{""pair"": [3, 12, 0, 3], ""acc"": 0.4, ""vel"": 36.66, ""pos"": 104.2, ""error"": 10.582397799999868}], [{""pair"": [3, 12, 1, 3], ""acc"": 0.4, ""vel"": 26.42, ""pos"": 155.4, ""error"": 50.85760220000013}], [{""pair"": [3, 12, 2, 3], ""acc"": 0.4, ""vel"": 26.42, ""pos"": 104.2, ""error"": 0.35599779999986936}], [{""pair"": [0, 3, 0, 12], ""acc"": 3.6, ""vel"": 36.66, ""pos"": 104.2, ""error"": 10.582397799999868}], [{""pair"": [0, 3, 1, 12], ""acc"": 0.4, ""vel"": 36.74, ""pos"": 104.2, ""error"": 10.662397799999873}], [{""pair"": [0, 3, 2, 12], ""acc"": 0.4, ""vel"": 36.66, ""pos"": 104.6, ""error"": 10.284002200000117}], [{""pair"": [1, 3, 0, 12], ""acc"": 3.6, ""vel"": 26.42, ""pos"": 155.4, ""error"": 50.85760220000013}], [{""pair"": [1, 3, 1, 12], ""acc"": 0.4, ""vel"": 26.5, ""pos"": 155.4, ""error"": 50.92400220000013}], [{""pair"": [1, 3, 2, 12], ""acc"": 0.4, ""vel"": 26.42, ""pos"": 155.8, ""error"": 51.257602200000136}], [{""pair"": [2, 3, 0, 12], ""acc"": 3.6, ""vel"": 26.42, ""pos"": 104.2, ""error"": 0.35599779999986936}], [{""pair"": [2, 3, 1, 12], ""acc"": 0.4, ""vel"": 26.5, ""pos"": 104.2, ""error"": 0.4223977999998709}], [{""pair"": [2, 3, 2, 12], ""acc"": 0.4, ""vel"": 26.42, ""pos"": 104.6, ""error"": 0.05760220000011884}]]"
0.4,26.43,105.0,2.0,26.27,105.0,0.4,26.43,105.0,3,"[{""pair"": [0, 11, 1, 13], ""acc"": 0.4, ""vel"": 26.43, ""pos"": 105.0, ""error"": 0.026371200000497197}]","[[{""pair"": [3, 11, 0, 12], ""acc"": 5.2, ""vel"": 26.27, ""pos"": 105.0, ""error"": 0.17917120000051412}], [{""pair"": [3, 11, 1, 12], ""acc"": 2.0, ""vel"": 26.35, ""pos"": 105.0, ""error"": 0.09917120000051227}], [{""pair"": [3, 11, 2, 12], ""acc"": 2.0, ""vel"": 26.27, ""pos"": 105.4, ""error"": 0.5336287999995086}], [{""pair"": [0, 11, 0, 13], ""acc"": 6.8, ""vel"": 26.27, ""pos"": 105.0, ""error"": 0.17917120000051412}], [{""pair"": [0, 11, 1, 13], ""acc"": 0.4, ""vel"": 26.43, ""pos"": 105.0, ""error"": 0.026371200000497197}], [{""pair"": [1, 11, 0, 12], ""acc"": 5.2, ""vel"": 26.31, ""pos"": 105.0, ""error"": 0.13917120000051497}], [{""pair"": [1, 11, 1, 12], ""acc"": 2.0, ""vel"": 26.39, ""pos"": 105.0, ""error"": 0.059171200000513124}], [{""pair"": [1, 11, 2, 12], ""acc"": 2.0, ""vel"": 26.31, ""pos"": 105.4, ""error"": 0.4936287999995095}], [{""pair"": [2, 11, 0, 13], ""acc"": 8.4, ""vel"": 26.27, ""pos"": 104.8, ""error"": 0.37917120000051696}], [{""pair"": [2, 11, 1, 13], ""acc"": 2.0, ""vel"": 26.43, ""pos"": 104.8, ""error"": 0.22637120000050004}]]"
0.4,26.43,105.4,0.4,26.43,105.4,0.4,26.43,105.4,3,"[{""pair"": [3, 12, 2, 8], ""acc"": 0.4, ""vel"": 26.43, ""pos"": 105.4, ""error"": 0.05616779999988353}]","[[{""pair"": [3, 12, 2, 8], ""acc"": 0.4, ""vel"": 26.43, ""pos"": 105.4, ""error"": 0.05616779999988353}], [{""pair"": [2, 12, 2, 8], ""acc"": 0.4, ""vel"": 26.43, ""pos"": 105.0, ""error"": 0.4561677999998892}]]"
0.4,26.43,105.9,3.6,26.43,105.9,0.4,26.43,105.9,3,"[{""pair"": [3, 1, 0, 12], ""acc"": 0.4, ""vel"": 26.43, ""pos"": 105.9, ""error"": 0.057432200000107514}]","[[{""pair"": [3, 1, 0, 12], ""acc"": 0.4, ""vel"": 26.43, ""pos"": 105.9, ""error"": 0.057432200000107514}], [{""pair"": [0, 12, 0, 1], ""acc"": 0.4, ""vel"": 28.99, ""pos"": 105.9, ""error"": 2.6038322000001095}], [{""pair"": [0, 12, 1, 1], ""acc"": 0.4, ""vel"": 26.43, ""pos"": 118.7, ""error"": 12.857432200000105}], [{""pair"": [0, 12, 2, 1], ""acc"": 0.4, ""vel"": 26.43, ""pos"": 105.9, ""error"": 0.057432200000107514}]]"
0.4,26.44,106.3,0.4,26.44,413.5,0.4,26.44,106.3,3,"[{""pair"": [1, 4, 1, 6], ""acc"": 0.4, ""vel"": 26.44, ""pos"": 106.3, ""error"": 0.02653119999903808}]","[[{""pair"": [3, 4, 3, 5], ""acc"": 0.4, ""vel"": 26.44, ""pos"": 413.5, ""error"": 307.180668800001}], [{""pair"": [3, 5, 0, 4], ""acc"": 0.4, ""vel"": 5.96, ""pos"": 413.5, ""error"": 327.65346880000095}], [{""pair"": [3, 5, 2, 4], ""acc"": 0.4, ""vel"": 26.44, ""pos"": 413.5, ""error"": 307.180668800001}], [{""pair"": [1, 4, 1, 6], ""acc"": 0.4, ""vel"": 26.44, ""pos"": 106.3, ""error"": 0.02653119999903808}], [{""pair"": [1, 4, 2, 6], ""acc"": 0.4, ""vel"": 26.44, ""pos"": 515.9, ""error"": 409.580668800001}]]"
0.4,26.44,106.7,0.4,26.54,106.7,0.4,26.44,106.7,3,"[{""pair"": [1, 10, 1, 12], ""acc"": 0.4, ""vel"": 26.44, ""pos"": 106.7, ""error"": 0.056337799999880644}]","[[{""pair"": [1, 10, 1, 12], ""acc"": 0.4, ""vel"": 26.44, ""pos"": 106.7, ""error"": 0.056337799999880644}], [{""pair"": [2, 10, 1, 12], ""acc"": 0.4, ""vel"": 26.46, ""pos"": 106.6, ""error"": 0.16273779999989202}]]"
0.4,26.45,107.2,-25.2,26.45,312.0,0.4,26.45,107.2,3,"[{""pair"": [1, 5, 0, 15], ""acc"": 0.4, ""vel"": 26.45, ""pos"": 107.2, ""error"": 0.05366220000011168}]","[[{""pair"": [3, 5, 3, 15], ""acc"": -25.2, ""vel"": 26.45, ""pos"": 312.0, ""error"": 204.8536622000001}], [{""pair"": [3, 5, 0, 15], ""acc"": 0.4, ""vel"": 26.45, ""pos"": 312.0, ""error"": 204.8536622000001}], [{""pair"": [3, 5, 1, 15], ""acc"": -25.2, ""vel"": 25.81, ""pos"": 312.0, ""error"": 205.4872622000001}], [{""pair"": [3, 5, 2, 15], ""acc"": -25.2, ""vel"": 26.45, ""pos"": 308.8, ""error"": 201.6536622000001}], [{""pair"": [3, 15, 1, 5], ""acc"": -25.2, ""vel"": 26.45, ""pos"": 107.2, ""error"": 0.05366220000011168}], [{""pair"": [3, 15, 2, 5], ""acc"": -25.2, ""vel"": 26.45, ""pos"": 312.0, ""error"": 204.8536622000001}], [{""pair"": [1, 5, 0, 15], ""acc"": 0.4, ""vel"": 26.45, ""pos"": 107.2, ""error"": 0.05366220000011168}], [{""pair"": [1, 5, 1, 15], ""acc"": -25.2, ""vel"": 25.81, ""pos"": 107.2, ""error"": 0.687262200000113}], [{""pair"": [1, 5, 2, 15], ""acc"": -25.2, ""vel"": 26.45, ""pos"": 104.0, ""error"": 3.1527377999998905}], [{""pair"": [2, 5, 0, 15], ""acc"": 0.4, ""vel"": 26.45, ""pos"": 312.0, ""error"": 204.8536622000001}], [{""pair"": [2, 5, 1, 15], ""acc"": -25.2, ""vel"": 25.81, ""pos"": 312.0, ""error"": 205.4872622000001}], [{""pair"": [2, 5, 2, 15], ""acc"": -25.2, ""vel"": 26.45, ""pos"": 308.8, ""error"": 201.6536622000001}]]"
0.4,26.45,107.6,0.4,26.45,107.6,0.4,26.45,107.6,3,"[{""pair"": [3, 7, 2, 3], ""acc"": 0.4, ""vel"": 26.45, ""pos"": 107.6, ""error"": 0.02965120000053645}]","[[{""pair"": [3, 7, 2, 3], ""acc"": 0.4, ""vel"": 26.45, ""pos"": 107.6, ""error"": 0.02965120000053645}], [{""pair"": [2, 3, 2, 7], ""acc"": 0.4, ""vel"": 26.45, ""pos"": 107.6, ""error"": 0.02965120000053645}]]"
0.4,26.45,108.1,3.6,26.45,106.5,0.4,26.45,108.1,3,"[{""pair"": [0, 12, 2, 14], ""acc"": 0.4, ""vel"": 26.45, ""pos"": 108.1, ""error"": 0.05709220000011328}]","[[{""pair"": [3, 12, 3, 14], ""acc"": 3.6, ""vel"": 26.45, ""pos"": 106.5, ""error"": 1.5565077999998778}], [{""pair"": [0, 13, 1, 12], ""acc"": 10.0, ""vel"": 26.53, ""pos"": 106.5, ""error"": 1.6229077999998829}], [{""pair"": [0, 13, 2, 12], ""acc"": 10.0, ""vel"": 26.45, ""pos"": 106.9, ""error"": 1.156507799999872}], [{""pair"": [3, 12, 0, 14], ""acc"": 16.4, ""vel"": 26.45, ""pos"": 106.5, ""error"": 1.5565077999998778}], [{""pair"": [3, 12, 1, 14], ""acc"": 3.6, ""vel"": 26.77, ""pos"": 106.5, ""error"": 1.8629077999998813}], [{""pair"": [3, 12, 2, 14], ""acc"": 3.6, ""vel"": 26.45, ""pos"": 108.1, ""error"": 0.05709220000011328}], [{""pair"": [3, 14, 0, 12], ""acc"": 0.4, ""vel"": 26.45, ""pos"": 106.5, ""error"": 1.5565077999998778}], [{""pair"": [0, 12, 0, 14], ""acc"": 13.2, ""vel"": 26.45, ""pos"": 106.5, ""error"": 1.5565077999998778}], [{""pair"": [0, 12, 1, 14], ""acc"": 0.4, ""vel"": 26.77, ""pos"": 106.5, ""error"": 1.8629077999998813}], [{""pair"": [0, 12, 2, 14], ""acc"": 0.4, ""vel"": 26.45, ""pos"": 108.1, ""error"": 0.05709220000011328}]]"
0.4,26.46,108.5,0.4,26.46,364.5,0.4,26.46,108.5,3,"[{""pair"": [1, 3, 1, 5], ""acc"": 0.4, ""vel"": 26.46, ""pos"": 108.5, ""error"": 0.0529077999998826}]","[[{""pair"": [3, 3, 3, 5], ""acc"": 0.4, ""vel"": 26.46, ""pos"": 364.5, ""error"": 255.9534922000001}], [{""pair"": [3, 3, 1, 5], ""acc"": 0.4, ""vel"": 26.46, ""pos"": 159.7, ""error"": 51.153492200000116}], [{""pair"": [3, 3, 2, 5], ""acc"": 0.4, ""vel"": 26.46, ""pos"": 364.5, ""error"": 255.9534922000001}], [{""pair"": [3, 5, 1, 3], ""acc"": 0.4, ""vel"": 26.46, ""pos"": 313.3, ""error"": 204.75349220000012}], [{""pair"": [1, 3, 1, 5], ""acc"": 0.4, ""vel"": 26.46, ""pos"": 108.5, ""error"": 0.0529077999998826}], [{""pair"": [1, 3, 2, 5], ""acc"": 0.4, ""vel"": 26.46, ""pos"": 313.3, ""error"": 204.75349220000012}]]"
0.4,26.46,109.0,1.2,21.34,109.0,0.4,26.46,109.0,3,"[{""pair"": [0, 2, 0, 10], ""acc"": 0.4, ""vel"": 26.46, ""pos"": 109.0, ""error"": 0.08298879999949094}]","[[{""pair"": [0, 2, 0, 10], ""acc"": 0.4, ""vel"": 26.46, ""pos"": 109.0, ""error"": 0.08298879999949094}], [{""pair"": [0, 2, 1, 10], ""acc"": 1.2, ""vel"": 26.44, ""pos"": 109.0, ""error"": 0.10298879999949051}], [{""pair"": [1, 2, 0, 10], ""acc"": 0.4, ""vel"": 21.34, ""pos"": 134.6, ""error"": 30.802988799999486}], [{""pair"": [1, 2, 1, 10], ""acc"": 1.2, ""vel"": 21.32, ""pos"": 134.6, ""error"": 30.822988799999486}]]"
0.4,26.46,109.4,0.4,26.46,109.4,0.4,26.46,109.4,3,"[{""pair"": [3, 12, 2, 5], ""acc"": 0.4, ""vel"": 26.46, ""pos"": 109.4, ""error"": 0.05667779999987488}]","[[{""pair"": [3, 12, 0, 5], ""acc"": 0.4, ""vel"": 67.42, ""pos"": 109.4, ""error"": 41.00307779999988}], [{""pair"": [3, 12, 1, 5], ""acc"": 0.4, ""vel"": 26.46, ""pos"": 314.2, ""error"": 204.7569222000001}], [{""pair"": [3, 12, 2, 5], ""acc"": 0.4, ""vel"": 26.46, ""pos"": 109.4, ""error"": 0.05667779999987488}], [{""pair"": [0, 5, 0, 12], ""acc"": 3.6, ""vel"": 67.42, ""pos"": 109.4, ""error"": 41.00307779999988}], [{""pair"": [0, 5, 1, 12], ""acc"": 0.4, ""vel"": 67.5, ""pos"": 109.4, ""error"": 41.08307779999988}], [{""pair"": [1, 5, 0, 12], ""acc"": 3.6, ""vel"": 26.46, ""pos"": 314.2, ""error"": 204.7569222000001}], [{""pair"": [1, 5, 1, 12], ""acc"": 0.4, ""vel"": 26.54, ""pos"": 314.2, ""error"": 204.82332220000012}], [{""pair"": [2, 5, 0, 12], ""acc"": 3.6, ""vel"": 26.46, ""pos"": 109.4, ""error"": 0.05667779999987488}], [{""pair"": [2, 5, 1, 12], ""acc"": 0.4, ""vel"": 26.54, ""pos"": 109.4, ""error"": 0.12307779999987645}]]"
0.4,26.47,109.8,0.4,27.75,109.8,0.4,26.47,109.8,3,"[{""pair"": [0, 0, 2, 8], ""acc"": 0.4, ""vel"": 26.47, ""pos"": 109.8, ""error"": 0.053077799999890374}]","[[{""pair"": [3, 0, 2, 8], ""acc"": 0.4, ""vel"": 27.75, ""pos"": 109.8, ""error"": 1.3330777999998915}], [{""pair"": [0, 0, 2, 8], ""acc"": 0.4, ""vel"": 26.47, ""pos"": 109.8, ""error"": 0.053077799999890374}], [{""pair"": [1, 0, 2, 8], ""acc"": 0.4, ""vel"": 27.75, ""pos"": 103.4, ""error"": 7.733077799999883}], [{""pair"": [2, 0, 2, 8], ""acc"": 0.4, ""vel"": 27.75, ""pos"": 109.8, ""error"": 1.3330777999998915}]]"
0.4,26.47,110.3,0.6,26.47,110.2,0.6,26.47,110.2,3,"[{""pair"": [3, 8, 3, 9], ""acc"": 0.6, ""vel"": 26.47, ""pos"": 110.2, ""error"": 0.029971200000524334}]","[[{""pair"": [3, 8, 3, 9], ""acc"": 0.6, ""vel"": 26.47, ""pos"": 110.2, ""error"": 0.029971200000524334}], [{""pair"": [3, 8, 2, 9], ""acc"": 0.6, ""vel"": 26.47, ""pos"": 110.2, ""error"": 0.029971200000524334}], [{""pair"": [3, 9, 1, 8], ""acc"": 0.6, ""vel"": 26.47, ""pos"": 1748.6, ""error"": 1638.3828287999993}], [{""pair"": [3, 9, 2, 8], ""acc"": 0.6, ""vel"": 26.47, ""pos"": 110.2, ""error"": 0.029971200000524334}], [{""pair"": [0, 8, 0, 10], ""acc"": 1.2, ""vel"": 26.47, ""pos"": 110.2, ""error"": 0.029971200000524334}], [{""pair"": [0, 8, 2, 10], ""acc"": 0.4, ""vel"": 26.47, ""pos"": 110.3, ""error"": 0.08282879999948278}], [{""pair"": [1, 8, 2, 9], ""acc"": 0.6, ""vel"": 26.47, ""pos"": 1748.6, ""error"": 1638.3828287999993}], [{""pair"": [2, 8, 2, 9], ""acc"": 0.6, ""vel"": 26.47, ""pos"": 110.2, ""error"": 0.029971200000524334}]]"
0.4,26.47,110.7,3.6,26.47,110.7,0.5,26.47,110.7,3,"[{""pair"": [0, 7, 0, 12], ""acc"": 0.5, ""vel"": 26.47, ""pos"": 110.7, ""error"": 0.060123300000114455}]","[[{""pair"": [3, 7, 0, 12], ""acc"": 0.4, ""vel"": 26.47, ""pos"": 110.7, ""error"": 0.060123300000114455}], [{""pair"": [0, 7, 0, 12], ""acc"": 0.5, ""vel"": 26.47, ""pos"": 110.7, ""error"": 0.060123300000114455}], [{""pair"": [1, 7, 0, 12], ""acc"": 0.4, ""vel"": 26.47, ""pos"": 929.9, ""error"": 819.2601233}], [{""pair"": [2, 7, 0, 12], ""acc"": 0.4, ""vel"": 26.47, ""pos"": 110.7, ""error"": 0.060123300000114455}]]"
0.4,26.48,111.2,0.4,108.4,110.4,0.4,26.48,111.2,3,"[{""pair"": [0, 6, 2, 13], ""acc"": 0.4, ""vel"": 26.48, ""pos"": 111.2, ""error"": 0.0514377500001153}]","[[{""pair"": [0, 6, 0, 13], ""acc"": 6.8, ""vel"": 26.48, ""pos"": 110.4, ""error"": 0.7515622499998891}], [{""pair"": [0, 6, 2, 13], ""acc"": 0.4, ""vel"": 26.48, ""pos"": 111.2, ""error"": 0.0514377500001153}], [{""pair"": [2, 6, 0, 13], ""acc"": 6.8, ""vel"": 108.4, ""pos"": 110.4, ""error"": 82.6715622499999}], [{""pair"": [2, 6, 2, 13], ""acc"": 0.4, ""vel"": 108.4, ""pos"": 111.2, ""error"": 81.97143775000012}]]"
0.4,26.48,111.6,0.4,26.48,111.6,0.4,26.48,111.6,3,"[{""pair"": [3, 1, 2, 5], ""acc"": 0.4, ""vel"": 26.48, ""pos"": 111.6, ""error"": 0.030131200000532488}]","[[{""pair"": [3, 1, 0, 5], ""acc"": 0.4, ""vel"": 67.44, ""pos"": 111.6, ""error"": 40.97733120000052}], [{""pair"": [3, 1, 1, 5], ""acc"": 0.4, ""vel"": 26.48, ""pos"": 316.4, ""error"": 204.78266879999947}], [{""pair"": [3, 1, 2, 5], ""acc"": 0.4, ""vel"": 26.48, ""pos"": 111.6, ""error"": 0.030131200000532488}], [{""pair"": [0, 1, 0, 5], ""acc"": 0.4, ""vel"": 70.0, ""pos"": 111.6, ""error"": 43.53733120000052}], [{""pair"": [0, 1, 1, 5], ""acc"": 0.4, ""vel"": 29.04, ""pos"": 316.4, ""error"": 207.32986879999945}], [{""pair"": [0, 1, 2, 5], ""acc"": 0.4, ""vel"": 29.04, ""pos"": 111.6, ""error"": 2.5773312000005184}], [{""pair"": [1, 1, 0, 5], ""acc"": 0.4, ""vel"": 67.44, ""pos"": 124.4, ""error"": 53.72986879999948}], [{""pair"": [1, 1, 1, 5], ""acc"": 0.4, ""vel"": 26.48, ""pos"": 329.2, ""error"": 217.58266879999948}], [{""pair"": [1, 1, 2, 5], ""acc"": 0.4, ""vel"": 26.48, ""pos"": 124.4, ""error"": 12.782668799999492}]]"
0.4,26.48,112.0,0.4,26.53,112.0,0.4,26.49,112.0,3,"[{""pair"": [3, 9, 1, 11], ""acc"": 0.4, ""vel"": 26.49, ""pos"": 112.0, ""error"": 0.05341779999988461}]","[[{""pair"": [3, 9, 3, 11], ""acc"": 0.4, ""vel"": 26.53, ""pos"": 112.0, ""error"": 0.09341779999988731}], [{""pair"": [3, 9, 1, 11], ""acc"": 0.4, ""vel"": 26.49, ""pos"": 112.0, ""error"": 0.05341779999988461}], [{""pair"": [3, 11, 0, 9], ""acc"": 0.0, ""vel"": 26.53, ""pos"": 112.0, ""error"": 0.09341779999988731}], [{""pair"": [3, 11, 1, 9], ""acc"": 0.4, ""vel"": 26.52, ""pos"": 112.0, ""error"": 0.08341779999988574}], [{""pair"": [0, 9, 1, 11], ""acc"": 0.0, ""vel"": 26.49, ""pos"": 112.0, ""error"": 0.05341779999988461}], [{""pair"": [1, 9, 1, 11], ""acc"": 0.4, ""vel"": 26.48, ""pos"": 112.0, ""error"": 0.05701779999988332}]]"
0.4,26.49,112.5,0.4,26.49,112.5,0.4,26.49,112.5,3,"[{""pair"": [3, 1, 2, 1], ""acc"": 0.4, ""vel"": 26.49, ""pos"": 112.5, ""error"": 0.0564122000001106}]","[[{""pair"": [3, 1, 2, 1], ""acc"": 0.4, ""vel"": 26.49, ""pos"": 112.5, ""error"": 0.0564122000001106}], [{""pair"": [1, 2, 2, 3], ""acc"": 0.4, ""vel"": 26.49, ""pos"": 138.1, ""error"": 25.656412200000105}]]"
0.4,26.49,112.9,0.5,26.49,932.1,0.4,26.49,112.9,3,"[{""pair"": [0, 7, 1, 7], ""acc"": 0.4, ""vel"": 26.49, ""pos"": 112.9, ""error"": 0.030291199998998763}]","[[{""pair"": [3, 8, 0, 9], ""acc"": 0.1, ""vel"": 26.49, ""pos"": 932.1, ""error"": 819.182508800001}], [{""pair"": [3, 8, 1, 9], ""acc"": 0.5, ""vel"": 26.48, ""pos"": 932.1, ""error"": 819.192508800001}], [{""pair"": [0, 7, 1, 7], ""acc"": 0.4, ""vel"": 26.49, ""pos"": 112.9, ""error"": 0.030291199998998763}], [{""pair"": [0, 7, 2, 7], ""acc"": 0.4, ""vel"": 26.49, ""pos"": 932.1, ""error"": 819.182508800001}], [{""pair"": [1, 7, 0, 7], ""acc"": 0.4, ""vel"": 26.49, ""pos"": 112.9, ""error"": 0.030291199998998763}], [{""pair"": [1, 7, 2, 7], ""acc"": 0.5, ""vel"": 26.49, ""pos"": 112.9, ""error"": 0.030291199998998763}], [{""pair"": [2, 7, 0, 7], ""acc"": 0.4, ""vel"": 26.49, ""pos"": 932.1, ""error"": 819.182508800001}], [{""pair"": [2, 7, 1, 7], ""acc"": 0.5, ""vel"": 26.49, ""pos"": 112.9, ""error"": 0.030291199998998763}], [{""pair"": [0, 8, 0, 9], ""acc"": 0.3, ""vel"": 26.49, ""pos"": 932.1, ""error"": 819.182508800001}], [{""pair"": [0, 8, 1, 9], ""acc"": 0.7, ""vel"": 26.48, ""pos"": 932.1, ""error"": 819.192508800001}], [{""pair"": [1, 8, 0, 9], ""acc"": 0.1, ""vel"": 26.49, ""pos"": 2570.5, ""error"": 2457.582508800001}], [{""pair"": [1, 8, 1, 9], ""acc"": 0.5, ""vel"": 26.48, ""pos"": 2570.5, ""error"": 2457.592508800001}], [{""pair"": [2, 8, 0, 9], ""acc"": 0.1, ""vel"": 26.49, ""pos"": 932.1, ""error"": 819.182508800001}], [{""pair"": [2, 8, 1, 9], ""acc"": 0.5, ""vel"": 26.48, ""pos"": 932.1, ""error"": 819.192508800001}]]"
0.4,26.49,113.4,0.4,26.49,932.6,0.4,26.49,113.4,3,"[{""pair"": [3, 15, 1, 7], ""acc"": 0.4, ""vel"": 26.49, ""pos"": 113.4, ""error"": 0.0564122000001106}]","[[{""pair"": [3, 15, 1, 7], ""acc"": 0.4, ""vel"": 26.49, ""pos"": 113.4, ""error"": 0.0564122000001106}], [{""pair"": [3, 15, 2, 7], ""acc"": 0.4, ""vel"": 26.49, ""pos"": 932.6, ""error"": 819.2564122000001}], [{""pair"": [1, 7, 0, 15], ""acc"": -25.2, ""vel"": 26.49, ""pos"": 113.4, ""error"": 0.0564122000001106}], [{""pair"": [2, 7, 0, 15], ""acc"": -25.2, ""vel"": 26.49, ""pos"": 932.6, ""error"": 819.2564122000001}]]"
0.4,26.5,113.8,0.4,26.5,933.0,0.4,26.5,113.8,3,"[{""pair"": [3, 4, 1, 7], ""acc"": 0.4, ""vel"": 26.5, ""pos"": 113.8, ""error"": 0.05358779999989949}]","[[{""pair"": [3, 4, 1, 7], ""acc"": 0.4, ""vel"": 26.5, ""pos"": 113.8, ""error"": 0.05358779999989949}], [{""pair"": [3, 4, 2, 7], ""acc"": 0.4, ""vel"": 26.5, ""pos"": 933.0, ""error"": 819.1528122000001}], [{""pair"": [0, 4, 1, 7], ""acc"": 0.4, ""vel"": 6.02, ""pos"": 113.8, ""error"": 20.527187799999894}], [{""pair"": [0, 4, 2, 7], ""acc"": 0.4, ""vel"": 6.02, ""pos"": 933.0, ""error"": 839.6264122000001}], [{""pair"": [1, 4, 1, 7], ""acc"": 0.4, ""vel"": 26.5, ""pos"": 11.4, ""error"": 102.4535877999999}], [{""pair"": [1, 4, 2, 7], ""acc"": 0.4, ""vel"": 26.5, ""pos"": 830.6, ""error"": 716.7528122000001}], [{""pair"": [2, 4, 1, 7], ""acc"": 0.4, ""vel"": 26.5, ""pos"": 113.8, ""error"": 0.05358779999989949}], [{""pair"": [2, 4, 2, 7], ""acc"": 0.4, ""vel"": 26.5, ""pos"": 933.0, ""error"": 819.1528122000001}]]"
0.4,26.5,114.3,0.4,26.5,523.9,0.4,26.5,114.3,3,"[{""pair"": [3, 4, 1, 6], ""acc"": 0.4, ""vel"": 26.5, ""pos"": 114.3, ""error"": 0.08234879999948674}]","[[{""pair"": [3, 5, 0, 4], ""acc"": 0.4, ""vel"": 6.02, ""pos"": 523.9, ""error"": 430.16234879999945}], [{""pair"": [3, 5, 1, 4], ""acc"": 0.4, ""vel"": 26.5, ""pos"": 421.5, ""error"": 307.28234879999945}], [{""pair"": [2, 5, 0, 4], ""acc"": 0.4, ""vel"": 6.02, ""pos"": 523.9, ""error"": 430.16234879999945}], [{""pair"": [2, 5, 1, 4], ""acc"": 0.4, ""vel"": 26.5, ""pos"": 421.5, ""error"": 307.28234879999945}], [{""pair"": [3, 4, 1, 6], ""acc"": 0.4, ""vel"": 26.5, ""pos"": 114.3, ""error"": 0.08234879999948674}], [{""pair"": [3, 4, 2, 6], ""acc"": 0.4, ""vel"": 26.5, ""pos"": 523.9, ""error"": 409.68234879999943}], [{""pair"": [2, 4, 1, 6], ""acc"": 0.4, ""vel"": 26.5, ""pos"": 114.3, ""error"": 0.08234879999948674}], [{""pair"": [2, 4, 2, 6], ""acc"": 0.4, ""vel"": 26.5, ""pos"": 523.9, ""error"": 409.68234879999943}]]"
0.4,26.5,114.7,-25.2,26.5,114.7,0.4,26.5,114.7,3,"[{""pair"": [3, 3, 0, 15], ""acc"": 0.4, ""vel"": 26.5, ""pos"": 114.7, ""error"": 0.05735779999987756}]","[[{""pair"": [3, 3, 3, 15], ""acc"": -25.2, ""vel"": 26.5, ""pos"": 114.7, ""error"": 0.05735779999987756}], [{""pair"": [3, 3, 0, 15], ""acc"": 0.4, ""vel"": 26.5, ""pos"": 114.7, ""error"": 0.05735779999987756}], [{""pair"": [3, 3, 1, 15], ""acc"": -25.2, ""vel"": 25.86, ""pos"": 114.7, ""error"": 0.6973577999998781}], [{""pair"": [3, 3, 2, 15], ""acc"": -25.2, ""vel"": 26.5, ""pos"": 111.5, ""error"": 3.2573577999998804}], [{""pair"": [3, 15, 2, 3], ""acc"": -25.2, ""vel"": 26.5, ""pos"": 114.7, ""error"": 0.05735779999987756}], [{""pair"": [2, 3, 0, 15], ""acc"": 0.4, ""vel"": 26.5, ""pos"": 114.7, ""error"": 0.05735779999987756}], [{""pair"": [2, 3, 1, 15], ""acc"": -25.2, ""vel"": 25.86, ""pos"": 114.7, ""error"": 0.6973577999998781}], [{""pair"": [2, 3, 2, 15], ""acc"": -25.2, ""vel"": 26.5, ""pos"": 111.5, ""error"": 3.2573577999998804}]]"
0.4,26.51,115.1,0.4,26.51,115.1,0.4,26.51,115.1,3,"[{""pair"": [3, 0, 3, 4], ""acc"": 0.4, ""vel"": 26.51, ""pos"": 115.1, ""error"": 0.053757799999896605}]","[[{""pair"": [3, 0, 3, 4], ""acc"": 0.4, ""vel"": 26.51, ""pos"": 115.1, ""error"": 0.053757799999896605}], [{""pair"": [3, 4, 1, 0], ""acc"": 0.4, ""vel"": 26.51, ""pos"": 108.7, ""error"": 6.453757799999888}], [{""pair"": [3, 4, 2, 0], ""acc"": 0.4, ""vel"": 26.51, ""pos"": 115.1, ""error"": 0.053757799999896605}]]"
0.4,26.51,115.6,0.5,26.55,115.6,0.4,26.51,115.6,3,"[{""pair"": [1, 11, 0, 7], ""acc"": 0.4, ""vel"": 26.51, ""pos"": 115.6, ""error"": 0.0821887999994928}]","[[{""pair"": [3, 11, 0, 7], ""acc"": 0.4, ""vel"": 26.55, ""pos"": 115.6, ""error"": 0.10938879999947915}], [{""pair"": [3, 11, 2, 7], ""acc"": 0.5, ""vel"": 26.55, ""pos"": 115.6, ""error"": 0.10938879999947915}], [{""pair"": [1, 11, 0, 7], ""acc"": 0.4, ""vel"": 26.51, ""pos"": 115.6, ""error"": 0.0821887999994928}], [{""pair"": [1, 11, 2, 7], ""acc"": 0.5, ""vel"": 26.51, ""pos"": 115.6, ""error"": 0.0821887999994928}]]"
0.4,26.51,116.0,0.4,26.51,119.2,0.4,26.51,116.0,3,"[{""pair"": [3, 1, 2, 15], ""acc"": 0.4, ""vel"": 26.51, ""pos"": 116.0, ""error"": 0.057527799999874674}]","[[{""pair"": [3, 1, 1, 15], ""acc"": 0.4, ""vel"": 25.87, ""pos"": 119.2, ""error"": 3.7960722000001255}], [{""pair"": [3, 1, 2, 15], ""acc"": 0.4, ""vel"": 26.51, ""pos"": 116.0, ""error"": 0.057527799999874674}], [{""pair"": [1, 1, 1, 15], ""acc"": 0.4, ""vel"": 25.87, ""pos"": 106.4, ""error"": 10.29752779999987}], [{""pair"": [1, 1, 2, 15], ""acc"": 0.4, ""vel"": 26.51, ""pos"": 103.2, ""error"": 12.857527799999872}]]"
0.4,26.52,116.5,0.4,6.04,142.1,0.4,26.52,116.5,3,"[{""pair"": [1, 2, 0, 4], ""acc"": 0.4, ""vel"": 26.52, ""pos"": 116.5, ""error"": 0.05247220000011765}]","[[{""pair"": [3, 2, 0, 3], ""acc"": 0.4, ""vel"": 16.28, ""pos"": 142.1, ""error"": 35.886072200000115}], [{""pair"": [3, 2, 1, 3], ""acc"": 0.4, ""vel"": 6.04, ""pos"": 193.3, ""error"": 97.32607220000013}], [{""pair"": [3, 2, 2, 3], ""acc"": 0.4, ""vel"": 6.04, ""pos"": 142.1, ""error"": 46.12607220000011}], [{""pair"": [0, 2, 0, 4], ""acc"": 0.4, ""vel"": 21.4, ""pos"": 142.1, ""error"": 30.766072200000114}], [{""pair"": [1, 2, 0, 4], ""acc"": 0.4, ""vel"": 26.52, ""pos"": 116.5, ""error"": 0.05247220000011765}], [{""pair"": [2, 2, 0, 4], ""acc"": 0.4, ""vel"": 26.52, ""pos"": 142.1, ""error"": 25.652472200000112}]]"
0.4,26.52,116.9,0.4,21.4,116.9,0.4,26.52,116.9,3,"[{""pair"": [3, 3, 0, 2], ""acc"": 0.4, ""vel"": 26.52, ""pos"": 116.9, ""error"": 0.03077120000052247}]","[[{""pair"": [3, 2, 3, 3], ""acc"": 0.4, ""vel"": 21.4, ""pos"": 116.9, ""error"": 5.1507712000005235}], [{""pair"": [3, 2, 0, 3], ""acc"": 0.4, ""vel"": 31.64, ""pos"": 116.9, ""error"": 5.137971200000511}], [{""pair"": [3, 2, 1, 3], ""acc"": 0.4, ""vel"": 21.4, ""pos"": 168.1, ""error"": 56.302028799999476}], [{""pair"": [3, 2, 2, 3], ""acc"": 0.4, ""vel"": 21.4, ""pos"": 116.9, ""error"": 5.1507712000005235}], [{""pair"": [3, 3, 0, 2], ""acc"": 0.4, ""vel"": 26.52, ""pos"": 116.9, ""error"": 0.03077120000052247}], [{""pair"": [3, 3, 1, 2], ""acc"": 0.4, ""vel"": 21.4, ""pos"": 142.5, ""error"": 30.702028799999486}], [{""pair"": [0, 2, 0, 3], ""acc"": 0.4, ""vel"": 36.76, ""pos"": 116.9, ""error"": 10.257971200000508}], [{""pair"": [0, 2, 1, 3], ""acc"": 0.4, ""vel"": 26.52, ""pos"": 168.1, ""error"": 51.18202879999948}], [{""pair"": [0, 2, 2, 3], ""acc"": 0.4, ""vel"": 26.52, ""pos"": 116.9, ""error"": 0.03077120000052247}], [{""pair"": [1, 2, 0, 3], ""acc"": 0.4, ""vel"": 31.64, ""pos"": 142.5, ""error"": 30.689228799999473}], [{""pair"": [1, 2, 1, 3], ""acc"": 0.4, ""vel"": 21.4, ""pos"": 193.7, ""error"": 81.90202879999947}], [{""pair"": [1, 2, 2, 3], ""acc"": 0.4, ""vel"": 21.4, ""pos"": 142.5, ""error"": 30.702028799999486}]]"
0.4,26.52,117.3,0.4,26.52,322.0,0.4,26.52,117.3,3,"[{""pair"": [1, 5, 2, 10], ""acc"": 0.4, ""vel"": 26.52, ""pos"": 117.3, ""error"": 0.057697799999886}]","[[{""pair"": [3, 10, 1, 5], ""acc"": 0.4, ""vel"": 26.52, ""pos"": 117.2, ""error"": 0.15769779999988032}], [{""pair"": [3, 10, 2, 5], ""acc"": 0.4, ""vel"": 26.52, ""pos"": 322.0, ""error"": 204.65590220000013}], [{""pair"": [1, 5, 0, 10], ""acc"": 1.2, ""vel"": 26.52, ""pos"": 117.2, ""error"": 0.15769779999988032}], [{""pair"": [1, 5, 1, 10], ""acc"": 0.4, ""vel"": 26.54, ""pos"": 117.2, ""error"": 0.16409779999988316}], [{""pair"": [1, 5, 2, 10], ""acc"": 0.4, ""vel"": 26.52, ""pos"": 117.3, ""error"": 0.057697799999886}], [{""pair"": [2, 5, 0, 10], ""acc"": 1.2, ""vel"": 26.52, ""pos"": 322.0, ""error"": 204.65590220000013}], [{""pair"": [2, 5, 1, 10], ""acc"": 0.4, ""vel"": 26.54, ""pos"": 322.0, ""error"": 204.66230220000014}], [{""pair"": [2, 5, 2, 10], ""acc"": 0.4, ""vel"": 26.52, ""pos"": 322.1, ""error"": 204.75590220000015}]]"
0.4,26.53,117.8,0.4,26.53,15.4,0.4,26.53,117.8,3,"[{""pair"": [3, 6, 1, 4], ""acc"": 0.4, ""vel"": 26.53, ""pos"": 117.8, ""error"": 0.05230220000012409}]","[[{""pair"": [3, 6, 1, 4], ""acc"": 0.4, ""vel"": 26.53, ""pos"": 117.8, ""error"": 0.05230220000012409}], [{""pair"": [1, 4, 0, 6], ""acc"": 0.4, ""vel"": 108.45, ""pos"": 117.8, ""error"": 81.97230220000013}], [{""pair"": [1, 4, 1, 6], ""acc"": 0.4, ""vel"": 26.53, ""pos"": 527.4, ""error"": 409.6523022000001}], [{""pair"": [1, 4, 2, 6], ""acc"": 0.4, ""vel"": 26.53, ""pos"": 117.8, ""error"": 0.05230220000012409}]]"
0.4,26.53,118.2,0.4,26.53,118.2,0.4,26.53,118.2,3,"[{""pair"": [3, 3, 3, 15], ""acc"": 0.4, ""vel"": 26.53, ""pos"": 118.2, ""error"": 0.030931200000516412}]","[[{""pair"": [3, 3, 3, 15], ""acc"": 0.4, ""vel"": 26.53, ""pos"": 118.2, ""error"": 0.030931200000516412}], [{""pair"": [3, 3, 1, 15], ""acc"": 0.4, ""vel"": 25.89, ""pos"": 118.2, ""error"": 0.670931200000517}], [{""pair"": [3, 15, 2, 3], ""acc"": 0.4, ""vel"": 26.53, ""pos"": 118.2, ""error"": 0.030931200000516412}], [{""pair"": [2, 3, 1, 15], ""acc"": 0.4, ""vel"": 25.89, ""pos"": 118.2, ""error"": 0.670931200000517}]]"
0.4,26.53,118.7,0.4,26.53,118.7,0.4,26.53,118.7,3,"[{""pair"": [3, 7, 2, 9], ""acc"": 0.4, ""vel"": 26.53, ""pos"": 118.7, ""error"": 0.05573220000010792}]","[[{""pair"": [3, 7, 0, 9], ""acc"": 0.0, ""vel"": 26.53, ""pos"": 118.7, ""error"": 0.05573220000010792}], [{""pair"": [3, 7, 1, 9], ""acc"": 0.4, ""vel"": 26.52, ""pos"": 118.7, ""error"": 0.06573220000010949}], [{""pair"": [3, 7, 2, 9], ""acc"": 0.4, ""vel"": 26.53, ""pos"": 118.7, ""error"": 0.05573220000010792}], [{""pair"": [2, 7, 0, 9], ""acc"": 0.0, ""vel"": 26.53, ""pos"": 118.7, ""error"": 0.05573220000010792}], [{""pair"": [2, 7, 1, 9], ""acc"": 0.4, ""vel"": 26.52, ""pos"": 118.7, ""error"": 0.06573220000010949}], [{""pair"": [2, 7, 2, 9], ""acc"": 0.4, ""vel"": 26.53, ""pos"": 118.7, ""error"": 0.05573220000010792}]]"
0.4,26.54,119.1,0.4,25.9,119.1,0.4,26.54,119.1,3,"[{""pair"": [3, 2, 1, 15], ""acc"": 0.4, ""vel"": 26.54, ""pos"": 119.1, ""error"": 0.054267799999898614}]","[[{""pair"": [3, 2, 0, 15], ""acc"": -25.2, ""vel"": 25.9, ""pos"": 119.1, ""error"": 0.6878677999998999}], [{""pair"": [3, 2, 1, 15], ""acc"": 0.4, ""vel"": 26.54, ""pos"": 119.1, ""error"": 0.054267799999898614}], [{""pair"": [0, 15, 1, 2], ""acc"": -25.2, ""vel"": 25.9, ""pos"": 144.7, ""error"": 26.185732200000096}], [{""pair"": [1, 15, 1, 2], ""acc"": 0.4, ""vel"": 26.54, ""pos"": 144.7, ""error"": 25.552132200000095}]]"
0.4,26.54,119.6,13.2,26.55,119.6,0.4,26.55,119.6,3,"[{""pair"": [3, 9, 0, 14], ""acc"": 0.4, ""vel"": 26.55, ""pos"": 119.6, ""error"": 0.07890880000099898}]","[[{""pair"": [3, 9, 3, 14], ""acc"": 13.2, ""vel"": 26.55, ""pos"": 119.6, ""error"": 0.07890880000099898}], [{""pair"": [3, 9, 0, 14], ""acc"": 0.4, ""vel"": 26.55, ""pos"": 119.6, ""error"": 0.07890880000099898}], [{""pair"": [3, 14, 0, 9], ""acc"": 12.8, ""vel"": 26.55, ""pos"": 119.6, ""error"": 0.07890880000099898}], [{""pair"": [3, 14, 1, 9], ""acc"": 13.2, ""vel"": 26.54, ""pos"": 119.6, ""error"": 0.08170880000096759}], [{""pair"": [0, 9, 0, 14], ""acc"": 0.0, ""vel"": 26.55, ""pos"": 119.6, ""error"": 0.07890880000099898}], [{""pair"": [1, 9, 0, 14], ""acc"": 0.4, ""vel"": 26.54, ""pos"": 119.6, ""error"": 0.08170880000096759}]]"
0.4,26.54,120.0,0.4,26.54,117.2,0.4,26.54,120.0,3,"[{""pair"": [2, 12, 2, 15], ""acc"": 0.4, ""vel"": 26.54, ""pos"": 120.0, ""error"": 0.06820779999987892}]","[[{""pair"": [1, 12, 0, 15], ""acc"": -25.2, ""vel"": 26.46, ""pos"": 117.2, ""error"": 2.9482077999998744}], [{""pair"": [1, 12, 2, 15], ""acc"": 0.4, ""vel"": 26.46, ""pos"": 120.4, ""error"": 0.4453922000001249}], [{""pair"": [2, 12, 0, 15], ""acc"": -25.2, ""vel"": 26.54, ""pos"": 116.8, ""error"": 3.2682077999998818}], [{""pair"": [2, 12, 2, 15], ""acc"": 0.4, ""vel"": 26.54, ""pos"": 120.0, ""error"": 0.06820779999987892}]]"
0.4,26.55,120.4,0.4,26.55,120.5,0.4,26.55,120.4,3,"[{""pair"": [2, 10, 2, 8], ""acc"": 0.4, ""vel"": 26.55, ""pos"": 120.4, ""error"": 0.05443779999988507}]","[[{""pair"": [1, 10, 2, 8], ""acc"": 0.4, ""vel"": 26.53, ""pos"": 120.5, ""error"": 0.06556220000010882}], [{""pair"": [2, 10, 2, 8], ""acc"": 0.4, ""vel"": 26.55, ""pos"": 120.4, ""error"": 0.05443779999988507}]]"
0.4,26.55,120.9,0.4,26.55,120.1,0.4,26.55,120.9,3,"[{""pair"": [3, 4, 2, 13], ""acc"": 0.4, ""vel"": 26.55, ""pos"": 120.9, ""error"": 0.08154879999948861}]","[[{""pair"": [3, 4, 3, 13], ""acc"": 0.4, ""vel"": 26.55, ""pos"": 120.1, ""error"": 0.7312512000005356}], [{""pair"": [3, 4, 0, 13], ""acc"": 6.8, ""vel"": 26.55, ""pos"": 120.1, ""error"": 0.7312512000005356}], [{""pair"": [3, 4, 2, 13], ""acc"": 0.4, ""vel"": 26.55, ""pos"": 120.9, ""error"": 0.08154879999948861}], [{""pair"": [3, 13, 0, 4], ""acc"": 0.4, ""vel"": 6.07, ""pos"": 120.1, ""error"": 21.211251200000536}], [{""pair"": [3, 13, 1, 4], ""acc"": 0.4, ""vel"": 26.55, ""pos"": 17.7, ""error"": 103.13125120000052}], [{""pair"": [3, 13, 2, 4], ""acc"": 0.4, ""vel"": 26.55, ""pos"": 120.1, ""error"": 0.7312512000005356}], [{""pair"": [0, 4, 0, 13], ""acc"": 6.8, ""vel"": 6.07, ""pos"": 120.1, ""error"": 21.211251200000536}], [{""pair"": [0, 4, 2, 13], ""acc"": 0.4, ""vel"": 6.07, ""pos"": 120.9, ""error"": 20.56154879999949}], [{""pair"": [1, 4, 0, 13], ""acc"": 6.8, ""vel"": 26.55, ""pos"": 17.7, ""error"": 103.13125120000052}], [{""pair"": [1, 4, 2, 13], ""acc"": 0.4, ""vel"": 26.55, ""pos"": 18.5, ""error"": 102.33125120000054}], [{""pair"": [2, 4, 0, 13], ""acc"": 6.8, ""vel"": 26.55, ""pos"": 120.1, ""error"": 0.7312512000005356}], [{""pair"": [2, 4, 2, 13], ""acc"": 0.4, ""vel"": 26.55, ""pos"": 120.9, ""error"": 0.08154879999948861}]]"
0.3,26.55,121.3,0.3,25.91,127.7,0.3,26.55,121.3,3,"[{""pair"": [1, 15, 1, 0], ""acc"": 0.3, ""vel"": 26.55, ""pos"": 121.3, ""error"": 0.05820779999989156}]","[[{""pair"": [3, 0, 0, 15], ""acc"": -25.3, ""vel"": 25.91, ""pos"": 127.7, ""error"": 6.995392200000111}], [{""pair"": [3, 0, 1, 15], ""acc"": 0.3, ""vel"": 26.55, ""pos"": 127.7, ""error"": 6.355392200000111}], [{""pair"": [0, 15, 1, 0], ""acc"": -25.3, ""vel"": 25.91, ""pos"": 121.3, ""error"": 0.6982077999998921}], [{""pair"": [0, 15, 2, 0], ""acc"": -25.3, ""vel"": 25.91, ""pos"": 127.7, ""error"": 6.995392200000111}], [{""pair"": [1, 15, 1, 0], ""acc"": 0.3, ""vel"": 26.55, ""pos"": 121.3, ""error"": 0.05820779999989156}], [{""pair"": [1, 15, 2, 0], ""acc"": 0.3, ""vel"": 26.55, ""pos"": 127.7, ""error"": 6.355392200000111}]]"
0.3,26.56,121.8,0.3,26.56,109.0,0.3,26.56,121.8,3,"[{""pair"": [3, 13, 1, 1], ""acc"": 0.3, ""vel"": 26.56, ""pos"": 121.8, ""error"": 0.053506650000109346}]","[[{""pair"": [3, 13, 0, 1], ""acc"": 0.3, ""vel"": 29.12, ""pos"": 109.0, ""error"": 15.316293349999889}], [{""pair"": [3, 13, 1, 1], ""acc"": 0.3, ""vel"": 26.56, ""pos"": 121.8, ""error"": 0.053506650000109346}], [{""pair"": [0, 1, 0, 13], ""acc"": 6.7, ""vel"": 29.12, ""pos"": 109.0, ""error"": 15.316293349999889}], [{""pair"": [0, 1, 1, 13], ""acc"": 0.3, ""vel"": 29.28, ""pos"": 109.0, ""error"": 15.476293349999889}], [{""pair"": [0, 1, 2, 13], ""acc"": 0.3, ""vel"": 29.12, ""pos"": 109.8, ""error"": 14.516293349999891}], [{""pair"": [1, 1, 0, 13], ""acc"": 6.7, ""vel"": 26.56, ""pos"": 121.8, ""error"": 0.053506650000109346}], [{""pair"": [1, 1, 1, 13], ""acc"": 0.3, ""vel"": 26.72, ""pos"": 121.8, ""error"": 0.2135066500001095}], [{""pair"": [1, 1, 2, 13], ""acc"": 0.3, ""vel"": 26.56, ""pos"": 122.6, ""error"": 0.8535066500001065}]]"
0.3,26.56,122.2,0.3,47.04,122.2,0.3,26.56,122.2,3,"[{""pair"": [0, 4, 0, 5], ""acc"": 0.3, ""vel"": 26.56, ""pos"": 122.2, ""error"": 0.029798400000519365}]","[[{""pair"": [3, 4, 0, 5], ""acc"": 0.3, ""vel"": 6.08, ""pos"": 122.2, ""error"": 20.50979840000052}], [{""pair"": [0, 4, 0, 5], ""acc"": 0.3, ""vel"": 26.56, ""pos"": 122.2, ""error"": 0.029798400000519365}], [{""pair"": [2, 4, 0, 5], ""acc"": 0.3, ""vel"": 6.08, ""pos"": 122.2, ""error"": 20.50979840000052}]]"
0.3,26.56,122.6,0.3,26.56,532.2,0.3,26.56,122.6,3,"[{""pair"": [3, 13, 1, 6], ""acc"": 0.3, ""vel"": 26.56, ""pos"": 122.6, ""error"": 0.05666334999989431}]","[[{""pair"": [3, 13, 1, 6], ""acc"": 0.3, ""vel"": 26.56, ""pos"": 122.6, ""error"": 0.05666334999989431}], [{""pair"": [1, 6, 2, 13], ""acc"": 0.3, ""vel"": 26.56, ""pos"": 121.8, ""error"": 0.8566633499998915}]]"
0.3,26.57,123.1,0.3,26.73,123.1,0.3,26.57,123.1,3,"[{""pair"": [3, 3, 1, 13], ""acc"": 0.3, ""vel"": 26.57, ""pos"": 123.1, ""error"": 0.05333665000011578}]","[[{""pair"": [3, 3, 1, 13], ""acc"": 0.3, ""vel"": 26.57, ""pos"": 123.1, ""error"": 0.05333665000011578}], [{""pair"": [3, 3, 2, 13], ""acc"": 0.3, ""vel"": 26.73, ""pos"": 122.3, ""error"": 0.9164633499998871}], [{""pair"": [0, 3, 1, 13], ""acc"": 0.3, ""vel"": 36.81, ""pos"": 123.1, ""error"": 10.293336650000118}], [{""pair"": [0, 3, 2, 13], ""acc"": 0.3, ""vel"": 36.97, ""pos"": 122.3, ""error"": 11.156463349999886}], [{""pair"": [1, 3, 1, 13], ""acc"": 0.3, ""vel"": 26.57, ""pos"": 174.3, ""error"": 51.253336650000136}], [{""pair"": [1, 3, 2, 13], ""acc"": 0.3, ""vel"": 26.73, ""pos"": 173.5, ""error"": 50.61333665000012}], [{""pair"": [2, 3, 1, 13], ""acc"": 0.3, ""vel"": 26.57, ""pos"": 123.1, ""error"": 0.05333665000011578}], [{""pair"": [2, 3, 2, 13], ""acc"": 0.3, ""vel"": 26.73, ""pos"": 122.3, ""error"": 0.9164633499998871}]]"
0.3,26.57,123.6,0.3,25.93,123.6,0.3,26.57,123.6,3,"[{""pair"": [3, 0, 1, 15], ""acc"": 0.3, ""vel"": 26.57, ""pos"": 123.6, ""error"": 0.07964159999949416}]","[[{""pair"": [3, 0, 3, 15], ""acc"": 0.3, ""vel"": 25.93, ""pos"": 123.6, ""error"": 0.7196415999994947}], [{""pair"": [3, 15, 1, 0], ""acc"": 0.3, ""vel"": 25.93, ""pos"": 117.2, ""error"": 6.969958400000511}], [{""pair"": [3, 0, 0, 15], ""acc"": -25.3, ""vel"": 25.93, ""pos"": 123.6, ""error"": 0.7196415999994947}], [{""pair"": [3, 0, 1, 15], ""acc"": 0.3, ""vel"": 26.57, ""pos"": 123.6, ""error"": 0.07964159999949416}], [{""pair"": [3, 0, 2, 15], ""acc"": 0.3, ""vel"": 25.93, ""pos"": 126.8, ""error"": 3.9196415999994976}], [{""pair"": [1, 14, 2, 14], ""acc"": 0.3, ""vel"": 25.61, ""pos"": 122.0, ""error"": 2.489958400000514}], [{""pair"": [2, 14, 1, 14], ""acc"": 0.3, ""vel"": 25.61, ""pos"": 122.0, ""error"": 2.489958400000514}], [{""pair"": [0, 15, 1, 0], ""acc"": -25.3, ""vel"": 25.93, ""pos"": 117.2, ""error"": 6.969958400000511}], [{""pair"": [1, 15, 1, 0], ""acc"": 0.3, ""vel"": 26.57, ""pos"": 117.2, ""error"": 6.3299584000005105}], [{""pair"": [2, 15, 1, 0], ""acc"": 0.3, ""vel"": 25.93, ""pos"": 120.4, ""error"": 3.769958400000508}], [{""pair"": [3, 0, 0, 15], ""acc"": -25.3, ""vel"": 25.93, ""pos"": 123.6, ""error"": 0.7196415999994947}], [{""pair"": [3, 0, 1, 15], ""acc"": 0.3, ""vel"": 26.57, ""pos"": 123.6, ""error"": 0.07964159999949416}], [{""pair"": [3, 0, 2, 15], ""acc"": 0.3, ""vel"": 25.93, ""pos"": 126.8, ""error"": 3.9196415999994976}], [{""pair"": [3, 15, 1, 0], ""acc"": 0.3, ""vel"": 25.93, ""pos"": 117.2, ""error"": 6.969958400000511}], [{""pair"": [1, 0, 0, 15], ""acc"": -25.3, ""vel"": 25.93, ""pos"": 117.2, ""error"": 6.969958400000511}], [{""pair"": [1, 0, 1, 15], ""acc"": 0.3, ""vel"": 26.57, ""pos"": 117.2, ""error"": 6.3299584000005105}]]"
0.3,26.57,124.0,0.3,108.49,124.1,0.3,26.57,124.1,3,"[{""pair"": [3, 10, 0, 6], ""acc"": 0.3, ""vel"": 26.57, ""pos"": 124.1, ""error"": 0.053366650000114646}]","[[{""pair"": [3, 10, 0, 6], ""acc"": 0.3, ""vel"": 26.57, ""pos"": 124.1, ""error"": 0.053366650000114646}], [{""pair"": [0, 6, 2, 10], ""acc"": 0.3, ""vel"": 26.57, ""pos"": 124.0, ""error"": 0.056833349999877214}]]"
0.3,26.58,124.4,0.3,26.58,124.4,0.3,26.58,124.4,3,"[{""pair"": [3, 2, 3, 10], ""acc"": 0.3, ""vel"": 26.58, ""pos"": 124.4, ""error"": 0.156633349999872}]","[[{""pair"": [3, 2, 3, 10], ""acc"": 0.3, ""vel"": 26.58, ""pos"": 124.4, ""error"": 0.156633349999872}], [{""pair"": [3, 2, 1, 10], ""acc"": 0.3, ""vel"": 26.56, ""pos"": 124.4, ""error"": 0.1668333499998731}], [{""pair"": [3, 10, 0, 2], ""acc"": 0.3, ""vel"": 21.46, ""pos"": 124.4, ""error"": 5.266833349999871}], [{""pair"": [0, 2, 1, 10], ""acc"": 0.3, ""vel"": 21.44, ""pos"": 124.4, ""error"": 5.2868333499998705}]]"
0.3,26.58,124.9,0.3,26.58,22.7,0.3,26.58,124.9,3,"[{""pair"": [1, 4, 2, 11], ""acc"": 0.3, ""vel"": 26.58, ""pos"": 124.9, ""error"": 0.07948159999948601}]","[[{""pair"": [3, 4, 2, 11], ""acc"": 0.3, ""vel"": 26.58, ""pos"": 22.5, ""error"": 102.33011840000053}], [{""pair"": [1, 4, 2, 11], ""acc"": 0.3, ""vel"": 26.58, ""pos"": 124.9, ""error"": 0.07948159999948601}], [{""pair"": [2, 4, 2, 11], ""acc"": 0.3, ""vel"": 26.58, ""pos"": 22.5, ""error"": 102.33011840000053}]]"
0.3,26.58,125.3,0.3,149.46,125.3,0.3,26.58,125.3,3,"[{""pair"": [0, 6, 0, 5], ""acc"": 0.3, ""vel"": 26.58, ""pos"": 125.3, ""error"": 0.05700334999990275}]","[[{""pair"": [3, 5, 3, 7], ""acc"": 0.3, ""vel"": 149.46, ""pos"": 125.3, ""error"": 122.92680334999991}], [{""pair"": [0, 6, 0, 5], ""acc"": 0.3, ""vel"": 26.58, ""pos"": 125.3, ""error"": 0.05700334999990275}], [{""pair"": [3, 5, 0, 7], ""acc"": 0.2, ""vel"": 149.46, ""pos"": 125.3, ""error"": 122.92680334999991}], [{""pair"": [3, 7, 1, 5], ""acc"": 0.3, ""vel"": 149.46, ""pos"": 330.1, ""error"": 327.6229966500001}], [{""pair"": [3, 7, 2, 5], ""acc"": 0.3, ""vel"": 149.46, ""pos"": 125.3, ""error"": 122.92680334999991}], [{""pair"": [1, 5, 0, 7], ""acc"": 0.2, ""vel"": 149.46, ""pos"": 330.1, ""error"": 327.6229966500001}], [{""pair"": [2, 5, 0, 7], ""acc"": 0.2, ""vel"": 149.46, ""pos"": 125.3, ""error"": 122.92680334999991}]]"
0.3,26.58,125.8,0.3,6.18,125.8,0.3,26.58,125.8,3,"[{""pair"": [0, 4, 1, 12], ""acc"": 0.3, ""vel"": 26.58, ""pos"": 125.8, ""error"": 0.05319665000010332}]","[[{""pair"": [3, 4, 3, 12], ""acc"": 0.3, ""vel"": 6.18, ""pos"": 125.8, ""error"": 20.453196650000102}], [{""pair"": [3, 4, 1, 12], ""acc"": 0.3, ""vel"": 6.1, ""pos"": 125.8, ""error"": 20.5331966500001}], [{""pair"": [3, 12, 0, 4], ""acc"": 0.3, ""vel"": 26.66, ""pos"": 125.8, ""error"": 0.12299665000010762}], [{""pair"": [3, 12, 2, 4], ""acc"": 0.3, ""vel"": 6.18, ""pos"": 125.8, ""error"": 20.453196650000102}], [{""pair"": [0, 4, 1, 12], ""acc"": 0.3, ""vel"": 26.58, ""pos"": 125.8, ""error"": 0.05319665000010332}], [{""pair"": [2, 4, 1, 12], ""acc"": 0.3, ""vel"": 6.1, ""pos"": 125.8, ""error"": 20.5331966500001}]]"
0.3,26.59,126.2,0.3,25.63,126.2,0.3,26.59,126.2,3,"[{""pair"": [1, 15, 1, 14], ""acc"": 0.3, ""vel"": 26.59, ""pos"": 126.2, ""error"": 0.030518399999007073}]","[[{""pair"": [0, 15, 0, 14], ""acc"": -12.5, ""vel"": 25.63, ""pos"": 126.2, ""error"": 0.9801183999989824}], [{""pair"": [0, 15, 1, 14], ""acc"": -25.3, ""vel"": 25.95, ""pos"": 126.2, ""error"": 0.6601183999989821}], [{""pair"": [0, 15, 2, 14], ""acc"": -25.3, ""vel"": 25.63, ""pos"": 127.8, ""error"": 2.529481600000988}], [{""pair"": [1, 15, 0, 14], ""acc"": 13.1, ""vel"": 26.27, ""pos"": 126.2, ""error"": 0.34011839999898186}], [{""pair"": [1, 15, 1, 14], ""acc"": 0.3, ""vel"": 26.59, ""pos"": 126.2, ""error"": 0.030518399999007073}], [{""pair"": [1, 15, 2, 14], ""acc"": 0.3, ""vel"": 26.27, ""pos"": 127.8, ""error"": 1.8894816000009875}], [{""pair"": [3, 14, 0, 0], ""acc"": 0.3, ""vel"": 26.91, ""pos"": 126.2, ""error"": 0.35051839999900736}], [{""pair"": [3, 14, 2, 0], ""acc"": 0.3, ""vel"": 25.63, ""pos"": 126.2, ""error"": 0.9801183999989824}]]"
0.3,26.59,126.6,0.3,26.67,120.2,0.3,26.59,126.6,3,"[{""pair"": [1, 0, 1, 12], ""acc"": 0.3, ""vel"": 26.59, ""pos"": 126.6, ""error"": 0.05717334999989987}]","[[{""pair"": [3, 0, 3, 12], ""acc"": 0.3, ""vel"": 26.67, ""pos"": 120.2, ""error"": 6.526973349999896}], [{""pair"": [3, 0, 1, 12], ""acc"": 0.3, ""vel"": 26.59, ""pos"": 120.2, ""error"": 6.457173349999891}], [{""pair"": [3, 12, 0, 0], ""acc"": 0.3, ""vel"": 27.95, ""pos"": 120.2, ""error"": 7.806973349999893}], [{""pair"": [3, 12, 1, 0], ""acc"": 0.3, ""vel"": 26.67, ""pos"": 126.6, ""error"": 0.12697334999990417}], [{""pair"": [0, 0, 1, 12], ""acc"": 0.3, ""vel"": 27.87, ""pos"": 120.2, ""error"": 7.726973349999895}], [{""pair"": [1, 0, 1, 12], ""acc"": 0.3, ""vel"": 26.59, ""pos"": 126.6, ""error"": 0.05717334999989987}]]"
0.3,26.59,127.1,0.3,29.15,127.1,0.3,26.59,127.1,3,"[{""pair"": [3, 0, 0, 1], ""acc"": 0.3, ""vel"": 26.59, ""pos"": 127.1, ""error"": 0.0530266500001062}]","[[{""pair"": [3, 0, 0, 1], ""acc"": 0.3, ""vel"": 26.59, ""pos"": 127.1, ""error"": 0.0530266500001062}], [{""pair"": [3, 0, 1, 1], ""acc"": 0.3, ""vel"": 29.15, ""pos"": 114.3, ""error"": 15.30697334999989}], [{""pair"": [3, 0, 2, 1], ""acc"": 0.3, ""vel"": 29.15, ""pos"": 127.1, ""error"": 2.6028266500001074}], [{""pair"": [3, 15, 1, 15], ""acc"": 0.3, ""vel"": 28.51, ""pos"": 127.1, ""error"": 1.9628266500001104}], [{""pair"": [3, 15, 2, 15], ""acc"": 0.3, ""vel"": 29.15, ""pos"": 123.9, ""error"": 5.706973349999881}], [{""pair"": [1, 15, 2, 15], ""acc"": 0.3, ""vel"": 28.51, ""pos"": 123.9, ""error"": 5.066973349999884}], [{""pair"": [2, 15, 1, 15], ""acc"": 0.3, ""vel"": 28.51, ""pos"": 123.9, ""error"": 5.066973349999884}], [{""pair"": [0, 0, 0, 1], ""acc"": 0.3, ""vel"": 27.87, ""pos"": 127.1, ""error"": 1.3228266500001098}], [{""pair"": [0, 0, 1, 1], ""acc"": 0.3, ""vel"": 30.43, ""pos"": 114.3, ""error"": 16.58697334999989}], [{""pair"": [0, 0, 2, 1], ""acc"": 0.3, ""vel"": 30.43, ""pos"": 127.1, ""error"": 3.8828266500001085}], [{""pair"": [2, 0, 0, 1], ""acc"": 0.3, ""vel"": 26.59, ""pos"": 127.1, ""error"": 0.0530266500001062}], [{""pair"": [2, 0, 1, 1], ""acc"": 0.3, ""vel"": 29.15, ""pos"": 114.3, ""error"": 15.30697334999989}], [{""pair"": [2, 0, 2, 1], ""acc"": 0.3, ""vel"": 29.15, ""pos"": 127.1, ""error"": 2.6028266500001074}]]"
0.3,26.59,127.5,0.3,6.11,127.5,0.3,26.59,127.5,3,"[{""pair"": [0, 4, 2, 9], ""acc"": 0.3, ""vel"": 26.59, ""pos"": 127.5, ""error"": 0.030278400000515404}]","[[{""pair"": [3, 4, 1, 9], ""acc"": 0.3, ""vel"": 6.1, ""pos"": 127.5, ""error"": 20.520278400000514}], [{""pair"": [3, 4, 2, 9], ""acc"": 0.3, ""vel"": 6.11, ""pos"": 127.5, ""error"": 20.510278400000516}], [{""pair"": [0, 4, 1, 9], ""acc"": 0.3, ""vel"": 26.58, ""pos"": 127.5, ""error"": 0.04027840000051697}], [{""pair"": [0, 4, 2, 9], ""acc"": 0.3, ""vel"": 26.59, ""pos"": 127.5, ""error"": 0.030278400000515404}], [{""pair"": [2, 4, 1, 9], ""acc"": 0.3, ""vel"": 6.1, ""pos"": 127.5, ""error"": 20.520278400000514}], [{""pair"": [2, 4, 2, 9], ""acc"": 0.3, ""vel"": 6.11, ""pos"": 127.5, ""error"": 20.510278400000516}]]"
0.3,26.6,128.0,0.3,26.6,131.6,0.3,26.6,128.0,3,"[{""pair"": [2, 15, 2, 12], ""acc"": 0.3, ""vel"": 26.6, ""pos"": 128.0, ""error"": 0.05282665000011022}]","[[{""pair"": [3, 12, 1, 15], ""acc"": 0.3, ""vel"": 25.96, ""pos"": 131.6, ""error"": 4.2830266500000995}], [{""pair"": [3, 12, 2, 15], ""acc"": 0.3, ""vel"": 26.6, ""pos"": 128.4, ""error"": 0.4528266500001159}], [{""pair"": [1, 15, 2, 12], ""acc"": 0.3, ""vel"": 25.96, ""pos"": 131.2, ""error"": 3.883026650000094}], [{""pair"": [2, 15, 2, 12], ""acc"": 0.3, ""vel"": 26.6, ""pos"": 128.0, ""error"": 0.05282665000011022}]]"
0.3,26.6,128.4,0.3,26.56,128.4,0.3,26.6,128.4,3,"[{""pair"": [3, 8, 1, 11], ""acc"": 0.3, ""vel"": 26.6, ""pos"": 128.4, ""error"": 0.057343349999882776}]","[[{""pair"": [3, 8, 3, 11], ""acc"": 0.3, ""vel"": 26.56, ""pos"": 128.4, ""error"": 0.09734334999988548}], [{""pair"": [3, 8, 0, 11], ""acc"": 1.9, ""vel"": 26.56, ""pos"": 128.4, ""error"": 0.09734334999988548}], [{""pair"": [3, 8, 1, 11], ""acc"": 0.3, ""vel"": 26.6, ""pos"": 128.4, ""error"": 0.057343349999882776}], [{""pair"": [3, 8, 2, 11], ""acc"": 0.3, ""vel"": 26.56, ""pos"": 128.6, ""error"": 0.1928566500001061}], [{""pair"": [3, 11, 1, 8], ""acc"": 0.3, ""vel"": 26.56, ""pos"": 1766.8, ""error"": 1638.39285665}], [{""pair"": [3, 11, 2, 8], ""acc"": 0.3, ""vel"": 26.56, ""pos"": 128.4, ""error"": 0.09734334999988548}], [{""pair"": [1, 8, 0, 11], ""acc"": 1.9, ""vel"": 26.56, ""pos"": 1766.8, ""error"": 1638.39285665}], [{""pair"": [1, 8, 1, 11], ""acc"": 0.3, ""vel"": 26.6, ""pos"": 1766.8, ""error"": 1638.3528566500001}], [{""pair"": [1, 8, 2, 11], ""acc"": 0.3, ""vel"": 26.56, ""pos"": 1767.0, ""error"": 1638.5928566500002}], [{""pair"": [2, 8, 0, 11], ""acc"": 1.9, ""vel"": 26.56, ""pos"": 128.4, ""error"": 0.09734334999988548}], [{""pair"": [2, 8, 1, 11], ""acc"": 0.3, ""vel"": 26.6, ""pos"": 128.4, ""error"": 0.057343349999882776}], [{""pair"": [2, 8, 2, 11], ""acc"": 0.3, ""vel"": 26.56, ""pos"": 128.6, ""error"": 0.1928566500001061}]]"
0.3,26.6,128.9,0.3,26.61,128.9,0.3,26.61,128.9,3,"[{""pair"": [0, 0, 0, 0], ""acc"": 0.3, ""vel"": 26.61, ""pos"": 128.9, ""error"": 0.07956159999948298}]",[]
0.3,26.6,129.3,0.2,26.6,129.3,0.3,26.6,129.3,3,"[{""pair"": [3, 2, 0, 7], ""acc"": 0.3, ""vel"": 26.6, ""pos"": 129.3, ""error"": 0.0675133499998779}]","[[{""pair"": [3, 2, 3, 7], ""acc"": 0.2, ""vel"": 26.6, ""pos"": 129.3, ""error"": 0.0675133499998779}], [{""pair"": [3, 2, 0, 7], ""acc"": 0.3, ""vel"": 26.6, ""pos"": 129.3, ""error"": 0.0675133499998779}], [{""pair"": [3, 2, 1, 7], ""acc"": 0.2, ""vel"": 26.6, ""pos"": 948.5, ""error"": 819.1626866500001}], [{""pair"": [3, 2, 2, 7], ""acc"": 0.2, ""vel"": 26.6, ""pos"": 129.3, ""error"": 0.0675133499998779}], [{""pair"": [3, 7, 0, 2], ""acc"": 0.2, ""vel"": 21.48, ""pos"": 129.3, ""error"": 5.187513349999879}], [{""pair"": [3, 7, 1, 2], ""acc"": 0.2, ""vel"": 26.6, ""pos"": 103.7, ""error"": 25.667513349999886}], [{""pair"": [3, 7, 2, 2], ""acc"": 0.2, ""vel"": 26.6, ""pos"": 129.3, ""error"": 0.0675133499998779}], [{""pair"": [0, 2, 0, 7], ""acc"": 0.3, ""vel"": 21.48, ""pos"": 129.3, ""error"": 5.187513349999879}], [{""pair"": [0, 2, 1, 7], ""acc"": 0.2, ""vel"": 21.48, ""pos"": 948.5, ""error"": 824.2826866500001}], [{""pair"": [0, 2, 2, 7], ""acc"": 0.2, ""vel"": 21.48, ""pos"": 129.3, ""error"": 5.187513349999879}], [{""pair"": [1, 2, 0, 7], ""acc"": 0.3, ""vel"": 26.6, ""pos"": 103.7, ""error"": 25.667513349999886}], [{""pair"": [1, 2, 1, 7], ""acc"": 0.2, ""vel"": 26.6, ""pos"": 922.9, ""error"": 793.56268665}], [{""pair"": [1, 2, 2, 7], ""acc"": 0.2, ""vel"": 26.6, ""pos"": 103.7, ""error"": 25.667513349999886}], [{""pair"": [2, 2, 0, 7], ""acc"": 0.3, ""vel"": 26.6, ""pos"": 129.3, ""error"": 0.0675133499998779}], [{""pair"": [2, 2, 1, 7], ""acc"": 0.2, ""vel"": 26.6, ""pos"": 948.5, ""error"": 819.1626866500001}], [{""pair"": [2, 2, 2, 7], ""acc"": 0.2, ""vel"": 26.6, ""pos"": 129.3, ""error"": 0.0675133499998779}]]"
0.3,26.6,129.70000000000002,0.3,108.52,129.7,0.3,26.6,129.7,3,"[{""pair"": [3, 8, 0, 6], ""acc"": 0.3, ""vel"": 26.6, ""pos"": 129.7, ""error"": 0.0573433499999112}]","[[{""pair"": [3, 6, 3, 8], ""acc"": 0.3, ""vel"": 108.52, ""pos"": 129.7, ""error"": 81.9671433499999}], [{""pair"": [3, 6, 0, 8], ""acc"": 0.1, ""vel"": 108.52, ""pos"": 129.7, ""error"": 81.9671433499999}], [{""pair"": [3, 6, 2, 8], ""acc"": 0.3, ""vel"": 108.52, ""pos"": 129.7, ""error"": 81.9671433499999}], [{""pair"": [3, 8, 0, 6], ""acc"": 0.3, ""vel"": 26.6, ""pos"": 129.7, ""error"": 0.0573433499999112}], [{""pair"": [0, 6, 0, 8], ""acc"": 0.1, ""vel"": 26.6, ""pos"": 129.7, ""error"": 0.0573433499999112}], [{""pair"": [0, 6, 2, 8], ""acc"": 0.3, ""vel"": 26.6, ""pos"": 129.7, ""error"": 0.0573433499999112}]]"
0.3,26.6,130.20000000000002,0.3,26.76,181.4,0.3,26.6,130.2,3,"[{""pair"": [1, 13, 1, 3], ""acc"": 0.3, ""vel"": 26.6, ""pos"": 130.2, ""error"": 0.07916159999949812}]","[[{""pair"": [3, 3, 1, 13], ""acc"": 0.3, ""vel"": 26.6, ""pos"": 181.4, ""error"": 51.27916159999951}], [{""pair"": [1, 13, 1, 3], ""acc"": 0.3, ""vel"": 26.6, ""pos"": 130.2, ""error"": 0.07916159999949812}]]"
0.3,26.6,130.6,0.3,26.6,129.0,0.3,26.6,130.6,3,"[{""pair"": [3, 4, 2, 14], ""acc"": 0.3, ""vel"": 26.6, ""pos"": 130.6, ""error"": 0.057343349999882776}]","[[{""pair"": [3, 4, 3, 14], ""acc"": 0.3, ""vel"": 26.6, ""pos"": 129.0, ""error"": 1.657343349999877}], [{""pair"": [3, 4, 0, 14], ""acc"": 13.1, ""vel"": 26.6, ""pos"": 129.0, ""error"": 1.657343349999877}], [{""pair"": [3, 4, 2, 14], ""acc"": 0.3, ""vel"": 26.6, ""pos"": 130.6, ""error"": 0.057343349999882776}]]"
0.3,26.6,131.1,1.1,25.96,131.1,0.3,26.6,131.1,3,"[{""pair"": [1, 15, 0, 10], ""acc"": 0.3, ""vel"": 26.6, ""pos"": 131.1, ""error"": 0.052856650000109084}]","[[{""pair"": [0, 15, 0, 10], ""acc"": -25.3, ""vel"": 25.96, ""pos"": 131.1, ""error"": 0.6928566500001097}], [{""pair"": [0, 15, 2, 10], ""acc"": -24.5, ""vel"": 25.96, ""pos"": 131.0, ""error"": 0.6973433499998833}], [{""pair"": [1, 15, 0, 10], ""acc"": 0.3, ""vel"": 26.6, ""pos"": 131.1, ""error"": 0.052856650000109084}], [{""pair"": [1, 15, 2, 10], ""acc"": 1.1, ""vel"": 26.6, ""pos"": 131.0, ""error"": 0.057343349999882776}], [{""pair"": [2, 15, 0, 10], ""acc"": 0.3, ""vel"": 25.96, ""pos"": 134.3, ""error"": 3.8928566500001267}], [{""pair"": [2, 15, 2, 10], ""acc"": 1.1, ""vel"": 25.96, ""pos"": 134.2, ""error"": 3.792856650000104}]]"
0.3,26.6,131.5,0.3,26.6,131.3,0.3,26.6,131.5,3,"[{""pair"": [3, 1, 2, 11], ""acc"": 0.3, ""vel"": 26.6, ""pos"": 131.5, ""error"": 0.030438400000509347}]","[[{""pair"": [3, 1, 0, 11], ""acc"": 1.9, ""vel"": 26.6, ""pos"": 131.3, ""error"": 0.23043840000049798}], [{""pair"": [3, 1, 2, 11], ""acc"": 0.3, ""vel"": 26.6, ""pos"": 131.5, ""error"": 0.030438400000509347}], [{""pair"": [0, 1, 0, 11], ""acc"": 1.9, ""vel"": 29.16, ""pos"": 131.3, ""error"": 2.7808384000004835}], [{""pair"": [0, 1, 2, 11], ""acc"": 0.3, ""vel"": 29.16, ""pos"": 131.5, ""error"": 2.580838400000495}], [{""pair"": [1, 1, 0, 11], ""acc"": 1.9, ""vel"": 26.6, ""pos"": 144.1, ""error"": 12.579161599999498}], [{""pair"": [1, 1, 2, 11], ""acc"": 0.3, ""vel"": 26.6, ""pos"": 144.3, ""error"": 12.779161599999515}], [{""pair"": [2, 1, 0, 11], ""acc"": 1.9, ""vel"": 26.6, ""pos"": 131.3, ""error"": 0.23043840000049798}], [{""pair"": [2, 1, 2, 11], ""acc"": 0.3, ""vel"": 26.6, ""pos"": 131.5, ""error"": 0.030438400000509347}]]"
0.3,26.61,132.0,0.3,26.61,132.0,0.3,26.61,132.0,3,"[{""pair"": [3, 0, 3, 15], ""acc"": 0.3, ""vel"": 26.61, ""pos"": 132.0, ""error"": 0.05265665000010955}]","[[{""pair"": [3, 0, 3, 15], ""acc"": 0.3, ""vel"": 26.61, ""pos"": 132.0, ""error"": 0.05265665000010955}], [{""pair"": [3, 15, 0, 0], ""acc"": 0.3, ""vel"": 27.89, ""pos"": 132.0, ""error"": 1.3326566500001107}], [{""pair"": [3, 15, 1, 0], ""acc"": 0.3, ""vel"": 26.61, ""pos"": 138.4, ""error"": 6.452656650000115}], [{""pair"": [3, 0, 0, 15], ""acc"": -25.3, ""vel"": 26.61, ""pos"": 132.0, ""error"": 0.05265665000010955}], [{""pair"": [3, 1, 1, 15], ""acc"": 0.3, ""vel"": 25.97, ""pos"": 132.0, ""error"": 0.6828566500001116}], [{""pair"": [3, 1, 2, 15], ""acc"": 0.3, ""vel"": 26.61, ""pos"": 128.8, ""error"": 3.1571433499998776}], [{""pair"": [1, 15, 0, 1], ""acc"": 0.3, ""vel"": 28.53, ""pos"": 132.0, ""error"": 1.9726566500001113}], [{""pair"": [1, 15, 1, 1], ""acc"": 0.3, ""vel"": 25.97, ""pos"": 144.8, ""error"": 13.482856650000123}], [{""pair"": [1, 15, 2, 1], ""acc"": 0.3, ""vel"": 25.97, ""pos"": 132.0, ""error"": 0.6828566500001116}], [{""pair"": [2, 15, 0, 1], ""acc"": 0.3, ""vel"": 29.17, ""pos"": 128.8, ""error"": 5.71714334999988}], [{""pair"": [2, 15, 1, 1], ""acc"": 0.3, ""vel"": 26.61, ""pos"": 141.6, ""error"": 9.652656650000104}], [{""pair"": [2, 15, 2, 1], ""acc"": 0.3, ""vel"": 26.61, ""pos"": 128.8, ""error"": 3.1571433499998776}], [{""pair"": [0, 15, 0, 0], ""acc"": -25.3, ""vel"": 27.89, ""pos"": 132.0, ""error"": 1.3326566500001107}], [{""pair"": [0, 15, 1, 0], ""acc"": -25.3, ""vel"": 26.61, ""pos"": 138.4, ""error"": 6.452656650000115}], [{""pair"": [3, 0, 0, 15], ""acc"": -25.3, ""vel"": 26.61, ""pos"": 132.0, ""error"": 0.05265665000010955}], [{""pair"": [3, 15, 0, 0], ""acc"": 0.3, ""vel"": 27.89, ""pos"": 132.0, ""error"": 1.3326566500001107}]]"
0.3,26.61,132.4,0.3,26.61,138.0,0.3,26.61,132.4,3,"[{""pair"": [1, 0, 2, 13], ""acc"": 0.3, ""vel"": 26.61, ""pos"": 132.4, ""error"": 0.05751334999987989}]","[[{""pair"": [3, 13, 1, 0], ""acc"": 0.3, ""vel"": 26.61, ""pos"": 131.6, ""error"": 0.8575133499998913}], [{""pair"": [1, 0, 0, 13], ""acc"": 6.7, ""vel"": 26.61, ""pos"": 131.6, ""error"": 0.8575133499998913}], [{""pair"": [1, 0, 1, 13], ""acc"": 0.3, ""vel"": 26.77, ""pos"": 131.6, ""error"": 1.0073133499998939}], [{""pair"": [1, 0, 2, 13], ""acc"": 0.3, ""vel"": 26.61, ""pos"": 132.4, ""error"": 0.05751334999987989}]]"
0.2,26.61,132.9,1.0,26.61,132.9,1.0,26.61,132.8,3,"[{""pair"": [3, 5, 2, 10], ""acc"": 1.0, ""vel"": 26.61, ""pos"": 132.8, ""error"": 0.030598399998979176}]","[[{""pair"": [3, 5, 0, 10], ""acc"": 0.2, ""vel"": 26.61, ""pos"": 132.9, ""error"": 0.07900160000099277}], [{""pair"": [3, 5, 2, 10], ""acc"": 1.0, ""vel"": 26.61, ""pos"": 132.8, ""error"": 0.030598399998979176}], [{""pair"": [2, 5, 0, 10], ""acc"": 0.2, ""vel"": 26.61, ""pos"": 132.9, ""error"": 0.07900160000099277}], [{""pair"": [2, 5, 2, 10], ""acc"": 1.0, ""vel"": 26.61, ""pos"": 132.8, ""error"": 0.030598399998979176}]]"
0.2,26.61,133.3,12.8,26.61,133.3,0.2,26.61,133.3,3,"[{""pair"": [0, 8, 0, 14], ""acc"": 0.2, ""vel"": 26.61, ""pos"": 133.3, ""error"": 0.064485500000103}]","[[{""pair"": [3, 8, 0, 14], ""acc"": 0.0, ""vel"": 26.61, ""pos"": 133.3, ""error"": 0.064485500000103}], [{""pair"": [3, 8, 1, 14], ""acc"": 12.8, ""vel"": 26.29, ""pos"": 133.3, ""error"": 0.3844855000001033}], [{""pair"": [3, 8, 2, 14], ""acc"": 12.8, ""vel"": 26.61, ""pos"": 131.7, ""error"": 1.5695144999999115}], [{""pair"": [0, 8, 0, 14], ""acc"": 0.2, ""vel"": 26.61, ""pos"": 133.3, ""error"": 0.064485500000103}], [{""pair"": [0, 8, 1, 14], ""acc"": 13.0, ""vel"": 26.29, ""pos"": 133.3, ""error"": 0.3844855000001033}], [{""pair"": [0, 8, 2, 14], ""acc"": 13.0, ""vel"": 26.61, ""pos"": 131.7, ""error"": 1.5695144999999115}], [{""pair"": [1, 8, 0, 14], ""acc"": 0.0, ""vel"": 26.61, ""pos"": 1771.7, ""error"": 1638.4644855000001}], [{""pair"": [1, 8, 1, 14], ""acc"": 12.8, ""vel"": 26.29, ""pos"": 1771.7, ""error"": 1638.7844855}], [{""pair"": [1, 8, 2, 14], ""acc"": 12.8, ""vel"": 26.61, ""pos"": 1770.1, ""error"": 1636.8644855}]]"
0.2,26.61,133.70000000000002,0.2,26.61,140.1,0.2,26.61,133.7,3,"[{""pair"": [3, 2, 1, 0], ""acc"": 0.2, ""vel"": 26.61, ""pos"": 133.7, ""error"": 0.05579889999989973}]","[[{""pair"": [3, 0, 3, 2], ""acc"": 0.2, ""vel"": 26.61, ""pos"": 140.1, ""error"": 6.351001100000104}], [{""pair"": [3, 0, 0, 2], ""acc"": 0.2, ""vel"": 21.49, ""pos"": 140.1, ""error"": 11.471001100000105}], [{""pair"": [3, 0, 1, 2], ""acc"": 0.2, ""vel"": 26.61, ""pos"": 114.5, ""error"": 19.25579889999989}], [{""pair"": [3, 0, 2, 2], ""acc"": 0.2, ""vel"": 26.61, ""pos"": 140.1, ""error"": 6.351001100000104}], [{""pair"": [3, 2, 1, 0], ""acc"": 0.2, ""vel"": 26.61, ""pos"": 133.7, ""error"": 0.05579889999989973}], [{""pair"": [3, 2, 2, 0], ""acc"": 0.2, ""vel"": 26.61, ""pos"": 140.1, ""error"": 6.351001100000104}], [{""pair"": [1, 0, 0, 2], ""acc"": 0.2, ""vel"": 21.49, ""pos"": 133.7, ""error"": 5.175798899999901}], [{""pair"": [1, 0, 1, 2], ""acc"": 0.2, ""vel"": 26.61, ""pos"": 108.1, ""error"": 25.655798899999894}], [{""pair"": [1, 0, 2, 2], ""acc"": 0.2, ""vel"": 26.61, ""pos"": 133.7, ""error"": 0.05579889999989973}], [{""pair"": [2, 0, 0, 2], ""acc"": 0.2, ""vel"": 21.49, ""pos"": 140.1, ""error"": 11.471001100000105}], [{""pair"": [2, 0, 1, 2], ""acc"": 0.2, ""vel"": 26.61, ""pos"": 114.5, ""error"": 19.25579889999989}], [{""pair"": [2, 0, 2, 2], ""acc"": 0.2, ""vel"": 26.61, ""pos"": 140.1, ""error"": 6.351001100000104}]]"
0.2,26.61,134.20000000000002,0.2,67.57,134.2,0.2,26.61,134.2,3,"[{""pair"": [3, 14, 0, 5], ""acc"": 0.2, ""vel"": 26.61, ""pos"": 134.2, ""error"": 0.07741439999950828}]","[[{""pair"": [3, 5, 3, 14], ""acc"": 0.2, ""vel"": 67.57, ""pos"": 134.2, ""error"": 41.03101439999949}], [{""pair"": [3, 5, 0, 14], ""acc"": 13.0, ""vel"": 67.57, ""pos"": 134.2, ""error"": 41.03101439999949}], [{""pair"": [3, 14, 0, 5], ""acc"": 0.2, ""vel"": 26.61, ""pos"": 134.2, ""error"": 0.07741439999950828}], [{""pair"": [0, 5, 0, 14], ""acc"": 13.0, ""vel"": 26.61, ""pos"": 134.2, ""error"": 0.07741439999950828}]]"
0.2,26.6,134.6,0.2,6.12,1773.0,0.2,26.6,134.6,3,"[{""pair"": [0, 4, 1, 8], ""acc"": 0.2, ""vel"": 26.6, ""pos"": 134.6, ""error"": 0.06579889999986932}]","[[{""pair"": [3, 4, 0, 8], ""acc"": 0.0, ""vel"": 6.12, ""pos"": 1773.0, ""error"": 1658.8410011000003}], [{""pair"": [3, 4, 1, 8], ""acc"": 0.2, ""vel"": 6.12, ""pos"": 134.6, ""error"": 20.54579889999987}], [{""pair"": [3, 4, 2, 8], ""acc"": 0.2, ""vel"": 6.12, ""pos"": 1773.0, ""error"": 1658.8410011000003}], [{""pair"": [0, 4, 0, 8], ""acc"": 0.0, ""vel"": 26.6, ""pos"": 1773.0, ""error"": 1638.3610011000003}], [{""pair"": [0, 4, 1, 8], ""acc"": 0.2, ""vel"": 26.6, ""pos"": 134.6, ""error"": 0.06579889999986932}], [{""pair"": [0, 4, 2, 8], ""acc"": 0.2, ""vel"": 26.6, ""pos"": 1773.0, ""error"": 1638.3610011000003}]]"
0.2,26.6,135.1,1.8,26.6,135.1,0.2,26.6,135.1,3,"[{""pair"": [2, 0, 0, 11], ""acc"": 0.2, ""vel"": 26.6, ""pos"": 135.1, ""error"": 0.051171100000118486}]","[[{""pair"": [3, 11, 1, 0], ""acc"": 1.8, ""vel"": 26.6, ""pos"": 128.7, ""error"": 6.355628899999886}], [{""pair"": [3, 11, 2, 0], ""acc"": 1.8, ""vel"": 26.6, ""pos"": 135.1, ""error"": 0.051171100000118486}], [{""pair"": [1, 0, 0, 11], ""acc"": 0.2, ""vel"": 26.6, ""pos"": 128.7, ""error"": 6.355628899999886}], [{""pair"": [1, 0, 1, 11], ""acc"": 1.8, ""vel"": 26.56, ""pos"": 128.7, ""error"": 6.395628899999888}], [{""pair"": [1, 0, 2, 11], ""acc"": 1.8, ""vel"": 26.6, ""pos"": 128.5, ""error"": 6.555628899999874}], [{""pair"": [2, 0, 0, 11], ""acc"": 0.2, ""vel"": 26.6, ""pos"": 135.1, ""error"": 0.051171100000118486}], [{""pair"": [2, 0, 1, 11], ""acc"": 1.8, ""vel"": 26.56, ""pos"": 135.1, ""error"": 0.09117110000012119}], [{""pair"": [2, 0, 2, 11], ""acc"": 1.8, ""vel"": 26.6, ""pos"": 134.9, ""error"": 0.1556288999998685}]]"
0.2,26.6,135.5,0.2,36.84,138.7,0.2,26.6,135.5,3,"[{""pair"": [2, 15, 0, 3], ""acc"": 0.2, ""vel"": 26.6, ""pos"": 135.5, ""error"": 0.028825600000498497}]","[[{""pair"": [3, 3, 1, 15], ""acc"": 0.2, ""vel"": 36.2, ""pos"": 138.7, ""error"": 12.771174399999492}], [{""pair"": [3, 3, 2, 15], ""acc"": 0.2, ""vel"": 36.84, ""pos"": 135.5, ""error"": 10.262425600000494}], [{""pair"": [1, 15, 0, 3], ""acc"": 0.2, ""vel"": 25.96, ""pos"": 138.7, ""error"": 3.817574399999497}], [{""pair"": [2, 15, 0, 3], ""acc"": 0.2, ""vel"": 26.6, ""pos"": 135.5, ""error"": 0.028825600000498497}]]"
0.2,26.6,135.9,0.2,26.6,135.5,0.2,26.6,135.9,3,"[{""pair"": [3, 2, 2, 12], ""acc"": 0.2, ""vel"": 26.6, ""pos"": 135.9, ""error"": 0.05562889999987419}]","[[{""pair"": [3, 2, 0, 12], ""acc"": 3.4, ""vel"": 26.6, ""pos"": 135.5, ""error"": 0.4556288999998799}], [{""pair"": [3, 2, 1, 12], ""acc"": 0.2, ""vel"": 26.68, ""pos"": 135.5, ""error"": 0.5288288999998798}], [{""pair"": [3, 2, 2, 12], ""acc"": 0.2, ""vel"": 26.6, ""pos"": 135.9, ""error"": 0.05562889999987419}], [{""pair"": [2, 2, 0, 12], ""acc"": 3.4, ""vel"": 26.6, ""pos"": 135.5, ""error"": 0.4556288999998799}], [{""pair"": [2, 2, 1, 12], ""acc"": 0.2, ""vel"": 26.68, ""pos"": 135.5, ""error"": 0.5288288999998798}], [{""pair"": [2, 2, 2, 12], ""acc"": 0.2, ""vel"": 26.6, ""pos"": 135.9, ""error"": 0.05562889999987419}]]"
0.2,26.6,136.4,0.2,29.16,136.4,0.2,26.6,136.4,3,"[{""pair"": [3, 14, 0, 1], ""acc"": 0.2, ""vel"": 26.6, ""pos"": 136.4, ""error"": 0.051171100000118486}]","[[{""pair"": [3, 1, 3, 14], ""acc"": 0.2, ""vel"": 29.16, ""pos"": 136.4, ""error"": 2.604371100000119}], [{""pair"": [3, 1, 1, 14], ""acc"": 0.2, ""vel"": 28.84, ""pos"": 136.4, ""error"": 2.2843711000001186}], [{""pair"": [3, 1, 2, 14], ""acc"": 0.2, ""vel"": 29.16, ""pos"": 134.8, ""error"": 4.1088288999998746}], [{""pair"": [3, 14, 0, 1], ""acc"": 0.2, ""vel"": 26.6, ""pos"": 136.4, ""error"": 0.051171100000118486}], [{""pair"": [3, 14, 2, 1], ""acc"": 0.2, ""vel"": 29.16, ""pos"": 136.4, ""error"": 2.604371100000119}], [{""pair"": [0, 1, 1, 14], ""acc"": 0.2, ""vel"": 26.28, ""pos"": 136.4, ""error"": 0.37117110000011877}], [{""pair"": [0, 1, 2, 14], ""acc"": 0.2, ""vel"": 26.6, ""pos"": 134.8, ""error"": 1.5556288999998742}], [{""pair"": [2, 1, 1, 14], ""acc"": 0.2, ""vel"": 28.84, ""pos"": 136.4, ""error"": 2.2843711000001186}], [{""pair"": [2, 1, 2, 14], ""acc"": 0.2, ""vel"": 29.16, ""pos"": 134.8, ""error"": 4.1088288999998746}]]"
0.2,26.6,136.8,0.2,29.16,137.0,0.2,26.6,136.8,3,"[{""pair"": [0, 1, 2, 11], ""acc"": 0.2, ""vel"": 26.6, ""pos"": 136.8, ""error"": 0.028825600000498497}]","[[{""pair"": [3, 1, 1, 11], ""acc"": 0.2, ""vel"": 29.12, ""pos"": 137.0, ""error"": 2.6911743999994897}], [{""pair"": [3, 1, 2, 11], ""acc"": 0.2, ""vel"": 29.16, ""pos"": 136.8, ""error"": 2.582425600000491}], [{""pair"": [0, 1, 1, 11], ""acc"": 0.2, ""vel"": 26.56, ""pos"": 137.0, ""error"": 0.21757439999949924}], [{""pair"": [0, 1, 2, 11], ""acc"": 0.2, ""vel"": 26.6, ""pos"": 136.8, ""error"": 0.028825600000498497}]]"
0.2,26.6,137.3,0.2,26.6,137.3,0.2,26.6,137.3,3,"[{""pair"": [3, 14, 2, 1], ""acc"": 0.2, ""vel"": 26.6, ""pos"": 137.3, ""error"": 0.051171100000118486}]","[[{""pair"": [3, 14, 2, 1], ""acc"": 0.2, ""vel"": 26.6, ""pos"": 137.3, ""error"": 0.051171100000118486}], [{""pair"": [2, 1, 1, 14], ""acc"": 0.2, ""vel"": 26.28, ""pos"": 137.3, ""error"": 0.37117110000011877}], [{""pair"": [2, 1, 2, 14], ""acc"": 0.2, ""vel"": 26.6, ""pos"": 135.7, ""error"": 1.5556288999999026}]]"
0.2,26.6,137.70000000000002,0.3,26.6,137.7,0.2,26.6,137.7,3,"[{""pair"": [3, 5, 0, 7], ""acc"": 0.2, ""vel"": 26.6, ""pos"": 137.7, ""error"": 0.055628899999902615}]","[[{""pair"": [3, 5, 3, 7], ""acc"": 0.3, ""vel"": 26.6, ""pos"": 137.7, ""error"": 0.055628899999902615}], [{""pair"": [3, 6, 2, 5], ""acc"": 0.3, ""vel"": 26.6, ""pos"": 137.7, ""error"": 0.055628899999902615}], [{""pair"": [3, 5, 0, 7], ""acc"": 0.2, ""vel"": 26.6, ""pos"": 137.7, ""error"": 0.055628899999902615}], [{""pair"": [3, 7, 0, 5], ""acc"": 0.3, ""vel"": 67.56, ""pos"": 137.7, ""error"": 41.008828899999905}], [{""pair"": [3, 7, 1, 5], ""acc"": 0.3, ""vel"": 26.6, ""pos"": 342.5, ""error"": 204.7511711000001}], [{""pair"": [0, 5, 0, 7], ""acc"": 0.2, ""vel"": 67.56, ""pos"": 137.7, ""error"": 41.008828899999905}], [{""pair"": [1, 5, 0, 7], ""acc"": 0.2, ""vel"": 26.6, ""pos"": 342.5, ""error"": 204.7511711000001}]]"
0.2,26.6,138.20000000000002,0.3,26.6,139.0,0.2,26.6,138.2,3,"[{""pair"": [0, 7, 2, 13], ""acc"": 0.2, ""vel"": 26.6, ""pos"": 138.2, ""error"": 0.07757439999950222}]","[[{""pair"": [3, 7, 2, 13], ""acc"": 0.3, ""vel"": 26.6, ""pos"": 138.2, ""error"": 0.07757439999950222}], [{""pair"": [0, 7, 2, 13], ""acc"": 0.2, ""vel"": 26.6, ""pos"": 138.2, ""error"": 0.07757439999950222}]]"
0.2,26.6,138.6,4.2,26.6,138.6,0.2,26.6,138.6,3,"[{""pair"": [0, 10, 0, 12], ""acc"": 0.2, ""vel"": 26.6, ""pos"": 138.6, ""error"": 0.05562889999987419}]","[[{""pair"": [3, 10, 0, 12], ""acc"": 1.0, ""vel"": 26.6, ""pos"": 138.6, ""error"": 0.05562889999987419}], [{""pair"": [0, 10, 0, 12], ""acc"": 0.2, ""vel"": 26.6, ""pos"": 138.6, ""error"": 0.05562889999987419}]]"
0.2,26.59,139.1,0.2,26.59,139.1,0.2,26.59,139.1,3,"[{""pair"": [3, 0, 3, 1], ""acc"": 0.2, ""vel"": 26.59, ""pos"": 139.1, ""error"": 0.06117110000012005}]","[[{""pair"": [3, 0, 3, 1], ""acc"": 0.2, ""vel"": 26.59, ""pos"": 139.1, ""error"": 0.06117110000012005}], [{""pair"": [3, 1, 0, 0], ""acc"": 0.2, ""vel"": 27.87, ""pos"": 139.1, ""error"": 1.3143711000001197}], [{""pair"": [3, 1, 2, 0], ""acc"": 0.2, ""vel"": 26.59, ""pos"": 139.1, ""error"": 0.06117110000012005}], [{""pair"": [3, 15, 1, 15], ""acc"": 0.2, ""vel"": 25.95, ""pos"": 139.1, ""error"": 0.7011711000001206}], [{""pair"": [3, 15, 2, 15], ""acc"": 0.2, ""vel"": 26.59, ""pos"": 135.9, ""error"": 3.16562889999987}], [{""pair"": [1, 15, 2, 15], ""acc"": 0.2, ""vel"": 25.95, ""pos"": 135.9, ""error"": 3.8056288999998706}], [{""pair"": [2, 15, 1, 15], ""acc"": 0.2, ""vel"": 25.95, ""pos"": 135.9, ""error"": 3.8056288999998706}]]"
0.2,26.59,139.5,0.2,26.63,139.5,0.2,26.59,139.5,3,"[{""pair"": [3, 3, 1, 11], ""acc"": 0.2, ""vel"": 26.59, ""pos"": 139.5, ""error"": 0.028665599998987545}]","[[{""pair"": [3, 3, 3, 11], ""acc"": 0.2, ""vel"": 26.63, ""pos"": 139.5, ""error"": 0.06226559999900161}], [{""pair"": [3, 3, 1, 11], ""acc"": 0.2, ""vel"": 26.59, ""pos"": 139.5, ""error"": 0.028665599998987545}], [{""pair"": [3, 3, 2, 11], ""acc"": 0.2, ""vel"": 26.63, ""pos"": 139.3, ""error"": 0.26226559999899024}], [{""pair"": [3, 11, 0, 3], ""acc"": 0.2, ""vel"": 36.87, ""pos"": 139.5, ""error"": 10.302265599999}], [{""pair"": [3, 11, 1, 3], ""acc"": 0.2, ""vel"": 26.63, ""pos"": 190.7, ""error"": 51.211334400001}], [{""pair"": [3, 11, 2, 3], ""acc"": 0.2, ""vel"": 26.63, ""pos"": 139.5, ""error"": 0.06226559999900161}], [{""pair"": [0, 3, 1, 11], ""acc"": 0.2, ""vel"": 36.83, ""pos"": 139.5, ""error"": 10.262265599999001}], [{""pair"": [0, 3, 2, 11], ""acc"": 0.2, ""vel"": 36.87, ""pos"": 139.3, ""error"": 10.502265599998989}], [{""pair"": [1, 3, 1, 11], ""acc"": 0.2, ""vel"": 26.59, ""pos"": 190.7, ""error"": 51.177734400000986}], [{""pair"": [1, 3, 2, 11], ""acc"": 0.2, ""vel"": 26.63, ""pos"": 190.5, ""error"": 51.01133440000101}], [{""pair"": [2, 3, 1, 11], ""acc"": 0.2, ""vel"": 26.59, ""pos"": 139.5, ""error"": 0.028665599998987545}], [{""pair"": [2, 3, 2, 11], ""acc"": 0.2, ""vel"": 26.63, ""pos"": 139.3, ""error"": 0.26226559999899024}]]"
0.2,26.59,139.9,0.2,26.59,1778.3,0.2,26.59,139.9,3,"[{""pair"": [2, 2, 1, 8], ""acc"": 0.2, ""vel"": 26.59, ""pos"": 139.9, ""error"": 0.055458899999877076}]","[[{""pair"": [0, 2, 0, 8], ""acc"": 0.0, ""vel"": 21.47, ""pos"": 1778.3, ""error"": 1643.4713411}], [{""pair"": [0, 2, 1, 8], ""acc"": 0.2, ""vel"": 21.47, ""pos"": 139.9, ""error"": 5.175458899999878}], [{""pair"": [0, 2, 2, 8], ""acc"": 0.2, ""vel"": 21.47, ""pos"": 1778.3, ""error"": 1643.4713411}], [{""pair"": [1, 2, 0, 8], ""acc"": 0.0, ""vel"": 26.59, ""pos"": 1752.7, ""error"": 1612.7513411000002}], [{""pair"": [1, 2, 1, 8], ""acc"": 0.2, ""vel"": 26.59, ""pos"": 114.3, ""error"": 25.655458899999886}], [{""pair"": [1, 2, 2, 8], ""acc"": 0.2, ""vel"": 26.59, ""pos"": 1752.7, ""error"": 1612.7513411000002}], [{""pair"": [2, 2, 0, 8], ""acc"": 0.0, ""vel"": 26.59, ""pos"": 1778.3, ""error"": 1638.3513411000001}], [{""pair"": [2, 2, 1, 8], ""acc"": 0.2, ""vel"": 26.59, ""pos"": 139.9, ""error"": 0.055458899999877076}], [{""pair"": [2, 2, 2, 8], ""acc"": 0.2, ""vel"": 26.59, ""pos"": 1778.3, ""error"": 1638.3513411000001}]]"
0.2,26.59,140.4,-25.4,26.59,140.4,0.2,26.59,140.4,3,"[{""pair"": [2, 1, 0, 15], ""acc"": 0.2, ""vel"": 26.59, ""pos"": 140.4, ""error"": 0.0513411000001156}]","[[{""pair"": [3, 15, 2, 1], ""acc"": -25.4, ""vel"": 26.59, ""pos"": 140.4, ""error"": 0.0513411000001156}], [{""pair"": [2, 1, 0, 15], ""acc"": 0.2, ""vel"": 26.59, ""pos"": 140.4, ""error"": 0.0513411000001156}], [{""pair"": [2, 1, 1, 15], ""acc"": -25.4, ""vel"": 25.95, ""pos"": 140.4, ""error"": 0.6913411000001162}], [{""pair"": [2, 1, 2, 15], ""acc"": -25.4, ""vel"": 26.59, ""pos"": 137.2, ""error"": 3.1554588999999}]]"
0.2,26.59,140.8,0.2,26.57,140.8,0.2,26.59,140.8,3,"[{""pair"": [3, 14, 1, 10], ""acc"": 0.2, ""vel"": 26.59, ""pos"": 140.8, ""error"": 0.028665600000504554}]","[[{""pair"": [3, 10, 3, 14], ""acc"": 0.2, ""vel"": 26.57, ""pos"": 140.8, ""error"": 0.04866560000050413}], [{""pair"": [3, 10, 0, 14], ""acc"": 13.0, ""vel"": 26.57, ""pos"": 140.8, ""error"": 0.04866560000050413}], [{""pair"": [3, 10, 2, 14], ""acc"": 0.2, ""vel"": 26.57, ""pos"": 142.4, ""error"": 1.5977343999994957}], [{""pair"": [3, 14, 0, 10], ""acc"": 1.0, ""vel"": 26.57, ""pos"": 140.8, ""error"": 0.04866560000050413}], [{""pair"": [3, 14, 1, 10], ""acc"": 0.2, ""vel"": 26.59, ""pos"": 140.8, ""error"": 0.028665600000504554}], [{""pair"": [3, 14, 2, 10], ""acc"": 0.2, ""vel"": 26.57, ""pos"": 140.9, ""error"": 0.09773439999949574}], [{""pair"": [0, 10, 0, 14], ""acc"": 13.8, ""vel"": 26.57, ""pos"": 140.8, ""error"": 0.04866560000050413}], [{""pair"": [0, 10, 2, 14], ""acc"": 1.0, ""vel"": 26.57, ""pos"": 142.4, ""error"": 1.5977343999994957}], [{""pair"": [1, 10, 0, 14], ""acc"": 13.0, ""vel"": 26.59, ""pos"": 140.8, ""error"": 0.028665600000504554}], [{""pair"": [1, 10, 2, 14], ""acc"": 0.2, ""vel"": 26.59, ""pos"": 142.4, ""error"": 1.5777343999994962}], [{""pair"": [2, 10, 0, 14], ""acc"": 13.0, ""vel"": 26.57, ""pos"": 140.9, ""error"": 0.09773439999949574}], [{""pair"": [2, 10, 2, 14], ""acc"": 0.2, ""vel"": 26.57, ""pos"": 142.5, ""error"": 1.69773439999949}]]"
0.2,26.58,141.3,0.2,21.46,141.3,0.2,26.58,141.3,3,"[{""pair"": [0, 2, 2, 2], ""acc"": 0.2, ""vel"": 26.58, ""pos"": 141.3, ""error"": 0.061341100000117166}]","[[{""pair"": [3, 3, 2, 4], ""acc"": 0.2, ""vel"": 21.46, ""pos"": 141.3, ""error"": 5.181341100000115}], [{""pair"": [0, 2, 2, 2], ""acc"": 0.2, ""vel"": 26.58, ""pos"": 141.3, ""error"": 0.061341100000117166}], [{""pair"": [2, 2, 0, 2], ""acc"": 0.2, ""vel"": 26.58, ""pos"": 141.3, ""error"": 0.061341100000117166}], [{""pair"": [2, 3, 2, 4], ""acc"": 0.2, ""vel"": 21.46, ""pos"": 141.3, ""error"": 5.181341100000115}]]"
0.2,26.58,141.70000000000002,0.2,26.58,148.1,0.2,26.58,141.7,3,"[{""pair"": [3, 6, 1, 0], ""acc"": 0.2, ""vel"": 26.58, ""pos"": 141.7, ""error"": 0.05528889999990838}]","[[{""pair"": [3, 6, 1, 0], ""acc"": 0.2, ""vel"": 26.58, ""pos"": 141.7, ""error"": 0.05528889999990838}], [{""pair"": [3, 6, 2, 0], ""acc"": 0.2, ""vel"": 26.58, ""pos"": 148.1, ""error"": 6.351511100000096}], [{""pair"": [1, 0, 2, 6], ""acc"": 0.2, ""vel"": 26.58, ""pos"": 141.7, ""error"": 0.05528889999990838}], [{""pair"": [2, 0, 2, 6], ""acc"": 0.2, ""vel"": 26.58, ""pos"": 148.1, ""error"": 6.351511100000096}]]"
0.2,26.58,142.20000000000002,1.8,26.58,141.8,0.2,26.58,142.2,3,"[{""pair"": [0, 11, 2, 12], ""acc"": 0.2, ""vel"": 26.58, ""pos"": 142.2, ""error"": 0.0778943999994901}]","[[{""pair"": [3, 12, 0, 11], ""acc"": 0.2, ""vel"": 26.58, ""pos"": 141.8, ""error"": 0.32850560000049356}], [{""pair"": [3, 12, 2, 11], ""acc"": 1.8, ""vel"": 26.58, ""pos"": 141.6, ""error"": 0.5285056000005106}], [{""pair"": [3, 10, 0, 10], ""acc"": 2.6, ""vel"": 26.58, ""pos"": 141.8, ""error"": 0.32850560000049356}], [{""pair"": [3, 10, 2, 10], ""acc"": 1.8, ""vel"": 26.58, ""pos"": 141.9, ""error"": 0.22850560000049924}], [{""pair"": [0, 11, 0, 12], ""acc"": 3.4, ""vel"": 26.58, ""pos"": 141.8, ""error"": 0.32850560000049356}], [{""pair"": [0, 11, 1, 12], ""acc"": 0.2, ""vel"": 26.66, ""pos"": 141.8, ""error"": 0.402105600000489}], [{""pair"": [0, 11, 2, 12], ""acc"": 0.2, ""vel"": 26.58, ""pos"": 142.2, ""error"": 0.0778943999994901}], [{""pair"": [2, 11, 0, 12], ""acc"": 5.0, ""vel"": 26.58, ""pos"": 141.6, ""error"": 0.5285056000005106}], [{""pair"": [2, 11, 1, 12], ""acc"": 1.8, ""vel"": 26.66, ""pos"": 141.6, ""error"": 0.6021056000005061}], [{""pair"": [2, 11, 2, 12], ""acc"": 1.8, ""vel"": 26.58, ""pos"": 142.0, ""error"": 0.12850560000050493}], [{""pair"": [0, 10, 2, 10], ""acc"": 2.6, ""vel"": 26.58, ""pos"": 141.9, ""error"": 0.22850560000049924}], [{""pair"": [2, 10, 0, 10], ""acc"": 2.6, ""vel"": 26.58, ""pos"": 141.9, ""error"": 0.22850560000049924}]]"
0.2,26.58,142.6,0.2,26.58,141.0,0.2,26.58,142.6,3,"[{""pair"": [3, 7, 2, 14], ""acc"": 0.2, ""vel"": 26.58, ""pos"": 142.6, ""error"": 0.05528889999987996}]","[[{""pair"": [3, 7, 3, 14], ""acc"": 0.2, ""vel"": 26.58, ""pos"": 141.0, ""error"": 1.6552888999998743}], [{""pair"": [3, 7, 0, 14], ""acc"": 13.0, ""vel"": 26.58, ""pos"": 141.0, ""error"": 1.6552888999998743}], [{""pair"": [3, 7, 2, 14], ""acc"": 0.2, ""vel"": 26.58, ""pos"": 142.6, ""error"": 0.05528889999987996}], [{""pair"": [3, 14, 0, 7], ""acc"": 0.3, ""vel"": 26.58, ""pos"": 141.0, ""error"": 1.6552888999998743}], [{""pair"": [3, 14, 1, 7], ""acc"": 0.2, ""vel"": 26.58, ""pos"": 960.2, ""error"": 817.5515111000002}], [{""pair"": [3, 14, 2, 7], ""acc"": 0.2, ""vel"": 26.58, ""pos"": 141.0, ""error"": 1.6552888999998743}], [{""pair"": [0, 7, 0, 14], ""acc"": 13.1, ""vel"": 26.58, ""pos"": 141.0, ""error"": 1.6552888999998743}], [{""pair"": [0, 7, 2, 14], ""acc"": 0.3, ""vel"": 26.58, ""pos"": 142.6, ""error"": 0.05528889999987996}], [{""pair"": [1, 7, 0, 14], ""acc"": 13.0, ""vel"": 26.58, ""pos"": 960.2, ""error"": 817.5515111000002}], [{""pair"": [1, 7, 2, 14], ""acc"": 0.2, ""vel"": 26.58, ""pos"": 961.8, ""error"": 819.1515111000001}], [{""pair"": [2, 7, 0, 14], ""acc"": 13.0, ""vel"": 26.58, ""pos"": 141.0, ""error"": 1.6552888999998743}], [{""pair"": [2, 7, 2, 14], ""acc"": 0.2, ""vel"": 26.58, ""pos"": 142.6, ""error"": 0.05528889999987996}]]"
0.2,26.57,143.0,0.3,26.57,143.0,0.2,26.57,143.0,3,"[{""pair"": [3, 13, 0, 7], ""acc"": 0.2, ""vel"": 26.57, ""pos"": 143.0, ""error"": 0.06528889999987797}]","[[{""pair"": [3, 7, 3, 13], ""acc"": 0.3, ""vel"": 26.57, ""pos"": 143.0, ""error"": 0.06528889999987797}], [{""pair"": [3, 7, 0, 13], ""acc"": 6.7, ""vel"": 26.57, ""pos"": 143.0, ""error"": 0.06528889999987797}], [{""pair"": [3, 7, 1, 13], ""acc"": 0.3, ""vel"": 26.73, ""pos"": 143.0, ""error"": 0.19848889999988373}], [{""pair"": [3, 7, 2, 13], ""acc"": 0.3, ""vel"": 26.57, ""pos"": 143.8, ""error"": 0.7615111000001278}], [{""pair"": [3, 13, 0, 7], ""acc"": 0.2, ""vel"": 26.57, ""pos"": 143.0, ""error"": 0.06528889999987797}], [{""pair"": [0, 7, 0, 13], ""acc"": 6.6, ""vel"": 26.57, ""pos"": 143.0, ""error"": 0.06528889999987797}], [{""pair"": [0, 7, 1, 13], ""acc"": 0.2, ""vel"": 26.73, ""pos"": 143.0, ""error"": 0.19848889999988373}], [{""pair"": [0, 7, 2, 13], ""acc"": 0.2, ""vel"": 26.57, ""pos"": 143.8, ""error"": 0.7615111000001278}]]"
0.2,26.57,143.5,0.2,26.57,142.7,0.2,26.57,143.5,3,"[{""pair"": [3, 3, 2, 13], ""acc"": 0.2, ""vel"": 26.57, ""pos"": 143.5, ""error"": 0.07805439999948405}]","[[{""pair"": [3, 3, 3, 13], ""acc"": 0.2, ""vel"": 26.57, ""pos"": 142.7, ""error"": 0.7283456000005337}], [{""pair"": [3, 3, 0, 13], ""acc"": 6.6, ""vel"": 26.57, ""pos"": 142.7, ""error"": 0.7283456000005337}], [{""pair"": [3, 3, 1, 13], ""acc"": 0.2, ""vel"": 26.73, ""pos"": 142.7, ""error"": 0.8819456000005275}], [{""pair"": [3, 3, 2, 13], ""acc"": 0.2, ""vel"": 26.57, ""pos"": 143.5, ""error"": 0.07805439999948405}], [{""pair"": [3, 13, 2, 3], ""acc"": 0.2, ""vel"": 26.57, ""pos"": 142.7, ""error"": 0.7283456000005337}], [{""pair"": [2, 3, 0, 13], ""acc"": 6.6, ""vel"": 26.57, ""pos"": 142.7, ""error"": 0.7283456000005337}], [{""pair"": [2, 3, 1, 13], ""acc"": 0.2, ""vel"": 26.73, ""pos"": 142.7, ""error"": 0.8819456000005275}], [{""pair"": [2, 3, 2, 13], ""acc"": 0.2, ""vel"": 26.57, ""pos"": 143.5, ""error"": 0.07805439999948405}]]"
0.2,26.57,143.9,-25.4,21.45,143.9,0.2,26.57,143.9,3,"[{""pair"": [0, 15, 0, 2], ""acc"": 0.2, ""vel"": 26.57, ""pos"": 143.9, ""error"": 0.05511889999988284}]","[[{""pair"": [3, 2, 0, 15], ""acc"": 0.2, ""vel"": 21.45, ""pos"": 143.9, ""error"": 5.175118899999884}], [{""pair"": [3, 2, 1, 15], ""acc"": -25.4, ""vel"": 20.81, ""pos"": 143.9, ""error"": 5.815118899999884}], [{""pair"": [0, 15, 0, 2], ""acc"": 0.2, ""vel"": 26.57, ""pos"": 143.9, ""error"": 0.05511889999988284}], [{""pair"": [1, 15, 0, 2], ""acc"": -25.4, ""vel"": 25.93, ""pos"": 143.9, ""error"": 0.6951188999998834}]]"
0.2,26.56,144.4,0.2,26.56,195.6,0.2,26.56,144.4,3,"[{""pair"": [3, 13, 1, 3], ""acc"": 0.2, ""vel"": 26.56, ""pos"": 144.4, ""error"": 0.0616811000001114}]","[[{""pair"": [3, 13, 1, 3], ""acc"": 0.2, ""vel"": 26.56, ""pos"": 144.4, ""error"": 0.0616811000001114}], [{""pair"": [1, 3, 0, 13], ""acc"": 6.6, ""vel"": 26.56, ""pos"": 144.4, ""error"": 0.0616811000001114}], [{""pair"": [1, 3, 1, 13], ""acc"": 0.2, ""vel"": 26.72, ""pos"": 144.4, ""error"": 0.19488110000011005}], [{""pair"": [1, 3, 2, 13], ""acc"": 0.2, ""vel"": 26.56, ""pos"": 145.2, ""error"": 0.8616811000000943}]]"
0.1,26.56,144.8,0.1,26.56,146.4,0.1,26.56,144.8,3,"[{""pair"": [3, 3, 2, 14], ""acc"": 0.1, ""vel"": 26.56, ""pos"": 144.8, ""error"": 0.028185600000494304}]","[[{""pair"": [3, 3, 3, 14], ""acc"": 0.1, ""vel"": 26.56, ""pos"": 146.4, ""error"": 1.5782143999995064}], [{""pair"": [3, 3, 1, 14], ""acc"": 0.1, ""vel"": 26.24, ""pos"": 146.4, ""error"": 1.8982143999995067}], [{""pair"": [3, 3, 2, 14], ""acc"": 0.1, ""vel"": 26.56, ""pos"": 144.8, ""error"": 0.028185600000494304}]]"
0.1,26.55,145.3,0.1,26.55,1783.7,0.1,26.55,145.3,3,"[{""pair"": [3, 10, 1, 8], ""acc"": 0.1, ""vel"": 26.55, ""pos"": 145.3, ""error"": 0.06016555000008594}]","[[{""pair"": [3, 8, 3, 10], ""acc"": 0.1, ""vel"": 26.55, ""pos"": 1783.7, ""error"": 1638.46016555}], [{""pair"": [3, 9, 0, 8], ""acc"": 0.3, ""vel"": 26.55, ""pos"": 1783.7, ""error"": 1638.46016555}], [{""pair"": [0, 9, 0, 8], ""acc"": 0.7, ""vel"": 26.55, ""pos"": 1783.7, ""error"": 1638.46016555}], [{""pair"": [2, 9, 0, 8], ""acc"": 0.3, ""vel"": 26.55, ""pos"": 1783.7, ""error"": 1638.46016555}], [{""pair"": [3, 8, 0, 10], ""acc"": 0.9, ""vel"": 26.55, ""pos"": 1783.7, ""error"": 1638.46016555}], [{""pair"": [3, 10, 1, 8], ""acc"": 0.1, ""vel"": 26.55, ""pos"": 145.3, ""error"": 0.06016555000008594}], [{""pair"": [3, 10, 2, 8], ""acc"": 0.1, ""vel"": 26.55, ""pos"": 1783.7, ""error"": 1638.46016555}], [{""pair"": [1, 8, 0, 10], ""acc"": 0.9, ""vel"": 26.55, ""pos"": 145.3, ""error"": 0.06016555000008594}], [{""pair"": [2, 8, 0, 10], ""acc"": 0.9, ""vel"": 26.55, ""pos"": 1783.7, ""error"": 1638.46016555}]]"
0.1,26.55,145.70000000000002,0.1,26.55,144.1,0.1,26.55,145.7,3,"[{""pair"": [3, 6, 2, 14], ""acc"": 0.1, ""vel"": 26.55, ""pos"": 145.7, ""error"": 0.05306444999990845}]","[[{""pair"": [3, 6, 3, 14], ""acc"": 0.1, ""vel"": 26.55, ""pos"": 144.1, ""error"": 1.6530644499999028}], [{""pair"": [3, 6, 0, 14], ""acc"": 12.9, ""vel"": 26.55, ""pos"": 144.1, ""error"": 1.6530644499999028}], [{""pair"": [3, 6, 1, 14], ""acc"": 0.1, ""vel"": 26.87, ""pos"": 144.1, ""error"": 1.9696644499999039}], [{""pair"": [3, 6, 2, 14], ""acc"": 0.1, ""vel"": 26.55, ""pos"": 145.7, ""error"": 0.05306444999990845}], [{""pair"": [3, 14, 0, 6], ""acc"": 0.1, ""vel"": 108.47, ""pos"": 144.1, ""error"": 83.5696644499999}], [{""pair"": [3, 14, 1, 6], ""acc"": 0.1, ""vel"": 26.55, ""pos"": 553.7, ""error"": 407.9503355500002}], [{""pair"": [3, 14, 2, 6], ""acc"": 0.1, ""vel"": 26.55, ""pos"": 144.1, ""error"": 1.6530644499999028}], [{""pair"": [0, 6, 0, 14], ""acc"": 12.9, ""vel"": 108.47, ""pos"": 144.1, ""error"": 83.5696644499999}], [{""pair"": [0, 6, 1, 14], ""acc"": 0.1, ""vel"": 108.79, ""pos"": 144.1, ""error"": 83.88966444999991}], [{""pair"": [0, 6, 2, 14], ""acc"": 0.1, ""vel"": 108.47, ""pos"": 145.7, ""error"": 81.96966444999991}], [{""pair"": [1, 6, 0, 14], ""acc"": 12.9, ""vel"": 26.55, ""pos"": 553.7, ""error"": 407.9503355500002}], [{""pair"": [1, 6, 1, 14], ""acc"": 0.1, ""vel"": 26.87, ""pos"": 553.7, ""error"": 408.2669355500002}], [{""pair"": [1, 6, 2, 14], ""acc"": 0.1, ""vel"": 26.55, ""pos"": 555.3, ""error"": 409.5503355500001}], [{""pair"": [2, 6, 0, 14], ""acc"": 12.9, ""vel"": 26.55, ""pos"": 144.1, ""error"": 1.6530644499999028}], [{""pair"": [2, 6, 1, 14], ""acc"": 0.1, ""vel"": 26.87, ""pos"": 144.1, ""error"": 1.9696644499999039}], [{""pair"": [2, 6, 2, 14], ""acc"": 0.1, ""vel"": 26.55, ""pos"": 145.7, ""error"": 0.05306444999990845}]]"
0.1,26.54,146.20000000000002,0.1,25.9,146.2,0.1,26.54,146.2,3,"[{""pair"": [3, 9, 1, 15], ""acc"": 0.1, ""vel"": 26.54, ""pos"": 146.2, ""error"": 0.08678720000098039}]","[[{""pair"": [3, 9, 0, 15], ""acc"": -25.5, ""vel"": 25.9, ""pos"": 146.2, ""error"": 0.726787200000981}], [{""pair"": [3, 9, 1, 15], ""acc"": 0.1, ""vel"": 26.54, ""pos"": 146.2, ""error"": 0.08678720000098039}], [{""pair"": [0, 15, 2, 9], ""acc"": -25.5, ""vel"": 25.9, ""pos"": 146.2, ""error"": 0.726787200000981}], [{""pair"": [1, 15, 2, 9], ""acc"": 0.1, ""vel"": 26.54, ""pos"": 146.2, ""error"": 0.08678720000098039}]]"
0.1,26.54,146.6,0.1,26.54,146.6,0.1,26.54,146.6,3,"[{""pair"": [2, 4, 2, 8], ""acc"": 0.1, ""vel"": 26.54, ""pos"": 146.6, ""error"": 0.05289444999988291}]","[[{""pair"": [2, 4, 0, 8], ""acc"": 0.3, ""vel"": 26.54, ""pos"": 146.6, ""error"": 0.05289444999988291}], [{""pair"": [2, 4, 1, 8], ""acc"": 0.1, ""vel"": 26.54, ""pos"": 1785.0, ""error"": 1638.3505055500002}], [{""pair"": [2, 4, 2, 8], ""acc"": 0.1, ""vel"": 26.54, ""pos"": 146.6, ""error"": 0.05289444999988291}]]"
0.1,26.54,147.0,0.1,26.55,147.0,0.1,26.54,147.0,3,"[{""pair"": [3, 12, 1, 9], ""acc"": 0.1, ""vel"": 26.54, ""pos"": 147.0, ""error"": 0.05289444999988291}]","[[{""pair"": [3, 9, 3, 12], ""acc"": 0.1, ""vel"": 26.55, ""pos"": 147.0, ""error"": 0.05949444999988529}], [{""pair"": [3, 9, 1, 12], ""acc"": 0.1, ""vel"": 26.47, ""pos"": 147.0, ""error"": 0.12289444999988319}], [{""pair"": [3, 9, 2, 12], ""acc"": 0.1, ""vel"": 26.55, ""pos"": 146.6, ""error"": 0.459494449999891}], [{""pair"": [3, 12, 1, 9], ""acc"": 0.1, ""vel"": 26.54, ""pos"": 147.0, ""error"": 0.05289444999988291}], [{""pair"": [1, 9, 1, 12], ""acc"": 0.1, ""vel"": 26.46, ""pos"": 147.0, ""error"": 0.1328944499998812}], [{""pair"": [1, 9, 2, 12], ""acc"": 0.1, ""vel"": 26.54, ""pos"": 146.6, ""error"": 0.4528944499998886}]]"
0.1,26.53,147.5,0.1,26.53,147.5,0.1,26.53,147.5,3,"[{""pair"": [3, 1, 3, 14], ""acc"": 0.1, ""vel"": 26.53, ""pos"": 147.5, ""error"": 0.08694719999947154}]","[[{""pair"": [3, 1, 3, 14], ""acc"": 0.1, ""vel"": 26.53, ""pos"": 147.5, ""error"": 0.08694719999947154}], [{""pair"": [3, 1, 0, 14], ""acc"": 12.9, ""vel"": 26.53, ""pos"": 147.5, ""error"": 0.08694719999947154}], [{""pair"": [3, 1, 1, 14], ""acc"": 0.1, ""vel"": 26.85, ""pos"": 147.5, ""error"": 0.38374719999946905}], [{""pair"": [3, 1, 2, 14], ""acc"": 0.1, ""vel"": 26.53, ""pos"": 149.1, ""error"": 1.6869471999994659}], [{""pair"": [3, 14, 1, 1], ""acc"": 0.1, ""vel"": 26.53, ""pos"": 134.7, ""error"": 12.736252800000543}], [{""pair"": [1, 1, 0, 14], ""acc"": 12.9, ""vel"": 26.53, ""pos"": 134.7, ""error"": 12.736252800000543}], [{""pair"": [1, 1, 1, 14], ""acc"": 0.1, ""vel"": 26.85, ""pos"": 134.7, ""error"": 13.03305280000054}], [{""pair"": [1, 1, 2, 14], ""acc"": 0.1, ""vel"": 26.53, ""pos"": 136.3, ""error"": 11.13625280000052}]]"
0.1,26.52,147.9,0.9,26.52,141.5,0.1,26.52,147.9,3,"[{""pair"": [1, 0, 0, 10], ""acc"": 0.1, ""vel"": 26.52, ""pos"": 147.9, ""error"": 0.06272444999988736}]","[[{""pair"": [0, 0, 0, 10], ""acc"": 0.1, ""vel"": 27.8, ""pos"": 141.5, ""error"": 7.719324449999892}], [{""pair"": [0, 0, 2, 10], ""acc"": 0.9, ""vel"": 27.8, ""pos"": 141.4, ""error"": 7.819324449999886}], [{""pair"": [1, 0, 0, 10], ""acc"": 0.1, ""vel"": 26.52, ""pos"": 147.9, ""error"": 0.06272444999988736}], [{""pair"": [1, 0, 2, 10], ""acc"": 0.9, ""vel"": 26.52, ""pos"": 147.8, ""error"": 0.16272444999988167}]]"
0.1,26.52,148.4,0.1,26.52,1786.8,0.1,26.52,148.4,3,"[{""pair"": [1, 8, 2, 7], ""acc"": 0.1, ""vel"": 26.52, ""pos"": 148.4, ""error"": 0.05084555000010482}]","[[{""pair"": [3, 7, 3, 9], ""acc"": 0.1, ""vel"": 26.52, ""pos"": 1786.8, ""error"": 1638.4508455500002}], [{""pair"": [3, 8, 0, 7], ""acc"": 0.0, ""vel"": 26.52, ""pos"": 1786.8, ""error"": 1638.4508455500002}], [{""pair"": [3, 8, 2, 7], ""acc"": 0.1, ""vel"": 26.52, ""pos"": 1786.8, ""error"": 1638.4508455500002}], [{""pair"": [1, 8, 0, 7], ""acc"": 0.0, ""vel"": 26.52, ""pos"": 148.4, ""error"": 0.05084555000010482}], [{""pair"": [1, 8, 2, 7], ""acc"": 0.1, ""vel"": 26.52, ""pos"": 148.4, ""error"": 0.05084555000010482}], [{""pair"": [2, 8, 0, 7], ""acc"": 0.0, ""vel"": 26.52, ""pos"": 1786.8, ""error"": 1638.4508455500002}], [{""pair"": [2, 8, 2, 7], ""acc"": 0.1, ""vel"": 26.52, ""pos"": 1786.8, ""error"": 1638.4508455500002}], [{""pair"": [3, 9, 1, 7], ""acc"": 0.1, ""vel"": 26.52, ""pos"": 2606.0, ""error"": 2457.6508455499998}]]"
0.1,26.51,148.8,0.1,26.51,148.8,0.1,26.51,148.8,3,"[{""pair"": [3, 4, 3, 11], ""acc"": 0.1, ""vel"": 26.51, ""pos"": 148.8, ""error"": 0.035932800000509246}]","[[{""pair"": [3, 4, 3, 11], ""acc"": 0.1, ""vel"": 26.51, ""pos"": 148.8, ""error"": 0.035932800000509246}], [{""pair"": [3, 4, 0, 11], ""acc"": 1.7, ""vel"": 26.51, ""pos"": 148.8, ""error"": 0.035932800000509246}], [{""pair"": [3, 4, 1, 11], ""acc"": 0.1, ""vel"": 26.55, ""pos"": 148.8, ""error"": 0.05273280000050562}], [{""pair"": [3, 4, 2, 11], ""acc"": 0.1, ""vel"": 26.51, ""pos"": 149.0, ""error"": 0.18726719999948216}], [{""pair"": [3, 11, 0, 4], ""acc"": 0.1, ""vel"": 6.03, ""pos"": 148.8, ""error"": 20.51593280000051}], [{""pair"": [3, 11, 1, 4], ""acc"": 0.1, ""vel"": 26.51, ""pos"": 46.4, ""error"": 102.43593280000051}], [{""pair"": [3, 11, 2, 4], ""acc"": 0.1, ""vel"": 26.51, ""pos"": 148.8, ""error"": 0.035932800000509246}], [{""pair"": [0, 4, 0, 11], ""acc"": 1.7, ""vel"": 6.03, ""pos"": 148.8, ""error"": 20.51593280000051}], [{""pair"": [0, 4, 1, 11], ""acc"": 0.1, ""vel"": 6.07, ""pos"": 148.8, ""error"": 20.47593280000051}], [{""pair"": [0, 4, 2, 11], ""acc"": 0.1, ""vel"": 6.03, ""pos"": 149.0, ""error"": 20.667267199999483}], [{""pair"": [1, 4, 0, 11], ""acc"": 1.7, ""vel"": 26.51, ""pos"": 46.4, ""error"": 102.43593280000051}], [{""pair"": [1, 4, 1, 11], ""acc"": 0.1, ""vel"": 26.55, ""pos"": 46.4, ""error"": 102.45273280000052}], [{""pair"": [1, 4, 2, 11], ""acc"": 0.1, ""vel"": 26.51, ""pos"": 46.6, ""error"": 102.23593280000053}], [{""pair"": [2, 4, 0, 11], ""acc"": 1.7, ""vel"": 26.51, ""pos"": 148.8, ""error"": 0.035932800000509246}], [{""pair"": [2, 4, 1, 11], ""acc"": 0.1, ""vel"": 26.55, ""pos"": 148.8, ""error"": 0.05273280000050562}], [{""pair"": [2, 4, 2, 11], ""acc"": 0.1, ""vel"": 26.51, ""pos"": 149.0, ""error"": 0.18726719999948216}]]"
0.1,26.51,149.20000000000002,0.1,26.5,149.2,0.1,26.51,149.2,3,"[{""pair"": [2, 6, 1, 9], ""acc"": 0.1, ""vel"": 26.51, ""pos"": 149.2, ""error"": 0.05238444999991998}]","[[{""pair"": [3, 9, 0, 6], ""acc"": 0.1, ""vel"": 108.42, ""pos"": 149.2, ""error"": 81.95898444999992}], [{""pair"": [3, 9, 1, 6], ""acc"": 0.1, ""vel"": 26.5, ""pos"": 558.8, ""error"": 409.5610155500001}], [{""pair"": [3, 9, 2, 6], ""acc"": 0.1, ""vel"": 26.5, ""pos"": 149.2, ""error"": 0.06238444999992154}], [{""pair"": [0, 6, 0, 9], ""acc"": 0.5, ""vel"": 108.42, ""pos"": 149.2, ""error"": 81.95898444999992}], [{""pair"": [0, 6, 1, 9], ""acc"": 0.1, ""vel"": 108.43, ""pos"": 149.2, ""error"": 81.96898444999992}], [{""pair"": [0, 6, 2, 9], ""acc"": 0.1, ""vel"": 108.42, ""pos"": 149.2, ""error"": 81.95898444999992}], [{""pair"": [1, 6, 0, 9], ""acc"": 0.5, ""vel"": 26.5, ""pos"": 558.8, ""error"": 409.5610155500001}], [{""pair"": [1, 6, 1, 9], ""acc"": 0.1, ""vel"": 26.51, ""pos"": 558.8, ""error"": 409.5510155500001}], [{""pair"": [1, 6, 2, 9], ""acc"": 0.1, ""vel"": 26.5, ""pos"": 558.8, ""error"": 409.5610155500001}], [{""pair"": [2, 6, 0, 9], ""acc"": 0.5, ""vel"": 26.5, ""pos"": 149.2, ""error"": 0.06238444999992154}], [{""pair"": [2, 6, 1, 9], ""acc"": 0.1, ""vel"": 26.51, ""pos"": 149.2, ""error"": 0.05238444999991998}], [{""pair"": [2, 6, 2, 9], ""acc"": 0.1, ""vel"": 26.5, ""pos"": 149.2, ""error"": 0.06238444999992154}]]"
0.1,26.5,149.70000000000002,0.1,26.5,149.6,0.1,26.5,149.7,3,"[{""pair"": [2, 10, 2, 8], ""acc"": 0.1, ""vel"": 26.5, ""pos"": 149.7, ""error"": 0.0610155500001035}]","[[{""pair"": [0, 10, 0, 8], ""acc"": 1.1, ""vel"": 26.5, ""pos"": 149.6, ""error"": 0.06238444999989312}], [{""pair"": [0, 10, 1, 8], ""acc"": 0.9, ""vel"": 26.5, ""pos"": 1788.0, ""error"": 1638.36101555}], [{""pair"": [0, 10, 2, 8], ""acc"": 0.9, ""vel"": 26.5, ""pos"": 149.6, ""error"": 0.06238444999989312}], [{""pair"": [2, 10, 0, 8], ""acc"": 0.3, ""vel"": 26.5, ""pos"": 149.7, ""error"": 0.0610155500001035}], [{""pair"": [2, 10, 1, 8], ""acc"": 0.1, ""vel"": 26.5, ""pos"": 1788.1, ""error"": 1638.46101555}], [{""pair"": [2, 10, 2, 8], ""acc"": 0.1, ""vel"": 26.5, ""pos"": 149.7, ""error"": 0.0610155500001035}]]"
0.1,26.49,150.1,0.1,27.77,149.3,0.1,26.49,150.1,3,"[{""pair"": [0, 0, 2, 13], ""acc"": 0.1, ""vel"": 26.49, ""pos"": 150.1, ""error"": 0.03561280000052491}]","[[{""pair"": [3, 13, 0, 0], ""acc"": 0.1, ""vel"": 26.49, ""pos"": 149.3, ""error"": 0.8356128000005079}], [{""pair"": [3, 13, 1, 0], ""acc"": 0.1, ""vel"": 27.77, ""pos"": 142.9, ""error"": 8.492412800000505}], [{""pair"": [0, 0, 0, 13], ""acc"": 6.5, ""vel"": 26.49, ""pos"": 149.3, ""error"": 0.8356128000005079}], [{""pair"": [0, 0, 2, 13], ""acc"": 0.1, ""vel"": 26.49, ""pos"": 150.1, ""error"": 0.03561280000052491}], [{""pair"": [1, 0, 0, 13], ""acc"": 6.5, ""vel"": 27.77, ""pos"": 142.9, ""error"": 8.492412800000505}], [{""pair"": [1, 0, 2, 13], ""acc"": 0.1, ""vel"": 27.77, ""pos"": 143.7, ""error"": 7.692412800000522}]]"
0.1,26.49,150.6,0.1,29.05,150.6,0.1,26.49,150.6,3,"[{""pair"": [3, 1, 0, 1], ""acc"": 0.1, ""vel"": 26.49, ""pos"": 150.6, ""error"": 0.05135555000009617}]","[[{""pair"": [3, 2, 3, 3], ""acc"": 0.1, ""vel"": 29.05, ""pos"": 150.6, ""error"": 2.6079555500000993}], [{""pair"": [3, 3, 2, 2], ""acc"": 0.1, ""vel"": 29.05, ""pos"": 150.6, ""error"": 2.6079555500000993}], [{""pair"": [3, 1, 0, 1], ""acc"": 0.1, ""vel"": 26.49, ""pos"": 150.6, ""error"": 0.05135555000009617}], [{""pair"": [3, 1, 1, 1], ""acc"": 0.1, ""vel"": 29.05, ""pos"": 137.8, ""error"": 15.308644449999889}], [{""pair"": [3, 1, 2, 1], ""acc"": 0.1, ""vel"": 29.05, ""pos"": 150.6, ""error"": 2.6079555500000993}], [{""pair"": [0, 1, 1, 1], ""acc"": 0.1, ""vel"": 26.49, ""pos"": 137.8, ""error"": 12.752044449999886}], [{""pair"": [0, 1, 2, 1], ""acc"": 0.1, ""vel"": 26.49, ""pos"": 150.6, ""error"": 0.05135555000009617}], [{""pair"": [1, 1, 0, 1], ""acc"": 0.1, ""vel"": 26.49, ""pos"": 137.8, ""error"": 12.752044449999886}], [{""pair"": [1, 1, 2, 1], ""acc"": 0.1, ""vel"": 29.05, ""pos"": 137.8, ""error"": 15.308644449999889}], [{""pair"": [2, 1, 0, 1], ""acc"": 0.1, ""vel"": 26.49, ""pos"": 150.6, ""error"": 0.05135555000009617}], [{""pair"": [2, 1, 1, 1], ""acc"": 0.1, ""vel"": 29.05, ""pos"": 137.8, ""error"": 15.308644449999889}]]"
0.1,26.48,151.0,0.0,26.48,150.8,0.1,26.48,151.0,3,"[{""pair"": [0, 7, 2, 11], ""acc"": 0.1, ""vel"": 26.48, ""pos"": 151.0, ""error"": 0.062044449999895335}]","[[{""pair"": [3, 7, 3, 11], ""acc"": 0.0, ""vel"": 26.48, ""pos"": 150.8, ""error"": 0.26204444999988397}], [{""pair"": [3, 7, 0, 11], ""acc"": 1.6, ""vel"": 26.48, ""pos"": 150.8, ""error"": 0.26204444999988397}], [{""pair"": [3, 7, 1, 11], ""acc"": 0.0, ""vel"": 26.52, ""pos"": 150.8, ""error"": 0.2786444499998879}], [{""pair"": [3, 7, 2, 11], ""acc"": 0.0, ""vel"": 26.48, ""pos"": 151.0, ""error"": 0.062044449999895335}], [{""pair"": [3, 11, 0, 7], ""acc"": 0.1, ""vel"": 26.48, ""pos"": 150.8, ""error"": 0.26204444999988397}], [{""pair"": [3, 11, 1, 7], ""acc"": 0.0, ""vel"": 26.48, ""pos"": 970.0, ""error"": 818.9613555500001}], [{""pair"": [3, 11, 2, 7], ""acc"": 0.0, ""vel"": 26.48, ""pos"": 150.8, ""error"": 0.26204444999988397}], [{""pair"": [0, 7, 0, 11], ""acc"": 1.7, ""vel"": 26.48, ""pos"": 150.8, ""error"": 0.26204444999988397}], [{""pair"": [0, 7, 1, 11], ""acc"": 0.1, ""vel"": 26.52, ""pos"": 150.8, ""error"": 0.2786444499998879}], [{""pair"": [0, 7, 2, 11], ""acc"": 0.1, ""vel"": 26.48, ""pos"": 151.0, ""error"": 0.062044449999895335}], [{""pair"": [1, 7, 0, 11], ""acc"": 1.6, ""vel"": 26.48, ""pos"": 970.0, ""error"": 818.9613555500001}], [{""pair"": [1, 7, 1, 11], ""acc"": 0.0, ""vel"": 26.52, ""pos"": 970.0, ""error"": 818.9779555500002}], [{""pair"": [1, 7, 2, 11], ""acc"": 0.0, ""vel"": 26.48, ""pos"": 970.2, ""error"": 819.1613555500002}], [{""pair"": [2, 7, 0, 11], ""acc"": 1.6, ""vel"": 26.48, ""pos"": 150.8, ""error"": 0.26204444999988397}], [{""pair"": [2, 7, 1, 11], ""acc"": 0.0, ""vel"": 26.52, ""pos"": 150.8, ""error"": 0.2786444499998879}], [{""pair"": [2, 7, 2, 11], ""acc"": 0.0, ""vel"": 26.48, ""pos"": 151.0, ""error"": 0.062044449999895335}]]"
0.1,26.47,151.5,0.1,26.47,145.1,0.1,26.47,151.5,3,"[{""pair"": [1, 0, 2, 8], ""acc"": 0.1, ""vel"": 26.47, ""pos"": 151.5, ""error"": 0.08790719999946717}]","[[{""pair"": [3, 0, 0, 8], ""acc"": 0.3, ""vel"": 26.47, ""pos"": 145.1, ""error"": 6.335292800000548}], [{""pair"": [3, 0, 1, 8], ""acc"": 0.1, ""vel"": 26.47, ""pos"": 1783.5, ""error"": 1632.0879071999996}], [{""pair"": [3, 0, 2, 8], ""acc"": 0.1, ""vel"": 26.47, ""pos"": 145.1, ""error"": 6.335292800000548}], [{""pair"": [0, 0, 0, 8], ""acc"": 0.3, ""vel"": 27.75, ""pos"": 145.1, ""error"": 7.59209280000054}], [{""pair"": [0, 0, 1, 8], ""acc"": 0.1, ""vel"": 27.75, ""pos"": 1783.5, ""error"": 1633.3447071999994}], [{""pair"": [0, 0, 2, 8], ""acc"": 0.1, ""vel"": 27.75, ""pos"": 145.1, ""error"": 7.59209280000054}], [{""pair"": [1, 0, 0, 8], ""acc"": 0.3, ""vel"": 26.47, ""pos"": 151.5, ""error"": 0.08790719999946717}], [{""pair"": [1, 0, 1, 8], ""acc"": 0.1, ""vel"": 26.47, ""pos"": 1789.9, ""error"": 1638.4879071999997}], [{""pair"": [1, 0, 2, 8], ""acc"": 0.1, ""vel"": 26.47, ""pos"": 151.5, ""error"": 0.08790719999946717}]]"
0.1,26.47,151.9,-25.5,26.47,151.9,0.1,26.47,151.9,3,"[{""pair"": [3, 8, 0, 15], ""acc"": 0.1, ""vel"": 26.47, ""pos"": 151.9, ""error"": 0.05170444999990309}]","[[{""pair"": [3, 8, 3, 15], ""acc"": -25.5, ""vel"": 26.47, ""pos"": 151.9, ""error"": 0.05170444999990309}], [{""pair"": [3, 8, 0, 15], ""acc"": 0.1, ""vel"": 26.47, ""pos"": 151.9, ""error"": 0.05170444999990309}], [{""pair"": [3, 8, 1, 15], ""acc"": -25.5, ""vel"": 25.83, ""pos"": 151.9, ""error"": 0.6917044499999037}], [{""pair"": [3, 8, 2, 15], ""acc"": -25.5, ""vel"": 26.47, ""pos"": 148.7, ""error"": 3.25170444999992}], [{""pair"": [3, 15, 0, 8], ""acc"": -25.3, ""vel"": 26.47, ""pos"": 151.9, ""error"": 0.05170444999990309}], [{""pair"": [3, 15, 1, 8], ""acc"": -25.5, ""vel"": 26.47, ""pos"": 1790.3, ""error"": 1638.3516955500002}], [{""pair"": [0, 8, 0, 15], ""acc"": 0.3, ""vel"": 26.47, ""pos"": 151.9, ""error"": 0.05170444999990309}], [{""pair"": [0, 8, 1, 15], ""acc"": -25.3, ""vel"": 25.83, ""pos"": 151.9, ""error"": 0.6917044499999037}], [{""pair"": [0, 8, 2, 15], ""acc"": -25.3, ""vel"": 26.47, ""pos"": 148.7, ""error"": 3.25170444999992}], [{""pair"": [1, 8, 0, 15], ""acc"": 0.1, ""vel"": 26.47, ""pos"": 1790.3, ""error"": 1638.3516955500002}], [{""pair"": [1, 8, 1, 15], ""acc"": -25.5, ""vel"": 25.83, ""pos"": 1790.3, ""error"": 1638.99169555}], [{""pair"": [1, 8, 2, 15], ""acc"": -25.5, ""vel"": 26.47, ""pos"": 1787.1, ""error"": 1635.15169555}]]"
0.1,26.46,152.3,0.1,26.46,152.1,0.1,26.46,152.3,3,"[{""pair"": [3, 12, 2, 11], ""acc"": 0.1, ""vel"": 26.46, ""pos"": 152.3, ""error"": 0.0617044499999011}]","[[{""pair"": [3, 11, 3, 12], ""acc"": 0.1, ""vel"": 26.46, ""pos"": 152.1, ""error"": 0.26170444999991815}], [{""pair"": [3, 12, 0, 11], ""acc"": 1.7, ""vel"": 26.46, ""pos"": 152.1, ""error"": 0.26170444999991815}], [{""pair"": [3, 12, 2, 11], ""acc"": 0.1, ""vel"": 26.46, ""pos"": 152.3, ""error"": 0.0617044499999011}], [{""pair"": [3, 10, 1, 10], ""acc"": 0.1, ""vel"": 26.44, ""pos"": 152.1, ""error"": 0.2817044499999177}], [{""pair"": [3, 10, 2, 10], ""acc"": 0.1, ""vel"": 26.46, ""pos"": 152.0, ""error"": 0.36170444999991247}], [{""pair"": [1, 10, 2, 10], ""acc"": 0.1, ""vel"": 26.44, ""pos"": 152.0, ""error"": 0.38170444999991204}], [{""pair"": [2, 10, 1, 10], ""acc"": 0.1, ""vel"": 26.44, ""pos"": 152.0, ""error"": 0.38170444999991204}]]"
0.1,26.45,152.8,0.1,26.45,50.4,0.1,26.46,152.7,0,"[{""pair"": [0, 0, 0, 0], ""acc"": 0.1, ""vel"": 26.46, ""pos"": 152.7, ""error"": 0}]",[]
0.1,26.45,153.20000000000002,0.1,26.45,152.4,0.1,26.45,153.2,1,"[{""pair"": [3, 4, 2, 13], ""acc"": 0.1, ""vel"": 26.45, ""pos"": 153.2, ""error"": 0.06186555000008909}, {""pair"": [3, 4, 0, 13], ""acc"": 6.5, ""vel"": 26.45, ""pos"": 152.4, ""error"": 0.7615344499998962}, {""pair"": [0, 4, 2, 13], ""acc"": 0.1, ""vel"": 5.97, ""pos"": 153.2, ""error"": 20.54186555000009}, {""pair"": [0, 4, 0, 13], ""acc"": 6.5, ""vel"": 5.97, ""pos"": 152.4, ""error"": 21.241534449999897}, {""pair"": [1, 4, 2, 13], ""acc"": 0.1, ""vel"": 26.45, ""pos"": 50.8, ""error"": 102.36153444999991}, {""pair"": [1, 4, 0, 13], ""acc"": 6.5, ""vel"": 26.45, ""pos"": 50.0, ""error"": 103.1615344499999}]","[[{""pair"": [3, 4, 0, 13], ""acc"": 6.5, ""vel"": 26.45, ""pos"": 152.4, ""error"": 0.7615344499998962}], [{""pair"": [3, 4, 2, 13], ""acc"": 0.1, ""vel"": 26.45, ""pos"": 153.2, ""error"": 0.06186555000008909}], [{""pair"": [0, 4, 0, 13], ""acc"": 6.5, ""vel"": 5.97, ""pos"": 152.4, ""error"": 21.241534449999897}], [{""pair"": [0, 4, 2, 13], ""acc"": 0.1, ""vel"": 5.97, ""pos"": 153.2, ""error"": 20.54186555000009}], [{""pair"": [1, 4, 0, 13], ""acc"": 6.5, ""vel"": 26.45, ""pos"": 50.0, ""error"": 103.1615344499999}], [{""pair"": [1, 4, 2, 13], ""acc"": 0.1, ""vel"": 26.45, ""pos"": 50.8, ""error"": 102.36153444999991}]]"
0.1,26.44,153.70000000000002,0.1,26.45,179.3,0.1,26.45,153.7,2,"[{""pair"": [3, 9, 1, 2], ""acc"": 0.1, ""vel"": 26.45, ""pos"": 153.7, ""error"": 0.05203555000008464}, {""pair"": [1, 2, 1, 9], ""acc"": 0.1, ""vel"": 26.44, ""pos"": 153.7, ""error"": 0.06203555000008265}, {""pair"": [3, 9, 0, 2], ""acc"": 0.1, ""vel"": 21.33, ""pos"": 179.3, ""error"": 30.77203555000011}, {""pair"": [0, 2, 1, 9], ""acc"": 0.1, ""vel"": 21.32, ""pos"": 179.3, ""error"": 30.782035550000106}]","[[{""pair"": [3, 9, 0, 2], ""acc"": 0.1, ""vel"": 21.33, ""pos"": 179.3, ""error"": 30.77203555000011}, {""pair"": [3, 9, 0, 2], ""acc"": 0.1, ""vel"": 21.33, ""pos"": 179.3, ""error"": 31.679910750000115}, {""pair"": [3, 9, 0, 2], ""acc"": 0.1, ""vel"": 21.33, ""pos"": 179.3, ""error"": 41.35679555000003}, {""pair"": [3, 9, 0, 2], ""acc"": 0.1, ""vel"": 21.33, ""pos"": 179.3, ""error"": 42.04707075000006}, {""pair"": [3, 9, 0, 2], ""acc"": 0.1, ""vel"": 21.33, ""pos"": 179.3, ""error"": 133.17203555000012}, {""pair"": [3, 9, 0, 2], ""acc"": 0.1, ""vel"": 21.33, ""pos"": 179.3, ""error"": 134.0799107500001}], [{""pair"": [3, 9, 1, 2], ""acc"": 0.1, ""vel"": 26.45, ""pos"": 153.7, ""error"": 0.05203555000008464}, {""pair"": [3, 9, 1, 2], ""acc"": 0.1, ""vel"": 26.45, ""pos"": 153.7, ""error"": 0.9599107500000912}, {""pair"": [3, 9, 1, 2], ""acc"": 0.1, ""vel"": 26.45, ""pos"": 153.7, ""error"": 20.876795550000008}, {""pair"": [3, 9, 1, 2], ""acc"": 0.1, ""vel"": 26.45, ""pos"": 153.7, ""error"": 21.56707075000004}, {""pair"": [3, 9, 1, 2], ""acc"": 0.1, ""vel"": 26.45, ""pos"": 153.7, ""error"": 102.45203555000009}, {""pair"": [3, 9, 1, 2], ""acc"": 0.1, ""vel"": 26.45, ""pos"": 153.7, ""error"": 103.35991075000007}], [{""pair"": [0, 2, 1, 9], ""acc"": 0.1, ""vel"": 21.32, ""pos"": 179.3, ""error"": 30.782035550000106}, {""pair"": [0, 2, 1, 9], ""acc"": 0.1, ""vel"": 21.32, ""pos"": 179.3, ""error"": 31.689910750000113}, {""pair"": [0, 2, 1, 9], ""acc"": 0.1, ""vel"": 21.32, ""pos"": 179.3, ""error"": 41.34679555000003}, {""pair"": [0, 2, 1, 9], ""acc"": 0.1, ""vel"": 21.32, ""pos"": 179.3, ""error"": 42.03707075000006}, {""pair"": [0, 2, 1, 9], ""acc"": 0.1, ""vel"": 21.32, ""pos"": 179.3, ""error"": 133.1820355500001}, {""pair"": [0, 2, 1, 9], ""acc"": 0.1, ""vel"": 21.32, ""pos"": 179.3, ""error"": 134.0899107500001}], [{""pair"": [1, 2, 1, 9], ""acc"": 0.1, ""vel"": 26.44, ""pos"": 153.7, ""error"": 0.06203555000008265}, {""pair"": [1, 2, 1, 9], ""acc"": 0.1, ""vel"": 26.44, ""pos"": 153.7, ""error"": 0.9699107500000892}, {""pair"": [1, 2, 1, 9], ""acc"": 0.1, ""vel"": 26.44, ""pos"": 153.7, ""error"": 20.86679555000001}, {""pair"": [1, 2, 1, 9], ""acc"": 0.1, ""vel"": 26.44, ""pos"": 153.7, ""error"": 21.55707075000004}, {""pair"": [1, 2, 1, 9], ""acc"": 0.1, ""vel"": 26.44, ""pos"": 153.7, ""error"": 102.46203555000008}, {""pair"": [1, 2, 1, 9], ""acc"": 0.1, ""vel"": 26.44, ""pos"": 153.7, ""error"": 103.36991075000006}]]"
0.1,26.43,154.10000000000002,0.1,26.41,154.1,0.1,26.43,154.1,1,"[{""pair"": [3, 4, 1, 10], ""acc"": 0.1, ""vel"": 26.43, ""pos"": 154.1, ""error"": 0.034652800000532835}, {""pair"": [3, 4, 0, 10], ""acc"": 0.9, ""vel"": 26.41, ""pos"": 154.1, ""error"": 0.05465280000053241}, {""pair"": [0, 4, 1, 10], ""acc"": 0.1, ""vel"": 5.95, ""pos"": 154.1, ""error"": 20.514652800000533}, {""pair"": [0, 4, 0, 10], ""acc"": 0.9, ""vel"": 5.93, ""pos"": 154.1, ""error"": 20.534652800000533}, {""pair"": [1, 4, 1, 10], ""acc"": 0.1, ""vel"": 26.43, ""pos"": 51.7, ""error"": 102.43465280000052}, {""pair"": [1, 4, 0, 10], ""acc"": 0.9, ""vel"": 26.41, ""pos"": 51.7, ""error"": 102.45465280000053}]","[[{""pair"": [3, 4, 0, 10], ""acc"": 0.9, ""vel"": 26.41, ""pos"": 154.1, ""error"": 0.06481280000052436}, {""pair"": [3, 4, 0, 10], ""acc"": 0.9, ""vel"": 26.41, ""pos"": 154.1, ""error"": 0.05465280000053241}, {""pair"": [3, 4, 0, 10], ""acc"": 0.9, ""vel"": 26.41, ""pos"": 154.1, ""error"": 30.619692800000433}, {""pair"": [3, 4, 0, 10], ""acc"": 0.9, ""vel"": 26.41, ""pos"": 154.1, ""error"": 30.629532800000437}], [{""pair"": [3, 4, 1, 10], ""acc"": 0.1, ""vel"": 26.43, ""pos"": 154.1, ""error"": 0.04481280000052479}, {""pair"": [3, 4, 1, 10], ""acc"": 0.1, ""vel"": 26.43, ""pos"": 154.1, ""error"": 0.034652800000532835}, {""pair"": [3, 4, 1, 10], ""acc"": 0.1, ""vel"": 26.43, ""pos"": 154.1, ""error"": 30.639692800000432}, {""pair"": [3, 4, 1, 10], ""acc"": 0.1, ""vel"": 26.43, ""pos"": 154.1, ""error"": 30.649532800000436}], [{""pair"": [0, 4, 0, 10], ""acc"": 0.9, ""vel"": 5.93, ""pos"": 154.1, ""error"": 20.544812800000525}, {""pair"": [0, 4, 0, 10], ""acc"": 0.9, ""vel"": 5.93, ""pos"": 154.1, ""error"": 20.534652800000533}, {""pair"": [0, 4, 0, 10], ""acc"": 0.9, ""vel"": 5.93, ""pos"": 154.1, ""error"": 40.942892800000436}, {""pair"": [0, 4, 0, 10], ""acc"": 0.9, ""vel"": 5.93, ""pos"": 154.1, ""error"": 40.932732800000444}], [{""pair"": [0, 4, 1, 10], ""acc"": 0.1, ""vel"": 5.95, ""pos"": 154.1, ""error"": 20.524812800000525}, {""pair"": [0, 4, 1, 10], ""acc"": 0.1, ""vel"": 5.95, ""pos"": 154.1, ""error"": 20.514652800000533}, {""pair"": [0, 4, 1, 10], ""acc"": 0.1, ""vel"": 5.95, ""pos"": 154.1, ""error"": 40.92289280000044}, {""pair"": [0, 4, 1, 10], ""acc"": 0.1, ""vel"": 5.95, ""pos"": 154.1, ""error"": 40.91273280000044}], [{""pair"": [1, 4, 0, 10], ""acc"": 0.9, ""vel"": 26.41, ""pos"": 51.7, ""error"": 102.46481280000052}, {""pair"": [1, 4, 0, 10], ""acc"": 0.9, ""vel"": 26.41, ""pos"": 51.7, ""error"": 102.45465280000053}, {""pair"": [1, 4, 0, 10], ""acc"": 0.9, ""vel"": 26.41, ""pos"": 51.7, ""error"": 133.01969280000043}, {""pair"": [1, 4, 0, 10], ""acc"": 0.9, ""vel"": 26.41, ""pos"": 51.7, ""error"": 133.02953280000042}], [{""pair"": [1, 4, 1, 10], ""acc"": 0.1, ""vel"": 26.43, ""pos"": 51.7, ""error"": 102.44481280000052}, {""pair"": [1, 4, 1, 10], ""acc"": 0.1, ""vel"": 26.43, ""pos"": 51.7, ""error"": 102.43465280000052}, {""pair"": [1, 4, 1, 10], ""acc"": 0.1, ""vel"": 26.43, ""pos"": 51.7, ""error"": 133.0396928000004}, {""pair"": [1, 4, 1, 10], ""acc"": 0.1, ""vel"": 26.43, ""pos"": 51.7, ""error"": 133.04953280000043}]]"
0.1,26.43,154.5,0.1,26.43,52.1,0.1,26.43,154.5,0,"[{""pair"": [3, 6, 1, 4], ""acc"": 0.1, ""vel"": 26.43, ""pos"": 154.5, ""error"": 0.0510244499998862}, {""pair"": [3, 4, 3, 5], ""acc"": 0.1, ""vel"": 26.43, ""pos"": 52.1, ""error"": 0.05102444999989331}, {""pair"": [3, 5, 0, 4], ""acc"": 0.1, ""vel"": 5.95, ""pos"": 52.1, ""error"": 20.52440004999989}]","[[{""pair"": [3, 4, 3, 5], ""acc"": 0.1, ""vel"": 26.43, ""pos"": 52.1, ""error"": 102.45102444999989}, {""pair"": [3, 4, 3, 5], ""acc"": 0.1, ""vel"": 26.43, ""pos"": 52.1, ""error"": 102.45380004999988}, {""pair"": [3, 4, 3, 5], ""acc"": 0.1, ""vel"": 26.43, ""pos"": 52.1, ""error"": 122.57946445}, {""pair"": [3, 4, 3, 5], ""acc"": 0.1, ""vel"": 26.43, ""pos"": 52.1, ""error"": 122.58564004999997}, {""pair"": [3, 4, 3, 5], ""acc"": 0.1, ""vel"": 26.43, ""pos"": 52.1, ""error"": 0.05102444999989331}, {""pair"": [3, 4, 3, 5], ""acc"": 0.1, ""vel"": 26.43, ""pos"": 52.1, ""error"": 0.053800049999896515}], [{""pair"": [3, 5, 0, 4], ""acc"": 0.1, ""vel"": 5.95, ""pos"": 52.1, ""error"": 122.9310244499999}, {""pair"": [3, 5, 0, 4], ""acc"": 0.1, ""vel"": 5.95, ""pos"": 52.1, ""error"": 122.92440004999989}, {""pair"": [3, 5, 0, 4], ""acc"": 0.1, ""vel"": 5.95, ""pos"": 52.1, ""error"": 102.10286445}, {""pair"": [3, 5, 0, 4], ""acc"": 0.1, ""vel"": 5.95, ""pos"": 52.1, ""error"": 102.10564004999996}, {""pair"": [3, 5, 0, 4], ""acc"": 0.1, ""vel"": 5.95, ""pos"": 52.1, ""error"": 20.531024449999894}, {""pair"": [3, 5, 0, 4], ""acc"": 0.1, ""vel"": 5.95, ""pos"": 52.1, ""error"": 20.52440004999989}], [{""pair"": [3, 6, 1, 4], ""acc"": 0.1, ""vel"": 26.43, ""pos"": 154.5, ""error"": 0.0510244499998862}, {""pair"": [3, 6, 1, 4], ""acc"": 0.1, ""vel"": 26.43, ""pos"": 154.5, ""error"": 0.053800049999882305}, {""pair"": [3, 6, 1, 4], ""acc"": 0.1, ""vel"": 26.43, ""pos"": 154.5, ""error"": 20.777135550000008}, {""pair"": [3, 6, 1, 4], ""acc"": 0.1, ""vel"": 26.43, ""pos"": 154.5, ""error"": 20.783759950000047}, {""pair"": [3, 6, 1, 4], ""acc"": 0.1, ""vel"": 26.43, ""pos"": 154.5, ""error"": 102.3523755500001}, {""pair"": [3, 6, 1, 4], ""acc"": 0.1, ""vel"": 26.43, ""pos"": 154.5, ""error"": 102.3555999500001}], [{""pair"": [3, 6, 2, 4], ""acc"": 0.1, ""vel"": 26.43, ""pos"": 52.1, ""error"": 102.45102444999989}, {""pair"": [3, 6, 2, 4], ""acc"": 0.1, ""vel"": 26.43, ""pos"": 52.1, ""error"": 102.45380004999988}, {""pair"": [3, 6, 2, 4], ""acc"": 0.1, ""vel"": 26.43, ""pos"": 52.1, ""error"": 122.57946445}, {""pair"": [3, 6, 2, 4], ""acc"": 0.1, ""vel"": 26.43, ""pos"": 52.1, ""error"": 122.58564004999997}, {""pair"": [3, 6, 2, 4], ""acc"": 0.1, ""vel"": 26.43, ""pos"": 52.1, ""error"": 0.05102444999989331}, {""pair"": [3, 6, 2, 4], ""acc"": 0.1, ""vel"": 26.43, ""pos"": 52.1, ""error"": 0.053800049999896515}], [{""pair"": [1, 4, 2, 6], ""acc"": 0.1, ""vel"": 26.43, ""pos"": 154.5, ""error"": 0.0510244499998862}, {""pair"": [1, 4, 2, 6], ""acc"": 0.1, ""vel"": 26.43, ""pos"": 154.5, ""error"": 0.053800049999882305}, {""pair"": [1, 4, 2, 6], ""acc"": 0.1, ""vel"": 26.43, ""pos"": 154.5, ""error"": 20.777135550000008}, {""pair"": [1, 4, 2, 6], ""acc"": 0.1, ""vel"": 26.43, ""pos"": 154.5, ""error"": 20.783759950000047}, {""pair"": [1, 4, 2, 6], ""acc"": 0.1, ""vel"": 26.43, ""pos"": 154.5, ""error"": 102.3523755500001}, {""pair"": [1, 4, 2, 6], ""acc"": 0.1, ""vel"": 26.43, ""pos"": 154.5, ""error"": 102.3555999500001}], [{""pair"": [2, 4, 2, 6], ""acc"": 0.1, ""vel"": 26.43, ""pos"": 52.1, ""error"": 102.45102444999989}, {""pair"": [2, 4, 2, 6], ""acc"": 0.1, ""vel"": 26.43, ""pos"": 52.1, ""error"": 102.45380004999988}, {""pair"": [2, 4, 2, 6], ""acc"": 0.1, ""vel"": 26.43, ""pos"": 52.1, ""error"": 122.57946445}, {""pair"": [2, 4, 2, 6], ""acc"": 0.1, ""vel"": 26.43, ""pos"": 52.1, ""error"": 122.58564004999997}, {""pair"": [2, 4, 2, 6], ""acc"": 0.1, ""vel"": 26.43, ""pos"": 52.1, ""error"": 0.05102444999989331}, {""pair"": [2, 4, 2, 6], ""acc"": 0.1, ""vel"": 26.43, ""pos"": 52.1, ""error"": 0.053800049999896515}]]"
0.1,26.42,155.0,0.1,26.5,155.0,0.1,26.42,155.0,1,"[{""pair"": [3, 8, 1, 12], ""acc"": 0.1, ""vel"": 26.42, ""pos"": 155.0, ""error"": 0.062375550000105306}, {""pair"": [0, 8, 1, 12], ""acc"": 0.3, ""vel"": 26.42, ""pos"": 155.0, ""error"": 0.062375550000105306}, {""pair"": [3, 8, 2, 12], ""acc"": 0.1, ""vel"": 26.5, ""pos"": 154.6, ""error"": 0.4176244499998987}, {""pair"": [0, 8, 2, 12], ""acc"": 0.3, ""vel"": 26.5, ""pos"": 154.6, ""error"": 0.4176244499998987}, {""pair"": [1, 8, 2, 12], ""acc"": 0.1, ""vel"": 26.5, ""pos"": 1793.0, ""error"": 1638.11897555}, {""pair"": [1, 8, 1, 12], ""acc"": 0.1, ""vel"": 26.42, ""pos"": 1793.4, ""error"": 1638.4623755500002}]","[[{""pair"": [3, 8, 1, 12], ""acc"": 0.1, ""vel"": 26.42, ""pos"": 155.0, ""error"": 0.062375550000105306}, {""pair"": [3, 8, 1, 12], ""acc"": 0.1, ""vel"": 26.42, ""pos"": 155.0, ""error"": 102.4623755500001}, {""pair"": [3, 8, 1, 12], ""acc"": 0.1, ""vel"": 26.42, ""pos"": 155.0, ""error"": 123.26713555000002}], [{""pair"": [3, 8, 2, 12], ""acc"": 0.1, ""vel"": 26.5, ""pos"": 154.6, ""error"": 0.4176244499998987}, {""pair"": [3, 8, 2, 12], ""acc"": 0.1, ""vel"": 26.5, ""pos"": 154.6, ""error"": 102.1189755500001}, {""pair"": [3, 8, 2, 12], ""acc"": 0.1, ""vel"": 26.5, ""pos"": 154.6, ""error"": 122.94713555000001}], [{""pair"": [0, 8, 1, 12], ""acc"": 0.3, ""vel"": 26.42, ""pos"": 155.0, ""error"": 0.062375550000105306}, {""pair"": [0, 8, 1, 12], ""acc"": 0.3, ""vel"": 26.42, ""pos"": 155.0, ""error"": 102.4623755500001}, {""pair"": [0, 8, 1, 12], ""acc"": 0.3, ""vel"": 26.42, ""pos"": 155.0, ""error"": 123.26713555000002}], [{""pair"": [0, 8, 2, 12], ""acc"": 0.3, ""vel"": 26.5, ""pos"": 154.6, ""error"": 0.4176244499998987}, {""pair"": [0, 8, 2, 12], ""acc"": 0.3, ""vel"": 26.5, ""pos"": 154.6, ""error"": 102.1189755500001}, {""pair"": [0, 8, 2, 12], ""acc"": 0.3, ""vel"": 26.5, ""pos"": 154.6, ""error"": 122.94713555000001}], [{""pair"": [1, 8, 1, 12], ""acc"": 0.1, ""vel"": 26.42, ""pos"": 1793.4, ""error"": 1638.4623755500002}, {""pair"": [1, 8, 1, 12], ""acc"": 0.1, ""vel"": 26.42, ""pos"": 1793.4, ""error"": 1740.8623755500003}, {""pair"": [1, 8, 1, 12], ""acc"": 0.1, ""vel"": 26.42, ""pos"": 1793.4, ""error"": 1761.66713555}], [{""pair"": [1, 8, 2, 12], ""acc"": 0.1, ""vel"": 26.5, ""pos"": 1793.0, ""error"": 1638.11897555}, {""pair"": [1, 8, 2, 12], ""acc"": 0.1, ""vel"": 26.5, ""pos"": 1793.0, ""error"": 1740.51897555}, {""pair"": [1, 8, 2, 12], ""acc"": 0.1, ""vel"": 26.5, ""pos"": 1793.0, ""error"": 1761.3471355499998}]]"
0.1,26.42,155.4,0.0,26.42,155.4,0.1,26.42,155.4,2,"[{""pair"": [3, 2, 0, 7], ""acc"": 0.1, ""vel"": 26.42, ""pos"": 155.4, ""error"": 0.024332800000514965}, {""pair"": [3, 2, 3, 7], ""acc"": 0.0, ""vel"": 26.42, ""pos"": 155.4, ""error"": 0.024332800000514965}, {""pair"": [1, 2, 0, 7], ""acc"": 0.1, ""vel"": 26.42, ""pos"": 181.0, ""error"": 25.578867199999486}, {""pair"": [3, 7, 1, 2], ""acc"": 0.0, ""vel"": 26.42, ""pos"": 181.0, ""error"": 25.578867199999486}, {""pair"": [1, 2, 1, 7], ""acc"": 0.0, ""vel"": 26.42, ""pos"": 1000.2, ""error"": 793.3056128000003}, {""pair"": [3, 2, 1, 7], ""acc"": 0.0, ""vel"": 26.42, ""pos"": 974.6, ""error"": 818.9056128000003}]","[[{""pair"": [3, 2, 3, 7], ""acc"": 0.0, ""vel"": 26.42, ""pos"": 155.4, ""error"": 0.024332800000514965}, {""pair"": [3, 2, 3, 7], ""acc"": 0.0, ""vel"": 26.42, ""pos"": 155.4, ""error"": 0.02755840000050469}, {""pair"": [3, 2, 3, 7], ""acc"": 0.0, ""vel"": 26.42, ""pos"": 155.4, ""error"": 0.4575871999994874}, {""pair"": [3, 2, 3, 7], ""acc"": 0.0, ""vel"": 26.42, ""pos"": 155.4, ""error"": 0.46076159999950406}, {""pair"": [3, 2, 3, 7], ""acc"": 0.0, ""vel"": 26.42, ""pos"": 155.4, ""error"": 1638.1056128000002}, {""pair"": [3, 2, 3, 7], ""acc"": 0.0, ""vel"": 26.42, ""pos"": 155.4, ""error"": 1638.4243328000005}], [{""pair"": [3, 2, 0, 7], ""acc"": 0.1, ""vel"": 26.42, ""pos"": 155.4, ""error"": 0.024332800000514965}, {""pair"": [3, 2, 0, 7], ""acc"": 0.1, ""vel"": 26.42, ""pos"": 155.4, ""error"": 0.02755840000050469}, {""pair"": [3, 2, 0, 7], ""acc"": 0.1, ""vel"": 26.42, ""pos"": 155.4, ""error"": 0.4575871999994874}, {""pair"": [3, 2, 0, 7], ""acc"": 0.1, ""vel"": 26.42, ""pos"": 155.4, ""error"": 0.46076159999950406}, {""pair"": [3, 2, 0, 7], ""acc"": 0.1, ""vel"": 26.42, ""pos"": 155.4, ""error"": 1638.1056128000002}, {""pair"": [3, 2, 0, 7], ""acc"": 0.1, ""vel"": 26.42, ""pos"": 155.4, ""error"": 1638.4243328000005}], [{""pair"": [3, 2, 1, 7], ""acc"": 0.0, ""vel"": 26.42, ""pos"": 974.6, ""error"": 819.1788671999996}, {""pair"": [3, 2, 1, 7], ""acc"": 0.0, ""vel"": 26.42, ""pos"": 974.6, ""error"": 819.1820415999996}, {""pair"": [3, 2, 1, 7], ""acc"": 0.0, ""vel"": 26.42, ""pos"": 974.6, ""error"": 819.6575871999995}, {""pair"": [3, 2, 1, 7], ""acc"": 0.0, ""vel"": 26.42, ""pos"": 974.6, ""error"": 819.6607615999995}, {""pair"": [3, 2, 1, 7], ""acc"": 0.0, ""vel"": 26.42, ""pos"": 974.6, ""error"": 818.9056128000003}, {""pair"": [3, 2, 1, 7], ""acc"": 0.0, ""vel"": 26.42, ""pos"": 974.6, ""error"": 819.2243328000005}], [{""pair"": [3, 2, 2, 7], ""acc"": 0.0, ""vel"": 26.42, ""pos"": 155.4, ""error"": 0.024332800000514965}, {""pair"": [3, 2, 2, 7], ""acc"": 0.0, ""vel"": 26.42, ""pos"": 155.4, ""error"": 0.02755840000050469}, {""pair"": [3, 2, 2, 7], ""acc"": 0.0, ""vel"": 26.42, ""pos"": 155.4, ""error"": 0.4575871999994874}, {""pair"": [3, 2, 2, 7], ""acc"": 0.0, ""vel"": 26.42, ""pos"": 155.4, ""error"": 0.46076159999950406}, {""pair"": [3, 2, 2, 7], ""acc"": 0.0, ""vel"": 26.42, ""pos"": 155.4, ""error"": 1638.1056128000002}, {""pair"": [3, 2, 2, 7], ""acc"": 0.0, ""vel"": 26.42, ""pos"": 155.4, ""error"": 1638.4243328000005}], [{""pair"": [3, 7, 1, 2], ""acc"": 0.0, ""vel"": 26.42, ""pos"": 181.0, ""error"": 25.578867199999486}, {""pair"": [3, 7, 1, 2], ""acc"": 0.0, ""vel"": 26.42, ""pos"": 181.0, ""error"": 25.582041599999503}, {""pair"": [3, 7, 1, 2], ""acc"": 0.0, ""vel"": 26.42, ""pos"": 181.0, ""error"": 26.05758719999948}, {""pair"": [3, 7, 1, 2], ""acc"": 0.0, ""vel"": 26.42, ""pos"": 181.0, ""error"": 26.0607615999995}, {""pair"": [3, 7, 1, 2], ""acc"": 0.0, ""vel"": 26.42, ""pos"": 181.0, ""error"": 1612.5056128000003}, {""pair"": [3, 7, 1, 2], ""acc"": 0.0, ""vel"": 26.42, ""pos"": 181.0, ""error"": 1612.8243328000005}], [{""pair"": [1, 2, 0, 7], ""acc"": 0.1, ""vel"": 26.42, ""pos"": 181.0, ""error"": 25.578867199999486}, {""pair"": [1, 2, 0, 7], ""acc"": 0.1, ""vel"": 26.42, ""pos"": 181.0, ""error"": 25.582041599999503}, {""pair"": [1, 2, 0, 7], ""acc"": 0.1, ""vel"": 26.42, ""pos"": 181.0, ""error"": 26.05758719999948}, {""pair"": [1, 2, 0, 7], ""acc"": 0.1, ""vel"": 26.42, ""pos"": 181.0, ""error"": 26.0607615999995}, {""pair"": [1, 2, 0, 7], ""acc"": 0.1, ""vel"": 26.42, ""pos"": 181.0, ""error"": 1612.5056128000003}, {""pair"": [1, 2, 0, 7], ""acc"": 0.1, ""vel"": 26.42, ""pos"": 181.0, ""error"": 1612.8243328000005}], [{""pair"": [1, 2, 1, 7], ""acc"": 0.0, ""vel"": 26.42, ""pos"": 1000.2, ""error"": 844.7788671999996}, {""pair"": [1, 2, 1, 7], ""acc"": 0.0, ""vel"": 26.42, ""pos"": 1000.2, ""error"": 844.7820415999996}, {""pair"": [1, 2, 1, 7], ""acc"": 0.0, ""vel"": 26.42, ""pos"": 1000.2, ""error"": 845.2575871999995}, {""pair"": [1, 2, 1, 7], ""acc"": 0.0, ""vel"": 26.42, ""pos"": 1000.2, ""error"": 845.2607615999995}, {""pair"": [1, 2, 1, 7], ""acc"": 0.0, ""vel"": 26.42, ""pos"": 1000.2, ""error"": 793.3056128000003}, {""pair"": [1, 2, 1, 7], ""acc"": 0.0, ""vel"": 26.42, ""pos"": 1000.2, ""error"": 793.6243328000005}], [{""pair"": [1, 2, 2, 7], ""acc"": 0.0, ""vel"": 26.42, ""pos"": 181.0, ""error"": 25.578867199999486}, {""pair"": [1, 2, 2, 7], ""acc"": 0.0, ""vel"": 26.42, ""pos"": 181.0, ""error"": 25.582041599999503}, {""pair"": [1, 2, 2, 7], ""acc"": 0.0, ""vel"": 26.42, ""pos"": 181.0, ""error"": 26.05758719999948}, {""pair"": [1, 2, 2, 7], ""acc"": 0.0, ""vel"": 26.42, ""pos"": 181.0, ""error"": 26.0607615999995}, {""pair"": [1, 2, 2, 7], ""acc"": 0.0, ""vel"": 26.42, ""pos"": 181.0, ""error"": 1612.5056128000003}, {""pair"": [1, 2, 2, 7], ""acc"": 0.0, ""vel"": 26.42, ""pos"": 181.0, ""error"": 1612.8243328000005}]]"
0.2,26.41,155.8,0.2,26.41,155.8,0.2,26.41,155.8,1,"[{""pair"": [3, 8, 2, 3], ""acc"": 0.2, ""vel"": 26.41, ""pos"": 155.8, ""error"": 0.059139999999882065}, {""pair"": [3, 8, 0, 3], ""acc"": 0.2, ""vel"": 36.65, ""pos"": 155.8, ""error"": 10.277454449999887}, {""pair"": [2, 3, 1, 8], ""acc"": 0.2, ""vel"": 26.41, ""pos"": 1794.2, ""error"": 793.56086}, {""pair"": [0, 3, 1, 8], ""acc"": 0.2, ""vel"": 36.65, ""pos"": 1794.2, ""error"": 803.7808600000001}]","[[{""pair"": [3, 8, 0, 3], ""acc"": 0.2, ""vel"": 36.65, ""pos"": 155.8, ""error"": 10.277454449999887}, {""pair"": [3, 8, 0, 3], ""acc"": 0.2, ""vel"": 36.65, ""pos"": 155.8, ""error"": 10.279139999999877}, {""pair"": [3, 8, 0, 3], ""acc"": 0.2, ""vel"": 36.65, ""pos"": 155.8, ""error"": 35.87745444999988}, {""pair"": [3, 8, 0, 3], ""acc"": 0.2, ""vel"": 36.65, ""pos"": 155.8, ""error"": 35.87913999999987}, {""pair"": [3, 8, 0, 3], ""acc"": 0.2, ""vel"": 36.65, ""pos"": 155.8, ""error"": 855.07914}, {""pair"": [3, 8, 0, 3], ""acc"": 0.2, ""vel"": 36.65, ""pos"": 155.8, ""error"": 829.4791399999999}], [{""pair"": [3, 8, 2, 3], ""acc"": 0.2, ""vel"": 26.41, ""pos"": 155.8, ""error"": 0.06085444999989065}, {""pair"": [3, 8, 2, 3], ""acc"": 0.2, ""vel"": 26.41, ""pos"": 155.8, ""error"": 0.059139999999882065}, {""pair"": [3, 8, 2, 3], ""acc"": 0.2, ""vel"": 26.41, ""pos"": 155.8, ""error"": 25.660854449999885}, {""pair"": [3, 8, 2, 3], ""acc"": 0.2, ""vel"": 26.41, ""pos"": 155.8, ""error"": 25.659139999999876}, {""pair"": [3, 8, 2, 3], ""acc"": 0.2, ""vel"": 26.41, ""pos"": 155.8, ""error"": 844.85914}, {""pair"": [3, 8, 2, 3], ""acc"": 0.2, ""vel"": 26.41, ""pos"": 155.8, ""error"": 819.2591399999999}], [{""pair"": [0, 3, 1, 8], ""acc"": 0.2, ""vel"": 36.65, ""pos"": 1794.2, ""error"": 1648.57914555}, {""pair"": [0, 3, 1, 8], ""acc"": 0.2, ""vel"": 36.65, ""pos"": 1794.2, ""error"": 1648.5808600000003}, {""pair"": [0, 3, 1, 8], ""acc"": 0.2, ""vel"": 36.65, ""pos"": 1794.2, ""error"": 1622.97914555}, {""pair"": [0, 3, 1, 8], ""acc"": 0.2, ""vel"": 36.65, ""pos"": 1794.2, ""error"": 1622.9808600000001}, {""pair"": [0, 3, 1, 8], ""acc"": 0.2, ""vel"": 36.65, ""pos"": 1794.2, ""error"": 803.7808600000001}, {""pair"": [0, 3, 1, 8], ""acc"": 0.2, ""vel"": 36.65, ""pos"": 1794.2, ""error"": 829.3808600000001}], [{""pair"": [0, 3, 2, 8], ""acc"": 0.2, ""vel"": 36.65, ""pos"": 155.8, ""error"": 10.277454449999887}, {""pair"": [0, 3, 2, 8], ""acc"": 0.2, ""vel"": 36.65, ""pos"": 155.8, ""error"": 10.279139999999877}, {""pair"": [0, 3, 2, 8], ""acc"": 0.2, ""vel"": 36.65, ""pos"": 155.8, ""error"": 35.87745444999988}, {""pair"": [0, 3, 2, 8], ""acc"": 0.2, ""vel"": 36.65, ""pos"": 155.8, ""error"": 35.87913999999987}, {""pair"": [0, 3, 2, 8], ""acc"": 0.2, ""vel"": 36.65, ""pos"": 155.8, ""error"": 855.07914}, {""pair"": [0, 3, 2, 8], ""acc"": 0.2, ""vel"": 36.65, ""pos"": 155.8, ""error"": 829.4791399999999}], [{""pair"": [2, 3, 1, 8], ""acc"": 0.2, ""vel"": 26.41, ""pos"": 1794.2, ""error"": 1638.36254555}, {""pair"": [2, 3, 1, 8], ""acc"": 0.2, ""vel"": 26.41, ""pos"": 1794.2, ""error"": 1638.3608600000002}, {""pair"": [2, 3, 1, 8], ""acc"": 0.2, ""vel"": 26.41, ""pos"": 1794.2, ""error"": 1612.7625455500001}, {""pair"": [2, 3, 1, 8], ""acc"": 0.2, ""vel"": 26.41, ""pos"": 1794.2, ""error"": 1612.76086}, {""pair"": [2, 3, 1, 8], ""acc"": 0.2, ""vel"": 26.41, ""pos"": 1794.2, ""error"": 793.56086}, {""pair"": [2, 3, 1, 8], ""acc"": 0.2, ""vel"": 26.41, ""pos"": 1794.2, ""error"": 819.1608600000001}], [{""pair"": [2, 3, 2, 8], ""acc"": 0.2, ""vel"": 26.41, ""pos"": 155.8, ""error"": 0.06085444999989065}, {""pair"": [2, 3, 2, 8], ""acc"": 0.2, ""vel"": 26.41, ""pos"": 155.8, ""error"": 0.059139999999882065}, {""pair"": [2, 3, 2, 8], ""acc"": 0.2, ""vel"": 26.41, ""pos"": 155.8, ""error"": 25.660854449999885}, {""pair"": [2, 3, 2, 8], ""acc"": 0.2, ""vel"": 26.41, ""pos"": 155.8, ""error"": 25.659139999999876}, {""pair"": [2, 3, 2, 8], ""acc"": 0.2, ""vel"": 26.41, ""pos"": 155.8, ""error"": 844.85914}, {""pair"": [2, 3, 2, 8], ""acc"": 0.2, ""vel"": 26.41, ""pos"": 155.8, ""error"": 819.2591399999999}]]"
0.1,26.41,156.3,0.1,26.49,156.3,0.1,26.41,156.3,2,"[{""pair"": [2, 4, 1, 12], ""acc"": 0.1, ""vel"": 26.41, ""pos"": 156.3, ""error"": 0.05440110000012055}, {""pair"": [3, 12, 2, 4], ""acc"": 0.1, ""vel"": 26.49, ""pos"": 156.3, ""error"": 0.12760110000012048}]","[[{""pair"": [3, 12, 2, 4], ""acc"": 0.1, ""vel"": 26.49, ""pos"": 156.3, ""error"": 0.12760110000012048}, {""pair"": [3, 12, 2, 4], ""acc"": 0.1, ""vel"": 26.49, ""pos"": 156.3, ""error"": 10.286478899999853}, {""pair"": [3, 12, 2, 4], ""acc"": 0.1, ""vel"": 26.49, ""pos"": 156.3, ""error"": 1638.4255989}, {""pair"": [3, 12, 2, 4], ""acc"": 0.1, ""vel"": 26.49, ""pos"": 156.3, ""error"": 1648.6864788999999}], [{""pair"": [2, 4, 1, 12], ""acc"": 0.1, ""vel"": 26.41, ""pos"": 156.3, ""error"": 0.05440110000012055}, {""pair"": [2, 4, 1, 12], ""acc"": 0.1, ""vel"": 26.41, ""pos"": 156.3, ""error"": 10.366478899999851}, {""pair"": [2, 4, 1, 12], ""acc"": 0.1, ""vel"": 26.41, ""pos"": 156.3, ""error"": 1638.3523989}, {""pair"": [2, 4, 1, 12], ""acc"": 0.1, ""vel"": 26.41, ""pos"": 156.3, ""error"": 1648.7664789}]]"
0.1,26.4,156.70000000000002,0.3,26.48,156.7,0.1,26.4,156.7,3,"[{""pair"": [0, 8, 1, 12], ""acc"": 0.1, ""vel"": 26.4, ""pos"": 156.7, ""error"": 0.03417280000055101}]","[[{""pair"": [3, 8, 1, 12], ""acc"": 0.3, ""vel"": 26.4, ""pos"": 156.7, ""error"": 0.03417280000055101}, {""pair"": [3, 8, 1, 12], ""acc"": 0.3, ""vel"": 26.4, ""pos"": 156.7, ""error"": 0.11545280000055769}], [{""pair"": [3, 8, 2, 12], ""acc"": 0.3, ""vel"": 26.48, ""pos"": 156.3, ""error"": 0.49097280000052024}, {""pair"": [3, 8, 2, 12], ""acc"": 0.3, ""vel"": 26.48, ""pos"": 156.3, ""error"": 0.4354528000005331}], [{""pair"": [0, 8, 1, 12], ""acc"": 0.1, ""vel"": 26.4, ""pos"": 156.7, ""error"": 0.03417280000055101}, {""pair"": [0, 8, 1, 12], ""acc"": 0.1, ""vel"": 26.4, ""pos"": 156.7, ""error"": 0.11545280000055769}], [{""pair"": [0, 8, 2, 12], ""acc"": 0.1, ""vel"": 26.48, ""pos"": 156.3, ""error"": 0.49097280000052024}, {""pair"": [0, 8, 2, 12], ""acc"": 0.1, ""vel"": 26.48, ""pos"": 156.3, ""error"": 0.4354528000005331}], [{""pair"": [2, 8, 1, 12], ""acc"": 0.3, ""vel"": 26.4, ""pos"": 156.7, ""error"": 0.03417280000055101}, {""pair"": [2, 8, 1, 12], ""acc"": 0.3, ""vel"": 26.4, ""pos"": 156.7, ""error"": 0.11545280000055769}], [{""pair"": [2, 8, 2, 12], ""acc"": 0.3, ""vel"": 26.48, ""pos"": 156.3, ""error"": 0.49097280000052024}, {""pair"": [2, 8, 2, 12], ""acc"": 0.3, ""vel"": 26.48, ""pos"": 156.3, ""error"": 0.4354528000005331}]]"
0.0,26.39,157.20000000000002,0.0,26.39,170.0,0.0,26.39,157.2,3,"[{""pair"": [3, 3, 1, 1], ""acc"": 0.0, ""vel"": 26.39, ""pos"": 157.2, ""error"": 0.06288555000009666}]","[[{""pair"": [3, 1, 3, 2], ""acc"": 0.0, ""vel"": 26.39, ""pos"": 170.0, ""error"": 12.862885550000108}], [{""pair"": [3, 1, 1, 2], ""acc"": 0.0, ""vel"": 26.39, ""pos"": 195.6, ""error"": 38.4628855500001}], [{""pair"": [3, 1, 2, 2], ""acc"": 0.0, ""vel"": 26.39, ""pos"": 170.0, ""error"": 12.862885550000108}], [{""pair"": [3, 2, 0, 1], ""acc"": 0.0, ""vel"": 28.95, ""pos"": 170.0, ""error"": 15.399485550000112}], [{""pair"": [3, 3, 1, 1], ""acc"": 0.0, ""vel"": 26.39, ""pos"": 157.2, ""error"": 0.06288555000009666}], [{""pair"": [3, 3, 2, 1], ""acc"": 0.0, ""vel"": 26.39, ""pos"": 170.0, ""error"": 12.862885550000108}], [{""pair"": [1, 1, 0, 3], ""acc"": 0.0, ""vel"": 36.63, ""pos"": 157.2, ""error"": 10.279485550000103}], [{""pair"": [1, 1, 2, 3], ""acc"": 0.0, ""vel"": 26.39, ""pos"": 157.2, ""error"": 0.06288555000009666}], [{""pair"": [2, 1, 0, 3], ""acc"": 0.0, ""vel"": 36.63, ""pos"": 170.0, ""error"": 23.079485550000115}], [{""pair"": [2, 1, 2, 3], ""acc"": 0.0, ""vel"": 26.39, ""pos"": 170.0, ""error"": 12.862885550000108}], [{""pair"": [0, 1, 1, 2], ""acc"": 0.0, ""vel"": 28.95, ""pos"": 195.6, ""error"": 40.9994855500001}], [{""pair"": [0, 1, 2, 2], ""acc"": 0.0, ""vel"": 28.95, ""pos"": 170.0, ""error"": 15.399485550000112}]]"
0.1,26.38,157.60000000000002,0.1,26.38,157.6,0.0,26.38,157.6,3,"[{""pair"": [3, 4, 0, 7], ""acc"": 0.0, ""vel"": 26.38, ""pos"": 157.6, ""error"": 0.058629999999890714}]","[[{""pair"": [3, 4, 0, 7], ""acc"": 0.0, ""vel"": 26.38, ""pos"": 157.6, ""error"": 0.058629999999890714}], [{""pair"": [3, 4, 2, 7], ""acc"": 0.1, ""vel"": 26.38, ""pos"": 157.6, ""error"": 0.058629999999890714}]]"
0.1,26.38,158.10000000000002,0.1,26.36,158.1,0.1,26.38,158.1,3,"[{""pair"": [3, 9, 1, 10], ""acc"": 0.1, ""vel"": 26.38, ""pos"": 158.1, ""error"": 0.0779199999994944}]","[[{""pair"": [3, 9, 0, 10], ""acc"": 0.9, ""vel"": 26.36, ""pos"": 158.1, ""error"": 0.09791999999949397}], [{""pair"": [3, 9, 1, 10], ""acc"": 0.1, ""vel"": 26.38, ""pos"": 158.1, ""error"": 0.0779199999994944}], [{""pair"": [0, 9, 0, 10], ""acc"": 1.3, ""vel"": 26.36, ""pos"": 158.1, ""error"": 0.09791999999949397}], [{""pair"": [0, 9, 1, 10], ""acc"": 0.5, ""vel"": 26.38, ""pos"": 158.1, ""error"": 0.0779199999994944}], [{""pair"": [1, 9, 0, 10], ""acc"": 0.9, ""vel"": 26.37, ""pos"": 158.1, ""error"": 0.0879199999994924}], [{""pair"": [1, 9, 1, 10], ""acc"": 0.1, ""vel"": 26.39, ""pos"": 158.1, ""error"": 0.08791999999949596}], [{""pair"": [2, 9, 0, 10], ""acc"": 0.9, ""vel"": 26.36, ""pos"": 158.1, ""error"": 0.09791999999949397}], [{""pair"": [2, 9, 1, 10], ""acc"": 0.1, ""vel"": 26.38, ""pos"": 158.1, ""error"": 0.0779199999994944}]]"
0.1,26.37,158.5,0.1,26.69,184.1,0.1,26.37,158.5,3,"[{""pair"": [1, 2, 1, 14], ""acc"": 0.1, ""vel"": 26.37, ""pos"": 158.5, ""error"": 0.06017444999989863}]","[[{""pair"": [3, 2, 3, 14], ""acc"": 0.1, ""vel"": 26.69, ""pos"": 184.1, ""error"": 25.859825550000096}], [{""pair"": [3, 2, 1, 14], ""acc"": 0.1, ""vel"": 26.37, ""pos"": 184.1, ""error"": 25.56322555000009}], [{""pair"": [3, 2, 2, 14], ""acc"": 0.1, ""vel"": 26.69, ""pos"": 182.5, ""error"": 24.2598255500001}], [{""pair"": [3, 14, 0, 2], ""acc"": 0.1, ""vel"": 21.57, ""pos"": 184.1, ""error"": 30.36322555000009}], [{""pair"": [3, 14, 1, 2], ""acc"": 0.1, ""vel"": 26.69, ""pos"": 158.5, ""error"": 0.3567744499999037}], [{""pair"": [3, 14, 2, 2], ""acc"": 0.1, ""vel"": 26.69, ""pos"": 184.1, ""error"": 25.859825550000096}], [{""pair"": [0, 2, 1, 14], ""acc"": 0.1, ""vel"": 21.25, ""pos"": 184.1, ""error"": 30.683225550000092}], [{""pair"": [0, 2, 2, 14], ""acc"": 0.1, ""vel"": 21.57, ""pos"": 182.5, ""error"": 28.763225550000097}], [{""pair"": [1, 2, 1, 14], ""acc"": 0.1, ""vel"": 26.37, ""pos"": 158.5, ""error"": 0.06017444999989863}], [{""pair"": [1, 2, 2, 14], ""acc"": 0.1, ""vel"": 26.69, ""pos"": 156.9, ""error"": 1.956774449999898}], [{""pair"": [2, 2, 1, 14], ""acc"": 0.1, ""vel"": 26.37, ""pos"": 184.1, ""error"": 25.56322555000009}], [{""pair"": [2, 2, 2, 14], ""acc"": 0.1, ""vel"": 26.69, ""pos"": 182.5, ""error"": 24.2598255500001}]]"
0.1,26.36,158.9,0.1,26.36,158.9,0.1,26.36,158.9,3,"[{""pair"": [0, 0, 0, 0], ""acc"": 0.1, ""vel"": 26.36, ""pos"": 158.9, ""error"": 0.06000444999990506}]",[]
0.0,26.35,159.4,0.0,26.35,108.2,0.0,26.35,159.4,3,"[{""pair"": [3, 4, 1, 3], ""acc"": 0.0, ""vel"": 26.35, ""pos"": 159.4, ""error"": 0.08982720000097544}]","[[{""pair"": [3, 3, 3, 4], ""acc"": 0.0, ""vel"": 26.35, ""pos"": 108.2, ""error"": 51.133372799999016}], [{""pair"": [3, 4, 0, 3], ""acc"": 0.0, ""vel"": 36.59, ""pos"": 108.2, ""error"": 61.35017279999903}], [{""pair"": [3, 4, 1, 3], ""acc"": 0.0, ""vel"": 26.35, ""pos"": 159.4, ""error"": 0.08982720000097544}], [{""pair"": [3, 4, 2, 3], ""acc"": 0.0, ""vel"": 26.35, ""pos"": 108.2, ""error"": 51.133372799999016}]]"
0.0,26.34,159.8,0.0,26.34,159.8,0.0,26.35,159.8,3,"[{""pair"": [3, 14, 1, 9], ""acc"": 0.0, ""vel"": 26.35, ""pos"": 159.8, ""error"": 0.04794999999990068}]","[[{""pair"": [3, 9, 3, 14], ""acc"": 0.0, ""vel"": 26.34, ""pos"": 159.8, ""error"": 0.057949999999902246}], [{""pair"": [3, 9, 2, 14], ""acc"": 0.0, ""vel"": 26.34, ""pos"": 158.2, ""error"": 1.657949999999925}], [{""pair"": [3, 14, 0, 9], ""acc"": 0.4, ""vel"": 26.34, ""pos"": 159.8, ""error"": 0.057949999999902246}], [{""pair"": [3, 14, 1, 9], ""acc"": 0.0, ""vel"": 26.35, ""pos"": 159.8, ""error"": 0.04794999999990068}], [{""pair"": [3, 14, 2, 9], ""acc"": 0.0, ""vel"": 26.34, ""pos"": 159.8, ""error"": 0.057949999999902246}], [{""pair"": [0, 9, 2, 14], ""acc"": 0.4, ""vel"": 26.34, ""pos"": 158.2, ""error"": 1.657949999999925}], [{""pair"": [1, 9, 2, 14], ""acc"": 0.0, ""vel"": 26.35, ""pos"": 158.2, ""error"": 1.6479499999999234}], [{""pair"": [2, 9, 2, 14], ""acc"": 0.0, ""vel"": 26.34, ""pos"": 158.2, ""error"": 1.657949999999925}]]"
0.0,26.33,160.3,-25.6,26.33,163.5,0.0,26.33,160.3,3,"[{""pair"": [0, 15, 2, 15], ""acc"": 0.0, ""vel"": 26.33, ""pos"": 160.3, ""error"": 0.07205000000012518}]","[[{""pair"": [3, 15, 0, 15], ""acc"": 0.0, ""vel"": 26.33, ""pos"": 163.5, ""error"": 3.272050000000114}], [{""pair"": [3, 15, 1, 15], ""acc"": -25.6, ""vel"": 25.69, ""pos"": 163.5, ""error"": 3.912050000000111}], [{""pair"": [3, 15, 2, 15], ""acc"": -25.6, ""vel"": 26.33, ""pos"": 160.3, ""error"": 0.07205000000012518}], [{""pair"": [0, 15, 1, 15], ""acc"": 0.0, ""vel"": 25.69, ""pos"": 163.5, ""error"": 3.912050000000111}], [{""pair"": [0, 15, 2, 15], ""acc"": 0.0, ""vel"": 26.33, ""pos"": 160.3, ""error"": 0.07205000000012518}], [{""pair"": [1, 15, 0, 15], ""acc"": 0.0, ""vel"": 25.69, ""pos"": 163.5, ""error"": 3.912050000000111}], [{""pair"": [1, 15, 2, 15], ""acc"": -25.6, ""vel"": 25.69, ""pos"": 160.3, ""error"": 0.7120500000001222}], [{""pair"": [2, 15, 0, 15], ""acc"": 0.0, ""vel"": 26.33, ""pos"": 160.3, ""error"": 0.07205000000012518}], [{""pair"": [2, 15, 1, 15], ""acc"": -25.6, ""vel"": 25.69, ""pos"": 160.3, ""error"": 0.7120500000001222}]]"
0.0,26.32,160.70000000000002,0.0,26.32,2003.9,0.0,26.32,160.7,3,"[{""pair"": [1, 5, 1, 8], ""acc"": 0.0, ""vel"": 26.32, ""pos"": 160.7, ""error"": 0.03128000000052822}]","[[{""pair"": [3, 5, 3, 8], ""acc"": 0.0, ""vel"": 26.32, ""pos"": 2003.9, ""error"": 1843.1887199999996}], [{""pair"": [3, 5, 1, 8], ""acc"": 0.0, ""vel"": 26.32, ""pos"": 365.5, ""error"": 204.78871999999947}], [{""pair"": [3, 5, 2, 8], ""acc"": 0.0, ""vel"": 26.32, ""pos"": 2003.9, ""error"": 1843.1887199999996}], [{""pair"": [3, 8, 1, 5], ""acc"": 0.0, ""vel"": 26.32, ""pos"": 1799.1, ""error"": 1638.3887199999995}], [{""pair"": [1, 5, 1, 8], ""acc"": 0.0, ""vel"": 26.32, ""pos"": 160.7, ""error"": 0.03128000000052822}], [{""pair"": [1, 5, 2, 8], ""acc"": 0.0, ""vel"": 26.32, ""pos"": 1799.1, ""error"": 1638.3887199999995}]]"
0.0,26.31,161.10000000000002,0.8,26.31,161.1,0.0,26.31,161.1,3,"[{""pair"": [3, 8, 0, 10], ""acc"": 0.0, ""vel"": 26.31, ""pos"": 161.1, ""error"": 0.057439999999882474}]","[[{""pair"": [3, 8, 3, 10], ""acc"": 0.8, ""vel"": 26.31, ""pos"": 161.1, ""error"": 0.057439999999882474}], [{""pair"": [1, 9, 2, 8], ""acc"": 0.8, ""vel"": 26.3, ""pos"": 161.1, ""error"": 0.06743999999988048}], [{""pair"": [3, 8, 0, 10], ""acc"": 0.0, ""vel"": 26.31, ""pos"": 161.1, ""error"": 0.057439999999882474}], [{""pair"": [3, 8, 1, 10], ""acc"": 0.8, ""vel"": 26.29, ""pos"": 161.1, ""error"": 0.07743999999988205}], [{""pair"": [3, 8, 2, 10], ""acc"": 0.8, ""vel"": 26.31, ""pos"": 161.0, ""error"": 0.1574399999998768}], [{""pair"": [3, 10, 0, 8], ""acc"": 1.0, ""vel"": 26.31, ""pos"": 161.1, ""error"": 0.057439999999882474}], [{""pair"": [3, 10, 1, 8], ""acc"": 0.8, ""vel"": 26.31, ""pos"": 1799.5, ""error"": 1638.36256}], [{""pair"": [0, 8, 0, 10], ""acc"": 0.2, ""vel"": 26.31, ""pos"": 161.1, ""error"": 0.057439999999882474}], [{""pair"": [0, 8, 1, 10], ""acc"": 1.0, ""vel"": 26.29, ""pos"": 161.1, ""error"": 0.07743999999988205}], [{""pair"": [0, 8, 2, 10], ""acc"": 1.0, ""vel"": 26.31, ""pos"": 161.0, ""error"": 0.1574399999998768}], [{""pair"": [1, 8, 0, 10], ""acc"": 0.0, ""vel"": 26.31, ""pos"": 1799.5, ""error"": 1638.36256}], [{""pair"": [1, 8, 1, 10], ""acc"": 0.8, ""vel"": 26.29, ""pos"": 1799.5, ""error"": 1638.38256}], [{""pair"": [1, 8, 2, 10], ""acc"": 0.8, ""vel"": 26.31, ""pos"": 1799.4, ""error"": 1638.2625600000001}]]"
0.0,26.3,161.60000000000002,0.0,26.26,161.6,0.0,26.3,161.6,3,"[{""pair"": [3, 1, 1, 11], ""acc"": 0.0, ""vel"": 26.3, ""pos"": 161.6, ""error"": 0.06273000000010853}]","[[{""pair"": [3, 1, 3, 11], ""acc"": 0.0, ""vel"": 26.26, ""pos"": 161.6, ""error"": 0.10273000000010768}], [{""pair"": [3, 1, 0, 11], ""acc"": 1.6, ""vel"": 26.26, ""pos"": 161.6, ""error"": 0.10273000000010768}], [{""pair"": [3, 1, 1, 11], ""acc"": 0.0, ""vel"": 26.3, ""pos"": 161.6, ""error"": 0.06273000000010853}], [{""pair"": [3, 1, 2, 11], ""acc"": 0.0, ""vel"": 26.26, ""pos"": 161.8, ""error"": 0.30273000000012473}], [{""pair"": [3, 11, 2, 1], ""acc"": 0.0, ""vel"": 26.26, ""pos"": 161.6, ""error"": 0.10273000000010768}], [{""pair"": [2, 1, 0, 11], ""acc"": 1.6, ""vel"": 26.26, ""pos"": 161.6, ""error"": 0.10273000000010768}], [{""pair"": [2, 1, 1, 11], ""acc"": 0.0, ""vel"": 26.3, ""pos"": 161.6, ""error"": 0.06273000000010853}], [{""pair"": [2, 1, 2, 11], ""acc"": 0.0, ""vel"": 26.26, ""pos"": 161.8, ""error"": 0.30273000000012473}]]"
-0.1,26.29,162.0,-2.5,26.29,162.0,-0.9,26.31,162.0,3,"[{""pair"": [0, 11, 1, 10], ""acc"": -0.9, ""vel"": 26.31, ""pos"": 162.0, ""error"": 0.03080000000051797}]","[[{""pair"": [3, 10, 3, 12], ""acc"": -2.5, ""vel"": 26.29, ""pos"": 162.0, ""error"": 0.03080000000052152}], [{""pair"": [3, 11, 0, 10], ""acc"": -1.7, ""vel"": 26.29, ""pos"": 162.0, ""error"": 0.03080000000052152}], [{""pair"": [3, 11, 1, 10], ""acc"": -2.5, ""vel"": 26.31, ""pos"": 162.0, ""error"": 0.03080000000051797}], [{""pair"": [3, 11, 2, 10], ""acc"": -2.5, ""vel"": 26.29, ""pos"": 162.1, ""error"": 0.08919999999947592}], [{""pair"": [0, 11, 0, 10], ""acc"": -0.1, ""vel"": 26.29, ""pos"": 162.0, ""error"": 0.03080000000052152}], [{""pair"": [0, 11, 1, 10], ""acc"": -0.9, ""vel"": 26.31, ""pos"": 162.0, ""error"": 0.03080000000051797}], [{""pair"": [0, 11, 2, 10], ""acc"": -0.9, ""vel"": 26.29, ""pos"": 162.1, ""error"": 0.08919999999947592}], [{""pair"": [2, 11, 0, 10], ""acc"": -1.7, ""vel"": 26.29, ""pos"": 162.2, ""error"": 0.18919999999947024}], [{""pair"": [2, 11, 1, 10], ""acc"": -2.5, ""vel"": 26.31, ""pos"": 162.2, ""error"": 0.18919999999946668}], [{""pair"": [2, 11, 2, 10], ""acc"": -2.5, ""vel"": 26.29, ""pos"": 162.3, ""error"": 0.289199999999493}], [{""pair"": [3, 10, 1, 12], ""acc"": -2.5, ""vel"": 26.37, ""pos"": 162.0, ""error"": 0.09080000000052024}]]"
-0.1,26.28,162.4,-12.9,26.28,162.4,-0.1,26.28,162.4,3,"[{""pair"": [3, 8, 0, 14], ""acc"": -0.1, ""vel"": 26.28, ""pos"": 162.4, ""error"": 0.0618399499998894}]","[[{""pair"": [3, 8, 0, 14], ""acc"": -0.1, ""vel"": 26.28, ""pos"": 162.4, ""error"": 0.0618399499998894}], [{""pair"": [3, 8, 1, 14], ""acc"": -12.9, ""vel"": 26.6, ""pos"": 162.4, ""error"": 0.35243994999988715}], [{""pair"": [1, 8, 0, 14], ""acc"": -0.1, ""vel"": 26.28, ""pos"": 1800.8, ""error"": 1638.36756005}], [{""pair"": [1, 8, 1, 14], ""acc"": -12.9, ""vel"": 26.6, ""pos"": 1800.8, ""error"": 1638.65816005}], [{""pair"": [2, 8, 0, 14], ""acc"": -0.1, ""vel"": 26.28, ""pos"": 162.4, ""error"": 0.0618399499998894}], [{""pair"": [2, 8, 1, 14], ""acc"": -12.9, ""vel"": 26.6, ""pos"": 162.4, ""error"": 0.35243994999988715}]]"
-0.1,26.27,162.9,22.3,26.27,162.9,-0.1,26.27,162.9,3,"[{""pair"": [0, 12, 0, 15], ""acc"": -0.1, ""vel"": 26.27, ""pos"": 162.9, ""error"": 0.06155445000011284}]","[[{""pair"": [3, 12, 3, 15], ""acc"": 22.3, ""vel"": 26.27, ""pos"": 162.9, ""error"": 0.06155445000011284}], [{""pair"": [3, 12, 0, 15], ""acc"": -3.3, ""vel"": 26.27, ""pos"": 162.9, ""error"": 0.06155445000011284}], [{""pair"": [3, 12, 2, 15], ""acc"": 22.3, ""vel"": 26.27, ""pos"": 166.1, ""error"": 3.2615544500001015}], [{""pair"": [3, 15, 0, 12], ""acc"": 25.5, ""vel"": 26.27, ""pos"": 162.9, ""error"": 0.06155445000011284}], [{""pair"": [3, 15, 1, 12], ""acc"": 22.3, ""vel"": 26.35, ""pos"": 162.9, ""error"": 0.12495445000011074}], [{""pair"": [0, 12, 0, 15], ""acc"": -0.1, ""vel"": 26.27, ""pos"": 162.9, ""error"": 0.06155445000011284}], [{""pair"": [0, 12, 2, 15], ""acc"": 25.5, ""vel"": 26.27, ""pos"": 166.1, ""error"": 3.2615544500001015}], [{""pair"": [1, 12, 0, 15], ""acc"": -3.3, ""vel"": 26.35, ""pos"": 162.9, ""error"": 0.12495445000011074}], [{""pair"": [1, 12, 2, 15], ""acc"": 22.3, ""vel"": 26.35, ""pos"": 166.1, ""error"": 3.3249544500000994}]]"
-0.1,26.26,163.3,-0.1,67.22,160.1,-0.1,26.26,163.3,3,"[{""pair"": [0, 5, 2, 15], ""acc"": -0.1, ""vel"": 26.26, ""pos"": 163.3, ""error"": 0.02870720000049687}]","[[{""pair"": [3, 5, 3, 15], ""acc"": -0.1, ""vel"": 67.22, ""pos"": 160.1, ""error"": 44.17190720000052}], [{""pair"": [3, 5, 2, 15], ""acc"": -0.1, ""vel"": 67.22, ""pos"": 163.3, ""error"": 40.9719072000005}], [{""pair"": [3, 15, 0, 5], ""acc"": -0.1, ""vel"": 26.26, ""pos"": 160.1, ""error"": 3.228707200000514}], [{""pair"": [3, 15, 2, 5], ""acc"": -0.1, ""vel"": 67.22, ""pos"": 160.1, ""error"": 44.17190720000052}], [{""pair"": [0, 5, 2, 15], ""acc"": -0.1, ""vel"": 26.26, ""pos"": 163.3, ""error"": 0.02870720000049687}], [{""pair"": [2, 5, 2, 15], ""acc"": -0.1, ""vel"": 67.22, ""pos"": 163.3, ""error"": 40.9719072000005}]]"
-0.1,26.25,163.70000000000002,-0.1,26.41,163.6,-0.1,26.25,163.7,3,"[{""pair"": [2, 10, 1, 13], ""acc"": -0.1, ""vel"": 26.25, ""pos"": 163.7, ""error"": 0.05470554999991961}]","[[{""pair"": [3, 10, 3, 13], ""acc"": -0.1, ""vel"": 26.41, ""pos"": 163.6, ""error"": 0.2981055499999101}], [{""pair"": [3, 10, 0, 13], ""acc"": -6.5, ""vel"": 26.41, ""pos"": 163.6, ""error"": 0.2981055499999101}], [{""pair"": [3, 10, 1, 13], ""acc"": -0.1, ""vel"": 26.25, ""pos"": 163.6, ""error"": 0.15470554999991393}], [{""pair"": [3, 13, 1, 10], ""acc"": -0.1, ""vel"": 26.43, ""pos"": 163.6, ""error"": 0.3181055499999097}], [{""pair"": [3, 13, 2, 10], ""acc"": -0.1, ""vel"": 26.41, ""pos"": 163.7, ""error"": 0.1981055499999158}], [{""pair"": [1, 10, 0, 13], ""acc"": -6.5, ""vel"": 26.43, ""pos"": 163.6, ""error"": 0.3181055499999097}], [{""pair"": [1, 10, 1, 13], ""acc"": -0.1, ""vel"": 26.27, ""pos"": 163.6, ""error"": 0.15810554999990956}], [{""pair"": [2, 10, 0, 13], ""acc"": -6.5, ""vel"": 26.41, ""pos"": 163.7, ""error"": 0.1981055499999158}], [{""pair"": [2, 10, 1, 13], ""acc"": -0.1, ""vel"": 26.25, ""pos"": 163.7, ""error"": 0.05470554999991961}]]"
-0.1,26.24,164.20000000000002,-0.1,108.16,164.2,-0.1,26.24,164.2,3,"[{""pair"": [3, 14, 0, 6], ""acc"": -0.1, ""vel"": 26.24, ""pos"": 164.2, ""error"": 0.06206445000010419}]","[[{""pair"": [3, 14, 0, 6], ""acc"": -0.1, ""vel"": 26.24, ""pos"": 164.2, ""error"": 0.06206445000010419}], [{""pair"": [3, 14, 2, 6], ""acc"": -0.1, ""vel"": 108.16, ""pos"": 164.2, ""error"": 81.9654644500001}], [{""pair"": [0, 6, 0, 14], ""acc"": -12.9, ""vel"": 26.24, ""pos"": 164.2, ""error"": 0.06206445000010419}], [{""pair"": [2, 6, 0, 14], ""acc"": -12.9, ""vel"": 108.16, ""pos"": 164.2, ""error"": 81.9654644500001}]]"
-0.1,26.23,164.60000000000002,25.5,26.23,164.6,-0.1,26.23,164.6,3,"[{""pair"": [2, 1, 0, 15], ""acc"": -0.1, ""vel"": 26.23, ""pos"": 164.6, ""error"": 0.02822720000048662}]","[[{""pair"": [3, 15, 0, 1], ""acc"": 25.5, ""vel"": 28.79, ""pos"": 164.6, ""error"": 2.571427200000496}], [{""pair"": [3, 15, 1, 1], ""acc"": 25.5, ""vel"": 26.23, ""pos"": 177.4, ""error"": 12.788572799999514}], [{""pair"": [3, 15, 2, 1], ""acc"": 25.5, ""vel"": 26.23, ""pos"": 164.6, ""error"": 0.02822720000048662}], [{""pair"": [0, 1, 0, 15], ""acc"": -0.1, ""vel"": 28.79, ""pos"": 164.6, ""error"": 2.571427200000496}], [{""pair"": [0, 1, 1, 15], ""acc"": 25.5, ""vel"": 29.43, ""pos"": 164.6, ""error"": 3.2114272000004966}], [{""pair"": [1, 1, 0, 15], ""acc"": -0.1, ""vel"": 26.23, ""pos"": 177.4, ""error"": 12.788572799999514}], [{""pair"": [1, 1, 1, 15], ""acc"": 25.5, ""vel"": 26.87, ""pos"": 177.4, ""error"": 13.411772799999525}], [{""pair"": [2, 1, 0, 15], ""acc"": -0.1, ""vel"": 26.23, ""pos"": 164.6, ""error"": 0.02822720000048662}], [{""pair"": [2, 1, 1, 15], ""acc"": 25.5, ""vel"": 26.87, ""pos"": 164.6, ""error"": 0.6514272000004979}]]"
-0.1,26.22,165.10000000000002,-0.1,26.86,165.1,-0.1,26.22,165.1,3,"[{""pair"": [3, 7, 1, 15], ""acc"": -0.1, ""vel"": 26.22, ""pos"": 165.1, ""error"": 0.06240445000012684}]","[[{""pair"": [3, 7, 3, 15], ""acc"": -0.1, ""vel"": 26.86, ""pos"": 165.1, ""error"": 0.6858044500001235}], [{""pair"": [3, 7, 0, 15], ""acc"": 25.5, ""vel"": 26.86, ""pos"": 165.1, ""error"": 0.6858044500001235}], [{""pair"": [3, 7, 1, 15], ""acc"": -0.1, ""vel"": 26.22, ""pos"": 165.1, ""error"": 0.06240445000012684}], [{""pair"": [3, 7, 2, 15], ""acc"": -0.1, ""vel"": 26.86, ""pos"": 161.9, ""error"": 3.7775955499998624}], [{""pair"": [3, 15, 0, 7], ""acc"": -0.2, ""vel"": 26.86, ""pos"": 165.1, ""error"": 0.6858044500001235}], [{""pair"": [0, 7, 0, 15], ""acc"": 25.4, ""vel"": 26.86, ""pos"": 165.1, ""error"": 0.6858044500001235}], [{""pair"": [0, 7, 1, 15], ""acc"": -0.2, ""vel"": 26.22, ""pos"": 165.1, ""error"": 0.06240445000012684}], [{""pair"": [0, 7, 2, 15], ""acc"": -0.2, ""vel"": 26.86, ""pos"": 161.9, ""error"": 3.7775955499998624}]]"
-0.1,26.21,165.5,-0.1,26.21,978.3,-0.1,26.21,165.5,3,"[{""pair"": [1, 0, 1, 7], ""acc"": -0.1, ""vel"": 26.21, ""pos"": 165.5, ""error"": 0.05402554999987075}]","[[{""pair"": [0, 0, 0, 7], ""acc"": -0.2, ""vel"": 27.49, ""pos"": 978.3, ""error"": 814.0259744500001}], [{""pair"": [0, 0, 1, 7], ""acc"": -0.1, ""vel"": 27.49, ""pos"": 159.1, ""error"": 7.717425549999877}], [{""pair"": [1, 0, 0, 7], ""acc"": -0.2, ""vel"": 26.21, ""pos"": 984.7, ""error"": 819.1625744500002}], [{""pair"": [1, 0, 1, 7], ""acc"": -0.1, ""vel"": 26.21, ""pos"": 165.5, ""error"": 0.05402554999987075}]]"
-0.1,26.2,166.0,-0.1,26.12,575.6,-0.1,26.2,166.0,3,"[{""pair"": [1, 6, 1, 12], ""acc"": -0.1, ""vel"": 26.2, ""pos"": 166.0, ""error"": 0.0890528000009958}]","[[{""pair"": [1, 6, 1, 12], ""acc"": -0.1, ""vel"": 26.2, ""pos"": 166.0, ""error"": 0.0890528000009958}], [{""pair"": [2, 6, 1, 12], ""acc"": -0.1, ""vel"": 26.2, ""pos"": 575.6, ""error"": 409.689052800001}]]"
-0.2,26.19,166.4,-0.2,26.19,371.2,-0.2,26.19,166.4,3,"[{""pair"": [3, 9, 1, 5], ""acc"": -0.2, ""vel"": 26.19, ""pos"": 166.4, ""error"": 0.053685549999876514}]","[[{""pair"": [3, 5, 3, 9], ""acc"": -0.2, ""vel"": 26.19, ""pos"": 371.2, ""error"": 204.7629144500001}], [{""pair"": [3, 5, 0, 9], ""acc"": -0.6, ""vel"": 26.19, ""pos"": 371.2, ""error"": 204.7629144500001}], [{""pair"": [3, 5, 1, 9], ""acc"": -0.2, ""vel"": 26.18, ""pos"": 371.2, ""error"": 204.77291445000012}], [{""pair"": [3, 5, 2, 9], ""acc"": -0.2, ""vel"": 26.19, ""pos"": 371.2, ""error"": 204.7629144500001}], [{""pair"": [3, 9, 1, 5], ""acc"": -0.2, ""vel"": 26.19, ""pos"": 166.4, ""error"": 0.053685549999876514}], [{""pair"": [3, 9, 2, 5], ""acc"": -0.2, ""vel"": 26.19, ""pos"": 371.2, ""error"": 204.7629144500001}], [{""pair"": [1, 5, 0, 9], ""acc"": -0.6, ""vel"": 26.19, ""pos"": 166.4, ""error"": 0.053685549999876514}], [{""pair"": [1, 5, 1, 9], ""acc"": -0.2, ""vel"": 26.18, ""pos"": 166.4, ""error"": 0.06368554999987808}], [{""pair"": [1, 5, 2, 9], ""acc"": -0.2, ""vel"": 26.19, ""pos"": 166.4, ""error"": 0.053685549999876514}], [{""pair"": [2, 5, 0, 9], ""acc"": -0.6, ""vel"": 26.19, ""pos"": 371.2, ""error"": 204.7629144500001}], [{""pair"": [2, 5, 1, 9], ""acc"": -0.2, ""vel"": 26.18, ""pos"": 371.2, ""error"": 204.77291445000012}], [{""pair"": [2, 5, 2, 9], ""acc"": -0.2, ""vel"": 26.19, ""pos"": 371.2, ""error"": 204.7629144500001}]]"
0.0,26.19,166.8,-25.6,26.19,371.6,0.0,26.19,166.8,3,"[{""pair"": [1, 5, 0, 15], ""acc"": 0.0, ""vel"": 26.19, ""pos"": 166.8, ""error"": 0.04860109999989959}]","[[{""pair"": [3, 5, 3, 15], ""acc"": -25.6, ""vel"": 26.19, ""pos"": 371.6, ""error"": 204.7581989000001}], [{""pair"": [3, 5, 0, 15], ""acc"": 0.0, ""vel"": 26.19, ""pos"": 371.6, ""error"": 204.7581989000001}], [{""pair"": [3, 15, 1, 5], ""acc"": -25.6, ""vel"": 26.19, ""pos"": 166.8, ""error"": 0.04860109999989959}], [{""pair"": [3, 15, 2, 5], ""acc"": -25.6, ""vel"": 26.19, ""pos"": 371.6, ""error"": 204.7581989000001}], [{""pair"": [1, 5, 0, 15], ""acc"": 0.0, ""vel"": 26.19, ""pos"": 166.8, ""error"": 0.04860109999989959}], [{""pair"": [2, 5, 0, 15], ""acc"": 0.0, ""vel"": 26.19, ""pos"": 371.6, ""error"": 204.7581989000001}]]"
0.0,26.18,167.3,0.0,26.22,167.3,0.0,26.18,167.3,3,"[{""pair"": [3, 0, 1, 11], ""acc"": 0.0, ""vel"": 26.18, ""pos"": 167.3, ""error"": 0.09095999999949456}]","[[{""pair"": [3, 0, 1, 11], ""acc"": 0.0, ""vel"": 26.18, ""pos"": 167.3, ""error"": 0.09095999999949456}], [{""pair"": [2, 0, 1, 11], ""acc"": 0.0, ""vel"": 26.18, ""pos"": 167.3, ""error"": 0.09095999999949456}]]"
0.0,26.18,167.70000000000002,0.0,26.16,167.7,0.0,26.18,167.7,3,"[{""pair"": [3, 13, 1, 10], ""acc"": 0.0, ""vel"": 26.18, ""pos"": 167.7, ""error"": 0.045059999999921274}]","[[{""pair"": [3, 13, 0, 10], ""acc"": 0.8, ""vel"": 26.16, ""pos"": 167.7, ""error"": 0.06505999999992085}], [{""pair"": [3, 13, 1, 10], ""acc"": 0.0, ""vel"": 26.18, ""pos"": 167.7, ""error"": 0.045059999999921274}], [{""pair"": [0, 10, 1, 13], ""acc"": 0.8, ""vel"": 26.0, ""pos"": 167.7, ""error"": 0.225059999999921}], [{""pair"": [0, 10, 2, 13], ""acc"": 0.8, ""vel"": 26.16, ""pos"": 166.9, ""error"": 0.8650599999999038}], [{""pair"": [1, 10, 1, 13], ""acc"": 0.0, ""vel"": 26.02, ""pos"": 167.7, ""error"": 0.20505999999992142}], [{""pair"": [1, 10, 2, 13], ""acc"": 0.0, ""vel"": 26.18, ""pos"": 166.9, ""error"": 0.8450599999999042}]]"
0.1,26.17,168.10000000000002,0.1,67.13,168.1,0.1,26.17,168.1,3,"[{""pair"": [0, 5, 2, 8], ""acc"": 0.1, ""vel"": 26.17, ""pos"": 168.1, ""error"": 0.05505999999989086}]","[[{""pair"": [0, 5, 0, 8], ""acc"": 0.3, ""vel"": 26.17, ""pos"": 168.1, ""error"": 0.05505999999989086}], [{""pair"": [0, 5, 1, 8], ""acc"": 0.1, ""vel"": 26.17, ""pos"": 1806.5, ""error"": 1638.3649400000002}], [{""pair"": [0, 5, 2, 8], ""acc"": 0.1, ""vel"": 26.17, ""pos"": 168.1, ""error"": 0.05505999999989086}], [{""pair"": [2, 5, 0, 8], ""acc"": 0.3, ""vel"": 67.13, ""pos"": 168.1, ""error"": 40.99505999999989}], [{""pair"": [2, 5, 1, 8], ""acc"": 0.1, ""vel"": 67.13, ""pos"": 1806.5, ""error"": 1679.3049400000002}], [{""pair"": [2, 5, 2, 8], ""acc"": 0.1, ""vel"": 67.13, ""pos"": 168.1, ""error"": 40.99505999999989}]]"
0.1,26.17,168.60000000000002,0.1,26.01,168.6,0.1,26.17,168.6,3,"[{""pair"": [3, 5, 1, 13], ""acc"": 0.1, ""vel"": 26.17, ""pos"": 168.6, ""error"": 0.08286719999947678}]","[[{""pair"": [3, 5, 0, 13], ""acc"": 6.5, ""vel"": 26.01, ""pos"": 168.6, ""error"": 0.24286719999947692}], [{""pair"": [3, 5, 1, 13], ""acc"": 0.1, ""vel"": 26.17, ""pos"": 168.6, ""error"": 0.08286719999947678}], [{""pair"": [3, 5, 2, 13], ""acc"": 0.1, ""vel"": 26.01, ""pos"": 169.4, ""error"": 1.0428671999994883}], [{""pair"": [2, 5, 0, 13], ""acc"": 6.5, ""vel"": 26.01, ""pos"": 168.6, ""error"": 0.24286719999947692}], [{""pair"": [2, 5, 1, 13], ""acc"": 0.1, ""vel"": 26.17, ""pos"": 168.6, ""error"": 0.08286719999947678}], [{""pair"": [2, 5, 2, 13], ""acc"": 0.1, ""vel"": 26.01, ""pos"": 169.4, ""error"": 1.0428671999994883}]]"
0.1,26.16,169.0,0.1,26.16,172.2,0.1,26.16,169.0,3,"[{""pair"": [3, 7, 2, 15], ""acc"": 0.1, ""vel"": 26.16, ""pos"": 169.0, ""error"": 0.05660444999990588}]","[[{""pair"": [3, 7, 2, 15], ""acc"": 0.1, ""vel"": 26.16, ""pos"": 169.0, ""error"": 0.05660444999990588}], [{""pair"": [2, 15, 0, 7], ""acc"": 0.0, ""vel"": 26.16, ""pos"": 169.0, ""error"": 0.05660444999990588}]]"
0.1,26.15,169.4,1.7,26.15,169.4,0.1,26.15,169.4,3,"[{""pair"": [3, 9, 0, 11], ""acc"": 0.1, ""vel"": 26.15, ""pos"": 169.4, ""error"": 0.056434449999908765}]","[[{""pair"": [3, 9, 3, 11], ""acc"": 1.7, ""vel"": 26.15, ""pos"": 169.4, ""error"": 0.056434449999908765}], [{""pair"": [3, 9, 0, 11], ""acc"": 0.1, ""vel"": 26.15, ""pos"": 169.4, ""error"": 0.056434449999908765}], [{""pair"": [3, 9, 1, 11], ""acc"": 1.7, ""vel"": 26.11, ""pos"": 169.4, ""error"": 0.09643444999990791}], [{""pair"": [3, 9, 2, 11], ""acc"": 1.7, ""vel"": 26.15, ""pos"": 169.2, ""error"": 0.2564344499999258}], [{""pair"": [3, 11, 1, 9], ""acc"": 1.7, ""vel"": 26.14, ""pos"": 169.4, ""error"": 0.06643444999990678}], [{""pair"": [1, 9, 0, 11], ""acc"": 0.1, ""vel"": 26.14, ""pos"": 169.4, ""error"": 0.06643444999990678}], [{""pair"": [1, 9, 1, 11], ""acc"": 1.7, ""vel"": 26.1, ""pos"": 169.4, ""error"": 0.10643444999990592}], [{""pair"": [1, 9, 2, 11], ""acc"": 1.7, ""vel"": 26.14, ""pos"": 169.2, ""error"": 0.26643444999992383}]]"
0.0,26.15,169.9,0.0,26.14,169.9,0.0,26.15,169.9,3,"[{""pair"": [3, 8, 1, 9], ""acc"": 0.0, ""vel"": 26.15, ""pos"": 169.9, ""error"": 0.08318719999949309}]","[[{""pair"": [3, 8, 3, 9], ""acc"": 0.0, ""vel"": 26.14, ""pos"": 169.9, ""error"": 0.0931871999994911}], [{""pair"": [3, 8, 0, 9], ""acc"": 0.4, ""vel"": 26.14, ""pos"": 169.9, ""error"": 0.0931871999994911}], [{""pair"": [3, 8, 1, 9], ""acc"": 0.0, ""vel"": 26.15, ""pos"": 169.9, ""error"": 0.08318719999949309}], [{""pair"": [3, 8, 2, 9], ""acc"": 0.0, ""vel"": 26.14, ""pos"": 169.9, ""error"": 0.0931871999994911}], [{""pair"": [3, 9, 0, 8], ""acc"": 0.2, ""vel"": 26.14, ""pos"": 169.9, ""error"": 0.0931871999994911}], [{""pair"": [3, 9, 1, 8], ""acc"": 0.0, ""vel"": 26.14, ""pos"": 1808.3, ""error"": 1638.4931871999995}], [{""pair"": [2, 8, 0, 10], ""acc"": 0.8, ""vel"": 26.14, ""pos"": 169.9, ""error"": 0.0931871999994911}], [{""pair"": [0, 8, 0, 9], ""acc"": 0.6, ""vel"": 26.14, ""pos"": 169.9, ""error"": 0.0931871999994911}], [{""pair"": [0, 8, 1, 9], ""acc"": 0.2, ""vel"": 26.15, ""pos"": 169.9, ""error"": 0.08318719999949309}], [{""pair"": [0, 8, 2, 9], ""acc"": 0.2, ""vel"": 26.14, ""pos"": 169.9, ""error"": 0.0931871999994911}], [{""pair"": [1, 8, 0, 9], ""acc"": 0.4, ""vel"": 26.14, ""pos"": 1808.3, ""error"": 1638.4931871999995}], [{""pair"": [1, 8, 1, 9], ""acc"": 0.0, ""vel"": 26.15, ""pos"": 1808.3, ""error"": 1638.4831871999995}], [{""pair"": [1, 8, 2, 9], ""acc"": 0.0, ""vel"": 26.14, ""pos"": 1808.3, ""error"": 1638.4931871999995}]]"
0.0,26.14,170.3,1.2,26.14,170.3,0.0,26.14,170.3,3,"[{""pair"": [0, 9, 0, 10], ""acc"": 0.0, ""vel"": 26.14, ""pos"": 170.3, ""error"": 0.05454999999989951}]","[[{""pair"": [3, 9, 3, 10], ""acc"": 1.2, ""vel"": 26.14, ""pos"": 170.3, ""error"": 0.05454999999989951}], [{""pair"": [3, 9, 0, 10], ""acc"": 0.4, ""vel"": 26.14, ""pos"": 170.3, ""error"": 0.05454999999989951}], [{""pair"": [3, 9, 1, 10], ""acc"": 1.2, ""vel"": 26.12, ""pos"": 170.3, ""error"": 0.07454999999989909}], [{""pair"": [3, 9, 2, 10], ""acc"": 1.2, ""vel"": 26.14, ""pos"": 170.2, ""error"": 0.15454999999992225}], [{""pair"": [3, 10, 0, 9], ""acc"": 0.8, ""vel"": 26.14, ""pos"": 170.3, ""error"": 0.05454999999989951}], [{""pair"": [1, 9, 1, 11], ""acc"": 1.2, ""vel"": 26.11, ""pos"": 170.3, ""error"": 0.08454999999990065}], [{""pair"": [1, 9, 2, 11], ""acc"": 1.2, ""vel"": 26.15, ""pos"": 170.1, ""error"": 0.24454999999991855}], [{""pair"": [2, 9, 1, 11], ""acc"": 1.2, ""vel"": 26.1, ""pos"": 170.3, ""error"": 0.09454999999989866}], [{""pair"": [2, 9, 2, 11], ""acc"": 1.2, ""vel"": 26.14, ""pos"": 170.1, ""error"": 0.25454999999991657}], [{""pair"": [0, 9, 0, 10], ""acc"": 0.0, ""vel"": 26.14, ""pos"": 170.3, ""error"": 0.05454999999989951}], [{""pair"": [0, 9, 1, 10], ""acc"": 0.8, ""vel"": 26.12, ""pos"": 170.3, ""error"": 0.07454999999989909}], [{""pair"": [0, 9, 2, 10], ""acc"": 0.8, ""vel"": 26.14, ""pos"": 170.2, ""error"": 0.15454999999992225}]]"
0.0,26.14,170.70000000000002,1.6,26.14,170.7,0.0,26.14,170.7,3,"[{""pair"": [3, 3, 0, 11], ""acc"": 0.0, ""vel"": 26.14, ""pos"": 170.7, ""error"": 0.044379999999904385}]","[[{""pair"": [3, 3, 0, 11], ""acc"": 0.0, ""vel"": 26.14, ""pos"": 170.7, ""error"": 0.044379999999904385}], [{""pair"": [3, 3, 1, 11], ""acc"": 1.6, ""vel"": 26.1, ""pos"": 170.7, ""error"": 0.08437999999990353}], [{""pair"": [3, 3, 2, 11], ""acc"": 1.6, ""vel"": 26.14, ""pos"": 170.5, ""error"": 0.24437999999989302}], [{""pair"": [0, 3, 0, 11], ""acc"": 0.0, ""vel"": 36.38, ""pos"": 170.7, ""error"": 10.284379999999906}], [{""pair"": [0, 3, 1, 11], ""acc"": 1.6, ""vel"": 36.34, ""pos"": 170.7, ""error"": 10.244379999999907}], [{""pair"": [0, 3, 2, 11], ""acc"": 1.6, ""vel"": 36.38, ""pos"": 170.5, ""error"": 10.484379999999895}], [{""pair"": [2, 3, 0, 11], ""acc"": 0.0, ""vel"": 26.14, ""pos"": 170.7, ""error"": 0.044379999999904385}], [{""pair"": [2, 3, 1, 11], ""acc"": 1.6, ""vel"": 26.1, ""pos"": 170.7, ""error"": 0.08437999999990353}], [{""pair"": [2, 3, 2, 11], ""acc"": 1.6, ""vel"": 26.14, ""pos"": 170.5, ""error"": 0.24437999999989302}]]"
-0.1,26.13,171.20000000000002,-0.1,5.65,171.2,-0.1,26.13,171.2,3,"[{""pair"": [2, 0, 0, 4], ""acc"": -0.1, ""vel"": 26.13, ""pos"": 171.2, ""error"": 0.09175999999949269}]","[[{""pair"": [2, 0, 0, 4], ""acc"": -0.1, ""vel"": 26.13, ""pos"": 171.2, ""error"": 0.09175999999949269}]]"
-0.1,26.12,171.60000000000002,-0.1,25.96,171.6,-0.1,26.12,171.6,3,"[{""pair"": [3, 4, 1, 13], ""acc"": -0.1, ""vel"": 26.12, ""pos"": 171.6, ""error"": 0.052495549999868274}]","[[{""pair"": [3, 4, 3, 13], ""acc"": -0.1, ""vel"": 25.96, ""pos"": 171.6, ""error"": 0.21249554999986842}], [{""pair"": [3, 4, 1, 13], ""acc"": -0.1, ""vel"": 26.12, ""pos"": 171.6, ""error"": 0.052495549999868274}], [{""pair"": [3, 4, 2, 13], ""acc"": -0.1, ""vel"": 25.96, ""pos"": 172.4, ""error"": 0.9241044500001401}]]"
-0.1,26.12,172.0,-0.1,36.38,172.0,-0.1,26.12,172.0,3,"[{""pair"": [0, 3, 1, 10], ""acc"": -0.1, ""vel"": 26.12, ""pos"": 172.0, ""error"": 0.04572554999987233}]","[[{""pair"": [0, 3, 0, 10], ""acc"": -0.9, ""vel"": 26.14, ""pos"": 172.0, ""error"": 0.0657255499998719}], [{""pair"": [0, 3, 1, 10], ""acc"": -0.1, ""vel"": 26.12, ""pos"": 172.0, ""error"": 0.04572554999987233}], [{""pair"": [1, 3, 0, 10], ""acc"": -0.9, ""vel"": 36.38, ""pos"": 120.8, ""error"": 61.50572554999988}], [{""pair"": [1, 3, 1, 10], ""acc"": -0.1, ""vel"": 36.36, ""pos"": 120.8, ""error"": 61.48572554999987}]]"
-0.2,26.11,172.5,-6.6,26.09,172.5,-0.2,26.11,172.5,3,"[{""pair"": [0, 13, 1, 10], ""acc"": -0.2, ""vel"": 26.11, ""pos"": 172.5, ""error"": 0.09049280000099813}]","[[{""pair"": [0, 13, 1, 10], ""acc"": -0.2, ""vel"": 26.11, ""pos"": 172.5, ""error"": 0.09049280000099813}]]"
-0.2,26.1,172.9,-0.2,26.1,172.9,-0.2,26.1,172.9,3,"[{""pair"": [3, 5, 3, 6], ""acc"": -0.2, ""vel"": 26.1, ""pos"": 172.9, ""error"": 0.05044109999989388}]","[[{""pair"": [3, 5, 3, 6], ""acc"": -0.2, ""vel"": 26.1, ""pos"": 172.9, ""error"": 0.05044109999989388}], [{""pair"": [3, 5, 0, 6], ""acc"": -0.2, ""vel"": 108.02, ""pos"": 172.9, ""error"": 81.95724109999989}], [{""pair"": [3, 5, 1, 6], ""acc"": -0.2, ""vel"": 26.1, ""pos"": 582.5, ""error"": 409.5627589000001}], [{""pair"": [3, 5, 2, 6], ""acc"": -0.2, ""vel"": 26.1, ""pos"": 172.9, ""error"": 0.05044109999989388}], [{""pair"": [3, 6, 2, 5], ""acc"": -0.2, ""vel"": 26.1, ""pos"": 172.9, ""error"": 0.05044109999989388}], [{""pair"": [2, 5, 0, 6], ""acc"": -0.2, ""vel"": 108.02, ""pos"": 172.9, ""error"": 81.95724109999989}], [{""pair"": [2, 5, 1, 6], ""acc"": -0.2, ""vel"": 26.1, ""pos"": 582.5, ""error"": 409.5627589000001}], [{""pair"": [2, 5, 2, 6], ""acc"": -0.2, ""vel"": 26.1, ""pos"": 172.9, ""error"": 0.05044109999989388}]]"
-0.2,26.09,173.4,-0.2,26.13,378.2,-0.2,26.09,173.4,3,"[{""pair"": [1, 5, 1, 11], ""acc"": -0.2, ""vel"": 26.09, ""pos"": 173.4, ""error"": 0.06292890000009876}]","[[{""pair"": [1, 5, 0, 11], ""acc"": -1.8, ""vel"": 26.13, ""pos"": 173.4, ""error"": 0.08972890000009315}], [{""pair"": [1, 5, 1, 11], ""acc"": -0.2, ""vel"": 26.09, ""pos"": 173.4, ""error"": 0.06292890000009876}], [{""pair"": [1, 5, 2, 11], ""acc"": -0.2, ""vel"": 26.13, ""pos"": 173.2, ""error"": 0.17707109999991744}], [{""pair"": [2, 5, 0, 11], ""acc"": -1.8, ""vel"": 26.13, ""pos"": 378.2, ""error"": 204.88972890000008}], [{""pair"": [2, 5, 1, 11], ""acc"": -0.2, ""vel"": 26.09, ""pos"": 378.2, ""error"": 204.86292890000007}], [{""pair"": [2, 5, 2, 11], ""acc"": -0.2, ""vel"": 26.13, ""pos"": 378.0, ""error"": 204.6897289000001}]]"
-0.2,26.09,173.8,-1.8,26.09,173.8,-0.2,26.09,173.8,3,"[{""pair"": [3, 13, 0, 11], ""acc"": -0.2, ""vel"": 26.09, ""pos"": 173.8, ""error"": 0.020614400000521726}]","[[{""pair"": [3, 11, 3, 13], ""acc"": -1.8, ""vel"": 26.09, ""pos"": 173.8, ""error"": 0.020614400000521726}], [{""pair"": [3, 13, 0, 11], ""acc"": -0.2, ""vel"": 26.09, ""pos"": 173.8, ""error"": 0.020614400000521726}], [{""pair"": [3, 13, 1, 11], ""acc"": -1.8, ""vel"": 26.13, ""pos"": 173.8, ""error"": 0.060614400000520874}]]"
-0.2,26.08,174.20000000000002,-0.2,5.6,174.2,-0.2,26.08,174.2,3,"[{""pair"": [3, 1, 0, 4], ""acc"": -0.2, ""vel"": 26.08, ""pos"": 174.2, ""error"": 0.05010109999993162}]","[[{""pair"": [3, 1, 3, 4], ""acc"": -0.2, ""vel"": 5.6, ""pos"": 174.2, ""error"": 20.530101099999932}], [{""pair"": [3, 1, 0, 4], ""acc"": -0.2, ""vel"": 26.08, ""pos"": 174.2, ""error"": 0.05010109999993162}], [{""pair"": [3, 4, 1, 1], ""acc"": -0.2, ""vel"": 5.6, ""pos"": 161.4, ""error"": 33.330101099999915}], [{""pair"": [3, 4, 2, 1], ""acc"": -0.2, ""vel"": 5.6, ""pos"": 174.2, ""error"": 20.530101099999932}], [{""pair"": [1, 1, 0, 4], ""acc"": -0.2, ""vel"": 26.08, ""pos"": 161.4, ""error"": 12.850101099999915}], [{""pair"": [2, 1, 0, 4], ""acc"": -0.2, ""vel"": 26.08, ""pos"": 174.2, ""error"": 0.05010109999993162}]]"
-0.2,26.07,174.70000000000002,-0.2,26.07,174.7,-0.2,26.07,174.7,3,"[{""pair"": [3, 5, 2, 4], ""acc"": -0.2, ""vel"": 26.07, ""pos"": 174.7, ""error"": 0.06326890000008945}]","[[{""pair"": [3, 5, 0, 4], ""acc"": -0.2, ""vel"": 5.59, ""pos"": 174.7, ""error"": 20.54326890000009}], [{""pair"": [3, 5, 1, 4], ""acc"": -0.2, ""vel"": 26.07, ""pos"": 72.3, ""error"": 102.3499310999999}], [{""pair"": [3, 5, 2, 4], ""acc"": -0.2, ""vel"": 26.07, ""pos"": 174.7, ""error"": 0.06326890000008945}], [{""pair"": [3, 3, 0, 3], ""acc"": -0.2, ""vel"": 36.31, ""pos"": 174.7, ""error"": 10.290068900000094}], [{""pair"": [3, 3, 2, 3], ""acc"": -0.2, ""vel"": 26.07, ""pos"": 174.7, ""error"": 0.06326890000008945}], [{""pair"": [0, 4, 0, 5], ""acc"": -0.2, ""vel"": 46.55, ""pos"": 174.7, ""error"": 20.53006890000009}], [{""pair"": [0, 4, 1, 5], ""acc"": -0.2, ""vel"": 5.59, ""pos"": 379.5, ""error"": 225.3432689000001}], [{""pair"": [1, 4, 0, 5], ""acc"": -0.2, ""vel"": 67.03, ""pos"": 72.3, ""error"": 143.2967310999999}], [{""pair"": [1, 4, 1, 5], ""acc"": -0.2, ""vel"": 26.07, ""pos"": 277.1, ""error"": 102.46326890000012}], [{""pair"": [2, 4, 0, 5], ""acc"": -0.2, ""vel"": 67.03, ""pos"": 174.7, ""error"": 41.01006890000009}], [{""pair"": [2, 4, 1, 5], ""acc"": -0.2, ""vel"": 26.07, ""pos"": 379.5, ""error"": 204.8632689000001}], [{""pair"": [0, 3, 2, 3], ""acc"": -0.2, ""vel"": 36.31, ""pos"": 174.7, ""error"": 10.290068900000094}], [{""pair"": [2, 3, 0, 3], ""acc"": -0.2, ""vel"": 36.31, ""pos"": 174.7, ""error"": 10.290068900000094}]]"
-0.3,26.06,175.10000000000002,-3.5,26.06,175.1,-0.3,26.06,175.1,3,"[{""pair"": [3, 4, 0, 12], ""acc"": -0.3, ""vel"": 26.06, ""pos"": 175.1, ""error"": 0.023894400000529004}]","[[{""pair"": [3, 4, 3, 12], ""acc"": -3.5, ""vel"": 26.06, ""pos"": 175.1, ""error"": 0.023894400000529004}], [{""pair"": [3, 4, 0, 12], ""acc"": -0.3, ""vel"": 26.06, ""pos"": 175.1, ""error"": 0.023894400000529004}], [{""pair"": [3, 12, 2, 4], ""acc"": -3.5, ""vel"": 26.06, ""pos"": 175.1, ""error"": 0.023894400000529004}], [{""pair"": [2, 4, 0, 12], ""acc"": -0.3, ""vel"": 26.06, ""pos"": 175.1, ""error"": 0.023894400000529004}]]"
-0.3,26.05,175.5,-3.5,26.05,173.9,-0.3,26.05,175.5,3,"[{""pair"": [2, 14, 0, 12], ""acc"": -0.3, ""vel"": 26.05, ""pos"": 175.5, ""error"": 0.04787664999989971}]","[[{""pair"": [2, 14, 0, 12], ""acc"": -0.3, ""vel"": 26.05, ""pos"": 175.5, ""error"": 0.04787664999989971}], [{""pair"": [2, 14, 2, 12], ""acc"": -3.5, ""vel"": 26.05, ""pos"": 175.9, ""error"": 0.36192335000010445}]]"
-0.4,26.04,176.0,-0.4,20.92,169.6,-0.4,26.04,176.0,3,"[{""pair"": [1, 0, 0, 2], ""acc"": -0.4, ""vel"": 26.04, ""pos"": 176.0, ""error"": 0.06209335000009375}]","[[{""pair"": [3, 0, 3, 2], ""acc"": -0.4, ""vel"": 20.92, ""pos"": 169.6, ""error"": 11.467706649999915}], [{""pair"": [3, 0, 0, 2], ""acc"": -0.4, ""vel"": 26.04, ""pos"": 169.6, ""error"": 6.3477066499999175}], [{""pair"": [3, 0, 1, 2], ""acc"": -0.4, ""vel"": 20.92, ""pos"": 195.2, ""error"": 24.38209335000008}], [{""pair"": [3, 2, 0, 0], ""acc"": -0.4, ""vel"": 22.2, ""pos"": 169.6, ""error"": 10.187706649999917}], [{""pair"": [3, 2, 1, 0], ""acc"": -0.4, ""vel"": 20.92, ""pos"": 176.0, ""error"": 5.182093350000091}], [{""pair"": [0, 0, 0, 2], ""acc"": -0.4, ""vel"": 27.32, ""pos"": 169.6, ""error"": 7.617906649999913}], [{""pair"": [0, 0, 1, 2], ""acc"": -0.4, ""vel"": 22.2, ""pos"": 195.2, ""error"": 23.102093350000082}], [{""pair"": [1, 0, 0, 2], ""acc"": -0.4, ""vel"": 26.04, ""pos"": 176.0, ""error"": 0.06209335000009375}], [{""pair"": [1, 0, 1, 2], ""acc"": -0.4, ""vel"": 20.92, ""pos"": 201.6, ""error"": 30.782093350000086}]]"
-0.4,26.03,176.4,-0.4,26.03,176.4,-0.4,26.03,176.4,3,"[{""pair"": [3, 1, 3, 9], ""acc"": -0.4, ""vel"": 26.03, ""pos"": 176.4, ""error"": 0.020188800000497054}]","[[{""pair"": [3, 1, 3, 9], ""acc"": -0.4, ""vel"": 26.03, ""pos"": 176.4, ""error"": 0.020188800000497054}], [{""pair"": [3, 1, 2, 9], ""acc"": -0.4, ""vel"": 26.03, ""pos"": 176.4, ""error"": 0.020188800000497054}], [{""pair"": [3, 9, 0, 1], ""acc"": -0.4, ""vel"": 28.59, ""pos"": 176.4, ""error"": 2.5729888000005126}], [{""pair"": [3, 9, 2, 1], ""acc"": -0.4, ""vel"": 26.03, ""pos"": 176.4, ""error"": 0.020188800000497054}], [{""pair"": [0, 1, 2, 9], ""acc"": -0.4, ""vel"": 28.59, ""pos"": 176.4, ""error"": 2.5729888000005126}], [{""pair"": [2, 1, 2, 9], ""acc"": -0.4, ""vel"": 26.03, ""pos"": 176.4, ""error"": 0.020188800000497054}]]"
-0.4,26.02,176.8,-0.4,25.94,173.6,-0.4,26.02,176.8,3,"[{""pair"": [1, 12, 2, 15], ""acc"": -0.4, ""vel"": 26.02, ""pos"": 176.8, ""error"": 0.04565219999987491}]","[[{""pair"": [3, 12, 3, 15], ""acc"": -0.4, ""vel"": 25.94, ""pos"": 173.6, ""error"": 3.3256521999998903}], [{""pair"": [3, 12, 1, 15], ""acc"": -0.4, ""vel"": 26.58, ""pos"": 173.6, ""error"": 3.7992521999998843}], [{""pair"": [3, 12, 2, 15], ""acc"": -0.4, ""vel"": 25.94, ""pos"": 176.8, ""error"": 0.1256521999998732}], [{""pair"": [3, 15, 1, 12], ""acc"": -0.4, ""vel"": 26.02, ""pos"": 173.6, ""error"": 3.245652199999892}], [{""pair"": [3, 15, 2, 12], ""acc"": -0.4, ""vel"": 25.94, ""pos"": 174.0, ""error"": 2.9256521999998846}], [{""pair"": [1, 12, 1, 15], ""acc"": -0.4, ""vel"": 26.66, ""pos"": 173.6, ""error"": 3.879252199999886}], [{""pair"": [1, 12, 2, 15], ""acc"": -0.4, ""vel"": 26.02, ""pos"": 176.8, ""error"": 0.04565219999987491}], [{""pair"": [2, 12, 1, 15], ""acc"": -0.4, ""vel"": 26.58, ""pos"": 174.0, ""error"": 3.3992521999998786}], [{""pair"": [2, 12, 2, 15], ""acc"": -0.4, ""vel"": 25.94, ""pos"": 177.2, ""error"": 0.44074780000010705}]]"
-0.5,26.01,177.3,-0.5,26.01,177.2,-0.5,26.03,177.2,3,"[{""pair"": [3, 7, 1, 10], ""acc"": -0.5, ""vel"": 26.03, ""pos"": 177.2, ""error"": 0.05908219999990294}]","[[{""pair"": [3, 7, 1, 10], ""acc"": -0.5, ""vel"": 26.03, ""pos"": 177.2, ""error"": 0.05908219999990294}], [{""pair"": [3, 7, 2, 10], ""acc"": -0.5, ""vel"": 26.01, ""pos"": 177.3, ""error"": 0.06091780000011937}], [{""pair"": [0, 7, 1, 10], ""acc"": -0.6, ""vel"": 26.03, ""pos"": 177.2, ""error"": 0.05908219999990294}], [{""pair"": [0, 7, 2, 10], ""acc"": -0.6, ""vel"": 26.01, ""pos"": 177.3, ""error"": 0.06091780000011937}], [{""pair"": [2, 7, 1, 10], ""acc"": -0.5, ""vel"": 26.03, ""pos"": 177.2, ""error"": 0.05908219999990294}], [{""pair"": [2, 7, 2, 10], ""acc"": -0.5, ""vel"": 26.01, ""pos"": 177.3, ""error"": 0.06091780000011937}]]"
-0.5,25.99,177.70000000000002,-0.5,67.03,177.7,-0.5,25.99,177.7,3,"[{""pair"": [1, 12, 0, 5], ""acc"": -0.5, ""vel"": 25.99, ""pos"": 177.7, ""error"": 0.11558399999948321}]","[[{""pair"": [3, 12, 0, 5], ""acc"": -0.5, ""vel"": 26.07, ""pos"": 177.7, ""error"": 0.1315839999994992}], [{""pair"": [0, 12, 0, 5], ""acc"": -3.7, ""vel"": 26.07, ""pos"": 177.7, ""error"": 0.1315839999994992}], [{""pair"": [1, 12, 0, 5], ""acc"": -0.5, ""vel"": 25.99, ""pos"": 177.7, ""error"": 0.11558399999948321}]]"
-0.6000000000000001,25.98,178.10000000000002,-0.6,25.66,178.1,-0.6,25.98,178.1,3,"[{""pair"": [3, 1, 1, 14], ""acc"": -0.6, ""vel"": 25.98, ""pos"": 178.1, ""error"": 0.04325774999990273}]","[[{""pair"": [3, 1, 3, 14], ""acc"": -0.6, ""vel"": 25.66, ""pos"": 178.1, ""error"": 0.363257749999903}], [{""pair"": [3, 1, 1, 14], ""acc"": -0.6, ""vel"": 25.98, ""pos"": 178.1, ""error"": 0.04325774999990273}], [{""pair"": [3, 14, 0, 1], ""acc"": -0.6, ""vel"": 28.22, ""pos"": 178.1, ""error"": 2.280257749999901}], [{""pair"": [3, 14, 2, 1], ""acc"": -0.6, ""vel"": 25.66, ""pos"": 178.1, ""error"": 0.363257749999903}], [{""pair"": [0, 1, 1, 14], ""acc"": -0.6, ""vel"": 28.54, ""pos"": 178.1, ""error"": 2.6002577499999013}], [{""pair"": [2, 1, 1, 14], ""acc"": -0.6, ""vel"": 25.98, ""pos"": 178.1, ""error"": 0.04325774999990273}]]"
-0.6000000000000001,25.96,178.60000000000002,-7.0,25.96,178.6,-0.6,25.96,178.6,3,"[{""pair"": [3, 8, 0, 13], ""acc"": -0.6, ""vel"": 25.96, ""pos"": 178.6, ""error"": 0.06822670000009978}]","[[{""pair"": [3, 8, 3, 13], ""acc"": -7.0, ""vel"": 25.96, ""pos"": 178.6, ""error"": 0.06822670000009978}], [{""pair"": [3, 8, 0, 13], ""acc"": -0.6, ""vel"": 25.96, ""pos"": 178.6, ""error"": 0.06822670000009978}], [{""pair"": [3, 8, 1, 13], ""acc"": -7.0, ""vel"": 26.12, ""pos"": 178.6, ""error"": 0.20862670000009587}], [{""pair"": [3, 13, 1, 8], ""acc"": -7.0, ""vel"": 25.96, ""pos"": 1817.0, ""error"": 1638.4682267}], [{""pair"": [3, 13, 2, 8], ""acc"": -7.0, ""vel"": 25.96, ""pos"": 178.6, ""error"": 0.06822670000009978}], [{""pair"": [1, 8, 0, 13], ""acc"": -0.6, ""vel"": 25.96, ""pos"": 1817.0, ""error"": 1638.4682267}], [{""pair"": [1, 8, 1, 13], ""acc"": -7.0, ""vel"": 26.12, ""pos"": 1817.0, ""error"": 1638.6086267}], [{""pair"": [2, 8, 0, 13], ""acc"": -0.6, ""vel"": 25.96, ""pos"": 178.6, ""error"": 0.06822670000009978}], [{""pair"": [2, 8, 1, 13], ""acc"": -7.0, ""vel"": 26.12, ""pos"": 178.6, ""error"": 0.20862670000009587}]]"
-0.7000000000000001,25.95,179.0,-0.8,25.95,179.1,-0.7,25.95,179.0,3,"[{""pair"": [0, 7, 2, 10], ""acc"": -0.7, ""vel"": 25.95, ""pos"": 179.0, ""error"": 0.01568319999905654}]","[[{""pair"": [3, 7, 3, 10], ""acc"": -0.8, ""vel"": 25.95, ""pos"": 179.1, ""error"": 0.08511680000098565}], [{""pair"": [3, 7, 0, 10], ""acc"": -1.6, ""vel"": 25.95, ""pos"": 179.1, ""error"": 0.08511680000098565}], [{""pair"": [3, 7, 1, 10], ""acc"": -0.8, ""vel"": 25.93, ""pos"": 179.1, ""error"": 0.10511680000098522}], [{""pair"": [3, 7, 2, 10], ""acc"": -0.8, ""vel"": 25.95, ""pos"": 179.0, ""error"": 0.01568319999905654}], [{""pair"": [3, 10, 0, 7], ""acc"": -0.7, ""vel"": 25.95, ""pos"": 179.1, ""error"": 0.08511680000098565}], [{""pair"": [3, 10, 1, 7], ""acc"": -0.8, ""vel"": 25.95, ""pos"": 998.3, ""error"": 819.285116800001}], [{""pair"": [0, 7, 0, 10], ""acc"": -1.5, ""vel"": 25.95, ""pos"": 179.1, ""error"": 0.08511680000098565}], [{""pair"": [0, 7, 1, 10], ""acc"": -0.7, ""vel"": 25.93, ""pos"": 179.1, ""error"": 0.10511680000098522}], [{""pair"": [0, 7, 2, 10], ""acc"": -0.7, ""vel"": 25.95, ""pos"": 179.0, ""error"": 0.01568319999905654}], [{""pair"": [1, 7, 0, 10], ""acc"": -1.6, ""vel"": 25.95, ""pos"": 998.3, ""error"": 819.285116800001}], [{""pair"": [1, 7, 1, 10], ""acc"": -0.8, ""vel"": 25.93, ""pos"": 998.3, ""error"": 819.305116800001}], [{""pair"": [1, 7, 2, 10], ""acc"": -0.8, ""vel"": 25.95, ""pos"": 998.2, ""error"": 819.1851168000011}]]"
-0.7000000000000001,25.93,179.4,-0.7,25.93,179.4,-0.7,25.93,179.4,3,"[{""pair"": [3, 4, 2, 0], ""acc"": -0.7, ""vel"": 25.93, ""pos"": 179.4, ""error"": 0.04914884999987024}]","[[{""pair"": [3, 4, 0, 0], ""acc"": -0.7, ""vel"": 27.21, ""pos"": 179.4, ""error"": 1.3129488499998665}], [{""pair"": [3, 4, 1, 0], ""acc"": -0.7, ""vel"": 25.93, ""pos"": 185.8, ""error"": 6.36705115000014}], [{""pair"": [3, 4, 2, 0], ""acc"": -0.7, ""vel"": 25.93, ""pos"": 179.4, ""error"": 0.04914884999987024}], [{""pair"": [0, 0, 0, 4], ""acc"": -0.7, ""vel"": 6.73, ""pos"": 179.4, ""error"": 19.24914884999987}], [{""pair"": [0, 0, 1, 4], ""acc"": -0.7, ""vel"": 27.21, ""pos"": 77.0, ""error"": 103.71294884999988}], [{""pair"": [1, 0, 0, 4], ""acc"": -0.7, ""vel"": 5.45, ""pos"": 185.8, ""error"": 26.84705115000014}], [{""pair"": [1, 0, 1, 4], ""acc"": -0.7, ""vel"": 25.93, ""pos"": 83.4, ""error"": 96.04914884999987}], [{""pair"": [2, 0, 0, 4], ""acc"": -0.7, ""vel"": 5.45, ""pos"": 179.4, ""error"": 20.52914884999987}], [{""pair"": [2, 0, 1, 4], ""acc"": -0.7, ""vel"": 25.93, ""pos"": 77.0, ""error"": 102.44914884999987}]]"
-0.7000000000000001,25.92,179.9,-0.7,25.94,179.9,-0.7,25.92,179.9,3,"[{""pair"": [3, 6, 1, 10], ""acc"": -0.7, ""vel"": 25.92, ""pos"": 179.9, ""error"": 0.061191150000119876}]","[[{""pair"": [3, 6, 3, 10], ""acc"": -0.7, ""vel"": 25.94, ""pos"": 179.9, ""error"": 0.08119115000011945}], [{""pair"": [3, 6, 0, 10], ""acc"": -1.5, ""vel"": 25.94, ""pos"": 179.9, ""error"": 0.08119115000011945}], [{""pair"": [3, 6, 1, 10], ""acc"": -0.7, ""vel"": 25.92, ""pos"": 179.9, ""error"": 0.061191150000119876}], [{""pair"": [3, 6, 2, 10], ""acc"": -0.7, ""vel"": 25.94, ""pos"": 179.8, ""error"": 0.06260884999987226}]]"
-0.7000000000000001,25.9,180.3,-0.7,20.79,180.3,-0.7,25.91,180.3,3,"[{""pair"": [3, 9, 0, 2], ""acc"": -0.7, ""vel"": 25.91, ""pos"": 180.3, ""error"": 0.01583040000051028}]","[[{""pair"": [3, 9, 0, 2], ""acc"": -0.7, ""vel"": 25.91, ""pos"": 180.3, ""error"": 0.01583040000051028}], [{""pair"": [0, 2, 1, 9], ""acc"": -0.7, ""vel"": 25.9, ""pos"": 180.3, ""error"": 0.023430400000489016}]]"
-0.7000000000000001,25.89,180.7,-13.5,26.21,180.7,-0.7,25.9,180.7,0,"[{""pair"": [0, 0, 0, 0], ""acc"": -0.7, ""vel"": 25.9, ""pos"": 180.7, ""error"": 0}]",[]
-0.7000000000000001,25.87,181.2,-0.7,107.79,181.2,-0.7,25.87,181.2,1,"[{""pair"": [3, 6, 0, 6], ""acc"": -0.7, ""vel"": 25.87, ""pos"": 181.2, ""error"": 0.07790115000011255}, {""pair"": [3, 6, 2, 6], ""acc"": -0.7, ""vel"": 107.79, ""pos"": 181.2, ""error"": 81.96170115000012}, {""pair"": [1, 7, 2, 8], ""acc"": -0.7, ""vel"": 107.79, ""pos"": 1000.4, ""error"": 901.1617011500002}]","[[{""pair"": [3, 6, 0, 6], ""acc"": -0.7, ""vel"": 25.87, ""pos"": 181.2, ""error"": 0.07790115000011255}], [{""pair"": [3, 6, 2, 6], ""acc"": -0.7, ""vel"": 107.79, ""pos"": 181.2, ""error"": 81.96170115000012}], [{""pair"": [1, 7, 2, 8], ""acc"": -0.7, ""vel"": 107.79, ""pos"": 1000.4, ""error"": 901.1617011500002}], [{""pair"": [0, 6, 2, 6], ""acc"": -0.7, ""vel"": 25.87, ""pos"": 181.2, ""error"": 0.07790115000011255}], [{""pair"": [2, 6, 0, 6], ""acc"": -0.7, ""vel"": 25.87, ""pos"": 181.2, ""error"": 0.07790115000011255}]]"
-0.7000000000000001,25.85,181.6,-0.7,26.09,181.6,-0.7,25.85,181.6,2,"[{""pair"": [1, 12, 1, 14], ""acc"": -0.7, ""vel"": 25.85, ""pos"": 181.6, ""error"": 0.022630400000487327}, {""pair"": [3, 12, 1, 13], ""acc"": -0.7, ""vel"": 25.93, ""pos"": 181.6, ""error"": 0.08503040000051243}, {""pair"": [0, 12, 1, 13], ""acc"": -3.9, ""vel"": 25.93, ""pos"": 181.6, ""error"": 0.08503040000051243}, {""pair"": [3, 12, 3, 13], ""acc"": -0.7, ""vel"": 26.09, ""pos"": 181.6, ""error"": 0.24503040000051257}, {""pair"": [3, 13, 0, 12], ""acc"": -3.9, ""vel"": 26.09, ""pos"": 181.6, ""error"": 0.24503040000051257}, {""pair"": [3, 12, 0, 13], ""acc"": -7.1, ""vel"": 26.09, ""pos"": 181.6, ""error"": 0.24503040000051257}, {""pair"": [2, 12, 1, 14], ""acc"": -0.7, ""vel"": 25.77, ""pos"": 182.0, ""error"": 0.4749695999994934}, {""pair"": [3, 12, 2, 13], ""acc"": -0.7, ""vel"": 26.09, ""pos"": 180.8, ""error"": 1.0450304000004955}, {""pair"": [0, 12, 2, 13], ""acc"": -3.9, ""vel"": 26.09, ""pos"": 180.8, ""error"": 1.0450304000004955}, {""pair"": [2, 12, 2, 14], ""acc"": -0.7, ""vel"": 26.09, ""pos"": 180.4, ""error"": 1.4450304000005012}, {""pair"": [1, 12, 2, 14], ""acc"": -0.7, ""vel"": 26.17, ""pos"": 180.0, ""error"": 1.9250304000005087}]","[[{""pair"": [3, 12, 3, 13], ""acc"": -0.7, ""vel"": 26.09, ""pos"": 181.6, ""error"": 0.24503040000051257}, {""pair"": [3, 12, 3, 13], ""acc"": -0.7, ""vel"": 26.09, ""pos"": 181.6, ""error"": 83.01335040000208}, {""pair"": [3, 12, 3, 13], ""acc"": -0.7, ""vel"": 26.09, ""pos"": 181.6, ""error"": 902.213350400002}], [{""pair"": [3, 12, 0, 13], ""acc"": -7.1, ""vel"": 26.09, ""pos"": 181.6, ""error"": 0.24503040000051257}, {""pair"": [3, 12, 0, 13], ""acc"": -7.1, ""vel"": 26.09, ""pos"": 181.6, ""error"": 83.01335040000208}, {""pair"": [3, 12, 0, 13], ""acc"": -7.1, ""vel"": 26.09, ""pos"": 181.6, ""error"": 902.213350400002}], [{""pair"": [3, 12, 1, 13], ""acc"": -0.7, ""vel"": 25.93, ""pos"": 181.6, ""error"": 0.08503040000051243}, {""pair"": [3, 12, 1, 13], ""acc"": -0.7, ""vel"": 25.93, ""pos"": 181.6, ""error"": 83.17335040000208}, {""pair"": [3, 12, 1, 13], ""acc"": -0.7, ""vel"": 25.93, ""pos"": 181.6, ""error"": 902.373350400002}], [{""pair"": [3, 12, 2, 13], ""acc"": -0.7, ""vel"": 26.09, ""pos"": 180.8, ""error"": 1.0450304000004955}, {""pair"": [3, 12, 2, 13], ""acc"": -0.7, ""vel"": 26.09, ""pos"": 180.8, ""error"": 83.81335040000207}, {""pair"": [3, 12, 2, 13], ""acc"": -0.7, ""vel"": 26.09, ""pos"": 180.8, ""error"": 903.013350400002}], [{""pair"": [3, 13, 0, 12], ""acc"": -3.9, ""vel"": 26.09, ""pos"": 181.6, ""error"": 0.24503040000051257}, {""pair"": [3, 13, 0, 12], ""acc"": -3.9, ""vel"": 26.09, ""pos"": 181.6, ""error"": 83.01335040000208}, {""pair"": [3, 13, 0, 12], ""acc"": -3.9, ""vel"": 26.09, ""pos"": 181.6, ""error"": 902.213350400002}], [{""pair"": [1, 12, 0, 14], ""acc"": -13.5, ""vel"": 26.17, ""pos"": 181.6, ""error"": 0.3250304000005144}, {""pair"": [1, 12, 0, 14], ""acc"": -13.5, ""vel"": 26.17, ""pos"": 181.6, ""error"": 82.93335040000208}, {""pair"": [1, 12, 0, 14], ""acc"": -13.5, ""vel"": 26.17, ""pos"": 181.6, ""error"": 902.133350400002}], [{""pair"": [1, 12, 1, 14], ""acc"": -0.7, ""vel"": 25.85, ""pos"": 181.6, ""error"": 0.022630400000487327}, {""pair"": [1, 12, 1, 14], ""acc"": -0.7, ""vel"": 25.85, ""pos"": 181.6, ""error"": 83.25335040000209}, {""pair"": [1, 12, 1, 14], ""acc"": -0.7, ""vel"": 25.85, ""pos"": 181.6, ""error"": 902.453350400002}], [{""pair"": [1, 12, 2, 14], ""acc"": -0.7, ""vel"": 26.17, ""pos"": 180.0, ""error"": 1.9250304000005087}, {""pair"": [1, 12, 2, 14], ""acc"": -0.7, ""vel"": 26.17, ""pos"": 180.0, ""error"": 84.53335040000208}, {""pair"": [1, 12, 2, 14], ""acc"": -0.7, ""vel"": 26.17, ""pos"": 180.0, ""error"": 903.733350400002}], [{""pair"": [2, 12, 0, 14], ""acc"": -13.5, ""vel"": 26.09, ""pos"": 182.0, ""error"": 0.6173695999995168}, {""pair"": [2, 12, 0, 14], ""acc"": -13.5, ""vel"": 26.09, ""pos"": 182.0, ""error"": 82.61335040000208}, {""pair"": [2, 12, 0, 14], ""acc"": -13.5, ""vel"": 26.09, ""pos"": 182.0, ""error"": 901.813350400002}], [{""pair"": [2, 12, 1, 14], ""acc"": -0.7, ""vel"": 25.77, ""pos"": 182.0, ""error"": 0.4749695999994934}, {""pair"": [2, 12, 1, 14], ""acc"": -0.7, ""vel"": 25.77, ""pos"": 182.0, ""error"": 82.93335040000208}, {""pair"": [2, 12, 1, 14], ""acc"": -0.7, ""vel"": 25.77, ""pos"": 182.0, ""error"": 902.133350400002}], [{""pair"": [2, 12, 2, 14], ""acc"": -0.7, ""vel"": 26.09, ""pos"": 180.4, ""error"": 1.4450304000005012}, {""pair"": [2, 12, 2, 14], ""acc"": -0.7, ""vel"": 26.09, ""pos"": 180.4, ""error"": 84.21335040000207}, {""pair"": [2, 12, 2, 14], ""acc"": -0.7, ""vel"": 26.09, ""pos"": 180.4, ""error"": 903.4133504000021}], [{""pair"": [0, 12, 0, 13], ""acc"": -10.3, ""vel"": 26.09, ""pos"": 181.6, ""error"": 0.24503040000051257}, {""pair"": [0, 12, 0, 13], ""acc"": -10.3, ""vel"": 26.09, ""pos"": 181.6, ""error"": 83.01335040000208}, {""pair"": [0, 12, 0, 13], ""acc"": -10.3, ""vel"": 26.09, ""pos"": 181.6, ""error"": 902.213350400002}], [{""pair"": [0, 12, 1, 13], ""acc"": -3.9, ""vel"": 25.93, ""pos"": 181.6, ""error"": 0.08503040000051243}, {""pair"": [0, 12, 1, 13], ""acc"": -3.9, ""vel"": 25.93, ""pos"": 181.6, ""error"": 83.17335040000208}, {""pair"": [0, 12, 1, 13], ""acc"": -3.9, ""vel"": 25.93, ""pos"": 181.6, ""error"": 902.373350400002}], [{""pair"": [0, 12, 2, 13], ""acc"": -3.9, ""vel"": 26.09, ""pos"": 180.8, ""error"": 1.0450304000004955}, {""pair"": [0, 12, 2, 13], ""acc"": -3.9, ""vel"": 26.09, ""pos"": 180.8, ""error"": 83.81335040000207}, {""pair"": [0, 12, 2, 13], ""acc"": -3.9, ""vel"": 26.09, ""pos"": 180.8, ""error"": 903.013350400002}]]"
-0.7000000000000001,25.84,182.0,-2.3,25.84,182.0,-0.7,25.84,182.0,3,"[{""pair"": [2, 7, 0, 11], ""acc"": -0.7, ""vel"": 25.84, ""pos"": 182.0, ""error"": 0.04124884999986378}]","[[{""pair"": [3, 11, 1, 7], ""acc"": -2.3, ""vel"": 25.84, ""pos"": 1001.2, ""error"": 819.1625511500001}, {""pair"": [3, 11, 1, 7], ""acc"": -2.3, ""vel"": 25.84, ""pos"": 1001.2, ""error"": 819.2373911500001}, {""pair"": [3, 11, 1, 7], ""acc"": -2.3, ""vel"": 25.84, ""pos"": 1001.2, ""error"": 819.1834535500002}, {""pair"": [3, 11, 1, 7], ""acc"": -2.3, ""vel"": 25.84, ""pos"": 1001.2, ""error"": 819.3946711500002}, {""pair"": [3, 11, 1, 7], ""acc"": -2.3, ""vel"": 25.84, ""pos"": 1001.2, ""error"": 819.3407335500002}, {""pair"": [3, 11, 1, 7], ""acc"": -2.3, ""vel"": 25.84, ""pos"": 1001.2, ""error"": 819.2867959500002}, {""pair"": [3, 11, 1, 7], ""acc"": -2.3, ""vel"": 25.84, ""pos"": 1001.2, ""error"": 818.8439111500002}, {""pair"": [3, 11, 1, 7], ""acc"": -2.3, ""vel"": 25.84, ""pos"": 1001.2, ""error"": 820.1946711500002}, {""pair"": [3, 11, 1, 7], ""acc"": -2.3, ""vel"": 25.84, ""pos"": 1001.2, ""error"": 820.1407335500002}, {""pair"": [3, 11, 1, 7], ""acc"": -2.3, ""vel"": 25.84, ""pos"": 1001.2, ""error"": 820.5946711500002}, {""pair"": [3, 11, 1, 7], ""acc"": -2.3, ""vel"": 25.84, ""pos"": 1001.2, ""error"": 821.0733111500001}], [{""pair"": [3, 11, 2, 7], ""acc"": -2.3, ""vel"": 25.84, ""pos"": 182.0, ""error"": 0.04124884999986378}, {""pair"": [3, 11, 2, 7], ""acc"": -2.3, ""vel"": 25.84, ""pos"": 182.0, ""error"": 0.11880884999987629}, {""pair"": [3, 11, 2, 7], ""acc"": -2.3, ""vel"": 25.84, ""pos"": 182.0, ""error"": 0.06394644999988586}, {""pair"": [3, 11, 2, 7], ""acc"": -2.3, ""vel"": 25.84, ""pos"": 182.0, ""error"": 0.28152884999988714}, {""pair"": [3, 11, 2, 7], ""acc"": -2.3, ""vel"": 25.84, ""pos"": 182.0, ""error"": 0.2266664499998967}, {""pair"": [3, 11, 2, 7], ""acc"": -2.3, ""vel"": 25.84, ""pos"": 182.0, ""error"": 0.17180404999990628}, {""pair"": [3, 11, 2, 7], ""acc"": -2.3, ""vel"": 25.84, ""pos"": 182.0, ""error"": 0.5198888499998944}, {""pair"": [3, 11, 2, 7], ""acc"": -2.3, ""vel"": 25.84, ""pos"": 182.0, ""error"": 0.9946711500001015}, {""pair"": [3, 11, 2, 7], ""acc"": -2.3, ""vel"": 25.84, ""pos"": 182.0, ""error"": 0.9407335500001182}, {""pair"": [3, 11, 2, 7], ""acc"": -2.3, ""vel"": 25.84, ""pos"": 182.0, ""error"": 1.3946711500001072}, {""pair"": [3, 11, 2, 7], ""acc"": -2.3, ""vel"": 25.84, ""pos"": 182.0, ""error"": 1.8733111500001094}], [{""pair"": [1, 7, 0, 11], ""acc"": -0.7, ""vel"": 25.84, ""pos"": 1001.2, ""error"": 819.1625511500001}, {""pair"": [1, 7, 0, 11], ""acc"": -0.7, ""vel"": 25.84, ""pos"": 1001.2, ""error"": 819.2373911500001}, {""pair"": [1, 7, 0, 11], ""acc"": -0.7, ""vel"": 25.84, ""pos"": 1001.2, ""error"": 819.1834535500002}, {""pair"": [1, 7, 0, 11], ""acc"": -0.7, ""vel"": 25.84, ""pos"": 1001.2, ""error"": 819.3946711500002}, {""pair"": [1, 7, 0, 11], ""acc"": -0.7, ""vel"": 25.84, ""pos"": 1001.2, ""error"": 819.3407335500002}, {""pair"": [1, 7, 0, 11], ""acc"": -0.7, ""vel"": 25.84, ""pos"": 1001.2, ""error"": 819.2867959500002}, {""pair"": [1, 7, 0, 11], ""acc"": -0.7, ""vel"": 25.84, ""pos"": 1001.2, ""error"": 818.8439111500002}, {""pair"": [1, 7, 0, 11], ""acc"": -0.7, ""vel"": 25.84, ""pos"": 1001.2, ""error"": 820.1946711500002}, {""pair"": [1, 7, 0, 11], ""acc"": -0.7, ""vel"": 25.84, ""pos"": 1001.2, ""error"": 820.1407335500002}, {""pair"": [1, 7, 0, 11], ""acc"": -0.7, ""vel"": 25.84, ""pos"": 1001.2, ""error"": 820.5946711500002}, {""pair"": [1, 7, 0, 11], ""acc"": -0.7, ""vel"": 25.84, ""pos"": 1001.2, ""error"": 821.0733111500001}], [{""pair"": [1, 7, 1, 11], ""acc"": -2.3, ""vel"": 25.88, ""pos"": 1001.2, ""error"": 819.2025511500001}, {""pair"": [1, 7, 1, 11], ""acc"": -2.3, ""vel"": 25.88, ""pos"": 1001.2, ""error"": 819.1973911500002}, {""pair"": [1, 7, 1, 11], ""acc"": -2.3, ""vel"": 25.88, ""pos"": 1001.2, ""error"": 819.1760535500002}, {""pair"": [1, 7, 1, 11], ""acc"": -2.3, ""vel"": 25.88, ""pos"": 1001.2, ""error"": 819.3546711500002}, {""pair"": [1, 7, 1, 11], ""acc"": -2.3, ""vel"": 25.88, ""pos"": 1001.2, ""error"": 819.3007335500001}, {""pair"": [1, 7, 1, 11], ""acc"": -2.3, ""vel"": 25.88, ""pos"": 1001.2, ""error"": 819.2467959500001}, {""pair"": [1, 7, 1, 11], ""acc"": -2.3, ""vel"": 25.88, ""pos"": 1001.2, ""error"": 818.8839111500001}, {""pair"": [1, 7, 1, 11], ""acc"": -2.3, ""vel"": 25.88, ""pos"": 1001.2, ""error"": 820.1546711500001}, {""pair"": [1, 7, 1, 11], ""acc"": -2.3, ""vel"": 25.88, ""pos"": 1001.2, ""error"": 820.1007335500001}, {""pair"": [1, 7, 1, 11], ""acc"": -2.3, ""vel"": 25.88, ""pos"": 1001.2, ""error"": 820.5546711500001}, {""pair"": [1, 7, 1, 11], ""acc"": -2.3, ""vel"": 25.88, ""pos"": 1001.2, ""error"": 821.0333111500001}], [{""pair"": [1, 7, 2, 11], ""acc"": -2.3, ""vel"": 25.84, ""pos"": 1001.4, ""error"": 819.3625511500001}, {""pair"": [1, 7, 2, 11], ""acc"": -2.3, ""vel"": 25.84, ""pos"": 1001.4, ""error"": 819.43739115}, {""pair"": [1, 7, 2, 11], ""acc"": -2.3, ""vel"": 25.84, ""pos"": 1001.4, ""error"": 819.38345355}, {""pair"": [1, 7, 2, 11], ""acc"": -2.3, ""vel"": 25.84, ""pos"": 1001.4, ""error"": 819.5946711500001}, {""pair"": [1, 7, 2, 11], ""acc"": -2.3, ""vel"": 25.84, ""pos"": 1001.4, ""error"": 819.5407335500001}, {""pair"": [1, 7, 2, 11], ""acc"": -2.3, ""vel"": 25.84, ""pos"": 1001.4, ""error"": 819.4867959500002}, {""pair"": [1, 7, 2, 11], ""acc"": -2.3, ""vel"": 25.84, ""pos"": 1001.4, ""error"": 819.0439111500001}, {""pair"": [1, 7, 2, 11], ""acc"": -2.3, ""vel"": 25.84, ""pos"": 1001.4, ""error"": 820.3946711500001}, {""pair"": [1, 7, 2, 11], ""acc"": -2.3, ""vel"": 25.84, ""pos"": 1001.4, ""error"": 820.3407335500001}, {""pair"": [1, 7, 2, 11], ""acc"": -2.3, ""vel"": 25.84, ""pos"": 1001.4, ""error"": 820.7946711500001}, {""pair"": [1, 7, 2, 11], ""acc"": -2.3, ""vel"": 25.84, ""pos"": 1001.4, ""error"": 821.27331115}], [{""pair"": [2, 7, 0, 11], ""acc"": -0.7, ""vel"": 25.84, ""pos"": 182.0, ""error"": 0.04124884999986378}, {""pair"": [2, 7, 0, 11], ""acc"": -0.7, ""vel"": 25.84, ""pos"": 182.0, ""error"": 0.11880884999987629}, {""pair"": [2, 7, 0, 11], ""acc"": -0.7, ""vel"": 25.84, ""pos"": 182.0, ""error"": 0.06394644999988586}, {""pair"": [2, 7, 0, 11], ""acc"": -0.7, ""vel"": 25.84, ""pos"": 182.0, ""error"": 0.28152884999988714}, {""pair"": [2, 7, 0, 11], ""acc"": -0.7, ""vel"": 25.84, ""pos"": 182.0, ""error"": 0.2266664499998967}, {""pair"": [2, 7, 0, 11], ""acc"": -0.7, ""vel"": 25.84, ""pos"": 182.0, ""error"": 0.17180404999990628}, {""pair"": [2, 7, 0, 11], ""acc"": -0.7, ""vel"": 25.84, ""pos"": 182.0, ""error"": 0.5198888499998944}, {""pair"": [2, 7, 0, 11], ""acc"": -0.7, ""vel"": 25.84, ""pos"": 182.0, ""error"": 0.9946711500001015}, {""pair"": [2, 7, 0, 11], ""acc"": -0.7, ""vel"": 25.84, ""pos"": 182.0, ""error"": 0.9407335500001182}, {""pair"": [2, 7, 0, 11], ""acc"": -0.7, ""vel"": 25.84, ""pos"": 182.0, ""error"": 1.3946711500001072}, {""pair"": [2, 7, 0, 11], ""acc"": -0.7, ""vel"": 25.84, ""pos"": 182.0, ""error"": 1.8733111500001094}], [{""pair"": [2, 7, 1, 11], ""acc"": -2.3, ""vel"": 25.88, ""pos"": 182.0, ""error"": 0.08124884999986293}, {""pair"": [2, 7, 1, 11], ""acc"": -2.3, ""vel"": 25.88, ""pos"": 182.0, ""error"": 0.07880884999987714}, {""pair"": [2, 7, 1, 11], ""acc"": -2.3, ""vel"": 25.88, ""pos"": 182.0, ""error"": 0.056546449999853365}, {""pair"": [2, 7, 1, 11], ""acc"": -2.3, ""vel"": 25.88, ""pos"": 182.0, ""error"": 0.241528849999888}, {""pair"": [2, 7, 1, 11], ""acc"": -2.3, ""vel"": 25.88, ""pos"": 182.0, ""error"": 0.18666644999989757}, {""pair"": [2, 7, 1, 11], ""acc"": -2.3, ""vel"": 25.88, ""pos"": 182.0, ""error"": 0.13180404999990714}, {""pair"": [2, 7, 1, 11], ""acc"": -2.3, ""vel"": 25.88, ""pos"": 182.0, ""error"": 0.5598888499998935}, {""pair"": [2, 7, 1, 11], ""acc"": -2.3, ""vel"": 25.88, ""pos"": 182.0, ""error"": 0.9546711500001024}, {""pair"": [2, 7, 1, 11], ""acc"": -2.3, ""vel"": 25.88, ""pos"": 182.0, ""error"": 0.900733550000119}, {""pair"": [2, 7, 1, 11], ""acc"": -2.3, ""vel"": 25.88, ""pos"": 182.0, ""error"": 1.354671150000108}, {""pair"": [2, 7, 1, 11], ""acc"": -2.3, ""vel"": 25.88, ""pos"": 182.0, ""error"": 1.8333111500001102}], [{""pair"": [2, 7, 2, 11], ""acc"": -2.3, ""vel"": 25.84, ""pos"": 182.2, ""error"": 0.162551150000116}, {""pair"": [2, 7, 2, 11], ""acc"": -2.3, ""vel"": 25.84, ""pos"": 182.2, ""error"": 0.2373911500001178}, {""pair"": [2, 7, 2, 11], ""acc"": -2.3, ""vel"": 25.84, ""pos"": 182.2, ""error"": 0.1834535500001344}, {""pair"": [2, 7, 2, 11], ""acc"": -2.3, ""vel"": 25.84, ""pos"": 182.2, ""error"": 0.3946711500001072}, {""pair"": [2, 7, 2, 11], ""acc"": -2.3, ""vel"": 25.84, ""pos"": 182.2, ""error"": 0.34073355000012384}, {""pair"": [2, 7, 2, 11], ""acc"": -2.3, ""vel"": 25.84, ""pos"": 182.2, ""error"": 0.28679595000014046}, {""pair"": [2, 7, 2, 11], ""acc"": -2.3, ""vel"": 25.84, ""pos"": 182.2, ""error"": 0.31988884999990574}, {""pair"": [2, 7, 2, 11], ""acc"": -2.3, ""vel"": 25.84, ""pos"": 182.2, ""error"": 1.1946711500000902}, {""pair"": [2, 7, 2, 11], ""acc"": -2.3, ""vel"": 25.84, ""pos"": 182.2, ""error"": 1.1407335500001068}, {""pair"": [2, 7, 2, 11], ""acc"": -2.3, ""vel"": 25.84, ""pos"": 182.2, ""error"": 1.5946711500000958}, {""pair"": [2, 7, 2, 11], ""acc"": -2.3, ""vel"": 25.84, ""pos"": 182.2, ""error"": 2.073311150000098}]]"
-0.7000000000000001,25.82,182.4,-0.7,25.82,183.2,-0.7,25.82,182.4,3,"[{""pair"": [3, 5, 2, 13], ""acc"": -0.7, ""vel"": 25.82, ""pos"": 182.4, ""error"": 0.04727884999987353}]","[[{""pair"": [3, 5, 0, 13], ""acc"": -7.1, ""vel"": 25.82, ""pos"": 183.2, ""error"": 0.7689211500001143}], [{""pair"": [3, 5, 1, 13], ""acc"": -0.7, ""vel"": 25.66, ""pos"": 183.2, ""error"": 0.9289211500001144}], [{""pair"": [3, 5, 2, 13], ""acc"": -0.7, ""vel"": 25.82, ""pos"": 182.4, ""error"": 0.04727884999987353}], [{""pair"": [2, 5, 0, 13], ""acc"": -7.1, ""vel"": 25.82, ""pos"": 183.2, ""error"": 0.7689211500001143}], [{""pair"": [2, 5, 1, 13], ""acc"": -0.7, ""vel"": 25.66, ""pos"": 183.2, ""error"": 0.9289211500001144}], [{""pair"": [2, 5, 2, 13], ""acc"": -0.7, ""vel"": 25.82, ""pos"": 182.4, ""error"": 0.04727884999987353}]]"
-0.7000000000000001,25.8,182.9,-0.7,25.8,182.9,-0.7,25.8,182.9,3,"[{""pair"": [3, 12, 2, 3], ""acc"": -0.7, ""vel"": 25.8, ""pos"": 182.9, ""error"": 0.09576959999947832}]","[[{""pair"": [3, 12, 0, 3], ""acc"": -0.7, ""vel"": 36.04, ""pos"": 182.9, ""error"": 10.318169599999504}], [{""pair"": [3, 12, 2, 3], ""acc"": -0.7, ""vel"": 25.8, ""pos"": 182.9, ""error"": 0.09576959999947832}], [{""pair"": [0, 3, 0, 12], ""acc"": -3.9, ""vel"": 36.04, ""pos"": 182.9, ""error"": 10.318169599999504}], [{""pair"": [0, 3, 2, 12], ""acc"": -0.7, ""vel"": 36.04, ""pos"": 182.5, ""error"": 10.544230400000526}], [{""pair"": [2, 3, 0, 12], ""acc"": -3.9, ""vel"": 25.8, ""pos"": 182.9, ""error"": 0.09576959999947832}], [{""pair"": [2, 3, 2, 12], ""acc"": -0.7, ""vel"": 25.8, ""pos"": 182.5, ""error"": 0.32183040000050056}]]"
-0.7000000000000001,25.79,183.3,-0.7,66.75,183.3,-0.7,25.79,183.3,3,"[{""pair"": [3, 8, 0, 5], ""acc"": -0.7, ""vel"": 25.79, ""pos"": 183.3, ""error"": 0.040398849999878195}]","[[{""pair"": [3, 5, 3, 8], ""acc"": -0.7, ""vel"": 66.75, ""pos"": 183.3, ""error"": 41.00039884999988}], [{""pair"": [3, 5, 2, 8], ""acc"": -0.7, ""vel"": 66.75, ""pos"": 183.3, ""error"": 41.00039884999988}], [{""pair"": [3, 8, 0, 5], ""acc"": -0.7, ""vel"": 25.79, ""pos"": 183.3, ""error"": 0.040398849999878195}], [{""pair"": [0, 5, 2, 8], ""acc"": -0.7, ""vel"": 25.79, ""pos"": 183.3, ""error"": 0.040398849999878195}]]"
-0.7000000000000001,25.77,183.7,-0.7,27.05,183.7,-0.7,25.77,183.7,3,"[{""pair"": [3, 14, 0, 0], ""acc"": -0.7, ""vel"": 25.77, ""pos"": 183.7, ""error"": 0.046428849999916366}]","[[{""pair"": [3, 0, 3, 14], ""acc"": -0.7, ""vel"": 27.05, ""pos"": 183.7, ""error"": 1.3102288499999126}], [{""pair"": [0, 15, 0, 14], ""acc"": 12.1, ""vel"": 27.05, ""pos"": 183.7, ""error"": 1.3102288499999126}], [{""pair"": [2, 15, 0, 14], ""acc"": -13.5, ""vel"": 27.05, ""pos"": 180.5, ""error"": 4.510228849999901}], [{""pair"": [3, 0, 1, 14], ""acc"": -0.7, ""vel"": 27.37, ""pos"": 183.7, ""error"": 1.630228849999913}], [{""pair"": [3, 0, 2, 14], ""acc"": -0.7, ""vel"": 27.05, ""pos"": 185.3, ""error"": 2.8335711500001075}], [{""pair"": [3, 14, 0, 0], ""acc"": -0.7, ""vel"": 25.77, ""pos"": 183.7, ""error"": 0.046428849999916366}], [{""pair"": [3, 14, 2, 0], ""acc"": -0.7, ""vel"": 27.05, ""pos"": 183.7, ""error"": 1.3102288499999126}], [{""pair"": [0, 0, 1, 14], ""acc"": -0.7, ""vel"": 26.09, ""pos"": 183.7, ""error"": 0.3502288499999118}], [{""pair"": [0, 0, 2, 14], ""acc"": -0.7, ""vel"": 25.77, ""pos"": 185.3, ""error"": 1.5697711500001112}], [{""pair"": [2, 0, 1, 14], ""acc"": -0.7, ""vel"": 27.37, ""pos"": 183.7, ""error"": 1.630228849999913}], [{""pair"": [2, 0, 2, 14], ""acc"": -0.7, ""vel"": 27.05, ""pos"": 185.3, ""error"": 2.8335711500001075}]]"
-0.7000000000000001,25.75,184.2,-0.7,25.75,184.2,-0.7,25.75,184.2,3,"[{""pair"": [3, 4, 2, 7], ""acc"": -0.7, ""vel"": 25.75, ""pos"": 184.2, ""error"": 0.09656959999947645}]","[[{""pair"": [3, 4, 1, 7], ""acc"": -0.7, ""vel"": 25.75, ""pos"": 1003.4, ""error"": 819.2965695999994}], [{""pair"": [3, 4, 2, 7], ""acc"": -0.7, ""vel"": 25.75, ""pos"": 184.2, ""error"": 0.09656959999947645}]]"
-0.7000000000000001,25.74,184.6,-1.5,25.75,184.6,-0.7,25.74,184.6,3,"[{""pair"": [1, 9, 0, 10], ""acc"": -0.7, ""vel"": 25.74, ""pos"": 184.6, ""error"": 0.03954884999986419}]","[[{""pair"": [3, 9, 0, 10], ""acc"": -0.7, ""vel"": 25.75, ""pos"": 184.6, ""error"": 0.04954884999986575}], [{""pair"": [3, 9, 2, 10], ""acc"": -1.5, ""vel"": 25.75, ""pos"": 184.7, ""error"": 0.07425115000012283}], [{""pair"": [3, 8, 0, 8], ""acc"": -1.3, ""vel"": 25.75, ""pos"": 184.6, ""error"": 0.04954884999986575}], [{""pair"": [3, 8, 1, 8], ""acc"": -1.5, ""vel"": 25.75, ""pos"": 1823.0, ""error"": 1638.3742511500002}], [{""pair"": [0, 8, 1, 8], ""acc"": -1.3, ""vel"": 25.75, ""pos"": 1823.0, ""error"": 1638.3742511500002}], [{""pair"": [1, 8, 0, 8], ""acc"": -1.3, ""vel"": 25.75, ""pos"": 1823.0, ""error"": 1638.3742511500002}], [{""pair"": [1, 9, 0, 10], ""acc"": -0.7, ""vel"": 25.74, ""pos"": 184.6, ""error"": 0.03954884999986419}], [{""pair"": [1, 9, 2, 10], ""acc"": -1.5, ""vel"": 25.74, ""pos"": 184.7, ""error"": 0.06425115000012127}]]"
-0.7000000000000001,25.72,185.0,-1.5,25.72,185.0,-0.7,25.72,185.0,3,"[{""pair"": [3, 4, 0, 10], ""acc"": -0.7, ""vel"": 25.72, ""pos"": 185.0, ""error"": 0.04557884999987394}]","[[{""pair"": [3, 4, 3, 10], ""acc"": -1.5, ""vel"": 25.72, ""pos"": 185.0, ""error"": 0.04557884999987394}], [{""pair"": [3, 4, 0, 10], ""acc"": -0.7, ""vel"": 25.72, ""pos"": 185.0, ""error"": 0.04557884999987394}], [{""pair"": [3, 4, 1, 10], ""acc"": -1.5, ""vel"": 25.74, ""pos"": 185.0, ""error"": 0.049378849999868635}], [{""pair"": [3, 4, 2, 10], ""acc"": -1.5, ""vel"": 25.72, ""pos"": 185.1, ""error"": 0.07062115000012525}]]"
-0.7000000000000001,25.7,185.5,-0.7,25.7,183.9,-0.7,25.7,185.5,3,"[{""pair"": [2, 1, 2, 14], ""acc"": -0.7, ""vel"": 25.7, ""pos"": 185.5, ""error"": 0.0973696000009916}]","[[{""pair"": [3, 14, 0, 1], ""acc"": -0.7, ""vel"": 28.26, ""pos"": 183.9, ""error"": 4.062630399999005}], [{""pair"": [3, 14, 1, 1], ""acc"": -0.7, ""vel"": 25.7, ""pos"": 196.7, ""error"": 11.29736960000098}], [{""pair"": [3, 14, 2, 1], ""acc"": -0.7, ""vel"": 25.7, ""pos"": 183.9, ""error"": 1.520230399999054}], [{""pair"": [0, 1, 1, 14], ""acc"": -0.7, ""vel"": 28.58, ""pos"": 183.9, ""error"": 4.382630399999002}], [{""pair"": [0, 1, 2, 14], ""acc"": -0.7, ""vel"": 28.26, ""pos"": 185.5, ""error"": 2.6397696000009425}], [{""pair"": [1, 1, 1, 14], ""acc"": -0.7, ""vel"": 26.02, ""pos"": 196.7, ""error"": 11.59976960000093}], [{""pair"": [1, 1, 2, 14], ""acc"": -0.7, ""vel"": 25.7, ""pos"": 198.3, ""error"": 12.897369600001003}], [{""pair"": [2, 1, 1, 14], ""acc"": -0.7, ""vel"": 26.02, ""pos"": 183.9, ""error"": 1.822630399999003}], [{""pair"": [2, 1, 2, 14], ""acc"": -0.7, ""vel"": 25.7, ""pos"": 185.5, ""error"": 0.0973696000009916}]]"
-0.7000000000000001,25.68,185.9,-0.7,21.84,185.9,-0.7,25.68,185.9,3,"[{""pair"": [0, 0, 0, 2], ""acc"": -0.7, ""vel"": 25.68, ""pos"": 185.9, ""error"": 0.04489884999988547}]","[[{""pair"": [3, 0, 0, 1], ""acc"": -0.7, ""vel"": 24.4, ""pos"": 185.9, ""error"": 1.3248988499998866}], [{""pair"": [3, 0, 1, 1], ""acc"": -0.7, ""vel"": 21.84, ""pos"": 198.7, ""error"": 16.611301150000102}], [{""pair"": [3, 0, 2, 1], ""acc"": -0.7, ""vel"": 21.84, ""pos"": 185.9, ""error"": 3.8848988499998853}], [{""pair"": [3, 2, 0, 0], ""acc"": -0.7, ""vel"": 20.56, ""pos"": 185.9, ""error"": 5.1648988499998865}], [{""pair"": [3, 2, 1, 0], ""acc"": -0.7, ""vel"": 21.84, ""pos"": 179.5, ""error"": 10.284898849999891}], [{""pair"": [0, 0, 0, 2], ""acc"": -0.7, ""vel"": 25.68, ""pos"": 185.9, ""error"": 0.04489884999988547}], [{""pair"": [1, 0, 0, 2], ""acc"": -0.7, ""vel"": 26.96, ""pos"": 179.5, ""error"": 7.708698849999887}], [{""pair"": [2, 0, 0, 1], ""acc"": -0.7, ""vel"": 24.4, ""pos"": 185.9, ""error"": 1.3248988499998866}], [{""pair"": [2, 0, 1, 1], ""acc"": -0.7, ""vel"": 21.84, ""pos"": 198.7, ""error"": 16.611301150000102}], [{""pair"": [2, 0, 2, 1], ""acc"": -0.7, ""vel"": 21.84, ""pos"": 185.9, ""error"": 3.8848988499998853}]]"
-0.7000000000000001,25.67,186.3,-0.7,25.67,186.3,-0.7,25.67,186.3,3,"[{""pair"": [3, 2, 3, 5], ""acc"": -0.7, ""vel"": 25.67, ""pos"": 186.3, ""error"": 0.03835884999988792}]","[[{""pair"": [3, 2, 3, 5], ""acc"": -0.7, ""vel"": 25.67, ""pos"": 186.3, ""error"": 0.03835884999988792}], [{""pair"": [3, 2, 2, 5], ""acc"": -0.7, ""vel"": 25.67, ""pos"": 186.3, ""error"": 0.03835884999988792}], [{""pair"": [3, 5, 0, 2], ""acc"": -0.7, ""vel"": 20.55, ""pos"": 186.3, ""error"": 5.154558849999891}], [{""pair"": [3, 5, 1, 2], ""acc"": -0.7, ""vel"": 25.67, ""pos"": 160.7, ""error"": 25.63835884999991}], [{""pair"": [3, 5, 2, 2], ""acc"": -0.7, ""vel"": 25.67, ""pos"": 186.3, ""error"": 0.03835884999988792}], [{""pair"": [0, 2, 2, 5], ""acc"": -0.7, ""vel"": 20.55, ""pos"": 186.3, ""error"": 5.154558849999891}], [{""pair"": [1, 2, 2, 5], ""acc"": -0.7, ""vel"": 25.67, ""pos"": 160.7, ""error"": 25.63835884999991}], [{""pair"": [2, 2, 2, 5], ""acc"": -0.7, ""vel"": 25.67, ""pos"": 186.3, ""error"": 0.03835884999988792}]]"
-0.7000000000000001,25.65,186.7,-0.7,25.65,186.6,-0.7,25.65,186.7,3,"[{""pair"": [3, 8, 2, 10], ""acc"": -0.7, ""vel"": 25.65, ""pos"": 186.7, ""error"": 0.01943040000052676}]","[[{""pair"": [3, 8, 1, 10], ""acc"": -0.7, ""vel"": 25.67, ""pos"": 186.6, ""error"": 0.1218304000005439}], [{""pair"": [3, 8, 2, 10], ""acc"": -0.7, ""vel"": 25.65, ""pos"": 186.7, ""error"": 0.01943040000052676}], [{""pair"": [0, 8, 1, 10], ""acc"": -0.5, ""vel"": 25.67, ""pos"": 186.6, ""error"": 0.1218304000005439}], [{""pair"": [0, 8, 2, 10], ""acc"": -0.5, ""vel"": 25.65, ""pos"": 186.7, ""error"": 0.01943040000052676}], [{""pair"": [1, 8, 1, 10], ""acc"": -0.7, ""vel"": 25.67, ""pos"": 1825.0, ""error"": 1638.3005695999993}], [{""pair"": [1, 8, 2, 10], ""acc"": -0.7, ""vel"": 25.65, ""pos"": 1825.1, ""error"": 1638.3981695999994}], [{""pair"": [2, 8, 1, 10], ""acc"": -0.7, ""vel"": 25.67, ""pos"": 186.6, ""error"": 0.1218304000005439}], [{""pair"": [2, 8, 2, 10], ""acc"": -0.7, ""vel"": 25.65, ""pos"": 186.7, ""error"": 0.01943040000052676}]]"
-0.7000000000000001,25.63,187.2,-0.7,25.63,600.0,-0.7,25.63,187.2,3,"[{""pair"": [1, 6, 2, 15], ""acc"": -0.7, ""vel"": 25.63, ""pos"": 187.2, ""error"": 0.0721511500000993}]","[[{""pair"": [3, 6, 3, 15], ""acc"": -0.7, ""vel"": 25.63, ""pos"": 600.0, ""error"": 412.87215115000015}], [{""pair"": [3, 6, 0, 15], ""acc"": 24.9, ""vel"": 25.63, ""pos"": 600.0, ""error"": 412.87215115000015}], [{""pair"": [3, 6, 2, 15], ""acc"": -0.7, ""vel"": 25.63, ""pos"": 596.8, ""error"": 409.6721511500001}], [{""pair"": [3, 15, 1, 6], ""acc"": -0.7, ""vel"": 25.63, ""pos"": 190.4, ""error"": 3.2721511500001164}], [{""pair"": [1, 6, 0, 15], ""acc"": 24.9, ""vel"": 25.63, ""pos"": 190.4, ""error"": 3.2721511500001164}], [{""pair"": [1, 6, 2, 15], ""acc"": -0.7, ""vel"": 25.63, ""pos"": 187.2, ""error"": 0.0721511500000993}]]"
-0.7000000000000001,25.61,187.6,-0.7,25.61,597.2,-0.7,25.61,187.6,3,"[{""pair"": [3, 0, 1, 6], ""acc"": -0.7, ""vel"": 25.61, ""pos"": 187.6, ""error"": 0.04370884999987723}]","[[{""pair"": [3, 0, 3, 6], ""acc"": -0.7, ""vel"": 25.61, ""pos"": 597.2, ""error"": 409.5724911500002}], [{""pair"": [3, 0, 1, 6], ""acc"": -0.7, ""vel"": 25.61, ""pos"": 187.6, ""error"": 0.04370884999987723}], [{""pair"": [3, 6, 1, 0], ""acc"": -0.7, ""vel"": 25.61, ""pos"": 590.8, ""error"": 403.1724911500001}], [{""pair"": [3, 6, 2, 0], ""acc"": -0.7, ""vel"": 25.61, ""pos"": 597.2, ""error"": 409.5724911500002}], [{""pair"": [1, 0, 1, 6], ""acc"": -0.7, ""vel"": 25.61, ""pos"": 181.2, ""error"": 6.443708849999883}], [{""pair"": [2, 0, 1, 6], ""acc"": -0.7, ""vel"": 25.61, ""pos"": 187.6, ""error"": 0.04370884999987723}]]"
-0.7000000000000001,25.59,188.0,-3.9,25.59,188.0,-3.9,25.59,188.0,3,"[{""pair"": [0, 0, 0, 0], ""acc"": -3.9, ""vel"": 25.59, ""pos"": 188.0, ""error"": 0.018470400000474285}]",[]
-0.7000000000000001,25.57,188.4,-0.7,24.93,188.4,-0.7,25.57,188.4,3,"[{""pair"": [3, 4, 1, 15], ""acc"": -0.7, ""vel"": 25.57, ""pos"": 188.4, ""error"": 0.08076644999986726}]","[[{""pair"": [3, 4, 1, 15], ""acc"": -0.7, ""vel"": 25.57, ""pos"": 188.4, ""error"": 0.08076644999986726}], [{""pair"": [3, 4, 2, 15], ""acc"": -0.7, ""vel"": 24.93, ""pos"": 191.6, ""error"": 3.759233550000122}], [{""pair"": [1, 15, 0, 4], ""acc"": -0.7, ""vel"": 5.09, ""pos"": 188.4, ""error"": 20.4681664499999}], [{""pair"": [1, 15, 1, 4], ""acc"": -0.7, ""vel"": 25.57, ""pos"": 86.0, ""error"": 102.48076644999988}], [{""pair"": [1, 15, 2, 4], ""acc"": -0.7, ""vel"": 25.57, ""pos"": 188.4, ""error"": 0.08076644999986726}], [{""pair"": [2, 15, 0, 4], ""acc"": -0.7, ""vel"": 4.45, ""pos"": 191.6, ""error"": 24.239233550000122}], [{""pair"": [2, 15, 1, 4], ""acc"": -0.7, ""vel"": 24.93, ""pos"": 89.2, ""error"": 99.8281664499999}], [{""pair"": [2, 15, 2, 4], ""acc"": -0.7, ""vel"": 24.93, ""pos"": 191.6, ""error"": 3.759233550000122}]]"
-0.7000000000000001,25.55,188.9,-0.7,25.55,188.9,-0.7,25.55,188.9,3,"[{""pair"": [3, 9, 3, 15], ""acc"": -0.7, ""vel"": 25.55, ""pos"": 188.9, ""error"": 0.07351115000010466}]","[[{""pair"": [3, 9, 3, 15], ""acc"": -0.7, ""vel"": 25.55, ""pos"": 188.9, ""error"": 0.07351115000010466}], [{""pair"": [3, 15, 1, 9], ""acc"": -0.7, ""vel"": 25.54, ""pos"": 188.9, ""error"": 0.08351115000010623}]]"
-0.7000000000000001,25.53,189.3,-0.7,25.53,189.3,-0.7,25.53,189.3,3,"[{""pair"": [3, 0, 3, 10], ""acc"": -0.7, ""vel"": 25.53, ""pos"": 189.3, ""error"": 0.017510400000482207}]","[[{""pair"": [3, 0, 3, 10], ""acc"": -0.7, ""vel"": 25.53, ""pos"": 189.3, ""error"": 0.017510400000482207}], [{""pair"": [3, 0, 1, 10], ""acc"": -0.7, ""vel"": 25.55, ""pos"": 189.3, ""error"": 0.019910400000508588}], [{""pair"": [3, 10, 0, 0], ""acc"": -0.7, ""vel"": 24.25, ""pos"": 189.3, ""error"": 1.2975104000004833}], [{""pair"": [3, 10, 1, 0], ""acc"": -0.7, ""vel"": 25.53, ""pos"": 182.9, ""error"": 6.417510400000488}], [{""pair"": [3, 10, 2, 0], ""acc"": -0.7, ""vel"": 25.53, ""pos"": 189.3, ""error"": 0.017510400000482207}], [{""pair"": [0, 0, 1, 10], ""acc"": -0.7, ""vel"": 24.27, ""pos"": 189.3, ""error"": 1.2775104000004838}], [{""pair"": [1, 0, 1, 10], ""acc"": -0.7, ""vel"": 25.55, ""pos"": 182.9, ""error"": 6.419910400000514}], [{""pair"": [2, 0, 1, 10], ""acc"": -0.7, ""vel"": 25.55, ""pos"": 189.3, ""error"": 0.019910400000508588}]]"
-0.7000000000000001,25.51,189.7,-0.7,25.51,186.5,-0.7,25.51,189.7,3,"[{""pair"": [3, 4, 2, 15], ""acc"": -0.7, ""vel"": 25.51, ""pos"": 189.7, ""error"": 0.04200884999990606}]","[[{""pair"": [3, 4, 2, 15], ""acc"": -0.7, ""vel"": 25.51, ""pos"": 189.7, ""error"": 0.04200884999990606}], [{""pair"": [2, 15, 2, 4], ""acc"": -0.7, ""vel"": 25.51, ""pos"": 189.7, ""error"": 0.04200884999990606}]]"
-0.7000000000000001,25.49,190.1,-0.7,25.49,190.1,-0.7,25.49,190.1,3,"[{""pair"": [3, 3, 3, 6], ""acc"": -0.7, ""vel"": 25.49, ""pos"": 190.1, ""error"": 0.04166884999988696}]","[[{""pair"": [3, 3, 3, 6], ""acc"": -0.7, ""vel"": 25.49, ""pos"": 190.1, ""error"": 0.04166884999988696}], [{""pair"": [3, 3, 0, 6], ""acc"": -0.7, ""vel"": 107.41, ""pos"": 190.1, ""error"": 81.94546884999987}], [{""pair"": [3, 3, 1, 6], ""acc"": -0.7, ""vel"": 25.49, ""pos"": 599.7, ""error"": 409.5745311500002}], [{""pair"": [3, 3, 2, 6], ""acc"": -0.7, ""vel"": 25.49, ""pos"": 190.1, ""error"": 0.04166884999988696}], [{""pair"": [3, 6, 1, 3], ""acc"": -0.7, ""vel"": 25.49, ""pos"": 138.9, ""error"": 51.241668849999876}], [{""pair"": [3, 6, 2, 3], ""acc"": -0.7, ""vel"": 25.49, ""pos"": 190.1, ""error"": 0.04166884999988696}], [{""pair"": [1, 3, 0, 6], ""acc"": -0.7, ""vel"": 107.41, ""pos"": 138.9, ""error"": 133.14546884999987}], [{""pair"": [1, 3, 1, 6], ""acc"": -0.7, ""vel"": 25.49, ""pos"": 548.5, ""error"": 358.37453115000017}], [{""pair"": [1, 3, 2, 6], ""acc"": -0.7, ""vel"": 25.49, ""pos"": 138.9, ""error"": 51.241668849999876}], [{""pair"": [2, 3, 0, 6], ""acc"": -0.7, ""vel"": 107.41, ""pos"": 190.1, ""error"": 81.94546884999987}], [{""pair"": [2, 3, 1, 6], ""acc"": -0.7, ""vel"": 25.49, ""pos"": 599.7, ""error"": 409.5745311500002}], [{""pair"": [2, 3, 2, 6], ""acc"": -0.7, ""vel"": 25.49, ""pos"": 190.1, ""error"": 0.04166884999988696}]]"
-0.7000000000000001,25.47,190.6,-0.7,4.99,190.6,-0.7,25.47,190.6,3,"[{""pair"": [3, 14, 0, 4], ""acc"": -0.7, ""vel"": 25.47, ""pos"": 190.6, ""error"": 0.10104959999947738}]","[[{""pair"": [3, 4, 3, 14], ""acc"": -0.7, ""vel"": 4.99, ""pos"": 190.6, ""error"": 20.581049599999474}], [{""pair"": [3, 4, 0, 14], ""acc"": -13.5, ""vel"": 4.99, ""pos"": 190.6, ""error"": 20.581049599999474}], [{""pair"": [3, 4, 1, 14], ""acc"": -0.7, ""vel"": 4.67, ""pos"": 190.6, ""error"": 20.901049599999475}], [{""pair"": [3, 4, 2, 14], ""acc"": -0.7, ""vel"": 4.99, ""pos"": 189.0, ""error"": 21.996550400000487}], [{""pair"": [3, 14, 0, 4], ""acc"": -0.7, ""vel"": 25.47, ""pos"": 190.6, ""error"": 0.10104959999947738}], [{""pair"": [0, 4, 0, 14], ""acc"": -13.5, ""vel"": 25.47, ""pos"": 190.6, ""error"": 0.10104959999947738}], [{""pair"": [0, 4, 1, 14], ""acc"": -0.7, ""vel"": 25.15, ""pos"": 190.6, ""error"": 0.42104959999947766}], [{""pair"": [0, 4, 2, 14], ""acc"": -0.7, ""vel"": 25.47, ""pos"": 189.0, ""error"": 1.5165504000004901}]]"
-0.7000000000000001,25.45,191.0,-0.7,24.17,203.8,-0.7,25.45,191.0,3,"[{""pair"": [0, 0, 1, 1], ""acc"": -0.7, ""vel"": 25.45, ""pos"": 191.0, ""error"": 0.04098884999989494}]","[[{""pair"": [3, 15, 0, 15], ""acc"": 24.9, ""vel"": 24.17, ""pos"": 203.8, ""error"": 14.055211150000119}], [{""pair"": [3, 15, 1, 15], ""acc"": -0.7, ""vel"": 23.53, ""pos"": 203.8, ""error"": 14.69521115000012}], [{""pair"": [3, 15, 2, 15], ""acc"": -0.7, ""vel"": 24.17, ""pos"": 200.6, ""error"": 10.855211150000102}], [{""pair"": [0, 0, 0, 1], ""acc"": -0.7, ""vel"": 22.89, ""pos"": 203.8, ""error"": 15.33521115000012}], [{""pair"": [0, 0, 1, 1], ""acc"": -0.7, ""vel"": 25.45, ""pos"": 191.0, ""error"": 0.04098884999989494}], [{""pair"": [2, 0, 0, 1], ""acc"": -0.7, ""vel"": 21.61, ""pos"": 203.8, ""error"": 16.61521115000012}], [{""pair"": [2, 0, 1, 1], ""acc"": -0.7, ""vel"": 24.17, ""pos"": 191.0, ""error"": 1.3209888499998925}], [{""pair"": [0, 15, 1, 15], ""acc"": 24.9, ""vel"": 23.53, ""pos"": 203.8, ""error"": 14.69521115000012}], [{""pair"": [0, 15, 2, 15], ""acc"": 24.9, ""vel"": 24.17, ""pos"": 200.6, ""error"": 10.855211150000102}], [{""pair"": [1, 15, 0, 15], ""acc"": 24.9, ""vel"": 23.53, ""pos"": 203.8, ""error"": 14.69521115000012}], [{""pair"": [1, 15, 2, 15], ""acc"": -0.7, ""vel"": 23.53, ""pos"": 200.6, ""error"": 11.495211150000102}], [{""pair"": [2, 15, 0, 15], ""acc"": 24.9, ""vel"": 24.17, ""pos"": 200.6, ""error"": 10.855211150000102}], [{""pair"": [2, 15, 1, 15], ""acc"": -0.7, ""vel"": 23.53, ""pos"": 200.6, ""error"": 11.495211150000102}]]"
-0.7000000000000001,25.43,191.4,-0.7,25.43,191.4,-0.7,25.43,191.4,3,"[{""pair"": [3, 6, 3, 9], ""acc"": -0.7, ""vel"": 25.43, ""pos"": 191.4, ""error"": 0.040648849999900705}]","[[{""pair"": [3, 6, 3, 9], ""acc"": -0.7, ""vel"": 25.43, ""pos"": 191.4, ""error"": 0.040648849999900705}], [{""pair"": [3, 6, 1, 9], ""acc"": -0.7, ""vel"": 25.42, ""pos"": 191.4, ""error"": 0.050648849999898715}], [{""pair"": [3, 9, 2, 6], ""acc"": -0.7, ""vel"": 25.43, ""pos"": 191.4, ""error"": 0.040648849999900705}], [{""pair"": [2, 6, 1, 9], ""acc"": -0.7, ""vel"": 25.42, ""pos"": 191.4, ""error"": 0.050648849999898715}]]"
-0.8,25.41,191.9,-7.2,25.41,191.9,-0.8,25.41,191.9,3,"[{""pair"": [2, 4, 0, 13], ""acc"": -0.8, ""vel"": 25.41, ""pos"": 191.9, ""error"": 0.10200960000095805}]","[[{""pair"": [0, 4, 0, 13], ""acc"": -0.8, ""vel"": 4.93, ""pos"": 191.9, ""error"": 20.58200960000096}], [{""pair"": [0, 4, 1, 13], ""acc"": -7.2, ""vel"": 5.09, ""pos"": 191.9, ""error"": 20.42200960000096}], [{""pair"": [1, 4, 0, 13], ""acc"": -0.8, ""vel"": 25.41, ""pos"": 89.5, ""error"": 102.3155903999991}], [{""pair"": [1, 4, 1, 13], ""acc"": -7.2, ""vel"": 25.57, ""pos"": 89.5, ""error"": 102.45799039999905}], [{""pair"": [2, 4, 0, 13], ""acc"": -0.8, ""vel"": 25.41, ""pos"": 191.9, ""error"": 0.10200960000095805}], [{""pair"": [2, 4, 1, 13], ""acc"": -7.2, ""vel"": 25.57, ""pos"": 191.9, ""error"": 0.24440960000090683}]]"
-0.8,25.39,192.3,-7.2,25.39,192.3,-0.8,25.39,192.3,3,"[{""pair"": [3, 10, 0, 13], ""acc"": -0.8, ""vel"": 25.39, ""pos"": 192.3, ""error"": 0.038254399999903654}]","[[{""pair"": [3, 10, 0, 13], ""acc"": -0.8, ""vel"": 25.39, ""pos"": 192.3, ""error"": 0.038254399999903654}], [{""pair"": [3, 10, 1, 13], ""acc"": -7.2, ""vel"": 25.55, ""pos"": 192.3, ""error"": 0.1854543999998981}], [{""pair"": [3, 10, 2, 13], ""acc"": -7.2, ""vel"": 25.39, ""pos"": 193.1, ""error"": 0.774545600000085}], [{""pair"": [0, 10, 0, 13], ""acc"": -1.6, ""vel"": 25.39, ""pos"": 192.3, ""error"": 0.038254399999903654}], [{""pair"": [0, 10, 1, 13], ""acc"": -8.0, ""vel"": 25.55, ""pos"": 192.3, ""error"": 0.1854543999998981}], [{""pair"": [0, 10, 2, 13], ""acc"": -8.0, ""vel"": 25.39, ""pos"": 193.1, ""error"": 0.774545600000085}], [{""pair"": [1, 10, 0, 13], ""acc"": -0.8, ""vel"": 25.37, ""pos"": 192.3, ""error"": 0.05825439999990323}], [{""pair"": [1, 10, 1, 13], ""acc"": -7.2, ""vel"": 25.53, ""pos"": 192.3, ""error"": 0.16545439999989853}], [{""pair"": [1, 10, 2, 13], ""acc"": -7.2, ""vel"": 25.37, ""pos"": 193.1, ""error"": 0.7945456000000846}], [{""pair"": [2, 10, 0, 13], ""acc"": -0.8, ""vel"": 25.39, ""pos"": 192.2, ""error"": 0.1382543999999264}], [{""pair"": [2, 10, 1, 13], ""acc"": -7.2, ""vel"": 25.55, ""pos"": 192.2, ""error"": 0.28545439999992084}], [{""pair"": [2, 10, 2, 13], ""acc"": -7.2, ""vel"": 25.39, ""pos"": 193.0, ""error"": 0.6745456000000907}]]"
-0.8,25.37,192.7,-0.8,25.37,605.5,-0.8,25.37,192.7,3,"[{""pair"": [2, 15, 1, 6], ""acc"": -0.8, ""vel"": 25.37, ""pos"": 192.7, ""error"": 0.03791439999993784}]","[[{""pair"": [3, 6, 0, 15], ""acc"": 24.8, ""vel"": 25.37, ""pos"": 605.5, ""error"": 412.77488560000006}], [{""pair"": [3, 6, 1, 15], ""acc"": -0.8, ""vel"": 24.73, ""pos"": 605.5, ""error"": 413.4148856000001}], [{""pair"": [3, 6, 2, 15], ""acc"": -0.8, ""vel"": 25.37, ""pos"": 602.3, ""error"": 409.5748856}], [{""pair"": [0, 15, 1, 6], ""acc"": 24.8, ""vel"": 25.37, ""pos"": 195.9, ""error"": 3.174885600000085}], [{""pair"": [1, 15, 1, 6], ""acc"": -0.8, ""vel"": 24.73, ""pos"": 195.9, ""error"": 3.8148856000000855}], [{""pair"": [2, 15, 1, 6], ""acc"": -0.8, ""vel"": 25.37, ""pos"": 192.7, ""error"": 0.03791439999993784}]]"
-0.8,25.35,193.1,-0.8,25.35,90.7,-0.8,25.35,193.1,3,"[{""pair"": [1, 4, 2, 9], ""acc"": -0.8, ""vel"": 25.35, ""pos"": 193.1, ""error"": 0.0130176000004667}]","[[{""pair"": [3, 4, 1, 9], ""acc"": -0.8, ""vel"": 25.34, ""pos"": 90.7, ""error"": 102.42301760000046}], [{""pair"": [3, 4, 2, 9], ""acc"": -0.8, ""vel"": 25.35, ""pos"": 90.7, ""error"": 102.41301760000046}], [{""pair"": [1, 4, 1, 9], ""acc"": -0.8, ""vel"": 25.34, ""pos"": 193.1, ""error"": 0.023017600000468263}], [{""pair"": [1, 4, 2, 9], ""acc"": -0.8, ""vel"": 25.35, ""pos"": 193.1, ""error"": 0.0130176000004667}], [{""pair"": [2, 4, 1, 9], ""acc"": -0.8, ""vel"": 25.34, ""pos"": 90.7, ""error"": 102.42301760000046}], [{""pair"": [2, 4, 2, 9], ""acc"": -0.8, ""vel"": 25.35, ""pos"": 90.7, ""error"": 102.41301760000046}]]"
-0.8,25.32,193.5,-0.8,25.34,193.5,-0.8,25.34,193.5,3,"[{""pair"": [3, 10, 3, 13], ""acc"": -0.8, ""vel"": 25.34, ""pos"": 193.5, ""error"": 0.03443439999991327}]","[[{""pair"": [3, 10, 3, 13], ""acc"": -0.8, ""vel"": 25.34, ""pos"": 193.5, ""error"": 0.03443439999991327}], [{""pair"": [3, 10, 1, 13], ""acc"": -0.8, ""vel"": 25.5, ""pos"": 193.5, ""error"": 0.1944343999999134}], [{""pair"": [3, 13, 0, 10], ""acc"": -1.6, ""vel"": 25.34, ""pos"": 193.5, ""error"": 0.03443439999991327}], [{""pair"": [3, 13, 1, 10], ""acc"": -0.8, ""vel"": 25.32, ""pos"": 193.5, ""error"": 0.047234399999922516}], [{""pair"": [3, 13, 2, 10], ""acc"": -0.8, ""vel"": 25.34, ""pos"": 193.4, ""error"": 0.13443439999990758}], [{""pair"": [0, 10, 1, 13], ""acc"": -1.6, ""vel"": 25.5, ""pos"": 193.5, ""error"": 0.1944343999999134}], [{""pair"": [1, 10, 1, 13], ""acc"": -0.8, ""vel"": 25.48, ""pos"": 193.5, ""error"": 0.17443439999991384}], [{""pair"": [2, 10, 1, 13], ""acc"": -0.8, ""vel"": 25.5, ""pos"": 193.4, ""error"": 0.2944343999999077}]]"
-0.8,25.3,194.0,-2.4,25.3,194.2,-0.8,25.33,193.9,0,"[{""pair"": [0, 0, 0, 0], ""acc"": -0.8, ""vel"": 25.33, ""pos"": 193.9, ""error"": 0}]",[]
-0.8,25.28,194.4,-0.8,107.2,194.4,-0.8,25.32,194.3,0,"[{""pair"": [0, 0, 0, 0], ""acc"": -0.8, ""vel"": 25.32, ""pos"": 194.3, ""error"": 0}]",[]
-0.8,25.26,194.8,-0.8,25.26,195.0,-0.8,25.26,194.8,1,"[{""pair"": [3, 4, 2, 11], ""acc"": -0.8, ""vel"": 25.26, ""pos"": 194.8, ""error"": 0.11607560000009798}, {""pair"": [3, 4, 0, 11], ""acc"": -2.4, ""vel"": 25.26, ""pos"": 195.0, ""error"": 0.3160756000000866}, {""pair"": [3, 4, 1, 11], ""acc"": -0.8, ""vel"": 25.22, ""pos"": 195.0, ""error"": 0.3560756000000893}, {""pair"": [0, 4, 2, 11], ""acc"": -0.8, ""vel"": 4.78, ""pos"": 194.8, ""error"": 20.5960756000001}, {""pair"": [0, 4, 0, 11], ""acc"": -2.4, ""vel"": 4.78, ""pos"": 195.0, ""error"": 20.796075600000087}, {""pair"": [0, 4, 1, 11], ""acc"": -0.8, ""vel"": 4.74, ""pos"": 195.0, ""error"": 20.836075600000086}, {""pair"": [1, 4, 0, 11], ""acc"": -2.4, ""vel"": 25.26, ""pos"": 92.6, ""error"": 102.17672439999993}, {""pair"": [1, 4, 1, 11], ""acc"": -0.8, ""vel"": 25.22, ""pos"": 92.6, ""error"": 102.21672439999992}, {""pair"": [1, 4, 2, 11], ""acc"": -0.8, ""vel"": 25.26, ""pos"": 92.4, ""error"": 102.37672439999992}]","[[{""pair"": [3, 4, 0, 11], ""acc"": -2.4, ""vel"": 25.26, ""pos"": 195.0, ""error"": 0.3160756000000866}], [{""pair"": [3, 4, 1, 11], ""acc"": -0.8, ""vel"": 25.22, ""pos"": 195.0, ""error"": 0.3560756000000893}], [{""pair"": [3, 4, 2, 11], ""acc"": -0.8, ""vel"": 25.26, ""pos"": 194.8, ""error"": 0.11607560000009798}], [{""pair"": [0, 4, 0, 11], ""acc"": -2.4, ""vel"": 4.78, ""pos"": 195.0, ""error"": 20.796075600000087}], [{""pair"": [0, 4, 1, 11], ""acc"": -0.8, ""vel"": 4.74, ""pos"": 195.0, ""error"": 20.836075600000086}], [{""pair"": [0, 4, 2, 11], ""acc"": -0.8, ""vel"": 4.78, ""pos"": 194.8, ""error"": 20.5960756000001}], [{""pair"": [1, 4, 0, 11], ""acc"": -2.4, ""vel"": 25.26, ""pos"": 92.6, ""error"": 102.17672439999993}], [{""pair"": [1, 4, 1, 11], ""acc"": -0.8, ""vel"": 25.22, ""pos"": 92.6, ""error"": 102.21672439999992}], [{""pair"": [1, 4, 2, 11], ""acc"": -0.8, ""vel"": 25.26, ""pos"": 92.4, ""error"": 102.37672439999992}], [{""pair"": [2, 4, 0, 11], ""acc"": -2.4, ""vel"": 25.26, ""pos"": 195.0, ""error"": 0.3160756000000866}], [{""pair"": [2, 4, 1, 11], ""acc"": -0.8, ""vel"": 25.22, ""pos"": 195.0, ""error"": 0.3560756000000893}], [{""pair"": [2, 4, 2, 11], ""acc"": -0.8, ""vel"": 25.26, ""pos"": 194.8, ""error"": 0.11607560000009798}]]"
-0.8,25.24,195.2,-0.8,22.68,1833.6,-0.8,25.24,195.2,2,"[{""pair"": [0, 1, 1, 8], ""acc"": -0.8, ""vel"": 25.24, ""pos"": 195.2, ""error"": 0.035704399999950454}, {""pair"": [3, 8, 0, 1], ""acc"": -0.8, ""vel"": 25.24, ""pos"": 1833.6, ""error"": 1638.1917268}]","[[{""pair"": [3, 8, 0, 1], ""acc"": -0.8, ""vel"": 25.24, ""pos"": 1833.6, ""error"": 1638.3770956}, {""pair"": [3, 8, 0, 1], ""acc"": -0.8, ""vel"": 25.24, ""pos"": 1833.6, ""error"": 1638.1917268}, {""pair"": [3, 8, 0, 1], ""acc"": -0.8, ""vel"": 25.24, ""pos"": 1833.6, ""error"": 1638.2049756}, {""pair"": [3, 8, 0, 1], ""acc"": -0.8, ""vel"": 25.24, ""pos"": 1833.6, ""error"": 1659.1924556}, {""pair"": [3, 8, 0, 1], ""acc"": -0.8, ""vel"": 25.24, ""pos"": 1833.6, ""error"": 1659.0198868}, {""pair"": [3, 8, 0, 1], ""acc"": -0.8, ""vel"": 25.24, ""pos"": 1833.6, ""error"": 1659.0331356}, {""pair"": [3, 8, 0, 1], ""acc"": -0.8, ""vel"": 25.24, ""pos"": 1833.6, ""error"": 1740.5917268}, {""pair"": [3, 8, 0, 1], ""acc"": -0.8, ""vel"": 25.24, ""pos"": 1833.6, ""error"": 1740.6049756}, {""pair"": [3, 8, 0, 1], ""acc"": -0.8, ""vel"": 25.24, ""pos"": 1833.6, ""error"": 1740.7770956}], [{""pair"": [0, 1, 1, 8], ""acc"": -0.8, ""vel"": 25.24, ""pos"": 195.2, ""error"": 0.035704399999950454}, {""pair"": [0, 1, 1, 8], ""acc"": -0.8, ""vel"": 25.24, ""pos"": 195.2, ""error"": 0.24987319999991797}, {""pair"": [0, 1, 1, 8], ""acc"": -0.8, ""vel"": 25.24, ""pos"": 195.2, ""error"": 0.2622243999999121}, {""pair"": [0, 1, 1, 8], ""acc"": -0.8, ""vel"": 25.24, ""pos"": 195.2, ""error"": 20.792455599999972}, {""pair"": [0, 1, 1, 8], ""acc"": -0.8, ""vel"": 25.24, ""pos"": 195.2, ""error"": 20.61988679999998}, {""pair"": [0, 1, 1, 8], ""acc"": -0.8, ""vel"": 25.24, ""pos"": 195.2, ""error"": 20.633135600000003}, {""pair"": [0, 1, 1, 8], ""acc"": -0.8, ""vel"": 25.24, ""pos"": 195.2, ""error"": 102.19172680000008}, {""pair"": [0, 1, 1, 8], ""acc"": -0.8, ""vel"": 25.24, ""pos"": 195.2, ""error"": 102.2049756000001}, {""pair"": [0, 1, 1, 8], ""acc"": -0.8, ""vel"": 25.24, ""pos"": 195.2, ""error"": 102.3770956000001}], [{""pair"": [0, 1, 2, 8], ""acc"": -0.8, ""vel"": 25.24, ""pos"": 1833.6, ""error"": 1638.3770956}, {""pair"": [0, 1, 2, 8], ""acc"": -0.8, ""vel"": 25.24, ""pos"": 1833.6, ""error"": 1638.1917268}, {""pair"": [0, 1, 2, 8], ""acc"": -0.8, ""vel"": 25.24, ""pos"": 1833.6, ""error"": 1638.2049756}, {""pair"": [0, 1, 2, 8], ""acc"": -0.8, ""vel"": 25.24, ""pos"": 1833.6, ""error"": 1659.1924556}, {""pair"": [0, 1, 2, 8], ""acc"": -0.8, ""vel"": 25.24, ""pos"": 1833.6, ""error"": 1659.0198868}, {""pair"": [0, 1, 2, 8], ""acc"": -0.8, ""vel"": 25.24, ""pos"": 1833.6, ""error"": 1659.0331356}, {""pair"": [0, 1, 2, 8], ""acc"": -0.8, ""vel"": 25.24, ""pos"": 1833.6, ""error"": 1740.5917268}, {""pair"": [0, 1, 2, 8], ""acc"": -0.8, ""vel"": 25.24, ""pos"": 1833.6, ""error"": 1740.6049756}, {""pair"": [0, 1, 2, 8], ""acc"": -0.8, ""vel"": 25.24, ""pos"": 1833.6, ""error"": 1740.7770956}]]"
-0.8,25.21,195.6,-0.8,25.21,203.6,-0.8,25.21,195.6,3,"[{""pair"": [1, 0, 2, 14], ""acc"": -0.8, ""vel"": 25.21, ""pos"": 195.6, ""error"": 0.02093760000045819}]","[[{""pair"": [0, 0, 0, 14], ""acc"": -13.6, ""vel"": 23.93, ""pos"": 203.6, ""error"": 9.293462399999505}, {""pair"": [0, 0, 0, 14], ""acc"": -13.6, ""vel"": 23.93, ""pos"": 203.6, ""error"": 1631.7009376000003}], [{""pair"": [0, 0, 2, 14], ""acc"": -0.8, ""vel"": 23.93, ""pos"": 202.0, ""error"": 7.693462399999511}, {""pair"": [0, 0, 2, 14], ""acc"": -0.8, ""vel"": 23.93, ""pos"": 202.0, ""error"": 1633.3009376000002}], [{""pair"": [1, 0, 0, 14], ""acc"": -13.6, ""vel"": 25.21, ""pos"": 197.2, ""error"": 1.6134623999994986}, {""pair"": [1, 0, 0, 14], ""acc"": -13.6, ""vel"": 25.21, ""pos"": 197.2, ""error"": 1636.8209376000002}], [{""pair"": [1, 0, 2, 14], ""acc"": -0.8, ""vel"": 25.21, ""pos"": 195.6, ""error"": 0.02093760000045819}, {""pair"": [1, 0, 2, 14], ""acc"": -0.8, ""vel"": 25.21, ""pos"": 195.6, ""error"": 1638.4209376000003}], [{""pair"": [2, 0, 0, 14], ""acc"": -13.6, ""vel"": 25.21, ""pos"": 203.6, ""error"": 8.013462399999504}, {""pair"": [2, 0, 0, 14], ""acc"": -13.6, ""vel"": 25.21, ""pos"": 203.6, ""error"": 1630.4209376000003}], [{""pair"": [2, 0, 2, 14], ""acc"": -0.8, ""vel"": 25.21, ""pos"": 202.0, ""error"": 6.41346239999951}, {""pair"": [2, 0, 2, 14], ""acc"": -0.8, ""vel"": 25.21, ""pos"": 202.0, ""error"": 1632.0209376000003}]]"
-0.8,25.19,196.1,-0.8,25.27,170.5,-0.8,25.19,196.1,3,"[{""pair"": [1, 2, 1, 12], ""acc"": -0.8, ""vel"": 25.19, ""pos"": 196.1, ""error"": 0.07794560000009554}]","[[{""pair"": [3, 2, 3, 12], ""acc"": -0.8, ""vel"": 25.27, ""pos"": 170.5, ""error"": 25.602054399999897}], [{""pair"": [3, 2, 0, 12], ""acc"": -4.0, ""vel"": 25.27, ""pos"": 170.5, ""error"": 25.602054399999897}], [{""pair"": [3, 2, 1, 12], ""acc"": -0.8, ""vel"": 25.19, ""pos"": 170.5, ""error"": 25.534854399999904}], [{""pair"": [3, 12, 0, 2], ""acc"": -0.8, ""vel"": 30.39, ""pos"": 170.5, ""error"": 30.722054399999898}], [{""pair"": [3, 12, 1, 2], ""acc"": -0.8, ""vel"": 25.27, ""pos"": 196.1, ""error"": 0.14514560000008814}], [{""pair"": [0, 2, 0, 12], ""acc"": -4.0, ""vel"": 30.39, ""pos"": 170.5, ""error"": 30.722054399999898}], [{""pair"": [0, 2, 1, 12], ""acc"": -0.8, ""vel"": 30.31, ""pos"": 170.5, ""error"": 30.642054399999896}], [{""pair"": [1, 2, 0, 12], ""acc"": -4.0, ""vel"": 25.27, ""pos"": 196.1, ""error"": 0.14514560000008814}], [{""pair"": [1, 2, 1, 12], ""acc"": -0.8, ""vel"": 25.19, ""pos"": 196.1, ""error"": 0.07794560000009554}]]"
-0.8,25.17,196.5,-4.0,25.17,196.5,-0.8,25.17,196.5,3,"[{""pair"": [2, 8, 0, 12], ""acc"": -0.8, ""vel"": 25.17, ""pos"": 196.5, ""error"": 0.03451439999991024}]","[[{""pair"": [3, 12, 0, 8], ""acc"": -3.8, ""vel"": 25.17, ""pos"": 196.5, ""error"": 0.03451439999991024}], [{""pair"": [3, 12, 1, 8], ""acc"": -4.0, ""vel"": 25.17, ""pos"": 1834.9, ""error"": 1638.3782856000003}], [{""pair"": [3, 12, 2, 8], ""acc"": -4.0, ""vel"": 25.17, ""pos"": 196.5, ""error"": 0.03451439999991024}], [{""pair"": [0, 8, 0, 12], ""acc"": -0.6, ""vel"": 25.17, ""pos"": 196.5, ""error"": 0.03451439999991024}], [{""pair"": [0, 8, 1, 12], ""acc"": -3.8, ""vel"": 25.25, ""pos"": 196.5, ""error"": 0.10171439999990284}], [{""pair"": [1, 8, 0, 12], ""acc"": -0.8, ""vel"": 25.17, ""pos"": 1834.9, ""error"": 1638.3782856000003}], [{""pair"": [1, 8, 1, 12], ""acc"": -4.0, ""vel"": 25.25, ""pos"": 1834.9, ""error"": 1638.4454856000002}], [{""pair"": [2, 8, 0, 12], ""acc"": -0.8, ""vel"": 25.17, ""pos"": 196.5, ""error"": 0.03451439999991024}], [{""pair"": [2, 8, 1, 12], ""acc"": -4.0, ""vel"": 25.25, ""pos"": 196.5, ""error"": 0.10171439999990284}]]"
-0.8,25.15,196.9,18.4,25.15,196.9,-0.8,25.15,196.9,3,"[{""pair"": [0, 15, 0, 13], ""acc"": -0.8, ""vel"": 25.15, ""pos"": 196.9, ""error"": 0.00981760000047771}]","[[{""pair"": [3, 13, 0, 15], ""acc"": -7.2, ""vel"": 25.15, ""pos"": 196.9, ""error"": 0.00981760000047771}], [{""pair"": [0, 15, 0, 13], ""acc"": -0.8, ""vel"": 25.15, ""pos"": 196.9, ""error"": 0.00981760000047771}], [{""pair"": [0, 15, 2, 13], ""acc"": -7.2, ""vel"": 25.15, ""pos"": 197.7, ""error"": 0.8045823999994788}]]"
-0.8,25.12,197.3,-0.8,25.04,197.3,-0.8,25.12,197.3,3,"[{""pair"": [1, 12, 1, 13], ""acc"": -0.8, ""vel"": 25.12, ""pos"": 197.3, ""error"": 0.04383439999991978}]","[[{""pair"": [3, 13, 0, 12], ""acc"": -4.0, ""vel"": 25.04, ""pos"": 197.3, ""error"": 0.12383439999992163}], [{""pair"": [3, 13, 1, 12], ""acc"": -0.8, ""vel"": 24.96, ""pos"": 197.3, ""error"": 0.20383439999991992}], [{""pair"": [3, 13, 2, 12], ""acc"": -0.8, ""vel"": 25.04, ""pos"": 196.9, ""error"": 0.5238343999999273}], [{""pair"": [0, 12, 1, 13], ""acc"": -4.0, ""vel"": 25.2, ""pos"": 197.3, ""error"": 0.09103439999991636}], [{""pair"": [0, 12, 2, 13], ""acc"": -4.0, ""vel"": 25.04, ""pos"": 198.1, ""error"": 0.8689656000000667}], [{""pair"": [1, 12, 1, 13], ""acc"": -0.8, ""vel"": 25.12, ""pos"": 197.3, ""error"": 0.04383439999991978}], [{""pair"": [1, 12, 2, 13], ""acc"": -0.8, ""vel"": 24.96, ""pos"": 198.1, ""error"": 0.948965600000065}], [{""pair"": [2, 12, 1, 13], ""acc"": -0.8, ""vel"": 25.2, ""pos"": 196.9, ""error"": 0.49103439999992204}], [{""pair"": [2, 12, 2, 13], ""acc"": -0.8, ""vel"": 25.04, ""pos"": 197.7, ""error"": 0.46896560000006104}], [{""pair"": [1, 11, 2, 11], ""acc"": -0.8, ""vel"": 25.08, ""pos"": 197.5, ""error"": 0.22896560000007327}], [{""pair"": [2, 11, 1, 11], ""acc"": -0.8, ""vel"": 25.08, ""pos"": 197.5, ""error"": 0.22896560000007327}]]"
-0.8,25.1,197.7,-0.8,66.06,197.6,-0.8,25.1,197.7,3,"[{""pair"": [0, 5, 2, 10], ""acc"": -0.8, ""vel"": 25.1, ""pos"": 197.7, ""error"": 0.03332439999993042}]","[[{""pair"": [3, 10, 0, 5], ""acc"": -0.8, ""vel"": 25.1, ""pos"": 197.6, ""error"": 0.13332439999992474}], [{""pair"": [3, 10, 2, 5], ""acc"": -0.8, ""vel"": 66.06, ""pos"": 197.6, ""error"": 41.080524399999916}], [{""pair"": [0, 5, 2, 10], ""acc"": -0.8, ""vel"": 25.1, ""pos"": 197.7, ""error"": 0.03332439999993042}], [{""pair"": [2, 5, 2, 10], ""acc"": -0.8, ""vel"": 66.06, ""pos"": 197.7, ""error"": 40.98052439999992}]]"
-0.8,25.08,198.2,-0.8,30.2,198.2,-0.8,25.08,198.2,3,"[{""pair"": [3, 5, 0, 2], ""acc"": -0.8, ""vel"": 25.08, ""pos"": 198.2, ""error"": 0.10570240000097186}]","[[{""pair"": [3, 5, 0, 2], ""acc"": -0.8, ""vel"": 25.08, ""pos"": 198.2, ""error"": 0.10570240000097186}], [{""pair"": [3, 5, 1, 2], ""acc"": -0.8, ""vel"": 30.2, ""pos"": 172.6, ""error"": 30.614297599999023}], [{""pair"": [0, 2, 2, 5], ""acc"": -0.8, ""vel"": 25.08, ""pos"": 198.2, ""error"": 0.10570240000097186}], [{""pair"": [1, 2, 2, 5], ""acc"": -0.8, ""vel"": 30.2, ""pos"": 172.6, ""error"": 30.614297599999023}]]"
-0.8,25.06,198.6,-0.8,25.06,147.4,-0.8,25.07,198.6,0,"[{""pair"": [0, 0, 0, 0], ""acc"": -0.8, ""vel"": 25.07, ""pos"": 198.6, ""error"": 0}]",[]
-0.8,25.03,199.0,-0.7,25.03,403.8,-0.8,25.03,199.0,1,"[{""pair"": [1, 5, 0, 7], ""acc"": -0.8, ""vel"": 25.03, ""pos"": 199.0, ""error"": 0.05247439999991599}, {""pair"": [1, 5, 2, 7], ""acc"": -0.7, ""vel"": 25.03, ""pos"": 199.0, ""error"": 0.05247439999991599}, {""pair"": [2, 5, 0, 7], ""acc"": -0.8, ""vel"": 25.03, ""pos"": 403.8, ""error"": 204.8003256000001}, {""pair"": [2, 5, 2, 7], ""acc"": -0.7, ""vel"": 25.03, ""pos"": 403.8, ""error"": 204.8003256000001}]","[[{""pair"": [1, 5, 0, 7], ""acc"": -0.8, ""vel"": 25.03, ""pos"": 199.0, ""error"": 0.05247439999991599}], [{""pair"": [1, 5, 2, 7], ""acc"": -0.7, ""vel"": 25.03, ""pos"": 199.0, ""error"": 0.05247439999991599}], [{""pair"": [2, 5, 0, 7], ""acc"": -0.8, ""vel"": 25.03, ""pos"": 403.8, ""error"": 204.8003256000001}], [{""pair"": [2, 5, 2, 7], ""acc"": -0.7, ""vel"": 25.03, ""pos"": 403.8, ""error"": 204.8003256000001}]]"
-0.8,25.01,199.4,-0.8,25.01,193.0,-0.8,25.01,199.4,2,"[{""pair"": [3, 7, 1, 0], ""acc"": -0.8, ""vel"": 25.01, ""pos"": 199.4, ""error"": 0.007577600000473694}, {""pair"": [3, 0, 3, 7], ""acc"": -0.8, ""vel"": 25.01, ""pos"": 193.0, ""error"": 6.407577600000479}]","[[{""pair"": [3, 0, 3, 7], ""acc"": -0.8, ""vel"": 25.01, ""pos"": 193.0, ""error"": 6.407577600000479}, {""pair"": [3, 0, 3, 7], ""acc"": -0.8, ""vel"": 25.01, ""pos"": 193.0, ""error"": 6.40919040000049}, {""pair"": [3, 0, 3, 7], ""acc"": -0.8, ""vel"": 25.01, ""pos"": 193.0, ""error"": 211.20757760000046}, {""pair"": [3, 0, 3, 7], ""acc"": -0.8, ""vel"": 25.01, ""pos"": 193.0, ""error"": 211.20919040000044}], [{""pair"": [3, 0, 2, 7], ""acc"": -0.8, ""vel"": 25.01, ""pos"": 193.0, ""error"": 6.407577600000479}, {""pair"": [3, 0, 2, 7], ""acc"": -0.8, ""vel"": 25.01, ""pos"": 193.0, ""error"": 6.40919040000049}, {""pair"": [3, 0, 2, 7], ""acc"": -0.8, ""vel"": 25.01, ""pos"": 193.0, ""error"": 211.20757760000046}, {""pair"": [3, 0, 2, 7], ""acc"": -0.8, ""vel"": 25.01, ""pos"": 193.0, ""error"": 211.20919040000044}], [{""pair"": [3, 7, 1, 0], ""acc"": -0.8, ""vel"": 25.01, ""pos"": 199.4, ""error"": 0.007577600000473694}, {""pair"": [3, 7, 1, 0], ""acc"": -0.8, ""vel"": 25.01, ""pos"": 199.4, ""error"": 0.009190400000484544}, {""pair"": [3, 7, 1, 0], ""acc"": -0.8, ""vel"": 25.01, ""pos"": 199.4, ""error"": 204.80757760000046}, {""pair"": [3, 7, 1, 0], ""acc"": -0.8, ""vel"": 25.01, ""pos"": 199.4, ""error"": 204.80919040000043}], [{""pair"": [3, 7, 2, 0], ""acc"": -0.8, ""vel"": 25.01, ""pos"": 193.0, ""error"": 6.407577600000479}, {""pair"": [3, 7, 2, 0], ""acc"": -0.8, ""vel"": 25.01, ""pos"": 193.0, ""error"": 6.40919040000049}, {""pair"": [3, 7, 2, 0], ""acc"": -0.8, ""vel"": 25.01, ""pos"": 193.0, ""error"": 211.20757760000046}, {""pair"": [3, 7, 2, 0], ""acc"": -0.8, ""vel"": 25.01, ""pos"": 193.0, ""error"": 211.20919040000044}], [{""pair"": [1, 0, 2, 7], ""acc"": -0.8, ""vel"": 25.01, ""pos"": 199.4, ""error"": 0.007577600000473694}, {""pair"": [1, 0, 2, 7], ""acc"": -0.8, ""vel"": 25.01, ""pos"": 199.4, ""error"": 0.009190400000484544}, {""pair"": [1, 0, 2, 7], ""acc"": -0.8, ""vel"": 25.01, ""pos"": 199.4, ""error"": 204.80757760000046}, {""pair"": [1, 0, 2, 7], ""acc"": -0.8, ""vel"": 25.01, ""pos"": 199.4, ""error"": 204.80919040000043}], [{""pair"": [2, 0, 2, 7], ""acc"": -0.8, ""vel"": 25.01, ""pos"": 193.0, ""error"": 6.407577600000479}, {""pair"": [2, 0, 2, 7], ""acc"": -0.8, ""vel"": 25.01, ""pos"": 193.0, ""error"": 6.40919040000049}, {""pair"": [2, 0, 2, 7], ""acc"": -0.8, ""vel"": 25.01, ""pos"": 193.0, ""error"": 211.20757760000046}, {""pair"": [2, 0, 2, 7], ""acc"": -0.8, ""vel"": 25.01, ""pos"": 193.0, ""error"": 211.20919040000044}]]"
-0.8,24.99,199.8,-0.7,24.99,199.8,-0.7,24.99,199.8,2,"[{""pair"": [0, 0, 0, 0], ""acc"": -0.7, ""vel"": 24.99, ""pos"": 199.8, ""error"": 0.031454399999908844}]",[]
-0.8,24.96,200.2,-0.8,24.96,200.2,-0.8,24.96,200.2,3,"[{""pair"": [3, 5, 3, 11], ""acc"": -0.8, ""vel"": 24.96, ""pos"": 200.2, ""error"": 0.04282884999991765}]","[[{""pair"": [3, 5, 3, 11], ""acc"": -0.8, ""vel"": 24.96, ""pos"": 200.2, ""error"": 0.04282884999991765}], [{""pair"": [3, 5, 1, 11], ""acc"": -0.8, ""vel"": 25.0, ""pos"": 200.2, ""error"": 0.0466288499999159}], [{""pair"": [3, 11, 2, 5], ""acc"": -0.8, ""vel"": 24.96, ""pos"": 200.2, ""error"": 0.04282884999991765}], [{""pair"": [2, 5, 1, 11], ""acc"": -0.8, ""vel"": 25.0, ""pos"": 200.2, ""error"": 0.0466288499999159}]]"
-0.8,24.94,200.7,-0.8,24.94,200.7,-0.8,24.94,200.7,3,"[{""pair"": [3, 2, 3, 3], ""acc"": -0.8, ""vel"": 24.94, ""pos"": 200.7, ""error"": 0.1079423999995015}]","[[{""pair"": [3, 2, 3, 3], ""acc"": -0.8, ""vel"": 24.94, ""pos"": 200.7, ""error"": 0.1079423999995015}], [{""pair"": [3, 2, 1, 3], ""acc"": -0.8, ""vel"": 24.94, ""pos"": 149.5, ""error"": 51.106457600000454}], [{""pair"": [3, 3, 1, 2], ""acc"": -0.8, ""vel"": 24.94, ""pos"": 175.1, ""error"": 25.50645760000046}], [{""pair"": [3, 4, 0, 2], ""acc"": -0.8, ""vel"": 30.06, ""pos"": 200.7, ""error"": 5.2135423999995325}], [{""pair"": [3, 4, 2, 2], ""acc"": -0.8, ""vel"": 24.94, ""pos"": 200.7, ""error"": 0.1079423999995015}], [{""pair"": [0, 2, 0, 4], ""acc"": -0.8, ""vel"": 9.58, ""pos"": 200.7, ""error"": 15.467942399999503}], [{""pair"": [0, 2, 1, 4], ""acc"": -0.8, ""vel"": 30.06, ""pos"": 98.3, ""error"": 107.41205760000048}], [{""pair"": [0, 2, 2, 4], ""acc"": -0.8, ""vel"": 30.06, ""pos"": 200.7, ""error"": 5.2135423999995325}], [{""pair"": [2, 2, 0, 4], ""acc"": -0.8, ""vel"": 4.46, ""pos"": 200.7, ""error"": 20.587942399999502}], [{""pair"": [2, 2, 1, 4], ""acc"": -0.8, ""vel"": 24.94, ""pos"": 98.3, ""error"": 102.30645760000046}], [{""pair"": [2, 2, 2, 4], ""acc"": -0.8, ""vel"": 24.94, ""pos"": 200.7, ""error"": 0.1079423999995015}], [{""pair"": [1, 2, 1, 3], ""acc"": -0.8, ""vel"": 24.94, ""pos"": 123.9, ""error"": 76.70645760000045}]]"
-0.8,24.92,201.1,-0.8,22.36,201.1,-0.8,24.92,201.1,3,"[{""pair"": [3, 13, 0, 1], ""acc"": -0.8, ""vel"": 24.92, ""pos"": 201.1, ""error"": 0.03026439999989705}]","[[{""pair"": [3, 1, 3, 13], ""acc"": -0.8, ""vel"": 22.36, ""pos"": 201.1, ""error"": 2.5902643999998993}], [{""pair"": [3, 1, 0, 13], ""acc"": -7.2, ""vel"": 22.36, ""pos"": 201.1, ""error"": 2.5902643999998993}], [{""pair"": [3, 1, 1, 13], ""acc"": -0.8, ""vel"": 22.2, ""pos"": 201.1, ""error"": 2.7502643999998995}], [{""pair"": [3, 1, 2, 13], ""acc"": -0.8, ""vel"": 22.36, ""pos"": 200.3, ""error"": 3.3902643999998823}], [{""pair"": [3, 13, 0, 1], ""acc"": -0.8, ""vel"": 24.92, ""pos"": 201.1, ""error"": 0.03026439999989705}], [{""pair"": [3, 13, 2, 1], ""acc"": -0.8, ""vel"": 22.36, ""pos"": 201.1, ""error"": 2.5902643999998993}], [{""pair"": [0, 1, 0, 13], ""acc"": -7.2, ""vel"": 24.92, ""pos"": 201.1, ""error"": 0.03026439999989705}], [{""pair"": [0, 1, 1, 13], ""acc"": -0.8, ""vel"": 24.76, ""pos"": 201.1, ""error"": 0.1902643999998972}], [{""pair"": [0, 1, 2, 13], ""acc"": -0.8, ""vel"": 24.92, ""pos"": 200.3, ""error"": 0.83026439999988}], [{""pair"": [2, 1, 0, 13], ""acc"": -7.2, ""vel"": 22.36, ""pos"": 201.1, ""error"": 2.5902643999998993}], [{""pair"": [2, 1, 1, 13], ""acc"": -0.8, ""vel"": 22.2, ""pos"": 201.1, ""error"": 2.7502643999998995}], [{""pair"": [2, 1, 2, 13], ""acc"": -0.8, ""vel"": 22.36, ""pos"": 200.3, ""error"": 3.3902643999998823}]]"
-0.8,24.9,201.5,-0.8,24.9,175.9,-0.8,24.9,201.5,3,"[{""pair"": [3, 12, 1, 2], ""acc"": -0.8, ""vel"": 24.9, ""pos"": 201.5, ""error"": 0.02992439999990637}]","[[{""pair"": [3, 2, 3, 12], ""acc"": -0.8, ""vel"": 24.9, ""pos"": 175.9, ""error"": 25.6299243999999}], [{""pair"": [3, 12, 0, 2], ""acc"": -0.8, ""vel"": 30.02, ""pos"": 175.9, ""error"": 30.73712439999989}], [{""pair"": [3, 12, 1, 2], ""acc"": -0.8, ""vel"": 24.9, ""pos"": 201.5, ""error"": 0.02992439999990637}], [{""pair"": [3, 12, 2, 2], ""acc"": -0.8, ""vel"": 24.9, ""pos"": 175.9, ""error"": 25.6299243999999}]]"
-0.8,24.87,201.9,-0.8,23.59,201.9,-0.8,24.87,201.9,3,"[{""pair"": [3, 13, 0, 0], ""acc"": -0.8, ""vel"": 24.87, ""pos"": 201.9, ""error"": 0.018902399999497277}]","[[{""pair"": [3, 0, 3, 13], ""acc"": -0.8, ""vel"": 23.59, ""pos"": 201.9, ""error"": 1.2989023999994984}], [{""pair"": [3, 0, 0, 13], ""acc"": -7.2, ""vel"": 23.59, ""pos"": 201.9, ""error"": 1.2989023999994984}], [{""pair"": [3, 0, 1, 13], ""acc"": -0.8, ""vel"": 23.43, ""pos"": 201.9, ""error"": 1.4589023999994986}], [{""pair"": [3, 13, 0, 0], ""acc"": -0.8, ""vel"": 24.87, ""pos"": 201.9, ""error"": 0.018902399999497277}], [{""pair"": [3, 13, 2, 0], ""acc"": -0.8, ""vel"": 23.59, ""pos"": 201.9, ""error"": 1.2989023999994984}], [{""pair"": [0, 0, 0, 13], ""acc"": -7.2, ""vel"": 24.87, ""pos"": 201.9, ""error"": 0.018902399999497277}], [{""pair"": [0, 0, 1, 13], ""acc"": -0.8, ""vel"": 24.71, ""pos"": 201.9, ""error"": 0.17890239999949742}], [{""pair"": [2, 0, 0, 13], ""acc"": -7.2, ""vel"": 23.59, ""pos"": 201.9, ""error"": 1.2989023999994984}], [{""pair"": [2, 0, 1, 13], ""acc"": -0.8, ""vel"": 23.43, ""pos"": 201.9, ""error"": 1.4589023999994986}]]"
-0.8,24.85,202.3,-0.8,4.37,202.3,-0.8,24.85,202.3,3,"[{""pair"": [3, 10, 0, 4], ""acc"": -0.8, ""vel"": 24.85, ""pos"": 202.3, ""error"": 0.029074399999917233}]","[[{""pair"": [3, 4, 3, 10], ""acc"": -0.8, ""vel"": 4.37, ""pos"": 202.3, ""error"": 20.509074399999918}], [{""pair"": [3, 4, 1, 10], ""acc"": -0.8, ""vel"": 4.39, ""pos"": 202.3, ""error"": 20.489074399999918}], [{""pair"": [3, 10, 0, 4], ""acc"": -0.8, ""vel"": 24.85, ""pos"": 202.3, ""error"": 0.029074399999917233}], [{""pair"": [0, 4, 1, 10], ""acc"": -0.8, ""vel"": 24.87, ""pos"": 202.3, ""error"": 0.03627439999991111}]]"
-0.8,24.83,202.7,-0.7,24.83,202.7,-0.8,24.83,202.7,3,"[{""pair"": [3, 5, 0, 7], ""acc"": -0.8, ""vel"": 24.83, ""pos"": 202.7, ""error"": 0.028734399999954974}]","[[{""pair"": [3, 5, 0, 7], ""acc"": -0.8, ""vel"": 24.83, ""pos"": 202.7, ""error"": 0.028734399999954974}], [{""pair"": [3, 5, 2, 7], ""acc"": -0.7, ""vel"": 24.83, ""pos"": 202.7, ""error"": 0.028734399999954974}], [{""pair"": [0, 5, 0, 7], ""acc"": -0.8, ""vel"": 65.79, ""pos"": 202.7, ""error"": 40.97593439999995}], [{""pair"": [0, 5, 2, 7], ""acc"": -0.7, ""vel"": 65.79, ""pos"": 202.7, ""error"": 40.97593439999995}], [{""pair"": [1, 5, 0, 7], ""acc"": -0.8, ""vel"": 24.83, ""pos"": 407.5, ""error"": 204.78406560000008}], [{""pair"": [1, 5, 2, 7], ""acc"": -0.7, ""vel"": 24.83, ""pos"": 407.5, ""error"": 204.78406560000008}], [{""pair"": [2, 5, 0, 7], ""acc"": -0.8, ""vel"": 24.83, ""pos"": 202.7, ""error"": 0.028734399999954974}], [{""pair"": [2, 5, 2, 7], ""acc"": -0.7, ""vel"": 24.83, ""pos"": 202.7, ""error"": 0.028734399999954974}]]"
-0.8,24.8,203.2,-0.8,65.76,203.2,-0.8,24.8,203.2,3,"[{""pair"": [2, 0, 0, 5], ""acc"": -0.8, ""vel"": 24.8, ""pos"": 203.2, ""error"": 0.12002239999950604}]","[[{""pair"": [2, 0, 0, 5], ""acc"": -0.8, ""vel"": 24.8, ""pos"": 203.2, ""error"": 0.12002239999950604}], [{""pair"": [2, 0, 2, 5], ""acc"": -0.8, ""vel"": 65.76, ""pos"": 203.2, ""error"": 41.045622399999544}]]"
-0.8,24.78,203.5,-0.8,24.74,203.9,-0.8,24.78,203.5,3,"[{""pair"": [1, 11, 2, 12], ""acc"": -0.8, ""vel"": 24.78, ""pos"": 203.5, ""error"": 0.1278843999999033}]","[[{""pair"": [3, 12, 1, 11], ""acc"": -0.8, ""vel"": 24.78, ""pos"": 203.9, ""error"": 0.28491560000010807}], [{""pair"": [1, 11, 0, 12], ""acc"": -4.0, ""vel"": 24.78, ""pos"": 203.9, ""error"": 0.28491560000010807}], [{""pair"": [1, 11, 1, 12], ""acc"": -0.8, ""vel"": 24.7, ""pos"": 203.9, ""error"": 0.3649156000001099}], [{""pair"": [1, 11, 2, 12], ""acc"": -0.8, ""vel"": 24.78, ""pos"": 203.5, ""error"": 0.1278843999999033}], [{""pair"": [0, 10, 1, 10], ""acc"": -1.6, ""vel"": 24.72, ""pos"": 203.9, ""error"": 0.34491560000011035}], [{""pair"": [0, 10, 2, 10], ""acc"": -1.6, ""vel"": 24.74, ""pos"": 203.8, ""error"": 0.22491560000011646}], [{""pair"": [1, 10, 0, 10], ""acc"": -1.6, ""vel"": 24.72, ""pos"": 203.9, ""error"": 0.34491560000011035}], [{""pair"": [1, 10, 2, 10], ""acc"": -0.8, ""vel"": 24.72, ""pos"": 203.8, ""error"": 0.24491560000011603}], [{""pair"": [2, 10, 0, 10], ""acc"": -1.6, ""vel"": 24.74, ""pos"": 203.8, ""error"": 0.22491560000011646}], [{""pair"": [2, 10, 1, 10], ""acc"": -0.8, ""vel"": 24.72, ""pos"": 203.8, ""error"": 0.24491560000011603}]]"
-0.8,24.76,204.0,-2.4,24.76,204.0,-0.8,24.76,204.0,3,"[{""pair"": [3, 7, 0, 11], ""acc"": -0.8, ""vel"": 24.76, ""pos"": 204.0, ""error"": 0.08525560000008525}]","[[{""pair"": [3, 7, 0, 11], ""acc"": -0.8, ""vel"": 24.76, ""pos"": 204.0, ""error"": 0.08525560000008525}], [{""pair"": [3, 7, 2, 11], ""acc"": -2.4, ""vel"": 24.76, ""pos"": 204.2, ""error"": 0.2852556000000739}], [{""pair"": [2, 7, 0, 11], ""acc"": -0.8, ""vel"": 24.76, ""pos"": 204.0, ""error"": 0.08525560000008525}], [{""pair"": [2, 7, 2, 11], ""acc"": -2.4, ""vel"": 24.76, ""pos"": 204.2, ""error"": 0.2852556000000739}]]"
-0.8,24.74,204.4,-0.8,4.26,202.8,-0.8,24.74,204.4,3,"[{""pair"": [2, 14, 0, 4], ""acc"": -0.8, ""vel"": 24.74, ""pos"": 204.4, ""error"": 0.011142400000970554}]","[[{""pair"": [3, 4, 2, 14], ""acc"": -0.8, ""vel"": 4.26, ""pos"": 204.4, ""error"": 20.491142400000967}], [{""pair"": [2, 14, 0, 4], ""acc"": -0.8, ""vel"": 24.74, ""pos"": 204.4, ""error"": 0.011142400000970554}], [{""pair"": [2, 14, 2, 4], ""acc"": -0.8, ""vel"": 4.26, ""pos"": 204.4, ""error"": 20.491142400000967}]]"
-0.8,24.71,204.8,-0.8,4.23,204.8,-0.8,24.71,204.8,3,"[{""pair"": [3, 9, 0, 4], ""acc"": -0.8, ""vel"": 24.71, ""pos"": 204.8, ""error"": 0.03686439999989588}]","[[{""pair"": [3, 4, 3, 9], ""acc"": -0.8, ""vel"": 4.23, ""pos"": 204.8, ""error"": 20.516864399999896}], [{""pair"": [3, 4, 1, 9], ""acc"": -0.8, ""vel"": 4.22, ""pos"": 204.8, ""error"": 20.526864399999898}], [{""pair"": [3, 9, 0, 4], ""acc"": -0.8, ""vel"": 24.71, ""pos"": 204.8, ""error"": 0.03686439999989588}], [{""pair"": [3, 9, 1, 4], ""acc"": -0.8, ""vel"": 4.23, ""pos"": 307.2, ""error"": 122.87593560000008}], [{""pair"": [3, 9, 2, 4], ""acc"": -0.8, ""vel"": 4.23, ""pos"": 204.8, ""error"": 20.516864399999896}], [{""pair"": [0, 4, 1, 9], ""acc"": -0.8, ""vel"": 24.7, ""pos"": 204.8, ""error"": 0.046864399999897444}], [{""pair"": [1, 4, 1, 9], ""acc"": -0.8, ""vel"": 4.22, ""pos"": 307.2, ""error"": 122.88593560000008}], [{""pair"": [2, 4, 1, 9], ""acc"": -0.8, ""vel"": 4.22, ""pos"": 204.8, ""error"": 20.526864399999898}]]"
-0.8,24.69,205.2,-0.8,24.69,205.2,-0.8,24.69,205.2,3,"[{""pair"": [3, 11, 2, 4], ""acc"": -0.8, ""vel"": 24.69, ""pos"": 205.2, ""error"": 0.02635439999993494}]","[[{""pair"": [3, 11, 0, 4], ""acc"": -0.8, ""vel"": 4.21, ""pos"": 205.2, ""error"": 20.506354399999935}], [{""pair"": [3, 11, 2, 4], ""acc"": -0.8, ""vel"": 24.69, ""pos"": 205.2, ""error"": 0.02635439999993494}], [{""pair"": [0, 4, 2, 11], ""acc"": -0.8, ""vel"": 4.21, ""pos"": 205.4, ""error"": 20.66644560000009}], [{""pair"": [2, 4, 2, 11], ""acc"": -0.8, ""vel"": 24.69, ""pos"": 205.4, ""error"": 0.1864456000000878}]]"
-0.8,24.67,205.6,-0.8,24.67,1844.0,-0.8,24.67,205.6,3,"[{""pair"": [3, 12, 1, 8], ""acc"": -0.8, ""vel"": 24.67, ""pos"": 205.6, ""error"": 0.012262399999514173}]","[[{""pair"": [3, 8, 3, 12], ""acc"": -0.8, ""vel"": 24.67, ""pos"": 1844.0, ""error"": 1638.4122623999995}], [{""pair"": [3, 8, 1, 12], ""acc"": -0.8, ""vel"": 24.75, ""pos"": 1844.0, ""error"": 1638.4778623999994}], [{""pair"": [3, 8, 2, 12], ""acc"": -0.8, ""vel"": 24.67, ""pos"": 1844.4, ""error"": 1638.8122623999996}], [{""pair"": [3, 12, 1, 8], ""acc"": -0.8, ""vel"": 24.67, ""pos"": 205.6, ""error"": 0.012262399999514173}], [{""pair"": [3, 12, 2, 8], ""acc"": -0.8, ""vel"": 24.67, ""pos"": 1844.0, ""error"": 1638.4122623999995}], [{""pair"": [1, 8, 1, 12], ""acc"": -0.8, ""vel"": 24.75, ""pos"": 205.6, ""error"": 0.07786239999954603}], [{""pair"": [1, 8, 2, 12], ""acc"": -0.8, ""vel"": 24.67, ""pos"": 206.0, ""error"": 0.41226239999951986}], [{""pair"": [2, 8, 1, 12], ""acc"": -0.8, ""vel"": 24.75, ""pos"": 1844.0, ""error"": 1638.4778623999994}], [{""pair"": [2, 8, 2, 12], ""acc"": -0.8, ""vel"": 24.67, ""pos"": 1844.4, ""error"": 1638.8122623999996}]]"
-0.8,24.65,206.0,-0.8,24.65,206.0,-0.8,24.65,206.0,3,"[{""pair"": [3, 1, 3, 2], ""acc"": -0.8, ""vel"": 24.65, ""pos"": 206.0, ""error"": 0.025674399999921604}]","[[{""pair"": [3, 1, 3, 2], ""acc"": -0.8, ""vel"": 24.65, ""pos"": 206.0, ""error"": 0.025674399999921604}], [{""pair"": [3, 1, 0, 2], ""acc"": -0.8, ""vel"": 29.77, ""pos"": 206.0, ""error"": 5.13287439999991}], [{""pair"": [3, 1, 1, 2], ""acc"": -0.8, ""vel"": 24.65, ""pos"": 231.6, ""error"": 25.587125600000086}], [{""pair"": [3, 2, 0, 1], ""acc"": -0.8, ""vel"": 22.09, ""pos"": 206.0, ""error"": 2.5856743999999203}], [{""pair"": [3, 2, 2, 1], ""acc"": -0.8, ""vel"": 24.65, ""pos"": 206.0, ""error"": 0.025674399999921604}], [{""pair"": [1, 0, 2, 0], ""acc"": -0.8, ""vel"": 24.65, ""pos"": 212.4, ""error"": 6.387125600000097}], [{""pair"": [2, 0, 1, 0], ""acc"": -0.8, ""vel"": 24.65, ""pos"": 212.4, ""error"": 6.387125600000097}], [{""pair"": [0, 1, 0, 2], ""acc"": -0.8, ""vel"": 27.21, ""pos"": 206.0, ""error"": 2.572874399999911}], [{""pair"": [0, 1, 1, 2], ""acc"": -0.8, ""vel"": 22.09, ""pos"": 231.6, ""error"": 28.147125600000084}], [{""pair"": [2, 1, 0, 2], ""acc"": -0.8, ""vel"": 29.77, ""pos"": 206.0, ""error"": 5.13287439999991}], [{""pair"": [2, 1, 1, 2], ""acc"": -0.8, ""vel"": 24.65, ""pos"": 231.6, ""error"": 25.587125600000086}]]"
-0.8,24.62,206.4,-0.8,25.58,206.4,-0.8,24.62,206.4,3,"[{""pair"": [1, 14, 1, 15], ""acc"": -0.8, ""vel"": 24.62, ""pos"": 206.4, ""error"": 0.03533439999992183}]","[[{""pair"": [3, 14, 3, 15], ""acc"": -0.8, ""vel"": 25.58, ""pos"": 206.4, ""error"": 0.9625343999999174}], [{""pair"": [3, 14, 0, 15], ""acc"": 24.8, ""vel"": 25.58, ""pos"": 206.4, ""error"": 0.9625343999999174}], [{""pair"": [3, 14, 1, 15], ""acc"": -0.8, ""vel"": 24.94, ""pos"": 206.4, ""error"": 0.3225343999999204}], [{""pair"": [3, 15, 0, 14], ""acc"": -13.6, ""vel"": 25.58, ""pos"": 206.4, ""error"": 0.9625343999999174}], [{""pair"": [3, 15, 1, 14], ""acc"": -0.8, ""vel"": 25.26, ""pos"": 206.4, ""error"": 0.6425343999999207}], [{""pair"": [3, 15, 2, 14], ""acc"": -0.8, ""vel"": 25.58, ""pos"": 204.8, ""error"": 2.5625343999999117}], [{""pair"": [0, 14, 0, 15], ""acc"": 12.0, ""vel"": 25.58, ""pos"": 206.4, ""error"": 0.9625343999999174}], [{""pair"": [0, 14, 1, 15], ""acc"": -13.6, ""vel"": 24.94, ""pos"": 206.4, ""error"": 0.3225343999999204}], [{""pair"": [1, 14, 0, 15], ""acc"": 24.8, ""vel"": 25.26, ""pos"": 206.4, ""error"": 0.6425343999999207}], [{""pair"": [1, 14, 1, 15], ""acc"": -0.8, ""vel"": 24.62, ""pos"": 206.4, ""error"": 0.03533439999992183}], [{""pair"": [2, 14, 0, 15], ""acc"": 24.8, ""vel"": 25.58, ""pos"": 204.8, ""error"": 2.5625343999999117}], [{""pair"": [2, 14, 1, 15], ""acc"": -0.8, ""vel"": 24.94, ""pos"": 204.8, ""error"": 1.9225343999999147}]]"
-0.8,24.6,206.9,-7.2,24.6,206.9,-0.8,24.6,206.9,3,"[{""pair"": [3, 0, 0, 13], ""acc"": -0.8, ""vel"": 24.6, ""pos"": 206.9, ""error"": 0.11338239999949451}]","[[{""pair"": [3, 0, 0, 13], ""acc"": -0.8, ""vel"": 24.6, ""pos"": 206.9, ""error"": 0.11338239999949451}], [{""pair"": [3, 0, 2, 13], ""acc"": -7.2, ""vel"": 24.6, ""pos"": 207.7, ""error"": 0.9133823999994775}], [{""pair"": [0, 0, 0, 13], ""acc"": -0.8, ""vel"": 23.32, ""pos"": 206.9, ""error"": 1.3933823999994956}], [{""pair"": [0, 0, 2, 13], ""acc"": -7.2, ""vel"": 23.32, ""pos"": 207.7, ""error"": 2.1933823999994786}], [{""pair"": [2, 0, 0, 13], ""acc"": -0.8, ""vel"": 24.6, ""pos"": 206.9, ""error"": 0.11338239999949451}], [{""pair"": [2, 0, 2, 13], ""acc"": -7.2, ""vel"": 24.6, ""pos"": 207.7, ""error"": 0.9133823999994775}]]"
-0.8,24.58,207.3,-4.0,24.58,207.5,-0.8,24.58,207.3,3,"[{""pair"": [2, 11, 0, 12], ""acc"": -0.8, ""vel"": 24.58, ""pos"": 207.3, ""error"": 0.024484399999913364}]","[[{""pair"": [3, 11, 3, 12], ""acc"": -4.0, ""vel"": 24.58, ""pos"": 207.5, ""error"": 0.18831560000008807}], [{""pair"": [3, 11, 0, 12], ""acc"": -0.8, ""vel"": 24.58, ""pos"": 207.5, ""error"": 0.18831560000008807}], [{""pair"": [3, 11, 2, 12], ""acc"": -4.0, ""vel"": 24.58, ""pos"": 207.9, ""error"": 0.5883156000000938}], [{""pair"": [3, 12, 0, 11], ""acc"": -5.6, ""vel"": 24.58, ""pos"": 207.5, ""error"": 0.18831560000008807}], [{""pair"": [3, 12, 2, 11], ""acc"": -4.0, ""vel"": 24.58, ""pos"": 207.3, ""error"": 0.024484399999913364}], [{""pair"": [0, 11, 0, 12], ""acc"": -2.4, ""vel"": 24.58, ""pos"": 207.5, ""error"": 0.18831560000008807}], [{""pair"": [0, 11, 2, 12], ""acc"": -5.6, ""vel"": 24.58, ""pos"": 207.9, ""error"": 0.5883156000000938}], [{""pair"": [2, 11, 0, 12], ""acc"": -0.8, ""vel"": 24.58, ""pos"": 207.3, ""error"": 0.024484399999913364}], [{""pair"": [2, 11, 2, 12], ""acc"": -4.0, ""vel"": 24.58, ""pos"": 207.7, ""error"": 0.3883156000000767}]]"
-0.8,24.56,207.7,-0.6,24.56,210.9,-0.8,24.56,207.7,3,"[{""pair"": [0, 8, 2, 15], ""acc"": -0.8, ""vel"": 24.56, ""pos"": 207.7, ""error"": 0.024144399999944}]","[[{""pair"": [3, 8, 3, 15], ""acc"": -0.6, ""vel"": 24.56, ""pos"": 210.9, ""error"": 3.1886556000000787}], [{""pair"": [3, 8, 0, 15], ""acc"": 25.0, ""vel"": 24.56, ""pos"": 210.9, ""error"": 3.1886556000000787}], [{""pair"": [3, 8, 2, 15], ""acc"": -0.6, ""vel"": 24.56, ""pos"": 207.7, ""error"": 0.024144399999944}], [{""pair"": [3, 15, 0, 8], ""acc"": -0.8, ""vel"": 24.56, ""pos"": 210.9, ""error"": 3.1886556000000787}], [{""pair"": [3, 15, 2, 8], ""acc"": -0.6, ""vel"": 24.56, ""pos"": 210.9, ""error"": 3.1886556000000787}], [{""pair"": [0, 8, 0, 15], ""acc"": 24.8, ""vel"": 24.56, ""pos"": 210.9, ""error"": 3.1886556000000787}], [{""pair"": [0, 8, 2, 15], ""acc"": -0.8, ""vel"": 24.56, ""pos"": 207.7, ""error"": 0.024144399999944}], [{""pair"": [2, 8, 0, 15], ""acc"": 25.0, ""vel"": 24.56, ""pos"": 210.9, ""error"": 3.1886556000000787}], [{""pair"": [2, 8, 2, 15], ""acc"": -0.6, ""vel"": 24.56, ""pos"": 207.7, ""error"": 0.024144399999944}]]"
-0.8,24.53,208.1,-0.8,23.25,208.1,-0.8,24.53,208.1,3,"[{""pair"": [3, 4, 0, 0], ""acc"": -0.8, ""vel"": 24.53, ""pos"": 208.1, ""error"": 0.024342399999518705}]","[[{""pair"": [3, 0, 3, 4], ""acc"": -0.8, ""vel"": 23.25, ""pos"": 208.1, ""error"": 1.3043423999995198}], [{""pair"": [3, 0, 0, 4], ""acc"": -0.8, ""vel"": 2.77, ""pos"": 208.1, ""error"": 21.78434239999952}], [{""pair"": [3, 0, 2, 4], ""acc"": -0.8, ""vel"": 23.25, ""pos"": 208.1, ""error"": 1.3043423999995198}], [{""pair"": [3, 4, 0, 0], ""acc"": -0.8, ""vel"": 24.53, ""pos"": 208.1, ""error"": 0.024342399999518705}], [{""pair"": [3, 4, 1, 0], ""acc"": -0.8, ""vel"": 23.25, ""pos"": 214.5, ""error"": 7.7043423999995255}], [{""pair"": [0, 0, 0, 4], ""acc"": -0.8, ""vel"": 4.05, ""pos"": 208.1, ""error"": 20.50434239999952}], [{""pair"": [0, 0, 2, 4], ""acc"": -0.8, ""vel"": 24.53, ""pos"": 208.1, ""error"": 0.024342399999518705}], [{""pair"": [1, 0, 0, 4], ""acc"": -0.8, ""vel"": 2.77, ""pos"": 214.5, ""error"": 28.184342399999526}], [{""pair"": [1, 0, 2, 4], ""acc"": -0.8, ""vel"": 23.25, ""pos"": 214.5, ""error"": 7.7043423999995255}]]"
-0.8,24.51,208.5,-2.4,24.49,208.5,-0.8,24.51,208.5,3,"[{""pair"": [1, 10, 0, 11], ""acc"": -0.8, ""vel"": 24.51, ""pos"": 208.5, ""error"": 0.02329439999990157}]","[[{""pair"": [3, 10, 0, 11], ""acc"": -0.8, ""vel"": 24.49, ""pos"": 208.5, ""error"": 0.0432943999999047}], [{""pair"": [3, 10, 1, 11], ""acc"": -2.4, ""vel"": 24.53, ""pos"": 208.5, ""error"": 0.03049439999989545}], [{""pair"": [3, 10, 2, 11], ""acc"": -2.4, ""vel"": 24.49, ""pos"": 208.7, ""error"": 0.20950560000009588}], [{""pair"": [3, 12, 0, 10], ""acc"": -3.2, ""vel"": 24.49, ""pos"": 208.5, ""error"": 0.0432943999999047}], [{""pair"": [3, 12, 2, 10], ""acc"": -2.4, ""vel"": 24.49, ""pos"": 208.4, ""error"": 0.143294399999899}], [{""pair"": [0, 10, 1, 12], ""acc"": -3.2, ""vel"": 24.57, ""pos"": 208.5, ""error"": 0.0704943999998946}], [{""pair"": [1, 10, 0, 11], ""acc"": -0.8, ""vel"": 24.51, ""pos"": 208.5, ""error"": 0.02329439999990157}], [{""pair"": [1, 10, 1, 11], ""acc"": -2.4, ""vel"": 24.55, ""pos"": 208.5, ""error"": 0.05049439999989502}], [{""pair"": [1, 10, 2, 11], ""acc"": -2.4, ""vel"": 24.51, ""pos"": 208.7, ""error"": 0.18950560000009276}], [{""pair"": [2, 10, 1, 12], ""acc"": -2.4, ""vel"": 24.57, ""pos"": 208.4, ""error"": 0.1704943999998889}]]"
-0.8,24.49,208.9,-0.8,24.49,208.9,-0.8,24.49,208.9,3,"[{""pair"": [3, 7, 2, 3], ""acc"": -0.8, ""vel"": 24.49, ""pos"": 208.9, ""error"": 0.02295439999991089}]","[[{""pair"": [3, 7, 0, 3], ""acc"": -0.8, ""vel"": 34.73, ""pos"": 208.9, ""error"": 10.250154399999897}], [{""pair"": [3, 7, 1, 3], ""acc"": -0.8, ""vel"": 24.49, ""pos"": 260.1, ""error"": 51.18984560000012}], [{""pair"": [3, 7, 2, 3], ""acc"": -0.8, ""vel"": 24.49, ""pos"": 208.9, ""error"": 0.02295439999991089}], [{""pair"": [0, 3, 0, 7], ""acc"": -0.7, ""vel"": 34.73, ""pos"": 208.9, ""error"": 10.250154399999897}], [{""pair"": [0, 3, 1, 7], ""acc"": -0.8, ""vel"": 34.73, ""pos"": 1028.1, ""error"": 829.4170456}], [{""pair"": [0, 3, 2, 7], ""acc"": -0.8, ""vel"": 34.73, ""pos"": 208.9, ""error"": 10.250154399999897}], [{""pair"": [1, 3, 0, 7], ""acc"": -0.7, ""vel"": 24.49, ""pos"": 260.1, ""error"": 51.18984560000012}], [{""pair"": [1, 3, 1, 7], ""acc"": -0.8, ""vel"": 24.49, ""pos"": 1079.3, ""error"": 870.3898456000001}], [{""pair"": [1, 3, 2, 7], ""acc"": -0.8, ""vel"": 24.49, ""pos"": 260.1, ""error"": 51.18984560000012}], [{""pair"": [2, 3, 0, 7], ""acc"": -0.7, ""vel"": 24.49, ""pos"": 208.9, ""error"": 0.02295439999991089}], [{""pair"": [2, 3, 1, 7], ""acc"": -0.8, ""vel"": 24.49, ""pos"": 1028.1, ""error"": 819.1898456}], [{""pair"": [2, 3, 2, 7], ""acc"": -0.8, ""vel"": 24.49, ""pos"": 208.9, ""error"": 0.02295439999991089}]]"
-0.8,24.47,209.3,-0.8,24.47,209.3,-0.8,24.47,209.3,3,"[{""pair"": [3, 3, 3, 11], ""acc"": -0.8, ""vel"": 24.47, ""pos"": 209.3, ""error"": 0.015462399999506715}]","[[{""pair"": [3, 3, 3, 11], ""acc"": -0.8, ""vel"": 24.47, ""pos"": 209.3, ""error"": 0.015462399999506715}], [{""pair"": [3, 3, 0, 11], ""acc"": -2.4, ""vel"": 24.47, ""pos"": 209.3, ""error"": 0.015462399999506715}], [{""pair"": [3, 3, 1, 11], ""acc"": -0.8, ""vel"": 24.43, ""pos"": 209.3, ""error"": 0.05546239999950586}], [{""pair"": [3, 11, 0, 3], ""acc"": -0.8, ""vel"": 34.71, ""pos"": 209.3, ""error"": 10.241062399999542}], [{""pair"": [3, 11, 1, 3], ""acc"": -0.8, ""vel"": 24.47, ""pos"": 260.5, ""error"": 51.215462399999495}], [{""pair"": [3, 11, 2, 3], ""acc"": -0.8, ""vel"": 24.47, ""pos"": 209.3, ""error"": 0.015462399999506715}], [{""pair"": [0, 3, 0, 11], ""acc"": -2.4, ""vel"": 34.71, ""pos"": 209.3, ""error"": 10.241062399999542}], [{""pair"": [0, 3, 1, 11], ""acc"": -0.8, ""vel"": 34.67, ""pos"": 209.3, ""error"": 10.201062399999543}], [{""pair"": [1, 3, 0, 11], ""acc"": -2.4, ""vel"": 24.47, ""pos"": 260.5, ""error"": 51.215462399999495}], [{""pair"": [1, 3, 1, 11], ""acc"": -0.8, ""vel"": 24.43, ""pos"": 260.5, ""error"": 51.255462399999494}], [{""pair"": [2, 3, 0, 11], ""acc"": -2.4, ""vel"": 24.47, ""pos"": 209.3, ""error"": 0.015462399999506715}], [{""pair"": [2, 3, 1, 11], ""acc"": -0.8, ""vel"": 24.43, ""pos"": 209.3, ""error"": 0.05546239999950586}]]"
-0.8,24.44,209.7,-0.8,21.88,4.9,-0.8,24.44,209.7,3,"[{""pair"": [0, 1, 1, 5], ""acc"": -0.8, ""vel"": 24.44, ""pos"": 209.7, ""error"": 0.0322743999999453}]","[[{""pair"": [0, 1, 0, 5], ""acc"": -0.8, ""vel"": 65.4, ""pos"": 4.9, ""error"": 245.75947439999993}], [{""pair"": [0, 1, 1, 5], ""acc"": -0.8, ""vel"": 24.44, ""pos"": 209.7, ""error"": 0.0322743999999453}], [{""pair"": [0, 1, 2, 5], ""acc"": -0.8, ""vel"": 24.44, ""pos"": 4.9, ""error"": 204.83227439999993}], [{""pair"": [1, 1, 0, 5], ""acc"": -0.8, ""vel"": 62.84, ""pos"": 17.7, ""error"": 230.39947439999995}], [{""pair"": [1, 1, 1, 5], ""acc"": -0.8, ""vel"": 21.88, ""pos"": 222.5, ""error"": 15.36052560000007}], [{""pair"": [1, 1, 2, 5], ""acc"": -0.8, ""vel"": 21.88, ""pos"": 17.7, ""error"": 194.59227439999995}], [{""pair"": [2, 1, 0, 5], ""acc"": -0.8, ""vel"": 62.84, ""pos"": 4.9, ""error"": 243.19947439999993}], [{""pair"": [2, 1, 1, 5], ""acc"": -0.8, ""vel"": 21.88, ""pos"": 209.7, ""error"": 2.5922743999999476}], [{""pair"": [2, 1, 2, 5], ""acc"": -0.8, ""vel"": 21.88, ""pos"": 4.9, ""error"": 207.39227439999993}]]"
-0.8,24.42,210.1,-0.8,23.3,210.1,-0.8,24.42,210.1,3,"[{""pair"": [0, 0, 1, 13], ""acc"": -0.8, ""vel"": 24.42, ""pos"": 210.1, ""error"": 0.021764399999899098}]","[[{""pair"": [0, 0, 0, 13], ""acc"": -7.2, ""vel"": 24.58, ""pos"": 210.1, ""error"": 0.16896439999989}], [{""pair"": [0, 0, 1, 13], ""acc"": -0.8, ""vel"": 24.42, ""pos"": 210.1, ""error"": 0.021764399999899098}], [{""pair"": [1, 0, 0, 13], ""acc"": -7.2, ""vel"": 23.3, ""pos"": 216.5, ""error"": 7.511035600000113}], [{""pair"": [1, 0, 1, 13], ""acc"": -0.8, ""vel"": 23.14, ""pos"": 216.5, ""error"": 7.671035600000113}], [{""pair"": [2, 0, 0, 13], ""acc"": -7.2, ""vel"": 23.3, ""pos"": 210.1, ""error"": 1.1417643999999}], [{""pair"": [2, 0, 1, 13], ""acc"": -0.8, ""vel"": 23.14, ""pos"": 210.1, ""error"": 1.3017643999999002}]]"
-0.9,24.4,210.5,-0.1,24.4,210.5,-0.9,24.4,210.5,3,"[{""pair"": [3, 15, 0, 10], ""acc"": -0.9, ""vel"": 24.4, ""pos"": 210.5, ""error"": 0.01658240000096356}]","[[{""pair"": [3, 10, 3, 15], ""acc"": -0.1, ""vel"": 24.4, ""pos"": 210.5, ""error"": 0.01658240000096356}], [{""pair"": [3, 10, 0, 15], ""acc"": 25.5, ""vel"": 24.4, ""pos"": 210.5, ""error"": 0.01658240000096356}], [{""pair"": [3, 10, 2, 15], ""acc"": -0.1, ""vel"": 24.4, ""pos"": 207.3, ""error"": 3.197817599999091}], [{""pair"": [3, 15, 0, 10], ""acc"": -0.9, ""vel"": 24.4, ""pos"": 210.5, ""error"": 0.01658240000096356}], [{""pair"": [3, 15, 2, 10], ""acc"": -0.1, ""vel"": 24.4, ""pos"": 210.4, ""error"": 0.09781759999909667}], [{""pair"": [0, 10, 0, 15], ""acc"": 24.7, ""vel"": 24.4, ""pos"": 210.5, ""error"": 0.01658240000096356}], [{""pair"": [0, 10, 2, 15], ""acc"": -0.9, ""vel"": 24.4, ""pos"": 207.3, ""error"": 3.197817599999091}], [{""pair"": [2, 10, 0, 15], ""acc"": 25.5, ""vel"": 24.4, ""pos"": 210.4, ""error"": 0.09781759999909667}], [{""pair"": [2, 10, 2, 15], ""acc"": -0.1, ""vel"": 24.4, ""pos"": 207.2, ""error"": 3.2978175999991137}]]"
-0.9,24.37,210.9,-1.0,24.37,210.9,-0.9,24.37,210.9,3,"[{""pair"": [2, 8, 0, 7], ""acc"": -0.9, ""vel"": 24.37, ""pos"": 210.9, ""error"": 0.029369949999900058}]","[[{""pair"": [3, 7, 3, 9], ""acc"": -1.0, ""vel"": 24.37, ""pos"": 210.9, ""error"": 0.029369949999900058}], [{""pair"": [1, 8, 0, 7], ""acc"": -0.9, ""vel"": 24.37, ""pos"": 1849.3, ""error"": 1638.40003005}], [{""pair"": [1, 8, 1, 7], ""acc"": -1.0, ""vel"": 24.37, ""pos"": 2668.5, ""error"": 2457.6000300500004}], [{""pair"": [2, 8, 0, 7], ""acc"": -0.9, ""vel"": 24.37, ""pos"": 210.9, ""error"": 0.029369949999900058}], [{""pair"": [2, 8, 1, 7], ""acc"": -1.0, ""vel"": 24.37, ""pos"": 1030.1, ""error"": 819.2000300499999}], [{""pair"": [3, 7, 2, 9], ""acc"": -1.0, ""vel"": 24.37, ""pos"": 210.9, ""error"": 0.029369949999900058}], [{""pair"": [3, 9, 2, 7], ""acc"": -1.0, ""vel"": 24.37, ""pos"": 210.9, ""error"": 0.029369949999900058}], [{""pair"": [2, 7, 2, 9], ""acc"": -1.0, ""vel"": 24.37, ""pos"": 210.9, ""error"": 0.029369949999900058}]]"
-0.9,24.35,211.3,-0.9,24.35,211.3,-0.9,24.35,211.3,3,"[{""pair"": [3, 6, 3, 12], ""acc"": -0.9, ""vel"": 24.35, ""pos"": 211.3, ""error"": 0.018859949999910697}]","[[{""pair"": [3, 6, 3, 12], ""acc"": -0.9, ""vel"": 24.35, ""pos"": 211.3, ""error"": 0.018859949999910697}], [{""pair"": [3, 6, 1, 12], ""acc"": -0.9, ""vel"": 24.43, ""pos"": 211.3, ""error"": 0.08945994999990248}], [{""pair"": [3, 6, 2, 12], ""acc"": -0.9, ""vel"": 24.35, ""pos"": 211.7, ""error"": 0.3905400500000731}], [{""pair"": [3, 12, 2, 6], ""acc"": -0.9, ""vel"": 24.35, ""pos"": 211.3, ""error"": 0.018859949999910697}], [{""pair"": [2, 6, 1, 12], ""acc"": -0.9, ""vel"": 24.43, ""pos"": 211.3, ""error"": 0.08945994999990248}], [{""pair"": [2, 6, 2, 12], ""acc"": -0.9, ""vel"": 24.35, ""pos"": 211.7, ""error"": 0.3905400500000731}]]"
-0.9,24.33,211.8,-0.9,24.33,211.8,-0.9,24.33,211.8,3,"[{""pair"": [3, 0, 2, 2], ""acc"": -0.9, ""vel"": 24.33, ""pos"": 211.8, ""error"": 0.1161151999995127}]","[[{""pair"": [0, 1, 0, 0], ""acc"": -0.9, ""vel"": 20.49, ""pos"": 211.8, ""error"": 3.9561151999995126}], [{""pair"": [0, 1, 1, 0], ""acc"": -0.9, ""vel"": 21.77, ""pos"": 205.4, ""error"": 8.855084800000466}], [{""pair"": [2, 1, 0, 0], ""acc"": -0.9, ""vel"": 23.05, ""pos"": 211.8, ""error"": 1.3961151999995103}], [{""pair"": [2, 1, 1, 0], ""acc"": -0.9, ""vel"": 24.33, ""pos"": 205.4, ""error"": 6.295084800000467}], [{""pair"": [3, 0, 2, 2], ""acc"": -0.9, ""vel"": 24.33, ""pos"": 211.8, ""error"": 0.1161151999995127}], [{""pair"": [2, 0, 2, 2], ""acc"": -0.9, ""vel"": 24.33, ""pos"": 211.8, ""error"": 0.1161151999995127}]]"
-0.9,24.3,212.1,-0.9,24.3,224.9,-0.9,24.3,212.1,3,"[{""pair"": [1, 1, 2, 7], ""acc"": -0.9, ""vel"": 24.3, ""pos"": 212.1, ""error"": 0.12817994999991456}]","[[{""pair"": [0, 1, 1, 7], ""acc"": -0.9, ""vel"": 21.74, ""pos"": 1044.1, ""error"": 834.46122005}], [{""pair"": [0, 1, 2, 7], ""acc"": -0.9, ""vel"": 21.74, ""pos"": 224.9, ""error"": 15.261220050000102}], [{""pair"": [1, 1, 1, 7], ""acc"": -0.9, ""vel"": 24.3, ""pos"": 1031.3, ""error"": 819.1012200499999}], [{""pair"": [1, 1, 2, 7], ""acc"": -0.9, ""vel"": 24.3, ""pos"": 212.1, ""error"": 0.12817994999991456}], [{""pair"": [2, 1, 1, 7], ""acc"": -0.9, ""vel"": 24.3, ""pos"": 1044.1, ""error"": 831.9012200499999}], [{""pair"": [2, 1, 2, 7], ""acc"": -0.9, ""vel"": 24.3, ""pos"": 224.9, ""error"": 12.7012200500001}]]"
-0.9,24.28,212.6,-0.9,24.28,110.2,-0.9,24.28,212.6,3,"[{""pair"": [1, 4, 1, 5], ""acc"": -0.9, ""vel"": 24.28, ""pos"": 212.6, ""error"": 0.09173005000009837}]","[[{""pair"": [0, 4, 0, 5], ""acc"": -0.9, ""vel"": 44.76, ""pos"": 110.2, ""error"": 122.78826994999989}], [{""pair"": [0, 4, 1, 5], ""acc"": -0.9, ""vel"": 3.8, ""pos"": 315.0, ""error"": 122.9717300500001}], [{""pair"": [0, 4, 2, 5], ""acc"": -0.9, ""vel"": 3.8, ""pos"": 110.2, ""error"": 122.7976699499999}], [{""pair"": [1, 4, 0, 5], ""acc"": -0.9, ""vel"": 65.24, ""pos"": 7.8, ""error"": 245.66826994999988}], [{""pair"": [1, 4, 1, 5], ""acc"": -0.9, ""vel"": 24.28, ""pos"": 212.6, ""error"": 0.09173005000009837}], [{""pair"": [1, 4, 2, 5], ""acc"": -0.9, ""vel"": 24.28, ""pos"": 7.8, ""error"": 204.7176699499999}], [{""pair"": [2, 4, 0, 5], ""acc"": -0.9, ""vel"": 65.24, ""pos"": 110.2, ""error"": 143.26826994999988}], [{""pair"": [2, 4, 1, 5], ""acc"": -0.9, ""vel"": 24.28, ""pos"": 315.0, ""error"": 102.4917300500001}], [{""pair"": [2, 4, 2, 5], ""acc"": -0.9, ""vel"": 24.28, ""pos"": 110.2, ""error"": 102.3176699499999}], [{""pair"": [0, 3, 1, 3], ""acc"": -0.9, ""vel"": 34.52, ""pos"": 161.4, ""error"": 61.34826994999989}], [{""pair"": [0, 3, 2, 3], ""acc"": -0.9, ""vel"": 34.52, ""pos"": 110.2, ""error"": 112.54826994999989}], [{""pair"": [1, 3, 0, 3], ""acc"": -0.9, ""vel"": 34.52, ""pos"": 161.4, ""error"": 61.34826994999989}], [{""pair"": [1, 3, 2, 3], ""acc"": -0.9, ""vel"": 24.28, ""pos"": 161.4, ""error"": 51.11766994999989}], [{""pair"": [2, 3, 0, 3], ""acc"": -0.9, ""vel"": 34.52, ""pos"": 110.2, ""error"": 112.54826994999989}], [{""pair"": [2, 3, 1, 3], ""acc"": -0.9, ""vel"": 24.28, ""pos"": 161.4, ""error"": 51.11766994999989}]]"
-0.9,24.26,213.0,-1.0,24.26,213.0,-0.9,24.26,213.0,3,"[{""pair"": [3, 2, 0, 7], ""acc"": -0.9, ""vel"": 24.26, ""pos"": 213.0, ""error"": 0.01723519999952927}]","[[{""pair"": [3, 2, 0, 7], ""acc"": -0.9, ""vel"": 24.26, ""pos"": 213.0, ""error"": 0.01723519999952927}], [{""pair"": [3, 2, 1, 7], ""acc"": -1.0, ""vel"": 24.26, ""pos"": 1032.2, ""error"": 819.2172351999995}], [{""pair"": [0, 2, 0, 7], ""acc"": -0.9, ""vel"": 29.38, ""pos"": 213.0, ""error"": 5.12603519999956}], [{""pair"": [0, 2, 1, 7], ""acc"": -1.0, ""vel"": 29.38, ""pos"": 1032.2, ""error"": 824.3260351999996}], [{""pair"": [1, 2, 0, 7], ""acc"": -0.9, ""vel"": 24.26, ""pos"": 238.6, ""error"": 25.617235199999524}], [{""pair"": [1, 2, 1, 7], ""acc"": -1.0, ""vel"": 24.26, ""pos"": 1057.8, ""error"": 844.8172351999995}]]"
-0.9,24.24,213.4,-0.9,24.24,216.6,-0.9,24.24,213.4,3,"[{""pair"": [3, 5, 2, 15], ""acc"": -0.9, ""vel"": 24.24, ""pos"": 213.4, ""error"": 0.016989949999917542}]","[[{""pair"": [3, 5, 3, 15], ""acc"": -0.9, ""vel"": 24.24, ""pos"": 216.6, ""error"": 3.1924100500000847}], [{""pair"": [3, 5, 0, 15], ""acc"": 24.7, ""vel"": 24.24, ""pos"": 216.6, ""error"": 3.1924100500000847}], [{""pair"": [3, 5, 1, 15], ""acc"": -0.9, ""vel"": 23.6, ""pos"": 216.6, ""error"": 3.8324100500000817}], [{""pair"": [3, 5, 2, 15], ""acc"": -0.9, ""vel"": 24.24, ""pos"": 213.4, ""error"": 0.016989949999917542}], [{""pair"": [3, 15, 0, 5], ""acc"": -0.9, ""vel"": 65.2, ""pos"": 216.6, ""error"": 44.14301005000007}], [{""pair"": [3, 15, 2, 5], ""acc"": -0.9, ""vel"": 24.24, ""pos"": 216.6, ""error"": 3.1924100500000847}], [{""pair"": [0, 5, 0, 15], ""acc"": 24.7, ""vel"": 65.2, ""pos"": 216.6, ""error"": 44.14301005000007}], [{""pair"": [0, 5, 1, 15], ""acc"": -0.9, ""vel"": 64.56, ""pos"": 216.6, ""error"": 43.50301005000007}], [{""pair"": [0, 5, 2, 15], ""acc"": -0.9, ""vel"": 65.2, ""pos"": 213.4, ""error"": 40.967589949999905}], [{""pair"": [2, 5, 0, 15], ""acc"": 24.7, ""vel"": 24.24, ""pos"": 216.6, ""error"": 3.1924100500000847}], [{""pair"": [2, 5, 1, 15], ""acc"": -0.9, ""vel"": 23.6, ""pos"": 216.6, ""error"": 3.8324100500000817}], [{""pair"": [2, 5, 2, 15], ""acc"": -0.9, ""vel"": 24.24, ""pos"": 213.4, ""error"": 0.016989949999917542}]]"
-0.9,24.21,213.8,-0.9,106.13,213.8,-0.9,24.21,213.8,3,"[{""pair"": [0, 6, 2, 9], ""acc"": -0.9, ""vel"": 24.21, ""pos"": 213.8, ""error"": 0.026649949999889344}]","[[{""pair"": [0, 6, 0, 9], ""acc"": -1.3, ""vel"": 24.21, ""pos"": 213.8, ""error"": 0.026649949999889344}], [{""pair"": [0, 6, 1, 9], ""acc"": -0.9, ""vel"": 24.2, ""pos"": 213.8, ""error"": 0.03664994999989091}], [{""pair"": [0, 6, 2, 9], ""acc"": -0.9, ""vel"": 24.21, ""pos"": 213.8, ""error"": 0.026649949999889344}], [{""pair"": [2, 6, 0, 9], ""acc"": -1.3, ""vel"": 106.13, ""pos"": 213.8, ""error"": 81.91724994999988}], [{""pair"": [2, 6, 1, 9], ""acc"": -0.9, ""vel"": 106.12, ""pos"": 213.8, ""error"": 81.9072499499999}], [{""pair"": [2, 6, 2, 9], ""acc"": -0.9, ""vel"": 106.13, ""pos"": 213.8, ""error"": 81.91724994999988}]]"
-0.9,24.19,214.2,-0.1,24.19,9.4,-0.9,24.19,214.2,3,"[{""pair"": [1, 5, 0, 10], ""acc"": -0.9, ""vel"": 24.19, ""pos"": 214.2, ""error"": 0.01835519999948687}]","[[{""pair"": [3, 10, 0, 5], ""acc"": -0.1, ""vel"": 65.15, ""pos"": 9.4, ""error"": 245.7416448000005}], [{""pair"": [3, 10, 1, 5], ""acc"": -0.1, ""vel"": 24.19, ""pos"": 214.2, ""error"": 0.01835519999948687}], [{""pair"": [3, 10, 2, 5], ""acc"": -0.1, ""vel"": 24.19, ""pos"": 9.4, ""error"": 204.79284480000047}], [{""pair"": [0, 5, 0, 10], ""acc"": -0.9, ""vel"": 65.15, ""pos"": 9.4, ""error"": 245.7416448000005}], [{""pair"": [0, 5, 1, 10], ""acc"": -0.1, ""vel"": 65.13, ""pos"": 9.4, ""error"": 245.7216448000005}], [{""pair"": [1, 5, 0, 10], ""acc"": -0.9, ""vel"": 24.19, ""pos"": 214.2, ""error"": 0.01835519999948687}], [{""pair"": [1, 5, 1, 10], ""acc"": -0.1, ""vel"": 24.17, ""pos"": 214.2, ""error"": 0.038355199999486445}], [{""pair"": [2, 5, 0, 10], ""acc"": -0.9, ""vel"": 24.19, ""pos"": 9.4, ""error"": 204.79284480000047}], [{""pair"": [2, 5, 1, 10], ""acc"": -0.1, ""vel"": 24.17, ""pos"": 9.4, ""error"": 204.81284480000045}]]"
-0.9,24.17,214.6,-0.9,24.17,214.6,-0.9,24.17,214.6,3,"[{""pair"": [3, 4, 2, 3], ""acc"": -0.9, ""vel"": 24.17, ""pos"": 214.6, ""error"": 0.01579994999990575}]","[[{""pair"": [3, 4, 0, 3], ""acc"": -0.9, ""vel"": 34.41, ""pos"": 214.6, ""error"": 10.246399949999894}], [{""pair"": [3, 4, 1, 3], ""acc"": -0.9, ""vel"": 24.17, ""pos"": 265.8, ""error"": 51.193600050000114}], [{""pair"": [3, 4, 2, 3], ""acc"": -0.9, ""vel"": 24.17, ""pos"": 214.6, ""error"": 0.01579994999990575}], [{""pair"": [1, 4, 0, 3], ""acc"": -0.9, ""vel"": 34.41, ""pos"": 317.0, ""error"": 112.6242000500001}], [{""pair"": [1, 4, 1, 3], ""acc"": -0.9, ""vel"": 24.17, ""pos"": 368.2, ""error"": 153.5936000500001}], [{""pair"": [1, 4, 2, 3], ""acc"": -0.9, ""vel"": 24.17, ""pos"": 317.0, ""error"": 102.3936000500001}], [{""pair"": [2, 4, 0, 3], ""acc"": -0.9, ""vel"": 34.41, ""pos"": 214.6, ""error"": 10.246399949999894}], [{""pair"": [2, 4, 1, 3], ""acc"": -0.9, ""vel"": 24.17, ""pos"": 265.8, ""error"": 51.193600050000114}], [{""pair"": [2, 4, 2, 3], ""acc"": -0.9, ""vel"": 24.17, ""pos"": 214.6, ""error"": 0.01579994999990575}], [{""pair"": [3, 3, 0, 5], ""acc"": -0.9, ""vel"": 65.13, ""pos"": 214.6, ""error"": 40.9663999499999}], [{""pair"": [3, 3, 2, 5], ""acc"": -0.9, ""vel"": 24.17, ""pos"": 214.6, ""error"": 0.01579994999990575}]]"
-0.9,24.14,215.0,-0.9,29.26,215.0,-0.9,24.14,215.0,3,"[{""pair"": [0, 2, 2, 2], ""acc"": -0.9, ""vel"": 24.14, ""pos"": 215.0, ""error"": 0.02545994999991308}]","[[{""pair"": [0, 3, 0, 4], ""acc"": -0.9, ""vel"": 19.02, ""pos"": 215.0, ""error"": 5.145459949999914}], [{""pair"": [0, 3, 2, 4], ""acc"": -0.9, ""vel"": 39.5, ""pos"": 215.0, ""error"": 15.356059949999903}], [{""pair"": [1, 3, 0, 4], ""acc"": -0.9, ""vel"": 8.78, ""pos"": 266.2, ""error"": 66.56394005000008}], [{""pair"": [1, 3, 2, 4], ""acc"": -0.9, ""vel"": 29.26, ""pos"": 266.2, ""error"": 56.29454005000008}], [{""pair"": [0, 2, 2, 2], ""acc"": -0.9, ""vel"": 24.14, ""pos"": 215.0, ""error"": 0.02545994999991308}], [{""pair"": [2, 2, 0, 2], ""acc"": -0.9, ""vel"": 24.14, ""pos"": 215.0, ""error"": 0.02545994999991308}]]"
-0.9,24.12,215.4,-4.2,24.12,215.4,-0.9,24.12,215.4,3,"[{""pair"": [0, 7, 0, 12], ""acc"": -0.9, ""vel"": 24.12, ""pos"": 215.4, ""error"": 0.019475199999529735}]","[[{""pair"": [3, 12, 0, 7], ""acc"": -4.1, ""vel"": 24.12, ""pos"": 215.4, ""error"": 0.019475199999529735}], [{""pair"": [3, 12, 1, 7], ""acc"": -4.2, ""vel"": 24.12, ""pos"": 1034.6, ""error"": 819.2194751999994}], [{""pair"": [0, 7, 0, 12], ""acc"": -0.9, ""vel"": 24.12, ""pos"": 215.4, ""error"": 0.019475199999529735}], [{""pair"": [0, 7, 2, 12], ""acc"": -4.1, ""vel"": 24.12, ""pos"": 215.8, ""error"": 0.4194751999995354}], [{""pair"": [1, 7, 0, 12], ""acc"": -1.0, ""vel"": 24.12, ""pos"": 1034.6, ""error"": 819.2194751999994}], [{""pair"": [1, 7, 2, 12], ""acc"": -4.2, ""vel"": 24.12, ""pos"": 1035.0, ""error"": 819.6194751999994}]]"
-0.9,24.1,215.8,-0.9,25.38,215.8,-0.9,24.1,215.8,3,"[{""pair"": [3, 6, 0, 0], ""acc"": -0.9, ""vel"": 24.1, ""pos"": 215.8, ""error"": 0.014609949999897509}]","[[{""pair"": [3, 6, 0, 0], ""acc"": -0.9, ""vel"": 24.1, ""pos"": 215.8, ""error"": 0.014609949999897509}], [{""pair"": [3, 6, 1, 0], ""acc"": -0.9, ""vel"": 25.38, ""pos"": 209.4, ""error"": 7.685209949999894}], [{""pair"": [0, 0, 2, 6], ""acc"": -0.9, ""vel"": 24.1, ""pos"": 215.8, ""error"": 0.014609949999897509}], [{""pair"": [1, 0, 2, 6], ""acc"": -0.9, ""vel"": 25.38, ""pos"": 209.4, ""error"": 7.685209949999894}]]"
-0.9,24.07,216.2,-0.9,24.07,216.2,-0.9,24.07,216.2,3,"[{""pair"": [3, 13, 2, 0], ""acc"": -0.9, ""vel"": 24.07, ""pos"": 216.2, ""error"": 0.02426994999993326}]","[[{""pair"": [3, 13, 0, 0], ""acc"": -0.9, ""vel"": 25.35, ""pos"": 216.2, ""error"": 1.2748699499999248}], [{""pair"": [3, 13, 2, 0], ""acc"": -0.9, ""vel"": 24.07, ""pos"": 216.2, ""error"": 0.02426994999993326}], [{""pair"": [0, 0, 1, 13], ""acc"": -0.9, ""vel"": 25.51, ""pos"": 216.2, ""error"": 1.434869949999925}], [{""pair"": [0, 0, 2, 13], ""acc"": -0.9, ""vel"": 25.35, ""pos"": 217.0, ""error"": 2.0557300500000792}], [{""pair"": [2, 0, 1, 13], ""acc"": -0.9, ""vel"": 24.23, ""pos"": 216.2, ""error"": 0.15486994999992376}], [{""pair"": [2, 0, 2, 13], ""acc"": -0.9, ""vel"": 24.07, ""pos"": 217.0, ""error"": 0.8051300500000877}]]"
-0.9,24.05,216.6,-0.9,24.05,216.4,-0.9,24.05,216.6,3,"[{""pair"": [3, 5, 2, 11], ""acc"": -0.9, ""vel"": 24.05, ""pos"": 216.6, ""error"": 0.020595200000958158}]","[[{""pair"": [3, 5, 3, 11], ""acc"": -0.9, ""vel"": 24.05, ""pos"": 216.4, ""error"": 0.19060479999909674}], [{""pair"": [3, 5, 2, 11], ""acc"": -0.9, ""vel"": 24.05, ""pos"": 216.6, ""error"": 0.020595200000958158}], [{""pair"": [3, 11, 1, 5], ""acc"": -0.9, ""vel"": 24.05, ""pos"": 11.6, ""error"": 204.99060479999912}], [{""pair"": [3, 11, 2, 5], ""acc"": -0.9, ""vel"": 24.05, ""pos"": 216.4, ""error"": 0.19060479999909674}], [{""pair"": [1, 5, 2, 11], ""acc"": -0.9, ""vel"": 24.05, ""pos"": 11.8, ""error"": 204.7906047999991}], [{""pair"": [2, 5, 2, 11], ""acc"": -0.9, ""vel"": 24.05, ""pos"": 216.6, ""error"": 0.020595200000958158}]]"
-0.9,24.03,217.0,-0.9,24.03,217.1,-0.9,24.03,217.0,3,"[{""pair"": [2, 10, 2, 9], ""acc"": -0.9, ""vel"": 24.03, ""pos"": 217.0, ""error"": 0.013419949999889269}]","[[{""pair"": [3, 10, 0, 9], ""acc"": -1.3, ""vel"": 24.03, ""pos"": 217.1, ""error"": 0.09598005000011156}], [{""pair"": [3, 10, 1, 9], ""acc"": -0.9, ""vel"": 24.02, ""pos"": 217.1, ""error"": 0.10598005000011312}], [{""pair"": [3, 10, 2, 9], ""acc"": -0.9, ""vel"": 24.03, ""pos"": 217.1, ""error"": 0.09598005000011156}], [{""pair"": [1, 10, 0, 9], ""acc"": -1.3, ""vel"": 24.01, ""pos"": 217.1, ""error"": 0.11598005000011113}], [{""pair"": [1, 10, 1, 9], ""acc"": -0.9, ""vel"": 24.0, ""pos"": 217.1, ""error"": 0.1259800500001127}], [{""pair"": [1, 10, 2, 9], ""acc"": -0.9, ""vel"": 24.01, ""pos"": 217.1, ""error"": 0.11598005000011113}], [{""pair"": [2, 10, 0, 9], ""acc"": -1.3, ""vel"": 24.03, ""pos"": 217.0, ""error"": 0.013419949999889269}], [{""pair"": [2, 10, 1, 9], ""acc"": -0.9, ""vel"": 24.02, ""pos"": 217.0, ""error"": 0.023419949999890832}], [{""pair"": [2, 10, 2, 9], ""acc"": -0.9, ""vel"": 24.03, ""pos"": 217.0, ""error"": 0.013419949999889269}], [{""pair"": [3, 9, 0, 11], ""acc"": -2.5, ""vel"": 24.03, ""pos"": 217.1, ""error"": 0.09598005000011156}], [{""pair"": [3, 9, 2, 11], ""acc"": -0.9, ""vel"": 24.03, ""pos"": 216.9, ""error"": 0.11341994999988358}]]"
-0.9,24.0,217.4,-0.9,24.0,217.5,-0.9,24.0,217.4,3,"[{""pair"": [3, 3, 2, 10], ""acc"": -0.9, ""vel"": 24.0, ""pos"": 217.4, ""error"": 0.0230799499998966}]","[[{""pair"": [3, 3, 2, 10], ""acc"": -0.9, ""vel"": 24.0, ""pos"": 217.4, ""error"": 0.0230799499998966}]]"
-0.9,23.98,217.8,-0.9,23.94,217.8,-0.9,23.98,217.8,3,"[{""pair"": [3, 13, 1, 11], ""acc"": -0.9, ""vel"": 23.98, ""pos"": 217.8, ""error"": 0.0217151999995302}]","[[{""pair"": [3, 13, 1, 11], ""acc"": -0.9, ""vel"": 23.98, ""pos"": 217.8, ""error"": 0.0217151999995302}], [{""pair"": [2, 13, 1, 11], ""acc"": -0.9, ""vel"": 23.98, ""pos"": 218.6, ""error"": 0.8217151999995131}]]"
-0.9,23.96,218.2,-0.9,23.96,221.4,-0.9,23.96,218.2,3,"[{""pair"": [3, 11, 2, 15], ""acc"": -0.9, ""vel"": 23.96, ""pos"": 218.2, ""error"": 0.012229949999937872}]","[[{""pair"": [3, 11, 0, 15], ""acc"": 24.7, ""vel"": 23.96, ""pos"": 221.4, ""error"": 3.1971700500000857}], [{""pair"": [3, 11, 1, 15], ""acc"": -0.9, ""vel"": 23.32, ""pos"": 221.4, ""error"": 3.8371700500000863}], [{""pair"": [3, 11, 2, 15], ""acc"": -0.9, ""vel"": 23.96, ""pos"": 218.2, ""error"": 0.012229949999937872}], [{""pair"": [0, 15, 0, 11], ""acc"": 23.1, ""vel"": 23.96, ""pos"": 221.4, ""error"": 3.1971700500000857}], [{""pair"": [0, 15, 1, 11], ""acc"": 24.7, ""vel"": 23.92, ""pos"": 221.4, ""error"": 3.237170050000085}], [{""pair"": [0, 15, 2, 11], ""acc"": 24.7, ""vel"": 23.96, ""pos"": 221.2, ""error"": 2.9971700500000686}], [{""pair"": [1, 15, 0, 11], ""acc"": -2.5, ""vel"": 23.32, ""pos"": 221.4, ""error"": 3.8371700500000863}], [{""pair"": [1, 15, 1, 11], ""acc"": -0.9, ""vel"": 23.28, ""pos"": 221.4, ""error"": 3.8771700500000854}], [{""pair"": [1, 15, 2, 11], ""acc"": -0.9, ""vel"": 23.32, ""pos"": 221.2, ""error"": 3.637170050000069}], [{""pair"": [2, 15, 0, 11], ""acc"": -2.5, ""vel"": 23.96, ""pos"": 218.2, ""error"": 0.012229949999937872}], [{""pair"": [2, 15, 1, 11], ""acc"": -0.9, ""vel"": 23.92, ""pos"": 218.2, ""error"": 0.05222994999993702}], [{""pair"": [2, 15, 2, 11], ""acc"": -0.9, ""vel"": 23.96, ""pos"": 218.0, ""error"": 0.2122299499999265}]]"
-0.9,23.94,218.6,-13.7,23.94,218.6,-0.9,23.94,218.6,3,"[{""pair"": [3, 2, 0, 14], ""acc"": -0.9, ""vel"": 23.94, ""pos"": 218.6, ""error"": 0.011889949999915217}]","[[{""pair"": [3, 2, 0, 14], ""acc"": -0.9, ""vel"": 23.94, ""pos"": 218.6, ""error"": 0.011889949999915217}], [{""pair"": [3, 2, 1, 14], ""acc"": -13.7, ""vel"": 24.26, ""pos"": 218.6, ""error"": 0.322489949999909}], [{""pair"": [3, 2, 2, 14], ""acc"": -13.7, ""vel"": 23.94, ""pos"": 220.2, ""error"": 1.5975100500000856}], [{""pair"": [2, 2, 0, 14], ""acc"": -0.9, ""vel"": 23.94, ""pos"": 218.6, ""error"": 0.011889949999915217}], [{""pair"": [2, 2, 1, 14], ""acc"": -13.7, ""vel"": 24.26, ""pos"": 218.6, ""error"": 0.322489949999909}], [{""pair"": [2, 2, 2, 14], ""acc"": -13.7, ""vel"": 23.94, ""pos"": 220.2, ""error"": 1.5975100500000856}]]"
-0.9,23.91,219.0,-0.9,23.99,219.0,-0.9,23.91,219.0,3,"[{""pair"": [3, 5, 1, 12], ""acc"": -0.9, ""vel"": 23.91, ""pos"": 219.0, ""error"": 0.03267519999952384}]","[[{""pair"": [3, 5, 3, 12], ""acc"": -0.9, ""vel"": 23.99, ""pos"": 219.0, ""error"": 0.08147519999955222}], [{""pair"": [3, 5, 0, 12], ""acc"": -4.1, ""vel"": 23.99, ""pos"": 219.0, ""error"": 0.08147519999955222}], [{""pair"": [3, 5, 1, 12], ""acc"": -0.9, ""vel"": 23.91, ""pos"": 219.0, ""error"": 0.03267519999952384}], [{""pair"": [3, 5, 2, 12], ""acc"": -0.9, ""vel"": 23.99, ""pos"": 218.6, ""error"": 0.44732480000048014}], [{""pair"": [3, 12, 1, 5], ""acc"": -0.9, ""vel"": 23.99, ""pos"": 14.2, ""error"": 204.84732480000048}], [{""pair"": [3, 12, 2, 5], ""acc"": -0.9, ""vel"": 23.99, ""pos"": 219.0, ""error"": 0.08147519999955222}], [{""pair"": [1, 5, 0, 12], ""acc"": -4.1, ""vel"": 23.99, ""pos"": 14.2, ""error"": 204.84732480000048}], [{""pair"": [1, 5, 1, 12], ""acc"": -0.9, ""vel"": 23.91, ""pos"": 14.2, ""error"": 204.79852480000045}], [{""pair"": [1, 5, 2, 12], ""acc"": -0.9, ""vel"": 23.99, ""pos"": 13.8, ""error"": 205.24732480000046}], [{""pair"": [2, 5, 0, 12], ""acc"": -4.1, ""vel"": 23.99, ""pos"": 219.0, ""error"": 0.08147519999955222}], [{""pair"": [2, 5, 1, 12], ""acc"": -0.9, ""vel"": 23.91, ""pos"": 219.0, ""error"": 0.03267519999952384}], [{""pair"": [2, 5, 2, 12], ""acc"": -0.9, ""vel"": 23.99, ""pos"": 218.6, ""error"": 0.44732480000048014}]]"
-0.9,23.89,219.4,-0.9,23.89,14.6,-0.9,23.89,219.4,3,"[{""pair"": [3, 3, 1, 5], ""acc"": -0.9, ""vel"": 23.89, ""pos"": 219.4, ""error"": 0.01103994999990121}]","[[{""pair"": [3, 3, 3, 5], ""acc"": -0.9, ""vel"": 23.89, ""pos"": 14.6, ""error"": 204.81103994999992}], [{""pair"": [1, 4, 0, 3], ""acc"": -0.9, ""vel"": 34.13, ""pos"": 117.0, ""error"": 112.6416399499999}], [{""pair"": [1, 4, 1, 3], ""acc"": -0.9, ""vel"": 23.89, ""pos"": 168.2, ""error"": 51.211039949999915}], [{""pair"": [2, 4, 0, 3], ""acc"": -0.9, ""vel"": 34.13, ""pos"": 14.6, ""error"": 215.0416399499999}], [{""pair"": [2, 4, 1, 3], ""acc"": -0.9, ""vel"": 23.89, ""pos"": 65.8, ""error"": 153.6110399499999}], [{""pair"": [3, 3, 0, 5], ""acc"": -0.9, ""vel"": 64.85, ""pos"": 14.6, ""error"": 245.7616399499999}], [{""pair"": [3, 3, 1, 5], ""acc"": -0.9, ""vel"": 23.89, ""pos"": 219.4, ""error"": 0.01103994999990121}], [{""pair"": [3, 5, 2, 3], ""acc"": -0.9, ""vel"": 23.89, ""pos"": 14.6, ""error"": 204.81103994999992}], [{""pair"": [2, 3, 0, 5], ""acc"": -0.9, ""vel"": 64.85, ""pos"": 14.6, ""error"": 245.7616399499999}], [{""pair"": [2, 3, 1, 5], ""acc"": -0.9, ""vel"": 23.89, ""pos"": 219.4, ""error"": 0.01103994999990121}]]"
-0.9,23.87,219.8,-6.5,23.87,219.8,-0.9,23.87,219.8,3,"[{""pair"": [0, 10, 0, 13], ""acc"": -0.9, ""vel"": 23.87, ""pos"": 219.8, ""error"": 0.010699949999906977}]","[[{""pair"": [3, 10, 3, 13], ""acc"": -6.5, ""vel"": 23.87, ""pos"": 219.8, ""error"": 0.010699949999906977}], [{""pair"": [3, 10, 0, 13], ""acc"": -0.1, ""vel"": 23.87, ""pos"": 219.8, ""error"": 0.010699949999906977}], [{""pair"": [3, 10, 2, 13], ""acc"": -6.5, ""vel"": 23.87, ""pos"": 220.6, ""error"": 0.7987000500000825}], [{""pair"": [3, 13, 0, 10], ""acc"": -7.3, ""vel"": 23.87, ""pos"": 219.8, ""error"": 0.010699949999906977}], [{""pair"": [3, 13, 1, 10], ""acc"": -6.5, ""vel"": 23.85, ""pos"": 219.8, ""error"": 0.03069994999990655}], [{""pair"": [0, 10, 0, 13], ""acc"": -0.9, ""vel"": 23.87, ""pos"": 219.8, ""error"": 0.010699949999906977}], [{""pair"": [0, 10, 2, 13], ""acc"": -7.3, ""vel"": 23.87, ""pos"": 220.6, ""error"": 0.7987000500000825}], [{""pair"": [1, 10, 0, 13], ""acc"": -0.1, ""vel"": 23.85, ""pos"": 219.8, ""error"": 0.03069994999990655}], [{""pair"": [1, 10, 2, 13], ""acc"": -6.5, ""vel"": 23.85, ""pos"": 220.6, ""error"": 0.8187000500000821}]]"
-0.9,23.84,220.2,-0.9,23.84,220.2,-0.9,23.84,220.2,3,"[{""pair"": [3, 3, 3, 14], ""acc"": -0.9, ""vel"": 23.84, ""pos"": 220.2, ""error"": 0.03379519999950986}]","[[{""pair"": [3, 3, 3, 14], ""acc"": -0.9, ""vel"": 23.84, ""pos"": 220.2, ""error"": 0.03379519999950986}], [{""pair"": [3, 3, 0, 14], ""acc"": -13.7, ""vel"": 23.84, ""pos"": 220.2, ""error"": 0.03379519999950986}], [{""pair"": [3, 3, 2, 14], ""acc"": -0.9, ""vel"": 23.84, ""pos"": 218.6, ""error"": 1.5974048000004544}], [{""pair"": [3, 14, 2, 3], ""acc"": -0.9, ""vel"": 23.84, ""pos"": 220.2, ""error"": 0.03379519999950986}], [{""pair"": [2, 3, 0, 14], ""acc"": -13.7, ""vel"": 23.84, ""pos"": 220.2, ""error"": 0.03379519999950986}], [{""pair"": [2, 3, 2, 14], ""acc"": -0.9, ""vel"": 23.84, ""pos"": 218.6, ""error"": 1.5974048000004544}]]"
-0.9,23.82,220.6,-0.9,23.82,220.6,-0.9,23.82,220.6,3,"[{""pair"": [3, 9, 3, 11], ""acc"": -0.9, ""vel"": 23.82, ""pos"": 220.6, ""error"": 0.00984994999989297}]","[[{""pair"": [3, 9, 3, 11], ""acc"": -0.9, ""vel"": 23.82, ""pos"": 220.6, ""error"": 0.00984994999989297}], [{""pair"": [3, 11, 1, 9], ""acc"": -0.9, ""vel"": 23.83, ""pos"": 220.6, ""error"": 0.010449949999884467}], [{""pair"": [3, 11, 2, 9], ""acc"": -0.9, ""vel"": 23.82, ""pos"": 220.6, ""error"": 0.00984994999989297}]]"
-0.9,23.8,221.0,-20.1,23.8,221.0,-0.9,23.8,221.0,3,"[{""pair"": [0, 14, 0, 13], ""acc"": -0.9, ""vel"": 23.8, ""pos"": 221.0, ""error"": 0.009509949999898737}]","[[{""pair"": [3, 13, 3, 15], ""acc"": -20.1, ""vel"": 23.8, ""pos"": 221.0, ""error"": 0.009509949999898737}], [{""pair"": [3, 14, 0, 13], ""acc"": -13.7, ""vel"": 23.8, ""pos"": 221.0, ""error"": 0.009509949999898737}], [{""pair"": [3, 14, 1, 13], ""acc"": -20.1, ""vel"": 23.96, ""pos"": 221.0, ""error"": 0.16010994999989236}], [{""pair"": [3, 14, 2, 13], ""acc"": -20.1, ""vel"": 23.8, ""pos"": 221.8, ""error"": 0.7998900500001191}], [{""pair"": [0, 14, 0, 13], ""acc"": -0.9, ""vel"": 23.8, ""pos"": 221.0, ""error"": 0.009509949999898737}], [{""pair"": [0, 14, 1, 13], ""acc"": -7.3, ""vel"": 23.96, ""pos"": 221.0, ""error"": 0.16010994999989236}], [{""pair"": [0, 14, 2, 13], ""acc"": -7.3, ""vel"": 23.8, ""pos"": 221.8, ""error"": 0.7998900500001191}], [{""pair"": [1, 14, 0, 13], ""acc"": -13.7, ""vel"": 24.12, ""pos"": 221.0, ""error"": 0.3201099499998925}], [{""pair"": [1, 14, 1, 13], ""acc"": -20.1, ""vel"": 24.28, ""pos"": 221.0, ""error"": 0.48010994999989265}], [{""pair"": [1, 14, 2, 13], ""acc"": -20.1, ""vel"": 24.12, ""pos"": 221.8, ""error"": 1.110490050000113}], [{""pair"": [2, 14, 0, 13], ""acc"": -13.7, ""vel"": 23.8, ""pos"": 222.6, ""error"": 1.599890050000102}], [{""pair"": [2, 14, 1, 13], ""acc"": -20.1, ""vel"": 23.96, ""pos"": 222.6, ""error"": 1.7504900500000957}], [{""pair"": [2, 14, 2, 13], ""acc"": -20.1, ""vel"": 23.8, ""pos"": 223.4, ""error"": 2.3998900500001135}]]"
-0.9,23.77,221.4,-0.9,23.77,1047.0,-0.9,23.77,221.4,3,"[{""pair"": [1, 0, 1, 7], ""acc"": -0.9, ""vel"": 23.77, ""pos"": 221.4, ""error"": 0.034915199999524305}]","[[{""pair"": [3, 7, 1, 0], ""acc"": -0.9, ""vel"": 23.77, ""pos"": 1040.6, ""error"": 819.2349151999994}], [{""pair"": [1, 0, 0, 7], ""acc"": -1.0, ""vel"": 23.77, ""pos"": 1040.6, ""error"": 819.2349151999994}], [{""pair"": [1, 0, 1, 7], ""acc"": -0.9, ""vel"": 23.77, ""pos"": 221.4, ""error"": 0.034915199999524305}], [{""pair"": [1, 0, 2, 7], ""acc"": -0.9, ""vel"": 23.77, ""pos"": 1040.6, ""error"": 819.2349151999994}]]"
-0.9,23.75,221.8,-0.9,23.75,209.0,-0.9,23.75,221.8,3,"[{""pair"": [3, 15, 1, 1], ""acc"": -0.9, ""vel"": 23.75, ""pos"": 221.8, ""error"": 0.008659949999913152}]","[[{""pair"": [3, 15, 1, 1], ""acc"": -0.9, ""vel"": 23.75, ""pos"": 221.8, ""error"": 0.008659949999913152}], [{""pair"": [1, 1, 0, 15], ""acc"": 24.7, ""vel"": 23.75, ""pos"": 221.8, ""error"": 0.008659949999913152}], [{""pair"": [1, 1, 1, 15], ""acc"": -0.9, ""vel"": 23.11, ""pos"": 221.8, ""error"": 0.6486599499999137}], [{""pair"": [1, 1, 2, 15], ""acc"": -0.9, ""vel"": 23.75, ""pos"": 218.6, ""error"": 3.20865994999993}]]"
-0.9,23.73,222.2,-0.9,23.73,221.8,-0.9,23.73,222.2,3,"[{""pair"": [3, 10, 2, 12], ""acc"": -0.9, ""vel"": 23.73, ""pos"": 222.2, ""error"": 0.008319949999918919}]","[[{""pair"": [3, 10, 3, 12], ""acc"": -0.9, ""vel"": 23.73, ""pos"": 221.8, ""error"": 0.4083199499998962}], [{""pair"": [3, 11, 0, 10], ""acc"": -0.1, ""vel"": 23.73, ""pos"": 221.8, ""error"": 0.4083199499998962}], [{""pair"": [3, 11, 1, 10], ""acc"": -0.9, ""vel"": 23.75, ""pos"": 221.8, ""error"": 0.41891994999988924}], [{""pair"": [3, 11, 2, 10], ""acc"": -0.9, ""vel"": 23.73, ""pos"": 221.9, ""error"": 0.30831994999990187}], [{""pair"": [3, 10, 1, 12], ""acc"": -0.9, ""vel"": 23.81, ""pos"": 221.8, ""error"": 0.47891994999988796}], [{""pair"": [3, 10, 2, 12], ""acc"": -0.9, ""vel"": 23.73, ""pos"": 222.2, ""error"": 0.008319949999918919}]]"
-0.9,23.7,222.6,-0.9,23.7,222.6,-0.9,23.7,222.6,3,"[{""pair"": [3, 1, 3, 12], ""acc"": -0.9, ""vel"": 23.7, ""pos"": 222.6, ""error"": 0.036035200000924306}]","[[{""pair"": [3, 1, 3, 12], ""acc"": -0.9, ""vel"": 23.7, ""pos"": 222.6, ""error"": 0.036035200000924306}], [{""pair"": [3, 1, 1, 12], ""acc"": -0.9, ""vel"": 23.78, ""pos"": 222.6, ""error"": 0.08483520000085676}], [{""pair"": [3, 1, 2, 12], ""acc"": -0.9, ""vel"": 23.7, ""pos"": 223.0, ""error"": 0.43603520000093}], [{""pair"": [3, 12, 0, 1], ""acc"": -0.9, ""vel"": 21.14, ""pos"": 222.6, ""error"": 2.596035200000923}], [{""pair"": [3, 12, 1, 1], ""acc"": -0.9, ""vel"": 23.7, ""pos"": 209.8, ""error"": 12.795164799999128}], [{""pair"": [0, 1, 1, 12], ""acc"": -0.9, ""vel"": 21.22, ""pos"": 222.6, ""error"": 2.5160352000009247}], [{""pair"": [0, 1, 2, 12], ""acc"": -0.9, ""vel"": 21.14, ""pos"": 223.0, ""error"": 2.9960352000009287}], [{""pair"": [1, 1, 1, 12], ""acc"": -0.9, ""vel"": 23.78, ""pos"": 209.8, ""error"": 12.84396479999906}], [{""pair"": [1, 1, 2, 12], ""acc"": -0.9, ""vel"": 23.7, ""pos"": 210.2, ""error"": 12.39516479999915}]]"
-0.9,23.68,222.9,-0.9,28.8,221.3,-0.9,23.68,222.9,3,"[{""pair"": [2, 14, 0, 2], ""acc"": -0.9, ""vel"": 23.68, ""pos"": 222.9, ""error"": 0.10746994999989923}]","[[{""pair"": [1, 14, 0, 2], ""acc"": -0.9, ""vel"": 24.0, ""pos"": 221.3, ""error"": 2.0180699499998873}], [{""pair"": [1, 14, 2, 2], ""acc"": -0.9, ""vel"": 29.12, ""pos"": 221.3, ""error"": 7.138069949999888}], [{""pair"": [2, 14, 0, 2], ""acc"": -0.9, ""vel"": 23.68, ""pos"": 222.9, ""error"": 0.10746994999989923}], [{""pair"": [2, 14, 2, 2], ""acc"": -0.9, ""vel"": 28.8, ""pos"": 222.9, ""error"": 5.218069949999894}]]"
-0.9,23.65,223.3,-0.9,23.65,223.3,-0.9,23.65,223.3,3,"[{""pair"": [3, 6, 2, 9], ""acc"": -0.9, ""vel"": 23.65, ""pos"": 223.3, ""error"": 0.017129949999912242}]","[[{""pair"": [3, 6, 0, 9], ""acc"": -1.3, ""vel"": 23.65, ""pos"": 223.3, ""error"": 0.017129949999912242}], [{""pair"": [3, 6, 1, 9], ""acc"": -0.9, ""vel"": 23.64, ""pos"": 223.3, ""error"": 0.027129949999910252}], [{""pair"": [3, 6, 2, 9], ""acc"": -0.9, ""vel"": 23.65, ""pos"": 223.3, ""error"": 0.017129949999912242}], [{""pair"": [2, 6, 0, 9], ""acc"": -1.3, ""vel"": 23.65, ""pos"": 223.3, ""error"": 0.017129949999912242}], [{""pair"": [2, 6, 1, 9], ""acc"": -0.9, ""vel"": 23.64, ""pos"": 223.3, ""error"": 0.027129949999910252}], [{""pair"": [2, 6, 2, 9], ""acc"": -0.9, ""vel"": 23.65, ""pos"": 223.3, ""error"": 0.017129949999912242}]]"
-0.9,23.63,223.7,-0.9,23.63,223.3,-0.9,23.63,223.7,3,"[{""pair"": [2, 8, 2, 12], ""acc"": -0.9, ""vel"": 23.63, ""pos"": 223.7, ""error"": 0.027315199999517148}]","[[{""pair"": [1, 8, 2, 12], ""acc"": -0.9, ""vel"": 23.63, ""pos"": 1862.1, ""error"": 1638.4273151999994}], [{""pair"": [2, 8, 2, 12], ""acc"": -0.9, ""vel"": 23.63, ""pos"": 223.7, ""error"": 0.027315199999517148}]]"
-0.9,23.61,224.1,-0.9,64.49,224.1,-0.9,23.61,224.1,3,"[{""pair"": [0, 5, 1, 12], ""acc"": -0.9, ""vel"": 23.61, ""pos"": 224.1, ""error"": 0.006279949999896672}]","[[{""pair"": [3, 12, 0, 5], ""acc"": -0.9, ""vel"": 23.53, ""pos"": 224.1, ""error"": 0.08627994999989497}], [{""pair"": [3, 12, 1, 5], ""acc"": -0.9, ""vel"": 64.49, ""pos"": 19.3, ""error"": 245.6768799499999}], [{""pair"": [3, 12, 2, 5], ""acc"": -0.9, ""vel"": 64.49, ""pos"": 224.1, ""error"": 40.87687994999989}], [{""pair"": [0, 5, 1, 12], ""acc"": -0.9, ""vel"": 23.61, ""pos"": 224.1, ""error"": 0.006279949999896672}], [{""pair"": [0, 5, 2, 12], ""acc"": -0.9, ""vel"": 23.53, ""pos"": 224.5, ""error"": 0.4831200500001138}], [{""pair"": [1, 5, 1, 12], ""acc"": -0.9, ""vel"": 64.57, ""pos"": 19.3, ""error"": 245.75687994999987}], [{""pair"": [1, 5, 2, 12], ""acc"": -0.9, ""vel"": 64.49, ""pos"": 19.7, ""error"": 245.2768799499999}], [{""pair"": [2, 5, 1, 12], ""acc"": -0.9, ""vel"": 64.57, ""pos"": 224.1, ""error"": 40.95687994999989}], [{""pair"": [2, 5, 2, 12], ""acc"": -0.9, ""vel"": 64.49, ""pos"": 224.5, ""error"": 41.27372005000011}]]"
-0.9,23.58,224.5,-4.1,23.58,211.7,-0.9,23.58,224.5,3,"[{""pair"": [1, 1, 0, 12], ""acc"": -0.9, ""vel"": 23.58, ""pos"": 224.5, ""error"": 0.015939949999904002}]","[[{""pair"": [3, 12, 1, 1], ""acc"": -4.1, ""vel"": 23.58, ""pos"": 224.5, ""error"": 0.015939949999904002}], [{""pair"": [1, 1, 0, 12], ""acc"": -0.9, ""vel"": 23.58, ""pos"": 224.5, ""error"": 0.015939949999904002}], [{""pair"": [1, 1, 1, 12], ""acc"": -4.1, ""vel"": 23.66, ""pos"": 224.5, ""error"": 0.06653994999989621}]]"
