SimTime,dT,Real_Prec_Acc,Real_Prec_Vel,Real_Prec_Pos,Quantized_Prec_Acc,Quantized_Prec_Vel,Quantized_Prec_Pos,Received_Prec_Acc,Received_Prec_Vel,Received_Prec_Pos,Mitigated_Prec_Acc,Mitigated_Prec_Vel,Mitigated_Prec_Pos,Ego_Acc_Benign,Ego_Vel_Benign,Ego_Pos_Benign,Ego_Acc_Attacked,Ego_Vel_Attacked,Ego_Pos_Attacked,Ego_Acc_Miti,Ego_Vel_Miti,Ego_Pos_Miti,Safe_Gap_Benign,Space_Headway_Benign,Time_Headway_Benign,Safe_Gap_Attacked,Space_Headway_Attacked,Time_Headway_Attacked,Safe_Gap_Miti,Space_Headway_Miti,Time_Headway_Miti,Bit_Flip_Pairs,XOR_Bin,XOR_Pattern,Under_Attack,Bad_Message,Mitigation_Applied,Best_Bit_Flip_Pair,All_Corrections,Perfect_Candidate_List,Miti_List,Miti_List_2D,Confidence
269.65,0.016999999999995907,1.545161,22.904129,0.0,1.5,22.900000000000002,0.0,1.1,22.9,3.2,1.1,22.26,3.2,0.9787344895947642,22.904129,-20.0,1.5223944895946329,22.904129,-20.0,1.4954664895946392,22.904129,-20.0,3.3022332280400595,20.0,0.8732050015960005,3.3022332280400666,20.0,0.8732050015960005,5.108633228040059,20.0,0.8732050015960005,"[[3, 9, 1, 15], [3, 9, 2, 15], [1, 15, 0, 9], [1, 15, 1, 9], [1, 15, 2, 9], [2, 15, 0, 9], [2, 15, 1, 9], [2, 15, 2, 9], [0, 0, 0, 0], [0, 0, 0, 0], [0, 0, 0, 0], [0, 0, 0, 0], [0, 0, 0, 0], [0, 0, 0, 0], [0, 0, 0, 0], [0, 0, 0, 0]]",1,,1,0,1,"[3, 9, 1, 15]","[[[3, 9, 1, 15], [1.1, 22.26, 3.2], 0], [[3, 9, 2, 15], [1.1, 22.9, 0.0], 0], [[1, 15, 0, 9], [1.5, 22.26, 3.2], 0], [[1, 15, 1, 9], [1.1, 22.27, 3.2], 0], [[1, 15, 2, 9], [1.1, 22.26, 3.2], 0], [[2, 15, 0, 9], [1.5, 22.9, 0.0], 0], [[2, 15, 1, 9], [1.1, 22.91, 0.0], 0], [[2, 15, 2, 9], [1.1, 22.9, 0.0], 0]]","[[3, 9, 1, 15], [3, 9, 2, 15], [1, 15, 1, 9], [2, 15, 1, 9], [1, 15, 0, 9], [2, 15, 0, 9]]","[{""pair"": [3, 9, 1, 15], ""acc"": 1.1, ""vel"": 22.26, ""pos"": 3.2, ""error"": 0}, {""pair"": [3, 9, 2, 15], ""acc"": 1.1, ""vel"": 22.9, ""pos"": 0.0, ""error"": 0}, {""pair"": [1, 15, 1, 9], ""acc"": 1.1, ""vel"": 22.27, ""pos"": 3.2, ""error"": 0}, {""pair"": [2, 15, 1, 9], ""acc"": 1.1, ""vel"": 22.91, ""pos"": 0.0, ""error"": 0}, {""pair"": [1, 15, 0, 9], ""acc"": 1.5, ""vel"": 22.26, ""pos"": 3.2, ""error"": 0}, {""pair"": [2, 15, 0, 9], ""acc"": 1.5, ""vel"": 22.9, ""pos"": 0.0, ""error"": 0}]",[],0
269.667,0.016000000000019554,1.543022,22.92981,0.38959346876440615,1.5,22.93,0.4,4.7,22.29,0.4,1.5,22.93,0.4,1.8614943315754828,22.920767486323108,-19.610488379866347,2.441335537188617,22.930009706323105,-19.61040982099635,2.35640851011878,22.929551930323104,-19.61041371209235,3.265619383762718,20.000081848630753,0.8725747015480552,5.101828791386802,20.000003289760755,0.8722195736465659,3.291670925868812,20.000007180856755,0.8722371567325665,"[[3, 12, 3, 15], [3, 12, 0, 15], [3, 12, 1, 15], [3, 12, 2, 15], [3, 15, 0, 12], [3, 15, 2, 12], [0, 12, 0, 15], [0, 12, 1, 15], [0, 12, 2, 15], [2, 12, 0, 15], [2, 12, 1, 15], [2, 12, 2, 15], [0, 0, 0, 0], [0, 0, 0, 0], [0, 0, 0, 0], [0, 0, 0, 0]]",1,,1,0,1,"[0, 12, 1, 15]","[[[3, 12, 3, 15], [4.7, 22.29, 0.4], 0.6610591999995743], [[3, 12, 0, 15], [-20.9, 22.29, 0.4], 0.6610591999995743], [[3, 12, 1, 15], [4.7, 22.93, 0.4], 0.035699199999528364], [[3, 12, 2, 15], [4.7, 22.29, 3.6], 0.04593919999954066], [[3, 15, 0, 12], [1.5, 22.29, 0.4], 0.6610591999995743], [[3, 15, 2, 12], [4.7, 22.29, 0.0], 0.9941408000004704], [[0, 12, 0, 15], [-24.1, 22.29, 0.4], 0.6610591999995743], [[0, 12, 1, 15], [1.5, 22.93, 0.4], 0.035699199999528364], [[0, 12, 2, 15], [1.5, 22.29, 3.6], 0.04593919999954066], [[2, 12, 0, 15], [-20.9, 22.29, 0.0], 0.9941408000004704], [[2, 12, 1, 15], [4.7, 22.93, 0.0], 0.36910080000042494], [[2, 12, 2, 15], [4.7, 22.29, 3.2], 0.35886080000041254]]","[[0, 12, 1, 15], [3, 12, 1, 15], [0, 12, 2, 15], [3, 12, 2, 15], [2, 12, 2, 15], [2, 12, 1, 15], [3, 15, 0, 12], [3, 12, 3, 15], [3, 15, 2, 12]]","[{""pair"": [0, 12, 1, 15], ""acc"": 1.5, ""vel"": 22.93, ""pos"": 0.4, ""error"": 0.035699199999528364}, {""pair"": [3, 12, 1, 15], ""acc"": 4.7, ""vel"": 22.93, ""pos"": 0.4, ""error"": 0.035699199999528364}, {""pair"": [0, 12, 2, 15], ""acc"": 1.5, ""vel"": 22.29, ""pos"": 3.6, ""error"": 0.04593919999954066}, {""pair"": [3, 12, 2, 15], ""acc"": 4.7, ""vel"": 22.29, ""pos"": 3.6, ""error"": 0.04593919999954066}, {""pair"": [2, 12, 2, 15], ""acc"": 4.7, ""vel"": 22.29, ""pos"": 3.2, ""error"": 0.35886080000041254}, {""pair"": [2, 12, 1, 15], ""acc"": 4.7, ""vel"": 22.93, ""pos"": 0.0, ""error"": 0.36910080000042494}, {""pair"": [3, 15, 0, 12], ""acc"": 1.5, ""vel"": 22.29, ""pos"": 0.4, ""error"": 0.6610591999995743}, {""pair"": [3, 12, 3, 15], ""acc"": 4.7, ""vel"": 22.29, ""pos"": 0.4, ""error"": 0.6610591999995743}, {""pair"": [3, 15, 2, 12], ""acc"": 4.7, ""vel"": 22.29, ""pos"": 0.0, ""error"": 0.9941408000004704}]","[[{""pair"": [3, 12, 3, 15], ""acc"": 4.7, ""vel"": 22.29, ""pos"": 0.4, ""error"": 3.1687008000004107}, {""pair"": [3, 12, 3, 15], ""acc"": 4.7, ""vel"": 22.29, ""pos"": 0.4, ""error"": 0.6610591999995743}, {""pair"": [3, 12, 3, 15], ""acc"": 4.7, ""vel"": 22.29, ""pos"": 0.4, ""error"": 3.158860800000413}, {""pair"": [3, 12, 3, 15], ""acc"": 4.7, ""vel"": 22.29, ""pos"": 0.4, ""error"": 0.6708991999995757}, {""pair"": [3, 12, 3, 15], ""acc"": 4.7, ""vel"": 22.29, ""pos"": 0.4, ""error"": 3.1623520000004044}, {""pair"": [3, 12, 3, 15], ""acc"": 4.7, ""vel"": 22.29, ""pos"": 0.4, ""error"": 0.6674079999995806}], [{""pair"": [3, 12, 0, 15], ""acc"": -20.9, ""vel"": 22.29, ""pos"": 0.4, ""error"": 3.1687008000004107}, {""pair"": [3, 12, 0, 15], ""acc"": -20.9, ""vel"": 22.29, ""pos"": 0.4, ""error"": 0.6610591999995743}, {""pair"": [3, 12, 0, 15], ""acc"": -20.9, ""vel"": 22.29, ""pos"": 0.4, ""error"": 3.158860800000413}, {""pair"": [3, 12, 0, 15], ""acc"": -20.9, ""vel"": 22.29, ""pos"": 0.4, ""error"": 0.6708991999995757}, {""pair"": [3, 12, 0, 15], ""acc"": -20.9, ""vel"": 22.29, ""pos"": 0.4, ""error"": 3.1623520000004044}, {""pair"": [3, 12, 0, 15], ""acc"": -20.9, ""vel"": 22.29, ""pos"": 0.4, ""error"": 0.6674079999995806}], [{""pair"": [3, 12, 1, 15], ""acc"": 4.7, ""vel"": 22.93, ""pos"": 0.4, ""error"": 3.8087008000004112}, {""pair"": [3, 12, 1, 15], ""acc"": 4.7, ""vel"": 22.93, ""pos"": 0.4, ""error"": 0.04585919999953014}, {""pair"": [3, 12, 1, 15], ""acc"": 4.7, ""vel"": 22.93, ""pos"": 0.4, ""error"": 3.7988608000004134}, {""pair"": [3, 12, 1, 15], ""acc"": 4.7, ""vel"": 22.93, ""pos"": 0.4, ""error"": 0.035699199999528364}, {""pair"": [3, 12, 1, 15], ""acc"": 4.7, ""vel"": 22.93, ""pos"": 0.4, ""error"": 3.802352000000405}, {""pair"": [3, 12, 1, 15], ""acc"": 4.7, ""vel"": 22.93, ""pos"": 0.4, ""error"": 0.0394079999995236}], [{""pair"": [3, 12, 2, 15], ""acc"": 4.7, ""vel"": 22.29, ""pos"": 3.6, ""error"": 0.05609919999953883}, {""pair"": [3, 12, 2, 15], ""acc"": 4.7, ""vel"": 22.29, ""pos"": 3.6, ""error"": 3.8610591999995743}, {""pair"": [3, 12, 2, 15], ""acc"": 4.7, ""vel"": 22.29, ""pos"": 3.6, ""error"": 0.04593919999954066}, {""pair"": [3, 12, 2, 15], ""acc"": 4.7, ""vel"": 22.29, ""pos"": 3.6, ""error"": 3.8708991999995757}, {""pair"": [3, 12, 2, 15], ""acc"": 4.7, ""vel"": 22.29, ""pos"": 3.6, ""error"": 0.04964799999953229}, {""pair"": [3, 12, 2, 15], ""acc"": 4.7, ""vel"": 22.29, ""pos"": 3.6, ""error"": 3.8674079999995805}], [{""pair"": [3, 15, 0, 12], ""acc"": 1.5, ""vel"": 22.29, ""pos"": 0.4, ""error"": 3.1687008000004107}, {""pair"": [3, 15, 0, 12], ""acc"": 1.5, ""vel"": 22.29, ""pos"": 0.4, ""error"": 0.6610591999995743}, {""pair"": [3, 15, 0, 12], ""acc"": 1.5, ""vel"": 22.29, ""pos"": 0.4, ""error"": 3.158860800000413}, {""pair"": [3, 15, 0, 12], ""acc"": 1.5, ""vel"": 22.29, ""pos"": 0.4, ""error"": 0.6708991999995757}, {""pair"": [3, 15, 0, 12], ""acc"": 1.5, ""vel"": 22.29, ""pos"": 0.4, ""error"": 3.1623520000004044}, {""pair"": [3, 15, 0, 12], ""acc"": 1.5, ""vel"": 22.29, ""pos"": 0.4, ""error"": 0.6674079999995806}], [{""pair"": [3, 15, 2, 12], ""acc"": 4.7, ""vel"": 22.29, ""pos"": 0.0, ""error"": 3.5687008000004106}, {""pair"": [3, 15, 2, 12], ""acc"": 4.7, ""vel"": 22.29, ""pos"": 0.0, ""error"": 0.9941408000004704}, {""pair"": [3, 15, 2, 12], ""acc"": 4.7, ""vel"": 22.29, ""pos"": 0.0, ""error"": 3.5588608000004127}, {""pair"": [3, 15, 2, 12], ""acc"": 4.7, ""vel"": 22.29, ""pos"": 0.0, ""error"": 1.0043008000004723}, {""pair"": [3, 15, 2, 12], ""acc"": 4.7, ""vel"": 22.29, ""pos"": 0.0, ""error"": 3.5623520000004043}, {""pair"": [3, 15, 2, 12], ""acc"": 4.7, ""vel"": 22.29, ""pos"": 0.0, ""error"": 1.000592000000477}], [{""pair"": [0, 12, 0, 15], ""acc"": -24.1, ""vel"": 22.29, ""pos"": 0.4, ""error"": 3.1687008000004107}, {""pair"": [0, 12, 0, 15], ""acc"": -24.1, ""vel"": 22.29, ""pos"": 0.4, ""error"": 0.6610591999995743}, {""pair"": [0, 12, 0, 15], ""acc"": -24.1, ""vel"": 22.29, ""pos"": 0.4, ""error"": 3.158860800000413}, {""pair"": [0, 12, 0, 15], ""acc"": -24.1, ""vel"": 22.29, ""pos"": 0.4, ""error"": 0.6708991999995757}, {""pair"": [0, 12, 0, 15], ""acc"": -24.1, ""vel"": 22.29, ""pos"": 0.4, ""error"": 3.1623520000004044}, {""pair"": [0, 12, 0, 15], ""acc"": -24.1, ""vel"": 22.29, ""pos"": 0.4, ""error"": 0.6674079999995806}], [{""pair"": [0, 12, 1, 15], ""acc"": 1.5, ""vel"": 22.93, ""pos"": 0.4, ""error"": 3.8087008000004112}, {""pair"": [0, 12, 1, 15], ""acc"": 1.5, ""vel"": 22.93, ""pos"": 0.4, ""error"": 0.04585919999953014}, {""pair"": [0, 12, 1, 15], ""acc"": 1.5, ""vel"": 22.93, ""pos"": 0.4, ""error"": 3.7988608000004134}, {""pair"": [0, 12, 1, 15], ""acc"": 1.5, ""vel"": 22.93, ""pos"": 0.4, ""error"": 0.035699199999528364}, {""pair"": [0, 12, 1, 15], ""acc"": 1.5, ""vel"": 22.93, ""pos"": 0.4, ""error"": 3.802352000000405}, {""pair"": [0, 12, 1, 15], ""acc"": 1.5, ""vel"": 22.93, ""pos"": 0.4, ""error"": 0.0394079999995236}], [{""pair"": [0, 12, 2, 15], ""acc"": 1.5, ""vel"": 22.29, ""pos"": 3.6, ""error"": 0.05609919999953883}, {""pair"": [0, 12, 2, 15], ""acc"": 1.5, ""vel"": 22.29, ""pos"": 3.6, ""error"": 3.8610591999995743}, {""pair"": [0, 12, 2, 15], ""acc"": 1.5, ""vel"": 22.29, ""pos"": 3.6, ""error"": 0.04593919999954066}, {""pair"": [0, 12, 2, 15], ""acc"": 1.5, ""vel"": 22.29, ""pos"": 3.6, ""error"": 3.8708991999995757}, {""pair"": [0, 12, 2, 15], ""acc"": 1.5, ""vel"": 22.29, ""pos"": 3.6, ""error"": 0.04964799999953229}, {""pair"": [0, 12, 2, 15], ""acc"": 1.5, ""vel"": 22.29, ""pos"": 3.6, ""error"": 3.8674079999995805}], [{""pair"": [2, 12, 0, 15], ""acc"": -20.9, ""vel"": 22.29, ""pos"": 0.0, ""error"": 3.5687008000004106}, {""pair"": [2, 12, 0, 15], ""acc"": -20.9, ""vel"": 22.29, ""pos"": 0.0, ""error"": 0.9941408000004704}, {""pair"": [2, 12, 0, 15], ""acc"": -20.9, ""vel"": 22.29, ""pos"": 0.0, ""error"": 3.5588608000004127}, {""pair"": [2, 12, 0, 15], ""acc"": -20.9, ""vel"": 22.29, ""pos"": 0.0, ""error"": 1.0043008000004723}, {""pair"": [2, 12, 0, 15], ""acc"": -20.9, ""vel"": 22.29, ""pos"": 0.0, ""error"": 3.5623520000004043}, {""pair"": [2, 12, 0, 15], ""acc"": -20.9, ""vel"": 22.29, ""pos"": 0.0, ""error"": 1.000592000000477}], [{""pair"": [2, 12, 1, 15], ""acc"": 4.7, ""vel"": 22.93, ""pos"": 0.0, ""error"": 4.208700800000411}, {""pair"": [2, 12, 1, 15], ""acc"": 4.7, ""vel"": 22.93, ""pos"": 0.0, ""error"": 0.3789408000004263}, {""pair"": [2, 12, 1, 15], ""acc"": 4.7, ""vel"": 22.93, ""pos"": 0.0, ""error"": 4.198860800000413}, {""pair"": [2, 12, 1, 15], ""acc"": 4.7, ""vel"": 22.93, ""pos"": 0.0, ""error"": 0.36910080000042494}, {""pair"": [2, 12, 1, 15], ""acc"": 4.7, ""vel"": 22.93, ""pos"": 0.0, ""error"": 4.202352000000404}, {""pair"": [2, 12, 1, 15], ""acc"": 4.7, ""vel"": 22.93, ""pos"": 0.0, ""error"": 0.37259200000042003}], [{""pair"": [2, 12, 2, 15], ""acc"": 4.7, ""vel"": 22.29, ""pos"": 3.2, ""error"": 0.3687008000004104}, {""pair"": [2, 12, 2, 15], ""acc"": 4.7, ""vel"": 22.29, ""pos"": 3.2, ""error"": 3.4610591999995743}, {""pair"": [2, 12, 2, 15], ""acc"": 4.7, ""vel"": 22.29, ""pos"": 3.2, ""error"": 0.35886080000041254}, {""pair"": [2, 12, 2, 15], ""acc"": 4.7, ""vel"": 22.29, ""pos"": 3.2, ""error"": 3.4708991999995757}, {""pair"": [2, 12, 2, 15], ""acc"": 4.7, ""vel"": 22.29, ""pos"": 3.2, ""error"": 0.36235200000040413}, {""pair"": [2, 12, 2, 15], ""acc"": 4.7, ""vel"": 22.29, ""pos"": 3.2, ""error"": 3.4674079999995806}]]",0
269.683,0.016999999999995907,1.540511,22.955446,0.756667935580855,1.5,22.96,0.8,1.5,25.52,0.8,1.5,22.96,0.8,2.7648052774268725,22.950551395628352,-19.243517828810287,3.425117661066687,22.96907107491817,-19.24321717474597,3.236341546135565,22.967254466485052,-19.243239260917434,3.267943224773988,20.00018576439114,0.8714468519567159,-4.433853764718025,19.999885110326822,0.8707311255685195,3.31754905466585,19.999907196498288,0.8708009581938989,"[[3, 11, 0, 1], [3, 11, 2, 1], [0, 1, 0, 11], [0, 1, 1, 11], [0, 1, 2, 11], [2, 1, 0, 11], [2, 1, 1, 11], [2, 1, 2, 11], [0, 0, 0, 0], [0, 0, 0, 0], [0, 0, 0, 0], [0, 0, 0, 0], [0, 0, 0, 0], [0, 0, 0, 0], [0, 0, 0, 0], [0, 0, 0, 0]]",1,,1,0,1,"[3, 11, 0, 1]","[[[3, 11, 0, 1], [1.5, 22.96, 0.8], 0.014473250000101245], [[3, 11, 2, 1], [1.5, 25.52, 0.8], 2.519610850000113], [[0, 1, 0, 11], [3.1, 22.96, 0.8], 0.014473250000101245], [[0, 1, 1, 11], [1.5, 23.0, 0.8], 0.019410850000074698], [[0, 1, 2, 11], [1.5, 22.96, 1.0], 0.2144732500001012], [[2, 1, 0, 11], [3.1, 25.52, 0.8], 2.519610850000113], [[2, 1, 1, 11], [1.5, 25.56, 0.8], 2.5596108500001122], [[2, 1, 2, 11], [1.5, 25.52, 1.0], 2.7196108500001133]]","[[3, 11, 0, 1], [0, 1, 0, 11], [0, 1, 1, 11], [0, 1, 2, 11], [3, 11, 2, 1], [2, 1, 0, 11], [2, 1, 1, 11], [2, 1, 2, 11]]","[{""pair"": [3, 11, 0, 1], ""acc"": 1.5, ""vel"": 22.96, ""pos"": 0.8, ""error"": 0.014473250000101245}, {""pair"": [0, 1, 0, 11], ""acc"": 3.1, ""vel"": 22.96, ""pos"": 0.8, ""error"": 0.014473250000101245}, {""pair"": [0, 1, 1, 11], ""acc"": 1.5, ""vel"": 23.0, ""pos"": 0.8, ""error"": 0.019410850000074698}, {""pair"": [0, 1, 2, 11], ""acc"": 1.5, ""vel"": 22.96, ""pos"": 1.0, ""error"": 0.2144732500001012}, {""pair"": [3, 11, 2, 1], ""acc"": 1.5, ""vel"": 25.52, ""pos"": 0.8, ""error"": 2.519610850000113}, {""pair"": [2, 1, 0, 11], ""acc"": 3.1, ""vel"": 25.52, ""pos"": 0.8, ""error"": 2.519610850000113}, {""pair"": [2, 1, 1, 11], ""acc"": 1.5, ""vel"": 25.56, ""pos"": 0.8, ""error"": 2.5596108500001122}, {""pair"": [2, 1, 2, 11], ""acc"": 1.5, ""vel"": 25.52, ""pos"": 1.0, ""error"": 2.7196108500001133}]","[[{""pair"": [3, 11, 0, 1], ""acc"": 1.5, ""vel"": 22.96, ""pos"": 0.8, ""error"": 0.014473250000101245}, {""pair"": [3, 11, 0, 1], ""acc"": 1.5, ""vel"": 22.96, ""pos"": 0.8, ""error"": 0.059410850000073845}, {""pair"": [3, 11, 0, 1], ""acc"": 1.5, ""vel"": 22.96, ""pos"": 0.8, ""error"": 3.8236467499999165}, {""pair"": [3, 11, 0, 1], ""acc"": 1.5, ""vel"": 22.96, ""pos"": 0.8, ""error"": 3.7697091499999296}, {""pair"": [3, 11, 0, 1], ""acc"": 1.5, ""vel"": 22.96, ""pos"": 0.8, ""error"": 3.36970914999993}, {""pair"": [3, 11, 0, 1], ""acc"": 1.5, ""vel"": 22.96, ""pos"": 0.8, ""error"": 0.4594108500000738}, {""pair"": [3, 11, 0, 1], ""acc"": 1.5, ""vel"": 22.96, ""pos"": 0.8, ""error"": 0.6653532500000992}, {""pair"": [3, 11, 0, 1], ""acc"": 1.5, ""vel"": 22.96, ""pos"": 0.8, ""error"": 0.6104908500001125}, {""pair"": [3, 11, 0, 1], ""acc"": 1.5, ""vel"": 22.96, ""pos"": 0.8, ""error"": 1.0104908500001124}], [{""pair"": [3, 11, 2, 1], ""acc"": 1.5, ""vel"": 25.52, ""pos"": 0.8, ""error"": 2.5744732500001}, {""pair"": [3, 11, 2, 1], ""acc"": 1.5, ""vel"": 25.52, ""pos"": 0.8, ""error"": 2.519610850000113}, {""pair"": [3, 11, 2, 1], ""acc"": 1.5, ""vel"": 25.52, ""pos"": 0.8, ""error"": 6.383646749999915}, {""pair"": [3, 11, 2, 1], ""acc"": 1.5, ""vel"": 25.52, ""pos"": 0.8, ""error"": 6.329709149999928}, {""pair"": [3, 11, 2, 1], ""acc"": 1.5, ""vel"": 25.52, ""pos"": 0.8, ""error"": 5.929709149999929}, {""pair"": [3, 11, 2, 1], ""acc"": 1.5, ""vel"": 25.52, ""pos"": 0.8, ""error"": 2.9196108500001134}, {""pair"": [3, 11, 2, 1], ""acc"": 1.5, ""vel"": 25.52, ""pos"": 0.8, ""error"": 3.225353250000098}, {""pair"": [3, 11, 2, 1], ""acc"": 1.5, ""vel"": 25.52, ""pos"": 0.8, ""error"": 3.170490850000111}, {""pair"": [3, 11, 2, 1], ""acc"": 1.5, ""vel"": 25.52, ""pos"": 0.8, ""error"": 3.570490850000111}], [{""pair"": [0, 1, 0, 11], ""acc"": 3.1, ""vel"": 22.96, ""pos"": 0.8, ""error"": 0.014473250000101245}, {""pair"": [0, 1, 0, 11], ""acc"": 3.1, ""vel"": 22.96, ""pos"": 0.8, ""error"": 0.059410850000073845}, {""pair"": [0, 1, 0, 11], ""acc"": 3.1, ""vel"": 22.96, ""pos"": 0.8, ""error"": 3.8236467499999165}, {""pair"": [0, 1, 0, 11], ""acc"": 3.1, ""vel"": 22.96, ""pos"": 0.8, ""error"": 3.7697091499999296}, {""pair"": [0, 1, 0, 11], ""acc"": 3.1, ""vel"": 22.96, ""pos"": 0.8, ""error"": 3.36970914999993}, {""pair"": [0, 1, 0, 11], ""acc"": 3.1, ""vel"": 22.96, ""pos"": 0.8, ""error"": 0.4594108500000738}, {""pair"": [0, 1, 0, 11], ""acc"": 3.1, ""vel"": 22.96, ""pos"": 0.8, ""error"": 0.6653532500000992}, {""pair"": [0, 1, 0, 11], ""acc"": 3.1, ""vel"": 22.96, ""pos"": 0.8, ""error"": 0.6104908500001125}, {""pair"": [0, 1, 0, 11], ""acc"": 3.1, ""vel"": 22.96, ""pos"": 0.8, ""error"": 1.0104908500001124}], [{""pair"": [0, 1, 1, 11], ""acc"": 1.5, ""vel"": 23.0, ""pos"": 0.8, ""error"": 0.05447325000010039}, {""pair"": [0, 1, 1, 11], ""acc"": 1.5, ""vel"": 23.0, ""pos"": 0.8, ""error"": 0.019410850000074698}, {""pair"": [0, 1, 1, 11], ""acc"": 1.5, ""vel"": 23.0, ""pos"": 0.8, ""error"": 3.8636467499999156}, {""pair"": [0, 1, 1, 11], ""acc"": 1.5, ""vel"": 23.0, ""pos"": 0.8, ""error"": 3.8097091499999287}, {""pair"": [0, 1, 1, 11], ""acc"": 1.5, ""vel"": 23.0, ""pos"": 0.8, ""error"": 3.4097091499999292}, {""pair"": [0, 1, 1, 11], ""acc"": 1.5, ""vel"": 23.0, ""pos"": 0.8, ""error"": 0.41941085000007466}, {""pair"": [0, 1, 1, 11], ""acc"": 1.5, ""vel"": 23.0, ""pos"": 0.8, ""error"": 0.7053532500000983}, {""pair"": [0, 1, 1, 11], ""acc"": 1.5, ""vel"": 23.0, ""pos"": 0.8, ""error"": 0.6504908500001116}, {""pair"": [0, 1, 1, 11], ""acc"": 1.5, ""vel"": 23.0, ""pos"": 0.8, ""error"": 1.0504908500001116}], [{""pair"": [0, 1, 2, 11], ""acc"": 1.5, ""vel"": 22.96, ""pos"": 1.0, ""error"": 0.2144732500001012}, {""pair"": [0, 1, 2, 11], ""acc"": 1.5, ""vel"": 22.96, ""pos"": 1.0, ""error"": 0.2594108500000738}, {""pair"": [0, 1, 2, 11], ""acc"": 1.5, ""vel"": 22.96, ""pos"": 1.0, ""error"": 3.6236467499999168}, {""pair"": [0, 1, 2, 11], ""acc"": 1.5, ""vel"": 22.96, ""pos"": 1.0, ""error"": 3.56970914999993}, {""pair"": [0, 1, 2, 11], ""acc"": 1.5, ""vel"": 22.96, ""pos"": 1.0, ""error"": 3.16970914999993}, {""pair"": [0, 1, 2, 11], ""acc"": 1.5, ""vel"": 22.96, ""pos"": 1.0, ""error"": 0.6594108500000737}, {""pair"": [0, 1, 2, 11], ""acc"": 1.5, ""vel"": 22.96, ""pos"": 1.0, ""error"": 0.8653532500000991}, {""pair"": [0, 1, 2, 11], ""acc"": 1.5, ""vel"": 22.96, ""pos"": 1.0, ""error"": 0.8104908500001125}, {""pair"": [0, 1, 2, 11], ""acc"": 1.5, ""vel"": 22.96, ""pos"": 1.0, ""error"": 1.2104908500001126}], [{""pair"": [2, 1, 0, 11], ""acc"": 3.1, ""vel"": 25.52, ""pos"": 0.8, ""error"": 2.5744732500001}, {""pair"": [2, 1, 0, 11], ""acc"": 3.1, ""vel"": 25.52, ""pos"": 0.8, ""error"": 2.519610850000113}, {""pair"": [2, 1, 0, 11], ""acc"": 3.1, ""vel"": 25.52, ""pos"": 0.8, ""error"": 6.383646749999915}, {""pair"": [2, 1, 0, 11], ""acc"": 3.1, ""vel"": 25.52, ""pos"": 0.8, ""error"": 6.329709149999928}, {""pair"": [2, 1, 0, 11], ""acc"": 3.1, ""vel"": 25.52, ""pos"": 0.8, ""error"": 5.929709149999929}, {""pair"": [2, 1, 0, 11], ""acc"": 3.1, ""vel"": 25.52, ""pos"": 0.8, ""error"": 2.9196108500001134}, {""pair"": [2, 1, 0, 11], ""acc"": 3.1, ""vel"": 25.52, ""pos"": 0.8, ""error"": 3.225353250000098}, {""pair"": [2, 1, 0, 11], ""acc"": 3.1, ""vel"": 25.52, ""pos"": 0.8, ""error"": 3.170490850000111}, {""pair"": [2, 1, 0, 11], ""acc"": 3.1, ""vel"": 25.52, ""pos"": 0.8, ""error"": 3.570490850000111}], [{""pair"": [2, 1, 1, 11], ""acc"": 1.5, ""vel"": 25.56, ""pos"": 0.8, ""error"": 2.614473250000099}, {""pair"": [2, 1, 1, 11], ""acc"": 1.5, ""vel"": 25.56, ""pos"": 0.8, ""error"": 2.5596108500001122}, {""pair"": [2, 1, 1, 11], ""acc"": 1.5, ""vel"": 25.56, ""pos"": 0.8, ""error"": 6.423646749999914}, {""pair"": [2, 1, 1, 11], ""acc"": 1.5, ""vel"": 25.56, ""pos"": 0.8, ""error"": 6.369709149999927}, {""pair"": [2, 1, 1, 11], ""acc"": 1.5, ""vel"": 25.56, ""pos"": 0.8, ""error"": 5.969709149999928}, {""pair"": [2, 1, 1, 11], ""acc"": 1.5, ""vel"": 25.56, ""pos"": 0.8, ""error"": 2.9596108500001126}, {""pair"": [2, 1, 1, 11], ""acc"": 1.5, ""vel"": 25.56, ""pos"": 0.8, ""error"": 3.2653532500000972}, {""pair"": [2, 1, 1, 11], ""acc"": 1.5, ""vel"": 25.56, ""pos"": 0.8, ""error"": 3.2104908500001104}, {""pair"": [2, 1, 1, 11], ""acc"": 1.5, ""vel"": 25.56, ""pos"": 0.8, ""error"": 3.6104908500001103}], [{""pair"": [2, 1, 2, 11], ""acc"": 1.5, ""vel"": 25.52, ""pos"": 1.0, ""error"": 2.7744732500001}, {""pair"": [2, 1, 2, 11], ""acc"": 1.5, ""vel"": 25.52, ""pos"": 1.0, ""error"": 2.7196108500001133}, {""pair"": [2, 1, 2, 11], ""acc"": 1.5, ""vel"": 25.52, ""pos"": 1.0, ""error"": 6.183646749999916}, {""pair"": [2, 1, 2, 11], ""acc"": 1.5, ""vel"": 25.52, ""pos"": 1.0, ""error"": 6.129709149999929}, {""pair"": [2, 1, 2, 11], ""acc"": 1.5, ""vel"": 25.52, ""pos"": 1.0, ""error"": 5.729709149999929}, {""pair"": [2, 1, 2, 11], ""acc"": 1.5, ""vel"": 25.52, ""pos"": 1.0, ""error"": 3.119610850000113}, {""pair"": [2, 1, 2, 11], ""acc"": 1.5, ""vel"": 25.52, ""pos"": 1.0, ""error"": 3.425353250000098}, {""pair"": [2, 1, 2, 11], ""acc"": 1.5, ""vel"": 25.52, ""pos"": 1.0, ""error"": 3.3704908500001114}, {""pair"": [2, 1, 2, 11], ""acc"": 1.5, ""vel"": 25.52, ""pos"": 1.0, ""error"": 3.7704908500001113}]]",1
269.7,0.016999999999995907,1.538284,22.981054,1.147133121420261,1.5,22.98,1.1,1.5,22.98,1.5,1.5,22.98,1.1,3.608403949642053,22.9975530853446,-18.85295894072211,4.305801486141957,23.02729807515629,-18.85224803697043,4.056393042275936,23.022272272769342,-18.852328283633863,3.3501958031121384,20.00009206214237,0.8696617413131492,3.4387333476466573,19.99938115839069,0.8685075032735882,3.423766014872183,19.999461405054124,0.8687005855937779,"[[3, 12, 2, 2], [2, 2, 1, 12], [2, 2, 2, 12], [0, 0, 0, 0], [0, 0, 0, 0], [0, 0, 0, 0], [0, 0, 0, 0], [0, 0, 0, 0], [0, 0, 0, 0], [0, 0, 0, 0], [0, 0, 0, 0], [0, 0, 0, 0], [0, 0, 0, 0], [0, 0, 0, 0], [0, 0, 0, 0], [0, 0, 0, 0]]",1,,1,0,1,"[2, 2, 2, 12]","[[[3, 12, 2, 2], [1.5, 22.98, 1.5], 0.11496325000008834], [[2, 2, 1, 12], [1.5, 22.9, 1.5], 0.19496325000009018], [[2, 2, 2, 12], [1.5, 22.98, 1.1], 0.0960367499999002]]","[[2, 2, 2, 12], [3, 12, 2, 2], [2, 2, 1, 12]]","[{""pair"": [2, 2, 2, 12], ""acc"": 1.5, ""vel"": 22.98, ""pos"": 1.1, ""error"": 0.0960367499999002}, {""pair"": [3, 12, 2, 2], ""acc"": 1.5, ""vel"": 22.98, ""pos"": 1.5, ""error"": 0.11496325000008834}, {""pair"": [2, 2, 1, 12], ""acc"": 1.5, ""vel"": 22.9, ""pos"": 1.5, ""error"": 0.19496325000009018}]","[[{""pair"": [3, 12, 2, 2], ""acc"": 1.5, ""vel"": 22.98, ""pos"": 1.5, ""error"": 0.3149632500000883}, {""pair"": [3, 12, 2, 2], ""acc"": 1.5, ""vel"": 22.98, ""pos"": 1.5, ""error"": 0.34193205000008176}, {""pair"": [3, 12, 2, 2], ""acc"": 1.5, ""vel"": 22.98, ""pos"": 1.5, ""error"": 0.35428325000008765}, {""pair"": [3, 12, 2, 2], ""acc"": 1.5, ""vel"": 22.98, ""pos"": 1.5, ""error"": 0.11496325000008834}, {""pair"": [3, 12, 2, 2], ""acc"": 1.5, ""vel"": 22.98, ""pos"": 1.5, ""error"": 2.8314432500000977}, {""pair"": [3, 12, 2, 2], ""acc"": 1.5, ""vel"": 22.98, ""pos"": 1.5, ""error"": 2.858412050000091}, {""pair"": [3, 12, 2, 2], ""acc"": 1.5, ""vel"": 22.98, ""pos"": 1.5, ""error"": 2.870763250000097}, {""pair"": [3, 12, 2, 2], ""acc"": 1.5, ""vel"": 22.98, ""pos"": 1.5, ""error"": 2.6314432500000975}], [{""pair"": [2, 2, 1, 12], ""acc"": 1.5, ""vel"": 22.9, ""pos"": 1.5, ""error"": 0.39496325000009014}, {""pair"": [2, 2, 1, 12], ""acc"": 1.5, ""vel"": 22.9, ""pos"": 1.5, ""error"": 0.4219320500000836}, {""pair"": [2, 2, 1, 12], ""acc"": 1.5, ""vel"": 22.9, ""pos"": 1.5, ""error"": 0.4342832500000895}, {""pair"": [2, 2, 1, 12], ""acc"": 1.5, ""vel"": 22.9, ""pos"": 1.5, ""error"": 0.19496325000009018}, {""pair"": [2, 2, 1, 12], ""acc"": 1.5, ""vel"": 22.9, ""pos"": 1.5, ""error"": 2.9114432500000995}, {""pair"": [2, 2, 1, 12], ""acc"": 1.5, ""vel"": 22.9, ""pos"": 1.5, ""error"": 2.938412050000093}, {""pair"": [2, 2, 1, 12], ""acc"": 1.5, ""vel"": 22.9, ""pos"": 1.5, ""error"": 2.9507632500000986}, {""pair"": [2, 2, 1, 12], ""acc"": 1.5, ""vel"": 22.9, ""pos"": 1.5, ""error"": 2.7114432500000993}], [{""pair"": [2, 2, 2, 12], ""acc"": 1.5, ""vel"": 22.98, ""pos"": 1.1, ""error"": 0.0960367499999002}, {""pair"": [2, 2, 2, 12], ""acc"": 1.5, ""vel"": 22.98, ""pos"": 1.1, ""error"": 0.12346794999989363}, {""pair"": [2, 2, 2, 12], ""acc"": 1.5, ""vel"": 22.98, ""pos"": 1.1, ""error"": 0.13671674999989913}, {""pair"": [2, 2, 2, 12], ""acc"": 1.5, ""vel"": 22.98, ""pos"": 1.1, ""error"": 0.29603674999990015}, {""pair"": [2, 2, 2, 12], ""acc"": 1.5, ""vel"": 22.98, ""pos"": 1.1, ""error"": 2.6995567499998883}, {""pair"": [2, 2, 2, 12], ""acc"": 1.5, ""vel"": 22.98, ""pos"": 1.1, ""error"": 2.7269879499998817}, {""pair"": [2, 2, 2, 12], ""acc"": 1.5, ""vel"": 22.98, ""pos"": 1.1, ""error"": 2.7402367499998874}, {""pair"": [2, 2, 2, 12], ""acc"": 1.5, ""vel"": 22.98, ""pos"": 1.1, ""error"": 2.8995567499998884}]]",2
269.717,0.016000000000019554,1.536777,23.006649,1.5380333214581667,1.5,23.01,1.5,1.5,22.69,103.9,1.5,23.01,1.5,4.363278404263963,23.0588959524885,-18.461479123900624,8.0,23.100496700420685,-18.46016178137812,4.788983008525435,23.091230954488015,-18.46036350620227,3.4466760044794924,19.99951244535879,0.8673230707387991,4.484852657926247,19.998195102836284,0.8657041171964106,3.543176032542886,19.998396827660436,0.8660602315691422,"[[3, 14, 0, 4], [3, 14, 1, 4], [0, 4, 0, 14], [0, 4, 1, 14], [0, 4, 2, 14], [1, 4, 0, 14], [1, 4, 1, 14], [1, 4, 2, 14], [0, 0, 0, 0], [0, 0, 0, 0], [0, 0, 0, 0], [0, 0, 0, 0], [0, 0, 0, 0], [0, 0, 0, 0], [0, 0, 0, 0], [0, 0, 0, 0]]",1,,1,0,1,"[1, 4, 1, 14]","[[[3, 14, 0, 4], [1.5, 2.21, 103.9], 122.74740799999958], [[3, 14, 1, 4], [1.5, 22.69, 1.5], 0.34612799999957855], [[0, 4, 0, 14], [14.3, 2.21, 103.9], 122.74740799999958], [[0, 4, 1, 14], [1.5, 2.53, 103.9], 122.42740799999959], [[0, 4, 2, 14], [1.5, 2.21, 105.5], 124.34740799999958], [[1, 4, 0, 14], [14.3, 22.69, 1.5], 0.34612799999957855], [[1, 4, 1, 14], [1.5, 23.01, 1.5], 0.03812799999952188], [[1, 4, 2, 14], [1.5, 22.69, 3.1], 1.4674079999995786]]","[[1, 4, 1, 14]]","[{""pair"": [1, 4, 1, 14], ""acc"": 1.5, ""vel"": 23.01, ""pos"": 1.5, ""error"": 0.03812799999952188}]","[[{""pair"": [3, 14, 0, 4], ""acc"": 1.5, ""vel"": 2.21, ""pos"": 103.9, ""error"": 123.22612799999958}, {""pair"": [3, 14, 0, 4], ""acc"": 1.5, ""vel"": 2.21, ""pos"": 103.9, ""error"": 122.82612799999958}, {""pair"": [3, 14, 0, 4], ""acc"": 1.5, ""vel"": 2.21, ""pos"": 103.9, ""error"": 122.74740799999958}], [{""pair"": [3, 14, 1, 4], ""acc"": 1.5, ""vel"": 22.69, ""pos"": 1.5, ""error"": 0.34612799999957855}, {""pair"": [3, 14, 1, 4], ""acc"": 1.5, ""vel"": 22.69, ""pos"": 1.5, ""error"": 0.6818720000004783}, {""pair"": [3, 14, 1, 4], ""acc"": 1.5, ""vel"": 22.69, ""pos"": 1.5, ""error"": 0.6005920000004747}], [{""pair"": [0, 4, 0, 14], ""acc"": 14.3, ""vel"": 2.21, ""pos"": 103.9, ""error"": 123.22612799999958}, {""pair"": [0, 4, 0, 14], ""acc"": 14.3, ""vel"": 2.21, ""pos"": 103.9, ""error"": 122.82612799999958}, {""pair"": [0, 4, 0, 14], ""acc"": 14.3, ""vel"": 2.21, ""pos"": 103.9, ""error"": 122.74740799999958}], [{""pair"": [0, 4, 1, 14], ""acc"": 1.5, ""vel"": 2.53, ""pos"": 103.9, ""error"": 122.90612799999958}, {""pair"": [0, 4, 1, 14], ""acc"": 1.5, ""vel"": 2.53, ""pos"": 103.9, ""error"": 122.50612799999959}, {""pair"": [0, 4, 1, 14], ""acc"": 1.5, ""vel"": 2.53, ""pos"": 103.9, ""error"": 122.42740799999959}], [{""pair"": [0, 4, 2, 14], ""acc"": 1.5, ""vel"": 2.21, ""pos"": 105.5, ""error"": 124.82612799999957}, {""pair"": [0, 4, 2, 14], ""acc"": 1.5, ""vel"": 2.21, ""pos"": 105.5, ""error"": 124.42612799999958}, {""pair"": [0, 4, 2, 14], ""acc"": 1.5, ""vel"": 2.21, ""pos"": 105.5, ""error"": 124.34740799999958}], [{""pair"": [1, 4, 0, 14], ""acc"": 14.3, ""vel"": 22.69, ""pos"": 1.5, ""error"": 0.34612799999957855}, {""pair"": [1, 4, 0, 14], ""acc"": 14.3, ""vel"": 22.69, ""pos"": 1.5, ""error"": 0.6818720000004783}, {""pair"": [1, 4, 0, 14], ""acc"": 14.3, ""vel"": 22.69, ""pos"": 1.5, ""error"": 0.6005920000004747}], [{""pair"": [1, 4, 1, 14], ""acc"": 1.5, ""vel"": 23.01, ""pos"": 1.5, ""error"": 0.03812799999952188}, {""pair"": [1, 4, 1, 14], ""acc"": 1.5, ""vel"": 23.01, ""pos"": 1.5, ""error"": 0.37387200000042164}, {""pair"": [1, 4, 1, 14], ""acc"": 1.5, ""vel"": 23.01, ""pos"": 1.5, ""error"": 0.45259200000042177}], [{""pair"": [1, 4, 2, 14], ""acc"": 1.5, ""vel"": 22.69, ""pos"": 3.1, ""error"": 1.9461279999995786}, {""pair"": [1, 4, 2, 14], ""acc"": 1.5, ""vel"": 22.69, ""pos"": 3.1, ""error"": 1.5461279999995787}, {""pair"": [1, 4, 2, 14], ""acc"": 1.5, ""vel"": 22.69, ""pos"": 3.1, ""error"": 1.4674079999995786}]]",3
269.733,0.016999999999995907,1.535999,23.03224,1.9063364129146172,1.5,23.03,1.9000000000000001,1.5,22.99,1.9,1.5,23.03,1.9,5.129785030405248,23.128708406956807,-18.09197828902461,8.0,23.22849670042084,-18.089529834170936,5.531724122189191,23.167854682624515,-18.09029082110492,3.5976366265728363,19.998314701939226,0.8646533282387701,4.0117846051334585,19.99586624708555,0.8608334196126983,3.7148223804628695,19.996627234019535,0.8631195036377992,"[[3, 6, 0, 11], [3, 6, 1, 11], [0, 0, 0, 0], [0, 0, 0, 0], [0, 0, 0, 0], [0, 0, 0, 0], [0, 0, 0, 0], [0, 0, 0, 0], [0, 0, 0, 0], [0, 0, 0, 0], [0, 0, 0, 0], [0, 0, 0, 0], [0, 0, 0, 0], [0, 0, 0, 0], [0, 0, 0, 0], [0, 0, 0, 0]]",1,,1,0,1,"[3, 6, 1, 11]","[[[3, 6, 0, 11], [3.1, 22.99, 1.9], 0.05411325000009115], [[3, 6, 1, 11], [1.5, 23.03, 1.9], 0.014113250000088451]]","[[3, 6, 1, 11]]","[{""pair"": [3, 6, 1, 11], ""acc"": 1.5, ""vel"": 23.03, ""pos"": 1.9, ""error"": 0.014113250000088451}]","[[{""pair"": [3, 6, 0, 11], ""acc"": 3.1, ""vel"": 22.99, ""pos"": 1.9, ""error"": 0.05411325000009115}], [{""pair"": [3, 6, 1, 11], ""acc"": 1.5, ""vel"": 23.03, ""pos"": 1.9, ""error"": 0.014113250000088451}]]",3
269.75,0.016999999999995907,1.535623,23.057829,2.298106444770023,1.5,23.06,2.3000000000000003,1.5,23.04,27.9,1.5,23.06,2.3,5.854043958701305,23.215914752473676,-17.698048992169543,8.0,23.36449670042081,-17.693489390263878,6.232162948976141,23.261893992701708,-17.69563795736474,3.7725350873801715,19.996155436939567,0.8613124078950608,4.2775812990405075,19.991595835033902,0.8556399091906757,3.910696407250911,19.993744402134766,0.8595062985158343,"[[3, 2, 3, 10], [3, 2, 1, 10], [3, 10, 1, 2], [3, 10, 2, 2], [1, 2, 1, 10], [2, 2, 1, 10], [0, 0, 0, 0], [0, 0, 0, 0], [0, 0, 0, 0], [0, 0, 0, 0], [0, 0, 0, 0], [0, 0, 0, 0], [0, 0, 0, 0], [0, 0, 0, 0], [0, 0, 0, 0], [0, 0, 0, 0]]",1,,1,0,1,"[1, 2, 1, 10]","[[[3, 2, 3, 10], [1.5, 23.04, 27.9], 25.623773250000088], [[3, 2, 1, 10], [1.5, 23.06, 27.9], 25.612773250000096], [[3, 10, 1, 2], [1.5, 23.04, 2.3], 0.02377325000009023], [[3, 10, 2, 2], [1.5, 23.04, 27.9], 25.623773250000088], [[1, 2, 1, 10], [1.5, 23.06, 2.3], 0.012773250000098102], [[2, 2, 1, 10], [1.5, 23.06, 27.9], 25.612773250000096]]","[[1, 2, 1, 10]]","[{""pair"": [1, 2, 1, 10], ""acc"": 1.5, ""vel"": 23.06, ""pos"": 2.3, ""error"": 0.012773250000098102}]","[[{""pair"": [3, 2, 3, 10], ""acc"": 1.5, ""vel"": 23.04, ""pos"": 27.9, ""error"": 25.623773250000088}], [{""pair"": [3, 2, 1, 10], ""acc"": 1.5, ""vel"": 23.06, ""pos"": 27.9, ""error"": 25.612773250000096}], [{""pair"": [3, 10, 1, 2], ""acc"": 1.5, ""vel"": 23.04, ""pos"": 2.3, ""error"": 0.02377325000009023}], [{""pair"": [3, 10, 2, 2], ""acc"": 1.5, ""vel"": 23.04, ""pos"": 27.9, ""error"": 25.623773250000088}], [{""pair"": [1, 2, 1, 10], ""acc"": 1.5, ""vel"": 23.06, ""pos"": 2.3, ""error"": 0.012773250000098102}], [{""pair"": [2, 2, 1, 10], ""acc"": 1.5, ""vel"": 23.06, ""pos"": 27.9, ""error"": 25.612773250000096}]]",3
269.767,0.016000000000019554,1.535284,23.08181,2.6903114352934283,1.5,23.080000000000002,2.7,14.3,23.08,2.6,1.5,23.08,2.7,6.495379032050155,23.315433499771576,-17.302532532025552,8.0,23.500496700420776,-17.29513694635682,6.8510638965266715,23.367840762834277,-17.29928521194278,4.014233305119069,19.99284396731898,0.8574939842964898,4.574233742947564,19.985448381650247,0.8504266372077323,4.172382946107133,19.98959664723621,0.8554319096109622,"[[3, 14, 1, 10], [3, 14, 2, 10], [1, 10, 0, 14], [1, 10, 2, 14], [2, 10, 0, 14], [2, 10, 2, 14], [0, 0, 0, 0], [0, 0, 0, 0], [0, 0, 0, 0], [0, 0, 0, 0], [0, 0, 0, 0], [0, 0, 0, 0], [0, 0, 0, 0], [0, 0, 0, 0], [0, 0, 0, 0], [0, 0, 0, 0]]",1,,1,0,1,"[2, 10, 0, 14]","[[[3, 14, 1, 10], [14.3, 23.1, 2.6], 0.08515200000042444], [[3, 14, 2, 10], [14.3, 23.08, 2.7], 0.03484799999957877], [[1, 10, 0, 14], [1.5, 23.1, 2.6], 0.08515200000042444], [[1, 10, 2, 14], [14.3, 23.1, 1.0], 1.6851520000004245], [[2, 10, 0, 14], [1.5, 23.08, 2.7], 0.03484799999957877], [[2, 10, 2, 14], [14.3, 23.08, 1.1], 1.5731520000004808]]","[[2, 10, 0, 14]]","[{""pair"": [2, 10, 0, 14], ""acc"": 1.5, ""vel"": 23.08, ""pos"": 2.7, ""error"": 0.03484799999957877}]","[[{""pair"": [3, 14, 1, 10], ""acc"": 14.3, ""vel"": 23.1, ""pos"": 2.6, ""error"": 0.08515200000042444}], [{""pair"": [3, 14, 2, 10], ""acc"": 14.3, ""vel"": 23.08, ""pos"": 2.7, ""error"": 0.03484799999957877}], [{""pair"": [1, 10, 0, 14], ""acc"": 1.5, ""vel"": 23.1, ""pos"": 2.6, ""error"": 0.08515200000042444}], [{""pair"": [1, 10, 2, 14], ""acc"": 14.3, ""vel"": 23.1, ""pos"": 1.0, ""error"": 1.6851520000004245}], [{""pair"": [2, 10, 0, 14], ""acc"": 1.5, ""vel"": 23.08, ""pos"": 2.7, ""error"": 0.03484799999957877}], [{""pair"": [2, 10, 2, 14], ""acc"": 14.3, ""vel"": 23.08, ""pos"": 1.1, ""error"": 1.5731520000004808}]]",3
269.783,0.016999999999995907,1.534274,23.110558,3.05981691164588,1.5,23.11,3.1,1.5,23.11,3.1,1.5,23.11,3.1,7.141048433989477,23.419359564284505,-16.928654187512645,8.0,23.628496700420932,-16.918104999149627,7.472915003245228,23.47745778517884,-16.924522823558217,4.241579856506213,19.988471099158524,0.853502037247926,4.877459440154771,19.97792191079551,0.8455011829186582,4.417678531946288,19.984339735204095,0.8512139567266126,"[[3, 10, 2, 6], [0, 0, 0, 0], [0, 0, 0, 0], [0, 0, 0, 0], [0, 0, 0, 0], [0, 0, 0, 0], [0, 0, 0, 0], [0, 0, 0, 0], [0, 0, 0, 0], [0, 0, 0, 0], [0, 0, 0, 0], [0, 0, 0, 0], [0, 0, 0, 0], [0, 0, 0, 0], [0, 0, 0, 0], [0, 0, 0, 0]]",1,,1,0,1,"[3, 10, 2, 6]","[[[3, 10, 2, 6], [1.5, 23.11, 3.1], 0.01192325000010186]]","[[3, 10, 2, 6]]","[{""pair"": [3, 10, 2, 6], ""acc"": 1.5, ""vel"": 23.11, ""pos"": 3.1, ""error"": 0.01192325000010186}]","[[{""pair"": [3, 10, 2, 6], ""acc"": 1.5, ""vel"": 23.11, ""pos"": 3.1, ""error"": 0.01192325000010186}]]",3
269.8,0.016999999999995907,1.532776,23.134481,3.4529181002387856,1.5,23.13,3.5,1.5,23.13,1648.3,1.5,23.13,3.5,7.743578346136769,23.540757387662296,-16.529493193421192,8.0,23.7644967004209,-16.51526455524257,8.0,23.604497340233976,-16.524326204992303,4.552223137814796,19.98241129365998,0.8488431771584696,5.236099884061828,19.968182655481357,0.8402527058411338,4.746411901842954,19.97724430523109,0.8463321212597814,"[[3, 8, 1, 0], [3, 8, 2, 0], [1, 0, 0, 8], [1, 0, 1, 8], [2, 0, 0, 8], [2, 0, 1, 8], [0, 0, 0, 0], [0, 0, 0, 0], [0, 0, 0, 0], [0, 0, 0, 0], [0, 0, 0, 0], [0, 0, 0, 0], [0, 0, 0, 0], [0, 0, 0, 0], [0, 0, 0, 0], [0, 0, 0, 0]]",1,,1,0,1,"[1, 0, 1, 8]","[[[3, 8, 1, 0], [1.5, 23.13, 1641.9], 1638.41241325], [[3, 8, 2, 0], [1.5, 23.13, 1648.3], 1644.81241325], [[1, 0, 0, 8], [1.3, 23.13, 1641.9], 1638.41241325], [[1, 0, 1, 8], [1.5, 23.13, 3.5], 0.012413250000089082], [[2, 0, 0, 8], [1.3, 23.13, 1648.3], 1644.81241325], [[2, 0, 1, 8], [1.5, 23.13, 9.9], 6.412413250000089]]","[[1, 0, 1, 8]]","[{""pair"": [1, 0, 1, 8], ""acc"": 1.5, ""vel"": 23.13, ""pos"": 3.5, ""error"": 0.012413250000089082}]","[[{""pair"": [3, 8, 1, 0], ""acc"": 1.5, ""vel"": 23.13, ""pos"": 1641.9, ""error"": 1638.41241325}], [{""pair"": [3, 8, 2, 0], ""acc"": 1.5, ""vel"": 23.13, ""pos"": 1648.3, ""error"": 1644.81241325}], [{""pair"": [1, 0, 0, 8], ""acc"": 1.3, ""vel"": 23.13, ""pos"": 1641.9, ""error"": 1638.41241325}], [{""pair"": [1, 0, 1, 8], ""acc"": 1.5, ""vel"": 23.13, ""pos"": 3.5, ""error"": 0.012413250000089082}], [{""pair"": [2, 0, 0, 8], ""acc"": 1.3, ""vel"": 23.13, ""pos"": 1648.3, ""error"": 1644.81241325}], [{""pair"": [2, 0, 1, 8], ""acc"": 1.5, ""vel"": 23.13, ""pos"": 9.9, ""error"": 6.412413250000089}]]",3
269.817,0.016000000000019554,1.53109,23.158379,3.846425763370691,1.5,23.16,3.8000000000000003,1.5,23.16,16.6,1.5,23.16,3.8,8.0,23.67239821954659,-16.128181370760014,8.0,23.900496700420867,-16.110112111335514,8.0,23.740497340233944,-16.121893750208425,4.867042163504198,19.974607134130707,0.8437931361613134,5.568058577968882,19.956537874706207,0.8349842317023809,5.07565060662683,19.968319513579118,0.8411078852900874,"[[3, 1, 3, 13], [3, 13, 0, 1], [3, 13, 1, 1], [3, 13, 2, 1], [0, 0, 0, 0], [0, 0, 0, 0], [0, 0, 0, 0], [0, 0, 0, 0], [0, 0, 0, 0], [0, 0, 0, 0], [0, 0, 0, 0], [0, 0, 0, 0], [0, 0, 0, 0], [0, 0, 0, 0], [0, 0, 0, 0], [0, 0, 0, 0]]",1,,1,0,1,"[3, 13, 1, 1]","[[[3, 1, 3, 13], [1.5, 23.16, 16.6], 12.73572799999952], [[3, 13, 0, 1], [1.5, 20.6, 16.6], 15.283727999999575], [[3, 13, 1, 1], [1.5, 23.16, 3.8], 0.07627200000042489], [[3, 13, 2, 1], [1.5, 23.16, 16.6], 12.73572799999952]]","[[3, 13, 1, 1]]","[{""pair"": [3, 13, 1, 1], ""acc"": 1.5, ""vel"": 23.16, ""pos"": 3.8, ""error"": 0.07627200000042489}]","[[{""pair"": [3, 1, 3, 13], ""acc"": 1.5, ""vel"": 23.16, ""pos"": 16.6, ""error"": 12.73572799999952}], [{""pair"": [3, 13, 0, 1], ""acc"": 1.5, ""vel"": 20.6, ""pos"": 16.6, ""error"": 15.283727999999575}], [{""pair"": [3, 13, 1, 1], ""acc"": 1.5, ""vel"": 23.16, ""pos"": 3.8, ""error"": 0.07627200000042489}], [{""pair"": [3, 13, 2, 1], ""acc"": 1.5, ""vel"": 23.16, ""pos"": 16.6, ""error"": 12.73572799999952}]]",3
269.833,0.016999999999995907,1.529456,23.185442,4.217155806891144,1.5,23.19,4.2,1.4,23.15,4.2,1.5,23.19,4.2,8.0,23.800398219546747,-15.748398999246803,8.0,24.028496700421023,-15.726680164128311,8.0,23.8684973402341,-15.741021792764215,5.172718285017417,19.965554806137945,0.8388748214196127,5.993234275176108,19.943835971019453,0.8300076454916133,5.382416314071055,19.958177599655357,0.8361723536744274,"[[3, 11, 0, 7], [3, 11, 1, 7], [3, 11, 2, 7], [0, 7, 0, 11], [0, 7, 1, 11], [1, 7, 0, 11], [1, 7, 1, 11], [2, 7, 0, 11], [2, 7, 1, 11], [0, 0, 0, 0], [0, 0, 0, 0], [0, 0, 0, 0], [0, 0, 0, 0], [0, 0, 0, 0], [0, 0, 0, 0], [0, 0, 0, 0]]",1,,1,0,1,"[0, 7, 1, 11]","[[[3, 11, 0, 7], [1.5, 23.15, 4.2], 0.04156325000009087], [[3, 11, 1, 7], [1.4, 23.15, 823.4], 819.24156325], [[3, 11, 2, 7], [1.4, 23.15, 4.2], 0.04156325000009087], [[0, 7, 0, 11], [3.1, 23.15, 4.2], 0.04156325000009087], [[0, 7, 1, 11], [1.5, 23.19, 4.2], 0.01056325000010272], [[1, 7, 0, 11], [3.0, 23.15, 823.4], 819.24156325], [[1, 7, 1, 11], [1.4, 23.19, 823.4], 819.2105632500001], [[2, 7, 0, 11], [3.0, 23.15, 4.2], 0.04156325000009087], [[2, 7, 1, 11], [1.4, 23.19, 4.2], 0.01056325000010272]]","[[0, 7, 1, 11]]","[{""pair"": [0, 7, 1, 11], ""acc"": 1.5, ""vel"": 23.19, ""pos"": 4.2, ""error"": 0.01056325000010272}]","[[{""pair"": [3, 11, 0, 7], ""acc"": 1.5, ""vel"": 23.15, ""pos"": 4.2, ""error"": 0.04156325000009087}], [{""pair"": [3, 11, 1, 7], ""acc"": 1.4, ""vel"": 23.15, ""pos"": 823.4, ""error"": 819.24156325}], [{""pair"": [3, 11, 2, 7], ""acc"": 1.4, ""vel"": 23.15, ""pos"": 4.2, ""error"": 0.04156325000009087}], [{""pair"": [0, 7, 0, 11], ""acc"": 3.1, ""vel"": 23.15, ""pos"": 4.2, ""error"": 0.04156325000009087}], [{""pair"": [0, 7, 1, 11], ""acc"": 1.5, ""vel"": 23.19, ""pos"": 4.2, ""error"": 0.01056325000010272}], [{""pair"": [1, 7, 0, 11], ""acc"": 3.0, ""vel"": 23.15, ""pos"": 823.4, ""error"": 819.24156325}], [{""pair"": [1, 7, 1, 11], ""acc"": 1.4, ""vel"": 23.19, ""pos"": 823.4, ""error"": 819.2105632500001}], [{""pair"": [2, 7, 0, 11], ""acc"": 3.0, ""vel"": 23.15, ""pos"": 4.2, ""error"": 0.04156325000009087}], [{""pair"": [2, 7, 1, 11], ""acc"": 1.4, ""vel"": 23.19, ""pos"": 4.2, ""error"": 0.01056325000010272}]]",3
269.85,0.016999999999995907,1.528018,23.210886,4.6115293272830495,1.5,23.21,4.6000000000000005,1.3,23.21,4.6,1.5,23.21,4.6,8.0,23.936398219546714,-15.342636229514605,8.0,24.16449670042099,-15.317039720221253,8.0,24.004497340234067,-15.334101337980334,5.534081054749613,19.954165556797655,0.8336327535068695,6.242624719083154,19.928569047504304,0.8247044949691467,5.744936768854931,19.945630665263383,0.8309122404255641,"[[3, 1, 0, 8], [3, 1, 1, 8], [3, 1, 2, 8], [0, 1, 0, 8], [0, 1, 1, 8], [0, 1, 2, 8], [0, 0, 0, 0], [0, 0, 0, 0], [0, 0, 0, 0], [0, 0, 0, 0], [0, 0, 0, 0], [0, 0, 0, 0], [0, 0, 0, 0], [0, 0, 0, 0], [0, 0, 0, 0], [0, 0, 0, 0]]",1,,1,0,1,"[3, 1, 0, 8]","[[[3, 1, 0, 8], [1.5, 23.21, 4.6], 0.01105325000008861], [[3, 1, 1, 8], [1.3, 23.21, 1643.0], 1638.4110532500001], [[3, 1, 2, 8], [1.3, 23.21, 4.6], 0.01105325000008861], [[0, 1, 0, 8], [1.5, 20.65, 4.6], 2.571053250000091], [[0, 1, 1, 8], [1.3, 20.65, 1643.0], 1640.97105325], [[0, 1, 2, 8], [1.3, 20.65, 4.6], 2.571053250000091]]","[[3, 1, 0, 8]]","[{""pair"": [3, 1, 0, 8], ""acc"": 1.5, ""vel"": 23.21, ""pos"": 4.6, ""error"": 0.01105325000008861}]","[[{""pair"": [3, 1, 0, 8], ""acc"": 1.5, ""vel"": 23.21, ""pos"": 4.6, ""error"": 0.01105325000008861}], [{""pair"": [3, 1, 1, 8], ""acc"": 1.3, ""vel"": 23.21, ""pos"": 1643.0, ""error"": 1638.4110532500001}], [{""pair"": [3, 1, 2, 8], ""acc"": 1.3, ""vel"": 23.21, ""pos"": 4.6, ""error"": 0.01105325000008861}], [{""pair"": [0, 1, 0, 8], ""acc"": 1.5, ""vel"": 20.65, ""pos"": 4.6, ""error"": 2.571053250000091}], [{""pair"": [0, 1, 1, 8], ""acc"": 1.3, ""vel"": 20.65, ""pos"": 1643.0, ""error"": 1640.97105325}], [{""pair"": [0, 1, 2, 8], ""acc"": 1.3, ""vel"": 20.65, ""pos"": 4.6, ""error"": 2.571053250000091}]]",3
269.867,0.01599999999996271,1.526422,23.236303,5.006335187883955,1.5,23.240000000000002,5.0,1.5,23.24,5.0,1.5,23.24,5.0,8.0,24.07239821954668,-14.93456145978241,8.0,24.300496700420958,-14.905087276314195,8.0,24.140497340234035,-14.924868883196453,5.868662074481804,19.940896647666364,0.8283718334085403,6.581083412990211,19.91142246419815,0.8193833529276471,6.080675473638816,19.93120407108041,0.8256335314957178,"[[0, 1, 0, 9], [0, 1, 2, 9], [2, 1, 0, 9], [2, 1, 2, 9], [0, 0, 0, 0], [0, 0, 0, 0], [0, 0, 0, 0], [0, 0, 0, 0], [0, 0, 0, 0], [0, 0, 0, 0], [0, 0, 0, 0], [0, 0, 0, 0], [0, 0, 0, 0], [0, 0, 0, 0], [0, 0, 0, 0], [0, 0, 0, 0]]",1,,1,0,1,"[2, 1, 2, 9]","[[[0, 1, 0, 9], [1.1, 20.68, 5.0], 2.582448000000812], [[0, 1, 2, 9], [1.5, 20.68, 5.0], 2.582448000000812], [[2, 1, 0, 9], [1.1, 23.24, 5.0], 0.03444800000092041], [[2, 1, 2, 9], [1.5, 23.24, 5.0], 0.03444800000092041]]","[[2, 1, 2, 9]]","[{""pair"": [2, 1, 2, 9], ""acc"": 1.5, ""vel"": 23.24, ""pos"": 5.0, ""error"": 0.03444800000092041}]","[[{""pair"": [0, 1, 0, 9], ""acc"": 1.1, ""vel"": 20.68, ""pos"": 5.0, ""error"": 2.582448000000812}], [{""pair"": [0, 1, 2, 9], ""acc"": 1.5, ""vel"": 20.68, ""pos"": 5.0, ""error"": 2.582448000000812}], [{""pair"": [2, 1, 0, 9], ""acc"": 1.1, ""vel"": 23.24, ""pos"": 5.0, ""error"": 0.03444800000092041}], [{""pair"": [2, 1, 2, 9], ""acc"": 1.5, ""vel"": 23.24, ""pos"": 5.0, ""error"": 0.03444800000092041}]]",3
269.883,0.016999999999995907,1.524782,23.261692,5.378311417899087,1.5,23.26,5.4,1.5,23.58,5.4,1.5,23.26,5.4,8.0,24.200398219546383,-14.548379088270565,8.0,24.42849670042066,-14.51525532910837,8.0,24.268497340233736,-14.537596925753613,6.209519445993614,19.926690506169653,0.8234034136708996,5.988790360196007,19.89356674700746,0.8143590246658482,6.42262243108161,19.9159083436527,0.8206485990640607,"[[3, 0, 3, 15], [3, 0, 0, 15], [3, 0, 1, 15], [3, 14, 1, 14], [3, 14, 2, 14], [1, 14, 2, 14], [2, 14, 1, 14], [3, 0, 0, 15], [3, 0, 1, 15], [0, 0, 0, 0], [0, 0, 0, 0], [0, 0, 0, 0], [0, 0, 0, 0], [0, 0, 0, 0], [0, 0, 0, 0], [0, 0, 0, 0]]",1,,1,0,1,"[3, 14, 1, 14]","[[[3, 0, 3, 15], [1.5, 23.58, 5.4], 0.3192032500001014], [[3, 0, 0, 15], [-24.1, 23.58, 5.4], 0.3192032500001014], [[3, 0, 1, 15], [1.5, 24.22, 5.4], 0.959203250000102], [[3, 14, 1, 14], [1.5, 23.26, 5.4], 0.01020325000008615], [[3, 14, 2, 14], [1.5, 23.58, 3.8], 1.9097967499999111], [[1, 14, 2, 14], [1.5, 23.26, 3.8], 1.6007967499998959], [[2, 14, 1, 14], [1.5, 23.26, 3.8], 1.6007967499998959], [[3, 0, 0, 15], [-24.1, 23.58, 5.4], 0.3192032500001014], [[3, 0, 1, 15], [1.5, 24.22, 5.4], 0.959203250000102]]","[[3, 14, 1, 14]]","[{""pair"": [3, 14, 1, 14], ""acc"": 1.5, ""vel"": 23.26, ""pos"": 5.4, ""error"": 0.01020325000008615}]","[[{""pair"": [3, 0, 3, 15], ""acc"": 1.5, ""vel"": 23.58, ""pos"": 5.4, ""error"": 0.3192032500001014}], [{""pair"": [3, 0, 0, 15], ""acc"": -24.1, ""vel"": 23.58, ""pos"": 5.4, ""error"": 0.3192032500001014}], [{""pair"": [3, 0, 1, 15], ""acc"": 1.5, ""vel"": 24.22, ""pos"": 5.4, ""error"": 0.959203250000102}], [{""pair"": [3, 14, 1, 14], ""acc"": 1.5, ""vel"": 23.26, ""pos"": 5.4, ""error"": 0.01020325000008615}], [{""pair"": [3, 14, 2, 14], ""acc"": 1.5, ""vel"": 23.58, ""pos"": 3.8, ""error"": 1.9097967499999111}], [{""pair"": [1, 14, 2, 14], ""acc"": 1.5, ""vel"": 23.26, ""pos"": 3.8, ""error"": 1.6007967499998959}], [{""pair"": [2, 14, 1, 14], ""acc"": 1.5, ""vel"": 23.26, ""pos"": 3.8, ""error"": 1.6007967499998959}], [{""pair"": [3, 0, 0, 15], ""acc"": -24.1, ""vel"": 23.58, ""pos"": 5.4, ""error"": 0.3192032500001014}], [{""pair"": [3, 0, 1, 15], ""acc"": 1.5, ""vel"": 24.22, ""pos"": 5.4, ""error"": 0.959203250000102}]]",3
269.9,0.016999999999995907,1.522849,23.287043,5.7739805128979915,1.5,23.29,5.800000000000001,1.5,23.93,5.8,1.5,23.29,5.8,8.0,24.33639821954635,-14.135816318538376,8.0,24.564496700420626,-14.09881488520132,8.0,24.404497340233704,-14.123876470969739,6.548400965725811,19.909796831436367,0.8181077845547968,5.379549554103051,19.87279539809931,0.8090047860723734,6.762661635865495,19.89785698386773,0.8153356615570916,"[[3, 11, 1, 15], [3, 11, 2, 15], [1, 15, 0, 11], [1, 15, 1, 11], [2, 15, 0, 11], [2, 15, 1, 11], [0, 0, 0, 0], [0, 0, 0, 0], [0, 0, 0, 0], [0, 0, 0, 0], [0, 0, 0, 0], [0, 0, 0, 0], [0, 0, 0, 0], [0, 0, 0, 0], [0, 0, 0, 0], [0, 0, 0, 0]]",1,,1,0,1,"[3, 11, 1, 15]","[[[3, 11, 1, 15], [1.5, 23.29, 5.8], 0.008863250000098688], [[3, 11, 2, 15], [1.5, 23.93, 2.6], 3.840136749999909], [[1, 15, 0, 11], [3.1, 23.29, 5.8], 0.008863250000098688], [[1, 15, 1, 11], [1.5, 23.33, 5.8], 0.048863250000097835], [[2, 15, 0, 11], [3.1, 23.93, 2.6], 3.840136749999909], [[2, 15, 1, 11], [1.5, 23.97, 2.6], 3.880136749999908]]","[[3, 11, 1, 15]]","[{""pair"": [3, 11, 1, 15], ""acc"": 1.5, ""vel"": 23.29, ""pos"": 5.8, ""error"": 0.008863250000098688}]","[[{""pair"": [3, 11, 1, 15], ""acc"": 1.5, ""vel"": 23.29, ""pos"": 5.8, ""error"": 0.008863250000098688}], [{""pair"": [3, 11, 2, 15], ""acc"": 1.5, ""vel"": 23.93, ""pos"": 2.6, ""error"": 3.840136749999909}], [{""pair"": [1, 15, 0, 11], ""acc"": 3.1, ""vel"": 23.29, ""pos"": 5.8, ""error"": 0.008863250000098688}], [{""pair"": [1, 15, 1, 11], ""acc"": 1.5, ""vel"": 23.33, ""pos"": 5.8, ""error"": 0.048863250000097835}], [{""pair"": [2, 15, 0, 11], ""acc"": 3.1, ""vel"": 23.93, ""pos"": 2.6, ""error"": 3.840136749999909}], [{""pair"": [2, 15, 1, 11], ""acc"": 1.5, ""vel"": 23.97, ""pos"": 2.6, ""error"": 3.880136749999908}]]",3
269.917,0.016000000000019554,1.520545,23.312349,6.170080295578396,1.5,23.31,6.2,1.3,23.35,6.2,1.5,23.31,6.2,8.0,24.472398219546317,-13.720941548806188,8.0,24.700496700420594,-13.68006244129427,8.0,24.54049734023367,-13.707844016185867,6.918625735457994,19.891021844384582,0.8127941391742085,7.525801998010096,19.850142736872666,0.8036333429900081,7.134044090649365,19.87792431176426,0.8100049496215705,"[[3, 11, 0, 8], [3, 11, 1, 8], [3, 11, 2, 8], [0, 8, 1, 11], [0, 8, 2, 11], [1, 8, 1, 11], [1, 8, 2, 11], [2, 8, 1, 11], [2, 8, 2, 11], [0, 0, 0, 0], [0, 0, 0, 0], [0, 0, 0, 0], [0, 0, 0, 0], [0, 0, 0, 0], [0, 0, 0, 0], [0, 0, 0, 0]]",1,,1,0,1,"[0, 8, 1, 11]","[[[3, 11, 0, 8], [1.5, 23.35, 6.2], 0.06316799999951783], [[3, 11, 1, 8], [1.3, 23.35, 1644.6], 1638.4631679999995], [[3, 11, 2, 8], [1.3, 23.35, 6.2], 0.06316799999951783], [[0, 8, 1, 11], [1.5, 23.31, 6.2], 0.031167999999574647], [[0, 8, 2, 11], [1.5, 23.35, 6.0], 0.20883200000042823], [[1, 8, 1, 11], [1.3, 23.31, 1644.6], 1638.4311679999996], [[1, 8, 2, 11], [1.3, 23.35, 1644.4], 1638.2631679999997], [[2, 8, 1, 11], [1.3, 23.31, 6.2], 0.031167999999574647], [[2, 8, 2, 11], [1.3, 23.35, 6.0], 0.20883200000042823]]","[[0, 8, 1, 11]]","[{""pair"": [0, 8, 1, 11], ""acc"": 1.5, ""vel"": 23.31, ""pos"": 6.2, ""error"": 0.031167999999574647}]","[[{""pair"": [3, 11, 0, 8], ""acc"": 1.5, ""vel"": 23.35, ""pos"": 6.2, ""error"": 0.06316799999951783}], [{""pair"": [3, 11, 1, 8], ""acc"": 1.3, ""vel"": 23.35, ""pos"": 1644.6, ""error"": 1638.4631679999995}], [{""pair"": [3, 11, 2, 8], ""acc"": 1.3, ""vel"": 23.35, ""pos"": 6.2, ""error"": 0.06316799999951783}], [{""pair"": [0, 8, 1, 11], ""acc"": 1.5, ""vel"": 23.31, ""pos"": 6.2, ""error"": 0.031167999999574647}], [{""pair"": [0, 8, 2, 11], ""acc"": 1.5, ""vel"": 23.35, ""pos"": 6.0, ""error"": 0.20883200000042823}], [{""pair"": [1, 8, 1, 11], ""acc"": 1.3, ""vel"": 23.31, ""pos"": 1644.6, ""error"": 1638.4311679999996}], [{""pair"": [1, 8, 2, 11], ""acc"": 1.3, ""vel"": 23.35, ""pos"": 1644.4, ""error"": 1638.2631679999997}], [{""pair"": [2, 8, 1, 11], ""acc"": 1.3, ""vel"": 23.31, ""pos"": 6.2, ""error"": 0.031167999999574647}], [{""pair"": [2, 8, 2, 11], ""acc"": 1.3, ""vel"": 23.35, ""pos"": 6.0, ""error"": 0.20883200000042823}]]",3
269.933,0.016999999999995907,1.518009,23.339195,6.543272509338852,1.5,23.34,6.5,1.3,23.34,6.5,1.5,23.34,6.5,8.0,24.600398219546474,-13.328359177292965,8.0,24.82849670042075,-13.283830494087054,8.0,24.668497340233827,-13.314172058741645,7.236539356971231,19.871631686631815,0.8077768298418286,7.964015195217332,19.827103003425904,0.7985623633463845,7.453047298093599,19.857444568080496,0.8049717943578752,"[[3, 4, 0, 8], [3, 4, 1, 8], [3, 4, 2, 8], [1, 4, 0, 8], [1, 4, 1, 8], [1, 4, 2, 8], [0, 0, 0, 0], [0, 0, 0, 0], [0, 0, 0, 0], [0, 0, 0, 0], [0, 0, 0, 0], [0, 0, 0, 0], [0, 0, 0, 0], [0, 0, 0, 0], [0, 0, 0, 0], [0, 0, 0, 0]]",1,,1,0,1,"[3, 4, 0, 8]","[[[3, 4, 0, 8], [1.5, 23.34, 6.5], 0.10098674999991175], [[3, 4, 1, 8], [1.3, 23.34, 1644.9], 1638.3080132500002], [[3, 4, 2, 8], [1.3, 23.34, 6.5], 0.10098674999991175], [[1, 4, 0, 8], [1.5, 23.34, 108.9], 102.3080132500001], [[1, 4, 1, 8], [1.3, 23.34, 1747.3], 1740.70801325], [[1, 4, 2, 8], [1.3, 23.34, 108.9], 102.3080132500001]]","[[3, 4, 0, 8]]","[{""pair"": [3, 4, 0, 8], ""acc"": 1.5, ""vel"": 23.34, ""pos"": 6.5, ""error"": 0.10098674999991175}]","[[{""pair"": [3, 4, 0, 8], ""acc"": 1.5, ""vel"": 23.34, ""pos"": 6.5, ""error"": 0.10098674999991175}], [{""pair"": [3, 4, 1, 8], ""acc"": 1.3, ""vel"": 23.34, ""pos"": 1644.9, ""error"": 1638.3080132500002}], [{""pair"": [3, 4, 2, 8], ""acc"": 1.3, ""vel"": 23.34, ""pos"": 6.5, ""error"": 0.10098674999991175}], [{""pair"": [1, 4, 0, 8], ""acc"": 1.5, ""vel"": 23.34, ""pos"": 108.9, ""error"": 102.3080132500001}], [{""pair"": [1, 4, 1, 8], ""acc"": 1.3, ""vel"": 23.34, ""pos"": 1747.3, ""error"": 1740.70801325}], [{""pair"": [1, 4, 2, 8], ""acc"": 1.3, ""vel"": 23.34, ""pos"": 108.9, ""error"": 102.3080132500001}]]",3
269.95,0.016999999999995907,1.515169,23.362822,6.940258176639256,1.5,23.36,6.9,0.7,23.36,8.5,1.5,23.36,6.9,8.0,24.73639821954644,-12.908996407560776,8.0,24.964496700420717,-12.860590050180003,8.0,24.804497340233794,-12.893651603957771,7.611127126703418,19.849254584200033,0.8024310737573492,8.342480639124378,19.80084822681926,0.7931603214129914,7.828792752877467,19.833909780597025,0.7996094219746878,"[[3, 14, 0, 10], [3, 14, 1, 10], [0, 10, 1, 14], [0, 10, 2, 14], [1, 10, 1, 14], [1, 10, 2, 14], [0, 0, 0, 0], [0, 0, 0, 0], [0, 0, 0, 0], [0, 0, 0, 0], [0, 0, 0, 0], [0, 0, 0, 0], [0, 0, 0, 0], [0, 0, 0, 0], [0, 0, 0, 0], [0, 0, 0, 0]]",1,,1,0,1,"[0, 10, 2, 14]","[[[3, 14, 0, 10], [1.5, 23.36, 8.5], 1.6085032500000898], [[3, 14, 1, 10], [0.7, 23.38, 8.5], 1.6175032500001008], [[0, 10, 1, 14], [1.5, 23.04, 8.5], 1.92850325000009], [[0, 10, 2, 14], [1.5, 23.36, 6.9], 0.008503250000090112], [[1, 10, 1, 14], [0.7, 23.06, 8.5], 1.9085032500000905], [[1, 10, 2, 14], [0.7, 23.38, 6.9], 0.01750325000010111]]","[[0, 10, 2, 14]]","[{""pair"": [0, 10, 2, 14], ""acc"": 1.5, ""vel"": 23.36, ""pos"": 6.9, ""error"": 0.008503250000090112}]","[[{""pair"": [3, 14, 0, 10], ""acc"": 1.5, ""vel"": 23.36, ""pos"": 8.5, ""error"": 1.6085032500000898}], [{""pair"": [3, 14, 1, 10], ""acc"": 0.7, ""vel"": 23.38, ""pos"": 8.5, ""error"": 1.6175032500001008}], [{""pair"": [0, 10, 1, 14], ""acc"": 1.5, ""vel"": 23.04, ""pos"": 8.5, ""error"": 1.92850325000009}], [{""pair"": [0, 10, 2, 14], ""acc"": 1.5, ""vel"": 23.36, ""pos"": 6.9, ""error"": 0.008503250000090112}], [{""pair"": [1, 10, 1, 14], ""acc"": 0.7, ""vel"": 23.06, ""pos"": 8.5, ""error"": 1.9085032500000905}], [{""pair"": [1, 10, 2, 14], ""acc"": 0.7, ""vel"": 23.38, ""pos"": 6.9, ""error"": 0.01750325000010111}]]",3
269.967,0.016000000000019554,1.511253,23.387951,7.337645092559661,1.5,23.39,7.300000000000001,7.9,2.91,7.3,1.5,23.39,7.3,8.0,24.872398219546408,-12.487321637828588,-8.0,25.100496700420685,-12.435037606272953,8.0,24.94049734023376,-12.470819149173899,7.958745646435598,19.824966730388248,0.7970669557231699,42.357976833031415,19.772682698832615,0.7877406943306116,8.177568957661327,19.80846424173356,0.7942289189950813,"[[0, 4, 0, 13], [0, 4, 2, 13], [1, 4, 0, 13], [1, 4, 2, 13], [0, 0, 0, 0], [0, 0, 0, 0], [0, 0, 0, 0], [0, 0, 0, 0], [0, 0, 0, 0], [0, 0, 0, 0], [0, 0, 0, 0], [0, 0, 0, 0], [0, 0, 0, 0], [0, 0, 0, 0], [0, 0, 0, 0], [0, 0, 0, 0]]",1,,1,0,1,"[0, 4, 0, 13]","[[[0, 4, 0, 13], [1.5, 23.39, 7.3], 0.03204799999951469], [[0, 4, 2, 13], [7.9, 23.39, 6.5], 0.7799520000004287], [[1, 4, 0, 13], [1.5, 2.91, 109.7], 122.90004799999957], [[1, 4, 2, 13], [7.9, 2.91, 108.9], 122.10004799999957]]","[[0, 4, 0, 13]]","[{""pair"": [0, 4, 0, 13], ""acc"": 1.5, ""vel"": 23.39, ""pos"": 7.3, ""error"": 0.03204799999951469}]","[[{""pair"": [0, 4, 0, 13], ""acc"": 1.5, ""vel"": 23.39, ""pos"": 7.3, ""error"": 0.03204799999951469}], [{""pair"": [0, 4, 2, 13], ""acc"": 7.9, ""vel"": 23.39, ""pos"": 6.5, ""error"": 0.7799520000004287}], [{""pair"": [1, 4, 0, 13], ""acc"": 1.5, ""vel"": 2.91, ""pos"": 109.7, ""error"": 122.90004799999957}], [{""pair"": [1, 4, 2, 13], ""acc"": 7.9, ""vel"": 2.91, ""pos"": 108.9, ""error"": 122.10004799999957}]]",3
269.983,0.033999999999991815,1.507639,23.411459,7.712045748944118,1.5,23.41,7.7,1.5,23.41,7.7,1.5,23.41,7.7,8.0,25.000398219546565,-12.088339266315357,-5.980279589015089,24.97249670042053,-12.034453659065734,8.0,25.068497340233918,-12.070747191729668,8.312028017948846,19.800385015259476,0.7920027849707827,8.222092885824189,19.746499408009853,0.7907298835553487,8.531940915105581,19.782792940673787,0.7891495318677602,"[[3, 9, 0, 1], [3, 9, 2, 1], [0, 1, 2, 9], [2, 1, 2, 9], [0, 0, 0, 0], [0, 0, 0, 0], [0, 0, 0, 0], [0, 0, 0, 0], [0, 0, 0, 0], [0, 0, 0, 0], [0, 0, 0, 0], [0, 0, 0, 0], [0, 0, 0, 0], [0, 0, 0, 0], [0, 0, 0, 0], [0, 0, 0, 0]]",1,,1,0,1,"[3, 9, 2, 1]","[[[3, 9, 0, 1], [1.5, 20.85, 7.7], 2.987126999999794], [[3, 9, 2, 1], [1.5, 23.41, 7.7], 0.4271269999997953], [[0, 1, 2, 9], [1.5, 20.85, 7.7], 2.987126999999794], [[2, 1, 2, 9], [1.5, 23.41, 7.7], 0.4271269999997953]]","[[3, 9, 2, 1]]","[{""pair"": [3, 9, 2, 1], ""acc"": 1.5, ""vel"": 23.41, ""pos"": 7.7, ""error"": 0.4271269999997953}]","[[{""pair"": [3, 9, 0, 1], ""acc"": 1.5, ""vel"": 20.85, ""pos"": 7.7, ""error"": 2.987126999999794}], [{""pair"": [3, 9, 2, 1], ""acc"": 1.5, ""vel"": 23.41, ""pos"": 7.7, ""error"": 0.4271269999997953}], [{""pair"": [0, 1, 2, 9], ""acc"": 1.5, ""vel"": 20.85, ""pos"": 7.7, ""error"": 2.987126999999794}], [{""pair"": [2, 1, 2, 9], ""acc"": 1.5, ""vel"": 23.41, ""pos"": 7.7, ""error"": 0.4271269999997953}]]",3
270.017,0.016000000000019554,1.503375,23.46312,8.508906770285925,1.5,23.46,8.5,1.5,23.46,8.5,1.5,23.46,8.5,8.0,25.2723982195465,-11.233701726850981,-5.089772308870425,24.769167194394065,-11.188845372854091,8.0,25.340497340233853,-11.213794282161922,9.047396807413213,19.742608497136906,0.7811925218029893,7.42316943842985,19.697752143140015,0.7952529040862606,9.269625074673316,19.722701052447846,0.7783075757212363,"[[3, 0, 3, 4], [3, 0, 0, 4], [3, 0, 2, 4], [3, 4, 0, 0], [0, 0, 0, 4], [0, 0, 2, 4], [0, 0, 0, 0], [0, 0, 0, 0], [0, 0, 0, 0], [0, 0, 0, 0], [0, 0, 0, 0], [0, 0, 0, 0], [0, 0, 0, 0], [0, 0, 0, 0], [0, 0, 0, 0], [0, 0, 0, 0]]",1,,1,0,1,"[3, 0, 3, 4]","[[[3, 0, 3, 4], [1.5, 23.46, 8.5], 0.4512479999995129], [[3, 0, 0, 4], [1.5, 2.98, 8.5], 20.87924799999957], [[3, 0, 2, 4], [1.5, 23.46, 8.5], 0.4512479999995129], [[3, 4, 0, 0], [1.5, 24.74, 8.5], 1.7312479999995105], [[0, 0, 0, 4], [1.5, 4.26, 8.5], 19.59924799999957], [[0, 0, 2, 4], [1.5, 24.74, 8.5], 1.7312479999995105]]","[[3, 0, 3, 4]]","[{""pair"": [3, 0, 3, 4], ""acc"": 1.5, ""vel"": 23.46, ""pos"": 8.5, ""error"": 0.4512479999995129}]","[[{""pair"": [3, 0, 3, 4], ""acc"": 1.5, ""vel"": 23.46, ""pos"": 8.5, ""error"": 0.4512479999995129}], [{""pair"": [3, 0, 0, 4], ""acc"": 1.5, ""vel"": 2.98, ""pos"": 8.5, ""error"": 20.87924799999957}], [{""pair"": [3, 0, 2, 4], ""acc"": 1.5, ""vel"": 23.46, ""pos"": 8.5, ""error"": 0.4512479999995129}], [{""pair"": [3, 4, 0, 0], ""acc"": 1.5, ""vel"": 24.74, ""pos"": 8.5, ""error"": 1.7312479999995105}], [{""pair"": [0, 0, 0, 4], ""acc"": 1.5, ""vel"": 4.26, ""pos"": 8.5, ""error"": 19.59924799999957}], [{""pair"": [0, 0, 2, 4], ""acc"": 1.5, ""vel"": 24.74, ""pos"": 8.5, ""error"": 1.7312479999995105}]]",3
270.033,0.016999999999995907,1.50225,23.488129,8.884509122286385,1.5,23.490000000000002,8.9,1.5,23.41,111.3,1.5,23.49,8.9,8.0,25.400398219546656,-10.82831935533774,8.0,24.687730837452037,-10.793190188598839,8.0,25.46849734023401,-10.807322324717683,9.37754792892647,19.712828477624125,0.7760834419695943,7.309770202650219,19.677699310885224,0.7970639116428455,9.600865782117577,19.69183144700407,0.7731838743346583,"[[0, 4, 0, 12], [0, 4, 1, 12], [0, 4, 2, 12], [1, 4, 0, 12], [1, 4, 1, 12], [1, 4, 2, 12], [2, 4, 0, 12], [2, 4, 1, 12], [2, 4, 2, 12], [0, 0, 0, 0], [0, 0, 0, 0], [0, 0, 0, 0], [0, 0, 0, 0], [0, 0, 0, 0], [0, 0, 0, 0], [0, 0, 0, 0]]",1,,1,0,1,"[1, 4, 1, 12]","[[[0, 4, 0, 12], [4.7, 2.93, 111.3], 122.95646325000008], [[0, 4, 1, 12], [1.5, 3.01, 111.3], 122.87646325000009], [[0, 4, 2, 12], [1.5, 2.93, 111.7], 123.35646325000009], [[1, 4, 0, 12], [4.7, 23.41, 8.9], 0.07646325000009035], [[1, 4, 1, 12], [1.5, 23.49, 8.9], 0.0054632500000995066], [[1, 4, 2, 12], [1.5, 23.41, 9.3], 0.4764632500000907], [[2, 4, 0, 12], [4.7, 23.41, 111.3], 102.47646325000008], [[2, 4, 1, 12], [1.5, 23.49, 111.3], 102.4054632500001], [[2, 4, 2, 12], [1.5, 23.41, 111.7], 102.87646325000009]]","[[1, 4, 1, 12]]","[{""pair"": [1, 4, 1, 12], ""acc"": 1.5, ""vel"": 23.49, ""pos"": 8.9, ""error"": 0.0054632500000995066}]","[[{""pair"": [0, 4, 0, 12], ""acc"": 4.7, ""vel"": 2.93, ""pos"": 111.3, ""error"": 122.95646325000008}], [{""pair"": [0, 4, 1, 12], ""acc"": 1.5, ""vel"": 3.01, ""pos"": 111.3, ""error"": 122.87646325000009}], [{""pair"": [0, 4, 2, 12], ""acc"": 1.5, ""vel"": 2.93, ""pos"": 111.7, ""error"": 123.35646325000009}], [{""pair"": [1, 4, 0, 12], ""acc"": 4.7, ""vel"": 23.41, ""pos"": 8.9, ""error"": 0.07646325000009035}], [{""pair"": [1, 4, 1, 12], ""acc"": 1.5, ""vel"": 23.49, ""pos"": 8.9, ""error"": 0.0054632500000995066}], [{""pair"": [1, 4, 2, 12], ""acc"": 1.5, ""vel"": 23.41, ""pos"": 9.3, ""error"": 0.4764632500000907}], [{""pair"": [2, 4, 0, 12], ""acc"": 4.7, ""vel"": 23.41, ""pos"": 111.3, ""error"": 102.47646325000008}], [{""pair"": [2, 4, 1, 12], ""acc"": 1.5, ""vel"": 23.49, ""pos"": 111.3, ""error"": 102.4054632500001}], [{""pair"": [2, 4, 2, 12], ""acc"": 1.5, ""vel"": 23.41, ""pos"": 111.7, ""error"": 102.87646325000009}]]",3
270.05,0.016999999999995907,1.495687,23.512918,9.28402439041129,1.5,23.51,9.3,14.3,23.51,1647.7,1.5,23.51,9.3,8.0,25.536398219546623,-10.395356585605551,8.0,24.823730837452004,-10.372342764362255,8.0,25.604497340233976,-10.373201869933808,9.765360698658649,19.67938097601684,0.7706404327981313,7.450967626886792,19.656367154773545,0.7918377492684393,9.989836236901436,19.657226260345098,0.7677255288060839,"[[3, 8, 3, 14], [3, 8, 0, 14], [3, 8, 1, 14], [3, 8, 2, 14], [3, 14, 0, 8], [3, 14, 1, 8], [0, 8, 0, 14], [0, 8, 1, 14], [0, 8, 2, 14], [1, 8, 0, 14], [1, 8, 1, 14], [1, 8, 2, 14], [0, 0, 0, 0], [0, 0, 0, 0], [0, 0, 0, 0], [0, 0, 0, 0]]",1,,1,0,1,"[1, 8, 0, 14]","[[[3, 8, 3, 14], [14.3, 23.51, 1647.7], 1638.40595325], [[3, 8, 0, 14], [1.5, 23.51, 1647.7], 1638.40595325], [[3, 8, 1, 14], [14.3, 23.19, 1647.7], 1638.72595325], [[3, 8, 2, 14], [14.3, 23.51, 1646.1], 1636.80595325], [[3, 14, 0, 8], [14.1, 23.51, 1647.7], 1638.40595325], [[3, 14, 1, 8], [14.3, 23.51, 9.3], 0.005953250000088062], [[0, 8, 0, 14], [1.3, 23.51, 1647.7], 1638.40595325], [[0, 8, 1, 14], [14.1, 23.19, 1647.7], 1638.72595325], [[0, 8, 2, 14], [14.1, 23.51, 1646.1], 1636.80595325], [[1, 8, 0, 14], [1.5, 23.51, 9.3], 0.005953250000088062], [[1, 8, 1, 14], [14.3, 23.19, 9.3], 0.32595325000008835], [[1, 8, 2, 14], [14.3, 23.51, 7.7], 1.605046749999894]]","[[1, 8, 0, 14]]","[{""pair"": [1, 8, 0, 14], ""acc"": 1.5, ""vel"": 23.51, ""pos"": 9.3, ""error"": 0.005953250000088062}]","[[{""pair"": [3, 8, 3, 14], ""acc"": 14.3, ""vel"": 23.51, ""pos"": 1647.7, ""error"": 1638.40595325}], [{""pair"": [3, 8, 0, 14], ""acc"": 1.5, ""vel"": 23.51, ""pos"": 1647.7, ""error"": 1638.40595325}], [{""pair"": [3, 8, 1, 14], ""acc"": 14.3, ""vel"": 23.19, ""pos"": 1647.7, ""error"": 1638.72595325}], [{""pair"": [3, 8, 2, 14], ""acc"": 14.3, ""vel"": 23.51, ""pos"": 1646.1, ""error"": 1636.80595325}], [{""pair"": [3, 14, 0, 8], ""acc"": 14.1, ""vel"": 23.51, ""pos"": 1647.7, ""error"": 1638.40595325}], [{""pair"": [3, 14, 1, 8], ""acc"": 14.3, ""vel"": 23.51, ""pos"": 9.3, ""error"": 0.005953250000088062}], [{""pair"": [0, 8, 0, 14], ""acc"": 1.3, ""vel"": 23.51, ""pos"": 1647.7, ""error"": 1638.40595325}], [{""pair"": [0, 8, 1, 14], ""acc"": 14.1, ""vel"": 23.19, ""pos"": 1647.7, ""error"": 1638.72595325}], [{""pair"": [0, 8, 2, 14], ""acc"": 14.1, ""vel"": 23.51, ""pos"": 1646.1, ""error"": 1636.80595325}], [{""pair"": [1, 8, 0, 14], ""acc"": 1.5, ""vel"": 23.51, ""pos"": 9.3, ""error"": 0.005953250000088062}], [{""pair"": [1, 8, 1, 14], ""acc"": 14.3, ""vel"": 23.19, ""pos"": 9.3, ""error"": 0.32595325000008835}], [{""pair"": [1, 8, 2, 14], ""acc"": 14.3, ""vel"": 23.51, ""pos"": 7.7, ""error"": 1.605046749999894}]]",3
270.067,0.016000000000019554,1.481404,23.537374,9.683960123182693,1.5,23.54,9.700000000000001,1.5,23.58,9.7,1.5,23.54,9.7,8.0,25.67239821954659,-9.960081815873362,8.0,24.95973083745197,-9.949183340125673,8.0,25.740497340233944,-9.936769415149936,10.126016718390845,19.644041939056056,0.7651814127789343,7.681708301123377,19.633143463308365,0.7865927557940214,10.35164994168532,19.62072953833263,0.7622513768474959,"[[3, 2, 1, 11], [0, 2, 1, 11], [1, 2, 1, 11], [2, 2, 1, 11], [0, 0, 0, 0], [0, 0, 0, 0], [0, 0, 0, 0], [0, 0, 0, 0], [0, 0, 0, 0], [0, 0, 0, 0], [0, 0, 0, 0], [0, 0, 0, 0], [0, 0, 0, 0], [0, 0, 0, 0], [0, 0, 0, 0], [0, 0, 0, 0]]",1,,1,0,1,"[3, 2, 1, 11]","[[[3, 2, 1, 11], [1.5, 23.54, 9.7], 0.02964799999950607], [[0, 2, 1, 11], [1.5, 28.66, 9.7], 5.149647999999507], [[1, 2, 1, 11], [1.5, 23.54, 35.3], 25.629647999999502], [[2, 2, 1, 11], [1.5, 23.54, 9.7], 0.02964799999950607]]","[[3, 2, 1, 11]]","[{""pair"": [3, 2, 1, 11], ""acc"": 1.5, ""vel"": 23.54, ""pos"": 9.7, ""error"": 0.02964799999950607}]","[[{""pair"": [3, 2, 1, 11], ""acc"": 1.5, ""vel"": 23.54, ""pos"": 9.7, ""error"": 0.02964799999950607}], [{""pair"": [0, 2, 1, 11], ""acc"": 1.5, ""vel"": 28.66, ""pos"": 9.7, ""error"": 5.149647999999507}], [{""pair"": [1, 2, 1, 11], ""acc"": 1.5, ""vel"": 23.54, ""pos"": 35.3, ""error"": 25.629647999999502}], [{""pair"": [2, 2, 1, 11], ""acc"": 1.5, ""vel"": 23.54, ""pos"": 9.7, ""error"": 0.02964799999950607}]]",3
270.083,0.016999999999995907,1.464704,23.561563,10.060747726895155,1.5,23.56,10.100000000000001,1.1,23.56,35.7,1.1,23.57,10.1,8.0,25.800398219546747,-9.548299444360111,8.0,25.087730837452128,-9.54880364672595,8.0,25.8684973402341,-9.523897457705687,10.491724089904114,19.609047171255266,0.7600288570894683,8.153812994523117,19.609551373621105,0.7816391008288026,10.688990649129579,19.58464518460084,0.7570847632552749,"[[3, 9, 1, 2], [1, 2, 0, 9], [1, 2, 1, 9], [1, 2, 2, 9], [0, 0, 0, 0], [0, 0, 0, 0], [0, 0, 0, 0], [0, 0, 0, 0], [0, 0, 0, 0], [0, 0, 0, 0], [0, 0, 0, 0], [0, 0, 0, 0], [0, 0, 0, 0], [0, 0, 0, 0], [0, 0, 0, 0], [0, 0, 0, 0]]",1,,1,0,1,"[1, 2, 1, 9]","[[[3, 9, 1, 2], [1.1, 23.56, 10.1], 0.005896749999896755], [[1, 2, 0, 9], [1.5, 23.56, 10.1], 0.005896749999896755], [[1, 2, 1, 9], [1.1, 23.57, 10.1], 0.004896749999909744], [[1, 2, 2, 9], [1.1, 23.56, 10.1], 0.005896749999896755]]","[[1, 2, 1, 9]]","[{""pair"": [1, 2, 1, 9], ""acc"": 1.1, ""vel"": 23.57, ""pos"": 10.1, ""error"": 0.004896749999909744}]","[[{""pair"": [3, 9, 1, 2], ""acc"": 1.1, ""vel"": 23.56, ""pos"": 10.1, ""error"": 0.005896749999896755}], [{""pair"": [1, 2, 0, 9], ""acc"": 1.5, ""vel"": 23.56, ""pos"": 10.1, ""error"": 0.005896749999896755}], [{""pair"": [1, 2, 1, 9], ""acc"": 1.1, ""vel"": 23.57, ""pos"": 10.1, ""error"": 0.004896749999909744}], [{""pair"": [1, 2, 2, 9], ""acc"": 1.1, ""vel"": 23.56, ""pos"": 10.1, ""error"": 0.005896749999896755}]]",3
270.1,0.016999999999995907,1.450397,23.585546,10.461505947623058,1.5,23.59,10.5,1.5,23.59,10.5,1.5,23.59,10.5,8.0,25.936398219546714,-9.108536674627922,8.0,25.223730837452095,-9.121156222489367,8.0,26.004497340234067,-9.082977002921814,10.856680609636289,19.57004262225098,0.7545397189152582,8.50665416875969,19.582662170112425,0.7763586717725423,11.084561103913444,19.54448295054487,0.7515808782931449,"[[3, 11, 3, 15], [3, 11, 2, 15], [3, 15, 1, 11], [1, 11, 2, 15], [0, 0, 0, 0], [0, 0, 0, 0], [0, 0, 0, 0], [0, 0, 0, 0], [0, 0, 0, 0], [0, 0, 0, 0], [0, 0, 0, 0], [0, 0, 0, 0], [0, 0, 0, 0], [0, 0, 0, 0], [0, 0, 0, 0], [0, 0, 0, 0]]",1,,1,0,1,"[3, 11, 3, 15]","[[[3, 11, 3, 15], [1.5, 23.59, 10.5], 0.0021489499999063355], [[3, 11, 2, 15], [1.5, 23.59, 7.3], 3.2021489499999065], [[3, 15, 1, 11], [1.5, 23.55, 10.5], 0.03954894999989733], [[1, 11, 2, 15], [1.5, 23.55, 7.3], 3.2395489499998975]]","[[3, 11, 3, 15]]","[{""pair"": [3, 11, 3, 15], ""acc"": 1.5, ""vel"": 23.59, ""pos"": 10.5, ""error"": 0.0021489499999063355}]","[[{""pair"": [3, 11, 3, 15], ""acc"": 1.5, ""vel"": 23.59, ""pos"": 10.5, ""error"": 0.0021489499999063355}], [{""pair"": [3, 11, 2, 15], ""acc"": 1.5, ""vel"": 23.59, ""pos"": 7.3, ""error"": 3.2021489499999065}], [{""pair"": [3, 15, 1, 11], ""acc"": 1.5, ""vel"": 23.55, ""pos"": 10.5, ""error"": 0.03954894999989733}], [{""pair"": [1, 11, 2, 15], ""acc"": 1.5, ""vel"": 23.55, ""pos"": 7.3, ""error"": 3.2395489499998975}]]",3
270.117,0.01599999999996271,1.433325,23.609165,10.862669811989461,1.4000000000000001,23.61,10.9,1.4,28.73,113.3,1.4,23.61,10.9,8.0,26.07239821954668,-8.666461904895735,8.0,25.359730837452062,-8.691196798252784,8.0,26.140497340234035,-8.63974454813794,11.253355379368475,19.529131716885196,0.7490347283144845,-7.857586407003728,19.553866610242245,0.7710597062554178,11.482393558697318,19.502414360127403,0.7460613356468297,"[[0, 2, 0, 4], [0, 2, 1, 4], [0, 2, 2, 4], [0, 0, 0, 0], [0, 0, 0, 0], [0, 0, 0, 0], [0, 0, 0, 0], [0, 0, 0, 0], [0, 0, 0, 0], [0, 0, 0, 0], [0, 0, 0, 0], [0, 0, 0, 0], [0, 0, 0, 0], [0, 0, 0, 0], [0, 0, 0, 0], [0, 0, 0, 0]]",1,,1,0,1,"[0, 2, 1, 4]","[[[0, 2, 0, 4], [1.4, 3.13, 113.3], 122.90636800000081], [[0, 2, 1, 4], [1.4, 23.61, 10.9], 0.02636800000082573], [[0, 2, 2, 4], [1.4, 23.61, 113.3], 102.42636800000082]]","[[0, 2, 1, 4]]","[{""pair"": [0, 2, 1, 4], ""acc"": 1.4, ""vel"": 23.61, ""pos"": 10.9, ""error"": 0.02636800000082573}]","[[{""pair"": [0, 2, 0, 4], ""acc"": 1.4, ""vel"": 3.13, ""pos"": 113.3, ""error"": 122.90636800000081}], [{""pair"": [0, 2, 1, 4], ""acc"": 1.4, ""vel"": 23.61, ""pos"": 10.9, ""error"": 0.02636800000082573}], [{""pair"": [0, 2, 2, 4], ""acc"": 1.4, ""vel"": 23.61, ""pos"": 113.3, ""error"": 102.42636800000082}]]",3
270.133,0.016999999999995907,1.409966,23.632313,11.240599917588579,1.4000000000000001,23.63,11.200000000000001,14.2,23.63,1649.6,1.4,23.63,11.2,8.0,26.200398219546383,-8.248279533383965,8.0,25.487730837451764,-8.284417104854501,8.0,26.268497340233736,-8.220472590695175,11.625287750880215,19.488879450972544,0.7438390549512023,9.25174328639453,19.52501702244308,0.7660555247920677,11.855415516140056,19.461072508283756,0.7408521414917977,"[[0, 14, 0, 8], [0, 14, 1, 8], [1, 14, 0, 8], [1, 14, 1, 8], [2, 14, 0, 8], [2, 14, 1, 8], [0, 0, 0, 0], [0, 0, 0, 0], [0, 0, 0, 0], [0, 0, 0, 0], [0, 0, 0, 0], [0, 0, 0, 0], [0, 0, 0, 0], [0, 0, 0, 0], [0, 0, 0, 0], [0, 0, 0, 0]]",1,,1,0,1,"[0, 14, 1, 8]","[[[0, 14, 0, 8], [1.2, 23.63, 1649.6], 1638.3022277], [[0, 14, 1, 8], [1.4, 23.63, 11.2], 0.10537229999989961], [[1, 14, 0, 8], [14.0, 23.31, 1649.6], 1638.6222277], [[1, 14, 1, 8], [14.2, 23.31, 11.2], 0.4253722999998999], [[2, 14, 0, 8], [14.0, 23.63, 1648.0], 1636.7022277], [[2, 14, 1, 8], [14.2, 23.63, 9.6], 1.7053722999998993]]","[[0, 14, 1, 8]]","[{""pair"": [0, 14, 1, 8], ""acc"": 1.4, ""vel"": 23.63, ""pos"": 11.2, ""error"": 0.10537229999989961}]","[[{""pair"": [0, 14, 0, 8], ""acc"": 1.2, ""vel"": 23.63, ""pos"": 1649.6, ""error"": 1638.3022277}], [{""pair"": [0, 14, 1, 8], ""acc"": 1.4, ""vel"": 23.63, ""pos"": 11.2, ""error"": 0.10537229999989961}], [{""pair"": [1, 14, 0, 8], ""acc"": 14.0, ""vel"": 23.31, ""pos"": 1649.6, ""error"": 1638.6222277}], [{""pair"": [1, 14, 1, 8], ""acc"": 14.2, ""vel"": 23.31, ""pos"": 11.2, ""error"": 0.4253722999998999}], [{""pair"": [2, 14, 0, 8], ""acc"": 14.0, ""vel"": 23.63, ""pos"": 1648.0, ""error"": 1636.7022277}], [{""pair"": [2, 14, 1, 8], ""acc"": 14.2, ""vel"": 23.63, ""pos"": 9.6, ""error"": 1.7053722999998993}]]",3
270.15,0.03300000000001546,1.383043,23.654987,11.642552978675482,1.4000000000000001,23.650000000000002,11.600000000000001,1.4,23.57,11.6,1.4,23.65,11.6,8.0,26.33639821954635,-7.801716763651784,8.0,25.62373083745173,-7.849969680617927,8.0,26.404497340233704,-7.77275213591131,12.026350520612386,19.444269742327265,0.7383040604199292,9.8767907106311,19.49252265929341,0.7607214883323342,12.257635970923921,19.415305114586793,0.7353029623859884,"[[3, 4, 0, 12], [3, 4, 1, 12], [0, 12, 1, 4], [0, 12, 2, 4], [1, 12, 1, 4], [1, 12, 2, 4], [0, 0, 0, 0], [0, 0, 0, 0], [0, 0, 0, 0], [0, 0, 0, 0], [0, 0, 0, 0], [0, 0, 0, 0], [0, 0, 0, 0], [0, 0, 0, 0], [0, 0, 0, 0], [0, 0, 0, 0]]",1,,1,0,1,"[3, 4, 1, 12]","[[[3, 4, 0, 12], [4.6, 23.57, 11.6], 0.4867523000003846], [[3, 4, 1, 12], [1.4, 23.65, 11.6], 0.4067523000003863], [[0, 12, 1, 4], [4.6, 23.57, 114.0], 102.12564769999965], [[0, 12, 2, 4], [4.6, 23.57, 11.6], 0.4867523000003846], [[1, 12, 1, 4], [1.4, 23.65, 114.0], 102.04564769999965], [[1, 12, 2, 4], [1.4, 23.65, 11.6], 0.4067523000003863]]","[[3, 4, 1, 12]]","[{""pair"": [3, 4, 1, 12], ""acc"": 1.4, ""vel"": 23.65, ""pos"": 11.6, ""error"": 0.4067523000003863}]","[[{""pair"": [3, 4, 0, 12], ""acc"": 4.6, ""vel"": 23.57, ""pos"": 11.6, ""error"": 0.4867523000003846}], [{""pair"": [3, 4, 1, 12], ""acc"": 1.4, ""vel"": 23.65, ""pos"": 11.6, ""error"": 0.4067523000003863}], [{""pair"": [0, 12, 1, 4], ""acc"": 4.6, ""vel"": 23.57, ""pos"": 114.0, ""error"": 102.12564769999965}], [{""pair"": [0, 12, 2, 4], ""acc"": 4.6, ""vel"": 23.57, ""pos"": 11.6, ""error"": 0.4867523000003846}], [{""pair"": [1, 12, 1, 4], ""acc"": 1.4, ""vel"": 23.65, ""pos"": 114.0, ""error"": 102.04564769999965}], [{""pair"": [1, 12, 2, 4], ""acc"": 1.4, ""vel"": 23.65, ""pos"": 11.6, ""error"": 0.4067523000003863}]]",3
270.183,0.033999999999991815,1.340107,23.699457,12.42392061658935,1.3,23.7,12.4,0.9,23.7,12.4,1.3,23.7,12.4,8.0,26.600398219546474,-6.928259622406344,8.0,25.887730837451855,-7.00003056298162,8.0,26.668497340233827,-6.897047723683186,12.778238911857855,19.352180238995693,0.7275146815198934,10.369061078267418,19.42395117957097,0.7503149388230769,13.011771633152055,19.320968340272536,0.7244865765692643,"[[3, 8, 0, 9], [3, 8, 1, 9], [3, 8, 2, 9], [1, 7, 2, 7], [2, 7, 1, 7], [0, 0, 0, 0], [0, 0, 0, 0], [0, 0, 0, 0], [0, 0, 0, 0], [0, 0, 0, 0], [0, 0, 0, 0], [0, 0, 0, 0], [0, 0, 0, 0], [0, 0, 0, 0], [0, 0, 0, 0], [0, 0, 0, 0]]",1,,1,0,1,"[3, 8, 0, 9]","[[[3, 8, 0, 9], [1.3, 23.7, 12.4], 0.00730919999981694], [[3, 8, 1, 9], [0.9, 23.71, 12.4], 0.017309199999818503], [[3, 8, 2, 9], [0.9, 23.7, 12.4], 0.00730919999981694], [[1, 7, 2, 7], [0.9, 23.7, 831.6], 819.1974908000002], [[2, 7, 1, 7], [0.9, 23.7, 831.6], 819.1974908000002]]","[[3, 8, 0, 9]]","[{""pair"": [3, 8, 0, 9], ""acc"": 1.3, ""vel"": 23.7, ""pos"": 12.4, ""error"": 0.00730919999981694}]","[[{""pair"": [3, 8, 0, 9], ""acc"": 1.3, ""vel"": 23.7, ""pos"": 12.4, ""error"": 0.00730919999981694}], [{""pair"": [3, 8, 1, 9], ""acc"": 0.9, ""vel"": 23.71, ""pos"": 12.4, ""error"": 0.017309199999818503}], [{""pair"": [3, 8, 2, 9], ""acc"": 0.9, ""vel"": 23.7, ""pos"": 12.4, ""error"": 0.00730919999981694}], [{""pair"": [1, 7, 2, 7], ""acc"": 0.9, ""vel"": 23.7, ""pos"": 831.6, ""error"": 819.1974908000002}], [{""pair"": [2, 7, 1, 7], ""acc"": 0.9, ""vel"": 23.7, ""pos"": 831.6, ""error"": 819.1974908000002}]]",3
270.217,0.016000000000019554,1.329343,23.743753,13.230476736435154,1.3,23.740000000000002,13.200000000000001,7.7,23.74,13.2,1.3,23.74,13.2,7.988387610255594,26.872398219546408,-6.019222082941984,8.0,26.15973083745179,-6.115223714508471,7.974106657730972,26.94049734023376,-5.9856948141154565,13.595876451322198,19.249698819377137,0.7163372119640337,11.162467926740565,19.345700450943625,0.7395221522404656,13.83172454271978,19.216171550550612,0.7132819898559406,"[[3, 4, 0, 13], [1, 4, 0, 13], [2, 4, 0, 13], [0, 0, 0, 0], [0, 0, 0, 0], [0, 0, 0, 0], [0, 0, 0, 0], [0, 0, 0, 0], [0, 0, 0, 0], [0, 0, 0, 0], [0, 0, 0, 0], [0, 0, 0, 0], [0, 0, 0, 0], [0, 0, 0, 0], [0, 0, 0, 0], [0, 0, 0, 0]]",1,,1,0,1,"[3, 4, 0, 13]","[[[3, 4, 0, 13], [1.3, 23.74, 13.2], 0.439833599999508], [[1, 4, 0, 13], [1.3, 23.74, 115.6], 102.8398335999995], [[2, 4, 0, 13], [1.3, 23.74, 13.2], 0.439833599999508]]","[[3, 4, 0, 13]]","[{""pair"": [3, 4, 0, 13], ""acc"": 1.3, ""vel"": 23.74, ""pos"": 13.2, ""error"": 0.439833599999508}]","[[{""pair"": [3, 4, 0, 13], ""acc"": 1.3, ""vel"": 23.74, ""pos"": 13.2, ""error"": 0.439833599999508}], [{""pair"": [1, 4, 0, 13], ""acc"": 1.3, ""vel"": 23.74, ""pos"": 115.6, ""error"": 102.8398335999995}], [{""pair"": [2, 4, 0, 13], ""acc"": 1.3, ""vel"": 23.74, ""pos"": 13.2, ""error"": 0.439833599999508}]]",3
270.233,0.016999999999995907,1.331623,23.766003,13.610546940339619,1.3,23.77,13.600000000000001,1.3,23.77,13.8,1.3,23.77,13.6,7.9548657142737484,27.000212421310653,-5.5882411978146,8.0,26.287730837451946,-5.695644021108729,7.92586097847051,27.068083046757614,-5.553626171018997,13.949931916874696,19.19878813815422,0.7110606331008364,11.505766370140321,19.306190961448348,0.7344183140350384,14.186072043811201,19.164173111358615,0.7079989032933834,"[[3, 5, 3, 11], [3, 5, 2, 11], [3, 11, 0, 5], [3, 11, 1, 5], [3, 11, 2, 5], [0, 5, 2, 11], [1, 5, 2, 11], [2, 5, 2, 11], [0, 0, 0, 0], [0, 0, 0, 0], [0, 0, 0, 0], [0, 0, 0, 0], [0, 0, 0, 0], [0, 0, 0, 0], [0, 0, 0, 0], [0, 0, 0, 0]]",1,,1,0,1,"[3, 5, 2, 11]","[[[3, 5, 3, 11], [1.3, 23.77, 13.8], 0.2041321500001061], [[3, 5, 2, 11], [1.3, 23.77, 13.6], 0.011667849999907887], [[3, 11, 0, 5], [1.3, 64.73, 13.8], 41.164132150000114], [[3, 11, 1, 5], [1.3, 23.77, 218.6], 205.0041321500001], [[3, 11, 2, 5], [1.3, 23.77, 13.8], 0.2041321500001061], [[0, 5, 2, 11], [1.3, 64.73, 13.6], 40.97166784999992], [[1, 5, 2, 11], [1.3, 23.77, 218.4], 204.8041321500001], [[2, 5, 2, 11], [1.3, 23.77, 13.6], 0.011667849999907887]]","[[3, 5, 2, 11]]","[{""pair"": [3, 5, 2, 11], ""acc"": 1.3, ""vel"": 23.77, ""pos"": 13.6, ""error"": 0.011667849999907887}]","[[{""pair"": [3, 5, 3, 11], ""acc"": 1.3, ""vel"": 23.77, ""pos"": 13.8, ""error"": 0.2041321500001061}], [{""pair"": [3, 5, 2, 11], ""acc"": 1.3, ""vel"": 23.77, ""pos"": 13.6, ""error"": 0.011667849999907887}], [{""pair"": [3, 11, 0, 5], ""acc"": 1.3, ""vel"": 64.73, ""pos"": 13.8, ""error"": 41.164132150000114}], [{""pair"": [3, 11, 1, 5], ""acc"": 1.3, ""vel"": 23.77, ""pos"": 218.6, ""error"": 205.0041321500001}], [{""pair"": [3, 11, 2, 5], ""acc"": 1.3, ""vel"": 23.77, ""pos"": 13.8, ""error"": 0.2041321500001061}], [{""pair"": [0, 5, 2, 11], ""acc"": 1.3, ""vel"": 64.73, ""pos"": 13.6, ""error"": 40.97166784999992}], [{""pair"": [1, 5, 2, 11], ""acc"": 1.3, ""vel"": 23.77, ""pos"": 218.4, ""error"": 204.8041321500001}], [{""pair"": [2, 5, 2, 11], ""acc"": 1.3, ""vel"": 23.77, ""pos"": 13.6, ""error"": 0.011667849999907887}]]",3
270.25,0.016999999999995907,1.334859,23.788305,14.014761410863022,1.3,23.79,14.0,1.3,23.79,14.0,1.3,23.79,14.0,7.894592392386153,27.135445138453274,-5.128088108556717,8.0,26.423730837451913,-5.247596596872154,7.851358063265822,27.20282268339158,-5.09232347231284,14.361562192720797,19.14284951941974,0.7054555184831911,11.907963794376897,19.262358007735177,0.7289794967345603,14.597123639841886,19.10708488317586,0.7023934650296974,"[[3, 11, 3, 12], [3, 11, 0, 12], [0, 0, 0, 0], [0, 0, 0, 0], [0, 0, 0, 0], [0, 0, 0, 0], [0, 0, 0, 0], [0, 0, 0, 0], [0, 0, 0, 0], [0, 0, 0, 0], [0, 0, 0, 0], [0, 0, 0, 0], [0, 0, 0, 0], [0, 0, 0, 0], [0, 0, 0, 0], [0, 0, 0, 0]]",1,,1,0,1,"[3, 11, 3, 12]","[[[3, 11, 3, 12], [1.3, 23.79, 14.0], 0.0063778499998967675], [[3, 11, 0, 12], [4.5, 23.79, 14.0], 0.0063778499998967675]]","[[3, 11, 3, 12]]","[{""pair"": [3, 11, 3, 12], ""acc"": 1.3, ""vel"": 23.79, ""pos"": 14.0, ""error"": 0.0063778499998967675}]","[[{""pair"": [3, 11, 3, 12], ""acc"": 1.3, ""vel"": 23.79, ""pos"": 14.0, ""error"": 0.0063778499998967675}], [{""pair"": [3, 11, 0, 12], ""acc"": 4.5, ""vel"": 23.79, ""pos"": 14.0, ""error"": 0.0063778499998967675}]]",3
270.267,0.016000000000019554,1.33719,23.810625,14.419355482988424,1.3,23.81,14.4,1.2,23.81,14.4,1.3,23.81,14.4,7.813515584447068,27.269653209123806,-4.665644772602424,8.0,26.55973083745188,-4.7972371726355805,7.757367045429735,27.336295770467068,-4.628740965455153,14.771833205029655,19.08500025559085,0.6998622281417735,12.312423218613468,19.216592655624005,0.7235236220288304,15.00593998020019,19.048096448443577,0.696806056255153,"[[3, 10, 0, 7], [3, 10, 1, 7], [3, 10, 2, 7], [0, 7, 0, 10], [1, 7, 0, 10], [2, 7, 0, 10], [0, 0, 0, 0], [0, 0, 0, 0], [0, 0, 0, 0], [0, 0, 0, 0], [0, 0, 0, 0], [0, 0, 0, 0], [0, 0, 0, 0], [0, 0, 0, 0], [0, 0, 0, 0], [0, 0, 0, 0]]",1,,1,0,1,"[3, 10, 0, 7]","[[[3, 10, 0, 7], [1.3, 23.81, 14.4], 0.01999359999956063], [[3, 10, 1, 7], [1.2, 23.81, 833.6], 819.2199935999996], [[3, 10, 2, 7], [1.2, 23.81, 14.4], 0.01999359999956063], [[0, 7, 0, 10], [0.5, 23.81, 14.4], 0.01999359999956063], [[1, 7, 0, 10], [0.4, 23.81, 833.6], 819.2199935999996], [[2, 7, 0, 10], [0.4, 23.81, 14.4], 0.01999359999956063]]","[[3, 10, 0, 7]]","[{""pair"": [3, 10, 0, 7], ""acc"": 1.3, ""vel"": 23.81, ""pos"": 14.4, ""error"": 0.01999359999956063}]","[[{""pair"": [3, 10, 0, 7], ""acc"": 1.3, ""vel"": 23.81, ""pos"": 14.4, ""error"": 0.01999359999956063}], [{""pair"": [3, 10, 1, 7], ""acc"": 1.2, ""vel"": 23.81, ""pos"": 833.6, ""error"": 819.2199935999996}], [{""pair"": [3, 10, 2, 7], ""acc"": 1.2, ""vel"": 23.81, ""pos"": 14.4, ""error"": 0.01999359999956063}], [{""pair"": [0, 7, 0, 10], ""acc"": 0.5, ""vel"": 23.81, ""pos"": 14.4, ""error"": 0.01999359999956063}], [{""pair"": [1, 7, 0, 10], ""acc"": 0.4, ""vel"": 23.81, ""pos"": 833.6, ""error"": 819.2199935999996}], [{""pair"": [2, 7, 0, 10], ""acc"": 0.4, ""vel"": 23.81, ""pos"": 14.4, ""error"": 0.01999359999956063}]]",3
270.283,0.016999999999995907,1.338261,23.832949,14.80049664330889,1.3,23.830000000000002,14.8,0.5,23.83,14.8,1.3,23.83,14.8,7.708005533552656,27.39466945847511,-4.228330191261098,7.986073131945901,26.687730837452037,-4.371257479235828,7.638624330921387,27.460413643194094,-4.190367290145328,15.15190536704182,19.028826834569987,0.6946178658375096,12.691652912013236,19.17175412254472,0.7183733318997723,15.383879955276939,18.990863933454218,0.6915723914508839,"[[3, 8, 3, 9], [3, 8, 2, 9], [3, 9, 0, 8], [3, 9, 1, 8], [2, 8, 0, 10], [2, 8, 2, 10], [0, 8, 2, 9], [1, 8, 2, 9], [0, 0, 0, 0], [0, 0, 0, 0], [0, 0, 0, 0], [0, 0, 0, 0], [0, 0, 0, 0], [0, 0, 0, 0], [0, 0, 0, 0], [0, 0, 0, 0]]",1,,1,0,1,"[2, 8, 0, 10]","[[[3, 8, 3, 9], [0.5, 23.83, 14.8], 0.00705784999989767], [[3, 8, 2, 9], [0.5, 23.83, 14.8], 0.00705784999989767], [[3, 9, 0, 8], [0.7, 23.83, 14.8], 0.00705784999989767], [[3, 9, 1, 8], [0.5, 23.83, 1653.2], 1638.39714215], [[2, 8, 0, 10], [1.3, 23.83, 14.8], 0.00705784999989767], [[2, 8, 2, 10], [0.5, 23.83, 14.9], 0.09714215000009219], [[0, 8, 2, 9], [0.7, 23.83, 14.8], 0.00705784999989767], [[1, 8, 2, 9], [0.5, 23.83, 1653.2], 1638.39714215]]","[[2, 8, 0, 10]]","[{""pair"": [2, 8, 0, 10], ""acc"": 1.3, ""vel"": 23.83, ""pos"": 14.8, ""error"": 0.00705784999989767}]","[[{""pair"": [3, 8, 3, 9], ""acc"": 0.5, ""vel"": 23.83, ""pos"": 14.8, ""error"": 0.00705784999989767}], [{""pair"": [3, 8, 2, 9], ""acc"": 0.5, ""vel"": 23.83, ""pos"": 14.8, ""error"": 0.00705784999989767}], [{""pair"": [3, 9, 0, 8], ""acc"": 0.7, ""vel"": 23.83, ""pos"": 14.8, ""error"": 0.00705784999989767}], [{""pair"": [3, 9, 1, 8], ""acc"": 0.5, ""vel"": 23.83, ""pos"": 1653.2, ""error"": 1638.39714215}], [{""pair"": [2, 8, 0, 10], ""acc"": 1.3, ""vel"": 23.83, ""pos"": 14.8, ""error"": 0.00705784999989767}], [{""pair"": [2, 8, 2, 10], ""acc"": 0.5, ""vel"": 23.83, ""pos"": 14.9, ""error"": 0.09714215000009219}], [{""pair"": [0, 8, 2, 9], ""acc"": 0.7, ""vel"": 23.83, ""pos"": 14.8, ""error"": 0.00705784999989767}], [{""pair"": [1, 8, 2, 9], ""acc"": 0.5, ""vel"": 23.83, ""pos"": 1653.2, ""error"": 1638.39714215}]]",3
270.3,0.016999999999995907,1.338446,23.855263,15.205850155023292,1.3,23.86,15.200000000000001,1.3,24.18,15.3,1.3,23.86,15.2,7.578644513143037,27.525705552545475,-3.7615070036675355,7.999074232409716,26.823494080695085,-3.916412067431687,7.4965630865196635,27.59027025681973,-3.7224364769953238,15.525374690594095,18.967357158690827,0.6890779646858788,12.10906407663727,19.122262222454978,0.712892293782759,15.754240328453939,18.928286632018615,0.6860493375319492,"[[3, 10, 1, 14], [3, 10, 2, 14], [1, 14, 0, 10], [1, 14, 1, 10], [1, 14, 2, 10], [2, 14, 0, 10], [2, 14, 1, 10], [2, 14, 2, 10], [0, 0, 0, 0], [0, 0, 0, 0], [0, 0, 0, 0], [0, 0, 0, 0], [0, 0, 0, 0], [0, 0, 0, 0], [0, 0, 0, 0], [0, 0, 0, 0]]",1,,1,0,1,"[1, 14, 2, 10]","[[[3, 10, 1, 14], [1.3, 23.86, 15.3], 0.10260215000010398], [[3, 10, 2, 14], [1.3, 24.18, 13.7], 1.8331978499999106], [[1, 14, 0, 10], [0.5, 23.86, 15.3], 0.10260215000010398], [[1, 14, 1, 10], [1.3, 23.84, 15.3], 0.10680215000009063], [[1, 14, 2, 10], [1.3, 23.86, 15.2], 0.01319784999991036], [[2, 14, 0, 10], [0.5, 24.18, 13.7], 1.8331978499999106], [[2, 14, 1, 10], [1.3, 24.16, 13.7], 1.813197849999911], [[2, 14, 2, 10], [1.3, 24.18, 13.6], 1.9331978499999103]]","[[1, 14, 2, 10]]","[{""pair"": [1, 14, 2, 10], ""acc"": 1.3, ""vel"": 23.86, ""pos"": 15.2, ""error"": 0.01319784999991036}]","[[{""pair"": [3, 10, 1, 14], ""acc"": 1.3, ""vel"": 23.86, ""pos"": 15.3, ""error"": 0.10260215000010398}], [{""pair"": [3, 10, 2, 14], ""acc"": 1.3, ""vel"": 24.18, ""pos"": 13.7, ""error"": 1.8331978499999106}], [{""pair"": [1, 14, 0, 10], ""acc"": 0.5, ""vel"": 23.86, ""pos"": 15.3, ""error"": 0.10260215000010398}], [{""pair"": [1, 14, 1, 10], ""acc"": 1.3, ""vel"": 23.84, ""pos"": 15.3, ""error"": 0.10680215000009063}], [{""pair"": [1, 14, 2, 10], ""acc"": 1.3, ""vel"": 23.86, ""pos"": 15.2, ""error"": 0.01319784999991036}], [{""pair"": [2, 14, 0, 10], ""acc"": 0.5, ""vel"": 24.18, ""pos"": 13.7, ""error"": 1.8331978499999106}], [{""pair"": [2, 14, 1, 10], ""acc"": 1.3, ""vel"": 24.16, ""pos"": 13.7, ""error"": 1.813197849999911}], [{""pair"": [2, 14, 2, 10], ""acc"": 1.3, ""vel"": 24.18, ""pos"": 13.6, ""error"": 1.9331978499999103}]]",3
270.317,0.016000000000019554,1.338104,23.877567,15.611583031470195,1.3,23.88,15.600000000000001,0.5,23.88,41.2,1.3,23.88,15.6,7.43492701650533,27.654542509268875,-3.2924748951422265,8.0,26.959478342646015,-3.459256801833398,7.341403761117467,27.717711829290533,-3.2523186292635,15.922911838236844,18.90405792661242,0.6835787617993107,13.480889865989575,19.070839833303594,0.7073890522256979,16.147842998653577,18.863901660733696,0.6805721113241164,"[[3, 2, 3, 10], [3, 2, 0, 10], [3, 2, 1, 10], [3, 2, 2, 10], [3, 10, 1, 2], [3, 10, 2, 2], [1, 2, 0, 10], [1, 2, 1, 10], [1, 2, 2, 10], [2, 2, 0, 10], [2, 2, 1, 10], [2, 2, 2, 10], [0, 0, 0, 0], [0, 0, 0, 0], [0, 0, 0, 0], [0, 0, 0, 0]]",1,,1,0,1,"[1, 2, 0, 10]","[[[3, 2, 3, 10], [0.5, 23.88, 41.2], 25.61887359999956], [[3, 2, 0, 10], [1.3, 23.88, 41.2], 25.61887359999956], [[3, 2, 1, 10], [0.5, 23.9, 41.2], 25.637273599999507], [[3, 2, 2, 10], [0.5, 23.88, 41.3], 25.718873599999554], [[3, 10, 1, 2], [0.5, 23.88, 15.6], 0.01887359999955862], [[3, 10, 2, 2], [0.5, 23.88, 41.2], 25.61887359999956], [[1, 2, 0, 10], [1.3, 23.88, 15.6], 0.01887359999955862], [[1, 2, 1, 10], [0.5, 23.9, 15.6], 0.03727359999950508], [[1, 2, 2, 10], [0.5, 23.88, 15.7], 0.11887359999955827], [[2, 2, 0, 10], [1.3, 23.88, 41.2], 25.61887359999956], [[2, 2, 1, 10], [0.5, 23.9, 41.2], 25.637273599999507], [[2, 2, 2, 10], [0.5, 23.88, 41.3], 25.718873599999554]]","[[1, 2, 0, 10]]","[{""pair"": [1, 2, 0, 10], ""acc"": 1.3, ""vel"": 23.88, ""pos"": 15.6, ""error"": 0.01887359999955862}]","[[{""pair"": [3, 2, 3, 10], ""acc"": 0.5, ""vel"": 23.88, ""pos"": 41.2, ""error"": 25.61887359999956}], [{""pair"": [3, 2, 0, 10], ""acc"": 1.3, ""vel"": 23.88, ""pos"": 41.2, ""error"": 25.61887359999956}], [{""pair"": [3, 2, 1, 10], ""acc"": 0.5, ""vel"": 23.9, ""pos"": 41.2, ""error"": 25.637273599999507}], [{""pair"": [3, 2, 2, 10], ""acc"": 0.5, ""vel"": 23.88, ""pos"": 41.3, ""error"": 25.718873599999554}], [{""pair"": [3, 10, 1, 2], ""acc"": 0.5, ""vel"": 23.88, ""pos"": 15.6, ""error"": 0.01887359999955862}], [{""pair"": [3, 10, 2, 2], ""acc"": 0.5, ""vel"": 23.88, ""pos"": 41.2, ""error"": 25.61887359999956}], [{""pair"": [1, 2, 0, 10], ""acc"": 1.3, ""vel"": 23.88, ""pos"": 15.6, ""error"": 0.01887359999955862}], [{""pair"": [1, 2, 1, 10], ""acc"": 0.5, ""vel"": 23.9, ""pos"": 15.6, ""error"": 0.03727359999950508}], [{""pair"": [1, 2, 2, 10], ""acc"": 0.5, ""vel"": 23.88, ""pos"": 15.7, ""error"": 0.11887359999955827}], [{""pair"": [2, 2, 0, 10], ""acc"": 1.3, ""vel"": 23.88, ""pos"": 41.2, ""error"": 25.61887359999956}], [{""pair"": [2, 2, 1, 10], ""acc"": 0.5, ""vel"": 23.9, ""pos"": 41.2, ""error"": 25.637273599999507}], [{""pair"": [2, 2, 2, 10], ""acc"": 0.5, ""vel"": 23.88, ""pos"": 41.3, ""error"": 25.718873599999554}]]",3
270.333,0.016999999999995907,1.337344,23.899851,15.993795380782663,1.3,23.900000000000002,16.0,1.3,23.9,16.0,1.3,23.9,16.0,7.265296590804612,27.773501341533105,-2.849050544335269,7.9314802303189955,27.087478342646172,-3.026881148350532,7.160135157744267,27.835174289468554,-2.8078955403128836,16.287186182162124,18.84284592511793,0.6784469013613319,13.866340519472462,19.020676529133194,0.7021944342152843,16.50770041176506,18.801690921095545,0.6754651767425495,"[[3, 10, 3, 13], [3, 10, 1, 13], [3, 13, 2, 10], [2, 10, 1, 13], [0, 0, 0, 0], [0, 0, 0, 0], [0, 0, 0, 0], [0, 0, 0, 0], [0, 0, 0, 0], [0, 0, 0, 0], [0, 0, 0, 0], [0, 0, 0, 0], [0, 0, 0, 0], [0, 0, 0, 0], [0, 0, 0, 0], [0, 0, 0, 0]]",1,,1,0,1,"[3, 10, 3, 13]","[[[3, 10, 3, 13], [1.3, 23.9, 16.0], 0.008247849999897028], [[3, 10, 1, 13], [1.3, 23.74, 16.0], 0.16824784999989717], [[3, 13, 2, 10], [1.3, 23.9, 16.1], 0.0959521500000946], [[2, 10, 1, 13], [1.3, 23.74, 16.1], 0.25595215000009475]]","[[3, 10, 3, 13]]","[{""pair"": [3, 10, 3, 13], ""acc"": 1.3, ""vel"": 23.9, ""pos"": 16.0, ""error"": 0.008247849999897028}]","[[{""pair"": [3, 10, 3, 13], ""acc"": 1.3, ""vel"": 23.9, ""pos"": 16.0, ""error"": 0.008247849999897028}], [{""pair"": [3, 10, 1, 13], ""acc"": 1.3, ""vel"": 23.74, ""pos"": 16.0, ""error"": 0.16824784999989717}], [{""pair"": [3, 13, 2, 10], ""acc"": 1.3, ""vel"": 23.9, ""pos"": 16.1, ""error"": 0.0959521500000946}], [{""pair"": [2, 10, 1, 13], ""acc"": 1.3, ""vel"": 23.74, ""pos"": 16.1, ""error"": 0.25595215000009475}]]",3
270.35,0.03299999999995862,1.336264,23.922113,16.400286093990566,1.3,23.92,16.400000000000002,1.3,23.92,42.0,1.3,23.92,16.4,6.89405000913398,27.897011383576753,-2.375851186171949,8.0,27.222313506561562,-2.565247917632377,6.767386158180515,27.956896587150176,-2.333662937861739,16.669503896820853,18.776137280162516,0.6730519273909109,14.277728391251404,18.965534011622943,0.6966907499265836,16.88454383275309,18.733949031852305,0.6701011671110515,"[[3, 5, 1, 2], [3, 5, 2, 2], [1, 2, 0, 5], [1, 2, 1, 5], [2, 2, 0, 5], [2, 2, 1, 5], [0, 0, 0, 0], [0, 0, 0, 0], [0, 0, 0, 0], [0, 0, 0, 0], [0, 0, 0, 0], [0, 0, 0, 0], [0, 0, 0, 0], [0, 0, 0, 0], [0, 0, 0, 0], [0, 0, 0, 0]]",1,,1,0,1,"[3, 5, 1, 2]","[[[3, 5, 1, 2], [1.3, 23.92, 16.4], 0.4123078499989532], [[3, 5, 2, 2], [1.3, 23.92, 42.0], 25.233492150000934], [[1, 2, 0, 5], [1.3, 64.88, 16.4], 41.32650784999906], [[1, 2, 1, 5], [1.3, 23.92, 221.2], 204.43349215000092], [[2, 2, 0, 5], [1.3, 64.88, 42.0], 66.14769215000103], [[2, 2, 1, 5], [1.3, 23.92, 246.8], 230.03349215000094]]","[[3, 5, 1, 2]]","[{""pair"": [3, 5, 1, 2], ""acc"": 1.3, ""vel"": 23.92, ""pos"": 16.4, ""error"": 0.4123078499989532}]","[[{""pair"": [3, 5, 1, 2], ""acc"": 1.3, ""vel"": 23.92, ""pos"": 16.4, ""error"": 0.4123078499989532}], [{""pair"": [3, 5, 2, 2], ""acc"": 1.3, ""vel"": 23.92, ""pos"": 42.0, ""error"": 25.233492150000934}], [{""pair"": [1, 2, 0, 5], ""acc"": 1.3, ""vel"": 64.88, ""pos"": 16.4, ""error"": 41.32650784999906}], [{""pair"": [1, 2, 1, 5], ""acc"": 1.3, ""vel"": 23.92, ""pos"": 221.2, ""error"": 204.43349215000092}], [{""pair"": [2, 2, 0, 5], ""acc"": 1.3, ""vel"": 64.88, ""pos"": 42.0, ""error"": 66.14769215000103}], [{""pair"": [2, 2, 1, 5], ""acc"": 1.3, ""vel"": 23.92, ""pos"": 246.8, ""error"": 230.03349215000094}]]",3
270.383,0.016999999999995907,1.334037,23.966583,17.190443418737573,1.3,23.97,17.2,1.3,23.97,18.8,1.3,23.97,17.2,6.667851071363931,28.124515033877888,-1.4514960002851063,8.0,27.48631350656123,-1.6625555719169829,6.531267861362926,28.180220330369853,-1.4074005087238197,17.33916687156425,18.64193941902268,0.6628359421155244,15.057164486966773,18.852998990654555,0.6859049681636707,17.540766899798886,18.597843927461394,0.6599609126341173,"[[3, 4, 3, 14], [3, 4, 2, 14], [3, 14, 0, 4], [3, 14, 2, 4], [0, 4, 2, 14], [2, 4, 2, 14], [0, 0, 0, 0], [0, 0, 0, 0], [0, 0, 0, 0], [0, 0, 0, 0], [0, 0, 0, 0], [0, 0, 0, 0], [0, 0, 0, 0], [0, 0, 0, 0], [0, 0, 0, 0], [0, 0, 0, 0]]",1,,1,0,1,"[3, 4, 2, 14]","[[[3, 4, 3, 14], [1.3, 23.97, 18.8], 2.0210721500001014], [[3, 4, 2, 14], [1.3, 23.97, 17.2], 0.4210721500001], [[3, 14, 0, 4], [1.3, 3.49, 18.8], 22.445272150000093], [[3, 14, 2, 4], [1.3, 23.97, 18.8], 2.0210721500001014], [[0, 4, 2, 14], [1.3, 3.49, 17.2], 20.845272150000092], [[2, 4, 2, 14], [1.3, 23.97, 17.2], 0.4210721500001]]","[[3, 4, 2, 14]]","[{""pair"": [3, 4, 2, 14], ""acc"": 1.3, ""vel"": 23.97, ""pos"": 17.2, ""error"": 0.4210721500001}]","[[{""pair"": [3, 4, 3, 14], ""acc"": 1.3, ""vel"": 23.97, ""pos"": 18.8, ""error"": 2.0210721500001014}], [{""pair"": [3, 4, 2, 14], ""acc"": 1.3, ""vel"": 23.97, ""pos"": 17.2, ""error"": 0.4210721500001}], [{""pair"": [3, 14, 0, 4], ""acc"": 1.3, ""vel"": 3.49, ""pos"": 18.8, ""error"": 22.445272150000093}], [{""pair"": [3, 14, 2, 4], ""acc"": 1.3, ""vel"": 23.97, ""pos"": 18.8, ""error"": 2.0210721500001014}], [{""pair"": [0, 4, 2, 14], ""acc"": 1.3, ""vel"": 3.49, ""pos"": 17.2, ""error"": 20.845272150000092}], [{""pair"": [2, 4, 2, 14], ""acc"": 1.3, ""vel"": 23.97, ""pos"": 17.2, ""error"": 0.4210721500001}]]",3
270.4,0.016999999999995907,1.333158,23.988796,17.598068098083974,1.3,23.990000000000002,17.6,1.3,23.99,14.4,1.3,23.99,17.6,6.422814703916912,28.237868502091047,-0.9724157402294856,7.266517900906655,27.6223135065612,-1.194132242305555,6.276892057372847,28.291251884012997,-0.927392994901681,17.689856696545704,18.57048383831346,0.6576446744533248,15.479237816578195,18.792200340389527,0.6803268066567186,17.88380226119311,18.525461092985655,0.6548123486700191,"[[3, 1, 3, 15], [3, 0, 0, 15], [3, 0, 2, 15], [0, 0, 0, 15], [0, 0, 2, 15], [1, 0, 0, 15], [1, 0, 2, 15], [3, 1, 1, 15], [3, 15, 2, 1], [2, 1, 1, 15], [0, 0, 0, 0], [0, 0, 0, 0], [0, 0, 0, 0], [0, 0, 0, 0], [0, 0, 0, 0], [0, 0, 0, 0]]",1,,1,0,1,"[3, 0, 2, 15]","[[[3, 1, 3, 15], [1.3, 23.99, 14.4], 3.209777849999897], [[3, 0, 0, 15], [-24.3, 23.99, 14.4], 3.209777849999897], [[3, 0, 2, 15], [1.3, 23.99, 17.6], 0.009777849999895949], [[0, 0, 0, 15], [-24.3, 25.27, 14.4], 4.485577849999908], [[0, 0, 2, 15], [1.3, 25.27, 17.6], 1.2855778499999069], [[1, 0, 0, 15], [-24.3, 23.99, 20.8], 3.1944221500000936], [[1, 0, 2, 15], [1.3, 23.99, 24.0], 6.394422150000093], [[3, 1, 1, 15], [1.3, 23.35, 14.4], 3.849777849999894], [[3, 15, 2, 1], [1.3, 23.99, 14.4], 3.209777849999897], [[2, 1, 1, 15], [1.3, 23.35, 14.4], 3.849777849999894]]","[[3, 0, 2, 15]]","[{""pair"": [3, 0, 2, 15], ""acc"": 1.3, ""vel"": 23.99, ""pos"": 17.6, ""error"": 0.009777849999895949}]","[[{""pair"": [3, 1, 3, 15], ""acc"": 1.3, ""vel"": 23.99, ""pos"": 14.4, ""error"": 3.209777849999897}], [{""pair"": [3, 0, 0, 15], ""acc"": -24.3, ""vel"": 23.99, ""pos"": 14.4, ""error"": 3.209777849999897}], [{""pair"": [3, 0, 2, 15], ""acc"": 1.3, ""vel"": 23.99, ""pos"": 17.6, ""error"": 0.009777849999895949}], [{""pair"": [0, 0, 0, 15], ""acc"": -24.3, ""vel"": 25.27, ""pos"": 14.4, ""error"": 4.485577849999908}], [{""pair"": [0, 0, 2, 15], ""acc"": 1.3, ""vel"": 25.27, ""pos"": 17.6, ""error"": 1.2855778499999069}], [{""pair"": [1, 0, 0, 15], ""acc"": -24.3, ""vel"": 23.99, ""pos"": 20.8, ""error"": 3.1944221500000936}], [{""pair"": [1, 0, 2, 15], ""acc"": 1.3, ""vel"": 23.99, ""pos"": 24.0, ""error"": 6.394422150000093}], [{""pair"": [3, 1, 1, 15], ""acc"": 1.3, ""vel"": 23.35, ""pos"": 14.4, ""error"": 3.849777849999894}], [{""pair"": [3, 15, 2, 1], ""acc"": 1.3, ""vel"": 23.99, ""pos"": 14.4, ""error"": 3.209777849999897}], [{""pair"": [2, 1, 1, 15], ""acc"": 1.3, ""vel"": 23.35, ""pos"": 14.4, ""error"": 3.849777849999894}]]",3
270.417,0.016000000000019554,1.332275,24.010994,18.006070271414877,1.3,24.01,18.0,1.3,24.01,838.0,1.3,24.01,18.0,6.175446547105557,28.347056352057606,-0.49144387896933783,8.0,27.74584431087658,-0.7235029008574471,6.021283655862208,28.39795904898831,-0.4455347019712859,18.026924624376345,18.497514150384216,0.652537389443668,15.859070463800299,18.729573172272325,0.6750406641952572,18.212544539149885,18.451604973386164,0.6497510944908385,"[[3, 13, 0, 7], [3, 13, 1, 7], [0, 7, 2, 13], [1, 7, 2, 13], [0, 0, 0, 0], [0, 0, 0, 0], [0, 0, 0, 0], [0, 0, 0, 0], [0, 0, 0, 0], [0, 0, 0, 0], [0, 0, 0, 0], [0, 0, 0, 0], [0, 0, 0, 0], [0, 0, 0, 0], [0, 0, 0, 0], [0, 0, 0, 0]]",1,,1,0,1,"[1, 7, 2, 13]","[[[3, 13, 0, 7], [1.2, 24.01, 838.0], 820.0167935999996], [[3, 13, 1, 7], [1.3, 24.01, 18.8], 0.8167935999995528], [[0, 7, 2, 13], [1.2, 24.01, 837.2], 819.2167935999996], [[1, 7, 2, 13], [1.3, 24.01, 18.0], 0.0167935999995521]]","[[1, 7, 2, 13]]","[{""pair"": [1, 7, 2, 13], ""acc"": 1.3, ""vel"": 24.01, ""pos"": 18.0, ""error"": 0.0167935999995521}]","[[{""pair"": [3, 13, 0, 7], ""acc"": 1.2, ""vel"": 24.01, ""pos"": 838.0, ""error"": 820.0167935999996}], [{""pair"": [3, 13, 1, 7], ""acc"": 1.3, ""vel"": 24.01, ""pos"": 18.8, ""error"": 0.8167935999995528}], [{""pair"": [0, 7, 2, 13], ""acc"": 1.2, ""vel"": 24.01, ""pos"": 837.2, ""error"": 819.2167935999996}], [{""pair"": [1, 7, 2, 13], ""acc"": 1.3, ""vel"": 24.01, ""pos"": 18.0, ""error"": 0.0167935999995521}]]",3
270.433,0.016999999999995907,1.331271,24.033173,18.390416706615348,1.3,24.03,18.400000000000002,1.3,34.25,18.4,1.3,24.03,18.4,5.900968840733228,28.445863496811416,-0.03710052017783039,8.0,27.873844310876738,-0.2785453918828767,-8.0,28.49429958748222,0.009603367121034571,18.327476979632902,18.427517226793178,0.6478100841923388,-20.969572027225112,18.668962098498223,0.6697663189290811,18.504693020072562,18.380813339494313,0.6450698422350116,"[[0, 3, 1, 10], [0, 3, 2, 10], [2, 3, 1, 10], [2, 3, 2, 10], [0, 0, 0, 0], [0, 0, 0, 0], [0, 0, 0, 0], [0, 0, 0, 0], [0, 0, 0, 0], [0, 0, 0, 0], [0, 0, 0, 0], [0, 0, 0, 0], [0, 0, 0, 0], [0, 0, 0, 0], [0, 0, 0, 0], [0, 0, 0, 0]]",1,,1,0,1,"[0, 3, 1, 10]","[[[0, 3, 1, 10], [1.3, 24.03, 18.4], 0.010457849999898627], [[0, 3, 2, 10], [1.3, 24.01, 18.5], 0.11374215000009258], [[2, 3, 1, 10], [1.3, 34.27, 18.4], 10.24625784999991], [[2, 3, 2, 10], [1.3, 34.25, 18.5], 10.309542150000102]]","[[0, 3, 1, 10]]","[{""pair"": [0, 3, 1, 10], ""acc"": 1.3, ""vel"": 24.03, ""pos"": 18.4, ""error"": 0.010457849999898627}]","[[{""pair"": [0, 3, 1, 10], ""acc"": 1.3, ""vel"": 24.03, ""pos"": 18.4, ""error"": 0.010457849999898627}], [{""pair"": [0, 3, 2, 10], ""acc"": 1.3, ""vel"": 24.01, ""pos"": 18.5, ""error"": 0.11374215000009258}], [{""pair"": [2, 3, 1, 10], ""acc"": 1.3, ""vel"": 34.27, ""pos"": 18.4, ""error"": 10.24625784999991}], [{""pair"": [2, 3, 2, 10], ""acc"": 1.3, ""vel"": 34.25, ""pos"": 18.5, ""error"": 10.309542150000102}]]",3
270.45,0.016999999999995907,1.330224,24.055332,18.79917301627475,1.3,24.060000000000002,18.8,1.3,24.06,19.0,1.3,24.06,18.8,-8.0,28.546179967103857,0.4473318492653328,7.772709250984514,28.009844310876705,0.1964659614019132,-7.681257256584322,28.358299587482254,0.49285046010811623,18.604667416352978,18.351841167009418,0.6428825569010556,16.655220576059683,18.602707054872837,0.664148891668387,17.91767717708549,18.306322556166634,0.6455366796480032,"[[3, 11, 3, 13], [0, 12, 0, 11], [1, 12, 0, 11], [3, 11, 0, 13], [3, 11, 1, 13], [3, 13, 1, 11], [3, 13, 2, 11], [1, 11, 0, 13], [1, 11, 1, 13], [2, 11, 0, 13], [2, 11, 1, 13], [0, 0, 0, 0], [0, 0, 0, 0], [0, 0, 0, 0], [0, 0, 0, 0], [0, 0, 0, 0]]",1,,1,0,1,"[3, 13, 2, 11]","[[[3, 11, 3, 13], [1.3, 24.06, 19.0], 0.19920215000010444], [[0, 12, 0, 11], [6.1, 24.06, 19.0], 0.19920215000010444], [[1, 12, 0, 11], [2.9, 24.14, 19.0], 0.2792021500001063], [[3, 11, 0, 13], [7.7, 24.06, 19.0], 0.19920215000010444], [[3, 11, 1, 13], [1.3, 24.22, 19.0], 0.3592021500001046], [[3, 13, 1, 11], [1.3, 24.02, 19.0], 0.22340215000009778], [[3, 13, 2, 11], [1.3, 24.06, 18.8], 0.01659784999990066], [[1, 11, 0, 13], [7.7, 24.02, 19.0], 0.22340215000009778], [[1, 11, 1, 13], [1.3, 24.18, 19.0], 0.31920215000010543], [[2, 11, 0, 13], [7.7, 24.06, 18.8], 0.01659784999990066], [[2, 11, 1, 13], [1.3, 24.22, 18.8], 0.1765978499999008]]","[[3, 13, 2, 11]]","[{""pair"": [3, 13, 2, 11], ""acc"": 1.3, ""vel"": 24.06, ""pos"": 18.8, ""error"": 0.01659784999990066}]","[[{""pair"": [3, 11, 3, 13], ""acc"": 1.3, ""vel"": 24.06, ""pos"": 19.0, ""error"": 0.19920215000010444}], [{""pair"": [0, 12, 0, 11], ""acc"": 6.1, ""vel"": 24.06, ""pos"": 19.0, ""error"": 0.19920215000010444}], [{""pair"": [1, 12, 0, 11], ""acc"": 2.9, ""vel"": 24.14, ""pos"": 19.0, ""error"": 0.2792021500001063}], [{""pair"": [3, 11, 0, 13], ""acc"": 7.7, ""vel"": 24.06, ""pos"": 19.0, ""error"": 0.19920215000010444}], [{""pair"": [3, 11, 1, 13], ""acc"": 1.3, ""vel"": 24.22, ""pos"": 19.0, ""error"": 0.3592021500001046}], [{""pair"": [3, 13, 1, 11], ""acc"": 1.3, ""vel"": 24.02, ""pos"": 19.0, ""error"": 0.22340215000009778}], [{""pair"": [3, 13, 2, 11], ""acc"": 1.3, ""vel"": 24.06, ""pos"": 18.8, ""error"": 0.01659784999990066}], [{""pair"": [1, 11, 0, 13], ""acc"": 7.7, ""vel"": 24.02, ""pos"": 19.0, ""error"": 0.22340215000009778}], [{""pair"": [1, 11, 1, 13], ""acc"": 1.3, ""vel"": 24.18, ""pos"": 19.0, ""error"": 0.31920215000010543}], [{""pair"": [2, 11, 0, 13], ""acc"": 7.7, ""vel"": 24.06, ""pos"": 18.8, ""error"": 0.01659784999990066}], [{""pair"": [2, 11, 1, 13], ""acc"": 1.3, ""vel"": 24.22, ""pos"": 18.8, ""error"": 0.1765978499999008}]]",3
270.467,0.016000000000019554,1.329265,24.077477,19.20830587764265,1.3,24.080000000000002,19.200000000000003,1.3,24.08,6.4,1.3,24.08,19.2,-7.712227300845024,28.41017996710389,0.9314609087059821,-8.0,28.14198036814341,0.6737564711734693,-7.389545913483211,28.22771821412035,0.9738316114216226,18.046763356912326,18.27684496893667,0.6433202813251941,17.07198922687492,18.534549406469182,0.6586085685515652,17.382626544898404,18.234474266221028,0.6459776212835934,"[[3, 0, 3, 1], [3, 0, 1, 1], [3, 0, 2, 1], [3, 1, 0, 0], [1, 0, 0, 2], [1, 0, 1, 2], [2, 0, 0, 2], [2, 0, 1, 2], [0, 0, 1, 1], [0, 0, 2, 1], [0, 0, 0, 0], [0, 0, 0, 0], [0, 0, 0, 0], [0, 0, 0, 0], [0, 0, 0, 0], [0, 0, 0, 0]]",1,,1,0,1,"[3, 0, 1, 1]","[[[3, 0, 3, 1], [1.3, 24.08, 6.4], 12.7859264000005], [[3, 0, 1, 1], [1.3, 24.08, 19.2], 0.015673599999551868], [[3, 0, 2, 1], [1.3, 24.08, 6.4], 12.7859264000005], [[3, 1, 0, 0], [1.3, 25.36, 6.4], 14.064326400000448], [[1, 0, 0, 2], [1.3, 29.2, 0.0], 24.30432640000045], [[1, 0, 1, 2], [1.3, 24.08, 25.6], 6.415673599999554], [[2, 0, 0, 2], [1.3, 29.2, 6.4], 17.90432640000045], [[2, 0, 1, 2], [1.3, 24.08, 32.0], 12.815673599999553], [[0, 0, 1, 1], [1.3, 25.36, 19.2], 1.2940735999995], [[0, 0, 2, 1], [1.3, 25.36, 6.4], 14.064326400000448]]","[[3, 0, 1, 1]]","[{""pair"": [3, 0, 1, 1], ""acc"": 1.3, ""vel"": 24.08, ""pos"": 19.2, ""error"": 0.015673599999551868}]","[[{""pair"": [3, 0, 3, 1], ""acc"": 1.3, ""vel"": 24.08, ""pos"": 6.4, ""error"": 12.7859264000005}], [{""pair"": [3, 0, 1, 1], ""acc"": 1.3, ""vel"": 24.08, ""pos"": 19.2, ""error"": 0.015673599999551868}], [{""pair"": [3, 0, 2, 1], ""acc"": 1.3, ""vel"": 24.08, ""pos"": 6.4, ""error"": 12.7859264000005}], [{""pair"": [3, 1, 0, 0], ""acc"": 1.3, ""vel"": 25.36, ""pos"": 6.4, ""error"": 14.064326400000448}], [{""pair"": [1, 0, 0, 2], ""acc"": 1.3, ""vel"": 29.2, ""pos"": 0.0, ""error"": 24.30432640000045}], [{""pair"": [1, 0, 1, 2], ""acc"": 1.3, ""vel"": 24.08, ""pos"": 25.6, ""error"": 6.415673599999554}], [{""pair"": [2, 0, 0, 2], ""acc"": 1.3, ""vel"": 29.2, ""pos"": 6.4, ""error"": 17.90432640000045}], [{""pair"": [2, 0, 1, 2], ""acc"": 1.3, ""vel"": 24.08, ""pos"": 32.0, ""error"": 12.815673599999553}], [{""pair"": [0, 0, 1, 1], ""acc"": 1.3, ""vel"": 25.36, ""pos"": 19.2, ""error"": 1.2940735999995}], [{""pair"": [0, 0, 2, 1], ""acc"": 1.3, ""vel"": 25.36, ""pos"": 6.4, ""error"": 14.064326400000448}]]",3
270.483,0.016999999999995907,1.328461,24.099611,19.593715655563123,1.3,24.1,19.6,1.2,24.1,19.6,1.3,24.1,19.6,-7.41018756327898,28.286784330290217,1.3850366230856892,-7.605602952534496,28.013980368143255,1.1230041570643114,-7.083699314275141,28.109485479504475,1.4245292409711718,17.536938917301033,18.208679032477434,0.643716826199262,16.54971654098405,18.47071149849881,0.659339060560748,16.894271918104998,18.16918641459195,0.6463720735066348,"[[3, 6, 3, 7], [3, 6, 0, 7], [3, 6, 1, 7], [3, 6, 2, 7], [3, 7, 2, 6], [0, 5, 1, 5], [1, 5, 0, 5], [2, 6, 0, 7], [2, 6, 1, 7], [2, 6, 2, 7], [0, 0, 0, 0], [0, 0, 0, 0], [0, 0, 0, 0], [0, 0, 0, 0], [0, 0, 0, 0], [0, 0, 0, 0]]",1,,1,0,1,"[3, 6, 0, 7]","[[[3, 6, 3, 7], [1.2, 24.1, 19.6], 0.011647849999889104], [[3, 6, 0, 7], [1.3, 24.1, 19.6], 0.011647849999889104], [[3, 6, 1, 7], [1.2, 24.1, 838.8], 819.1925521500001], [[3, 6, 2, 7], [1.2, 24.1, 19.6], 0.011647849999889104], [[3, 7, 2, 6], [1.2, 24.1, 19.6], 0.011647849999889104], [[0, 5, 1, 5], [1.2, 65.06, 224.4], 245.74835215000013], [[1, 5, 0, 5], [1.2, 65.06, 224.4], 245.74835215000013], [[2, 6, 0, 7], [1.3, 24.1, 19.6], 0.011647849999889104], [[2, 6, 1, 7], [1.2, 24.1, 838.8], 819.1925521500001], [[2, 6, 2, 7], [1.2, 24.1, 19.6], 0.011647849999889104]]","[[3, 6, 0, 7]]","[{""pair"": [3, 6, 0, 7], ""acc"": 1.3, ""vel"": 24.1, ""pos"": 19.6, ""error"": 0.011647849999889104}]","[[{""pair"": [3, 6, 3, 7], ""acc"": 1.2, ""vel"": 24.1, ""pos"": 19.6, ""error"": 0.011647849999889104}], [{""pair"": [3, 6, 0, 7], ""acc"": 1.3, ""vel"": 24.1, ""pos"": 19.6, ""error"": 0.011647849999889104}], [{""pair"": [3, 6, 1, 7], ""acc"": 1.2, ""vel"": 24.1, ""pos"": 838.8, ""error"": 819.1925521500001}], [{""pair"": [3, 6, 2, 7], ""acc"": 1.2, ""vel"": 24.1, ""pos"": 19.6, ""error"": 0.011647849999889104}], [{""pair"": [3, 7, 2, 6], ""acc"": 1.2, ""vel"": 24.1, ""pos"": 19.6, ""error"": 0.011647849999889104}], [{""pair"": [0, 5, 1, 5], ""acc"": 1.2, ""vel"": 65.06, ""pos"": 224.4, ""error"": 245.74835215000013}], [{""pair"": [1, 5, 0, 5], ""acc"": 1.2, ""vel"": 65.06, ""pos"": 224.4, ""error"": 245.74835215000013}], [{""pair"": [2, 6, 0, 7], ""acc"": 1.3, ""vel"": 24.1, ""pos"": 19.6, ""error"": 0.011647849999889104}], [{""pair"": [2, 6, 1, 7], ""acc"": 1.2, ""vel"": 24.1, ""pos"": 838.8, ""error"": 819.1925521500001}], [{""pair"": [2, 6, 2, 7], ""acc"": 1.2, ""vel"": 24.1, ""pos"": 19.6, ""error"": 0.011647849999889104}]]",3
270.5,0.016999999999995907,1.327848,24.121737,20.003601005177526,1.3,24.12,20.0,1.3,34.36,20.0,1.3,24.12,20.0,-7.116666740621871,28.160811141714504,1.8648411845976138,-6.788731336983527,27.884685117950198,1.5981428136959914,-6.786781821646493,27.989062591161826,1.9013668995717206,17.019636374128435,18.138759820579914,0.6441135423727563,-21.4024024802529,18.405458191481536,0.6600561603485132,16.39973280486458,18.102234105605806,0.6467609998243382,"[[2, 2, 0, 1], [2, 2, 1, 1], [2, 2, 2, 1], [3, 1, 0, 3], [3, 1, 2, 3], [0, 0, 0, 0], [0, 0, 0, 0], [0, 0, 0, 0], [0, 0, 0, 0], [0, 0, 0, 0], [0, 0, 0, 0], [0, 0, 0, 0], [0, 0, 0, 0], [0, 0, 0, 0], [0, 0, 0, 0], [0, 0, 0, 0]]",1,,1,0,1,"[3, 1, 0, 3]","[[[2, 2, 0, 1], [1.3, 31.8, 20.0], 7.687787849999907], [[2, 2, 1, 1], [1.3, 34.36, 7.2], 23.047787849999906], [[2, 2, 2, 1], [1.3, 34.36, 20.0], 10.247787849999906], [[3, 1, 0, 3], [1.3, 24.12, 20.0], 0.011987849999897549], [[3, 1, 2, 3], [1.3, 34.36, 20.0], 10.247787849999906]]","[[3, 1, 0, 3]]","[{""pair"": [3, 1, 0, 3], ""acc"": 1.3, ""vel"": 24.12, ""pos"": 20.0, ""error"": 0.011987849999897549}]","[[{""pair"": [2, 2, 0, 1], ""acc"": 1.3, ""vel"": 31.8, ""pos"": 20.0, ""error"": 7.687787849999907}], [{""pair"": [2, 2, 1, 1], ""acc"": 1.3, ""vel"": 34.36, ""pos"": 7.2, ""error"": 23.047787849999906}], [{""pair"": [2, 2, 2, 1], ""acc"": 1.3, ""vel"": 34.36, ""pos"": 20.0, ""error"": 10.247787849999906}], [{""pair"": [3, 1, 0, 3], ""acc"": 1.3, ""vel"": 24.12, ""pos"": 20.0, ""error"": 0.011987849999897549}], [{""pair"": [3, 1, 2, 3], ""acc"": 1.3, ""vel"": 34.36, ""pos"": 20.0, ""error"": 10.247787849999906}]]",3
270.517,0.016000000000019554,1.327706,24.143869,20.413862408213426,1.3,24.14,20.400000000000002,1.3,24.14,20.4,1.3,24.14,20.4,-6.848391803802365,28.03982780712396,2.3425466156626262,-6.454291798512558,27.769276685221506,2.071201489022837,-6.515702622592755,27.873687300193865,2.3762002736481294,16.52225424653502,18.0713157925508,0.644487402592376,15.551498144796321,18.34266091919059,0.6605379436819233,15.925046461831185,18.037662134565295,0.6471214927649648,"[[3, 13, 2, 3], [2, 3, 0, 13], [2, 3, 1, 13], [0, 0, 0, 0], [0, 0, 0, 0], [0, 0, 0, 0], [0, 0, 0, 0], [0, 0, 0, 0], [0, 0, 0, 0], [0, 0, 0, 0], [0, 0, 0, 0], [0, 0, 0, 0], [0, 0, 0, 0], [0, 0, 0, 0], [0, 0, 0, 0], [0, 0, 0, 0]]",1,,1,0,1,"[3, 13, 2, 3]","[[[3, 13, 2, 3], [1.3, 24.14, 20.4], 0.014713599999552684], [[2, 3, 0, 13], [7.7, 24.14, 20.4], 0.014713599999552684], [[2, 3, 1, 13], [1.3, 24.3, 20.4], 0.1731135999994997]]","[[3, 13, 2, 3]]","[{""pair"": [3, 13, 2, 3], ""acc"": 1.3, ""vel"": 24.14, ""pos"": 20.4, ""error"": 0.014713599999552684}]","[[{""pair"": [3, 13, 2, 3], ""acc"": 1.3, ""vel"": 24.14, ""pos"": 20.4, ""error"": 0.014713599999552684}], [{""pair"": [2, 3, 0, 13], ""acc"": 7.7, ""vel"": 24.14, ""pos"": 20.4, ""error"": 0.014713599999552684}], [{""pair"": [2, 3, 1, 13], ""acc"": 1.3, ""vel"": 24.3, ""pos"": 20.4, ""error"": 0.1731135999994997}]]",3
270.533,0.016999999999995907,1.328076,24.166012,20.8003342585819,1.3,24.17,20.8,1.3,24.17,72.0,1.3,24.17,20.8,-6.566710379705703,27.93025353826299,2.790307266426269,2.7728327159668913,27.66600801644518,2.5146837666367126,-6.231438918329852,27.76943605823225,2.8213452605160825,16.037410523304555,18.01002699215563,0.6448214645628918,15.09279452452007,18.285650491945187,0.6609428610400121,15.46148604283882,17.978988998065816,0.6474380308035079,"[[3, 14, 1, 3], [1, 3, 1, 14], [1, 3, 2, 14], [0, 0, 0, 0], [0, 0, 0, 0], [0, 0, 0, 0], [0, 0, 0, 0], [0, 0, 0, 0], [0, 0, 0, 0], [0, 0, 0, 0], [0, 0, 0, 0], [0, 0, 0, 0], [0, 0, 0, 0], [0, 0, 0, 0], [0, 0, 0, 0], [0, 0, 0, 0]]",1,,1,0,1,"[3, 14, 1, 3]","[[[3, 14, 1, 3], [1.3, 24.17, 20.8], 0.018467849999904473], [[1, 3, 1, 14], [1.3, 23.85, 20.8], 0.32266784999989184], [[1, 3, 2, 14], [1.3, 24.17, 19.2], 1.618467849999906]]","[[3, 14, 1, 3]]","[{""pair"": [3, 14, 1, 3], ""acc"": 1.3, ""vel"": 24.17, ""pos"": 20.8, ""error"": 0.018467849999904473}]","[[{""pair"": [3, 14, 1, 3], ""acc"": 1.3, ""vel"": 24.17, ""pos"": 20.8, ""error"": 0.018467849999904473}], [{""pair"": [1, 3, 1, 14], ""acc"": 1.3, ""vel"": 23.85, ""pos"": 20.8, ""error"": 0.32266784999989184}], [{""pair"": [1, 3, 2, 14], ""acc"": 1.3, ""vel"": 24.17, ""pos"": 19.2, ""error"": 1.618467849999906}]]",3
270.55,0.016999999999995907,1.328599,24.188162,21.2113483695638,1.3,24.19,21.200000000000003,1.3,24.19,21.2,1.3,24.19,21.2,-6.293623634409579,27.81861946180802,3.2641726869267584,2.7118236993489795,27.713146172616604,2.9854065772436242,-5.956197366231384,27.66350159662067,3.2925252305822186,15.576829993736046,17.94717568263704,0.6451497604788257,15.200212791312554,18.225941792320178,0.657664116473692,15.023426446301713,17.918823138981583,0.6477424080388478,"[[3, 6, 3, 13], [3, 6, 1, 13], [3, 13, 0, 6], [3, 13, 1, 6], [3, 13, 2, 6], [0, 6, 1, 13], [1, 6, 1, 13], [2, 6, 1, 13], [0, 0, 0, 0], [0, 0, 0, 0], [0, 0, 0, 0], [0, 0, 0, 0], [0, 0, 0, 0], [0, 0, 0, 0], [0, 0, 0, 0], [0, 0, 0, 0]]",1,,1,0,1,"[3, 6, 3, 13]","[[[3, 6, 3, 13], [1.3, 24.19, 21.2], 0.013177849999898683], [[3, 6, 1, 13], [1.3, 24.03, 21.2], 0.17317784999989883], [[3, 13, 0, 6], [1.3, 106.11, 21.2], 81.92897784999991], [[3, 13, 1, 6], [1.3, 24.19, 430.8], 409.5910221500001], [[3, 13, 2, 6], [1.3, 24.19, 21.2], 0.013177849999898683], [[0, 6, 1, 13], [1.3, 105.95, 21.2], 81.76897784999991], [[1, 6, 1, 13], [1.3, 24.03, 430.8], 409.7510221500001], [[2, 6, 1, 13], [1.3, 24.03, 21.2], 0.17317784999989883]]","[[3, 6, 3, 13]]","[{""pair"": [3, 6, 3, 13], ""acc"": 1.3, ""vel"": 24.19, ""pos"": 21.2, ""error"": 0.013177849999898683}]","[[{""pair"": [3, 6, 3, 13], ""acc"": 1.3, ""vel"": 24.19, ""pos"": 21.2, ""error"": 0.013177849999898683}], [{""pair"": [3, 6, 1, 13], ""acc"": 1.3, ""vel"": 24.03, ""pos"": 21.2, ""error"": 0.17317784999989883}], [{""pair"": [3, 13, 0, 6], ""acc"": 1.3, ""vel"": 106.11, ""pos"": 21.2, ""error"": 81.92897784999991}], [{""pair"": [3, 13, 1, 6], ""acc"": 1.3, ""vel"": 24.19, ""pos"": 430.8, ""error"": 409.5910221500001}], [{""pair"": [3, 13, 2, 6], ""acc"": 1.3, ""vel"": 24.19, ""pos"": 21.2, ""error"": 0.013177849999898683}], [{""pair"": [0, 6, 1, 13], ""acc"": 1.3, ""vel"": 105.95, ""pos"": 21.2, ""error"": 81.76897784999991}], [{""pair"": [1, 6, 1, 13], ""acc"": 1.3, ""vel"": 24.03, ""pos"": 430.8, ""error"": 409.7510221500001}], [{""pair"": [2, 6, 1, 13], ""acc"": 1.3, ""vel"": 24.03, ""pos"": 21.2, ""error"": 0.17317784999989883}]]",3
270.567,0.016000000000019554,1.32889,24.210314,21.6227391061192,1.3,24.21,21.6,-24.3,24.21,21.6,1.3,24.21,21.6,-6.04464341059675,27.711627860023082,3.7361797891622093,2.394480879292582,27.759247175505525,3.4569219207025492,-5.705594920400543,27.56224624139476,3.761944087205237,15.134301451777775,17.88655931695699,0.6454532157874501,15.30415620197627,18.165817185416653,0.6544059740008361,14.603306991094447,17.860795018913965,0.6480166697041357,"[[3, 1, 3, 15], [3, 0, 2, 15], [0, 0, 2, 15], [3, 1, 0, 15], [3, 1, 1, 15], [0, 0, 0, 0], [0, 0, 0, 0], [0, 0, 0, 0], [0, 0, 0, 0], [0, 0, 0, 0], [0, 0, 0, 0], [0, 0, 0, 0], [0, 0, 0, 0], [0, 0, 0, 0], [0, 0, 0, 0], [0, 0, 0, 0]]",1,,1,0,1,"[3, 1, 0, 15]","[[[3, 1, 3, 15], [-24.3, 24.21, 21.6], 0.013593599999556005], [[3, 0, 2, 15], [-24.3, 24.21, 24.8], 3.2135935999995553], [[0, 0, 2, 15], [-24.3, 25.49, 24.8], 4.4919935999995], [[3, 1, 0, 15], [1.3, 24.21, 21.6], 0.013593599999556005], [[3, 1, 1, 15], [-24.3, 23.57, 21.6], 0.6535935999995566]]","[[3, 1, 0, 15]]","[{""pair"": [3, 1, 0, 15], ""acc"": 1.3, ""vel"": 24.21, ""pos"": 21.6, ""error"": 0.013593599999556005}]","[[{""pair"": [3, 1, 3, 15], ""acc"": -24.3, ""vel"": 24.21, ""pos"": 21.6, ""error"": 0.013593599999556005}], [{""pair"": [3, 0, 2, 15], ""acc"": -24.3, ""vel"": 24.21, ""pos"": 24.8, ""error"": 3.2135935999995553}], [{""pair"": [0, 0, 2, 15], ""acc"": -24.3, ""vel"": 25.49, ""pos"": 24.8, ""error"": 4.4919935999995}], [{""pair"": [3, 1, 0, 15], ""acc"": 1.3, ""vel"": 24.21, ""pos"": 21.6, ""error"": 0.013593599999556005}], [{""pair"": [3, 1, 1, 15], ""acc"": -24.3, ""vel"": 23.57, ""pos"": 21.6, ""error"": 0.6535935999995566}]]",3
270.583,0.016999999999995907,1.328862,24.232458,22.010274228039677,1.3,24.23,22.0,14.1,24.23,22.0,1.3,24.23,22.0,-5.783938164356438,27.614913565453417,4.178792120566562,2.507458550698336,27.797558869574253,3.9013763690637306,-5.443573696903949,27.47095672266824,4.202209710918279,14.729650808261788,17.831482107473114,0.6457192800987257,15.380467081172817,18.108897858975947,0.6514564082386743,14.21963087593629,17.808064517121398,0.6482506123431332,"[[3, 4, 3, 14], [3, 4, 0, 14], [3, 4, 1, 14], [3, 4, 2, 14], [3, 14, 1, 4], [3, 14, 2, 4], [1, 4, 0, 14], [1, 4, 1, 14], [1, 4, 2, 14], [2, 4, 0, 14], [2, 4, 1, 14], [2, 4, 2, 14], [0, 0, 0, 0], [0, 0, 0, 0], [0, 0, 0, 0], [0, 0, 0, 0]]",1,,1,0,1,"[3, 4, 0, 14]","[[[3, 4, 3, 14], [14.1, 24.23, 22.0], 0.013857849999897809], [[3, 4, 0, 14], [1.3, 24.23, 22.0], 0.013857849999897809], [[3, 4, 1, 14], [14.1, 23.91, 22.0], 0.3338578499998981], [[3, 4, 2, 14], [14.1, 24.23, 20.4], 1.6138578499998992], [[3, 14, 1, 4], [14.1, 24.23, 124.4], 102.39034215000011], [[3, 14, 2, 4], [14.1, 24.23, 22.0], 0.013857849999897809], [[1, 4, 0, 14], [1.3, 24.23, 124.4], 102.39034215000011], [[1, 4, 1, 14], [14.1, 23.91, 124.4], 102.7103421500001], [[1, 4, 2, 14], [14.1, 24.23, 122.8], 100.79034215000009], [[2, 4, 0, 14], [1.3, 24.23, 22.0], 0.013857849999897809], [[2, 4, 1, 14], [14.1, 23.91, 22.0], 0.3338578499998981], [[2, 4, 2, 14], [14.1, 24.23, 20.4], 1.6138578499998992]]","[[3, 4, 0, 14]]","[{""pair"": [3, 4, 0, 14], ""acc"": 1.3, ""vel"": 24.23, ""pos"": 22.0, ""error"": 0.013857849999897809}]","[[{""pair"": [3, 4, 3, 14], ""acc"": 14.1, ""vel"": 24.23, ""pos"": 22.0, ""error"": 0.013857849999897809}], [{""pair"": [3, 4, 0, 14], ""acc"": 1.3, ""vel"": 24.23, ""pos"": 22.0, ""error"": 0.013857849999897809}], [{""pair"": [3, 4, 1, 14], ""acc"": 14.1, ""vel"": 23.91, ""pos"": 22.0, ""error"": 0.3338578499998981}], [{""pair"": [3, 4, 2, 14], ""acc"": 14.1, ""vel"": 24.23, ""pos"": 20.4, ""error"": 1.6138578499998992}], [{""pair"": [3, 14, 1, 4], ""acc"": 14.1, ""vel"": 24.23, ""pos"": 124.4, ""error"": 102.39034215000011}], [{""pair"": [3, 14, 2, 4], ""acc"": 14.1, ""vel"": 24.23, ""pos"": 22.0, ""error"": 0.013857849999897809}], [{""pair"": [1, 4, 0, 14], ""acc"": 1.3, ""vel"": 24.23, ""pos"": 124.4, ""error"": 102.39034215000011}], [{""pair"": [1, 4, 1, 14], ""acc"": 14.1, ""vel"": 23.91, ""pos"": 124.4, ""error"": 102.7103421500001}], [{""pair"": [1, 4, 2, 14], ""acc"": 14.1, ""vel"": 24.23, ""pos"": 122.8, ""error"": 100.79034215000009}], [{""pair"": [2, 4, 0, 14], ""acc"": 1.3, ""vel"": 24.23, ""pos"": 22.0, ""error"": 0.013857849999897809}], [{""pair"": [2, 4, 1, 14], ""acc"": 14.1, ""vel"": 23.91, ""pos"": 22.0, ""error"": 0.3338578499998981}], [{""pair"": [2, 4, 2, 14], ""acc"": 14.1, ""vel"": 24.23, ""pos"": 20.4, ""error"": 1.6138578499998992}]]",3
270.6,0.016999999999995907,1.328685,24.254601,22.42241803459858,1.3,24.25,22.400000000000002,1.3,65.21,22.4,1.3,24.25,22.4,-5.531855161722737,27.51658661665938,4.647409872114408,3.4934691095112282,27.840185664936115,4.374297197606955,-5.190610102042296,27.378415969820896,4.668429378804324,14.320411101173324,17.77500816248417,0.6459743139696926,-104.02373531737425,18.04812083699162,0.6482758791268656,13.832539160516081,17.753988655794256,0.648466612362249,"[[3, 5, 3, 9], [3, 5, 0, 9], [3, 5, 1, 9], [3, 9, 0, 5], [3, 9, 2, 5], [0, 5, 0, 9], [0, 5, 1, 9], [2, 5, 0, 9], [2, 5, 1, 9], [0, 0, 0, 0], [0, 0, 0, 0], [0, 0, 0, 0], [0, 0, 0, 0], [0, 0, 0, 0], [0, 0, 0, 0], [0, 0, 0, 0]]",1,,1,0,1,"[3, 9, 0, 5]","[[[3, 5, 3, 9], [1.3, 65.21, 22.4], 40.9699978499999], [[3, 5, 0, 9], [0.9, 65.21, 22.4], 40.9699978499999], [[3, 5, 1, 9], [1.3, 65.2, 22.4], 40.95999784999991], [[3, 9, 0, 5], [1.3, 24.25, 22.4], 0.014197849999895595], [[3, 9, 2, 5], [1.3, 65.21, 22.4], 40.9699978499999], [[0, 5, 0, 9], [0.9, 24.25, 22.4], 0.014197849999895595], [[0, 5, 1, 9], [1.3, 24.24, 22.4], 0.02419784999989716], [[2, 5, 0, 9], [0.9, 65.21, 22.4], 40.9699978499999], [[2, 5, 1, 9], [1.3, 65.2, 22.4], 40.95999784999991]]","[[3, 9, 0, 5]]","[{""pair"": [3, 9, 0, 5], ""acc"": 1.3, ""vel"": 24.25, ""pos"": 22.4, ""error"": 0.014197849999895595}]","[[{""pair"": [3, 5, 3, 9], ""acc"": 1.3, ""vel"": 65.21, ""pos"": 22.4, ""error"": 40.9699978499999}], [{""pair"": [3, 5, 0, 9], ""acc"": 0.9, ""vel"": 65.21, ""pos"": 22.4, ""error"": 40.9699978499999}], [{""pair"": [3, 5, 1, 9], ""acc"": 1.3, ""vel"": 65.2, ""pos"": 22.4, ""error"": 40.95999784999991}], [{""pair"": [3, 9, 0, 5], ""acc"": 1.3, ""vel"": 24.25, ""pos"": 22.4, ""error"": 0.014197849999895595}], [{""pair"": [3, 9, 2, 5], ""acc"": 1.3, ""vel"": 65.21, ""pos"": 22.4, ""error"": 40.9699978499999}], [{""pair"": [0, 5, 0, 9], ""acc"": 0.9, ""vel"": 24.25, ""pos"": 22.4, ""error"": 0.014197849999895595}], [{""pair"": [0, 5, 1, 9], ""acc"": 1.3, ""vel"": 24.24, ""pos"": 22.4, ""error"": 0.02419784999989716}], [{""pair"": [2, 5, 0, 9], ""acc"": 0.9, ""vel"": 65.21, ""pos"": 22.4, ""error"": 40.9699978499999}], [{""pair"": [2, 5, 1, 9], ""acc"": 1.3, ""vel"": 65.2, ""pos"": 22.4, ""error"": 40.95999784999991}]]",3
270.617,0.03299999999995862,1.328971,24.276758,22.83493824658098,1.3,24.28,22.8,0.9,24.28,22.4,0.9,24.29,22.8,-5.0583197633076855,27.42254507891012,5.114392491526637,3.0283604312835477,27.89957463979779,4.84808516019708,-4.7371749553122,27.290175598086197,5.133112407131422,13.897103170694606,17.720545755054342,0.6462035417960785,15.594199031582779,17.9868530863839,0.6446999038016252,13.400866570707331,17.70182583944956,0.6486519581314438,"[[0, 9, 0, 12], [0, 9, 2, 12], [1, 9, 0, 12], [1, 9, 2, 12], [2, 9, 0, 12], [2, 9, 2, 12], [0, 0, 0, 0], [0, 0, 0, 0], [0, 0, 0, 0], [0, 0, 0, 0], [0, 0, 0, 0], [0, 0, 0, 0], [0, 0, 0, 0], [0, 0, 0, 0], [0, 0, 0, 0], [0, 0, 0, 0]]",1,,1,0,1,"[1, 9, 2, 12]","[[[0, 9, 0, 12], [4.5, 24.28, 22.4], 0.8138578499989393], [[0, 9, 2, 12], [1.3, 24.28, 22.8], 0.41385784999893716], [[1, 9, 0, 12], [4.1, 24.29, 22.4], 0.8038578499989413], [[1, 9, 2, 12], [0.9, 24.29, 22.8], 0.40385784999893914], [[2, 9, 0, 12], [4.1, 24.28, 22.4], 0.8138578499989393], [[2, 9, 2, 12], [0.9, 24.28, 22.8], 0.41385784999893716]]","[[1, 9, 2, 12]]","[{""pair"": [1, 9, 2, 12], ""acc"": 0.9, ""vel"": 24.29, ""pos"": 22.8, ""error"": 0.40385784999893914}]","[[{""pair"": [0, 9, 0, 12], ""acc"": 4.5, ""vel"": 24.28, ""pos"": 22.4, ""error"": 0.8138578499989393}], [{""pair"": [0, 9, 2, 12], ""acc"": 1.3, ""vel"": 24.28, ""pos"": 22.8, ""error"": 0.41385784999893716}], [{""pair"": [1, 9, 0, 12], ""acc"": 4.1, ""vel"": 24.29, ""pos"": 22.4, ""error"": 0.8038578499989413}], [{""pair"": [1, 9, 2, 12], ""acc"": 0.9, ""vel"": 24.29, ""pos"": 22.8, ""error"": 0.40385784999893914}], [{""pair"": [2, 9, 0, 12], ""acc"": 4.1, ""vel"": 24.28, ""pos"": 22.4, ""error"": 0.8138578499989393}], [{""pair"": [2, 9, 2, 12], ""acc"": 0.9, ""vel"": 24.28, ""pos"": 22.8, ""error"": 0.41385784999893716}]]",3
270.65,0.016999999999995907,1.331169,24.32114,23.636794885289472,1.3,24.32,23.6,1.2,24.48,23.6,1.2,24.32,23.6,-4.827596294307151,27.255620526721174,6.016582224018422,2.8597675482354696,27.999510534030023,5.770420065564083,-4.508687139075315,27.133848824561092,6.031108810103976,13.188465196211155,17.62021266127105,0.6464799670950931,15.343837937481641,17.86637481972539,0.6380959694995728,12.762344384589566,17.605686075185496,0.6488458820942915,"[[3, 7, 1, 13], [3, 7, 2, 13], [0, 7, 1, 13], [0, 7, 2, 13], [1, 7, 1, 13], [1, 7, 2, 13], [2, 7, 1, 13], [2, 7, 2, 13], [0, 0, 0, 0], [0, 0, 0, 0], [0, 0, 0, 0], [0, 0, 0, 0], [0, 0, 0, 0], [0, 0, 0, 0], [0, 0, 0, 0], [0, 0, 0, 0]]",1,,1,0,1,"[3, 7, 1, 13]","[[[3, 7, 1, 13], [1.2, 24.32, 23.6], 0.40163995000010644], [[3, 7, 2, 13], [1.2, 24.48, 22.8], 0.587760049999904], [[0, 7, 1, 13], [1.3, 24.32, 23.6], 0.40163995000010644], [[0, 7, 2, 13], [1.3, 24.48, 22.8], 0.587760049999904], [[1, 7, 1, 13], [1.2, 24.32, 842.8], 819.6016399500002], [[1, 7, 2, 13], [1.2, 24.48, 842.0], 818.9616399500002], [[2, 7, 1, 13], [1.2, 24.32, 23.6], 0.40163995000010644], [[2, 7, 2, 13], [1.2, 24.48, 22.8], 0.587760049999904]]","[[3, 7, 1, 13]]","[{""pair"": [3, 7, 1, 13], ""acc"": 1.2, ""vel"": 24.32, ""pos"": 23.6, ""error"": 0.40163995000010644}]","[[{""pair"": [3, 7, 1, 13], ""acc"": 1.2, ""vel"": 24.32, ""pos"": 23.6, ""error"": 0.40163995000010644}], [{""pair"": [3, 7, 2, 13], ""acc"": 1.2, ""vel"": 24.48, ""pos"": 22.8, ""error"": 0.587760049999904}], [{""pair"": [0, 7, 1, 13], ""acc"": 1.3, ""vel"": 24.32, ""pos"": 23.6, ""error"": 0.40163995000010644}], [{""pair"": [0, 7, 2, 13], ""acc"": 1.3, ""vel"": 24.48, ""pos"": 22.8, ""error"": 0.587760049999904}], [{""pair"": [1, 7, 1, 13], ""acc"": 1.2, ""vel"": 24.32, ""pos"": 842.8, ""error"": 819.6016399500002}], [{""pair"": [1, 7, 2, 13], ""acc"": 1.2, ""vel"": 24.48, ""pos"": 842.0, ""error"": 818.9616399500002}], [{""pair"": [2, 7, 1, 13], ""acc"": 1.2, ""vel"": 24.32, ""pos"": 23.6, ""error"": 0.40163995000010644}], [{""pair"": [2, 7, 2, 13], ""acc"": 1.2, ""vel"": 24.48, ""pos"": 22.8, ""error"": 0.587760049999904}]]",3
270.667,0.016000000000019554,1.332333,24.343363,24.050446619209872,1.3,24.34,24.1,4.5,24.34,433.7,1.3,24.34,24.1,-4.602169416550779,27.17355138971797,6.479230185308043,8.0,28.048126582350015,6.246824981053198,-4.283005975720193,27.05720114319683,6.4917327348298075,12.840248584574518,17.571216433901828,0.646629370666305,15.946175456955594,17.803621638156674,0.6347526130091001,12.434253470782929,17.558713884380065,0.6489479008361871,"[[3, 6, 3, 12], [3, 6, 0, 12], [3, 12, 1, 6], [1, 6, 0, 12], [0, 0, 0, 0], [0, 0, 0, 0], [0, 0, 0, 0], [0, 0, 0, 0], [0, 0, 0, 0], [0, 0, 0, 0], [0, 0, 0, 0], [0, 0, 0, 0], [0, 0, 0, 0], [0, 0, 0, 0], [0, 0, 0, 0], [0, 0, 0, 0]]",1,,1,0,1,"[1, 6, 0, 12]","[[[3, 6, 3, 12], [4.5, 24.34, 433.7], 409.71152639999946], [[3, 6, 0, 12], [1.3, 24.34, 433.7], 409.71152639999946], [[3, 12, 1, 6], [4.5, 24.34, 24.1], 0.11152639999950154], [[1, 6, 0, 12], [1.3, 24.34, 24.1], 0.11152639999950154]]","[[1, 6, 0, 12]]","[{""pair"": [1, 6, 0, 12], ""acc"": 1.3, ""vel"": 24.34, ""pos"": 24.1, ""error"": 0.11152639999950154}]","[[{""pair"": [3, 6, 3, 12], ""acc"": 4.5, ""vel"": 24.34, ""pos"": 433.7, ""error"": 409.71152639999946}], [{""pair"": [3, 6, 0, 12], ""acc"": 1.3, ""vel"": 24.34, ""pos"": 433.7, ""error"": 409.71152639999946}], [{""pair"": [3, 12, 1, 6], ""acc"": 4.5, ""vel"": 24.34, ""pos"": 24.1, ""error"": 0.11152639999950154}], [{""pair"": [1, 6, 0, 12], ""acc"": 1.3, ""vel"": 24.34, ""pos"": 24.1, ""error"": 0.11152639999950154}]]",3
270.683,0.016999999999995907,1.334314,24.365633,24.440110965834347,1.3,24.37,24.400000000000002,0.9,25.01,24.4,1.3,24.37,24.4,-4.384119183337378,27.09991667905307,6.913417929858742,7.587839296184187,28.17612658235017,6.69661900637135,-4.0650825316745225,26.988673047585223,6.924099728356593,12.491778168631477,17.526693035975605,0.6467434289022332,14.342238232273761,17.743491959462997,0.62973496046748,12.104590609099333,17.516011237477755,0.6490134289520016,"[[3, 9, 1, 15], [3, 9, 2, 15], [1, 15, 0, 9], [1, 15, 2, 9], [2, 15, 0, 9], [2, 15, 2, 9], [0, 0, 0, 0], [0, 0, 0, 0], [0, 0, 0, 0], [0, 0, 0, 0], [0, 0, 0, 0], [0, 0, 0, 0], [0, 0, 0, 0], [0, 0, 0, 0], [0, 0, 0, 0], [0, 0, 0, 0]]",1,,1,0,1,"[1, 15, 0, 9]","[[[3, 9, 1, 15], [0.9, 24.37, 24.4], 0.12186784999990863], [[3, 9, 2, 15], [0.9, 25.01, 21.2], 3.9618678499999085], [[1, 15, 0, 9], [1.3, 24.37, 24.4], 0.12186784999990863], [[1, 15, 2, 9], [0.9, 24.37, 24.4], 0.12186784999990863], [[2, 15, 0, 9], [1.3, 25.01, 21.2], 3.9618678499999085], [[2, 15, 2, 9], [0.9, 25.01, 21.2], 3.9618678499999085]]","[[1, 15, 0, 9]]","[{""pair"": [1, 15, 0, 9], ""acc"": 1.3, ""vel"": 24.37, ""pos"": 24.4, ""error"": 0.12186784999990863}]","[[{""pair"": [3, 9, 1, 15], ""acc"": 0.9, ""vel"": 24.37, ""pos"": 24.4, ""error"": 0.12186784999990863}], [{""pair"": [3, 9, 2, 15], ""acc"": 0.9, ""vel"": 25.01, ""pos"": 21.2, ""error"": 3.9618678499999085}], [{""pair"": [1, 15, 0, 9], ""acc"": 1.3, ""vel"": 24.37, ""pos"": 24.4, ""error"": 0.12186784999990863}], [{""pair"": [1, 15, 2, 9], ""acc"": 0.9, ""vel"": 24.37, ""pos"": 24.4, ""error"": 0.12186784999990863}], [{""pair"": [2, 15, 0, 9], ""acc"": 1.3, ""vel"": 25.01, ""pos"": 21.2, ""error"": 3.9618678499999085}], [{""pair"": [2, 15, 2, 9], ""acc"": 0.9, ""vel"": 25.01, ""pos"": 21.2, ""error"": 3.9618678499999085}]]",3
270.7,0.016999999999995907,1.337282,24.387964,24.854519535207245,1.3,24.39,24.900000000000002,1.3,65.35,24.9,1.3,24.39,24.9,-4.157326090176936,27.02538665293635,7.373483008180541,8.0,28.30511985038527,7.1767096010494855,-3.838836358917389,26.919566644546773,7.382319765739605,12.171252649088023,17.481036527026703,0.6468376105593058,-102.34574990591932,17.67780993415776,0.6245446063326646,11.803892185091874,17.47219976946764,0.6490520445657719,"[[3, 3, 3, 5], [3, 3, 0, 5], [3, 3, 2, 5], [3, 5, 2, 3], [2, 3, 0, 5], [2, 3, 2, 5], [0, 0, 0, 0], [0, 0, 0, 0], [0, 0, 0, 0], [0, 0, 0, 0], [0, 0, 0, 0], [0, 0, 0, 0], [0, 0, 0, 0], [0, 0, 0, 0], [0, 0, 0, 0], [0, 0, 0, 0]]",1,,1,0,1,"[3, 3, 0, 5]","[[[3, 3, 3, 5], [1.3, 65.35, 24.9], 41.0434221500001], [[3, 3, 0, 5], [1.3, 24.39, 24.9], 0.08762215000009377], [[3, 3, 2, 5], [1.3, 65.35, 24.9], 41.0434221500001], [[3, 5, 2, 3], [1.3, 65.35, 24.9], 41.0434221500001], [[2, 3, 0, 5], [1.3, 24.39, 24.9], 0.08762215000009377], [[2, 3, 2, 5], [1.3, 65.35, 24.9], 41.0434221500001]]","[[3, 3, 0, 5]]","[{""pair"": [3, 3, 0, 5], ""acc"": 1.3, ""vel"": 24.39, ""pos"": 24.9, ""error"": 0.08762215000009377}]","[[{""pair"": [3, 3, 3, 5], ""acc"": 1.3, ""vel"": 65.35, ""pos"": 24.9, ""error"": 41.0434221500001}], [{""pair"": [3, 3, 0, 5], ""acc"": 1.3, ""vel"": 24.39, ""pos"": 24.9, ""error"": 0.08762215000009377}], [{""pair"": [3, 3, 2, 5], ""acc"": 1.3, ""vel"": 65.35, ""pos"": 24.9, ""error"": 41.0434221500001}], [{""pair"": [3, 5, 2, 3], ""acc"": 1.3, ""vel"": 65.35, ""pos"": 24.9, ""error"": 41.0434221500001}], [{""pair"": [2, 3, 0, 5], ""acc"": 1.3, ""vel"": 24.39, ""pos"": 24.9, ""error"": 0.08762215000009377}], [{""pair"": [2, 3, 2, 5], ""acc"": 1.3, ""vel"": 65.35, ""pos"": 24.9, ""error"": 41.0434221500001}]]",3
270.717,0.016000000000019554,1.340574,24.410353,25.269308160456145,1.3,24.41,25.3,1.3,24.41,1663.7,1.3,24.41,25.3,-3.9526122249801916,26.95471210940336,7.832313847660318,8.0,28.44111985038524,7.659052638505918,-3.63502968637816,26.85430642644519,7.8393976868429265,11.86474651724134,17.436994312795825,0.6468996679327469,17.159686881537098,17.610255521950226,0.6191829159537012,11.517035245482987,17.42991047361322,0.6490545760827711,"[[2, 1, 1, 8], [0, 0, 0, 0], [0, 0, 0, 0], [0, 0, 0, 0], [0, 0, 0, 0], [0, 0, 0, 0], [0, 0, 0, 0], [0, 0, 0, 0], [0, 0, 0, 0], [0, 0, 0, 0], [0, 0, 0, 0], [0, 0, 0, 0], [0, 0, 0, 0], [0, 0, 0, 0], [0, 0, 0, 0], [0, 0, 0, 0]]",1,,1,0,1,"[2, 1, 1, 8]","[[[2, 1, 1, 8], [1.3, 24.41, 25.3], 0.010393599999549252]]","[[2, 1, 1, 8]]","[{""pair"": [2, 1, 1, 8], ""acc"": 1.3, ""vel"": 24.41, ""pos"": 25.3, ""error"": 0.010393599999549252}]","[[{""pair"": [2, 1, 1, 8], ""acc"": 1.3, ""vel"": 24.41, ""pos"": 25.3, ""error"": 0.010393599999549252}]]",3
270.733,0.016999999999995907,1.344087,24.432802,25.660045401928624,1.3,24.43,25.700000000000003,1.3,24.43,25.7,1.3,24.43,25.7,-3.739605738141183,26.891470313803598,8.2630833070465,7.500090240133968,28.569119850385395,8.115134556112642,-3.4233754214432697,26.79614595146307,8.268601305866717,11.584539258766627,17.396962094882124,0.6469323503650943,17.567518799143844,17.544910845815984,0.6141215038369235,11.255148210903233,17.391444096061907,0.6490278164465787,"[[3, 6, 3, 12], [3, 6, 1, 12], [3, 12, 2, 6], [2, 6, 1, 12], [0, 0, 0, 0], [0, 0, 0, 0], [0, 0, 0, 0], [0, 0, 0, 0], [0, 0, 0, 0], [0, 0, 0, 0], [0, 0, 0, 0], [0, 0, 0, 0], [0, 0, 0, 0], [0, 0, 0, 0], [0, 0, 0, 0], [0, 0, 0, 0]]",1,,1,0,1,"[3, 6, 3, 12]","[[[3, 6, 3, 12], [1.3, 24.43, 25.7], 0.01725784999989699], [[3, 6, 1, 12], [1.3, 24.35, 25.7], 0.09725784999989529], [[3, 12, 2, 6], [1.3, 24.43, 25.7], 0.01725784999989699], [[2, 6, 1, 12], [1.3, 24.35, 25.7], 0.09725784999989529]]","[[3, 6, 3, 12]]","[{""pair"": [3, 6, 3, 12], ""acc"": 1.3, ""vel"": 24.43, ""pos"": 25.7, ""error"": 0.01725784999989699}]","[[{""pair"": [3, 6, 3, 12], ""acc"": 1.3, ""vel"": 24.43, ""pos"": 25.7, ""error"": 0.01725784999989699}], [{""pair"": [3, 6, 1, 12], ""acc"": 1.3, ""vel"": 24.35, ""pos"": 25.7, ""error"": 0.09725784999989529}], [{""pair"": [3, 12, 2, 6], ""acc"": 1.3, ""vel"": 24.43, ""pos"": 25.7, ""error"": 0.01725784999989699}], [{""pair"": [2, 6, 1, 12], ""acc"": 1.3, ""vel"": 24.35, ""pos"": 25.7, ""error"": 0.09725784999989529}]]",3
270.75,0.016999999999995907,1.347661,24.455307,26.075597256500025,1.3,24.46,26.1,1.3,24.46,26.1,1.3,24.46,26.1,-3.5354689206190475,26.827897016255214,8.719697929351891,-8.0,28.69662138446764,8.601893356608775,-3.220999175490639,26.73794856929855,8.723641109293082,11.273068346300233,17.355899327148133,0.6469347678139689,17.944942068664602,17.473703899891248,0.6089115392988068,10.962938212833247,17.35195614720694,0.6489636294360692,"[[3, 4, 3, 12], [3, 4, 1, 12], [3, 4, 2, 12], [3, 12, 0, 4], [3, 12, 2, 4], [0, 4, 1, 12], [0, 4, 2, 12], [2, 4, 1, 12], [2, 4, 2, 12], [0, 0, 0, 0], [0, 0, 0, 0], [0, 0, 0, 0], [0, 0, 0, 0], [0, 0, 0, 0], [0, 0, 0, 0], [0, 0, 0, 0]]",1,,1,0,1,"[3, 4, 3, 12]","[[[3, 4, 3, 12], [1.3, 24.46, 26.1], 0.023397849999902576], [[3, 4, 1, 12], [1.3, 24.38, 26.1], 0.08759784999989151], [[3, 4, 2, 12], [1.3, 24.46, 25.7], 0.4233978499999047], [[3, 12, 0, 4], [1.3, 3.98, 26.1], 20.48759784999989], [[3, 12, 2, 4], [1.3, 24.46, 26.1], 0.023397849999902576], [[0, 4, 1, 12], [1.3, 3.9, 26.1], 20.567597849999892], [[0, 4, 2, 12], [1.3, 3.98, 25.7], 20.887597849999892], [[2, 4, 1, 12], [1.3, 24.38, 26.1], 0.08759784999989151], [[2, 4, 2, 12], [1.3, 24.46, 25.7], 0.4233978499999047]]","[[3, 4, 3, 12]]","[{""pair"": [3, 4, 3, 12], ""acc"": 1.3, ""vel"": 24.46, ""pos"": 26.1, ""error"": 0.023397849999902576}]","[[{""pair"": [3, 4, 3, 12], ""acc"": 1.3, ""vel"": 24.46, ""pos"": 26.1, ""error"": 0.023397849999902576}], [{""pair"": [3, 4, 1, 12], ""acc"": 1.3, ""vel"": 24.38, ""pos"": 26.1, ""error"": 0.08759784999989151}], [{""pair"": [3, 4, 2, 12], ""acc"": 1.3, ""vel"": 24.46, ""pos"": 25.7, ""error"": 0.4233978499999047}], [{""pair"": [3, 12, 0, 4], ""acc"": 1.3, ""vel"": 3.98, ""pos"": 26.1, ""error"": 20.48759784999989}], [{""pair"": [3, 12, 2, 4], ""acc"": 1.3, ""vel"": 24.46, ""pos"": 26.1, ""error"": 0.023397849999902576}], [{""pair"": [0, 4, 1, 12], ""acc"": 1.3, ""vel"": 3.9, ""pos"": 26.1, ""error"": 20.567597849999892}], [{""pair"": [0, 4, 2, 12], ""acc"": 1.3, ""vel"": 3.98, ""pos"": 25.7, ""error"": 20.887597849999892}], [{""pair"": [2, 4, 1, 12], ""acc"": 1.3, ""vel"": 24.38, ""pos"": 26.1, ""error"": 0.08759784999989151}], [{""pair"": [2, 4, 2, 12], ""acc"": 1.3, ""vel"": 24.46, ""pos"": 25.7, ""error"": 0.4233978499999047}]]",3
270.767,0.016000000000019554,1.350504,24.477846,26.491532212514425,1.4000000000000001,24.48,26.5,4.6,24.48,26.5,1.4,24.48,26.5,-3.3493666461139586,26.767794044604706,9.17526130336909,-7.768610225262055,28.560621384467673,9.088579920144607,-3.036932906344764,26.68319158331522,9.177720800590189,11.004554280358919,17.316270909145334,0.6469069091121309,17.383480505128773,17.402952292369818,0.6093338116878014,10.713463725325541,17.313811411924235,0.6488658359276038,"[[3, 3, 3, 12], [3, 3, 0, 12], [3, 12, 0, 3], [3, 12, 1, 3], [3, 12, 2, 3], [0, 3, 0, 12], [1, 3, 0, 12], [2, 3, 0, 12], [0, 0, 0, 0], [0, 0, 0, 0], [0, 0, 0, 0], [0, 0, 0, 0], [0, 0, 0, 0], [0, 0, 0, 0], [0, 0, 0, 0], [0, 0, 0, 0]]",1,,1,0,1,"[3, 3, 0, 12]","[[[3, 3, 3, 12], [4.6, 24.48, 26.5], 0.009273599999545468], [[3, 3, 0, 12], [1.4, 24.48, 26.5], 0.009273599999545468], [[3, 12, 0, 3], [4.6, 34.72, 26.5], 10.24767359999949], [[3, 12, 1, 3], [4.6, 24.48, 77.7], 51.20927359999955], [[3, 12, 2, 3], [4.6, 24.48, 26.5], 0.009273599999545468], [[0, 3, 0, 12], [1.4, 34.72, 26.5], 10.24767359999949], [[1, 3, 0, 12], [1.4, 24.48, 77.7], 51.20927359999955], [[2, 3, 0, 12], [1.4, 24.48, 26.5], 0.009273599999545468]]","[[3, 3, 0, 12]]","[{""pair"": [3, 3, 0, 12], ""acc"": 1.4, ""vel"": 24.48, ""pos"": 26.5, ""error"": 0.009273599999545468}]","[[{""pair"": [3, 3, 3, 12], ""acc"": 4.6, ""vel"": 24.48, ""pos"": 26.5, ""error"": 0.009273599999545468}], [{""pair"": [3, 3, 0, 12], ""acc"": 1.4, ""vel"": 24.48, ""pos"": 26.5, ""error"": 0.009273599999545468}], [{""pair"": [3, 12, 0, 3], ""acc"": 4.6, ""vel"": 34.72, ""pos"": 26.5, ""error"": 10.24767359999949}], [{""pair"": [3, 12, 1, 3], ""acc"": 4.6, ""vel"": 24.48, ""pos"": 77.7, ""error"": 51.20927359999955}], [{""pair"": [3, 12, 2, 3], ""acc"": 4.6, ""vel"": 24.48, ""pos"": 26.5, ""error"": 0.009273599999545468}], [{""pair"": [0, 3, 0, 12], ""acc"": 1.4, ""vel"": 34.72, ""pos"": 26.5, ""error"": 10.24767359999949}], [{""pair"": [1, 3, 0, 12], ""acc"": 1.4, ""vel"": 24.48, ""pos"": 77.7, ""error"": 51.20927359999955}], [{""pair"": [2, 3, 0, 12], ""acc"": 1.4, ""vel"": 24.48, ""pos"": 26.5, ""error"": 0.009273599999545468}]]",3
270.783,0.016999999999995907,1.352348,24.500401,26.883350613026906,1.4000000000000001,24.5,26.900000000000002,1.4,24.5,26.9,1.4,24.5,26.9,-3.156165394875104,26.71420417826682,9.603117289152587,-7.6141332110225814,28.436323620863327,9.544555480187812,-2.8462676733188452,26.634600656813646,9.604263138511742,10.758839472709703,17.28023332387432,0.6468556281355576,16.86703867899068,17.338795132839095,0.6097410960718518,10.485457074927483,17.279087474515165,0.6487458812375638,"[[3, 4, 3, 6], [3, 4, 0, 6], [3, 4, 1, 6], [3, 4, 2, 6], [3, 6, 1, 4], [3, 6, 2, 4], [1, 4, 0, 6], [1, 4, 1, 6], [1, 4, 2, 6], [2, 4, 0, 6], [2, 4, 1, 6], [2, 4, 2, 6], [0, 0, 0, 0], [0, 0, 0, 0], [0, 0, 0, 0], [0, 0, 0, 0]]",1,,1,0,1,"[3, 4, 3, 6]","[[[3, 4, 3, 6], [1.4, 24.5, 26.9], 0.02016229999989605], [[3, 4, 0, 6], [1.4, 106.42, 26.9], 81.9325622999999], [[3, 4, 1, 6], [1.4, 24.5, 436.5], 409.5874377000001], [[3, 4, 2, 6], [1.4, 24.5, 26.9], 0.02016229999989605], [[3, 6, 1, 4], [1.4, 24.5, 129.3], 102.3874377000001], [[3, 6, 2, 4], [1.4, 24.5, 26.9], 0.02016229999989605], [[1, 4, 0, 6], [1.4, 106.42, 129.3], 184.29983770000013], [[1, 4, 1, 6], [1.4, 24.5, 538.9], 511.9874377000001], [[1, 4, 2, 6], [1.4, 24.5, 129.3], 102.3874377000001], [[2, 4, 0, 6], [1.4, 106.42, 26.9], 81.9325622999999], [[2, 4, 1, 6], [1.4, 24.5, 436.5], 409.5874377000001], [[2, 4, 2, 6], [1.4, 24.5, 26.9], 0.02016229999989605]]","[[3, 4, 3, 6]]","[{""pair"": [3, 4, 3, 6], ""acc"": 1.4, ""vel"": 24.5, ""pos"": 26.9, ""error"": 0.02016229999989605}]","[[{""pair"": [3, 4, 3, 6], ""acc"": 1.4, ""vel"": 24.5, ""pos"": 26.9, ""error"": 0.02016229999989605}], [{""pair"": [3, 4, 0, 6], ""acc"": 1.4, ""vel"": 106.42, ""pos"": 26.9, ""error"": 81.9325622999999}], [{""pair"": [3, 4, 1, 6], ""acc"": 1.4, ""vel"": 24.5, ""pos"": 436.5, ""error"": 409.5874377000001}], [{""pair"": [3, 4, 2, 6], ""acc"": 1.4, ""vel"": 24.5, ""pos"": 26.9, ""error"": 0.02016229999989605}], [{""pair"": [3, 6, 1, 4], ""acc"": 1.4, ""vel"": 24.5, ""pos"": 129.3, ""error"": 102.3874377000001}], [{""pair"": [3, 6, 2, 4], ""acc"": 1.4, ""vel"": 24.5, ""pos"": 26.9, ""error"": 0.02016229999989605}], [{""pair"": [1, 4, 0, 6], ""acc"": 1.4, ""vel"": 106.42, ""pos"": 129.3, ""error"": 184.29983770000013}], [{""pair"": [1, 4, 1, 6], ""acc"": 1.4, ""vel"": 24.5, ""pos"": 538.9, ""error"": 511.9874377000001}], [{""pair"": [1, 4, 2, 6], ""acc"": 1.4, ""vel"": 24.5, ""pos"": 129.3, ""error"": 102.3874377000001}], [{""pair"": [2, 4, 0, 6], ""acc"": 1.4, ""vel"": 106.42, ""pos"": 26.9, ""error"": 81.9325622999999}], [{""pair"": [2, 4, 1, 6], ""acc"": 1.4, ""vel"": 24.5, ""pos"": 436.5, ""error"": 409.5874377000001}], [{""pair"": [2, 4, 2, 6], ""acc"": 1.4, ""vel"": 24.5, ""pos"": 26.9, ""error"": 0.02016229999989605}]]",3
270.8,0.016999999999995907,1.353195,24.522957,27.300052844312805,1.4000000000000001,24.52,27.3,1.4,24.52,27.3,1.4,24.52,27.3,-2.9722681604677157,26.660549366553955,10.056802694283455,-7.461862865485662,28.306883356275975,10.026872739493381,-2.6652958821498522,26.586214106367237,10.056640063998671,10.513210719559172,17.24325015002935,0.6467702489154727,16.33376616974096,17.273180104819424,0.6102113004605911,10.258395192486734,17.243412780314134,0.6485847406225635,"[[3, 8, 3, 12], [3, 12, 1, 8], [3, 12, 2, 8], [0, 0, 0, 0], [0, 0, 0, 0], [0, 0, 0, 0], [0, 0, 0, 0], [0, 0, 0, 0], [0, 0, 0, 0], [0, 0, 0, 0], [0, 0, 0, 0], [0, 0, 0, 0], [0, 0, 0, 0], [0, 0, 0, 0], [0, 0, 0, 0], [0, 0, 0, 0]]",1,,1,0,1,"[3, 8, 3, 12]","[[[3, 8, 3, 12], [1.4, 24.52, 27.3], 0.020502299999893836], [[3, 12, 1, 8], [1.4, 24.52, 1665.7], 1638.3870977000001], [[3, 12, 2, 8], [1.4, 24.52, 27.3], 0.020502299999893836]]","[[3, 8, 3, 12]]","[{""pair"": [3, 8, 3, 12], ""acc"": 1.4, ""vel"": 24.52, ""pos"": 27.3, ""error"": 0.020502299999893836}]","[[{""pair"": [3, 8, 3, 12], ""acc"": 1.4, ""vel"": 24.52, ""pos"": 27.3, ""error"": 0.020502299999893836}], [{""pair"": [3, 12, 1, 8], ""acc"": 1.4, ""vel"": 24.52, ""pos"": 1665.7, ""error"": 1638.3870977000001}], [{""pair"": [3, 12, 2, 8], ""acc"": 1.4, ""vel"": 24.52, ""pos"": 27.3, ""error"": 0.020502299999893836}]]",3
270.817,0.016000000000019554,1.353194,24.545502,27.717138649990204,1.4000000000000001,24.55,27.700000000000003,1.4,24.55,283.7,1.4,24.55,27.7,-2.8074368604021207,26.610020807826015,10.509602540765576,8.0,28.18003168756275,10.507011517365894,-2.503576994970634,26.5409040763707,10.508220568551835,10.247921292840942,17.207536109224627,0.6466562440328452,15.781233538258816,17.210127132624308,0.6107206451517225,10.0114084820815,17.20891808143837,0.6483923091662663,"[[3, 3, 1, 5], [1, 3, 1, 5], [0, 0, 0, 0], [0, 0, 0, 0], [0, 0, 0, 0], [0, 0, 0, 0], [0, 0, 0, 0], [0, 0, 0, 0], [0, 0, 0, 0], [0, 0, 0, 0], [0, 0, 0, 0], [0, 0, 0, 0], [0, 0, 0, 0], [0, 0, 0, 0], [0, 0, 0, 0], [0, 0, 0, 0]]",1,,1,0,1,"[1, 3, 1, 5]","[[[3, 3, 1, 5], [1.4, 24.55, 78.9], 51.2151007999995], [[1, 3, 1, 5], [1.4, 24.55, 27.7], 0.015100799999490988]]","[[1, 3, 1, 5]]","[{""pair"": [1, 3, 1, 5], ""acc"": 1.4, ""vel"": 24.55, ""pos"": 27.7, ""error"": 0.015100799999490988}]","[[{""pair"": [3, 3, 1, 5], ""acc"": 1.4, ""vel"": 24.55, ""pos"": 78.9, ""error"": 51.2151007999995}], [{""pair"": [1, 3, 1, 5], ""acc"": 1.4, ""vel"": 24.55, ""pos"": 27.7, ""error"": 0.015100799999490988}]]",3
270.833,0.016999999999995907,1.352665,24.568033,28.110039890822684,1.4000000000000001,24.57,28.1,1.4,24.61,232.9,1.4,24.57,28.1,-2.636698073893733,26.565101818059524,10.935003521773181,8.0,28.308031687562906,10.958916024367452,-2.336496080684349,26.50084684445112,10.932554575918926,10.032743594547792,17.1750363690495,0.6465262767174317,16.061588045260386,17.15112386645523,0.6058748292976708,9.813208651511047,17.177485314903755,0.6481862793188612,"[[1, 5, 1, 11], [0, 0, 0, 0], [0, 0, 0, 0], [0, 0, 0, 0], [0, 0, 0, 0], [0, 0, 0, 0], [0, 0, 0, 0], [0, 0, 0, 0], [0, 0, 0, 0], [0, 0, 0, 0], [0, 0, 0, 0], [0, 0, 0, 0], [0, 0, 0, 0], [0, 0, 0, 0], [0, 0, 0, 0], [0, 0, 0, 0]]",1,,1,0,1,"[1, 5, 1, 11]","[[[1, 5, 1, 11], [1.4, 24.57, 28.1], 0.02135229999989363]]","[[1, 5, 1, 11]]","[{""pair"": [1, 5, 1, 11], ""acc"": 1.4, ""vel"": 24.57, ""pos"": 28.1, ""error"": 0.02135229999989363}]","[[{""pair"": [1, 5, 1, 11], ""acc"": 1.4, ""vel"": 24.57, ""pos"": 28.1, ""error"": 0.02135229999989363}]]",3
270.85,0.016999999999995907,1.351889,24.590548,28.527891911915084,1.4000000000000001,24.59,28.5,4.6,24.59,28.5,1.4,24.59,28.5,-2.4750959106182315,26.52027795080334,11.386229249808407,7.525341409869141,28.444031687562873,11.441308563055905,-2.178915882671773,26.461126411079498,11.382731348590827,9.818092956821948,17.141662662106675,0.6463605959901875,16.619080583948843,17.08658334885918,0.6007089127358226,9.616307075053507,17.145160563324257,0.6479376689023122,"[[0, 6, 0, 12], [0, 6, 1, 12], [0, 6, 2, 12], [1, 6, 0, 12], [1, 6, 1, 12], [1, 6, 2, 12], [2, 6, 0, 12], [2, 6, 1, 12], [2, 6, 2, 12], [0, 0, 0, 0], [0, 0, 0, 0], [0, 0, 0, 0], [0, 0, 0, 0], [0, 0, 0, 0], [0, 0, 0, 0], [0, 0, 0, 0]]",1,,1,0,1,"[2, 6, 0, 12]","[[[0, 6, 0, 12], [1.4, 106.51, 28.5], 81.9340922999999], [[0, 6, 1, 12], [4.6, 106.43, 28.5], 81.85409229999992], [[0, 6, 2, 12], [4.6, 106.51, 28.1], 82.33409229999991], [[1, 6, 0, 12], [1.4, 24.59, 438.1], 409.5859077000001], [[1, 6, 1, 12], [4.6, 24.51, 438.1], 409.6659077000001], [[1, 6, 2, 12], [4.6, 24.59, 437.7], 409.1859077000001], [[2, 6, 0, 12], [1.4, 24.59, 28.5], 0.021692299999898523], [[2, 6, 1, 12], [4.6, 24.51, 28.5], 0.10169229999989682], [[2, 6, 2, 12], [4.6, 24.59, 28.1], 0.4216922999998971]]","[[2, 6, 0, 12]]","[{""pair"": [2, 6, 0, 12], ""acc"": 1.4, ""vel"": 24.59, ""pos"": 28.5, ""error"": 0.021692299999898523}]","[[{""pair"": [0, 6, 0, 12], ""acc"": 1.4, ""vel"": 106.51, ""pos"": 28.5, ""error"": 81.9340922999999}], [{""pair"": [0, 6, 1, 12], ""acc"": 4.6, ""vel"": 106.43, ""pos"": 28.5, ""error"": 81.85409229999992}], [{""pair"": [0, 6, 2, 12], ""acc"": 4.6, ""vel"": 106.51, ""pos"": 28.1, ""error"": 82.33409229999991}], [{""pair"": [1, 6, 0, 12], ""acc"": 1.4, ""vel"": 24.59, ""pos"": 438.1, ""error"": 409.5859077000001}], [{""pair"": [1, 6, 1, 12], ""acc"": 4.6, ""vel"": 24.51, ""pos"": 438.1, ""error"": 409.6659077000001}], [{""pair"": [1, 6, 2, 12], ""acc"": 4.6, ""vel"": 24.59, ""pos"": 437.7, ""error"": 409.1859077000001}], [{""pair"": [2, 6, 0, 12], ""acc"": 1.4, ""vel"": 24.59, ""pos"": 28.5, ""error"": 0.021692299999898523}], [{""pair"": [2, 6, 1, 12], ""acc"": 4.6, ""vel"": 24.51, ""pos"": 28.5, ""error"": 0.10169229999989682}], [{""pair"": [2, 6, 2, 12], ""acc"": 4.6, ""vel"": 24.59, ""pos"": 28.1, ""error"": 0.4216922999998971}]]",3
270.867,0.01599999999996271,1.351149,24.613052,28.946126575875482,1.4000000000000001,24.61,28.900000000000002,1.4,24.61,29.6,1.4,24.61,28.9,-2.33146830100442,26.47820132032284,11.836716323612873,7.0977805409550285,28.571962491530616,11.925944513578084,-2.039406983545564,26.424084841074087,11.832255644234024,9.613010454503918,17.10941025226261,0.64616965651404,17.026255037742587,17.020182062297398,0.5956952403021868,9.428668464624995,17.113870931641458,0.6476618219541643,"[[3, 10, 3, 13], [3, 10, 1, 13], [3, 10, 2, 13], [3, 13, 1, 10], [3, 13, 2, 10], [1, 10, 1, 13], [1, 10, 2, 13], [2, 10, 1, 13], [2, 10, 2, 13], [0, 0, 0, 0], [0, 0, 0, 0], [0, 0, 0, 0], [0, 0, 0, 0], [0, 0, 0, 0], [0, 0, 0, 0], [0, 0, 0, 0]]",1,,1,0,1,"[2, 10, 2, 13]","[[[3, 10, 3, 13], [1.4, 24.61, 29.6], 0.70878080000087], [[3, 10, 1, 13], [1.4, 24.45, 29.6], 0.8687808000008701], [[3, 10, 2, 13], [1.4, 24.61, 28.8], 0.0960191999990272], [[3, 13, 1, 10], [1.4, 24.63, 29.6], 0.7239808000009731], [[3, 13, 2, 10], [1.4, 24.61, 29.7], 0.8087808000008678], [[1, 10, 1, 13], [1.4, 24.47, 29.6], 0.8487808000008705], [[1, 10, 2, 13], [1.4, 24.63, 28.8], 0.11121919999913032], [[2, 10, 1, 13], [1.4, 24.45, 29.7], 0.968780800000868], [[2, 10, 2, 13], [1.4, 24.61, 28.9], 0.008780800000867117]]","[[2, 10, 2, 13]]","[{""pair"": [2, 10, 2, 13], ""acc"": 1.4, ""vel"": 24.61, ""pos"": 28.9, ""error"": 0.008780800000867117}]","[[{""pair"": [3, 10, 3, 13], ""acc"": 1.4, ""vel"": 24.61, ""pos"": 29.6, ""error"": 0.70878080000087}], [{""pair"": [3, 10, 1, 13], ""acc"": 1.4, ""vel"": 24.45, ""pos"": 29.6, ""error"": 0.8687808000008701}], [{""pair"": [3, 10, 2, 13], ""acc"": 1.4, ""vel"": 24.61, ""pos"": 28.8, ""error"": 0.0960191999990272}], [{""pair"": [3, 13, 1, 10], ""acc"": 1.4, ""vel"": 24.63, ""pos"": 29.6, ""error"": 0.7239808000009731}], [{""pair"": [3, 13, 2, 10], ""acc"": 1.4, ""vel"": 24.61, ""pos"": 29.7, ""error"": 0.8087808000008678}], [{""pair"": [1, 10, 1, 13], ""acc"": 1.4, ""vel"": 24.47, ""pos"": 29.6, ""error"": 0.8487808000008705}], [{""pair"": [1, 10, 2, 13], ""acc"": 1.4, ""vel"": 24.63, ""pos"": 28.8, ""error"": 0.11121919999913032}], [{""pair"": [2, 10, 1, 13], ""acc"": 1.4, ""vel"": 24.45, ""pos"": 29.7, ""error"": 0.968780800000868}], [{""pair"": [2, 10, 2, 13], ""acc"": 1.4, ""vel"": 24.61, ""pos"": 28.9, ""error"": 0.008780800000867117}]]",3
270.883,0.016999999999995907,1.350479,24.635548,29.34010835494656,1.4000000000000001,24.64,29.3,1.4,24.64,80.5,1.4,24.64,29.3,-2.182628084965618,26.440897827506856,12.260069116794524,8.0,28.68552698018563,12.384004429350746,-1.8952664716878997,26.391454329337435,12.254779957596332,9.393557153041737,17.08003923815204,0.6459704715618024,17.351668831203426,16.956103925595816,0.5911031000862613,9.22534928402772,17.08532839735023,0.6473810872316245,"[[3, 3, 3, 15], [3, 3, 2, 15], [3, 15, 1, 3], [1, 3, 2, 15], [0, 0, 0, 0], [0, 0, 0, 0], [0, 0, 0, 0], [0, 0, 0, 0], [0, 0, 0, 0], [0, 0, 0, 0], [0, 0, 0, 0], [0, 0, 0, 0], [0, 0, 0, 0], [0, 0, 0, 0], [0, 0, 0, 0], [0, 0, 0, 0]]",1,,1,0,1,"[3, 15, 1, 3]","[[[3, 3, 3, 15], [1.4, 24.64, 80.5], 51.18762770000011], [[3, 3, 2, 15], [1.4, 24.64, 77.3], 47.987627700000104], [[3, 15, 1, 3], [1.4, 24.64, 29.3], 0.024772299999906267], [[1, 3, 2, 15], [1.4, 24.64, 26.1], 3.2247722999999056]]","[[3, 15, 1, 3]]","[{""pair"": [3, 15, 1, 3], ""acc"": 1.4, ""vel"": 24.64, ""pos"": 29.3, ""error"": 0.024772299999906267}]","[[{""pair"": [3, 3, 3, 15], ""acc"": 1.4, ""vel"": 24.64, ""pos"": 80.5, ""error"": 51.18762770000011}], [{""pair"": [3, 3, 2, 15], ""acc"": 1.4, ""vel"": 24.64, ""pos"": 77.3, ""error"": 47.987627700000104}], [{""pair"": [3, 15, 1, 3], ""acc"": 1.4, ""vel"": 24.64, ""pos"": 29.3, ""error"": 0.024772299999906267}], [{""pair"": [1, 3, 2, 15], ""acc"": 1.4, ""vel"": 24.64, ""pos"": 26.1, ""error"": 3.2247722999999056}]]",3
270.9,0.016999999999995907,1.349999,24.658037,29.75910781516196,1.3,24.66,29.8,1.3,24.66,30.0,1.3,24.66,29.8,-2.028165015748941,26.403793150062448,12.709248990103754,-8.0,28.8215269801856,12.872814388013785,-1.7458362589874767,26.35923479931875,12.7031608151898,9.205672609461539,17.04985882505821,0.6457352066105655,17.792453789866457,16.886293427148175,0.5858916995882025,9.05427718028291,17.05594699997216,0.6470577438922077,"[[3, 10, 0, 10], [3, 10, 1, 10], [0, 11, 2, 12], [1, 11, 2, 12], [2, 11, 2, 12], [0, 10, 1, 10], [1, 10, 0, 10], [0, 0, 0, 0], [0, 0, 0, 0], [0, 0, 0, 0], [0, 0, 0, 0], [0, 0, 0, 0], [0, 0, 0, 0], [0, 0, 0, 0], [0, 0, 0, 0], [0, 0, 0, 0]]",1,,1,0,1,"[2, 11, 2, 12]","[[[3, 10, 0, 10], [0.5, 24.66, 30.0], 0.284717700000094], [[3, 10, 1, 10], [1.3, 24.64, 30.0], 0.30471770000009357], [[0, 11, 2, 12], [2.9, 24.66, 29.6], 0.12288229999989397], [[1, 11, 2, 12], [1.3, 24.7, 29.6], 0.15528229999990373], [[2, 11, 2, 12], [1.3, 24.66, 29.8], 0.08471770000009471], [[0, 10, 1, 10], [0.5, 24.64, 30.0], 0.30471770000009357], [[1, 10, 0, 10], [0.5, 24.64, 30.0], 0.30471770000009357]]","[[2, 11, 2, 12]]","[{""pair"": [2, 11, 2, 12], ""acc"": 1.3, ""vel"": 24.66, ""pos"": 29.8, ""error"": 0.08471770000009471}]","[[{""pair"": [3, 10, 0, 10], ""acc"": 0.5, ""vel"": 24.66, ""pos"": 30.0, ""error"": 0.284717700000094}], [{""pair"": [3, 10, 1, 10], ""acc"": 1.3, ""vel"": 24.64, ""pos"": 30.0, ""error"": 0.30471770000009357}], [{""pair"": [0, 11, 2, 12], ""acc"": 2.9, ""vel"": 24.66, ""pos"": 29.6, ""error"": 0.12288229999989397}], [{""pair"": [1, 11, 2, 12], ""acc"": 1.3, ""vel"": 24.7, ""pos"": 29.6, ""error"": 0.15528229999990373}], [{""pair"": [2, 11, 2, 12], ""acc"": 1.3, ""vel"": 24.66, ""pos"": 29.8, ""error"": 0.08471770000009471}], [{""pair"": [0, 10, 1, 10], ""acc"": 0.5, ""vel"": 24.64, ""pos"": 30.0, ""error"": 0.30471770000009357}], [{""pair"": [1, 10, 0, 10], ""acc"": 0.5, ""vel"": 24.64, ""pos"": 30.0, ""error"": 0.30471770000009357}]]",3
270.917,0.016000000000019554,1.349544,24.680517,30.17848951901736,1.3,24.68,30.200000000000003,1.3,24.76,30.2,1.3,24.68,30.2,-1.8916412086632426,26.369314344794724,13.157820403809932,-8.0,28.68552698018563,13.361624346676821,-1.6143518538910209,26.32955558291597,13.151015533438688,9.026827622891773,17.02066911520743,0.6454725706042976,16.98116883120342,16.816865172340542,0.5862491277903557,8.891899132907936,17.027473985578673,0.6467057118361319,"[[3, 11, 3, 12], [3, 11, 1, 12], [3, 11, 2, 12], [3, 12, 0, 11], [0, 11, 1, 12], [0, 11, 2, 12], [0, 0, 0, 0], [0, 0, 0, 0], [0, 0, 0, 0], [0, 0, 0, 0], [0, 0, 0, 0], [0, 0, 0, 0], [0, 0, 0, 0], [0, 0, 0, 0], [0, 0, 0, 0], [0, 0, 0, 0]]",1,,1,0,1,"[3, 11, 1, 12]","[[[3, 11, 3, 12], [1.3, 24.76, 30.2], 0.084473599999491], [[3, 11, 1, 12], [1.3, 24.68, 30.2], 0.006073599999542267], [[3, 11, 2, 12], [1.3, 24.76, 29.8], 0.47392640000045816], [[3, 12, 0, 11], [2.9, 24.76, 30.2], 0.084473599999491], [[0, 11, 1, 12], [2.9, 24.68, 30.2], 0.006073599999542267], [[0, 11, 2, 12], [2.9, 24.76, 29.8], 0.47392640000045816]]","[[3, 11, 1, 12]]","[{""pair"": [3, 11, 1, 12], ""acc"": 1.3, ""vel"": 24.68, ""pos"": 30.2, ""error"": 0.006073599999542267}]","[[{""pair"": [3, 11, 3, 12], ""acc"": 1.3, ""vel"": 24.76, ""pos"": 30.2, ""error"": 0.084473599999491}], [{""pair"": [3, 11, 1, 12], ""acc"": 1.3, ""vel"": 24.68, ""pos"": 30.2, ""error"": 0.006073599999542267}], [{""pair"": [3, 11, 2, 12], ""acc"": 1.3, ""vel"": 24.76, ""pos"": 29.8, ""error"": 0.47392640000045816}], [{""pair"": [3, 12, 0, 11], ""acc"": 2.9, ""vel"": 24.76, ""pos"": 30.2, ""error"": 0.084473599999491}], [{""pair"": [0, 11, 1, 12], ""acc"": 2.9, ""vel"": 24.68, ""pos"": 30.2, ""error"": 0.006073599999542267}], [{""pair"": [0, 11, 2, 12], ""acc"": 2.9, ""vel"": 24.76, ""pos"": 29.8, ""error"": 0.47392640000045816}]]",3
270.933,0.016999999999995907,1.349105,24.70299,30.573550532649843,1.3,24.7,30.6,1.3,65.66,30.6,1.3,24.7,30.6,-1.7511425197845738,26.339048085456074,13.579487303252453,-6.881947521959546,28.557526980185475,13.819568778360349,-1.4794989953909694,26.303725953253682,13.57208178572856,8.86237068654357,16.99406322939739,0.6452041537059645,-101.42347560048012,16.753981754289494,0.5866748113698422,8.742622534317334,17.001468746921283,0.6463521090941969,"[[3, 10, 0, 5], [0, 5, 2, 10], [0, 0, 0, 0], [0, 0, 0, 0], [0, 0, 0, 0], [0, 0, 0, 0], [0, 0, 0, 0], [0, 0, 0, 0], [0, 0, 0, 0], [0, 0, 0, 0], [0, 0, 0, 0], [0, 0, 0, 0], [0, 0, 0, 0], [0, 0, 0, 0], [0, 0, 0, 0], [0, 0, 0, 0]]",1,,1,0,1,"[3, 10, 0, 5]","[[[3, 10, 0, 5], [1.3, 24.7, 30.6], 0.0218478499998902], [[0, 5, 2, 10], [1.3, 24.7, 30.7], 0.08235215000009788]]","[[3, 10, 0, 5]]","[{""pair"": [3, 10, 0, 5], ""acc"": 1.3, ""vel"": 24.7, ""pos"": 30.6, ""error"": 0.0218478499998902}]","[[{""pair"": [3, 10, 0, 5], ""acc"": 1.3, ""vel"": 24.7, ""pos"": 30.6, ""error"": 0.0218478499998902}], [{""pair"": [0, 5, 2, 10], ""acc"": 1.3, ""vel"": 24.7, ""pos"": 30.7, ""error"": 0.08235215000009788}]]",3
270.95,0.016999999999995907,1.348565,24.725452,30.993696308322242,1.3,24.73,31.0,1.3,24.73,2079.0,1.3,24.73,31.0,-1.6194994856554779,26.309278662619743,14.02699808061099,8.0,28.44053387231219,14.304052295606462,-1.3537992404013084,26.278574470332043,14.019031339328931,8.66875560047313,16.96669822771125,0.6448940864280539,16.174745071114785,16.68964401271578,0.586825974774113,8.56476845908239,16.97466496899331,0.6459507530805124,"[[3, 6, 1, 8], [1, 6, 1, 8], [2, 6, 1, 8], [0, 0, 0, 0], [0, 0, 0, 0], [0, 0, 0, 0], [0, 0, 0, 0], [0, 0, 0, 0], [0, 0, 0, 0], [0, 0, 0, 0], [0, 0, 0, 0], [0, 0, 0, 0], [0, 0, 0, 0], [0, 0, 0, 0], [0, 0, 0, 0], [0, 0, 0, 0]]",1,,1,0,1,"[1, 6, 1, 8]","[[[3, 6, 1, 8], [1.3, 24.73, 440.6], 409.5878121500001], [[1, 6, 1, 8], [1.3, 24.73, 31.0], 0.027987849999906445], [[2, 6, 1, 8], [1.3, 24.73, 440.6], 409.5878121500001]]","[[1, 6, 1, 8]]","[{""pair"": [1, 6, 1, 8], ""acc"": 1.3, ""vel"": 24.73, ""pos"": 31.0, ""error"": 0.027987849999906445}]","[[{""pair"": [3, 6, 1, 8], ""acc"": 1.3, ""vel"": 24.73, ""pos"": 440.6, ""error"": 409.5878121500001}], [{""pair"": [1, 6, 1, 8], ""acc"": 1.3, ""vel"": 24.73, ""pos"": 31.0, ""error"": 0.027987849999906445}], [{""pair"": [2, 6, 1, 8], ""acc"": 1.3, ""vel"": 24.73, ""pos"": 440.6, ""error"": 409.5878121500001}]]",3
270.967,0.016000000000019554,1.348024,24.747904,31.41422385996464,1.3,24.75,31.400000000000002,1.3,24.75,31.4,1.3,24.75,31.4,-1.5041866781093112,26.281747171363605,14.474021800199742,7.382324167258646,28.576533872312158,14.788697371435653,-1.2443477630354716,26.255559883245226,14.46557148133423,8.513658115853787,16.9402020597649,0.6445614878383282,16.611140146943974,16.625526488528987,0.5817894697382274,8.42505128724178,16.94865237863041,0.645526222026827,"[[3, 5, 3, 10], [3, 5, 2, 10], [0, 0, 0, 0], [0, 0, 0, 0], [0, 0, 0, 0], [0, 0, 0, 0], [0, 0, 0, 0], [0, 0, 0, 0], [0, 0, 0, 0], [0, 0, 0, 0], [0, 0, 0, 0], [0, 0, 0, 0], [0, 0, 0, 0], [0, 0, 0, 0], [0, 0, 0, 0], [0, 0, 0, 0]]",1,,1,0,1,"[3, 5, 3, 10]","[[[3, 5, 3, 10], [1.3, 24.75, 31.4], 0.0049535999995420354], [[3, 5, 2, 10], [1.3, 24.75, 31.5], 0.10495359999954346]]","[[3, 5, 3, 10]]","[{""pair"": [3, 5, 3, 10], ""acc"": 1.3, ""vel"": 24.75, ""pos"": 31.4, ""error"": 0.0049535999995420354}]","[[{""pair"": [3, 5, 3, 10], ""acc"": 1.3, ""vel"": 24.75, ""pos"": 31.4, ""error"": 0.0049535999995420354}], [{""pair"": [3, 5, 2, 10], ""acc"": 1.3, ""vel"": 24.75, ""pos"": 31.5, ""error"": 0.10495359999954346}]]",3
270.983,0.016999999999995907,1.347429,24.770346,31.810362871037125,1.3,24.77,31.8,1.3,24.77,441.4,1.3,24.77,31.8,-1.3859409210329947,26.257680184513827,14.894337219047275,8.0,28.69465105898844,15.246866850886617,-1.132585092862531,26.235650319036633,14.885501162952998,8.37032231046451,16.916025651989848,0.6442315365683572,16.983846318217996,16.56349602015051,0.5772328782148437,8.295843010826598,16.924861708084126,0.6451092884022553,"[[3, 0, 3, 6], [3, 0, 1, 6], [3, 0, 2, 6], [3, 6, 0, 0], [3, 6, 2, 0], [0, 0, 1, 6], [0, 0, 2, 6], [2, 0, 1, 6], [2, 0, 2, 6], [0, 0, 0, 0], [0, 0, 0, 0], [0, 0, 0, 0], [0, 0, 0, 0], [0, 0, 0, 0], [0, 0, 0, 0], [0, 0, 0, 0]]",1,,1,0,1,"[3, 0, 1, 6]","[[[3, 0, 3, 6], [1.3, 24.77, 441.4], 409.58116215000007], [[3, 0, 1, 6], [1.3, 24.77, 31.8], 0.023037849999891336], [[3, 0, 2, 6], [1.3, 24.77, 441.4], 409.58116215000007], [[3, 6, 0, 0], [1.3, 23.49, 441.4], 410.8611621500001], [[3, 6, 2, 0], [1.3, 24.77, 441.4], 409.58116215000007], [[0, 0, 1, 6], [1.3, 23.49, 31.8], 1.3030378499998925], [[0, 0, 2, 6], [1.3, 23.49, 441.4], 410.8611621500001], [[2, 0, 1, 6], [1.3, 24.77, 31.8], 0.023037849999891336], [[2, 0, 2, 6], [1.3, 24.77, 441.4], 409.58116215000007]]","[[3, 0, 1, 6]]","[{""pair"": [3, 0, 1, 6], ""acc"": 1.3, ""vel"": 24.77, ""pos"": 31.8, ""error"": 0.023037849999891336}]","[[{""pair"": [3, 0, 3, 6], ""acc"": 1.3, ""vel"": 24.77, ""pos"": 441.4, ""error"": 409.58116215000007}], [{""pair"": [3, 0, 1, 6], ""acc"": 1.3, ""vel"": 24.77, ""pos"": 31.8, ""error"": 0.023037849999891336}], [{""pair"": [3, 0, 2, 6], ""acc"": 1.3, ""vel"": 24.77, ""pos"": 441.4, ""error"": 409.58116215000007}], [{""pair"": [3, 6, 0, 0], ""acc"": 1.3, ""vel"": 23.49, ""pos"": 441.4, ""error"": 410.8611621500001}], [{""pair"": [3, 6, 2, 0], ""acc"": 1.3, ""vel"": 24.77, ""pos"": 441.4, ""error"": 409.58116215000007}], [{""pair"": [0, 0, 1, 6], ""acc"": 1.3, ""vel"": 23.49, ""pos"": 31.8, ""error"": 1.3030378499998925}], [{""pair"": [0, 0, 2, 6], ""acc"": 1.3, ""vel"": 23.49, ""pos"": 441.4, ""error"": 410.8611621500001}], [{""pair"": [2, 0, 1, 6], ""acc"": 1.3, ""vel"": 24.77, ""pos"": 31.8, ""error"": 0.023037849999891336}], [{""pair"": [2, 0, 2, 6], ""acc"": 1.3, ""vel"": 24.77, ""pos"": 441.4, ""error"": 409.58116215000007}]]",3
271.0,0.016999999999995907,1.346656,24.792768,32.231653456527525,1.3,24.79,32.2,1.3,35.03,33.0,1.3,24.79,32.2,-1.2766484306806576,26.234119188856273,15.340517513720814,7.854530160461968,28.83065105898841,15.735831918889303,-1.030033549103009,26.216396372457975,15.331343559830595,8.228718769830435,16.891135942806713,0.6438613708053034,-20.86033861377933,16.49582153763822,0.5721626439821722,8.168848309610032,16.900309896696932,0.6446465660876185,"[[0, 3, 2, 13], [2, 3, 2, 13], [0, 0, 0, 0], [0, 0, 0, 0], [0, 0, 0, 0], [0, 0, 0, 0], [0, 0, 0, 0], [0, 0, 0, 0], [0, 0, 0, 0], [0, 0, 0, 0], [0, 0, 0, 0], [0, 0, 0, 0], [0, 0, 0, 0], [0, 0, 0, 0], [0, 0, 0, 0], [0, 0, 0, 0]]",1,,1,0,1,"[0, 3, 2, 13]","[[[0, 3, 2, 13], [1.3, 24.79, 32.2], 0.023377849999892675], [[2, 3, 2, 13], [1.3, 35.03, 32.2], 10.259177849999904]]","[[0, 3, 2, 13]]","[{""pair"": [0, 3, 2, 13], ""acc"": 1.3, ""vel"": 24.79, ""pos"": 32.2, ""error"": 0.023377849999892675}]","[[{""pair"": [0, 3, 2, 13], ""acc"": 1.3, ""vel"": 24.79, ""pos"": 32.2, ""error"": 0.023377849999892675}], [{""pair"": [2, 3, 2, 13], ""acc"": 1.3, ""vel"": 35.03, ""pos"": 32.2, ""error"": 10.259177849999904}]]",3
271.017,0.016000000000019554,1.345061,24.815149,32.65332510431942,1.3,24.82,32.7,2.9,24.83,32.7,2.9,24.82,32.5,-1.1653149407096945,26.212416165534705,15.78631306423303,-8.0,28.96417807171623,16.227087966500175,-0.9156738228983244,26.19888580212323,15.776873458314427,8.062389193752539,16.867012040086394,0.6434741434581647,17.796087267802086,16.426237137819246,0.567122502048819,8.016714659755703,16.876451646004995,0.6441667700478041,"[[3, 9, 3, 11], [3, 9, 0, 11], [3, 9, 2, 11], [3, 11, 0, 9], [3, 11, 1, 9], [0, 9, 0, 11], [0, 9, 2, 11], [1, 9, 0, 11], [1, 9, 2, 11], [0, 0, 0, 0], [0, 0, 0, 0], [0, 0, 0, 0], [0, 0, 0, 0], [0, 0, 0, 0], [0, 0, 0, 0], [0, 0, 0, 0]]",1,,1,0,1,"[1, 9, 2, 11]","[[[3, 9, 3, 11], [2.9, 24.83, 32.7], 0.12239359999948718], [[3, 9, 0, 11], [1.3, 24.83, 32.7], 0.12239359999948718], [[3, 9, 2, 11], [2.9, 24.83, 32.5], 0.1160064000004617], [[3, 11, 0, 9], [2.5, 24.83, 32.7], 0.12239359999948718], [[3, 11, 1, 9], [2.9, 24.82, 32.7], 0.11239359999948917], [[0, 9, 0, 11], [0.9, 24.83, 32.7], 0.12239359999948718], [[0, 9, 2, 11], [2.5, 24.83, 32.5], 0.1160064000004617], [[1, 9, 0, 11], [1.3, 24.82, 32.7], 0.11239359999948917], [[1, 9, 2, 11], [2.9, 24.82, 32.5], 0.10600640000046369]]","[[1, 9, 2, 11]]","[{""pair"": [1, 9, 2, 11], ""acc"": 2.9, ""vel"": 24.82, ""pos"": 32.5, ""error"": 0.10600640000046369}]","[[{""pair"": [3, 9, 3, 11], ""acc"": 2.9, ""vel"": 24.83, ""pos"": 32.7, ""error"": 0.12239359999948718}], [{""pair"": [3, 9, 0, 11], ""acc"": 1.3, ""vel"": 24.83, ""pos"": 32.7, ""error"": 0.12239359999948718}], [{""pair"": [3, 9, 2, 11], ""acc"": 2.9, ""vel"": 24.83, ""pos"": 32.5, ""error"": 0.1160064000004617}], [{""pair"": [3, 11, 0, 9], ""acc"": 2.5, ""vel"": 24.83, ""pos"": 32.7, ""error"": 0.12239359999948718}], [{""pair"": [3, 11, 1, 9], ""acc"": 2.9, ""vel"": 24.82, ""pos"": 32.7, ""error"": 0.11239359999948917}], [{""pair"": [0, 9, 0, 11], ""acc"": 0.9, ""vel"": 24.83, ""pos"": 32.7, ""error"": 0.12239359999948718}], [{""pair"": [0, 9, 2, 11], ""acc"": 2.5, ""vel"": 24.83, ""pos"": 32.5, ""error"": 0.1160064000004617}], [{""pair"": [1, 9, 0, 11], ""acc"": 1.3, ""vel"": 24.82, ""pos"": 32.7, ""error"": 0.11239359999948917}], [{""pair"": [1, 9, 2, 11], ""acc"": 2.9, ""vel"": 24.82, ""pos"": 32.5, ""error"": 0.10600640000046369}]]",3
271.033,0.016999999999995907,1.342604,24.837479,33.05053965612791,1.3,24.84,33.1,1.2,24.84,135.5,1.3,24.84,33.1,-1.051688476558644,26.193771126483327,16.205562562569686,8.0,28.836178071716073,16.6894908156482,-0.809677590758171,26.184235020956837,16.19593842489958,7.937379976810316,16.844977093558224,0.6430909475469546,17.28984066865404,16.36104884047971,0.5673792414441852,7.905208729139591,16.85460123122833,0.6436927111958232,"[[3, 4, 3, 7], [3, 4, 0, 7], [3, 4, 1, 7], [3, 4, 2, 7], [3, 7, 0, 4], [3, 7, 1, 4], [0, 4, 0, 7], [0, 4, 1, 7], [0, 4, 2, 7], [1, 4, 0, 7], [1, 4, 1, 7], [1, 4, 2, 7], [0, 0, 0, 0], [0, 0, 0, 0], [0, 0, 0, 0], [0, 0, 0, 0]]",1,,1,0,1,"[1, 4, 0, 7]","[[[3, 4, 3, 7], [1.2, 24.84, 135.5], 102.6069409500001], [[3, 4, 0, 7], [1.3, 24.84, 135.5], 102.6069409500001], [[3, 4, 1, 7], [1.2, 24.84, 954.7], 921.8069409500002], [[3, 4, 2, 7], [1.2, 24.84, 135.5], 102.6069409500001], [[3, 7, 0, 4], [1.2, 4.36, 135.5], 123.0869409500001], [[3, 7, 1, 4], [1.2, 24.84, 33.1], 0.20694095000009227], [[0, 4, 0, 7], [1.3, 4.36, 135.5], 123.0869409500001], [[0, 4, 1, 7], [1.2, 4.36, 954.7], 942.2869409500001], [[0, 4, 2, 7], [1.2, 4.36, 135.5], 123.0869409500001], [[1, 4, 0, 7], [1.3, 24.84, 33.1], 0.20694095000009227], [[1, 4, 1, 7], [1.2, 24.84, 852.3], 819.4069409500001], [[1, 4, 2, 7], [1.2, 24.84, 33.1], 0.20694095000009227]]","[[1, 4, 0, 7]]","[{""pair"": [1, 4, 0, 7], ""acc"": 1.3, ""vel"": 24.84, ""pos"": 33.1, ""error"": 0.20694095000009227}]","[[{""pair"": [3, 4, 3, 7], ""acc"": 1.2, ""vel"": 24.84, ""pos"": 135.5, ""error"": 102.6069409500001}], [{""pair"": [3, 4, 0, 7], ""acc"": 1.3, ""vel"": 24.84, ""pos"": 135.5, ""error"": 102.6069409500001}], [{""pair"": [3, 4, 1, 7], ""acc"": 1.2, ""vel"": 24.84, ""pos"": 954.7, ""error"": 921.8069409500002}], [{""pair"": [3, 4, 2, 7], ""acc"": 1.2, ""vel"": 24.84, ""pos"": 135.5, ""error"": 102.6069409500001}], [{""pair"": [3, 7, 0, 4], ""acc"": 1.2, ""vel"": 4.36, ""pos"": 135.5, ""error"": 123.0869409500001}], [{""pair"": [3, 7, 1, 4], ""acc"": 1.2, ""vel"": 24.84, ""pos"": 33.1, ""error"": 0.20694095000009227}], [{""pair"": [0, 4, 0, 7], ""acc"": 1.3, ""vel"": 4.36, ""pos"": 135.5, ""error"": 123.0869409500001}], [{""pair"": [0, 4, 1, 7], ""acc"": 1.2, ""vel"": 4.36, ""pos"": 954.7, ""error"": 942.2869409500001}], [{""pair"": [0, 4, 2, 7], ""acc"": 1.2, ""vel"": 4.36, ""pos"": 135.5, ""error"": 123.0869409500001}], [{""pair"": [1, 4, 0, 7], ""acc"": 1.3, ""vel"": 24.84, ""pos"": 33.1, ""error"": 0.20694095000009227}], [{""pair"": [1, 4, 1, 7], ""acc"": 1.2, ""vel"": 24.84, ""pos"": 852.3, ""error"": 819.4069409500001}], [{""pair"": [1, 4, 2, 7], ""acc"": 1.2, ""vel"": 24.84, ""pos"": 33.1, ""error"": 0.20694095000009227}]]",3
271.05,0.016999999999995907,1.339491,24.859745,33.47297080540581,1.3,24.86,33.5,1.3,24.8,33.5,1.3,24.86,33.5,-0.9474199457534354,26.175892422381835,16.65070470273493,-8.0,28.97217807171604,17.18086184286725,-0.7132584346342632,26.17047050191395,16.640953421843875,7.814948248994861,16.822266102670877,0.6426625626061524,17.91891169587309,16.292108962538556,0.5623363532493145,7.796667443413163,16.832017383561933,0.6431683137806384,"[[3, 10, 3, 11], [3, 10, 0, 11], [3, 10, 1, 11], [3, 11, 1, 10], [0, 10, 0, 12], [0, 10, 1, 12], [2, 10, 0, 12], [2, 10, 1, 12], [1, 10, 0, 11], [1, 10, 1, 11], [0, 0, 0, 0], [0, 0, 0, 0], [0, 0, 0, 0], [0, 0, 0, 0], [0, 0, 0, 0], [0, 0, 0, 0]]",1,,1,0,1,"[1, 10, 1, 11]","[[[3, 10, 3, 11], [1.3, 24.8, 33.5], 0.08456784999989964], [[3, 10, 0, 11], [2.9, 24.8, 33.5], 0.08456784999989964], [[3, 10, 1, 11], [1.3, 24.84, 33.5], 0.04456784999990049], [[3, 11, 1, 10], [1.3, 24.82, 33.5], 0.06456784999990006], [[0, 10, 0, 12], [3.7, 24.8, 33.5], 0.08456784999989964], [[0, 10, 1, 12], [0.5, 24.88, 33.5], 0.04036784999991028], [[2, 10, 0, 12], [4.5, 24.8, 33.4], 0.18456784999990106], [[2, 10, 1, 12], [1.3, 24.88, 33.4], 0.1403678499999117], [[1, 10, 0, 11], [2.9, 24.82, 33.5], 0.06456784999990006], [[1, 10, 1, 11], [1.3, 24.86, 33.5], 0.024567849999900915]]","[[1, 10, 1, 11]]","[{""pair"": [1, 10, 1, 11], ""acc"": 1.3, ""vel"": 24.86, ""pos"": 33.5, ""error"": 0.024567849999900915}]","[[{""pair"": [3, 10, 3, 11], ""acc"": 1.3, ""vel"": 24.8, ""pos"": 33.5, ""error"": 0.08456784999989964}], [{""pair"": [3, 10, 0, 11], ""acc"": 2.9, ""vel"": 24.8, ""pos"": 33.5, ""error"": 0.08456784999989964}], [{""pair"": [3, 10, 1, 11], ""acc"": 1.3, ""vel"": 24.84, ""pos"": 33.5, ""error"": 0.04456784999990049}], [{""pair"": [3, 11, 1, 10], ""acc"": 1.3, ""vel"": 24.82, ""pos"": 33.5, ""error"": 0.06456784999990006}], [{""pair"": [0, 10, 0, 12], ""acc"": 3.7, ""vel"": 24.8, ""pos"": 33.5, ""error"": 0.08456784999989964}], [{""pair"": [0, 10, 1, 12], ""acc"": 0.5, ""vel"": 24.88, ""pos"": 33.5, ""error"": 0.04036784999991028}], [{""pair"": [2, 10, 0, 12], ""acc"": 4.5, ""vel"": 24.8, ""pos"": 33.4, ""error"": 0.18456784999990106}], [{""pair"": [2, 10, 1, 12], ""acc"": 1.3, ""vel"": 24.88, ""pos"": 33.4, ""error"": 0.1403678499999117}], [{""pair"": [1, 10, 0, 11], ""acc"": 2.9, ""vel"": 24.82, ""pos"": 33.5, ""error"": 0.06456784999990006}], [{""pair"": [1, 10, 1, 11], ""acc"": 1.3, ""vel"": 24.86, ""pos"": 33.5, ""error"": 0.024567849999900915}]]",3
271.067,0.016000000000019554,1.335041,24.883308,33.895780026855206,1.3,24.88,33.9,1.3,24.88,8.3,1.3,24.88,33.9,-0.8579001625182491,26.15978628330403,17.095557971733154,-8.0,28.836178071716073,17.672232870086308,-0.6313177519473129,26.15834510852517,17.085748354532498,7.698479777589263,16.800222055122052,0.6422155698513663,17.165540668654042,16.2235471567689,0.5626108673771072,7.693623186896447,16.810031672322708,0.6426259613359184,"[[0, 2, 2, 8], [1, 2, 2, 8], [2, 2, 2, 8], [0, 0, 0, 0], [0, 0, 0, 0], [0, 0, 0, 0], [0, 0, 0, 0], [0, 0, 0, 0], [0, 0, 0, 0], [0, 0, 0, 0], [0, 0, 0, 0], [0, 0, 0, 0], [0, 0, 0, 0], [0, 0, 0, 0], [0, 0, 0, 0], [0, 0, 0, 0]]",1,,1,0,1,"[1, 2, 2, 8]","[[[0, 2, 2, 8], [1.3, 30.0, 8.3], 30.71712640000046], [[1, 2, 2, 8], [1.3, 24.88, 33.9], 0.002873599999539067], [[2, 2, 2, 8], [1.3, 24.88, 8.3], 25.598726400000512]]","[[1, 2, 2, 8]]","[{""pair"": [1, 2, 2, 8], ""acc"": 1.3, ""vel"": 24.88, ""pos"": 33.9, ""error"": 0.002873599999539067}]","[[{""pair"": [0, 2, 2, 8], ""acc"": 1.3, ""vel"": 30.0, ""pos"": 8.3, ""error"": 30.71712640000046}], [{""pair"": [1, 2, 2, 8], ""acc"": 1.3, ""vel"": 24.88, ""pos"": 33.9, ""error"": 0.002873599999539067}], [{""pair"": [2, 2, 2, 8], ""acc"": 1.3, ""vel"": 24.88, ""pos"": 8.3, ""error"": 25.598726400000512}]]",3
271.083,0.016999999999995907,1.335396,24.904278,34.294083840103696,1.3,24.900000000000002,34.300000000000004,4.5,24.9,853.5,1.3,24.9,34.3,-0.7670605280118967,26.14605988070372,17.514004741045728,8.0,28.708178071715917,18.132587719234326,-0.5487081125574994,26.148244024494,17.504201067597165,7.590008943404405,16.780079099057968,0.6417823249705773,16.63016081950601,16.16149612086937,0.5629579167474971,7.597366000229798,16.78988277250653,0.6421036440067961,"[[0, 7, 0, 12], [0, 7, 1, 12], [0, 7, 2, 12], [1, 7, 0, 12], [1, 7, 1, 12], [1, 7, 2, 12], [0, 0, 0, 0], [0, 0, 0, 0], [0, 0, 0, 0], [0, 0, 0, 0], [0, 0, 0, 0], [0, 0, 0, 0], [0, 0, 0, 0], [0, 0, 0, 0], [0, 0, 0, 0], [0, 0, 0, 0]]",1,,1,0,1,"[1, 7, 0, 12]","[[[0, 7, 0, 12], [1.2, 24.9, 853.5], 819.1789521500001], [[0, 7, 1, 12], [4.4, 24.82, 853.5], 819.25895215], [[0, 7, 2, 12], [4.4, 24.9, 853.1], 818.7789521500001], [[1, 7, 0, 12], [1.3, 24.9, 34.3], 0.025247849999896488], [[1, 7, 1, 12], [4.5, 24.82, 34.3], 0.10524784999989478], [[1, 7, 2, 12], [4.5, 24.9, 33.9], 0.42524784999989507]]","[[1, 7, 0, 12]]","[{""pair"": [1, 7, 0, 12], ""acc"": 1.3, ""vel"": 24.9, ""pos"": 34.3, ""error"": 0.025247849999896488}]","[[{""pair"": [0, 7, 0, 12], ""acc"": 1.2, ""vel"": 24.9, ""pos"": 853.5, ""error"": 819.1789521500001}], [{""pair"": [0, 7, 1, 12], ""acc"": 4.4, ""vel"": 24.82, ""pos"": 853.5, ""error"": 819.25895215}], [{""pair"": [0, 7, 2, 12], ""acc"": 4.4, ""vel"": 24.9, ""pos"": 853.1, ""error"": 818.7789521500001}], [{""pair"": [1, 7, 0, 12], ""acc"": 1.3, ""vel"": 24.9, ""pos"": 34.3, ""error"": 0.025247849999896488}], [{""pair"": [1, 7, 1, 12], ""acc"": 4.5, ""vel"": 24.82, ""pos"": 34.3, ""error"": 0.10524784999989478}], [{""pair"": [1, 7, 2, 12], ""acc"": 4.5, ""vel"": 24.9, ""pos"": 33.9, ""error"": 0.42524784999989507}]]",3
271.1,0.016999999999995907,1.374094,24.92803,34.7176495308256,1.4000000000000001,24.93,34.7,1.4,24.93,34.7,1.4,24.93,34.7,-0.6819161768070414,26.13301985172752,17.958376918771286,-8.0,28.844178071715884,18.621782746453377,-0.4719660858110366,26.138915986580525,17.94864192769119,7.452666145846797,16.75927261205431,0.6413063896611413,17.03952459672505,16.09586678437222,0.5580282698419323,7.472518408252735,16.769007603134405,0.6415341635339222,"[[3, 7, 3, 8], [3, 7, 1, 8], [3, 7, 2, 8], [3, 8, 2, 7], [0, 6, 1, 6], [1, 6, 0, 6], [2, 7, 1, 8], [2, 7, 2, 8], [0, 0, 0, 0], [0, 0, 0, 0], [0, 0, 0, 0], [0, 0, 0, 0], [0, 0, 0, 0], [0, 0, 0, 0], [0, 0, 0, 0], [0, 0, 0, 0]]",1,,1,0,1,"[3, 7, 3, 8]","[[[3, 7, 3, 8], [1.4, 24.93, 34.7], 0.03138784999990207], [[3, 7, 1, 8], [1.4, 24.93, 1673.1], 1638.3844121500001], [[3, 7, 2, 8], [1.4, 24.93, 34.7], 0.03138784999990207], [[3, 8, 2, 7], [1.4, 24.93, 34.7], 0.03138784999990207], [[0, 6, 1, 6], [1.4, 106.85, 444.3], 491.5044121500001], [[1, 6, 0, 6], [1.4, 106.85, 444.3], 491.5044121500001], [[2, 7, 1, 8], [1.4, 24.93, 1673.1], 1638.3844121500001], [[2, 7, 2, 8], [1.4, 24.93, 34.7], 0.03138784999990207]]","[[3, 7, 3, 8]]","[{""pair"": [3, 7, 3, 8], ""acc"": 1.4, ""vel"": 24.93, ""pos"": 34.7, ""error"": 0.03138784999990207}]","[[{""pair"": [3, 7, 3, 8], ""acc"": 1.4, ""vel"": 24.93, ""pos"": 34.7, ""error"": 0.03138784999990207}], [{""pair"": [3, 7, 1, 8], ""acc"": 1.4, ""vel"": 24.93, ""pos"": 1673.1, ""error"": 1638.3844121500001}], [{""pair"": [3, 7, 2, 8], ""acc"": 1.4, ""vel"": 24.93, ""pos"": 34.7, ""error"": 0.03138784999990207}], [{""pair"": [3, 8, 2, 7], ""acc"": 1.4, ""vel"": 24.93, ""pos"": 34.7, ""error"": 0.03138784999990207}], [{""pair"": [0, 6, 1, 6], ""acc"": 1.4, ""vel"": 106.85, ""pos"": 444.3, ""error"": 491.5044121500001}], [{""pair"": [1, 6, 0, 6], ""acc"": 1.4, ""vel"": 106.85, ""pos"": 444.3, ""error"": 491.5044121500001}], [{""pair"": [2, 7, 1, 8], ""acc"": 1.4, ""vel"": 24.93, ""pos"": 1673.1, ""error"": 1638.3844121500001}], [{""pair"": [2, 7, 2, 8], ""acc"": 1.4, ""vel"": 24.93, ""pos"": 34.7, ""error"": 0.03138784999990207}]]",3
271.117,0.01599999999996271,1.46082,24.953747,35.141624597408494,1.5,24.95,35.1,1.5,24.95,35.1,1.5,24.95,35.1,-0.6074618444517071,26.121427276721803,18.402539719363,-8.0,28.708178071715917,19.11097777367243,-0.4055667453635102,26.13089256312174,18.392935300363554,7.351296663488798,16.739084878045496,0.6408181567077916,16.474379569506006,16.030646823736063,0.5584000065657213,7.383154640400372,16.74868929704494,0.6409535861274862,"[[3, 1, 3, 6], [3, 1, 0, 6], [3, 1, 1, 6], [3, 6, 0, 1], [3, 6, 2, 1], [0, 1, 0, 6], [0, 1, 1, 6], [2, 1, 0, 6], [2, 1, 1, 6], [0, 0, 0, 0], [0, 0, 0, 0], [0, 0, 0, 0], [0, 0, 0, 0], [0, 0, 0, 0], [0, 0, 0, 0], [0, 0, 0, 0]]",1,,1,0,1,"[3, 1, 3, 6]","[[[3, 1, 3, 6], [1.5, 24.95, 35.1], 0.0033408000008812166], [[3, 1, 0, 6], [1.5, 106.87, 35.1], 81.91854080000098], [[3, 1, 1, 6], [1.5, 24.95, 444.7], 409.60334080000086], [[3, 6, 0, 1], [1.5, 22.39, 35.1], 2.56334080000088], [[3, 6, 2, 1], [1.5, 24.95, 35.1], 0.0033408000008812166], [[0, 1, 0, 6], [1.5, 104.31, 35.1], 79.35854080000098], [[0, 1, 1, 6], [1.5, 22.39, 444.7], 412.16334080000087], [[2, 1, 0, 6], [1.5, 106.87, 35.1], 81.91854080000098], [[2, 1, 1, 6], [1.5, 24.95, 444.7], 409.60334080000086]]","[[3, 1, 3, 6]]","[{""pair"": [3, 1, 3, 6], ""acc"": 1.5, ""vel"": 24.95, ""pos"": 35.1, ""error"": 0.0033408000008812166}]","[[{""pair"": [3, 1, 3, 6], ""acc"": 1.5, ""vel"": 24.95, ""pos"": 35.1, ""error"": 0.0033408000008812166}], [{""pair"": [3, 1, 0, 6], ""acc"": 1.5, ""vel"": 106.87, ""pos"": 35.1, ""error"": 81.91854080000098}], [{""pair"": [3, 1, 1, 6], ""acc"": 1.5, ""vel"": 24.95, ""pos"": 444.7, ""error"": 409.60334080000086}], [{""pair"": [3, 6, 0, 1], ""acc"": 1.5, ""vel"": 22.39, ""pos"": 35.1, ""error"": 2.56334080000088}], [{""pair"": [3, 6, 2, 1], ""acc"": 1.5, ""vel"": 24.95, ""pos"": 35.1, ""error"": 0.0033408000008812166}], [{""pair"": [0, 1, 0, 6], ""acc"": 1.5, ""vel"": 104.31, ""pos"": 35.1, ""error"": 79.35854080000098}], [{""pair"": [0, 1, 1, 6], ""acc"": 1.5, ""vel"": 22.39, ""pos"": 444.7, ""error"": 412.16334080000087}], [{""pair"": [2, 1, 0, 6], ""acc"": 1.5, ""vel"": 106.87, ""pos"": 35.1, ""error"": 81.91854080000098}], [{""pair"": [2, 1, 1, 6], ""acc"": 1.5, ""vel"": 24.95, ""pos"": 444.7, ""error"": 409.60334080000086}]]",3
271.133,0.016999999999995907,1.54665,24.980507,35.54107153436756,1.5,24.98,35.5,1.5,24.98,36.3,1.5,24.98,35.5,-0.5320180990569712,26.1117078872106,18.820404800673487,-7.9407880286638335,28.580178071716215,19.56928462281882,-0.3388138248577525,26.12440349519594,18.81097766882912,7.224976337909572,16.720666733694074,0.6403513246210825,15.909653970359644,15.97178691154874,0.5588414064975645,7.267693973257457,16.73009386553844,0.640400990155238,"[[3, 7, 3, 13], [3, 7, 2, 13], [3, 13, 0, 7], [0, 7, 2, 13], [0, 0, 0, 0], [0, 0, 0, 0], [0, 0, 0, 0], [0, 0, 0, 0], [0, 0, 0, 0], [0, 0, 0, 0], [0, 0, 0, 0], [0, 0, 0, 0], [0, 0, 0, 0], [0, 0, 0, 0], [0, 0, 0, 0], [0, 0, 0, 0]]",1,,1,0,1,"[3, 7, 2, 13]","[[[3, 7, 3, 13], [1.5, 24.98, 36.3], 0.7801332500001052], [[3, 7, 2, 13], [1.5, 24.98, 35.5], 0.02886674999990646], [[3, 13, 0, 7], [1.4, 24.98, 36.3], 0.7801332500001052], [[0, 7, 2, 13], [1.4, 24.98, 35.5], 0.02886674999990646]]","[[3, 7, 2, 13]]","[{""pair"": [3, 7, 2, 13], ""acc"": 1.5, ""vel"": 24.98, ""pos"": 35.5, ""error"": 0.02886674999990646}]","[[{""pair"": [3, 7, 3, 13], ""acc"": 1.5, ""vel"": 24.98, ""pos"": 36.3, ""error"": 0.7801332500001052}], [{""pair"": [3, 7, 2, 13], ""acc"": 1.5, ""vel"": 24.98, ""pos"": 35.5, ""error"": 0.02886674999990646}], [{""pair"": [3, 13, 0, 7], ""acc"": 1.4, ""vel"": 24.98, ""pos"": 36.3, ""error"": 0.7801332500001052}], [{""pair"": [0, 7, 2, 13], ""acc"": 1.4, ""vel"": 24.98, ""pos"": 35.5, ""error"": 0.02886674999990646}]]",3
271.15,0.016999999999995907,1.580608,25.006914,35.96596364429246,1.6,25.01,36.0,1.6,25.01,445.6,1.6,25.01,36.0,-0.44472913007669734,26.102663579526634,19.264226958140647,8.0,28.445184675228962,20.054000206167736,-0.2603400201510945,26.11864366017336,19.255043569649654,7.1008254795742936,16.70173668615181,0.6398479846804467,15.321295418015424,15.911963438124722,0.5593904071918859,7.154579781461955,16.710920074642804,0.6398081114803145,"[[3, 0, 3, 6], [3, 0, 1, 6], [3, 0, 2, 6], [3, 6, 2, 0], [2, 0, 1, 6], [2, 0, 2, 6], [0, 0, 0, 0], [0, 0, 0, 0], [0, 0, 0, 0], [0, 0, 0, 0], [0, 0, 0, 0], [0, 0, 0, 0], [0, 0, 0, 0], [0, 0, 0, 0], [0, 0, 0, 0], [0, 0, 0, 0]]",1,,1,0,1,"[3, 0, 1, 6]","[[[3, 0, 3, 6], [1.6, 25.01, 445.6], 409.67962325000013], [[3, 0, 1, 6], [1.6, 25.01, 36.0], 0.07962325000011106], [[3, 0, 2, 6], [1.6, 25.01, 445.6], 409.67962325000013], [[3, 6, 2, 0], [1.6, 25.01, 445.6], 409.67962325000013], [[2, 0, 1, 6], [1.6, 25.01, 36.0], 0.07962325000011106], [[2, 0, 2, 6], [1.6, 25.01, 445.6], 409.67962325000013]]","[[3, 0, 1, 6]]","[{""pair"": [3, 0, 1, 6], ""acc"": 1.6, ""vel"": 25.01, ""pos"": 36.0, ""error"": 0.07962325000011106}]","[[{""pair"": [3, 0, 3, 6], ""acc"": 1.6, ""vel"": 25.01, ""pos"": 445.6, ""error"": 409.67962325000013}], [{""pair"": [3, 0, 1, 6], ""acc"": 1.6, ""vel"": 25.01, ""pos"": 36.0, ""error"": 0.07962325000011106}], [{""pair"": [3, 0, 2, 6], ""acc"": 1.6, ""vel"": 25.01, ""pos"": 445.6, ""error"": 409.67962325000013}], [{""pair"": [3, 6, 2, 0], ""acc"": 1.6, ""vel"": 25.01, ""pos"": 445.6, ""error"": 409.67962325000013}], [{""pair"": [2, 0, 1, 6], ""acc"": 1.6, ""vel"": 25.01, ""pos"": 36.0, ""error"": 0.07962325000011106}], [{""pair"": [2, 0, 2, 6], ""acc"": 1.6, ""vel"": 25.01, ""pos"": 445.6, ""error"": 409.67962325000013}]]",3
271.167,0.016000000000019554,1.553277,25.032084,36.39130958014835,1.6,25.03,36.4,1.6,25.19,36.4,1.6,25.03,36.4,-0.37142509441990934,26.09510318431533,19.707907975633198,7.284662137202001,28.58118467522893,20.53872434564651,-0.19543418037498278,26.11421787983079,19.699022892739585,7.01285470593554,16.683401604515154,0.6393307390538637,15.254869557494203,15.852585234501841,0.554651090031308,7.077139005187714,16.692286687408767,0.6392030105677026,"[[3, 12, 3, 13], [3, 12, 1, 13], [3, 12, 2, 13], [3, 13, 0, 12], [3, 13, 1, 12], [3, 11, 0, 11], [3, 11, 1, 11], [0, 11, 1, 11], [1, 11, 0, 11], [0, 12, 1, 13], [0, 12, 2, 13], [1, 12, 1, 13], [1, 12, 2, 13], [0, 0, 0, 0], [0, 0, 0, 0], [0, 0, 0, 0]]",1,,1,0,1,"[3, 12, 1, 13]","[[[3, 12, 3, 13], [1.6, 25.19, 36.4], 0.15476480000045711], [[3, 12, 1, 13], [1.6, 25.03, 36.4], 0.0059648000005232404], [[3, 12, 2, 13], [1.6, 25.19, 35.6], 0.9547648000004543], [[3, 13, 0, 12], [4.8, 25.19, 36.4], 0.15476480000045711], [[3, 13, 1, 12], [1.6, 25.27, 36.4], 0.2347648000004554], [[3, 11, 0, 11], [0.0, 25.19, 36.4], 0.15476480000045711], [[3, 11, 1, 11], [1.6, 25.15, 36.4], 0.11476480000045441], [[0, 11, 1, 11], [0.0, 25.15, 36.4], 0.11476480000045441], [[1, 11, 0, 11], [0.0, 25.15, 36.4], 0.11476480000045441], [[0, 12, 1, 13], [4.8, 25.03, 36.4], 0.0059648000005232404], [[0, 12, 2, 13], [4.8, 25.19, 35.6], 0.9547648000004543], [[1, 12, 1, 13], [1.6, 25.11, 36.4], 0.07476480000045527], [[1, 12, 2, 13], [1.6, 25.27, 35.6], 1.0347648000004526]]","[[3, 12, 1, 13]]","[{""pair"": [3, 12, 1, 13], ""acc"": 1.6, ""vel"": 25.03, ""pos"": 36.4, ""error"": 0.0059648000005232404}]","[[{""pair"": [3, 12, 3, 13], ""acc"": 1.6, ""vel"": 25.19, ""pos"": 36.4, ""error"": 0.15476480000045711}], [{""pair"": [3, 12, 1, 13], ""acc"": 1.6, ""vel"": 25.03, ""pos"": 36.4, ""error"": 0.0059648000005232404}], [{""pair"": [3, 12, 2, 13], ""acc"": 1.6, ""vel"": 25.19, ""pos"": 35.6, ""error"": 0.9547648000004543}], [{""pair"": [3, 13, 0, 12], ""acc"": 4.8, ""vel"": 25.19, ""pos"": 36.4, ""error"": 0.15476480000045711}], [{""pair"": [3, 13, 1, 12], ""acc"": 1.6, ""vel"": 25.27, ""pos"": 36.4, ""error"": 0.2347648000004554}], [{""pair"": [3, 11, 0, 11], ""acc"": 0.0, ""vel"": 25.19, ""pos"": 36.4, ""error"": 0.15476480000045711}], [{""pair"": [3, 11, 1, 11], ""acc"": 1.6, ""vel"": 25.15, ""pos"": 36.4, ""error"": 0.11476480000045441}], [{""pair"": [0, 11, 1, 11], ""acc"": 0.0, ""vel"": 25.15, ""pos"": 36.4, ""error"": 0.11476480000045441}], [{""pair"": [1, 11, 0, 11], ""acc"": 0.0, ""vel"": 25.15, ""pos"": 36.4, ""error"": 0.11476480000045441}], [{""pair"": [0, 12, 1, 13], ""acc"": 4.8, ""vel"": 25.03, ""pos"": 36.4, ""error"": 0.0059648000005232404}], [{""pair"": [0, 12, 2, 13], ""acc"": 4.8, ""vel"": 25.19, ""pos"": 35.6, ""error"": 0.9547648000004543}], [{""pair"": [1, 12, 1, 13], ""acc"": 1.6, ""vel"": 25.11, ""pos"": 36.4, ""error"": 0.07476480000045527}], [{""pair"": [1, 12, 2, 13], ""acc"": 1.6, ""vel"": 25.27, ""pos"": 35.6, ""error"": 1.0347648000004526}]]",3
271.183,0.016999999999995907,1.488364,25.055828,36.79202174360484,1.5,25.060000000000002,36.800000000000004,1.5,23.78,37.0,1.5,25.06,36.8,-0.30041093011685205,26.089160382804604,20.125382084170667,-8.0,28.697739269424304,20.9969557372043,-0.13343013897387312,26.111090932944787,20.116825363242302,6.89895913076178,16.666639659434175,0.6388338840685412,19.999263875433535,15.795066006400543,0.5503940870781143,6.972700950076449,16.67519638036254,0.6386250357438407,"[[0, 0, 2, 11], [0, 0, 0, 0], [0, 0, 0, 0], [0, 0, 0, 0], [0, 0, 0, 0], [0, 0, 0, 0], [0, 0, 0, 0], [0, 0, 0, 0], [0, 0, 0, 0], [0, 0, 0, 0], [0, 0, 0, 0], [0, 0, 0, 0], [0, 0, 0, 0], [0, 0, 0, 0], [0, 0, 0, 0], [0, 0, 0, 0]]",1,,1,0,1,"[0, 0, 2, 11]","[[[0, 0, 2, 11], [1.5, 25.06, 36.8], 0.028541199999903455]]","[[0, 0, 2, 11]]","[{""pair"": [0, 0, 2, 11], ""acc"": 1.5, ""vel"": 25.06, ""pos"": 36.8, ""error"": 0.028541199999903455}]","[[{""pair"": [0, 0, 2, 11], ""acc"": 1.5, ""vel"": 25.06, ""pos"": 36.8, ""error"": 0.028541199999903455}]]",3
271.2,0.016999999999995907,1.414332,25.078363,37.21818588820274,1.4000000000000001,25.080000000000002,37.2,1.5,25.08,37.2,1.5,25.08,37.2,-0.24121453792176833,26.08405339699262,20.568854401298836,-8.0,28.561739269424336,21.4836613047844,-0.08051493172616125,26.10882262058223,20.560694628447177,6.819120440771892,16.649331486903904,0.6382954072936955,15.529083307853456,15.734524583418342,0.55089518306269,6.90239592662238,16.657491259755563,0.6380023910624009,"[[3, 7, 3, 13], [3, 13, 0, 7], [0, 0, 0, 0], [0, 0, 0, 0], [0, 0, 0, 0], [0, 0, 0, 0], [0, 0, 0, 0], [0, 0, 0, 0], [0, 0, 0, 0], [0, 0, 0, 0], [0, 0, 0, 0], [0, 0, 0, 0], [0, 0, 0, 0], [0, 0, 0, 0], [0, 0, 0, 0], [0, 0, 0, 0]]",1,,1,0,1,"[3, 7, 3, 13]","[[[3, 7, 3, 13], [1.5, 25.08, 37.2], 0.031736749999883074], [[3, 13, 0, 7], [1.4, 25.08, 37.2], 0.031736749999883074]]","[[3, 7, 3, 13]]","[{""pair"": [3, 7, 3, 13], ""acc"": 1.5, ""vel"": 25.08, ""pos"": 37.2, ""error"": 0.031736749999883074}]","[[{""pair"": [3, 7, 3, 13], ""acc"": 1.5, ""vel"": 25.08, ""pos"": 37.2, ""error"": 0.031736749999883074}], [{""pair"": [3, 13, 0, 7], ""acc"": 1.4, ""vel"": 25.08, ""pos"": 37.2, ""error"": 0.031736749999883074}]]",3
271.217,0.016000000000019554,1.350344,25.100052,37.644722430176635,1.4000000000000001,25.1,37.6,1.4,25.1,37.6,1.4,25.1,37.6,-0.19362759174402028,26.07995274984795,21.012248453546874,-8.0,28.42573926942437,21.968054872364497,-0.04165434876470606,26.107453866742887,21.00453297858933,6.742616239628646,16.63247397662976,0.6377493907356381,14.968364740273346,15.676667557812138,0.5514955093771109,6.835067099431036,16.640189451587304,0.6373731247988336,"[[3, 3, 0, 6], [3, 3, 1, 6], [3, 3, 2, 6], [2, 3, 0, 6], [2, 3, 1, 6], [2, 3, 2, 6], [0, 0, 0, 0], [0, 0, 0, 0], [0, 0, 0, 0], [0, 0, 0, 0], [0, 0, 0, 0], [0, 0, 0, 0], [0, 0, 0, 0], [0, 0, 0, 0], [0, 0, 0, 0], [0, 0, 0, 0]]",1,,1,0,1,"[3, 3, 2, 6]","[[[3, 3, 0, 6], [1.4, 107.02, 37.6], 81.91747200000046], [[3, 3, 1, 6], [1.4, 25.1, 447.2], 409.6025279999995], [[3, 3, 2, 6], [1.4, 25.1, 37.6], 0.005472000000516175], [[2, 3, 0, 6], [1.4, 107.02, 37.6], 81.91747200000046], [[2, 3, 1, 6], [1.4, 25.1, 447.2], 409.6025279999995], [[2, 3, 2, 6], [1.4, 25.1, 37.6], 0.005472000000516175]]","[[3, 3, 2, 6]]","[{""pair"": [3, 3, 2, 6], ""acc"": 1.4, ""vel"": 25.1, ""pos"": 37.6, ""error"": 0.005472000000516175}]","[[{""pair"": [3, 3, 0, 6], ""acc"": 1.4, ""vel"": 107.02, ""pos"": 37.6, ""error"": 81.91747200000046}], [{""pair"": [3, 3, 1, 6], ""acc"": 1.4, ""vel"": 25.1, ""pos"": 447.2, ""error"": 409.6025279999995}], [{""pair"": [3, 3, 2, 6], ""acc"": 1.4, ""vel"": 25.1, ""pos"": 37.6, ""error"": 0.005472000000516175}], [{""pair"": [2, 3, 0, 6], ""acc"": 1.4, ""vel"": 107.02, ""pos"": 37.6, ""error"": 81.91747200000046}], [{""pair"": [2, 3, 1, 6], ""acc"": 1.4, ""vel"": 25.1, ""pos"": 447.2, ""error"": 409.6025279999995}], [{""pair"": [2, 3, 2, 6], ""acc"": 1.4, ""vel"": 25.1, ""pos"": 37.6, ""error"": 0.005472000000516175}]]",3
271.233,0.016999999999995907,1.302632,25.121172,38.046496106209126,1.3,25.12,38.0,-24.3,25.12,34.8,1.4,25.12,38.0,-0.14961851963937575,26.076854708380043,21.42950291321321,-8.0,28.297739269424213,22.421842700675843,-0.004155046714003782,26.106787397162652,21.422246908701084,6.6694324384606585,16.616993192995917,0.6372314981551778,14.439001911961993,15.624653405533284,0.5521520025599983,6.770050502256931,16.624249197508043,0.636778817117682,"[[0, 0, 0, 0], [0, 0, 0, 0], [0, 0, 0, 0], [0, 0, 0, 0], [0, 0, 0, 0], [0, 0, 0, 0], [0, 0, 0, 0], [0, 0, 0, 0], [0, 0, 0, 0], [0, 0, 0, 0], [0, 0, 0, 0], [0, 0, 0, 0], [0, 0, 0, 0], [0, 0, 0, 0], [0, 0, 0, 0], [0, 0, 0, 0]]",0,,0,0,1,"[0, 0, 0, 0]","[[[0, 0, 0, 0], [1.4, 25.12, 38.0], 0]]","[[0, 0, 0, 0]]","[{""pair"": [0, 0, 0, 0], ""acc"": 1.4, ""vel"": 25.12, ""pos"": 38.0, ""error"": 0}]",[],0
271.25,0.016999999999995907,1.266623,25.141815,38.473744260533024,1.3,25.14,38.5,1.3,25.14,38.5,1.3,25.14,38.5,-0.09645434312567039,26.074311193546176,21.872787823379475,-8.0,28.161739269424245,22.90174826825594,0.03953925975702659,26.106716761368514,21.866061694048494,6.598062632972574,16.60095643715355,0.6366786188109376,13.882671344381896,15.571995992277085,0.5529486599992746,6.70698792978183,16.60768256648453,0.6361459665069716,"[[3, 7, 3, 11], [3, 11, 0, 7], [0, 0, 0, 0], [0, 0, 0, 0], [0, 0, 0, 0], [0, 0, 0, 0], [0, 0, 0, 0], [0, 0, 0, 0], [0, 0, 0, 0], [0, 0, 0, 0], [0, 0, 0, 0], [0, 0, 0, 0], [0, 0, 0, 0], [0, 0, 0, 0], [0, 0, 0, 0], [0, 0, 0, 0]]",1,,1,0,1,"[3, 7, 3, 11]","[[[3, 7, 3, 11], [1.3, 25.14, 38.5], 0.0765577000000981], [[3, 11, 0, 7], [1.2, 25.14, 38.5], 0.0765577000000981]]","[[3, 7, 3, 11], [3, 11, 0, 7]]","[{""pair"": [3, 7, 3, 11], ""acc"": 1.3, ""vel"": 25.14, ""pos"": 38.5, ""error"": 0.0765577000000981}, {""pair"": [3, 11, 0, 7], ""acc"": 1.2, ""vel"": 25.14, ""pos"": 38.5, ""error"": 0.0765577000000981}]","[[{""pair"": [3, 7, 3, 11], ""acc"": 1.3, ""vel"": 25.14, ""pos"": 38.5, ""error"": 0.0765577000000981}], [{""pair"": [3, 11, 0, 7], ""acc"": 1.2, ""vel"": 25.14, ""pos"": 38.5, ""error"": 0.0765577000000981}]]",1
271.267,0.016000000000019554,1.233816,25.163225,38.90133814255642,1.2000000000000002,25.16,38.900000000000006,1.2,22.6,38.9,1.2,25.16,38.9,-0.05723821784865998,26.07267146971304,22.316037176017073,-8.0,28.025739269424278,23.379341835836037,0.06982918165715762,26.10738892878438,22.309881592414687,6.5296794949455705,16.585300966539346,0.6361182046805381,20.97020277680181,15.521996306720382,0.5538478809604385,6.646373685304263,16.591456550141732,0.6355080776327282,"[[3, 3, 0, 1], [3, 3, 2, 1], [0, 1, 0, 3], [0, 1, 1, 3], [0, 1, 2, 3], [2, 1, 0, 3], [2, 1, 1, 3], [2, 1, 2, 3], [0, 0, 0, 0], [0, 0, 0, 0], [0, 0, 0, 0], [0, 0, 0, 0], [0, 0, 0, 0], [0, 0, 0, 0], [0, 0, 0, 0], [0, 0, 0, 0]]",1,,1,0,1,"[3, 3, 0, 1]","[[[3, 3, 0, 1], [1.2, 25.16, 38.9], 0.003193600000464869], [[3, 3, 2, 1], [1.2, 22.6, 38.9], 2.56159360000051], [[0, 1, 0, 3], [1.2, 35.4, 38.9], 10.24160640000046], [[0, 1, 1, 3], [1.2, 25.16, 90.1], 51.198393599999534], [[0, 1, 2, 3], [1.2, 25.16, 38.9], 0.003193600000464869], [[2, 1, 0, 3], [1.2, 32.84, 38.9], 7.681606400000465], [[2, 1, 1, 3], [1.2, 22.6, 90.1], 53.75680639999953], [[2, 1, 2, 3], [1.2, 22.6, 38.9], 2.56159360000051]]","[[3, 3, 0, 1], [3, 3, 2, 1], [2, 1, 0, 3], [0, 1, 0, 3], [0, 1, 1, 3], [2, 1, 1, 3]]","[{""pair"": [3, 3, 0, 1], ""acc"": 1.2, ""vel"": 25.16, ""pos"": 38.9, ""error"": 0.003193600000464869}, {""pair"": [3, 3, 2, 1], ""acc"": 1.2, ""vel"": 22.6, ""pos"": 38.9, ""error"": 2.56159360000051}, {""pair"": [2, 1, 0, 3], ""acc"": 1.2, ""vel"": 32.84, ""pos"": 38.9, ""error"": 7.681606400000465}, {""pair"": [0, 1, 0, 3], ""acc"": 1.2, ""vel"": 35.4, ""pos"": 38.9, ""error"": 10.24160640000046}, {""pair"": [0, 1, 1, 3], ""acc"": 1.2, ""vel"": 25.16, ""pos"": 90.1, ""error"": 51.198393599999534}, {""pair"": [2, 1, 1, 3], ""acc"": 1.2, ""vel"": 22.6, ""pos"": 90.1, ""error"": 53.75680639999953}]","[[{""pair"": [3, 3, 0, 1], ""acc"": 1.2, ""vel"": 25.16, ""pos"": 38.9, ""error"": 0.003206400000514975}, {""pair"": [3, 3, 0, 1], ""acc"": 1.2, ""vel"": 25.16, ""pos"": 38.9, ""error"": 0.003193600000464869}], [{""pair"": [3, 3, 2, 1], ""acc"": 1.2, ""vel"": 22.6, ""pos"": 38.9, ""error"": 2.5632064000005137}, {""pair"": [3, 3, 2, 1], ""acc"": 1.2, ""vel"": 22.6, ""pos"": 38.9, ""error"": 2.56159360000051}], [{""pair"": [0, 1, 0, 3], ""acc"": 1.2, ""vel"": 35.4, ""pos"": 38.9, ""error"": 10.24160640000046}, {""pair"": [0, 1, 0, 3], ""acc"": 1.2, ""vel"": 35.4, ""pos"": 38.9, ""error"": 10.243193600000463}], [{""pair"": [0, 1, 1, 3], ""acc"": 1.2, ""vel"": 25.16, ""pos"": 90.1, ""error"": 51.198393599999534}, {""pair"": [0, 1, 1, 3], ""acc"": 1.2, ""vel"": 25.16, ""pos"": 90.1, ""error"": 51.198406399999485}], [{""pair"": [0, 1, 2, 3], ""acc"": 1.2, ""vel"": 25.16, ""pos"": 38.9, ""error"": 0.003206400000514975}, {""pair"": [0, 1, 2, 3], ""acc"": 1.2, ""vel"": 25.16, ""pos"": 38.9, ""error"": 0.003193600000464869}], [{""pair"": [2, 1, 0, 3], ""acc"": 1.2, ""vel"": 32.84, ""pos"": 38.9, ""error"": 7.681606400000465}, {""pair"": [2, 1, 0, 3], ""acc"": 1.2, ""vel"": 32.84, ""pos"": 38.9, ""error"": 7.683193600000468}], [{""pair"": [2, 1, 1, 3], ""acc"": 1.2, ""vel"": 22.6, ""pos"": 90.1, ""error"": 53.758393599999536}, {""pair"": [2, 1, 1, 3], ""acc"": 1.2, ""vel"": 22.6, ""pos"": 90.1, ""error"": 53.75680639999953}], [{""pair"": [2, 1, 2, 3], ""acc"": 1.2, ""vel"": 22.6, ""pos"": 38.9, ""error"": 2.5632064000005137}, {""pair"": [2, 1, 2, 3], ""acc"": 1.2, ""vel"": 22.6, ""pos"": 38.9, ""error"": 2.56159360000051}]]",0
271.283,0.016999999999995907,1.203563,25.182848,39.304107671004914,1.2000000000000002,25.18,39.300000000000004,1.2,35.42,39.5,1.2,35.42,39.5,-0.01924514566850151,26.07175565822746,22.733192593041107,-7.599503197649249,27.89773926942412,23.826729664147372,0.5638669495284064,26.108506195690897,22.727608753411,6.463678259717472,16.570915077963807,0.6355887687500066,-25.97851005150955,15.477378006857542,0.5547896859090917,-32.19679339477904,16.576498917593913,0.6349079795430731,"[[3, 11, 0, 3], [3, 11, 2, 3], [0, 3, 1, 11], [0, 3, 2, 11], [2, 3, 1, 11], [2, 3, 2, 11], [0, 0, 0, 0], [0, 0, 0, 0], [0, 0, 0, 0], [0, 0, 0, 0], [0, 0, 0, 0], [0, 0, 0, 0], [0, 0, 0, 0], [0, 0, 0, 0], [0, 0, 0, 0], [0, 0, 0, 0]]",1,,1,0,1,"[3, 11, 2, 3]","[[[3, 11, 0, 3], [1.2, 25.18, 39.5], 0.17250660000010143], [[3, 11, 2, 3], [1.2, 35.42, 39.5], 0.0023733999998469812], [[0, 3, 1, 11], [1.2, 25.14, 39.5], 0.21250660000010058], [[0, 3, 2, 11], [1.2, 25.18, 39.3], 0.028293399999892443], [[2, 3, 1, 11], [1.2, 35.38, 39.5], 0.04237339999984613], [[2, 3, 2, 11], [1.2, 35.42, 39.3], 0.20237339999984982]]","[[3, 11, 2, 3], [0, 3, 2, 11], [2, 3, 1, 11], [3, 11, 0, 3], [2, 3, 2, 11], [0, 3, 1, 11]]","[{""pair"": [3, 11, 2, 3], ""acc"": 1.2, ""vel"": 35.42, ""pos"": 39.5, ""error"": 0.0023733999998469812}, {""pair"": [0, 3, 2, 11], ""acc"": 1.2, ""vel"": 25.18, ""pos"": 39.3, ""error"": 0.028293399999892443}, {""pair"": [2, 3, 1, 11], ""acc"": 1.2, ""vel"": 35.38, ""pos"": 39.5, ""error"": 0.04237339999984613}, {""pair"": [3, 11, 0, 3], ""acc"": 1.2, ""vel"": 25.18, ""pos"": 39.5, ""error"": 0.17250660000010143}, {""pair"": [2, 3, 2, 11], ""acc"": 1.2, ""vel"": 35.42, ""pos"": 39.3, ""error"": 0.20237339999984982}, {""pair"": [0, 3, 1, 11], ""acc"": 1.2, ""vel"": 25.14, ""pos"": 39.5, ""error"": 0.21250660000010058}]","[[{""pair"": [3, 11, 0, 3], ""acc"": 1.2, ""vel"": 25.18, ""pos"": 39.5, ""error"": 0.17250660000010143}, {""pair"": [3, 11, 0, 3], ""acc"": 1.2, ""vel"": 25.18, ""pos"": 39.5, ""error"": 2.775226600000096}, {""pair"": [3, 11, 0, 3], ""acc"": 1.2, ""vel"": 25.18, ""pos"": 39.5, ""error"": 7.7219466000001304}, {""pair"": [3, 11, 0, 3], ""acc"": 1.2, ""vel"": 25.18, ""pos"": 39.5, ""error"": 10.242373399999849}, {""pair"": [3, 11, 0, 3], ""acc"": 1.2, ""vel"": 25.18, ""pos"": 39.5, ""error"": 51.02829339999988}, {""pair"": [3, 11, 0, 3], ""acc"": 1.2, ""vel"": 25.18, ""pos"": 39.5, ""error"": 53.5439733999999}], [{""pair"": [3, 11, 2, 3], ""acc"": 1.2, ""vel"": 35.42, ""pos"": 39.5, ""error"": 10.411706600000112}, {""pair"": [3, 11, 2, 3], ""acc"": 1.2, ""vel"": 35.42, ""pos"": 39.5, ""error"": 13.015226600000098}, {""pair"": [3, 11, 2, 3], ""acc"": 1.2, ""vel"": 35.42, ""pos"": 39.5, ""error"": 2.601146600000135}, {""pair"": [3, 11, 2, 3], ""acc"": 1.2, ""vel"": 35.42, ""pos"": 39.5, ""error"": 0.0023733999998469812}, {""pair"": [3, 11, 2, 3], ""acc"": 1.2, ""vel"": 35.42, ""pos"": 39.5, ""error"": 61.26749339999989}, {""pair"": [3, 11, 2, 3], ""acc"": 1.2, ""vel"": 35.42, ""pos"": 39.5, ""error"": 63.7839733999999}], [{""pair"": [0, 3, 1, 11], ""acc"": 1.2, ""vel"": 25.14, ""pos"": 39.5, ""error"": 0.21250660000010058}, {""pair"": [0, 3, 1, 11], ""acc"": 1.2, ""vel"": 25.14, ""pos"": 39.5, ""error"": 2.7352266000000967}, {""pair"": [0, 3, 1, 11], ""acc"": 1.2, ""vel"": 25.14, ""pos"": 39.5, ""error"": 7.76194660000013}, {""pair"": [0, 3, 1, 11], ""acc"": 1.2, ""vel"": 25.14, ""pos"": 39.5, ""error"": 10.282373399999848}, {""pair"": [0, 3, 1, 11], ""acc"": 1.2, ""vel"": 25.14, ""pos"": 39.5, ""error"": 51.068293399999874}, {""pair"": [0, 3, 1, 11], ""acc"": 1.2, ""vel"": 25.14, ""pos"": 39.5, ""error"": 53.5039733999999}], [{""pair"": [0, 3, 2, 11], ""acc"": 1.2, ""vel"": 25.18, ""pos"": 39.3, ""error"": 0.028293399999892443}, {""pair"": [0, 3, 2, 11], ""acc"": 1.2, ""vel"": 25.18, ""pos"": 39.3, ""error"": 2.575226600000093}, {""pair"": [0, 3, 2, 11], ""acc"": 1.2, ""vel"": 25.18, ""pos"": 39.3, ""error"": 7.83885339999987}, {""pair"": [0, 3, 2, 11], ""acc"": 1.2, ""vel"": 25.18, ""pos"": 39.3, ""error"": 10.442373399999852}, {""pair"": [0, 3, 2, 11], ""acc"": 1.2, ""vel"": 25.18, ""pos"": 39.3, ""error"": 51.228293399999885}, {""pair"": [0, 3, 2, 11], ""acc"": 1.2, ""vel"": 25.18, ""pos"": 39.3, ""error"": 53.7439733999999}], [{""pair"": [2, 3, 1, 11], ""acc"": 1.2, ""vel"": 35.38, ""pos"": 39.5, ""error"": 10.371706600000113}, {""pair"": [2, 3, 1, 11], ""acc"": 1.2, ""vel"": 35.38, ""pos"": 39.5, ""error"": 12.975226600000099}, {""pair"": [2, 3, 1, 11], ""acc"": 1.2, ""vel"": 35.38, ""pos"": 39.5, ""error"": 2.5611466000001357}, {""pair"": [2, 3, 1, 11], ""acc"": 1.2, ""vel"": 35.38, ""pos"": 39.5, ""error"": 0.04237339999984613}, {""pair"": [2, 3, 1, 11], ""acc"": 1.2, ""vel"": 35.38, ""pos"": 39.5, ""error"": 61.22749339999989}, {""pair"": [2, 3, 1, 11], ""acc"": 1.2, ""vel"": 35.38, ""pos"": 39.5, ""error"": 63.7439733999999}], [{""pair"": [2, 3, 2, 11], ""acc"": 1.2, ""vel"": 35.42, ""pos"": 39.3, ""error"": 10.267493399999903}, {""pair"": [2, 3, 2, 11], ""acc"": 1.2, ""vel"": 35.42, ""pos"": 39.3, ""error"": 12.815226600000095}, {""pair"": [2, 3, 2, 11], ""acc"": 1.2, ""vel"": 35.42, ""pos"": 39.3, ""error"": 2.7180533999998744}, {""pair"": [2, 3, 2, 11], ""acc"": 1.2, ""vel"": 35.42, ""pos"": 39.3, ""error"": 0.20237339999984982}, {""pair"": [2, 3, 2, 11], ""acc"": 1.2, ""vel"": 35.42, ""pos"": 39.3, ""error"": 61.467493399999896}, {""pair"": [2, 3, 2, 11], ""acc"": 1.2, ""vel"": 35.42, ""pos"": 39.3, ""error"": 63.983973399999904}]]",0
271.3,0.016999999999995907,1.173708,25.200741,39.73239000185831,1.2000000000000002,25.2,39.7,1.2,25.21,39.7,1.2,25.2,39.7,0.010525849360629815,26.071428490751096,23.176409658307318,-7.675223066595697,27.768547715064116,24.29989310351541,0.5632873175032358,26.118091933832876,23.171534837511846,6.399604320846862,16.555980343550996,0.6350239055533252,12.248613659243443,15.432496898342905,0.5557545557188414,6.556479584892408,16.560855164346467,0.6340759962979475,"[[3, 9, 3, 12], [3, 9, 0, 12], [3, 12, 0, 9], [3, 12, 1, 9], [0, 9, 0, 12], [1, 9, 0, 12], [0, 0, 0, 0], [0, 0, 0, 0], [0, 0, 0, 0], [0, 0, 0, 0], [0, 0, 0, 0], [0, 0, 0, 0], [0, 0, 0, 0], [0, 0, 0, 0], [0, 0, 0, 0], [0, 0, 0, 0]]",1,,1,0,1,"[3, 12, 1, 9]","[[[3, 9, 3, 12], [1.2, 25.21, 39.7], 0.03783339999989721], [[3, 9, 0, 12], [4.4, 25.21, 39.7], 0.03783339999989721], [[3, 12, 0, 9], [0.8, 25.21, 39.7], 0.03783339999989721], [[3, 12, 1, 9], [1.2, 25.2, 39.7], 0.028633399999886677], [[0, 9, 0, 12], [4.0, 25.21, 39.7], 0.03783339999989721], [[1, 9, 0, 12], [4.4, 25.2, 39.7], 0.028633399999886677]]","[[3, 12, 1, 9], [1, 9, 0, 12], [3, 9, 3, 12], [3, 12, 0, 9], [0, 9, 0, 12], [3, 9, 0, 12]]","[{""pair"": [3, 12, 1, 9], ""acc"": 1.2, ""vel"": 25.2, ""pos"": 39.7, ""error"": 0.028633399999886677}, {""pair"": [1, 9, 0, 12], ""acc"": 4.4, ""vel"": 25.2, ""pos"": 39.7, ""error"": 0.028633399999886677}, {""pair"": [3, 9, 3, 12], ""acc"": 1.2, ""vel"": 25.21, ""pos"": 39.7, ""error"": 0.03783339999989721}, {""pair"": [3, 12, 0, 9], ""acc"": 0.8, ""vel"": 25.21, ""pos"": 39.7, ""error"": 0.03783339999989721}, {""pair"": [0, 9, 0, 12], ""acc"": 4.0, ""vel"": 25.21, ""pos"": 39.7, ""error"": 0.03783339999989721}, {""pair"": [3, 9, 0, 12], ""acc"": 4.4, ""vel"": 25.21, ""pos"": 39.7, ""error"": 0.03783339999989721}]","[[{""pair"": [3, 9, 3, 12], ""acc"": 1.2, ""vel"": 25.21, ""pos"": 39.7, ""error"": 10.63271339999985}, {""pair"": [3, 9, 3, 12], ""acc"": 1.2, ""vel"": 25.21, ""pos"": 39.7, ""error"": 0.03783339999989721}, {""pair"": [3, 9, 3, 12], ""acc"": 1.2, ""vel"": 25.21, ""pos"": 39.7, ""error"": 10.592033399999849}, {""pair"": [3, 9, 3, 12], ""acc"": 1.2, ""vel"": 25.21, ""pos"": 39.7, ""error"": 0.23783339999990005}, {""pair"": [3, 9, 3, 12], ""acc"": 1.2, ""vel"": 25.21, ""pos"": 39.7, ""error"": 10.432713399999848}, {""pair"": [3, 9, 3, 12], ""acc"": 1.2, ""vel"": 25.21, ""pos"": 39.7, ""error"": 0.2771533999999036}], [{""pair"": [3, 9, 0, 12], ""acc"": 4.4, ""vel"": 25.21, ""pos"": 39.7, ""error"": 10.63271339999985}, {""pair"": [3, 9, 0, 12], ""acc"": 4.4, ""vel"": 25.21, ""pos"": 39.7, ""error"": 0.03783339999989721}, {""pair"": [3, 9, 0, 12], ""acc"": 4.4, ""vel"": 25.21, ""pos"": 39.7, ""error"": 10.592033399999849}, {""pair"": [3, 9, 0, 12], ""acc"": 4.4, ""vel"": 25.21, ""pos"": 39.7, ""error"": 0.23783339999990005}, {""pair"": [3, 9, 0, 12], ""acc"": 4.4, ""vel"": 25.21, ""pos"": 39.7, ""error"": 10.432713399999848}, {""pair"": [3, 9, 0, 12], ""acc"": 4.4, ""vel"": 25.21, ""pos"": 39.7, ""error"": 0.2771533999999036}], [{""pair"": [3, 12, 0, 9], ""acc"": 0.8, ""vel"": 25.21, ""pos"": 39.7, ""error"": 10.63271339999985}, {""pair"": [3, 12, 0, 9], ""acc"": 0.8, ""vel"": 25.21, ""pos"": 39.7, ""error"": 0.03783339999989721}, {""pair"": [3, 12, 0, 9], ""acc"": 0.8, ""vel"": 25.21, ""pos"": 39.7, ""error"": 10.592033399999849}, {""pair"": [3, 12, 0, 9], ""acc"": 0.8, ""vel"": 25.21, ""pos"": 39.7, ""error"": 0.23783339999990005}, {""pair"": [3, 12, 0, 9], ""acc"": 0.8, ""vel"": 25.21, ""pos"": 39.7, ""error"": 10.432713399999848}, {""pair"": [3, 12, 0, 9], ""acc"": 0.8, ""vel"": 25.21, ""pos"": 39.7, ""error"": 0.2771533999999036}], [{""pair"": [3, 12, 1, 9], ""acc"": 1.2, ""vel"": 25.2, ""pos"": 39.7, ""error"": 10.642713399999852}, {""pair"": [3, 12, 1, 9], ""acc"": 1.2, ""vel"": 25.2, ""pos"": 39.7, ""error"": 0.028633399999886677}, {""pair"": [3, 12, 1, 9], ""acc"": 1.2, ""vel"": 25.2, ""pos"": 39.7, ""error"": 10.60203339999985}, {""pair"": [3, 12, 1, 9], ""acc"": 1.2, ""vel"": 25.2, ""pos"": 39.7, ""error"": 0.22863339999988952}, {""pair"": [3, 12, 1, 9], ""acc"": 1.2, ""vel"": 25.2, ""pos"": 39.7, ""error"": 10.44271339999985}, {""pair"": [3, 12, 1, 9], ""acc"": 1.2, ""vel"": 25.2, ""pos"": 39.7, ""error"": 0.26715339999990206}], [{""pair"": [0, 9, 0, 12], ""acc"": 4.0, ""vel"": 25.21, ""pos"": 39.7, ""error"": 10.63271339999985}, {""pair"": [0, 9, 0, 12], ""acc"": 4.0, ""vel"": 25.21, ""pos"": 39.7, ""error"": 0.03783339999989721}, {""pair"": [0, 9, 0, 12], ""acc"": 4.0, ""vel"": 25.21, ""pos"": 39.7, ""error"": 10.592033399999849}, {""pair"": [0, 9, 0, 12], ""acc"": 4.0, ""vel"": 25.21, ""pos"": 39.7, ""error"": 0.23783339999990005}, {""pair"": [0, 9, 0, 12], ""acc"": 4.0, ""vel"": 25.21, ""pos"": 39.7, ""error"": 10.432713399999848}, {""pair"": [0, 9, 0, 12], ""acc"": 4.0, ""vel"": 25.21, ""pos"": 39.7, ""error"": 0.2771533999999036}], [{""pair"": [1, 9, 0, 12], ""acc"": 4.4, ""vel"": 25.2, ""pos"": 39.7, ""error"": 10.642713399999852}, {""pair"": [1, 9, 0, 12], ""acc"": 4.4, ""vel"": 25.2, ""pos"": 39.7, ""error"": 0.028633399999886677}, {""pair"": [1, 9, 0, 12], ""acc"": 4.4, ""vel"": 25.2, ""pos"": 39.7, ""error"": 10.60203339999985}, {""pair"": [1, 9, 0, 12], ""acc"": 4.4, ""vel"": 25.2, ""pos"": 39.7, ""error"": 0.22863339999988952}, {""pair"": [1, 9, 0, 12], ""acc"": 4.4, ""vel"": 25.2, ""pos"": 39.7, ""error"": 10.44271339999985}, {""pair"": [1, 9, 0, 12], ""acc"": 4.4, ""vel"": 25.2, ""pos"": 39.7, ""error"": 0.26715339999990206}]]",0
271.317,0.016000000000019554,1.141474,25.21932,40.16097219966421,1.1,25.22,40.2,1.1,25.22,449.8,1.1,25.22,40.2,0.044750802551572086,26.071607430190227,23.619625463635213,8.0,27.63806892293202,24.770849344938263,0.5688029124268476,26.127667818230428,23.615623795404275,6.337180367640919,16.541346736028995,0.6344582619357239,11.752210254089503,15.390122854725945,0.55684508558253,6.52568088306017,16.545348404259933,0.6332501055725882,"[[3, 2, 1, 6], [3, 2, 2, 6], [0, 2, 1, 6], [0, 2, 2, 6], [0, 0, 0, 0], [0, 0, 0, 0], [0, 0, 0, 0], [0, 0, 0, 0], [0, 0, 0, 0], [0, 0, 0, 0], [0, 0, 0, 0], [0, 0, 0, 0], [0, 0, 0, 0], [0, 0, 0, 0], [0, 0, 0, 0], [0, 0, 0, 0]]",1,,1,0,1,"[3, 2, 1, 6]","[[[3, 2, 1, 6], [1.1, 25.22, 40.2], 0.0974463999994839], [[3, 2, 2, 6], [1.1, 25.22, 449.8], 409.6974463999995], [[0, 2, 1, 6], [1.1, 30.34, 40.2], 5.155676799999423], [[0, 2, 2, 6], [1.1, 30.34, 449.8], 414.75567679999943]]","[[3, 2, 1, 6], [0, 2, 1, 6], [3, 2, 2, 6], [0, 2, 2, 6]]","[{""pair"": [3, 2, 1, 6], ""acc"": 1.1, ""vel"": 25.22, ""pos"": 40.2, ""error"": 0.0974463999994839}, {""pair"": [0, 2, 1, 6], ""acc"": 1.1, ""vel"": 30.34, ""pos"": 40.2, ""error"": 5.155676799999423}, {""pair"": [3, 2, 2, 6], ""acc"": 1.1, ""vel"": 25.22, ""pos"": 449.8, ""error"": 409.6974463999995}, {""pair"": [0, 2, 2, 6], ""acc"": 1.1, ""vel"": 30.34, ""pos"": 449.8, ""error"": 414.75567679999943}]","[[{""pair"": [3, 2, 1, 6], ""acc"": 1.1, ""vel"": 25.22, ""pos"": 40.2, ""error"": 0.0974463999994839}, {""pair"": [3, 2, 1, 6], ""acc"": 1.1, ""vel"": 25.22, ""pos"": 40.2, ""error"": 0.14663679999958745}, {""pair"": [3, 2, 1, 6], ""acc"": 1.1, ""vel"": 25.22, ""pos"": 40.2, ""error"": 0.10568639999953788}, {""pair"": [3, 2, 1, 6], ""acc"": 1.1, ""vel"": 25.22, ""pos"": 40.2, ""error"": 0.09933759999952585}, {""pair"": [3, 2, 1, 6], ""acc"": 1.1, ""vel"": 25.22, ""pos"": 40.2, ""error"": 0.15012799999959014}, {""pair"": [3, 2, 1, 6], ""acc"": 1.1, ""vel"": 25.22, ""pos"": 40.2, ""error"": 0.15647679999959507}], [{""pair"": [3, 2, 2, 6], ""acc"": 1.1, ""vel"": 25.22, ""pos"": 449.8, ""error"": 409.6974463999995}, {""pair"": [3, 2, 2, 6], ""acc"": 1.1, ""vel"": 25.22, ""pos"": 449.8, ""error"": 409.7466367999996}, {""pair"": [3, 2, 2, 6], ""acc"": 1.1, ""vel"": 25.22, ""pos"": 449.8, ""error"": 409.70568639999954}, {""pair"": [3, 2, 2, 6], ""acc"": 1.1, ""vel"": 25.22, ""pos"": 449.8, ""error"": 409.6993375999995}, {""pair"": [3, 2, 2, 6], ""acc"": 1.1, ""vel"": 25.22, ""pos"": 449.8, ""error"": 409.7501279999996}, {""pair"": [3, 2, 2, 6], ""acc"": 1.1, ""vel"": 25.22, ""pos"": 449.8, ""error"": 409.7564767999996}], [{""pair"": [0, 2, 1, 6], ""acc"": 1.1, ""vel"": 30.34, ""pos"": 40.2, ""error"": 5.217446399999485}, {""pair"": [0, 2, 1, 6], ""acc"": 1.1, ""vel"": 30.34, ""pos"": 40.2, ""error"": 5.165836799999418}, {""pair"": [0, 2, 1, 6], ""acc"": 1.1, ""vel"": 30.34, ""pos"": 40.2, ""error"": 5.207286399999489}, {""pair"": [0, 2, 1, 6], ""acc"": 1.1, ""vel"": 30.34, ""pos"": 40.2, ""error"": 5.21373759999949}, {""pair"": [0, 2, 1, 6], ""acc"": 1.1, ""vel"": 30.34, ""pos"": 40.2, ""error"": 5.162127999999431}, {""pair"": [0, 2, 1, 6], ""acc"": 1.1, ""vel"": 30.34, ""pos"": 40.2, ""error"": 5.155676799999423}], [{""pair"": [0, 2, 2, 6], ""acc"": 1.1, ""vel"": 30.34, ""pos"": 449.8, ""error"": 414.8174463999995}, {""pair"": [0, 2, 2, 6], ""acc"": 1.1, ""vel"": 30.34, ""pos"": 449.8, ""error"": 414.7658367999994}, {""pair"": [0, 2, 2, 6], ""acc"": 1.1, ""vel"": 30.34, ""pos"": 449.8, ""error"": 414.8072863999995}, {""pair"": [0, 2, 2, 6], ""acc"": 1.1, ""vel"": 30.34, ""pos"": 449.8, ""error"": 414.81373759999946}, {""pair"": [0, 2, 2, 6], ""acc"": 1.1, ""vel"": 30.34, ""pos"": 449.8, ""error"": 414.76212799999945}, {""pair"": [0, 2, 2, 6], ""acc"": 1.1, ""vel"": 30.34, ""pos"": 449.8, ""error"": 414.75567679999943}]]",1
271.333,0.016999999999995907,1.111873,25.237461,40.5646274283367,1.1,25.240000000000002,40.6,1.1,30.36,40.6,1.1,25.24,40.6,0.07742928151395245,26.072323443031053,24.036776910621494,7.473062760455543,27.766068922932178,25.214082447705717,0.5708782270987569,26.13676866482927,24.033739287269263,6.27651045167976,16.527850517715205,0.6339231926847311,-5.646831643143029,15.350544980630982,0.5528526570771733,6.493244131408006,16.530888141067436,0.6324763536401534,"[[3, 2, 3, 15], [3, 2, 1, 15], [3, 15, 0, 2], [3, 15, 1, 2], [0, 2, 1, 15], [1, 2, 1, 15], [0, 0, 0, 0], [0, 0, 0, 0], [0, 0, 0, 0], [0, 0, 0, 0], [0, 0, 0, 0], [0, 0, 0, 0], [0, 0, 0, 0], [0, 0, 0, 0], [0, 0, 0, 0], [0, 0, 0, 0]]",1,,1,0,1,"[3, 15, 0, 2]","[[[3, 2, 3, 15], [1.1, 30.36, 40.6], 0.1172389499998836], [[3, 2, 1, 15], [1.1, 29.72, 40.6], 0.754638949999876], [[3, 15, 0, 2], [1.1, 25.24, 40.6], 0.030198949999903135], [[3, 15, 1, 2], [1.1, 30.36, 15.0], 25.717238949999885], [[0, 2, 1, 15], [1.1, 24.6, 40.6], 0.667598949999892], [[1, 2, 1, 15], [1.1, 29.72, 15.0], 26.354638949999877]]","[[3, 15, 0, 2], [3, 2, 3, 15], [0, 2, 1, 15], [3, 2, 1, 15], [3, 15, 1, 2], [1, 2, 1, 15]]","[{""pair"": [3, 15, 0, 2], ""acc"": 1.1, ""vel"": 25.24, ""pos"": 40.6, ""error"": 0.030198949999903135}, {""pair"": [3, 2, 3, 15], ""acc"": 1.1, ""vel"": 30.36, ""pos"": 40.6, ""error"": 0.1172389499998836}, {""pair"": [0, 2, 1, 15], ""acc"": 1.1, ""vel"": 24.6, ""pos"": 40.6, ""error"": 0.667598949999892}, {""pair"": [3, 2, 1, 15], ""acc"": 1.1, ""vel"": 29.72, ""pos"": 40.6, ""error"": 0.754638949999876}, {""pair"": [3, 15, 1, 2], ""acc"": 1.1, ""vel"": 30.36, ""pos"": 15.0, ""error"": 25.717238949999885}, {""pair"": [1, 2, 1, 15], ""acc"": 1.1, ""vel"": 29.72, ""pos"": 15.0, ""error"": 26.354638949999877}]","[[{""pair"": [3, 2, 3, 15], ""acc"": 1.1, ""vel"": 30.36, ""pos"": 40.6, ""error"": 5.150198949999904}, {""pair"": [3, 2, 3, 15], ""acc"": 1.1, ""vel"": 30.36, ""pos"": 40.6, ""error"": 0.1172389499998836}, {""pair"": [3, 2, 3, 15], ""acc"": 1.1, ""vel"": 30.36, ""pos"": 40.6, ""error"": 414.7501989499999}, {""pair"": [3, 2, 3, 15], ""acc"": 1.1, ""vel"": 30.36, ""pos"": 40.6, ""error"": 409.7172389499999}], [{""pair"": [3, 2, 1, 15], ""acc"": 1.1, ""vel"": 29.72, ""pos"": 40.6, ""error"": 4.510198949999904}, {""pair"": [3, 2, 1, 15], ""acc"": 1.1, ""vel"": 29.72, ""pos"": 40.6, ""error"": 0.754638949999876}, {""pair"": [3, 2, 1, 15], ""acc"": 1.1, ""vel"": 29.72, ""pos"": 40.6, ""error"": 414.1101989499999}, {""pair"": [3, 2, 1, 15], ""acc"": 1.1, ""vel"": 29.72, ""pos"": 40.6, ""error"": 410.35463894999987}], [{""pair"": [3, 15, 0, 2], ""acc"": 1.1, ""vel"": 25.24, ""pos"": 40.6, ""error"": 0.030198949999903135}, {""pair"": [3, 15, 0, 2], ""acc"": 1.1, ""vel"": 25.24, ""pos"": 40.6, ""error"": 5.2346389499998764}, {""pair"": [3, 15, 0, 2], ""acc"": 1.1, ""vel"": 25.24, ""pos"": 40.6, ""error"": 409.6301989499999}, {""pair"": [3, 15, 0, 2], ""acc"": 1.1, ""vel"": 25.24, ""pos"": 40.6, ""error"": 414.8346389499999}], [{""pair"": [3, 15, 1, 2], ""acc"": 1.1, ""vel"": 30.36, ""pos"": 15.0, ""error"": 30.750198949999906}, {""pair"": [3, 15, 1, 2], ""acc"": 1.1, ""vel"": 30.36, ""pos"": 15.0, ""error"": 25.717238949999885}, {""pair"": [3, 15, 1, 2], ""acc"": 1.1, ""vel"": 30.36, ""pos"": 15.0, ""error"": 440.35019894999994}, {""pair"": [3, 15, 1, 2], ""acc"": 1.1, ""vel"": 30.36, ""pos"": 15.0, ""error"": 435.31723894999993}], [{""pair"": [0, 2, 1, 15], ""acc"": 1.1, ""vel"": 24.6, ""pos"": 40.6, ""error"": 0.667598949999892}, {""pair"": [0, 2, 1, 15], ""acc"": 1.1, ""vel"": 24.6, ""pos"": 40.6, ""error"": 5.8746389499998735}, {""pair"": [0, 2, 1, 15], ""acc"": 1.1, ""vel"": 24.6, ""pos"": 40.6, ""error"": 410.26759894999986}, {""pair"": [0, 2, 1, 15], ""acc"": 1.1, ""vel"": 24.6, ""pos"": 40.6, ""error"": 415.47463894999987}], [{""pair"": [1, 2, 1, 15], ""acc"": 1.1, ""vel"": 29.72, ""pos"": 15.0, ""error"": 30.110198949999905}, {""pair"": [1, 2, 1, 15], ""acc"": 1.1, ""vel"": 29.72, ""pos"": 15.0, ""error"": 26.354638949999877}, {""pair"": [1, 2, 1, 15], ""acc"": 1.1, ""vel"": 29.72, ""pos"": 15.0, ""error"": 439.71019894999995}, {""pair"": [1, 2, 1, 15], ""acc"": 1.1, ""vel"": 29.72, ""pos"": 15.0, ""error"": 435.9546389499999}]]",2
271.35,0.016999999999995907,1.086436,25.255239,40.9938249309851,1.1,25.26,41.0,1.1,4.78,860.2,1.1,25.26,41.0,0.10188157143461726,26.07363974081679,24.480017597684096,8.0,27.893110989859892,25.687185476964338,0.5646726760461253,26.146473594689944,24.478146846475067,6.2178070574504645,16.513807333301003,0.6333525927893213,50.98788864227616,15.306639454020761,0.5487605688582121,6.4628024493326475,16.515678084510032,0.63165986895702,"[[0, 4, 0, 7], [0, 4, 1, 7], [1, 4, 0, 7], [1, 4, 1, 7], [2, 4, 0, 7], [2, 4, 1, 7], [0, 0, 0, 0], [0, 0, 0, 0], [0, 0, 0, 0], [0, 0, 0, 0], [0, 0, 0, 0], [0, 0, 0, 0], [0, 0, 0, 0], [0, 0, 0, 0], [0, 0, 0, 0], [0, 0, 0, 0]]",1,,1,0,1,"[0, 4, 1, 7]","[[[0, 4, 0, 7], [1.0, 25.26, 860.2], 819.1720610500001], [[0, 4, 1, 7], [1.1, 25.26, 41.0], 0.030538949999908027], [[1, 4, 0, 7], [1.0, 4.78, 962.6], 941.4203410500002], [[1, 4, 1, 7], [1.1, 4.78, 143.4], 122.22034105000009], [[2, 4, 0, 7], [1.0, 4.78, 860.2], 839.0203410500002], [[2, 4, 1, 7], [1.1, 4.78, 41.0], 19.857058949999896]]","[[0, 4, 1, 7]]","[{""pair"": [0, 4, 1, 7], ""acc"": 1.1, ""vel"": 25.26, ""pos"": 41.0, ""error"": 0.030538949999908027}]","[[{""pair"": [0, 4, 0, 7], ""acc"": 1.0, ""vel"": 25.26, ""pos"": 860.2, ""error"": 819.1720610500001}, {""pair"": [0, 4, 0, 7], ""acc"": 1.0, ""vel"": 25.26, ""pos"": 860.2, ""error"": 824.2024210500001}, {""pair"": [0, 4, 0, 7], ""acc"": 1.0, ""vel"": 25.26, ""pos"": 860.2, ""error"": 819.8229410500002}, {""pair"": [0, 4, 0, 7], ""acc"": 1.0, ""vel"": 25.26, ""pos"": 860.2, ""error"": 823.5733010500002}, {""pair"": [0, 4, 0, 7], ""acc"": 1.0, ""vel"": 25.26, ""pos"": 860.2, ""error"": 849.8024210500001}, {""pair"": [0, 4, 0, 7], ""acc"": 1.0, ""vel"": 25.26, ""pos"": 860.2, ""error"": 849.1733010500002}], [{""pair"": [0, 4, 1, 7], ""acc"": 1.1, ""vel"": 25.26, ""pos"": 41.0, ""error"": 0.030538949999908027}, {""pair"": [0, 4, 1, 7], ""acc"": 1.1, ""vel"": 25.26, ""pos"": 41.0, ""error"": 5.234978949999867}, {""pair"": [0, 4, 1, 7], ""acc"": 1.1, ""vel"": 25.26, ""pos"": 41.0, ""error"": 0.6596589499999048}, {""pair"": [0, 4, 1, 7], ""acc"": 1.1, ""vel"": 25.26, ""pos"": 41.0, ""error"": 4.584098949999873}, {""pair"": [0, 4, 1, 7], ""acc"": 1.1, ""vel"": 25.26, ""pos"": 41.0, ""error"": 30.602421050000117}, {""pair"": [0, 4, 1, 7], ""acc"": 1.1, ""vel"": 25.26, ""pos"": 41.0, ""error"": 29.973301050000114}], [{""pair"": [1, 4, 0, 7], ""acc"": 1.0, ""vel"": 4.78, ""pos"": 962.6, ""error"": 942.0494610500001}, {""pair"": [1, 4, 0, 7], ""acc"": 1.0, ""vel"": 4.78, ""pos"": 962.6, ""error"": 947.0824210500001}, {""pair"": [1, 4, 0, 7], ""acc"": 1.0, ""vel"": 4.78, ""pos"": 962.6, ""error"": 941.4203410500002}, {""pair"": [1, 4, 0, 7], ""acc"": 1.0, ""vel"": 4.78, ""pos"": 962.6, ""error"": 946.4533010500002}, {""pair"": [1, 4, 0, 7], ""acc"": 1.0, ""vel"": 4.78, ""pos"": 962.6, ""error"": 972.6824210500001}, {""pair"": [1, 4, 0, 7], ""acc"": 1.0, ""vel"": 4.78, ""pos"": 962.6, ""error"": 972.0533010500002}], [{""pair"": [1, 4, 1, 7], ""acc"": 1.1, ""vel"": 4.78, ""pos"": 143.4, ""error"": 122.8494610500001}, {""pair"": [1, 4, 1, 7], ""acc"": 1.1, ""vel"": 4.78, ""pos"": 143.4, ""error"": 127.88242105000013}, {""pair"": [1, 4, 1, 7], ""acc"": 1.1, ""vel"": 4.78, ""pos"": 143.4, ""error"": 122.22034105000009}, {""pair"": [1, 4, 1, 7], ""acc"": 1.1, ""vel"": 4.78, ""pos"": 143.4, ""error"": 127.25330105000012}, {""pair"": [1, 4, 1, 7], ""acc"": 1.1, ""vel"": 4.78, ""pos"": 143.4, ""error"": 153.48242105000014}, {""pair"": [1, 4, 1, 7], ""acc"": 1.1, ""vel"": 4.78, ""pos"": 143.4, ""error"": 152.85330105000014}], [{""pair"": [2, 4, 0, 7], ""acc"": 1.0, ""vel"": 4.78, ""pos"": 860.2, ""error"": 839.6494610500001}, {""pair"": [2, 4, 0, 7], ""acc"": 1.0, ""vel"": 4.78, ""pos"": 860.2, ""error"": 844.6824210500001}, {""pair"": [2, 4, 0, 7], ""acc"": 1.0, ""vel"": 4.78, ""pos"": 860.2, ""error"": 839.0203410500002}, {""pair"": [2, 4, 0, 7], ""acc"": 1.0, ""vel"": 4.78, ""pos"": 860.2, ""error"": 844.0533010500002}, {""pair"": [2, 4, 0, 7], ""acc"": 1.0, ""vel"": 4.78, ""pos"": 860.2, ""error"": 870.2824210500002}, {""pair"": [2, 4, 0, 7], ""acc"": 1.0, ""vel"": 4.78, ""pos"": 860.2, ""error"": 869.6533010500002}], [{""pair"": [2, 4, 1, 7], ""acc"": 1.1, ""vel"": 4.78, ""pos"": 41.0, ""error"": 20.507938949999893}, {""pair"": [2, 4, 1, 7], ""acc"": 1.1, ""vel"": 4.78, ""pos"": 41.0, ""error"": 25.714978949999868}, {""pair"": [2, 4, 1, 7], ""acc"": 1.1, ""vel"": 4.78, ""pos"": 41.0, ""error"": 19.857058949999896}, {""pair"": [2, 4, 1, 7], ""acc"": 1.1, ""vel"": 4.78, ""pos"": 41.0, ""error"": 25.064098949999874}, {""pair"": [2, 4, 1, 7], ""acc"": 1.1, ""vel"": 4.78, ""pos"": 41.0, ""error"": 51.08242105000012}, {""pair"": [2, 4, 1, 7], ""acc"": 1.1, ""vel"": 4.78, ""pos"": 41.0, ""error"": 50.453301050000114}]]",3
271.367,0.01599999999996271,1.064043,25.272676,41.423320983987,1.1,25.27,41.400000000000006,1.1,25.11,41.4,1.1,25.27,41.4,0.11702824125284535,26.07537172753118,24.923284195164946,7.237906226182677,28.02911098985986,26.16252436379184,0.5509605037971377,26.156073030182725,24.922718492786377,6.192044093311394,16.50003678882205,0.6327824186452845,13.49784627910366,15.260796620195158,0.5444623850437527,6.4635608255340316,16.50060249120062,0.6308516753321417,"[[3, 2, 3, 13], [3, 2, 0, 13], [3, 2, 1, 13], [3, 13, 1, 2], [3, 13, 2, 2], [1, 2, 0, 13], [1, 2, 1, 13], [2, 2, 0, 13], [2, 2, 1, 13], [0, 0, 0, 0], [0, 0, 0, 0], [0, 0, 0, 0], [0, 0, 0, 0], [0, 0, 0, 0], [0, 0, 0, 0], [0, 0, 0, 0]]",1,,1,0,1,"[3, 2, 1, 13]","[[[3, 2, 3, 13], [1.1, 25.11, 41.4], 0.17190079999901897], [[3, 2, 0, 13], [7.5, 25.11, 41.4], 0.17190079999901897], [[3, 2, 1, 13], [1.1, 25.27, 41.4], 0.01190079999901883], [[3, 13, 1, 2], [1.1, 25.11, 15.8], 25.771900799999017], [[3, 13, 2, 2], [1.1, 25.11, 41.4], 0.17190079999901897], [[1, 2, 0, 13], [7.5, 25.11, 15.8], 25.771900799999017], [[1, 2, 1, 13], [1.1, 25.27, 15.8], 25.611900799999017], [[2, 2, 0, 13], [7.5, 25.11, 41.4], 0.17190079999901897], [[2, 2, 1, 13], [1.1, 25.27, 41.4], 0.01190079999901883]]","[[3, 2, 1, 13]]","[{""pair"": [3, 2, 1, 13], ""acc"": 1.1, ""vel"": 25.27, ""pos"": 41.4, ""error"": 0.01190079999901883}]","[[{""pair"": [3, 2, 3, 13], ""acc"": 1.1, ""vel"": 25.11, ""pos"": 41.4, ""error"": 0.17190079999901897}], [{""pair"": [3, 2, 0, 13], ""acc"": 7.5, ""vel"": 25.11, ""pos"": 41.4, ""error"": 0.17190079999901897}], [{""pair"": [3, 2, 1, 13], ""acc"": 1.1, ""vel"": 25.27, ""pos"": 41.4, ""error"": 0.01190079999901883}], [{""pair"": [3, 13, 1, 2], ""acc"": 1.1, ""vel"": 25.11, ""pos"": 15.8, ""error"": 25.771900799999017}], [{""pair"": [3, 13, 2, 2], ""acc"": 1.1, ""vel"": 25.11, ""pos"": 41.4, ""error"": 0.17190079999901897}], [{""pair"": [1, 2, 0, 13], ""acc"": 7.5, ""vel"": 25.11, ""pos"": 15.8, ""error"": 25.771900799999017}], [{""pair"": [1, 2, 1, 13], ""acc"": 1.1, ""vel"": 25.27, ""pos"": 15.8, ""error"": 25.611900799999017}], [{""pair"": [2, 2, 0, 13], ""acc"": 7.5, ""vel"": 25.11, ""pos"": 41.4, ""error"": 0.17190079999901897}], [{""pair"": [2, 2, 1, 13], ""acc"": 1.1, ""vel"": 25.27, ""pos"": 41.4, ""error"": 0.01190079999901883}]]",3
271.383,0.033999999999991815,1.042124,25.29085,41.82781999749005,1.0,25.29,41.800000000000004,1.0,107.21,41.9,0.2,25.29,41.9,0.13751351181846425,26.077244179391222,25.340505122419355,7.757835154298552,28.144917489478512,26.611916591625498,0.49999814049624436,26.16488839824346,25.341286184212812,6.135134667413714,16.487314875070698,0.6322491273100315,-102.92698447045507,15.215903405864555,0.5406270390223299,6.430069145607799,16.48653381327724,0.6301014383223603,"[[0, 6, 0, 10], [0, 6, 2, 10], [2, 6, 0, 10], [2, 6, 2, 10], [0, 0, 0, 0], [0, 0, 0, 0], [0, 0, 0, 0], [0, 0, 0, 0], [0, 0, 0, 0], [0, 0, 0, 0], [0, 0, 0, 0], [0, 0, 0, 0], [0, 0, 0, 0], [0, 0, 0, 0], [0, 0, 0, 0], [0, 0, 0, 0]]",1,,1,0,1,"[0, 6, 0, 10]","[[[0, 6, 0, 10], [0.2, 25.29, 41.9], 0.37721579999978516], [[0, 6, 2, 10], [1.0, 25.29, 41.8], 0.4772157999997866], [[2, 6, 0, 10], [0.2, 107.21, 41.9], 82.2624157999998], [[2, 6, 2, 10], [1.0, 107.21, 41.8], 82.36241579999981]]","[[0, 6, 0, 10]]","[{""pair"": [0, 6, 0, 10], ""acc"": 0.2, ""vel"": 25.29, ""pos"": 41.9, ""error"": 0.37721579999978516}]","[[{""pair"": [0, 6, 0, 10], ""acc"": 0.2, ""vel"": 25.29, ""pos"": 41.9, ""error"": 0.37721579999978516}], [{""pair"": [0, 6, 2, 10], ""acc"": 1.0, ""vel"": 25.29, ""pos"": 41.8, ""error"": 0.4772157999997866}], [{""pair"": [2, 6, 0, 10], ""acc"": 0.2, ""vel"": 107.21, ""pos"": 41.9, ""error"": 82.2624157999998}], [{""pair"": [2, 6, 2, 10], ""acc"": 1.0, ""vel"": 107.21, ""pos"": 41.8, ""error"": 82.36241579999981}]]",3
271.417,0.016000000000019554,1.003956,25.32305,42.68831124516185,1.0,25.32,42.7,1.0,66.28,42.7,1.0,25.32,42.7,0.1490870267954969,26.08191963879305,26.227210907328274,7.921247301393003,28.4086838847246,27.57332781498672,0.48349233722588214,26.18188833502033,26.23118138867808,6.055950216657967,16.461100337833575,0.6311307053239321,-101.96829910763934,15.11498343017513,0.5320550396318248,6.392493632719132,16.457129856483768,0.6285692477906976,"[[3, 0, 3, 5], [3, 0, 0, 5], [3, 0, 2, 5], [3, 5, 0, 0], [3, 5, 2, 0], [0, 0, 0, 5], [0, 0, 2, 5], [2, 0, 0, 5], [2, 0, 2, 5], [0, 0, 0, 0], [0, 0, 0, 0], [0, 0, 0, 0], [0, 0, 0, 0], [0, 0, 0, 0], [0, 0, 0, 0], [0, 0, 0, 0]]",1,,1,0,1,"[3, 0, 0, 5]","[[[3, 0, 3, 5], [1.0, 66.28, 42.7], 41.38213439999951], [[3, 0, 0, 5], [1.0, 25.32, 42.7], 0.42213439999950353], [[3, 0, 2, 5], [1.0, 66.28, 42.7], 41.38213439999951], [[3, 5, 0, 0], [1.0, 65.0, 42.7], 40.10213439999951], [[3, 5, 2, 0], [1.0, 66.28, 42.7], 41.38213439999951], [[0, 0, 0, 5], [1.0, 24.04, 42.7], 1.6485343999995088], [[0, 0, 2, 5], [1.0, 65.0, 42.7], 40.10213439999951], [[2, 0, 0, 5], [1.0, 25.32, 42.7], 0.42213439999950353], [[2, 0, 2, 5], [1.0, 66.28, 42.7], 41.38213439999951]]","[[3, 0, 0, 5]]","[{""pair"": [3, 0, 0, 5], ""acc"": 1.0, ""vel"": 25.32, ""pos"": 42.7, ""error"": 0.42213439999950353}]","[[{""pair"": [3, 0, 3, 5], ""acc"": 1.0, ""vel"": 66.28, ""pos"": 42.7, ""error"": 41.38213439999951}], [{""pair"": [3, 0, 0, 5], ""acc"": 1.0, ""vel"": 25.32, ""pos"": 42.7, ""error"": 0.42213439999950353}], [{""pair"": [3, 0, 2, 5], ""acc"": 1.0, ""vel"": 66.28, ""pos"": 42.7, ""error"": 41.38213439999951}], [{""pair"": [3, 5, 0, 0], ""acc"": 1.0, ""vel"": 65.0, ""pos"": 42.7, ""error"": 40.10213439999951}], [{""pair"": [3, 5, 2, 0], ""acc"": 1.0, ""vel"": 66.28, ""pos"": 42.7, ""error"": 41.38213439999951}], [{""pair"": [0, 0, 0, 5], ""acc"": 1.0, ""vel"": 24.04, ""pos"": 42.7, ""error"": 1.6485343999995088}], [{""pair"": [0, 0, 2, 5], ""acc"": 1.0, ""vel"": 65.0, ""pos"": 42.7, ""error"": 40.10213439999951}], [{""pair"": [2, 0, 0, 5], ""acc"": 1.0, ""vel"": 25.32, ""pos"": 42.7, ""error"": 0.42213439999950353}], [{""pair"": [2, 0, 2, 5], ""acc"": 1.0, ""vel"": 66.28, ""pos"": 42.7, ""error"": 41.38213439999951}]]",3
271.433,0.016999999999995907,0.98476,25.339209,43.093608551530345,1.0,25.34,43.1,0.8,25.34,1681.5,1.0,25.34,43.1,0.15840066494735258,26.08430503122178,26.644540704688904,8.0,28.535423841547043,28.02888067679745,0.46314489801560454,26.189624212415954,26.650153489058084,6.000641063236053,16.44906784684144,0.6306116964646986,14.61321824770042,15.064727874732895,0.5279307557646623,6.3552634454643435,16.44345506247226,0.6278614358535455,"[[0, 0, 0, 0], [0, 0, 0, 0], [0, 0, 0, 0], [0, 0, 0, 0], [0, 0, 0, 0], [0, 0, 0, 0], [0, 0, 0, 0], [0, 0, 0, 0], [0, 0, 0, 0], [0, 0, 0, 0], [0, 0, 0, 0], [0, 0, 0, 0], [0, 0, 0, 0], [0, 0, 0, 0], [0, 0, 0, 0], [0, 0, 0, 0]]",0,,0,0,1,"[0, 0, 0, 0]","[[[0, 0, 0, 0], [1.0, 25.34, 43.1], 0]]","[[0, 0, 0, 0]]","[{""pair"": [0, 0, 0, 0], ""acc"": 1.0, ""vel"": 25.34, ""pos"": 43.1, ""error"": 0}]",[],0
271.45,0.016999999999995907,0.966314,25.355064,43.52451740235024,1.0,25.36,43.5,10.6,25.36,43.5,1.0,25.36,43.5,0.16025457672246504,26.086997842525886,27.087996779115652,-8.0,28.67142384154701,28.51513888210363,0.4355681778622843,26.197497675682218,27.09544402510681,5.946315811499477,16.43652062323459,0.63006562588971,15.049701453006595,15.00937852024661,0.523496098526398,6.318455046779177,16.42907337724343,0.6271237650492737,"[[3, 12, 0, 13], [0, 12, 0, 13], [1, 12, 0, 13], [2, 12, 1, 14], [2, 12, 2, 14], [0, 0, 0, 0], [0, 0, 0, 0], [0, 0, 0, 0], [0, 0, 0, 0], [0, 0, 0, 0], [0, 0, 0, 0], [0, 0, 0, 0], [0, 0, 0, 0], [0, 0, 0, 0], [0, 0, 0, 0], [0, 0, 0, 0]]",1,,1,0,1,"[0, 12, 0, 13]","[[[3, 12, 0, 13], [4.2, 25.36, 43.5], 0.03392449999990177], [[0, 12, 0, 13], [1.0, 25.36, 43.5], 0.03392449999990177], [[1, 12, 0, 13], [4.2, 25.28, 43.5], 0.10792449999989273], [[2, 12, 1, 14], [10.6, 25.04, 43.9], 0.6860755000000971], [[2, 12, 2, 14], [10.6, 25.36, 42.3], 1.2339244999999046]]","[[0, 12, 0, 13], [3, 12, 0, 13], [1, 12, 0, 13]]","[{""pair"": [0, 12, 0, 13], ""acc"": 1.0, ""vel"": 25.36, ""pos"": 43.5, ""error"": 0.03392449999990177}, {""pair"": [3, 12, 0, 13], ""acc"": 4.2, ""vel"": 25.36, ""pos"": 43.5, ""error"": 0.03392449999990177}, {""pair"": [1, 12, 0, 13], ""acc"": 4.2, ""vel"": 25.28, ""pos"": 43.5, ""error"": 0.10792449999989273}]","[[{""pair"": [3, 12, 0, 13], ""acc"": 4.2, ""vel"": 25.36, ""pos"": 43.5, ""error"": 0.03392449999990177}], [{""pair"": [0, 12, 0, 13], ""acc"": 1.0, ""vel"": 25.36, ""pos"": 43.5, ""error"": 0.03392449999990177}], [{""pair"": [1, 12, 0, 13], ""acc"": 4.2, ""vel"": 25.28, ""pos"": 43.5, ""error"": 0.10792449999989273}], [{""pair"": [2, 12, 1, 14], ""acc"": 10.6, ""vel"": 25.04, ""pos"": 43.9, ""error"": 0.6860755000000971}], [{""pair"": [2, 12, 2, 14], ""acc"": 10.6, ""vel"": 25.36, ""pos"": 42.3, ""error"": 1.2339244999999046}]]",1
271.467,0.016000000000019554,0.946813,25.370573,43.95569312272314,0.9,25.37,44.0,2.5,25.37,44.0,0.9,25.37,44.0,0.16854931334617512,26.089722170330166,27.53149889922482,-8.0,28.535423841547043,29.001397087409813,0.41642221053839285,26.204902334705874,27.540864425195004,5.923766149846596,16.42419422349832,0.6295273715937186,14.518136997700413,14.954296035313327,0.5240607645553927,6.311740631687666,16.414828697528137,0.6264029717747993,"[[3, 9, 3, 11], [0, 10, 1, 9], [3, 9, 0, 11], [3, 11, 0, 9], [3, 11, 2, 9], [0, 9, 0, 11], [2, 9, 0, 11], [0, 0, 0, 0], [0, 0, 0, 0], [0, 0, 0, 0], [0, 0, 0, 0], [0, 0, 0, 0], [0, 0, 0, 0], [0, 0, 0, 0], [0, 0, 0, 0], [0, 0, 0, 0]]",1,,1,0,1,"[3, 9, 0, 11]","[[[3, 9, 3, 11], [2.5, 25.37, 44.0], 0.10011199999951614], [[0, 10, 1, 9], [1.7, 25.36, 44.0], 0.10778239999941874], [[3, 9, 0, 11], [0.9, 25.37, 44.0], 0.10011199999951614], [[3, 11, 0, 9], [2.9, 25.37, 44.0], 0.10011199999951614], [[3, 11, 2, 9], [2.5, 25.37, 44.0], 0.10011199999951614], [[0, 9, 0, 11], [1.3, 25.37, 44.0], 0.10011199999951614], [[2, 9, 0, 11], [0.9, 25.37, 44.0], 0.10011199999951614]]","[[3, 9, 0, 11], [0, 9, 0, 11], [3, 9, 3, 11], [3, 11, 0, 9], [0, 10, 1, 9]]","[{""pair"": [3, 9, 0, 11], ""acc"": 0.9, ""vel"": 25.37, ""pos"": 44.0, ""error"": 0.10011199999951614}, {""pair"": [0, 9, 0, 11], ""acc"": 1.3, ""vel"": 25.37, ""pos"": 44.0, ""error"": 0.10011199999951614}, {""pair"": [3, 9, 3, 11], ""acc"": 2.5, ""vel"": 25.37, ""pos"": 44.0, ""error"": 0.10011199999951614}, {""pair"": [3, 11, 0, 9], ""acc"": 2.9, ""vel"": 25.37, ""pos"": 44.0, ""error"": 0.10011199999951614}, {""pair"": [0, 10, 1, 9], ""acc"": 1.7, ""vel"": 25.36, ""pos"": 44.0, ""error"": 0.10778239999941874}]","[[{""pair"": [3, 9, 3, 11], ""acc"": 2.5, ""vel"": 25.37, ""pos"": 44.0, ""error"": 0.10011199999951614}, {""pair"": [3, 9, 3, 11], ""acc"": 2.5, ""vel"": 25.37, ""pos"": 44.0, ""error"": 0.15090239999958044}, {""pair"": [3, 9, 3, 11], ""acc"": 2.5, ""vel"": 25.37, ""pos"": 44.0, ""error"": 0.1177823999994203}], [{""pair"": [0, 10, 1, 9], ""acc"": 1.7, ""vel"": 25.36, ""pos"": 44.0, ""error"": 0.1101119999995177}, {""pair"": [0, 10, 1, 9], ""acc"": 1.7, ""vel"": 25.36, ""pos"": 44.0, ""error"": 0.160902399999582}, {""pair"": [0, 10, 1, 9], ""acc"": 1.7, ""vel"": 25.36, ""pos"": 44.0, ""error"": 0.10778239999941874}], [{""pair"": [3, 9, 0, 11], ""acc"": 0.9, ""vel"": 25.37, ""pos"": 44.0, ""error"": 0.10011199999951614}, {""pair"": [3, 9, 0, 11], ""acc"": 0.9, ""vel"": 25.37, ""pos"": 44.0, ""error"": 0.15090239999958044}, {""pair"": [3, 9, 0, 11], ""acc"": 0.9, ""vel"": 25.37, ""pos"": 44.0, ""error"": 0.1177823999994203}], [{""pair"": [3, 11, 0, 9], ""acc"": 2.9, ""vel"": 25.37, ""pos"": 44.0, ""error"": 0.10011199999951614}, {""pair"": [3, 11, 0, 9], ""acc"": 2.9, ""vel"": 25.37, ""pos"": 44.0, ""error"": 0.15090239999958044}, {""pair"": [3, 11, 0, 9], ""acc"": 2.9, ""vel"": 25.37, ""pos"": 44.0, ""error"": 0.1177823999994203}], [{""pair"": [3, 11, 2, 9], ""acc"": 2.5, ""vel"": 25.37, ""pos"": 44.0, ""error"": 0.10011199999951614}, {""pair"": [3, 11, 2, 9], ""acc"": 2.5, ""vel"": 25.37, ""pos"": 44.0, ""error"": 0.15090239999958044}, {""pair"": [3, 11, 2, 9], ""acc"": 2.5, ""vel"": 25.37, ""pos"": 44.0, ""error"": 0.1177823999994203}], [{""pair"": [0, 9, 0, 11], ""acc"": 1.3, ""vel"": 25.37, ""pos"": 44.0, ""error"": 0.10011199999951614}, {""pair"": [0, 9, 0, 11], ""acc"": 1.3, ""vel"": 25.37, ""pos"": 44.0, ""error"": 0.15090239999958044}, {""pair"": [0, 9, 0, 11], ""acc"": 1.3, ""vel"": 25.37, ""pos"": 44.0, ""error"": 0.1177823999994203}], [{""pair"": [2, 9, 0, 11], ""acc"": 0.9, ""vel"": 25.37, ""pos"": 44.0, ""error"": 0.10011199999951614}, {""pair"": [2, 9, 0, 11], ""acc"": 0.9, ""vel"": 25.37, ""pos"": 44.0, ""error"": 0.15090239999958044}, {""pair"": [2, 9, 0, 11], ""acc"": 0.9, ""vel"": 25.37, ""pos"": 44.0, ""error"": 0.1177823999994203}]]",2
271.483,0.033999999999991815,0.927008,25.385759,44.36174348278764,0.9,25.39,44.400000000000006,0.9,25.39,44.4,0.9,25.39,44.4,0.1803581233762455,26.092418959343707,27.94895602826272,-8.0,28.407423841546887,29.45693986887512,0.37051166515094486,26.211565090074497,27.96019616459376,5.869381092804307,16.412787454524917,0.6290251386848704,13.986344216235091,14.904803613912517,0.5246798758327991,6.270784288458204,16.401547318193877,0.6257370462935322,"[[3, 4, 0, 7], [3, 4, 2, 7], [1, 4, 0, 7], [1, 4, 2, 7], [2, 4, 0, 7], [2, 4, 2, 7], [0, 0, 0, 0], [0, 0, 0, 0], [0, 0, 0, 0], [0, 0, 0, 0], [0, 0, 0, 0], [0, 0, 0, 0], [0, 0, 0, 0], [0, 0, 0, 0], [0, 0, 0, 0], [0, 0, 0, 0]]",1,,1,0,1,"[3, 4, 2, 7]","[[[3, 4, 0, 7], [0.8, 25.39, 44.4], 0.4737001999997865], [[3, 4, 2, 7], [0.9, 25.39, 44.4], 0.4737001999997865], [[1, 4, 0, 7], [0.8, 25.39, 146.8], 101.94749980000022], [[1, 4, 2, 7], [0.9, 25.39, 146.8], 101.94749980000022], [[2, 4, 0, 7], [0.8, 25.39, 44.4], 0.4737001999997865], [[2, 4, 2, 7], [0.9, 25.39, 44.4], 0.4737001999997865]]","[[3, 4, 2, 7]]","[{""pair"": [3, 4, 2, 7], ""acc"": 0.9, ""vel"": 25.39, ""pos"": 44.4, ""error"": 0.4737001999997865}]","[[{""pair"": [3, 4, 0, 7], ""acc"": 0.8, ""vel"": 25.39, ""pos"": 44.4, ""error"": 0.4737001999997865}, {""pair"": [3, 4, 0, 7], ""acc"": 0.8, ""vel"": 25.39, ""pos"": 44.4, ""error"": 0.487531399999785}, {""pair"": [3, 4, 0, 7], ""acc"": 0.8, ""vel"": 25.39, ""pos"": 44.4, ""error"": 0.5290249999997734}, {""pair"": [3, 4, 0, 7], ""acc"": 0.8, ""vel"": 25.39, ""pos"": 44.4, ""error"": 0.5428561999997719}, {""pair"": [3, 4, 0, 7], ""acc"": 0.8, ""vel"": 25.39, ""pos"": 44.4, ""error"": 0.4910225999997806}], [{""pair"": [3, 4, 2, 7], ""acc"": 0.9, ""vel"": 25.39, ""pos"": 44.4, ""error"": 0.4737001999997865}, {""pair"": [3, 4, 2, 7], ""acc"": 0.9, ""vel"": 25.39, ""pos"": 44.4, ""error"": 0.487531399999785}, {""pair"": [3, 4, 2, 7], ""acc"": 0.9, ""vel"": 25.39, ""pos"": 44.4, ""error"": 0.5290249999997734}, {""pair"": [3, 4, 2, 7], ""acc"": 0.9, ""vel"": 25.39, ""pos"": 44.4, ""error"": 0.5428561999997719}, {""pair"": [3, 4, 2, 7], ""acc"": 0.9, ""vel"": 25.39, ""pos"": 44.4, ""error"": 0.4910225999997806}], [{""pair"": [1, 4, 0, 7], ""acc"": 0.8, ""vel"": 25.39, ""pos"": 146.8, ""error"": 101.94749980000022}, {""pair"": [1, 4, 0, 7], ""acc"": 0.8, ""vel"": 25.39, ""pos"": 146.8, ""error"": 101.96086860000021}, {""pair"": [1, 4, 0, 7], ""acc"": 0.8, ""vel"": 25.39, ""pos"": 146.8, ""error"": 102.0009750000002}, {""pair"": [1, 4, 0, 7], ""acc"": 0.8, ""vel"": 25.39, ""pos"": 146.8, ""error"": 102.01434380000019}, {""pair"": [1, 4, 0, 7], ""acc"": 0.8, ""vel"": 25.39, ""pos"": 146.8, ""error"": 101.9645774000002}], [{""pair"": [1, 4, 2, 7], ""acc"": 0.9, ""vel"": 25.39, ""pos"": 146.8, ""error"": 101.94749980000022}, {""pair"": [1, 4, 2, 7], ""acc"": 0.9, ""vel"": 25.39, ""pos"": 146.8, ""error"": 101.96086860000021}, {""pair"": [1, 4, 2, 7], ""acc"": 0.9, ""vel"": 25.39, ""pos"": 146.8, ""error"": 102.0009750000002}, {""pair"": [1, 4, 2, 7], ""acc"": 0.9, ""vel"": 25.39, ""pos"": 146.8, ""error"": 102.01434380000019}, {""pair"": [1, 4, 2, 7], ""acc"": 0.9, ""vel"": 25.39, ""pos"": 146.8, ""error"": 101.9645774000002}], [{""pair"": [2, 4, 0, 7], ""acc"": 0.8, ""vel"": 25.39, ""pos"": 44.4, ""error"": 0.4737001999997865}, {""pair"": [2, 4, 0, 7], ""acc"": 0.8, ""vel"": 25.39, ""pos"": 44.4, ""error"": 0.487531399999785}, {""pair"": [2, 4, 0, 7], ""acc"": 0.8, ""vel"": 25.39, ""pos"": 44.4, ""error"": 0.5290249999997734}, {""pair"": [2, 4, 0, 7], ""acc"": 0.8, ""vel"": 25.39, ""pos"": 44.4, ""error"": 0.5428561999997719}, {""pair"": [2, 4, 0, 7], ""acc"": 0.8, ""vel"": 25.39, ""pos"": 44.4, ""error"": 0.4910225999997806}], [{""pair"": [2, 4, 2, 7], ""acc"": 0.9, ""vel"": 25.39, ""pos"": 44.4, ""error"": 0.4737001999997865}, {""pair"": [2, 4, 2, 7], ""acc"": 0.9, ""vel"": 25.39, ""pos"": 44.4, ""error"": 0.487531399999785}, {""pair"": [2, 4, 2, 7], ""acc"": 0.9, ""vel"": 25.39, ""pos"": 44.4, ""error"": 0.5290249999997734}, {""pair"": [2, 4, 2, 7], ""acc"": 0.9, ""vel"": 25.39, ""pos"": 44.4, ""error"": 0.5428561999997719}, {""pair"": [2, 4, 2, 7], ""acc"": 0.9, ""vel"": 25.39, ""pos"": 44.4, ""error"": 0.4910225999997806}]]",3
271.517,0.016000000000019554,0.890209,25.415245,45.22539509941143,0.9,25.42,45.2,13.7,25.42,45.2,0.9,25.42,45.2,0.17159897230424334,26.098551135538496,28.836202519875503,-8.0,28.135423841546952,30.418168279487485,0.33538384261605303,26.224162486689625,28.85160353339854,5.794728324448707,16.389192579535926,0.6279732730917273,12.902647055622731,14.807226819923944,0.5262841215158253,6.218059881687672,16.37379156601289,0.6243780549454572,"[[3, 3, 3, 14], [3, 3, 0, 14], [3, 3, 1, 14], [3, 14, 2, 3], [2, 3, 0, 14], [2, 3, 1, 14], [0, 0, 0, 0], [0, 0, 0, 0], [0, 0, 0, 0], [0, 0, 0, 0], [0, 0, 0, 0], [0, 0, 0, 0], [0, 0, 0, 0], [0, 0, 0, 0], [0, 0, 0, 0], [0, 0, 0, 0]]",1,,1,0,1,"[3, 3, 0, 14]","[[[3, 3, 3, 14], [13.7, 25.42, 45.2], 0.4092447999994917], [[3, 3, 0, 14], [0.9, 25.42, 45.2], 0.4092447999994917], [[3, 3, 1, 14], [13.7, 25.1, 45.2], 0.6980447999995221], [[3, 14, 2, 3], [13.7, 25.42, 45.2], 0.4092447999994917], [[2, 3, 0, 14], [0.9, 25.42, 45.2], 0.4092447999994917], [[2, 3, 1, 14], [13.7, 25.1, 45.2], 0.6980447999995221]]","[[3, 3, 0, 14]]","[{""pair"": [3, 3, 0, 14], ""acc"": 0.9, ""vel"": 25.42, ""pos"": 45.2, ""error"": 0.4092447999994917}]","[[{""pair"": [3, 3, 3, 14], ""acc"": 13.7, ""vel"": 25.42, ""pos"": 45.2, ""error"": 0.4092447999994917}], [{""pair"": [3, 3, 0, 14], ""acc"": 0.9, ""vel"": 25.42, ""pos"": 45.2, ""error"": 0.4092447999994917}], [{""pair"": [3, 3, 1, 14], ""acc"": 13.7, ""vel"": 25.1, ""pos"": 45.2, ""error"": 0.6980447999995221}], [{""pair"": [3, 14, 2, 3], ""acc"": 13.7, ""vel"": 25.42, ""pos"": 45.2, ""error"": 0.4092447999994917}], [{""pair"": [2, 3, 0, 14], ""acc"": 0.9, ""vel"": 25.42, ""pos"": 45.2, ""error"": 0.4092447999994917}], [{""pair"": [2, 3, 1, 14], ""acc"": 13.7, ""vel"": 25.1, ""pos"": 45.2, ""error"": 0.6980447999995221}]]",3
271.533,0.016999999999995907,0.871554,25.430447,45.63215296616393,0.9,25.43,45.6,13.7,25.43,45.6,0.9,25.43,45.6,0.15965639253480413,26.101296719095366,29.253801302713086,-8.0,28.007423841546796,30.867311060952787,0.2958329039999192,26.22952862817149,29.27123306231794,5.772179073050697,16.378351663450843,0.6274918767337968,12.408923024157422,14.764841905211142,0.5271760083592075,6.204407366321389,16.36091990384599,0.6237595854571992,"[[3, 13, 0, 14], [3, 13, 1, 14], [3, 12, 1, 12], [0, 13, 0, 14], [0, 13, 1, 14], [1, 13, 0, 14], [1, 13, 1, 14], [0, 0, 0, 0], [0, 0, 0, 0], [0, 0, 0, 0], [0, 0, 0, 0], [0, 0, 0, 0], [0, 0, 0, 0], [0, 0, 0, 0], [0, 0, 0, 0], [0, 0, 0, 0]]",1,,1,0,1,"[3, 13, 0, 14]","[[[3, 13, 0, 14], [0.9, 25.43, 45.6], 0.03757004999989988], [[3, 13, 1, 14], [13.7, 25.11, 45.6], 0.35757004999990016], [[3, 12, 1, 12], [13.7, 25.35, 45.6], 0.11757004999989817], [[0, 13, 0, 14], [7.3, 25.43, 45.6], 0.03757004999989988], [[0, 13, 1, 14], [20.1, 25.11, 45.6], 0.35757004999990016], [[1, 13, 0, 14], [0.9, 25.59, 45.6], 0.1869700499999034], [[1, 13, 1, 14], [13.7, 25.27, 45.6], 0.19757004999990002]]","[[3, 13, 0, 14]]","[{""pair"": [3, 13, 0, 14], ""acc"": 0.9, ""vel"": 25.43, ""pos"": 45.6, ""error"": 0.03757004999989988}]","[[{""pair"": [3, 13, 0, 14], ""acc"": 0.9, ""vel"": 25.43, ""pos"": 45.6, ""error"": 0.03757004999989988}], [{""pair"": [3, 13, 1, 14], ""acc"": 13.7, ""vel"": 25.11, ""pos"": 45.6, ""error"": 0.35757004999990016}], [{""pair"": [3, 12, 1, 12], ""acc"": 13.7, ""vel"": 25.35, ""pos"": 45.6, ""error"": 0.11757004999989817}], [{""pair"": [0, 13, 0, 14], ""acc"": 7.3, ""vel"": 25.43, ""pos"": 45.6, ""error"": 0.03757004999989988}], [{""pair"": [0, 13, 1, 14], ""acc"": 20.1, ""vel"": 25.11, ""pos"": 45.6, ""error"": 0.35757004999990016}], [{""pair"": [1, 13, 0, 14], ""acc"": 0.9, ""vel"": 25.59, ""pos"": 45.6, ""error"": 0.1869700499999034}], [{""pair"": [1, 13, 1, 14], ""acc"": 13.7, ""vel"": 25.27, ""pos"": 45.6, ""error"": 0.19757004999990002}]]",3
271.55,0.03300000000001546,0.85584,25.44359,46.064596504716825,0.9,25.44,46.1,-24.7,25.44,46.1,0.9,25.44,46.1,0.15648699384909287,26.104010877768456,29.697546417286322,-8.0,27.87142384154683,31.34228126625897,0.2399904524952537,26.234557787539487,29.717177796851377,5.749512581942706,16.367050087430503,0.6269936893632518,11.888559068851242,14.722315238457856,0.528222573850421,6.189607172988238,16.347418707865447,0.6231253768504499,"[[3, 3, 0, 15], [3, 3, 1, 15], [0, 15, 2, 3], [1, 15, 2, 3], [0, 0, 0, 0], [0, 0, 0, 0], [0, 0, 0, 0], [0, 0, 0, 0], [0, 0, 0, 0], [0, 0, 0, 0], [0, 0, 0, 0], [0, 0, 0, 0], [0, 0, 0, 0], [0, 0, 0, 0], [0, 0, 0, 0], [0, 0, 0, 0]]",1,,1,0,1,"[3, 3, 0, 15]","[[[3, 3, 0, 15], [0.9, 25.44, 46.1], 0.3593800500004072], [[3, 3, 1, 15], [-24.7, 24.8, 46.1], 0.9993800500004077], [[0, 15, 2, 3], [0.9, 25.44, 46.1], 0.3593800500004072], [[1, 15, 2, 3], [-24.7, 24.8, 46.1], 0.9993800500004077]]","[[3, 3, 0, 15]]","[{""pair"": [3, 3, 0, 15], ""acc"": 0.9, ""vel"": 25.44, ""pos"": 46.1, ""error"": 0.3593800500004072}]","[[{""pair"": [3, 3, 0, 15], ""acc"": 0.9, ""vel"": 25.44, ""pos"": 46.1, ""error"": 0.3593800500004072}], [{""pair"": [3, 3, 1, 15], ""acc"": -24.7, ""vel"": 24.8, ""pos"": 46.1, ""error"": 0.9993800500004077}], [{""pair"": [0, 15, 2, 3], ""acc"": 0.9, ""vel"": 25.44, ""pos"": 46.1, ""error"": 0.3593800500004072}], [{""pair"": [1, 15, 2, 3], ""acc"": -24.7, ""vel"": 24.8, ""pos"": 46.1, ""error"": 0.9993800500004077}]]",3
271.583,0.016999999999995907,0.815558,25.47056,46.904700979597216,0.8,25.47,46.900000000000006,0.8,25.46,46.9,0.9,25.46,46.9,0.1420693010796861,26.109174948565478,30.559063983421236,-8.0,27.607423841546705,32.257682253030445,0.20192736650380583,26.242477472471833,30.583048878641968,5.6714247757814995,16.34563699617598,0.6260495411431628,10.883133082079755,14.64701872656677,0.5305463780551779,6.152749240571653,16.321652100955248,0.62195545820994,"[[3, 8, 0, 7], [3, 8, 1, 7], [0, 8, 0, 7], [0, 8, 1, 7], [1, 8, 0, 7], [1, 8, 1, 7], [2, 8, 0, 7], [2, 8, 1, 7], [3, 7, 0, 9], [3, 7, 1, 9], [3, 7, 2, 9], [2, 7, 0, 9], [2, 7, 1, 9], [2, 7, 2, 9], [0, 0, 0, 0], [0, 0, 0, 0]]",1,,1,0,1,"[3, 8, 0, 7]","[[[3, 8, 0, 7], [0.9, 25.46, 46.9], 0.3720899500000989], [[3, 8, 1, 7], [0.8, 25.46, 866.1], 819.5720899500001], [[0, 8, 0, 7], [1.1, 25.46, 46.9], 0.3720899500000989], [[0, 8, 1, 7], [1.0, 25.46, 866.1], 819.5720899500001], [[1, 8, 0, 7], [0.9, 25.46, 1685.3], 1638.77208995], [[1, 8, 1, 7], [0.8, 25.46, 2504.5], 2457.9720899500003], [[2, 8, 0, 7], [0.9, 25.46, 46.9], 0.3720899500000989], [[2, 8, 1, 7], [0.8, 25.46, 866.1], 819.5720899500001], [[3, 7, 0, 9], [1.2, 25.46, 46.9], 0.3720899500000989], [[3, 7, 1, 9], [0.8, 25.47, 46.9], 0.38208995000009693], [[3, 7, 2, 9], [0.8, 25.46, 46.9], 0.3720899500000989], [[2, 7, 0, 9], [1.2, 25.46, 46.9], 0.3720899500000989], [[2, 7, 1, 9], [0.8, 25.47, 46.9], 0.38208995000009693], [[2, 7, 2, 9], [0.8, 25.46, 46.9], 0.3720899500000989]]","[[3, 8, 0, 7]]","[{""pair"": [3, 8, 0, 7], ""acc"": 0.9, ""vel"": 25.46, ""pos"": 46.9, ""error"": 0.3720899500000989}]","[[{""pair"": [3, 8, 0, 7], ""acc"": 0.9, ""vel"": 25.46, ""pos"": 46.9, ""error"": 0.3720899500000989}], [{""pair"": [3, 8, 1, 7], ""acc"": 0.8, ""vel"": 25.46, ""pos"": 866.1, ""error"": 819.5720899500001}], [{""pair"": [0, 8, 0, 7], ""acc"": 1.1, ""vel"": 25.46, ""pos"": 46.9, ""error"": 0.3720899500000989}], [{""pair"": [0, 8, 1, 7], ""acc"": 1.0, ""vel"": 25.46, ""pos"": 866.1, ""error"": 819.5720899500001}], [{""pair"": [1, 8, 0, 7], ""acc"": 0.9, ""vel"": 25.46, ""pos"": 1685.3, ""error"": 1638.77208995}], [{""pair"": [1, 8, 1, 7], ""acc"": 0.8, ""vel"": 25.46, ""pos"": 2504.5, ""error"": 2457.9720899500003}], [{""pair"": [2, 8, 0, 7], ""acc"": 0.9, ""vel"": 25.46, ""pos"": 46.9, ""error"": 0.3720899500000989}], [{""pair"": [2, 8, 1, 7], ""acc"": 0.8, ""vel"": 25.46, ""pos"": 866.1, ""error"": 819.5720899500001}], [{""pair"": [3, 7, 0, 9], ""acc"": 1.2, ""vel"": 25.46, ""pos"": 46.9, ""error"": 0.3720899500000989}], [{""pair"": [3, 7, 1, 9], ""acc"": 0.8, ""vel"": 25.47, ""pos"": 46.9, ""error"": 0.38208995000009693}], [{""pair"": [3, 7, 2, 9], ""acc"": 0.8, ""vel"": 25.46, ""pos"": 46.9, ""error"": 0.3720899500000989}], [{""pair"": [2, 7, 0, 9], ""acc"": 1.2, ""vel"": 25.46, ""pos"": 46.9, ""error"": 0.3720899500000989}], [{""pair"": [2, 7, 1, 9], ""acc"": 0.8, ""vel"": 25.47, ""pos"": 46.9, ""error"": 0.38208995000009693}], [{""pair"": [2, 7, 2, 9], ""acc"": 0.8, ""vel"": 25.46, ""pos"": 46.9, ""error"": 0.3720899500000989}]]",3
271.6,0.016999999999995907,0.795295,25.483528,47.33781834772811,0.8,25.48,47.300000000000004,0.8,25.48,47.3,0.8,25.48,47.3,0.12074497045211247,26.111590126683833,31.002940486560746,-8.0,27.471423841546738,32.725852458336625,0.15504401060387474,26.245910237702397,31.02920017417834,5.647705196664172,16.334877861167364,0.6255795905923976,10.337687876773582,14.611965889391485,0.5318969258263527,6.100678786615955,16.30861817354977,0.6213775032318121,"[[3, 9, 3, 14], [3, 9, 0, 14], [0, 0, 0, 0], [0, 0, 0, 0], [0, 0, 0, 0], [0, 0, 0, 0], [0, 0, 0, 0], [0, 0, 0, 0], [0, 0, 0, 0], [0, 0, 0, 0], [0, 0, 0, 0], [0, 0, 0, 0], [0, 0, 0, 0], [0, 0, 0, 0], [0, 0, 0, 0], [0, 0, 0, 0]]",1,,1,0,1,"[3, 9, 3, 14]","[[[3, 9, 3, 14], [0.8, 25.48, 47.3], 0.0376500499999004], [[3, 9, 0, 14], [13.6, 25.48, 47.3], 0.0376500499999004]]","[[3, 9, 3, 14]]","[{""pair"": [3, 9, 3, 14], ""acc"": 0.8, ""vel"": 25.48, ""pos"": 47.3, ""error"": 0.0376500499999004}]","[[{""pair"": [3, 9, 3, 14], ""acc"": 0.8, ""vel"": 25.48, ""pos"": 47.3, ""error"": 0.0376500499999004}], [{""pair"": [3, 9, 0, 14], ""acc"": 13.6, ""vel"": 25.48, ""pos"": 47.3, ""error"": 0.0376500499999004}]]",3
271.617,0.03299999999995862,0.771725,25.496044,47.77115324385551,0.8,25.5,47.800000000000004,0.8,107.43,47.8,0.8,25.5,47.8,0.10107416381103848,26.11364279118152,31.446854966362494,-6.261967567428236,27.33542384154677,33.19171066364281,0.08694140063602411,26.24854598588266,31.475403052078704,5.590885518207312,16.324298277493014,0.6251252806064143,-105.8148703285326,14.5794425802127,0.5333534487968533,6.045864996900564,16.295750191776804,0.6208248716154106,"[[0, 6, 1, 9], [2, 6, 1, 9], [0, 0, 0, 0], [0, 0, 0, 0], [0, 0, 0, 0], [0, 0, 0, 0], [0, 0, 0, 0], [0, 0, 0, 0], [0, 0, 0, 0], [0, 0, 0, 0], [0, 0, 0, 0], [0, 0, 0, 0], [0, 0, 0, 0], [0, 0, 0, 0], [0, 0, 0, 0], [0, 0, 0, 0]]",1,,1,0,1,"[0, 6, 1, 9]","[[[0, 6, 1, 9], [0.8, 25.5, 47.8], 0.3476755999989116], [[2, 6, 1, 9], [0.8, 107.42, 47.8], 82.25487559999897]]","[[0, 6, 1, 9]]","[{""pair"": [0, 6, 1, 9], ""acc"": 0.8, ""vel"": 25.5, ""pos"": 47.8, ""error"": 0.3476755999989116}]","[[{""pair"": [0, 6, 1, 9], ""acc"": 0.8, ""vel"": 25.5, ""pos"": 47.8, ""error"": 0.3476755999989116}], [{""pair"": [2, 6, 1, 9], ""acc"": 0.8, ""vel"": 107.42, ""pos"": 47.8, ""error"": 82.25487559999897}]]",3
271.65,0.03300000000001546,0.726813,25.520041,48.612942900116956,0.7000000000000001,25.52,48.6,0.7,22.96,48.6,0.7,25.52,48.6,0.05752113853584471,26.11697823858728,32.308660213352596,-8.0,27.128778911821897,34.09037000907227,-0.0024192588312012264,26.251415052103646,32.34165240920439,5.53833234353632,16.30428268676436,0.6242790623715851,16.76344321908922,14.522572891044689,0.5353198143657028,5.991791020073734,16.271290490912563,0.6198252726040637,"[[3, 1, 0, 4], [3, 1, 2, 4], [0, 1, 0, 4], [0, 1, 2, 4], [0, 0, 0, 0], [0, 0, 0, 0], [0, 0, 0, 0], [0, 0, 0, 0], [0, 0, 0, 0], [0, 0, 0, 0], [0, 0, 0, 0], [0, 0, 0, 0], [0, 0, 0, 0], [0, 0, 0, 0], [0, 0, 0, 0], [0, 0, 0, 0]]",1,,1,0,1,"[0, 1, 2, 4]","[[[3, 1, 0, 4], [0.7, 2.48, 48.6], 23.088335600000406], [[3, 1, 2, 4], [0.7, 22.96, 48.6], 2.608335600000405], [[0, 1, 0, 4], [0.7, 5.04, 48.6], 20.528335600000407], [[0, 1, 2, 4], [0.7, 25.52, 48.6], 0.04833560000040649]]","[[0, 1, 2, 4]]","[{""pair"": [0, 1, 2, 4], ""acc"": 0.7, ""vel"": 25.52, ""pos"": 48.6, ""error"": 0.04833560000040649}]","[[{""pair"": [3, 1, 0, 4], ""acc"": 0.7, ""vel"": 2.48, ""pos"": 48.6, ""error"": 23.088335600000406}], [{""pair"": [3, 1, 2, 4], ""acc"": 0.7, ""vel"": 22.96, ""pos"": 48.6, ""error"": 2.608335600000405}], [{""pair"": [0, 1, 0, 4], ""acc"": 0.7, ""vel"": 5.04, ""pos"": 48.6, ""error"": 20.528335600000407}], [{""pair"": [0, 1, 2, 4], ""acc"": 0.7, ""vel"": 25.52, ""pos"": 48.6, ""error"": 0.04833560000040649}]]",3
271.683,0.033999999999991815,0.71177,25.543709,49.45550000279585,0.7000000000000001,25.54,49.5,0.7,22.98,49.3,0.7,25.54,49.5,0.030727528613913316,26.118876436158963,33.17055181548631,-8.0,26.864778911821773,34.981263713162804,-0.07349845261090478,26.251335216562214,33.20794778863779,5.480894286574648,16.28494818730954,0.6234934426491893,15.78872451499866,14.474236289633048,0.5387811430401797,5.9276960624261985,16.247552214158063,0.618922888307309,"[[3, 1, 0, 11], [3, 1, 1, 11], [3, 1, 2, 11], [0, 1, 0, 11], [0, 1, 1, 11], [0, 1, 2, 11], [2, 1, 0, 11], [2, 1, 1, 11], [2, 1, 2, 11], [0, 0, 0, 0], [0, 0, 0, 0], [0, 0, 0, 0], [0, 0, 0, 0], [0, 0, 0, 0], [0, 0, 0, 0], [0, 0, 0, 0]]",1,,1,0,1,"[0, 1, 2, 11]","[[[3, 1, 0, 11], [2.3, 22.98, 49.3], 2.7318845999997947], [[3, 1, 1, 11], [0.7, 23.02, 49.3], 2.6918845999997956], [[3, 1, 2, 11], [0.7, 22.98, 49.5], 2.595715400000195], [[0, 1, 0, 11], [2.3, 25.54, 49.3], 0.171884599999796], [[0, 1, 1, 11], [0.7, 25.58, 49.3], 0.20428459999980575], [[0, 1, 2, 11], [0.7, 25.54, 49.5], 0.03571540000019624], [[2, 1, 0, 11], [2.3, 22.98, 49.3], 2.7318845999997947], [[2, 1, 1, 11], [0.7, 23.02, 49.3], 2.6918845999997956], [[2, 1, 2, 11], [0.7, 22.98, 49.5], 2.595715400000195]]","[[0, 1, 2, 11]]","[{""pair"": [0, 1, 2, 11], ""acc"": 0.7, ""vel"": 25.54, ""pos"": 49.5, ""error"": 0.03571540000019624}]","[[{""pair"": [3, 1, 0, 11], ""acc"": 2.3, ""vel"": 22.98, ""pos"": 49.3, ""error"": 2.7318845999997947}], [{""pair"": [3, 1, 1, 11], ""acc"": 0.7, ""vel"": 23.02, ""pos"": 49.3, ""error"": 2.6918845999997956}], [{""pair"": [3, 1, 2, 11], ""acc"": 0.7, ""vel"": 22.98, ""pos"": 49.5, ""error"": 2.595715400000195}], [{""pair"": [0, 1, 0, 11], ""acc"": 2.3, ""vel"": 25.54, ""pos"": 49.3, ""error"": 0.171884599999796}], [{""pair"": [0, 1, 1, 11], ""acc"": 0.7, ""vel"": 25.58, ""pos"": 49.3, ""error"": 0.20428459999980575}], [{""pair"": [0, 1, 2, 11], ""acc"": 0.7, ""vel"": 25.54, ""pos"": 49.5, ""error"": 0.03571540000019624}], [{""pair"": [2, 1, 0, 11], ""acc"": 2.3, ""vel"": 22.98, ""pos"": 49.3, ""error"": 2.7318845999997947}], [{""pair"": [2, 1, 1, 11], ""acc"": 0.7, ""vel"": 23.02, ""pos"": 49.3, ""error"": 2.6918845999997956}], [{""pair"": [2, 1, 2, 11], ""acc"": 0.7, ""vel"": 22.98, ""pos"": 49.5, ""error"": 2.595715400000195}]]",3
271.717,0.016000000000019554,0.712727,25.567476,50.32439751185564,0.7000000000000001,25.57,50.300000000000004,0.7,25.57,43.9,0.7,25.57,50.3,0.005872048270578814,26.119921172131836,34.058611374827045,-8.0,26.59277891182184,35.89004219616452,-0.1176895291624778,26.248836269173445,34.100450703895085,5.388578494611984,16.2657861370286,0.6227348861367574,6.993714781996948,14.434355315691121,0.5427922882205559,5.82341521978455,16.22394680796056,0.6180825177005623,"[[1, 0, 0, 5], [1, 0, 1, 5], [1, 0, 2, 5], [0, 0, 0, 0], [0, 0, 0, 0], [0, 0, 0, 0], [0, 0, 0, 0], [0, 0, 0, 0], [0, 0, 0, 0], [0, 0, 0, 0], [0, 0, 0, 0], [0, 0, 0, 0], [0, 0, 0, 0], [0, 0, 0, 0], [0, 0, 0, 0], [0, 0, 0, 0]]",1,,1,0,1,"[1, 0, 2, 5]","[[[1, 0, 0, 5], [0.7, 66.53, 50.3], 41.370070399999484], [[1, 0, 1, 5], [0.7, 25.57, 255.1], 205.2100703999995], [[1, 0, 2, 5], [0.7, 25.57, 50.3], 0.4100703999994799]]","[[1, 0, 2, 5]]","[{""pair"": [1, 0, 2, 5], ""acc"": 0.7, ""vel"": 25.57, ""pos"": 50.3, ""error"": 0.4100703999994799}]","[[{""pair"": [1, 0, 0, 5], ""acc"": 0.7, ""vel"": 66.53, ""pos"": 50.3, ""error"": 41.370070399999484}], [{""pair"": [1, 0, 1, 5], ""acc"": 0.7, ""vel"": 25.57, ""pos"": 255.1, ""error"": 205.2100703999995}], [{""pair"": [1, 0, 2, 5], ""acc"": 0.7, ""vel"": 25.57, ""pos"": 50.3, ""error"": 0.4100703999994799}]]",3
271.733,0.016999999999995907,0.713482,25.580109,50.733568356912144,0.7000000000000001,25.580000000000002,50.7,0.7,25.58,50.7,0.7,25.58,50.7,-0.022179944649713835,26.120015124904164,34.47653086520385,-8.0,26.464778911821682,36.31450265875419,-0.16554702305028685,26.246953236706844,34.52041701994264,5.3569258953168,16.257037491708296,0.6223977058959664,6.524485569407272,14.41906569815795,0.5448398320726959,5.785079961787934,16.213151336969503,0.6177155569544397,"[[3, 3, 3, 11], [3, 3, 1, 11], [3, 3, 2, 11], [3, 11, 0, 3], [3, 11, 1, 3], [3, 11, 2, 3], [0, 3, 1, 11], [0, 3, 2, 11], [1, 3, 1, 11], [1, 3, 2, 11], [2, 3, 1, 11], [2, 3, 2, 11], [0, 0, 0, 0], [0, 0, 0, 0], [0, 0, 0, 0], [0, 0, 0, 0]]",1,,1,0,1,"[3, 3, 3, 11]","[[[3, 3, 3, 11], [0.7, 25.58, 50.7], 0.036691149999889205], [[3, 3, 1, 11], [0.7, 25.54, 50.7], 0.07669114999988835], [[3, 3, 2, 11], [0.7, 25.58, 50.5], 0.23669114999989205], [[3, 11, 0, 3], [0.7, 35.82, 50.7], 10.272891149999893], [[3, 11, 1, 3], [0.7, 25.58, 101.9], 51.16710885000011], [[3, 11, 2, 3], [0.7, 25.58, 50.7], 0.036691149999889205], [[0, 3, 1, 11], [0.7, 35.78, 50.7], 10.232891149999894], [[0, 3, 2, 11], [0.7, 35.82, 50.5], 10.472891149999896], [[1, 3, 1, 11], [0.7, 25.54, 101.9], 51.20710885000011], [[1, 3, 2, 11], [0.7, 25.58, 101.7], 50.96710885000011], [[2, 3, 1, 11], [0.7, 25.54, 50.7], 0.07669114999988835], [[2, 3, 2, 11], [0.7, 25.58, 50.5], 0.23669114999989205]]","[[3, 3, 3, 11]]","[{""pair"": [3, 3, 3, 11], ""acc"": 0.7, ""vel"": 25.58, ""pos"": 50.7, ""error"": 0.036691149999889205}]","[[{""pair"": [3, 3, 3, 11], ""acc"": 0.7, ""vel"": 25.58, ""pos"": 50.7, ""error"": 0.036691149999889205}], [{""pair"": [3, 3, 1, 11], ""acc"": 0.7, ""vel"": 25.54, ""pos"": 50.7, ""error"": 0.07669114999988835}], [{""pair"": [3, 3, 2, 11], ""acc"": 0.7, ""vel"": 25.58, ""pos"": 50.5, ""error"": 0.23669114999989205}], [{""pair"": [3, 11, 0, 3], ""acc"": 0.7, ""vel"": 35.82, ""pos"": 50.7, ""error"": 10.272891149999893}], [{""pair"": [3, 11, 1, 3], ""acc"": 0.7, ""vel"": 25.58, ""pos"": 101.9, ""error"": 51.16710885000011}], [{""pair"": [3, 11, 2, 3], ""acc"": 0.7, ""vel"": 25.58, ""pos"": 50.7, ""error"": 0.036691149999889205}], [{""pair"": [0, 3, 1, 11], ""acc"": 0.7, ""vel"": 35.78, ""pos"": 50.7, ""error"": 10.232891149999894}], [{""pair"": [0, 3, 2, 11], ""acc"": 0.7, ""vel"": 35.82, ""pos"": 50.5, ""error"": 10.472891149999896}], [{""pair"": [1, 3, 1, 11], ""acc"": 0.7, ""vel"": 25.54, ""pos"": 101.9, ""error"": 51.20710885000011}], [{""pair"": [1, 3, 2, 11], ""acc"": 0.7, ""vel"": 25.58, ""pos"": 101.7, ""error"": 50.96710885000011}], [{""pair"": [2, 3, 1, 11], ""acc"": 0.7, ""vel"": 25.54, ""pos"": 50.7, ""error"": 0.07669114999988835}], [{""pair"": [2, 3, 2, 11], ""acc"": 0.7, ""vel"": 25.58, ""pos"": 50.5, ""error"": 0.23669114999989205}]]",3
271.75,0.016999999999995907,0.712228,25.591946,51.168533308061036,0.7000000000000001,25.59,51.2,0.7,25.55,51.2,0.7,25.59,51.2,-0.03886317782635311,26.11963806584512,34.92056791732511,-8.0,26.328778911821715,36.76324790025505,-0.20122963282322612,26.24413893731499,34.96659130342172,5.323675849756093,16.247965390735928,0.6220593619933154,6.15800907790641,14.405285407805984,0.5471307824814451,5.7435844287997915,16.201942004639314,0.6173546803474177,"[[3, 15, 0, 11], [3, 15, 1, 11], [3, 15, 2, 11], [0, 11, 1, 15], [1, 11, 1, 15], [2, 11, 1, 15], [0, 0, 0, 0], [0, 0, 0, 0], [0, 0, 0, 0], [0, 0, 0, 0], [0, 0, 0, 0], [0, 0, 0, 0], [0, 0, 0, 0], [0, 0, 0, 0], [0, 0, 0, 0], [0, 0, 0, 0]]",1,,1,0,1,"[3, 15, 1, 11]","[[[3, 15, 0, 11], [2.3, 25.55, 51.2], 0.10693885000010184], [[3, 15, 1, 11], [0.7, 25.59, 51.2], 0.06693885000010269], [[3, 15, 2, 11], [0.7, 25.55, 51.4], 0.3069388500000976], [[0, 11, 1, 15], [2.3, 24.91, 51.2], 0.7469388500001024], [[1, 11, 1, 15], [0.7, 24.95, 51.2], 0.7069388500001033], [[2, 11, 1, 15], [0.7, 24.91, 51.4], 0.9469388500000981]]","[[3, 15, 1, 11]]","[{""pair"": [3, 15, 1, 11], ""acc"": 0.7, ""vel"": 25.59, ""pos"": 51.2, ""error"": 0.06693885000010269}]","[[{""pair"": [3, 15, 0, 11], ""acc"": 2.3, ""vel"": 25.55, ""pos"": 51.2, ""error"": 0.10693885000010184}], [{""pair"": [3, 15, 1, 11], ""acc"": 0.7, ""vel"": 25.59, ""pos"": 51.2, ""error"": 0.06693885000010269}], [{""pair"": [3, 15, 2, 11], ""acc"": 0.7, ""vel"": 25.55, ""pos"": 51.4, ""error"": 0.3069388500000976}], [{""pair"": [0, 11, 1, 15], ""acc"": 2.3, ""vel"": 24.91, ""pos"": 51.2, ""error"": 0.7469388500001024}], [{""pair"": [1, 11, 1, 15], ""acc"": 0.7, ""vel"": 24.95, ""pos"": 51.2, ""error"": 0.7069388500001033}], [{""pair"": [2, 11, 1, 15], ""acc"": 0.7, ""vel"": 24.91, ""pos"": 51.4, ""error"": 0.9469388500000981}]]",3
271.767,0.03300000000001546,0.708539,25.603685,51.603699307006934,0.7000000000000001,25.6,51.6,1.5,20.48,51.6,0.7,25.6,51.6,-0.08369879233831413,26.11897739182207,35.36459614871517,-8.0,26.192778911821748,37.209681141755915,-0.28134702006959944,26.240718033556995,35.41271258767403,5.2894589888392325,16.239103158291762,0.6217357944257141,20.28373208640555,14.394018165251019,0.5495414676582666,5.700026985645893,16.190986719332905,0.6170176707294232,"[[3, 2, 3, 10], [3, 2, 0, 10], [3, 10, 0, 2], [3, 10, 1, 2], [0, 2, 0, 10], [1, 2, 0, 10], [0, 0, 0, 0], [0, 0, 0, 0], [0, 0, 0, 0], [0, 0, 0, 0], [0, 0, 0, 0], [0, 0, 0, 0], [0, 0, 0, 0], [0, 0, 0, 0], [0, 0, 0, 0], [0, 0, 0, 0]]",1,,1,0,1,"[0, 2, 0, 10]","[[[3, 2, 3, 10], [1.5, 20.48, 51.6], 5.577951150000413], [[3, 2, 0, 10], [0.7, 20.48, 51.6], 5.577951150000413], [[3, 10, 0, 2], [1.5, 25.6, 51.6], 0.45795115000041164], [[3, 10, 1, 2], [1.5, 20.48, 77.2], 30.288248849999608], [[0, 2, 0, 10], [0.7, 25.6, 51.6], 0.45795115000041164], [[1, 2, 0, 10], [0.7, 20.48, 77.2], 30.288248849999608]]","[[0, 2, 0, 10]]","[{""pair"": [0, 2, 0, 10], ""acc"": 0.7, ""vel"": 25.6, ""pos"": 51.6, ""error"": 0.45795115000041164}]","[[{""pair"": [3, 2, 3, 10], ""acc"": 1.5, ""vel"": 20.48, ""pos"": 51.6, ""error"": 5.577951150000413}], [{""pair"": [3, 2, 0, 10], ""acc"": 0.7, ""vel"": 20.48, ""pos"": 51.6, ""error"": 5.577951150000413}], [{""pair"": [3, 10, 0, 2], ""acc"": 1.5, ""vel"": 25.6, ""pos"": 51.6, ""error"": 0.45795115000041164}], [{""pair"": [3, 10, 1, 2], ""acc"": 1.5, ""vel"": 20.48, ""pos"": 77.2, ""error"": 30.288248849999608}], [{""pair"": [0, 2, 0, 10], ""acc"": 0.7, ""vel"": 25.6, ""pos"": 51.6, ""error"": 0.45795115000041164}], [{""pair"": [1, 2, 0, 10], ""acc"": 0.7, ""vel"": 20.48, ""pos"": 77.2, ""error"": 30.288248849999608}]]",3
271.8,0.03300000000001546,0.697176,25.626118,52.44900671149283,0.7000000000000001,25.63,52.400000000000006,0.7,25.63,81.2,0.7,25.63,52.4,-0.14247732406264502,26.116215331674905,36.226476828653276,1.7179808001240744,25.928778911821624,38.069686845846434,-0.3720724175995882,26.231433581894695,36.27850308932939,5.1841092363182035,16.222529882839552,0.6211669522866948,4.555670132315022,14.379319865646394,0.5545698821586418,5.572593843274017,16.170503622163437,0.6164551995101231,"[[3, 2, 2, 15], [2, 15, 0, 2], [2, 15, 1, 2], [2, 15, 2, 2], [0, 0, 0, 0], [0, 0, 0, 0], [0, 0, 0, 0], [0, 0, 0, 0], [0, 0, 0, 0], [0, 0, 0, 0], [0, 0, 0, 0], [0, 0, 0, 0], [0, 0, 0, 0], [0, 0, 0, 0], [0, 0, 0, 0], [0, 0, 0, 0]]",1,,1,0,1,"[2, 15, 1, 2]","[[[3, 2, 2, 15], [0.7, 25.63, 78.0], 25.561718849999586], [[2, 15, 0, 2], [0.7, 20.51, 78.0], 30.66791884999961], [[2, 15, 1, 2], [0.7, 25.63, 52.4], 0.05208115000039015], [[2, 15, 2, 2], [0.7, 25.63, 78.0], 25.561718849999586]]","[[2, 15, 1, 2]]","[{""pair"": [2, 15, 1, 2], ""acc"": 0.7, ""vel"": 25.63, ""pos"": 52.4, ""error"": 0.05208115000039015}]","[[{""pair"": [3, 2, 2, 15], ""acc"": 0.7, ""vel"": 25.63, ""pos"": 78.0, ""error"": 25.561718849999586}], [{""pair"": [2, 15, 0, 2], ""acc"": 0.7, ""vel"": 20.51, ""pos"": 78.0, ""error"": 30.66791884999961}], [{""pair"": [2, 15, 1, 2], ""acc"": 0.7, ""vel"": 25.63, ""pos"": 52.4, ""error"": 0.05208115000039015}], [{""pair"": [2, 15, 2, 2], ""acc"": 0.7, ""vel"": 25.63, ""pos"": 78.0, ""error"": 25.561718849999586}]]",3
271.833,0.016999999999995907,0.662965,25.648708,53.295048217825226,0.7000000000000001,25.650000000000002,53.300000000000004,0.7,25.65,66.1,0.7,25.65,53.3,-0.16214010906812895,26.111513579980837,37.088234355695995,3.5373765656879383,25.985472278225746,38.92627199048262,-0.40643119046279574,26.219155192113902,37.143937804100936,5.1041914478433075,16.20681386212923,0.6206769214081356,4.681189072975005,14.368776227342607,0.5529542073931353,5.467015455970985,16.15111041372429,0.61600422650468,"[[3, 0, 1, 1], [3, 0, 2, 1], [0, 0, 1, 1], [0, 0, 2, 1], [1, 0, 1, 1], [1, 0, 2, 1], [2, 0, 1, 1], [2, 0, 2, 1], [0, 0, 0, 0], [0, 0, 0, 0], [0, 0, 0, 0], [0, 0, 0, 0], [0, 0, 0, 0], [0, 0, 0, 0], [0, 0, 0, 0], [0, 0, 0, 0]]",1,,1,0,1,"[3, 0, 1, 1]","[[[3, 0, 1, 1], [0.7, 25.65, 53.3], 0.47228885000010834], [[3, 0, 2, 1], [0.7, 25.65, 66.1], 13.272288850000105], [[0, 0, 1, 1], [0.7, 26.93, 53.3], 1.7522888500001095], [[0, 0, 2, 1], [0.7, 26.93, 66.1], 14.552288850000107], [[1, 0, 1, 1], [0.7, 25.65, 59.7], 6.872288850000114], [[1, 0, 2, 1], [0.7, 25.65, 72.5], 19.67228885000011], [[2, 0, 1, 1], [0.7, 25.65, 53.3], 0.47228885000010834], [[2, 0, 2, 1], [0.7, 25.65, 66.1], 13.272288850000105]]","[[3, 0, 1, 1]]","[{""pair"": [3, 0, 1, 1], ""acc"": 0.7, ""vel"": 25.65, ""pos"": 53.3, ""error"": 0.47228885000010834}]","[[{""pair"": [3, 0, 1, 1], ""acc"": 0.7, ""vel"": 25.65, ""pos"": 53.3, ""error"": 0.47228885000010834}], [{""pair"": [3, 0, 2, 1], ""acc"": 0.7, ""vel"": 25.65, ""pos"": 66.1, ""error"": 13.272288850000105}], [{""pair"": [0, 0, 1, 1], ""acc"": 0.7, ""vel"": 26.93, ""pos"": 53.3, ""error"": 1.7522888500001095}], [{""pair"": [0, 0, 2, 1], ""acc"": 0.7, ""vel"": 26.93, ""pos"": 66.1, ""error"": 14.552288850000107}], [{""pair"": [1, 0, 1, 1], ""acc"": 0.7, ""vel"": 25.65, ""pos"": 59.7, ""error"": 6.872288850000114}], [{""pair"": [1, 0, 2, 1], ""acc"": 0.7, ""vel"": 25.65, ""pos"": 72.5, ""error"": 19.67228885000011}], [{""pair"": [2, 0, 1, 1], ""acc"": 0.7, ""vel"": 25.65, ""pos"": 53.3, ""error"": 0.47228885000010834}], [{""pair"": [2, 0, 2, 1], ""acc"": 0.7, ""vel"": 25.65, ""pos"": 66.1, ""error"": 13.272288850000105}]]",3
271.85,0.016999999999995907,0.634529,25.658197,53.731172052267624,0.6000000000000001,25.66,53.7,0.6,25.66,2.5,0.6,25.66,53.7,-0.19058008190676773,26.10875719812668,37.532106657309804,-8.0,26.045607679842426,39.36853617012609,-0.4486829545982273,26.212245861876035,37.58960471305974,5.062850871733396,16.19906539495782,0.6204456716200998,4.850690731250918,14.362635882141532,0.5514417654865185,5.411614156402431,16.14156733920788,0.615802530781413,"[[3, 3, 0, 5], [3, 3, 1, 5], [3, 3, 2, 5], [0, 3, 0, 5], [0, 3, 1, 5], [0, 3, 2, 5], [1, 3, 0, 5], [1, 3, 1, 5], [1, 3, 2, 5], [2, 3, 0, 5], [2, 3, 1, 5], [2, 3, 2, 5], [0, 0, 0, 0], [0, 0, 0, 0], [0, 0, 0, 0], [0, 0, 0, 0]]",1,,1,0,1,"[1, 3, 2, 5]","[[[3, 3, 0, 5], [0.6, 66.62, 2.5], 92.1942511499999], [[3, 3, 1, 5], [0.6, 25.66, 207.3], 153.56574885000012], [[3, 3, 2, 5], [0.6, 25.66, 2.5], 51.23805114999989], [[0, 3, 0, 5], [0.6, 76.86, 2.5], 102.4342511499999], [[0, 3, 1, 5], [0.6, 35.9, 207.3], 163.80194885000012], [[0, 3, 2, 5], [0.6, 35.9, 2.5], 61.474251149999894], [[1, 3, 0, 5], [0.6, 66.62, 53.7], 40.9942511499999], [[1, 3, 1, 5], [0.6, 25.66, 258.5], 204.7657488500001], [[1, 3, 2, 5], [0.6, 25.66, 53.7], 0.038051149999883904], [[2, 3, 0, 5], [0.6, 66.62, 2.5], 92.1942511499999], [[2, 3, 1, 5], [0.6, 25.66, 207.3], 153.56574885000012], [[2, 3, 2, 5], [0.6, 25.66, 2.5], 51.23805114999989]]","[[1, 3, 2, 5]]","[{""pair"": [1, 3, 2, 5], ""acc"": 0.6, ""vel"": 25.66, ""pos"": 53.7, ""error"": 0.038051149999883904}]","[[{""pair"": [3, 3, 0, 5], ""acc"": 0.6, ""vel"": 66.62, ""pos"": 2.5, ""error"": 92.1942511499999}], [{""pair"": [3, 3, 1, 5], ""acc"": 0.6, ""vel"": 25.66, ""pos"": 207.3, ""error"": 153.56574885000012}], [{""pair"": [3, 3, 2, 5], ""acc"": 0.6, ""vel"": 25.66, ""pos"": 2.5, ""error"": 51.23805114999989}], [{""pair"": [0, 3, 0, 5], ""acc"": 0.6, ""vel"": 76.86, ""pos"": 2.5, ""error"": 102.4342511499999}], [{""pair"": [0, 3, 1, 5], ""acc"": 0.6, ""vel"": 35.9, ""pos"": 207.3, ""error"": 163.80194885000012}], [{""pair"": [0, 3, 2, 5], ""acc"": 0.6, ""vel"": 35.9, ""pos"": 2.5, ""error"": 61.474251149999894}], [{""pair"": [1, 3, 0, 5], ""acc"": 0.6, ""vel"": 66.62, ""pos"": 53.7, ""error"": 40.9942511499999}], [{""pair"": [1, 3, 1, 5], ""acc"": 0.6, ""vel"": 25.66, ""pos"": 258.5, ""error"": 204.7657488500001}], [{""pair"": [1, 3, 2, 5], ""acc"": 0.6, ""vel"": 25.66, ""pos"": 53.7, ""error"": 0.038051149999883904}], [{""pair"": [2, 3, 0, 5], ""acc"": 0.6, ""vel"": 66.62, ""pos"": 2.5, ""error"": 92.1942511499999}], [{""pair"": [2, 3, 1, 5], ""acc"": 0.6, ""vel"": 25.66, ""pos"": 207.3, ""error"": 153.56574885000012}], [{""pair"": [2, 3, 2, 5], ""acc"": 0.6, ""vel"": 25.66, ""pos"": 2.5, ""error"": 51.23805114999989}]]",3
271.867,0.01599999999996271,0.609067,25.668072,54.16745309070802,0.6000000000000001,25.67,54.2,0.6,25.62,54.2,0.6,25.67,54.2,-0.20622604941810602,26.105517336734263,37.975927990856015,-7.979252227175984,25.90960767984246,39.8101555006833,-0.47648921651701387,26.204618251647865,38.03514805802459,5.019872697331744,16.191525099852008,0.6202338337523836,4.523671400693704,14.357297590024722,0.5541302580661854,5.3537816823270585,16.132305032683433,0.6156283170302991,"[[3, 11, 1, 9], [3, 11, 2, 9], [0, 11, 1, 9], [0, 11, 2, 9], [1, 11, 1, 9], [1, 11, 2, 9], [0, 0, 0, 0], [0, 0, 0, 0], [0, 0, 0, 0], [0, 0, 0, 0], [0, 0, 0, 0], [0, 0, 0, 0], [0, 0, 0, 0], [0, 0, 0, 0], [0, 0, 0, 0], [0, 0, 0, 0]]",1,,1,0,1,"[1, 11, 1, 9]","[[[3, 11, 1, 9], [0.6, 25.63, 54.2], 0.12896320000093198], [[3, 11, 2, 9], [0.6, 25.62, 54.2], 0.13896320000093], [[0, 11, 1, 9], [2.2, 25.63, 54.2], 0.12896320000093198], [[0, 11, 2, 9], [2.2, 25.62, 54.2], 0.13896320000093], [[1, 11, 1, 9], [0.6, 25.67, 54.2], 0.08976320000097715], [[1, 11, 2, 9], [0.6, 25.66, 54.2], 0.09896320000093084]]","[[1, 11, 1, 9]]","[{""pair"": [1, 11, 1, 9], ""acc"": 0.6, ""vel"": 25.67, ""pos"": 54.2, ""error"": 0.08976320000097715}]","[[{""pair"": [3, 11, 1, 9], ""acc"": 0.6, ""vel"": 25.63, ""pos"": 54.2, ""error"": 0.12896320000093198}], [{""pair"": [3, 11, 2, 9], ""acc"": 0.6, ""vel"": 25.62, ""pos"": 54.2, ""error"": 0.13896320000093}], [{""pair"": [0, 11, 1, 9], ""acc"": 2.2, ""vel"": 25.63, ""pos"": 54.2, ""error"": 0.12896320000093198}], [{""pair"": [0, 11, 2, 9], ""acc"": 2.2, ""vel"": 25.62, ""pos"": 54.2, ""error"": 0.13896320000093}], [{""pair"": [1, 11, 1, 9], ""acc"": 0.6, ""vel"": 25.67, ""pos"": 54.2, ""error"": 0.08976320000097715}], [{""pair"": [1, 11, 2, 9], ""acc"": 0.6, ""vel"": 25.66, ""pos"": 54.2, ""error"": 0.09896320000093084}]]",3
271.883,0.016999999999995907,0.603358,25.678179,54.57822020328307,0.6000000000000001,25.68,54.6,0.6,25.68,54.6,0.6,25.68,54.6,-0.2243732405203654,26.10221771994358,38.393589871308464,-7.940364180185415,25.78193964420794,40.22368787927474,-0.506714513812157,26.19699442418361,38.45436095943026,4.976682390702902,16.184630331974603,0.6200480934464286,3.9060697030196145,14.354532324008325,0.556766966415312,5.295956746212563,16.123859243852806,0.615485081333153,"[[3, 6, 3, 7], [3, 6, 0, 7], [3, 6, 1, 7], [3, 6, 2, 7], [3, 7, 0, 6], [3, 7, 1, 6], [3, 7, 2, 6], [0, 6, 0, 7], [0, 6, 1, 7], [0, 6, 2, 7], [1, 6, 0, 7], [1, 6, 1, 7], [1, 6, 2, 7], [2, 6, 0, 7], [2, 6, 1, 7], [2, 6, 2, 7]]",1,,1,0,1,"[3, 6, 3, 7]","[[[3, 6, 3, 7], [0.6, 25.68, 54.6], 0.036676699999894424], [[3, 6, 0, 7], [0.7, 25.68, 54.6], 0.036676699999894424], [[3, 6, 1, 7], [0.6, 25.68, 873.8], 819.1637233], [[3, 6, 2, 7], [0.6, 25.68, 54.6], 0.036676699999894424], [[3, 7, 0, 6], [0.6, 107.6, 54.6], 81.95627669999989], [[3, 7, 1, 6], [0.6, 25.68, 464.2], 409.5637233000001], [[3, 7, 2, 6], [0.6, 25.68, 54.6], 0.036676699999894424], [[0, 6, 0, 7], [0.7, 107.6, 54.6], 81.95627669999989], [[0, 6, 1, 7], [0.6, 107.6, 873.8], 901.0833233000001], [[0, 6, 2, 7], [0.6, 107.6, 54.6], 81.95627669999989], [[1, 6, 0, 7], [0.7, 25.68, 464.2], 409.5637233000001], [[1, 6, 1, 7], [0.6, 25.68, 1283.4], 1228.7637233], [[1, 6, 2, 7], [0.6, 25.68, 464.2], 409.5637233000001], [[2, 6, 0, 7], [0.7, 25.68, 54.6], 0.036676699999894424], [[2, 6, 1, 7], [0.6, 25.68, 873.8], 819.1637233], [[2, 6, 2, 7], [0.6, 25.68, 54.6], 0.036676699999894424]]","[[3, 6, 3, 7]]","[{""pair"": [3, 6, 3, 7], ""acc"": 0.6, ""vel"": 25.68, ""pos"": 54.6, ""error"": 0.036676699999894424}]","[[{""pair"": [3, 6, 3, 7], ""acc"": 0.6, ""vel"": 25.68, ""pos"": 54.6, ""error"": 0.036676699999894424}], [{""pair"": [3, 6, 0, 7], ""acc"": 0.7, ""vel"": 25.68, ""pos"": 54.6, ""error"": 0.036676699999894424}], [{""pair"": [3, 6, 1, 7], ""acc"": 0.6, ""vel"": 25.68, ""pos"": 873.8, ""error"": 819.1637233}], [{""pair"": [3, 6, 2, 7], ""acc"": 0.6, ""vel"": 25.68, ""pos"": 54.6, ""error"": 0.036676699999894424}], [{""pair"": [3, 7, 0, 6], ""acc"": 0.6, ""vel"": 107.6, ""pos"": 54.6, ""error"": 81.95627669999989}], [{""pair"": [3, 7, 1, 6], ""acc"": 0.6, ""vel"": 25.68, ""pos"": 464.2, ""error"": 409.5637233000001}], [{""pair"": [3, 7, 2, 6], ""acc"": 0.6, ""vel"": 25.68, ""pos"": 54.6, ""error"": 0.036676699999894424}], [{""pair"": [0, 6, 0, 7], ""acc"": 0.7, ""vel"": 107.6, ""pos"": 54.6, ""error"": 81.95627669999989}], [{""pair"": [0, 6, 1, 7], ""acc"": 0.6, ""vel"": 107.6, ""pos"": 873.8, ""error"": 901.0833233000001}], [{""pair"": [0, 6, 2, 7], ""acc"": 0.6, ""vel"": 107.6, ""pos"": 54.6, ""error"": 81.95627669999989}], [{""pair"": [1, 6, 0, 7], ""acc"": 0.7, ""vel"": 25.68, ""pos"": 464.2, ""error"": 409.5637233000001}], [{""pair"": [1, 6, 1, 7], ""acc"": 0.6, ""vel"": 25.68, ""pos"": 1283.4, ""error"": 1228.7637233}], [{""pair"": [1, 6, 2, 7], ""acc"": 0.6, ""vel"": 25.68, ""pos"": 464.2, ""error"": 409.5637233000001}], [{""pair"": [2, 6, 0, 7], ""acc"": 0.7, ""vel"": 25.68, ""pos"": 54.6, ""error"": 0.036676699999894424}], [{""pair"": [2, 6, 1, 7], ""acc"": 0.6, ""vel"": 25.68, ""pos"": 873.8, ""error"": 819.1637233}], [{""pair"": [2, 6, 2, 7], ""acc"": 0.6, ""vel"": 25.68, ""pos"": 54.6, ""error"": 0.036676699999894424}]]",3
271.9,0.03300000000001546,0.614549,25.688623,55.01483643151396,0.6000000000000001,25.69,55.0,0.6,25.73,55.0,0.6,25.69,55.0,-0.27097975830229465,26.098403374854737,38.83729515061414,-7.840488347591054,25.64695345314482,40.660833470602135,-0.5750183108504454,26.188380277448807,38.89963664439403,4.931750257274787,16.177541280899824,0.6198670872137161,3.2980279345505457,14.354002960911828,0.5596767267946885,5.234785625011726,16.115199787119934,0.6153568726431304,"[[3, 8, 1, 11], [3, 8, 2, 11], [1, 8, 1, 11], [1, 8, 2, 11], [2, 8, 1, 11], [2, 8, 2, 11], [0, 0, 0, 0], [0, 0, 0, 0], [0, 0, 0, 0], [0, 0, 0, 0], [0, 0, 0, 0], [0, 0, 0, 0], [0, 0, 0, 0], [0, 0, 0, 0], [0, 0, 0, 0], [0, 0, 0, 0]]",1,,1,0,1,"[3, 8, 1, 11]","[[[3, 8, 1, 11], [0.6, 25.69, 55.0], 0.45756670000040955], [[3, 8, 2, 11], [0.6, 25.73, 54.8], 0.6779667000003933], [[1, 8, 1, 11], [0.6, 25.69, 1693.4], 1637.9620332999998], [[1, 8, 2, 11], [0.6, 25.73, 1693.2], 1637.7824332999996], [[2, 8, 1, 11], [0.6, 25.69, 55.0], 0.45756670000040955], [[2, 8, 2, 11], [0.6, 25.73, 54.8], 0.6779667000003933]]","[[3, 8, 1, 11]]","[{""pair"": [3, 8, 1, 11], ""acc"": 0.6, ""vel"": 25.69, ""pos"": 55.0, ""error"": 0.45756670000040955}]","[[{""pair"": [3, 8, 1, 11], ""acc"": 0.6, ""vel"": 25.69, ""pos"": 55.0, ""error"": 0.45756670000040955}], [{""pair"": [3, 8, 2, 11], ""acc"": 0.6, ""vel"": 25.73, ""pos"": 54.8, ""error"": 0.6779667000003933}], [{""pair"": [1, 8, 1, 11], ""acc"": 0.6, ""vel"": 25.69, ""pos"": 1693.4, ""error"": 1637.9620332999998}], [{""pair"": [1, 8, 2, 11], ""acc"": 0.6, ""vel"": 25.73, ""pos"": 1693.2, ""error"": 1637.7824332999996}], [{""pair"": [2, 8, 1, 11], ""acc"": 0.6, ""vel"": 25.69, ""pos"": 55.0, ""error"": 0.45756670000040955}], [{""pair"": [2, 8, 2, 11], ""acc"": 0.6, ""vel"": 25.73, ""pos"": 54.8, ""error"": 0.6779667000003933}]]",3
271.933,0.016999999999995907,0.610851,25.708889,55.86289561244486,0.6000000000000001,25.71,55.900000000000006,0.6,25.69,62.3,0.6,25.71,55.9,-0.2841925196083184,26.089461042830756,39.698394913506355,-6.6395996257474446,25.388217337674195,41.50291378865104,-0.5975934606062663,26.169404673190733,39.763540096079986,4.837438448369559,16.164500698938504,0.6195797096920261,2.5754142078286995,14.359981823793817,0.5656159955147654,5.10654302664514,16.099355516364874,0.6151976217043207,"[[3, 10, 1, 0], [3, 10, 2, 0], [1, 0, 0, 10], [1, 0, 1, 10], [2, 0, 0, 10], [2, 0, 1, 10], [0, 0, 0, 0], [0, 0, 0, 0], [0, 0, 0, 0], [0, 0, 0, 0], [0, 0, 0, 0], [0, 0, 0, 0], [0, 0, 0, 0], [0, 0, 0, 0], [0, 0, 0, 0], [0, 0, 0, 0]]",1,,1,0,1,"[1, 0, 1, 10]","[[[3, 10, 1, 0], [0.6, 25.69, 55.9], 0.4733833000001013], [[3, 10, 2, 0], [0.6, 25.69, 62.3], 6.8733833000001], [[1, 0, 0, 10], [1.4, 25.69, 55.9], 0.4733833000001013], [[1, 0, 1, 10], [0.6, 25.71, 55.9], 0.4729833000001058], [[2, 0, 0, 10], [1.4, 25.69, 62.3], 6.8733833000001], [[2, 0, 1, 10], [0.6, 25.71, 62.3], 6.872983300000104]]","[[1, 0, 1, 10]]","[{""pair"": [1, 0, 1, 10], ""acc"": 0.6, ""vel"": 25.71, ""pos"": 55.9, ""error"": 0.4729833000001058}]","[[{""pair"": [3, 10, 1, 0], ""acc"": 0.6, ""vel"": 25.69, ""pos"": 55.9, ""error"": 0.4733833000001013}], [{""pair"": [3, 10, 2, 0], ""acc"": 0.6, ""vel"": 25.69, ""pos"": 62.3, ""error"": 6.8733833000001}], [{""pair"": [1, 0, 0, 10], ""acc"": 1.4, ""vel"": 25.69, ""pos"": 55.9, ""error"": 0.4733833000001013}], [{""pair"": [1, 0, 1, 10], ""acc"": 0.6, ""vel"": 25.71, ""pos"": 55.9, ""error"": 0.4729833000001058}], [{""pair"": [2, 0, 0, 10], ""acc"": 1.4, ""vel"": 25.69, ""pos"": 62.3, ""error"": 6.8733833000001}], [{""pair"": [2, 0, 1, 10], ""acc"": 0.6, ""vel"": 25.71, ""pos"": 62.3, ""error"": 6.872983300000104}]]",3
271.95,0.016999999999995907,0.569721,25.717672,56.30003499341425,0.6000000000000001,25.72,56.300000000000004,0.6,25.68,56.3,0.6,25.72,56.3,-0.3032983467132656,26.084629769997417,40.14187468541529,-6.589728591750256,25.275344144036517,41.93355406124548,-0.6251592981477689,26.15924558436043,40.20833362326906,4.789057366864465,16.158160307998962,0.6194513953417926,2.2388232643712183,14.36648093216877,0.5683990235819759,5.0401576548660945,16.091701370145188,0.6151439390043333,"[[3, 11, 3, 13], [3, 12, 0, 11], [3, 12, 1, 11], [0, 12, 0, 11], [0, 12, 1, 11], [2, 12, 0, 11], [2, 12, 1, 11], [3, 11, 0, 13], [3, 11, 1, 13], [3, 11, 2, 13], [3, 13, 2, 11], [2, 11, 0, 13], [2, 11, 1, 13], [2, 11, 2, 13], [0, 0, 0, 0], [0, 0, 0, 0]]",1,,1,0,1,"[3, 12, 1, 11]","[[[3, 11, 3, 13], [0.6, 25.68, 56.3], 0.07735669999988914], [[3, 12, 0, 11], [2.2, 25.68, 56.3], 0.07735669999988914], [[3, 12, 1, 11], [0.6, 25.72, 56.3], 0.03735669999989], [[0, 12, 0, 11], [5.4, 25.68, 56.3], 0.07735669999988914], [[0, 12, 1, 11], [3.8, 25.72, 56.3], 0.03735669999989], [[2, 12, 0, 11], [2.2, 25.68, 56.7], 0.4030433000001139], [[2, 12, 1, 11], [0.6, 25.72, 56.7], 0.36304330000011475], [[3, 11, 0, 13], [7.0, 25.68, 56.3], 0.07735669999988914], [[3, 11, 1, 13], [0.6, 25.84, 56.3], 0.15695669999989192], [[3, 11, 2, 13], [0.6, 25.68, 57.1], 0.8030433000001125], [[3, 13, 2, 11], [0.6, 25.68, 56.1], 0.2773566999998849], [[2, 11, 0, 13], [7.0, 25.68, 56.1], 0.2773566999998849], [[2, 11, 1, 13], [0.6, 25.84, 56.1], 0.35695669999988766], [[2, 11, 2, 13], [0.6, 25.68, 56.9], 0.6030433000001096]]","[[3, 12, 1, 11]]","[{""pair"": [3, 12, 1, 11], ""acc"": 0.6, ""vel"": 25.72, ""pos"": 56.3, ""error"": 0.03735669999989}]","[[{""pair"": [3, 11, 3, 13], ""acc"": 0.6, ""vel"": 25.68, ""pos"": 56.3, ""error"": 0.07735669999988914}], [{""pair"": [3, 12, 0, 11], ""acc"": 2.2, ""vel"": 25.68, ""pos"": 56.3, ""error"": 0.07735669999988914}], [{""pair"": [3, 12, 1, 11], ""acc"": 0.6, ""vel"": 25.72, ""pos"": 56.3, ""error"": 0.03735669999989}], [{""pair"": [0, 12, 0, 11], ""acc"": 5.4, ""vel"": 25.68, ""pos"": 56.3, ""error"": 0.07735669999988914}], [{""pair"": [0, 12, 1, 11], ""acc"": 3.8, ""vel"": 25.72, ""pos"": 56.3, ""error"": 0.03735669999989}], [{""pair"": [2, 12, 0, 11], ""acc"": 2.2, ""vel"": 25.68, ""pos"": 56.7, ""error"": 0.4030433000001139}], [{""pair"": [2, 12, 1, 11], ""acc"": 0.6, ""vel"": 25.72, ""pos"": 56.7, ""error"": 0.36304330000011475}], [{""pair"": [3, 11, 0, 13], ""acc"": 7.0, ""vel"": 25.68, ""pos"": 56.3, ""error"": 0.07735669999988914}], [{""pair"": [3, 11, 1, 13], ""acc"": 0.6, ""vel"": 25.84, ""pos"": 56.3, ""error"": 0.15695669999989192}], [{""pair"": [3, 11, 2, 13], ""acc"": 0.6, ""vel"": 25.68, ""pos"": 57.1, ""error"": 0.8030433000001125}], [{""pair"": [3, 13, 2, 11], ""acc"": 0.6, ""vel"": 25.68, ""pos"": 56.1, ""error"": 0.2773566999998849}], [{""pair"": [2, 11, 0, 13], ""acc"": 7.0, ""vel"": 25.68, ""pos"": 56.1, ""error"": 0.2773566999998849}], [{""pair"": [2, 11, 1, 13], ""acc"": 0.6, ""vel"": 25.84, ""pos"": 56.1, ""error"": 0.35695669999988766}], [{""pair"": [2, 11, 2, 13], ""acc"": 0.6, ""vel"": 25.68, ""pos"": 56.9, ""error"": 0.6030433000001096}]]",3
271.967,0.016000000000019554,0.516621,25.725542,56.73731774209865,0.5,25.73,56.7,6.9,25.73,56.7,0.5,25.73,56.7,-0.32917512342211586,26.079473698103293,40.58526956489404,-6.366682898584769,25.16331875797679,42.36228269591249,-0.6581516502091307,26.148617876291922,40.652950462684494,4.7395753929391695,16.152048177204605,0.6193394991088073,1.713813808019335,14.375035046186156,0.5712694412230207,4.9721940901500306,16.084367279414153,0.6151134777183505,"[[3, 7, 0, 13], [0, 7, 0, 13], [0, 0, 0, 0], [0, 0, 0, 0], [0, 0, 0, 0], [0, 0, 0, 0], [0, 0, 0, 0], [0, 0, 0, 0], [0, 0, 0, 0], [0, 0, 0, 0], [0, 0, 0, 0], [0, 0, 0, 0], [0, 0, 0, 0], [0, 0, 0, 0], [0, 0, 0, 0], [0, 0, 0, 0]]",1,,1,0,1,"[3, 7, 0, 13]","[[[3, 7, 0, 13], [0.5, 25.73, 56.7], 0.011996800000485308], [[0, 7, 0, 13], [0.4, 25.73, 56.7], 0.011996800000485308]]","[[3, 7, 0, 13]]","[{""pair"": [3, 7, 0, 13], ""acc"": 0.5, ""vel"": 25.73, ""pos"": 56.7, ""error"": 0.011996800000485308}]","[[{""pair"": [3, 7, 0, 13], ""acc"": 0.5, ""vel"": 25.73, ""pos"": 56.7, ""error"": 0.011996800000485308}], [{""pair"": [0, 7, 0, 13], ""acc"": 0.4, ""vel"": 25.73, ""pos"": 56.7, ""error"": 0.011996800000485308}]]",3
271.983,0.016999999999995907,0.47046,25.733355,57.14899254158715,0.5,25.73,57.1,0.5,25.73,466.7,0.5,25.73,57.1,-0.3578331257880883,26.074206896128533,41.0024990096484,8.0,25.061451831599307,42.76408086062959,-0.6935286124832246,26.138087449888562,41.07124410529445,4.721881018495148,16.146493531938745,0.6192515690414406,1.3838619273831947,14.384911680957558,0.5739855686580779,4.936728466115225,16.0777484362927,0.6151080666141565,"[[3, 0, 1, 6], [3, 0, 2, 6], [0, 0, 1, 6], [0, 0, 2, 6], [1, 0, 1, 6], [1, 0, 2, 6], [2, 0, 1, 6], [2, 0, 2, 6], [0, 0, 0, 0], [0, 0, 0, 0], [0, 0, 0, 0], [0, 0, 0, 0], [0, 0, 0, 0], [0, 0, 0, 0], [0, 0, 0, 0], [0, 0, 0, 0]]",1,,1,0,1,"[3, 0, 1, 6]","[[[3, 0, 1, 6], [0.5, 25.73, 57.1], 0.045982249999894975], [[3, 0, 2, 6], [0.5, 25.73, 466.7], 409.5710177500001], [[0, 0, 1, 6], [0.5, 27.01, 57.1], 1.3089822499999002], [[0, 0, 2, 6], [0.5, 27.01, 466.7], 410.8340177500001], [[1, 0, 1, 6], [0.5, 25.73, 63.5], 6.3710177500000995], [[1, 0, 2, 6], [0.5, 25.73, 473.1], 415.9710177500001], [[2, 0, 1, 6], [0.5, 25.73, 57.1], 0.045982249999894975], [[2, 0, 2, 6], [0.5, 25.73, 466.7], 409.5710177500001]]","[[3, 0, 1, 6]]","[{""pair"": [3, 0, 1, 6], ""acc"": 0.5, ""vel"": 25.73, ""pos"": 57.1, ""error"": 0.045982249999894975}]","[[{""pair"": [3, 0, 1, 6], ""acc"": 0.5, ""vel"": 25.73, ""pos"": 57.1, ""error"": 0.045982249999894975}], [{""pair"": [3, 0, 2, 6], ""acc"": 0.5, ""vel"": 25.73, ""pos"": 466.7, ""error"": 409.5710177500001}], [{""pair"": [0, 0, 1, 6], ""acc"": 0.5, ""vel"": 27.01, ""pos"": 57.1, ""error"": 1.3089822499999002}], [{""pair"": [0, 0, 2, 6], ""acc"": 0.5, ""vel"": 27.01, ""pos"": 466.7, ""error"": 410.8340177500001}], [{""pair"": [1, 0, 1, 6], ""acc"": 0.5, ""vel"": 25.73, ""pos"": 63.5, ""error"": 6.3710177500000995}], [{""pair"": [1, 0, 2, 6], ""acc"": 0.5, ""vel"": 25.73, ""pos"": 473.1, ""error"": 415.9710177500001}], [{""pair"": [2, 0, 1, 6], ""acc"": 0.5, ""vel"": 25.73, ""pos"": 57.1, ""error"": 0.045982249999894975}], [{""pair"": [2, 0, 2, 6], ""acc"": 0.5, ""vel"": 25.73, ""pos"": 466.7, ""error"": 409.5710177500001}]]",3
272.0,0.03300000000001546,0.445926,25.740061,57.58652755805704,0.4,25.740000000000002,57.6,0.4,25.74,83.4,0.4,25.7,57.8,-0.3949887343016082,26.068123732990138,41.4457088199958,8.0,25.197451831599274,43.19128154176668,-0.6779461942138635,26.12629746347635,41.51549137705794,4.669279558204238,16.140818738061242,0.6191783844279695,1.792493858520289,14.395246016290365,0.5712976896432747,4.993468443225814,16.0710361809991,0.6151287301029106,"[[3, 2, 1, 11], [3, 2, 2, 11], [0, 2, 1, 11], [0, 2, 2, 11], [1, 2, 1, 11], [1, 2, 2, 11], [2, 2, 1, 11], [2, 2, 2, 11], [0, 0, 0, 0], [0, 0, 0, 0], [0, 0, 0, 0], [0, 0, 0, 0], [0, 0, 0, 0], [0, 0, 0, 0], [0, 0, 0, 0], [0, 0, 0, 0]]",1,,1,0,1,"[1, 2, 1, 11]","[[[3, 2, 1, 11], [0.4, 25.7, 83.4], 25.497137749999617], [[3, 2, 2, 11], [0.4, 25.74, 83.2], 25.257137749999615], [[0, 2, 1, 11], [0.4, 20.58, 83.4], 30.617137749999618], [[0, 2, 2, 11], [0.4, 20.62, 83.2], 30.377137749999612], [[1, 2, 1, 11], [0.4, 25.7, 57.8], 0.1958622500004097], [[1, 2, 2, 11], [0.4, 25.74, 57.6], 0.3558622500004063], [[2, 2, 1, 11], [0.4, 25.7, 83.4], 25.497137749999617], [[2, 2, 2, 11], [0.4, 25.74, 83.2], 25.257137749999615]]","[[1, 2, 1, 11]]","[{""pair"": [1, 2, 1, 11], ""acc"": 0.4, ""vel"": 25.7, ""pos"": 57.8, ""error"": 0.1958622500004097}]","[[{""pair"": [3, 2, 1, 11], ""acc"": 0.4, ""vel"": 25.7, ""pos"": 83.4, ""error"": 25.497137749999617}], [{""pair"": [3, 2, 2, 11], ""acc"": 0.4, ""vel"": 25.74, ""pos"": 83.2, ""error"": 25.257137749999615}], [{""pair"": [0, 2, 1, 11], ""acc"": 0.4, ""vel"": 20.58, ""pos"": 83.4, ""error"": 30.617137749999618}], [{""pair"": [0, 2, 2, 11], ""acc"": 0.4, ""vel"": 20.62, ""pos"": 83.2, ""error"": 30.377137749999612}], [{""pair"": [1, 2, 1, 11], ""acc"": 0.4, ""vel"": 25.7, ""pos"": 57.8, ""error"": 0.1958622500004097}], [{""pair"": [1, 2, 2, 11], ""acc"": 0.4, ""vel"": 25.74, ""pos"": 57.6, ""error"": 0.3558622500004063}], [{""pair"": [2, 2, 1, 11], ""acc"": 0.4, ""vel"": 25.7, ""pos"": 83.4, ""error"": 25.497137749999617}], [{""pair"": [2, 2, 2, 11], ""acc"": 0.4, ""vel"": 25.74, ""pos"": 83.2, ""error"": 25.257137749999615}]]",3
272.033,0.016999999999995907,0.421616,25.754456,58.43619237776444,0.4,25.75,58.400000000000006,0.4,26.39,58.4,0.4,25.75,58.4,-0.4207478187346936,26.055089104758178,42.30574183181905,7.427481594392771,25.461451831599398,44.027153452209845,-0.7107983303995352,26.103925239067284,42.37729005165032,4.59333192653134,16.130450545945394,0.6190902084844397,0.536984518963461,14.409038925554597,0.5659158409683456,4.757418329332598,16.058902326114122,0.6151910940229126,"[[3, 14, 1, 15], [3, 0, 0, 14], [3, 0, 1, 14], [3, 0, 2, 14], [0, 14, 1, 0], [1, 14, 1, 0], [2, 14, 1, 0], [3, 0, 0, 14], [3, 0, 1, 14], [3, 0, 2, 14], [1, 0, 0, 14], [1, 0, 1, 14], [1, 0, 2, 14], [0, 0, 0, 0], [0, 0, 0, 0], [0, 0, 0, 0]]",1,,1,0,1,"[3, 14, 1, 15]","[[[3, 14, 1, 15], [0.4, 25.75, 58.4], 0.2062422000001085], [[3, 0, 0, 14], [13.2, 26.39, 58.4], 0.8462422000001091], [[3, 0, 1, 14], [0.4, 26.71, 58.4], 1.1662422000001094], [[3, 0, 2, 14], [0.4, 26.39, 60.0], 2.4462422000001105], [[0, 14, 1, 0], [13.2, 26.39, 52.0], 6.920157799999895], [[1, 14, 1, 0], [0.4, 26.71, 52.0], 7.240157799999896], [[2, 14, 1, 0], [0.4, 26.39, 53.6], 5.320157799999894], [[3, 0, 0, 14], [13.2, 26.39, 58.4], 0.8462422000001091], [[3, 0, 1, 14], [0.4, 26.71, 58.4], 1.1662422000001094], [[3, 0, 2, 14], [0.4, 26.39, 60.0], 2.4462422000001105], [[1, 0, 0, 14], [13.2, 26.39, 52.0], 6.920157799999895], [[1, 0, 1, 14], [0.4, 26.71, 52.0], 7.240157799999896], [[1, 0, 2, 14], [0.4, 26.39, 53.6], 5.320157799999894]]","[[3, 14, 1, 15]]","[{""pair"": [3, 14, 1, 15], ""acc"": 0.4, ""vel"": 25.75, ""pos"": 58.4, ""error"": 0.2062422000001085}]","[[{""pair"": [3, 14, 1, 15], ""acc"": 0.4, ""vel"": 25.75, ""pos"": 58.4, ""error"": 0.2062422000001085}], [{""pair"": [3, 0, 0, 14], ""acc"": 13.2, ""vel"": 26.39, ""pos"": 58.4, ""error"": 0.8462422000001091}], [{""pair"": [3, 0, 1, 14], ""acc"": 0.4, ""vel"": 26.71, ""pos"": 58.4, ""error"": 1.1662422000001094}], [{""pair"": [3, 0, 2, 14], ""acc"": 0.4, ""vel"": 26.39, ""pos"": 60.0, ""error"": 2.4462422000001105}], [{""pair"": [0, 14, 1, 0], ""acc"": 13.2, ""vel"": 26.39, ""pos"": 52.0, ""error"": 6.920157799999895}], [{""pair"": [1, 14, 1, 0], ""acc"": 0.4, ""vel"": 26.71, ""pos"": 52.0, ""error"": 7.240157799999896}], [{""pair"": [2, 14, 1, 0], ""acc"": 0.4, ""vel"": 26.39, ""pos"": 53.6, ""error"": 5.320157799999894}], [{""pair"": [3, 0, 0, 14], ""acc"": 13.2, ""vel"": 26.39, ""pos"": 58.4, ""error"": 0.8462422000001091}], [{""pair"": [3, 0, 1, 14], ""acc"": 0.4, ""vel"": 26.71, ""pos"": 58.4, ""error"": 1.1662422000001094}], [{""pair"": [3, 0, 2, 14], ""acc"": 0.4, ""vel"": 26.39, ""pos"": 60.0, ""error"": 2.4462422000001105}], [{""pair"": [1, 0, 0, 14], ""acc"": 13.2, ""vel"": 26.39, ""pos"": 52.0, ""error"": 6.920157799999895}], [{""pair"": [1, 0, 1, 14], ""acc"": 0.4, ""vel"": 26.71, ""pos"": 52.0, ""error"": 7.240157799999896}], [{""pair"": [1, 0, 2, 14], ""acc"": 0.4, ""vel"": 26.39, ""pos"": 53.6, ""error"": 5.320157799999894}]]",3
272.05,0.016999999999995907,0.417864,25.760958,58.87407905327634,0.4,25.76,58.900000000000006,0.4,25.76,58.1,0.4,25.76,58.9,-0.43410293673171174,26.04793639183969,42.748617548540025,6.708171804576043,25.587719018704043,44.46107140443732,-0.730404015139947,26.091841667450495,42.82095407035561,4.537130531266877,16.125461504736315,0.61906867638805,3.0058821881296858,14.41300764883902,0.5632783304484248,4.684596766701664,16.05312498292073,0.615254576028911,"[[0, 13, 2, 5], [2, 13, 2, 5], [0, 0, 0, 0], [0, 0, 0, 0], [0, 0, 0, 0], [0, 0, 0, 0], [0, 0, 0, 0], [0, 0, 0, 0], [0, 0, 0, 0], [0, 0, 0, 0], [0, 0, 0, 0], [0, 0, 0, 0], [0, 0, 0, 0], [0, 0, 0, 0], [0, 0, 0, 0], [0, 0, 0, 0]]",1,,1,0,1,"[2, 13, 2, 5]","[[[0, 13, 2, 5], [6.8, 25.76, 58.1], 0.7410077999998954], [[2, 13, 2, 5], [0.4, 25.76, 58.9], 0.06539220000010815]]","[[2, 13, 2, 5]]","[{""pair"": [2, 13, 2, 5], ""acc"": 0.4, ""vel"": 25.76, ""pos"": 58.9, ""error"": 0.06539220000010815}]","[[{""pair"": [0, 13, 2, 5], ""acc"": 6.8, ""vel"": 25.76, ""pos"": 58.1, ""error"": 0.7410077999998954}], [{""pair"": [2, 13, 2, 5], ""acc"": 0.4, ""vel"": 25.76, ""pos"": 58.9, ""error"": 0.06539220000010815}]]",3
272.067,0.016000000000019554,0.417334,25.767921,59.312075720624236,0.4,25.77,59.300000000000004,0.4,25.77,8.1,0.4,25.77,59.3,-0.45176476791876174,26.040556641915256,43.19136973932684,-8.0,25.701757939381807,44.897031958580946,-0.7531619316825462,26.07942479919312,43.26440983532198,4.480161302991325,16.120705981297398,0.6190614971474641,3.3506421173491647,14.41504376204329,0.5608582804351946,4.610661095967384,16.04766588530226,0.6153381836013025,"[[3, 8, 0, 3], [3, 8, 1, 3], [3, 8, 2, 3], [0, 0, 0, 0], [0, 0, 0, 0], [0, 0, 0, 0], [0, 0, 0, 0], [0, 0, 0, 0], [0, 0, 0, 0], [0, 0, 0, 0], [0, 0, 0, 0], [0, 0, 0, 0], [0, 0, 0, 0], [0, 0, 0, 0], [0, 0, 0, 0], [0, 0, 0, 0]]",1,,1,0,1,"[3, 8, 1, 3]","[[[3, 8, 0, 3], [0.4, 36.01, 8.1], 61.4558112000005], [[3, 8, 1, 3], [0.4, 25.77, 59.3], 0.01581120000049907], [[3, 8, 2, 3], [0.4, 25.77, 8.1], 51.215811200000495]]","[[3, 8, 1, 3]]","[{""pair"": [3, 8, 1, 3], ""acc"": 0.4, ""vel"": 25.77, ""pos"": 59.3, ""error"": 0.01581120000049907}]","[[{""pair"": [3, 8, 0, 3], ""acc"": 0.4, ""vel"": 36.01, ""pos"": 8.1, ""error"": 61.4558112000005}], [{""pair"": [3, 8, 1, 3], ""acc"": 0.4, ""vel"": 25.77, ""pos"": 59.3, ""error"": 0.01581120000049907}], [{""pair"": [3, 8, 2, 3], ""acc"": 0.4, ""vel"": 25.77, ""pos"": 8.1, ""error"": 51.215811200000495}]]",3
272.083,0.016999999999995907,0.418618,25.774925,59.72441587537674,0.4,25.77,59.7,0.4,25.77,878.9,0.4,25.77,59.7,-0.4716632441311397,26.033328405628545,43.6079608197077,8.0,25.57375793938165,45.30723608561156,-0.7776967526720204,26.067374208286186,43.68158422738232,4.455913332769489,16.116455055669043,0.6190700937105138,2.927637990318539,14.417179789765186,0.5637489736134486,4.570181053005111,16.042831647994426,0.615437194395084,"[[3, 7, 3, 13], [3, 7, 1, 13], [3, 13, 1, 7], [3, 13, 2, 7], [1, 7, 1, 13], [2, 7, 1, 13], [0, 0, 0, 0], [0, 0, 0, 0], [0, 0, 0, 0], [0, 0, 0, 0], [0, 0, 0, 0], [0, 0, 0, 0], [0, 0, 0, 0], [0, 0, 0, 0], [0, 0, 0, 0], [0, 0, 0, 0]]",1,,1,0,1,"[3, 13, 1, 7]","[[[3, 7, 3, 13], [0.4, 25.77, 878.9], 819.1686522000001], [[3, 7, 1, 13], [0.4, 25.61, 878.9], 819.3286522000001], [[3, 13, 1, 7], [0.4, 25.77, 59.7], 0.04494779999988907], [[3, 13, 2, 7], [0.4, 25.77, 878.9], 819.1686522000001], [[1, 7, 1, 13], [0.4, 25.61, 59.7], 0.2049477999998892], [[2, 7, 1, 13], [0.4, 25.61, 878.9], 819.3286522000001]]","[[3, 13, 1, 7]]","[{""pair"": [3, 13, 1, 7], ""acc"": 0.4, ""vel"": 25.77, ""pos"": 59.7, ""error"": 0.04494779999988907}]","[[{""pair"": [3, 7, 3, 13], ""acc"": 0.4, ""vel"": 25.77, ""pos"": 878.9, ""error"": 819.1686522000001}], [{""pair"": [3, 7, 1, 13], ""acc"": 0.4, ""vel"": 25.61, ""pos"": 878.9, ""error"": 819.3286522000001}], [{""pair"": [3, 13, 1, 7], ""acc"": 0.4, ""vel"": 25.77, ""pos"": 59.7, ""error"": 0.04494779999988907}], [{""pair"": [3, 13, 2, 7], ""acc"": 0.4, ""vel"": 25.77, ""pos"": 878.9, ""error"": 819.1686522000001}], [{""pair"": [1, 7, 1, 13], ""acc"": 0.4, ""vel"": 25.61, ""pos"": 59.7, ""error"": 0.2049477999998892}], [{""pair"": [2, 7, 1, 13], ""acc"": 0.4, ""vel"": 25.61, ""pos"": 878.9, ""error"": 819.3286522000001}]]",3
272.1,0.016999999999995907,0.421136,25.781984,60.16265009067764,0.4,25.78,60.2,1.2,25.78,60.2,0.4,25.78,60.2,-0.47922244061482167,26.025310130478317,44.050459247264506,7.404694308723102,25.709757939381618,45.74314597058094,-0.7890728742445616,26.054153363490766,44.12461721174231,4.3968039747714105,16.11219084341313,0.6190969776204164,3.344929125287914,14.419504120096697,0.5608572493795918,4.4935720543676485,16.038032878935326,0.6155653056609831,"[[3, 14, 0, 10], [3, 14, 1, 10], [0, 10, 2, 14], [1, 10, 2, 14], [0, 0, 0, 0], [0, 0, 0, 0], [0, 0, 0, 0], [0, 0, 0, 0], [0, 0, 0, 0], [0, 0, 0, 0], [0, 0, 0, 0], [0, 0, 0, 0], [0, 0, 0, 0], [0, 0, 0, 0], [0, 0, 0, 0], [0, 0, 0, 0]]",1,,1,0,1,"[3, 14, 0, 10]","[[[3, 14, 0, 10], [0.4, 25.78, 60.2], 0.06505220000010681], [[3, 14, 1, 10], [1.2, 25.76, 60.2], 0.07865220000009998], [[0, 10, 2, 14], [0.4, 25.78, 58.6], 1.541347799999901], [[1, 10, 2, 14], [1.2, 25.76, 58.6], 1.5549477999998942]]","[[3, 14, 0, 10]]","[{""pair"": [3, 14, 0, 10], ""acc"": 0.4, ""vel"": 25.78, ""pos"": 60.2, ""error"": 0.06505220000010681}]","[[{""pair"": [3, 14, 0, 10], ""acc"": 0.4, ""vel"": 25.78, ""pos"": 60.2, ""error"": 0.06505220000010681}], [{""pair"": [3, 14, 1, 10], ""acc"": 1.2, ""vel"": 25.76, ""pos"": 60.2, ""error"": 0.07865220000009998}], [{""pair"": [0, 10, 2, 14], ""acc"": 0.4, ""vel"": 25.78, ""pos"": 58.6, ""error"": 1.541347799999901}], [{""pair"": [1, 10, 2, 14], ""acc"": 1.2, ""vel"": 25.76, ""pos"": 58.6, ""error"": 1.5549477999998942}]]",3
272.117,0.01599999999996271,0.423359,25.789064,60.60100467282953,0.4,25.79,60.6,0.4,26.11,86.2,0.4,25.79,60.6,-0.49149806217953607,26.017163348987868,44.49282027183986,8.0,25.83563774262988,46.18128183387793,-0.8041795362525487,26.04073912462861,44.56742379789122,4.337259380393638,16.10818440098967,0.619136843817999,2.6928186222880908,14.4197228389516,0.5581330324646275,4.416323547273069,16.03358087493831,0.6157114357700466,"[[3, 2, 1, 14], [3, 2, 2, 14], [0, 2, 1, 14], [0, 2, 2, 14], [1, 2, 1, 14], [1, 2, 2, 14], [2, 2, 1, 14], [2, 2, 2, 14], [0, 0, 0, 0], [0, 0, 0, 0], [0, 0, 0, 0], [0, 0, 0, 0], [0, 0, 0, 0], [0, 0, 0, 0], [0, 0, 0, 0], [0, 0, 0, 0]]",1,,1,0,1,"[1, 2, 1, 14]","[[[3, 2, 1, 14], [0.4, 25.79, 86.2], 25.591068800000976], [[3, 2, 2, 14], [0.4, 26.11, 84.6], 24.311068800000967], [[0, 2, 1, 14], [0.4, 20.67, 86.2], 30.703868800000947], [[0, 2, 2, 14], [0.4, 20.99, 84.6], 28.783868800000942], [[1, 2, 1, 14], [0.4, 25.79, 60.6], 0.01613119999905166], [[1, 2, 2, 14], [0.4, 26.11, 59.0], 1.9361311999990534], [[2, 2, 1, 14], [0.4, 25.79, 86.2], 25.591068800000976], [[2, 2, 2, 14], [0.4, 26.11, 84.6], 24.311068800000967]]","[[1, 2, 1, 14]]","[{""pair"": [1, 2, 1, 14], ""acc"": 0.4, ""vel"": 25.79, ""pos"": 60.6, ""error"": 0.01613119999905166}]","[[{""pair"": [3, 2, 1, 14], ""acc"": 0.4, ""vel"": 25.79, ""pos"": 86.2, ""error"": 25.591068800000976}], [{""pair"": [3, 2, 2, 14], ""acc"": 0.4, ""vel"": 26.11, ""pos"": 84.6, ""error"": 24.311068800000967}], [{""pair"": [0, 2, 1, 14], ""acc"": 0.4, ""vel"": 20.67, ""pos"": 86.2, ""error"": 30.703868800000947}], [{""pair"": [0, 2, 2, 14], ""acc"": 0.4, ""vel"": 20.99, ""pos"": 84.6, ""error"": 28.783868800000942}], [{""pair"": [1, 2, 1, 14], ""acc"": 0.4, ""vel"": 25.79, ""pos"": 60.6, ""error"": 0.01613119999905166}], [{""pair"": [1, 2, 2, 14], ""acc"": 0.4, ""vel"": 26.11, ""pos"": 59.0, ""error"": 1.9361311999990534}], [{""pair"": [2, 2, 1, 14], ""acc"": 0.4, ""vel"": 25.79, ""pos"": 86.2, ""error"": 25.591068800000976}], [{""pair"": [2, 2, 2, 14], ""acc"": 0.4, ""vel"": 26.11, ""pos"": 84.6, ""error"": 24.311068800000967}]]",3
272.133,0.016999999999995907,0.424131,25.796577,61.01368388678057,0.4,25.8,61.0,0.4,25.8,61.0,0.4,25.8,61.0,-0.505328692054548,26.009299379993013,44.909031973670736,7.339092585517018,25.963637742629583,46.59567603775904,-0.8202686719005279,26.0278722520486,44.98397268890367,4.27865832788086,16.104651913109834,0.6191882248661386,4.125769076169174,14.418007849021528,0.5553153988644921,4.3409205982649475,16.0297111978769,0.6158671382219971,"[[3, 5, 3, 6], [3, 5, 0, 6], [3, 5, 1, 6], [3, 5, 2, 6], [3, 6, 0, 5], [3, 6, 1, 5], [3, 7, 2, 5], [2, 5, 0, 7], [2, 5, 1, 7], [0, 5, 0, 6], [0, 5, 1, 6], [0, 5, 2, 6], [1, 5, 0, 6], [1, 5, 1, 6], [1, 5, 2, 6], [0, 0, 0, 0]]",1,,1,0,1,"[3, 5, 3, 6]","[[[3, 5, 3, 6], [0.4, 25.8, 61.0], 0.04168779999990235], [[3, 5, 0, 6], [0.4, 107.72, 61.0], 81.96168779999991], [[3, 5, 1, 6], [0.4, 25.8, 470.6], 409.56471220000014], [[3, 5, 2, 6], [0.4, 25.8, 61.0], 0.04168779999990235], [[3, 6, 0, 5], [0.4, 66.76, 61.0], 41.00168779999991], [[3, 6, 1, 5], [0.4, 25.8, 265.8], 204.7647122000001], [[3, 7, 2, 5], [0.4, 25.8, 61.0], 0.04168779999990235], [[2, 5, 0, 7], [0.5, 25.8, 61.0], 0.04168779999990235], [[2, 5, 1, 7], [0.4, 25.8, 880.2], 819.1647122000002], [[0, 5, 0, 6], [0.4, 148.68, 61.0], 122.92168779999992], [[0, 5, 1, 6], [0.4, 66.76, 470.6], 450.5247122000002], [[0, 5, 2, 6], [0.4, 66.76, 61.0], 41.00168779999991], [[1, 5, 0, 6], [0.4, 107.72, 265.8], 286.68471220000015], [[1, 5, 1, 6], [0.4, 25.8, 675.4], 614.3647122000001], [[1, 5, 2, 6], [0.4, 25.8, 265.8], 204.7647122000001]]","[[3, 5, 3, 6]]","[{""pair"": [3, 5, 3, 6], ""acc"": 0.4, ""vel"": 25.8, ""pos"": 61.0, ""error"": 0.04168779999990235}]","[[{""pair"": [3, 5, 3, 6], ""acc"": 0.4, ""vel"": 25.8, ""pos"": 61.0, ""error"": 0.04168779999990235}], [{""pair"": [3, 5, 0, 6], ""acc"": 0.4, ""vel"": 107.72, ""pos"": 61.0, ""error"": 81.96168779999991}], [{""pair"": [3, 5, 1, 6], ""acc"": 0.4, ""vel"": 25.8, ""pos"": 470.6, ""error"": 409.56471220000014}], [{""pair"": [3, 5, 2, 6], ""acc"": 0.4, ""vel"": 25.8, ""pos"": 61.0, ""error"": 0.04168779999990235}], [{""pair"": [3, 6, 0, 5], ""acc"": 0.4, ""vel"": 66.76, ""pos"": 61.0, ""error"": 41.00168779999991}], [{""pair"": [3, 6, 1, 5], ""acc"": 0.4, ""vel"": 25.8, ""pos"": 265.8, ""error"": 204.7647122000001}], [{""pair"": [3, 7, 2, 5], ""acc"": 0.4, ""vel"": 25.8, ""pos"": 61.0, ""error"": 0.04168779999990235}], [{""pair"": [2, 5, 0, 7], ""acc"": 0.5, ""vel"": 25.8, ""pos"": 61.0, ""error"": 0.04168779999990235}], [{""pair"": [2, 5, 1, 7], ""acc"": 0.4, ""vel"": 25.8, ""pos"": 880.2, ""error"": 819.1647122000002}], [{""pair"": [0, 5, 0, 6], ""acc"": 0.4, ""vel"": 148.68, ""pos"": 61.0, ""error"": 122.92168779999992}], [{""pair"": [0, 5, 1, 6], ""acc"": 0.4, ""vel"": 66.76, ""pos"": 470.6, ""error"": 450.5247122000002}], [{""pair"": [0, 5, 2, 6], ""acc"": 0.4, ""vel"": 66.76, ""pos"": 61.0, ""error"": 41.00168779999991}], [{""pair"": [1, 5, 0, 6], ""acc"": 0.4, ""vel"": 107.72, ""pos"": 265.8, ""error"": 286.68471220000015}], [{""pair"": [1, 5, 1, 6], ""acc"": 0.4, ""vel"": 25.8, ""pos"": 675.4, ""error"": 614.3647122000001}], [{""pair"": [1, 5, 2, 6], ""acc"": 0.4, ""vel"": 25.8, ""pos"": 265.8, ""error"": 204.7647122000001}]]",3
272.15,0.016999999999995907,0.423698,25.803185,61.452286982709964,0.4,25.8,61.5,0.4,25.8,61.5,0.4,25.8,61.5,-0.5073483378695428,26.00070879222809,45.35111704313451,6.699105967439228,26.08840231658334,47.03811837826225,-0.8237618171407587,26.013927684626292,45.4263279883653,4.249874485363247,16.101169939575456,0.619258885141942,4.5441361961527775,14.414168604447717,0.5525125084139482,4.294169867273018,16.025958994344663,0.6160530308468445,"[[3, 4, 3, 15], [3, 4, 2, 15], [3, 15, 0, 4], [3, 15, 2, 4], [0, 4, 2, 15], [2, 4, 2, 15], [0, 0, 0, 0], [0, 0, 0, 0], [0, 0, 0, 0], [0, 0, 0, 0], [0, 0, 0, 0], [0, 0, 0, 0], [0, 0, 0, 0], [0, 0, 0, 0], [0, 0, 0, 0], [0, 0, 0, 0]]",1,,1,0,1,"[3, 4, 3, 15]","[[[3, 4, 3, 15], [0.4, 25.8, 61.5], 0.06814220000010351], [[3, 4, 2, 15], [0.4, 25.8, 58.3], 3.145457799999896], [[3, 15, 0, 4], [0.4, 5.32, 61.5], 20.548142200000104], [[3, 15, 2, 4], [0.4, 25.8, 61.5], 0.06814220000010351], [[0, 4, 2, 15], [0.4, 5.32, 58.3], 23.625457799999896], [[2, 4, 2, 15], [0.4, 25.8, 58.3], 3.145457799999896]]","[[3, 4, 3, 15]]","[{""pair"": [3, 4, 3, 15], ""acc"": 0.4, ""vel"": 25.8, ""pos"": 61.5, ""error"": 0.06814220000010351}]","[[{""pair"": [3, 4, 3, 15], ""acc"": 0.4, ""vel"": 25.8, ""pos"": 61.5, ""error"": 0.06814220000010351}], [{""pair"": [3, 4, 2, 15], ""acc"": 0.4, ""vel"": 25.8, ""pos"": 58.3, ""error"": 3.145457799999896}], [{""pair"": [3, 15, 0, 4], ""acc"": 0.4, ""vel"": 5.32, ""pos"": 61.5, ""error"": 20.548142200000104}], [{""pair"": [3, 15, 2, 4], ""acc"": 0.4, ""vel"": 25.8, ""pos"": 61.5, ""error"": 0.06814220000010351}], [{""pair"": [0, 4, 2, 15], ""acc"": 0.4, ""vel"": 5.32, ""pos"": 58.3, ""error"": 23.625457799999896}], [{""pair"": [2, 4, 2, 15], ""acc"": 0.4, ""vel"": 25.8, ""pos"": 58.3, ""error"": 3.145457799999896}]]",3
272.167,0.016000000000019554,0.421899,25.810623,61.891002352070856,0.4,25.810000000000002,61.900000000000006,0.4,27.09,61.9,0.4,25.81,61.9,-0.5145010772618673,25.992083870484308,45.79305578076745,6.151459303436581,26.20228711802978,47.48258923845635,-0.8315758210398351,25.999923733734903,45.86844572542126,4.188728632691582,16.097946571303403,0.6193403596078598,0.6634631002823124,14.408413113614507,0.5498914292752745,4.214988258375465,16.022556626649596,0.6162539856169011,"[[3, 10, 0, 0], [3, 10, 1, 0], [0, 0, 2, 10], [1, 0, 2, 10], [0, 0, 0, 0], [0, 0, 0, 0], [0, 0, 0, 0], [0, 0, 0, 0], [0, 0, 0, 0], [0, 0, 0, 0], [0, 0, 0, 0], [0, 0, 0, 0], [0, 0, 0, 0], [0, 0, 0, 0], [0, 0, 0, 0], [0, 0, 0, 0]]",1,,1,0,1,"[3, 10, 0, 0]","[[[3, 10, 0, 0], [0.4, 25.81, 61.9], 0.016451200000496158], [[3, 10, 1, 0], [0.4, 27.09, 55.5], 7.696451200000496], [[0, 0, 2, 10], [0.4, 25.81, 61.8], 0.11645120000049758], [[1, 0, 2, 10], [0.4, 27.09, 55.4], 7.796451200000497]]","[[3, 10, 0, 0]]","[{""pair"": [3, 10, 0, 0], ""acc"": 0.4, ""vel"": 25.81, ""pos"": 61.9, ""error"": 0.016451200000496158}]","[[{""pair"": [3, 10, 0, 0], ""acc"": 0.4, ""vel"": 25.81, ""pos"": 61.9, ""error"": 0.016451200000496158}], [{""pair"": [3, 10, 1, 0], ""acc"": 0.4, ""vel"": 27.09, ""pos"": 55.5, ""error"": 7.696451200000496}], [{""pair"": [0, 0, 2, 10], ""acc"": 0.4, ""vel"": 25.81, ""pos"": 61.8, ""error"": 0.11645120000049758}], [{""pair"": [1, 0, 2, 10], ""acc"": 0.4, ""vel"": 27.09, ""pos"": 55.4, ""error"": 7.796451200000497}]]",3
272.183,0.033999999999991815,0.419066,25.817564,62.30402632314336,0.4,25.82,62.300000000000004,0.6,25.82,62.3,0.4,25.82,62.3,-0.5314703024762277,25.983851853248108,46.20886326655782,4.9046096980063565,26.300710466884887,47.90261321913618,-0.8485288817853893,25.98661852059825,46.28433806345643,4.12889500604638,16.09516305658554,0.6194294497785773,5.19600673812025,14.401413104007183,0.5475674553407955,4.138158235503566,16.01968825968693,0.6164591305709495,"[[3, 6, 0, 8], [0, 0, 0, 0], [0, 0, 0, 0], [0, 0, 0, 0], [0, 0, 0, 0], [0, 0, 0, 0], [0, 0, 0, 0], [0, 0, 0, 0], [0, 0, 0, 0], [0, 0, 0, 0], [0, 0, 0, 0], [0, 0, 0, 0], [0, 0, 0, 0], [0, 0, 0, 0], [0, 0, 0, 0], [0, 0, 0, 0]]",1,,1,0,1,"[3, 6, 0, 8]","[[[3, 6, 0, 8], [0.4, 25.82, 62.3], 0.4813711999997885]]","[[3, 6, 0, 8]]","[{""pair"": [3, 6, 0, 8], ""acc"": 0.4, ""vel"": 25.82, ""pos"": 62.3, ""error"": 0.4813711999997885}]","[[{""pair"": [3, 6, 0, 8], ""acc"": 0.4, ""vel"": 25.82, ""pos"": 62.3, ""error"": 0.4813711999997885}]]",3
272.217,0.016000000000019554,0.412811,25.830856,63.18206571929115,0.4,25.830000000000002,63.2,0.4,107.75,63.2,0.4,25.83,63.2,-0.5332925810546547,25.965781862963922,47.09200703973322,5.298887244059593,26.46746719661706,48.79967223941549,-0.8489351440826843,25.957768538617554,47.16739264346289,4.0361361709855235,16.090058679557934,0.6196639394289858,-108.82032704258827,14.38239347987566,0.543398934738793,4.009329822889468,16.014673075828263,0.6169510700429862,"[[0, 6, 0, 9], [0, 6, 1, 9], [0, 6, 2, 9], [0, 0, 0, 0], [0, 0, 0, 0], [0, 0, 0, 0], [0, 0, 0, 0], [0, 0, 0, 0], [0, 0, 0, 0], [0, 0, 0, 0], [0, 0, 0, 0], [0, 0, 0, 0], [0, 0, 0, 0], [0, 0, 0, 0], [0, 0, 0, 0], [0, 0, 0, 0]]",1,,1,0,1,"[0, 6, 2, 9]","[[[0, 6, 0, 9], [0.0, 25.83, 63.2], 0.49042879999949207], [[0, 6, 1, 9], [0.4, 25.82, 63.2], 0.49322879999950686], [[0, 6, 2, 9], [0.4, 25.83, 63.2], 0.49042879999949207]]","[[0, 6, 2, 9]]","[{""pair"": [0, 6, 2, 9], ""acc"": 0.4, ""vel"": 25.83, ""pos"": 63.2, ""error"": 0.49042879999949207}]","[[{""pair"": [0, 6, 0, 9], ""acc"": 0.0, ""vel"": 25.83, ""pos"": 63.2, ""error"": 0.49042879999949207}], [{""pair"": [0, 6, 1, 9], ""acc"": 0.4, ""vel"": 25.82, ""pos"": 63.2, ""error"": 0.49322879999950686}], [{""pair"": [0, 6, 2, 9], ""acc"": 0.4, ""vel"": 25.83, ""pos"": 63.2, ""error"": 0.49042879999949207}]]",3
272.233,0.016999999999995907,0.409395,25.837631,63.59541225509966,0.4,25.84,63.6,0.4,26.48,63.6,0.4,25.84,63.6,-0.5362254094889971,25.957249181667038,47.50739128809077,4.695604501264811,26.552249392522118,49.22382997212913,-0.8497002621201859,25.944185576312215,47.582608276382835,3.9752989856138345,16.088020967008887,0.6197891330631236,3.8946966769204088,14.371582282970529,0.5412566773728023,3.9316163837641436,16.012803978716825,0.6172020290101908,"[[1, 15, 2, 5], [2, 15, 2, 5], [0, 0, 0, 0], [0, 0, 0, 0], [0, 0, 0, 0], [0, 0, 0, 0], [0, 0, 0, 0], [0, 0, 0, 0], [0, 0, 0, 0], [0, 0, 0, 0], [0, 0, 0, 0], [0, 0, 0, 0], [0, 0, 0, 0], [0, 0, 0, 0], [0, 0, 0, 0], [0, 0, 0, 0]]",1,,1,0,1,"[1, 15, 2, 5]","[[[1, 15, 2, 5], [0.4, 25.84, 63.6], 0.042367799999897926], [[2, 15, 2, 5], [0.4, 26.48, 60.4], 3.8823677999999013]]","[[1, 15, 2, 5]]","[{""pair"": [1, 15, 2, 5], ""acc"": 0.4, ""vel"": 25.84, ""pos"": 63.6, ""error"": 0.042367799999897926}]","[[{""pair"": [1, 15, 2, 5], ""acc"": 0.4, ""vel"": 25.84, ""pos"": 63.6, ""error"": 0.042367799999897926}], [{""pair"": [2, 15, 2, 5], ""acc"": 0.4, ""vel"": 26.48, ""pos"": 60.4, ""error"": 3.8823677999999013}]]",3
272.25,0.03300000000001546,0.406855,25.844814,64.03471113967706,0.4,25.84,64.0,0.2,25.84,64.0,0.0,25.85,64.0,-0.5531109291062302,25.948133349705728,47.94858703960734,3.4723116096445374,26.6320746690436,49.67589672665233,-0.8820081366689333,25.929740671856177,48.02353664949216,3.9448148558524836,16.086124100069718,0.6199337687715463,6.26082004049897,14.358814413024724,0.5391549322184434,3.851033524042637,16.0111744901849,0.6174830166181813,"[[0, 8, 0, 9], [0, 8, 1, 9], [0, 8, 2, 9], [0, 7, 1, 7], [1, 7, 0, 7], [0, 0, 0, 0], [0, 0, 0, 0], [0, 0, 0, 0], [0, 0, 0, 0], [0, 0, 0, 0], [0, 0, 0, 0], [0, 0, 0, 0], [0, 0, 0, 0], [0, 0, 0, 0], [0, 0, 0, 0], [0, 0, 0, 0]]",1,,1,0,1,"[0, 8, 1, 9]","[[[0, 8, 0, 9], [0.4, 25.84, 64.0], 0.4661378000004035], [[0, 8, 1, 9], [0.0, 25.85, 64.0], 0.45613780000040194], [[0, 8, 2, 9], [0.0, 25.84, 64.0], 0.4661378000004035], [[0, 7, 1, 7], [0.3, 25.84, 883.2], 818.7602621999996], [[1, 7, 0, 7], [0.3, 25.84, 883.2], 818.7602621999996]]","[[0, 8, 1, 9]]","[{""pair"": [0, 8, 1, 9], ""acc"": 0.0, ""vel"": 25.85, ""pos"": 64.0, ""error"": 0.45613780000040194}]","[[{""pair"": [0, 8, 0, 9], ""acc"": 0.4, ""vel"": 25.84, ""pos"": 64.0, ""error"": 0.4661378000004035}], [{""pair"": [0, 8, 1, 9], ""acc"": 0.0, ""vel"": 25.85, ""pos"": 64.0, ""error"": 0.45613780000040194}], [{""pair"": [0, 8, 2, 9], ""acc"": 0.0, ""vel"": 25.84, ""pos"": 64.0, ""error"": 0.4661378000004035}], [{""pair"": [0, 7, 1, 7], ""acc"": 0.3, ""vel"": 25.84, ""pos"": 883.2, ""error"": 818.7602621999996}], [{""pair"": [1, 7, 0, 7], ""acc"": 0.3, ""vel"": 25.84, ""pos"": 883.2, ""error"": 818.7602621999996}]]",3
272.283,0.016999999999995907,0.407413,25.857979,64.88781153422495,0.4,25.86,64.9,0.4,25.86,66.5,0.0,25.86,64.9,-0.5501098445592877,25.929880689045213,48.804574271247134,3.1656006587774046,26.746660952161925,50.55664586440264,-0.8850891275780766,25.90063440334609,48.8787378382334,3.819182603162009,16.083237262977818,0.6202588224701173,6.589933100835157,14.331165669822312,0.5358113932596856,3.721517346321795,16.009073695991553,0.6180958136656046,"[[3, 9, 3, 14], [3, 9, 2, 14], [3, 14, 0, 9], [3, 14, 2, 9], [0, 9, 2, 14], [2, 9, 2, 14], [0, 0, 0, 0], [0, 0, 0, 0], [0, 0, 0, 0], [0, 0, 0, 0], [0, 0, 0, 0], [0, 0, 0, 0], [0, 0, 0, 0], [0, 0, 0, 0], [0, 0, 0, 0], [0, 0, 0, 0]]",1,,1,0,1,"[0, 9, 2, 14]","[[[3, 9, 3, 14], [0.4, 25.86, 66.5], 2.070550000000104], [[3, 9, 2, 14], [0.4, 25.86, 64.9], 0.4705500000001095], [[3, 14, 0, 9], [0.0, 25.86, 66.5], 2.070550000000104], [[3, 14, 2, 9], [0.4, 25.86, 66.5], 2.070550000000104], [[0, 9, 2, 14], [0.0, 25.86, 64.9], 0.4705500000001095], [[2, 9, 2, 14], [0.4, 25.86, 64.9], 0.4705500000001095]]","[[0, 9, 2, 14]]","[{""pair"": [0, 9, 2, 14], ""acc"": 0.0, ""vel"": 25.86, ""pos"": 64.9, ""error"": 0.4705500000001095}]","[[{""pair"": [3, 9, 3, 14], ""acc"": 0.4, ""vel"": 25.86, ""pos"": 66.5, ""error"": 2.070550000000104}], [{""pair"": [3, 9, 2, 14], ""acc"": 0.4, ""vel"": 25.86, ""pos"": 64.9, ""error"": 0.4705500000001095}], [{""pair"": [3, 14, 0, 9], ""acc"": 0.0, ""vel"": 25.86, ""pos"": 66.5, ""error"": 2.070550000000104}], [{""pair"": [3, 14, 2, 9], ""acc"": 0.4, ""vel"": 25.86, ""pos"": 66.5, ""error"": 2.070550000000104}], [{""pair"": [0, 9, 2, 14], ""acc"": 0.0, ""vel"": 25.86, ""pos"": 64.9, ""error"": 0.4705500000001095}], [{""pair"": [2, 9, 2, 14], ""acc"": 0.4, ""vel"": 25.86, ""pos"": 64.9, ""error"": 0.4705500000001095}]]",3
272.3,0.016999999999995907,0.40856,25.865227,65.32745604840335,0.4,25.87,65.3,0.5,5.39,65.3,0.4,25.87,65.3,-0.5525925072744887,25.920528821687707,49.24530275208826,-8.0,26.80047616336113,51.01179652988448,-0.8812980711316627,25.885587888177266,49.31892072771124,3.755610031915209,16.08215329631509,0.6204407867967243,46.75588652776661,14.31565951851887,0.5341569094242354,3.6389813086020677,16.00853532069211,0.6184342959428669,"[[3, 4, 3, 7], [3, 4, 0, 7], [3, 4, 2, 7], [3, 7, 0, 4], [3, 7, 1, 4], [3, 7, 2, 4], [0, 4, 0, 7], [0, 4, 2, 7], [1, 4, 0, 7], [1, 4, 2, 7], [2, 4, 0, 7], [2, 4, 2, 7], [0, 0, 0, 0], [0, 0, 0, 0], [0, 0, 0, 0], [0, 0, 0, 0]]",1,,1,0,1,"[0, 4, 0, 7]","[[[3, 4, 3, 7], [0.5, 5.39, 65.3], 20.5096199999999], [[3, 4, 0, 7], [0.4, 5.39, 65.3], 20.5096199999999], [[3, 4, 2, 7], [0.5, 5.39, 65.3], 20.5096199999999], [[3, 7, 0, 4], [0.5, 25.87, 65.3], 0.04961999999990141], [[3, 7, 1, 4], [0.5, 5.39, 167.7], 122.83038000000009], [[3, 7, 2, 4], [0.5, 5.39, 65.3], 20.5096199999999], [[0, 4, 0, 7], [0.4, 25.87, 65.3], 0.04961999999990141], [[0, 4, 2, 7], [0.5, 25.87, 65.3], 0.04961999999990141], [[1, 4, 0, 7], [0.4, 5.39, 167.7], 122.83038000000009], [[1, 4, 2, 7], [0.5, 5.39, 167.7], 122.83038000000009], [[2, 4, 0, 7], [0.4, 5.39, 65.3], 20.5096199999999], [[2, 4, 2, 7], [0.5, 5.39, 65.3], 20.5096199999999]]","[[0, 4, 0, 7]]","[{""pair"": [0, 4, 0, 7], ""acc"": 0.4, ""vel"": 25.87, ""pos"": 65.3, ""error"": 0.04961999999990141}]","[[{""pair"": [3, 4, 3, 7], ""acc"": 0.5, ""vel"": 5.39, ""pos"": 65.3, ""error"": 20.5096199999999}], [{""pair"": [3, 4, 0, 7], ""acc"": 0.4, ""vel"": 5.39, ""pos"": 65.3, ""error"": 20.5096199999999}], [{""pair"": [3, 4, 2, 7], ""acc"": 0.5, ""vel"": 5.39, ""pos"": 65.3, ""error"": 20.5096199999999}], [{""pair"": [3, 7, 0, 4], ""acc"": 0.5, ""vel"": 25.87, ""pos"": 65.3, ""error"": 0.04961999999990141}], [{""pair"": [3, 7, 1, 4], ""acc"": 0.5, ""vel"": 5.39, ""pos"": 167.7, ""error"": 122.83038000000009}], [{""pair"": [3, 7, 2, 4], ""acc"": 0.5, ""vel"": 5.39, ""pos"": 65.3, ""error"": 20.5096199999999}], [{""pair"": [0, 4, 0, 7], ""acc"": 0.4, ""vel"": 25.87, ""pos"": 65.3, ""error"": 0.04961999999990141}], [{""pair"": [0, 4, 2, 7], ""acc"": 0.5, ""vel"": 25.87, ""pos"": 65.3, ""error"": 0.04961999999990141}], [{""pair"": [1, 4, 0, 7], ""acc"": 0.4, ""vel"": 5.39, ""pos"": 167.7, ""error"": 122.83038000000009}], [{""pair"": [1, 4, 2, 7], ""acc"": 0.5, ""vel"": 5.39, ""pos"": 167.7, ""error"": 122.83038000000009}], [{""pair"": [2, 4, 0, 7], ""acc"": 0.4, ""vel"": 5.39, ""pos"": 65.3, ""error"": 20.5096199999999}], [{""pair"": [2, 4, 2, 7], ""acc"": 0.5, ""vel"": 5.39, ""pos"": 65.3, ""error"": 20.5096199999999}]]",3
272.317,0.03300000000001546,0.409074,25.871622,65.76722394432325,0.4,25.87,65.8,0.4,27.15,65.8,0.4,25.87,65.8,-0.5346961611435188,25.911134749064043,49.68587189243954,-8.0,26.66447616336116,51.4662486246615,-0.8500340790954647,25.87060582096803,49.758848374238866,3.724238723916035,16.081352051883705,0.6206348045974557,2.033434432989596,14.300975319661745,0.5363306307630479,3.589019678590858,16.008375570084382,0.6187862658055596,"[[3, 10, 0, 0], [3, 10, 2, 0], [0, 0, 1, 10], [2, 0, 1, 10], [0, 0, 0, 0], [0, 0, 0, 0], [0, 0, 0, 0], [0, 0, 0, 0], [0, 0, 0, 0], [0, 0, 0, 0], [0, 0, 0, 0], [0, 0, 0, 0], [0, 0, 0, 0], [0, 0, 0, 0], [0, 0, 0, 0], [0, 0, 0, 0]]",1,,1,0,1,"[3, 10, 0, 0]","[[[3, 10, 0, 0], [0.4, 25.87, 65.8], 0.3671278000004108], [[3, 10, 2, 0], [0.4, 27.15, 65.8], 1.6207278000003988], [[0, 0, 1, 10], [0.4, 25.85, 65.8], 0.38712780000041036], [[2, 0, 1, 10], [0.4, 27.13, 65.8], 1.6007278000003993]]","[[3, 10, 0, 0]]","[{""pair"": [3, 10, 0, 0], ""acc"": 0.4, ""vel"": 25.87, ""pos"": 65.8, ""error"": 0.3671278000004108}]","[[{""pair"": [3, 10, 0, 0], ""acc"": 0.4, ""vel"": 25.87, ""pos"": 65.8, ""error"": 0.3671278000004108}], [{""pair"": [3, 10, 2, 0], ""acc"": 0.4, ""vel"": 27.15, ""pos"": 65.8, ""error"": 1.6207278000003988}], [{""pair"": [0, 0, 1, 10], ""acc"": 0.4, ""vel"": 25.85, ""pos"": 65.8, ""error"": 0.38712780000041036}], [{""pair"": [2, 0, 1, 10], ""acc"": 0.4, ""vel"": 27.13, ""pos"": 65.8, ""error"": 1.6007278000003993}]]",3
272.35,0.03299999999995862,0.407273,25.885187,66.62121021111665,0.4,25.89,66.60000000000001,2.0,25.85,66.6,2.0,25.85,66.6,-0.5303727006108028,25.8934897757463,50.540648197099316,-8.0,26.400476163361038,52.341820338052834,-0.7463084082980973,25.84255469635787,50.61211552277515,3.6006435254920177,16.08056201401733,0.6210272216408442,5.437712719598244,14.279389873063813,0.540876224531168,3.5602012967762935,16.0090946883415,0.6194857620093476,"[[0, 0, 0, 0], [0, 0, 0, 0], [0, 0, 0, 0], [0, 0, 0, 0], [0, 0, 0, 0], [0, 0, 0, 0], [0, 0, 0, 0], [0, 0, 0, 0], [0, 0, 0, 0], [0, 0, 0, 0], [0, 0, 0, 0], [0, 0, 0, 0], [0, 0, 0, 0], [0, 0, 0, 0], [0, 0, 0, 0], [0, 0, 0, 0]]",0,,0,0,0,"[0, 0, 0, 0]","[[[0, 0, 0, 0], [2.0, 25.85, 66.6], 0]]","[[0, 0, 0, 0]]","[{""pair"": [0, 0, 0, 0], ""acc"": 2.0, ""vel"": 25.85, ""pos"": 66.6, ""error"": 0.08712779999891396}]",[],3
272.383,0.016999999999995907,0.401856,25.898973,67.47564314226408,0.4,25.900000000000002,67.5,0.4,25.9,67.5,0.4,25.9,67.5,-0.5175605083033286,25.875987476626165,51.39484457176239,-8.0,26.13647616336137,53.20868005144267,-0.7284193457874067,25.81792651888406,51.46451346282557,3.509894240819746,16.080798570501685,0.6214564211328168,4.382734256208457,14.266963090821406,0.5458640637570384,3.31650076029446,16.011129679438504,0.620155521309097,"[[3, 9, 1, 1], [3, 9, 2, 1], [1, 1, 1, 9], [1, 1, 2, 9], [2, 1, 1, 9], [2, 1, 2, 9], [0, 0, 0, 0], [0, 0, 0, 0], [0, 0, 0, 0], [0, 0, 0, 0], [0, 0, 0, 0], [0, 0, 0, 0], [0, 0, 0, 0], [0, 0, 0, 0], [0, 0, 0, 0], [0, 0, 0, 0]]",1,,1,0,1,"[3, 9, 2, 1]","[[[3, 9, 1, 1], [0.4, 25.9, 54.7], 12.355738999999886], [[3, 9, 2, 1], [0.4, 25.9, 67.5], 0.4762610000001217], [[1, 1, 1, 9], [0.4, 25.91, 54.7], 12.365738999999888], [[1, 1, 2, 9], [0.4, 25.9, 54.7], 12.355738999999886], [[2, 1, 1, 9], [0.4, 25.91, 67.5], 0.4862610000001233], [[2, 1, 2, 9], [0.4, 25.9, 67.5], 0.4762610000001217]]","[[3, 9, 2, 1]]","[{""pair"": [3, 9, 2, 1], ""acc"": 0.4, ""vel"": 25.9, ""pos"": 67.5, ""error"": 0.4762610000001217}]","[[{""pair"": [3, 9, 1, 1], ""acc"": 0.4, ""vel"": 25.9, ""pos"": 54.7, ""error"": 12.355738999999886}], [{""pair"": [3, 9, 2, 1], ""acc"": 0.4, ""vel"": 25.9, ""pos"": 67.5, ""error"": 0.4762610000001217}], [{""pair"": [1, 1, 1, 9], ""acc"": 0.4, ""vel"": 25.91, ""pos"": 54.7, ""error"": 12.365738999999888}], [{""pair"": [1, 1, 2, 9], ""acc"": 0.4, ""vel"": 25.9, ""pos"": 54.7, ""error"": 12.355738999999886}], [{""pair"": [2, 1, 1, 9], ""acc"": 0.4, ""vel"": 25.91, ""pos"": 67.5, ""error"": 0.4862610000001233}], [{""pair"": [2, 1, 2, 9], ""acc"": 0.4, ""vel"": 25.9, ""pos"": 67.5, ""error"": 0.4762610000001217}]]",3
272.4,0.016999999999995907,0.398583,25.905569,67.91598375145597,0.4,25.91,67.9,0.6,25.91,67.9,0.4,25.91,67.9,-0.510567038132052,25.86718894798501,51.83466157137148,-8.0,26.0004761633614,53.6518441462197,-0.7158956515834229,25.805543390005678,51.90331295705103,3.448179149220863,16.08132218008449,0.6216880470630801,3.893588911431414,14.264139605236267,0.5486107068045389,3.2429274423421686,16.01267079440494,0.6205128313867069,"[[3, 9, 3, 10], [3, 9, 1, 10], [3, 9, 2, 10], [3, 10, 2, 9], [3, 8, 0, 8], [2, 9, 1, 10], [2, 9, 2, 10], [0, 0, 0, 0], [0, 0, 0, 0], [0, 0, 0, 0], [0, 0, 0, 0], [0, 0, 0, 0], [0, 0, 0, 0], [0, 0, 0, 0], [0, 0, 0, 0], [0, 0, 0, 0]]",1,,1,0,1,"[3, 8, 0, 8]","[[[3, 9, 3, 10], [0.6, 25.91, 67.9], 0.04355779999988485], [[3, 9, 1, 10], [0.6, 25.89, 67.9], 0.05715779999987802], [[3, 9, 2, 10], [0.6, 25.91, 67.8], 0.14355779999989338], [[3, 10, 2, 9], [0.6, 25.91, 67.9], 0.04355779999988485], [[3, 8, 0, 8], [0.4, 25.91, 67.9], 0.04355779999988485], [[2, 9, 1, 10], [0.6, 25.89, 67.9], 0.05715779999987802], [[2, 9, 2, 10], [0.6, 25.91, 67.8], 0.14355779999989338]]","[[3, 8, 0, 8]]","[{""pair"": [3, 8, 0, 8], ""acc"": 0.4, ""vel"": 25.91, ""pos"": 67.9, ""error"": 0.04355779999988485}]","[[{""pair"": [3, 9, 3, 10], ""acc"": 0.6, ""vel"": 25.91, ""pos"": 67.9, ""error"": 0.04355779999988485}], [{""pair"": [3, 9, 1, 10], ""acc"": 0.6, ""vel"": 25.89, ""pos"": 67.9, ""error"": 0.05715779999987802}], [{""pair"": [3, 9, 2, 10], ""acc"": 0.6, ""vel"": 25.91, ""pos"": 67.8, ""error"": 0.14355779999989338}], [{""pair"": [3, 10, 2, 9], ""acc"": 0.6, ""vel"": 25.91, ""pos"": 67.9, ""error"": 0.04355779999988485}], [{""pair"": [3, 8, 0, 8], ""acc"": 0.4, ""vel"": 25.91, ""pos"": 67.9, ""error"": 0.04355779999988485}], [{""pair"": [2, 9, 1, 10], ""acc"": 0.6, ""vel"": 25.89, ""pos"": 67.9, ""error"": 0.05715779999987802}], [{""pair"": [2, 9, 2, 10], ""acc"": 0.6, ""vel"": 25.91, ""pos"": 67.8, ""error"": 0.14355779999989338}]]",3
272.417,0.016000000000019554,0.395336,25.912117,68.35643601969936,0.4,25.91,68.4,0.4,107.83,68.4,0.4,25.91,68.4,-0.49329577780217004,25.858509308336767,52.27433000655011,-7.0267166630219124,25.864476163361434,54.09269624099674,-0.6930132696402096,25.793373163928763,52.34190374775936,3.419251158917374,16.08210601314925,0.6219270345937686,-110.85285693334562,14.263739778702622,0.5514799406186334,3.2024622647479037,16.01453227194,0.6208777801243859,"[[3, 8, 0, 6], [0, 0, 0, 0], [0, 0, 0, 0], [0, 0, 0, 0], [0, 0, 0, 0], [0, 0, 0, 0], [0, 0, 0, 0], [0, 0, 0, 0], [0, 0, 0, 0], [0, 0, 0, 0], [0, 0, 0, 0], [0, 0, 0, 0], [0, 0, 0, 0], [0, 0, 0, 0], [0, 0, 0, 0], [0, 0, 0, 0]]",1,,1,0,1,"[3, 8, 0, 6]","[[[3, 8, 0, 6], [0.4, 25.91, 68.4], 0.09178879999949885]]","[[3, 8, 0, 6]]","[{""pair"": [3, 8, 0, 6], ""acc"": 0.4, ""vel"": 25.91, ""pos"": 68.4, ""error"": 0.09178879999949885}]","[[{""pair"": [3, 8, 0, 6], ""acc"": 0.4, ""vel"": 25.91, ""pos"": 68.4, ""error"": 0.09178879999949885}]]",3
272.433,0.016999999999995907,0.392478,25.918209,68.77108049470786,0.4,25.92,68.8,0.4,25.76,68.8,0.4,25.92,68.8,-0.4765444250815266,25.850616575891923,52.688003013624446,-7.04065550944356,25.752048696752947,54.50562843987816,-0.6699142236546048,25.782284951614507,52.75450901268421,3.360560242200328,16.083077481083414,0.6221545019580834,3.5496056246712353,14.265452054829701,0.553954064890706,3.1332170780519313,16.01657148202365,0.6212238950923813,"[[3, 13, 3, 14], [3, 13, 0, 14], [3, 13, 1, 14], [3, 14, 1, 13], [0, 12, 1, 12], [0, 12, 2, 12], [1, 12, 0, 12], [1, 12, 2, 12], [2, 12, 0, 12], [2, 12, 1, 12], [1, 13, 0, 14], [1, 13, 1, 14], [0, 0, 0, 0], [0, 0, 0, 0], [0, 0, 0, 0], [0, 0, 0, 0]]",1,,1,0,1,"[1, 13, 1, 14]","[[[3, 13, 3, 14], [0.4, 25.76, 68.8], 0.19732779999988992], [[3, 13, 0, 14], [13.2, 25.76, 68.8], 0.19732779999988992], [[3, 13, 1, 14], [0.4, 26.08, 68.8], 0.20372779999989277], [[3, 14, 1, 13], [0.4, 25.6, 68.8], 0.35732779999989006], [[0, 12, 1, 12], [3.6, 25.84, 68.8], 0.11732779999989162], [[0, 12, 2, 12], [3.6, 25.76, 69.2], 0.5162722000001096], [[1, 12, 0, 12], [3.6, 25.84, 68.8], 0.11732779999989162], [[1, 12, 2, 12], [0.4, 25.84, 69.2], 0.43627220000011135], [[2, 12, 0, 12], [3.6, 25.76, 69.2], 0.5162722000001096], [[2, 12, 1, 12], [0.4, 25.84, 69.2], 0.43627220000011135], [[1, 13, 0, 14], [13.2, 25.6, 68.8], 0.35732779999989006], [[1, 13, 1, 14], [0.4, 25.92, 68.8], 0.04372779999989618]]","[[1, 13, 1, 14]]","[{""pair"": [1, 13, 1, 14], ""acc"": 0.4, ""vel"": 25.92, ""pos"": 68.8, ""error"": 0.04372779999989618}]","[[{""pair"": [3, 13, 3, 14], ""acc"": 0.4, ""vel"": 25.76, ""pos"": 68.8, ""error"": 0.19732779999988992}], [{""pair"": [3, 13, 0, 14], ""acc"": 13.2, ""vel"": 25.76, ""pos"": 68.8, ""error"": 0.19732779999988992}], [{""pair"": [3, 13, 1, 14], ""acc"": 0.4, ""vel"": 26.08, ""pos"": 68.8, ""error"": 0.20372779999989277}], [{""pair"": [3, 14, 1, 13], ""acc"": 0.4, ""vel"": 25.6, ""pos"": 68.8, ""error"": 0.35732779999989006}], [{""pair"": [0, 12, 1, 12], ""acc"": 3.6, ""vel"": 25.84, ""pos"": 68.8, ""error"": 0.11732779999989162}], [{""pair"": [0, 12, 2, 12], ""acc"": 3.6, ""vel"": 25.76, ""pos"": 69.2, ""error"": 0.5162722000001096}], [{""pair"": [1, 12, 0, 12], ""acc"": 3.6, ""vel"": 25.84, ""pos"": 68.8, ""error"": 0.11732779999989162}], [{""pair"": [1, 12, 2, 12], ""acc"": 0.4, ""vel"": 25.84, ""pos"": 69.2, ""error"": 0.43627220000011135}], [{""pair"": [2, 12, 0, 12], ""acc"": 3.6, ""vel"": 25.76, ""pos"": 69.2, ""error"": 0.5162722000001096}], [{""pair"": [2, 12, 1, 12], ""acc"": 0.4, ""vel"": 25.84, ""pos"": 69.2, ""error"": 0.43627220000011135}], [{""pair"": [1, 13, 0, 14], ""acc"": 13.2, ""vel"": 25.6, ""pos"": 68.8, ""error"": 0.35732779999989006}], [{""pair"": [1, 13, 1, 14], ""acc"": 0.4, ""vel"": 25.92, ""pos"": 68.8, ""error"": 0.04372779999989618}]]",3
272.45,0.016999999999995907,0.389805,25.924673,69.21174676077875,0.4,25.92,69.2,0.4,25.92,888.4,0.4,25.92,69.2,-0.4662220349292356,25.842515320665537,53.12739463474508,8.0,25.632357553092437,54.94239589300174,-0.6528558230039804,25.77089640981238,53.19271105425623,3.3335764132436068,16.08435212603367,0.6223988619703541,2.636445363407667,14.269350867777014,0.5566928768928426,3.095383501311271,16.019035706522523,0.6215940435980801,"[[3, 4, 3, 7], [3, 4, 1, 7], [3, 4, 2, 7], [3, 7, 0, 4], [3, 7, 2, 4], [0, 4, 1, 7], [0, 4, 2, 7], [2, 4, 1, 7], [2, 4, 2, 7], [0, 0, 0, 0], [0, 0, 0, 0], [0, 0, 0, 0], [0, 0, 0, 0], [0, 0, 0, 0], [0, 0, 0, 0], [0, 0, 0, 0]]",1,,1,0,1,"[3, 4, 1, 7]","[[[3, 4, 3, 7], [0.4, 25.92, 888.4], 819.1661022000001], [[3, 4, 1, 7], [0.4, 25.92, 69.2], 0.047497799999874246], [[3, 4, 2, 7], [0.4, 25.92, 888.4], 819.1661022000001], [[3, 7, 0, 4], [0.4, 5.44, 888.4], 839.6461022000001], [[3, 7, 2, 4], [0.4, 25.92, 888.4], 819.1661022000001], [[0, 4, 1, 7], [0.4, 5.44, 69.2], 20.527497799999875], [[0, 4, 2, 7], [0.4, 5.44, 888.4], 839.6461022000001], [[2, 4, 1, 7], [0.4, 25.92, 69.2], 0.047497799999874246], [[2, 4, 2, 7], [0.4, 25.92, 888.4], 819.1661022000001]]","[[3, 4, 1, 7]]","[{""pair"": [3, 4, 1, 7], ""acc"": 0.4, ""vel"": 25.92, ""pos"": 69.2, ""error"": 0.047497799999874246}]","[[{""pair"": [3, 4, 3, 7], ""acc"": 0.4, ""vel"": 25.92, ""pos"": 888.4, ""error"": 819.1661022000001}], [{""pair"": [3, 4, 1, 7], ""acc"": 0.4, ""vel"": 25.92, ""pos"": 69.2, ""error"": 0.047497799999874246}], [{""pair"": [3, 4, 2, 7], ""acc"": 0.4, ""vel"": 25.92, ""pos"": 888.4, ""error"": 819.1661022000001}], [{""pair"": [3, 7, 0, 4], ""acc"": 0.4, ""vel"": 5.44, ""pos"": 888.4, ""error"": 839.6461022000001}], [{""pair"": [3, 7, 2, 4], ""acc"": 0.4, ""vel"": 25.92, ""pos"": 888.4, ""error"": 819.1661022000001}], [{""pair"": [0, 4, 1, 7], ""acc"": 0.4, ""vel"": 5.44, ""pos"": 69.2, ""error"": 20.527497799999875}], [{""pair"": [0, 4, 2, 7], ""acc"": 0.4, ""vel"": 5.44, ""pos"": 888.4, ""error"": 839.6461022000001}], [{""pair"": [2, 4, 1, 7], ""acc"": 0.4, ""vel"": 25.92, ""pos"": 69.2, ""error"": 0.047497799999874246}], [{""pair"": [2, 4, 2, 7], ""acc"": 0.4, ""vel"": 25.92, ""pos"": 888.4, ""error"": 819.1661022000001}]]",3
272.467,0.016000000000019554,0.386888,25.931482,69.65252252860114,0.4,25.93,69.7,0.4,25.93,68.9,0.4,25.93,69.7,-0.4455849414733983,25.834589546071744,53.566650026112235,7.2641711851979025,25.768357553092404,55.3793019714042,-0.6255348645064552,25.759797860821315,53.63072195555651,3.2747787679821347,16.085872502488904,0.6226486576766546,3.0545451918101354,14.273220557196936,0.55390494049878,3.026122650480533,16.02180057304463,0.6219691885631046,"[[3, 9, 3, 13], [3, 9, 0, 13], [3, 9, 1, 13], [3, 9, 2, 13], [3, 13, 0, 9], [3, 13, 1, 9], [0, 9, 0, 13], [0, 9, 1, 13], [0, 9, 2, 13], [1, 9, 0, 13], [1, 9, 1, 13], [1, 9, 2, 13], [0, 0, 0, 0], [0, 0, 0, 0], [0, 0, 0, 0], [0, 0, 0, 0]]",1,,1,0,1,"[3, 9, 2, 13]","[[[3, 9, 3, 13], [0.4, 25.93, 68.9], 0.7183712000004903], [[3, 9, 0, 13], [6.8, 25.93, 68.9], 0.7183712000004903], [[3, 9, 1, 13], [0.4, 26.09, 68.9], 0.8783712000004904], [[3, 9, 2, 13], [0.4, 25.93, 69.7], 0.08882879999949012], [[3, 13, 0, 9], [0.0, 25.93, 68.9], 0.7183712000004903], [[3, 13, 1, 9], [0.4, 25.92, 68.9], 0.721171200000505], [[0, 9, 0, 13], [6.4, 25.93, 68.9], 0.7183712000004903], [[0, 9, 1, 13], [0.0, 26.09, 68.9], 0.8783712000004904], [[0, 9, 2, 13], [0.0, 25.93, 69.7], 0.08882879999949012], [[1, 9, 0, 13], [6.8, 25.92, 68.9], 0.721171200000505], [[1, 9, 1, 13], [0.4, 26.08, 68.9], 0.8683712000004888], [[1, 9, 2, 13], [0.4, 25.92, 69.7], 0.0916287999995049]]","[[3, 9, 2, 13]]","[{""pair"": [3, 9, 2, 13], ""acc"": 0.4, ""vel"": 25.93, ""pos"": 69.7, ""error"": 0.08882879999949012}]","[[{""pair"": [3, 9, 3, 13], ""acc"": 0.4, ""vel"": 25.93, ""pos"": 68.9, ""error"": 0.7183712000004903}], [{""pair"": [3, 9, 0, 13], ""acc"": 6.8, ""vel"": 25.93, ""pos"": 68.9, ""error"": 0.7183712000004903}], [{""pair"": [3, 9, 1, 13], ""acc"": 0.4, ""vel"": 26.09, ""pos"": 68.9, ""error"": 0.8783712000004904}], [{""pair"": [3, 9, 2, 13], ""acc"": 0.4, ""vel"": 25.93, ""pos"": 69.7, ""error"": 0.08882879999949012}], [{""pair"": [3, 13, 0, 9], ""acc"": 0.0, ""vel"": 25.93, ""pos"": 68.9, ""error"": 0.7183712000004903}], [{""pair"": [3, 13, 1, 9], ""acc"": 0.4, ""vel"": 25.92, ""pos"": 68.9, ""error"": 0.721171200000505}], [{""pair"": [0, 9, 0, 13], ""acc"": 6.4, ""vel"": 25.93, ""pos"": 68.9, ""error"": 0.7183712000004903}], [{""pair"": [0, 9, 1, 13], ""acc"": 0.0, ""vel"": 26.09, ""pos"": 68.9, ""error"": 0.8783712000004904}], [{""pair"": [0, 9, 2, 13], ""acc"": 0.0, ""vel"": 25.93, ""pos"": 69.7, ""error"": 0.08882879999949012}], [{""pair"": [1, 9, 0, 13], ""acc"": 6.8, ""vel"": 25.92, ""pos"": 68.9, ""error"": 0.721171200000505}], [{""pair"": [1, 9, 1, 13], ""acc"": 0.4, ""vel"": 26.08, ""pos"": 68.9, ""error"": 0.8683712000004888}], [{""pair"": [1, 9, 2, 13], ""acc"": 0.4, ""vel"": 25.92, ""pos"": 69.7, ""error"": 0.0916287999995049}]]",3
272.483,0.016999999999995907,0.383953,25.937841,70.06747576226564,0.4,25.94,70.10000000000001,0.6,25.94,68.5,0.4,25.94,70.1,-0.42544005678179553,25.82746018700816,53.979946423977374,6.362668799036445,25.884584292055713,55.792525506165894,-0.597965209921513,25.7497893029892,54.042798652867496,3.2186272506690363,16.08752933828827,0.6228846824969917,3.4089649274891496,14.27495025609975,0.551484624788079,2.960482002069975,16.024677109398148,0.6223226497444739,"[[3, 14, 0, 8], [0, 8, 0, 14], [0, 8, 2, 14], [0, 0, 0, 0], [0, 0, 0, 0], [0, 0, 0, 0], [0, 0, 0, 0], [0, 0, 0, 0], [0, 0, 0, 0], [0, 0, 0, 0], [0, 0, 0, 0], [0, 0, 0, 0], [0, 0, 0, 0], [0, 0, 0, 0], [0, 0, 0, 0], [0, 0, 0, 0]]",1,,1,0,1,"[0, 8, 2, 14]","[[[3, 14, 0, 8], [0.4, 25.94, 68.5], 1.644067799999899], [[0, 8, 0, 14], [13.2, 25.94, 68.5], 1.644067799999899], [[0, 8, 2, 14], [0.4, 25.94, 70.1], 0.04406779999990462]]","[[0, 8, 2, 14]]","[{""pair"": [0, 8, 2, 14], ""acc"": 0.4, ""vel"": 25.94, ""pos"": 70.1, ""error"": 0.04406779999990462}]","[[{""pair"": [3, 14, 0, 8], ""acc"": 0.4, ""vel"": 25.94, ""pos"": 68.5, ""error"": 1.644067799999899}], [{""pair"": [0, 8, 0, 14], ""acc"": 13.2, ""vel"": 25.94, ""pos"": 68.5, ""error"": 1.644067799999899}], [{""pair"": [0, 8, 2, 14], ""acc"": 0.4, ""vel"": 25.94, ""pos"": 70.1, ""error"": 0.04406779999990462}]]",3
272.5,0.016999999999995907,0.381219,25.94376,70.50847454047404,0.4,25.94,70.5,0.4,26.1,70.5,0.4,25.94,70.5,-0.4119207885288612,25.82022770604287,54.4189517710682,5.756073472550029,25.992749661639305,56.2334828447722,-0.5767003271873514,25.739623894420536,54.48045866504537,3.194557695098273,16.08952276940584,0.6231363624124936,3.250089651954566,14.274991695701843,0.5491912891681946,2.9267522785810858,16.02801587542867,0.6226981381380243,"[[3, 13, 0, 2], [3, 13, 2, 2], [0, 2, 1, 13], [2, 2, 1, 13], [0, 0, 0, 0], [0, 0, 0, 0], [0, 0, 0, 0], [0, 0, 0, 0], [0, 0, 0, 0], [0, 0, 0, 0], [0, 0, 0, 0], [0, 0, 0, 0], [0, 0, 0, 0], [0, 0, 0, 0], [0, 0, 0, 0], [0, 0, 0, 0]]",1,,1,0,1,"[2, 2, 1, 13]","[[[3, 13, 0, 2], [0.4, 20.98, 70.5], 5.0078377999998835], [[3, 13, 2, 2], [0.4, 26.1, 70.5], 0.1942377999998861], [[0, 2, 1, 13], [0.4, 20.82, 70.5], 5.167837799999884], [[2, 2, 1, 13], [0.4, 25.94, 70.5], 0.04783779999988269]]","[[2, 2, 1, 13]]","[{""pair"": [2, 2, 1, 13], ""acc"": 0.4, ""vel"": 25.94, ""pos"": 70.5, ""error"": 0.04783779999988269}]","[[{""pair"": [3, 13, 0, 2], ""acc"": 0.4, ""vel"": 20.98, ""pos"": 70.5, ""error"": 5.0078377999998835}], [{""pair"": [3, 13, 2, 2], ""acc"": 0.4, ""vel"": 26.1, ""pos"": 70.5, ""error"": 0.1942377999998861}], [{""pair"": [0, 2, 1, 13], ""acc"": 0.4, ""vel"": 20.82, ""pos"": 70.5, ""error"": 5.167837799999884}], [{""pair"": [2, 2, 1, 13], ""acc"": 0.4, ""vel"": 25.94, ""pos"": 70.5, ""error"": 0.04783779999988269}]]",3
272.517,0.016000000000019554,0.378405,25.950422,70.94957354661943,0.4,25.95,70.9,13.2,25.63,70.9,0.4,25.95,70.9,-0.40478160450208917,25.813225052637883,54.85783611951688,5.371823714167831,26.090602910672633,56.676191341636745,-0.5619910945488258,25.729819988858353,54.91794893805313,3.1388279813970463,16.09173742710255,0.6233912033187855,5.097976556217217,14.273382204982688,0.5470698493956233,2.861803040076771,16.031624608566304,0.6230756614507367,"[[0, 0, 0, 0], [0, 0, 0, 0], [0, 0, 0, 0], [0, 0, 0, 0], [0, 0, 0, 0], [0, 0, 0, 0], [0, 0, 0, 0], [0, 0, 0, 0], [0, 0, 0, 0], [0, 0, 0, 0], [0, 0, 0, 0], [0, 0, 0, 0], [0, 0, 0, 0], [0, 0, 0, 0], [0, 0, 0, 0], [0, 0, 0, 0]]",0,,0,0,1,"[0, 0, 0, 0]","[[[0, 0, 0, 0], [0.4, 25.95, 70.9], 0]]","[[0, 0, 0, 0]]","[{""pair"": [0, 0, 0, 0], ""acc"": 0.4, ""vel"": 25.95, ""pos"": 70.9, ""error"": 0}]",[],0
272.533,0.016999999999995907,0.374753,25.956606,71.36482873445993,0.4,25.96,71.4,0.4,25.96,71.4,0.4,25.96,71.4,-0.38109595085015985,25.806748546965842,55.27079590831421,4.782975428235154,26.176552090099424,57.09432858164343,-0.5300033804741446,25.72082813134556,55.329554123015264,3.0848417650918116,16.09403282614572,0.6236365963289061,4.323297666865475,14.270500152816503,0.545163476981139,2.799545298273123,16.03527461144467,0.6234353936645897,"[[3, 6, 3, 11], [3, 6, 0, 11], [3, 11, 0, 6], [3, 11, 1, 6], [3, 11, 2, 6], [0, 6, 0, 11], [1, 6, 0, 11], [2, 6, 0, 11], [0, 0, 0, 0], [0, 0, 0, 0], [0, 0, 0, 0], [0, 0, 0, 0], [0, 0, 0, 0], [0, 0, 0, 0], [0, 0, 0, 0], [0, 0, 0, 0]]",1,,1,0,1,"[3, 6, 3, 11]","[[[3, 6, 3, 11], [0.4, 25.96, 71.4], 0.06199220000011607], [[3, 6, 0, 11], [2.0, 25.96, 71.4], 0.06199220000011607], [[3, 11, 0, 6], [0.4, 107.88, 71.4], 81.98199220000011], [[3, 11, 1, 6], [0.4, 25.96, 481.0], 409.6619922000001], [[3, 11, 2, 6], [0.4, 25.96, 71.4], 0.06199220000011607], [[0, 6, 0, 11], [2.0, 107.88, 71.4], 81.98199220000011], [[1, 6, 0, 11], [2.0, 25.96, 481.0], 409.6619922000001], [[2, 6, 0, 11], [2.0, 25.96, 71.4], 0.06199220000011607]]","[[3, 6, 3, 11], [3, 6, 0, 11], [3, 11, 0, 6], [0, 6, 0, 11], [3, 11, 1, 6], [1, 6, 0, 11]]","[{""pair"": [3, 6, 3, 11], ""acc"": 0.4, ""vel"": 25.96, ""pos"": 71.4, ""error"": 0.06199220000011607}, {""pair"": [3, 6, 0, 11], ""acc"": 2.0, ""vel"": 25.96, ""pos"": 71.4, ""error"": 0.06199220000011607}, {""pair"": [3, 11, 0, 6], ""acc"": 0.4, ""vel"": 107.88, ""pos"": 71.4, ""error"": 81.98199220000011}, {""pair"": [0, 6, 0, 11], ""acc"": 2.0, ""vel"": 107.88, ""pos"": 71.4, ""error"": 81.98199220000011}, {""pair"": [3, 11, 1, 6], ""acc"": 0.4, ""vel"": 25.96, ""pos"": 481.0, ""error"": 409.6619922000001}, {""pair"": [1, 6, 0, 11], ""acc"": 2.0, ""vel"": 25.96, ""pos"": 481.0, ""error"": 409.6619922000001}]","[[{""pair"": [3, 6, 3, 11], ""acc"": 0.4, ""vel"": 25.96, ""pos"": 71.4, ""error"": 0.06199220000011607}], [{""pair"": [3, 6, 0, 11], ""acc"": 2.0, ""vel"": 25.96, ""pos"": 71.4, ""error"": 0.06199220000011607}], [{""pair"": [3, 11, 0, 6], ""acc"": 0.4, ""vel"": 107.88, ""pos"": 71.4, ""error"": 81.98199220000011}], [{""pair"": [3, 11, 1, 6], ""acc"": 0.4, ""vel"": 25.96, ""pos"": 481.0, ""error"": 409.6619922000001}], [{""pair"": [3, 11, 2, 6], ""acc"": 0.4, ""vel"": 25.96, ""pos"": 71.4, ""error"": 0.06199220000011607}], [{""pair"": [0, 6, 0, 11], ""acc"": 2.0, ""vel"": 107.88, ""pos"": 71.4, ""error"": 81.98199220000011}], [{""pair"": [1, 6, 0, 11], ""acc"": 2.0, ""vel"": 25.96, ""pos"": 481.0, ""error"": 409.6619922000001}], [{""pair"": [2, 6, 0, 11], ""acc"": 2.0, ""vel"": 25.96, ""pos"": 71.4, ""error"": 0.06199220000011607}]]",1
272.55,0.03300000000001546,0.369751,25.962299,71.80614518826833,0.4,25.96,71.8,0.4,28.52,174.2,0.4,25.96,71.8,-0.3483562930527474,25.80026991580139,55.70945556524762,8.0,26.257862672379403,57.540021107124396,-0.4806585846505586,25.711818073877502,55.766731615759554,3.0632974745930337,16.09668962302071,0.6238961714568064,-4.1189042251660855,14.266124081143936,0.5433086561211414,2.769681098898614,16.039413572508778,0.6238148359024203,"[[3, 4, 0, 1], [3, 4, 1, 1], [3, 4, 2, 1], [0, 1, 0, 4], [0, 1, 1, 4], [0, 1, 2, 4], [1, 1, 0, 4], [1, 1, 1, 4], [1, 1, 2, 4], [2, 1, 0, 4], [2, 1, 1, 4], [2, 1, 2, 4], [0, 0, 0, 0], [0, 0, 0, 0], [0, 0, 0, 0], [0, 0, 0, 0]]",1,,1,0,1,"[0, 1, 1, 4]","[[[3, 4, 0, 1], [0.4, 25.96, 174.2], 101.95630219999958], [[3, 4, 1, 1], [0.4, 28.52, 161.4], 91.63623099999957], [[3, 4, 2, 1], [0.4, 28.52, 174.2], 104.43623099999955], [[0, 1, 0, 4], [0.4, 5.48, 174.2], 122.43630219999959], [[0, 1, 1, 4], [0.4, 25.96, 71.8], 0.4700978000004099], [[0, 1, 2, 4], [0.4, 25.96, 174.2], 101.95630219999958], [[1, 1, 0, 4], [0.4, 8.04, 161.4], 107.07630219999962], [[1, 1, 1, 4], [0.4, 28.52, 59.0], 15.751769000000376], [[1, 1, 2, 4], [0.4, 28.52, 161.4], 91.63623099999957], [[2, 1, 0, 4], [0.4, 8.04, 174.2], 119.8763021999996], [[2, 1, 1, 4], [0.4, 28.52, 71.8], 2.951769000000379], [[2, 1, 2, 4], [0.4, 28.52, 174.2], 104.43623099999955]]","[[0, 1, 1, 4], [2, 1, 1, 4], [1, 1, 1, 4], [3, 4, 1, 1], [3, 4, 0, 1], [3, 4, 2, 1], [1, 1, 0, 4], [2, 1, 0, 4], [0, 1, 0, 4]]","[{""pair"": [0, 1, 1, 4], ""acc"": 0.4, ""vel"": 25.96, ""pos"": 71.8, ""error"": 0.4700978000004099}, {""pair"": [2, 1, 1, 4], ""acc"": 0.4, ""vel"": 28.52, ""pos"": 71.8, ""error"": 2.951769000000379}, {""pair"": [1, 1, 1, 4], ""acc"": 0.4, ""vel"": 28.52, ""pos"": 59.0, ""error"": 15.751769000000376}, {""pair"": [3, 4, 1, 1], ""acc"": 0.4, ""vel"": 28.52, ""pos"": 161.4, ""error"": 91.63623099999957}, {""pair"": [3, 4, 0, 1], ""acc"": 0.4, ""vel"": 25.96, ""pos"": 174.2, ""error"": 101.95630219999958}, {""pair"": [3, 4, 2, 1], ""acc"": 0.4, ""vel"": 28.52, ""pos"": 174.2, ""error"": 104.43623099999955}, {""pair"": [1, 1, 0, 4], ""acc"": 0.4, ""vel"": 8.04, ""pos"": 161.4, ""error"": 107.07630219999962}, {""pair"": [2, 1, 0, 4], ""acc"": 0.4, ""vel"": 8.04, ""pos"": 174.2, ""error"": 119.8763021999996}, {""pair"": [0, 1, 0, 4], ""acc"": 0.4, ""vel"": 5.48, ""pos"": 174.2, ""error"": 122.43630219999959}]","[[{""pair"": [3, 4, 0, 1], ""acc"": 0.4, ""vel"": 25.96, ""pos"": 174.2, ""error"": 101.95630219999958}, {""pair"": [3, 4, 0, 1], ""acc"": 0.4, ""vel"": 25.96, ""pos"": 174.2, ""error"": 102.00823099999961}, {""pair"": [3, 4, 0, 1], ""acc"": 0.4, ""vel"": 25.96, ""pos"": 174.2, ""error"": 181.17294219999832}, {""pair"": [3, 4, 0, 1], ""acc"": 0.4, ""vel"": 25.96, ""pos"": 174.2, ""error"": 181.22487099999833}, {""pair"": [3, 4, 0, 1], ""acc"": 0.4, ""vel"": 25.96, ""pos"": 174.2, ""error"": 307.67009780000035}, {""pair"": [3, 4, 0, 1], ""acc"": 0.4, ""vel"": 25.96, ""pos"": 174.2, ""error"": 307.7237690000004}], [{""pair"": [3, 4, 1, 1], ""acc"": 0.4, ""vel"": 28.52, ""pos"": 161.4, ""error"": 91.6899021999996}, {""pair"": [3, 4, 1, 1], ""acc"": 0.4, ""vel"": 28.52, ""pos"": 161.4, ""error"": 91.63623099999957}, {""pair"": [3, 4, 1, 1], ""acc"": 0.4, ""vel"": 28.52, ""pos"": 161.4, ""error"": 165.81294219999836}, {""pair"": [3, 4, 1, 1], ""acc"": 0.4, ""vel"": 28.52, ""pos"": 161.4, ""error"": 165.86487099999835}, {""pair"": [3, 4, 1, 1], ""acc"": 0.4, ""vel"": 28.52, ""pos"": 161.4, ""error"": 323.00369780000034}, {""pair"": [3, 4, 1, 1], ""acc"": 0.4, ""vel"": 28.52, ""pos"": 161.4, ""error"": 322.9517690000003}], [{""pair"": [3, 4, 2, 1], ""acc"": 0.4, ""vel"": 28.52, ""pos"": 174.2, ""error"": 104.48990219999958}, {""pair"": [3, 4, 2, 1], ""acc"": 0.4, ""vel"": 28.52, ""pos"": 174.2, ""error"": 104.43623099999955}, {""pair"": [3, 4, 2, 1], ""acc"": 0.4, ""vel"": 28.52, ""pos"": 174.2, ""error"": 178.61294219999832}, {""pair"": [3, 4, 2, 1], ""acc"": 0.4, ""vel"": 28.52, ""pos"": 174.2, ""error"": 178.66487099999836}, {""pair"": [3, 4, 2, 1], ""acc"": 0.4, ""vel"": 28.52, ""pos"": 174.2, ""error"": 310.2036978000004}, {""pair"": [3, 4, 2, 1], ""acc"": 0.4, ""vel"": 28.52, ""pos"": 174.2, ""error"": 310.15176900000034}], [{""pair"": [0, 1, 0, 4], ""acc"": 0.4, ""vel"": 5.48, ""pos"": 174.2, ""error"": 122.43630219999959}, {""pair"": [0, 1, 0, 4], ""acc"": 0.4, ""vel"": 5.48, ""pos"": 174.2, ""error"": 122.48823099999962}, {""pair"": [0, 1, 0, 4], ""acc"": 0.4, ""vel"": 5.48, ""pos"": 174.2, ""error"": 201.65294219999834}, {""pair"": [0, 1, 0, 4], ""acc"": 0.4, ""vel"": 5.48, ""pos"": 174.2, ""error"": 201.70487099999832}, {""pair"": [0, 1, 0, 4], ""acc"": 0.4, ""vel"": 5.48, ""pos"": 174.2, ""error"": 328.15009780000037}, {""pair"": [0, 1, 0, 4], ""acc"": 0.4, ""vel"": 5.48, ""pos"": 174.2, ""error"": 328.2037690000004}], [{""pair"": [0, 1, 1, 4], ""acc"": 0.4, ""vel"": 25.96, ""pos"": 71.8, ""error"": 0.4700978000004099}, {""pair"": [0, 1, 1, 4], ""acc"": 0.4, ""vel"": 25.96, ""pos"": 71.8, ""error"": 0.523769000000442}, {""pair"": [0, 1, 1, 4], ""acc"": 0.4, ""vel"": 25.96, ""pos"": 71.8, ""error"": 85.09345780000167}, {""pair"": [0, 1, 1, 4], ""acc"": 0.4, ""vel"": 25.96, ""pos"": 71.8, ""error"": 85.1471290000017}, {""pair"": [0, 1, 1, 4], ""acc"": 0.4, ""vel"": 25.96, ""pos"": 71.8, ""error"": 410.0700978000003}, {""pair"": [0, 1, 1, 4], ""acc"": 0.4, ""vel"": 25.96, ""pos"": 71.8, ""error"": 410.1237690000004}], [{""pair"": [0, 1, 2, 4], ""acc"": 0.4, ""vel"": 25.96, ""pos"": 174.2, ""error"": 101.95630219999958}, {""pair"": [0, 1, 2, 4], ""acc"": 0.4, ""vel"": 25.96, ""pos"": 174.2, ""error"": 102.00823099999961}, {""pair"": [0, 1, 2, 4], ""acc"": 0.4, ""vel"": 25.96, ""pos"": 174.2, ""error"": 181.17294219999832}, {""pair"": [0, 1, 2, 4], ""acc"": 0.4, ""vel"": 25.96, ""pos"": 174.2, ""error"": 181.22487099999833}, {""pair"": [0, 1, 2, 4], ""acc"": 0.4, ""vel"": 25.96, ""pos"": 174.2, ""error"": 307.67009780000035}, {""pair"": [0, 1, 2, 4], ""acc"": 0.4, ""vel"": 25.96, ""pos"": 174.2, ""error"": 307.7237690000004}], [{""pair"": [1, 1, 0, 4], ""acc"": 0.4, ""vel"": 8.04, ""pos"": 161.4, ""error"": 107.07630219999962}, {""pair"": [1, 1, 0, 4], ""acc"": 0.4, ""vel"": 8.04, ""pos"": 161.4, ""error"": 107.12823099999963}, {""pair"": [1, 1, 0, 4], ""acc"": 0.4, ""vel"": 8.04, ""pos"": 161.4, ""error"": 186.29294219999835}, {""pair"": [1, 1, 0, 4], ""acc"": 0.4, ""vel"": 8.04, ""pos"": 161.4, ""error"": 186.34487099999836}, {""pair"": [1, 1, 0, 4], ""acc"": 0.4, ""vel"": 8.04, ""pos"": 161.4, ""error"": 338.3900978000003}, {""pair"": [1, 1, 0, 4], ""acc"": 0.4, ""vel"": 8.04, ""pos"": 161.4, ""error"": 338.4437690000004}], [{""pair"": [1, 1, 1, 4], ""acc"": 0.4, ""vel"": 28.52, ""pos"": 59.0, ""error"": 15.803697800000396}, {""pair"": [1, 1, 1, 4], ""acc"": 0.4, ""vel"": 28.52, ""pos"": 59.0, ""error"": 15.751769000000376}, {""pair"": [1, 1, 1, 4], ""acc"": 0.4, ""vel"": 28.52, ""pos"": 59.0, ""error"": 95.33345780000168}, {""pair"": [1, 1, 1, 4], ""acc"": 0.4, ""vel"": 28.52, ""pos"": 59.0, ""error"": 95.3871290000017}, {""pair"": [1, 1, 1, 4], ""acc"": 0.4, ""vel"": 28.52, ""pos"": 59.0, ""error"": 425.4036978000004}, {""pair"": [1, 1, 1, 4], ""acc"": 0.4, ""vel"": 28.52, ""pos"": 59.0, ""error"": 425.35176900000033}], [{""pair"": [1, 1, 2, 4], ""acc"": 0.4, ""vel"": 28.52, ""pos"": 161.4, ""error"": 91.6899021999996}, {""pair"": [1, 1, 2, 4], ""acc"": 0.4, ""vel"": 28.52, ""pos"": 161.4, ""error"": 91.63623099999957}, {""pair"": [1, 1, 2, 4], ""acc"": 0.4, ""vel"": 28.52, ""pos"": 161.4, ""error"": 165.81294219999836}, {""pair"": [1, 1, 2, 4], ""acc"": 0.4, ""vel"": 28.52, ""pos"": 161.4, ""error"": 165.86487099999835}, {""pair"": [1, 1, 2, 4], ""acc"": 0.4, ""vel"": 28.52, ""pos"": 161.4, ""error"": 323.00369780000034}, {""pair"": [1, 1, 2, 4], ""acc"": 0.4, ""vel"": 28.52, ""pos"": 161.4, ""error"": 322.9517690000003}], [{""pair"": [2, 1, 0, 4], ""acc"": 0.4, ""vel"": 8.04, ""pos"": 174.2, ""error"": 119.8763021999996}, {""pair"": [2, 1, 0, 4], ""acc"": 0.4, ""vel"": 8.04, ""pos"": 174.2, ""error"": 119.92823099999961}, {""pair"": [2, 1, 0, 4], ""acc"": 0.4, ""vel"": 8.04, ""pos"": 174.2, ""error"": 199.09294219999833}, {""pair"": [2, 1, 0, 4], ""acc"": 0.4, ""vel"": 8.04, ""pos"": 174.2, ""error"": 199.14487099999835}, {""pair"": [2, 1, 0, 4], ""acc"": 0.4, ""vel"": 8.04, ""pos"": 174.2, ""error"": 325.59009780000036}, {""pair"": [2, 1, 0, 4], ""acc"": 0.4, ""vel"": 8.04, ""pos"": 174.2, ""error"": 325.6437690000004}], [{""pair"": [2, 1, 1, 4], ""acc"": 0.4, ""vel"": 28.52, ""pos"": 71.8, ""error"": 3.003697800000399}, {""pair"": [2, 1, 1, 4], ""acc"": 0.4, ""vel"": 28.52, ""pos"": 71.8, ""error"": 2.951769000000379}, {""pair"": [2, 1, 1, 4], ""acc"": 0.4, ""vel"": 28.52, ""pos"": 71.8, ""error"": 82.53345780000168}, {""pair"": [2, 1, 1, 4], ""acc"": 0.4, ""vel"": 28.52, ""pos"": 71.8, ""error"": 82.58712900000171}, {""pair"": [2, 1, 1, 4], ""acc"": 0.4, ""vel"": 28.52, ""pos"": 71.8, ""error"": 412.60369780000036}, {""pair"": [2, 1, 1, 4], ""acc"": 0.4, ""vel"": 28.52, ""pos"": 71.8, ""error"": 412.5517690000003}], [{""pair"": [2, 1, 2, 4], ""acc"": 0.4, ""vel"": 28.52, ""pos"": 174.2, ""error"": 104.48990219999958}, {""pair"": [2, 1, 2, 4], ""acc"": 0.4, ""vel"": 28.52, ""pos"": 174.2, ""error"": 104.43623099999955}, {""pair"": [2, 1, 2, 4], ""acc"": 0.4, ""vel"": 28.52, ""pos"": 174.2, ""error"": 178.61294219999832}, {""pair"": [2, 1, 2, 4], ""acc"": 0.4, ""vel"": 28.52, ""pos"": 174.2, ""error"": 178.66487099999836}, {""pair"": [2, 1, 2, 4], ""acc"": 0.4, ""vel"": 28.52, ""pos"": 174.2, ""error"": 310.2036978000004}, {""pair"": [2, 1, 2, 4], ""acc"": 0.4, ""vel"": 28.52, ""pos"": 174.2, ""error"": 310.15176900000034}]]",2
272.583,0.016999999999995907,0.356024,25.974079,72.66310238468823,0.4,25.97,72.7,3.6,25.97,72.7,3.6,25.97,72.3,-0.3224224737762118,25.788774158130643,56.5606747924679,7.339302602835626,26.521862672379527,58.41088657531332,-0.4253576095844868,25.695956340584026,56.61495989359857,2.992625702004748,16.10242759222033,0.6243967818510514,5.462704993022863,14.25221580937491,0.5373761257054351,2.6846751501334305,16.048142491089664,0.6245396076480458,"[[3, 8, 3, 12], [3, 8, 0, 12], [3, 8, 2, 12], [0, 0, 0, 0], [0, 0, 0, 0], [0, 0, 0, 0], [0, 0, 0, 0], [0, 0, 0, 0], [0, 0, 0, 0], [0, 0, 0, 0], [0, 0, 0, 0], [0, 0, 0, 0], [0, 0, 0, 0], [0, 0, 0, 0], [0, 0, 0, 0], [0, 0, 0, 0]]",1,,1,0,1,"[3, 8, 2, 12]","[[[3, 8, 3, 12], [3.6, 25.97, 72.7], 0.4618222000001211], [[3, 8, 0, 12], [0.4, 25.97, 72.7], 0.4618222000001211], [[3, 8, 2, 12], [3.6, 25.97, 72.3], 0.0618222000001154]]","[[3, 8, 2, 12]]","[{""pair"": [3, 8, 2, 12], ""acc"": 3.6, ""vel"": 25.97, ""pos"": 72.3, ""error"": 0.0618222000001154}]","[[{""pair"": [3, 8, 3, 12], ""acc"": 3.6, ""vel"": 25.97, ""pos"": 72.7, ""error"": 0.4618222000001211}, {""pair"": [3, 8, 3, 12], ""acc"": 3.6, ""vel"": 25.97, ""pos"": 72.7, ""error"": 2.971902200000134}, {""pair"": [3, 8, 3, 12], ""acc"": 3.6, ""vel"": 25.97, ""pos"": 72.7, ""error"": 15.771902200000117}, {""pair"": [3, 8, 3, 12], ""acc"": 3.6, ""vel"": 25.97, ""pos"": 72.7, ""error"": 91.74169779999988}, {""pair"": [3, 8, 3, 12], ""acc"": 3.6, ""vel"": 25.97, ""pos"": 72.7, ""error"": 101.9445777999999}, {""pair"": [3, 8, 3, 12], ""acc"": 3.6, ""vel"": 25.97, ""pos"": 72.7, ""error"": 104.54169779999987}, {""pair"": [3, 8, 3, 12], ""acc"": 3.6, ""vel"": 25.97, ""pos"": 72.7, ""error"": 106.75993779999996}, {""pair"": [3, 8, 3, 12], ""acc"": 3.6, ""vel"": 25.97, ""pos"": 72.7, ""error"": 119.55993779999994}, {""pair"": [3, 8, 3, 12], ""acc"": 3.6, ""vel"": 25.97, ""pos"": 72.7, ""error"": 122.07641779999997}], [{""pair"": [3, 8, 0, 12], ""acc"": 0.4, ""vel"": 25.97, ""pos"": 72.7, ""error"": 0.4618222000001211}, {""pair"": [3, 8, 0, 12], ""acc"": 0.4, ""vel"": 25.97, ""pos"": 72.7, ""error"": 2.971902200000134}, {""pair"": [3, 8, 0, 12], ""acc"": 0.4, ""vel"": 25.97, ""pos"": 72.7, ""error"": 15.771902200000117}, {""pair"": [3, 8, 0, 12], ""acc"": 0.4, ""vel"": 25.97, ""pos"": 72.7, ""error"": 91.74169779999988}, {""pair"": [3, 8, 0, 12], ""acc"": 0.4, ""vel"": 25.97, ""pos"": 72.7, ""error"": 101.9445777999999}, {""pair"": [3, 8, 0, 12], ""acc"": 0.4, ""vel"": 25.97, ""pos"": 72.7, ""error"": 104.54169779999987}, {""pair"": [3, 8, 0, 12], ""acc"": 0.4, ""vel"": 25.97, ""pos"": 72.7, ""error"": 106.75993779999996}, {""pair"": [3, 8, 0, 12], ""acc"": 0.4, ""vel"": 25.97, ""pos"": 72.7, ""error"": 119.55993779999994}, {""pair"": [3, 8, 0, 12], ""acc"": 0.4, ""vel"": 25.97, ""pos"": 72.7, ""error"": 122.07641779999997}], [{""pair"": [3, 8, 2, 12], ""acc"": 3.6, ""vel"": 25.97, ""pos"": 72.3, ""error"": 0.0618222000001154}, {""pair"": [3, 8, 2, 12], ""acc"": 3.6, ""vel"": 25.97, ""pos"": 72.3, ""error"": 2.571902200000128}, {""pair"": [3, 8, 2, 12], ""acc"": 3.6, ""vel"": 25.97, ""pos"": 72.3, ""error"": 15.371902200000111}, {""pair"": [3, 8, 2, 12], ""acc"": 3.6, ""vel"": 25.97, ""pos"": 72.3, ""error"": 92.14169779999989}, {""pair"": [3, 8, 2, 12], ""acc"": 3.6, ""vel"": 25.97, ""pos"": 72.3, ""error"": 102.34457779999991}, {""pair"": [3, 8, 2, 12], ""acc"": 3.6, ""vel"": 25.97, ""pos"": 72.3, ""error"": 104.94169779999987}, {""pair"": [3, 8, 2, 12], ""acc"": 3.6, ""vel"": 25.97, ""pos"": 72.3, ""error"": 107.15993779999997}, {""pair"": [3, 8, 2, 12], ""acc"": 3.6, ""vel"": 25.97, ""pos"": 72.3, ""error"": 119.95993779999995}, {""pair"": [3, 8, 2, 12], ""acc"": 3.6, ""vel"": 25.97, ""pos"": 72.3, ""error"": 122.47641779999998}]]",3
272.6,0.016999999999995907,0.347501,25.98011,73.10471317315613,0.30000000000000004,25.98,73.10000000000001,0.1,25.98,73.1,0.3,25.98,73.1,-0.30587380050057683,25.78329297607645,56.999037363108556,6.58277679491114,26.646630816627702,58.86281876996977,-0.4005731824685602,25.68872526122109,57.05172968721381,2.9419415907447117,16.105675810047572,0.6246555017232108,5.857321449016087,14.241894403186357,0.5344726131117224,2.628260372778267,16.05298348594232,0.6249038565636968,"[[3, 6, 3, 8], [3, 6, 0, 8], [3, 6, 1, 8], [3, 6, 2, 8], [3, 8, 0, 6], [3, 8, 1, 6], [3, 8, 2, 6], [0, 6, 0, 8], [0, 6, 1, 8], [0, 6, 2, 8], [1, 6, 0, 8], [1, 6, 1, 8], [1, 6, 2, 8], [2, 6, 0, 8], [2, 6, 1, 8], [2, 6, 2, 8]]",1,,1,0,1,"[3, 6, 0, 8]","[[[3, 6, 3, 8], [0.1, 25.98, 73.1], 0.40918980000009597], [[3, 6, 0, 8], [0.3, 25.98, 73.1], 0.40918980000009597], [[3, 6, 1, 8], [0.1, 25.98, 1711.5], 1638.8091898], [[3, 6, 2, 8], [0.1, 25.98, 73.1], 0.40918980000009597], [[3, 8, 0, 6], [0.1, 107.9, 73.1], 82.22678980000013], [[3, 8, 1, 6], [0.1, 25.98, 482.7], 410.0091898000001], [[3, 8, 2, 6], [0.1, 25.98, 73.1], 0.40918980000009597], [[0, 6, 0, 8], [0.3, 107.9, 73.1], 82.22678980000013], [[0, 6, 1, 8], [0.1, 107.9, 1711.5], 1720.6267898], [[0, 6, 2, 8], [0.1, 107.9, 73.1], 82.22678980000013], [[1, 6, 0, 8], [0.3, 25.98, 482.7], 410.0091898000001], [[1, 6, 1, 8], [0.1, 25.98, 2121.1], 2048.4091897999997], [[1, 6, 2, 8], [0.1, 25.98, 482.7], 410.0091898000001], [[2, 6, 0, 8], [0.3, 25.98, 73.1], 0.40918980000009597], [[2, 6, 1, 8], [0.1, 25.98, 1711.5], 1638.8091898], [[2, 6, 2, 8], [0.1, 25.98, 73.1], 0.40918980000009597]]","[[3, 6, 0, 8]]","[{""pair"": [3, 6, 0, 8], ""acc"": 0.3, ""vel"": 25.98, ""pos"": 73.1, ""error"": 0.40918980000009597}]","[[{""pair"": [3, 6, 3, 8], ""acc"": 0.1, ""vel"": 25.98, ""pos"": 73.1, ""error"": 0.40918980000009597}], [{""pair"": [3, 6, 0, 8], ""acc"": 0.3, ""vel"": 25.98, ""pos"": 73.1, ""error"": 0.40918980000009597}], [{""pair"": [3, 6, 1, 8], ""acc"": 0.1, ""vel"": 25.98, ""pos"": 1711.5, ""error"": 1638.8091898}], [{""pair"": [3, 6, 2, 8], ""acc"": 0.1, ""vel"": 25.98, ""pos"": 73.1, ""error"": 0.40918980000009597}], [{""pair"": [3, 8, 0, 6], ""acc"": 0.1, ""vel"": 107.9, ""pos"": 73.1, ""error"": 82.22678980000013}], [{""pair"": [3, 8, 1, 6], ""acc"": 0.1, ""vel"": 25.98, ""pos"": 482.7, ""error"": 410.0091898000001}], [{""pair"": [3, 8, 2, 6], ""acc"": 0.1, ""vel"": 25.98, ""pos"": 73.1, ""error"": 0.40918980000009597}], [{""pair"": [0, 6, 0, 8], ""acc"": 0.3, ""vel"": 107.9, ""pos"": 73.1, ""error"": 82.22678980000013}], [{""pair"": [0, 6, 1, 8], ""acc"": 0.1, ""vel"": 107.9, ""pos"": 1711.5, ""error"": 1720.6267898}], [{""pair"": [0, 6, 2, 8], ""acc"": 0.1, ""vel"": 107.9, ""pos"": 73.1, ""error"": 82.22678980000013}], [{""pair"": [1, 6, 0, 8], ""acc"": 0.3, ""vel"": 25.98, ""pos"": 482.7, ""error"": 410.0091898000001}], [{""pair"": [1, 6, 1, 8], ""acc"": 0.1, ""vel"": 25.98, ""pos"": 2121.1, ""error"": 2048.4091897999997}], [{""pair"": [1, 6, 2, 8], ""acc"": 0.1, ""vel"": 25.98, ""pos"": 482.7, ""error"": 410.0091898000001}], [{""pair"": [2, 6, 0, 8], ""acc"": 0.3, ""vel"": 25.98, ""pos"": 73.1, ""error"": 0.40918980000009597}], [{""pair"": [2, 6, 1, 8], ""acc"": 0.1, ""vel"": 25.98, ""pos"": 1711.5, ""error"": 1638.8091898}], [{""pair"": [2, 6, 2, 8], ""acc"": 0.1, ""vel"": 25.98, ""pos"": 73.1, ""error"": 0.40918980000009597}]]",3
272.617,0.03299999999995862,0.340179,25.985317,73.54642525705052,0.30000000000000004,25.990000000000002,73.5,0.3,20.87,73.1,0.3,25.99,73.5,-0.2857933554185477,25.77809312146794,57.43730914493758,-8.0,26.758538022141163,59.316762705099194,-0.36420986750696005,25.681915517119126,57.488380133829594,2.8921833733388347,16.109116112112936,0.624914963112508,21.20475736986251,14.229662551951321,0.5317802691678106,2.573234340989679,16.05804512322092,0.6252666438574997,"[[3, 2, 0, 12], [3, 2, 1, 12], [3, 2, 2, 12], [0, 2, 0, 12], [0, 2, 1, 12], [0, 2, 2, 12], [1, 2, 0, 12], [1, 2, 1, 12], [1, 2, 2, 12], [0, 0, 0, 0], [0, 0, 0, 0], [0, 0, 0, 0], [0, 0, 0, 0], [0, 0, 0, 0], [0, 0, 0, 0], [0, 0, 0, 0]]",1,,1,0,1,"[0, 2, 2, 12]","[[[3, 2, 0, 12], [3.5, 20.87, 73.1], 5.977403349998909], [[3, 2, 1, 12], [0.3, 20.95, 73.1], 5.8974033499989105], [[3, 2, 2, 12], [0.3, 20.87, 73.5], 5.577403349998903], [[0, 2, 0, 12], [3.5, 25.99, 73.1], 0.8576033499989322], [[0, 2, 1, 12], [0.3, 26.07, 73.1], 0.937603349998934], [[0, 2, 2, 12], [0.3, 25.99, 73.5], 0.4576033499989265], [[1, 2, 0, 12], [3.5, 20.87, 98.7], 29.862396650001074], [[1, 2, 1, 12], [0.3, 20.95, 98.7], 29.782396650001075], [[1, 2, 2, 12], [0.3, 20.87, 99.1], 30.262396650001065]]","[[0, 2, 2, 12]]","[{""pair"": [0, 2, 2, 12], ""acc"": 0.3, ""vel"": 25.99, ""pos"": 73.5, ""error"": 0.4576033499989265}]","[[{""pair"": [3, 2, 0, 12], ""acc"": 3.5, ""vel"": 20.87, ""pos"": 73.1, ""error"": 5.977403349998909}], [{""pair"": [3, 2, 1, 12], ""acc"": 0.3, ""vel"": 20.95, ""pos"": 73.1, ""error"": 5.8974033499989105}], [{""pair"": [3, 2, 2, 12], ""acc"": 0.3, ""vel"": 20.87, ""pos"": 73.5, ""error"": 5.577403349998903}], [{""pair"": [0, 2, 0, 12], ""acc"": 3.5, ""vel"": 25.99, ""pos"": 73.1, ""error"": 0.8576033499989322}], [{""pair"": [0, 2, 1, 12], ""acc"": 0.3, ""vel"": 26.07, ""pos"": 73.1, ""error"": 0.937603349998934}], [{""pair"": [0, 2, 2, 12], ""acc"": 0.3, ""vel"": 25.99, ""pos"": 73.5, ""error"": 0.4576033499989265}], [{""pair"": [1, 2, 0, 12], ""acc"": 3.5, ""vel"": 20.87, ""pos"": 98.7, ""error"": 29.862396650001074}], [{""pair"": [1, 2, 1, 12], ""acc"": 0.3, ""vel"": 20.95, ""pos"": 98.7, ""error"": 29.782396650001075}], [{""pair"": [1, 2, 2, 12], ""acc"": 0.3, ""vel"": 20.87, ""pos"": 99.1, ""error"": 30.262396650001065}]]",3
272.65,0.016999999999995907,0.326164,25.996441,74.40412594551493,0.30000000000000004,26.0,74.4,0.3,26.0,74.4,0.3,26.0,74.4,-0.2660057048986263,25.76866194073914,58.28783060346293,-8.0,26.494538022141494,60.19543845982876,-0.3358126699852706,25.669896591491412,58.33568503362061,2.828362332580027,16.116295342052005,0.6254222814950605,5.271987865132981,14.208687485686177,0.5362874217248843,2.5009640977655443,16.068440911894328,0.6259643802858326,"[[3, 4, 1, 7], [3, 4, 2, 7], [1, 4, 1, 7], [1, 4, 2, 7], [0, 0, 0, 0], [0, 0, 0, 0], [0, 0, 0, 0], [0, 0, 0, 0], [0, 0, 0, 0], [0, 0, 0, 0], [0, 0, 0, 0], [0, 0, 0, 0], [0, 0, 0, 0], [0, 0, 0, 0], [0, 0, 0, 0], [0, 0, 0, 0]]",1,,1,0,1,"[3, 4, 2, 7]","[[[3, 4, 1, 7], [0.3, 26.0, 893.6], 819.6630266500001], [[3, 4, 2, 7], [0.3, 26.0, 74.4], 0.46302665000011345], [[1, 4, 1, 7], [0.3, 26.0, 996.0], 922.0630266500001], [[1, 4, 2, 7], [0.3, 26.0, 176.8], 102.86302665000012]]","[[3, 4, 2, 7]]","[{""pair"": [3, 4, 2, 7], ""acc"": 0.3, ""vel"": 26.0, ""pos"": 74.4, ""error"": 0.46302665000011345}]","[[{""pair"": [3, 4, 1, 7], ""acc"": 0.3, ""vel"": 26.0, ""pos"": 893.6, ""error"": 819.6630266500001}], [{""pair"": [3, 4, 2, 7], ""acc"": 0.3, ""vel"": 26.0, ""pos"": 74.4, ""error"": 0.46302665000011345}], [{""pair"": [1, 4, 1, 7], ""acc"": 0.3, ""vel"": 26.0, ""pos"": 996.0, ""error"": 922.0630266500001}], [{""pair"": [1, 4, 2, 7], ""acc"": 0.3, ""vel"": 26.0, ""pos"": 176.8, ""error"": 102.86302665000012}]]",3
272.667,0.016000000000019554,0.320815,26.001709,74.84611257321282,0.30000000000000004,26.0,74.8,0.3,26.0,996.4,0.3,26.0,74.8,-0.2537948640115098,25.764139843755864,58.72585941863103,8.0,26.358538022141527,60.644689606205056,-0.31541393322393807,25.664187776101663,58.77202475074505,2.813345352413615,16.12025315458179,0.6256856721140899,4.809136718756686,14.201422967007765,0.5387788562126768,2.482077165548041,16.074087822467774,0.6263236523478007,"[[3, 4, 3, 7], [3, 4, 0, 7], [3, 4, 1, 7], [3, 4, 2, 7], [3, 7, 0, 4], [3, 7, 1, 4], [0, 4, 0, 7], [0, 4, 1, 7], [0, 4, 2, 7], [1, 4, 0, 7], [1, 4, 1, 7], [1, 4, 2, 7], [0, 0, 0, 0], [0, 0, 0, 0], [0, 0, 0, 0], [0, 0, 0, 0]]",1,,1,0,1,"[1, 4, 1, 7]","[[[3, 4, 3, 7], [0.3, 26.0, 996.4], 921.5887615999995], [[3, 4, 0, 7], [0.2, 26.0, 996.4], 921.5887615999995], [[3, 4, 1, 7], [0.3, 26.0, 177.2], 102.38876159999948], [[3, 4, 2, 7], [0.3, 26.0, 996.4], 921.5887615999995], [[3, 7, 0, 4], [0.3, 5.52, 996.4], 942.0687615999996], [[3, 7, 1, 4], [0.3, 26.0, 894.0], 819.1887615999996], [[0, 4, 0, 7], [0.2, 5.52, 996.4], 942.0687615999996], [[0, 4, 1, 7], [0.3, 5.52, 177.2], 122.86876159999949], [[0, 4, 2, 7], [0.3, 5.52, 996.4], 942.0687615999996], [[1, 4, 0, 7], [0.2, 26.0, 894.0], 819.1887615999996], [[1, 4, 1, 7], [0.3, 26.0, 74.8], 0.02083840000051751], [[1, 4, 2, 7], [0.3, 26.0, 894.0], 819.1887615999996]]","[[1, 4, 1, 7]]","[{""pair"": [1, 4, 1, 7], ""acc"": 0.3, ""vel"": 26.0, ""pos"": 74.8, ""error"": 0.02083840000051751}]","[[{""pair"": [3, 4, 3, 7], ""acc"": 0.3, ""vel"": 26.0, ""pos"": 996.4, ""error"": 921.5887615999995}], [{""pair"": [3, 4, 0, 7], ""acc"": 0.2, ""vel"": 26.0, ""pos"": 996.4, ""error"": 921.5887615999995}], [{""pair"": [3, 4, 1, 7], ""acc"": 0.3, ""vel"": 26.0, ""pos"": 177.2, ""error"": 102.38876159999948}], [{""pair"": [3, 4, 2, 7], ""acc"": 0.3, ""vel"": 26.0, ""pos"": 996.4, ""error"": 921.5887615999995}], [{""pair"": [3, 7, 0, 4], ""acc"": 0.3, ""vel"": 5.52, ""pos"": 996.4, ""error"": 942.0687615999996}], [{""pair"": [3, 7, 1, 4], ""acc"": 0.3, ""vel"": 26.0, ""pos"": 894.0, ""error"": 819.1887615999996}], [{""pair"": [0, 4, 0, 7], ""acc"": 0.2, ""vel"": 5.52, ""pos"": 996.4, ""error"": 942.0687615999996}], [{""pair"": [0, 4, 1, 7], ""acc"": 0.3, ""vel"": 5.52, ""pos"": 177.2, ""error"": 122.86876159999949}], [{""pair"": [0, 4, 2, 7], ""acc"": 0.3, ""vel"": 5.52, ""pos"": 996.4, ""error"": 942.0687615999996}], [{""pair"": [1, 4, 0, 7], ""acc"": 0.2, ""vel"": 26.0, ""pos"": 894.0, ""error"": 819.1887615999996}], [{""pair"": [1, 4, 1, 7], ""acc"": 0.3, ""vel"": 26.0, ""pos"": 74.8, ""error"": 0.02083840000051751}], [{""pair"": [1, 4, 2, 7], ""acc"": 0.3, ""vel"": 26.0, ""pos"": 894.0, ""error"": 819.1887615999996}]]",3
272.683,0.016999999999995907,0.316709,26.006592,75.26218098153333,0.30000000000000004,26.01,75.3,0.3,26.65,75.3,0.3,26.01,75.3,-0.225135327500166,25.760079125931675,59.138053170389036,7.270395664342236,26.486538022141684,61.067450214559834,-0.27798856052935483,25.659141153170072,59.18261138217972,2.7673564484844615,16.124127811144298,0.6259347159734755,3.1057910771114887,14.1947307669735,0.535922465786479,2.4328781602111254,16.07956959935361,0.6266604756319778,"[[3, 7, 1, 15], [3, 7, 2, 15], [1, 15, 1, 7], [2, 15, 1, 7], [0, 0, 0, 0], [0, 0, 0, 0], [0, 0, 0, 0], [0, 0, 0, 0], [0, 0, 0, 0], [0, 0, 0, 0], [0, 0, 0, 0], [0, 0, 0, 0], [0, 0, 0, 0], [0, 0, 0, 0], [0, 0, 0, 0], [0, 0, 0, 0]]",1,,1,0,1,"[3, 7, 1, 15]","[[[3, 7, 1, 15], [0.3, 26.01, 75.3], 0.06285665000011065], [[3, 7, 2, 15], [0.3, 26.65, 72.1], 3.786943349999895], [[1, 15, 1, 7], [0.3, 26.01, 894.5], 819.2628566500001], [[2, 15, 1, 7], [0.3, 26.65, 891.3], 816.7028566500001]]","[[3, 7, 1, 15]]","[{""pair"": [3, 7, 1, 15], ""acc"": 0.3, ""vel"": 26.01, ""pos"": 75.3, ""error"": 0.06285665000011065}]","[[{""pair"": [3, 7, 1, 15], ""acc"": 0.3, ""vel"": 26.01, ""pos"": 75.3, ""error"": 0.06285665000011065}], [{""pair"": [3, 7, 2, 15], ""acc"": 0.3, ""vel"": 26.65, ""pos"": 72.1, ""error"": 3.786943349999895}], [{""pair"": [1, 15, 1, 7], ""acc"": 0.3, ""vel"": 26.01, ""pos"": 894.5, ""error"": 819.2628566500001}], [{""pair"": [2, 15, 1, 7], ""acc"": 0.3, ""vel"": 26.65, ""pos"": 891.3, ""error"": 816.7028566500001}]]",3
272.7,0.016999999999995907,0.313163,26.011751,75.70433880998372,0.30000000000000004,26.01,75.7,0.3,26.01,1714.1,0.3,26.01,75.7,-0.20373769815314743,25.756251825364174,59.57594198347494,8.0,26.61013474843547,61.51877193310963,-0.2477752787598827,25.654415347641073,59.61877661243651,2.7546506882598694,16.128396826508784,0.6261934747285668,5.634711682961847,14.185566876874091,0.5330888780151001,2.4172494615942197,16.085562197547212,0.6270095022464147,"[[3, 13, 0, 8], [3, 13, 1, 8], [0, 0, 0, 0], [0, 0, 0, 0], [0, 0, 0, 0], [0, 0, 0, 0], [0, 0, 0, 0], [0, 0, 0, 0], [0, 0, 0, 0], [0, 0, 0, 0], [0, 0, 0, 0], [0, 0, 0, 0], [0, 0, 0, 0], [0, 0, 0, 0], [0, 0, 0, 0], [0, 0, 0, 0]]",1,,1,0,1,"[3, 13, 1, 8]","[[[3, 13, 0, 8], [0.1, 26.01, 1714.1], 1638.36288665], [[3, 13, 1, 8], [0.3, 26.01, 75.7], 0.04731334999988235]]","[[3, 13, 1, 8]]","[{""pair"": [3, 13, 1, 8], ""acc"": 0.3, ""vel"": 26.01, ""pos"": 75.7, ""error"": 0.04731334999988235}]","[[{""pair"": [3, 13, 0, 8], ""acc"": 0.1, ""vel"": 26.01, ""pos"": 1714.1, ""error"": 1638.36288665}], [{""pair"": [3, 13, 1, 8], ""acc"": 0.3, ""vel"": 26.01, ""pos"": 75.7, ""error"": 0.04731334999988235}]]",3
272.717,0.016000000000019554,0.31029,26.01687,76.14658382903711,0.30000000000000004,26.02,76.10000000000001,0.3,26.02,485.7,0.3,26.02,76.1,-0.1897839548528411,25.752788284495573,60.01376882440864,8.0,26.746134748435438,61.97230022383293,-0.22549665936366786,25.650203167902156,60.05486586981853,2.710635355077836,16.13281500462847,0.6264492538208457,6.069321223685141,14.174283605204181,0.5299563371875007,2.3708029764563303,16.091717959218585,0.6273524561924424,"[[3, 2, 3, 6], [3, 2, 1, 6], [3, 6, 1, 2], [3, 6, 2, 2], [1, 2, 1, 6], [2, 2, 1, 6], [0, 0, 0, 0], [0, 0, 0, 0], [0, 0, 0, 0], [0, 0, 0, 0], [0, 0, 0, 0], [0, 0, 0, 0], [0, 0, 0, 0], [0, 0, 0, 0], [0, 0, 0, 0], [0, 0, 0, 0]]",1,,1,0,1,"[3, 2, 1, 6]","[[[3, 2, 3, 6], [0.3, 26.02, 485.7], 409.5890015999995], [[3, 2, 1, 6], [0.3, 26.02, 76.1], 0.02139840000049631], [[3, 6, 1, 2], [0.3, 26.02, 511.3], 435.18900159999953], [[3, 6, 2, 2], [0.3, 26.02, 485.7], 409.5890015999995], [[1, 2, 1, 6], [0.3, 26.02, 101.7], 25.589001599999495], [[2, 2, 1, 6], [0.3, 26.02, 76.1], 0.02139840000049631]]","[[3, 2, 1, 6]]","[{""pair"": [3, 2, 1, 6], ""acc"": 0.3, ""vel"": 26.02, ""pos"": 76.1, ""error"": 0.02139840000049631}]","[[{""pair"": [3, 2, 3, 6], ""acc"": 0.3, ""vel"": 26.02, ""pos"": 485.7, ""error"": 409.5890015999995}], [{""pair"": [3, 2, 1, 6], ""acc"": 0.3, ""vel"": 26.02, ""pos"": 76.1, ""error"": 0.02139840000049631}], [{""pair"": [3, 6, 1, 2], ""acc"": 0.3, ""vel"": 26.02, ""pos"": 511.3, ""error"": 435.18900159999953}], [{""pair"": [3, 6, 2, 2], ""acc"": 0.3, ""vel"": 26.02, ""pos"": 485.7, ""error"": 409.5890015999995}], [{""pair"": [1, 2, 1, 6], ""acc"": 0.3, ""vel"": 26.02, ""pos"": 101.7, ""error"": 25.589001599999495}], [{""pair"": [2, 2, 1, 6], ""acc"": 0.3, ""vel"": 26.02, ""pos"": 76.1, ""error"": 0.02139840000049631}]]",3
272.733,0.016999999999995907,0.307089,26.022243,76.56289346615762,0.30000000000000004,26.02,76.60000000000001,0.3,26.02,63.8,0.3,26.02,76.6,-0.15987810251951584,25.749751741217924,60.42578914461486,-8.0,26.874134748435594,62.40126237980842,-0.1867354920916873,25.64659522135233,60.465240256933065,2.7005573450190177,16.137104321542758,0.6266897049617729,6.511083379660654,14.161631086349196,0.5269613782513901,2.3588749251285,16.097653209224553,0.62767213621488,"[[3, 0, 0, 1], [3, 0, 1, 1], [3, 0, 2, 1], [0, 15, 1, 15], [1, 15, 0, 15], [1, 0, 0, 1], [1, 0, 1, 1], [1, 0, 2, 1], [2, 0, 0, 1], [2, 0, 1, 1], [2, 0, 2, 1], [0, 0, 0, 0], [0, 0, 0, 0], [0, 0, 0, 0], [0, 0, 0, 0], [0, 0, 0, 0]]",1,,1,0,1,"[3, 0, 1, 1]","[[[3, 0, 0, 1], [0.3, 28.58, 63.8], 15.297283349999883], [[3, 0, 1, 1], [0.3, 26.02, 76.6], 0.0627166500001124], [[3, 0, 2, 1], [0.3, 26.02, 63.8], 12.747483349999882], [[0, 15, 1, 15], [-25.3, 26.66, 63.8], 13.377283349999885], [[1, 15, 0, 15], [-25.3, 26.66, 63.8], 13.377283349999885], [[1, 0, 0, 1], [0.3, 28.58, 57.4], 21.697283349999882], [[1, 0, 1, 1], [0.3, 26.02, 70.2], 6.347483349999877], [[1, 0, 2, 1], [0.3, 26.02, 57.4], 19.14748334999988], [[2, 0, 0, 1], [0.3, 28.58, 63.8], 15.297283349999883], [[2, 0, 1, 1], [0.3, 26.02, 76.6], 0.0627166500001124], [[2, 0, 2, 1], [0.3, 26.02, 63.8], 12.747483349999882]]","[[3, 0, 1, 1]]","[{""pair"": [3, 0, 1, 1], ""acc"": 0.3, ""vel"": 26.02, ""pos"": 76.6, ""error"": 0.0627166500001124}]","[[{""pair"": [3, 0, 0, 1], ""acc"": 0.3, ""vel"": 28.58, ""pos"": 63.8, ""error"": 15.297283349999883}], [{""pair"": [3, 0, 1, 1], ""acc"": 0.3, ""vel"": 26.02, ""pos"": 76.6, ""error"": 0.0627166500001124}], [{""pair"": [3, 0, 2, 1], ""acc"": 0.3, ""vel"": 26.02, ""pos"": 63.8, ""error"": 12.747483349999882}], [{""pair"": [0, 15, 1, 15], ""acc"": -25.3, ""vel"": 26.66, ""pos"": 63.8, ""error"": 13.377283349999885}], [{""pair"": [1, 15, 0, 15], ""acc"": -25.3, ""vel"": 26.66, ""pos"": 63.8, ""error"": 13.377283349999885}], [{""pair"": [1, 0, 0, 1], ""acc"": 0.3, ""vel"": 28.58, ""pos"": 57.4, ""error"": 21.697283349999882}], [{""pair"": [1, 0, 1, 1], ""acc"": 0.3, ""vel"": 26.02, ""pos"": 70.2, ""error"": 6.347483349999877}], [{""pair"": [1, 0, 2, 1], ""acc"": 0.3, ""vel"": 26.02, ""pos"": 57.4, ""error"": 19.14748334999988}], [{""pair"": [2, 0, 0, 1], ""acc"": 0.3, ""vel"": 28.58, ""pos"": 63.8, ""error"": 15.297283349999883}], [{""pair"": [2, 0, 1, 1], ""acc"": 0.3, ""vel"": 26.02, ""pos"": 76.6, ""error"": 0.0627166500001124}], [{""pair"": [2, 0, 2, 1], ""acc"": 0.3, ""vel"": 26.02, ""pos"": 63.8, ""error"": 12.747483349999882}]]",3
272.75,0.03300000000001546,0.303131,26.02722,77.00531597151802,0.30000000000000004,26.03,77.0,0.3,26.03,77.0,0.3,26.03,77.8,-0.11544834489371625,25.747033813475092,60.86351182182965,-8.0,26.738134748435627,62.85696667053172,0.14414683625589284,25.643420717986775,60.90120539241734,2.6590065183618616,16.14180414968837,0.6269383986764454,6.009247838937355,14.148349300986297,0.5291449622084831,2.315849954278257,16.104110579100677,0.6280016522056651,"[[3, 9, 3, 13], [3, 9, 0, 13], [3, 9, 1, 13], [3, 9, 2, 13], [3, 13, 1, 9], [1, 9, 0, 13], [1, 9, 1, 13], [1, 9, 2, 13], [0, 0, 0, 0], [0, 0, 0, 0], [0, 0, 0, 0], [0, 0, 0, 0], [0, 0, 0, 0], [0, 0, 0, 0], [0, 0, 0, 0], [0, 0, 0, 0]]",1,,1,0,1,"[3, 9, 2, 13]","[[[3, 9, 3, 13], [0.3, 26.03, 77.0], 0.45892335000038287], [[3, 9, 0, 13], [6.7, 26.03, 77.0], 0.45892335000038287], [[3, 9, 1, 13], [0.3, 26.19, 77.0], 0.618923350000383], [[3, 9, 2, 13], [0.3, 26.03, 77.8], 0.3412766499996067], [[3, 13, 1, 9], [0.3, 26.02, 77.0], 0.468723350000392], [[1, 9, 0, 13], [6.7, 26.02, 77.0], 0.468723350000392], [[1, 9, 1, 13], [0.3, 26.18, 77.0], 0.6089233500003814], [[1, 9, 2, 13], [0.3, 26.02, 77.8], 0.35107664999961585]]","[[3, 9, 2, 13]]","[{""pair"": [3, 9, 2, 13], ""acc"": 0.3, ""vel"": 26.03, ""pos"": 77.8, ""error"": 0.3412766499996067}]","[[{""pair"": [3, 9, 3, 13], ""acc"": 0.3, ""vel"": 26.03, ""pos"": 77.0, ""error"": 0.45892335000038287}], [{""pair"": [3, 9, 0, 13], ""acc"": 6.7, ""vel"": 26.03, ""pos"": 77.0, ""error"": 0.45892335000038287}], [{""pair"": [3, 9, 1, 13], ""acc"": 0.3, ""vel"": 26.19, ""pos"": 77.0, ""error"": 0.618923350000383}], [{""pair"": [3, 9, 2, 13], ""acc"": 0.3, ""vel"": 26.03, ""pos"": 77.8, ""error"": 0.3412766499996067}], [{""pair"": [3, 13, 1, 9], ""acc"": 0.3, ""vel"": 26.02, ""pos"": 77.0, ""error"": 0.468723350000392}], [{""pair"": [1, 9, 0, 13], ""acc"": 6.7, ""vel"": 26.02, ""pos"": 77.0, ""error"": 0.468723350000392}], [{""pair"": [1, 9, 1, 13], ""acc"": 0.3, ""vel"": 26.18, ""pos"": 77.0, ""error"": 0.6089233500003814}], [{""pair"": [1, 9, 2, 13], ""acc"": 0.3, ""vel"": 26.02, ""pos"": 77.8, ""error"": 0.35107664999961585}]]",3
272.783,0.033999999999991815,0.294398,26.036949,77.86437928634791,0.30000000000000004,26.04,77.9,0.3,26.04,897.5,0.3,26.04,78.3,-0.05407753908597302,25.743224018093596,61.713101076050926,8.0,26.474134748435503,63.734969117230506,0.3363640109434324,25.64817756358322,61.74751676406364,2.6138213296687933,16.151278210296987,0.6273992021723883,5.072301642238561,14.129410169117406,0.5337062118697719,2.2990310271766807,16.116862522284272,0.628382366830146,"[[3, 7, 3, 12], [3, 7, 1, 12], [3, 7, 2, 12], [3, 12, 0, 7], [3, 12, 1, 7], [3, 12, 2, 7], [0, 7, 1, 12], [0, 7, 2, 12], [1, 7, 1, 12], [1, 7, 2, 12], [2, 7, 1, 12], [2, 7, 2, 12], [0, 0, 0, 0], [0, 0, 0, 0], [0, 0, 0, 0], [0, 0, 0, 0]]",1,,1,0,1,"[3, 12, 1, 7]","[[[3, 7, 3, 12], [0.3, 26.04, 897.5], 818.8150066000002], [[3, 7, 1, 12], [0.3, 25.96, 897.5], 818.8950066000002], [[3, 7, 2, 12], [0.3, 26.04, 897.1], 818.4150066000002], [[3, 12, 0, 7], [0.2, 26.04, 897.5], 818.8150066000002], [[3, 12, 1, 7], [0.3, 26.04, 78.3], 0.38539339999977784], [[3, 12, 2, 7], [0.3, 26.04, 897.5], 818.8150066000002], [[0, 7, 1, 12], [0.2, 25.96, 897.5], 818.8950066000002], [[0, 7, 2, 12], [0.2, 26.04, 897.1], 818.4150066000002], [[1, 7, 1, 12], [0.3, 25.96, 78.3], 0.46539339999977614], [[1, 7, 2, 12], [0.3, 26.04, 77.9], 0.7853933999997693], [[2, 7, 1, 12], [0.3, 25.96, 897.5], 818.8950066000002], [[2, 7, 2, 12], [0.3, 26.04, 897.1], 818.4150066000002]]","[[3, 12, 1, 7]]","[{""pair"": [3, 12, 1, 7], ""acc"": 0.3, ""vel"": 26.04, ""pos"": 78.3, ""error"": 0.38539339999977784}]","[[{""pair"": [3, 7, 3, 12], ""acc"": 0.3, ""vel"": 26.04, ""pos"": 897.5, ""error"": 818.8150066000002}], [{""pair"": [3, 7, 1, 12], ""acc"": 0.3, ""vel"": 25.96, ""pos"": 897.5, ""error"": 818.8950066000002}], [{""pair"": [3, 7, 2, 12], ""acc"": 0.3, ""vel"": 26.04, ""pos"": 897.1, ""error"": 818.4150066000002}], [{""pair"": [3, 12, 0, 7], ""acc"": 0.2, ""vel"": 26.04, ""pos"": 897.5, ""error"": 818.8150066000002}], [{""pair"": [3, 12, 1, 7], ""acc"": 0.3, ""vel"": 26.04, ""pos"": 78.3, ""error"": 0.38539339999977784}], [{""pair"": [3, 12, 2, 7], ""acc"": 0.3, ""vel"": 26.04, ""pos"": 897.5, ""error"": 818.8150066000002}], [{""pair"": [0, 7, 1, 12], ""acc"": 0.2, ""vel"": 25.96, ""pos"": 897.5, ""error"": 818.8950066000002}], [{""pair"": [0, 7, 2, 12], ""acc"": 0.2, ""vel"": 26.04, ""pos"": 897.1, ""error"": 818.4150066000002}], [{""pair"": [1, 7, 1, 12], ""acc"": 0.3, ""vel"": 25.96, ""pos"": 78.3, ""error"": 0.46539339999977614}], [{""pair"": [1, 7, 2, 12], ""acc"": 0.3, ""vel"": 26.04, ""pos"": 77.9, ""error"": 0.7853933999997693}], [{""pair"": [2, 7, 1, 12], ""acc"": 0.3, ""vel"": 25.96, ""pos"": 897.5, ""error"": 818.8950066000002}], [{""pair"": [2, 7, 2, 12], ""acc"": 0.3, ""vel"": 26.04, ""pos"": 897.1, ""error"": 818.4150066000002}]]",3
272.817,0.016000000000019554,0.286949,26.046436,78.7498057143917,0.30000000000000004,26.05,78.7,0.3,26.05,81.9,0.3,26.05,78.7,-0.03929704643803711,25.741385381764673,62.588339435848305,7.750098733317987,26.746134748435438,64.63971369867708,0.3409787185905147,25.659613939955296,62.619749219623586,2.575164873959463,16.161466278543394,0.6278398011162312,5.971689973685135,14.110092015714613,0.5275563048055012,2.3042918657172824,16.130056494768112,0.6286164917567818,"[[3, 4, 3, 15], [3, 4, 2, 15], [3, 15, 0, 4], [3, 15, 2, 4], [0, 4, 2, 15], [2, 4, 2, 15], [0, 0, 0, 0], [0, 0, 0, 0], [0, 0, 0, 0], [0, 0, 0, 0], [0, 0, 0, 0], [0, 0, 0, 0], [0, 0, 0, 0], [0, 0, 0, 0], [0, 0, 0, 0], [0, 0, 0, 0]]",1,,1,0,1,"[3, 4, 2, 15]","[[[3, 4, 3, 15], [0.3, 26.05, 81.9], 3.188521599999497], [[3, 4, 2, 15], [0.3, 26.05, 78.7], 0.0218784000004959], [[3, 15, 0, 4], [0.3, 5.57, 81.9], 23.658121599999507], [[3, 15, 2, 4], [0.3, 26.05, 81.9], 3.188521599999497], [[0, 4, 2, 15], [0.3, 5.57, 78.7], 20.491478400000506], [[2, 4, 2, 15], [0.3, 26.05, 78.7], 0.0218784000004959]]","[[3, 4, 2, 15]]","[{""pair"": [3, 4, 2, 15], ""acc"": 0.3, ""vel"": 26.05, ""pos"": 78.7, ""error"": 0.0218784000004959}]","[[{""pair"": [3, 4, 3, 15], ""acc"": 0.3, ""vel"": 26.05, ""pos"": 81.9, ""error"": 3.188521599999497}], [{""pair"": [3, 4, 2, 15], ""acc"": 0.3, ""vel"": 26.05, ""pos"": 78.7, ""error"": 0.0218784000004959}], [{""pair"": [3, 15, 0, 4], ""acc"": 0.3, ""vel"": 5.57, ""pos"": 81.9, ""error"": 23.658121599999507}], [{""pair"": [3, 15, 2, 4], ""acc"": 0.3, ""vel"": 26.05, ""pos"": 81.9, ""error"": 3.188521599999497}], [{""pair"": [0, 4, 2, 15], ""acc"": 0.3, ""vel"": 5.57, ""pos"": 78.7, ""error"": 20.491478400000506}], [{""pair"": [2, 4, 2, 15], ""acc"": 0.3, ""vel"": 26.05, ""pos"": 78.7, ""error"": 0.0218784000004959}]]",3
272.833,0.016999999999995907,0.285139,26.051151,79.1665854198642,0.30000000000000004,26.05,79.2,0.3,26.05,79.2,0.3,26.05,79.2,-0.00885055241385627,25.740756629021664,63.0001965719351,6.935599552938862,26.870136328168677,65.06864386729045,0.3604382662649472,25.66506959945275,63.03034668793935,2.5730789025598346,16.166388847929106,0.6280463733417282,6.39962152621499,14.097941552573758,0.5246695208536963,2.3223380564923803,16.136238731924855,0.6287237472470725,"[[3, 0, 3, 11], [3, 0, 1, 11], [3, 11, 2, 0], [2, 0, 1, 11], [0, 0, 0, 0], [0, 0, 0, 0], [0, 0, 0, 0], [0, 0, 0, 0], [0, 0, 0, 0], [0, 0, 0, 0], [0, 0, 0, 0], [0, 0, 0, 0], [0, 0, 0, 0], [0, 0, 0, 0], [0, 0, 0, 0], [0, 0, 0, 0]]",1,,1,0,1,"[3, 0, 3, 11]","[[[3, 0, 3, 11], [0.3, 26.05, 79.2], 0.06220665000010683], [[3, 0, 1, 11], [0.3, 26.01, 79.2], 0.10220665000010598], [[3, 11, 2, 0], [0.3, 26.05, 79.2], 0.06220665000010683], [[2, 0, 1, 11], [0.3, 26.01, 79.2], 0.10220665000010598]]","[[3, 0, 3, 11]]","[{""pair"": [3, 0, 3, 11], ""acc"": 0.3, ""vel"": 26.05, ""pos"": 79.2, ""error"": 0.06220665000010683}]","[[{""pair"": [3, 0, 3, 11], ""acc"": 0.3, ""vel"": 26.05, ""pos"": 79.2, ""error"": 0.06220665000010683}], [{""pair"": [3, 0, 1, 11], ""acc"": 0.3, ""vel"": 26.01, ""pos"": 79.2, ""error"": 0.10220665000010598}], [{""pair"": [3, 11, 2, 0], ""acc"": 0.3, ""vel"": 26.05, ""pos"": 79.2, ""error"": 0.06220665000010683}], [{""pair"": [2, 0, 1, 11], ""acc"": 0.3, ""vel"": 26.01, ""pos"": 79.2, ""error"": 0.10220665000010598}]]",3
272.85,0.016999999999995907,0.285232,26.055897,79.6094961894496,0.30000000000000004,26.060000000000002,79.60000000000001,0.3,26.06,82.8,0.3,26.06,79.6,0.014225014876385167,25.740606169630627,63.43778815572354,6.684790290225069,26.988041520568608,65.5264383790046,0.3723448223110204,25.671197049979252,63.46670495445942,2.540010990714702,16.171708033726063,0.6282566901165608,6.77572822180281,14.083057810444998,0.5218258538587087,2.3100420786768976,16.142791234990177,0.6288289246333849,"[[3, 9, 2, 15], [2, 15, 2, 9], [0, 0, 0, 0], [0, 0, 0, 0], [0, 0, 0, 0], [0, 0, 0, 0], [0, 0, 0, 0], [0, 0, 0, 0], [0, 0, 0, 0], [0, 0, 0, 0], [0, 0, 0, 0], [0, 0, 0, 0], [0, 0, 0, 0], [0, 0, 0, 0], [0, 0, 0, 0], [0, 0, 0, 0]]",1,,1,0,1,"[3, 9, 2, 15]","[[[3, 9, 2, 15], [0.3, 26.06, 79.6], 0.047793349999899704], [[2, 15, 2, 9], [0.3, 26.06, 79.6], 0.047793349999899704]]","[[3, 9, 2, 15]]","[{""pair"": [3, 9, 2, 15], ""acc"": 0.3, ""vel"": 26.06, ""pos"": 79.6, ""error"": 0.047793349999899704}]","[[{""pair"": [3, 9, 2, 15], ""acc"": 0.3, ""vel"": 26.06, ""pos"": 79.6, ""error"": 0.047793349999899704}], [{""pair"": [2, 15, 2, 9], ""acc"": 0.3, ""vel"": 26.06, ""pos"": 79.6, ""error"": 0.047793349999899704}]]",3
272.867,0.01599999999996271,0.287187,26.060701,80.0524876544735,0.30000000000000004,26.060000000000002,80.10000000000001,0.3,107.98,80.1,0.3,26.06,80.1,0.045173817432048013,25.740847994883527,63.8753805161218,6.87641696224509,27.101682955502408,65.98620103705109,0.3926249496398134,25.677526911958537,63.90316910813579,2.540813267969553,16.177107138351694,0.6284605364037422,-106.63350551566414,14.066286617422406,0.5190189347472443,2.330989460843047,16.149318546337703,0.6289281129646735,"[[3, 6, 0, 4], [3, 6, 2, 4], [0, 4, 0, 6], [2, 4, 0, 6], [0, 0, 0, 0], [0, 0, 0, 0], [0, 0, 0, 0], [0, 0, 0, 0], [0, 0, 0, 0], [0, 0, 0, 0], [0, 0, 0, 0], [0, 0, 0, 0], [0, 0, 0, 0], [0, 0, 0, 0], [0, 0, 0, 0], [0, 0, 0, 0]]",1,,1,0,1,"[2, 4, 0, 6]","[[[3, 6, 0, 4], [0.3, 87.5, 80.1], 61.51820160000099], [[3, 6, 2, 4], [0.3, 107.98, 80.1], 81.998201600001], [[0, 4, 0, 6], [0.3, 5.58, 80.1], 20.56780160000097], [[2, 4, 0, 6], [0.3, 26.06, 80.1], 0.08780160000097226]]","[[2, 4, 0, 6]]","[{""pair"": [2, 4, 0, 6], ""acc"": 0.3, ""vel"": 26.06, ""pos"": 80.1, ""error"": 0.08780160000097226}]","[[{""pair"": [3, 6, 0, 4], ""acc"": 0.3, ""vel"": 87.5, ""pos"": 80.1, ""error"": 61.51820160000099}], [{""pair"": [3, 6, 2, 4], ""acc"": 0.3, ""vel"": 107.98, ""pos"": 80.1, ""error"": 81.998201600001}], [{""pair"": [0, 4, 0, 6], ""acc"": 0.3, ""vel"": 5.58, ""pos"": 80.1, ""error"": 20.56780160000097}], [{""pair"": [2, 4, 0, 6], ""acc"": 0.3, ""vel"": 26.06, ""pos"": 80.1, ""error"": 0.08780160000097226}]]",3
272.883,0.016999999999995907,0.293527,26.065695,80.46949563040852,0.30000000000000004,26.07,80.5,0.3,20.95,80.5,0.3,26.07,80.5,0.07500659207475038,25.741570775962437,64.2872398662876,-8.0,27.211705626898073,66.42070814570927,0.41097955508232537,25.68380891115276,64.31405979471973,2.510629953463951,16.18225576412091,0.6286429023683339,22.56957200799957,14.048787484699247,0.516277357888672,2.3192021526533972,16.15543583568879,0.6290124604016022,"[[3, 2, 3, 3], [3, 2, 1, 3], [3, 2, 2, 3], [3, 3, 1, 2], [0, 2, 0, 4], [0, 2, 2, 4], [2, 2, 0, 4], [2, 2, 2, 4], [1, 2, 1, 3], [1, 2, 2, 3], [0, 0, 0, 0], [0, 0, 0, 0], [0, 0, 0, 0], [0, 0, 0, 0], [0, 0, 0, 0], [0, 0, 0, 0]]",1,,1,0,1,"[0, 2, 2, 4]","[[[3, 2, 3, 3], [0.3, 20.95, 80.5], 5.158163349999882], [[3, 2, 1, 3], [0.3, 20.95, 29.3], 56.358163349999884], [[3, 2, 2, 3], [0.3, 20.95, 80.5], 5.158163349999882], [[3, 3, 1, 2], [0.3, 20.95, 54.9], 30.758163349999883], [[0, 2, 0, 4], [0.3, 5.59, 80.5], 20.51816334999988], [[0, 2, 2, 4], [0.3, 26.07, 80.5], 0.04796334999988616], [[2, 2, 0, 4], [0.3, 0.47, 80.5], 25.638163349999882], [[2, 2, 2, 4], [0.3, 20.95, 80.5], 5.158163349999882], [[1, 2, 1, 3], [0.3, 20.95, 3.7], 81.95816334999988], [[1, 2, 2, 3], [0.3, 20.95, 54.9], 30.758163349999883]]","[[0, 2, 2, 4]]","[{""pair"": [0, 2, 2, 4], ""acc"": 0.3, ""vel"": 26.07, ""pos"": 80.5, ""error"": 0.04796334999988616}]","[[{""pair"": [3, 2, 3, 3], ""acc"": 0.3, ""vel"": 20.95, ""pos"": 80.5, ""error"": 5.158163349999882}], [{""pair"": [3, 2, 1, 3], ""acc"": 0.3, ""vel"": 20.95, ""pos"": 29.3, ""error"": 56.358163349999884}], [{""pair"": [3, 2, 2, 3], ""acc"": 0.3, ""vel"": 20.95, ""pos"": 80.5, ""error"": 5.158163349999882}], [{""pair"": [3, 3, 1, 2], ""acc"": 0.3, ""vel"": 20.95, ""pos"": 54.9, ""error"": 30.758163349999883}], [{""pair"": [0, 2, 0, 4], ""acc"": 0.3, ""vel"": 5.59, ""pos"": 80.5, ""error"": 20.51816334999988}], [{""pair"": [0, 2, 2, 4], ""acc"": 0.3, ""vel"": 26.07, ""pos"": 80.5, ""error"": 0.04796334999988616}], [{""pair"": [2, 2, 0, 4], ""acc"": 0.3, ""vel"": 0.47, ""pos"": 80.5, ""error"": 25.638163349999882}], [{""pair"": [2, 2, 2, 4], ""acc"": 0.3, ""vel"": 20.95, ""pos"": 80.5, ""error"": 5.158163349999882}], [{""pair"": [1, 2, 1, 3], ""acc"": 0.3, ""vel"": 20.95, ""pos"": 3.7, ""error"": 81.95816334999988}], [{""pair"": [1, 2, 2, 3], ""acc"": 0.3, ""vel"": 20.95, ""pos"": 54.9, ""error"": 30.758163349999883}]]",3
272.9,0.016999999999995907,0.30577,26.070972,80.91265486005992,0.30000000000000004,26.07,80.9,3.3,26.07,80.9,0.3,26.07,80.9,0.09687333429629466,25.742845888027706,64.72485740793141,-8.0,27.075705626898106,66.88215114136644,0.42123277981410817,25.69079556358916,64.75074393275493,2.514860489724329,16.187797452128507,0.6288270349960418,7.0481290123424225,14.030503718693481,0.5181953117689021,2.342334349492192,16.161910927304987,0.6290934388272043,"[[3, 8, 3, 12], [3, 8, 0, 12], [3, 8, 1, 12], [3, 12, 0, 8], [3, 12, 1, 8], [3, 12, 2, 8], [0, 8, 0, 12], [0, 8, 1, 12], [1, 8, 0, 12], [1, 8, 1, 12], [2, 8, 0, 12], [2, 8, 1, 12], [0, 0, 0, 0], [0, 0, 0, 0], [0, 0, 0, 0], [0, 0, 0, 0]]",1,,1,0,1,"[0, 8, 0, 12]","[[[3, 8, 3, 12], [3.3, 26.07, 80.9], 0.04833334999987926], [[3, 8, 0, 12], [0.1, 26.07, 80.9], 0.04833334999987926], [[3, 8, 1, 12], [3.3, 25.99, 80.9], 0.1283333499998811], [[3, 12, 0, 8], [3.5, 26.07, 80.9], 0.04833334999987926], [[3, 12, 1, 8], [3.3, 26.07, 1719.3], 1638.3618666500001], [[3, 12, 2, 8], [3.3, 26.07, 80.9], 0.04833334999987926], [[0, 8, 0, 12], [0.3, 26.07, 80.9], 0.04833334999987926], [[0, 8, 1, 12], [3.5, 25.99, 80.9], 0.1283333499998811], [[1, 8, 0, 12], [0.1, 26.07, 1719.3], 1638.3618666500001], [[1, 8, 1, 12], [3.3, 25.99, 1719.3], 1638.44186665], [[2, 8, 0, 12], [0.1, 26.07, 80.9], 0.04833334999987926], [[2, 8, 1, 12], [3.3, 25.99, 80.9], 0.1283333499998811]]","[[0, 8, 0, 12]]","[{""pair"": [0, 8, 0, 12], ""acc"": 0.3, ""vel"": 26.07, ""pos"": 80.9, ""error"": 0.04833334999987926}]","[[{""pair"": [3, 8, 3, 12], ""acc"": 3.3, ""vel"": 26.07, ""pos"": 80.9, ""error"": 0.04833334999987926}], [{""pair"": [3, 8, 0, 12], ""acc"": 0.1, ""vel"": 26.07, ""pos"": 80.9, ""error"": 0.04833334999987926}], [{""pair"": [3, 8, 1, 12], ""acc"": 3.3, ""vel"": 25.99, ""pos"": 80.9, ""error"": 0.1283333499998811}], [{""pair"": [3, 12, 0, 8], ""acc"": 3.5, ""vel"": 26.07, ""pos"": 80.9, ""error"": 0.04833334999987926}], [{""pair"": [3, 12, 1, 8], ""acc"": 3.3, ""vel"": 26.07, ""pos"": 1719.3, ""error"": 1638.3618666500001}], [{""pair"": [3, 12, 2, 8], ""acc"": 3.3, ""vel"": 26.07, ""pos"": 80.9, ""error"": 0.04833334999987926}], [{""pair"": [0, 8, 0, 12], ""acc"": 0.3, ""vel"": 26.07, ""pos"": 80.9, ""error"": 0.04833334999987926}], [{""pair"": [0, 8, 1, 12], ""acc"": 3.5, ""vel"": 25.99, ""pos"": 80.9, ""error"": 0.1283333499998811}], [{""pair"": [1, 8, 0, 12], ""acc"": 0.1, ""vel"": 26.07, ""pos"": 1719.3, ""error"": 1638.3618666500001}], [{""pair"": [1, 8, 1, 12], ""acc"": 3.3, ""vel"": 25.99, ""pos"": 1719.3, ""error"": 1638.44186665}], [{""pair"": [2, 8, 0, 12], ""acc"": 0.1, ""vel"": 26.07, ""pos"": 80.9, ""error"": 0.04833334999987926}], [{""pair"": [2, 8, 1, 12], ""acc"": 3.3, ""vel"": 25.99, ""pos"": 80.9, ""error"": 0.1283333499998811}]]",3
272.917,0.03300000000001546,0.324596,26.076656,81.3559055678248,0.30000000000000004,26.080000000000002,81.4,0.3,25.76,78.2,0.3,26.08,81.4,0.15888347208918527,25.744492734710743,65.16249978622459,-8.0,26.93970562689814,67.3412821370236,0.46046801958109745,25.697956520846,65.18754832547252,2.4877309089444566,16.19340578160022,0.6290046554215846,7.579604266685259,14.014623430801208,0.5202218474432106,2.3334562362903166,16.168357242352286,0.629168985838879,"[[3, 14, 3, 15], [3, 14, 0, 15], [3, 14, 1, 15], [3, 14, 2, 15], [3, 15, 0, 14], [3, 15, 1, 14], [3, 15, 2, 14], [0, 14, 0, 15], [0, 14, 1, 15], [0, 14, 2, 15], [1, 14, 0, 15], [1, 14, 1, 15], [1, 14, 2, 15], [2, 14, 0, 15], [2, 14, 1, 15], [2, 14, 2, 15]]",1,,1,0,1,"[1, 14, 2, 15]","[[[3, 14, 3, 15], [0.3, 25.76, 78.2], 3.880373350000397], [[3, 14, 0, 15], [-25.3, 25.76, 78.2], 3.880373350000397], [[3, 14, 1, 15], [0.3, 26.4, 78.2], 3.880573350000386], [[3, 14, 2, 15], [0.3, 25.76, 81.4], 0.6803733500003943], [[3, 15, 0, 14], [13.1, 25.76, 78.2], 3.880373350000397], [[3, 15, 1, 14], [0.3, 26.08, 78.2], 3.5605733500003858], [[3, 15, 2, 14], [0.3, 25.76, 79.8], 2.280373350000403], [[0, 14, 0, 15], [-12.5, 25.76, 78.2], 3.880373350000397], [[0, 14, 1, 15], [13.1, 26.4, 78.2], 3.880573350000386], [[0, 14, 2, 15], [13.1, 25.76, 81.4], 0.6803733500003943], [[1, 14, 0, 15], [-25.3, 26.08, 78.2], 3.5605733500003858], [[1, 14, 1, 15], [0.3, 26.72, 78.2], 4.200573350000386], [[1, 14, 2, 15], [0.3, 26.08, 81.4], 0.36057335000038293], [[2, 14, 0, 15], [-25.3, 25.76, 79.8], 2.280373350000403], [[2, 14, 1, 15], [0.3, 26.4, 79.8], 2.2805733500003917], [[2, 14, 2, 15], [0.3, 25.76, 83.0], 1.5594266499996081]]","[[1, 14, 2, 15]]","[{""pair"": [1, 14, 2, 15], ""acc"": 0.3, ""vel"": 26.08, ""pos"": 81.4, ""error"": 0.36057335000038293}]","[[{""pair"": [3, 14, 3, 15], ""acc"": 0.3, ""vel"": 25.76, ""pos"": 78.2, ""error"": 3.880373350000397}], [{""pair"": [3, 14, 0, 15], ""acc"": -25.3, ""vel"": 25.76, ""pos"": 78.2, ""error"": 3.880373350000397}], [{""pair"": [3, 14, 1, 15], ""acc"": 0.3, ""vel"": 26.4, ""pos"": 78.2, ""error"": 3.880573350000386}], [{""pair"": [3, 14, 2, 15], ""acc"": 0.3, ""vel"": 25.76, ""pos"": 81.4, ""error"": 0.6803733500003943}], [{""pair"": [3, 15, 0, 14], ""acc"": 13.1, ""vel"": 25.76, ""pos"": 78.2, ""error"": 3.880373350000397}], [{""pair"": [3, 15, 1, 14], ""acc"": 0.3, ""vel"": 26.08, ""pos"": 78.2, ""error"": 3.5605733500003858}], [{""pair"": [3, 15, 2, 14], ""acc"": 0.3, ""vel"": 25.76, ""pos"": 79.8, ""error"": 2.280373350000403}], [{""pair"": [0, 14, 0, 15], ""acc"": -12.5, ""vel"": 25.76, ""pos"": 78.2, ""error"": 3.880373350000397}], [{""pair"": [0, 14, 1, 15], ""acc"": 13.1, ""vel"": 26.4, ""pos"": 78.2, ""error"": 3.880573350000386}], [{""pair"": [0, 14, 2, 15], ""acc"": 13.1, ""vel"": 25.76, ""pos"": 81.4, ""error"": 0.6803733500003943}], [{""pair"": [1, 14, 0, 15], ""acc"": -25.3, ""vel"": 26.08, ""pos"": 78.2, ""error"": 3.5605733500003858}], [{""pair"": [1, 14, 1, 15], ""acc"": 0.3, ""vel"": 26.72, ""pos"": 78.2, ""error"": 4.200573350000386}], [{""pair"": [1, 14, 2, 15], ""acc"": 0.3, ""vel"": 26.08, ""pos"": 81.4, ""error"": 0.36057335000038293}], [{""pair"": [2, 14, 0, 15], ""acc"": -25.3, ""vel"": 25.76, ""pos"": 79.8, ""error"": 2.280373350000403}], [{""pair"": [2, 14, 1, 15], ""acc"": 0.3, ""vel"": 26.4, ""pos"": 79.8, ""error"": 2.2805733500003917}], [{""pair"": [2, 14, 2, 15], ""acc"": 0.3, ""vel"": 25.76, ""pos"": 83.0, ""error"": 1.5594266499996081}]]",3
272.95,0.016999999999995907,0.37106,26.088877,82.21661195834722,0.4,26.09,82.2,1.2,26.09,79.0,0.4,26.09,82.2,0.18208762477442883,25.74973588928969,66.01215455852099,-8.0,26.675705626898015,68.22593642271165,0.4717775047245586,25.713151965492184,66.0358316154975,2.472523486939813,16.204457399826225,0.6293057711153568,5.599143730997204,13.99067553563556,0.5244725568394446,2.351195446580132,16.180780342849715,0.6292803140029197,"[[3, 10, 3, 15], [3, 10, 0, 15], [3, 10, 1, 15], [3, 10, 2, 15], [3, 15, 0, 10], [0, 10, 0, 15], [0, 10, 1, 15], [0, 10, 2, 15], [0, 0, 0, 0], [0, 0, 0, 0], [0, 0, 0, 0], [0, 0, 0, 0], [0, 0, 0, 0], [0, 0, 0, 0], [0, 0, 0, 0], [0, 0, 0, 0]]",1,,1,0,1,"[0, 10, 2, 15]","[[[3, 10, 3, 15], [1.2, 26.09, 79.0], 2.848303349999906], [[3, 10, 0, 15], [-24.4, 26.09, 79.0], 2.848303349999906], [[3, 10, 1, 15], [1.2, 26.73, 79.0], 3.4883033499999065], [[3, 10, 2, 15], [1.2, 26.09, 82.2], 0.36149665000010245], [[3, 15, 0, 10], [0.4, 26.09, 79.0], 2.848303349999906], [[0, 10, 0, 15], [-25.2, 26.09, 79.0], 2.848303349999906], [[0, 10, 1, 15], [0.4, 26.73, 79.0], 3.4883033499999065], [[0, 10, 2, 15], [0.4, 26.09, 82.2], 0.36149665000010245]]","[[0, 10, 2, 15]]","[{""pair"": [0, 10, 2, 15], ""acc"": 0.4, ""vel"": 26.09, ""pos"": 82.2, ""error"": 0.36149665000010245}]","[[{""pair"": [3, 10, 3, 15], ""acc"": 1.2, ""vel"": 26.09, ""pos"": 79.0, ""error"": 2.848303349999906}], [{""pair"": [3, 10, 0, 15], ""acc"": -24.4, ""vel"": 26.09, ""pos"": 79.0, ""error"": 2.848303349999906}], [{""pair"": [3, 10, 1, 15], ""acc"": 1.2, ""vel"": 26.73, ""pos"": 79.0, ""error"": 3.4883033499999065}], [{""pair"": [3, 10, 2, 15], ""acc"": 1.2, ""vel"": 26.09, ""pos"": 82.2, ""error"": 0.36149665000010245}], [{""pair"": [3, 15, 0, 10], ""acc"": 0.4, ""vel"": 26.09, ""pos"": 79.0, ""error"": 2.848303349999906}], [{""pair"": [0, 10, 0, 15], ""acc"": -25.2, ""vel"": 26.09, ""pos"": 79.0, ""error"": 2.848303349999906}], [{""pair"": [0, 10, 1, 15], ""acc"": 0.4, ""vel"": 26.73, ""pos"": 79.0, ""error"": 3.4883033499999065}], [{""pair"": [0, 10, 2, 15], ""acc"": 0.4, ""vel"": 26.09, ""pos"": 82.2, ""error"": 0.36149665000010245}]]",3
272.967,0.016000000000019554,0.397565,26.096247,82.66017648551711,0.4,26.1,82.7,13.2,26.1,82.7,0.4,26.1,82.7,0.21314986734252495,25.75283137891085,66.4499263803006,-7.906469562573208,26.539705626898048,68.67826741836882,0.4915781568252771,25.7211721830725,66.4730233707602,2.450178389804543,16.210250105216517,0.6294550632786415,5.100593985340046,13.981909067148294,0.5268298474636283,2.3451608727611575,16.18715311475691,0.6293318593547585,"[[3, 10, 3, 14], [3, 10, 0, 14], [3, 10, 1, 14], [3, 10, 2, 14], [3, 14, 0, 10], [0, 10, 0, 14], [0, 10, 1, 14], [0, 10, 2, 14], [0, 0, 0, 0], [0, 0, 0, 0], [0, 0, 0, 0], [0, 0, 0, 0], [0, 0, 0, 0], [0, 0, 0, 0], [0, 0, 0, 0], [0, 0, 0, 0]]",1,,1,0,1,"[3, 10, 0, 14]","[[[3, 10, 3, 14], [13.2, 26.1, 82.7], 0.08610879999948295], [[3, 10, 0, 14], [0.4, 26.1, 82.7], 0.08610879999948295], [[3, 10, 1, 14], [13.2, 25.78, 82.7], 0.3989087999994929], [[3, 10, 2, 14], [13.2, 26.1, 81.1], 1.521091200000516], [[3, 14, 0, 10], [14.0, 26.1, 82.7], 0.08610879999948295], [[0, 10, 0, 14], [1.2, 26.1, 82.7], 0.08610879999948295], [[0, 10, 1, 14], [14.0, 25.78, 82.7], 0.3989087999994929], [[0, 10, 2, 14], [14.0, 26.1, 81.1], 1.521091200000516]]","[[3, 10, 0, 14]]","[{""pair"": [3, 10, 0, 14], ""acc"": 0.4, ""vel"": 26.1, ""pos"": 82.7, ""error"": 0.08610879999948295}]","[[{""pair"": [3, 10, 3, 14], ""acc"": 13.2, ""vel"": 26.1, ""pos"": 82.7, ""error"": 0.08610879999948295}], [{""pair"": [3, 10, 0, 14], ""acc"": 0.4, ""vel"": 26.1, ""pos"": 82.7, ""error"": 0.08610879999948295}], [{""pair"": [3, 10, 1, 14], ""acc"": 13.2, ""vel"": 25.78, ""pos"": 82.7, ""error"": 0.3989087999994929}], [{""pair"": [3, 10, 2, 14], ""acc"": 13.2, ""vel"": 26.1, ""pos"": 81.1, ""error"": 1.521091200000516}], [{""pair"": [3, 14, 0, 10], ""acc"": 14.0, ""vel"": 26.1, ""pos"": 82.7, ""error"": 0.08610879999948295}], [{""pair"": [0, 10, 0, 14], ""acc"": 1.2, ""vel"": 26.1, ""pos"": 82.7, ""error"": 0.08610879999948295}], [{""pair"": [0, 10, 1, 14], ""acc"": 14.0, ""vel"": 25.78, ""pos"": 82.7, ""error"": 0.3989087999994929}], [{""pair"": [0, 10, 2, 14], ""acc"": 14.0, ""vel"": 26.1, ""pos"": 81.1, ""error"": 1.521091200000516}]]",3
272.983,0.033999999999991815,0.422934,26.103611,83.07776732583763,0.4,26.1,83.10000000000001,0.4,26.1,287.7,0.4,26.1,83.1,0.27139258534546123,25.756241776788336,66.86199896554669,8.0,26.413202113896723,69.1018906802957,0.5257859468375808,25.729037433581713,66.88462504769394,2.4614985817023802,16.215768360290937,0.6295859660280357,4.669273080737067,13.97587664554193,0.5291246621775113,2.371239197023737,16.193142278143682,0.6293722538181038,"[[3, 5, 0, 11], [3, 5, 1, 11], [3, 5, 2, 11], [1, 5, 0, 11], [1, 5, 1, 11], [1, 5, 2, 11], [2, 5, 0, 11], [2, 5, 1, 11], [2, 5, 2, 11], [0, 0, 0, 0], [0, 0, 0, 0], [0, 0, 0, 0], [0, 0, 0, 0], [0, 0, 0, 0], [0, 0, 0, 0], [0, 0, 0, 0]]",1,,1,0,1,"[1, 5, 2, 11]","[[[3, 5, 0, 11], [2.0, 26.1, 287.7], 204.12596880000018], [[3, 5, 1, 11], [0.4, 26.14, 287.7], 204.13876880000018], [[3, 5, 2, 11], [0.4, 26.1, 287.9], 204.32596880000017], [[1, 5, 0, 11], [2.0, 26.1, 82.9], 0.701231199999782], [[1, 5, 1, 11], [0.4, 26.14, 82.9], 0.7140311999997877], [[1, 5, 2, 11], [0.4, 26.1, 83.1], 0.5012311999997934], [[2, 5, 0, 11], [2.0, 26.1, 287.7], 204.12596880000018], [[2, 5, 1, 11], [0.4, 26.14, 287.7], 204.13876880000018], [[2, 5, 2, 11], [0.4, 26.1, 287.9], 204.32596880000017]]","[[1, 5, 2, 11]]","[{""pair"": [1, 5, 2, 11], ""acc"": 0.4, ""vel"": 26.1, ""pos"": 83.1, ""error"": 0.5012311999997934}]","[[{""pair"": [3, 5, 0, 11], ""acc"": 2.0, ""vel"": 26.1, ""pos"": 287.7, ""error"": 204.12596880000018}], [{""pair"": [3, 5, 1, 11], ""acc"": 0.4, ""vel"": 26.14, ""pos"": 287.7, ""error"": 204.13876880000018}], [{""pair"": [3, 5, 2, 11], ""acc"": 0.4, ""vel"": 26.1, ""pos"": 287.9, ""error"": 204.32596880000017}], [{""pair"": [1, 5, 0, 11], ""acc"": 2.0, ""vel"": 26.1, ""pos"": 82.9, ""error"": 0.701231199999782}], [{""pair"": [1, 5, 1, 11], ""acc"": 0.4, ""vel"": 26.14, ""pos"": 82.9, ""error"": 0.7140311999997877}], [{""pair"": [1, 5, 2, 11], ""acc"": 0.4, ""vel"": 26.1, ""pos"": 83.1, ""error"": 0.5012311999997934}], [{""pair"": [2, 5, 0, 11], ""acc"": 2.0, ""vel"": 26.1, ""pos"": 287.7, ""error"": 204.12596880000018}], [{""pair"": [2, 5, 1, 11], ""acc"": 0.4, ""vel"": 26.14, ""pos"": 287.7, ""error"": 204.13876880000018}], [{""pair"": [2, 5, 2, 11], ""acc"": 0.4, ""vel"": 26.1, ""pos"": 287.9, ""error"": 204.32596880000017}]]",3
273.017,0.016000000000019554,0.463913,26.119221,83.96553455568942,0.5,26.12,84.0,0.5,26.12,877.6,0.5,26.12,84.0,0.3026477300595254,25.765469124690078,67.73786805087161,8.0,26.685202113896658,70.00456355216797,0.5457000059000261,25.746914155774185,67.75971622471279,2.426859363428863,16.227666504817805,0.6298222798228597,5.53387095260933,13.96097100352145,0.5231727660871303,2.365265699627734,16.205818330976626,0.6294275979221453,"[[3, 7, 1, 2], [3, 7, 2, 2], [1, 2, 0, 7], [1, 2, 1, 7], [1, 2, 2, 7], [2, 2, 0, 7], [2, 2, 1, 7], [2, 2, 2, 7], [0, 0, 0, 0], [0, 0, 0, 0], [0, 0, 0, 0], [0, 0, 0, 0], [0, 0, 0, 0], [0, 0, 0, 0], [0, 0, 0, 0], [0, 0, 0, 0]]",1,,1,0,1,"[1, 2, 1, 7]","[[[3, 7, 1, 2], [0.5, 26.12, 903.2], 819.6959487999995], [[3, 7, 2, 2], [0.5, 26.12, 877.6], 794.0959487999995], [[1, 2, 0, 7], [0.4, 26.12, 903.2], 819.6959487999995], [[1, 2, 1, 7], [0.5, 26.12, 84.0], 0.4959487999994927], [[1, 2, 2, 7], [0.5, 26.12, 903.2], 819.6959487999995], [[2, 2, 0, 7], [0.4, 26.12, 877.6], 794.0959487999995], [[2, 2, 1, 7], [0.5, 26.12, 58.4], 25.131251200000495], [[2, 2, 2, 7], [0.5, 26.12, 877.6], 794.0959487999995]]","[[1, 2, 1, 7]]","[{""pair"": [1, 2, 1, 7], ""acc"": 0.5, ""vel"": 26.12, ""pos"": 84.0, ""error"": 0.4959487999994927}]","[[{""pair"": [3, 7, 1, 2], ""acc"": 0.5, ""vel"": 26.12, ""pos"": 903.2, ""error"": 819.6959487999995}], [{""pair"": [3, 7, 2, 2], ""acc"": 0.5, ""vel"": 26.12, ""pos"": 877.6, ""error"": 794.0959487999995}], [{""pair"": [1, 2, 0, 7], ""acc"": 0.4, ""vel"": 26.12, ""pos"": 903.2, ""error"": 819.6959487999995}], [{""pair"": [1, 2, 1, 7], ""acc"": 0.5, ""vel"": 26.12, ""pos"": 84.0, ""error"": 0.4959487999994927}], [{""pair"": [1, 2, 2, 7], ""acc"": 0.5, ""vel"": 26.12, ""pos"": 903.2, ""error"": 819.6959487999995}], [{""pair"": [2, 2, 0, 7], ""acc"": 0.4, ""vel"": 26.12, ""pos"": 877.6, ""error"": 794.0959487999995}], [{""pair"": [2, 2, 1, 7], ""acc"": 0.5, ""vel"": 26.12, ""pos"": 58.4, ""error"": 25.131251200000495}], [{""pair"": [2, 2, 2, 7], ""acc"": 0.5, ""vel"": 26.12, ""pos"": 877.6, ""error"": 794.0959487999995}]]",3
273.033,0.016999999999995907,0.477091,26.127293,84.38350147255393,0.5,26.13,84.4,0.5,67.09,84.4,0.5,26.13,84.4,0.3321527341251671,25.770311488371036,68.15015429577662,8.0,26.813202113896814,70.43255078599084,0.563148685792077,25.755645355868594,68.17173670080643,2.410284536816366,16.233347176777315,0.6299243679729165,-107.63444181356779,13.95095068656309,0.5203015524703988,2.3615875166665847,16.211764771747497,0.6294451002002767,"[[3, 5, 3, 7], [0, 6, 1, 5], [1, 6, 1, 5], [2, 6, 1, 5], [3, 5, 1, 7], [3, 7, 0, 5], [3, 7, 2, 5], [0, 5, 1, 7], [2, 5, 1, 7], [0, 0, 0, 0], [0, 0, 0, 0], [0, 0, 0, 0], [0, 0, 0, 0], [0, 0, 0, 0], [0, 0, 0, 0], [0, 0, 0, 0]]",1,,1,0,1,"[3, 7, 0, 5]","[[[3, 5, 3, 7], [0.5, 67.09, 84.4], 41.005612249999885], [[0, 6, 1, 5], [0.5, 149.01, 289.2], 327.63738775000013], [[1, 6, 1, 5], [0.5, 67.09, 698.8], 655.3173877500001], [[2, 6, 1, 5], [0.5, 67.09, 289.2], 245.7173877500001], [[3, 5, 1, 7], [0.5, 67.09, 903.6], 860.1173877500001], [[3, 7, 0, 5], [0.5, 26.13, 84.4], 0.045612249999884114], [[3, 7, 2, 5], [0.5, 67.09, 84.4], 41.005612249999885], [[0, 5, 1, 7], [0.5, 26.13, 903.6], 819.1573877500001], [[2, 5, 1, 7], [0.5, 67.09, 903.6], 860.1173877500001]]","[[3, 7, 0, 5]]","[{""pair"": [3, 7, 0, 5], ""acc"": 0.5, ""vel"": 26.13, ""pos"": 84.4, ""error"": 0.045612249999884114}]","[[{""pair"": [3, 5, 3, 7], ""acc"": 0.5, ""vel"": 67.09, ""pos"": 84.4, ""error"": 41.005612249999885}], [{""pair"": [0, 6, 1, 5], ""acc"": 0.5, ""vel"": 149.01, ""pos"": 289.2, ""error"": 327.63738775000013}], [{""pair"": [1, 6, 1, 5], ""acc"": 0.5, ""vel"": 67.09, ""pos"": 698.8, ""error"": 655.3173877500001}], [{""pair"": [2, 6, 1, 5], ""acc"": 0.5, ""vel"": 67.09, ""pos"": 289.2, ""error"": 245.7173877500001}], [{""pair"": [3, 5, 1, 7], ""acc"": 0.5, ""vel"": 67.09, ""pos"": 903.6, ""error"": 860.1173877500001}], [{""pair"": [3, 7, 0, 5], ""acc"": 0.5, ""vel"": 26.13, ""pos"": 84.4, ""error"": 0.045612249999884114}], [{""pair"": [3, 7, 2, 5], ""acc"": 0.5, ""vel"": 67.09, ""pos"": 84.4, ""error"": 41.005612249999885}], [{""pair"": [0, 5, 1, 7], ""acc"": 0.5, ""vel"": 26.13, ""pos"": 903.6, ""error"": 819.1573877500001}], [{""pair"": [2, 5, 1, 7], ""acc"": 0.5, ""vel"": 67.09, ""pos"": 903.6, ""error"": 860.1173877500001}]]",3
273.05,0.03300000000001546,0.485252,26.135424,84.82773439320333,0.5,26.14,84.80000000000001,0.5,21.02,59.2,0.5,26.14,84.8,0.37346416889682954,25.775958084851162,68.5882975871489,-8.0,26.94920211389678,70.88953122192697,0.5810762768280566,25.76521888352706,68.60966404684119,2.3963717579853587,16.239436806054428,0.6300226262238741,21.471113622368353,13.938203171276356,0.5172028141081365,2.360703395606412,16.21807034636214,0.6294559506626637,"[[3, 4, 1, 3], [3, 2, 0, 2], [3, 2, 1, 2], [3, 2, 2, 2], [1, 3, 1, 4], [0, 2, 1, 2], [0, 2, 2, 2], [1, 2, 0, 2], [1, 2, 2, 2], [2, 2, 0, 2], [2, 2, 1, 2], [0, 0, 0, 0], [0, 0, 0, 0], [0, 0, 0, 0], [0, 0, 0, 0], [0, 0, 0, 0]]",1,,1,0,1,"[0, 2, 1, 2]","[[[3, 4, 1, 3], [0.5, 21.02, 8.0], 82.3890622500004], [[3, 2, 0, 2], [0.5, 26.14, 59.2], 26.069062250000403], [[3, 2, 1, 2], [0.5, 21.02, 84.8], 5.58906225000041], [[3, 2, 2, 2], [0.5, 21.02, 59.2], 31.189062250000404], [[1, 3, 1, 4], [0.5, 21.02, 110.4], 30.263937749999613], [[0, 2, 1, 2], [0.5, 26.14, 84.8], 0.4690622500004089], [[0, 2, 2, 2], [0.5, 26.14, 59.2], 26.069062250000403], [[1, 2, 0, 2], [0.5, 26.14, 84.8], 0.4690622500004089], [[1, 2, 2, 2], [0.5, 21.02, 84.8], 5.58906225000041], [[2, 2, 0, 2], [0.5, 26.14, 59.2], 26.069062250000403], [[2, 2, 1, 2], [0.5, 21.02, 84.8], 5.58906225000041]]","[[0, 2, 1, 2]]","[{""pair"": [0, 2, 1, 2], ""acc"": 0.5, ""vel"": 26.14, ""pos"": 84.8, ""error"": 0.4690622500004089}]","[[{""pair"": [3, 4, 1, 3], ""acc"": 0.5, ""vel"": 21.02, ""pos"": 8.0, ""error"": 82.3890622500004}], [{""pair"": [3, 2, 0, 2], ""acc"": 0.5, ""vel"": 26.14, ""pos"": 59.2, ""error"": 26.069062250000403}], [{""pair"": [3, 2, 1, 2], ""acc"": 0.5, ""vel"": 21.02, ""pos"": 84.8, ""error"": 5.58906225000041}], [{""pair"": [3, 2, 2, 2], ""acc"": 0.5, ""vel"": 21.02, ""pos"": 59.2, ""error"": 31.189062250000404}], [{""pair"": [1, 3, 1, 4], ""acc"": 0.5, ""vel"": 21.02, ""pos"": 110.4, ""error"": 30.263937749999613}], [{""pair"": [0, 2, 1, 2], ""acc"": 0.5, ""vel"": 26.14, ""pos"": 84.8, ""error"": 0.4690622500004089}], [{""pair"": [0, 2, 2, 2], ""acc"": 0.5, ""vel"": 26.14, ""pos"": 59.2, ""error"": 26.069062250000403}], [{""pair"": [1, 2, 0, 2], ""acc"": 0.5, ""vel"": 26.14, ""pos"": 84.8, ""error"": 0.4690622500004089}], [{""pair"": [1, 2, 2, 2], ""acc"": 0.5, ""vel"": 21.02, ""pos"": 84.8, ""error"": 5.58906225000041}], [{""pair"": [2, 2, 0, 2], ""acc"": 0.5, ""vel"": 26.14, ""pos"": 59.2, ""error"": 26.069062250000403}], [{""pair"": [2, 2, 1, 2], ""acc"": 0.5, ""vel"": 21.02, ""pos"": 84.8, ""error"": 5.58906225000041}]]",3
273.083,0.033999999999991815,0.489666,26.151674,85.69046760491773,0.5,26.150000000000002,85.7,0.5,26.14,85.7,0.5,26.15,85.7,0.42702876479837637,25.788282402424763,69.43910755518935,-8.0,26.685202113896658,71.77449889168598,0.6107364279201314,25.784394400662393,69.4602326660307,2.40464131944314,16.251360049728376,0.6301838872448647,5.468545952609329,13.915968713231749,0.5214863523924682,2.3917203531231324,16.230234938887023,0.6294596136983568,"[[3, 1, 1, 9], [3, 1, 2, 9], [2, 1, 1, 9], [2, 1, 2, 9], [0, 0, 0, 0], [0, 0, 0, 0], [0, 0, 0, 0], [0, 0, 0, 0], [0, 0, 0, 0], [0, 0, 0, 0], [0, 0, 0, 0], [0, 0, 0, 0], [0, 0, 0, 0], [0, 0, 0, 0], [0, 0, 0, 0], [0, 0, 0, 0]]",1,,1,0,1,"[3, 1, 1, 9]","[[[3, 1, 1, 9], [0.5, 26.15, 85.7], 0.017951000000216766], [[3, 1, 2, 9], [0.5, 26.14, 85.7], 0.027951000000214776], [[2, 1, 1, 9], [0.5, 26.15, 85.7], 0.017951000000216766], [[2, 1, 2, 9], [0.5, 26.14, 85.7], 0.027951000000214776]]","[[3, 1, 1, 9]]","[{""pair"": [3, 1, 1, 9], ""acc"": 0.5, ""vel"": 26.15, ""pos"": 85.7, ""error"": 0.017951000000216766}]","[[{""pair"": [3, 1, 1, 9], ""acc"": 0.5, ""vel"": 26.15, ""pos"": 85.7, ""error"": 0.017951000000216766}], [{""pair"": [3, 1, 2, 9], ""acc"": 0.5, ""vel"": 26.14, ""pos"": 85.7, ""error"": 0.027951000000214776}], [{""pair"": [2, 1, 1, 9], ""acc"": 0.5, ""vel"": 26.15, ""pos"": 85.7, ""error"": 0.017951000000216766}], [{""pair"": [2, 1, 2, 9], ""acc"": 0.5, ""vel"": 26.14, ""pos"": 85.7, ""error"": 0.027951000000214776}]]",3
273.117,0.01599999999996271,0.486587,26.167782,86.57990754786552,0.5,26.17,86.60000000000001,0.5,27.29,86.6,0.5,26.17,86.6,0.4527525717802146,25.802801380427905,70.31615597949764,-8.0,26.413202113896723,72.67717176355825,0.6253635164773453,25.80515943921167,70.33725508130836,2.387508830406051,16.26375156836788,0.6303095283562644,0.6983918307370693,13.902735784307268,0.5263555597824563,2.395350549117115,16.24265246655716,0.6294342999437542,"[[3, 0, 3, 13], [3, 0, 0, 13], [3, 0, 1, 13], [3, 0, 2, 13], [3, 13, 0, 0], [3, 13, 1, 0], [3, 13, 2, 0], [0, 0, 0, 13], [0, 0, 1, 13], [0, 0, 2, 13], [1, 0, 0, 13], [1, 0, 1, 13], [1, 0, 2, 13], [2, 0, 0, 13], [2, 0, 1, 13], [2, 0, 2, 13]]",1,,1,0,1,"[0, 0, 1, 13]","[[[3, 0, 3, 13], [0.5, 27.29, 86.6], 1.613536000000991], [[3, 0, 0, 13], [6.9, 27.29, 86.6], 1.613536000000991], [[3, 0, 1, 13], [0.5, 27.45, 86.6], 1.7735360000009912], [[3, 0, 2, 13], [0.5, 27.29, 87.4], 2.4135360000010024], [[3, 13, 0, 0], [0.5, 26.01, 86.6], 0.6295360000009502], [[3, 13, 1, 0], [0.5, 27.29, 80.2], 7.050463999999039], [[3, 13, 2, 0], [0.5, 27.29, 86.6], 1.613536000000991], [[0, 0, 0, 13], [6.9, 26.01, 86.6], 0.6295360000009502], [[0, 0, 1, 13], [0.5, 26.17, 86.6], 0.4935360000009936], [[0, 0, 2, 13], [0.5, 26.01, 87.4], 1.4295360000009616], [[1, 0, 0, 13], [6.9, 27.29, 80.2], 7.050463999999039], [[1, 0, 1, 13], [0.5, 27.45, 80.2], 7.210463999999039], [[1, 0, 2, 13], [0.5, 27.29, 81.0], 6.250463999999042], [[2, 0, 0, 13], [6.9, 27.29, 86.6], 1.613536000000991], [[2, 0, 1, 13], [0.5, 27.45, 86.6], 1.7735360000009912], [[2, 0, 2, 13], [0.5, 27.29, 87.4], 2.4135360000010024]]","[[0, 0, 1, 13]]","[{""pair"": [0, 0, 1, 13], ""acc"": 0.5, ""vel"": 26.17, ""pos"": 86.6, ""error"": 0.4935360000009936}]","[[{""pair"": [3, 0, 3, 13], ""acc"": 0.5, ""vel"": 27.29, ""pos"": 86.6, ""error"": 1.613536000000991}], [{""pair"": [3, 0, 0, 13], ""acc"": 6.9, ""vel"": 27.29, ""pos"": 86.6, ""error"": 1.613536000000991}], [{""pair"": [3, 0, 1, 13], ""acc"": 0.5, ""vel"": 27.45, ""pos"": 86.6, ""error"": 1.7735360000009912}], [{""pair"": [3, 0, 2, 13], ""acc"": 0.5, ""vel"": 27.29, ""pos"": 87.4, ""error"": 2.4135360000010024}], [{""pair"": [3, 13, 0, 0], ""acc"": 0.5, ""vel"": 26.01, ""pos"": 86.6, ""error"": 0.6295360000009502}], [{""pair"": [3, 13, 1, 0], ""acc"": 0.5, ""vel"": 27.29, ""pos"": 80.2, ""error"": 7.050463999999039}], [{""pair"": [3, 13, 2, 0], ""acc"": 0.5, ""vel"": 27.29, ""pos"": 86.6, ""error"": 1.613536000000991}], [{""pair"": [0, 0, 0, 13], ""acc"": 6.9, ""vel"": 26.01, ""pos"": 86.6, ""error"": 0.6295360000009502}], [{""pair"": [0, 0, 1, 13], ""acc"": 0.5, ""vel"": 26.17, ""pos"": 86.6, ""error"": 0.4935360000009936}], [{""pair"": [0, 0, 2, 13], ""acc"": 0.5, ""vel"": 26.01, ""pos"": 87.4, ""error"": 1.4295360000009616}], [{""pair"": [1, 0, 0, 13], ""acc"": 6.9, ""vel"": 27.29, ""pos"": 80.2, ""error"": 7.050463999999039}], [{""pair"": [1, 0, 1, 13], ""acc"": 0.5, ""vel"": 27.45, ""pos"": 80.2, ""error"": 7.210463999999039}], [{""pair"": [1, 0, 2, 13], ""acc"": 0.5, ""vel"": 27.29, ""pos"": 81.0, ""error"": 6.250463999999042}], [{""pair"": [2, 0, 0, 13], ""acc"": 6.9, ""vel"": 27.29, ""pos"": 86.6, ""error"": 1.613536000000991}], [{""pair"": [2, 0, 1, 13], ""acc"": 0.5, ""vel"": 27.45, ""pos"": 86.6, ""error"": 1.7735360000009912}], [{""pair"": [2, 0, 2, 13], ""acc"": 0.5, ""vel"": 27.29, ""pos"": 87.4, ""error"": 2.4135360000010024}]]",3
273.133,0.016999999999995907,0.484415,26.175774,86.99865434300054,0.5,26.18,87.0,13.3,26.18,87.0,0.5,26.18,87.0,0.47617860658252115,25.810045421576373,70.72905875391271,-7.883170914690228,26.28520211389702,73.0987589973796,0.6370809329730809,25.815165255475286,70.7502176788649,2.3788823336473555,16.269595589087828,0.6303590452222516,3.9734858469157324,13.899895345620934,0.5288106701782612,2.395913848516181,16.24843666413564,0.6294143966670682,"[[3, 13, 1, 12], [3, 13, 2, 12], [1, 13, 1, 12], [1, 13, 2, 12], [3, 12, 0, 14], [3, 12, 1, 14], [0, 14, 0, 12], [1, 14, 0, 12], [0, 0, 0, 0], [0, 0, 0, 0], [0, 0, 0, 0], [0, 0, 0, 0], [0, 0, 0, 0], [0, 0, 0, 0], [0, 0, 0, 0], [0, 0, 0, 0]]",1,,1,0,1,"[3, 12, 0, 14]","[[[3, 13, 1, 12], [13.3, 26.1, 87.0], 0.12346224999988209], [[3, 13, 2, 12], [13.3, 26.18, 86.6], 0.4464622499998896], [[1, 13, 1, 12], [13.3, 25.94, 87.0], 0.28346224999988223], [[1, 13, 2, 12], [13.3, 26.02, 86.6], 0.6034622499998896], [[3, 12, 0, 14], [0.5, 26.18, 87.0], 0.04646224999988391], [[3, 12, 1, 14], [13.3, 25.86, 87.0], 0.3634622499998841], [[0, 14, 0, 12], [3.7, 26.18, 87.0], 0.04646224999988391], [[1, 14, 0, 12], [16.5, 25.86, 87.0], 0.3634622499998841]]","[[3, 12, 0, 14]]","[{""pair"": [3, 12, 0, 14], ""acc"": 0.5, ""vel"": 26.18, ""pos"": 87.0, ""error"": 0.04646224999988391}]","[[{""pair"": [3, 13, 1, 12], ""acc"": 13.3, ""vel"": 26.1, ""pos"": 87.0, ""error"": 0.12346224999988209}], [{""pair"": [3, 13, 2, 12], ""acc"": 13.3, ""vel"": 26.18, ""pos"": 86.6, ""error"": 0.4464622499998896}], [{""pair"": [1, 13, 1, 12], ""acc"": 13.3, ""vel"": 25.94, ""pos"": 87.0, ""error"": 0.28346224999988223}], [{""pair"": [1, 13, 2, 12], ""acc"": 13.3, ""vel"": 26.02, ""pos"": 86.6, ""error"": 0.6034622499998896}], [{""pair"": [3, 12, 0, 14], ""acc"": 0.5, ""vel"": 26.18, ""pos"": 87.0, ""error"": 0.04646224999988391}], [{""pair"": [3, 12, 1, 14], ""acc"": 13.3, ""vel"": 25.86, ""pos"": 87.0, ""error"": 0.3634622499998841}], [{""pair"": [0, 14, 0, 12], ""acc"": 3.7, ""vel"": 26.18, ""pos"": 87.0, ""error"": 0.04646224999988391}], [{""pair"": [1, 14, 0, 12], ""acc"": 16.5, ""vel"": 25.86, ""pos"": 87.0, ""error"": 0.3634622499998841}]]",3
273.15,0.03300000000001546,0.481839,26.183708,87.44371249896793,0.5,26.18,87.4,0.5,21.1,87.4,0.5,26.18,87.4,0.5044868274858809,25.818140457888273,71.16789833388805,-8.0,26.15118820834732,73.54446831511858,0.642859695465107,25.825995631335825,71.18916754640269,2.405812589741788,16.27581416507988,0.6304022627666469,18.532284115109974,13.899244183849348,0.5314957038706479,2.4319527099946594,16.25454495256524,0.6293869628337921,"[[0, 2, 1, 11], [0, 2, 2, 11], [0, 0, 0, 0], [0, 0, 0, 0], [0, 0, 0, 0], [0, 0, 0, 0], [0, 0, 0, 0], [0, 0, 0, 0], [0, 0, 0, 0], [0, 0, 0, 0], [0, 0, 0, 0], [0, 0, 0, 0], [0, 0, 0, 0], [0, 0, 0, 0], [0, 0, 0, 0], [0, 0, 0, 0]]",1,,1,0,1,"[0, 2, 1, 11]","[[[0, 2, 1, 11], [0.5, 26.18, 87.4], 0.4807122500004084], [[0, 2, 2, 11], [0.5, 26.22, 87.2], 0.6877122500003949]]","[[0, 2, 1, 11]]","[{""pair"": [0, 2, 1, 11], ""acc"": 0.5, ""vel"": 26.18, ""pos"": 87.4, ""error"": 0.4807122500004084}]","[[{""pair"": [0, 2, 1, 11], ""acc"": 0.5, ""vel"": 26.18, ""pos"": 87.4, ""error"": 0.4807122500004084}], [{""pair"": [0, 2, 2, 11], ""acc"": 0.5, ""vel"": 26.22, ""pos"": 87.2, ""error"": 0.6877122500003949}]]",3
273.183,0.016999999999995907,0.477166,26.199459,88.30803722430383,0.5,26.2,88.30000000000001,0.4,26.2,88.2,0.5,26.2,88.2,0.5246958625431112,25.834788523195314,72.02017166207634,-8.0,25.887188208347197,74.40310152599444,0.6343945185992728,25.847210001286182,72.04177543934135,2.3957474797085556,16.287865562227495,0.6304625078546209,2.5703759042341106,13.904935698309387,0.5371358058047343,2.4371125532903988,16.26626178496248,0.6293236981536133,"[[3, 10, 0, 7], [3, 10, 1, 7], [0, 7, 0, 10], [0, 7, 1, 10], [0, 7, 2, 10], [1, 7, 0, 10], [1, 7, 1, 10], [1, 7, 2, 10], [0, 0, 0, 0], [0, 0, 0, 0], [0, 0, 0, 0], [0, 0, 0, 0], [0, 0, 0, 0], [0, 0, 0, 0], [0, 0, 0, 0], [0, 0, 0, 0]]",1,,1,0,1,"[3, 10, 0, 7]","[[[3, 10, 0, 7], [0.5, 26.2, 88.2], 0.3663677500000979], [[3, 10, 1, 7], [0.4, 26.2, 907.4], 819.56636775], [[0, 7, 0, 10], [1.3, 26.2, 88.2], 0.3663677500000979], [[0, 7, 1, 10], [0.5, 26.22, 88.2], 0.3863677500000975], [[0, 7, 2, 10], [0.5, 26.2, 88.3], 0.46636775000009223], [[1, 7, 0, 10], [1.2, 26.2, 907.4], 819.56636775], [[1, 7, 1, 10], [0.4, 26.22, 907.4], 819.5863677500001], [[1, 7, 2, 10], [0.4, 26.2, 907.5], 819.6663677500001]]","[[3, 10, 0, 7]]","[{""pair"": [3, 10, 0, 7], ""acc"": 0.5, ""vel"": 26.2, ""pos"": 88.2, ""error"": 0.3663677500000979}]","[[{""pair"": [3, 10, 0, 7], ""acc"": 0.5, ""vel"": 26.2, ""pos"": 88.2, ""error"": 0.3663677500000979}], [{""pair"": [3, 10, 1, 7], ""acc"": 0.4, ""vel"": 26.2, ""pos"": 907.4, ""error"": 819.56636775}], [{""pair"": [0, 7, 0, 10], ""acc"": 1.3, ""vel"": 26.2, ""pos"": 88.2, ""error"": 0.3663677500000979}], [{""pair"": [0, 7, 1, 10], ""acc"": 0.5, ""vel"": 26.22, ""pos"": 88.2, ""error"": 0.3863677500000975}], [{""pair"": [0, 7, 2, 10], ""acc"": 0.5, ""vel"": 26.2, ""pos"": 88.3, ""error"": 0.46636775000009223}], [{""pair"": [1, 7, 0, 10], ""acc"": 1.2, ""vel"": 26.2, ""pos"": 907.4, ""error"": 819.56636775}], [{""pair"": [1, 7, 1, 10], ""acc"": 0.4, ""vel"": 26.22, ""pos"": 907.4, ""error"": 819.5863677500001}], [{""pair"": [1, 7, 2, 10], ""acc"": 0.4, ""vel"": 26.2, ""pos"": 907.5, ""error"": 819.6663677500001}]]",3
273.2,0.016999999999995907,0.475411,26.206787,88.75349697779072,0.5,26.21,88.80000000000001,0.5,26.21,87.2,0.5,26.21,88.8,0.5537718410767472,25.843708352858545,72.45943888552269,-8.0,25.75118820834723,74.84202772553624,0.6530592565007304,25.857994708102368,72.48126967937104,2.3926934245115152,16.29405809226803,0.6304845214083126,2.0850934546923114,13.911469252254477,0.5402263048873638,2.44028636607586,16.27222729841968,0.629291926234362,"[[3, 2, 0, 14], [3, 2, 2, 14], [0, 14, 0, 2], [0, 14, 1, 2], [0, 14, 2, 2], [2, 14, 0, 2], [2, 14, 1, 2], [2, 14, 2, 2], [0, 0, 0, 0], [0, 0, 0, 0], [0, 0, 0, 0], [0, 0, 0, 0], [0, 0, 0, 0], [0, 0, 0, 0], [0, 0, 0, 0], [0, 0, 0, 0]]",1,,1,0,1,"[3, 2, 2, 14]","[[[3, 2, 0, 14], [13.3, 26.21, 87.2], 1.4469722499998987], [[3, 2, 2, 14], [0.5, 26.21, 88.8], 0.15602775000010283], [[0, 14, 0, 2], [13.3, 21.09, 87.2], 6.5639722499998925], [[0, 14, 1, 2], [13.3, 26.21, 61.6], 27.0469722499999], [[0, 14, 2, 2], [13.3, 26.21, 87.2], 1.4469722499998987], [[2, 14, 0, 2], [0.5, 21.09, 88.8], 5.273027750000097], [[2, 14, 1, 2], [0.5, 26.21, 63.2], 25.4469722499999], [[2, 14, 2, 2], [0.5, 26.21, 88.8], 0.15602775000010283]]","[[3, 2, 2, 14]]","[{""pair"": [3, 2, 2, 14], ""acc"": 0.5, ""vel"": 26.21, ""pos"": 88.8, ""error"": 0.15602775000010283}]","[[{""pair"": [3, 2, 0, 14], ""acc"": 13.3, ""vel"": 26.21, ""pos"": 87.2, ""error"": 1.4469722499998987}], [{""pair"": [3, 2, 2, 14], ""acc"": 0.5, ""vel"": 26.21, ""pos"": 88.8, ""error"": 0.15602775000010283}], [{""pair"": [0, 14, 0, 2], ""acc"": 13.3, ""vel"": 21.09, ""pos"": 87.2, ""error"": 6.5639722499998925}], [{""pair"": [0, 14, 1, 2], ""acc"": 13.3, ""vel"": 26.21, ""pos"": 61.6, ""error"": 27.0469722499999}], [{""pair"": [0, 14, 2, 2], ""acc"": 13.3, ""vel"": 26.21, ""pos"": 87.2, ""error"": 1.4469722499998987}], [{""pair"": [2, 14, 0, 2], ""acc"": 0.5, ""vel"": 21.09, ""pos"": 88.8, ""error"": 5.273027750000097}], [{""pair"": [2, 14, 1, 2], ""acc"": 0.5, ""vel"": 26.21, ""pos"": 63.2, ""error"": 25.4469722499999}], [{""pair"": [2, 14, 2, 2], ""acc"": 0.5, ""vel"": 26.21, ""pos"": 88.8, ""error"": 0.15602775000010283}]]",3
273.217,0.016000000000019554,0.473281,26.215048,89.1990810536801,0.5,26.22,89.2,0.5,67.18,89.2,0.5,26.22,89.2,0.572718774336251,25.853122474156848,72.8988619475522,-7.054815108803385,25.615188208347263,75.27864192507805,0.6623635022323296,25.869096715462877,72.92094995647123,2.391283601400309,16.300219106127898,0.630493245928875,-111.67986449484948,13.920439128602055,0.5434447334673801,2.4445199761695524,16.27813109720887,0.6292500768872558,"[[0, 1, 0, 5], [0, 1, 2, 5], [1, 1, 0, 5], [1, 1, 2, 5], [2, 1, 0, 5], [2, 1, 2, 5], [0, 0, 0, 0], [0, 0, 0, 0], [0, 0, 0, 0], [0, 0, 0, 0], [0, 0, 0, 0], [0, 0, 0, 0], [0, 0, 0, 0], [0, 0, 0, 0], [0, 0, 0, 0], [0, 0, 0, 0]]",1,,1,0,1,"[2, 1, 0, 5]","[[[0, 1, 0, 5], [0.5, 28.78, 89.2], 2.5814240000004887], [[0, 1, 2, 5], [0.5, 69.74, 89.2], 43.54142400000048], [[1, 1, 0, 5], [0.5, 26.22, 102.0], 12.782575999999487], [[1, 1, 2, 5], [0.5, 67.18, 102.0], 53.742575999999495], [[2, 1, 0, 5], [0.5, 26.22, 89.2], 0.021424000000486387], [[2, 1, 2, 5], [0.5, 67.18, 89.2], 40.981424000000494]]","[[2, 1, 0, 5]]","[{""pair"": [2, 1, 0, 5], ""acc"": 0.5, ""vel"": 26.22, ""pos"": 89.2, ""error"": 0.021424000000486387}]","[[{""pair"": [0, 1, 0, 5], ""acc"": 0.5, ""vel"": 28.78, ""pos"": 89.2, ""error"": 2.5814240000004887}], [{""pair"": [0, 1, 2, 5], ""acc"": 0.5, ""vel"": 69.74, ""pos"": 89.2, ""error"": 43.54142400000048}], [{""pair"": [1, 1, 0, 5], ""acc"": 0.5, ""vel"": 26.22, ""pos"": 102.0, ""error"": 12.782575999999487}], [{""pair"": [1, 1, 2, 5], ""acc"": 0.5, ""vel"": 67.18, ""pos"": 102.0, ""error"": 53.742575999999495}], [{""pair"": [2, 1, 0, 5], ""acc"": 0.5, ""vel"": 26.22, ""pos"": 89.2, ""error"": 0.021424000000486387}], [{""pair"": [2, 1, 2, 5], ""acc"": 0.5, ""vel"": 67.18, ""pos"": 89.2, ""error"": 40.981424000000494}]]",3
273.233,0.016999999999995907,0.471228,26.222771,89.61858240164861,0.5,26.22,89.60000000000001,-25.1,26.22,90.4,0.5,26.22,89.6,0.5884055543497693,25.86228597454624,73.31258521514233,-7.177010829914965,25.502311166606273,75.68758192007817,0.6679712928356418,25.879694531498608,73.33494028644743,2.4218183367803223,16.305997186506275,0.6304932673992817,1.2301982940613185,13.931000481570436,0.5462642342711368,2.479856268379799,16.283642115201175,0.6292053445755352,"[[3, 15, 1, 13], [3, 15, 2, 13], [1, 13, 0, 15], [2, 13, 0, 15], [0, 0, 0, 0], [0, 0, 0, 0], [0, 0, 0, 0], [0, 0, 0, 0], [0, 0, 0, 0], [0, 0, 0, 0], [0, 0, 0, 0], [0, 0, 0, 0], [0, 0, 0, 0], [0, 0, 0, 0], [0, 0, 0, 0], [0, 0, 0, 0]]",1,,1,0,1,"[2, 13, 0, 15]","[[[3, 15, 1, 13], [-25.1, 26.06, 90.4], 0.9226877500001116], [[3, 15, 2, 13], [-25.1, 26.22, 89.6], 0.05431224999989581], [[1, 13, 0, 15], [0.5, 26.06, 90.4], 0.9226877500001116], [[2, 13, 0, 15], [0.5, 26.22, 89.6], 0.05431224999989581]]","[[2, 13, 0, 15]]","[{""pair"": [2, 13, 0, 15], ""acc"": 0.5, ""vel"": 26.22, ""pos"": 89.6, ""error"": 0.05431224999989581}]","[[{""pair"": [3, 15, 1, 13], ""acc"": -25.1, ""vel"": 26.06, ""pos"": 90.4, ""error"": 0.9226877500001116}], [{""pair"": [3, 15, 2, 13], ""acc"": -25.1, ""vel"": 26.22, ""pos"": 89.6, ""error"": 0.05431224999989581}], [{""pair"": [1, 13, 0, 15], ""acc"": 0.5, ""vel"": 26.06, ""pos"": 90.4, ""error"": 0.9226877500001116}], [{""pair"": [2, 13, 0, 15], ""acc"": 0.5, ""vel"": 26.22, ""pos"": 89.6, ""error"": 0.05431224999989581}]]",3
273.25,0.016999999999995907,0.469269,26.230459,90.0644376010945,0.5,26.23,90.10000000000001,-21.9,26.23,90.1,0.5,26.23,90.1,0.6129199585267721,25.872288868970184,73.75232910131211,-7.403838814089929,25.38030198249775,76.12008413184545,0.6825958435654278,25.89105004347681,73.77499161533463,2.4223808443619204,16.312108499782383,0.630485713204379,0.7972069934234689,13.944353469249052,0.5494163733301942,2.4849532764614626,16.28944598575987,0.6291535475929435,"[[3, 15, 0, 12], [3, 15, 1, 12], [3, 15, 2, 12], [0, 12, 0, 15], [1, 12, 0, 15], [2, 12, 0, 15], [0, 0, 0, 0], [0, 0, 0, 0], [0, 0, 0, 0], [0, 0, 0, 0], [0, 0, 0, 0], [0, 0, 0, 0], [0, 0, 0, 0], [0, 0, 0, 0], [0, 0, 0, 0], [0, 0, 0, 0]]",1,,1,0,1,"[0, 12, 0, 15]","[[[3, 15, 0, 12], [-25.1, 26.23, 90.1], 0.05568775000011428], [[3, 15, 1, 12], [-21.9, 26.15, 90.1], 0.1326877500001089], [[3, 15, 2, 12], [-21.9, 26.23, 89.7], 0.3473122499998844], [[0, 12, 0, 15], [0.5, 26.23, 90.1], 0.05568775000011428], [[1, 12, 0, 15], [3.7, 26.15, 90.1], 0.1326877500001089], [[2, 12, 0, 15], [3.7, 26.23, 89.7], 0.3473122499998844]]","[[0, 12, 0, 15]]","[{""pair"": [0, 12, 0, 15], ""acc"": 0.5, ""vel"": 26.23, ""pos"": 90.1, ""error"": 0.05568775000011428}]","[[{""pair"": [3, 15, 0, 12], ""acc"": -25.1, ""vel"": 26.23, ""pos"": 90.1, ""error"": 0.05568775000011428}], [{""pair"": [3, 15, 1, 12], ""acc"": -21.9, ""vel"": 26.15, ""pos"": 90.1, ""error"": 0.1326877500001089}], [{""pair"": [3, 15, 2, 12], ""acc"": -21.9, ""vel"": 26.23, ""pos"": 89.7, ""error"": 0.3473122499998844}], [{""pair"": [0, 12, 0, 15], ""acc"": 0.5, ""vel"": 26.23, ""pos"": 90.1, ""error"": 0.05568775000011428}], [{""pair"": [1, 12, 0, 15], ""acc"": 3.7, ""vel"": 26.15, ""pos"": 90.1, ""error"": 0.1326877500001089}], [{""pair"": [2, 12, 0, 15], ""acc"": 3.7, ""vel"": 26.23, ""pos"": 89.7, ""error"": 0.3473122499998844}]]",3
273.267,0.016000000000019554,0.466794,26.238073,90.51042321346489,0.5,26.240000000000002,90.5,0.5,67.21,90.5,0.5,26.24,90.5,0.6275453458607193,25.882708508265136,74.19224657901852,-6.431237435817168,25.254436722658248,76.55047941083917,0.68810180791572,25.902654172817417,74.21523810117301,2.424333333565282,16.318176634446374,0.630466345098137,-112.86289544156233,13.959943802625716,0.5527719329451871,2.490883742067723,16.295185112291875,0.6290932583037091,"[[0, 5, 0, 9], [0, 5, 1, 9], [2, 5, 0, 9], [2, 5, 1, 9], [0, 0, 0, 0], [0, 0, 0, 0], [0, 0, 0, 0], [0, 0, 0, 0], [0, 0, 0, 0], [0, 0, 0, 0], [0, 0, 0, 0], [0, 0, 0, 0], [0, 0, 0, 0], [0, 0, 0, 0], [0, 0, 0, 0], [0, 0, 0, 0]]",1,,1,0,1,"[0, 5, 1, 9]","[[[0, 5, 0, 9], [0.1, 26.25, 90.5], 0.03174400000049005], [[0, 5, 1, 9], [0.5, 26.24, 90.5], 0.021744000000488484], [[2, 5, 0, 9], [0.1, 67.21, 90.5], 40.99174400000048], [[2, 5, 1, 9], [0.5, 67.2, 90.5], 40.98174400000049]]","[[0, 5, 1, 9]]","[{""pair"": [0, 5, 1, 9], ""acc"": 0.5, ""vel"": 26.24, ""pos"": 90.5, ""error"": 0.021744000000488484}]","[[{""pair"": [0, 5, 0, 9], ""acc"": 0.1, ""vel"": 26.25, ""pos"": 90.5, ""error"": 0.03174400000049005}], [{""pair"": [0, 5, 1, 9], ""acc"": 0.5, ""vel"": 26.24, ""pos"": 90.5, ""error"": 0.021744000000488484}], [{""pair"": [2, 5, 0, 9], ""acc"": 0.1, ""vel"": 67.21, ""pos"": 90.5, ""error"": 40.99174400000048}], [{""pair"": [2, 5, 1, 9], ""acc"": 0.5, ""vel"": 67.2, ""pos"": 90.5, ""error"": 40.98174400000049}]]",3
273.283,0.016999999999995907,0.464287,26.245636,90.9302921310974,0.5,26.25,90.9,0.4,26.25,65.3,0.5,26.25,90.9,0.6390410284404539,25.89274923379892,74.60645024095554,-8.0,25.151536923685047,76.95372720001042,0.6901058268107889,25.913663801744082,74.62976864497,2.4250226036545497,16.323841890141864,0.6304406589947448,-0.01376445616322508,13.976564931086983,0.5556942692406737,2.494833357038255,16.300523486127403,0.629031989101839,"[[1, 2, 0, 7], [1, 2, 1, 7], [0, 0, 0, 0], [0, 0, 0, 0], [0, 0, 0, 0], [0, 0, 0, 0], [0, 0, 0, 0], [0, 0, 0, 0], [0, 0, 0, 0], [0, 0, 0, 0], [0, 0, 0, 0], [0, 0, 0, 0], [0, 0, 0, 0], [0, 0, 0, 0], [0, 0, 0, 0], [0, 0, 0, 0]]",1,,1,0,1,"[1, 2, 0, 7]","[[[1, 2, 0, 7], [0.5, 26.25, 90.9], 0.0476522499998957], [[1, 2, 1, 7], [0.4, 26.25, 910.1], 819.15534775]]","[[1, 2, 0, 7]]","[{""pair"": [1, 2, 0, 7], ""acc"": 0.5, ""vel"": 26.25, ""pos"": 90.9, ""error"": 0.0476522499998957}]","[[{""pair"": [1, 2, 0, 7], ""acc"": 0.5, ""vel"": 26.25, ""pos"": 90.9, ""error"": 0.0476522499998957}], [{""pair"": [1, 2, 1, 7], ""acc"": 0.4, ""vel"": 26.25, ""pos"": 910.1, ""error"": 819.15534775}]]",3
273.3,0.016999999999995907,0.460687,26.253101,91.3765350325688,0.5,26.25,91.4,6.5,26.25,91.4,0.5,26.25,91.4,0.6589123254148338,25.903612931282407,75.04671931935863,-7.727224269101388,25.01553692368508,77.38014732771296,0.7007066081282035,25.925395600799863,75.07040064989151,2.46127772398456,16.329815713210166,0.6304068763122044,-0.45378458386577103,13.996387704855834,0.5595077870027186,2.5340168762032906,16.306134382677286,0.6289637633214824,"[[3, 13, 0, 9], [3, 13, 2, 9], [0, 9, 0, 13], [2, 9, 0, 13], [0, 0, 0, 0], [0, 0, 0, 0], [0, 0, 0, 0], [0, 0, 0, 0], [0, 0, 0, 0], [0, 0, 0, 0], [0, 0, 0, 0], [0, 0, 0, 0], [0, 0, 0, 0], [0, 0, 0, 0], [0, 0, 0, 0], [0, 0, 0, 0]]",1,,1,0,1,"[0, 9, 0, 13]","[[[3, 13, 0, 9], [6.9, 26.25, 91.4], 0.06217775000010306], [[3, 13, 2, 9], [6.5, 26.25, 91.4], 0.06217775000010306], [[0, 9, 0, 13], [0.5, 26.25, 91.4], 0.06217775000010306], [[2, 9, 0, 13], [0.1, 26.25, 91.4], 0.06217775000010306]]","[[0, 9, 0, 13]]","[{""pair"": [0, 9, 0, 13], ""acc"": 0.5, ""vel"": 26.25, ""pos"": 91.4, ""error"": 0.06217775000010306}]","[[{""pair"": [3, 13, 0, 9], ""acc"": 6.9, ""vel"": 26.25, ""pos"": 91.4, ""error"": 0.06217775000010306}], [{""pair"": [3, 13, 2, 9], ""acc"": 6.5, ""vel"": 26.25, ""pos"": 91.4, ""error"": 0.06217775000010306}], [{""pair"": [0, 9, 0, 13], ""acc"": 0.5, ""vel"": 26.25, ""pos"": 91.4, ""error"": 0.06217775000010306}], [{""pair"": [2, 9, 0, 13], ""acc"": 0.1, ""vel"": 26.25, ""pos"": 91.4, ""error"": 0.06217775000010306}]]",3
273.317,0.016000000000019554,0.457509,26.2605,91.82290431884019,0.5,26.26,91.80000000000001,0.4,26.26,501.4,0.5,26.26,91.8,0.6691643209646129,25.914814440814457,75.48717595202135,8.0,24.884174111110386,77.80429487150863,0.7024509030068884,25.93730761313804,75.51123362720988,2.465856912946784,16.33572836681884,0.6303625443325936,-0.9094250143854392,14.018609447331556,0.5633544189466377,2.5410011499730807,16.31167069163031,0.6288883539850509,"[[3, 6, 0, 7], [3, 6, 1, 7], [3, 5, 0, 5], [3, 5, 1, 5], [3, 5, 2, 5], [0, 5, 1, 5], [0, 5, 2, 5], [1, 5, 0, 5], [1, 5, 2, 5], [2, 5, 0, 5], [2, 5, 1, 5], [1, 6, 0, 7], [1, 6, 1, 7], [2, 6, 0, 7], [2, 6, 1, 7], [0, 0, 0, 0]]",1,,1,0,1,"[1, 6, 0, 7]","[[[3, 6, 0, 7], [0.5, 26.26, 501.4], 409.5819359999995], [[3, 6, 1, 7], [0.4, 26.26, 1320.6], 1228.7819359999994], [[3, 5, 0, 5], [0.4, 67.22, 501.4], 450.54193599999945], [[3, 5, 1, 5], [0.4, 26.26, 706.2], 614.3819359999995], [[3, 5, 2, 5], [0.4, 26.26, 501.4], 409.5819359999995], [[0, 5, 1, 5], [0.4, 67.22, 706.2], 655.3419359999996], [[0, 5, 2, 5], [0.4, 67.22, 501.4], 450.54193599999945], [[1, 5, 0, 5], [0.4, 67.22, 706.2], 655.3419359999996], [[1, 5, 2, 5], [0.4, 26.26, 706.2], 614.3819359999995], [[2, 5, 0, 5], [0.4, 67.22, 501.4], 450.54193599999945], [[2, 5, 1, 5], [0.4, 26.26, 706.2], 614.3819359999995], [[1, 6, 0, 7], [0.5, 26.26, 91.8], 0.022064000000508344], [[1, 6, 1, 7], [0.4, 26.26, 911.0], 819.1819359999995], [[2, 6, 0, 7], [0.5, 26.26, 501.4], 409.5819359999995], [[2, 6, 1, 7], [0.4, 26.26, 1320.6], 1228.7819359999994]]","[[1, 6, 0, 7]]","[{""pair"": [1, 6, 0, 7], ""acc"": 0.5, ""vel"": 26.26, ""pos"": 91.8, ""error"": 0.022064000000508344}]","[[{""pair"": [3, 6, 0, 7], ""acc"": 0.5, ""vel"": 26.26, ""pos"": 501.4, ""error"": 409.5819359999995}], [{""pair"": [3, 6, 1, 7], ""acc"": 0.4, ""vel"": 26.26, ""pos"": 1320.6, ""error"": 1228.7819359999994}], [{""pair"": [3, 5, 0, 5], ""acc"": 0.4, ""vel"": 67.22, ""pos"": 501.4, ""error"": 450.54193599999945}], [{""pair"": [3, 5, 1, 5], ""acc"": 0.4, ""vel"": 26.26, ""pos"": 706.2, ""error"": 614.3819359999995}], [{""pair"": [3, 5, 2, 5], ""acc"": 0.4, ""vel"": 26.26, ""pos"": 501.4, ""error"": 409.5819359999995}], [{""pair"": [0, 5, 1, 5], ""acc"": 0.4, ""vel"": 67.22, ""pos"": 706.2, ""error"": 655.3419359999996}], [{""pair"": [0, 5, 2, 5], ""acc"": 0.4, ""vel"": 67.22, ""pos"": 501.4, ""error"": 450.54193599999945}], [{""pair"": [1, 5, 0, 5], ""acc"": 0.4, ""vel"": 67.22, ""pos"": 706.2, ""error"": 655.3419359999996}], [{""pair"": [1, 5, 2, 5], ""acc"": 0.4, ""vel"": 26.26, ""pos"": 706.2, ""error"": 614.3819359999995}], [{""pair"": [2, 5, 0, 5], ""acc"": 0.4, ""vel"": 67.22, ""pos"": 501.4, ""error"": 450.54193599999945}], [{""pair"": [2, 5, 1, 5], ""acc"": 0.4, ""vel"": 26.26, ""pos"": 706.2, ""error"": 614.3819359999995}], [{""pair"": [1, 6, 0, 7], ""acc"": 0.5, ""vel"": 26.26, ""pos"": 91.8, ""error"": 0.022064000000508344}], [{""pair"": [1, 6, 1, 7], ""acc"": 0.4, ""vel"": 26.26, ""pos"": 911.0, ""error"": 819.1819359999995}], [{""pair"": [2, 6, 0, 7], ""acc"": 0.5, ""vel"": 26.26, ""pos"": 501.4, ""error"": 409.5819359999995}], [{""pair"": [2, 6, 1, 7], ""acc"": 0.4, ""vel"": 26.26, ""pos"": 1320.6, ""error"": 1228.7819359999994}]]",3
273.333,0.016999999999995907,0.453381,26.267336,92.2431308799927,0.5,26.27,92.2,0.5,26.27,297.0,0.5,26.27,92.2,0.6760176203632282,25.925521069949905,75.90189863610797,8.0,25.012174111110543,78.20346565728688,0.7004900026730639,25.948546827586163,75.92632046273617,2.468786028771025,16.341232243884733,0.6303145151757719,-0.5302854786071642,14.039665222705821,0.5613132693038997,2.5457410867231127,16.316810417256534,0.628814034391705,"[[3, 7, 0, 6], [3, 7, 1, 6], [3, 5, 1, 5], [0, 6, 0, 7], [0, 6, 2, 7], [1, 6, 0, 7], [1, 6, 2, 7], [0, 0, 0, 0], [0, 0, 0, 0], [0, 0, 0, 0], [0, 0, 0, 0], [0, 0, 0, 0], [0, 0, 0, 0], [0, 0, 0, 0], [0, 0, 0, 0], [0, 0, 0, 0]]",1,,1,0,1,"[3, 5, 1, 5]","[[[3, 7, 0, 6], [0.5, 108.19, 297.0], 286.6750077500001], [[3, 7, 1, 6], [0.5, 26.27, 706.6], 614.3550077500001], [[3, 5, 1, 5], [0.5, 26.27, 92.2], 0.04799224999988638], [[0, 6, 0, 7], [0.4, 108.19, 297.0], 286.6750077500001], [[0, 6, 2, 7], [0.5, 108.19, 297.0], 286.6750077500001], [[1, 6, 0, 7], [0.4, 26.27, 706.6], 614.3550077500001], [[1, 6, 2, 7], [0.5, 26.27, 706.6], 614.3550077500001]]","[[3, 5, 1, 5]]","[{""pair"": [3, 5, 1, 5], ""acc"": 0.5, ""vel"": 26.27, ""pos"": 92.2, ""error"": 0.04799224999988638}]","[[{""pair"": [3, 7, 0, 6], ""acc"": 0.5, ""vel"": 108.19, ""pos"": 297.0, ""error"": 286.6750077500001}], [{""pair"": [3, 7, 1, 6], ""acc"": 0.5, ""vel"": 26.27, ""pos"": 706.6, ""error"": 614.3550077500001}], [{""pair"": [3, 5, 1, 5], ""acc"": 0.5, ""vel"": 26.27, ""pos"": 92.2, ""error"": 0.04799224999988638}], [{""pair"": [0, 6, 0, 7], ""acc"": 0.4, ""vel"": 108.19, ""pos"": 297.0, ""error"": 286.6750077500001}], [{""pair"": [0, 6, 2, 7], ""acc"": 0.5, ""vel"": 108.19, ""pos"": 297.0, ""error"": 286.6750077500001}], [{""pair"": [1, 6, 0, 7], ""acc"": 0.4, ""vel"": 26.27, ""pos"": 706.6, ""error"": 614.3550077500001}], [{""pair"": [1, 6, 2, 7], ""acc"": 0.5, ""vel"": 26.27, ""pos"": 706.6, ""error"": 614.3550077500001}]]",3
273.35,0.016999999999995907,0.449212,26.274982,92.6897411055471,0.4,26.27,92.7,2.0,26.27,92.7,0.4,26.27,92.7,0.6884549059159942,25.93701336949608,76.34273017884317,7.457887177080287,25.14817411111051,78.62982861717566,0.7043620221543349,25.960455157631603,76.36754697961042,2.5071864950382556,16.34701092670393,0.6302580290886256,-0.09032251871839003,14.059912488371438,0.5590828354476735,2.5855662652257454,16.322194125936676,0.628732972007944,"[[3, 11, 2, 8], [2, 8, 0, 11], [2, 8, 2, 11], [0, 0, 0, 0], [0, 0, 0, 0], [0, 0, 0, 0], [0, 0, 0, 0], [0, 0, 0, 0], [0, 0, 0, 0], [0, 0, 0, 0], [0, 0, 0, 0], [0, 0, 0, 0], [0, 0, 0, 0], [0, 0, 0, 0], [0, 0, 0, 0], [0, 0, 0, 0]]",1,,1,0,1,"[2, 8, 0, 11]","[[[3, 11, 2, 8], [2.0, 26.27, 92.7], 0.061837750000108826], [[2, 8, 0, 11], [0.4, 26.27, 92.7], 0.061837750000108826], [[2, 8, 2, 11], [2.0, 26.27, 92.5], 0.15516224999988992]]","[[2, 8, 0, 11]]","[{""pair"": [2, 8, 0, 11], ""acc"": 0.4, ""vel"": 26.27, ""pos"": 92.7, ""error"": 0.061837750000108826}]","[[{""pair"": [3, 11, 2, 8], ""acc"": 2.0, ""vel"": 26.27, ""pos"": 92.7, ""error"": 0.061837750000108826}], [{""pair"": [2, 8, 0, 11], ""acc"": 0.4, ""vel"": 26.27, ""pos"": 92.7, ""error"": 0.061837750000108826}], [{""pair"": [2, 8, 2, 11], ""acc"": 2.0, ""vel"": 26.27, ""pos"": 92.5, ""error"": 0.15516224999988992}]]",3
273.367,0.03299999999995862,0.444887,26.282084,93.136480710681,0.4,26.28,93.10000000000001,0.4,26.28,93.1,0.4,26.28,93.1,0.695455667886442,25.948717102896648,76.7837588878584,6.32051932788005,25.274958193120845,79.05842524176153,0.6952356636433369,25.972429312008224,76.80897649760226,2.5134666656747253,16.352721822822602,0.6301938457295506,0.28906529831249195,14.078055468919473,0.5569961920946376,2.592785704154819,16.32750421307874,0.6286475561040338,"[[3, 15, 1, 3], [3, 15, 2, 3], [1, 3, 1, 15], [1, 3, 2, 15], [2, 3, 1, 15], [2, 3, 2, 15], [0, 0, 0, 0], [0, 0, 0, 0], [0, 0, 0, 0], [0, 0, 0, 0], [0, 0, 0, 0], [0, 0, 0, 0], [0, 0, 0, 0], [0, 0, 0, 0], [0, 0, 0, 0], [0, 0, 0, 0]]",1,,1,0,1,"[3, 15, 2, 3]","[[[3, 15, 1, 3], [0.4, 26.28, 41.9], 51.6703277999989], [[3, 15, 2, 3], [0.4, 26.28, 93.1], 0.47032779999890195], [[1, 3, 1, 15], [0.4, 25.64, 41.9], 52.3103277999989], [[1, 3, 2, 15], [0.4, 26.28, 38.7], 54.87032779999889], [[2, 3, 1, 15], [0.4, 25.64, 93.1], 1.1103277999989025], [[2, 3, 2, 15], [0.4, 26.28, 89.9], 3.6703277999988906]]","[[3, 15, 2, 3]]","[{""pair"": [3, 15, 2, 3], ""acc"": 0.4, ""vel"": 26.28, ""pos"": 93.1, ""error"": 0.47032779999890195}]","[[{""pair"": [3, 15, 1, 3], ""acc"": 0.4, ""vel"": 26.28, ""pos"": 41.9, ""error"": 51.6703277999989}], [{""pair"": [3, 15, 2, 3], ""acc"": 0.4, ""vel"": 26.28, ""pos"": 93.1, ""error"": 0.47032779999890195}], [{""pair"": [1, 3, 1, 15], ""acc"": 0.4, ""vel"": 25.64, ""pos"": 41.9, ""error"": 52.3103277999989}], [{""pair"": [1, 3, 2, 15], ""acc"": 0.4, ""vel"": 26.28, ""pos"": 38.7, ""error"": 54.87032779999889}], [{""pair"": [2, 3, 1, 15], ""acc"": 0.4, ""vel"": 25.64, ""pos"": 93.1, ""error"": 1.1103277999989025}], [{""pair"": [2, 3, 2, 15], ""acc"": 0.4, ""vel"": 26.28, ""pos"": 89.9, ""error"": 3.6703277999988906}]]",3
273.4,0.016999999999995907,0.43695,26.295958,94.00403172365141,0.4,26.3,94.0,0.4,26.3,94.0,0.4,26.3,93.6,0.7039623094410113,25.971667139936873,77.64044522786408,5.765949180141188,25.483535330940626,79.89594038490749,0.6266251299062835,25.995372088908425,77.66644522071631,2.524510090723482,16.36358649578733,0.6300552986305947,0.9058893433002568,14.108091338743918,0.5536159389005455,2.6038728364407846,16.337586502935096,0.6284805790452961,"[[3, 3, 3, 12], [3, 3, 2, 12], [3, 12, 1, 3], [1, 3, 2, 12], [0, 0, 0, 0], [0, 0, 0, 0], [0, 0, 0, 0], [0, 0, 0, 0], [0, 0, 0, 0], [0, 0, 0, 0], [0, 0, 0, 0], [0, 0, 0, 0], [0, 0, 0, 0], [0, 0, 0, 0], [0, 0, 0, 0], [0, 0, 0, 0]]",1,,1,0,1,"[3, 3, 2, 12]","[[[3, 3, 3, 12], [0.4, 26.3, 94.0], 0.46638220000011543], [[3, 3, 2, 12], [0.4, 26.3, 93.6], 0.06638220000010975], [[3, 12, 1, 3], [0.4, 26.3, 42.8], 50.760017799999886], [[1, 3, 2, 12], [0.4, 26.3, 42.4], 51.16001779999989]]","[[3, 3, 2, 12]]","[{""pair"": [3, 3, 2, 12], ""acc"": 0.4, ""vel"": 26.3, ""pos"": 93.6, ""error"": 0.06638220000010975}]","[[{""pair"": [3, 3, 3, 12], ""acc"": 0.4, ""vel"": 26.3, ""pos"": 94.0, ""error"": 0.46638220000011543}], [{""pair"": [3, 3, 2, 12], ""acc"": 0.4, ""vel"": 26.3, ""pos"": 93.6, ""error"": 0.06638220000010975}], [{""pair"": [3, 12, 1, 3], ""acc"": 0.4, ""vel"": 26.3, ""pos"": 42.8, ""error"": 50.760017799999886}], [{""pair"": [1, 3, 2, 12], ""acc"": 0.4, ""vel"": 26.3, ""pos"": 42.4, ""error"": 51.16001779999989}]]",3
273.417,0.03300000000001546,0.433057,26.302713,94.4511261489263,0.4,26.3,94.5,0.4,26.3,94.5,0.4,26.3,94.5,0.7362311391350501,25.98363449919737,78.08206529179661,4.731227831897398,25.581556467003,80.3299936651899,0.6504169746135453,26.00602471611683,78.10845709355891,2.5645673116622154,16.369060857129696,0.6299757971747691,1.2285326013542393,14.121132483736403,0.5520044295174491,2.639560067566645,16.342669055367395,0.6284185773783134,"[[3, 3, 0, 6], [3, 3, 1, 6], [3, 3, 2, 6], [0, 3, 0, 6], [0, 3, 1, 6], [0, 3, 2, 6], [2, 3, 0, 6], [2, 3, 1, 6], [2, 3, 2, 6], [0, 0, 0, 0], [0, 0, 0, 0], [0, 0, 0, 0], [0, 0, 0, 0], [0, 0, 0, 0], [0, 0, 0, 0], [0, 0, 0, 0]]",1,,1,0,1,"[3, 3, 2, 6]","[[[3, 3, 0, 6], [0.4, 108.22, 94.5], 81.93868219999959], [[3, 3, 1, 6], [0.4, 26.3, 504.1], 409.6450821999996], [[3, 3, 2, 6], [0.4, 26.3, 94.5], 0.045082199999605166], [[0, 3, 0, 6], [0.4, 118.46, 94.5], 92.17868219999959], [[0, 3, 1, 6], [0.4, 36.54, 504.1], 419.8586821999996], [[0, 3, 2, 6], [0.4, 36.54, 94.5], 10.258682199999594], [[2, 3, 0, 6], [0.4, 108.22, 94.5], 81.93868219999959], [[2, 3, 1, 6], [0.4, 26.3, 504.1], 409.6450821999996], [[2, 3, 2, 6], [0.4, 26.3, 94.5], 0.045082199999605166]]","[[3, 3, 2, 6]]","[{""pair"": [3, 3, 2, 6], ""acc"": 0.4, ""vel"": 26.3, ""pos"": 94.5, ""error"": 0.045082199999605166}]","[[{""pair"": [3, 3, 0, 6], ""acc"": 0.4, ""vel"": 108.22, ""pos"": 94.5, ""error"": 81.93868219999959}], [{""pair"": [3, 3, 1, 6], ""acc"": 0.4, ""vel"": 26.3, ""pos"": 504.1, ""error"": 409.6450821999996}], [{""pair"": [3, 3, 2, 6], ""acc"": 0.4, ""vel"": 26.3, ""pos"": 94.5, ""error"": 0.045082199999605166}], [{""pair"": [0, 3, 0, 6], ""acc"": 0.4, ""vel"": 118.46, ""pos"": 94.5, ""error"": 92.17868219999959}], [{""pair"": [0, 3, 1, 6], ""acc"": 0.4, ""vel"": 36.54, ""pos"": 504.1, ""error"": 419.8586821999996}], [{""pair"": [0, 3, 2, 6], ""acc"": 0.4, ""vel"": 36.54, ""pos"": 94.5, ""error"": 10.258682199999594}], [{""pair"": [2, 3, 0, 6], ""acc"": 0.4, ""vel"": 108.22, ""pos"": 94.5, ""error"": 81.93868219999959}], [{""pair"": [2, 3, 1, 6], ""acc"": 0.4, ""vel"": 26.3, ""pos"": 504.1, ""error"": 409.6450821999996}], [{""pair"": [2, 3, 2, 6], ""acc"": 0.4, ""vel"": 26.3, ""pos"": 94.5, ""error"": 0.045082199999605166}]]",3
273.45,0.016999999999995907,0.425051,26.315474,95.31935147746321,0.4,26.32,95.30000000000001,0.4,27.6,95.3,0.4,26.32,95.2,0.7389521722963108,26.007930126788835,78.93992610812577,4.267293872340084,25.73768698545569,81.17676118215587,0.6320605549523458,26.027488476279085,78.96701006123385,2.5801698551745305,16.37942536933744,0.6297858110771457,-2.6344480913734944,14.142590295307343,0.5494895599320674,2.645733621555445,16.352341416229365,0.6282719683511742,"[[3, 10, 0, 0], [0, 0, 2, 10], [0, 0, 0, 0], [0, 0, 0, 0], [0, 0, 0, 0], [0, 0, 0, 0], [0, 0, 0, 0], [0, 0, 0, 0], [0, 0, 0, 0], [0, 0, 0, 0], [0, 0, 0, 0], [0, 0, 0, 0], [0, 0, 0, 0], [0, 0, 0, 0], [0, 0, 0, 0], [0, 0, 0, 0]]",1,,1,0,1,"[0, 0, 2, 10]","[[[3, 10, 0, 0], [0.4, 26.32, 95.3], 0.36604220000011267], [[0, 0, 2, 10], [0.4, 26.32, 95.2], 0.26604220000011836]]","[[0, 0, 2, 10]]","[{""pair"": [0, 0, 2, 10], ""acc"": 0.4, ""vel"": 26.32, ""pos"": 95.2, ""error"": 0.26604220000011836}]","[[{""pair"": [3, 10, 0, 0], ""acc"": 0.4, ""vel"": 26.32, ""pos"": 95.3, ""error"": 0.36604220000011267}], [{""pair"": [0, 0, 2, 10], ""acc"": 0.4, ""vel"": 26.32, ""pos"": 95.2, ""error"": 0.26604220000011836}]]",3
273.467,0.016000000000019554,0.421627,26.322294,95.7667759553326,0.4,26.32,95.80000000000001,2.8,26.32,95.8,2.0,26.32,95.6,0.7492054312463484,26.02049231371787,79.38216769886998,3.862587940975616,25.810230981285454,81.61491848487306,0.649422634928437,26.038233505713272,79.40956869808068,2.6222754968874615,16.384608256462627,0.6296809475747216,1.920124554835267,14.151857470459547,0.5483041775457496,2.681773606699411,16.35720725725193,0.6281995763523226,"[[3, 10, 0, 11], [3, 10, 2, 11], [3, 12, 1, 10], [3, 12, 2, 10], [0, 10, 0, 11], [0, 10, 2, 11], [1, 10, 1, 12], [1, 10, 2, 12], [2, 10, 1, 12], [2, 10, 2, 12], [0, 0, 0, 0], [0, 0, 0, 0], [0, 0, 0, 0], [0, 0, 0, 0], [0, 0, 0, 0], [0, 0, 0, 0]]",1,,1,0,1,"[0, 10, 2, 11]","[[[3, 10, 0, 11], [1.2, 26.32, 95.8], 0.18522879999948572], [[3, 10, 2, 11], [2.8, 26.32, 95.6], 0.027571200000529927], [[3, 12, 1, 10], [2.8, 26.34, 95.8], 0.1924287999994725], [[3, 12, 2, 10], [2.8, 26.32, 95.9], 0.28522879999949424], [[0, 10, 0, 11], [0.4, 26.32, 95.8], 0.18522879999948572], [[0, 10, 2, 11], [2.0, 26.32, 95.6], 0.027571200000529927], [[1, 10, 1, 12], [2.8, 26.26, 95.8], 0.24522879999948444], [[1, 10, 2, 12], [2.8, 26.34, 95.4], 0.23477120000050533], [[2, 10, 1, 12], [2.8, 26.24, 95.9], 0.3652287999994961], [[2, 10, 2, 12], [2.8, 26.32, 95.5], 0.12757120000052424]]","[[0, 10, 2, 11]]","[{""pair"": [0, 10, 2, 11], ""acc"": 2.0, ""vel"": 26.32, ""pos"": 95.6, ""error"": 0.027571200000529927}]","[[{""pair"": [3, 10, 0, 11], ""acc"": 1.2, ""vel"": 26.32, ""pos"": 95.8, ""error"": 0.18522879999948572}], [{""pair"": [3, 10, 2, 11], ""acc"": 2.8, ""vel"": 26.32, ""pos"": 95.6, ""error"": 0.027571200000529927}], [{""pair"": [3, 12, 1, 10], ""acc"": 2.8, ""vel"": 26.34, ""pos"": 95.8, ""error"": 0.1924287999994725}], [{""pair"": [3, 12, 2, 10], ""acc"": 2.8, ""vel"": 26.32, ""pos"": 95.9, ""error"": 0.28522879999949424}], [{""pair"": [0, 10, 0, 11], ""acc"": 0.4, ""vel"": 26.32, ""pos"": 95.8, ""error"": 0.18522879999948572}], [{""pair"": [0, 10, 2, 11], ""acc"": 2.0, ""vel"": 26.32, ""pos"": 95.6, ""error"": 0.027571200000529927}], [{""pair"": [1, 10, 1, 12], ""acc"": 2.8, ""vel"": 26.26, ""pos"": 95.8, ""error"": 0.24522879999948444}], [{""pair"": [1, 10, 2, 12], ""acc"": 2.8, ""vel"": 26.34, ""pos"": 95.4, ""error"": 0.23477120000050533}], [{""pair"": [2, 10, 1, 12], ""acc"": 2.8, ""vel"": 26.24, ""pos"": 95.9, ""error"": 0.3652287999994961}], [{""pair"": [2, 10, 2, 12], ""acc"": 2.8, ""vel"": 26.32, ""pos"": 95.5, ""error"": 0.12757120000052424}]]",3
273.483,0.016999999999995907,0.417692,26.328552,96.18798662758913,0.4,26.330000000000002,96.2,0.5,26.33,96.2,0.5,26.33,96.2,0.7555890300877512,26.032479600617826,79.79859147418517,3.3748657108453024,25.87203238834114,82.02837659183056,0.6558346590954962,26.04862426787214,79.82626356026987,2.629566344848225,16.389395153403953,0.629574877416402,2.0930257327949278,14.159610035758561,0.5472940750545514,2.6837328173358017,16.36172306731926,0.6281223491522157,"[[2, 5, 0, 7], [2, 5, 2, 7], [0, 0, 0, 0], [0, 0, 0, 0], [0, 0, 0, 0], [0, 0, 0, 0], [0, 0, 0, 0], [0, 0, 0, 0], [0, 0, 0, 0], [0, 0, 0, 0], [0, 0, 0, 0], [0, 0, 0, 0], [0, 0, 0, 0], [0, 0, 0, 0], [0, 0, 0, 0], [0, 0, 0, 0]]",1,,1,0,1,"[2, 5, 2, 7]","[[[2, 5, 0, 7], [0.4, 26.33, 96.2], 0.17627100000012064], [[2, 5, 2, 7], [0.5, 26.33, 96.2], 0.17627100000012064]]","[[2, 5, 2, 7]]","[{""pair"": [2, 5, 2, 7], ""acc"": 0.5, ""vel"": 26.33, ""pos"": 96.2, ""error"": 0.17627100000012064}]","[[{""pair"": [2, 5, 0, 7], ""acc"": 0.4, ""vel"": 26.33, ""pos"": 96.2, ""error"": 0.17627100000012064}], [{""pair"": [2, 5, 2, 7], ""acc"": 0.5, ""vel"": 26.33, ""pos"": 96.2, ""error"": 0.17627100000012064}]]",3
273.5,0.016999999999995907,0.414689,26.334702,96.63563236808302,0.4,26.330000000000002,96.60000000000001,0.4,26.33,96.7,0.4,26.33,96.6,0.7525383674642131,26.045324614129314,80.24125281001042,2.9075309436738173,25.929405105425495,82.46868881052748,0.6501942045184446,26.05977345707676,80.26918494093182,2.6726596023735656,16.3943795580726,0.6294557584119655,2.2845123306216615,14.166943557555541,0.5463659308786547,2.7211581353428302,16.3664474271512,0.628034908058909,"[[3, 0, 3, 10], [3, 0, 2, 10], [3, 10, 0, 0], [0, 0, 2, 10], [0, 0, 0, 0], [0, 0, 0, 0], [0, 0, 0, 0], [0, 0, 0, 0], [0, 0, 0, 0], [0, 0, 0, 0], [0, 0, 0, 0], [0, 0, 0, 0], [0, 0, 0, 0], [0, 0, 0, 0], [0, 0, 0, 0], [0, 0, 0, 0]]",1,,1,0,1,"[3, 0, 2, 10]","[[[3, 0, 3, 10], [0.4, 26.33, 96.7], 0.0608177500000977], [[3, 0, 2, 10], [0.4, 26.33, 96.6], 0.05618224999990673], [[3, 10, 0, 0], [0.4, 27.61, 96.7], 1.323817750000103], [[0, 0, 2, 10], [0.4, 27.61, 96.6], 1.319182249999912]]","[[3, 0, 2, 10]]","[{""pair"": [3, 0, 2, 10], ""acc"": 0.4, ""vel"": 26.33, ""pos"": 96.6, ""error"": 0.05618224999990673}]","[[{""pair"": [3, 0, 3, 10], ""acc"": 0.4, ""vel"": 26.33, ""pos"": 96.7, ""error"": 0.0608177500000977}], [{""pair"": [3, 0, 2, 10], ""acc"": 0.4, ""vel"": 26.33, ""pos"": 96.6, ""error"": 0.05618224999990673}], [{""pair"": [3, 10, 0, 0], ""acc"": 0.4, ""vel"": 27.61, ""pos"": 96.7, ""error"": 1.323817750000103}], [{""pair"": [0, 0, 2, 10], ""acc"": 0.4, ""vel"": 27.61, ""pos"": 96.6, ""error"": 1.319182249999912}]]",3
273.517,0.016000000000019554,0.410995,26.340696,97.08338222464342,0.4,26.34,97.10000000000001,-25.2,26.34,97.1,0.4,26.34,97.1,0.7578523646433077,26.058117766376203,80.6841320702446,2.2518947300790852,25.978833131467937,82.90990883554096,0.6533617358720427,26.07082675855357,80.71229504276457,2.6826806220333146,16.399250154398814,0.6293336418779795,2.4168939926878026,14.173473389102455,0.5455777523715739,2.7253581680124035,16.37108718187885,0.6279466061239375,"[[3, 1, 3, 15], [3, 0, 0, 15], [3, 0, 1, 15], [1, 0, 0, 15], [1, 0, 1, 15], [3, 1, 2, 15], [3, 15, 1, 1], [3, 15, 2, 1], [1, 1, 2, 15], [2, 1, 2, 15], [0, 0, 0, 0], [0, 0, 0, 0], [0, 0, 0, 0], [0, 0, 0, 0], [0, 0, 0, 0], [0, 0, 0, 0]]",1,,1,0,1,"[3, 0, 0, 15]","[[[3, 1, 3, 15], [-25.2, 26.34, 97.1], 0.08226879999947201], [[3, 0, 0, 15], [0.4, 26.34, 97.1], 0.08226879999947201], [[3, 0, 1, 15], [-25.2, 25.7, 97.1], 0.7150687999994823], [[1, 0, 0, 15], [0.4, 26.34, 90.7], 6.32493120000051], [[1, 0, 1, 15], [-25.2, 25.7, 90.7], 6.95773120000052], [[3, 1, 2, 15], [-25.2, 26.34, 100.3], 3.282268799999475], [[3, 15, 1, 1], [-25.2, 26.34, 84.3], 12.724931200000515], [[3, 15, 2, 1], [-25.2, 26.34, 97.1], 0.08226879999947201], [[1, 1, 2, 15], [-25.2, 26.34, 87.5], 9.524931200000513], [[2, 1, 2, 15], [-25.2, 26.34, 100.3], 3.282268799999475]]","[[3, 0, 0, 15]]","[{""pair"": [3, 0, 0, 15], ""acc"": 0.4, ""vel"": 26.34, ""pos"": 97.1, ""error"": 0.08226879999947201}]","[[{""pair"": [3, 1, 3, 15], ""acc"": -25.2, ""vel"": 26.34, ""pos"": 97.1, ""error"": 0.08226879999947201}], [{""pair"": [3, 0, 0, 15], ""acc"": 0.4, ""vel"": 26.34, ""pos"": 97.1, ""error"": 0.08226879999947201}], [{""pair"": [3, 0, 1, 15], ""acc"": -25.2, ""vel"": 25.7, ""pos"": 97.1, ""error"": 0.7150687999994823}], [{""pair"": [1, 0, 0, 15], ""acc"": 0.4, ""vel"": 26.34, ""pos"": 90.7, ""error"": 6.32493120000051}], [{""pair"": [1, 0, 1, 15], ""acc"": -25.2, ""vel"": 25.7, ""pos"": 90.7, ""error"": 6.95773120000052}], [{""pair"": [3, 1, 2, 15], ""acc"": -25.2, ""vel"": 26.34, ""pos"": 100.3, ""error"": 3.282268799999475}], [{""pair"": [3, 15, 1, 1], ""acc"": -25.2, ""vel"": 26.34, ""pos"": 84.3, ""error"": 12.724931200000515}], [{""pair"": [3, 15, 2, 1], ""acc"": -25.2, ""vel"": 26.34, ""pos"": 97.1, ""error"": 0.08226879999947201}], [{""pair"": [1, 1, 2, 15], ""acc"": -25.2, ""vel"": 26.34, ""pos"": 87.5, ""error"": 9.524931200000513}], [{""pair"": [2, 1, 2, 15], ""acc"": -25.2, ""vel"": 26.34, ""pos"": 100.3, ""error"": 3.282268799999475}]]",3
273.533,0.016999999999995907,0.408812,26.34622,97.50488596800393,0.4,26.35,97.5,0.4,27.63,97.5,0.4,26.35,97.5,0.7590743208579129,26.070243404210512,81.1011589596098,1.865324699580638,26.014863447149246,83.32585840817042,0.6525911437386979,26.081280546327534,81.12951190120413,2.690467537594901,16.403727008394128,0.6292126526806735,-1.8137498944212034,14.179027559833514,0.545035632750449,2.7275464881479397,16.375374066799807,0.6278592815913557,"[[3, 0, 3, 8], [3, 8, 0, 0], [3, 8, 1, 0], [3, 8, 2, 0], [0, 0, 0, 0], [0, 0, 0, 0], [0, 0, 0, 0], [0, 0, 0, 0], [0, 0, 0, 0], [0, 0, 0, 0], [0, 0, 0, 0], [0, 0, 0, 0], [0, 0, 0, 0], [0, 0, 0, 0], [0, 0, 0, 0], [0, 0, 0, 0]]",1,,1,0,1,"[3, 8, 0, 0]","[[[3, 0, 3, 8], [0.4, 27.63, 97.5], 1.3310377999998835], [[3, 8, 0, 0], [0.4, 26.35, 97.5], 0.05103779999988589], [[3, 8, 1, 0], [0.4, 27.63, 91.1], 7.731037799999889], [[3, 8, 2, 0], [0.4, 27.63, 97.5], 1.3310377999998835]]","[[3, 8, 0, 0]]","[{""pair"": [3, 8, 0, 0], ""acc"": 0.4, ""vel"": 26.35, ""pos"": 97.5, ""error"": 0.05103779999988589}]","[[{""pair"": [3, 0, 3, 8], ""acc"": 0.4, ""vel"": 27.63, ""pos"": 97.5, ""error"": 1.3310377999998835}], [{""pair"": [3, 8, 0, 0], ""acc"": 0.4, ""vel"": 26.35, ""pos"": 97.5, ""error"": 0.05103779999988589}], [{""pair"": [3, 8, 1, 0], ""acc"": 0.4, ""vel"": 27.63, ""pos"": 91.1, ""error"": 7.731037799999889}], [{""pair"": [3, 8, 2, 0], ""acc"": 0.4, ""vel"": 27.63, ""pos"": 97.5, ""error"": 1.3310377999998835}]]",3
273.55,0.016999999999995907,0.405647,26.35232,97.95283078133782,0.4,26.35,98.0,0.4,26.35,98.1,0.4,26.35,98.0,0.7683018343420606,26.08314766766509,81.54446278372065,1.4642760903669438,26.046573967042107,83.76838062619095,0.6601297298313288,26.09237459577109,81.57298796991185,2.7338205325929343,16.408367997617177,0.6290792893051937,2.6110021104914325,14.184450155146877,0.5445802650703734,2.764831962454636,16.379842811425974,0.6277635924359575,"[[0, 4, 1, 10], [0, 4, 2, 10], [2, 4, 1, 10], [2, 4, 2, 10], [0, 0, 0, 0], [0, 0, 0, 0], [0, 0, 0, 0], [0, 0, 0, 0], [0, 0, 0, 0], [0, 0, 0, 0], [0, 0, 0, 0], [0, 0, 0, 0], [0, 0, 0, 0], [0, 0, 0, 0], [0, 0, 0, 0], [0, 0, 0, 0]]",1,,1,0,1,"[2, 4, 2, 10]","[[[0, 4, 1, 10], [0.4, 5.85, 98.1], 20.658792200000107], [[0, 4, 2, 10], [0.4, 5.87, 98.0], 20.538792200000113], [[2, 4, 1, 10], [0.4, 26.33, 98.1], 0.1787922000001103], [[2, 4, 2, 10], [0.4, 26.35, 98.0], 0.05879220000011287]]","[[2, 4, 2, 10]]","[{""pair"": [2, 4, 2, 10], ""acc"": 0.4, ""vel"": 26.35, ""pos"": 98.0, ""error"": 0.05879220000011287}]","[[{""pair"": [0, 4, 1, 10], ""acc"": 0.4, ""vel"": 5.85, ""pos"": 98.1, ""error"": 20.658792200000107}], [{""pair"": [0, 4, 2, 10], ""acc"": 0.4, ""vel"": 5.87, ""pos"": 98.0, ""error"": 20.538792200000113}], [{""pair"": [2, 4, 1, 10], ""acc"": 0.4, ""vel"": 26.33, ""pos"": 98.1, ""error"": 0.1787922000001103}], [{""pair"": [2, 4, 2, 10], ""acc"": 0.4, ""vel"": 26.35, ""pos"": 98.0, ""error"": 0.05879220000011287}]]",3
273.567,0.016000000000019554,0.403343,26.357925,98.40087883732922,0.4,26.36,98.4,0.0,26.36,47.2,0.4,26.36,98.4,0.7682206611557448,26.096208798848902,81.9879873136859,-8.0,26.071466660578338,84.2113839715256,0.6587413702262145,26.10359680117822,82.01665372678582,2.7447779844548177,16.41289152364331,0.6289377759871112,2.661632530660822,14.18949486580361,0.5442538024628664,2.769620052522937,16.384225110543397,0.6276615914402981,"[[3, 3, 0, 9], [3, 3, 1, 9], [3, 3, 2, 9], [0, 3, 0, 9], [0, 3, 1, 9], [0, 3, 2, 9], [1, 3, 0, 9], [1, 3, 1, 9], [1, 3, 2, 9], [0, 0, 0, 0], [0, 0, 0, 0], [0, 0, 0, 0], [0, 0, 0, 0], [0, 0, 0, 0], [0, 0, 0, 0], [0, 0, 0, 0]]",1,,1,0,1,"[1, 3, 0, 9]","[[[3, 3, 0, 9], [0.4, 26.36, 47.2], 51.2252512000005], [[3, 3, 1, 9], [0.0, 26.37, 47.2], 51.235251200000505], [[3, 3, 2, 9], [0.0, 26.36, 47.2], 51.2252512000005], [[0, 3, 0, 9], [0.4, 36.6, 47.2], 61.4652512000005], [[0, 3, 1, 9], [0.0, 36.61, 47.2], 61.4752512000005], [[0, 3, 2, 9], [0.0, 36.6, 47.2], 61.4652512000005], [[1, 3, 0, 9], [0.4, 26.36, 98.4], 0.025251200000496965], [[1, 3, 1, 9], [0.0, 26.37, 98.4], 0.03525120000049853], [[1, 3, 2, 9], [0.0, 26.36, 98.4], 0.025251200000496965]]","[[1, 3, 0, 9]]","[{""pair"": [1, 3, 0, 9], ""acc"": 0.4, ""vel"": 26.36, ""pos"": 98.4, ""error"": 0.025251200000496965}]","[[{""pair"": [3, 3, 0, 9], ""acc"": 0.4, ""vel"": 26.36, ""pos"": 47.2, ""error"": 51.2252512000005}], [{""pair"": [3, 3, 1, 9], ""acc"": 0.0, ""vel"": 26.37, ""pos"": 47.2, ""error"": 51.235251200000505}], [{""pair"": [3, 3, 2, 9], ""acc"": 0.0, ""vel"": 26.36, ""pos"": 47.2, ""error"": 51.2252512000005}], [{""pair"": [0, 3, 0, 9], ""acc"": 0.4, ""vel"": 36.6, ""pos"": 47.2, ""error"": 61.4652512000005}], [{""pair"": [0, 3, 1, 9], ""acc"": 0.0, ""vel"": 36.61, ""pos"": 47.2, ""error"": 61.4752512000005}], [{""pair"": [0, 3, 2, 9], ""acc"": 0.0, ""vel"": 36.6, ""pos"": 47.2, ""error"": 61.4652512000005}], [{""pair"": [1, 3, 0, 9], ""acc"": 0.4, ""vel"": 26.36, ""pos"": 98.4, ""error"": 0.025251200000496965}], [{""pair"": [1, 3, 1, 9], ""acc"": 0.0, ""vel"": 26.37, ""pos"": 98.4, ""error"": 0.03525120000049853}], [{""pair"": [1, 3, 2, 9], ""acc"": 0.0, ""vel"": 26.36, ""pos"": 98.4, ""error"": 0.025251200000496965}]]",3
273.583,0.016999999999995907,0.400953,26.363401,98.82265726523373,0.4,26.36,98.80000000000001,0.4,26.28,98.9,0.4,26.36,98.8,0.7633900825825066,26.10850032942741,82.40562498671264,-7.98079787132891,25.94346666057818,84.62750343809537,0.6528001522451677,26.114136663101853,82.43439559450057,2.78611187367469,16.41703227852109,0.6288002785061204,2.4959130640910434,14.195153827138355,0.5471571711234832,2.8050720200077075,16.388261670733158,0.6275628362583039,"[[3, 11, 0, 10], [3, 11, 1, 10], [0, 11, 0, 10], [0, 11, 1, 10], [2, 11, 0, 10], [2, 11, 1, 10], [3, 10, 0, 12], [3, 10, 1, 12], [2, 10, 0, 12], [2, 10, 1, 12], [0, 0, 0, 0], [0, 0, 0, 0], [0, 0, 0, 0], [0, 0, 0, 0], [0, 0, 0, 0], [0, 0, 0, 0]]",1,,1,0,1,"[2, 10, 1, 12]","[[[3, 11, 0, 10], [1.2, 26.28, 98.9], 0.13862220000011405], [[3, 11, 1, 10], [0.4, 26.3, 98.9], 0.11862220000011447], [[0, 11, 0, 10], [2.8, 26.28, 98.9], 0.13862220000011405], [[0, 11, 1, 10], [2.0, 26.3, 98.9], 0.11862220000011447], [[2, 11, 0, 10], [1.2, 26.28, 99.1], 0.3386222000001027], [[2, 11, 1, 10], [0.4, 26.3, 99.1], 0.3186222000001031], [[3, 10, 0, 12], [3.6, 26.28, 98.9], 0.13862220000011405], [[3, 10, 1, 12], [0.4, 26.36, 98.9], 0.058622200000115754], [[2, 10, 0, 12], [3.6, 26.28, 98.8], 0.1349777999998878], [[2, 10, 1, 12], [0.4, 26.36, 98.8], 0.0549777999998895]]","[[2, 10, 1, 12]]","[{""pair"": [2, 10, 1, 12], ""acc"": 0.4, ""vel"": 26.36, ""pos"": 98.8, ""error"": 0.0549777999998895}]","[[{""pair"": [3, 11, 0, 10], ""acc"": 1.2, ""vel"": 26.28, ""pos"": 98.9, ""error"": 0.13862220000011405}], [{""pair"": [3, 11, 1, 10], ""acc"": 0.4, ""vel"": 26.3, ""pos"": 98.9, ""error"": 0.11862220000011447}], [{""pair"": [0, 11, 0, 10], ""acc"": 2.8, ""vel"": 26.28, ""pos"": 98.9, ""error"": 0.13862220000011405}], [{""pair"": [0, 11, 1, 10], ""acc"": 2.0, ""vel"": 26.3, ""pos"": 98.9, ""error"": 0.11862220000011447}], [{""pair"": [2, 11, 0, 10], ""acc"": 1.2, ""vel"": 26.28, ""pos"": 99.1, ""error"": 0.3386222000001027}], [{""pair"": [2, 11, 1, 10], ""acc"": 0.4, ""vel"": 26.3, ""pos"": 99.1, ""error"": 0.3186222000001031}], [{""pair"": [3, 10, 0, 12], ""acc"": 3.6, ""vel"": 26.28, ""pos"": 98.9, ""error"": 0.13862220000011405}], [{""pair"": [3, 10, 1, 12], ""acc"": 0.4, ""vel"": 26.36, ""pos"": 98.9, ""error"": 0.058622200000115754}], [{""pair"": [2, 10, 0, 12], ""acc"": 3.6, ""vel"": 26.28, ""pos"": 98.8, ""error"": 0.1349777999998878}], [{""pair"": [2, 10, 1, 12], ""acc"": 0.4, ""vel"": 26.36, ""pos"": 98.8, ""error"": 0.0549777999998895}]]",3
273.6,0.016999999999995907,0.399173,26.36874,99.27089301994212,0.4,26.37,99.30000000000001,0.4,108.29,99.3,0.4,26.37,99.3,0.7671200780483285,26.12147796083131,82.84957980217972,-6.952661361904697,25.80779309676562,85.06738914603268,0.6557112672286542,26.12523426569002,82.8784302473952,2.7968172247203666,16.421313217762403,0.6286517647426332,-111.04158415748199,14.20350387390944,0.5503571661727831,2.8094587663929893,16.39246277254692,0.6274570633831583,"[[3, 6, 2, 8], [0, 6, 2, 8], [2, 6, 2, 8], [0, 0, 0, 0], [0, 0, 0, 0], [0, 0, 0, 0], [0, 0, 0, 0], [0, 0, 0, 0], [0, 0, 0, 0], [0, 0, 0, 0], [0, 0, 0, 0], [0, 0, 0, 0], [0, 0, 0, 0], [0, 0, 0, 0], [0, 0, 0, 0], [0, 0, 0, 0]]",1,,1,0,1,"[0, 6, 2, 8]","[[[3, 6, 2, 8], [0.4, 108.29, 99.3], 81.97502220000013], [[0, 6, 2, 8], [0.4, 26.37, 99.3], 0.05502220000012059], [[2, 6, 2, 8], [0.4, 108.29, 99.3], 81.97502220000013]]","[[0, 6, 2, 8]]","[{""pair"": [0, 6, 2, 8], ""acc"": 0.4, ""vel"": 26.37, ""pos"": 99.3, ""error"": 0.05502220000012059}]","[[{""pair"": [3, 6, 2, 8], ""acc"": 0.4, ""vel"": 108.29, ""pos"": 99.3, ""error"": 81.97502220000013}], [{""pair"": [0, 6, 2, 8], ""acc"": 0.4, ""vel"": 26.37, ""pos"": 99.3, ""error"": 0.05502220000012059}], [{""pair"": [2, 6, 2, 8], ""acc"": 0.4, ""vel"": 108.29, ""pos"": 99.3, ""error"": 81.97502220000013}]]",3
273.617,0.01599999999996271,0.397365,26.373632,99.71921928044051,0.4,26.37,99.7,0.4,26.37,202.1,0.4,26.37,99.7,0.7615849541044623,26.13451900215813,83.29375577636502,8.0,25.68959785361327,85.5051169691108,0.6496753946008782,26.136381357232903,83.32265398018993,2.840713367351077,16.425463504075495,0.6284968742956056,1.355118402884548,14.214102311329711,0.553301861411991,2.8469837888927625,16.396565300250586,0.6273464209196293,"[[1, 1, 0, 4], [1, 1, 1, 4], [1, 1, 2, 4], [2, 1, 0, 4], [2, 1, 1, 4], [2, 1, 2, 4], [0, 0, 0, 0], [0, 0, 0, 0], [0, 0, 0, 0], [0, 0, 0, 0], [0, 0, 0, 0], [0, 0, 0, 0], [0, 0, 0, 0], [0, 0, 0, 0], [0, 0, 0, 0], [0, 0, 0, 0]]",1,,1,0,1,"[2, 1, 1, 4]","[[[1, 1, 0, 4], [0.4, 5.89, 189.3], 110.06442880000098], [[1, 1, 1, 4], [0.4, 26.37, 86.9], 12.828371199998998], [[1, 1, 2, 4], [0.4, 26.37, 189.3], 89.58442880000098], [[2, 1, 0, 4], [0.4, 5.89, 202.1], 122.86442880000097], [[2, 1, 1, 4], [0.4, 26.37, 99.7], 0.028371199999000396], [[2, 1, 2, 4], [0.4, 26.37, 202.1], 102.38442880000096]]","[[2, 1, 1, 4]]","[{""pair"": [2, 1, 1, 4], ""acc"": 0.4, ""vel"": 26.37, ""pos"": 99.7, ""error"": 0.028371199999000396}]","[[{""pair"": [1, 1, 0, 4], ""acc"": 0.4, ""vel"": 5.89, ""pos"": 189.3, ""error"": 110.06442880000098}], [{""pair"": [1, 1, 1, 4], ""acc"": 0.4, ""vel"": 26.37, ""pos"": 86.9, ""error"": 12.828371199998998}], [{""pair"": [1, 1, 2, 4], ""acc"": 0.4, ""vel"": 26.37, ""pos"": 189.3, ""error"": 89.58442880000098}], [{""pair"": [2, 1, 0, 4], ""acc"": 0.4, ""vel"": 5.89, ""pos"": 202.1, ""error"": 122.86442880000097}], [{""pair"": [2, 1, 1, 4], ""acc"": 0.4, ""vel"": 26.37, ""pos"": 99.7, ""error"": 0.028371199999000396}], [{""pair"": [2, 1, 2, 4], ""acc"": 0.4, ""vel"": 26.37, ""pos"": 202.1, ""error"": 102.38442880000096}]]",3
273.633,0.016999999999995907,0.395504,26.379025,100.14124825515952,0.4,26.38,100.10000000000001,0.4,26.38,100.1,0.4,26.38,100.1,0.7515205479276501,26.146704361423772,83.7120055632727,7.34516069868161,25.817597853612973,85.91717453476765,0.639343644254106,26.14677616354649,83.74091924035518,2.84877974637344,16.429242691886827,0.6283485086604698,1.7470072185413823,14.224073720391871,0.5509448942943126,2.849021600517341,16.400329014804342,0.6272409612650249,"[[3, 3, 3, 7], [3, 3, 0, 7], [3, 3, 1, 7], [3, 3, 2, 7], [3, 7, 1, 3], [1, 3, 0, 7], [1, 3, 1, 7], [1, 3, 2, 7], [0, 0, 0, 0], [0, 0, 0, 0], [0, 0, 0, 0], [0, 0, 0, 0], [0, 0, 0, 0], [0, 0, 0, 0], [0, 0, 0, 0], [0, 0, 0, 0]]",1,,1,0,1,"[3, 3, 3, 7]","[[[3, 3, 3, 7], [0.4, 26.38, 100.1], 0.0515477999998879], [[3, 3, 0, 7], [0.5, 26.38, 100.1], 0.0515477999998879], [[3, 3, 1, 7], [0.4, 26.38, 919.3], 819.1548522], [[3, 3, 2, 7], [0.4, 26.38, 100.1], 0.0515477999998879], [[3, 7, 1, 3], [0.4, 26.38, 48.9], 51.251547799999884], [[1, 3, 0, 7], [0.5, 26.38, 48.9], 51.251547799999884], [[1, 3, 1, 7], [0.4, 26.38, 868.1], 767.9548522000001], [[1, 3, 2, 7], [0.4, 26.38, 48.9], 51.251547799999884]]","[[3, 3, 3, 7]]","[{""pair"": [3, 3, 3, 7], ""acc"": 0.4, ""vel"": 26.38, ""pos"": 100.1, ""error"": 0.0515477999998879}]","[[{""pair"": [3, 3, 3, 7], ""acc"": 0.4, ""vel"": 26.38, ""pos"": 100.1, ""error"": 0.0515477999998879}], [{""pair"": [3, 3, 0, 7], ""acc"": 0.5, ""vel"": 26.38, ""pos"": 100.1, ""error"": 0.0515477999998879}], [{""pair"": [3, 3, 1, 7], ""acc"": 0.4, ""vel"": 26.38, ""pos"": 919.3, ""error"": 819.1548522}], [{""pair"": [3, 3, 2, 7], ""acc"": 0.4, ""vel"": 26.38, ""pos"": 100.1, ""error"": 0.0515477999998879}], [{""pair"": [3, 7, 1, 3], ""acc"": 0.4, ""vel"": 26.38, ""pos"": 48.9, ""error"": 51.251547799999884}], [{""pair"": [1, 3, 0, 7], ""acc"": 0.5, ""vel"": 26.38, ""pos"": 48.9, ""error"": 51.251547799999884}], [{""pair"": [1, 3, 1, 7], ""acc"": 0.4, ""vel"": 26.38, ""pos"": 868.1, ""error"": 767.9548522000001}], [{""pair"": [1, 3, 2, 7], ""acc"": 0.4, ""vel"": 26.38, ""pos"": 48.9, ""error"": 51.251547799999884}]]",3
273.65,0.016999999999995907,0.393977,26.383982,100.58974883048742,0.4,26.38,100.60000000000001,0.4,67.34,100.6,0.4,26.38,100.6,0.7497338169633906,26.15948021073854,84.15660813213597,7.70521196475822,25.94246558549053,86.35713507399993,0.6375656389538958,26.157645005498807,84.18550682029196,2.891823327075193,16.43314069835145,0.6281906431613883,-110.5925334005534,14.232613756487495,0.5486222467785681,2.885639015155933,16.40424201019546,0.6271299272830942,"[[3, 4, 0, 5], [3, 6, 1, 4], [0, 4, 0, 5], [1, 4, 2, 6], [2, 4, 0, 5], [0, 0, 0, 0], [0, 0, 0, 0], [0, 0, 0, 0], [0, 0, 0, 0], [0, 0, 0, 0], [0, 0, 0, 0], [0, 0, 0, 0], [0, 0, 0, 0], [0, 0, 0, 0], [0, 0, 0, 0], [0, 0, 0, 0]]",1,,1,0,1,"[3, 4, 0, 5]","[[[3, 4, 0, 5], [0.4, 26.38, 100.6], 0.05828220000010731], [[3, 6, 1, 4], [0.4, 67.34, 203.0], 143.40468220000014], [[0, 4, 0, 5], [0.4, 5.9, 100.6], 20.538282200000104], [[1, 4, 2, 6], [0.4, 67.34, 203.0], 143.40468220000014], [[2, 4, 0, 5], [0.4, 26.38, 100.6], 0.05828220000010731]]","[[3, 4, 0, 5]]","[{""pair"": [3, 4, 0, 5], ""acc"": 0.4, ""vel"": 26.38, ""pos"": 100.6, ""error"": 0.05828220000010731}]","[[{""pair"": [3, 4, 0, 5], ""acc"": 0.4, ""vel"": 26.38, ""pos"": 100.6, ""error"": 0.05828220000010731}], [{""pair"": [3, 6, 1, 4], ""acc"": 0.4, ""vel"": 67.34, ""pos"": 203.0, ""error"": 143.40468220000014}], [{""pair"": [0, 4, 0, 5], ""acc"": 0.4, ""vel"": 5.9, ""pos"": 100.6, ""error"": 20.538282200000104}], [{""pair"": [1, 4, 2, 6], ""acc"": 0.4, ""vel"": 67.34, ""pos"": 203.0, ""error"": 143.40468220000014}], [{""pair"": [2, 4, 0, 5], ""acc"": 0.4, ""vel"": 26.38, ""pos"": 100.6, ""error"": 0.05828220000010731}]]",3
273.667,0.016000000000019554,0.3922,26.38879,101.03833345416382,0.4,26.39,101.0,1.2,26.31,101.0,0.4,26.39,101.0,0.7395563600081321,26.172225685626913,84.60142763225498,7.088856524304353,26.07345418889139,86.79927039208208,0.6276504534336562,26.16848362136102,84.63027891362016,2.9018036522745123,16.436905821908837,0.6280285834053291,2.8329025026527646,14.23906306208174,0.5461134132411309,2.889188052226102,16.40805454054366,0.6270158706158259,"[[3, 10, 0, 11], [0, 10, 0, 12], [0, 10, 1, 12], [0, 10, 2, 12], [1, 10, 0, 12], [1, 10, 1, 12], [1, 10, 2, 12], [2, 10, 0, 11], [0, 0, 0, 0], [0, 0, 0, 0], [0, 0, 0, 0], [0, 0, 0, 0], [0, 0, 0, 0], [0, 0, 0, 0], [0, 0, 0, 0], [0, 0, 0, 0]]",1,,1,0,1,"[0, 10, 1, 12]","[[[3, 10, 0, 11], [2.8, 26.31, 101.0], 0.09853120000052229], [[0, 10, 0, 12], [3.6, 26.31, 101.0], 0.09853120000052229], [[0, 10, 1, 12], [0.4, 26.39, 101.0], 0.025731200000510768], [[0, 10, 2, 12], [0.4, 26.31, 101.4], 0.45426879999949676], [[1, 10, 0, 12], [4.4, 26.29, 101.0], 0.11853120000052186], [[1, 10, 1, 12], [1.2, 26.37, 101.0], 0.038531200000520016], [[1, 10, 2, 12], [1.2, 26.29, 101.4], 0.47426879999949634], [[2, 10, 0, 11], [2.8, 26.31, 101.1], 0.1542687999994854]]","[[0, 10, 1, 12]]","[{""pair"": [0, 10, 1, 12], ""acc"": 0.4, ""vel"": 26.39, ""pos"": 101.0, ""error"": 0.025731200000510768}]","[[{""pair"": [3, 10, 0, 11], ""acc"": 2.8, ""vel"": 26.31, ""pos"": 101.0, ""error"": 0.09853120000052229}], [{""pair"": [0, 10, 0, 12], ""acc"": 3.6, ""vel"": 26.31, ""pos"": 101.0, ""error"": 0.09853120000052229}], [{""pair"": [0, 10, 1, 12], ""acc"": 0.4, ""vel"": 26.39, ""pos"": 101.0, ""error"": 0.025731200000510768}], [{""pair"": [0, 10, 2, 12], ""acc"": 0.4, ""vel"": 26.31, ""pos"": 101.4, ""error"": 0.45426879999949676}], [{""pair"": [1, 10, 0, 12], ""acc"": 4.4, ""vel"": 26.29, ""pos"": 101.0, ""error"": 0.11853120000052186}], [{""pair"": [1, 10, 1, 12], ""acc"": 1.2, ""vel"": 26.37, ""pos"": 101.0, ""error"": 0.038531200000520016}], [{""pair"": [1, 10, 2, 12], ""acc"": 1.2, ""vel"": 26.29, ""pos"": 101.4, ""error"": 0.47426879999949634}], [{""pair"": [2, 10, 0, 11], ""acc"": 2.8, ""vel"": 26.31, ""pos"": 101.1, ""error"": 0.1542687999994854}]]",3
273.683,0.016999999999995907,0.390624,26.393486,101.46060429576434,0.4,26.39,101.5,0.4,26.39,101.1,0.4,26.39,101.5,0.7416203431877447,26.184058587387057,85.0202779064396,6.370355198992556,26.186875893280398,87.21735303273996,0.6302409137513318,26.17852602861597,85.04905499082048,2.9417073654710695,16.44032638932474,0.6278754049704157,2.951210654957414,14.243251263024376,0.5439079988414816,2.923047917294334,16.41154930494386,0.6269088369224554,"[[3, 12, 0, 9], [3, 12, 1, 9], [3, 12, 2, 9], [0, 9, 0, 12], [0, 9, 2, 12], [1, 9, 0, 12], [1, 9, 2, 12], [2, 9, 0, 12], [2, 9, 2, 12], [0, 0, 0, 0], [0, 0, 0, 0], [0, 0, 0, 0], [0, 0, 0, 0], [0, 0, 0, 0], [0, 0, 0, 0], [0, 0, 0, 0]]",1,,1,0,1,"[2, 9, 2, 12]","[[[3, 12, 0, 9], [0.0, 26.39, 101.1], 0.3554877999998922], [[3, 12, 1, 9], [0.4, 26.38, 101.1], 0.3654877999998938], [[3, 12, 2, 9], [0.4, 26.39, 101.1], 0.3554877999998922], [[0, 9, 0, 12], [3.2, 26.39, 101.1], 0.3554877999998922], [[0, 9, 2, 12], [0.0, 26.39, 101.5], 0.05811220000011019], [[1, 9, 0, 12], [3.6, 26.38, 101.1], 0.3654877999998938], [[1, 9, 2, 12], [0.4, 26.38, 101.5], 0.06811220000011176], [[2, 9, 0, 12], [3.6, 26.39, 101.1], 0.3554877999998922], [[2, 9, 2, 12], [0.4, 26.39, 101.5], 0.05811220000011019]]","[[2, 9, 2, 12]]","[{""pair"": [2, 9, 2, 12], ""acc"": 0.4, ""vel"": 26.39, ""pos"": 101.5, ""error"": 0.05811220000011019}]","[[{""pair"": [3, 12, 0, 9], ""acc"": 0.0, ""vel"": 26.39, ""pos"": 101.1, ""error"": 0.3554877999998922}], [{""pair"": [3, 12, 1, 9], ""acc"": 0.4, ""vel"": 26.38, ""pos"": 101.1, ""error"": 0.3654877999998938}], [{""pair"": [3, 12, 2, 9], ""acc"": 0.4, ""vel"": 26.39, ""pos"": 101.1, ""error"": 0.3554877999998922}], [{""pair"": [0, 9, 0, 12], ""acc"": 3.2, ""vel"": 26.39, ""pos"": 101.1, ""error"": 0.3554877999998922}], [{""pair"": [0, 9, 2, 12], ""acc"": 0.0, ""vel"": 26.39, ""pos"": 101.5, ""error"": 0.05811220000011019}], [{""pair"": [1, 9, 0, 12], ""acc"": 3.6, ""vel"": 26.38, ""pos"": 101.1, ""error"": 0.3654877999998938}], [{""pair"": [1, 9, 2, 12], ""acc"": 0.4, ""vel"": 26.38, ""pos"": 101.5, ""error"": 0.06811220000011176}], [{""pair"": [2, 9, 0, 12], ""acc"": 3.6, ""vel"": 26.39, ""pos"": 101.1, ""error"": 0.3554877999998922}], [{""pair"": [2, 9, 2, 12], ""acc"": 0.4, ""vel"": 26.39, ""pos"": 101.5, ""error"": 0.05811220000011019}]]",3
273.7,0.016999999999995907,0.388712,26.397757,101.90935000293223,0.4,26.400000000000002,101.9,0.5,26.4,101.9,0.4,26.4,101.9,0.734440562779361,26.196666133221246,85.46551406656467,5.7320978907217945,26.295171931663244,87.66345043925189,0.6238445801123272,26.18924012414974,85.49418100311888,2.9512488942884265,16.443835936367563,0.6277071995628615,3.284271375399487,14.24589956368034,0.5417686410533101,2.9261926549383994,16.415168999813346,0.6267905797189021,"[[3, 4, 0, 7], [3, 4, 2, 7], [1, 4, 0, 7], [1, 4, 2, 7], [0, 0, 0, 0], [0, 0, 0, 0], [0, 0, 0, 0], [0, 0, 0, 0], [0, 0, 0, 0], [0, 0, 0, 0], [0, 0, 0, 0], [0, 0, 0, 0], [0, 0, 0, 0], [0, 0, 0, 0], [0, 0, 0, 0], [0, 0, 0, 0]]",1,,1,0,1,"[3, 4, 0, 7]","[[[3, 4, 0, 7], [0.4, 26.4, 101.9], 0.051887799999882134], [[3, 4, 2, 7], [0.5, 26.4, 101.9], 0.051887799999882134], [[1, 4, 0, 7], [0.4, 26.4, 204.3], 102.35451220000013], [[1, 4, 2, 7], [0.5, 26.4, 204.3], 102.35451220000013]]","[[3, 4, 0, 7]]","[{""pair"": [3, 4, 0, 7], ""acc"": 0.4, ""vel"": 26.4, ""pos"": 101.9, ""error"": 0.051887799999882134}]","[[{""pair"": [3, 4, 0, 7], ""acc"": 0.4, ""vel"": 26.4, ""pos"": 101.9, ""error"": 0.051887799999882134}], [{""pair"": [3, 4, 2, 7], ""acc"": 0.5, ""vel"": 26.4, ""pos"": 101.9, ""error"": 0.051887799999882134}], [{""pair"": [1, 4, 0, 7], ""acc"": 0.4, ""vel"": 26.4, ""pos"": 204.3, ""error"": 102.35451220000013}], [{""pair"": [1, 4, 2, 7], ""acc"": 0.5, ""vel"": 26.4, ""pos"": 204.3, ""error"": 102.35451220000013}]]",3
273.717,0.016000000000019554,0.387188,26.402206,102.35816804081612,0.4,26.400000000000002,102.4,0.4,26.4,102.4,0.4,26.4,102.4,0.7352578402897959,26.209151622788493,85.91096351749064,5.150181349580417,26.39261759580549,88.11129665023527,0.6256343060929592,26.199845482011646,85.93948823077115,2.9933919614236344,16.44720452332548,0.627536700158767,3.6149032319818986,14.24687139058085,0.5398051685803634,2.961978503281548,16.418679810044978,0.626670864197186,"[[3, 5, 3, 14], [3, 14, 0, 5], [3, 14, 1, 5], [3, 14, 2, 5], [0, 0, 0, 0], [0, 0, 0, 0], [0, 0, 0, 0], [0, 0, 0, 0], [0, 0, 0, 0], [0, 0, 0, 0], [0, 0, 0, 0], [0, 0, 0, 0], [0, 0, 0, 0], [0, 0, 0, 0], [0, 0, 0, 0], [0, 0, 0, 0]]",1,,1,0,1,"[3, 5, 3, 14]","[[[3, 5, 3, 14], [0.4, 26.4, 102.4], 0.08394879999948301], [[3, 14, 0, 5], [0.4, 67.36, 102.4], 41.03114879999947], [[3, 14, 1, 5], [0.4, 26.4, 307.2], 204.88394879999947], [[3, 14, 2, 5], [0.4, 26.4, 102.4], 0.08394879999948301]]","[[3, 5, 3, 14]]","[{""pair"": [3, 5, 3, 14], ""acc"": 0.4, ""vel"": 26.4, ""pos"": 102.4, ""error"": 0.08394879999948301}]","[[{""pair"": [3, 5, 3, 14], ""acc"": 0.4, ""vel"": 26.4, ""pos"": 102.4, ""error"": 0.08394879999948301}], [{""pair"": [3, 14, 0, 5], ""acc"": 0.4, ""vel"": 67.36, ""pos"": 102.4, ""error"": 41.03114879999947}], [{""pair"": [3, 14, 1, 5], ""acc"": 0.4, ""vel"": 26.4, ""pos"": 307.2, ""error"": 204.88394879999947}], [{""pair"": [3, 14, 2, 5], ""acc"": 0.4, ""vel"": 26.4, ""pos"": 102.4, ""error"": 0.08394879999948301}]]",3
273.733,0.016999999999995907,0.384987,26.406786,102.78065289688064,0.4,26.41,102.80000000000001,0.4,26.41,51.6,0.4,26.41,102.8,0.7315243036715303,26.220915748233143,86.33040405645933,-8.0,26.475020497398877,88.53423775498143,0.6231619942940507,26.209855630909146,86.35876583967503,3.0001117420696124,16.45024884042131,0.6273712557704925,3.8624151958455535,14.246415141899206,0.5381078040449068,2.9627625751596542,16.42188705720561,0.6265538921106976,"[[3, 3, 1, 4], [1, 3, 1, 4], [0, 0, 0, 0], [0, 0, 0, 0], [0, 0, 0, 0], [0, 0, 0, 0], [0, 0, 0, 0], [0, 0, 0, 0], [0, 0, 0, 0], [0, 0, 0, 0], [0, 0, 0, 0], [0, 0, 0, 0], [0, 0, 0, 0], [0, 0, 0, 0], [0, 0, 0, 0], [0, 0, 0, 0]]",1,,1,0,1,"[1, 3, 1, 4]","[[[3, 3, 1, 4], [0.4, 26.41, 154.0], 51.154342200000116], [[1, 3, 1, 4], [0.4, 26.41, 102.8], 0.052057799999897014]]","[[1, 3, 1, 4]]","[{""pair"": [1, 3, 1, 4], ""acc"": 0.4, ""vel"": 26.41, ""pos"": 102.8, ""error"": 0.052057799999897014}]","[[{""pair"": [3, 3, 1, 4], ""acc"": 0.4, ""vel"": 26.41, ""pos"": 154.0, ""error"": 51.154342200000116}], [{""pair"": [1, 3, 1, 4], ""acc"": 0.4, ""vel"": 26.41, ""pos"": 102.8, ""error"": 0.052057799999897014}]]",3
273.75,0.016999999999995907,0.38354,26.410994,103.22962388950204,0.4,26.41,103.2,0.4,110.89,103.2,0.4,26.41,103.2,0.7182878435398994,26.233351661395556,86.77626532944107,-7.046796114001217,26.33902049739891,88.98315710343711,0.6114216706787488,26.22044938481214,86.80442343230855,3.042125128042366,16.453358560060963,0.6271923912899539,-109.25709790261011,14.246466786064929,0.5408882531327173,2.998536559824676,16.425200457193483,0.6264271148116771,"[[3, 1, 0, 6], [3, 1, 2, 6], [0, 1, 0, 6], [0, 1, 2, 6], [0, 0, 0, 0], [0, 0, 0, 0], [0, 0, 0, 0], [0, 0, 0, 0], [0, 0, 0, 0], [0, 0, 0, 0], [0, 0, 0, 0], [0, 0, 0, 0], [0, 0, 0, 0], [0, 0, 0, 0], [0, 0, 0, 0], [0, 0, 0, 0]]",1,,1,0,1,"[0, 1, 0, 6]","[[[3, 1, 0, 6], [0.4, 28.97, 103.2], 2.602227799999877], [[3, 1, 2, 6], [0.4, 110.89, 103.2], 84.52222779999988], [[0, 1, 0, 6], [0.4, 26.41, 103.2], 0.05582779999987508], [[0, 1, 2, 6], [0.4, 108.33, 103.2], 81.96222779999988]]","[[0, 1, 0, 6]]","[{""pair"": [0, 1, 0, 6], ""acc"": 0.4, ""vel"": 26.41, ""pos"": 103.2, ""error"": 0.05582779999987508}]","[[{""pair"": [3, 1, 0, 6], ""acc"": 0.4, ""vel"": 28.97, ""pos"": 103.2, ""error"": 2.602227799999877}], [{""pair"": [3, 1, 2, 6], ""acc"": 0.4, ""vel"": 110.89, ""pos"": 103.2, ""error"": 84.52222779999988}], [{""pair"": [0, 1, 0, 6], ""acc"": 0.4, ""vel"": 26.41, ""pos"": 103.2, ""error"": 0.05582779999987508}], [{""pair"": [0, 1, 2, 6], ""acc"": 0.4, ""vel"": 108.33, ""pos"": 103.2, ""error"": 81.96222779999988}]]",3
273.767,0.016000000000019554,0.381779,26.415083,103.67866620903193,0.4,26.42,103.7,0.5,26.74,103.7,0.4,26.42,103.7,0.7139771061523009,26.24556255473573,87.22233610027808,-7.08205924809874,26.219224963460917,89.42990218985432,0.6087325440915078,26.230843553213678,87.25025942228166,3.050378368882713,16.456330108753846,0.6270138075506588,1.8981823516318572,14.248764019177614,0.5434471857591014,3.0006314498945845,16.428406786750273,0.6263011234626323,"[[3, 14, 0, 7], [3, 14, 2, 7], [0, 7, 1, 14], [2, 7, 1, 14], [0, 0, 0, 0], [0, 0, 0, 0], [0, 0, 0, 0], [0, 0, 0, 0], [0, 0, 0, 0], [0, 0, 0, 0], [0, 0, 0, 0], [0, 0, 0, 0], [0, 0, 0, 0], [0, 0, 0, 0], [0, 0, 0, 0], [0, 0, 0, 0]]",1,,1,0,1,"[0, 7, 1, 14]","[[[3, 14, 0, 7], [0.4, 26.74, 103.7], 0.40098879999947457], [[3, 14, 2, 7], [0.5, 26.74, 103.7], 0.40098879999947457], [[0, 7, 1, 14], [0.4, 26.42, 103.7], 0.08098879999947783], [[2, 7, 1, 14], [0.5, 26.42, 103.7], 0.08098879999947783]]","[[0, 7, 1, 14]]","[{""pair"": [0, 7, 1, 14], ""acc"": 0.4, ""vel"": 26.42, ""pos"": 103.7, ""error"": 0.08098879999947783}]","[[{""pair"": [3, 14, 0, 7], ""acc"": 0.4, ""vel"": 26.74, ""pos"": 103.7, ""error"": 0.40098879999947457}], [{""pair"": [3, 14, 2, 7], ""acc"": 0.5, ""vel"": 26.74, ""pos"": 103.7, ""error"": 0.40098879999947457}], [{""pair"": [0, 7, 1, 14], ""acc"": 0.4, ""vel"": 26.42, ""pos"": 103.7, ""error"": 0.08098879999947783}], [{""pair"": [2, 7, 1, 14], ""acc"": 0.5, ""vel"": 26.42, ""pos"": 103.7, ""error"": 0.08098879999947783}]]",3
273.783,0.016999999999995907,0.380617,26.418833,104.10135640474445,0.4,26.42,104.10000000000001,6.8,26.42,923.3,0.4,26.42,104.1,0.7045384970666637,26.25698618843418,87.64235649022395,8.0,26.1059120154912,89.84850328568645,0.601222595765475,26.240583273919153,87.67003083689923,3.0890063500698686,16.458999914520504,0.626842692318224,2.5794813365845997,14.252853119058003,0.5459626582132195,3.0335464871097613,16.43132556784522,0.6261798907563355,"[[1, 7, 0, 13], [1, 7, 1, 13], [2, 7, 0, 13], [2, 7, 1, 13], [0, 0, 0, 0], [0, 0, 0, 0], [0, 0, 0, 0], [0, 0, 0, 0], [0, 0, 0, 0], [0, 0, 0, 0], [0, 0, 0, 0], [0, 0, 0, 0], [0, 0, 0, 0], [0, 0, 0, 0], [0, 0, 0, 0], [0, 0, 0, 0]]",1,,1,0,1,"[1, 7, 0, 13]","[[[1, 7, 0, 13], [0.4, 26.42, 104.1], 0.05599779999988641], [[1, 7, 1, 13], [6.8, 26.26, 104.1], 0.21599779999988655], [[2, 7, 0, 13], [0.4, 26.42, 923.3], 819.1576022], [[2, 7, 1, 13], [6.8, 26.26, 923.3], 819.3176022]]","[[1, 7, 0, 13]]","[{""pair"": [1, 7, 0, 13], ""acc"": 0.4, ""vel"": 26.42, ""pos"": 104.1, ""error"": 0.05599779999988641}]","[[{""pair"": [1, 7, 0, 13], ""acc"": 0.4, ""vel"": 26.42, ""pos"": 104.1, ""error"": 0.05599779999988641}], [{""pair"": [1, 7, 1, 13], ""acc"": 6.8, ""vel"": 26.26, ""pos"": 104.1, ""error"": 0.21599779999988655}], [{""pair"": [2, 7, 0, 13], ""acc"": 0.4, ""vel"": 26.42, ""pos"": 923.3, ""error"": 819.1576022}], [{""pair"": [2, 7, 1, 13], ""acc"": 6.8, ""vel"": 26.26, ""pos"": 923.3, ""error"": 819.3176022}]]",3
273.8,0.016999999999995907,0.379355,26.422985,104.55053156490084,0.4,26.42,104.60000000000001,7.0,26.42,104.6,0.4,26.42,104.6,0.7031368318595732,26.26896334288431,88.08882706124005,7.495105975453662,26.241912015491167,90.29345978994968,0.6019599687802553,26.250804058047162,88.11620762922084,3.129523528650899,16.461704503660783,0.6266598452625997,3.038037840847842,14.257071774951157,0.5432939401113341,3.068100011678794,16.43432393568,0.6260503068530607,"[[0, 8, 0, 13], [0, 8, 1, 13], [0, 0, 0, 0], [0, 0, 0, 0], [0, 0, 0, 0], [0, 0, 0, 0], [0, 0, 0, 0], [0, 0, 0, 0], [0, 0, 0, 0], [0, 0, 0, 0], [0, 0, 0, 0], [0, 0, 0, 0], [0, 0, 0, 0], [0, 0, 0, 0], [0, 0, 0, 0], [0, 0, 0, 0]]",1,,1,0,1,"[0, 8, 0, 13]","[[[0, 8, 0, 13], [0.4, 26.42, 104.6], 0.05760220000011884], [[0, 8, 1, 13], [6.8, 26.26, 104.6], 0.21760220000011898]]","[[0, 8, 0, 13]]","[{""pair"": [0, 8, 0, 13], ""acc"": 0.4, ""vel"": 26.42, ""pos"": 104.6, ""error"": 0.05760220000011884}]","[[{""pair"": [0, 8, 0, 13], ""acc"": 0.4, ""vel"": 26.42, ""pos"": 104.6, ""error"": 0.05760220000011884}], [{""pair"": [0, 8, 1, 13], ""acc"": 6.8, ""vel"": 26.26, ""pos"": 104.6, ""error"": 0.21760220000011898}]]",3
273.817,0.016000000000019554,0.378676,26.426815,104.99977712669823,0.4,26.43,105.0,3.6,26.43,105.0,0.4,26.43,105.0,0.6931062083331045,26.28091666902592,88.53550104134118,6.926558409655445,26.36932881707385,90.74065533702637,0.5941322633452757,26.261037377516423,88.56255828142301,3.1369467271703764,16.464276085357056,0.6264726718897697,3.4367205231424736,14.259121789671866,0.540746481967309,3.0696777467088134,16.437218845275225,0.6259165854334479,"[[3, 7, 3, 12], [3, 7, 0, 12], [3, 12, 0, 7], [3, 12, 1, 7], [3, 12, 2, 7], [0, 7, 0, 12], [1, 7, 0, 12], [2, 7, 0, 12], [0, 0, 0, 0], [0, 0, 0, 0], [0, 0, 0, 0], [0, 0, 0, 0], [0, 0, 0, 0], [0, 0, 0, 0], [0, 0, 0, 0], [0, 0, 0, 0]]",1,,1,0,1,"[3, 7, 0, 12]","[[[3, 7, 3, 12], [3.6, 26.43, 105.0], 0.026371200000497197], [[3, 7, 0, 12], [0.4, 26.43, 105.0], 0.026371200000497197], [[3, 12, 0, 7], [3.7, 26.43, 105.0], 0.026371200000497197], [[3, 12, 1, 7], [3.6, 26.43, 924.2], 819.1808287999995], [[3, 12, 2, 7], [3.6, 26.43, 105.0], 0.026371200000497197], [[0, 7, 0, 12], [0.5, 26.43, 105.0], 0.026371200000497197], [[1, 7, 0, 12], [0.4, 26.43, 924.2], 819.1808287999995], [[2, 7, 0, 12], [0.4, 26.43, 105.0], 0.026371200000497197]]","[[3, 7, 0, 12]]","[{""pair"": [3, 7, 0, 12], ""acc"": 0.4, ""vel"": 26.43, ""pos"": 105.0, ""error"": 0.026371200000497197}]","[[{""pair"": [3, 7, 3, 12], ""acc"": 3.6, ""vel"": 26.43, ""pos"": 105.0, ""error"": 0.026371200000497197}], [{""pair"": [3, 7, 0, 12], ""acc"": 0.4, ""vel"": 26.43, ""pos"": 105.0, ""error"": 0.026371200000497197}], [{""pair"": [3, 12, 0, 7], ""acc"": 3.7, ""vel"": 26.43, ""pos"": 105.0, ""error"": 0.026371200000497197}], [{""pair"": [3, 12, 1, 7], ""acc"": 3.6, ""vel"": 26.43, ""pos"": 924.2, ""error"": 819.1808287999995}], [{""pair"": [3, 12, 2, 7], ""acc"": 3.6, ""vel"": 26.43, ""pos"": 105.0, ""error"": 0.026371200000497197}], [{""pair"": [0, 7, 0, 12], ""acc"": 0.5, ""vel"": 26.43, ""pos"": 105.0, ""error"": 0.026371200000497197}], [{""pair"": [1, 7, 0, 12], ""acc"": 0.4, ""vel"": 26.43, ""pos"": 924.2, ""error"": 819.1808287999995}], [{""pair"": [2, 7, 0, 12], ""acc"": 0.4, ""vel"": 26.43, ""pos"": 105.0, ""error"": 0.026371200000497197}]]",3
273.833,0.016999999999995907,0.378245,26.430576,105.42265463722676,0.4,26.43,105.4,19.6,26.43,105.4,0.4,26.43,105.4,0.677781589773704,26.292006368359264,88.95608442564077,6.450874757192862,26.48015375162847,91.1634511975765,0.5813296266739573,26.27054349372996,88.9828109283935,3.1744943164511823,16.46657021158599,0.6262956877799347,3.8138680445305635,14.25920343965025,0.538486429247917,3.1018390653703407,16.43984370883325,0.6257900112632607,"[[3, 13, 0, 14], [3, 13, 2, 14], [0, 13, 0, 14], [0, 13, 2, 14], [1, 13, 0, 14], [1, 13, 2, 14], [2, 13, 0, 14], [2, 13, 2, 14], [0, 0, 0, 0], [0, 0, 0, 0], [0, 0, 0, 0], [0, 0, 0, 0], [0, 0, 0, 0], [0, 0, 0, 0], [0, 0, 0, 0], [0, 0, 0, 0]]",1,,1,0,1,"[0, 13, 0, 14]","[[[3, 13, 0, 14], [6.8, 26.43, 105.4], 0.05616779999988353], [[3, 13, 2, 14], [19.6, 26.43, 103.8], 1.656167799999892], [[0, 13, 0, 14], [0.4, 26.43, 105.4], 0.05616779999988353], [[0, 13, 2, 14], [13.2, 26.43, 103.8], 1.656167799999892], [[1, 13, 0, 14], [6.8, 26.27, 105.4], 0.21616779999988367], [[1, 13, 2, 14], [19.6, 26.27, 103.8], 1.8161677999998922], [[2, 13, 0, 14], [6.8, 26.43, 104.6], 0.8561677999998949], [[2, 13, 2, 14], [19.6, 26.43, 103.0], 2.456167799999889]]","[[0, 13, 0, 14]]","[{""pair"": [0, 13, 0, 14], ""acc"": 0.4, ""vel"": 26.43, ""pos"": 105.4, ""error"": 0.05616779999988353}]","[[{""pair"": [3, 13, 0, 14], ""acc"": 6.8, ""vel"": 26.43, ""pos"": 105.4, ""error"": 0.05616779999988353}], [{""pair"": [3, 13, 2, 14], ""acc"": 19.6, ""vel"": 26.43, ""pos"": 103.8, ""error"": 1.656167799999892}], [{""pair"": [0, 13, 0, 14], ""acc"": 0.4, ""vel"": 26.43, ""pos"": 105.4, ""error"": 0.05616779999988353}], [{""pair"": [0, 13, 2, 14], ""acc"": 13.2, ""vel"": 26.43, ""pos"": 103.8, ""error"": 1.656167799999892}], [{""pair"": [1, 13, 0, 14], ""acc"": 6.8, ""vel"": 26.27, ""pos"": 105.4, ""error"": 0.21616779999988367}], [{""pair"": [1, 13, 2, 14], ""acc"": 19.6, ""vel"": 26.27, ""pos"": 103.8, ""error"": 1.8161677999998922}], [{""pair"": [2, 13, 0, 14], ""acc"": 6.8, ""vel"": 26.43, ""pos"": 104.6, ""error"": 0.8561677999998949}], [{""pair"": [2, 13, 2, 14], ""acc"": 19.6, ""vel"": 26.43, ""pos"": 103.0, ""error"": 2.456167799999889}]]",3
273.85,0.016999999999995907,0.378104,26.43428,105.87202908562915,0.4,26.43,105.9,13.2,26.43,105.9,0.4,26.43,105.9,0.6707040276912883,26.303528655385414,89.40314647334249,5.988814939500689,26.589818622500722,91.6145459627565,0.5769579135216931,26.280426097383415,89.42949416991787,3.213522848331139,16.468882612286663,0.6261092505136114,4.188579010842965,14.257483122872657,0.5362008415810611,3.1352861009902973,16.442534915711278,0.6256570899871506,"[[3, 0, 0, 14], [2, 0, 0, 14], [0, 0, 0, 0], [0, 0, 0, 0], [0, 0, 0, 0], [0, 0, 0, 0], [0, 0, 0, 0], [0, 0, 0, 0], [0, 0, 0, 0], [0, 0, 0, 0], [0, 0, 0, 0], [0, 0, 0, 0], [0, 0, 0, 0], [0, 0, 0, 0], [0, 0, 0, 0], [0, 0, 0, 0]]",1,,1,0,1,"[3, 0, 0, 14]","[[[3, 0, 0, 14], [0.4, 26.43, 105.9], 0.057432200000107514], [[2, 0, 0, 14], [0.4, 26.43, 105.9], 0.057432200000107514]]","[[3, 0, 0, 14]]","[{""pair"": [3, 0, 0, 14], ""acc"": 0.4, ""vel"": 26.43, ""pos"": 105.9, ""error"": 0.057432200000107514}]","[[{""pair"": [3, 0, 0, 14], ""acc"": 0.4, ""vel"": 26.43, ""pos"": 105.9, ""error"": 0.057432200000107514}], [{""pair"": [2, 0, 0, 14], ""acc"": 0.4, ""vel"": 26.43, ""pos"": 105.9, ""error"": 0.057432200000107514}]]",3
273.867,0.01599999999996271,0.378092,26.437931,106.32146648165704,0.4,26.44,106.30000000000001,-25.2,26.44,106.3,0.4,26.44,106.3,0.655534609919999,26.314930623856164,89.85040337721594,5.128611357668683,26.69162847647221,92.06743826309766,0.5644994085890901,26.290234381913283,89.8763447839918,3.2191164210332994,16.4710631044411,0.6259208257045158,4.5047522680236085,14.254028218559384,0.5340261734544911,3.135449929187285,16.445121697665243,0.6255220649146773,"[[3, 13, 3, 15], [3, 14, 1, 13], [3, 13, 0, 15], [3, 13, 1, 15], [3, 13, 2, 15], [3, 15, 0, 13], [3, 15, 2, 13], [0, 13, 0, 15], [0, 13, 1, 15], [0, 13, 2, 15], [2, 13, 0, 15], [2, 13, 1, 15], [2, 13, 2, 15], [0, 0, 0, 0], [0, 0, 0, 0], [0, 0, 0, 0]]",1,,1,0,1,"[3, 13, 0, 15]","[[[3, 13, 3, 15], [-25.2, 26.44, 106.3], 0.02653119999903808], [[3, 14, 1, 13], [-25.2, 26.28, 106.3], 0.17933119999900526], [[3, 13, 0, 15], [0.4, 26.44, 106.3], 0.02653119999903808], [[3, 13, 1, 15], [-25.2, 25.8, 106.3], 0.6593311999990057], [[3, 13, 2, 15], [-25.2, 26.44, 103.1], 3.226531199999041], [[3, 15, 0, 13], [-18.8, 26.44, 106.3], 0.02653119999903808], [[3, 15, 2, 13], [-25.2, 26.44, 107.1], 0.780668800000992], [[0, 13, 0, 15], [6.8, 26.44, 106.3], 0.02653119999903808], [[0, 13, 1, 15], [-18.8, 25.8, 106.3], 0.6593311999990057], [[0, 13, 2, 15], [-18.8, 26.44, 103.1], 3.226531199999041], [[2, 13, 0, 15], [0.4, 26.44, 107.1], 0.780668800000992], [[2, 13, 1, 15], [-25.2, 25.8, 107.1], 1.4134688000009596], [[2, 13, 2, 15], [-25.2, 26.44, 103.9], 2.4265311999990296]]","[[3, 13, 0, 15]]","[{""pair"": [3, 13, 0, 15], ""acc"": 0.4, ""vel"": 26.44, ""pos"": 106.3, ""error"": 0.02653119999903808}]","[[{""pair"": [3, 13, 3, 15], ""acc"": -25.2, ""vel"": 26.44, ""pos"": 106.3, ""error"": 0.02653119999903808}], [{""pair"": [3, 14, 1, 13], ""acc"": -25.2, ""vel"": 26.28, ""pos"": 106.3, ""error"": 0.17933119999900526}], [{""pair"": [3, 13, 0, 15], ""acc"": 0.4, ""vel"": 26.44, ""pos"": 106.3, ""error"": 0.02653119999903808}], [{""pair"": [3, 13, 1, 15], ""acc"": -25.2, ""vel"": 25.8, ""pos"": 106.3, ""error"": 0.6593311999990057}], [{""pair"": [3, 13, 2, 15], ""acc"": -25.2, ""vel"": 26.44, ""pos"": 103.1, ""error"": 3.226531199999041}], [{""pair"": [3, 15, 0, 13], ""acc"": -18.8, ""vel"": 26.44, ""pos"": 106.3, ""error"": 0.02653119999903808}], [{""pair"": [3, 15, 2, 13], ""acc"": -25.2, ""vel"": 26.44, ""pos"": 107.1, ""error"": 0.780668800000992}], [{""pair"": [0, 13, 0, 15], ""acc"": 6.8, ""vel"": 26.44, ""pos"": 106.3, ""error"": 0.02653119999903808}], [{""pair"": [0, 13, 1, 15], ""acc"": -18.8, ""vel"": 25.8, ""pos"": 106.3, ""error"": 0.6593311999990057}], [{""pair"": [0, 13, 2, 15], ""acc"": -18.8, ""vel"": 26.44, ""pos"": 103.1, ""error"": 3.226531199999041}], [{""pair"": [2, 13, 0, 15], ""acc"": 0.4, ""vel"": 26.44, ""pos"": 107.1, ""error"": 0.780668800000992}], [{""pair"": [2, 13, 1, 15], ""acc"": -25.2, ""vel"": 25.8, ""pos"": 107.1, ""error"": 1.4134688000009596}], [{""pair"": [2, 13, 2, 15], ""acc"": -25.2, ""vel"": 26.44, ""pos"": 103.9, ""error"": 2.4265311999990296}]]",3
273.883,0.016999999999995907,0.378236,26.441542,106.74452177343206,0.4,26.44,106.7,0.4,26.44,925.1,0.4,26.44,106.7,0.6349575112774546,26.325419177614858,90.27152617562673,8.0,26.77368625819472,92.49516078097399,0.5469581761721128,26.29926637245069,90.29706079002572,3.254672847582242,16.472995597805323,0.6257448546845062,4.787160866584767,14.249360992458065,0.5322151329870279,3.166039870314789,16.44746098340633,0.6253961897825243,"[[0, 13, 1, 7], [0, 13, 2, 7], [2, 13, 1, 7], [2, 13, 2, 7], [0, 0, 0, 0], [0, 0, 0, 0], [0, 0, 0, 0], [0, 0, 0, 0], [0, 0, 0, 0], [0, 0, 0, 0], [0, 0, 0, 0], [0, 0, 0, 0], [0, 0, 0, 0], [0, 0, 0, 0], [0, 0, 0, 0], [0, 0, 0, 0]]",1,,1,0,1,"[2, 13, 1, 7]","[[[0, 13, 1, 7], [6.8, 26.44, 105.9], 0.8563377999998778], [[0, 13, 2, 7], [6.8, 26.44, 925.1], 818.3572622000002], [[2, 13, 1, 7], [0.4, 26.44, 106.7], 0.056337799999880644], [[2, 13, 2, 7], [0.4, 26.44, 925.9], 819.1572622000001]]","[[2, 13, 1, 7]]","[{""pair"": [2, 13, 1, 7], ""acc"": 0.4, ""vel"": 26.44, ""pos"": 106.7, ""error"": 0.056337799999880644}]","[[{""pair"": [0, 13, 1, 7], ""acc"": 6.8, ""vel"": 26.44, ""pos"": 105.9, ""error"": 0.8563377999998778}], [{""pair"": [0, 13, 2, 7], ""acc"": 6.8, ""vel"": 26.44, ""pos"": 925.1, ""error"": 818.3572622000002}], [{""pair"": [2, 13, 1, 7], ""acc"": 0.4, ""vel"": 26.44, ""pos"": 106.7, ""error"": 0.056337799999880644}], [{""pair"": [2, 13, 2, 7], ""acc"": 0.4, ""vel"": 26.44, ""pos"": 925.9, ""error"": 819.1572622000001}]]",3
273.9,0.016999999999995907,0.378434,26.44511,107.19408264253394,0.4,26.45,107.2,0.4,26.45,107.2,0.4,26.45,107.2,0.6232740894922338,26.336213455306574,90.71915005300646,7.209397120069847,26.909686258194686,92.95146944736318,0.5384665106411078,26.30856466144561,90.74422735381373,3.258223793247596,16.474932589527484,0.6255619327161814,5.224013282973967,14.242613195170762,0.5292745912573962,3.1644861252361136,16.449855288720215,0.6252661633352795,"[[3, 7, 2, 1], [2, 1, 2, 7], [0, 0, 0, 0], [0, 0, 0, 0], [0, 0, 0, 0], [0, 0, 0, 0], [0, 0, 0, 0], [0, 0, 0, 0], [0, 0, 0, 0], [0, 0, 0, 0], [0, 0, 0, 0], [0, 0, 0, 0], [0, 0, 0, 0], [0, 0, 0, 0], [0, 0, 0, 0], [0, 0, 0, 0]]",1,,1,0,1,"[3, 7, 2, 1]","[[[3, 7, 2, 1], [0.4, 26.45, 107.2], 0.05366220000011168], [[2, 1, 2, 7], [0.4, 26.45, 107.2], 0.05366220000011168]]","[[3, 7, 2, 1]]","[{""pair"": [3, 7, 2, 1], ""acc"": 0.4, ""vel"": 26.45, ""pos"": 107.2, ""error"": 0.05366220000011168}]","[[{""pair"": [3, 7, 2, 1], ""acc"": 0.4, ""vel"": 26.45, ""pos"": 107.2, ""error"": 0.05366220000011168}], [{""pair"": [2, 1, 2, 7], ""acc"": 0.4, ""vel"": 26.45, ""pos"": 107.2, ""error"": 0.05366220000011168}]]",3
273.917,0.016000000000019554,0.378728,26.448652,107.64370419624683,0.4,26.45,107.60000000000001,0.4,36.69,107.2,0.4,26.45,107.6,0.6035727212584536,26.346809114827938,91.16695574485249,6.811745829260785,27.032246009235845,93.40997587163623,0.5219066888662184,26.317718592126507,91.19155076146899,3.294171569806577,16.476748451394343,0.6253792776037254,-34.76013638008596,14.233728324610595,0.526546270692694,3.195510102610231,16.45215343477784,0.6251360039885769,"[[3, 12, 0, 3], [0, 3, 0, 12], [0, 3, 1, 12], [0, 3, 2, 12], [0, 0, 0, 0], [0, 0, 0, 0], [0, 0, 0, 0], [0, 0, 0, 0], [0, 0, 0, 0], [0, 0, 0, 0], [0, 0, 0, 0], [0, 0, 0, 0], [0, 0, 0, 0], [0, 0, 0, 0], [0, 0, 0, 0], [0, 0, 0, 0]]",1,,1,0,1,"[0, 3, 2, 12]","[[[3, 12, 0, 3], [0.4, 26.45, 107.2], 0.4296512000005279], [[0, 3, 0, 12], [3.6, 26.45, 107.2], 0.4296512000005279], [[0, 3, 1, 12], [0.4, 26.53, 107.2], 0.49685120000051697], [[0, 3, 2, 12], [0.4, 26.45, 107.6], 0.02965120000053645]]","[[0, 3, 2, 12]]","[{""pair"": [0, 3, 2, 12], ""acc"": 0.4, ""vel"": 26.45, ""pos"": 107.6, ""error"": 0.02965120000053645}]","[[{""pair"": [3, 12, 0, 3], ""acc"": 0.4, ""vel"": 26.45, ""pos"": 107.2, ""error"": 0.4296512000005279}], [{""pair"": [0, 3, 0, 12], ""acc"": 3.6, ""vel"": 26.45, ""pos"": 107.2, ""error"": 0.4296512000005279}], [{""pair"": [0, 3, 1, 12], ""acc"": 0.4, ""vel"": 26.53, ""pos"": 107.2, ""error"": 0.49685120000051697}], [{""pair"": [0, 3, 2, 12], ""acc"": 0.4, ""vel"": 26.45, ""pos"": 107.6, ""error"": 0.02965120000053645}]]",3
273.933,0.016999999999995907,0.378931,26.452166,108.06693110543135,0.4,26.45,108.10000000000001,0.4,26.45,133.7,0.4,26.45,108.1,0.5957400131917203,26.356466278368085,91.58858194799856,8.0,27.14123394250415,93.84336371125069,0.5175404729328064,26.326069099148377,91.6127010629997,3.326947545508939,16.47834915743279,0.625210867928729,6.029378389359132,14.223567394180662,0.5240575069030315,3.2238202982357826,16.454230042431647,0.6250165940255746,"[[3, 2, 3, 6], [3, 2, 0, 6], [3, 2, 1, 6], [3, 2, 2, 6], [3, 6, 0, 2], [3, 6, 1, 2], [0, 2, 0, 6], [0, 2, 1, 6], [0, 2, 2, 6], [1, 2, 0, 6], [1, 2, 1, 6], [1, 2, 2, 6], [0, 0, 0, 0], [0, 0, 0, 0], [0, 0, 0, 0], [0, 0, 0, 0]]",1,,1,0,1,"[3, 6, 1, 2]","[[[3, 2, 3, 6], [0.4, 26.45, 133.7], 25.657092200000108], [[3, 2, 0, 6], [0.4, 108.37, 133.7], 107.56349220000011], [[3, 2, 1, 6], [0.4, 26.45, 543.3], 435.2570922000001], [[3, 2, 2, 6], [0.4, 26.45, 133.7], 25.657092200000108], [[3, 6, 0, 2], [0.4, 21.33, 133.7], 30.77709220000011], [[3, 6, 1, 2], [0.4, 26.45, 108.1], 0.05709220000011328], [[0, 2, 0, 6], [0.4, 103.25, 133.7], 102.44349220000011], [[0, 2, 1, 6], [0.4, 21.33, 543.3], 440.3770922000001], [[0, 2, 2, 6], [0.4, 21.33, 133.7], 30.77709220000011], [[1, 2, 0, 6], [0.4, 108.37, 108.1], 81.96349220000012], [[1, 2, 1, 6], [0.4, 26.45, 517.7], 409.6570922000002], [[1, 2, 2, 6], [0.4, 26.45, 108.1], 0.05709220000011328]]","[[3, 6, 1, 2]]","[{""pair"": [3, 6, 1, 2], ""acc"": 0.4, ""vel"": 26.45, ""pos"": 108.1, ""error"": 0.05709220000011328}]","[[{""pair"": [3, 2, 3, 6], ""acc"": 0.4, ""vel"": 26.45, ""pos"": 133.7, ""error"": 25.657092200000108}], [{""pair"": [3, 2, 0, 6], ""acc"": 0.4, ""vel"": 108.37, ""pos"": 133.7, ""error"": 107.56349220000011}], [{""pair"": [3, 2, 1, 6], ""acc"": 0.4, ""vel"": 26.45, ""pos"": 543.3, ""error"": 435.2570922000001}], [{""pair"": [3, 2, 2, 6], ""acc"": 0.4, ""vel"": 26.45, ""pos"": 133.7, ""error"": 25.657092200000108}], [{""pair"": [3, 6, 0, 2], ""acc"": 0.4, ""vel"": 21.33, ""pos"": 133.7, ""error"": 30.77709220000011}], [{""pair"": [3, 6, 1, 2], ""acc"": 0.4, ""vel"": 26.45, ""pos"": 108.1, ""error"": 0.05709220000011328}], [{""pair"": [0, 2, 0, 6], ""acc"": 0.4, ""vel"": 103.25, ""pos"": 133.7, ""error"": 102.44349220000011}], [{""pair"": [0, 2, 1, 6], ""acc"": 0.4, ""vel"": 21.33, ""pos"": 543.3, ""error"": 440.3770922000001}], [{""pair"": [0, 2, 2, 6], ""acc"": 0.4, ""vel"": 21.33, ""pos"": 133.7, ""error"": 30.77709220000011}], [{""pair"": [1, 2, 0, 6], ""acc"": 0.4, ""vel"": 108.37, ""pos"": 108.1, ""error"": 81.96349220000012}], [{""pair"": [1, 2, 1, 6], ""acc"": 0.4, ""vel"": 26.45, ""pos"": 517.7, ""error"": 409.6570922000002}], [{""pair"": [1, 2, 2, 6], ""acc"": 0.4, ""vel"": 26.45, ""pos"": 108.1, ""error"": 0.05709220000011328}]]",3
273.95,0.016999999999995907,0.379047,26.455437,108.51667268296075,0.4,26.46,108.5,0.6,26.46,1746.9,0.4,26.46,108.5,0.5789204416180536,26.366593858592342,92.03672795916262,8.0,27.277233942504118,94.30592068827315,0.5043143500816257,26.33486728718823,92.06031902228347,3.328263867356691,16.479944723798127,0.6250312350613936,6.472466616381582,14.210751994687598,0.5209748182180607,3.2205889183323695,16.45635366067728,0.6248884219243135,"[[3, 10, 1, 9], [3, 10, 2, 9], [1, 9, 1, 10], [1, 9, 2, 10], [2, 9, 1, 10], [2, 9, 2, 10], [0, 8, 1, 8], [1, 8, 0, 8], [0, 0, 0, 0], [0, 0, 0, 0], [0, 0, 0, 0], [0, 0, 0, 0], [0, 0, 0, 0], [0, 0, 0, 0], [0, 0, 0, 0], [0, 0, 0, 0]]",1,,1,0,1,"[0, 8, 1, 8]","[[[3, 10, 1, 9], [0.6, 26.47, 1746.9], 1638.3634922000003], [[3, 10, 2, 9], [0.6, 26.46, 1746.9], 1638.3534922000003], [[1, 9, 1, 10], [0.6, 26.45, 1746.9], 1638.3570922000004], [[1, 9, 2, 10], [0.6, 26.47, 1746.8], 1638.2634922000002], [[2, 9, 1, 10], [0.6, 26.44, 1746.9], 1638.3670922000003], [[2, 9, 2, 10], [0.6, 26.46, 1746.8], 1638.2534922000002], [[0, 8, 1, 8], [0.4, 26.46, 108.5], 0.0529077999998826], [[1, 8, 0, 8], [0.4, 26.46, 108.5], 0.0529077999998826]]","[[0, 8, 1, 8]]","[{""pair"": [0, 8, 1, 8], ""acc"": 0.4, ""vel"": 26.46, ""pos"": 108.5, ""error"": 0.0529077999998826}]","[[{""pair"": [3, 10, 1, 9], ""acc"": 0.6, ""vel"": 26.47, ""pos"": 1746.9, ""error"": 1638.3634922000003}], [{""pair"": [3, 10, 2, 9], ""acc"": 0.6, ""vel"": 26.46, ""pos"": 1746.9, ""error"": 1638.3534922000003}], [{""pair"": [1, 9, 1, 10], ""acc"": 0.6, ""vel"": 26.45, ""pos"": 1746.9, ""error"": 1638.3570922000004}], [{""pair"": [1, 9, 2, 10], ""acc"": 0.6, ""vel"": 26.47, ""pos"": 1746.8, ""error"": 1638.2634922000002}], [{""pair"": [2, 9, 1, 10], ""acc"": 0.6, ""vel"": 26.44, ""pos"": 1746.9, ""error"": 1638.3670922000003}], [{""pair"": [2, 9, 2, 10], ""acc"": 0.6, ""vel"": 26.46, ""pos"": 1746.8, ""error"": 1638.2534922000002}], [{""pair"": [0, 8, 1, 8], ""acc"": 0.4, ""vel"": 26.46, ""pos"": 108.5, ""error"": 0.0529077999998826}], [{""pair"": [1, 8, 0, 8], ""acc"": 0.4, ""vel"": 26.46, ""pos"": 108.5, ""error"": 0.0529077999998826}]]",3
273.967,0.016000000000019554,0.379023,26.459122,108.96646988425213,0.4,26.46,109.0,0.4,26.46,111.4,0.4,26.46,109.0,0.5709247936142234,26.376435506099845,92.48504370876239,7.579687183820917,27.413233942504085,94.7707896652956,0.4998108828531859,26.343440631139618,92.50808463958914,3.3616904260752687,16.481426175489744,0.6248541874309829,6.950935593404034,14.19568021895654,0.5178404068899805,3.2496730810125647,16.458385244662992,0.6247621742016545,"[[3, 13, 3, 15], [2, 14, 1, 13], [2, 14, 2, 13], [3, 13, 1, 15], [3, 15, 0, 13], [0, 13, 1, 15], [0, 0, 0, 0], [0, 0, 0, 0], [0, 0, 0, 0], [0, 0, 0, 0], [0, 0, 0, 0], [0, 0, 0, 0], [0, 0, 0, 0], [0, 0, 0, 0], [0, 0, 0, 0], [0, 0, 0, 0]]",1,,1,0,1,"[2, 14, 2, 13]","[[[3, 13, 3, 15], [0.4, 26.46, 111.4], 2.4829887999994966], [[2, 14, 1, 13], [0.4, 26.3, 109.8], 1.0429887999994882], [[2, 14, 2, 13], [0.4, 26.46, 109.0], 0.08298879999949094], [[3, 13, 1, 15], [0.4, 25.82, 111.4], 3.122988799999497], [[3, 15, 0, 13], [6.8, 26.46, 111.4], 2.4829887999994966], [[0, 13, 1, 15], [6.8, 25.82, 111.4], 3.122988799999497]]","[[2, 14, 2, 13]]","[{""pair"": [2, 14, 2, 13], ""acc"": 0.4, ""vel"": 26.46, ""pos"": 109.0, ""error"": 0.08298879999949094}]","[[{""pair"": [3, 13, 3, 15], ""acc"": 0.4, ""vel"": 26.46, ""pos"": 111.4, ""error"": 2.4829887999994966}], [{""pair"": [2, 14, 1, 13], ""acc"": 0.4, ""vel"": 26.3, ""pos"": 109.8, ""error"": 1.0429887999994882}], [{""pair"": [2, 14, 2, 13], ""acc"": 0.4, ""vel"": 26.46, ""pos"": 109.0, ""error"": 0.08298879999949094}], [{""pair"": [3, 13, 1, 15], ""acc"": 0.4, ""vel"": 25.82, ""pos"": 111.4, ""error"": 3.122988799999497}], [{""pair"": [3, 15, 0, 13], ""acc"": 6.8, ""vel"": 26.46, ""pos"": 111.4, ""error"": 2.4829887999994966}], [{""pair"": [0, 13, 1, 15], ""acc"": 6.8, ""vel"": 25.82, ""pos"": 111.4, ""error"": 3.122988799999497}]]",3
273.983,0.016999999999995907,0.378805,26.46257,109.38986435119665,0.4,26.46,109.4,0.4,26.46,928.6,0.4,26.46,109.4,0.5576822460600025,26.385570302797685,92.9071397552341,8.0,27.53450893744537,95.21037160833572,0.4903798670818525,26.35143760526528,92.92964366548091,3.3927270430222105,16.48272459596255,0.6246870697433768,7.379549795385715,14.17949274286093,0.5149716951580576,3.2768102520383415,16.46022068571574,0.6246422275810419,"[[3, 1, 1, 7], [3, 1, 2, 7], [2, 1, 1, 7], [2, 1, 2, 7], [0, 0, 0, 0], [0, 0, 0, 0], [0, 0, 0, 0], [0, 0, 0, 0], [0, 0, 0, 0], [0, 0, 0, 0], [0, 0, 0, 0], [0, 0, 0, 0], [0, 0, 0, 0], [0, 0, 0, 0], [0, 0, 0, 0], [0, 0, 0, 0]]",1,,1,0,1,"[3, 1, 1, 7]","[[[3, 1, 1, 7], [0.4, 26.46, 109.4], 0.05667779999987488], [[3, 1, 2, 7], [0.4, 26.46, 928.6], 819.1569222000002], [[2, 1, 1, 7], [0.4, 26.46, 109.4], 0.05667779999987488], [[2, 1, 2, 7], [0.4, 26.46, 928.6], 819.1569222000002]]","[[3, 1, 1, 7]]","[{""pair"": [3, 1, 1, 7], ""acc"": 0.4, ""vel"": 26.46, ""pos"": 109.4, ""error"": 0.05667779999987488}]","[[{""pair"": [3, 1, 1, 7], ""acc"": 0.4, ""vel"": 26.46, ""pos"": 109.4, ""error"": 0.05667779999987488}], [{""pair"": [3, 1, 2, 7], ""acc"": 0.4, ""vel"": 26.46, ""pos"": 928.6, ""error"": 819.1569222000002}], [{""pair"": [2, 1, 1, 7], ""acc"": 0.4, ""vel"": 26.46, ""pos"": 109.4, ""error"": 0.05667779999987488}], [{""pair"": [2, 1, 2, 7], ""acc"": 0.4, ""vel"": 26.46, ""pos"": 928.6, ""error"": 819.1569222000002}]]",3
274.0,0.016999999999995907,0.378516,26.466003,109.83978277851904,0.4,26.47,109.80000000000001,-18.8,26.47,109.8,0.4,26.47,109.8,0.5356868383673433,26.395050900980703,93.35577503546611,6.847827036361907,27.670508937445337,95.67961426027217,0.4722935601688282,26.359774063005666,93.3776889646611,3.39186834418321,16.484007743052928,0.6245113072481504,7.829311197322179,14.160168518246863,0.5117422505765516,3.2720266970947076,16.462093813857933,0.6245157403288019,"[[3, 13, 0, 15], [3, 13, 1, 15], [0, 15, 0, 13], [0, 15, 1, 13], [0, 15, 2, 13], [1, 15, 0, 13], [1, 15, 1, 13], [1, 15, 2, 13], [0, 0, 0, 0], [0, 0, 0, 0], [0, 0, 0, 0], [0, 0, 0, 0], [0, 0, 0, 0], [0, 0, 0, 0], [0, 0, 0, 0], [0, 0, 0, 0]]",1,,1,0,1,"[0, 15, 0, 13]","[[[3, 13, 0, 15], [6.8, 26.47, 109.8], 0.053077799999890374], [[3, 13, 1, 15], [-18.8, 25.83, 109.8], 0.6866777999998916], [[0, 15, 0, 13], [0.4, 26.47, 109.8], 0.053077799999890374], [[0, 15, 1, 13], [6.8, 26.31, 109.8], 0.20667779999989122], [[0, 15, 2, 13], [6.8, 26.47, 109.0], 0.8530777999998875], [[1, 15, 0, 13], [-25.2, 25.83, 109.8], 0.6866777999998916], [[1, 15, 1, 13], [-18.8, 25.67, 109.8], 0.8466777999998882], [[1, 15, 2, 13], [-18.8, 25.83, 109.0], 1.4866777999998888]]","[[0, 15, 0, 13]]","[{""pair"": [0, 15, 0, 13], ""acc"": 0.4, ""vel"": 26.47, ""pos"": 109.8, ""error"": 0.053077799999890374}]","[[{""pair"": [3, 13, 0, 15], ""acc"": 6.8, ""vel"": 26.47, ""pos"": 109.8, ""error"": 0.053077799999890374}], [{""pair"": [3, 13, 1, 15], ""acc"": -18.8, ""vel"": 25.83, ""pos"": 109.8, ""error"": 0.6866777999998916}], [{""pair"": [0, 15, 0, 13], ""acc"": 0.4, ""vel"": 26.47, ""pos"": 109.8, ""error"": 0.053077799999890374}], [{""pair"": [0, 15, 1, 13], ""acc"": 6.8, ""vel"": 26.31, ""pos"": 109.8, ""error"": 0.20667779999989122}], [{""pair"": [0, 15, 2, 13], ""acc"": 6.8, ""vel"": 26.47, ""pos"": 109.0, ""error"": 0.8530777999998875}], [{""pair"": [1, 15, 0, 13], ""acc"": -25.2, ""vel"": 25.83, ""pos"": 109.8, ""error"": 0.6866777999998916}], [{""pair"": [1, 15, 1, 13], ""acc"": -18.8, ""vel"": 25.67, ""pos"": 109.8, ""error"": 0.8466777999998882}], [{""pair"": [1, 15, 2, 13], ""acc"": -18.8, ""vel"": 25.83, ""pos"": 109.0, ""error"": 1.4866777999998888}]]",3
274.017,0.016000000000019554,0.378165,26.469427,110.28975952508092,0.4,26.47,110.30000000000001,0.4,26.47,110.2,0.4,26.47,110.2,0.5230439928527532,26.404157577232944,93.80456830753081,6.00456612989752,27.786921997063462,96.15100242321539,0.4470922807488621,26.367803053528533,93.82587337015154,3.4228305929325398,16.48519121755011,0.6243407376027975,8.24445057913693,14.138757101865536,0.5088277536950558,3.299288922207143,16.463886154929384,0.6243935500241151,"[[3, 8, 0, 8], [3, 8, 1, 8], [3, 8, 2, 8], [0, 9, 0, 10], [0, 9, 2, 10], [1, 9, 0, 10], [1, 9, 2, 10], [2, 9, 0, 10], [2, 9, 2, 10], [0, 8, 1, 8], [0, 8, 2, 8], [1, 8, 0, 8], [1, 8, 2, 8], [2, 8, 0, 8], [2, 8, 1, 8], [0, 0, 0, 0]]",1,,1,0,1,"[3, 8, 2, 8]","[[[3, 8, 0, 8], [0.6, 26.47, 110.2], 0.029971200000524334], [[3, 8, 1, 8], [0.4, 26.47, 1748.6], 1638.3828287999993], [[3, 8, 2, 8], [0.4, 26.47, 110.2], 0.029971200000524334], [[0, 9, 0, 10], [0.8, 26.47, 110.2], 0.029971200000524334], [[0, 9, 2, 10], [0.0, 26.47, 110.3], 0.08282879999948278], [[1, 9, 0, 10], [1.2, 26.46, 110.2], 0.039971200000522344], [[1, 9, 2, 10], [0.4, 26.46, 110.3], 0.0928287999994808], [[2, 9, 0, 10], [1.2, 26.47, 110.2], 0.029971200000524334], [[2, 9, 2, 10], [0.4, 26.47, 110.3], 0.08282879999948278], [[0, 8, 1, 8], [0.6, 26.47, 1748.6], 1638.3828287999993], [[0, 8, 2, 8], [0.6, 26.47, 110.2], 0.029971200000524334], [[1, 8, 0, 8], [0.6, 26.47, 1748.6], 1638.3828287999993], [[1, 8, 2, 8], [0.4, 26.47, 1748.6], 1638.3828287999993], [[2, 8, 0, 8], [0.6, 26.47, 110.2], 0.029971200000524334], [[2, 8, 1, 8], [0.4, 26.47, 1748.6], 1638.3828287999993]]","[[3, 8, 2, 8]]","[{""pair"": [3, 8, 2, 8], ""acc"": 0.4, ""vel"": 26.47, ""pos"": 110.2, ""error"": 0.029971200000524334}]","[[{""pair"": [3, 8, 0, 8], ""acc"": 0.6, ""vel"": 26.47, ""pos"": 110.2, ""error"": 0.029971200000524334}], [{""pair"": [3, 8, 1, 8], ""acc"": 0.4, ""vel"": 26.47, ""pos"": 1748.6, ""error"": 1638.3828287999993}], [{""pair"": [3, 8, 2, 8], ""acc"": 0.4, ""vel"": 26.47, ""pos"": 110.2, ""error"": 0.029971200000524334}], [{""pair"": [0, 9, 0, 10], ""acc"": 0.8, ""vel"": 26.47, ""pos"": 110.2, ""error"": 0.029971200000524334}], [{""pair"": [0, 9, 2, 10], ""acc"": 0.0, ""vel"": 26.47, ""pos"": 110.3, ""error"": 0.08282879999948278}], [{""pair"": [1, 9, 0, 10], ""acc"": 1.2, ""vel"": 26.46, ""pos"": 110.2, ""error"": 0.039971200000522344}], [{""pair"": [1, 9, 2, 10], ""acc"": 0.4, ""vel"": 26.46, ""pos"": 110.3, ""error"": 0.0928287999994808}], [{""pair"": [2, 9, 0, 10], ""acc"": 1.2, ""vel"": 26.47, ""pos"": 110.2, ""error"": 0.029971200000524334}], [{""pair"": [2, 9, 2, 10], ""acc"": 0.4, ""vel"": 26.47, ""pos"": 110.3, ""error"": 0.08282879999948278}], [{""pair"": [0, 8, 1, 8], ""acc"": 0.6, ""vel"": 26.47, ""pos"": 1748.6, ""error"": 1638.3828287999993}], [{""pair"": [0, 8, 2, 8], ""acc"": 0.6, ""vel"": 26.47, ""pos"": 110.2, ""error"": 0.029971200000524334}], [{""pair"": [1, 8, 0, 8], ""acc"": 0.6, ""vel"": 26.47, ""pos"": 1748.6, ""error"": 1638.3828287999993}], [{""pair"": [1, 8, 2, 8], ""acc"": 0.4, ""vel"": 26.47, ""pos"": 1748.6, ""error"": 1638.3828287999993}], [{""pair"": [2, 8, 0, 8], ""acc"": 0.6, ""vel"": 26.47, ""pos"": 110.2, ""error"": 0.029971200000524334}], [{""pair"": [2, 8, 1, 8], ""acc"": 0.4, ""vel"": 26.47, ""pos"": 1748.6, ""error"": 1638.3828287999993}]]",3
274.033,0.016999999999995907,0.37782,26.472845,110.71331876220144,0.4,26.47,110.7,0.4,26.47,136.3,0.4,26.47,110.7,0.5050907500739308,26.4125262811186,94.22710177839815,8.0,27.88299505514194,96.59636175963357,0.43393901006970137,26.374956530020523,94.24781544682045,3.451292912535652,16.48621698380329,0.6241817540788862,8.588331583331067,14.116957002567872,0.5062927054518322,3.3235851505315677,16.465503315380985,0.6242855148079433,"[[3, 3, 0, 2], [3, 3, 1, 2], [3, 1, 0, 1], [3, 1, 1, 1], [3, 1, 2, 1], [0, 2, 0, 3], [0, 2, 1, 3], [1, 2, 0, 3], [1, 2, 1, 3], [0, 1, 1, 1], [0, 1, 2, 1], [1, 1, 0, 1], [1, 1, 2, 1], [2, 1, 0, 1], [2, 1, 1, 1], [0, 0, 0, 0]]",1,,1,0,1,"[3, 3, 1, 2]","[[[3, 3, 0, 2], [0.4, 21.35, 136.3], 30.776752200000125], [[3, 3, 1, 2], [0.4, 26.47, 110.7], 0.056752200000119046], [[3, 1, 0, 1], [0.4, 29.03, 136.3], 28.203152200000133], [[3, 1, 1, 1], [0.4, 26.47, 149.1], 38.45675220000011], [[3, 1, 2, 1], [0.4, 26.47, 136.3], 25.656752200000128], [[0, 2, 0, 3], [0.4, 31.59, 136.3], 30.763152200000132], [[0, 2, 1, 3], [0.4, 21.35, 187.5], 81.9767522000001], [[1, 2, 0, 3], [0.4, 36.71, 110.7], 10.283152200000124], [[1, 2, 1, 3], [0.4, 26.47, 161.9], 51.25675220000012], [[0, 1, 1, 1], [0.4, 29.03, 149.1], 41.003152200000116], [[0, 1, 2, 1], [0.4, 29.03, 136.3], 28.203152200000133], [[1, 1, 0, 1], [0.4, 29.03, 149.1], 41.003152200000116], [[1, 1, 2, 1], [0.4, 26.47, 149.1], 38.45675220000011], [[2, 1, 0, 1], [0.4, 29.03, 136.3], 28.203152200000133], [[2, 1, 1, 1], [0.4, 26.47, 149.1], 38.45675220000011]]","[[3, 3, 1, 2]]","[{""pair"": [3, 3, 1, 2], ""acc"": 0.4, ""vel"": 26.47, ""pos"": 110.7, ""error"": 0.056752200000119046}]","[[{""pair"": [3, 3, 0, 2], ""acc"": 0.4, ""vel"": 21.35, ""pos"": 136.3, ""error"": 30.776752200000125}], [{""pair"": [3, 3, 1, 2], ""acc"": 0.4, ""vel"": 26.47, ""pos"": 110.7, ""error"": 0.056752200000119046}], [{""pair"": [3, 1, 0, 1], ""acc"": 0.4, ""vel"": 29.03, ""pos"": 136.3, ""error"": 28.203152200000133}], [{""pair"": [3, 1, 1, 1], ""acc"": 0.4, ""vel"": 26.47, ""pos"": 149.1, ""error"": 38.45675220000011}], [{""pair"": [3, 1, 2, 1], ""acc"": 0.4, ""vel"": 26.47, ""pos"": 136.3, ""error"": 25.656752200000128}], [{""pair"": [0, 2, 0, 3], ""acc"": 0.4, ""vel"": 31.59, ""pos"": 136.3, ""error"": 30.763152200000132}], [{""pair"": [0, 2, 1, 3], ""acc"": 0.4, ""vel"": 21.35, ""pos"": 187.5, ""error"": 81.9767522000001}], [{""pair"": [1, 2, 0, 3], ""acc"": 0.4, ""vel"": 36.71, ""pos"": 110.7, ""error"": 10.283152200000124}], [{""pair"": [1, 2, 1, 3], ""acc"": 0.4, ""vel"": 26.47, ""pos"": 161.9, ""error"": 51.25675220000012}], [{""pair"": [0, 1, 1, 1], ""acc"": 0.4, ""vel"": 29.03, ""pos"": 149.1, ""error"": 41.003152200000116}], [{""pair"": [0, 1, 2, 1], ""acc"": 0.4, ""vel"": 29.03, ""pos"": 136.3, ""error"": 28.203152200000133}], [{""pair"": [1, 1, 0, 1], ""acc"": 0.4, ""vel"": 29.03, ""pos"": 149.1, ""error"": 41.003152200000116}], [{""pair"": [1, 1, 2, 1], ""acc"": 0.4, ""vel"": 26.47, ""pos"": 149.1, ""error"": 38.45675220000011}], [{""pair"": [2, 1, 0, 1], ""acc"": 0.4, ""vel"": 29.03, ""pos"": 136.3, ""error"": 28.203152200000133}], [{""pair"": [2, 1, 1, 1], ""acc"": 0.4, ""vel"": 26.47, ""pos"": 149.1, ""error"": 38.45675220000011}]]",3
274.05,0.016999999999995907,0.377468,26.476259,111.16341172219133,0.4,26.48,111.2,1.2,26.48,111.2,0.4,26.48,111.2,0.49596959206793645,26.42111282386985,94.67618771079044,7.05981215230226,28.018995055141907,97.07152867557086,0.4296926069261448,26.382333493191705,94.69625241201766,3.4474114606157262,16.487224011400883,0.6240170170465223,9.044004749268352,14.091883046620467,0.5029403452510476,3.3155533834432216,16.46715931017367,0.6241737227081611,"[[3, 6, 3, 10], [3, 6, 0, 10], [3, 10, 2, 6], [2, 6, 0, 10], [0, 0, 0, 0], [0, 0, 0, 0], [0, 0, 0, 0], [0, 0, 0, 0], [0, 0, 0, 0], [0, 0, 0, 0], [0, 0, 0, 0], [0, 0, 0, 0], [0, 0, 0, 0], [0, 0, 0, 0], [0, 0, 0, 0], [0, 0, 0, 0]]",1,,1,0,1,"[3, 6, 0, 10]","[[[3, 6, 3, 10], [1.2, 26.48, 111.2], 0.053152200000123884], [[3, 6, 0, 10], [0.4, 26.48, 111.2], 0.053152200000123884], [[3, 10, 2, 6], [1.2, 26.48, 111.2], 0.053152200000123884], [[2, 6, 0, 10], [0.4, 26.48, 111.2], 0.053152200000123884]]","[[3, 6, 0, 10]]","[{""pair"": [3, 6, 0, 10], ""acc"": 0.4, ""vel"": 26.48, ""pos"": 111.2, ""error"": 0.053152200000123884}]","[[{""pair"": [3, 6, 3, 10], ""acc"": 1.2, ""vel"": 26.48, ""pos"": 111.2, ""error"": 0.053152200000123884}], [{""pair"": [3, 6, 0, 10], ""acc"": 0.4, ""vel"": 26.48, ""pos"": 111.2, ""error"": 0.053152200000123884}], [{""pair"": [3, 10, 2, 6], ""acc"": 1.2, ""vel"": 26.48, ""pos"": 111.2, ""error"": 0.053152200000123884}], [{""pair"": [2, 6, 0, 10], ""acc"": 0.4, ""vel"": 26.48, ""pos"": 111.2, ""error"": 0.053152200000123884}]]",3
274.067,0.016000000000019554,0.377148,26.479675,111.61356266931722,0.4,26.48,111.60000000000001,0.4,108.4,162.8,0.4,26.48,111.6,0.4786246908672521,26.429544306935004,95.12541829640217,8.0,28.139011861731017,97.54887173436417,0.4169956234963513,26.389638267509447,95.14481417198351,3.4761051977085278,16.488144372915045,0.623852768002081,-102.94834952916197,14.064690934953049,0.49982888539455045,3.340376819875878,16.468748497333706,0.6240611686447327,"[[1, 3, 0, 6], [1, 3, 2, 6], [2, 3, 0, 6], [2, 3, 2, 6], [0, 0, 0, 0], [0, 0, 0, 0], [0, 0, 0, 0], [0, 0, 0, 0], [0, 0, 0, 0], [0, 0, 0, 0], [0, 0, 0, 0], [0, 0, 0, 0], [0, 0, 0, 0], [0, 0, 0, 0], [0, 0, 0, 0], [0, 0, 0, 0]]",1,,1,0,1,"[1, 3, 0, 6]","[[[1, 3, 0, 6], [0.4, 26.48, 111.6], 0.030131200000532488], [[1, 3, 2, 6], [0.4, 108.4, 111.6], 81.93733120000053], [[2, 3, 0, 6], [0.4, 26.48, 162.8], 51.1826687999995], [[2, 3, 2, 6], [0.4, 108.4, 162.8], 133.0898687999995]]","[[1, 3, 0, 6]]","[{""pair"": [1, 3, 0, 6], ""acc"": 0.4, ""vel"": 26.48, ""pos"": 111.6, ""error"": 0.030131200000532488}]","[[{""pair"": [1, 3, 0, 6], ""acc"": 0.4, ""vel"": 26.48, ""pos"": 111.6, ""error"": 0.030131200000532488}], [{""pair"": [1, 3, 2, 6], ""acc"": 0.4, ""vel"": 108.4, ""pos"": 111.6, ""error"": 81.93733120000053}], [{""pair"": [2, 3, 0, 6], ""acc"": 0.4, ""vel"": 26.48, ""pos"": 162.8, ""error"": 51.1826687999995}], [{""pair"": [2, 3, 2, 6], ""acc"": 0.4, ""vel"": 108.4, ""pos"": 162.8, ""error"": 133.0898687999995}]]",3
274.083,0.016999999999995907,0.376848,26.483097,112.03728574426174,0.4,26.48,112.0,0.4,27.76,112.4,0.4,26.48,112.0,0.4559035876164114,26.43720230198889,95.54835226927408,7.104201759816546,28.267011861731174,98.00011992415241,0.3992630092717084,26.3963101974854,95.56710175970399,3.5021743274667987,16.48893347498766,0.6237019063755921,5.602098660626297,14.037165820109323,0.49659178298620615,3.363055522365512,16.47018398455775,0.6239578130933904,"[[0, 0, 1, 12], [0, 0, 2, 12], [1, 0, 1, 12], [1, 0, 2, 12], [0, 0, 0, 0], [0, 0, 0, 0], [0, 0, 0, 0], [0, 0, 0, 0], [0, 0, 0, 0], [0, 0, 0, 0], [0, 0, 0, 0], [0, 0, 0, 0], [0, 0, 0, 0], [0, 0, 0, 0], [0, 0, 0, 0], [0, 0, 0, 0]]",1,,1,0,1,"[0, 0, 2, 12]","[[[0, 0, 1, 12], [0.4, 26.4, 112.4], 0.43658220000012093], [[0, 0, 2, 12], [0.4, 26.48, 112.0], 0.05701779999988332], [[1, 0, 1, 12], [0.4, 27.68, 106.0], 7.243417799999886], [[1, 0, 2, 12], [0.4, 27.76, 105.6], 7.723417799999893]]","[[0, 0, 2, 12]]","[{""pair"": [0, 0, 2, 12], ""acc"": 0.4, ""vel"": 26.48, ""pos"": 112.0, ""error"": 0.05701779999988332}]","[[{""pair"": [0, 0, 1, 12], ""acc"": 0.4, ""vel"": 26.4, ""pos"": 112.4, ""error"": 0.43658220000012093}], [{""pair"": [0, 0, 2, 12], ""acc"": 0.4, ""vel"": 26.48, ""pos"": 112.0, ""error"": 0.05701779999988332}], [{""pair"": [1, 0, 1, 12], ""acc"": 0.4, ""vel"": 27.68, ""pos"": 106.0, ""error"": 7.243417799999886}], [{""pair"": [1, 0, 2, 12], ""acc"": 0.4, ""vel"": 27.76, ""pos"": 105.6, ""error"": 7.723417799999893}]]",3
274.1,0.016999999999995907,0.376593,26.486526,112.48755284779763,0.4,26.490000000000002,112.5,0.4,6.01,112.5,0.4,26.49,112.5,0.4422606246846843,26.444952662978366,95.99785058647619,-8.0,28.387783291648027,98.48168568295601,0.3906508299244838,26.403097668643017,96.01589672656597,3.4954591004957423,16.48970226132144,0.6235481859797848,51.947912092512986,14.005867164841618,0.4933765705109594,3.353026423108208,16.47165612123166,0.6238531678346898,"[[3, 4, 0, 9], [3, 4, 1, 9], [3, 4, 2, 9], [0, 4, 0, 9], [0, 4, 1, 9], [0, 4, 2, 9], [2, 4, 0, 9], [2, 4, 1, 9], [2, 4, 2, 9], [0, 0, 0, 0], [0, 0, 0, 0], [0, 0, 0, 0], [0, 0, 0, 0], [0, 0, 0, 0], [0, 0, 0, 0], [0, 0, 0, 0]]",1,,1,0,1,"[0, 4, 2, 9]","[[[3, 4, 0, 9], [0.0, 6.01, 112.5], 20.526582200000107], [[3, 4, 1, 9], [0.4, 6.0, 112.5], 20.536582200000108], [[3, 4, 2, 9], [0.4, 6.01, 112.5], 20.526582200000107], [[0, 4, 0, 9], [0.0, 26.49, 112.5], 0.052982200000109], [[0, 4, 1, 9], [0.4, 26.48, 112.5], 0.05658220000010772], [[0, 4, 2, 9], [0.4, 26.49, 112.5], 0.052982200000109], [[2, 4, 0, 9], [0.0, 6.01, 112.5], 20.526582200000107], [[2, 4, 1, 9], [0.4, 6.0, 112.5], 20.536582200000108], [[2, 4, 2, 9], [0.4, 6.01, 112.5], 20.526582200000107]]","[[0, 4, 2, 9]]","[{""pair"": [0, 4, 2, 9], ""acc"": 0.4, ""vel"": 26.49, ""pos"": 112.5, ""error"": 0.052982200000109}]","[[{""pair"": [3, 4, 0, 9], ""acc"": 0.0, ""vel"": 6.01, ""pos"": 112.5, ""error"": 20.526582200000107}], [{""pair"": [3, 4, 1, 9], ""acc"": 0.4, ""vel"": 6.0, ""pos"": 112.5, ""error"": 20.536582200000108}], [{""pair"": [3, 4, 2, 9], ""acc"": 0.4, ""vel"": 6.01, ""pos"": 112.5, ""error"": 20.526582200000107}], [{""pair"": [0, 4, 0, 9], ""acc"": 0.0, ""vel"": 26.49, ""pos"": 112.5, ""error"": 0.052982200000109}], [{""pair"": [0, 4, 1, 9], ""acc"": 0.4, ""vel"": 26.48, ""pos"": 112.5, ""error"": 0.05658220000010772}], [{""pair"": [0, 4, 2, 9], ""acc"": 0.4, ""vel"": 26.49, ""pos"": 112.5, ""error"": 0.052982200000109}], [{""pair"": [2, 4, 0, 9], ""acc"": 0.0, ""vel"": 6.01, ""pos"": 112.5, ""error"": 20.526582200000107}], [{""pair"": [2, 4, 1, 9], ""acc"": 0.4, ""vel"": 6.0, ""pos"": 112.5, ""error"": 20.536582200000108}], [{""pair"": [2, 4, 2, 9], ""acc"": 0.4, ""vel"": 6.01, ""pos"": 112.5, ""error"": 20.526582200000107}]]",3
274.117,0.01599999999996271,0.376354,26.489964,112.93787820748602,0.4,26.490000000000002,112.9,0.5,26.49,10.5,0.4,26.49,112.9,0.4208940170814892,26.452471093598003,96.44747868840699,-8.0,28.25178329164806,98.96312199891392,0.37404868182721707,26.40973873275173,96.46480583597771,3.5210675442121655,16.490399519079034,0.6233973174275587,9.852875776555095,13.974756208572103,0.4946504107124237,3.3756113690381127,16.47307237150831,0.6237499180966686,"[[3, 4, 0, 7], [3, 4, 2, 7], [1, 4, 0, 7], [1, 4, 2, 7], [2, 4, 0, 7], [2, 4, 2, 7], [0, 0, 0, 0], [0, 0, 0, 0], [0, 0, 0, 0], [0, 0, 0, 0], [0, 0, 0, 0], [0, 0, 0, 0], [0, 0, 0, 0], [0, 0, 0, 0], [0, 0, 0, 0], [0, 0, 0, 0]]",1,,1,0,1,"[1, 4, 0, 7]","[[[3, 4, 0, 7], [0.4, 26.49, 10.5], 102.430291199999], [[3, 4, 2, 7], [0.5, 26.49, 10.5], 102.430291199999], [[1, 4, 0, 7], [0.4, 26.49, 112.9], 0.030291199998998763], [[1, 4, 2, 7], [0.5, 26.49, 112.9], 0.030291199998998763], [[2, 4, 0, 7], [0.4, 26.49, 10.5], 102.430291199999], [[2, 4, 2, 7], [0.5, 26.49, 10.5], 102.430291199999]]","[[1, 4, 0, 7]]","[{""pair"": [1, 4, 0, 7], ""acc"": 0.4, ""vel"": 26.49, ""pos"": 112.9, ""error"": 0.030291199998998763}]","[[{""pair"": [3, 4, 0, 7], ""acc"": 0.4, ""vel"": 26.49, ""pos"": 10.5, ""error"": 102.430291199999}], [{""pair"": [3, 4, 2, 7], ""acc"": 0.5, ""vel"": 26.49, ""pos"": 10.5, ""error"": 102.430291199999}], [{""pair"": [1, 4, 0, 7], ""acc"": 0.4, ""vel"": 26.49, ""pos"": 112.9, ""error"": 0.030291199998998763}], [{""pair"": [1, 4, 2, 7], ""acc"": 0.5, ""vel"": 26.49, ""pos"": 112.9, ""error"": 0.030291199998998763}], [{""pair"": [2, 4, 0, 7], ""acc"": 0.4, ""vel"": 26.49, ""pos"": 10.5, ""error"": 102.430291199999}], [{""pair"": [2, 4, 2, 7], ""acc"": 0.5, ""vel"": 26.49, ""pos"": 10.5, ""error"": 102.430291199999}]]",3
274.133,0.016999999999995907,0.376062,26.493412,113.36176580479703,0.4,26.490000000000002,113.4,0.4,26.49,113.5,0.4,26.49,113.4,0.411475403246542,26.45920539787129,96.87077210033776,-8.0,28.12378329164836,99.41412653157923,0.36971243160550854,26.415723511660953,96.88740953393203,3.544011182708447,16.49099370445927,0.6232611091860685,9.389071243889802,13.947639273217803,0.49593751767244254,3.3959691414484308,16.474356270865,0.6236572041493607,"[[3, 10, 0, 1], [3, 10, 1, 1], [3, 10, 2, 1], [0, 1, 2, 10], [1, 1, 2, 10], [2, 1, 2, 10], [0, 0, 0, 0], [0, 0, 0, 0], [0, 0, 0, 0], [0, 0, 0, 0], [0, 0, 0, 0], [0, 0, 0, 0], [0, 0, 0, 0], [0, 0, 0, 0], [0, 0, 0, 0], [0, 0, 0, 0]]",1,,1,0,1,"[2, 1, 2, 10]","[[[3, 10, 0, 1], [0.4, 29.05, 113.5], 2.7028122000001105], [[3, 10, 1, 1], [0.4, 26.49, 126.3], 12.956412200000102], [[3, 10, 2, 1], [0.4, 26.49, 113.5], 0.15641220000010492], [[0, 1, 2, 10], [0.4, 29.05, 113.4], 2.602812200000116], [[1, 1, 2, 10], [0.4, 26.49, 126.2], 12.856412200000108], [[2, 1, 2, 10], [0.4, 26.49, 113.4], 0.0564122000001106]]","[[2, 1, 2, 10]]","[{""pair"": [2, 1, 2, 10], ""acc"": 0.4, ""vel"": 26.49, ""pos"": 113.4, ""error"": 0.0564122000001106}]","[[{""pair"": [3, 10, 0, 1], ""acc"": 0.4, ""vel"": 29.05, ""pos"": 113.5, ""error"": 2.7028122000001105}], [{""pair"": [3, 10, 1, 1], ""acc"": 0.4, ""vel"": 26.49, ""pos"": 126.3, ""error"": 12.956412200000102}], [{""pair"": [3, 10, 2, 1], ""acc"": 0.4, ""vel"": 26.49, ""pos"": 113.5, ""error"": 0.15641220000010492}], [{""pair"": [0, 1, 2, 10], ""acc"": 0.4, ""vel"": 29.05, ""pos"": 113.4, ""error"": 2.602812200000116}], [{""pair"": [1, 1, 2, 10], ""acc"": 0.4, ""vel"": 26.49, ""pos"": 126.2, ""error"": 12.856412200000108}], [{""pair"": [2, 1, 2, 10], ""acc"": 0.4, ""vel"": 26.49, ""pos"": 113.4, ""error"": 0.0564122000001106}]]",3
274.15,0.016999999999995907,0.375735,26.496872,113.81220814975592,0.4,26.5,113.80000000000001,0.4,26.5,933.0,0.4,26.5,113.8,0.3932696357510236,26.46620047972648,97.32063805029723,8.0,27.98778329164839,99.89107484753714,0.35659983149721486,26.422008622998245,97.33653025707652,3.5347305375397884,16.491570099458684,0.6231181582747959,8.865404177931893,13.921133302218777,0.4974003534739699,3.384234591911928,16.4756778926794,0.6235588719904754,"[[3, 0, 1, 7], [3, 0, 2, 7], [0, 0, 1, 7], [0, 0, 2, 7], [2, 0, 1, 7], [2, 0, 2, 7], [0, 0, 0, 0], [0, 0, 0, 0], [0, 0, 0, 0], [0, 0, 0, 0], [0, 0, 0, 0], [0, 0, 0, 0], [0, 0, 0, 0], [0, 0, 0, 0], [0, 0, 0, 0], [0, 0, 0, 0]]",1,,1,0,1,"[3, 0, 1, 7]","[[[3, 0, 1, 7], [0.4, 26.5, 113.8], 0.05358779999989949], [[3, 0, 2, 7], [0.4, 26.5, 933.0], 819.1528122000001], [[0, 0, 1, 7], [0.4, 27.78, 113.8], 1.3335877999999006], [[0, 0, 2, 7], [0.4, 27.78, 933.0], 820.4328122000001], [[2, 0, 1, 7], [0.4, 26.5, 113.8], 0.05358779999989949], [[2, 0, 2, 7], [0.4, 26.5, 933.0], 819.1528122000001]]","[[3, 0, 1, 7]]","[{""pair"": [3, 0, 1, 7], ""acc"": 0.4, ""vel"": 26.5, ""pos"": 113.8, ""error"": 0.05358779999989949}]","[[{""pair"": [3, 0, 1, 7], ""acc"": 0.4, ""vel"": 26.5, ""pos"": 113.8, ""error"": 0.05358779999989949}], [{""pair"": [3, 0, 2, 7], ""acc"": 0.4, ""vel"": 26.5, ""pos"": 933.0, ""error"": 819.1528122000001}], [{""pair"": [0, 0, 1, 7], ""acc"": 0.4, ""vel"": 27.78, ""pos"": 113.8, ""error"": 1.3335877999999006}], [{""pair"": [0, 0, 2, 7], ""acc"": 0.4, ""vel"": 27.78, ""pos"": 933.0, ""error"": 820.4328122000001}], [{""pair"": [2, 0, 1, 7], ""acc"": 0.4, ""vel"": 26.5, ""pos"": 113.8, ""error"": 0.05358779999989949}], [{""pair"": [2, 0, 2, 7], ""acc"": 0.4, ""vel"": 26.5, ""pos"": 933.0, ""error"": 819.1528122000001}]]",3
274.167,0.016000000000019554,0.375257,26.500338,114.26270926746331,0.4,26.5,114.30000000000001,0.4,29.06,115.1,0.4,26.5,114.3,0.3841610784808826,26.472886063534247,97.77062028591483,7.281102013109098,28.12378329164836,100.36802316349504,0.35228522878644153,26.428070820133698,97.78575593234304,3.5575196396575324,16.492088981548477,0.6229803936740363,0.46635249388980027,13.894686103968269,0.49405465686739364,3.404865036638512,16.47695333512027,0.6234640979759912,"[[3, 13, 0, 1], [0, 1, 1, 13], [0, 1, 2, 13], [0, 0, 0, 0], [0, 0, 0, 0], [0, 0, 0, 0], [0, 0, 0, 0], [0, 0, 0, 0], [0, 0, 0, 0], [0, 0, 0, 0], [0, 0, 0, 0], [0, 0, 0, 0], [0, 0, 0, 0], [0, 0, 0, 0], [0, 0, 0, 0], [0, 0, 0, 0]]",1,,1,0,1,"[0, 1, 2, 13]","[[[3, 13, 0, 1], [0.4, 26.5, 115.1], 0.8823487999994839], [[0, 1, 1, 13], [0.4, 26.34, 115.1], 1.042348799999484], [[0, 1, 2, 13], [0.4, 26.5, 114.3], 0.08234879999948674]]","[[0, 1, 2, 13]]","[{""pair"": [0, 1, 2, 13], ""acc"": 0.4, ""vel"": 26.5, ""pos"": 114.3, ""error"": 0.08234879999948674}]","[[{""pair"": [3, 13, 0, 1], ""acc"": 0.4, ""vel"": 26.5, ""pos"": 115.1, ""error"": 0.8823487999994839}], [{""pair"": [0, 1, 1, 13], ""acc"": 0.4, ""vel"": 26.34, ""pos"": 115.1, ""error"": 1.042348799999484}], [{""pair"": [0, 1, 2, 13], ""acc"": 0.4, ""vel"": 26.5, ""pos"": 114.3, ""error"": 0.08234879999948674}]]",3
274.183,0.016999999999995907,0.374782,26.503815,114.68676270835982,0.4,26.5,114.7,0.4,26.5,114.7,0.4,26.5,114.7,0.3699306321277138,26.47903264078995,98.19423563554994,6.276553819542621,28.240280923858247,100.81893567721964,0.343139757804554,26.43370738379429,98.20865015797497,3.578476363580219,16.492527072809878,0.6228523260854992,9.777994758537824,13.86782703114018,0.4910654773063613,3.4240511166332204,16.47811255038485,0.6233750079448592,"[[3, 6, 3, 11], [3, 6, 0, 11], [3, 6, 1, 11], [3, 11, 2, 6], [2, 6, 0, 11], [2, 6, 1, 11], [0, 0, 0, 0], [0, 0, 0, 0], [0, 0, 0, 0], [0, 0, 0, 0], [0, 0, 0, 0], [0, 0, 0, 0], [0, 0, 0, 0], [0, 0, 0, 0], [0, 0, 0, 0], [0, 0, 0, 0]]",1,,1,0,1,"[3, 6, 3, 11]","[[[3, 6, 3, 11], [0.4, 26.5, 114.7], 0.05735779999987756], [[3, 6, 0, 11], [2.0, 26.5, 114.7], 0.05735779999987756], [[3, 6, 1, 11], [0.4, 26.54, 114.7], 0.08375779999987998], [[3, 11, 2, 6], [0.4, 26.5, 114.7], 0.05735779999987756], [[2, 6, 0, 11], [2.0, 26.5, 114.7], 0.05735779999987756], [[2, 6, 1, 11], [0.4, 26.54, 114.7], 0.08375779999987998]]","[[3, 6, 3, 11]]","[{""pair"": [3, 6, 3, 11], ""acc"": 0.4, ""vel"": 26.5, ""pos"": 114.7, ""error"": 0.05735779999987756}]","[[{""pair"": [3, 6, 3, 11], ""acc"": 0.4, ""vel"": 26.5, ""pos"": 114.7, ""error"": 0.05735779999987756}], [{""pair"": [3, 6, 0, 11], ""acc"": 2.0, ""vel"": 26.5, ""pos"": 114.7, ""error"": 0.05735779999987756}], [{""pair"": [3, 6, 1, 11], ""acc"": 0.4, ""vel"": 26.54, ""pos"": 114.7, ""error"": 0.08375779999987998}], [{""pair"": [3, 11, 2, 6], ""acc"": 0.4, ""vel"": 26.5, ""pos"": 114.7, ""error"": 0.05735779999987756}], [{""pair"": [2, 6, 0, 11], ""acc"": 2.0, ""vel"": 26.5, ""pos"": 114.7, ""error"": 0.05735779999987756}], [{""pair"": [2, 6, 1, 11], ""acc"": 0.4, ""vel"": 26.54, ""pos"": 114.7, ""error"": 0.08375779999987998}]]",3
274.2,0.016999999999995907,0.374071,26.507294,115.13738171935871,0.4,26.51,115.10000000000001,0.4,26.49,115.1,0.4,26.51,115.1,0.34715720126570243,26.48532146153612,98.6444326454196,5.28556863090456,28.346982338790447,101.29992741495204,0.32543207055255946,26.439540759676966,98.65807276719437,3.566791703710222,16.492949073939116,0.6227203659918328,10.19915496611015,13.837454304406677,0.48814558597552343,3.4107800498814225,16.479308952164345,0.6232827227202447,"[[3, 7, 0, 10], [3, 7, 1, 10], [0, 7, 0, 10], [0, 7, 1, 10], [1, 7, 0, 10], [1, 7, 1, 10], [2, 7, 0, 10], [2, 7, 1, 10], [0, 0, 0, 0], [0, 0, 0, 0], [0, 0, 0, 0], [0, 0, 0, 0], [0, 0, 0, 0], [0, 0, 0, 0], [0, 0, 0, 0], [0, 0, 0, 0]]",1,,1,0,1,"[3, 7, 1, 10]","[[[3, 7, 0, 10], [1.2, 26.49, 115.1], 0.06735779999989333], [[3, 7, 1, 10], [0.4, 26.51, 115.1], 0.053757799999896605], [[0, 7, 0, 10], [1.3, 26.49, 115.1], 0.06735779999989333], [[0, 7, 1, 10], [0.5, 26.51, 115.1], 0.053757799999896605], [[1, 7, 0, 10], [1.2, 26.49, 934.3], 819.1662422], [[1, 7, 1, 10], [0.4, 26.51, 934.3], 819.1526422000001], [[2, 7, 0, 10], [1.2, 26.49, 115.1], 0.06735779999989333], [[2, 7, 1, 10], [0.4, 26.51, 115.1], 0.053757799999896605]]","[[3, 7, 1, 10]]","[{""pair"": [3, 7, 1, 10], ""acc"": 0.4, ""vel"": 26.51, ""pos"": 115.1, ""error"": 0.053757799999896605}]","[[{""pair"": [3, 7, 0, 10], ""acc"": 1.2, ""vel"": 26.49, ""pos"": 115.1, ""error"": 0.06735779999989333}], [{""pair"": [3, 7, 1, 10], ""acc"": 0.4, ""vel"": 26.51, ""pos"": 115.1, ""error"": 0.053757799999896605}], [{""pair"": [0, 7, 0, 10], ""acc"": 1.3, ""vel"": 26.49, ""pos"": 115.1, ""error"": 0.06735779999989333}], [{""pair"": [0, 7, 1, 10], ""acc"": 0.5, ""vel"": 26.51, ""pos"": 115.1, ""error"": 0.053757799999896605}], [{""pair"": [1, 7, 0, 10], ""acc"": 1.2, ""vel"": 26.49, ""pos"": 934.3, ""error"": 819.1662422}], [{""pair"": [1, 7, 1, 10], ""acc"": 0.4, ""vel"": 26.51, ""pos"": 934.3, ""error"": 819.1526422000001}], [{""pair"": [2, 7, 0, 10], ""acc"": 1.2, ""vel"": 26.49, ""pos"": 115.1, ""error"": 0.06735779999989333}], [{""pair"": [2, 7, 1, 10], ""acc"": 0.4, ""vel"": 26.51, ""pos"": 115.1, ""error"": 0.053757799999896605}]]",3
274.217,0.016000000000019554,0.373419,26.51078,115.5880597706181,0.4,26.51,115.60000000000001,0.4,26.51,524.8,0.4,26.51,115.6,0.3339818182109703,26.491223133957636,99.09473327448119,8.0,28.4368370055158,101.78258987937853,0.31699711892462945,26.445073104876357,99.10759198504296,3.586922509216527,16.493326496136916,0.6225958844080337,10.460783630443636,13.805469891239568,0.48547839158629935,3.4296192806285606,16.480467785575144,0.6231961515181524,"[[1, 6, 0, 12], [1, 6, 2, 12], [2, 6, 0, 12], [2, 6, 2, 12], [0, 0, 0, 0], [0, 0, 0, 0], [0, 0, 0, 0], [0, 0, 0, 0], [0, 0, 0, 0], [0, 0, 0, 0], [0, 0, 0, 0], [0, 0, 0, 0], [0, 0, 0, 0], [0, 0, 0, 0], [0, 0, 0, 0], [0, 0, 0, 0]]",1,,1,0,1,"[1, 6, 2, 12]","[[[1, 6, 0, 12], [3.6, 26.51, 115.2], 0.3306112000005115], [[1, 6, 2, 12], [0.4, 26.51, 115.6], 0.0821887999994928], [[2, 6, 0, 12], [3.6, 26.51, 524.8], 409.2821887999994], [[2, 6, 2, 12], [0.4, 26.51, 525.2], 409.6821887999995]]","[[1, 6, 2, 12]]","[{""pair"": [1, 6, 2, 12], ""acc"": 0.4, ""vel"": 26.51, ""pos"": 115.6, ""error"": 0.0821887999994928}]","[[{""pair"": [1, 6, 0, 12], ""acc"": 3.6, ""vel"": 26.51, ""pos"": 115.2, ""error"": 0.3306112000005115}], [{""pair"": [1, 6, 2, 12], ""acc"": 0.4, ""vel"": 26.51, ""pos"": 115.6, ""error"": 0.0821887999994928}], [{""pair"": [2, 6, 0, 12], ""acc"": 3.6, ""vel"": 26.51, ""pos"": 524.8, ""error"": 409.2821887999994}], [{""pair"": [2, 6, 2, 12], ""acc"": 0.4, ""vel"": 26.51, ""pos"": 525.2, ""error"": 409.6821887999995}]]",3
274.233,0.016999999999995907,0.372217,26.514257,116.01228004825062,0.4,26.51,116.0,0.4,26.43,13.6,0.4,26.51,116.0,0.3156637991429041,26.496566843049017,99.51863559429776,-8.0,28.564837005515958,102.23860327146734,0.303680106923274,26.450145058779157,99.53075373035271,3.6051538385651805,16.493644453952854,0.6224823220174925,11.194297022532464,13.773676776783276,0.48218993072229105,3.4468941077816297,16.481526317897902,0.6231166702969542,"[[3, 12, 1, 4], [1, 4, 0, 12], [1, 4, 1, 12], [1, 4, 2, 12], [0, 0, 0, 0], [0, 0, 0, 0], [0, 0, 0, 0], [0, 0, 0, 0], [0, 0, 0, 0], [0, 0, 0, 0], [0, 0, 0, 0], [0, 0, 0, 0], [0, 0, 0, 0], [0, 0, 0, 0], [0, 0, 0, 0], [0, 0, 0, 0]]",1,,1,0,1,"[1, 4, 1, 12]","[[[3, 12, 1, 4], [0.4, 26.43, 116.0], 0.13752779999987652], [[1, 4, 0, 12], [3.6, 26.43, 116.0], 0.13752779999987652], [[1, 4, 1, 12], [0.4, 26.51, 116.0], 0.057527799999874674], [[1, 4, 2, 12], [0.4, 26.43, 116.4], 0.4360722000001296]]","[[1, 4, 1, 12]]","[{""pair"": [1, 4, 1, 12], ""acc"": 0.4, ""vel"": 26.51, ""pos"": 116.0, ""error"": 0.057527799999874674}]","[[{""pair"": [3, 12, 1, 4], ""acc"": 0.4, ""vel"": 26.43, ""pos"": 116.0, ""error"": 0.13752779999987652}], [{""pair"": [1, 4, 0, 12], ""acc"": 3.6, ""vel"": 26.43, ""pos"": 116.0, ""error"": 0.13752779999987652}], [{""pair"": [1, 4, 1, 12], ""acc"": 0.4, ""vel"": 26.51, ""pos"": 116.0, ""error"": 0.057527799999874674}], [{""pair"": [1, 4, 2, 12], ""acc"": 0.4, ""vel"": 26.43, ""pos"": 116.4, ""error"": 0.4360722000001296}]]",3
274.25,0.016999999999995907,0.370897,26.517725,116.46307620260701,0.4,26.52,116.5,0.4,26.52,118.1,0.4,26.52,116.5,0.3063929877936118,26.501933127634445,99.96912284404847,-8.0,28.42883700551599,102.723049500561,0.2993629029188266,26.45530762059685,99.9804500781273,3.590322031613947,16.493953358558542,0.6223679336568754,10.398407043438812,13.74002670204601,0.4833130071194984,3.4313370933353013,16.482626124479708,0.6230366458353754,"[[3, 4, 3, 14], [3, 4, 2, 14], [0, 0, 0, 0], [0, 0, 0, 0], [0, 0, 0, 0], [0, 0, 0, 0], [0, 0, 0, 0], [0, 0, 0, 0], [0, 0, 0, 0], [0, 0, 0, 0], [0, 0, 0, 0], [0, 0, 0, 0], [0, 0, 0, 0], [0, 0, 0, 0], [0, 0, 0, 0], [0, 0, 0, 0]]",1,,1,0,1,"[3, 4, 2, 14]","[[[3, 4, 3, 14], [0.4, 26.52, 118.1], 1.652472200000112], [[3, 4, 2, 14], [0.4, 26.52, 116.5], 0.05247220000011765]]","[[3, 4, 2, 14]]","[{""pair"": [3, 4, 2, 14], ""acc"": 0.4, ""vel"": 26.52, ""pos"": 116.5, ""error"": 0.05247220000011765}]","[[{""pair"": [3, 4, 3, 14], ""acc"": 0.4, ""vel"": 26.52, ""pos"": 118.1, ""error"": 1.652472200000112}], [{""pair"": [3, 4, 2, 14], ""acc"": 0.4, ""vel"": 26.52, ""pos"": 116.5, ""error"": 0.05247220000011765}]]",3
274.267,0.016000000000019554,0.368891,26.521172,116.9139311222234,0.4,26.52,116.9,1.2,26.52,116.9,0.4,26.52,116.9,0.2891103670437398,26.507141808426933,100.4196999810049,-8.0,28.292837005516024,103.20518372965466,0.28668934014591857,26.460396789946472,100.43023356561682,3.608099609096139,16.494231141218506,0.6222561172542109,9.902672814345163,13.708747392568739,0.4845306743150592,3.4486770715827504,16.483697556606586,0.6229573081409536,"[[3, 8, 0, 10], [3, 8, 2, 10], [0, 0, 0, 0], [0, 0, 0, 0], [0, 0, 0, 0], [0, 0, 0, 0], [0, 0, 0, 0], [0, 0, 0, 0], [0, 0, 0, 0], [0, 0, 0, 0], [0, 0, 0, 0], [0, 0, 0, 0], [0, 0, 0, 0], [0, 0, 0, 0], [0, 0, 0, 0], [0, 0, 0, 0]]",1,,1,0,1,"[3, 8, 0, 10]","[[[3, 8, 0, 10], [0.4, 26.52, 116.9], 0.03077120000052247], [[3, 8, 2, 10], [1.2, 26.52, 116.8], 0.130771200000531]]","[[3, 8, 0, 10]]","[{""pair"": [3, 8, 0, 10], ""acc"": 0.4, ""vel"": 26.52, ""pos"": 116.9, ""error"": 0.03077120000052247}]","[[{""pair"": [3, 8, 0, 10], ""acc"": 0.4, ""vel"": 26.52, ""pos"": 116.9, ""error"": 0.03077120000052247}], [{""pair"": [3, 8, 2, 10], ""acc"": 1.2, ""vel"": 26.52, ""pos"": 116.8, ""error"": 0.130771200000531}]]",3
274.283,0.016999999999995907,0.366936,26.524588,117.33831709227192,0.4,26.52,117.30000000000001,0.4,29.08,117.3,0.4,26.52,117.3,0.26665847439271484,26.51176757429964,100.84385125606724,-8.0,28.164837005515867,103.65684512174347,0.2690737538745093,26.464983819388813,100.85363661049202,3.6238905020353287,16.494465836204682,0.6221563986625444,0.5422114222563441,13.681471970528449,0.4857642871446065,3.4643089169708627,16.484680481779904,0.6228864749844614,"[[3, 10, 0, 1], [3, 10, 1, 1], [0, 1, 2, 10], [1, 1, 2, 10], [0, 0, 0, 0], [0, 0, 0, 0], [0, 0, 0, 0], [0, 0, 0, 0], [0, 0, 0, 0], [0, 0, 0, 0], [0, 0, 0, 0], [0, 0, 0, 0], [0, 0, 0, 0], [0, 0, 0, 0], [0, 0, 0, 0], [0, 0, 0, 0]]",1,,1,0,1,"[3, 10, 0, 1]","[[[3, 10, 0, 1], [0.4, 26.52, 117.3], 0.057697799999886], [[3, 10, 1, 1], [0.4, 29.08, 104.5], 15.404097799999885], [[0, 1, 2, 10], [0.4, 26.52, 117.2], 0.15769779999988032], [[1, 1, 2, 10], [0.4, 29.08, 104.4], 15.50409779999988]]","[[3, 10, 0, 1]]","[{""pair"": [3, 10, 0, 1], ""acc"": 0.4, ""vel"": 26.52, ""pos"": 117.3, ""error"": 0.057697799999886}]","[[{""pair"": [3, 10, 0, 1], ""acc"": 0.4, ""vel"": 26.52, ""pos"": 117.3, ""error"": 0.057697799999886}], [{""pair"": [3, 10, 1, 1], ""acc"": 0.4, ""vel"": 29.08, ""pos"": 104.5, ""error"": 15.404097799999885}], [{""pair"": [0, 1, 2, 10], ""acc"": 0.4, ""vel"": 26.52, ""pos"": 117.2, ""error"": 0.15769779999988032}], [{""pair"": [1, 1, 2, 10], ""acc"": 0.4, ""vel"": 29.08, ""pos"": 104.4, ""error"": 15.50409779999988}]]",3
274.3,0.016999999999995907,0.364303,26.527975,117.78928811052381,0.4,26.53,117.80000000000001,0.4,26.53,322.6,0.4,26.53,117.8,0.2535004023909047,26.516300768364314,101.29458983697977,8.0,28.0288370055159,104.13449135083714,0.2606786504084372,26.469558073204677,101.30358021657895,3.606211729233797,16.494698273544046,0.622058801400507,8.913808943162685,13.654796759686676,0.48716958027903534,3.446743594242649,16.485707893944863,0.6228176476672447,"[[0, 0, 0, 0], [0, 0, 0, 0], [0, 0, 0, 0], [0, 0, 0, 0], [0, 0, 0, 0], [0, 0, 0, 0], [0, 0, 0, 0], [0, 0, 0, 0], [0, 0, 0, 0], [0, 0, 0, 0], [0, 0, 0, 0], [0, 0, 0, 0], [0, 0, 0, 0], [0, 0, 0, 0], [0, 0, 0, 0], [0, 0, 0, 0]]",0,,0,0,1,"[0, 0, 0, 0]","[[[0, 0, 0, 0], [0.4, 26.53, 117.8], 0]]","[[0, 0, 0, 0]]","[{""pair"": [0, 0, 0, 0], ""acc"": 0.4, ""vel"": 26.53, ""pos"": 117.8, ""error"": 0}]",[],0
274.317,0.016000000000019554,0.361691,26.531315,118.2403163273072,0.4,26.53,118.2,0.4,6.05,169.4,0.4,26.53,118.2,0.23279237670001074,26.52061027520496,101.74540358085,8.0,28.164837005515867,104.61213757993079,0.2443766277164649,26.47398961026162,101.75360037188831,3.6209278631021746,16.494912746457203,0.6219658060387423,51.10745517225634,13.62817874737641,0.48387209713684604,3.461850578791171,16.486715955418887,0.6227514703348093,"[[1, 3, 0, 4], [2, 3, 0, 4], [1, 2, 2, 2], [2, 2, 1, 2], [0, 0, 0, 0], [0, 0, 0, 0], [0, 0, 0, 0], [0, 0, 0, 0], [0, 0, 0, 0], [0, 0, 0, 0], [0, 0, 0, 0], [0, 0, 0, 0], [0, 0, 0, 0], [0, 0, 0, 0], [0, 0, 0, 0], [0, 0, 0, 0]]",1,,1,0,1,"[1, 3, 0, 4]","[[[1, 3, 0, 4], [0.4, 26.53, 118.2], 0.030931200000516412], [[2, 3, 0, 4], [0.4, 26.53, 169.4], 51.1818687999995], [[1, 2, 2, 2], [0.4, 6.05, 195.0], 97.26186879999949], [[2, 2, 1, 2], [0.4, 6.05, 195.0], 97.26186879999949]]","[[1, 3, 0, 4], [2, 3, 0, 4], [1, 2, 2, 2]]","[{""pair"": [1, 3, 0, 4], ""acc"": 0.4, ""vel"": 26.53, ""pos"": 118.2, ""error"": 0.030931200000516412}, {""pair"": [2, 3, 0, 4], ""acc"": 0.4, ""vel"": 26.53, ""pos"": 169.4, ""error"": 51.1818687999995}, {""pair"": [1, 2, 2, 2], ""acc"": 0.4, ""vel"": 6.05, ""pos"": 195.0, ""error"": 97.26186879999949}]","[[{""pair"": [1, 3, 0, 4], ""acc"": 0.4, ""vel"": 26.53, ""pos"": 118.2, ""error"": 0.030931200000516412}], [{""pair"": [2, 3, 0, 4], ""acc"": 0.4, ""vel"": 26.53, ""pos"": 169.4, ""error"": 51.1818687999995}], [{""pair"": [1, 2, 2, 2], ""acc"": 0.4, ""vel"": 6.05, ""pos"": 195.0, ""error"": 97.26186879999949}], [{""pair"": [2, 2, 1, 2], ""acc"": 0.4, ""vel"": 6.05, ""pos"": 195.0, ""error"": 97.26186879999949}]]",1
274.333,0.016999999999995907,0.359275,26.534637,118.66486366375571,0.4,26.53,118.7,0.4,26.45,118.7,0.4,26.53,118.7,0.22427430410290145,26.524334953232163,102.16976314267801,6.913112026028914,28.292837005516024,105.0637989720196,0.2404562902782027,26.477899636305086,102.17721548586137,3.633648789776559,16.495100521077703,0.6218855458642769,10.134416564345162,13.601064691736113,0.4807246685471812,3.475181785520818,16.487648177894343,0.6226947153801942,"[[0, 12, 2, 4], [1, 12, 2, 4], [2, 12, 2, 4], [0, 0, 0, 0], [0, 0, 0, 0], [0, 0, 0, 0], [0, 0, 0, 0], [0, 0, 0, 0], [0, 0, 0, 0], [0, 0, 0, 0], [0, 0, 0, 0], [0, 0, 0, 0], [0, 0, 0, 0], [0, 0, 0, 0], [0, 0, 0, 0], [0, 0, 0, 0]]",1,,1,0,1,"[1, 12, 2, 4]","[[[0, 12, 2, 4], [3.6, 26.45, 118.7], 0.13573220000010977], [[1, 12, 2, 4], [0.4, 26.53, 118.7], 0.05573220000010792], [[2, 12, 2, 4], [0.4, 26.45, 119.1], 0.5357322000001012]]","[[1, 12, 2, 4], [0, 12, 2, 4], [2, 12, 2, 4]]","[{""pair"": [1, 12, 2, 4], ""acc"": 0.4, ""vel"": 26.53, ""pos"": 118.7, ""error"": 0.05573220000010792}, {""pair"": [0, 12, 2, 4], ""acc"": 3.6, ""vel"": 26.45, ""pos"": 118.7, ""error"": 0.13573220000010977}, {""pair"": [2, 12, 2, 4], ""acc"": 0.4, ""vel"": 26.45, ""pos"": 119.1, ""error"": 0.5357322000001012}]","[[{""pair"": [0, 12, 2, 4], ""acc"": 3.6, ""vel"": 26.45, ""pos"": 118.7, ""error"": 0.13573220000010977}, {""pair"": [0, 12, 2, 4], ""acc"": 3.6, ""vel"": 26.45, ""pos"": 118.7, ""error"": 51.23786779999989}, {""pair"": [0, 12, 2, 4], ""acc"": 3.6, ""vel"": 26.45, ""pos"": 118.7, ""error"": 96.79610779999999}], [{""pair"": [1, 12, 2, 4], ""acc"": 0.4, ""vel"": 26.53, ""pos"": 118.7, ""error"": 0.05573220000010792}, {""pair"": [1, 12, 2, 4], ""acc"": 0.4, ""vel"": 26.53, ""pos"": 118.7, ""error"": 51.15786779999989}, {""pair"": [1, 12, 2, 4], ""acc"": 0.4, ""vel"": 26.53, ""pos"": 118.7, ""error"": 96.8761078}], [{""pair"": [2, 12, 2, 4], ""acc"": 0.4, ""vel"": 26.45, ""pos"": 119.1, ""error"": 0.5357322000001012}, {""pair"": [2, 12, 2, 4], ""acc"": 0.4, ""vel"": 26.45, ""pos"": 119.1, ""error"": 50.8378677999999}, {""pair"": [2, 12, 2, 4], ""acc"": 0.4, ""vel"": 26.45, ""pos"": 119.1, ""error"": 96.39610780000001}]]",2
274.35,0.016999999999995907,0.357112,26.537704,119.1160044079931,0.4,26.54,119.10000000000001,0.4,26.54,119.1,0.4,26.54,119.1,0.2071809140424414,26.528147616401913,102.62070924451979,5.845835763416801,28.410359909958487,105.54577614580101,0.22786389793634493,26.481987393239816,102.6273745256124,3.613503258990851,16.495295163473315,0.6218035047903061,10.26459537933188,13.570228262192089,0.4776506987310432,3.4559522578060196,16.488629882380707,0.6226356669360034,"[[3, 3, 3, 13], [3, 3, 0, 13], [3, 3, 2, 13], [3, 13, 2, 3], [2, 3, 0, 13], [2, 3, 2, 13], [0, 0, 0, 0], [0, 0, 0, 0], [0, 0, 0, 0], [0, 0, 0, 0], [0, 0, 0, 0], [0, 0, 0, 0], [0, 0, 0, 0], [0, 0, 0, 0], [0, 0, 0, 0], [0, 0, 0, 0]]",1,,1,0,1,"[3, 3, 3, 13]","[[[3, 3, 3, 13], [0.4, 26.54, 119.1], 0.054267799999898614], [[3, 3, 0, 13], [6.8, 26.54, 119.1], 0.054267799999898614], [[3, 3, 2, 13], [0.4, 26.54, 119.9], 0.4334922000001278], [[3, 13, 2, 3], [0.4, 26.54, 119.1], 0.054267799999898614], [[2, 3, 0, 13], [6.8, 26.54, 119.1], 0.054267799999898614], [[2, 3, 2, 13], [0.4, 26.54, 119.9], 0.4334922000001278]]","[[3, 3, 3, 13]]","[{""pair"": [3, 3, 3, 13], ""acc"": 0.4, ""vel"": 26.54, ""pos"": 119.1, ""error"": 0.054267799999898614}]","[[{""pair"": [3, 3, 3, 13], ""acc"": 0.4, ""vel"": 26.54, ""pos"": 119.1, ""error"": 0.054267799999898614}, {""pair"": [3, 3, 3, 13], ""acc"": 0.4, ""vel"": 26.54, ""pos"": 119.1, ""error"": 0.07897019999991173}, {""pair"": [3, 3, 3, 13], ""acc"": 0.4, ""vel"": 26.54, ""pos"": 119.1, ""error"": 0.5329077999998866}], [{""pair"": [3, 3, 0, 13], ""acc"": 6.8, ""vel"": 26.54, ""pos"": 119.1, ""error"": 0.054267799999898614}, {""pair"": [3, 3, 0, 13], ""acc"": 6.8, ""vel"": 26.54, ""pos"": 119.1, ""error"": 0.07897019999991173}, {""pair"": [3, 3, 0, 13], ""acc"": 6.8, ""vel"": 26.54, ""pos"": 119.1, ""error"": 0.5329077999998866}], [{""pair"": [3, 3, 2, 13], ""acc"": 0.4, ""vel"": 26.54, ""pos"": 119.9, ""error"": 0.752132200000112}, {""pair"": [3, 3, 2, 13], ""acc"": 0.4, ""vel"": 26.54, ""pos"": 119.9, ""error"": 0.7786298000001288}, {""pair"": [3, 3, 2, 13], ""acc"": 0.4, ""vel"": 26.54, ""pos"": 119.9, ""error"": 0.4334922000001278}], [{""pair"": [3, 13, 2, 3], ""acc"": 0.4, ""vel"": 26.54, ""pos"": 119.1, ""error"": 0.054267799999898614}, {""pair"": [3, 13, 2, 3], ""acc"": 0.4, ""vel"": 26.54, ""pos"": 119.1, ""error"": 0.07897019999991173}, {""pair"": [3, 13, 2, 3], ""acc"": 0.4, ""vel"": 26.54, ""pos"": 119.1, ""error"": 0.5329077999998866}], [{""pair"": [2, 3, 0, 13], ""acc"": 6.8, ""vel"": 26.54, ""pos"": 119.1, ""error"": 0.054267799999898614}, {""pair"": [2, 3, 0, 13], ""acc"": 6.8, ""vel"": 26.54, ""pos"": 119.1, ""error"": 0.07897019999991173}, {""pair"": [2, 3, 0, 13], ""acc"": 6.8, ""vel"": 26.54, ""pos"": 119.1, ""error"": 0.5329077999998866}], [{""pair"": [2, 3, 2, 13], ""acc"": 0.4, ""vel"": 26.54, ""pos"": 119.9, ""error"": 0.752132200000112}, {""pair"": [2, 3, 2, 13], ""acc"": 0.4, ""vel"": 26.54, ""pos"": 119.9, ""error"": 0.7786298000001288}, {""pair"": [2, 3, 2, 13], ""acc"": 0.4, ""vel"": 26.54, ""pos"": 119.9, ""error"": 0.4334922000001278}]]",3
274.367,0.01599999999996271,0.354835,26.541157,119.56719697867699,0.4,26.54,119.60000000000001,0.4,26.54,118.8,0.4,26.54,119.6,0.1993165588555768,26.531669691940635,103.0717176916406,4.743256252220222,28.509739117936547,106.02959698753801,0.2241378307928497,26.485861079504733,103.07760123763062,3.6255355093341453,16.49547928703639,0.6217279002251079,10.628075447593748,13.537599991138975,0.4748412440793596,3.469163428126956,16.489595741046372,0.622581070388772,"[[3, 9, 3, 13], [3, 9, 0, 13], [3, 9, 2, 13], [3, 13, 0, 9], [3, 13, 2, 9], [0, 9, 0, 13], [0, 9, 2, 13], [2, 9, 0, 13], [2, 9, 2, 13], [0, 0, 0, 0], [0, 0, 0, 0], [0, 0, 0, 0], [0, 0, 0, 0], [0, 0, 0, 0], [0, 0, 0, 0], [0, 0, 0, 0]]",1,,1,0,1,"[3, 9, 2, 13]","[[[3, 9, 3, 13], [0.4, 26.54, 118.8], 0.7310911999989997], [[3, 9, 0, 13], [6.8, 26.54, 118.8], 0.7310911999989997], [[3, 9, 2, 13], [0.4, 26.54, 119.6], 0.08170880000096759], [[3, 13, 0, 9], [0.0, 26.54, 118.8], 0.7310911999989997], [[3, 13, 2, 9], [0.4, 26.54, 118.8], 0.7310911999989997], [[0, 9, 0, 13], [6.4, 26.54, 118.8], 0.7310911999989997], [[0, 9, 2, 13], [0.0, 26.54, 119.6], 0.08170880000096759], [[2, 9, 0, 13], [6.8, 26.54, 118.8], 0.7310911999989997], [[2, 9, 2, 13], [0.4, 26.54, 119.6], 0.08170880000096759]]","[[3, 9, 2, 13]]","[{""pair"": [3, 9, 2, 13], ""acc"": 0.4, ""vel"": 26.54, ""pos"": 119.6, ""error"": 0.08170880000096759}]","[[{""pair"": [3, 9, 3, 13], ""acc"": 0.4, ""vel"": 26.54, ""pos"": 118.8, ""error"": 0.7310911999989997}], [{""pair"": [3, 9, 0, 13], ""acc"": 6.8, ""vel"": 26.54, ""pos"": 118.8, ""error"": 0.7310911999989997}], [{""pair"": [3, 9, 2, 13], ""acc"": 0.4, ""vel"": 26.54, ""pos"": 119.6, ""error"": 0.08170880000096759}], [{""pair"": [3, 13, 0, 9], ""acc"": 0.0, ""vel"": 26.54, ""pos"": 118.8, ""error"": 0.7310911999989997}], [{""pair"": [3, 13, 2, 9], ""acc"": 0.4, ""vel"": 26.54, ""pos"": 118.8, ""error"": 0.7310911999989997}], [{""pair"": [0, 9, 0, 13], ""acc"": 6.4, ""vel"": 26.54, ""pos"": 118.8, ""error"": 0.7310911999989997}], [{""pair"": [0, 9, 2, 13], ""acc"": 0.0, ""vel"": 26.54, ""pos"": 119.6, ""error"": 0.08170880000096759}], [{""pair"": [2, 9, 0, 13], ""acc"": 6.8, ""vel"": 26.54, ""pos"": 118.8, ""error"": 0.7310911999989997}], [{""pair"": [2, 9, 2, 13], ""acc"": 0.4, ""vel"": 26.54, ""pos"": 119.6, ""error"": 0.08170880000096759}]]",3
274.383,0.016999999999995907,0.352796,26.544365,119.991900909556,0.4,26.54,120.0,0.4,26.54,126.4,0.4,26.54,120.0,0.1866027072700117,26.53485875688232,103.4962499192302,4.846831463377813,28.585631217971894,106.48635995022421,0.21571698855723762,26.48944728479741,103.50140370454405,3.6364314536691245,16.4956509903258,0.6216596493488905,10.906482629915274,13.505540959331782,0.47245907765159995,3.481395819358554,16.49049720501195,0.6225308149210055,"[[3, 11, 1, 0], [1, 0, 1, 11], [0, 0, 0, 0], [0, 0, 0, 0], [0, 0, 0, 0], [0, 0, 0, 0], [0, 0, 0, 0], [0, 0, 0, 0], [0, 0, 0, 0], [0, 0, 0, 0], [0, 0, 0, 0], [0, 0, 0, 0], [0, 0, 0, 0], [0, 0, 0, 0], [0, 0, 0, 0], [0, 0, 0, 0]]",1,,1,0,1,"[3, 11, 1, 0]","[[[3, 11, 1, 0], [0.4, 26.54, 120.0], 0.058037799999880235], [[1, 0, 1, 11], [0.4, 26.5, 120.0], 0.09803779999987938]]","[[3, 11, 1, 0]]","[{""pair"": [3, 11, 1, 0], ""acc"": 0.4, ""vel"": 26.54, ""pos"": 120.0, ""error"": 0.058037799999880235}]","[[{""pair"": [3, 11, 1, 0], ""acc"": 0.4, ""vel"": 26.54, ""pos"": 120.0, ""error"": 0.058037799999880235}], [{""pair"": [1, 0, 1, 11], ""acc"": 0.4, ""vel"": 26.5, ""pos"": 120.0, ""error"": 0.09803779999987938}]]",3
274.4,0.016999999999995907,0.351612,26.547564,120.44320609357788,0.4,26.55,120.4,0.4,26.55,325.2,0.4,26.55,120.4,0.16554980280518983,26.538031002905907,103.9473694821883,8.0,28.668027352849297,106.97301604807608,0.19883974757558587,26.493114473602883,103.95175547949034,3.6140899447402814,16.495836611389592,0.6215923332662963,11.176383504267145,13.470190045501809,0.4698680477630776,3.460724854324445,16.49145061408754,0.6224806309775031,"[[2, 8, 1, 5], [2, 8, 2, 5], [0, 0, 0, 0], [0, 0, 0, 0], [0, 0, 0, 0], [0, 0, 0, 0], [0, 0, 0, 0], [0, 0, 0, 0], [0, 0, 0, 0], [0, 0, 0, 0], [0, 0, 0, 0], [0, 0, 0, 0], [0, 0, 0, 0], [0, 0, 0, 0], [0, 0, 0, 0], [0, 0, 0, 0]]",1,,1,0,1,"[2, 8, 1, 5]","[[[2, 8, 1, 5], [0.4, 26.55, 120.4], 0.05443779999988507], [[2, 8, 2, 5], [0.4, 26.55, 325.2], 204.7519622000001]]","[[2, 8, 1, 5]]","[{""pair"": [2, 8, 1, 5], ""acc"": 0.4, ""vel"": 26.55, ""pos"": 120.4, ""error"": 0.05443779999988507}]","[[{""pair"": [2, 8, 1, 5], ""acc"": 0.4, ""vel"": 26.55, ""pos"": 120.4, ""error"": 0.05443779999988507}], [{""pair"": [2, 8, 2, 5], ""acc"": 0.4, ""vel"": 26.55, ""pos"": 325.2, ""error"": 204.7519622000001}]]",3
274.417,0.016000000000019554,0.350581,26.550735,120.89456548951178,0.4,26.55,120.9,0.4,67.51,940.1,0.4,26.55,120.9,0.1541823395054725,26.540845349553596,104.39853993118409,8.0,28.804027352849264,107.46152851307438,0.19128591673476386,26.49649474931167,104.402167157885,3.6237077767629065,16.496025558327688,0.6215335397598835,-100.51509778073454,13.433036976437393,0.466359679911518,3.4722578499499694,16.492398331626774,0.6224369860113371,"[[1, 7, 0, 5], [0, 0, 0, 0], [0, 0, 0, 0], [0, 0, 0, 0], [0, 0, 0, 0], [0, 0, 0, 0], [0, 0, 0, 0], [0, 0, 0, 0], [0, 0, 0, 0], [0, 0, 0, 0], [0, 0, 0, 0], [0, 0, 0, 0], [0, 0, 0, 0], [0, 0, 0, 0], [0, 0, 0, 0], [0, 0, 0, 0]]",1,,1,0,1,"[1, 7, 0, 5]","[[[1, 7, 0, 5], [0.4, 26.55, 120.9], 0.08154879999948861]]","[[1, 7, 0, 5]]","[{""pair"": [1, 7, 0, 5], ""acc"": 0.4, ""vel"": 26.55, ""pos"": 120.9, ""error"": 0.08154879999948861}]","[[{""pair"": [1, 7, 0, 5], ""acc"": 0.4, ""vel"": 26.55, ""pos"": 120.9, ""error"": 0.08154879999948861}]]",3
274.433,0.016999999999995907,0.349995,26.554089,121.3194221238803,0.30000000000000004,26.55,121.30000000000001,0.3,26.55,121.3,0.3,26.55,121.3,0.13516511802757644,26.543312266985687,104.82321319211691,6.781643251232963,28.93202735284942,107.92341695072054,0.17619922793016585,26.49955532397943,104.82613555847186,3.63213910811812,16.49620893176339,0.6214826833153455,12.153184406911633,13.396005173159764,0.46301646994124096,3.4827013054383507,16.49328656540844,0.6223986162697484,"[[0, 0, 0, 0], [0, 0, 0, 0], [0, 0, 0, 0], [0, 0, 0, 0], [0, 0, 0, 0], [0, 0, 0, 0], [0, 0, 0, 0], [0, 0, 0, 0], [0, 0, 0, 0], [0, 0, 0, 0], [0, 0, 0, 0], [0, 0, 0, 0], [0, 0, 0, 0], [0, 0, 0, 0], [0, 0, 0, 0], [0, 0, 0, 0]]",0,,0,0,0,"[0, 0, 0, 0]","[[[0, 0, 0, 0], [0.3, 26.55, 121.3], 0]]","[[0, 0, 0, 0]]","[{""pair"": [0, 0, 0, 0], ""acc"": 0.3, ""vel"": 26.55, ""pos"": 121.3, ""error"": 0.05820779999989156}]",[],3
274.45,0.016999999999995907,0.349537,26.55703,121.77089221115769,0.30000000000000004,26.560000000000002,121.80000000000001,0.3,26.56,328.2,0.3,26.56,121.8,0.12551329374013537,26.545610073992155,105.27446903201512,8.0,29.047315288120352,108.41624136316867,0.1703429683660295,26.50255071085424,105.27665345976784,3.606799394926319,16.496423179142568,0.621436958245115,12.549289369278931,13.35465084798902,0.4597550828888737,3.459729707422965,16.494238751389844,0.6223641992555288,"[[3, 14, 1, 5], [1, 5, 1, 14], [1, 5, 2, 14], [0, 0, 0, 0], [0, 0, 0, 0], [0, 0, 0, 0], [0, 0, 0, 0], [0, 0, 0, 0], [0, 0, 0, 0], [0, 0, 0, 0], [0, 0, 0, 0], [0, 0, 0, 0], [0, 0, 0, 0], [0, 0, 0, 0], [0, 0, 0, 0], [0, 0, 0, 0]]",1,,1,0,1,"[1, 5, 2, 14]","[[[3, 14, 1, 5], [0.3, 26.56, 123.4], 1.6535066500001179], [[1, 5, 1, 14], [0.3, 26.24, 123.4], 1.9637066500001197], [[1, 5, 2, 14], [0.3, 26.56, 121.8], 0.053506650000109346]]","[[1, 5, 2, 14]]","[{""pair"": [1, 5, 2, 14], ""acc"": 0.3, ""vel"": 26.56, ""pos"": 121.8, ""error"": 0.053506650000109346}]","[[{""pair"": [3, 14, 1, 5], ""acc"": 0.3, ""vel"": 26.56, ""pos"": 123.4, ""error"": 1.6535066500001179}], [{""pair"": [1, 5, 1, 14], ""acc"": 0.3, ""vel"": 26.24, ""pos"": 123.4, ""error"": 1.9637066500001197}], [{""pair"": [1, 5, 2, 14], ""acc"": 0.3, ""vel"": 26.56, ""pos"": 121.8, ""error"": 0.053506650000109346}]]",3
274.467,0.016000000000019554,0.349359,26.560152,122.22241222925408,0.30000000000000004,26.560000000000002,122.2,0.3,25.92,122.2,0.3,26.56,122.2,0.10816817750552153,26.547743799985735,105.72576253994383,-8.0,29.18331528812032,108.91120172306658,0.15643814662436845,26.505446541316463,105.72722143641118,3.6140931843536377,16.496649689310246,0.621395543576065,15.157049729176848,13.311210506187493,0.45612400012708976,3.4696131762932048,16.49519079284289,0.6223321220840528,"[[3, 13, 3, 15], [3, 13, 0, 15], [3, 13, 1, 15], [3, 13, 2, 15], [3, 15, 0, 13], [3, 15, 1, 13], [3, 15, 2, 13], [0, 13, 0, 15], [0, 13, 1, 15], [0, 13, 2, 15], [1, 13, 0, 15], [1, 13, 1, 15], [1, 13, 2, 15], [2, 13, 0, 15], [2, 13, 1, 15], [2, 13, 2, 15]]",1,,1,0,1,"[3, 13, 1, 15]","[[[3, 13, 3, 15], [0.3, 25.92, 122.2], 0.6697984000005164], [[3, 13, 0, 15], [-25.3, 25.92, 122.2], 0.6697984000005164], [[3, 13, 1, 15], [0.3, 26.56, 122.2], 0.029798400000519365], [[3, 13, 2, 15], [0.3, 25.92, 125.4], 3.8198015999994936], [[3, 15, 0, 13], [6.7, 25.92, 122.2], 0.6697984000005164], [[3, 15, 1, 13], [0.3, 26.08, 122.2], 0.5097984000005198], [[3, 15, 2, 13], [0.3, 25.92, 123.0], 1.419801599999488], [[0, 13, 0, 15], [-18.9, 25.92, 122.2], 0.6697984000005164], [[0, 13, 1, 15], [6.7, 26.56, 122.2], 0.029798400000519365], [[0, 13, 2, 15], [6.7, 25.92, 125.4], 3.8198015999994936], [[1, 13, 0, 15], [-25.3, 26.08, 122.2], 0.5097984000005198], [[1, 13, 1, 15], [0.3, 26.72, 122.2], 0.18019840000050635], [[1, 13, 2, 15], [0.3, 26.08, 125.4], 3.659801599999497], [[2, 13, 0, 15], [-25.3, 25.92, 123.0], 1.419801599999488], [[2, 13, 1, 15], [0.3, 26.56, 123.0], 0.779801599999491], [[2, 13, 2, 15], [0.3, 25.92, 126.2], 4.619801599999491]]","[[3, 13, 1, 15]]","[{""pair"": [3, 13, 1, 15], ""acc"": 0.3, ""vel"": 26.56, ""pos"": 122.2, ""error"": 0.029798400000519365}]","[[{""pair"": [3, 13, 3, 15], ""acc"": 0.3, ""vel"": 25.92, ""pos"": 122.2, ""error"": 0.6697984000005164}], [{""pair"": [3, 13, 0, 15], ""acc"": -25.3, ""vel"": 25.92, ""pos"": 122.2, ""error"": 0.6697984000005164}], [{""pair"": [3, 13, 1, 15], ""acc"": 0.3, ""vel"": 26.56, ""pos"": 122.2, ""error"": 0.029798400000519365}], [{""pair"": [3, 13, 2, 15], ""acc"": 0.3, ""vel"": 25.92, ""pos"": 125.4, ""error"": 3.8198015999994936}], [{""pair"": [3, 15, 0, 13], ""acc"": 6.7, ""vel"": 25.92, ""pos"": 122.2, ""error"": 0.6697984000005164}], [{""pair"": [3, 15, 1, 13], ""acc"": 0.3, ""vel"": 26.08, ""pos"": 122.2, ""error"": 0.5097984000005198}], [{""pair"": [3, 15, 2, 13], ""acc"": 0.3, ""vel"": 25.92, ""pos"": 123.0, ""error"": 1.419801599999488}], [{""pair"": [0, 13, 0, 15], ""acc"": -18.9, ""vel"": 25.92, ""pos"": 122.2, ""error"": 0.6697984000005164}], [{""pair"": [0, 13, 1, 15], ""acc"": 6.7, ""vel"": 26.56, ""pos"": 122.2, ""error"": 0.029798400000519365}], [{""pair"": [0, 13, 2, 15], ""acc"": 6.7, ""vel"": 25.92, ""pos"": 125.4, ""error"": 3.8198015999994936}], [{""pair"": [1, 13, 0, 15], ""acc"": -25.3, ""vel"": 26.08, ""pos"": 122.2, ""error"": 0.5097984000005198}], [{""pair"": [1, 13, 1, 15], ""acc"": 0.3, ""vel"": 26.72, ""pos"": 122.2, ""error"": 0.18019840000050635}], [{""pair"": [1, 13, 2, 15], ""acc"": 0.3, ""vel"": 26.08, ""pos"": 125.4, ""error"": 3.659801599999497}], [{""pair"": [2, 13, 0, 15], ""acc"": -25.3, ""vel"": 25.92, ""pos"": 123.0, ""error"": 1.419801599999488}], [{""pair"": [2, 13, 1, 15], ""acc"": 0.3, ""vel"": 26.56, ""pos"": 123.0, ""error"": 0.779801599999491}], [{""pair"": [2, 13, 2, 15], ""acc"": 0.3, ""vel"": 25.92, ""pos"": 126.2, ""error"": 4.619801599999491}]]",3
274.483,0.016999999999995907,0.348987,26.56325,122.6474193792066,0.30000000000000004,26.560000000000002,122.60000000000001,0.1,26.56,122.6,0.3,26.56,122.6,0.08594182293062441,26.549474490825826,106.15054028627084,-8.0,29.055315288120163,109.37711076767708,0.13773101913061894,26.507949551662456,106.15132860515554,3.6200096827707835,16.496879092935757,0.6213636770338432,12.579140684566344,13.270308611529515,0.45672567927546603,3.478156794758865,16.496090774051055,0.6223073098091246,"[[3, 8, 3, 13], [3, 8, 2, 13], [3, 13, 0, 8], [3, 13, 1, 8], [0, 8, 2, 13], [1, 8, 2, 13], [0, 0, 0, 0], [0, 0, 0, 0], [0, 0, 0, 0], [0, 0, 0, 0], [0, 0, 0, 0], [0, 0, 0, 0], [0, 0, 0, 0], [0, 0, 0, 0], [0, 0, 0, 0], [0, 0, 0, 0]]",1,,1,0,1,"[3, 13, 0, 8]","[[[3, 8, 3, 13], [0.1, 26.56, 122.6], 0.05666334999989431], [[3, 8, 2, 13], [0.1, 26.56, 121.8], 0.8566633499998915], [[3, 13, 0, 8], [0.3, 26.56, 122.6], 0.05666334999989431], [[3, 13, 1, 8], [0.1, 26.56, 1761.0], 1638.3535366500003], [[0, 8, 2, 13], [0.3, 26.56, 121.8], 0.8566633499998915], [[1, 8, 2, 13], [0.1, 26.56, 1760.2], 1637.5535366500003]]","[[3, 13, 0, 8]]","[{""pair"": [3, 13, 0, 8], ""acc"": 0.3, ""vel"": 26.56, ""pos"": 122.6, ""error"": 0.05666334999989431}]","[[{""pair"": [3, 8, 3, 13], ""acc"": 0.1, ""vel"": 26.56, ""pos"": 122.6, ""error"": 0.05666334999989431}], [{""pair"": [3, 8, 2, 13], ""acc"": 0.1, ""vel"": 26.56, ""pos"": 121.8, ""error"": 0.8566633499998915}], [{""pair"": [3, 13, 0, 8], ""acc"": 0.3, ""vel"": 26.56, ""pos"": 122.6, ""error"": 0.05666334999989431}], [{""pair"": [3, 13, 1, 8], ""acc"": 0.1, ""vel"": 26.56, ""pos"": 1761.0, ""error"": 1638.3535366500003}], [{""pair"": [0, 8, 2, 13], ""acc"": 0.3, ""vel"": 26.56, ""pos"": 121.8, ""error"": 0.8566633499998915}], [{""pair"": [1, 8, 2, 13], ""acc"": 0.1, ""vel"": 26.56, ""pos"": 1760.2, ""error"": 1637.5535366500003}]]",3
274.5,0.016999999999995907,0.348542,26.566315,123.099045057828,0.30000000000000004,26.57,123.10000000000001,0.3,26.57,123.1,0.3,26.57,123.1,0.07331533548152658,26.550935501815648,106.60189377120818,-8.0,28.919315288120195,109.869895127575,0.12847429235853108,26.510290978987676,106.60198364966595,3.5917983015299733,16.49715128661981,0.6213397371814517,12.039550074668423,13.229149930252987,0.4574503164563999,3.4529433348109713,16.49706140816204,0.6222889602093684,"[[3, 3, 3, 7], [3, 3, 0, 7], [3, 3, 2, 7], [3, 7, 0, 3], [3, 7, 1, 3], [3, 7, 2, 3], [0, 3, 0, 7], [0, 3, 2, 7], [1, 3, 0, 7], [1, 3, 2, 7], [2, 3, 0, 7], [2, 3, 2, 7], [0, 0, 0, 0], [0, 0, 0, 0], [0, 0, 0, 0], [0, 0, 0, 0]]",1,,1,0,1,"[3, 3, 3, 7]","[[[3, 3, 3, 7], [0.3, 26.57, 123.1], 0.05333665000011578], [[3, 3, 0, 7], [0.2, 26.57, 123.1], 0.05333665000011578], [[3, 3, 2, 7], [0.3, 26.57, 123.1], 0.05333665000011578], [[3, 7, 0, 3], [0.3, 36.81, 123.1], 10.293336650000118], [[3, 7, 1, 3], [0.3, 26.57, 174.3], 51.253336650000136], [[3, 7, 2, 3], [0.3, 26.57, 123.1], 0.05333665000011578], [[0, 3, 0, 7], [0.2, 36.81, 123.1], 10.293336650000118], [[0, 3, 2, 7], [0.3, 36.81, 123.1], 10.293336650000118], [[1, 3, 0, 7], [0.2, 26.57, 174.3], 51.253336650000136], [[1, 3, 2, 7], [0.3, 26.57, 174.3], 51.253336650000136], [[2, 3, 0, 7], [0.2, 26.57, 123.1], 0.05333665000011578], [[2, 3, 2, 7], [0.3, 26.57, 123.1], 0.05333665000011578]]","[[3, 3, 3, 7]]","[{""pair"": [3, 3, 3, 7], ""acc"": 0.3, ""vel"": 26.57, ""pos"": 123.1, ""error"": 0.05333665000011578}]","[[{""pair"": [3, 3, 3, 7], ""acc"": 0.3, ""vel"": 26.57, ""pos"": 123.1, ""error"": 0.05333665000011578}], [{""pair"": [3, 3, 0, 7], ""acc"": 0.2, ""vel"": 26.57, ""pos"": 123.1, ""error"": 0.05333665000011578}], [{""pair"": [3, 3, 2, 7], ""acc"": 0.3, ""vel"": 26.57, ""pos"": 123.1, ""error"": 0.05333665000011578}], [{""pair"": [3, 7, 0, 3], ""acc"": 0.3, ""vel"": 36.81, ""pos"": 123.1, ""error"": 10.293336650000118}], [{""pair"": [3, 7, 1, 3], ""acc"": 0.3, ""vel"": 26.57, ""pos"": 174.3, ""error"": 51.253336650000136}], [{""pair"": [3, 7, 2, 3], ""acc"": 0.3, ""vel"": 26.57, ""pos"": 123.1, ""error"": 0.05333665000011578}], [{""pair"": [0, 3, 0, 7], ""acc"": 0.2, ""vel"": 36.81, ""pos"": 123.1, ""error"": 10.293336650000118}], [{""pair"": [0, 3, 2, 7], ""acc"": 0.3, ""vel"": 36.81, ""pos"": 123.1, ""error"": 10.293336650000118}], [{""pair"": [1, 3, 0, 7], ""acc"": 0.2, ""vel"": 26.57, ""pos"": 174.3, ""error"": 51.253336650000136}], [{""pair"": [1, 3, 2, 7], ""acc"": 0.3, ""vel"": 26.57, ""pos"": 174.3, ""error"": 51.253336650000136}], [{""pair"": [2, 3, 0, 7], ""acc"": 0.2, ""vel"": 26.57, ""pos"": 123.1, ""error"": 0.05333665000011578}], [{""pair"": [2, 3, 2, 7], ""acc"": 0.3, ""vel"": 26.57, ""pos"": 123.1, ""error"": 0.05333665000011578}]]",3
274.517,0.016000000000019554,0.347822,26.569353,123.55072277714689,0.30000000000000004,26.57,123.60000000000001,0.3,26.57,123.6,0.3,26.57,123.6,0.06971076845786271,26.552181862518832,107.05327026880492,-8.0,28.783315288120228,110.36036748747294,0.12789663658681105,26.51247504195777,107.05267716084387,3.59605954001901,16.497452508341965,0.6213219159827251,11.535477714770497,13.190355289673946,0.4582639337282324,3.4603995573478814,16.498045616303017,0.6222748193140683,"[[3, 1, 2, 6], [0, 1, 2, 6], [0, 0, 0, 0], [0, 0, 0, 0], [0, 0, 0, 0], [0, 0, 0, 0], [0, 0, 0, 0], [0, 0, 0, 0], [0, 0, 0, 0], [0, 0, 0, 0], [0, 0, 0, 0], [0, 0, 0, 0], [0, 0, 0, 0], [0, 0, 0, 0], [0, 0, 0, 0], [0, 0, 0, 0]]",1,,1,0,1,"[3, 1, 2, 6]","[[[3, 1, 2, 6], [0.3, 26.57, 123.6], 0.07964159999949416], [[0, 1, 2, 6], [0.3, 29.13, 123.6], 2.6300415999994797]]","[[3, 1, 2, 6]]","[{""pair"": [3, 1, 2, 6], ""acc"": 0.3, ""vel"": 26.57, ""pos"": 123.6, ""error"": 0.07964159999949416}]","[[{""pair"": [3, 1, 2, 6], ""acc"": 0.3, ""vel"": 26.57, ""pos"": 123.6, ""error"": 0.07964159999949416}], [{""pair"": [0, 1, 2, 6], ""acc"": 0.3, ""vel"": 29.13, ""pos"": 123.6, ""error"": 2.6300415999994797}]]",3
274.533,0.016999999999995907,0.346771,26.572334,123.97587694636341,0.30000000000000004,26.57,124.0,0.3,27.93,124.0,0.3,26.57,124.0,0.06157288714468814,26.55329723481416,107.47811410158411,-8.0,28.65531528812007,110.81987653208343,0.12282711820028239,26.514521388143162,107.4768931322852,3.599873101005742,16.497762844779302,0.6213075046344528,6.430668670160004,13.156000414279987,0.45911204542684636,3.4673861664581365,16.498983814078215,0.6222621774895125,"[[3, 0, 3, 12], [3, 0, 1, 12], [3, 12, 0, 0], [3, 12, 1, 0], [3, 12, 2, 0], [0, 0, 1, 12], [1, 0, 1, 12], [2, 0, 1, 12], [0, 0, 0, 0], [0, 0, 0, 0], [0, 0, 0, 0], [0, 0, 0, 0], [0, 0, 0, 0], [0, 0, 0, 0], [0, 0, 0, 0], [0, 0, 0, 0]]",1,,1,0,1,"[0, 0, 1, 12]","[[[3, 0, 3, 12], [0.3, 27.93, 124.0], 1.406633349999879], [[3, 0, 1, 12], [0.3, 27.85, 124.0], 1.3266333499998808], [[3, 12, 0, 0], [0.3, 26.65, 124.0], 0.12663334999987796], [[3, 12, 1, 0], [0.3, 27.93, 117.6], 7.806633349999885], [[3, 12, 2, 0], [0.3, 27.93, 124.0], 1.406633349999879], [[0, 0, 1, 12], [0.3, 26.57, 124.0], 0.056833349999877214], [[1, 0, 1, 12], [0.3, 27.85, 117.6], 7.7266333499998865], [[2, 0, 1, 12], [0.3, 27.85, 124.0], 1.3266333499998808]]","[[0, 0, 1, 12]]","[{""pair"": [0, 0, 1, 12], ""acc"": 0.3, ""vel"": 26.57, ""pos"": 124.0, ""error"": 0.056833349999877214}]","[[{""pair"": [3, 0, 3, 12], ""acc"": 0.3, ""vel"": 27.93, ""pos"": 124.0, ""error"": 1.406633349999879}], [{""pair"": [3, 0, 1, 12], ""acc"": 0.3, ""vel"": 27.85, ""pos"": 124.0, ""error"": 1.3266333499998808}], [{""pair"": [3, 12, 0, 0], ""acc"": 0.3, ""vel"": 26.65, ""pos"": 124.0, ""error"": 0.12663334999987796}], [{""pair"": [3, 12, 1, 0], ""acc"": 0.3, ""vel"": 27.93, ""pos"": 117.6, ""error"": 7.806633349999885}], [{""pair"": [3, 12, 2, 0], ""acc"": 0.3, ""vel"": 27.93, ""pos"": 124.0, ""error"": 1.406633349999879}], [{""pair"": [0, 0, 1, 12], ""acc"": 0.3, ""vel"": 26.57, ""pos"": 124.0, ""error"": 0.056833349999877214}], [{""pair"": [1, 0, 1, 12], ""acc"": 0.3, ""vel"": 27.85, ""pos"": 117.6, ""error"": 7.7266333499998865}], [{""pair"": [2, 0, 1, 12], ""acc"": 0.3, ""vel"": 27.85, ""pos"": 124.0, ""error"": 1.3266333499998808}]]",3
274.55,0.016999999999995907,0.345248,26.575275,124.4276567327728,0.30000000000000004,26.580000000000002,124.4,0.3,26.56,124.4,0.3,26.58,124.4,0.04514239435677875,26.55434397389562,107.92952905185803,-8.0,28.519315288120104,111.30586089198135,0.10930422705867582,26.51660944915257,107.9276577444021,3.5702333901374668,16.498127680914777,0.621296752694525,10.596790560262079,13.12179584079145,0.4601020644509447,3.4412969873457158,16.499998988370706,0.6222514616738839,"[[3, 7, 3, 10], [3, 7, 0, 10], [3, 7, 1, 10], [3, 7, 2, 10], [3, 10, 0, 7], [3, 10, 2, 7], [0, 7, 0, 10], [0, 7, 1, 10], [0, 7, 2, 10], [2, 7, 0, 10], [2, 7, 1, 10], [2, 7, 2, 10], [0, 0, 0, 0], [0, 0, 0, 0], [0, 0, 0, 0], [0, 0, 0, 0]]",1,,1,0,1,"[3, 7, 1, 10]","[[[3, 7, 3, 10], [0.3, 26.56, 124.4], 0.06683334999987878], [[3, 7, 0, 10], [1.1, 26.56, 124.4], 0.06683334999987878], [[3, 7, 1, 10], [0.3, 26.58, 124.4], 0.05663334999987768], [[3, 7, 2, 10], [0.3, 26.56, 124.5], 0.06336665000011621], [[3, 10, 0, 7], [0.2, 26.56, 124.4], 0.06683334999987878], [[3, 10, 2, 7], [0.3, 26.56, 124.4], 0.06683334999987878], [[0, 7, 0, 10], [1.0, 26.56, 124.4], 0.06683334999987878], [[0, 7, 1, 10], [0.2, 26.58, 124.4], 0.05663334999987768], [[0, 7, 2, 10], [0.2, 26.56, 124.5], 0.06336665000011621], [[2, 7, 0, 10], [1.1, 26.56, 124.4], 0.06683334999987878], [[2, 7, 1, 10], [0.3, 26.58, 124.4], 0.05663334999987768], [[2, 7, 2, 10], [0.3, 26.56, 124.5], 0.06336665000011621]]","[[3, 7, 1, 10]]","[{""pair"": [3, 7, 1, 10], ""acc"": 0.3, ""vel"": 26.58, ""pos"": 124.4, ""error"": 0.05663334999987768}]","[[{""pair"": [3, 7, 3, 10], ""acc"": 0.3, ""vel"": 26.56, ""pos"": 124.4, ""error"": 0.06683334999987878}], [{""pair"": [3, 7, 0, 10], ""acc"": 1.1, ""vel"": 26.56, ""pos"": 124.4, ""error"": 0.06683334999987878}], [{""pair"": [3, 7, 1, 10], ""acc"": 0.3, ""vel"": 26.58, ""pos"": 124.4, ""error"": 0.05663334999987768}], [{""pair"": [3, 7, 2, 10], ""acc"": 0.3, ""vel"": 26.56, ""pos"": 124.5, ""error"": 0.06336665000011621}], [{""pair"": [3, 10, 0, 7], ""acc"": 0.2, ""vel"": 26.56, ""pos"": 124.4, ""error"": 0.06683334999987878}], [{""pair"": [3, 10, 2, 7], ""acc"": 0.3, ""vel"": 26.56, ""pos"": 124.4, ""error"": 0.06683334999987878}], [{""pair"": [0, 7, 0, 10], ""acc"": 1.0, ""vel"": 26.56, ""pos"": 124.4, ""error"": 0.06683334999987878}], [{""pair"": [0, 7, 1, 10], ""acc"": 0.2, ""vel"": 26.58, ""pos"": 124.4, ""error"": 0.05663334999987768}], [{""pair"": [0, 7, 2, 10], ""acc"": 0.2, ""vel"": 26.56, ""pos"": 124.5, ""error"": 0.06336665000011621}], [{""pair"": [2, 7, 0, 10], ""acc"": 1.1, ""vel"": 26.56, ""pos"": 124.4, ""error"": 0.06683334999987878}], [{""pair"": [2, 7, 1, 10], ""acc"": 0.3, ""vel"": 26.58, ""pos"": 124.4, ""error"": 0.05663334999987768}], [{""pair"": [2, 7, 2, 10], ""acc"": 0.3, ""vel"": 26.56, ""pos"": 124.5, ""error"": 0.06336665000011621}]]",3
274.567,0.016000000000019554,0.34307,26.578125,124.8794862961087,0.30000000000000004,26.580000000000002,124.9,0.7,26.58,124.9,0.3,26.58,124.9,0.038162910826696754,26.555111394599685,108.38095942249012,-8.0,28.383315288120137,111.78953325187929,0.10490708372400133,26.518467621012565,108.37845589949839,3.5728574631848398,16.498526873618573,0.621293830346114,10.033093200364164,13.089953044229404,0.4611847809656054,3.447642072519506,16.501030396610304,0.6222467539389532,"[[3, 8, 3, 9], [3, 8, 0, 9], [3, 9, 1, 8], [3, 9, 2, 8], [3, 7, 0, 7], [1, 8, 0, 9], [2, 8, 0, 9], [0, 0, 0, 0], [0, 0, 0, 0], [0, 0, 0, 0], [0, 0, 0, 0], [0, 0, 0, 0], [0, 0, 0, 0], [0, 0, 0, 0], [0, 0, 0, 0], [0, 0, 0, 0]]",1,,1,0,1,"[3, 8, 0, 9]","[[[3, 8, 3, 9], [0.7, 26.58, 124.9], 0.07948159999948601], [[3, 8, 0, 9], [0.3, 26.58, 124.9], 0.07948159999948601], [[3, 9, 1, 8], [0.7, 26.58, 1763.3], 1638.4794815999994], [[3, 9, 2, 8], [0.7, 26.58, 124.9], 0.07948159999948601], [[3, 7, 0, 7], [0.6, 26.58, 124.9], 0.07948159999948601], [[1, 8, 0, 9], [0.3, 26.58, 1763.3], 1638.4794815999994], [[2, 8, 0, 9], [0.3, 26.58, 124.9], 0.07948159999948601]]","[[3, 8, 0, 9]]","[{""pair"": [3, 8, 0, 9], ""acc"": 0.3, ""vel"": 26.58, ""pos"": 124.9, ""error"": 0.07948159999948601}]","[[{""pair"": [3, 8, 3, 9], ""acc"": 0.7, ""vel"": 26.58, ""pos"": 124.9, ""error"": 0.07948159999948601}], [{""pair"": [3, 8, 0, 9], ""acc"": 0.3, ""vel"": 26.58, ""pos"": 124.9, ""error"": 0.07948159999948601}], [{""pair"": [3, 9, 1, 8], ""acc"": 0.7, ""vel"": 26.58, ""pos"": 1763.3, ""error"": 1638.4794815999994}], [{""pair"": [3, 9, 2, 8], ""acc"": 0.7, ""vel"": 26.58, ""pos"": 124.9, ""error"": 0.07948159999948601}], [{""pair"": [3, 7, 0, 7], ""acc"": 0.6, ""vel"": 26.58, ""pos"": 124.9, ""error"": 0.07948159999948601}], [{""pair"": [1, 8, 0, 9], ""acc"": 0.3, ""vel"": 26.58, ""pos"": 1763.3, ""error"": 1638.4794815999994}], [{""pair"": [2, 8, 0, 9], ""acc"": 0.3, ""vel"": 26.58, ""pos"": 124.9, ""error"": 0.07948159999948601}]]",3
274.583,0.016999999999995907,0.340517,26.580919,125.30478020906922,0.30000000000000004,26.580000000000002,125.30000000000001,0.3,26.58,331.7,0.3,26.58,125.3,0.02664456471886214,26.555722001172914,108.80584608965682,8.0,28.25531528811998,112.24264229648976,0.09597612925514824,26.520146134352153,108.80276480954183,3.574945387840977,16.498934119412397,0.6212948802026046,9.567184155753678,13.062137912579459,0.46228958266381365,3.4533740501473127,16.502015399527394,0.6222445123766477,"[[3, 14, 1, 5], [1, 5, 1, 14], [1, 5, 2, 14], [0, 0, 0, 0], [0, 0, 0, 0], [0, 0, 0, 0], [0, 0, 0, 0], [0, 0, 0, 0], [0, 0, 0, 0], [0, 0, 0, 0], [0, 0, 0, 0], [0, 0, 0, 0], [0, 0, 0, 0], [0, 0, 0, 0], [0, 0, 0, 0], [0, 0, 0, 0]]",1,,1,0,1,"[1, 5, 2, 14]","[[[3, 14, 1, 5], [0.3, 26.58, 126.9], 1.5531966500001033], [[1, 5, 1, 14], [0.3, 26.26, 126.9], 1.8731966500001], [[1, 5, 2, 14], [0.3, 26.58, 125.3], 0.05700334999990275]]","[[1, 5, 2, 14]]","[{""pair"": [1, 5, 2, 14], ""acc"": 0.3, ""vel"": 26.58, ""pos"": 125.3, ""error"": 0.05700334999990275}]","[[{""pair"": [3, 14, 1, 5], ""acc"": 0.3, ""vel"": 26.58, ""pos"": 126.9, ""error"": 1.5531966500001033}], [{""pair"": [1, 5, 1, 14], ""acc"": 0.3, ""vel"": 26.26, ""pos"": 126.9, ""error"": 1.8731966500001}], [{""pair"": [1, 5, 2, 14], ""acc"": 0.3, ""vel"": 26.58, ""pos"": 125.3, ""error"": 0.05700334999990275}]]",3
274.6,0.016999999999995907,0.336649,26.583584,125.75670503677561,0.30000000000000004,26.580000000000002,125.80000000000001,0.3,26.58,127.8,0.3,26.58,125.8,0.02397186663400038,26.556174958773134,109.25729721381626,7.151878527206933,28.391315288119948,112.72413865638768,0.09572199430525281,26.52177772854949,109.25362116237639,3.576494273437886,16.499407822959355,0.6213021208277809,10.062280515651592,13.032566380387934,0.4590335547378207,3.458946140516447,16.503083874399223,0.6222465191929575,"[[3, 12, 3, 14], [3, 12, 1, 14], [3, 12, 2, 14], [3, 14, 2, 12], [2, 12, 1, 14], [2, 12, 2, 14], [0, 0, 0, 0], [0, 0, 0, 0], [0, 0, 0, 0], [0, 0, 0, 0], [0, 0, 0, 0], [0, 0, 0, 0], [0, 0, 0, 0], [0, 0, 0, 0], [0, 0, 0, 0], [0, 0, 0, 0]]",1,,1,0,1,"[2, 12, 2, 14]","[[[3, 12, 3, 14], [0.3, 26.58, 127.8], 2.0531966500001033], [[3, 12, 1, 14], [0.3, 26.26, 127.8], 2.3731966500001], [[3, 12, 2, 14], [0.3, 26.58, 126.2], 0.453196650000109], [[3, 14, 2, 12], [0.3, 26.58, 127.4], 1.6531966500001118], [[2, 12, 1, 14], [0.3, 26.26, 127.4], 1.9731966500001086], [[2, 12, 2, 14], [0.3, 26.58, 125.8], 0.05319665000010332]]","[[2, 12, 2, 14]]","[{""pair"": [2, 12, 2, 14], ""acc"": 0.3, ""vel"": 26.58, ""pos"": 125.8, ""error"": 0.05319665000010332}]","[[{""pair"": [3, 12, 3, 14], ""acc"": 0.3, ""vel"": 26.58, ""pos"": 127.8, ""error"": 2.0531966500001033}], [{""pair"": [3, 12, 1, 14], ""acc"": 0.3, ""vel"": 26.26, ""pos"": 127.8, ""error"": 2.3731966500001}], [{""pair"": [3, 12, 2, 14], ""acc"": 0.3, ""vel"": 26.58, ""pos"": 126.2, ""error"": 0.453196650000109}], [{""pair"": [3, 14, 2, 12], ""acc"": 0.3, ""vel"": 26.58, ""pos"": 127.4, ""error"": 1.6531966500001118}], [{""pair"": [2, 12, 1, 14], ""acc"": 0.3, ""vel"": 26.26, ""pos"": 127.4, ""error"": 1.9731966500001086}], [{""pair"": [2, 12, 2, 14], ""acc"": 0.3, ""vel"": 26.58, ""pos"": 125.8, ""error"": 0.05319665000010332}]]",3
274.617,0.01599999999996271,0.333462,26.586187,126.208674610556,0.30000000000000004,26.59,126.2,0.3,26.75,127.8,0.3,26.59,126.2,0.013508559875855329,26.556582480505913,109.70875565205003,6.299638049024707,28.512897223082437,113.20782446273279,0.08737419223152762,26.52340500245268,109.7045052155898,3.5446565632951907,16.499918958505972,0.6213118337277728,9.940215225687126,13.000850147823215,0.45596384141904944,3.431272558003508,16.504169394966198,0.6222492697841782,"[[3, 13, 3, 15], [3, 14, 1, 13], [3, 14, 2, 13], [1, 14, 1, 13], [1, 14, 2, 13], [2, 14, 1, 13], [2, 14, 2, 13], [3, 13, 1, 15], [3, 13, 2, 15], [3, 15, 0, 13], [0, 13, 1, 15], [0, 13, 2, 15], [0, 0, 0, 0], [0, 0, 0, 0], [0, 0, 0, 0], [0, 0, 0, 0]]",1,,1,0,1,"[2, 14, 1, 13]","[[[3, 13, 3, 15], [0.3, 26.75, 127.8], 1.7398816000010129], [[3, 14, 1, 13], [0.3, 26.59, 127.8], 1.5798816000010127], [[3, 14, 2, 13], [0.3, 26.75, 127.0], 0.9398816000010157], [[1, 14, 1, 13], [0.3, 26.27, 127.8], 1.8894816000009875], [[1, 14, 2, 13], [0.3, 26.43, 127.0], 0.9294816000009902], [[2, 14, 1, 13], [0.3, 26.59, 126.2], 0.030518399999007073], [[2, 14, 2, 13], [0.3, 26.75, 125.4], 0.9905183999990044], [[3, 13, 1, 15], [0.3, 26.11, 127.8], 2.0494816000009877], [[3, 13, 2, 15], [0.3, 26.75, 124.6], 1.7905183999990157], [[3, 15, 0, 13], [6.7, 26.75, 127.8], 1.7398816000010129], [[0, 13, 1, 15], [6.7, 26.11, 127.8], 2.0494816000009877], [[0, 13, 2, 15], [6.7, 26.75, 124.6], 1.7905183999990157]]","[[2, 14, 1, 13]]","[{""pair"": [2, 14, 1, 13], ""acc"": 0.3, ""vel"": 26.59, ""pos"": 126.2, ""error"": 0.030518399999007073}]","[[{""pair"": [3, 13, 3, 15], ""acc"": 0.3, ""vel"": 26.75, ""pos"": 127.8, ""error"": 1.7398816000010129}], [{""pair"": [3, 14, 1, 13], ""acc"": 0.3, ""vel"": 26.59, ""pos"": 127.8, ""error"": 1.5798816000010127}], [{""pair"": [3, 14, 2, 13], ""acc"": 0.3, ""vel"": 26.75, ""pos"": 127.0, ""error"": 0.9398816000010157}], [{""pair"": [1, 14, 1, 13], ""acc"": 0.3, ""vel"": 26.27, ""pos"": 127.8, ""error"": 1.8894816000009875}], [{""pair"": [1, 14, 2, 13], ""acc"": 0.3, ""vel"": 26.43, ""pos"": 127.0, ""error"": 0.9294816000009902}], [{""pair"": [2, 14, 1, 13], ""acc"": 0.3, ""vel"": 26.59, ""pos"": 126.2, ""error"": 0.030518399999007073}], [{""pair"": [2, 14, 2, 13], ""acc"": 0.3, ""vel"": 26.75, ""pos"": 125.4, ""error"": 0.9905183999990044}], [{""pair"": [3, 13, 1, 15], ""acc"": 0.3, ""vel"": 26.11, ""pos"": 127.8, ""error"": 2.0494816000009877}], [{""pair"": [3, 13, 2, 15], ""acc"": 0.3, ""vel"": 26.75, ""pos"": 124.6, ""error"": 1.7905183999990157}], [{""pair"": [3, 15, 0, 13], ""acc"": 6.7, ""vel"": 26.75, ""pos"": 127.8, ""error"": 1.7398816000010129}], [{""pair"": [0, 13, 1, 15], ""acc"": 6.7, ""vel"": 26.11, ""pos"": 127.8, ""error"": 2.0494816000009877}], [{""pair"": [0, 13, 2, 15], ""acc"": 6.7, ""vel"": 26.75, ""pos"": 124.6, ""error"": 1.7905183999990157}]]",3
274.633,0.016999999999995907,0.328104,26.588619,126.63409628569102,0.30000000000000004,26.59,126.60000000000001,0.3,26.59,1765.0,0.3,26.59,126.6,-0.001512602220598236,26.556798617463926,110.13366270083279,8.0,28.6136914318666,113.66483717197131,0.07443881365638477,26.524802989528382,110.12889087952466,3.545395662279759,16.50043358485823,0.6213261554051712,10.843571478066412,12.969259113719701,0.4532536161788636,3.4360474010337043,16.505205406166354,0.6222555324042323,"[[3, 1, 0, 8], [3, 1, 1, 8], [3, 1, 2, 8], [0, 1, 0, 8], [0, 1, 1, 8], [0, 1, 2, 8], [2, 1, 0, 8], [2, 1, 1, 8], [2, 1, 2, 8], [0, 0, 0, 0], [0, 0, 0, 0], [0, 0, 0, 0], [0, 0, 0, 0], [0, 0, 0, 0], [0, 0, 0, 0], [0, 0, 0, 0]]",1,,1,0,1,"[3, 1, 1, 8]","[[[3, 1, 0, 8], [0.1, 26.59, 1765.0], 1638.3530266500002], [[3, 1, 1, 8], [0.3, 26.59, 126.6], 0.05717334999989987], [[3, 1, 2, 8], [0.3, 26.59, 1765.0], 1638.3530266500002], [[0, 1, 0, 8], [0.1, 29.15, 1765.0], 1640.9028266500002], [[0, 1, 1, 8], [0.3, 29.15, 126.6], 2.606973349999901], [[0, 1, 2, 8], [0.3, 29.15, 1765.0], 1640.9028266500002], [[2, 1, 0, 8], [0.1, 26.59, 1765.0], 1638.3530266500002], [[2, 1, 1, 8], [0.3, 26.59, 126.6], 0.05717334999989987], [[2, 1, 2, 8], [0.3, 26.59, 1765.0], 1638.3530266500002]]","[[3, 1, 1, 8]]","[{""pair"": [3, 1, 1, 8], ""acc"": 0.3, ""vel"": 26.59, ""pos"": 126.6, ""error"": 0.05717334999989987}]","[[{""pair"": [3, 1, 0, 8], ""acc"": 0.1, ""vel"": 26.59, ""pos"": 1765.0, ""error"": 1638.3530266500002}], [{""pair"": [3, 1, 1, 8], ""acc"": 0.3, ""vel"": 26.59, ""pos"": 126.6, ""error"": 0.05717334999989987}], [{""pair"": [3, 1, 2, 8], ""acc"": 0.3, ""vel"": 26.59, ""pos"": 1765.0, ""error"": 1638.3530266500002}], [{""pair"": [0, 1, 0, 8], ""acc"": 0.1, ""vel"": 29.15, ""pos"": 1765.0, ""error"": 1640.9028266500002}], [{""pair"": [0, 1, 1, 8], ""acc"": 0.3, ""vel"": 29.15, ""pos"": 126.6, ""error"": 2.606973349999901}], [{""pair"": [0, 1, 2, 8], ""acc"": 0.3, ""vel"": 29.15, ""pos"": 1765.0, ""error"": 1640.9028266500002}], [{""pair"": [2, 1, 0, 8], ""acc"": 0.1, ""vel"": 26.59, ""pos"": 1765.0, ""error"": 1638.3530266500002}], [{""pair"": [2, 1, 1, 8], ""acc"": 0.3, ""vel"": 26.59, ""pos"": 126.6, ""error"": 0.05717334999989987}], [{""pair"": [2, 1, 2, 8], ""acc"": 0.3, ""vel"": 26.59, ""pos"": 1765.0, ""error"": 1638.3530266500002}]]",3
274.65,0.016999999999995907,0.323787,26.590963,127.0861502197189,0.30000000000000004,26.59,127.10000000000001,0.3,26.59,127.1,0.3,26.59,127.1,-0.007475923698872822,26.556772903226175,110.58512805875854,6.733997255524741,28.749691431866566,114.15242592631293,0.07038757813029431,26.52606844936054,110.5798232867551,3.5453077299181177,16.50102216096036,0.6213489199569041,11.344760232408024,12.933724293405973,0.44987349947937355,3.440369806196097,16.506326932963802,0.6222681270869493,"[[3, 11, 3, 12], [3, 11, 0, 12], [3, 11, 1, 12], [3, 12, 0, 11], [3, 12, 1, 11], [3, 13, 2, 11], [2, 11, 0, 13], [2, 11, 1, 13], [2, 11, 2, 13], [0, 11, 0, 12], [0, 11, 1, 12], [1, 11, 0, 12], [1, 11, 1, 12], [0, 0, 0, 0], [0, 0, 0, 0], [0, 0, 0, 0]]",1,,1,0,1,"[3, 11, 3, 12]","[[[3, 11, 3, 12], [0.3, 26.59, 127.1], 0.0530266500001062], [[3, 11, 0, 12], [3.5, 26.59, 127.1], 0.0530266500001062], [[3, 11, 1, 12], [0.3, 26.67, 127.1], 0.1228266500001105], [[3, 12, 0, 11], [1.9, 26.59, 127.1], 0.0530266500001062], [[3, 12, 1, 11], [0.3, 26.63, 127.1], 0.0828266500001078], [[3, 13, 2, 11], [0.3, 26.59, 126.9], 0.15717334999987997], [[2, 11, 0, 13], [6.7, 26.59, 126.9], 0.15717334999987997], [[2, 11, 1, 13], [0.3, 26.75, 126.9], 0.30697334999988257], [[2, 11, 2, 13], [0.3, 26.59, 127.7], 0.6530266500001147], [[0, 11, 0, 12], [5.1, 26.59, 127.1], 0.0530266500001062], [[0, 11, 1, 12], [1.9, 26.67, 127.1], 0.1228266500001105], [[1, 11, 0, 12], [3.5, 26.63, 127.1], 0.0828266500001078], [[1, 11, 1, 12], [0.3, 26.71, 127.1], 0.16282665000010965]]","[[3, 11, 3, 12]]","[{""pair"": [3, 11, 3, 12], ""acc"": 0.3, ""vel"": 26.59, ""pos"": 127.1, ""error"": 0.0530266500001062}]","[[{""pair"": [3, 11, 3, 12], ""acc"": 0.3, ""vel"": 26.59, ""pos"": 127.1, ""error"": 0.0530266500001062}], [{""pair"": [3, 11, 0, 12], ""acc"": 3.5, ""vel"": 26.59, ""pos"": 127.1, ""error"": 0.0530266500001062}], [{""pair"": [3, 11, 1, 12], ""acc"": 0.3, ""vel"": 26.67, ""pos"": 127.1, ""error"": 0.1228266500001105}], [{""pair"": [3, 12, 0, 11], ""acc"": 1.9, ""vel"": 26.59, ""pos"": 127.1, ""error"": 0.0530266500001062}], [{""pair"": [3, 12, 1, 11], ""acc"": 0.3, ""vel"": 26.63, ""pos"": 127.1, ""error"": 0.0828266500001078}], [{""pair"": [3, 13, 2, 11], ""acc"": 0.3, ""vel"": 26.59, ""pos"": 126.9, ""error"": 0.15717334999987997}], [{""pair"": [2, 11, 0, 13], ""acc"": 6.7, ""vel"": 26.59, ""pos"": 126.9, ""error"": 0.15717334999987997}], [{""pair"": [2, 11, 1, 13], ""acc"": 0.3, ""vel"": 26.75, ""pos"": 126.9, ""error"": 0.30697334999988257}], [{""pair"": [2, 11, 2, 13], ""acc"": 0.3, ""vel"": 26.59, ""pos"": 127.7, ""error"": 0.6530266500001147}], [{""pair"": [0, 11, 0, 12], ""acc"": 5.1, ""vel"": 26.59, ""pos"": 127.1, ""error"": 0.0530266500001062}], [{""pair"": [0, 11, 1, 12], ""acc"": 1.9, ""vel"": 26.67, ""pos"": 127.1, ""error"": 0.1228266500001105}], [{""pair"": [1, 11, 0, 12], ""acc"": 3.5, ""vel"": 26.63, ""pos"": 127.1, ""error"": 0.0828266500001078}], [{""pair"": [1, 11, 1, 12], ""acc"": 0.3, ""vel"": 26.71, ""pos"": 127.1, ""error"": 0.16282665000010965}]]",3
274.667,0.016000000000019554,0.317104,26.593119,127.53824337794029,0.30000000000000004,26.59,127.5,1.0,26.59,127.5,0.3,26.59,127.5,-0.021232422690811995,26.556645812523293,111.0365921178423,5.5821345547318195,28.86416938521046,114.64214374325796,0.05826632505262552,26.527265038188755,111.03077662139917,3.544873131990512,16.501651260097987,0.6213755824659272,11.768427832153593,12.89609963468233,0.4467857523483799,3.444457154213339,16.50746675654112,0.6222830258896613,"[[3, 10, 0, 7], [3, 10, 1, 7], [3, 10, 2, 7], [0, 7, 0, 10], [0, 7, 1, 10], [0, 7, 2, 10], [1, 7, 0, 10], [1, 7, 1, 10], [1, 7, 2, 10], [2, 7, 0, 10], [2, 7, 1, 10], [2, 7, 2, 10], [0, 0, 0, 0], [0, 0, 0, 0], [0, 0, 0, 0], [0, 0, 0, 0]]",1,,1,0,1,"[0, 7, 0, 10]","[[[3, 10, 0, 7], [1.1, 26.59, 127.5], 0.030278400000515404], [[3, 10, 1, 7], [1.0, 26.59, 946.7], 819.1793215999995], [[3, 10, 2, 7], [1.0, 26.59, 127.5], 0.030278400000515404], [[0, 7, 0, 10], [0.3, 26.59, 127.5], 0.030278400000515404], [[0, 7, 1, 10], [1.1, 26.57, 127.5], 0.05027840000051498], [[0, 7, 2, 10], [1.1, 26.59, 127.4], 0.13027840000050972], [[1, 7, 0, 10], [0.2, 26.59, 946.7], 819.1793215999995], [[1, 7, 1, 10], [1.0, 26.57, 946.7], 819.1993215999995], [[1, 7, 2, 10], [1.0, 26.59, 946.6], 819.0793215999996], [[2, 7, 0, 10], [0.2, 26.59, 127.5], 0.030278400000515404], [[2, 7, 1, 10], [1.0, 26.57, 127.5], 0.05027840000051498], [[2, 7, 2, 10], [1.0, 26.59, 127.4], 0.13027840000050972]]","[[0, 7, 0, 10]]","[{""pair"": [0, 7, 0, 10], ""acc"": 0.3, ""vel"": 26.59, ""pos"": 127.5, ""error"": 0.030278400000515404}]","[[{""pair"": [3, 10, 0, 7], ""acc"": 1.1, ""vel"": 26.59, ""pos"": 127.5, ""error"": 0.030278400000515404}], [{""pair"": [3, 10, 1, 7], ""acc"": 1.0, ""vel"": 26.59, ""pos"": 946.7, ""error"": 819.1793215999995}], [{""pair"": [3, 10, 2, 7], ""acc"": 1.0, ""vel"": 26.59, ""pos"": 127.5, ""error"": 0.030278400000515404}], [{""pair"": [0, 7, 0, 10], ""acc"": 0.3, ""vel"": 26.59, ""pos"": 127.5, ""error"": 0.030278400000515404}], [{""pair"": [0, 7, 1, 10], ""acc"": 1.1, ""vel"": 26.57, ""pos"": 127.5, ""error"": 0.05027840000051498}], [{""pair"": [0, 7, 2, 10], ""acc"": 1.1, ""vel"": 26.59, ""pos"": 127.4, ""error"": 0.13027840000050972}], [{""pair"": [1, 7, 0, 10], ""acc"": 0.2, ""vel"": 26.59, ""pos"": 946.7, ""error"": 819.1793215999995}], [{""pair"": [1, 7, 1, 10], ""acc"": 1.0, ""vel"": 26.57, ""pos"": 946.7, ""error"": 819.1993215999995}], [{""pair"": [1, 7, 2, 10], ""acc"": 1.0, ""vel"": 26.59, ""pos"": 946.6, ""error"": 819.0793215999996}], [{""pair"": [2, 7, 0, 10], ""acc"": 0.2, ""vel"": 26.59, ""pos"": 127.5, ""error"": 0.030278400000515404}], [{""pair"": [2, 7, 1, 10], ""acc"": 1.0, ""vel"": 26.57, ""pos"": 127.5, ""error"": 0.05027840000051498}], [{""pair"": [2, 7, 2, 10], ""acc"": 1.0, ""vel"": 26.59, ""pos"": 127.4, ""error"": 0.13027840000050972}]]",3
274.683,0.016999999999995907,0.312591,26.595179,127.96377387125281,0.30000000000000004,26.6,128.0,0.3,26.28,128.0,0.3,26.6,128.0,-0.02177489590166978,26.556306093760238,111.46149573309309,-8.0,28.953483538086278,115.1046849666449,0.05929672491788891,26.5281972993896,111.45522032010032,3.510467693468966,16.502278138159724,0.6214071369676356,13.124461415698192,12.859088904607916,0.444129249169368,3.4143979771478126,16.508553551152488,0.622302124974483,"[[3, 5, 0, 14], [3, 5, 1, 14], [3, 5, 2, 14], [2, 5, 0, 14], [2, 5, 1, 14], [2, 5, 2, 14], [0, 0, 0, 0], [0, 0, 0, 0], [0, 0, 0, 0], [0, 0, 0, 0], [0, 0, 0, 0], [0, 0, 0, 0], [0, 0, 0, 0], [0, 0, 0, 0], [0, 0, 0, 0], [0, 0, 0, 0]]",1,,1,0,1,"[3, 5, 1, 14]","[[[3, 5, 0, 14], [13.1, 26.28, 128.0], 0.3630266500001049], [[3, 5, 1, 14], [0.3, 26.6, 128.0], 0.05282665000011022], [[3, 5, 2, 14], [0.3, 26.28, 129.6], 1.9630266500000992], [[2, 5, 0, 14], [13.1, 26.28, 128.0], 0.3630266500001049], [[2, 5, 1, 14], [0.3, 26.6, 128.0], 0.05282665000011022], [[2, 5, 2, 14], [0.3, 26.28, 129.6], 1.9630266500000992]]","[[3, 5, 1, 14]]","[{""pair"": [3, 5, 1, 14], ""acc"": 0.3, ""vel"": 26.6, ""pos"": 128.0, ""error"": 0.05282665000011022}]","[[{""pair"": [3, 5, 0, 14], ""acc"": 13.1, ""vel"": 26.28, ""pos"": 128.0, ""error"": 0.3630266500001049}], [{""pair"": [3, 5, 1, 14], ""acc"": 0.3, ""vel"": 26.6, ""pos"": 128.0, ""error"": 0.05282665000011022}], [{""pair"": [3, 5, 2, 14], ""acc"": 0.3, ""vel"": 26.28, ""pos"": 129.6, ""error"": 1.9630266500000992}], [{""pair"": [2, 5, 0, 14], ""acc"": 13.1, ""vel"": 26.28, ""pos"": 128.0, ""error"": 0.3630266500001049}], [{""pair"": [2, 5, 1, 14], ""acc"": 0.3, ""vel"": 26.6, ""pos"": 128.0, ""error"": 0.05282665000011022}], [{""pair"": [2, 5, 2, 14], ""acc"": 0.3, ""vel"": 26.28, ""pos"": 129.6, ""error"": 1.9630266500000992}]]",3
274.7,0.016999999999995907,0.304825,26.597012,128.4159370836522,0.30000000000000004,26.6,128.4,6.7,67.56,128.4,0.3,26.6,128.4,-0.031165569046265565,26.555935920529908,111.91294979021445,-7.4556750264821785,28.81748353808631,115.59573818679225,0.05130347638117297,26.529205343713205,111.90620824256659,3.509201880508652,16.502987293437755,0.6214425032062078,-100.46529180444915,12.820198896859964,0.44487572552670285,3.417841544927642,16.509728841085618,0.6223227807687814,"[[3, 5, 3, 13], [3, 5, 0, 13], [3, 13, 0, 5], [0, 5, 0, 13], [0, 0, 0, 0], [0, 0, 0, 0], [0, 0, 0, 0], [0, 0, 0, 0], [0, 0, 0, 0], [0, 0, 0, 0], [0, 0, 0, 0], [0, 0, 0, 0], [0, 0, 0, 0], [0, 0, 0, 0], [0, 0, 0, 0], [0, 0, 0, 0]]",1,,1,0,1,"[0, 5, 0, 13]","[[[3, 5, 3, 13], [6.7, 67.56, 128.4], 41.007143349999886], [[3, 5, 0, 13], [0.3, 67.56, 128.4], 41.007143349999886], [[3, 13, 0, 5], [6.7, 26.6, 128.4], 0.057343349999882776], [[0, 5, 0, 13], [0.3, 26.6, 128.4], 0.057343349999882776]]","[[0, 5, 0, 13]]","[{""pair"": [0, 5, 0, 13], ""acc"": 0.3, ""vel"": 26.6, ""pos"": 128.4, ""error"": 0.057343349999882776}]","[[{""pair"": [3, 5, 3, 13], ""acc"": 6.7, ""vel"": 67.56, ""pos"": 128.4, ""error"": 41.007143349999886}], [{""pair"": [3, 5, 0, 13], ""acc"": 0.3, ""vel"": 67.56, ""pos"": 128.4, ""error"": 41.007143349999886}], [{""pair"": [3, 13, 0, 5], ""acc"": 6.7, ""vel"": 26.6, ""pos"": 128.4, ""error"": 0.057343349999882776}], [{""pair"": [0, 5, 0, 13], ""acc"": 0.3, ""vel"": 26.6, ""pos"": 128.4, ""error"": 0.057343349999882776}]]",3
274.717,0.016000000000019554,0.298791,26.598703,128.8681303348646,0.30000000000000004,26.6,128.9,0.3,26.6,132.3,0.3,26.6,128.9,-0.03163573955994588,26.55540610585612,112.36439619743862,-7.487641647547339,28.690737062636146,116.08455806189828,0.05198348921065979,26.530077502811686,112.35721214676194,3.5073902010193923,16.503734137425965,0.621483025777809,11.09397328109632,12.78357227296631,0.4455644428045843,3.420821019355834,16.51091818810265,0.622347152448115,"[[1, 15, 1, 11], [1, 15, 2, 11], [2, 15, 1, 11], [2, 15, 2, 11], [0, 0, 0, 0], [0, 0, 0, 0], [0, 0, 0, 0], [0, 0, 0, 0], [0, 0, 0, 0], [0, 0, 0, 0], [0, 0, 0, 0], [0, 0, 0, 0], [0, 0, 0, 0], [0, 0, 0, 0], [0, 0, 0, 0], [0, 0, 0, 0]]",1,,1,0,1,"[2, 15, 2, 11]","[[[1, 15, 1, 11], [0.3, 25.92, 132.3], 4.1591615999995035], [[1, 15, 2, 11], [0.3, 25.96, 132.1], 3.9191615999994873], [[2, 15, 1, 11], [0.3, 26.56, 129.1], 0.31916159999948945], [[2, 15, 2, 11], [0.3, 26.6, 128.9], 0.07916159999949812]]","[[2, 15, 2, 11]]","[{""pair"": [2, 15, 2, 11], ""acc"": 0.3, ""vel"": 26.6, ""pos"": 128.9, ""error"": 0.07916159999949812}]","[[{""pair"": [1, 15, 1, 11], ""acc"": 0.3, ""vel"": 25.92, ""pos"": 132.3, ""error"": 4.1591615999995035}], [{""pair"": [1, 15, 2, 11], ""acc"": 0.3, ""vel"": 25.96, ""pos"": 132.1, ""error"": 3.9191615999994873}], [{""pair"": [2, 15, 1, 11], ""acc"": 0.3, ""vel"": 26.56, ""pos"": 129.1, ""error"": 0.31916159999948945}], [{""pair"": [2, 15, 2, 11], ""acc"": 0.3, ""vel"": 26.6, ""pos"": 128.9, ""error"": 0.07916159999949812}]]",3
274.733,0.016999999999995907,0.290735,26.600197,129.2937478281131,0.30000000000000004,26.6,129.3,0.3,26.6,135.7,0.3,26.6,129.3,-0.036360359234926067,26.55489993402316,112.78927864575817,-6.99365476973669,28.570934796275242,116.54265143677013,0.04831658355811384,26.530909238639058,112.78170004069406,3.5056594000262713,16.50446918235494,0.6215225522732539,10.653238175440736,12.751096391342983,0.4462960866441559,3.423662488170357,16.51204778741905,0.622370218785086,"[[1, 0, 0, 7], [1, 0, 2, 7], [2, 0, 0, 7], [2, 0, 2, 7], [0, 0, 0, 0], [0, 0, 0, 0], [0, 0, 0, 0], [0, 0, 0, 0], [0, 0, 0, 0], [0, 0, 0, 0], [0, 0, 0, 0], [0, 0, 0, 0], [0, 0, 0, 0], [0, 0, 0, 0], [0, 0, 0, 0], [0, 0, 0, 0]]",1,,1,0,1,"[1, 0, 2, 7]","[[[1, 0, 0, 7], [0.2, 26.6, 129.3], 0.057343349999882776], [[1, 0, 2, 7], [0.3, 26.6, 129.3], 0.057343349999882776], [[2, 0, 0, 7], [0.2, 26.6, 135.7], 6.352856650000092], [[2, 0, 2, 7], [0.3, 26.6, 135.7], 6.352856650000092]]","[[1, 0, 2, 7]]","[{""pair"": [1, 0, 2, 7], ""acc"": 0.3, ""vel"": 26.6, ""pos"": 129.3, ""error"": 0.057343349999882776}]","[[{""pair"": [1, 0, 0, 7], ""acc"": 0.2, ""vel"": 26.6, ""pos"": 129.3, ""error"": 0.057343349999882776}], [{""pair"": [1, 0, 2, 7], ""acc"": 0.3, ""vel"": 26.6, ""pos"": 129.3, ""error"": 0.057343349999882776}], [{""pair"": [2, 0, 0, 7], ""acc"": 0.2, ""vel"": 26.6, ""pos"": 135.7, ""error"": 6.352856650000092}], [{""pair"": [2, 0, 2, 7], ""acc"": 0.3, ""vel"": 26.6, ""pos"": 135.7, ""error"": 6.352856650000092}]]",3
274.75,0.016999999999995907,0.285021,26.601517,129.7459931883205,0.30000000000000004,26.6,129.70000000000002,0.3,25.96,129.7,0.3,26.6,129.7,-0.04971684720036674,26.55428180791617,113.24070669056455,-7.655695371756103,28.452042665189747,117.02734674519247,0.03584360166928327,26.531730620559546,113.23273247949714,3.503545826680842,16.50528649775596,0.6215677990144521,12.32002500538008,12.718646443128037,0.44702050368738316,3.4264686696770204,16.513260708823367,0.6223966670318586,"[[3, 4, 3, 15], [3, 4, 0, 15], [3, 4, 1, 15], [3, 4, 2, 15], [0, 0, 0, 0], [0, 0, 0, 0], [0, 0, 0, 0], [0, 0, 0, 0], [0, 0, 0, 0], [0, 0, 0, 0], [0, 0, 0, 0], [0, 0, 0, 0], [0, 0, 0, 0], [0, 0, 0, 0], [0, 0, 0, 0], [0, 0, 0, 0]]",1,,1,0,1,"[3, 4, 1, 15]","[[[3, 4, 3, 15], [0.3, 25.96, 129.7], 0.6973433499999118], [[3, 4, 0, 15], [-25.3, 25.96, 129.7], 0.6973433499999118], [[3, 4, 1, 15], [0.3, 26.6, 129.7], 0.0573433499999112], [[3, 4, 2, 15], [0.3, 25.96, 132.9], 3.792856650000104]]","[[3, 4, 1, 15]]","[{""pair"": [3, 4, 1, 15], ""acc"": 0.3, ""vel"": 26.6, ""pos"": 129.7, ""error"": 0.0573433499999112}]","[[{""pair"": [3, 4, 3, 15], ""acc"": 0.3, ""vel"": 25.96, ""pos"": 129.7, ""error"": 0.6973433499999118}], [{""pair"": [3, 4, 0, 15], ""acc"": -25.3, ""vel"": 25.96, ""pos"": 129.7, ""error"": 0.6973433499999118}], [{""pair"": [3, 4, 1, 15], ""acc"": 0.3, ""vel"": 26.6, ""pos"": 129.7, ""error"": 0.0573433499999112}], [{""pair"": [3, 4, 2, 15], ""acc"": 0.3, ""vel"": 25.96, ""pos"": 132.9, ""error"": 3.792856650000104}]]",3
274.767,0.016000000000019554,0.277703,26.602655,130.1982601628549,0.30000000000000004,26.6,130.20000000000002,0.1,26.6,130.2,0.3,26.6,130.2,-0.05371509357679676,26.553436621513764,113.6921222972146,-8.0,28.321895843869925,117.50992522251937,0.032513940779870215,26.532339961787923,113.683777079447,3.5006559379481414,16.506137865640298,0.6216196457322937,9.742801096325518,12.688334940335523,0.448004434811938,3.4285504866718113,16.514483083407896,0.6224284442002544,"[[3, 8, 0, 7], [3, 8, 2, 7], [0, 7, 0, 8], [0, 7, 1, 8], [2, 7, 0, 8], [2, 7, 1, 8], [0, 6, 1, 6], [0, 6, 2, 6], [1, 6, 0, 6], [1, 6, 2, 6], [2, 6, 0, 6], [2, 6, 1, 6], [0, 0, 0, 0], [0, 0, 0, 0], [0, 0, 0, 0], [0, 0, 0, 0]]",1,,1,0,1,"[2, 7, 0, 8]","[[[3, 8, 0, 7], [0.0, 26.6, 130.2], 0.07916159999949812], [[3, 8, 2, 7], [0.1, 26.6, 130.2], 0.07916159999949812], [[0, 7, 0, 8], [0.2, 26.6, 130.2], 0.07916159999949812], [[0, 7, 1, 8], [0.0, 26.6, 1768.6], 1638.4791615999993], [[2, 7, 0, 8], [0.3, 26.6, 130.2], 0.07916159999949812], [[2, 7, 1, 8], [0.1, 26.6, 1768.6], 1638.4791615999993], [[0, 6, 1, 6], [0.1, 108.52, 539.8], 491.5895615999994], [[0, 6, 2, 6], [0.1, 108.52, 130.2], 81.98956159999948], [[1, 6, 0, 6], [0.1, 108.52, 539.8], 491.5895615999994], [[1, 6, 2, 6], [0.1, 26.6, 539.8], 409.6791615999994], [[2, 6, 0, 6], [0.1, 108.52, 130.2], 81.98956159999948], [[2, 6, 1, 6], [0.1, 26.6, 539.8], 409.6791615999994]]","[[2, 7, 0, 8]]","[{""pair"": [2, 7, 0, 8], ""acc"": 0.3, ""vel"": 26.6, ""pos"": 130.2, ""error"": 0.07916159999949812}]","[[{""pair"": [3, 8, 0, 7], ""acc"": 0.0, ""vel"": 26.6, ""pos"": 130.2, ""error"": 0.07916159999949812}], [{""pair"": [3, 8, 2, 7], ""acc"": 0.1, ""vel"": 26.6, ""pos"": 130.2, ""error"": 0.07916159999949812}], [{""pair"": [0, 7, 0, 8], ""acc"": 0.2, ""vel"": 26.6, ""pos"": 130.2, ""error"": 0.07916159999949812}], [{""pair"": [0, 7, 1, 8], ""acc"": 0.0, ""vel"": 26.6, ""pos"": 1768.6, ""error"": 1638.4791615999993}], [{""pair"": [2, 7, 0, 8], ""acc"": 0.3, ""vel"": 26.6, ""pos"": 130.2, ""error"": 0.07916159999949812}], [{""pair"": [2, 7, 1, 8], ""acc"": 0.1, ""vel"": 26.6, ""pos"": 1768.6, ""error"": 1638.4791615999993}], [{""pair"": [0, 6, 1, 6], ""acc"": 0.1, ""vel"": 108.52, ""pos"": 539.8, ""error"": 491.5895615999994}], [{""pair"": [0, 6, 2, 6], ""acc"": 0.1, ""vel"": 108.52, ""pos"": 130.2, ""error"": 81.98956159999948}], [{""pair"": [1, 6, 0, 6], ""acc"": 0.1, ""vel"": 108.52, ""pos"": 539.8, ""error"": 491.5895615999994}], [{""pair"": [1, 6, 2, 6], ""acc"": 0.1, ""vel"": 26.6, ""pos"": 539.8, ""error"": 409.6791615999994}], [{""pair"": [2, 6, 0, 6], ""acc"": 0.1, ""vel"": 108.52, ""pos"": 130.2, ""error"": 81.98956159999948}], [{""pair"": [2, 6, 1, 6], ""acc"": 0.1, ""vel"": 26.6, ""pos"": 539.8, ""error"": 409.6791615999994}]]",3
274.783,0.016999999999995907,0.270668,26.603554,130.62393818883942,0.30000000000000004,26.6,130.6,0.3,36.84,130.6,0.3,26.6,130.6,-0.06198384128973704,26.552577180016534,114.11697040762735,-8.0,28.193895843869768,117.96205155602185,0.024794138971736573,26.532860184840402,114.10829868062054,3.4977173992975743,16.50696778121207,0.6216710215848731,-31.32372523717698,12.66188663281757,0.44910028408048686,3.4303278677520996,16.515639508218882,0.6224598250306661,"[[3, 3, 3, 12], [3, 12, 0, 3], [0, 0, 0, 0], [0, 0, 0, 0], [0, 0, 0, 0], [0, 0, 0, 0], [0, 0, 0, 0], [0, 0, 0, 0], [0, 0, 0, 0], [0, 0, 0, 0], [0, 0, 0, 0], [0, 0, 0, 0], [0, 0, 0, 0], [0, 0, 0, 0], [0, 0, 0, 0], [0, 0, 0, 0]]",1,,1,0,1,"[3, 12, 0, 3]","[[[3, 3, 3, 12], [0.3, 36.84, 130.6], 10.287143349999887], [[3, 12, 0, 3], [0.3, 26.6, 130.6], 0.057343349999882776]]","[[3, 12, 0, 3]]","[{""pair"": [3, 12, 0, 3], ""acc"": 0.3, ""vel"": 26.6, ""pos"": 130.6, ""error"": 0.057343349999882776}]","[[{""pair"": [3, 3, 3, 12], ""acc"": 0.3, ""vel"": 36.84, ""pos"": 130.6, ""error"": 10.287143349999887}], [{""pair"": [3, 12, 0, 3], ""acc"": 0.3, ""vel"": 26.6, ""pos"": 130.6, ""error"": 0.057343349999882776}]]",3
274.8,0.016999999999995907,0.264908,26.604336,131.07623771836532,0.30000000000000004,26.6,131.1,0.3,26.6,143.9,0.3,26.6,131.1,-0.061326471876267476,26.55152345471461,114.56835526302245,-6.320876749843816,28.0578958438698,118.44019178536752,0.02583030912088279,26.533281685202923,114.55936088651579,3.4941147058627036,16.507882455342866,0.6217301422834799,8.786134533477368,12.636045932997803,0.45035614941733326,3.4317679801655916,16.51687683184953,0.622496569697244,"[[3, 1, 0, 7], [3, 1, 2, 7], [1, 1, 0, 7], [1, 1, 2, 7], [2, 1, 0, 7], [2, 1, 2, 7], [0, 0, 0, 0], [0, 0, 0, 0], [0, 0, 0, 0], [0, 0, 0, 0], [0, 0, 0, 0], [0, 0, 0, 0], [0, 0, 0, 0], [0, 0, 0, 0], [0, 0, 0, 0], [0, 0, 0, 0]]",1,,1,0,1,"[1, 1, 2, 7]","[[[3, 1, 0, 7], [0.2, 26.6, 143.9], 12.85285665000012], [[3, 1, 2, 7], [0.3, 26.6, 143.9], 12.85285665000012], [[1, 1, 0, 7], [0.2, 26.6, 131.1], 0.052856650000109084], [[1, 1, 2, 7], [0.3, 26.6, 131.1], 0.052856650000109084], [[2, 1, 0, 7], [0.2, 26.6, 143.9], 12.85285665000012], [[2, 1, 2, 7], [0.3, 26.6, 143.9], 12.85285665000012]]","[[1, 1, 2, 7]]","[{""pair"": [1, 1, 2, 7], ""acc"": 0.3, ""vel"": 26.6, ""pos"": 131.1, ""error"": 0.052856650000109084}]","[[{""pair"": [3, 1, 0, 7], ""acc"": 0.2, ""vel"": 26.6, ""pos"": 143.9, ""error"": 12.85285665000012}], [{""pair"": [3, 1, 2, 7], ""acc"": 0.3, ""vel"": 26.6, ""pos"": 143.9, ""error"": 12.85285665000012}], [{""pair"": [1, 1, 0, 7], ""acc"": 0.2, ""vel"": 26.6, ""pos"": 131.1, ""error"": 0.052856650000109084}], [{""pair"": [1, 1, 2, 7], ""acc"": 0.3, ""vel"": 26.6, ""pos"": 131.1, ""error"": 0.052856650000109084}], [{""pair"": [2, 1, 0, 7], ""acc"": 0.2, ""vel"": 26.6, ""pos"": 143.9, ""error"": 12.85285665000012}], [{""pair"": [2, 1, 2, 7], ""acc"": 0.3, ""vel"": 26.6, ""pos"": 143.9, ""error"": 12.85285665000012}]]",3
274.817,0.016000000000019554,0.259322,26.604885,131.52854970957122,0.30000000000000004,26.6,131.5,0.3,26.6,105.9,0.3,26.6,131.5,-0.06898230220489156,26.550480904692712,115.0197223000773,-8.0,27.950440939122483,118.91626264802284,0.018372731481326912,26.533720800457978,115.0104304076438,3.4905503573725407,16.508827409493918,0.6217901464291758,8.399240887123131,12.612287061548386,0.4512374988651737,3.433268299836818,16.518119301927428,0.6225330938751086,"[[0, 1, 0, 0], [0, 1, 1, 0], [0, 1, 2, 0], [1, 1, 0, 0], [1, 1, 1, 0], [1, 1, 2, 0], [2, 1, 0, 0], [2, 1, 1, 0], [2, 1, 2, 0], [3, 0, 1, 2], [3, 0, 2, 2], [0, 0, 0, 0], [0, 0, 0, 0], [0, 0, 0, 0], [0, 0, 0, 0], [0, 0, 0, 0]]",1,,1,0,1,"[3, 0, 1, 2]","[[[0, 1, 0, 0], [0.3, 30.44, 105.9], 29.46083840000049], [[0, 1, 1, 0], [0.3, 29.16, 112.3], 21.780838400000498], [[0, 1, 2, 0], [0.3, 29.16, 105.9], 28.18083840000049], [[1, 1, 0, 0], [0.3, 27.88, 118.7], 14.100838400000491], [[1, 1, 1, 0], [0.3, 26.6, 125.1], 6.430438400000515], [[1, 1, 2, 0], [0.3, 26.6, 118.7], 12.830438400000507], [[2, 1, 0, 0], [0.3, 27.88, 105.9], 26.900838400000488], [[2, 1, 1, 0], [0.3, 26.6, 112.3], 19.230438400000512], [[2, 1, 2, 0], [0.3, 26.6, 105.9], 25.630438400000504], [[3, 0, 1, 2], [0.3, 26.6, 131.5], 0.030438400000509347], [[3, 0, 2, 2], [0.3, 26.6, 105.9], 25.630438400000504]]","[[3, 0, 1, 2]]","[{""pair"": [3, 0, 1, 2], ""acc"": 0.3, ""vel"": 26.6, ""pos"": 131.5, ""error"": 0.030438400000509347}]","[[{""pair"": [0, 1, 0, 0], ""acc"": 0.3, ""vel"": 30.44, ""pos"": 105.9, ""error"": 29.46083840000049}], [{""pair"": [0, 1, 1, 0], ""acc"": 0.3, ""vel"": 29.16, ""pos"": 112.3, ""error"": 21.780838400000498}], [{""pair"": [0, 1, 2, 0], ""acc"": 0.3, ""vel"": 29.16, ""pos"": 105.9, ""error"": 28.18083840000049}], [{""pair"": [1, 1, 0, 0], ""acc"": 0.3, ""vel"": 27.88, ""pos"": 118.7, ""error"": 14.100838400000491}], [{""pair"": [1, 1, 1, 0], ""acc"": 0.3, ""vel"": 26.6, ""pos"": 125.1, ""error"": 6.430438400000515}], [{""pair"": [1, 1, 2, 0], ""acc"": 0.3, ""vel"": 26.6, ""pos"": 118.7, ""error"": 12.830438400000507}], [{""pair"": [2, 1, 0, 0], ""acc"": 0.3, ""vel"": 27.88, ""pos"": 105.9, ""error"": 26.900838400000488}], [{""pair"": [2, 1, 1, 0], ""acc"": 0.3, ""vel"": 26.6, ""pos"": 112.3, ""error"": 19.230438400000512}], [{""pair"": [2, 1, 2, 0], ""acc"": 0.3, ""vel"": 26.6, ""pos"": 105.9, ""error"": 25.630438400000504}], [{""pair"": [3, 0, 1, 2], ""acc"": 0.3, ""vel"": 26.6, ""pos"": 131.5, ""error"": 0.030438400000509347}], [{""pair"": [3, 0, 2, 2], ""acc"": 0.3, ""vel"": 26.6, ""pos"": 105.9, ""error"": 25.630438400000504}]]",3
274.833,0.016999999999995907,0.25491,26.60532,131.95426106278774,0.30000000000000004,26.61,132.0,1.1,26.61,138.4,0.3,26.61,132.0,-0.06317892192573084,26.549377187857434,115.44452116481823,-7.379272729786574,27.822440939122327,119.36244570304935,0.024230785672403957,26.53401476416168,115.43497229216126,3.45352078523104,16.50973989796951,0.6218503651196898,7.907001582096612,12.59181535973839,0.4525776651764763,3.4010164454630396,16.519288770626474,0.622570271308447,"[[3, 0, 3, 10], [3, 0, 0, 10], [3, 10, 1, 0], [3, 10, 2, 0], [1, 0, 0, 10], [2, 0, 0, 10], [0, 0, 0, 0], [0, 0, 0, 0], [0, 0, 0, 0], [0, 0, 0, 0], [0, 0, 0, 0], [0, 0, 0, 0], [0, 0, 0, 0], [0, 0, 0, 0], [0, 0, 0, 0], [0, 0, 0, 0]]",1,,1,0,1,"[1, 0, 0, 10]","[[[3, 0, 3, 10], [1.1, 26.61, 138.4], 6.452656650000115], [[3, 0, 0, 10], [0.3, 26.61, 138.4], 6.452656650000115], [[3, 10, 1, 0], [1.1, 26.61, 132.0], 0.05265665000010955], [[3, 10, 2, 0], [1.1, 26.61, 138.4], 6.452656650000115], [[1, 0, 0, 10], [0.3, 26.61, 132.0], 0.05265665000010955], [[2, 0, 0, 10], [0.3, 26.61, 138.4], 6.452656650000115]]","[[1, 0, 0, 10]]","[{""pair"": [1, 0, 0, 10], ""acc"": 0.3, ""vel"": 26.61, ""pos"": 132.0, ""error"": 0.05265665000010955}]","[[{""pair"": [3, 0, 3, 10], ""acc"": 1.1, ""vel"": 26.61, ""pos"": 138.4, ""error"": 6.452656650000115}], [{""pair"": [3, 0, 0, 10], ""acc"": 0.3, ""vel"": 26.61, ""pos"": 138.4, ""error"": 6.452656650000115}], [{""pair"": [3, 10, 1, 0], ""acc"": 1.1, ""vel"": 26.61, ""pos"": 132.0, ""error"": 0.05265665000010955}], [{""pair"": [3, 10, 2, 0], ""acc"": 1.1, ""vel"": 26.61, ""pos"": 138.4, ""error"": 6.452656650000115}], [{""pair"": [1, 0, 0, 10], ""acc"": 0.3, ""vel"": 26.61, ""pos"": 132.0, ""error"": 0.05265665000010955}], [{""pair"": [2, 0, 0, 10], ""acc"": 0.3, ""vel"": 26.61, ""pos"": 138.4, ""error"": 6.452656650000115}]]",3
274.85,0.016999999999995907,0.250296,26.605539,132.4065883372826,0.30000000000000004,26.61,132.4,0.7,26.61,132.4,0.3,26.61,132.4,-0.06637523469504808,26.548303146184697,115.89585144765748,-7.901134312300097,27.696993302715985,119.83436089410485,0.02092567989902771,26.53442668751811,115.88605404450043,3.4498490609759904,16.510736889625136,0.6219130766554443,7.459157955939985,12.572227443177766,0.4539202976210752,3.4024238959563924,16.520534292782187,0.6226075463146715,"[[3, 3, 0, 9], [3, 3, 1, 9], [2, 3, 0, 9], [2, 3, 1, 9], [0, 0, 0, 0], [0, 0, 0, 0], [0, 0, 0, 0], [0, 0, 0, 0], [0, 0, 0, 0], [0, 0, 0, 0], [0, 0, 0, 0], [0, 0, 0, 0], [0, 0, 0, 0], [0, 0, 0, 0], [0, 0, 0, 0], [0, 0, 0, 0]]",1,,1,0,1,"[3, 3, 0, 9]","[[[3, 3, 0, 9], [0.3, 26.61, 132.4], 0.05751334999987989], [[3, 3, 1, 9], [0.7, 26.6, 132.4], 0.0675133499998779], [[2, 3, 0, 9], [0.3, 26.61, 132.4], 0.05751334999987989], [[2, 3, 1, 9], [0.7, 26.6, 132.4], 0.0675133499998779]]","[[3, 3, 0, 9]]","[{""pair"": [3, 3, 0, 9], ""acc"": 0.3, ""vel"": 26.61, ""pos"": 132.4, ""error"": 0.05751334999987989}]","[[{""pair"": [3, 3, 0, 9], ""acc"": 0.3, ""vel"": 26.61, ""pos"": 132.4, ""error"": 0.05751334999987989}], [{""pair"": [3, 3, 1, 9], ""acc"": 0.7, ""vel"": 26.6, ""pos"": 132.4, ""error"": 0.0675133499998779}], [{""pair"": [2, 3, 0, 9], ""acc"": 0.3, ""vel"": 26.61, ""pos"": 132.4, ""error"": 0.05751334999987989}], [{""pair"": [2, 3, 1, 9], ""acc"": 0.7, ""vel"": 26.6, ""pos"": 132.4, ""error"": 0.0675133499998779}]]",3
274.867,0.01599999999996271,0.246881,26.605639,132.8589186680545,0.2,26.61,132.9,0.2,6.13,132.9,0.2,26.61,132.9,-0.0638037564107032,26.547174767194882,116.34716300992109,-8.0,27.562674019406916,120.30406806634278,0.023243571382485728,26.534782424076393,116.33714232194886,3.4459917342187776,16.511755658133424,0.6219778866464345,48.88902359569625,12.554850601711735,0.4555019078653924,3.403639385724733,16.521776346105653,0.6226460078720896,"[[3, 0, 0, 4], [0, 0, 0, 4], [1, 0, 0, 4], [0, 0, 0, 0], [0, 0, 0, 0], [0, 0, 0, 0], [0, 0, 0, 0], [0, 0, 0, 0], [0, 0, 0, 0], [0, 0, 0, 0], [0, 0, 0, 0], [0, 0, 0, 0], [0, 0, 0, 0], [0, 0, 0, 0], [0, 0, 0, 0], [0, 0, 0, 0]]",1,,1,0,1,"[3, 0, 0, 4]","[[[3, 0, 0, 4], [0.2, 26.61, 132.9], 0.07900160000099277], [[0, 0, 0, 4], [0.2, 27.89, 132.9], 1.3494016000010163], [[1, 0, 0, 4], [0.2, 26.61, 139.3], 6.4790016000009985]]","[[3, 0, 0, 4]]","[{""pair"": [3, 0, 0, 4], ""acc"": 0.2, ""vel"": 26.61, ""pos"": 132.9, ""error"": 0.07900160000099277}]","[[{""pair"": [3, 0, 0, 4], ""acc"": 0.2, ""vel"": 26.61, ""pos"": 132.9, ""error"": 0.07900160000099277}], [{""pair"": [0, 0, 0, 4], ""acc"": 0.2, ""vel"": 27.89, ""pos"": 132.9, ""error"": 1.3494016000010163}], [{""pair"": [1, 0, 0, 4], ""acc"": 0.2, ""vel"": 26.61, ""pos"": 139.3, ""error"": 6.4790016000009985}]]",3
274.883,0.016999999999995907,0.243276,26.605553,133.28464049282152,0.2,26.61,133.3,0.2,26.69,1771.7,0.2,26.61,133.3,-0.06533160198066669,26.546153907092314,116.7719096393144,8.0,27.434674019407215,120.74404685065227,0.021298089040020077,26.535154321218513,116.76170181591023,3.442502094398769,16.512730853507122,0.622038541300532,6.262544811386791,12.540593642169256,0.45710744123651964,3.40491011030195,16.522938676911295,0.6226810847562672,"[[1, 12, 0, 8], [1, 12, 1, 8], [1, 12, 2, 8], [2, 12, 0, 8], [2, 12, 1, 8], [2, 12, 2, 8], [0, 0, 0, 0], [0, 0, 0, 0], [0, 0, 0, 0], [0, 0, 0, 0], [0, 0, 0, 0], [0, 0, 0, 0], [0, 0, 0, 0], [0, 0, 0, 0], [0, 0, 0, 0], [0, 0, 0, 0]]",1,,1,0,1,"[1, 12, 1, 8]","[[[1, 12, 0, 8], [0.0, 26.61, 1771.7], 1638.3510011000003], [[1, 12, 1, 8], [0.2, 26.61, 133.3], 0.05579889999987131], [[1, 12, 2, 8], [0.2, 26.61, 1771.7], 1638.3510011000003], [[2, 12, 0, 8], [0.0, 26.69, 1771.3], 1638.0242011000003], [[2, 12, 1, 8], [0.2, 26.69, 132.9], 0.5289988999998805], [[2, 12, 2, 8], [0.2, 26.69, 1771.3], 1638.0242011000003]]","[[1, 12, 1, 8]]","[{""pair"": [1, 12, 1, 8], ""acc"": 0.2, ""vel"": 26.61, ""pos"": 133.3, ""error"": 0.05579889999987131}]","[[{""pair"": [1, 12, 0, 8], ""acc"": 0.0, ""vel"": 26.61, ""pos"": 1771.7, ""error"": 1638.3510011000003}], [{""pair"": [1, 12, 1, 8], ""acc"": 0.2, ""vel"": 26.61, ""pos"": 133.3, ""error"": 0.05579889999987131}], [{""pair"": [1, 12, 2, 8], ""acc"": 0.2, ""vel"": 26.61, ""pos"": 1771.7, ""error"": 1638.3510011000003}], [{""pair"": [2, 12, 0, 8], ""acc"": 0.0, ""vel"": 26.69, ""pos"": 1771.3, ""error"": 1638.0242011000003}], [{""pair"": [2, 12, 1, 8], ""acc"": 0.2, ""vel"": 26.69, ""pos"": 132.9, ""error"": 0.5289988999998805}], [{""pair"": [2, 12, 2, 8], ""acc"": 0.2, ""vel"": 26.69, ""pos"": 1771.3, ""error"": 1638.0242011000003}]]",3
274.9,0.016999999999995907,0.241417,26.60536,133.7369700472034,0.2,26.61,133.70000000000002,0.2,26.63,133.7,0.2,26.61,133.7,-0.07553297809841052,26.545043269858642,117.22318481531838,6.815305853025371,27.570674019407182,121.21159230898208,0.010524663768311264,26.535516388732194,117.2128025169447,3.4387057144025936,16.513785231885038,0.6221042875690508,6.943640269716605,12.525377738221337,0.45430074467547077,3.4061472649153988,16.52416753025871,0.6227188982565036,"[[3, 10, 3, 12], [3, 11, 1, 10], [3, 11, 2, 10], [1, 11, 1, 10], [1, 11, 2, 10], [3, 12, 0, 10], [0, 0, 0, 0], [0, 0, 0, 0], [0, 0, 0, 0], [0, 0, 0, 0], [0, 0, 0, 0], [0, 0, 0, 0], [0, 0, 0, 0], [0, 0, 0, 0], [0, 0, 0, 0], [0, 0, 0, 0]]",1,,1,0,1,"[3, 11, 1, 10]","[[[3, 10, 3, 12], [0.2, 26.63, 133.7], 0.06899889999990094], [[3, 11, 1, 10], [0.2, 26.61, 133.7], 0.05579889999989973], [[3, 11, 2, 10], [0.2, 26.63, 133.6], 0.16899889999989526], [[1, 11, 1, 10], [0.2, 26.57, 133.7], 0.09579889999989888], [[1, 11, 2, 10], [0.2, 26.59, 133.6], 0.17579889999989362], [[3, 12, 0, 10], [1.0, 26.63, 133.7], 0.06899889999990094]]","[[3, 11, 1, 10]]","[{""pair"": [3, 11, 1, 10], ""acc"": 0.2, ""vel"": 26.61, ""pos"": 133.7, ""error"": 0.05579889999989973}]","[[{""pair"": [3, 10, 3, 12], ""acc"": 0.2, ""vel"": 26.63, ""pos"": 133.7, ""error"": 0.06899889999990094}], [{""pair"": [3, 11, 1, 10], ""acc"": 0.2, ""vel"": 26.61, ""pos"": 133.7, ""error"": 0.05579889999989973}], [{""pair"": [3, 11, 2, 10], ""acc"": 0.2, ""vel"": 26.63, ""pos"": 133.6, ""error"": 0.16899889999989526}], [{""pair"": [1, 11, 1, 10], ""acc"": 0.2, ""vel"": 26.57, ""pos"": 133.7, ""error"": 0.09579889999989888}], [{""pair"": [1, 11, 2, 10], ""acc"": 0.2, ""vel"": 26.59, ""pos"": 133.6, ""error"": 0.17579889999989362}], [{""pair"": [3, 12, 0, 10], ""acc"": 1.0, ""vel"": 26.63, ""pos"": 133.7, ""error"": 0.06899889999990094}]]",3
274.917,0.016000000000019554,0.239464,26.605017,134.18929605195981,0.2,26.61,134.20000000000002,3.4,26.61,31.8,0.2,26.61,134.2,-0.07660489893952563,26.54375920923097,117.67443963639053,-8.0,27.686534218908584,121.68127857900764,0.008772376541504204,26.535695308016255,117.66390781636696,3.4343167307752185,16.514856415569284,0.6221747373983866,7.421908237815606,12.508017472952176,0.45177259725089736,3.406758623293868,16.525388235592857,0.6227607019063355,"[[3, 12, 1, 4], [1, 4, 0, 12], [1, 4, 2, 12], [0, 0, 0, 0], [0, 0, 0, 0], [0, 0, 0, 0], [0, 0, 0, 0], [0, 0, 0, 0], [0, 0, 0, 0], [0, 0, 0, 0], [0, 0, 0, 0], [0, 0, 0, 0], [0, 0, 0, 0], [0, 0, 0, 0], [0, 0, 0, 0], [0, 0, 0, 0]]",1,,1,0,1,"[1, 4, 0, 12]","[[[3, 12, 1, 4], [3.4, 26.61, 134.2], 0.07741439999950828], [[1, 4, 0, 12], [0.2, 26.61, 134.2], 0.07741439999950828], [[1, 4, 2, 12], [3.4, 26.61, 133.8], 0.3289856000004754]]","[[1, 4, 0, 12]]","[{""pair"": [1, 4, 0, 12], ""acc"": 0.2, ""vel"": 26.61, ""pos"": 134.2, ""error"": 0.07741439999950828}]","[[{""pair"": [3, 12, 1, 4], ""acc"": 3.4, ""vel"": 26.61, ""pos"": 134.2, ""error"": 0.07741439999950828}], [{""pair"": [1, 4, 0, 12], ""acc"": 0.2, ""vel"": 26.61, ""pos"": 134.2, ""error"": 0.07741439999950828}], [{""pair"": [1, 4, 2, 12], ""acc"": 3.4, ""vel"": 26.61, ""pos"": 133.8, ""error"": 0.3289856000004754}]]",3
274.933,0.016999999999995907,0.238735,26.604568,134.61500697535234,0.2,26.6,134.6,0.2,26.6,134.6,0.2,26.6,134.6,-0.08223185012123573,26.542533530847937,118.09912997831168,-8.0,27.558534218908427,122.12323912651071,0.0022841742941655035,26.53583566604092,118.08848006415992,3.463383742846478,16.515876997040664,0.6222419189127437,7.000403940312511,12.491767848841633,0.45328128664661693,3.4404944725496747,16.52652691119242,0.622800318753185,"[[3, 5, 3, 9], [3, 5, 2, 9], [3, 9, 2, 5], [2, 5, 2, 9], [0, 0, 0, 0], [0, 0, 0, 0], [0, 0, 0, 0], [0, 0, 0, 0], [0, 0, 0, 0], [0, 0, 0, 0], [0, 0, 0, 0], [0, 0, 0, 0], [0, 0, 0, 0], [0, 0, 0, 0], [0, 0, 0, 0], [0, 0, 0, 0]]",1,,1,0,1,"[3, 5, 3, 9]","[[[3, 5, 3, 9], [0.2, 26.6, 134.6], 0.06579889999986932], [[3, 5, 2, 9], [0.2, 26.6, 134.6], 0.06579889999986932], [[3, 9, 2, 5], [0.2, 26.6, 134.6], 0.06579889999986932], [[2, 5, 2, 9], [0.2, 26.6, 134.6], 0.06579889999986932]]","[[3, 5, 3, 9]]","[{""pair"": [3, 5, 3, 9], ""acc"": 0.2, ""vel"": 26.6, ""pos"": 134.6, ""error"": 0.06579889999986932}]","[[{""pair"": [3, 5, 3, 9], ""acc"": 0.2, ""vel"": 26.6, ""pos"": 134.6, ""error"": 0.06579889999986932}], [{""pair"": [3, 5, 2, 9], ""acc"": 0.2, ""vel"": 26.6, ""pos"": 134.6, ""error"": 0.06579889999986932}], [{""pair"": [3, 9, 2, 5], ""acc"": 0.2, ""vel"": 26.6, ""pos"": 134.6, ""error"": 0.06579889999986932}], [{""pair"": [2, 5, 2, 9], ""acc"": 0.2, ""vel"": 26.6, ""pos"": 134.6, ""error"": 0.06579889999986932}]]",3
274.95,0.016999999999995907,0.238346,26.604008,135.06731912855975,0.2,26.6,135.1,0.2,26.6,109.5,0.2,26.6,135.1,-0.07896753573115478,26.541135589395875,118.55034116583364,-8.0,27.42253421890846,122.59057820823205,0.004543989911334104,26.53587449700392,118.5395896005457,3.458605957358105,16.516977962726102,0.6223161743435431,6.51946485859118,12.4767409203277,0.45498132378023265,3.4406271572468334,16.52772952801405,0.6228447277997242,"[[3, 14, 1, 2], [3, 14, 2, 2], [1, 2, 0, 14], [1, 2, 2, 14], [2, 2, 0, 14], [2, 2, 2, 14], [0, 0, 0, 0], [0, 0, 0, 0], [0, 0, 0, 0], [0, 0, 0, 0], [0, 0, 0, 0], [0, 0, 0, 0], [0, 0, 0, 0], [0, 0, 0, 0], [0, 0, 0, 0], [0, 0, 0, 0]]",1,,1,0,1,"[3, 14, 1, 2]","[[[3, 14, 1, 2], [0.2, 26.6, 135.1], 0.051171100000118486], [[3, 14, 2, 2], [0.2, 26.6, 109.5], 25.555628899999874], [[1, 2, 0, 14], [13.0, 26.6, 135.1], 0.051171100000118486], [[1, 2, 2, 14], [0.2, 26.6, 136.7], 1.6511711000001128], [[2, 2, 0, 14], [13.0, 26.6, 109.5], 25.555628899999874], [[2, 2, 2, 14], [0.2, 26.6, 111.1], 23.95562889999988]]","[[3, 14, 1, 2]]","[{""pair"": [3, 14, 1, 2], ""acc"": 0.2, ""vel"": 26.6, ""pos"": 135.1, ""error"": 0.051171100000118486}]","[[{""pair"": [3, 14, 1, 2], ""acc"": 0.2, ""vel"": 26.6, ""pos"": 135.1, ""error"": 0.051171100000118486}], [{""pair"": [3, 14, 2, 2], ""acc"": 0.2, ""vel"": 26.6, ""pos"": 109.5, ""error"": 25.555628899999874}], [{""pair"": [1, 2, 0, 14], ""acc"": 13.0, ""vel"": 26.6, ""pos"": 135.1, ""error"": 0.051171100000118486}], [{""pair"": [1, 2, 2, 14], ""acc"": 0.2, ""vel"": 26.6, ""pos"": 136.7, ""error"": 1.6511711000001128}], [{""pair"": [2, 2, 0, 14], ""acc"": 13.0, ""vel"": 26.6, ""pos"": 109.5, ""error"": 25.555628899999874}], [{""pair"": [2, 2, 2, 14], ""acc"": 0.2, ""vel"": 26.6, ""pos"": 111.1, ""error"": 23.95562889999988}]]",3
274.967,0.016000000000019554,0.238756,26.603352,135.51962170555663,0.2,26.6,135.5,0.2,26.6,929.1,0.2,26.6,135.5,-0.08420601765822831,26.539793141288445,119.00152906004436,8.0,27.286534218908493,123.05560528995338,-0.0017707475683640204,26.535951744832413,118.9907001236012,3.454018063027666,16.51809264551227,0.6223896530608133,6.040837776869852,12.464016415603254,0.45678268685973983,3.4408911122378907,16.52892158195543,0.6228878368824384,"[[3, 7, 1, 2], [3, 7, 2, 2], [1, 2, 1, 7], [2, 2, 1, 7], [0, 0, 0, 0], [0, 0, 0, 0], [0, 0, 0, 0], [0, 0, 0, 0], [0, 0, 0, 0], [0, 0, 0, 0], [0, 0, 0, 0], [0, 0, 0, 0], [0, 0, 0, 0], [0, 0, 0, 0], [0, 0, 0, 0], [0, 0, 0, 0]]",1,,1,0,1,"[1, 2, 1, 7]","[[[3, 7, 1, 2], [0.2, 26.6, 954.7], 819.1775743999996], [[3, 7, 2, 2], [0.2, 26.6, 929.1], 793.5775743999995], [[1, 2, 1, 7], [0.2, 26.6, 135.5], 0.028825600000498497], [[2, 2, 1, 7], [0.2, 26.6, 109.9], 25.628825600000493]]","[[1, 2, 1, 7]]","[{""pair"": [1, 2, 1, 7], ""acc"": 0.2, ""vel"": 26.6, ""pos"": 135.5, ""error"": 0.028825600000498497}]","[[{""pair"": [3, 7, 1, 2], ""acc"": 0.2, ""vel"": 26.6, ""pos"": 954.7, ""error"": 819.1775743999996}], [{""pair"": [3, 7, 2, 2], ""acc"": 0.2, ""vel"": 26.6, ""pos"": 929.1, ""error"": 793.5775743999995}], [{""pair"": [1, 2, 1, 7], ""acc"": 0.2, ""vel"": 26.6, ""pos"": 135.5, ""error"": 0.028825600000498497}], [{""pair"": [2, 2, 1, 7], ""acc"": 0.2, ""vel"": 26.6, ""pos"": 109.9, ""error"": 25.628825600000493}]]",3
274.983,0.016999999999995907,0.239026,26.602594,135.94530589832516,0.2,26.6,135.9,0.2,26.6,187.1,0.2,26.6,135.9,-0.09363422320816012,26.538445845005914,119.42615497193525,8.0,27.41453421890865,123.49321383745645,-0.012469190930109588,26.53592341287132,119.41527512486336,3.449413826270062,16.519150926389912,0.6224611276360231,6.491246324372943,12.452092060868708,0.45421497813667455,3.440794302147895,16.530030773461803,0.6229303015490265,"[[3, 3, 3, 7], [3, 3, 0, 7], [3, 3, 1, 7], [3, 3, 2, 7], [3, 7, 1, 3], [1, 3, 0, 7], [1, 3, 1, 7], [1, 3, 2, 7], [0, 0, 0, 0], [0, 0, 0, 0], [0, 0, 0, 0], [0, 0, 0, 0], [0, 0, 0, 0], [0, 0, 0, 0], [0, 0, 0, 0], [0, 0, 0, 0]]",1,,1,0,1,"[3, 7, 1, 3]","[[[3, 3, 3, 7], [0.2, 26.6, 187.1], 51.15117110000011], [[3, 3, 0, 7], [0.3, 26.6, 187.1], 51.15117110000011], [[3, 3, 1, 7], [0.2, 26.6, 1006.3], 870.3511711000001], [[3, 3, 2, 7], [0.2, 26.6, 187.1], 51.15117110000011], [[3, 7, 1, 3], [0.2, 26.6, 135.9], 0.05562889999987419], [[1, 3, 0, 7], [0.3, 26.6, 135.9], 0.05562889999987419], [[1, 3, 1, 7], [0.2, 26.6, 955.1], 819.1511711], [[1, 3, 2, 7], [0.2, 26.6, 135.9], 0.05562889999987419]]","[[3, 7, 1, 3]]","[{""pair"": [3, 7, 1, 3], ""acc"": 0.2, ""vel"": 26.6, ""pos"": 135.9, ""error"": 0.05562889999987419}]","[[{""pair"": [3, 3, 3, 7], ""acc"": 0.2, ""vel"": 26.6, ""pos"": 187.1, ""error"": 51.15117110000011}], [{""pair"": [3, 3, 0, 7], ""acc"": 0.3, ""vel"": 26.6, ""pos"": 187.1, ""error"": 51.15117110000011}], [{""pair"": [3, 3, 1, 7], ""acc"": 0.2, ""vel"": 26.6, ""pos"": 1006.3, ""error"": 870.3511711000001}], [{""pair"": [3, 3, 2, 7], ""acc"": 0.2, ""vel"": 26.6, ""pos"": 187.1, ""error"": 51.15117110000011}], [{""pair"": [3, 7, 1, 3], ""acc"": 0.2, ""vel"": 26.6, ""pos"": 135.9, ""error"": 0.05562889999987419}], [{""pair"": [1, 3, 0, 7], ""acc"": 0.3, ""vel"": 26.6, ""pos"": 135.9, ""error"": 0.05562889999987419}], [{""pair"": [1, 3, 1, 7], ""acc"": 0.2, ""vel"": 26.6, ""pos"": 955.1, ""error"": 819.1511711}], [{""pair"": [1, 3, 2, 7], ""acc"": 0.2, ""vel"": 26.6, ""pos"": 135.9, ""error"": 0.05562889999987419}]]",3
275.0,0.016999999999995907,0.239357,26.601732,136.39758453558204,0.2,26.6,136.4,6.6,26.6,136.4,0.2,26.6,136.4,-0.09397063210817576,26.536854063211376,119.87729502115499,6.987865530496924,27.550534218908616,123.96041691917777,-0.014206097978532705,26.53571143662551,119.86638402108397,3.443974379582265,16.52028951442705,0.6225413711465327,6.9720494060942695,12.437167616404267,0.45143108723707903,3.440069984153657,16.531200514498067,0.6229793594936796,"[[3, 8, 3, 13], [3, 8, 0, 13], [3, 13, 0, 8], [3, 13, 2, 8], [0, 8, 0, 13], [2, 8, 0, 13], [0, 0, 0, 0], [0, 0, 0, 0], [0, 0, 0, 0], [0, 0, 0, 0], [0, 0, 0, 0], [0, 0, 0, 0], [0, 0, 0, 0], [0, 0, 0, 0], [0, 0, 0, 0], [0, 0, 0, 0]]",1,,1,0,1,"[3, 8, 0, 13]","[[[3, 8, 3, 13], [6.6, 26.6, 136.4], 0.051171100000118486], [[3, 8, 0, 13], [0.2, 26.6, 136.4], 0.051171100000118486], [[3, 13, 0, 8], [6.4, 26.6, 136.4], 0.051171100000118486], [[3, 13, 2, 8], [6.6, 26.6, 136.4], 0.051171100000118486], [[0, 8, 0, 13], [0.0, 26.6, 136.4], 0.051171100000118486], [[2, 8, 0, 13], [0.2, 26.6, 136.4], 0.051171100000118486]]","[[3, 8, 0, 13]]","[{""pair"": [3, 8, 0, 13], ""acc"": 0.2, ""vel"": 26.6, ""pos"": 136.4, ""error"": 0.051171100000118486}]","[[{""pair"": [3, 8, 3, 13], ""acc"": 6.6, ""vel"": 26.6, ""pos"": 136.4, ""error"": 0.051171100000118486}], [{""pair"": [3, 8, 0, 13], ""acc"": 0.2, ""vel"": 26.6, ""pos"": 136.4, ""error"": 0.051171100000118486}], [{""pair"": [3, 13, 0, 8], ""acc"": 6.4, ""vel"": 26.6, ""pos"": 136.4, ""error"": 0.051171100000118486}], [{""pair"": [3, 13, 2, 8], ""acc"": 6.6, ""vel"": 26.6, ""pos"": 136.4, ""error"": 0.051171100000118486}], [{""pair"": [0, 8, 0, 13], ""acc"": 0.0, ""vel"": 26.6, ""pos"": 136.4, ""error"": 0.051171100000118486}], [{""pair"": [2, 8, 0, 13], ""acc"": 0.2, ""vel"": 26.6, ""pos"": 136.4, ""error"": 0.051171100000118486}]]",3
275.017,0.016000000000019554,0.239589,26.600779,136.84984856666844,0.2,26.6,136.8,0.2,67.56,136.9,0.2,26.6,136.8,-0.10240877505681463,26.535256562465538,120.32840796147313,6.823065613886585,27.669327932927036,124.42978574746826,-0.024080459623867047,26.535469932959874,120.31748906272534,3.438515708488449,16.52144060519531,0.6226222296476719,-104.63358544046628,12.420062819200183,0.4488747558056901,3.4392447784845763,16.5323595039431,0.6230287063206728,"[[3, 5, 3, 10], [3, 5, 2, 10], [3, 10, 0, 5], [3, 10, 2, 5], [0, 5, 2, 10], [2, 5, 2, 10], [0, 0, 0, 0], [0, 0, 0, 0], [0, 0, 0, 0], [0, 0, 0, 0], [0, 0, 0, 0], [0, 0, 0, 0], [0, 0, 0, 0], [0, 0, 0, 0], [0, 0, 0, 0], [0, 0, 0, 0]]",1,,1,0,1,"[0, 5, 2, 10]","[[[3, 5, 3, 10], [0.2, 67.56, 136.9], 41.0311743999995], [[3, 5, 2, 10], [0.2, 67.56, 136.8], 40.9824256000005], [[3, 10, 0, 5], [0.2, 26.6, 136.9], 0.07757439999950222], [[3, 10, 2, 5], [0.2, 67.56, 136.9], 41.0311743999995], [[0, 5, 2, 10], [0.2, 26.6, 136.8], 0.028825600000498497], [[2, 5, 2, 10], [0.2, 67.56, 136.8], 40.9824256000005]]","[[0, 5, 2, 10]]","[{""pair"": [0, 5, 2, 10], ""acc"": 0.2, ""vel"": 26.6, ""pos"": 136.8, ""error"": 0.028825600000498497}]","[[{""pair"": [3, 5, 3, 10], ""acc"": 0.2, ""vel"": 67.56, ""pos"": 136.9, ""error"": 41.0311743999995}], [{""pair"": [3, 5, 2, 10], ""acc"": 0.2, ""vel"": 67.56, ""pos"": 136.8, ""error"": 40.9824256000005}], [{""pair"": [3, 10, 0, 5], ""acc"": 0.2, ""vel"": 26.6, ""pos"": 136.9, ""error"": 0.07757439999950222}], [{""pair"": [3, 10, 2, 5], ""acc"": 0.2, ""vel"": 67.56, ""pos"": 136.9, ""error"": 41.0311743999995}], [{""pair"": [0, 5, 2, 10], ""acc"": 0.2, ""vel"": 26.6, ""pos"": 136.8, ""error"": 0.028825600000498497}], [{""pair"": [2, 5, 2, 10], ""acc"": 0.2, ""vel"": 67.56, ""pos"": 136.8, ""error"": 40.9824256000005}]]",3
275.033,0.016999999999995907,0.239433,26.59971,137.27549169806096,0.2,26.6,137.3,0.0,26.6,130.9,0.2,26.6,137.3,-0.09770761450276522,26.533618022064626,120.7529589581499,-8.0,27.778496982749356,124.87336834679422,-0.021018825993203552,26.53508464560589,120.74205349935438,3.432917136008507,16.522532739911057,0.6227018390847179,7.783155612063377,12.402123351266738,0.4464648810541674,3.4379282864024336,16.533438198706577,0.6230784042908433,"[[3, 8, 0, 0], [3, 8, 1, 0], [0, 0, 0, 8], [0, 0, 1, 8], [1, 0, 0, 8], [1, 0, 1, 8], [0, 0, 0, 0], [0, 0, 0, 0], [0, 0, 0, 0], [0, 0, 0, 0], [0, 0, 0, 0], [0, 0, 0, 0], [0, 0, 0, 0], [0, 0, 0, 0], [0, 0, 0, 0], [0, 0, 0, 0]]",1,,1,0,1,"[1, 0, 0, 8]","[[[3, 8, 0, 0], [0.0, 27.88, 130.9], 7.628828899999885], [[3, 8, 1, 0], [0.0, 26.6, 137.3], 0.051171100000118486], [[0, 0, 0, 8], [0.2, 27.88, 130.9], 7.628828899999885], [[0, 0, 1, 8], [0.0, 27.88, 1769.3], 1633.3243711], [[1, 0, 0, 8], [0.2, 26.6, 137.3], 0.051171100000118486], [[1, 0, 1, 8], [0.0, 26.6, 1775.7], 1638.4511711000002]]","[[1, 0, 0, 8]]","[{""pair"": [1, 0, 0, 8], ""acc"": 0.2, ""vel"": 26.6, ""pos"": 137.3, ""error"": 0.051171100000118486}]","[[{""pair"": [3, 8, 0, 0], ""acc"": 0.0, ""vel"": 27.88, ""pos"": 130.9, ""error"": 7.628828899999885}], [{""pair"": [3, 8, 1, 0], ""acc"": 0.0, ""vel"": 26.6, ""pos"": 137.3, ""error"": 0.051171100000118486}], [{""pair"": [0, 0, 0, 8], ""acc"": 0.2, ""vel"": 27.88, ""pos"": 130.9, ""error"": 7.628828899999885}], [{""pair"": [0, 0, 1, 8], ""acc"": 0.0, ""vel"": 27.88, ""pos"": 1769.3, ""error"": 1633.3243711}], [{""pair"": [1, 0, 0, 8], ""acc"": 0.2, ""vel"": 26.6, ""pos"": 137.3, ""error"": 0.051171100000118486}], [{""pair"": [1, 0, 1, 8], ""acc"": 0.0, ""vel"": 26.6, ""pos"": 1775.7, ""error"": 1638.4511711000002}]]",3
275.05,0.016999999999995907,0.239141,26.598551,137.72772136612934,0.2,26.6,137.70000000000002,0.2,26.6,131.3,0.2,26.6,137.7,-0.10183130409410011,26.53195699261808,121.20401634577459,-8.0,27.64249698274939,125.34444679550086,-0.02689779580297593,26.534727325564006,121.19314690110922,3.4272420653952698,16.523705020354754,0.622785006961684,7.298477163356752,12.383274570628487,0.44797959382455244,3.4367073726834705,16.53457446502013,0.6231296166021061,"[[3, 2, 0, 0], [3, 2, 1, 0], [3, 2, 2, 0], [0, 0, 0, 0], [0, 0, 0, 0], [0, 0, 0, 0], [0, 0, 0, 0], [0, 0, 0, 0], [0, 0, 0, 0], [0, 0, 0, 0], [0, 0, 0, 0], [0, 0, 0, 0], [0, 0, 0, 0], [0, 0, 0, 0], [0, 0, 0, 0], [0, 0, 0, 0]]",1,,1,0,1,"[3, 2, 1, 0]","[[[3, 2, 0, 0], [0.2, 27.88, 131.3], 7.728828899999879], [[3, 2, 1, 0], [0.2, 26.6, 137.7], 0.055628899999902615], [[3, 2, 2, 0], [0.2, 26.6, 131.3], 6.45562889999988]]","[[3, 2, 1, 0]]","[{""pair"": [3, 2, 1, 0], ""acc"": 0.2, ""vel"": 26.6, ""pos"": 137.7, ""error"": 0.055628899999902615}]","[[{""pair"": [3, 2, 0, 0], ""acc"": 0.2, ""vel"": 27.88, ""pos"": 131.3, ""error"": 7.728828899999879}], [{""pair"": [3, 2, 1, 0], ""acc"": 0.2, ""vel"": 26.6, ""pos"": 137.7, ""error"": 0.055628899999902615}], [{""pair"": [3, 2, 2, 0], ""acc"": 0.2, ""vel"": 26.6, ""pos"": 131.3, ""error"": 6.45562889999988}]]",3
275.067,0.016000000000019554,0.237723,26.597254,138.17993128900375,0.2,26.6,138.20000000000002,0.2,108.52,138.2,0.2,26.6,138.2,-0.09733139692211248,26.530225860448482,121.65504490002554,-7.557836851142589,27.50649698274942,125.81321324420749,-0.02415394676358073,26.534270063035354,121.6442333789122,3.421327848945431,16.524886388978203,0.6228701736615693,-105.21138928534987,12.366718044796258,0.449592619974546,3.4351449924344215,16.535697910091542,0.6231826943348734,"[[3, 6, 3, 7], [3, 6, 0, 7], [3, 6, 1, 7], [3, 6, 2, 7], [3, 7, 0, 6], [0, 5, 1, 5], [1, 5, 0, 5], [0, 6, 0, 7], [0, 6, 1, 7], [0, 6, 2, 7], [0, 0, 0, 0], [0, 0, 0, 0], [0, 0, 0, 0], [0, 0, 0, 0], [0, 0, 0, 0], [0, 0, 0, 0]]",1,,1,0,1,"[3, 7, 0, 6]","[[[3, 6, 3, 7], [0.2, 108.52, 138.2], 81.9911743999995], [[3, 6, 0, 7], [0.3, 108.52, 138.2], 81.9911743999995], [[3, 6, 1, 7], [0.2, 108.52, 957.4], 901.1911743999995], [[3, 6, 2, 7], [0.2, 108.52, 138.2], 81.9911743999995], [[3, 7, 0, 6], [0.2, 26.6, 138.2], 0.07757439999950222], [[0, 5, 1, 5], [0.2, 149.48, 343.0], 327.7511743999995], [[1, 5, 0, 5], [0.2, 149.48, 343.0], 327.7511743999995], [[0, 6, 0, 7], [0.3, 26.6, 138.2], 0.07757439999950222], [[0, 6, 1, 7], [0.2, 26.6, 957.4], 819.2775743999995], [[0, 6, 2, 7], [0.2, 26.6, 138.2], 0.07757439999950222]]","[[3, 7, 0, 6]]","[{""pair"": [3, 7, 0, 6], ""acc"": 0.2, ""vel"": 26.6, ""pos"": 138.2, ""error"": 0.07757439999950222}]","[[{""pair"": [3, 6, 3, 7], ""acc"": 0.2, ""vel"": 108.52, ""pos"": 138.2, ""error"": 81.9911743999995}], [{""pair"": [3, 6, 0, 7], ""acc"": 0.3, ""vel"": 108.52, ""pos"": 138.2, ""error"": 81.9911743999995}], [{""pair"": [3, 6, 1, 7], ""acc"": 0.2, ""vel"": 108.52, ""pos"": 957.4, ""error"": 901.1911743999995}], [{""pair"": [3, 6, 2, 7], ""acc"": 0.2, ""vel"": 108.52, ""pos"": 138.2, ""error"": 81.9911743999995}], [{""pair"": [3, 7, 0, 6], ""acc"": 0.2, ""vel"": 26.6, ""pos"": 138.2, ""error"": 0.07757439999950222}], [{""pair"": [0, 5, 1, 5], ""acc"": 0.2, ""vel"": 149.48, ""pos"": 343.0, ""error"": 327.7511743999995}], [{""pair"": [1, 5, 0, 5], ""acc"": 0.2, ""vel"": 149.48, ""pos"": 343.0, ""error"": 327.7511743999995}], [{""pair"": [0, 6, 0, 7], ""acc"": 0.3, ""vel"": 26.6, ""pos"": 138.2, ""error"": 0.07757439999950222}], [{""pair"": [0, 6, 1, 7], ""acc"": 0.2, ""vel"": 26.6, ""pos"": 957.4, ""error"": 819.2775743999995}], [{""pair"": [0, 6, 2, 7], ""acc"": 0.2, ""vel"": 26.6, ""pos"": 138.2, ""error"": 0.07757439999950222}]]",3
275.083,0.016999999999995907,0.236626,26.595869,138.60551778154826,0.2,26.6,138.6,0.0,26.6,138.4,0.2,26.6,138.6,-0.09677074652259186,26.528668558097728,122.07951605537443,-8.0,27.385571593130994,126.25234979281507,-0.025558246077289907,26.533883599887137,122.0687786082161,3.4160078223974573,16.52600172617383,0.6229487804856064,6.3891528769695505,12.35316798873319,0.45108308025353333,3.433824540761183,16.53673917333215,0.6232310136991214,"[[3, 8, 0, 11], [3, 8, 2, 11], [0, 8, 0, 11], [0, 8, 2, 11], [1, 8, 0, 11], [1, 8, 2, 11], [0, 0, 0, 0], [0, 0, 0, 0], [0, 0, 0, 0], [0, 0, 0, 0], [0, 0, 0, 0], [0, 0, 0, 0], [0, 0, 0, 0], [0, 0, 0, 0], [0, 0, 0, 0], [0, 0, 0, 0]]",1,,1,0,1,"[0, 8, 2, 11]","[[[3, 8, 0, 11], [1.6, 26.6, 138.4], 0.2556288999998628], [[3, 8, 2, 11], [0.0, 26.6, 138.6], 0.05562889999987419], [[0, 8, 0, 11], [1.8, 26.6, 138.4], 0.2556288999998628], [[0, 8, 2, 11], [0.2, 26.6, 138.6], 0.05562889999987419], [[1, 8, 0, 11], [1.6, 26.6, 1776.8], 1638.1511711], [[1, 8, 2, 11], [0.0, 26.6, 1777.0], 1638.3511711]]","[[0, 8, 2, 11]]","[{""pair"": [0, 8, 2, 11], ""acc"": 0.2, ""vel"": 26.6, ""pos"": 138.6, ""error"": 0.05562889999987419}]","[[{""pair"": [3, 8, 0, 11], ""acc"": 1.6, ""vel"": 26.6, ""pos"": 138.4, ""error"": 0.2556288999998628}], [{""pair"": [3, 8, 2, 11], ""acc"": 0.0, ""vel"": 26.6, ""pos"": 138.6, ""error"": 0.05562889999987419}], [{""pair"": [0, 8, 0, 11], ""acc"": 1.8, ""vel"": 26.6, ""pos"": 138.4, ""error"": 0.2556288999998628}], [{""pair"": [0, 8, 2, 11], ""acc"": 0.2, ""vel"": 26.6, ""pos"": 138.6, ""error"": 0.05562889999987419}], [{""pair"": [1, 8, 0, 11], ""acc"": 1.6, ""vel"": 26.6, ""pos"": 1776.8, ""error"": 1638.1511711}], [{""pair"": [1, 8, 2, 11], ""acc"": 0.0, ""vel"": 26.6, ""pos"": 1777.0, ""error"": 1638.3511711}]]",3
275.1,0.016999999999995907,0.233403,26.594307,139.05768174700515,0.2,26.59,139.1,0.2,26.59,356.7,0.2,26.59,139.1,-0.08792734708439019,26.527023455406844,122.53048943748911,8.0,27.249571593131027,126.71674850989818,-0.018779835847570422,26.533449109703824,122.51985093624752,3.443631933272239,16.52719230951604,0.6230322952478635,5.944397909886437,12.340933237106967,0.4528854039018296,3.4655837645480503,16.537830810757626,0.6232823611578415,"[[3, 5, 1, 1], [1, 1, 1, 5], [1, 1, 2, 5], [0, 0, 0, 0], [0, 0, 0, 0], [0, 0, 0, 0], [0, 0, 0, 0], [0, 0, 0, 0], [0, 0, 0, 0], [0, 0, 0, 0], [0, 0, 0, 0], [0, 0, 0, 0], [0, 0, 0, 0], [0, 0, 0, 0], [0, 0, 0, 0], [0, 0, 0, 0]]",1,,1,0,1,"[1, 1, 1, 5]","[[[3, 5, 1, 1], [0.2, 26.59, 343.9], 204.8611711000001], [[1, 1, 1, 5], [0.2, 26.59, 139.1], 0.06117110000012005], [[1, 1, 2, 5], [0.2, 26.59, 343.9], 204.8611711000001]]","[[1, 1, 1, 5]]","[{""pair"": [1, 1, 1, 5], ""acc"": 0.2, ""vel"": 26.59, ""pos"": 139.1, ""error"": 0.06117110000012005}]","[[{""pair"": [3, 5, 1, 1], ""acc"": 0.2, ""vel"": 26.59, ""pos"": 343.9, ""error"": 204.8611711000001}], [{""pair"": [1, 1, 1, 5], ""acc"": 0.2, ""vel"": 26.59, ""pos"": 139.1, ""error"": 0.06117110000012005}], [{""pair"": [1, 1, 2, 5], ""acc"": 0.2, ""vel"": 26.59, ""pos"": 343.9, ""error"": 204.8611711000001}]]",3
275.117,0.01599999999996271,0.230588,26.592638,139.50981869273855,0.2,26.59,139.5,0.2,26.57,133.1,0.2,26.59,139.5,-0.08807902113993722,26.52552869050641,122.98143613072925,-8.0,27.385571593130994,127.1811472269813,-0.020963951264278052,26.533129852494415,122.97091685742609,3.438526138480558,16.5283825620093,0.62311227628518,6.488846626969551,12.328671465757253,0.4501885755362361,3.4644929708325867,16.53890183531246,0.6233302262966016,"[[0, 0, 0, 10], [0, 0, 1, 10], [1, 0, 0, 10], [1, 0, 1, 10], [2, 0, 0, 10], [2, 0, 1, 10], [0, 0, 0, 0], [0, 0, 0, 0], [0, 0, 0, 0], [0, 0, 0, 0], [0, 0, 0, 0], [0, 0, 0, 0], [0, 0, 0, 0], [0, 0, 0, 0], [0, 0, 0, 0], [0, 0, 0, 0]]",1,,1,0,1,"[1, 0, 1, 10]","[[[0, 0, 0, 10], [1.0, 27.85, 133.1], 7.68226559999901], [[0, 0, 1, 10], [0.2, 27.87, 133.1], 7.702265599999009], [[1, 0, 0, 10], [1.0, 26.57, 139.5], 0.04866559999898712], [[1, 0, 1, 10], [0.2, 26.59, 139.5], 0.028665599998987545], [[2, 0, 0, 10], [1.0, 26.57, 133.1], 6.448665599998993], [[2, 0, 1, 10], [0.2, 26.59, 133.1], 6.428665599998993]]","[[1, 0, 1, 10]]","[{""pair"": [1, 0, 1, 10], ""acc"": 0.2, ""vel"": 26.59, ""pos"": 139.5, ""error"": 0.028665599998987545}]","[[{""pair"": [0, 0, 0, 10], ""acc"": 1.0, ""vel"": 27.85, ""pos"": 133.1, ""error"": 7.68226559999901}], [{""pair"": [0, 0, 1, 10], ""acc"": 0.2, ""vel"": 27.87, ""pos"": 133.1, ""error"": 7.702265599999009}], [{""pair"": [1, 0, 0, 10], ""acc"": 1.0, ""vel"": 26.57, ""pos"": 139.5, ""error"": 0.04866559999898712}], [{""pair"": [1, 0, 1, 10], ""acc"": 0.2, ""vel"": 26.59, ""pos"": 139.5, ""error"": 0.028665599998987545}], [{""pair"": [2, 0, 0, 10], ""acc"": 1.0, ""vel"": 26.57, ""pos"": 133.1, ""error"": 6.448665599998993}], [{""pair"": [2, 0, 1, 10], ""acc"": 0.2, ""vel"": 26.59, ""pos"": 133.1, ""error"": 6.428665599998993}]]",3
