Quantized_Prec_Acc,Quantized_Prec_Vel,Quantized_Prec_Pos,Received_Prec_Acc,Received_Prec_Vel,Received_Prec_Pos,Mitigated_Prec_Acc,Mitigated_Prec_Vel,Mitigated_Prec_Pos,Confidence,Miti_List,Miti_List_2D
1.5,22.9,0.0,1.5,22.74,102.4,1.5,2.26,102.4,0,"[{""pair"": [3, 13, 0, 4], ""acc"": 1.5, ""vel"": 2.26, ""pos"": 102.4, ""error"": 0}, {""pair"": [3, 13, 1, 4], ""acc"": 1.5, ""vel"": 22.74, ""pos"": 0.0, ""error"": 0}, {""pair"": [0, 4, 1, 13], ""acc"": 1.5, ""vel"": 2.42, ""pos"": 102.4, ""error"": 0}, {""pair"": [0, 4, 2, 13], ""acc"": 1.5, ""vel"": 2.26, ""pos"": 103.2, ""error"": 0}, {""pair"": [1, 4, 1, 13], ""acc"": 1.5, ""vel"": 22.9, ""pos"": 0.0, ""error"": 0}, {""pair"": [1, 4, 2, 13], ""acc"": 1.5, ""vel"": 22.74, ""pos"": 0.8, ""error"": 0}, {""pair"": [0, 4, 0, 13], ""acc"": 7.9, ""vel"": 2.26, ""pos"": 102.4, ""error"": 0}, {""pair"": [1, 4, 0, 13], ""acc"": 7.9, ""vel"": 22.74, ""pos"": 0.0, ""error"": 0}]",[]
1.5,22.93,0.4,1.1,22.89,0.4,1.1,22.93,0.4,0,"[{""pair"": [1, 11, 2, 9], ""acc"": 1.1, ""vel"": 22.93, ""pos"": 0.4, ""error"": 0.0394079999995236}, {""pair"": [1, 11, 0, 9], ""acc"": 1.5, ""vel"": 22.93, ""pos"": 0.4, ""error"": 0.0394079999995236}, {""pair"": [0, 11, 2, 9], ""acc"": 2.7, ""vel"": 22.89, ""pos"": 0.4, ""error"": 0.05874879999940197}, {""pair"": [0, 11, 0, 9], ""acc"": 3.1, ""vel"": 22.89, ""pos"": 0.4, ""error"": 0.05874879999940197}, {""pair"": [2, 11, 2, 9], ""acc"": 1.1, ""vel"": 22.89, ""pos"": 0.6, ""error"": 0.2587487999994019}, {""pair"": [2, 11, 0, 9], ""acc"": 1.5, ""vel"": 22.89, ""pos"": 0.6, ""error"": 0.2587487999994019}]","[[{""pair"": [0, 11, 0, 9], ""acc"": 3.1, ""vel"": 22.89, ""pos"": 0.4, ""error"": 122.64235200000002}, {""pair"": [0, 11, 0, 9], ""acc"": 3.1, ""vel"": 22.89, ""pos"": 0.4, ""error"": 0.1619679999995277}, {""pair"": [0, 11, 0, 9], ""acc"": 3.1, ""vel"": 22.89, ""pos"": 0.4, ""error"": 122.48491200000001}, {""pair"": [0, 11, 0, 9], ""acc"": 3.1, ""vel"": 22.89, ""pos"": 0.4, ""error"": 123.442352}, {""pair"": [0, 11, 0, 9], ""acc"": 3.1, ""vel"": 22.89, ""pos"": 0.4, ""error"": 0.06740799999957914}, {""pair"": [0, 11, 0, 9], ""acc"": 3.1, ""vel"": 22.89, ""pos"": 0.4, ""error"": 0.8900320000004179}, {""pair"": [0, 11, 0, 9], ""acc"": 3.1, ""vel"": 22.89, ""pos"": 0.4, ""error"": 122.5407711999999}, {""pair"": [0, 11, 0, 9], ""acc"": 3.1, ""vel"": 22.89, ""pos"": 0.4, ""error"": 0.05874879999940197}], [{""pair"": [0, 11, 2, 9], ""acc"": 2.7, ""vel"": 22.89, ""pos"": 0.4, ""error"": 122.64235200000002}, {""pair"": [0, 11, 2, 9], ""acc"": 2.7, ""vel"": 22.89, ""pos"": 0.4, ""error"": 0.1619679999995277}, {""pair"": [0, 11, 2, 9], ""acc"": 2.7, ""vel"": 22.89, ""pos"": 0.4, ""error"": 122.48491200000001}, {""pair"": [0, 11, 2, 9], ""acc"": 2.7, ""vel"": 22.89, ""pos"": 0.4, ""error"": 123.442352}, {""pair"": [0, 11, 2, 9], ""acc"": 2.7, ""vel"": 22.89, ""pos"": 0.4, ""error"": 0.06740799999957914}, {""pair"": [0, 11, 2, 9], ""acc"": 2.7, ""vel"": 22.89, ""pos"": 0.4, ""error"": 0.8900320000004179}, {""pair"": [0, 11, 2, 9], ""acc"": 2.7, ""vel"": 22.89, ""pos"": 0.4, ""error"": 122.5407711999999}, {""pair"": [0, 11, 2, 9], ""acc"": 2.7, ""vel"": 22.89, ""pos"": 0.4, ""error"": 0.05874879999940197}], [{""pair"": [1, 11, 0, 9], ""acc"": 1.5, ""vel"": 22.93, ""pos"": 0.4, ""error"": 122.68235200000001}, {""pair"": [1, 11, 0, 9], ""acc"": 1.5, ""vel"": 22.93, ""pos"": 0.4, ""error"": 0.20196799999952686}, {""pair"": [1, 11, 0, 9], ""acc"": 1.5, ""vel"": 22.93, ""pos"": 0.4, ""error"": 122.524912}, {""pair"": [1, 11, 0, 9], ""acc"": 1.5, ""vel"": 22.93, ""pos"": 0.4, ""error"": 123.482352}, {""pair"": [1, 11, 0, 9], ""acc"": 1.5, ""vel"": 22.93, ""pos"": 0.4, ""error"": 0.0394079999995236}, {""pair"": [1, 11, 0, 9], ""acc"": 1.5, ""vel"": 22.93, ""pos"": 0.4, ""error"": 0.9300320000004171}, {""pair"": [1, 11, 0, 9], ""acc"": 1.5, ""vel"": 22.93, ""pos"": 0.4, ""error"": 122.58077119999989}, {""pair"": [1, 11, 0, 9], ""acc"": 1.5, ""vel"": 22.93, ""pos"": 0.4, ""error"": 0.09874879999940112}], [{""pair"": [1, 11, 2, 9], ""acc"": 1.1, ""vel"": 22.93, ""pos"": 0.4, ""error"": 122.68235200000001}, {""pair"": [1, 11, 2, 9], ""acc"": 1.1, ""vel"": 22.93, ""pos"": 0.4, ""error"": 0.20196799999952686}, {""pair"": [1, 11, 2, 9], ""acc"": 1.1, ""vel"": 22.93, ""pos"": 0.4, ""error"": 122.524912}, {""pair"": [1, 11, 2, 9], ""acc"": 1.1, ""vel"": 22.93, ""pos"": 0.4, ""error"": 123.482352}, {""pair"": [1, 11, 2, 9], ""acc"": 1.1, ""vel"": 22.93, ""pos"": 0.4, ""error"": 0.0394079999995236}, {""pair"": [1, 11, 2, 9], ""acc"": 1.1, ""vel"": 22.93, ""pos"": 0.4, ""error"": 0.9300320000004171}, {""pair"": [1, 11, 2, 9], ""acc"": 1.1, ""vel"": 22.93, ""pos"": 0.4, ""error"": 122.58077119999989}, {""pair"": [1, 11, 2, 9], ""acc"": 1.1, ""vel"": 22.93, ""pos"": 0.4, ""error"": 0.09874879999940112}], [{""pair"": [2, 11, 0, 9], ""acc"": 1.5, ""vel"": 22.89, ""pos"": 0.6, ""error"": 122.44235200000003}, {""pair"": [2, 11, 0, 9], ""acc"": 1.5, ""vel"": 22.89, ""pos"": 0.6, ""error"": 0.36196799999952767}, {""pair"": [2, 11, 0, 9], ""acc"": 1.5, ""vel"": 22.89, ""pos"": 0.6, ""error"": 122.28491200000002}, {""pair"": [2, 11, 0, 9], ""acc"": 1.5, ""vel"": 22.89, ""pos"": 0.6, ""error"": 123.24235200000001}, {""pair"": [2, 11, 0, 9], ""acc"": 1.5, ""vel"": 22.89, ""pos"": 0.6, ""error"": 0.2674079999995791}, {""pair"": [2, 11, 0, 9], ""acc"": 1.5, ""vel"": 22.89, ""pos"": 0.6, ""error"": 0.690032000000418}, {""pair"": [2, 11, 0, 9], ""acc"": 1.5, ""vel"": 22.89, ""pos"": 0.6, ""error"": 122.3407711999999}, {""pair"": [2, 11, 0, 9], ""acc"": 1.5, ""vel"": 22.89, ""pos"": 0.6, ""error"": 0.2587487999994019}], [{""pair"": [2, 11, 2, 9], ""acc"": 1.1, ""vel"": 22.89, ""pos"": 0.6, ""error"": 122.44235200000003}, {""pair"": [2, 11, 2, 9], ""acc"": 1.1, ""vel"": 22.89, ""pos"": 0.6, ""error"": 0.36196799999952767}, {""pair"": [2, 11, 2, 9], ""acc"": 1.1, ""vel"": 22.89, ""pos"": 0.6, ""error"": 122.28491200000002}, {""pair"": [2, 11, 2, 9], ""acc"": 1.1, ""vel"": 22.89, ""pos"": 0.6, ""error"": 123.24235200000001}, {""pair"": [2, 11, 2, 9], ""acc"": 1.1, ""vel"": 22.89, ""pos"": 0.6, ""error"": 0.2674079999995791}, {""pair"": [2, 11, 2, 9], ""acc"": 1.1, ""vel"": 22.89, ""pos"": 0.6, ""error"": 0.690032000000418}, {""pair"": [2, 11, 2, 9], ""acc"": 1.1, ""vel"": 22.89, ""pos"": 0.6, ""error"": 122.3407711999999}, {""pair"": [2, 11, 2, 9], ""acc"": 1.1, ""vel"": 22.89, ""pos"": 0.6, ""error"": 0.2587487999994019}]]"
1.5,22.96,0.8,1.5,21.68,52.0,1.5,22.96,0.8,0,"[{""pair"": [0, 0, 1, 3], ""acc"": 1.5, ""vel"": 22.96, ""pos"": 0.8, ""error"": 0.014473250000101245}, {""pair"": [3, 0, 1, 3], ""acc"": 1.5, ""vel"": 21.68, ""pos"": 0.8, ""error"": 1.2663798500000836}, {""pair"": [1, 0, 1, 3], ""acc"": 1.5, ""vel"": 21.68, ""pos"": 7.2, ""error"": 7.43941105000009}]","[[{""pair"": [3, 0, 1, 3], ""acc"": 1.5, ""vel"": 21.68, ""pos"": 0.8, ""error"": 1.2787310500000895}, {""pair"": [3, 0, 1, 3], ""acc"": 1.5, ""vel"": 21.68, ""pos"": 0.8, ""error"": 1.2854732500000878}, {""pair"": [3, 0, 1, 3], ""acc"": 1.5, ""vel"": 21.68, ""pos"": 0.8, ""error"": 1.2663798500000836}, {""pair"": [3, 0, 1, 3], ""acc"": 1.5, ""vel"": 21.68, ""pos"": 0.8, ""error"": 1.2731220500000822}, {""pair"": [3, 0, 1, 3], ""acc"": 1.5, ""vel"": 21.68, ""pos"": 0.8, ""error"": 1.4179889499999025}, {""pair"": [3, 0, 1, 3], ""acc"": 1.5, ""vel"": 21.68, ""pos"": 0.8, ""error"": 1.424846749999901}], [{""pair"": [0, 0, 1, 3], ""acc"": 1.5, ""vel"": 22.96, ""pos"": 0.8, ""error"": 0.021331050000099605}, {""pair"": [0, 0, 1, 3], ""acc"": 1.5, ""vel"": 22.96, ""pos"": 0.8, ""error"": 0.014473250000101245}, {""pair"": [0, 0, 1, 3], ""acc"": 1.5, ""vel"": 22.96, ""pos"": 0.8, ""error"": 0.034579850000105106}, {""pair"": [0, 0, 1, 3], ""acc"": 1.5, ""vel"": 22.96, ""pos"": 0.8, ""error"": 0.027722050000106857}, {""pair"": [0, 0, 1, 3], ""acc"": 1.5, ""vel"": 22.96, ""pos"": 0.8, ""error"": 0.24058894999991098}, {""pair"": [0, 0, 1, 3], ""acc"": 1.5, ""vel"": 22.96, ""pos"": 0.8, ""error"": 0.23384674999991262}], [{""pair"": [1, 0, 1, 3], ""acc"": 1.5, ""vel"": 21.68, ""pos"": 7.2, ""error"": 7.678731050000089}, {""pair"": [1, 0, 1, 3], ""acc"": 1.5, ""vel"": 21.68, ""pos"": 7.2, ""error"": 7.685473250000088}, {""pair"": [1, 0, 1, 3], ""acc"": 1.5, ""vel"": 21.68, ""pos"": 7.2, ""error"": 7.666379850000084}, {""pair"": [1, 0, 1, 3], ""acc"": 1.5, ""vel"": 21.68, ""pos"": 7.2, ""error"": 7.6731220500000825}, {""pair"": [1, 0, 1, 3], ""acc"": 1.5, ""vel"": 21.68, ""pos"": 7.2, ""error"": 7.43941105000009}, {""pair"": [1, 0, 1, 3], ""acc"": 1.5, ""vel"": 21.68, ""pos"": 7.2, ""error"": 7.446153250000089}], [{""pair"": [2, 0, 1, 3], ""acc"": 1.5, ""vel"": 21.68, ""pos"": 0.8, ""error"": 1.2787310500000895}, {""pair"": [2, 0, 1, 3], ""acc"": 1.5, ""vel"": 21.68, ""pos"": 0.8, ""error"": 1.2854732500000878}, {""pair"": [2, 0, 1, 3], ""acc"": 1.5, ""vel"": 21.68, ""pos"": 0.8, ""error"": 1.2663798500000836}, {""pair"": [2, 0, 1, 3], ""acc"": 1.5, ""vel"": 21.68, ""pos"": 0.8, ""error"": 1.2731220500000822}, {""pair"": [2, 0, 1, 3], ""acc"": 1.5, ""vel"": 21.68, ""pos"": 0.8, ""error"": 1.4179889499999025}, {""pair"": [2, 0, 1, 3], ""acc"": 1.5, ""vel"": 21.68, ""pos"": 0.8, ""error"": 1.424846749999901}]]"
1.5,22.98,1.1,0.7,22.98,1.1,0.7,22.98,1.1,1,"[{""pair"": [3, 7, 3, 10], ""acc"": 0.7, ""vel"": 22.98, ""pos"": 1.1, ""error"": 0.0960367499999002}, {""pair"": [3, 7, 0, 10], ""acc"": 1.5, ""vel"": 22.98, ""pos"": 1.1, ""error"": 0.0960367499999002}, {""pair"": [3, 10, 1, 7], ""acc"": 0.7, ""vel"": 22.98, ""pos"": 820.3, ""error"": 814.0057232500001}, {""pair"": [1, 7, 0, 10], ""acc"": 1.5, ""vel"": 22.98, ""pos"": 820.3, ""error"": 814.0057232500001}]","[[{""pair"": [3, 7, 3, 10], ""acc"": 0.7, ""vel"": 22.98, ""pos"": 1.1, ""error"": 0.0960367499999002}, {""pair"": [3, 7, 3, 10], ""acc"": 0.7, ""vel"": 22.98, ""pos"": 1.1, ""error"": 1.343276749999918}, {""pair"": [3, 7, 3, 10], ""acc"": 0.7, ""vel"": 22.98, ""pos"": 1.1, ""error"": 7.743276749999918}], [{""pair"": [3, 7, 0, 10], ""acc"": 1.5, ""vel"": 22.98, ""pos"": 1.1, ""error"": 0.0960367499999002}, {""pair"": [3, 7, 0, 10], ""acc"": 1.5, ""vel"": 22.98, ""pos"": 1.1, ""error"": 1.343276749999918}, {""pair"": [3, 7, 0, 10], ""acc"": 1.5, ""vel"": 22.98, ""pos"": 1.1, ""error"": 7.743276749999918}], [{""pair"": [3, 10, 1, 7], ""acc"": 0.7, ""vel"": 22.98, ""pos"": 820.3, ""error"": 819.1149632500001}, {""pair"": [3, 10, 1, 7], ""acc"": 0.7, ""vel"": 22.98, ""pos"": 820.3, ""error"": 820.40572325}, {""pair"": [3, 10, 1, 7], ""acc"": 0.7, ""vel"": 22.98, ""pos"": 820.3, ""error"": 814.0057232500001}], [{""pair"": [3, 10, 2, 7], ""acc"": 0.7, ""vel"": 22.98, ""pos"": 1.1, ""error"": 0.0960367499999002}, {""pair"": [3, 10, 2, 7], ""acc"": 0.7, ""vel"": 22.98, ""pos"": 1.1, ""error"": 1.343276749999918}, {""pair"": [3, 10, 2, 7], ""acc"": 0.7, ""vel"": 22.98, ""pos"": 1.1, ""error"": 7.743276749999918}], [{""pair"": [1, 7, 0, 10], ""acc"": 1.5, ""vel"": 22.98, ""pos"": 820.3, ""error"": 819.1149632500001}, {""pair"": [1, 7, 0, 10], ""acc"": 1.5, ""vel"": 22.98, ""pos"": 820.3, ""error"": 820.40572325}, {""pair"": [1, 7, 0, 10], ""acc"": 1.5, ""vel"": 22.98, ""pos"": 820.3, ""error"": 814.0057232500001}], [{""pair"": [2, 7, 0, 10], ""acc"": 1.5, ""vel"": 22.98, ""pos"": 1.1, ""error"": 0.0960367499999002}, {""pair"": [2, 7, 0, 10], ""acc"": 1.5, ""vel"": 22.98, ""pos"": 1.1, ""error"": 1.343276749999918}, {""pair"": [2, 7, 0, 10], ""acc"": 1.5, ""vel"": 22.98, ""pos"": 1.1, ""error"": 7.743276749999918}]]"
1.5,23.01,1.5,1.5,23.03,820.7,1.5,23.01,1.5,0,"[{""pair"": [1, 10, 1, 7], ""acc"": 1.5, ""vel"": 23.01, ""pos"": 1.5, ""error"": 0.03812799999952188}, {""pair"": [1, 10, 0, 7], ""acc"": 1.4, ""vel"": 23.01, ""pos"": 820.7, ""error"": 0.038127999999687745}, {""pair"": [3, 7, 1, 10], ""acc"": 1.5, ""vel"": 23.01, ""pos"": 820.7, ""error"": 0.038127999999687745}, {""pair"": [0, 10, 1, 7], ""acc"": 0.7, ""vel"": 23.03, ""pos"": 1.5, ""error"": 0.05812799999952145}, {""pair"": [0, 10, 0, 7], ""acc"": 0.6, ""vel"": 23.03, ""pos"": 820.7, ""error"": 0.05812799999968732}, {""pair"": [3, 7, 0, 10], ""acc"": 0.7, ""vel"": 23.03, ""pos"": 820.7, ""error"": 0.05812799999968732}, {""pair"": [2, 10, 0, 7], ""acc"": 1.4, ""vel"": 23.03, ""pos"": 820.6, ""error"": 0.09387200000027818}, {""pair"": [3, 7, 2, 10], ""acc"": 1.5, ""vel"": 23.03, ""pos"": 820.6, ""error"": 0.09387200000027818}, {""pair"": [2, 10, 1, 7], ""acc"": 1.5, ""vel"": 23.03, ""pos"": 1.4, ""error"": 0.0938720000004214}]","[[{""pair"": [3, 7, 0, 10], ""acc"": 0.7, ""vel"": 23.03, ""pos"": 820.7, ""error"": 819.2710303999996}, {""pair"": [3, 7, 0, 10], ""acc"": 0.7, ""vel"": 23.03, ""pos"": 820.7, ""error"": 819.2581279999996}, {""pair"": [3, 7, 0, 10], ""acc"": 0.7, ""vel"": 23.03, ""pos"": 820.7, ""error"": 0.07103039999964977}, {""pair"": [3, 7, 0, 10], ""acc"": 0.7, ""vel"": 23.03, ""pos"": 820.7, ""error"": 0.05812799999968732}], [{""pair"": [3, 7, 1, 10], ""acc"": 1.5, ""vel"": 23.01, ""pos"": 820.7, ""error"": 819.2510303999995}, {""pair"": [3, 7, 1, 10], ""acc"": 1.5, ""vel"": 23.01, ""pos"": 820.7, ""error"": 819.2381279999996}, {""pair"": [3, 7, 1, 10], ""acc"": 1.5, ""vel"": 23.01, ""pos"": 820.7, ""error"": 0.0510303999996502}, {""pair"": [3, 7, 1, 10], ""acc"": 1.5, ""vel"": 23.01, ""pos"": 820.7, ""error"": 0.038127999999687745}], [{""pair"": [3, 7, 2, 10], ""acc"": 1.5, ""vel"": 23.03, ""pos"": 820.6, ""error"": 819.1710303999996}, {""pair"": [3, 7, 2, 10], ""acc"": 1.5, ""vel"": 23.03, ""pos"": 820.6, ""error"": 819.1581279999996}, {""pair"": [3, 7, 2, 10], ""acc"": 1.5, ""vel"": 23.03, ""pos"": 820.6, ""error"": 0.10656960000034843}, {""pair"": [3, 7, 2, 10], ""acc"": 1.5, ""vel"": 23.03, ""pos"": 820.6, ""error"": 0.09387200000027818}], [{""pair"": [0, 10, 0, 7], ""acc"": 0.6, ""vel"": 23.03, ""pos"": 820.7, ""error"": 819.2710303999996}, {""pair"": [0, 10, 0, 7], ""acc"": 0.6, ""vel"": 23.03, ""pos"": 820.7, ""error"": 819.2581279999996}, {""pair"": [0, 10, 0, 7], ""acc"": 0.6, ""vel"": 23.03, ""pos"": 820.7, ""error"": 0.07103039999964977}, {""pair"": [0, 10, 0, 7], ""acc"": 0.6, ""vel"": 23.03, ""pos"": 820.7, ""error"": 0.05812799999968732}], [{""pair"": [0, 10, 1, 7], ""acc"": 0.7, ""vel"": 23.03, ""pos"": 1.5, ""error"": 0.07103039999953809}, {""pair"": [0, 10, 1, 7], ""acc"": 0.7, ""vel"": 23.03, ""pos"": 1.5, ""error"": 0.05812799999952145}, {""pair"": [0, 10, 1, 7], ""acc"": 0.7, ""vel"": 23.03, ""pos"": 1.5, ""error"": 819.2065696000004}, {""pair"": [0, 10, 1, 7], ""acc"": 0.7, ""vel"": 23.03, ""pos"": 1.5, ""error"": 819.1938720000003}], [{""pair"": [1, 10, 0, 7], ""acc"": 1.4, ""vel"": 23.01, ""pos"": 820.7, ""error"": 819.2510303999995}, {""pair"": [1, 10, 0, 7], ""acc"": 1.4, ""vel"": 23.01, ""pos"": 820.7, ""error"": 819.2381279999996}, {""pair"": [1, 10, 0, 7], ""acc"": 1.4, ""vel"": 23.01, ""pos"": 820.7, ""error"": 0.0510303999996502}, {""pair"": [1, 10, 0, 7], ""acc"": 1.4, ""vel"": 23.01, ""pos"": 820.7, ""error"": 0.038127999999687745}], [{""pair"": [1, 10, 1, 7], ""acc"": 1.5, ""vel"": 23.01, ""pos"": 1.5, ""error"": 0.05103039999953851}, {""pair"": [1, 10, 1, 7], ""acc"": 1.5, ""vel"": 23.01, ""pos"": 1.5, ""error"": 0.03812799999952188}, {""pair"": [1, 10, 1, 7], ""acc"": 1.5, ""vel"": 23.01, ""pos"": 1.5, ""error"": 819.1865696000003}, {""pair"": [1, 10, 1, 7], ""acc"": 1.5, ""vel"": 23.01, ""pos"": 1.5, ""error"": 819.1738720000003}], [{""pair"": [2, 10, 0, 7], ""acc"": 1.4, ""vel"": 23.03, ""pos"": 820.6, ""error"": 819.1710303999996}, {""pair"": [2, 10, 0, 7], ""acc"": 1.4, ""vel"": 23.03, ""pos"": 820.6, ""error"": 819.1581279999996}, {""pair"": [2, 10, 0, 7], ""acc"": 1.4, ""vel"": 23.03, ""pos"": 820.6, ""error"": 0.10656960000034843}, {""pair"": [2, 10, 0, 7], ""acc"": 1.4, ""vel"": 23.03, ""pos"": 820.6, ""error"": 0.09387200000027818}], [{""pair"": [2, 10, 1, 7], ""acc"": 1.5, ""vel"": 23.03, ""pos"": 1.4, ""error"": 0.10656960000043747}, {""pair"": [2, 10, 1, 7], ""acc"": 1.5, ""vel"": 23.03, ""pos"": 1.4, ""error"": 0.0938720000004214}, {""pair"": [2, 10, 1, 7], ""acc"": 1.5, ""vel"": 23.03, ""pos"": 1.4, ""error"": 819.3065696000004}, {""pair"": [2, 10, 1, 7], ""acc"": 1.5, ""vel"": 23.03, ""pos"": 1.4, ""error"": 819.2938720000003}]]"
1.5,23.03,1.9,1.5,23.03,1.9,1.1,23.03,1.9,1,"[{""pair"": [3, 2, 0, 9], ""acc"": 1.1, ""vel"": 23.03, ""pos"": 1.9, ""error"": 0.014113250000088451}, {""pair"": [3, 2, 3, 9], ""acc"": 1.5, ""vel"": 23.03, ""pos"": 1.9, ""error"": 0.014113250000088451}, {""pair"": [3, 2, 1, 9], ""acc"": 1.5, ""vel"": 23.02, ""pos"": 1.9, ""error"": 0.024113250000090014}]","[[{""pair"": [3, 2, 3, 9], ""acc"": 1.5, ""vel"": 23.03, ""pos"": 1.9, ""error"": 0.014113250000088451}, {""pair"": [3, 2, 3, 9], ""acc"": 1.5, ""vel"": 23.03, ""pos"": 1.9, ""error"": 819.1951722999999}, {""pair"": [3, 2, 3, 9], ""acc"": 1.5, ""vel"": 23.03, ""pos"": 1.9, ""error"": 819.19688675}, {""pair"": [3, 2, 3, 9], ""acc"": 1.5, ""vel"": 23.03, ""pos"": 1.9, ""error"": 0.020288850000091507}, {""pair"": [3, 2, 3, 9], ""acc"": 1.5, ""vel"": 23.03, ""pos"": 1.9, ""error"": 819.2017966999999}, {""pair"": [3, 2, 3, 9], ""acc"": 1.5, ""vel"": 23.03, ""pos"": 1.9, ""error"": 819.2035111499999}, {""pair"": [3, 2, 3, 9], ""acc"": 1.5, ""vel"": 23.03, ""pos"": 1.9, ""error"": 819.1155122999999}, {""pair"": [3, 2, 3, 9], ""acc"": 1.5, ""vel"": 23.03, ""pos"": 1.9, ""error"": 819.11722675}, {""pair"": [3, 2, 3, 9], ""acc"": 1.5, ""vel"": 23.03, ""pos"": 1.9, ""error"": 0.13377325000008833}], [{""pair"": [3, 2, 0, 9], ""acc"": 1.1, ""vel"": 23.03, ""pos"": 1.9, ""error"": 0.014113250000088451}, {""pair"": [3, 2, 0, 9], ""acc"": 1.1, ""vel"": 23.03, ""pos"": 1.9, ""error"": 819.1951722999999}, {""pair"": [3, 2, 0, 9], ""acc"": 1.1, ""vel"": 23.03, ""pos"": 1.9, ""error"": 819.19688675}, {""pair"": [3, 2, 0, 9], ""acc"": 1.1, ""vel"": 23.03, ""pos"": 1.9, ""error"": 0.020288850000091507}, {""pair"": [3, 2, 0, 9], ""acc"": 1.1, ""vel"": 23.03, ""pos"": 1.9, ""error"": 819.2017966999999}, {""pair"": [3, 2, 0, 9], ""acc"": 1.1, ""vel"": 23.03, ""pos"": 1.9, ""error"": 819.2035111499999}, {""pair"": [3, 2, 0, 9], ""acc"": 1.1, ""vel"": 23.03, ""pos"": 1.9, ""error"": 819.1155122999999}, {""pair"": [3, 2, 0, 9], ""acc"": 1.1, ""vel"": 23.03, ""pos"": 1.9, ""error"": 819.11722675}, {""pair"": [3, 2, 0, 9], ""acc"": 1.1, ""vel"": 23.03, ""pos"": 1.9, ""error"": 0.13377325000008833}], [{""pair"": [3, 2, 1, 9], ""acc"": 1.5, ""vel"": 23.02, ""pos"": 1.9, ""error"": 0.024113250000090014}, {""pair"": [3, 2, 1, 9], ""acc"": 1.5, ""vel"": 23.02, ""pos"": 1.9, ""error"": 819.2051722999998}, {""pair"": [3, 2, 1, 9], ""acc"": 1.5, ""vel"": 23.02, ""pos"": 1.9, ""error"": 819.20688675}, {""pair"": [3, 2, 1, 9], ""acc"": 1.5, ""vel"": 23.02, ""pos"": 1.9, ""error"": 0.03028885000009307}, {""pair"": [3, 2, 1, 9], ""acc"": 1.5, ""vel"": 23.02, ""pos"": 1.9, ""error"": 819.2117967}, {""pair"": [3, 2, 1, 9], ""acc"": 1.5, ""vel"": 23.02, ""pos"": 1.9, ""error"": 819.2135111499999}, {""pair"": [3, 2, 1, 9], ""acc"": 1.5, ""vel"": 23.02, ""pos"": 1.9, ""error"": 819.1255123}, {""pair"": [3, 2, 1, 9], ""acc"": 1.5, ""vel"": 23.02, ""pos"": 1.9, ""error"": 819.12722675}, {""pair"": [3, 2, 1, 9], ""acc"": 1.5, ""vel"": 23.02, ""pos"": 1.9, ""error"": 0.1437732500000899}], [{""pair"": [3, 2, 2, 9], ""acc"": 1.5, ""vel"": 23.03, ""pos"": 1.9, ""error"": 0.014113250000088451}, {""pair"": [3, 2, 2, 9], ""acc"": 1.5, ""vel"": 23.03, ""pos"": 1.9, ""error"": 819.1951722999999}, {""pair"": [3, 2, 2, 9], ""acc"": 1.5, ""vel"": 23.03, ""pos"": 1.9, ""error"": 819.19688675}, {""pair"": [3, 2, 2, 9], ""acc"": 1.5, ""vel"": 23.03, ""pos"": 1.9, ""error"": 0.020288850000091507}, {""pair"": [3, 2, 2, 9], ""acc"": 1.5, ""vel"": 23.03, ""pos"": 1.9, ""error"": 819.2017966999999}, {""pair"": [3, 2, 2, 9], ""acc"": 1.5, ""vel"": 23.03, ""pos"": 1.9, ""error"": 819.2035111499999}, {""pair"": [3, 2, 2, 9], ""acc"": 1.5, ""vel"": 23.03, ""pos"": 1.9, ""error"": 819.1155122999999}, {""pair"": [3, 2, 2, 9], ""acc"": 1.5, ""vel"": 23.03, ""pos"": 1.9, ""error"": 819.11722675}, {""pair"": [3, 2, 2, 9], ""acc"": 1.5, ""vel"": 23.03, ""pos"": 1.9, ""error"": 0.13377325000008833}], [{""pair"": [3, 9, 2, 2], ""acc"": 1.5, ""vel"": 23.03, ""pos"": 1.9, ""error"": 0.014113250000088451}, {""pair"": [3, 9, 2, 2], ""acc"": 1.5, ""vel"": 23.03, ""pos"": 1.9, ""error"": 819.1951722999999}, {""pair"": [3, 9, 2, 2], ""acc"": 1.5, ""vel"": 23.03, ""pos"": 1.9, ""error"": 819.19688675}, {""pair"": [3, 9, 2, 2], ""acc"": 1.5, ""vel"": 23.03, ""pos"": 1.9, ""error"": 0.020288850000091507}, {""pair"": [3, 9, 2, 2], ""acc"": 1.5, ""vel"": 23.03, ""pos"": 1.9, ""error"": 819.2017966999999}, {""pair"": [3, 9, 2, 2], ""acc"": 1.5, ""vel"": 23.03, ""pos"": 1.9, ""error"": 819.2035111499999}, {""pair"": [3, 9, 2, 2], ""acc"": 1.5, ""vel"": 23.03, ""pos"": 1.9, ""error"": 819.1155122999999}, {""pair"": [3, 9, 2, 2], ""acc"": 1.5, ""vel"": 23.03, ""pos"": 1.9, ""error"": 819.11722675}, {""pair"": [3, 9, 2, 2], ""acc"": 1.5, ""vel"": 23.03, ""pos"": 1.9, ""error"": 0.13377325000008833}], [{""pair"": [2, 2, 0, 9], ""acc"": 1.1, ""vel"": 23.03, ""pos"": 1.9, ""error"": 0.014113250000088451}, {""pair"": [2, 2, 0, 9], ""acc"": 1.1, ""vel"": 23.03, ""pos"": 1.9, ""error"": 819.1951722999999}, {""pair"": [2, 2, 0, 9], ""acc"": 1.1, ""vel"": 23.03, ""pos"": 1.9, ""error"": 819.19688675}, {""pair"": [2, 2, 0, 9], ""acc"": 1.1, ""vel"": 23.03, ""pos"": 1.9, ""error"": 0.020288850000091507}, {""pair"": [2, 2, 0, 9], ""acc"": 1.1, ""vel"": 23.03, ""pos"": 1.9, ""error"": 819.2017966999999}, {""pair"": [2, 2, 0, 9], ""acc"": 1.1, ""vel"": 23.03, ""pos"": 1.9, ""error"": 819.2035111499999}, {""pair"": [2, 2, 0, 9], ""acc"": 1.1, ""vel"": 23.03, ""pos"": 1.9, ""error"": 819.1155122999999}, {""pair"": [2, 2, 0, 9], ""acc"": 1.1, ""vel"": 23.03, ""pos"": 1.9, ""error"": 819.11722675}, {""pair"": [2, 2, 0, 9], ""acc"": 1.1, ""vel"": 23.03, ""pos"": 1.9, ""error"": 0.13377325000008833}], [{""pair"": [2, 2, 1, 9], ""acc"": 1.5, ""vel"": 23.02, ""pos"": 1.9, ""error"": 0.024113250000090014}, {""pair"": [2, 2, 1, 9], ""acc"": 1.5, ""vel"": 23.02, ""pos"": 1.9, ""error"": 819.2051722999998}, {""pair"": [2, 2, 1, 9], ""acc"": 1.5, ""vel"": 23.02, ""pos"": 1.9, ""error"": 819.20688675}, {""pair"": [2, 2, 1, 9], ""acc"": 1.5, ""vel"": 23.02, ""pos"": 1.9, ""error"": 0.03028885000009307}, {""pair"": [2, 2, 1, 9], ""acc"": 1.5, ""vel"": 23.02, ""pos"": 1.9, ""error"": 819.2117967}, {""pair"": [2, 2, 1, 9], ""acc"": 1.5, ""vel"": 23.02, ""pos"": 1.9, ""error"": 819.2135111499999}, {""pair"": [2, 2, 1, 9], ""acc"": 1.5, ""vel"": 23.02, ""pos"": 1.9, ""error"": 819.1255123}, {""pair"": [2, 2, 1, 9], ""acc"": 1.5, ""vel"": 23.02, ""pos"": 1.9, ""error"": 819.12722675}, {""pair"": [2, 2, 1, 9], ""acc"": 1.5, ""vel"": 23.02, ""pos"": 1.9, ""error"": 0.1437732500000899}], [{""pair"": [2, 2, 2, 9], ""acc"": 1.5, ""vel"": 23.03, ""pos"": 1.9, ""error"": 0.014113250000088451}, {""pair"": [2, 2, 2, 9], ""acc"": 1.5, ""vel"": 23.03, ""pos"": 1.9, ""error"": 819.1951722999999}, {""pair"": [2, 2, 2, 9], ""acc"": 1.5, ""vel"": 23.03, ""pos"": 1.9, ""error"": 819.19688675}, {""pair"": [2, 2, 2, 9], ""acc"": 1.5, ""vel"": 23.03, ""pos"": 1.9, ""error"": 0.020288850000091507}, {""pair"": [2, 2, 2, 9], ""acc"": 1.5, ""vel"": 23.03, ""pos"": 1.9, ""error"": 819.2017966999999}, {""pair"": [2, 2, 2, 9], ""acc"": 1.5, ""vel"": 23.03, ""pos"": 1.9, ""error"": 819.2035111499999}, {""pair"": [2, 2, 2, 9], ""acc"": 1.5, ""vel"": 23.03, ""pos"": 1.9, ""error"": 819.1155122999999}, {""pair"": [2, 2, 2, 9], ""acc"": 1.5, ""vel"": 23.03, ""pos"": 1.9, ""error"": 819.11722675}, {""pair"": [2, 2, 2, 9], ""acc"": 1.5, ""vel"": 23.03, ""pos"": 1.9, ""error"": 0.13377325000008833}]]"
1.5,23.06,2.3000000000000003,1.4,23.06,2.3,1.4,23.06,2.3,0,"[{""pair"": [3, 0, 2, 7], ""acc"": 1.4, ""vel"": 23.06, ""pos"": 2.3, ""error"": 0.012773250000098102}, {""pair"": [3, 0, 0, 7], ""acc"": 1.5, ""vel"": 23.06, ""pos"": 2.3, ""error"": 0.012773250000098102}, {""pair"": [0, 0, 2, 7], ""acc"": 1.4, ""vel"": 24.34, ""pos"": 2.3, ""error"": 1.2927732500000992}, {""pair"": [0, 0, 0, 7], ""acc"": 1.5, ""vel"": 24.34, ""pos"": 2.3, ""error"": 1.2927732500000992}, {""pair"": [1, 0, 2, 7], ""acc"": 1.4, ""vel"": 23.06, ""pos"": 8.7, ""error"": 6.412773250000098}, {""pair"": [1, 0, 0, 7], ""acc"": 1.5, ""vel"": 23.06, ""pos"": 8.7, ""error"": 6.412773250000098}, {""pair"": [3, 0, 1, 7], ""acc"": 1.4, ""vel"": 23.06, ""pos"": 821.5, ""error"": 819.21277325}, {""pair"": [0, 0, 1, 7], ""acc"": 1.4, ""vel"": 24.34, ""pos"": 821.5, ""error"": 820.49277325}, {""pair"": [1, 0, 1, 7], ""acc"": 1.4, ""vel"": 23.06, ""pos"": 827.9, ""error"": 825.61277325}]","[[{""pair"": [3, 0, 0, 7], ""acc"": 1.5, ""vel"": 23.06, ""pos"": 2.3, ""error"": 0.01963105000009646}, {""pair"": [3, 0, 0, 7], ""acc"": 1.5, ""vel"": 23.06, ""pos"": 2.3, ""error"": 0.012773250000098102}, {""pair"": [3, 0, 0, 7], ""acc"": 1.5, ""vel"": 23.06, ""pos"": 2.3, ""error"": 0.022943250000099447}], [{""pair"": [3, 0, 1, 7], ""acc"": 1.4, ""vel"": 23.06, ""pos"": 821.5, ""error"": 819.2196310500001}, {""pair"": [3, 0, 1, 7], ""acc"": 1.4, ""vel"": 23.06, ""pos"": 821.5, ""error"": 819.21277325}, {""pair"": [3, 0, 1, 7], ""acc"": 1.4, ""vel"": 23.06, ""pos"": 821.5, ""error"": 819.2229432500001}], [{""pair"": [3, 0, 2, 7], ""acc"": 1.4, ""vel"": 23.06, ""pos"": 2.3, ""error"": 0.01963105000009646}, {""pair"": [3, 0, 2, 7], ""acc"": 1.4, ""vel"": 23.06, ""pos"": 2.3, ""error"": 0.012773250000098102}, {""pair"": [3, 0, 2, 7], ""acc"": 1.4, ""vel"": 23.06, ""pos"": 2.3, ""error"": 0.022943250000099447}], [{""pair"": [0, 0, 0, 7], ""acc"": 1.5, ""vel"": 24.34, ""pos"": 2.3, ""error"": 1.2996310500000976}, {""pair"": [0, 0, 0, 7], ""acc"": 1.5, ""vel"": 24.34, ""pos"": 2.3, ""error"": 1.2927732500000992}, {""pair"": [0, 0, 0, 7], ""acc"": 1.5, ""vel"": 24.34, ""pos"": 2.3, ""error"": 1.3029432500001006}], [{""pair"": [0, 0, 1, 7], ""acc"": 1.4, ""vel"": 24.34, ""pos"": 821.5, ""error"": 820.4996310500001}, {""pair"": [0, 0, 1, 7], ""acc"": 1.4, ""vel"": 24.34, ""pos"": 821.5, ""error"": 820.49277325}, {""pair"": [0, 0, 1, 7], ""acc"": 1.4, ""vel"": 24.34, ""pos"": 821.5, ""error"": 820.50294325}], [{""pair"": [0, 0, 2, 7], ""acc"": 1.4, ""vel"": 24.34, ""pos"": 2.3, ""error"": 1.2996310500000976}, {""pair"": [0, 0, 2, 7], ""acc"": 1.4, ""vel"": 24.34, ""pos"": 2.3, ""error"": 1.2927732500000992}, {""pair"": [0, 0, 2, 7], ""acc"": 1.4, ""vel"": 24.34, ""pos"": 2.3, ""error"": 1.3029432500001006}], [{""pair"": [1, 0, 0, 7], ""acc"": 1.5, ""vel"": 23.06, ""pos"": 8.7, ""error"": 6.4196310500000955}, {""pair"": [1, 0, 0, 7], ""acc"": 1.5, ""vel"": 23.06, ""pos"": 8.7, ""error"": 6.412773250000098}, {""pair"": [1, 0, 0, 7], ""acc"": 1.5, ""vel"": 23.06, ""pos"": 8.7, ""error"": 6.422943250000099}], [{""pair"": [1, 0, 1, 7], ""acc"": 1.4, ""vel"": 23.06, ""pos"": 827.9, ""error"": 825.6196310500001}, {""pair"": [1, 0, 1, 7], ""acc"": 1.4, ""vel"": 23.06, ""pos"": 827.9, ""error"": 825.61277325}, {""pair"": [1, 0, 1, 7], ""acc"": 1.4, ""vel"": 23.06, ""pos"": 827.9, ""error"": 825.62294325}], [{""pair"": [1, 0, 2, 7], ""acc"": 1.4, ""vel"": 23.06, ""pos"": 8.7, ""error"": 6.4196310500000955}, {""pair"": [1, 0, 2, 7], ""acc"": 1.4, ""vel"": 23.06, ""pos"": 8.7, ""error"": 6.412773250000098}, {""pair"": [1, 0, 2, 7], ""acc"": 1.4, ""vel"": 23.06, ""pos"": 8.7, ""error"": 6.422943250000099}], [{""pair"": [2, 0, 0, 7], ""acc"": 1.5, ""vel"": 23.06, ""pos"": 2.3, ""error"": 0.01963105000009646}, {""pair"": [2, 0, 0, 7], ""acc"": 1.5, ""vel"": 23.06, ""pos"": 2.3, ""error"": 0.012773250000098102}, {""pair"": [2, 0, 0, 7], ""acc"": 1.5, ""vel"": 23.06, ""pos"": 2.3, ""error"": 0.022943250000099447}], [{""pair"": [2, 0, 1, 7], ""acc"": 1.4, ""vel"": 23.06, ""pos"": 821.5, ""error"": 819.2196310500001}, {""pair"": [2, 0, 1, 7], ""acc"": 1.4, ""vel"": 23.06, ""pos"": 821.5, ""error"": 819.21277325}, {""pair"": [2, 0, 1, 7], ""acc"": 1.4, ""vel"": 23.06, ""pos"": 821.5, ""error"": 819.2229432500001}], [{""pair"": [2, 0, 2, 7], ""acc"": 1.4, ""vel"": 23.06, ""pos"": 2.3, ""error"": 0.01963105000009646}, {""pair"": [2, 0, 2, 7], ""acc"": 1.4, ""vel"": 23.06, ""pos"": 2.3, ""error"": 0.012773250000098102}, {""pair"": [2, 0, 2, 7], ""acc"": 1.4, ""vel"": 23.06, ""pos"": 2.3, ""error"": 0.022943250000099447}]]"
1.5,23.08,2.7,1.5,2.6,2.7,1.5,23.08,2.7,1,"[{""pair"": [3, 12, 0, 4], ""acc"": 1.5, ""vel"": 23.08, ""pos"": 2.7, ""error"": 0.03326079999957576}, {""pair"": [3, 12, 2, 4], ""acc"": 1.5, ""vel"": 2.6, ""pos"": 2.7, ""error"": 20.51326079999957}, {""pair"": [3, 12, 1, 4], ""acc"": 1.5, ""vel"": 2.6, ""pos"": 105.1, ""error"": 116.51326079999957}]","[[{""pair"": [3, 12, 0, 4], ""acc"": 1.5, ""vel"": 23.08, ""pos"": 2.7, ""error"": 0.03326079999957576}, {""pair"": [3, 12, 0, 4], ""acc"": 1.5, ""vel"": 23.08, ""pos"": 2.7, ""error"": 0.03484799999957877}, {""pair"": [3, 12, 0, 4], ""acc"": 1.5, ""vel"": 23.08, ""pos"": 2.7, ""error"": 1.2927807999995515}, {""pair"": [3, 12, 0, 4], ""acc"": 1.5, ""vel"": 23.08, ""pos"": 2.7, ""error"": 1.2943679999995545}, {""pair"": [3, 12, 0, 4], ""acc"": 1.5, ""vel"": 23.08, ""pos"": 2.7, ""error"": 6.371539200000476}, {""pair"": [3, 12, 0, 4], ""acc"": 1.5, ""vel"": 23.08, ""pos"": 2.7, ""error"": 6.37315200000048}, {""pair"": [3, 12, 0, 4], ""acc"": 1.5, ""vel"": 23.08, ""pos"": 2.7, ""error"": 819.1715392000006}, {""pair"": [3, 12, 0, 4], ""acc"": 1.5, ""vel"": 23.08, ""pos"": 2.7, ""error"": 820.4720192000005}, {""pair"": [3, 12, 0, 4], ""acc"": 1.5, ""vel"": 23.08, ""pos"": 2.7, ""error"": 825.5715392000005}], [{""pair"": [3, 12, 1, 4], ""acc"": 1.5, ""vel"": 2.6, ""pos"": 105.1, ""error"": 122.91326079999958}, {""pair"": [3, 12, 1, 4], ""acc"": 1.5, ""vel"": 2.6, ""pos"": 105.1, ""error"": 122.91484799999957}, {""pair"": [3, 12, 1, 4], ""acc"": 1.5, ""vel"": 2.6, ""pos"": 105.1, ""error"": 124.17278079999954}, {""pair"": [3, 12, 1, 4], ""acc"": 1.5, ""vel"": 2.6, ""pos"": 105.1, ""error"": 124.17436799999955}, {""pair"": [3, 12, 1, 4], ""acc"": 1.5, ""vel"": 2.6, ""pos"": 105.1, ""error"": 116.51326079999957}, {""pair"": [3, 12, 1, 4], ""acc"": 1.5, ""vel"": 2.6, ""pos"": 105.1, ""error"": 116.51484799999956}, {""pair"": [3, 12, 1, 4], ""acc"": 1.5, ""vel"": 2.6, ""pos"": 105.1, ""error"": 737.2515392000005}, {""pair"": [3, 12, 1, 4], ""acc"": 1.5, ""vel"": 2.6, ""pos"": 105.1, ""error"": 738.5520192000006}, {""pair"": [3, 12, 1, 4], ""acc"": 1.5, ""vel"": 2.6, ""pos"": 105.1, ""error"": 743.6515392000005}], [{""pair"": [3, 12, 2, 4], ""acc"": 1.5, ""vel"": 2.6, ""pos"": 2.7, ""error"": 20.51326079999957}, {""pair"": [3, 12, 2, 4], ""acc"": 1.5, ""vel"": 2.6, ""pos"": 2.7, ""error"": 20.514847999999574}, {""pair"": [3, 12, 2, 4], ""acc"": 1.5, ""vel"": 2.6, ""pos"": 2.7, ""error"": 21.77278079999955}, {""pair"": [3, 12, 2, 4], ""acc"": 1.5, ""vel"": 2.6, ""pos"": 2.7, ""error"": 21.77436799999955}, {""pair"": [3, 12, 2, 4], ""acc"": 1.5, ""vel"": 2.6, ""pos"": 2.7, ""error"": 26.851539200000474}, {""pair"": [3, 12, 2, 4], ""acc"": 1.5, ""vel"": 2.6, ""pos"": 2.7, ""error"": 26.853152000000478}, {""pair"": [3, 12, 2, 4], ""acc"": 1.5, ""vel"": 2.6, ""pos"": 2.7, ""error"": 839.6515392000005}, {""pair"": [3, 12, 2, 4], ""acc"": 1.5, ""vel"": 2.6, ""pos"": 2.7, ""error"": 840.9520192000006}, {""pair"": [3, 12, 2, 4], ""acc"": 1.5, ""vel"": 2.6, ""pos"": 2.7, ""error"": 846.0515392000004}]]"
1.5,23.11,3.1,1.5,23.11,3.0,1.5,23.11,3.1,2,"[{""pair"": [2, 6, 2, 10], ""acc"": 1.5, ""vel"": 23.11, ""pos"": 3.1, ""error"": 0.01192325000010186}]","[[{""pair"": [2, 6, 2, 10], ""acc"": 1.5, ""vel"": 23.11, ""pos"": 3.1, ""error"": 0.01192325000010186}, {""pair"": [2, 6, 2, 10], ""acc"": 1.5, ""vel"": 23.11, ""pos"": 3.1, ""error"": 20.840083250000013}, {""pair"": [2, 6, 2, 10], ""acc"": 1.5, ""vel"": 23.11, ""pos"": 3.1, ""error"": 122.52891675000001}]]"
1.5,23.13,3.5,1.5,23.13,1641.9,1.5,23.13,3.5,3,"[{""pair"": [3, 2, 1, 8], ""acc"": 1.5, ""vel"": 23.13, ""pos"": 3.5, ""error"": 0.012413250000089082}]","[[{""pair"": [3, 2, 3, 8], ""acc"": 1.5, ""vel"": 23.13, ""pos"": 1641.9, ""error"": 1638.41241325}], [{""pair"": [3, 2, 0, 8], ""acc"": 1.3, ""vel"": 23.13, ""pos"": 1641.9, ""error"": 1638.41241325}], [{""pair"": [3, 2, 1, 8], ""acc"": 1.5, ""vel"": 23.13, ""pos"": 3.5, ""error"": 0.012413250000089082}], [{""pair"": [3, 8, 2, 2], ""acc"": 1.5, ""vel"": 23.13, ""pos"": 1641.9, ""error"": 1638.41241325}], [{""pair"": [2, 2, 0, 8], ""acc"": 1.3, ""vel"": 23.13, ""pos"": 1641.9, ""error"": 1638.41241325}], [{""pair"": [2, 2, 1, 8], ""acc"": 1.5, ""vel"": 23.13, ""pos"": 3.5, ""error"": 0.012413250000089082}]]"
1.5,23.16,3.8,1.5,23.16,10.3,0.7,23.16,3.9,3,"[{""pair"": [1, 0, 0, 10], ""acc"": 0.7, ""vel"": 23.16, ""pos"": 3.9, ""error"": 0.03572799999951881}]","[[{""pair"": [3, 0, 0, 10], ""acc"": 0.7, ""vel"": 23.16, ""pos"": 10.3, ""error"": 6.43572799999952}], [{""pair"": [3, 0, 2, 10], ""acc"": 1.5, ""vel"": 23.16, ""pos"": 10.2, ""error"": 6.335727999999518}], [{""pair"": [1, 0, 0, 10], ""acc"": 0.7, ""vel"": 23.16, ""pos"": 3.9, ""error"": 0.03572799999951881}], [{""pair"": [1, 0, 2, 10], ""acc"": 1.5, ""vel"": 23.16, ""pos"": 3.8, ""error"": 0.07627200000042489}]]"
1.5,23.19,4.2,1.5,23.19,4.2,1.5,23.19,4.2,3,"[{""pair"": [3, 8, 3, 12], ""acc"": 1.5, ""vel"": 23.19, ""pos"": 4.2, ""error"": 0.1119211499999091}]","[[{""pair"": [3, 8, 3, 12], ""acc"": 1.5, ""vel"": 23.19, ""pos"": 4.2, ""error"": 0.1119211499999091}], [{""pair"": [3, 8, 0, 12], ""acc"": 4.7, ""vel"": 23.19, ""pos"": 4.2, ""error"": 0.1119211499999091}], [{""pair"": [3, 8, 2, 12], ""acc"": 1.5, ""vel"": 23.19, ""pos"": 4.6, ""error"": 0.3242788500000984}], [{""pair"": [3, 12, 1, 8], ""acc"": 1.5, ""vel"": 23.19, ""pos"": 1642.6, ""error"": 1638.32427885}], [{""pair"": [3, 12, 2, 8], ""acc"": 1.5, ""vel"": 23.19, ""pos"": 4.2, ""error"": 0.1119211499999091}], [{""pair"": [1, 8, 0, 12], ""acc"": 4.7, ""vel"": 23.19, ""pos"": 1642.6, ""error"": 1638.32427885}], [{""pair"": [1, 8, 2, 12], ""acc"": 1.5, ""vel"": 23.19, ""pos"": 1643.0, ""error"": 1638.72427885}], [{""pair"": [2, 8, 0, 12], ""acc"": 4.7, ""vel"": 23.19, ""pos"": 4.2, ""error"": 0.1119211499999091}], [{""pair"": [2, 8, 2, 12], ""acc"": 1.5, ""vel"": 23.19, ""pos"": 4.6, ""error"": 0.3242788500000984}]]"
1.5,23.21,4.6000000000000005,1.5,23.53,4.6,1.5,23.21,4.6,3,"[{""pair"": [3, 12, 1, 14], ""acc"": 1.5, ""vel"": 23.21, ""pos"": 4.6, ""error"": 0.01105325000008861}]","[[{""pair"": [3, 12, 3, 14], ""acc"": 1.5, ""vel"": 23.53, ""pos"": 4.6, ""error"": 0.3200532500001003}], [{""pair"": [1, 13, 2, 12], ""acc"": 1.5, ""vel"": 23.37, ""pos"": 4.2, ""error"": 0.548946749999911}], [{""pair"": [2, 13, 2, 12], ""acc"": 1.5, ""vel"": 23.53, ""pos"": 3.4, ""error"": 1.5089467499999114}], [{""pair"": [3, 12, 1, 14], ""acc"": 1.5, ""vel"": 23.21, ""pos"": 4.6, ""error"": 0.01105325000008861}], [{""pair"": [3, 14, 0, 12], ""acc"": 4.7, ""vel"": 23.53, ""pos"": 4.6, ""error"": 0.3200532500001003}], [{""pair"": [3, 14, 1, 12], ""acc"": 1.5, ""vel"": 23.61, ""pos"": 4.6, ""error"": 0.4000532500000986}], [{""pair"": [0, 12, 1, 14], ""acc"": 4.7, ""vel"": 23.21, ""pos"": 4.6, ""error"": 0.01105325000008861}], [{""pair"": [1, 12, 1, 14], ""acc"": 1.5, ""vel"": 23.29, ""pos"": 4.6, ""error"": 0.08005325000009833}]]"
1.5,23.24,5.0,1.5,23.24,5.0,1.5,23.24,5.0,3,"[{""pair"": [3, 2, 3, 12], ""acc"": 1.5, ""vel"": 23.24, ""pos"": 5.0, ""error"": 0.03444800000092041}]","[[{""pair"": [3, 2, 3, 12], ""acc"": 1.5, ""vel"": 23.24, ""pos"": 5.0, ""error"": 0.03444800000092041}], [{""pair"": [3, 12, 2, 2], ""acc"": 1.5, ""vel"": 23.24, ""pos"": 5.0, ""error"": 0.03444800000092041}]]"
1.5,23.26,5.4,4.7,64.22,5.4,1.5,23.26,5.4,3,"[{""pair"": [0, 5, 0, 12], ""acc"": 1.5, ""vel"": 23.26, ""pos"": 5.4, ""error"": 0.01020325000008615}]","[[{""pair"": [3, 12, 0, 5], ""acc"": 4.7, ""vel"": 23.26, ""pos"": 5.4, ""error"": 0.01020325000008615}], [{""pair"": [0, 5, 0, 12], ""acc"": 1.5, ""vel"": 23.26, ""pos"": 5.4, ""error"": 0.01020325000008615}], [{""pair"": [0, 5, 2, 12], ""acc"": 4.7, ""vel"": 23.26, ""pos"": 5.0, ""error"": 0.4007967499998957}]]"
1.5,23.29,5.800000000000001,7.9,23.31,5.8,1.5,23.29,5.8,3,"[{""pair"": [0, 13, 1, 10], ""acc"": 1.5, ""vel"": 23.29, ""pos"": 5.8, ""error"": 0.008863250000098688}]","[[{""pair"": [3, 10, 0, 13], ""acc"": 1.5, ""vel"": 23.31, ""pos"": 5.8, ""error"": 0.02886325000009826}], [{""pair"": [3, 10, 1, 13], ""acc"": 7.9, ""vel"": 23.15, ""pos"": 5.8, ""error"": 0.1398632500000918}], [{""pair"": [3, 10, 2, 13], ""acc"": 7.9, ""vel"": 23.31, ""pos"": 5.0, ""error"": 0.8201367499999082}], [{""pair"": [0, 13, 0, 10], ""acc"": 0.7, ""vel"": 23.31, ""pos"": 5.8, ""error"": 0.02886325000009826}], [{""pair"": [0, 13, 1, 10], ""acc"": 1.5, ""vel"": 23.29, ""pos"": 5.8, ""error"": 0.008863250000098688}], [{""pair"": [1, 13, 0, 10], ""acc"": 7.1, ""vel"": 23.15, ""pos"": 5.8, ""error"": 0.1398632500000918}], [{""pair"": [1, 13, 1, 10], ""acc"": 7.9, ""vel"": 23.13, ""pos"": 5.8, ""error"": 0.15986325000009138}], [{""pair"": [2, 13, 0, 10], ""acc"": 7.1, ""vel"": 23.31, ""pos"": 5.0, ""error"": 0.8201367499999082}], [{""pair"": [2, 13, 1, 10], ""acc"": 7.9, ""vel"": 23.29, ""pos"": 5.0, ""error"": 0.8001367499999086}]]"
1.5,23.31,6.2,1.5,23.31,6.2,1.5,23.31,6.2,3,"[{""pair"": [3, 1, 3, 6], ""acc"": 1.5, ""vel"": 23.31, ""pos"": 6.2, ""error"": 0.031167999999574647}]","[[{""pair"": [3, 1, 3, 6], ""acc"": 1.5, ""vel"": 23.31, ""pos"": 6.2, ""error"": 0.031167999999574647}], [{""pair"": [3, 6, 0, 1], ""acc"": 1.5, ""vel"": 20.75, ""pos"": 6.2, ""error"": 2.5911679999995734}]]"
1.5,23.34,6.5,1.5,23.34,6.7,1.1,23.34,6.5,3,"[{""pair"": [2, 11, 0, 9], ""acc"": 1.1, ""vel"": 23.34, ""pos"": 6.5, ""error"": 0.10098674999991175}]","[[{""pair"": [3, 11, 0, 9], ""acc"": 1.1, ""vel"": 23.34, ""pos"": 6.7, ""error"": 0.10801325000010298}], [{""pair"": [3, 11, 2, 9], ""acc"": 1.5, ""vel"": 23.34, ""pos"": 6.7, ""error"": 0.10801325000010298}], [{""pair"": [1, 11, 0, 9], ""acc"": 1.1, ""vel"": 23.3, ""pos"": 6.7, ""error"": 0.13901325000008757}], [{""pair"": [1, 11, 2, 9], ""acc"": 1.5, ""vel"": 23.3, ""pos"": 6.7, ""error"": 0.13901325000008757}], [{""pair"": [2, 11, 0, 9], ""acc"": 1.1, ""vel"": 23.34, ""pos"": 6.5, ""error"": 0.10098674999991175}], [{""pair"": [2, 11, 2, 9], ""acc"": 1.5, ""vel"": 23.34, ""pos"": 6.5, ""error"": 0.10098674999991175}]]"
1.5,23.36,6.9,-24.1,23.36,6.9,1.5,23.36,6.9,3,"[{""pair"": [2, 6, 0, 15], ""acc"": 1.5, ""vel"": 23.36, ""pos"": 6.9, ""error"": 0.004361050000099453}]","[[{""pair"": [3, 15, 2, 6], ""acc"": -24.1, ""vel"": 23.36, ""pos"": 6.9, ""error"": 0.004361050000099453}], [{""pair"": [2, 6, 0, 15], ""acc"": 1.5, ""vel"": 23.36, ""pos"": 6.9, ""error"": 0.004361050000099453}]]"
1.5,23.39,7.300000000000001,14.3,23.39,7.3,1.3,23.39,7.3,3,"[{""pair"": [0, 8, 0, 14], ""acc"": 1.3, ""vel"": 23.39, ""pos"": 7.3, ""error"": 0.03204799999951469}]","[[{""pair"": [3, 8, 3, 14], ""acc"": 14.3, ""vel"": 23.39, ""pos"": 7.3, ""error"": 0.03204799999951469}], [{""pair"": [3, 8, 0, 14], ""acc"": 1.5, ""vel"": 23.39, ""pos"": 7.3, ""error"": 0.03204799999951469}], [{""pair"": [3, 8, 1, 14], ""acc"": 14.3, ""vel"": 23.07, ""pos"": 7.3, ""error"": 0.34004799999957136}], [{""pair"": [3, 14, 0, 8], ""acc"": 14.1, ""vel"": 23.39, ""pos"": 7.3, ""error"": 0.03204799999951469}], [{""pair"": [3, 14, 2, 8], ""acc"": 14.3, ""vel"": 23.39, ""pos"": 7.3, ""error"": 0.03204799999951469}], [{""pair"": [0, 8, 0, 14], ""acc"": 1.3, ""vel"": 23.39, ""pos"": 7.3, ""error"": 0.03204799999951469}], [{""pair"": [0, 8, 1, 14], ""acc"": 14.1, ""vel"": 23.07, ""pos"": 7.3, ""error"": 0.34004799999957136}], [{""pair"": [2, 8, 0, 14], ""acc"": 1.5, ""vel"": 23.39, ""pos"": 7.3, ""error"": 0.03204799999951469}], [{""pair"": [2, 8, 1, 14], ""acc"": 14.3, ""vel"": 23.07, ""pos"": 7.3, ""error"": 0.34004799999957136}]]"
1.5,23.41,7.7,1.5,23.41,7.7,1.5,23.41,7.7,3,"[{""pair"": [3, 15, 2, 5], ""acc"": 1.5, ""vel"": 23.41, ""pos"": 7.7, ""error"": 0.42021139999979784}]","[[{""pair"": [3, 15, 2, 5], ""acc"": 1.5, ""vel"": 23.41, ""pos"": 7.7, ""error"": 0.42021139999979784}], [{""pair"": [2, 5, 0, 15], ""acc"": -24.1, ""vel"": 23.41, ""pos"": 7.7, ""error"": 0.42021139999979784}], [{""pair"": [2, 5, 1, 15], ""acc"": 1.5, ""vel"": 24.05, ""pos"": 7.7, ""error"": 1.0118113999998188}], [{""pair"": [2, 5, 2, 15], ""acc"": 1.5, ""vel"": 23.41, ""pos"": 10.9, ""error"": 2.828188600000182}]]"
1.5,23.46,8.5,1.1,23.46,213.3,1.1,23.46,8.5,3,"[{""pair"": [3, 9, 1, 5], ""acc"": 1.1, ""vel"": 23.46, ""pos"": 8.5, ""error"": 0.4512479999995129}]","[[{""pair"": [3, 9, 1, 5], ""acc"": 1.1, ""vel"": 23.46, ""pos"": 8.5, ""error"": 0.4512479999995129}], [{""pair"": [1, 5, 0, 9], ""acc"": 1.5, ""vel"": 23.46, ""pos"": 8.5, ""error"": 0.4512479999995129}], [{""pair"": [1, 5, 1, 9], ""acc"": 1.1, ""vel"": 23.47, ""pos"": 8.5, ""error"": 0.46124799999951094}], [{""pair"": [1, 5, 2, 9], ""acc"": 1.1, ""vel"": 23.46, ""pos"": 8.5, ""error"": 0.4512479999995129}]]"
1.5,23.49,8.9,1.5,23.49,1647.3,1.3,23.49,8.9,3,"[{""pair"": [0, 8, 1, 8], ""acc"": 1.3, ""vel"": 23.49, ""pos"": 8.9, ""error"": 0.01232105000009831}]","[[{""pair"": [3, 8, 0, 8], ""acc"": 1.3, ""vel"": 23.49, ""pos"": 1647.3, ""error"": 1638.41232105}], [{""pair"": [3, 8, 1, 8], ""acc"": 1.5, ""vel"": 23.49, ""pos"": 8.9, ""error"": 0.01232105000009831}], [{""pair"": [3, 8, 2, 8], ""acc"": 1.5, ""vel"": 23.49, ""pos"": 1647.3, ""error"": 1638.41232105}], [{""pair"": [2, 9, 0, 10], ""acc"": 0.7, ""vel"": 23.49, ""pos"": 1647.3, ""error"": 1638.41232105}], [{""pair"": [2, 9, 2, 10], ""acc"": 1.5, ""vel"": 23.49, ""pos"": 1647.2, ""error"": 1638.31232105}], [{""pair"": [0, 8, 1, 8], ""acc"": 1.3, ""vel"": 23.49, ""pos"": 8.9, ""error"": 0.01232105000009831}], [{""pair"": [0, 8, 2, 8], ""acc"": 1.3, ""vel"": 23.49, ""pos"": 1647.3, ""error"": 1638.41232105}], [{""pair"": [1, 8, 0, 8], ""acc"": 1.3, ""vel"": 23.49, ""pos"": 8.9, ""error"": 0.01232105000009831}], [{""pair"": [1, 8, 2, 8], ""acc"": 1.5, ""vel"": 23.49, ""pos"": 8.9, ""error"": 0.01232105000009831}], [{""pair"": [2, 8, 0, 8], ""acc"": 1.3, ""vel"": 23.49, ""pos"": 1647.3, ""error"": 1638.41232105}], [{""pair"": [2, 8, 1, 8], ""acc"": 1.5, ""vel"": 23.49, ""pos"": 8.9, ""error"": 0.01232105000009831}]]"
1.5,23.51,9.3,-24.1,23.51,9.3,1.5,23.51,9.3,3,"[{""pair"": [3, 2, 0, 15], ""acc"": 1.5, ""vel"": 23.51, ""pos"": 9.3, ""error"": 0.0025821500000891007}]","[[{""pair"": [3, 2, 0, 15], ""acc"": 1.5, ""vel"": 23.51, ""pos"": 9.3, ""error"": 0.0025821500000891007}], [{""pair"": [0, 15, 0, 2], ""acc"": 1.5, ""vel"": 28.63, ""pos"": 9.3, ""error"": 5.118382150000103}], [{""pair"": [0, 15, 1, 2], ""acc"": 1.5, ""vel"": 23.51, ""pos"": 34.9, ""error"": 25.60258215000009}]]"
1.5,23.54,9.7,1.4,23.55,9.7,1.4,23.54,9.7,3,"[{""pair"": [2, 7, 1, 9], ""acc"": 1.4, ""vel"": 23.54, ""pos"": 9.7, ""error"": 0.02964799999950607}]","[[{""pair"": [3, 7, 3, 8], ""acc"": 1.4, ""vel"": 23.55, ""pos"": 9.7, ""error"": 0.03964799999950763}], [{""pair"": [3, 7, 0, 8], ""acc"": 1.2, ""vel"": 23.55, ""pos"": 9.7, ""error"": 0.03964799999950763}], [{""pair"": [0, 7, 0, 9], ""acc"": 1.1, ""vel"": 23.55, ""pos"": 9.7, ""error"": 0.03964799999950763}], [{""pair"": [0, 7, 1, 9], ""acc"": 1.5, ""vel"": 23.54, ""pos"": 9.7, ""error"": 0.02964799999950607}], [{""pair"": [1, 7, 0, 9], ""acc"": 1.0, ""vel"": 23.55, ""pos"": 828.9, ""error"": 819.2396479999995}], [{""pair"": [1, 7, 1, 9], ""acc"": 1.4, ""vel"": 23.54, ""pos"": 828.9, ""error"": 819.2296479999995}], [{""pair"": [2, 7, 0, 9], ""acc"": 1.0, ""vel"": 23.55, ""pos"": 9.7, ""error"": 0.03964799999950763}], [{""pair"": [2, 7, 1, 9], ""acc"": 1.4, ""vel"": 23.54, ""pos"": 9.7, ""error"": 0.02964799999950607}]]"
1.5,23.56,10.1,1.5,24.2,10.1,1.5,23.56,10.1,3,"[{""pair"": [3, 12, 1, 15], ""acc"": 1.5, ""vel"": 23.56, ""pos"": 10.1, ""error"": 0.0041822999998970545}]","[[{""pair"": [3, 12, 1, 15], ""acc"": 1.5, ""vel"": 23.56, ""pos"": 10.1, ""error"": 0.0041822999998970545}], [{""pair"": [3, 12, 2, 15], ""acc"": 1.5, ""vel"": 24.2, ""pos"": 6.9, ""error"": 3.8365822999999075}], [{""pair"": [1, 15, 0, 12], ""acc"": 4.7, ""vel"": 23.56, ""pos"": 10.1, ""error"": 0.0041822999998970545}], [{""pair"": [1, 15, 1, 12], ""acc"": 1.5, ""vel"": 23.64, ""pos"": 10.1, ""error"": 0.07658229999990951}], [{""pair"": [2, 15, 0, 12], ""acc"": 4.7, ""vel"": 24.2, ""pos"": 6.9, ""error"": 3.8365822999999075}], [{""pair"": [2, 15, 1, 12], ""acc"": 1.5, ""vel"": 24.28, ""pos"": 6.9, ""error"": 3.9165822999999094}]]"
1.5,23.59,10.5,1.5,105.51,10.5,1.3,23.59,10.5,3,"[{""pair"": [0, 6, 0, 8], ""acc"": 1.3, ""vel"": 23.59, ""pos"": 10.5, ""error"": 0.005236749999911083}]","[[{""pair"": [3, 8, 0, 6], ""acc"": 1.5, ""vel"": 23.59, ""pos"": 10.5, ""error"": 0.005236749999911083}], [{""pair"": [0, 6, 0, 8], ""acc"": 1.3, ""vel"": 23.59, ""pos"": 10.5, ""error"": 0.005236749999911083}], [{""pair"": [0, 6, 2, 8], ""acc"": 1.5, ""vel"": 23.59, ""pos"": 10.5, ""error"": 0.005236749999911083}]]"
1.4,23.61,10.9,1.4,24.81,10.9,1.4,23.61,10.9,3,"[{""pair"": [0, 0, 1, 12], ""acc"": 1.4, ""vel"": 23.61, ""pos"": 10.9, ""error"": 0.02319360000083215}]","[[{""pair"": [3, 0, 0, 12], ""acc"": 4.6, ""vel"": 24.81, ""pos"": 10.9, ""error"": 1.2215936000009275}], [{""pair"": [3, 0, 1, 12], ""acc"": 1.4, ""vel"": 24.89, ""pos"": 10.9, ""error"": 1.3015936000009294}], [{""pair"": [0, 0, 0, 12], ""acc"": 4.6, ""vel"": 23.53, ""pos"": 10.9, ""error"": 0.10319360000083044}], [{""pair"": [0, 0, 1, 12], ""acc"": 1.4, ""vel"": 23.61, ""pos"": 10.9, ""error"": 0.02319360000083215}], [{""pair"": [1, 0, 0, 12], ""acc"": 4.6, ""vel"": 24.81, ""pos"": 4.5, ""error"": 7.5768063999991675}], [{""pair"": [1, 0, 1, 12], ""acc"": 1.4, ""vel"": 24.89, ""pos"": 4.5, ""error"": 7.656806399999169}], [{""pair"": [2, 0, 0, 12], ""acc"": 4.6, ""vel"": 24.81, ""pos"": 10.9, ""error"": 1.2215936000009275}], [{""pair"": [2, 0, 1, 12], ""acc"": 1.4, ""vel"": 24.89, ""pos"": 10.9, ""error"": 1.3015936000009294}]]"
1.4,23.63,11.2,1.4,23.63,36.8,1.4,23.63,11.2,3,"[{""pair"": [3, 3, 1, 2], ""acc"": 1.4, ""vel"": 23.63, ""pos"": 11.2, ""error"": 0.10537229999989961}]","[[{""pair"": [3, 3, 1, 2], ""acc"": 1.4, ""vel"": 23.63, ""pos"": 11.2, ""error"": 0.10537229999989961}], [{""pair"": [3, 3, 2, 2], ""acc"": 1.4, ""vel"": 23.63, ""pos"": 36.8, ""error"": 25.502227700000088}], [{""pair"": [3, 1, 1, 1], ""acc"": 1.4, ""vel"": 23.63, ""pos"": 49.6, ""error"": 38.30222770000009}], [{""pair"": [3, 1, 2, 1], ""acc"": 1.4, ""vel"": 23.63, ""pos"": 36.8, ""error"": 25.502227700000088}], [{""pair"": [1, 2, 0, 3], ""acc"": 1.4, ""vel"": 33.87, ""pos"": 11.2, ""error"": 10.337772299999909}], [{""pair"": [1, 2, 1, 3], ""acc"": 1.4, ""vel"": 23.63, ""pos"": 62.4, ""error"": 51.102227700000086}], [{""pair"": [2, 2, 0, 3], ""acc"": 1.4, ""vel"": 33.87, ""pos"": 36.8, ""error"": 35.7346277000001}], [{""pair"": [2, 2, 1, 3], ""acc"": 1.4, ""vel"": 23.63, ""pos"": 88.0, ""error"": 76.7022277000001}], [{""pair"": [1, 1, 2, 1], ""acc"": 1.4, ""vel"": 23.63, ""pos"": 49.6, ""error"": 38.30222770000009}], [{""pair"": [2, 1, 1, 1], ""acc"": 1.4, ""vel"": 23.63, ""pos"": 49.6, ""error"": 38.30222770000009}]]"
1.4,23.65,11.6,1.4,23.65,11.6,1.4,23.65,11.6,3,"[{""pair"": [3, 0, 2, 7], ""acc"": 1.4, ""vel"": 23.65, ""pos"": 11.6, ""error"": 0.4067523000003863}]","[[{""pair"": [3, 0, 2, 7], ""acc"": 1.4, ""vel"": 23.65, ""pos"": 11.6, ""error"": 0.4067523000003863}], [{""pair"": [0, 0, 2, 7], ""acc"": 1.4, ""vel"": 24.93, ""pos"": 11.6, ""error"": 1.6343523000003461}], [{""pair"": [2, 0, 2, 7], ""acc"": 1.4, ""vel"": 23.65, ""pos"": 11.6, ""error"": 0.4067523000003863}]]"
1.3,23.7,12.4,1.3,105.62,63.6,1.3,23.7,12.4,3,"[{""pair"": [0, 6, 1, 3], ""acc"": 1.3, ""vel"": 23.7, ""pos"": 12.4, ""error"": 0.00730919999981694}]","[[{""pair"": [0, 6, 1, 3], ""acc"": 1.3, ""vel"": 23.7, ""pos"": 12.4, ""error"": 0.00730919999981694}], [{""pair"": [0, 6, 2, 3], ""acc"": 1.3, ""vel"": 23.7, ""pos"": 63.6, ""error"": 51.19749080000021}]]"
1.3,23.74,13.2,14.1,23.74,13.2,1.3,23.74,13.2,3,"[{""pair"": [3, 2, 0, 14], ""acc"": 1.3, ""vel"": 23.74, ""pos"": 13.2, ""error"": 0.439833599999508}]","[[{""pair"": [3, 2, 0, 14], ""acc"": 1.3, ""vel"": 23.74, ""pos"": 13.2, ""error"": 0.439833599999508}], [{""pair"": [0, 2, 0, 14], ""acc"": 1.3, ""vel"": 28.86, ""pos"": 13.2, ""error"": 5.559833599999509}], [{""pair"": [1, 2, 0, 14], ""acc"": 1.3, ""vel"": 23.74, ""pos"": 38.8, ""error"": 26.039833599999508}]]"
1.3,23.77,13.6,1.3,23.69,13.6,1.3,23.77,13.6,3,"[{""pair"": [3, 0, 1, 12], ""acc"": 1.3, ""vel"": 23.77, ""pos"": 13.6, ""error"": 0.011667849999907887}]","[[{""pair"": [3, 0, 3, 12], ""acc"": 1.3, ""vel"": 23.69, ""pos"": 13.6, ""error"": 0.07586784999989327}], [{""pair"": [3, 0, 0, 12], ""acc"": 4.5, ""vel"": 23.69, ""pos"": 13.6, ""error"": 0.07586784999989327}], [{""pair"": [3, 0, 1, 12], ""acc"": 1.3, ""vel"": 23.77, ""pos"": 13.6, ""error"": 0.011667849999907887}], [{""pair"": [3, 0, 2, 12], ""acc"": 1.3, ""vel"": 23.69, ""pos"": 14.0, ""error"": 0.46833215000009076}], [{""pair"": [3, 12, 0, 0], ""acc"": 1.3, ""vel"": 24.97, ""pos"": 13.6, ""error"": 1.2116678499999072}], [{""pair"": [3, 12, 1, 0], ""acc"": 1.3, ""vel"": 23.69, ""pos"": 20.0, ""error"": 6.468332150000091}], [{""pair"": [3, 12, 2, 0], ""acc"": 1.3, ""vel"": 23.69, ""pos"": 13.6, ""error"": 0.07586784999989327}], [{""pair"": [0, 0, 0, 12], ""acc"": 4.5, ""vel"": 24.97, ""pos"": 13.6, ""error"": 1.2116678499999072}], [{""pair"": [0, 0, 1, 12], ""acc"": 1.3, ""vel"": 25.05, ""pos"": 13.6, ""error"": 1.291667849999909}], [{""pair"": [0, 0, 2, 12], ""acc"": 1.3, ""vel"": 24.97, ""pos"": 14.0, ""error"": 1.6041321500001047}], [{""pair"": [1, 0, 0, 12], ""acc"": 4.5, ""vel"": 23.69, ""pos"": 20.0, ""error"": 6.468332150000091}], [{""pair"": [1, 0, 1, 12], ""acc"": 1.3, ""vel"": 23.77, ""pos"": 20.0, ""error"": 6.404132150000105}], [{""pair"": [1, 0, 2, 12], ""acc"": 1.3, ""vel"": 23.69, ""pos"": 20.4, ""error"": 6.868332150000089}], [{""pair"": [2, 0, 0, 12], ""acc"": 4.5, ""vel"": 23.69, ""pos"": 13.6, ""error"": 0.07586784999989327}], [{""pair"": [2, 0, 1, 12], ""acc"": 1.3, ""vel"": 23.77, ""pos"": 13.6, ""error"": 0.011667849999907887}], [{""pair"": [2, 0, 2, 12], ""acc"": 1.3, ""vel"": 23.69, ""pos"": 14.0, ""error"": 0.46833215000009076}]]"
1.3,23.79,14.0,1.3,23.79,14.0,1.3,23.79,14.0,3,"[{""pair"": [3, 0, 3, 4], ""acc"": 1.3, ""vel"": 23.79, ""pos"": 14.0, ""error"": 0.0063778499998967675}]","[[{""pair"": [3, 0, 3, 4], ""acc"": 1.3, ""vel"": 23.79, ""pos"": 14.0, ""error"": 0.0063778499998967675}], [{""pair"": [3, 0, 0, 4], ""acc"": 1.3, ""vel"": 3.31, ""pos"": 14.0, ""error"": 20.486377849999897}], [{""pair"": [3, 4, 2, 0], ""acc"": 1.3, ""vel"": 23.79, ""pos"": 14.0, ""error"": 0.0063778499998967675}], [{""pair"": [2, 0, 0, 4], ""acc"": 1.3, ""vel"": 3.31, ""pos"": 14.0, ""error"": 20.486377849999897}]]"
1.3,23.81,14.4,1.2,23.81,424.0,1.2,23.81,14.4,3,"[{""pair"": [1, 6, 2, 7], ""acc"": 1.2, ""vel"": 23.81, ""pos"": 14.4, ""error"": 0.01999359999956063}]","[[{""pair"": [3, 5, 0, 5], ""acc"": 1.2, ""vel"": 64.77, ""pos"": 424.0, ""error"": 450.5783935999995}], [{""pair"": [3, 5, 1, 5], ""acc"": 1.2, ""vel"": 23.81, ""pos"": 628.8, ""error"": 614.4199935999995}], [{""pair"": [1, 6, 0, 7], ""acc"": 1.3, ""vel"": 23.81, ""pos"": 14.4, ""error"": 0.01999359999956063}], [{""pair"": [1, 6, 1, 7], ""acc"": 1.2, ""vel"": 23.81, ""pos"": 833.6, ""error"": 819.2199935999996}], [{""pair"": [1, 6, 2, 7], ""acc"": 1.2, ""vel"": 23.81, ""pos"": 14.4, ""error"": 0.01999359999956063}], [{""pair"": [0, 5, 1, 5], ""acc"": 1.2, ""vel"": 64.77, ""pos"": 628.8, ""error"": 655.3783935999995}], [{""pair"": [1, 5, 0, 5], ""acc"": 1.2, ""vel"": 64.77, ""pos"": 628.8, ""error"": 655.3783935999995}]]"
1.3,23.83,14.8,1.3,23.83,14.8,1.3,23.83,14.8,3,"[{""pair"": [3, 4, 3, 5], ""acc"": 1.3, ""vel"": 23.83, ""pos"": 14.8, ""error"": 0.005343399999897969}]","[[{""pair"": [3, 4, 3, 5], ""acc"": 1.3, ""vel"": 23.83, ""pos"": 14.8, ""error"": 0.005343399999897969}], [{""pair"": [3, 4, 2, 5], ""acc"": 1.3, ""vel"": 23.83, ""pos"": 14.8, ""error"": 0.005343399999897969}], [{""pair"": [3, 5, 0, 4], ""acc"": 1.3, ""vel"": 3.35, ""pos"": 14.8, ""error"": 20.485343399999895}], [{""pair"": [0, 4, 2, 5], ""acc"": 1.3, ""vel"": 3.35, ""pos"": 14.8, ""error"": 20.485343399999895}]]"
1.3,23.86,15.2,1.5,23.86,15.2,1.3,23.86,15.2,3,"[{""pair"": [2, 5, 0, 8], ""acc"": 1.3, ""vel"": 23.86, ""pos"": 15.2, ""error"": 0.01319784999991036}]","[[{""pair"": [0, 5, 0, 8], ""acc"": 1.3, ""vel"": 64.82, ""pos"": 15.2, ""error"": 40.973197849999906}], [{""pair"": [1, 5, 0, 8], ""acc"": 1.3, ""vel"": 23.86, ""pos"": 220.0, ""error"": 204.8026021500001}], [{""pair"": [2, 5, 0, 8], ""acc"": 1.3, ""vel"": 23.86, ""pos"": 15.2, ""error"": 0.01319784999991036}]]"
1.3,23.88,15.6,1.3,23.88,220.4,1.3,23.88,15.6,3,"[{""pair"": [3, 14, 1, 5], ""acc"": 1.3, ""vel"": 23.88, ""pos"": 15.6, ""error"": 0.01887359999955862}]","[[{""pair"": [3, 5, 3, 14], ""acc"": 1.3, ""vel"": 23.88, ""pos"": 220.4, ""error"": 204.81887359999956}], [{""pair"": [3, 5, 2, 14], ""acc"": 1.3, ""vel"": 23.88, ""pos"": 218.8, ""error"": 203.21887359999957}], [{""pair"": [3, 14, 1, 5], ""acc"": 1.3, ""vel"": 23.88, ""pos"": 15.6, ""error"": 0.01887359999955862}], [{""pair"": [3, 14, 2, 5], ""acc"": 1.3, ""vel"": 23.88, ""pos"": 220.4, ""error"": 204.81887359999956}], [{""pair"": [1, 5, 2, 14], ""acc"": 1.3, ""vel"": 23.88, ""pos"": 14.0, ""error"": 1.5827264000004941}], [{""pair"": [2, 5, 2, 14], ""acc"": 1.3, ""vel"": 23.88, ""pos"": 218.8, ""error"": 203.21887359999957}]]"
1.3,23.9,16.0,1.3,23.9,16.2,1.3,23.9,16.0,3,"[{""pair"": [3, 0, 2, 11], ""acc"": 1.3, ""vel"": 23.9, ""pos"": 16.0, ""error"": 0.008247849999897028}]","[[{""pair"": [3, 0, 3, 11], ""acc"": 1.3, ""vel"": 23.9, ""pos"": 16.2, ""error"": 0.19595215000009247}], [{""pair"": [3, 0, 1, 11], ""acc"": 1.3, ""vel"": 23.86, ""pos"": 16.2, ""error"": 0.23595215000009162}], [{""pair"": [3, 0, 2, 11], ""acc"": 1.3, ""vel"": 23.9, ""pos"": 16.0, ""error"": 0.008247849999897028}], [{""pair"": [3, 11, 0, 0], ""acc"": 1.3, ""vel"": 25.18, ""pos"": 16.2, ""error"": 1.4717521500001034}], [{""pair"": [3, 11, 1, 0], ""acc"": 1.3, ""vel"": 23.9, ""pos"": 22.6, ""error"": 6.595952150000095}], [{""pair"": [3, 11, 2, 0], ""acc"": 1.3, ""vel"": 23.9, ""pos"": 16.2, ""error"": 0.19595215000009247}], [{""pair"": [0, 0, 1, 11], ""acc"": 1.3, ""vel"": 25.14, ""pos"": 16.2, ""error"": 1.4317521500001043}], [{""pair"": [0, 0, 2, 11], ""acc"": 1.3, ""vel"": 25.18, ""pos"": 16.0, ""error"": 1.284047849999908}], [{""pair"": [1, 0, 1, 11], ""acc"": 1.3, ""vel"": 23.86, ""pos"": 22.6, ""error"": 6.635952150000094}], [{""pair"": [1, 0, 2, 11], ""acc"": 1.3, ""vel"": 23.9, ""pos"": 22.4, ""error"": 6.395952150000092}], [{""pair"": [2, 0, 1, 11], ""acc"": 1.3, ""vel"": 23.86, ""pos"": 16.2, ""error"": 0.23595215000009162}], [{""pair"": [2, 0, 2, 11], ""acc"": 1.3, ""vel"": 23.9, ""pos"": 16.0, ""error"": 0.008247849999897028}]]"
1.3,23.92,16.400000000000002,14.3,23.92,16.4,1.3,23.92,16.4,3,"[{""pair"": [0, 8, 0, 14], ""acc"": 1.3, ""vel"": 23.92, ""pos"": 16.4, ""error"": 0.4123078499989532}]","[[{""pair"": [3, 14, 0, 8], ""acc"": 14.1, ""vel"": 23.92, ""pos"": 16.4, ""error"": 0.4123078499989532}], [{""pair"": [0, 8, 0, 14], ""acc"": 1.3, ""vel"": 23.92, ""pos"": 16.4, ""error"": 0.4123078499989532}]]"
1.3,23.97,17.2,1.3,23.81,42.8,1.3,23.97,17.2,3,"[{""pair"": [1, 2, 1, 13], ""acc"": 1.3, ""vel"": 23.97, ""pos"": 17.2, ""error"": 0.4210721500001}]","[[{""pair"": [3, 13, 1, 2], ""acc"": 1.3, ""vel"": 23.81, ""pos"": 17.2, ""error"": 0.5252721500000952}], [{""pair"": [1, 2, 0, 13], ""acc"": 7.7, ""vel"": 23.81, ""pos"": 17.2, ""error"": 0.5252721500000952}], [{""pair"": [1, 2, 1, 13], ""acc"": 1.3, ""vel"": 23.97, ""pos"": 17.2, ""error"": 0.4210721500001}]]"
1.3,23.99,17.6,4.7,23.99,17.6,1.3,23.99,17.6,3,"[{""pair"": [0, 8, 0, 12], ""acc"": 1.3, ""vel"": 23.99, ""pos"": 17.6, ""error"": 0.009777849999895949}]","[[{""pair"": [3, 12, 0, 8], ""acc"": 4.5, ""vel"": 23.99, ""pos"": 17.6, ""error"": 0.009777849999895949}], [{""pair"": [0, 8, 0, 12], ""acc"": 1.3, ""vel"": 23.99, ""pos"": 17.6, ""error"": 0.009777849999895949}], [{""pair"": [0, 8, 1, 12], ""acc"": 4.5, ""vel"": 23.91, ""pos"": 17.6, ""error"": 0.08977784999989424}]]"
1.3,24.01,18.0,1.3,24.01,18.0,1.3,24.01,18.0,3,"[{""pair"": [3, 4, 3, 13], ""acc"": 1.3, ""vel"": 24.01, ""pos"": 18.0, ""error"": 0.0167935999995521}]","[[{""pair"": [3, 4, 3, 13], ""acc"": 1.3, ""vel"": 24.01, ""pos"": 18.0, ""error"": 0.0167935999995521}], [{""pair"": [3, 4, 0, 13], ""acc"": 7.7, ""vel"": 24.01, ""pos"": 18.0, ""error"": 0.0167935999995521}], [{""pair"": [3, 4, 1, 13], ""acc"": 1.3, ""vel"": 24.17, ""pos"": 18.0, ""error"": 0.17519359999950623}], [{""pair"": [3, 4, 2, 13], ""acc"": 1.3, ""vel"": 24.01, ""pos"": 18.8, ""error"": 0.8167935999995528}], [{""pair"": [3, 13, 0, 4], ""acc"": 1.3, ""vel"": 3.53, ""pos"": 18.0, ""error"": 20.496793599999553}], [{""pair"": [3, 13, 2, 4], ""acc"": 1.3, ""vel"": 24.01, ""pos"": 18.0, ""error"": 0.0167935999995521}], [{""pair"": [0, 4, 0, 13], ""acc"": 7.7, ""vel"": 3.53, ""pos"": 18.0, ""error"": 20.496793599999553}], [{""pair"": [0, 4, 1, 13], ""acc"": 1.3, ""vel"": 3.69, ""pos"": 18.0, ""error"": 20.336793599999552}], [{""pair"": [0, 4, 2, 13], ""acc"": 1.3, ""vel"": 3.53, ""pos"": 18.8, ""error"": 21.296793599999553}], [{""pair"": [2, 4, 0, 13], ""acc"": 7.7, ""vel"": 24.01, ""pos"": 18.0, ""error"": 0.0167935999995521}], [{""pair"": [2, 4, 1, 13], ""acc"": 1.3, ""vel"": 24.17, ""pos"": 18.0, ""error"": 0.17519359999950623}], [{""pair"": [2, 4, 2, 13], ""acc"": 1.3, ""vel"": 24.01, ""pos"": 18.8, ""error"": 0.8167935999995528}]]"
1.3,24.03,18.4,1.3,24.03,18.4,1.3,24.03,18.4,3,"[{""pair"": [3, 2, 3, 3], ""acc"": 1.3, ""vel"": 24.03, ""pos"": 18.4, ""error"": 0.010457849999898627}]","[[{""pair"": [3, 2, 3, 3], ""acc"": 1.3, ""vel"": 24.03, ""pos"": 18.4, ""error"": 0.010457849999898627}], [{""pair"": [3, 2, 2, 3], ""acc"": 1.3, ""vel"": 24.03, ""pos"": 18.4, ""error"": 0.010457849999898627}], [{""pair"": [3, 3, 0, 2], ""acc"": 1.3, ""vel"": 29.15, ""pos"": 18.4, ""error"": 5.126257849999906}], [{""pair"": [3, 3, 1, 2], ""acc"": 1.3, ""vel"": 24.03, ""pos"": 44.0, ""error"": 25.593742150000093}], [{""pair"": [3, 3, 2, 2], ""acc"": 1.3, ""vel"": 24.03, ""pos"": 18.4, ""error"": 0.010457849999898627}], [{""pair"": [3, 1, 0, 1], ""acc"": 1.3, ""vel"": 21.47, ""pos"": 18.4, ""error"": 2.570457849999901}], [{""pair"": [3, 1, 1, 1], ""acc"": 1.3, ""vel"": 24.03, ""pos"": 5.6, ""error"": 12.810457849999898}], [{""pair"": [3, 1, 2, 1], ""acc"": 1.3, ""vel"": 24.03, ""pos"": 18.4, ""error"": 0.010457849999898627}], [{""pair"": [0, 1, 1, 1], ""acc"": 1.3, ""vel"": 21.47, ""pos"": 5.6, ""error"": 15.3704578499999}], [{""pair"": [0, 1, 2, 1], ""acc"": 1.3, ""vel"": 21.47, ""pos"": 18.4, ""error"": 2.570457849999901}], [{""pair"": [1, 1, 0, 1], ""acc"": 1.3, ""vel"": 21.47, ""pos"": 5.6, ""error"": 15.3704578499999}], [{""pair"": [1, 1, 2, 1], ""acc"": 1.3, ""vel"": 24.03, ""pos"": 5.6, ""error"": 12.810457849999898}], [{""pair"": [2, 1, 0, 1], ""acc"": 1.3, ""vel"": 21.47, ""pos"": 18.4, ""error"": 2.570457849999901}], [{""pair"": [2, 1, 1, 1], ""acc"": 1.3, ""vel"": 24.03, ""pos"": 5.6, ""error"": 12.810457849999898}], [{""pair"": [0, 2, 2, 3], ""acc"": 1.3, ""vel"": 29.15, ""pos"": 18.4, ""error"": 5.126257849999906}], [{""pair"": [1, 2, 2, 3], ""acc"": 1.3, ""vel"": 24.03, ""pos"": 44.0, ""error"": 25.593742150000093}]]"
1.3,24.06,18.8,1.3,24.06,121.2,1.3,24.06,18.8,3,"[{""pair"": [1, 4, 2, 8], ""acc"": 1.3, ""vel"": 24.06, ""pos"": 18.8, ""error"": 0.01659784999990066}]","[[{""pair"": [3, 4, 2, 8], ""acc"": 1.3, ""vel"": 24.06, ""pos"": 121.2, ""error"": 102.39920215000011}], [{""pair"": [0, 4, 2, 8], ""acc"": 1.3, ""vel"": 3.58, ""pos"": 121.2, ""error"": 122.8634021500001}], [{""pair"": [1, 4, 2, 8], ""acc"": 1.3, ""vel"": 24.06, ""pos"": 18.8, ""error"": 0.01659784999990066}]]"
1.3,24.08,19.200000000000003,1.3,24.08,19.2,0.1,24.08,19.2,3,"[{""pair"": [0, 9, 0, 10], ""acc"": 0.1, ""vel"": 24.08, ""pos"": 19.2, ""error"": 0.015673599999551868}]","[[{""pair"": [3, 9, 3, 10], ""acc"": 1.3, ""vel"": 24.08, ""pos"": 19.2, ""error"": 0.015673599999551868}], [{""pair"": [3, 9, 0, 10], ""acc"": 0.5, ""vel"": 24.08, ""pos"": 19.2, ""error"": 0.015673599999551868}], [{""pair"": [3, 10, 0, 9], ""acc"": 0.9, ""vel"": 24.08, ""pos"": 19.2, ""error"": 0.015673599999551868}], [{""pair"": [3, 10, 2, 9], ""acc"": 1.3, ""vel"": 24.08, ""pos"": 19.2, ""error"": 0.015673599999551868}], [{""pair"": [3, 11, 1, 9], ""acc"": 1.3, ""vel"": 24.09, ""pos"": 19.2, ""error"": 0.024073599999500317}], [{""pair"": [0, 9, 0, 10], ""acc"": 0.1, ""vel"": 24.08, ""pos"": 19.2, ""error"": 0.015673599999551868}], [{""pair"": [2, 9, 0, 10], ""acc"": 0.5, ""vel"": 24.08, ""pos"": 19.2, ""error"": 0.015673599999551868}]]"
1.3,24.1,19.6,1.3,24.1,1658.0,1.3,24.1,19.6,3,"[{""pair"": [3, 15, 1, 8], ""acc"": 1.3, ""vel"": 24.1, ""pos"": 19.6, ""error"": 0.027674449999899764}]","[[{""pair"": [3, 15, 1, 8], ""acc"": 1.3, ""vel"": 24.1, ""pos"": 19.6, ""error"": 0.027674449999899764}], [{""pair"": [1, 8, 1, 15], ""acc"": 1.3, ""vel"": 23.46, ""pos"": 19.6, ""error"": 0.6310744499998933}]]"
1.3,24.12,20.0,1.3,24.3,20.0,1.3,24.12,20.0,3,"[{""pair"": [1, 13, 1, 10], ""acc"": 1.3, ""vel"": 24.12, ""pos"": 20.0, ""error"": 0.011987849999897549}]","[[{""pair"": [1, 13, 0, 10], ""acc"": 0.5, ""vel"": 24.14, ""pos"": 20.0, ""error"": 0.02778784999990691}], [{""pair"": [1, 13, 1, 10], ""acc"": 1.3, ""vel"": 24.12, ""pos"": 20.0, ""error"": 0.011987849999897549}], [{""pair"": [2, 13, 0, 10], ""acc"": 0.5, ""vel"": 24.3, ""pos"": 19.2, ""error"": 0.9877878499999078}], [{""pair"": [2, 13, 1, 10], ""acc"": 1.3, ""vel"": 24.28, ""pos"": 19.2, ""error"": 0.9677878499999082}]]"
1.3,24.14,20.4,1.3,24.14,839.7,1.3,24.14,20.4,3,"[{""pair"": [1, 7, 2, 10], ""acc"": 1.3, ""vel"": 24.14, ""pos"": 20.4, ""error"": 0.014713599999552684}]","[[{""pair"": [3, 10, 0, 7], ""acc"": 1.2, ""vel"": 24.14, ""pos"": 839.7, ""error"": 819.3147135999995}], [{""pair"": [3, 10, 1, 7], ""acc"": 1.3, ""vel"": 24.14, ""pos"": 20.5, ""error"": 0.1147135999995541}], [{""pair"": [0, 7, 0, 10], ""acc"": 0.4, ""vel"": 24.14, ""pos"": 839.7, ""error"": 819.3147135999995}], [{""pair"": [0, 7, 1, 10], ""acc"": 1.2, ""vel"": 24.12, ""pos"": 839.7, ""error"": 819.3347135999995}], [{""pair"": [0, 7, 2, 10], ""acc"": 1.2, ""vel"": 24.14, ""pos"": 839.6, ""error"": 819.2147135999995}], [{""pair"": [1, 7, 0, 10], ""acc"": 0.5, ""vel"": 24.14, ""pos"": 20.5, ""error"": 0.1147135999995541}], [{""pair"": [1, 7, 1, 10], ""acc"": 1.3, ""vel"": 24.12, ""pos"": 20.5, ""error"": 0.13471359999955368}], [{""pair"": [1, 7, 2, 10], ""acc"": 1.3, ""vel"": 24.14, ""pos"": 20.4, ""error"": 0.014713599999552684}]]"
1.3,24.17,20.8,1.3,24.21,20.8,1.3,24.17,20.8,3,"[{""pair"": [3, 6, 1, 11], ""acc"": 1.3, ""vel"": 24.17, ""pos"": 20.8, ""error"": 0.018467849999904473}]","[[{""pair"": [3, 6, 3, 11], ""acc"": 1.3, ""vel"": 24.21, ""pos"": 20.8, ""error"": 0.05846784999990362}], [{""pair"": [3, 6, 1, 11], ""acc"": 1.3, ""vel"": 24.17, ""pos"": 20.8, ""error"": 0.018467849999904473}], [{""pair"": [3, 11, 0, 6], ""acc"": 1.3, ""vel"": 106.13, ""pos"": 20.8, ""error"": 81.9784678499999}], [{""pair"": [3, 11, 1, 6], ""acc"": 1.3, ""vel"": 24.21, ""pos"": 430.4, ""error"": 409.63733215000013}], [{""pair"": [3, 11, 2, 6], ""acc"": 1.3, ""vel"": 24.21, ""pos"": 20.8, ""error"": 0.05846784999990362}], [{""pair"": [0, 6, 1, 11], ""acc"": 1.3, ""vel"": 106.09, ""pos"": 20.8, ""error"": 81.93846784999991}], [{""pair"": [1, 6, 1, 11], ""acc"": 1.3, ""vel"": 24.17, ""pos"": 430.4, ""error"": 409.5973321500001}], [{""pair"": [2, 6, 1, 11], ""acc"": 1.3, ""vel"": 24.17, ""pos"": 20.8, ""error"": 0.018467849999904473}]]"
1.3,24.19,21.200000000000003,1.3,23.87,21.2,1.3,24.19,21.2,3,"[{""pair"": [3, 1, 1, 14], ""acc"": 1.3, ""vel"": 24.19, ""pos"": 21.2, ""error"": 0.013177849999898683}]","[[{""pair"": [3, 1, 3, 14], ""acc"": 1.3, ""vel"": 23.87, ""pos"": 21.2, ""error"": 0.33317784999989897}], [{""pair"": [3, 1, 0, 14], ""acc"": 14.1, ""vel"": 23.87, ""pos"": 21.2, ""error"": 0.33317784999989897}], [{""pair"": [3, 1, 1, 14], ""acc"": 1.3, ""vel"": 24.19, ""pos"": 21.2, ""error"": 0.013177849999898683}], [{""pair"": [3, 14, 2, 1], ""acc"": 1.3, ""vel"": 23.87, ""pos"": 21.2, ""error"": 0.33317784999989897}], [{""pair"": [2, 1, 0, 14], ""acc"": 14.1, ""vel"": 23.87, ""pos"": 21.2, ""error"": 0.33317784999989897}], [{""pair"": [2, 1, 1, 14], ""acc"": 1.3, ""vel"": 24.19, ""pos"": 21.2, ""error"": 0.013177849999898683}]]"
1.3,24.21,21.6,1.3,65.17,21.6,1.3,24.21,21.6,3,"[{""pair"": [0, 5, 2, 8], ""acc"": 1.3, ""vel"": 24.21, ""pos"": 21.6, ""error"": 0.013593599999556005}]","[[{""pair"": [3, 5, 2, 8], ""acc"": 1.3, ""vel"": 65.17, ""pos"": 21.6, ""error"": 40.97199359999951}], [{""pair"": [0, 5, 2, 8], ""acc"": 1.3, ""vel"": 24.21, ""pos"": 21.6, ""error"": 0.013593599999556005}], [{""pair"": [2, 5, 2, 8], ""acc"": 1.3, ""vel"": 65.17, ""pos"": 21.6, ""error"": 40.97199359999951}]]"
1.3,24.23,22.0,1.3,29.35,22.0,1.3,24.23,22.0,3,"[{""pair"": [3, 14, 0, 2], ""acc"": 1.3, ""vel"": 24.23, ""pos"": 22.0, ""error"": 0.013857849999897809}]","[[{""pair"": [3, 2, 3, 14], ""acc"": 1.3, ""vel"": 29.35, ""pos"": 22.0, ""error"": 5.129657849999909}], [{""pair"": [3, 2, 0, 14], ""acc"": 14.1, ""vel"": 29.35, ""pos"": 22.0, ""error"": 5.129657849999909}], [{""pair"": [3, 14, 0, 2], ""acc"": 1.3, ""vel"": 24.23, ""pos"": 22.0, ""error"": 0.013857849999897809}], [{""pair"": [3, 14, 2, 2], ""acc"": 1.3, ""vel"": 29.35, ""pos"": 22.0, ""error"": 5.129657849999909}], [{""pair"": [0, 2, 0, 14], ""acc"": 14.1, ""vel"": 24.23, ""pos"": 22.0, ""error"": 0.013857849999897809}], [{""pair"": [2, 2, 0, 14], ""acc"": 14.1, ""vel"": 29.35, ""pos"": 22.0, ""error"": 5.129657849999909}]]"
1.3,24.25,22.4,1.3,3.77,22.4,1.3,24.25,22.4,3,"[{""pair"": [3, 8, 0, 4], ""acc"": 1.3, ""vel"": 24.25, ""pos"": 22.4, ""error"": 0.014197849999895595}]","[[{""pair"": [3, 4, 3, 8], ""acc"": 1.3, ""vel"": 3.77, ""pos"": 22.4, ""error"": 20.494197849999896}], [{""pair"": [3, 8, 0, 4], ""acc"": 1.3, ""vel"": 24.25, ""pos"": 22.4, ""error"": 0.014197849999895595}], [{""pair"": [3, 8, 1, 4], ""acc"": 1.3, ""vel"": 3.77, ""pos"": 124.8, ""error"": 122.87000215000009}]]"
1.3,24.28,22.8,1.3,24.28,10.0,1.3,24.28,22.8,3,"[{""pair"": [3, 1, 1, 1], ""acc"": 1.3, ""vel"": 24.28, ""pos"": 22.8, ""error"": 0.41385784999893716}]","[[{""pair"": [3, 1, 1, 1], ""acc"": 1.3, ""vel"": 24.28, ""pos"": 22.8, ""error"": 0.41385784999893716}], [{""pair"": [2, 2, 0, 3], ""acc"": 1.3, ""vel"": 34.52, ""pos"": 10.0, ""error"": 23.42805784999905}], [{""pair"": [2, 2, 1, 3], ""acc"": 1.3, ""vel"": 24.28, ""pos"": 61.2, ""error"": 38.011942150000955}], [{""pair"": [2, 2, 2, 3], ""acc"": 1.3, ""vel"": 24.28, ""pos"": 10.0, ""error"": 13.213857849998938}]]"
1.3,24.32,23.6,1.3,24.32,23.6,1.3,24.32,23.6,3,"[{""pair"": [3, 3, 3, 9], ""acc"": 1.3, ""vel"": 24.32, ""pos"": 23.6, ""error"": 0.4049521500001063}]","[[{""pair"": [3, 3, 3, 9], ""acc"": 1.3, ""vel"": 24.32, ""pos"": 23.6, ""error"": 0.4049521500001063}], [{""pair"": [3, 3, 1, 9], ""acc"": 1.3, ""vel"": 24.33, ""pos"": 23.6, ""error"": 0.4149521500001043}], [{""pair"": [3, 3, 2, 9], ""acc"": 1.3, ""vel"": 24.32, ""pos"": 23.6, ""error"": 0.4049521500001063}], [{""pair"": [3, 9, 0, 3], ""acc"": 1.3, ""vel"": 34.56, ""pos"": 23.6, ""error"": 10.644952150000108}], [{""pair"": [3, 9, 1, 3], ""acc"": 1.3, ""vel"": 24.32, ""pos"": 74.8, ""error"": 51.6049521500001}], [{""pair"": [3, 9, 2, 3], ""acc"": 1.3, ""vel"": 24.32, ""pos"": 23.6, ""error"": 0.4049521500001063}], [{""pair"": [0, 3, 1, 9], ""acc"": 1.3, ""vel"": 34.57, ""pos"": 23.6, ""error"": 10.654952150000106}], [{""pair"": [0, 3, 2, 9], ""acc"": 1.3, ""vel"": 34.56, ""pos"": 23.6, ""error"": 10.644952150000108}], [{""pair"": [1, 3, 1, 9], ""acc"": 1.3, ""vel"": 24.33, ""pos"": 74.8, ""error"": 51.6149521500001}], [{""pair"": [1, 3, 2, 9], ""acc"": 1.3, ""vel"": 24.32, ""pos"": 74.8, ""error"": 51.6049521500001}], [{""pair"": [2, 3, 1, 9], ""acc"": 1.3, ""vel"": 24.33, ""pos"": 23.6, ""error"": 0.4149521500001043}], [{""pair"": [2, 3, 2, 9], ""acc"": 1.3, ""vel"": 24.32, ""pos"": 23.6, ""error"": 0.4049521500001063}]]"
1.3,24.34,24.1,14.1,24.34,24.9,1.3,24.34,24.1,3,"[{""pair"": [2, 13, 0, 14], ""acc"": 1.3, ""vel"": 24.34, ""pos"": 24.1, ""error"": 0.1115135999995509}]","[[{""pair"": [3, 13, 3, 14], ""acc"": 14.1, ""vel"": 24.34, ""pos"": 24.9, ""error"": 0.9115135999995481}], [{""pair"": [3, 13, 0, 14], ""acc"": 1.3, ""vel"": 24.34, ""pos"": 24.9, ""error"": 0.9115135999995481}], [{""pair"": [3, 13, 2, 14], ""acc"": 14.1, ""vel"": 24.34, ""pos"": 23.3, ""error"": 0.6900864000005029}], [{""pair"": [3, 14, 2, 13], ""acc"": 14.1, ""vel"": 24.34, ""pos"": 24.1, ""error"": 0.1115135999995509}], [{""pair"": [0, 13, 2, 15], ""acc"": 20.5, ""vel"": 24.34, ""pos"": 21.7, ""error"": 2.2900864000005043}], [{""pair"": [1, 13, 2, 15], ""acc"": 14.1, ""vel"": 24.5, ""pos"": 21.7, ""error"": 2.4484864000004514}], [{""pair"": [2, 13, 0, 14], ""acc"": 1.3, ""vel"": 24.34, ""pos"": 24.1, ""error"": 0.1115135999995509}], [{""pair"": [2, 13, 2, 14], ""acc"": 14.1, ""vel"": 24.34, ""pos"": 22.5, ""error"": 1.4900864000005036}]]"
1.3,24.37,24.4,4.5,24.37,24.4,1.3,24.37,24.4,3,"[{""pair"": [3, 12, 0, 12], ""acc"": 1.3, ""vel"": 24.37, ""pos"": 24.4, ""error"": 0.12186784999990863}]","[[{""pair"": [3, 14, 0, 13], ""acc"": 10.9, ""vel"": 24.37, ""pos"": 24.4, ""error"": 0.12186784999990863}], [{""pair"": [3, 14, 1, 13], ""acc"": 4.5, ""vel"": 24.53, ""pos"": 24.4, ""error"": 0.28186784999990877}], [{""pair"": [3, 14, 2, 13], ""acc"": 4.5, ""vel"": 24.37, ""pos"": 25.2, ""error"": 0.693932150000105}], [{""pair"": [3, 12, 0, 12], ""acc"": 1.3, ""vel"": 24.37, ""pos"": 24.4, ""error"": 0.12186784999990863}], [{""pair"": [3, 12, 2, 12], ""acc"": 4.5, ""vel"": 24.37, ""pos"": 24.0, ""error"": 0.5218678499999072}], [{""pair"": [0, 13, 2, 14], ""acc"": 10.9, ""vel"": 24.37, ""pos"": 22.8, ""error"": 1.7218678499999065}], [{""pair"": [1, 13, 2, 14], ""acc"": 4.5, ""vel"": 24.53, ""pos"": 22.8, ""error"": 1.8818678499999066}], [{""pair"": [2, 13, 2, 14], ""acc"": 4.5, ""vel"": 24.37, ""pos"": 23.6, ""error"": 0.9218678499999058}], [{""pair"": [0, 12, 2, 12], ""acc"": 1.3, ""vel"": 24.37, ""pos"": 24.0, ""error"": 0.5218678499999072}], [{""pair"": [2, 12, 0, 12], ""acc"": 1.3, ""vel"": 24.37, ""pos"": 24.0, ""error"": 0.5218678499999072}]]"
1.3,24.39,24.9,-24.3,24.38,24.9,1.3,24.39,24.9,3,"[{""pair"": [0, 15, 1, 9], ""acc"": 1.3, ""vel"": 24.39, ""pos"": 24.9, ""error"": 0.08762215000009377}]","[[{""pair"": [3, 9, 0, 15], ""acc"": 1.3, ""vel"": 24.38, ""pos"": 24.9, ""error"": 0.09762215000009533}], [{""pair"": [3, 9, 2, 15], ""acc"": -24.3, ""vel"": 24.38, ""pos"": 21.7, ""error"": 3.1265778499998973}], [{""pair"": [0, 15, 1, 9], ""acc"": 1.3, ""vel"": 24.39, ""pos"": 24.9, ""error"": 0.08762215000009377}], [{""pair"": [0, 15, 2, 9], ""acc"": 1.3, ""vel"": 24.38, ""pos"": 24.9, ""error"": 0.09762215000009533}], [{""pair"": [2, 15, 1, 9], ""acc"": -24.3, ""vel"": 24.39, ""pos"": 21.7, ""error"": 3.1165778499998957}], [{""pair"": [2, 15, 2, 9], ""acc"": -24.3, ""vel"": 24.38, ""pos"": 21.7, ""error"": 3.1265778499998973}]]"
1.3,24.41,25.3,1.3,24.41,24.5,1.2,24.41,25.3,3,"[{""pair"": [0, 7, 2, 13], ""acc"": 1.2, ""vel"": 24.41, ""pos"": 25.3, ""error"": 0.010393599999549252}]","[[{""pair"": [0, 7, 0, 13], ""acc"": 7.6, ""vel"": 24.41, ""pos"": 24.5, ""error"": 0.7912064000005046}], [{""pair"": [0, 7, 1, 13], ""acc"": 1.2, ""vel"": 24.57, ""pos"": 24.5, ""error"": 0.9496064000004516}], [{""pair"": [0, 7, 2, 13], ""acc"": 1.2, ""vel"": 24.41, ""pos"": 25.3, ""error"": 0.010393599999549252}], [{""pair"": [2, 7, 0, 13], ""acc"": 7.7, ""vel"": 24.41, ""pos"": 24.5, ""error"": 0.7912064000005046}], [{""pair"": [2, 7, 1, 13], ""acc"": 1.3, ""vel"": 24.57, ""pos"": 24.5, ""error"": 0.9496064000004516}], [{""pair"": [2, 7, 2, 13], ""acc"": 1.3, ""vel"": 24.41, ""pos"": 25.3, ""error"": 0.010393599999549252}]]"
1.3,24.43,25.700000000000003,2.9,24.43,25.7,1.3,24.43,25.7,3,"[{""pair"": [3, 2, 0, 11], ""acc"": 1.3, ""vel"": 24.43, ""pos"": 25.7, ""error"": 0.015543399999899066}]","[[{""pair"": [3, 2, 0, 11], ""acc"": 1.3, ""vel"": 24.43, ""pos"": 25.7, ""error"": 0.015543399999899066}], [{""pair"": [0, 2, 0, 11], ""acc"": 1.3, ""vel"": 29.55, ""pos"": 25.7, ""error"": 5.134743399999909}]]"
1.3,24.46,26.1,1.3,106.38,26.1,1.3,24.46,26.1,3,"[{""pair"": [3, 1, 0, 6], ""acc"": 1.3, ""vel"": 24.46, ""pos"": 26.1, ""error"": 0.023397849999902576}]","[[{""pair"": [3, 1, 3, 6], ""acc"": 1.3, ""vel"": 106.38, ""pos"": 26.1, ""error"": 81.94339784999988}], [{""pair"": [3, 1, 0, 6], ""acc"": 1.3, ""vel"": 24.46, ""pos"": 26.1, ""error"": 0.023397849999902576}], [{""pair"": [3, 6, 0, 1], ""acc"": 1.3, ""vel"": 103.82, ""pos"": 26.1, ""error"": 79.38339784999988}], [{""pair"": [0, 1, 0, 6], ""acc"": 1.3, ""vel"": 21.9, ""pos"": 26.1, ""error"": 2.567597849999892}]]"
1.4,24.48,26.5,1.4,24.48,1639.3,1.4,24.48,26.5,3,"[{""pair"": [1, 2, 1, 8], ""acc"": 1.4, ""vel"": 24.48, ""pos"": 26.5, ""error"": 0.009273599999545468}]","[[{""pair"": [3, 2, 3, 8], ""acc"": 1.4, ""vel"": 24.48, ""pos"": 1639.3, ""error"": 1612.8092735999994}], [{""pair"": [3, 2, 0, 8], ""acc"": 1.2, ""vel"": 24.48, ""pos"": 1639.3, ""error"": 1612.8092735999994}], [{""pair"": [3, 2, 1, 8], ""acc"": 1.4, ""vel"": 24.48, ""pos"": 0.9, ""error"": 25.59232640000051}], [{""pair"": [3, 8, 0, 2], ""acc"": 1.4, ""vel"": 29.6, ""pos"": 1639.3, ""error"": 1617.9276735999993}], [{""pair"": [3, 8, 1, 2], ""acc"": 1.4, ""vel"": 24.48, ""pos"": 1664.9, ""error"": 1638.4092735999996}], [{""pair"": [0, 2, 0, 8], ""acc"": 1.2, ""vel"": 29.6, ""pos"": 1639.3, ""error"": 1617.9276735999993}], [{""pair"": [0, 2, 1, 8], ""acc"": 1.4, ""vel"": 29.6, ""pos"": 0.9, ""error"": 30.710726400000457}], [{""pair"": [1, 2, 0, 8], ""acc"": 1.2, ""vel"": 24.48, ""pos"": 1664.9, ""error"": 1638.4092735999996}], [{""pair"": [1, 2, 1, 8], ""acc"": 1.4, ""vel"": 24.48, ""pos"": 26.5, ""error"": 0.009273599999545468}]]"
1.4,24.5,26.9,1.4,24.5,230.9,1.4,24.5,26.9,3,"[{""pair"": [2, 13, 1, 5], ""acc"": 1.4, ""vel"": 24.5, ""pos"": 26.9, ""error"": 0.02016229999989605}]","[[{""pair"": [3, 5, 0, 13], ""acc"": 7.8, ""vel"": 24.5, ""pos"": 230.9, ""error"": 203.9874377000001}], [{""pair"": [3, 5, 2, 13], ""acc"": 1.4, ""vel"": 24.5, ""pos"": 231.7, ""error"": 204.78743770000008}], [{""pair"": [0, 13, 1, 5], ""acc"": 7.8, ""vel"": 24.5, ""pos"": 26.1, ""error"": 0.8201622999998932}], [{""pair"": [0, 13, 2, 5], ""acc"": 7.8, ""vel"": 24.5, ""pos"": 230.9, ""error"": 203.9874377000001}], [{""pair"": [2, 13, 1, 5], ""acc"": 1.4, ""vel"": 24.5, ""pos"": 26.9, ""error"": 0.02016229999989605}], [{""pair"": [2, 13, 2, 5], ""acc"": 1.4, ""vel"": 24.5, ""pos"": 231.7, ""error"": 204.78743770000008}]]"
1.4,24.52,27.3,1.4,24.53,27.3,1.2,24.52,27.3,3,"[{""pair"": [0, 8, 1, 9], ""acc"": 1.2, ""vel"": 24.52, ""pos"": 27.3, ""error"": 0.020502299999893836}]","[[{""pair"": [3, 8, 0, 9], ""acc"": 1.0, ""vel"": 24.53, ""pos"": 27.3, ""error"": 0.022902299999906006}], [{""pair"": [3, 8, 1, 9], ""acc"": 1.4, ""vel"": 24.52, ""pos"": 27.3, ""error"": 0.020502299999893836}], [{""pair"": [3, 10, 1, 8], ""acc"": 1.4, ""vel"": 24.53, ""pos"": 1665.7, ""error"": 1638.3894977000002}], [{""pair"": [0, 8, 0, 9], ""acc"": 0.8, ""vel"": 24.53, ""pos"": 27.3, ""error"": 0.022902299999906006}], [{""pair"": [0, 8, 1, 9], ""acc"": 1.2, ""vel"": 24.52, ""pos"": 27.3, ""error"": 0.020502299999893836}], [{""pair"": [1, 8, 0, 10], ""acc"": 0.6, ""vel"": 24.53, ""pos"": 1665.7, ""error"": 1638.3894977000002}], [{""pair"": [1, 8, 2, 10], ""acc"": 1.4, ""vel"": 24.53, ""pos"": 1665.6, ""error"": 1638.2894977}], [{""pair"": [2, 8, 0, 9], ""acc"": 1.0, ""vel"": 24.53, ""pos"": 27.3, ""error"": 0.022902299999906006}], [{""pair"": [2, 8, 1, 9], ""acc"": 1.4, ""vel"": 24.52, ""pos"": 27.3, ""error"": 0.020502299999893836}]]"
1.4,24.55,27.700000000000003,1.4,24.54,34.1,1.4,24.54,27.7,3,"[{""pair"": [1, 0, 2, 9], ""acc"": 1.4, ""vel"": 24.54, ""pos"": 27.7, ""error"": 0.008326399999493361}]","[[{""pair"": [3, 0, 1, 9], ""acc"": 1.4, ""vel"": 24.55, ""pos"": 34.1, ""error"": 6.418326399999497}], [{""pair"": [3, 0, 2, 9], ""acc"": 1.4, ""vel"": 24.54, ""pos"": 34.1, ""error"": 6.4083263999994955}], [{""pair"": [0, 0, 1, 9], ""acc"": 1.4, ""vel"": 23.27, ""pos"": 34.1, ""error"": 7.676726399999541}], [{""pair"": [0, 0, 2, 9], ""acc"": 1.4, ""vel"": 23.26, ""pos"": 34.1, ""error"": 7.686726399999539}], [{""pair"": [1, 0, 1, 9], ""acc"": 1.4, ""vel"": 24.55, ""pos"": 27.7, ""error"": 0.018326399999494924}], [{""pair"": [1, 0, 2, 9], ""acc"": 1.4, ""vel"": 24.54, ""pos"": 27.7, ""error"": 0.008326399999493361}], [{""pair"": [2, 0, 1, 9], ""acc"": 1.4, ""vel"": 24.55, ""pos"": 34.1, ""error"": 6.418326399999497}], [{""pair"": [2, 0, 2, 9], ""acc"": 1.4, ""vel"": 24.54, ""pos"": 34.1, ""error"": 6.4083263999994955}]]"
1.4,24.57,28.1,1.4,24.57,1665.7,1.4,24.57,28.1,3,"[{""pair"": [1, 8, 2, 13], ""acc"": 1.4, ""vel"": 24.57, ""pos"": 28.1, ""error"": 0.023582299999905132}]","[[{""pair"": [3, 8, 0, 13], ""acc"": 7.8, ""vel"": 24.57, ""pos"": 1665.7, ""error"": 1637.5888177000002}], [{""pair"": [3, 8, 2, 13], ""acc"": 1.4, ""vel"": 24.57, ""pos"": 1666.5, ""error"": 1638.3888177000001}], [{""pair"": [0, 8, 0, 13], ""acc"": 7.6, ""vel"": 24.57, ""pos"": 1665.7, ""error"": 1637.5888177000002}], [{""pair"": [0, 8, 2, 13], ""acc"": 1.2, ""vel"": 24.57, ""pos"": 1666.5, ""error"": 1638.3888177000001}], [{""pair"": [1, 8, 0, 13], ""acc"": 7.8, ""vel"": 24.57, ""pos"": 27.3, ""error"": 0.8235822999999058}], [{""pair"": [1, 8, 2, 13], ""acc"": 1.4, ""vel"": 24.57, ""pos"": 28.1, ""error"": 0.023582299999905132}]]"
1.4,24.59,28.5,1.4,29.71,26.9,1.4,24.59,28.5,3,"[{""pair"": [0, 2, 2, 14], ""acc"": 1.4, ""vel"": 24.59, ""pos"": 28.5, ""error"": 0.021692299999898523}]","[[{""pair"": [3, 2, 3, 14], ""acc"": 1.4, ""vel"": 29.71, ""pos"": 26.9, ""error"": 6.7340922999999115}], [{""pair"": [3, 2, 0, 14], ""acc"": 14.2, ""vel"": 29.71, ""pos"": 26.9, ""error"": 6.7340922999999115}], [{""pair"": [3, 2, 1, 14], ""acc"": 1.4, ""vel"": 30.03, ""pos"": 26.9, ""error"": 7.054092299999912}], [{""pair"": [3, 2, 2, 14], ""acc"": 1.4, ""vel"": 29.71, ""pos"": 28.5, ""error"": 5.13409229999991}], [{""pair"": [3, 14, 0, 2], ""acc"": 1.4, ""vel"": 24.59, ""pos"": 26.9, ""error"": 1.6216922999999}], [{""pair"": [3, 14, 1, 2], ""acc"": 1.4, ""vel"": 29.71, ""pos"": 1.3, ""error"": 32.33409229999991}], [{""pair"": [0, 2, 0, 14], ""acc"": 14.2, ""vel"": 24.59, ""pos"": 26.9, ""error"": 1.6216922999999}], [{""pair"": [0, 2, 1, 14], ""acc"": 1.4, ""vel"": 24.91, ""pos"": 26.9, ""error"": 1.9340922999999108}], [{""pair"": [0, 2, 2, 14], ""acc"": 1.4, ""vel"": 24.59, ""pos"": 28.5, ""error"": 0.021692299999898523}], [{""pair"": [1, 2, 0, 14], ""acc"": 14.2, ""vel"": 29.71, ""pos"": 1.3, ""error"": 32.33409229999991}], [{""pair"": [1, 2, 1, 14], ""acc"": 1.4, ""vel"": 30.03, ""pos"": 1.3, ""error"": 32.65409229999991}], [{""pair"": [1, 2, 2, 14], ""acc"": 1.4, ""vel"": 29.71, ""pos"": 2.9, ""error"": 30.73409229999991}]]"
1.4,24.61,28.9,1.4,24.61,28.8,1.4,24.61,28.9,3,"[{""pair"": [3, 15, 2, 10], ""acc"": 1.4, ""vel"": 24.61, ""pos"": 28.9, ""error"": 0.008780800000867117}]","[[{""pair"": [3, 10, 3, 15], ""acc"": 1.4, ""vel"": 24.61, ""pos"": 28.8, ""error"": 0.0960191999990272}], [{""pair"": [3, 10, 2, 15], ""acc"": 1.4, ""vel"": 24.61, ""pos"": 25.6, ""error"": 3.2960191999990265}], [{""pair"": [3, 15, 1, 10], ""acc"": 1.4, ""vel"": 24.63, ""pos"": 28.8, ""error"": 0.11121919999913032}], [{""pair"": [3, 15, 2, 10], ""acc"": 1.4, ""vel"": 24.61, ""pos"": 28.9, ""error"": 0.008780800000867117}], [{""pair"": [1, 10, 2, 15], ""acc"": 1.4, ""vel"": 24.63, ""pos"": 25.6, ""error"": 3.3112191999991296}], [{""pair"": [2, 10, 2, 15], ""acc"": 1.4, ""vel"": 24.61, ""pos"": 25.7, ""error"": 3.1960191999990286}]]"
1.4,24.64,29.3,14.2,24.64,29.3,1.4,24.64,29.3,3,"[{""pair"": [3, 1, 0, 14], ""acc"": 1.4, ""vel"": 24.64, ""pos"": 29.3, ""error"": 0.024772299999906267}]","[[{""pair"": [3, 1, 3, 14], ""acc"": 14.2, ""vel"": 24.64, ""pos"": 29.3, ""error"": 0.024772299999906267}], [{""pair"": [3, 1, 0, 14], ""acc"": 1.4, ""vel"": 24.64, ""pos"": 29.3, ""error"": 0.024772299999906267}], [{""pair"": [3, 1, 1, 14], ""acc"": 14.2, ""vel"": 24.32, ""pos"": 29.3, ""error"": 0.3323722999998928}], [{""pair"": [3, 14, 1, 1], ""acc"": 14.2, ""vel"": 24.64, ""pos"": 42.1, ""error"": 12.787627700000108}], [{""pair"": [3, 14, 2, 1], ""acc"": 14.2, ""vel"": 24.64, ""pos"": 29.3, ""error"": 0.024772299999906267}], [{""pair"": [1, 1, 0, 14], ""acc"": 1.4, ""vel"": 24.64, ""pos"": 42.1, ""error"": 12.787627700000108}], [{""pair"": [1, 1, 1, 14], ""acc"": 14.2, ""vel"": 24.32, ""pos"": 42.1, ""error"": 13.095227700000095}], [{""pair"": [2, 1, 0, 14], ""acc"": 1.4, ""vel"": 24.64, ""pos"": 29.3, ""error"": 0.024772299999906267}], [{""pair"": [2, 1, 1, 14], ""acc"": 14.2, ""vel"": 24.32, ""pos"": 29.3, ""error"": 0.3323722999998928}]]"
1.3,24.66,29.8,1.3,24.66,849.0,1.3,24.66,29.8,3,"[{""pair"": [3, 12, 1, 7], ""acc"": 1.3, ""vel"": 24.66, ""pos"": 29.8, ""error"": 0.08471770000009471}]","[[{""pair"": [3, 12, 0, 7], ""acc"": 1.2, ""vel"": 24.66, ""pos"": 849.0, ""error"": 819.2847177000001}], [{""pair"": [3, 12, 1, 7], ""acc"": 1.3, ""vel"": 24.66, ""pos"": 29.8, ""error"": 0.08471770000009471}]]"
1.3,24.68,30.200000000000003,1.3,24.68,30.2,1.3,24.68,30.2,3,"[{""pair"": [3, 3, 2, 0], ""acc"": 1.3, ""vel"": 24.68, ""pos"": 30.2, ""error"": 0.006073599999542267}]","[[{""pair"": [3, 3, 1, 0], ""acc"": 1.3, ""vel"": 24.68, ""pos"": 36.6, ""error"": 6.406073599999544}], [{""pair"": [3, 3, 2, 0], ""acc"": 1.3, ""vel"": 24.68, ""pos"": 30.2, ""error"": 0.006073599999542267}], [{""pair"": [1, 0, 2, 3], ""acc"": 1.3, ""vel"": 24.68, ""pos"": 36.6, ""error"": 6.406073599999544}], [{""pair"": [2, 0, 2, 3], ""acc"": 1.3, ""vel"": 24.68, ""pos"": 30.2, ""error"": 0.006073599999542267}]]"
1.3,24.7,30.6,1.3,24.7,5.0,1.3,24.7,30.6,3,"[{""pair"": [3, 5, 1, 2], ""acc"": 1.3, ""vel"": 24.7, ""pos"": 30.6, ""error"": 0.0218478499998902}]","[[{""pair"": [3, 2, 3, 5], ""acc"": 1.3, ""vel"": 24.7, ""pos"": 5.0, ""error"": 25.62184784999989}], [{""pair"": [3, 5, 0, 2], ""acc"": 1.3, ""vel"": 29.82, ""pos"": 5.0, ""error"": 30.737647849999902}], [{""pair"": [3, 5, 1, 2], ""acc"": 1.3, ""vel"": 24.7, ""pos"": 30.6, ""error"": 0.0218478499998902}], [{""pair"": [3, 5, 2, 2], ""acc"": 1.3, ""vel"": 24.7, ""pos"": 5.0, ""error"": 25.62184784999989}]]"
1.3,24.73,31.0,1.3,65.71,31.0,1.3,24.73,31.0,3,"[{""pair"": [0, 5, 1, 10], ""acc"": 1.3, ""vel"": 24.73, ""pos"": 31.0, ""error"": 0.027987849999906445}]","[[{""pair"": [0, 5, 0, 10], ""acc"": 0.5, ""vel"": 24.75, ""pos"": 31.0, ""error"": 0.04798784999990602}], [{""pair"": [0, 5, 1, 10], ""acc"": 1.3, ""vel"": 24.73, ""pos"": 31.0, ""error"": 0.027987849999906445}]]"
1.3,24.75,31.4,1.3,24.75,31.4,1.2,24.75,31.4,3,"[{""pair"": [3, 4, 0, 7], ""acc"": 1.2, ""vel"": 24.75, ""pos"": 31.4, ""error"": 0.0049535999995420354}]","[[{""pair"": [3, 4, 3, 7], ""acc"": 1.3, ""vel"": 24.75, ""pos"": 31.4, ""error"": 0.0049535999995420354}], [{""pair"": [3, 4, 0, 7], ""acc"": 1.2, ""vel"": 24.75, ""pos"": 31.4, ""error"": 0.0049535999995420354}], [{""pair"": [3, 7, 0, 4], ""acc"": 1.3, ""vel"": 4.27, ""pos"": 31.4, ""error"": 20.484953599999542}], [{""pair"": [3, 7, 2, 4], ""acc"": 1.3, ""vel"": 24.75, ""pos"": 31.4, ""error"": 0.0049535999995420354}], [{""pair"": [0, 4, 0, 7], ""acc"": 1.2, ""vel"": 4.27, ""pos"": 31.4, ""error"": 20.484953599999542}], [{""pair"": [2, 4, 0, 7], ""acc"": 1.2, ""vel"": 24.75, ""pos"": 31.4, ""error"": 0.0049535999995420354}]]"
1.3,24.77,31.8,1.3,24.77,31.9,1.3,24.77,31.8,3,"[{""pair"": [3, 14, 2, 10], ""acc"": 1.3, ""vel"": 24.77, ""pos"": 31.8, ""error"": 0.02132339999989341}]","[[{""pair"": [3, 14, 0, 10], ""acc"": 0.5, ""vel"": 24.77, ""pos"": 31.9, ""error"": 0.07947660000009549}], [{""pair"": [3, 14, 2, 10], ""acc"": 1.3, ""vel"": 24.77, ""pos"": 31.8, ""error"": 0.02132339999989341}], [{""pair"": [0, 10, 0, 14], ""acc"": 13.3, ""vel"": 24.77, ""pos"": 31.9, ""error"": 0.07947660000009549}], [{""pair"": [2, 10, 0, 14], ""acc"": 14.1, ""vel"": 24.77, ""pos"": 31.8, ""error"": 0.02132339999989341}]]"
1.3,24.79,32.2,1.2,24.79,32.2,1.2,24.79,32.2,3,"[{""pair"": [3, 0, 3, 7], ""acc"": 1.2, ""vel"": 24.79, ""pos"": 32.2, ""error"": 0.023377849999892675}]","[[{""pair"": [3, 0, 3, 7], ""acc"": 1.2, ""vel"": 24.79, ""pos"": 32.2, ""error"": 0.023377849999892675}], [{""pair"": [3, 0, 0, 7], ""acc"": 1.3, ""vel"": 24.79, ""pos"": 32.2, ""error"": 0.023377849999892675}], [{""pair"": [3, 0, 1, 7], ""acc"": 1.2, ""vel"": 24.79, ""pos"": 851.4, ""error"": 819.1808221500002}], [{""pair"": [3, 0, 2, 7], ""acc"": 1.2, ""vel"": 24.79, ""pos"": 32.2, ""error"": 0.023377849999892675}], [{""pair"": [3, 7, 0, 0], ""acc"": 1.2, ""vel"": 23.51, ""pos"": 32.2, ""error"": 1.3033778499998903}], [{""pair"": [3, 7, 1, 0], ""acc"": 1.2, ""vel"": 24.79, ""pos"": 25.8, ""error"": 6.423377849999895}], [{""pair"": [3, 7, 2, 0], ""acc"": 1.2, ""vel"": 24.79, ""pos"": 32.2, ""error"": 0.023377849999892675}], [{""pair"": [0, 0, 0, 7], ""acc"": 1.3, ""vel"": 23.51, ""pos"": 32.2, ""error"": 1.3033778499998903}], [{""pair"": [0, 0, 1, 7], ""acc"": 1.2, ""vel"": 23.51, ""pos"": 851.4, ""error"": 820.4608221500001}], [{""pair"": [0, 0, 2, 7], ""acc"": 1.2, ""vel"": 23.51, ""pos"": 32.2, ""error"": 1.3033778499998903}], [{""pair"": [1, 0, 0, 7], ""acc"": 1.3, ""vel"": 24.79, ""pos"": 25.8, ""error"": 6.423377849999895}], [{""pair"": [1, 0, 1, 7], ""acc"": 1.2, ""vel"": 24.79, ""pos"": 845.0, ""error"": 812.7808221500002}], [{""pair"": [1, 0, 2, 7], ""acc"": 1.2, ""vel"": 24.79, ""pos"": 25.8, ""error"": 6.423377849999895}], [{""pair"": [2, 0, 0, 7], ""acc"": 1.3, ""vel"": 24.79, ""pos"": 32.2, ""error"": 0.023377849999892675}], [{""pair"": [2, 0, 1, 7], ""acc"": 1.2, ""vel"": 24.79, ""pos"": 851.4, ""error"": 819.1808221500002}], [{""pair"": [2, 0, 2, 7], ""acc"": 1.2, ""vel"": 24.79, ""pos"": 32.2, ""error"": 0.023377849999892675}]]"
1.3,24.82,32.7,1.3,106.74,32.7,1.3,24.82,32.7,3,"[{""pair"": [3, 5, 0, 6], ""acc"": 1.3, ""vel"": 24.82, ""pos"": 32.7, ""error"": 0.11400639999949291}]","[[{""pair"": [3, 5, 3, 6], ""acc"": 1.3, ""vel"": 106.74, ""pos"": 32.7, ""error"": 82.0340063999995}], [{""pair"": [3, 5, 0, 6], ""acc"": 1.3, ""vel"": 24.82, ""pos"": 32.7, ""error"": 0.11400639999949291}], [{""pair"": [3, 5, 2, 6], ""acc"": 1.3, ""vel"": 106.74, ""pos"": 32.7, ""error"": 82.0340063999995}], [{""pair"": [0, 5, 0, 7], ""acc"": 1.2, ""vel"": 147.7, ""pos"": 32.7, ""error"": 122.99400639999948}], [{""pair"": [1, 5, 0, 7], ""acc"": 1.2, ""vel"": 106.74, ""pos"": 237.5, ""error"": 286.83400639999945}], [{""pair"": [2, 5, 0, 7], ""acc"": 1.2, ""vel"": 106.74, ""pos"": 32.7, ""error"": 82.0340063999995}]]"
1.3,24.84,33.1,4.5,24.84,852.3,1.3,24.84,33.1,3,"[{""pair"": [1, 7, 0, 12], ""acc"": 1.3, ""vel"": 24.84, ""pos"": 33.1, ""error"": 0.024227849999899576}]","[[{""pair"": [0, 7, 0, 12], ""acc"": 1.2, ""vel"": 24.84, ""pos"": 852.3, ""error"": 819.1799721500001}], [{""pair"": [1, 7, 0, 12], ""acc"": 1.3, ""vel"": 24.84, ""pos"": 33.1, ""error"": 0.024227849999899576}]]"
1.3,24.86,33.5,1.3,24.86,78.3,1.3,24.86,33.5,3,"[{""pair"": [1, 0, 1, 3], ""acc"": 1.3, ""vel"": 24.86, ""pos"": 33.5, ""error"": 0.024567849999900915}]","[[{""pair"": [3, 0, 1, 3], ""acc"": 1.3, ""vel"": 24.86, ""pos"": 27.1, ""error"": 6.4245678499998995}], [{""pair"": [3, 0, 2, 3], ""acc"": 1.3, ""vel"": 24.86, ""pos"": 78.3, ""error"": 44.77963215000008}], [{""pair"": [1, 0, 1, 3], ""acc"": 1.3, ""vel"": 24.86, ""pos"": 33.5, ""error"": 0.024567849999900915}], [{""pair"": [1, 0, 2, 3], ""acc"": 1.3, ""vel"": 24.86, ""pos"": 84.7, ""error"": 51.17963215000009}]]"
1.3,24.88,33.9,1.3,35.12,136.3,1.3,24.88,33.9,3,"[{""pair"": [0, 3, 1, 4], ""acc"": 1.3, ""vel"": 24.88, ""pos"": 33.9, ""error"": 0.002873599999539067}]","[[{""pair"": [3, 3, 0, 4], ""acc"": 1.3, ""vel"": 14.64, ""pos"": 136.3, ""error"": 112.64287359999955}], [{""pair"": [3, 3, 1, 4], ""acc"": 1.3, ""vel"": 35.12, ""pos"": 33.9, ""error"": 10.241273599999484}], [{""pair"": [3, 3, 2, 4], ""acc"": 1.3, ""vel"": 35.12, ""pos"": 136.3, ""error"": 112.6412735999995}], [{""pair"": [0, 3, 0, 4], ""acc"": 1.3, ""vel"": 4.4, ""pos"": 136.3, ""error"": 122.88287359999956}], [{""pair"": [0, 3, 1, 4], ""acc"": 1.3, ""vel"": 24.88, ""pos"": 33.9, ""error"": 0.002873599999539067}], [{""pair"": [0, 3, 2, 4], ""acc"": 1.3, ""vel"": 24.88, ""pos"": 136.3, ""error"": 102.40287359999955}]]"
1.3,24.9,34.300000000000004,1.3,24.9,1672.6,1.3,24.9,34.3,3,"[{""pair"": [1, 8, 2, 10], ""acc"": 1.3, ""vel"": 24.9, ""pos"": 34.3, ""error"": 0.025247849999896488}]","[[{""pair"": [3, 8, 1, 9], ""acc"": 1.3, ""vel"": 24.91, ""pos"": 1672.6, ""error"": 1638.28475215}], [{""pair"": [3, 8, 2, 9], ""acc"": 1.3, ""vel"": 24.9, ""pos"": 1672.6, ""error"": 1638.27895215}], [{""pair"": [3, 10, 1, 8], ""acc"": 1.3, ""vel"": 24.9, ""pos"": 34.2, ""error"": 0.1252478499998908}], [{""pair"": [0, 8, 1, 9], ""acc"": 1.5, ""vel"": 24.91, ""pos"": 1672.6, ""error"": 1638.28475215}], [{""pair"": [0, 8, 2, 9], ""acc"": 1.5, ""vel"": 24.9, ""pos"": 1672.6, ""error"": 1638.27895215}], [{""pair"": [1, 8, 2, 10], ""acc"": 1.3, ""vel"": 24.9, ""pos"": 34.3, ""error"": 0.025247849999896488}], [{""pair"": [2, 8, 1, 9], ""acc"": 1.3, ""vel"": 24.91, ""pos"": 1672.6, ""error"": 1638.28475215}], [{""pair"": [2, 8, 2, 9], ""acc"": 1.3, ""vel"": 24.9, ""pos"": 1672.6, ""error"": 1638.27895215}]]"
1.4,24.93,34.7,1.5,24.89,34.7,1.4,24.93,34.7,3,"[{""pair"": [0, 7, 1, 11], ""acc"": 1.4, ""vel"": 24.93, ""pos"": 34.7, ""error"": 0.03138784999990207}]","[[{""pair"": [3, 7, 3, 11], ""acc"": 1.5, ""vel"": 24.89, ""pos"": 34.7, ""error"": 0.055587849999888306}], [{""pair"": [3, 7, 0, 11], ""acc"": 3.1, ""vel"": 24.89, ""pos"": 34.7, ""error"": 0.055587849999888306}], [{""pair"": [3, 7, 1, 11], ""acc"": 1.5, ""vel"": 24.93, ""pos"": 34.7, ""error"": 0.03138784999990207}], [{""pair"": [3, 11, 0, 7], ""acc"": 1.4, ""vel"": 24.89, ""pos"": 34.7, ""error"": 0.055587849999888306}], [{""pair"": [0, 7, 0, 11], ""acc"": 3.0, ""vel"": 24.89, ""pos"": 34.7, ""error"": 0.055587849999888306}], [{""pair"": [0, 7, 1, 11], ""acc"": 1.4, ""vel"": 24.93, ""pos"": 34.7, ""error"": 0.03138784999990207}]]"
1.5,24.95,35.1,1.5,24.95,33.5,1.3,24.95,35.1,3,"[{""pair"": [0, 8, 2, 14], ""acc"": 1.3, ""vel"": 24.95, ""pos"": 35.1, ""error"": 0.0033408000008812166}]","[[{""pair"": [3, 8, 3, 14], ""acc"": 1.5, ""vel"": 24.95, ""pos"": 33.5, ""error"": 1.6014591999990166}], [{""pair"": [3, 8, 0, 14], ""acc"": 14.3, ""vel"": 24.95, ""pos"": 33.5, ""error"": 1.6014591999990166}], [{""pair"": [3, 8, 2, 14], ""acc"": 1.5, ""vel"": 24.95, ""pos"": 35.1, ""error"": 0.0033408000008812166}], [{""pair"": [3, 14, 0, 8], ""acc"": 1.3, ""vel"": 24.95, ""pos"": 33.5, ""error"": 1.6014591999990166}], [{""pair"": [3, 14, 2, 8], ""acc"": 1.5, ""vel"": 24.95, ""pos"": 33.5, ""error"": 1.6014591999990166}], [{""pair"": [0, 8, 0, 14], ""acc"": 14.1, ""vel"": 24.95, ""pos"": 33.5, ""error"": 1.6014591999990166}], [{""pair"": [0, 8, 2, 14], ""acc"": 1.3, ""vel"": 24.95, ""pos"": 35.1, ""error"": 0.0033408000008812166}], [{""pair"": [2, 8, 0, 14], ""acc"": 14.3, ""vel"": 24.95, ""pos"": 33.5, ""error"": 1.6014591999990166}], [{""pair"": [2, 8, 2, 14], ""acc"": 1.5, ""vel"": 24.95, ""pos"": 35.1, ""error"": 0.0033408000008812166}]]"
1.5,24.98,35.5,1.5,35.38,35.5,1.5,24.98,35.5,3,"[{""pair"": [0, 3, 1, 13], ""acc"": 1.5, ""vel"": 24.98, ""pos"": 35.5, ""error"": 0.032237849999908974}]","[[{""pair"": [3, 3, 3, 13], ""acc"": 1.5, ""vel"": 35.38, ""pos"": 35.5, ""error"": 10.432237849999911}], [{""pair"": [3, 3, 1, 13], ""acc"": 1.5, ""vel"": 35.22, ""pos"": 35.5, ""error"": 10.272237849999907}], [{""pair"": [3, 13, 0, 3], ""acc"": 1.5, ""vel"": 25.14, ""pos"": 35.5, ""error"": 0.19223784999990912}], [{""pair"": [0, 3, 1, 13], ""acc"": 1.5, ""vel"": 24.98, ""pos"": 35.5, ""error"": 0.032237849999908974}]]"
1.6,25.01,36.0,0.0,25.01,36.0,1.6,25.01,36.0,3,"[{""pair"": [3, 13, 0, 11], ""acc"": 1.6, ""vel"": 25.01, ""pos"": 36.0, ""error"": 0.07962325000011106}]","[[{""pair"": [3, 13, 0, 11], ""acc"": 1.6, ""vel"": 25.01, ""pos"": 36.0, ""error"": 0.07962325000011106}], [{""pair"": [3, 13, 2, 11], ""acc"": 0.0, ""vel"": 25.01, ""pos"": 36.2, ""error"": 0.2796232500001139}], [{""pair"": [0, 11, 2, 13], ""acc"": 1.6, ""vel"": 25.01, ""pos"": 35.2, ""error"": 0.7293767499999007}], [{""pair"": [2, 11, 2, 13], ""acc"": 0.0, ""vel"": 25.01, ""pos"": 35.4, ""error"": 0.5293767499999049}]]"
1.6,25.03,36.4,1.6,25.03,36.4,1.6,25.03,36.4,3,"[{""pair"": [3, 2, 3, 5], ""acc"": 1.6, ""vel"": 25.03, ""pos"": 36.4, ""error"": 0.0059648000005232404}]","[[{""pair"": [3, 2, 3, 5], ""acc"": 1.6, ""vel"": 25.03, ""pos"": 36.4, ""error"": 0.0059648000005232404}], [{""pair"": [3, 5, 0, 2], ""acc"": 1.6, ""vel"": 30.15, ""pos"": 36.4, ""error"": 5.114764800000454}], [{""pair"": [3, 5, 2, 2], ""acc"": 1.6, ""vel"": 25.03, ""pos"": 36.4, ""error"": 0.0059648000005232404}]]"
1.5,25.06,36.8,1.1,25.06,37.6,1.1,25.06,36.8,3,"[{""pair"": [3, 9, 2, 13], ""acc"": 1.1, ""vel"": 25.06, ""pos"": 36.8, ""error"": 0.028541199999903455}]","[[{""pair"": [3, 9, 3, 13], ""acc"": 1.1, ""vel"": 25.06, ""pos"": 37.6, ""error"": 0.7770588000001091}], [{""pair"": [3, 9, 2, 13], ""acc"": 1.1, ""vel"": 25.06, ""pos"": 36.8, ""error"": 0.028541199999903455}], [{""pair"": [3, 13, 0, 9], ""acc"": 1.5, ""vel"": 25.06, ""pos"": 37.6, ""error"": 0.7770588000001091}], [{""pair"": [3, 13, 1, 9], ""acc"": 1.1, ""vel"": 25.07, ""pos"": 37.6, ""error"": 0.7870588000001106}], [{""pair"": [3, 13, 2, 9], ""acc"": 1.1, ""vel"": 25.06, ""pos"": 37.6, ""error"": 0.7770588000001091}], [{""pair"": [0, 9, 2, 13], ""acc"": 1.5, ""vel"": 25.06, ""pos"": 36.8, ""error"": 0.028541199999903455}], [{""pair"": [1, 9, 2, 13], ""acc"": 1.1, ""vel"": 25.07, ""pos"": 36.8, ""error"": 0.03854119999990502}], [{""pair"": [2, 9, 2, 13], ""acc"": 1.1, ""vel"": 25.06, ""pos"": 36.8, ""error"": 0.028541199999903455}]]"
1.4,25.08,37.2,1.4,25.08,37.4,1.4,25.08,37.2,3,"[{""pair"": [3, 8, 2, 11], ""acc"": 1.4, ""vel"": 25.08, ""pos"": 37.2, ""error"": 0.02747894999989242}]","[[{""pair"": [3, 8, 1, 11], ""acc"": 1.4, ""vel"": 25.04, ""pos"": 37.4, ""error"": 0.21252105000010246}], [{""pair"": [3, 8, 2, 11], ""acc"": 1.4, ""vel"": 25.08, ""pos"": 37.2, ""error"": 0.02747894999989242}], [{""pair"": [1, 8, 1, 11], ""acc"": 1.4, ""vel"": 25.04, ""pos"": 1675.8, ""error"": 1638.6125210500002}], [{""pair"": [1, 8, 2, 11], ""acc"": 1.4, ""vel"": 25.08, ""pos"": 1675.6, ""error"": 1638.37512105}], [{""pair"": [2, 8, 1, 11], ""acc"": 1.4, ""vel"": 25.04, ""pos"": 37.4, ""error"": 0.21252105000010246}], [{""pair"": [2, 8, 2, 11], ""acc"": 1.4, ""vel"": 25.08, ""pos"": 37.2, ""error"": 0.02747894999989242}]]"
1.4,25.1,37.6,1.4,22.52,37.6,1.4,25.1,37.6,3,"[{""pair"": [0, 1, 1, 10], ""acc"": 1.4, ""vel"": 25.1, ""pos"": 37.6, ""error"": 0.0038592000005124305}]","[[{""pair"": [3, 1, 1, 10], ""acc"": 1.4, ""vel"": 22.54, ""pos"": 37.6, ""error"": 2.5638592000005147}], [{""pair"": [3, 1, 2, 10], ""acc"": 1.4, ""vel"": 22.52, ""pos"": 37.7, ""error"": 2.6809407999995365}], [{""pair"": [0, 1, 1, 10], ""acc"": 1.4, ""vel"": 25.1, ""pos"": 37.6, ""error"": 0.0038592000005124305}], [{""pair"": [0, 1, 2, 10], ""acc"": 1.4, ""vel"": 25.08, ""pos"": 37.7, ""error"": 0.12094079999953777}], [{""pair"": [1, 1, 1, 10], ""acc"": 1.4, ""vel"": 22.54, ""pos"": 50.4, ""error"": 15.360940799999533}], [{""pair"": [1, 1, 2, 10], ""acc"": 1.4, ""vel"": 22.52, ""pos"": 50.5, ""error"": 15.480940799999534}], [{""pair"": [2, 1, 1, 10], ""acc"": 1.4, ""vel"": 22.54, ""pos"": 37.6, ""error"": 2.5638592000005147}], [{""pair"": [2, 1, 2, 10], ""acc"": 1.4, ""vel"": 22.52, ""pos"": 37.7, ""error"": 2.6809407999995365}]]"
1.3,25.12,38.0,1.3,25.12,89.2,1.3,25.12,38.0,3,"[{""pair"": [1, 3, 2, 8], ""acc"": 1.3, ""vel"": 25.12, ""pos"": 38.0, ""error"": 0.03070229999989138}]","[[{""pair"": [1, 3, 2, 8], ""acc"": 1.3, ""vel"": 25.12, ""pos"": 38.0, ""error"": 0.03070229999989138}], [{""pair"": [2, 3, 2, 8], ""acc"": 1.3, ""vel"": 25.12, ""pos"": 89.2, ""error"": 51.1768977000001}]]"
1.3,25.14,38.5,1.3,25.14,140.9,1.3,25.14,38.5,3,"[{""pair"": [3, 3, 1, 4], ""acc"": 1.3, ""vel"": 25.14, ""pos"": 38.5, ""error"": 0.07487215000009328}]","[[{""pair"": [3, 3, 0, 4], ""acc"": 1.3, ""vel"": 4.66, ""pos"": 140.9, ""error"": 122.95487215000011}], [{""pair"": [3, 3, 1, 4], ""acc"": 1.3, ""vel"": 25.14, ""pos"": 38.5, ""error"": 0.07487215000009328}], [{""pair"": [3, 3, 2, 4], ""acc"": 1.3, ""vel"": 25.14, ""pos"": 140.9, ""error"": 102.47487215000011}], [{""pair"": [2, 3, 0, 4], ""acc"": 1.3, ""vel"": 4.66, ""pos"": 140.9, ""error"": 122.95487215000011}], [{""pair"": [2, 3, 1, 4], ""acc"": 1.3, ""vel"": 25.14, ""pos"": 38.5, ""error"": 0.07487215000009328}], [{""pair"": [2, 3, 2, 4], ""acc"": 1.3, ""vel"": 25.14, ""pos"": 140.9, ""error"": 102.47487215000011}]]"
1.2000000000000002,25.16,38.900000000000006,1.2,25.16,91.7,1.2,25.16,38.9,3,"[{""pair"": [1, 3, 2, 14], ""acc"": 1.2, ""vel"": 25.16, ""pos"": 38.9, ""error"": 0.003206400000514975}]","[[{""pair"": [3, 14, 1, 3], ""acc"": 1.2, ""vel"": 25.16, ""pos"": 40.5, ""error"": 1.5983935999995396}], [{""pair"": [3, 14, 2, 3], ""acc"": 1.2, ""vel"": 25.16, ""pos"": 91.7, ""error"": 52.79839359999954}], [{""pair"": [1, 3, 2, 14], ""acc"": 1.2, ""vel"": 25.16, ""pos"": 38.9, ""error"": 0.003206400000514975}], [{""pair"": [2, 3, 2, 14], ""acc"": 1.2, ""vel"": 25.16, ""pos"": 90.1, ""error"": 51.198393599999534}]]"
1.2000000000000002,25.18,39.3,1.2,22.62,244.1,1.2,25.18,39.3,3,"[{""pair"": [0, 1, 1, 5], ""acc"": 1.2, ""vel"": 25.18, ""pos"": 39.3, ""error"": 0.028293399999892443}]","[[{""pair"": [3, 1, 1, 5], ""acc"": 1.2, ""vel"": 22.62, ""pos"": 39.3, ""error"": 2.588293399999891}], [{""pair"": [0, 1, 1, 5], ""acc"": 1.2, ""vel"": 25.18, ""pos"": 39.3, ""error"": 0.028293399999892443}], [{""pair"": [2, 1, 1, 5], ""acc"": 1.2, ""vel"": 22.62, ""pos"": 39.3, ""error"": 2.588293399999891}]]"
1.2000000000000002,25.2,39.7,1.2,25.2,116.5,1.2,25.2,39.7,3,"[{""pair"": [1, 2, 1, 4], ""acc"": 1.2, ""vel"": 25.2, ""pos"": 39.7, ""error"": 0.028633399999886677}]","[[{""pair"": [2, 3, 2, 2], ""acc"": 1.2, ""vel"": 25.2, ""pos"": 116.5, ""error"": 76.7721666000001}], [{""pair"": [3, 2, 0, 4], ""acc"": 1.2, ""vel"": 4.72, ""pos"": 116.5, ""error"": 97.2521666000001}], [{""pair"": [3, 2, 1, 4], ""acc"": 1.2, ""vel"": 25.2, ""pos"": 14.1, ""error"": 25.628633399999888}], [{""pair"": [3, 2, 2, 4], ""acc"": 1.2, ""vel"": 25.2, ""pos"": 116.5, ""error"": 76.7721666000001}], [{""pair"": [0, 2, 0, 4], ""acc"": 1.2, ""vel"": 9.84, ""pos"": 116.5, ""error"": 92.1321666000001}], [{""pair"": [0, 2, 1, 4], ""acc"": 1.2, ""vel"": 30.32, ""pos"": 14.1, ""error"": 30.747833399999898}], [{""pair"": [0, 2, 2, 4], ""acc"": 1.2, ""vel"": 30.32, ""pos"": 116.5, ""error"": 81.89136660000011}], [{""pair"": [1, 2, 0, 4], ""acc"": 1.2, ""vel"": 4.72, ""pos"": 142.1, ""error"": 122.85216660000009}], [{""pair"": [1, 2, 1, 4], ""acc"": 1.2, ""vel"": 25.2, ""pos"": 39.7, ""error"": 0.028633399999886677}], [{""pair"": [1, 2, 2, 4], ""acc"": 1.2, ""vel"": 25.2, ""pos"": 142.1, ""error"": 102.3721666000001}]]"
1.1,25.22,40.2,1.1,25.22,142.6,1.0,25.22,40.2,3,"[{""pair"": [1, 4, 0, 7], ""acc"": 1.0, ""vel"": 25.22, ""pos"": 40.2, ""error"": 0.0974463999994839}]","[[{""pair"": [3, 4, 0, 7], ""acc"": 1.0, ""vel"": 25.22, ""pos"": 142.6, ""error"": 102.49744639999946}], [{""pair"": [3, 4, 2, 7], ""acc"": 1.1, ""vel"": 25.22, ""pos"": 142.6, ""error"": 102.49744639999946}], [{""pair"": [0, 4, 0, 7], ""acc"": 1.0, ""vel"": 4.74, ""pos"": 142.6, ""error"": 122.97584639999951}], [{""pair"": [0, 4, 2, 7], ""acc"": 1.1, ""vel"": 4.74, ""pos"": 142.6, ""error"": 122.97584639999951}], [{""pair"": [1, 4, 0, 7], ""acc"": 1.0, ""vel"": 25.22, ""pos"": 40.2, ""error"": 0.0974463999994839}], [{""pair"": [1, 4, 2, 7], ""acc"": 1.1, ""vel"": 25.22, ""pos"": 40.2, ""error"": 0.0974463999994839}], [{""pair"": [2, 4, 0, 7], ""acc"": 1.0, ""vel"": 25.22, ""pos"": 142.6, ""error"": 102.49744639999946}], [{""pair"": [2, 4, 2, 7], ""acc"": 1.1, ""vel"": 25.22, ""pos"": 142.6, ""error"": 102.49744639999946}]]"
1.1,25.24,40.6,1.1,25.24,40.7,1.1,25.24,40.6,3,"[{""pair"": [3, 8, 2, 10], ""acc"": 1.1, ""vel"": 25.24, ""pos"": 40.6, ""error"": 0.03188449999990084}]","[[{""pair"": [3, 9, 0, 8], ""acc"": 0.9, ""vel"": 25.24, ""pos"": 40.7, ""error"": 0.07411550000010791}], [{""pair"": [3, 8, 0, 10], ""acc"": 0.3, ""vel"": 25.24, ""pos"": 40.7, ""error"": 0.07411550000010791}], [{""pair"": [3, 8, 2, 10], ""acc"": 1.1, ""vel"": 25.24, ""pos"": 40.6, ""error"": 0.03188449999990084}], [{""pair"": [1, 8, 0, 10], ""acc"": 0.3, ""vel"": 25.24, ""pos"": 1679.1, ""error"": 1638.4741155}], [{""pair"": [1, 8, 2, 10], ""acc"": 1.1, ""vel"": 25.24, ""pos"": 1679.0, ""error"": 1638.3741155}], [{""pair"": [2, 8, 0, 10], ""acc"": 0.3, ""vel"": 25.24, ""pos"": 40.7, ""error"": 0.07411550000010791}], [{""pair"": [2, 8, 2, 10], ""acc"": 1.1, ""vel"": 25.24, ""pos"": 40.6, ""error"": 0.03188449999990084}]]"
1.1,25.26,41.0,1.1,25.26,41.0,1.1,25.26,41.0,3,"[{""pair"": [3, 3, 3, 14], ""acc"": 1.1, ""vel"": 25.26, ""pos"": 41.0, ""error"": 0.030538949999908027}]","[[{""pair"": [3, 3, 3, 14], ""acc"": 1.1, ""vel"": 25.26, ""pos"": 41.0, ""error"": 0.030538949999908027}], [{""pair"": [3, 3, 2, 14], ""acc"": 1.1, ""vel"": 25.26, ""pos"": 39.4, ""error"": 1.6305389499999094}], [{""pair"": [3, 14, 0, 3], ""acc"": 1.1, ""vel"": 35.5, ""pos"": 41.0, ""error"": 10.270538949999906}], [{""pair"": [3, 14, 1, 3], ""acc"": 1.1, ""vel"": 25.26, ""pos"": 92.2, ""error"": 51.17206105000011}], [{""pair"": [3, 14, 2, 3], ""acc"": 1.1, ""vel"": 25.26, ""pos"": 41.0, ""error"": 0.030538949999908027}], [{""pair"": [0, 3, 2, 14], ""acc"": 1.1, ""vel"": 35.5, ""pos"": 39.4, ""error"": 11.870538949999908}], [{""pair"": [1, 3, 2, 14], ""acc"": 1.1, ""vel"": 25.26, ""pos"": 90.6, ""error"": 49.5720610500001}], [{""pair"": [2, 3, 2, 14], ""acc"": 1.1, ""vel"": 25.26, ""pos"": 39.4, ""error"": 1.6305389499999094}]]"
1.1,25.27,41.400000000000006,1.1,25.27,41.4,0.9,25.27,41.4,3,"[{""pair"": [2, 5, 0, 8], ""acc"": 0.9, ""vel"": 25.27, ""pos"": 41.4, ""error"": 0.01190079999901883}]","[[{""pair"": [3, 8, 0, 5], ""acc"": 1.1, ""vel"": 66.23, ""pos"": 41.4, ""error"": 40.9567007999991}], [{""pair"": [3, 8, 1, 5], ""acc"": 1.1, ""vel"": 25.27, ""pos"": 246.2, ""error"": 204.8032992000009}], [{""pair"": [3, 8, 2, 5], ""acc"": 1.1, ""vel"": 25.27, ""pos"": 41.4, ""error"": 0.01190079999901883}], [{""pair"": [0, 5, 0, 8], ""acc"": 0.9, ""vel"": 66.23, ""pos"": 41.4, ""error"": 40.9567007999991}], [{""pair"": [0, 5, 2, 8], ""acc"": 1.1, ""vel"": 66.23, ""pos"": 41.4, ""error"": 40.9567007999991}], [{""pair"": [1, 5, 0, 8], ""acc"": 0.9, ""vel"": 25.27, ""pos"": 246.2, ""error"": 204.8032992000009}], [{""pair"": [1, 5, 2, 8], ""acc"": 1.1, ""vel"": 25.27, ""pos"": 246.2, ""error"": 204.8032992000009}], [{""pair"": [2, 5, 0, 8], ""acc"": 0.9, ""vel"": 25.27, ""pos"": 41.4, ""error"": 0.01190079999901883}], [{""pair"": [2, 5, 2, 8], ""acc"": 1.1, ""vel"": 25.27, ""pos"": 41.4, ""error"": 0.01190079999901883}]]"
1.0,25.29,41.8,1.0,35.53,41.8,0.9,25.3,42.3,0,"[{""pair"": [0, 0, 0, 0], ""acc"": 0.9, ""vel"": 25.3, ""pos"": 42.3, ""error"": 0}]",[]
1.0,25.32,42.7,1.0,25.28,42.6,1.0,25.32,42.7,1,"[{""pair"": [1, 11, 2, 10], ""acc"": 1.0, ""vel"": 25.32, ""pos"": 42.7, ""error"": 0.010515200000472902}, {""pair"": [3, 11, 2, 10], ""acc"": 1.0, ""vel"": 25.28, ""pos"": 42.7, ""error"": 0.03931520000050526}, {""pair"": [0, 11, 2, 10], ""acc"": 2.6, ""vel"": 25.28, ""pos"": 42.7, ""error"": 0.03931520000050526}, {""pair"": [3, 11, 1, 10], ""acc"": 1.0, ""vel"": 25.3, ""pos"": 42.6, ""error"": 0.1193152000005071}, {""pair"": [0, 11, 1, 10], ""acc"": 2.6, ""vel"": 25.3, ""pos"": 42.6, ""error"": 0.1193152000005071}, {""pair"": [1, 11, 1, 10], ""acc"": 1.0, ""vel"": 25.34, ""pos"": 42.6, ""error"": 0.1305152000004739}, {""pair"": [3, 12, 0, 10], ""acc"": 0.2, ""vel"": 25.28, ""pos"": 42.6, ""error"": 0.13931520000050668}, {""pair"": [3, 10, 3, 12], ""acc"": 1.0, ""vel"": 25.28, ""pos"": 42.6, ""error"": 0.13931520000050668}, {""pair"": [0, 10, 0, 12], ""acc"": 3.4, ""vel"": 25.28, ""pos"": 42.6, ""error"": 0.13931520000050668}, {""pair"": [3, 10, 0, 12], ""acc"": 4.2, ""vel"": 25.28, ""pos"": 42.6, ""error"": 0.13931520000050668}, {""pair"": [0, 10, 1, 12], ""acc"": 0.2, ""vel"": 25.36, ""pos"": 42.6, ""error"": 0.15051520000047347}, {""pair"": [3, 10, 1, 12], ""acc"": 1.0, ""vel"": 25.36, ""pos"": 42.6, ""error"": 0.15051520000047347}, {""pair"": [0, 10, 2, 12], ""acc"": 0.2, ""vel"": 25.28, ""pos"": 43.0, ""error"": 0.3294847999995234}, {""pair"": [3, 10, 2, 12], ""acc"": 1.0, ""vel"": 25.28, ""pos"": 43.0, ""error"": 0.3294847999995234}]","[[{""pair"": [3, 10, 3, 12], ""acc"": 1.0, ""vel"": 25.28, ""pos"": 42.6, ""error"": 0.13931520000050668}], [{""pair"": [3, 11, 1, 10], ""acc"": 1.0, ""vel"": 25.3, ""pos"": 42.6, ""error"": 0.1193152000005071}], [{""pair"": [3, 11, 2, 10], ""acc"": 1.0, ""vel"": 25.28, ""pos"": 42.7, ""error"": 0.03931520000050526}], [{""pair"": [0, 11, 1, 10], ""acc"": 2.6, ""vel"": 25.3, ""pos"": 42.6, ""error"": 0.1193152000005071}], [{""pair"": [0, 11, 2, 10], ""acc"": 2.6, ""vel"": 25.28, ""pos"": 42.7, ""error"": 0.03931520000050526}], [{""pair"": [1, 11, 1, 10], ""acc"": 1.0, ""vel"": 25.34, ""pos"": 42.6, ""error"": 0.1305152000004739}], [{""pair"": [1, 11, 2, 10], ""acc"": 1.0, ""vel"": 25.32, ""pos"": 42.7, ""error"": 0.010515200000472902}], [{""pair"": [3, 10, 0, 12], ""acc"": 4.2, ""vel"": 25.28, ""pos"": 42.6, ""error"": 0.13931520000050668}], [{""pair"": [3, 10, 1, 12], ""acc"": 1.0, ""vel"": 25.36, ""pos"": 42.6, ""error"": 0.15051520000047347}], [{""pair"": [3, 10, 2, 12], ""acc"": 1.0, ""vel"": 25.28, ""pos"": 43.0, ""error"": 0.3294847999995234}], [{""pair"": [3, 12, 0, 10], ""acc"": 0.2, ""vel"": 25.28, ""pos"": 42.6, ""error"": 0.13931520000050668}], [{""pair"": [0, 10, 0, 12], ""acc"": 3.4, ""vel"": 25.28, ""pos"": 42.6, ""error"": 0.13931520000050668}], [{""pair"": [0, 10, 1, 12], ""acc"": 0.2, ""vel"": 25.36, ""pos"": 42.6, ""error"": 0.15051520000047347}], [{""pair"": [0, 10, 2, 12], ""acc"": 0.2, ""vel"": 25.28, ""pos"": 43.0, ""error"": 0.3294847999995234}]]"
1.0,25.34,43.1,1.0,25.34,94.3,1.0,25.34,43.1,2,"[{""pair"": [3, 4, 1, 3], ""acc"": 1.0, ""vel"": 25.34, ""pos"": 43.1, ""error"": 0.03358449999990043}, {""pair"": [3, 3, 3, 4], ""acc"": 1.0, ""vel"": 25.34, ""pos"": 94.3, ""error"": 50.91309550000011}, {""pair"": [3, 2, 0, 2], ""acc"": 1.0, ""vel"": 30.46, ""pos"": 94.3, ""error"": 56.03309550000011}, {""pair"": [1, 3, 1, 4], ""acc"": 1.0, ""vel"": 25.34, ""pos"": 145.5, ""error"": 102.11309550000011}, {""pair"": [3, 3, 1, 4], ""acc"": 1.0, ""vel"": 25.34, ""pos"": 196.7, ""error"": 153.3130955000001}]","[[{""pair"": [3, 3, 3, 4], ""acc"": 1.0, ""vel"": 25.34, ""pos"": 94.3, ""error"": 51.1724155000001}, {""pair"": [3, 3, 3, 4], ""acc"": 1.0, ""vel"": 25.34, ""pos"": 94.3, ""error"": 51.21309550000011}, {""pair"": [3, 3, 3, 4], ""acc"": 1.0, ""vel"": 25.34, ""pos"": 94.3, ""error"": 51.18566430000011}, {""pair"": [3, 3, 3, 4], ""acc"": 1.0, ""vel"": 25.34, ""pos"": 94.3, ""error"": 51.292755500000105}, {""pair"": [3, 3, 3, 4], ""acc"": 1.0, ""vel"": 25.34, ""pos"": 94.3, ""error"": 51.27372430000009}, {""pair"": [3, 3, 3, 4], ""acc"": 1.0, ""vel"": 25.34, ""pos"": 94.3, ""error"": 51.286075500000095}, {""pair"": [3, 3, 3, 4], ""acc"": 1.0, ""vel"": 25.34, ""pos"": 94.3, ""error"": 51.3268111000001}, {""pair"": [3, 3, 3, 4], ""acc"": 1.0, ""vel"": 25.34, ""pos"": 94.3, ""error"": 51.3130955000001}, {""pair"": [3, 3, 3, 4], ""acc"": 1.0, ""vel"": 25.34, ""pos"": 94.3, ""error"": 51.27194870000011}, {""pair"": [3, 3, 3, 4], ""acc"": 1.0, ""vel"": 25.34, ""pos"": 94.3, ""error"": 51.28103310000009}, {""pair"": [3, 3, 3, 4], ""acc"": 1.0, ""vel"": 25.34, ""pos"": 94.3, ""error"": 51.2922511000001}, {""pair"": [3, 3, 3, 4], ""acc"": 1.0, ""vel"": 25.34, ""pos"": 94.3, ""error"": 51.3057355000001}, {""pair"": [3, 3, 3, 4], ""acc"": 1.0, ""vel"": 25.34, ""pos"": 94.3, ""error"": 50.92681110000011}, {""pair"": [3, 3, 3, 4], ""acc"": 1.0, ""vel"": 25.34, ""pos"": 94.3, ""error"": 50.91309550000011}], [{""pair"": [3, 3, 1, 4], ""acc"": 1.0, ""vel"": 25.34, ""pos"": 196.7, ""error"": 153.57241550000012}, {""pair"": [3, 3, 1, 4], ""acc"": 1.0, ""vel"": 25.34, ""pos"": 196.7, ""error"": 153.6130955000001}, {""pair"": [3, 3, 1, 4], ""acc"": 1.0, ""vel"": 25.34, ""pos"": 196.7, ""error"": 153.5856643000001}, {""pair"": [3, 3, 1, 4], ""acc"": 1.0, ""vel"": 25.34, ""pos"": 196.7, ""error"": 153.6927555000001}, {""pair"": [3, 3, 1, 4], ""acc"": 1.0, ""vel"": 25.34, ""pos"": 196.7, ""error"": 153.6737243000001}, {""pair"": [3, 3, 1, 4], ""acc"": 1.0, ""vel"": 25.34, ""pos"": 196.7, ""error"": 153.68607550000007}, {""pair"": [3, 3, 1, 4], ""acc"": 1.0, ""vel"": 25.34, ""pos"": 196.7, ""error"": 153.7268111000001}, {""pair"": [3, 3, 1, 4], ""acc"": 1.0, ""vel"": 25.34, ""pos"": 196.7, ""error"": 153.7130955000001}, {""pair"": [3, 3, 1, 4], ""acc"": 1.0, ""vel"": 25.34, ""pos"": 196.7, ""error"": 153.67194870000012}, {""pair"": [3, 3, 1, 4], ""acc"": 1.0, ""vel"": 25.34, ""pos"": 196.7, ""error"": 153.68103310000006}, {""pair"": [3, 3, 1, 4], ""acc"": 1.0, ""vel"": 25.34, ""pos"": 196.7, ""error"": 153.6922511000001}, {""pair"": [3, 3, 1, 4], ""acc"": 1.0, ""vel"": 25.34, ""pos"": 196.7, ""error"": 153.7057355000001}, {""pair"": [3, 3, 1, 4], ""acc"": 1.0, ""vel"": 25.34, ""pos"": 196.7, ""error"": 153.3268111000001}, {""pair"": [3, 3, 1, 4], ""acc"": 1.0, ""vel"": 25.34, ""pos"": 196.7, ""error"": 153.3130955000001}], [{""pair"": [3, 3, 2, 4], ""acc"": 1.0, ""vel"": 25.34, ""pos"": 94.3, ""error"": 51.1724155000001}, {""pair"": [3, 3, 2, 4], ""acc"": 1.0, ""vel"": 25.34, ""pos"": 94.3, ""error"": 51.21309550000011}, {""pair"": [3, 3, 2, 4], ""acc"": 1.0, ""vel"": 25.34, ""pos"": 94.3, ""error"": 51.18566430000011}, {""pair"": [3, 3, 2, 4], ""acc"": 1.0, ""vel"": 25.34, ""pos"": 94.3, ""error"": 51.292755500000105}, {""pair"": [3, 3, 2, 4], ""acc"": 1.0, ""vel"": 25.34, ""pos"": 94.3, ""error"": 51.27372430000009}, {""pair"": [3, 3, 2, 4], ""acc"": 1.0, ""vel"": 25.34, ""pos"": 94.3, ""error"": 51.286075500000095}, {""pair"": [3, 3, 2, 4], ""acc"": 1.0, ""vel"": 25.34, ""pos"": 94.3, ""error"": 51.3268111000001}, {""pair"": [3, 3, 2, 4], ""acc"": 1.0, ""vel"": 25.34, ""pos"": 94.3, ""error"": 51.3130955000001}, {""pair"": [3, 3, 2, 4], ""acc"": 1.0, ""vel"": 25.34, ""pos"": 94.3, ""error"": 51.27194870000011}, {""pair"": [3, 3, 2, 4], ""acc"": 1.0, ""vel"": 25.34, ""pos"": 94.3, ""error"": 51.28103310000009}, {""pair"": [3, 3, 2, 4], ""acc"": 1.0, ""vel"": 25.34, ""pos"": 94.3, ""error"": 51.2922511000001}, {""pair"": [3, 3, 2, 4], ""acc"": 1.0, ""vel"": 25.34, ""pos"": 94.3, ""error"": 51.3057355000001}, {""pair"": [3, 3, 2, 4], ""acc"": 1.0, ""vel"": 25.34, ""pos"": 94.3, ""error"": 50.92681110000011}, {""pair"": [3, 3, 2, 4], ""acc"": 1.0, ""vel"": 25.34, ""pos"": 94.3, ""error"": 50.91309550000011}], [{""pair"": [3, 4, 1, 3], ""acc"": 1.0, ""vel"": 25.34, ""pos"": 43.1, ""error"": 0.03358449999990043}, {""pair"": [3, 4, 1, 3], ""acc"": 1.0, ""vel"": 25.34, ""pos"": 43.1, ""error"": 0.0729044999998969}, {""pair"": [3, 4, 1, 3], ""acc"": 1.0, ""vel"": 25.34, ""pos"": 43.1, ""error"": 0.04593569999990521}, {""pair"": [3, 4, 1, 3], ""acc"": 1.0, ""vel"": 25.34, ""pos"": 43.1, ""error"": 0.09275550000010924}, {""pair"": [3, 4, 1, 3], ""acc"": 1.0, ""vel"": 25.34, ""pos"": 43.1, ""error"": 0.07372430000009444}, {""pair"": [3, 4, 1, 3], ""acc"": 1.0, ""vel"": 25.34, ""pos"": 43.1, ""error"": 0.08607550000009923}, {""pair"": [3, 4, 1, 3], ""acc"": 1.0, ""vel"": 25.34, ""pos"": 43.1, ""error"": 0.12681110000010776}, {""pair"": [3, 4, 1, 3], ""acc"": 1.0, ""vel"": 25.34, ""pos"": 43.1, ""error"": 0.11309550000011015}, {""pair"": [3, 4, 1, 3], ""acc"": 1.0, ""vel"": 25.34, ""pos"": 43.1, ""error"": 0.07194870000011733}, {""pair"": [3, 4, 1, 3], ""acc"": 1.0, ""vel"": 25.34, ""pos"": 43.1, ""error"": 0.0810331000000879}, {""pair"": [3, 4, 1, 3], ""acc"": 1.0, ""vel"": 25.34, ""pos"": 43.1, ""error"": 0.09225110000010872}, {""pair"": [3, 4, 1, 3], ""acc"": 1.0, ""vel"": 25.34, ""pos"": 43.1, ""error"": 0.10573550000010457}, {""pair"": [3, 4, 1, 3], ""acc"": 1.0, ""vel"": 25.34, ""pos"": 43.1, ""error"": 0.3863888999998899}, {""pair"": [3, 4, 1, 3], ""acc"": 1.0, ""vel"": 25.34, ""pos"": 43.1, ""error"": 0.37290449999989406}], [{""pair"": [3, 2, 0, 2], ""acc"": 1.0, ""vel"": 30.46, ""pos"": 94.3, ""error"": 56.292415500000104}, {""pair"": [3, 2, 0, 2], ""acc"": 1.0, ""vel"": 30.46, ""pos"": 94.3, ""error"": 56.333095500000105}, {""pair"": [3, 2, 0, 2], ""acc"": 1.0, ""vel"": 30.46, ""pos"": 94.3, ""error"": 56.30566430000011}, {""pair"": [3, 2, 0, 2], ""acc"": 1.0, ""vel"": 30.46, ""pos"": 94.3, ""error"": 56.4127555000001}, {""pair"": [3, 2, 0, 2], ""acc"": 1.0, ""vel"": 30.46, ""pos"": 94.3, ""error"": 56.38532430000011}, {""pair"": [3, 2, 0, 2], ""acc"": 1.0, ""vel"": 30.46, ""pos"": 94.3, ""error"": 56.37207550000011}, {""pair"": [3, 2, 0, 2], ""acc"": 1.0, ""vel"": 30.46, ""pos"": 94.3, ""error"": 56.446811100000104}, {""pair"": [3, 2, 0, 2], ""acc"": 1.0, ""vel"": 30.46, ""pos"": 94.3, ""error"": 56.43309550000011}, {""pair"": [3, 2, 0, 2], ""acc"": 1.0, ""vel"": 30.46, ""pos"": 94.3, ""error"": 56.391948700000114}, {""pair"": [3, 2, 0, 2], ""acc"": 1.0, ""vel"": 30.46, ""pos"": 94.3, ""error"": 56.37823310000012}, {""pair"": [3, 2, 0, 2], ""acc"": 1.0, ""vel"": 30.46, ""pos"": 94.3, ""error"": 56.36545110000011}, {""pair"": [3, 2, 0, 2], ""acc"": 1.0, ""vel"": 30.46, ""pos"": 94.3, ""error"": 56.35173550000011}, {""pair"": [3, 2, 0, 2], ""acc"": 1.0, ""vel"": 30.46, ""pos"": 94.3, ""error"": 56.046811100000106}, {""pair"": [3, 2, 0, 2], ""acc"": 1.0, ""vel"": 30.46, ""pos"": 94.3, ""error"": 56.03309550000011}], [{""pair"": [1, 3, 1, 4], ""acc"": 1.0, ""vel"": 25.34, ""pos"": 145.5, ""error"": 102.3724155000001}, {""pair"": [1, 3, 1, 4], ""acc"": 1.0, ""vel"": 25.34, ""pos"": 145.5, ""error"": 102.41309550000011}, {""pair"": [1, 3, 1, 4], ""acc"": 1.0, ""vel"": 25.34, ""pos"": 145.5, ""error"": 102.38566430000012}, {""pair"": [1, 3, 1, 4], ""acc"": 1.0, ""vel"": 25.34, ""pos"": 145.5, ""error"": 102.4927555000001}, {""pair"": [1, 3, 1, 4], ""acc"": 1.0, ""vel"": 25.34, ""pos"": 145.5, ""error"": 102.4737243000001}, {""pair"": [1, 3, 1, 4], ""acc"": 1.0, ""vel"": 25.34, ""pos"": 145.5, ""error"": 102.4860755000001}, {""pair"": [1, 3, 1, 4], ""acc"": 1.0, ""vel"": 25.34, ""pos"": 145.5, ""error"": 102.52681110000012}, {""pair"": [1, 3, 1, 4], ""acc"": 1.0, ""vel"": 25.34, ""pos"": 145.5, ""error"": 102.5130955000001}, {""pair"": [1, 3, 1, 4], ""acc"": 1.0, ""vel"": 25.34, ""pos"": 145.5, ""error"": 102.47194870000013}, {""pair"": [1, 3, 1, 4], ""acc"": 1.0, ""vel"": 25.34, ""pos"": 145.5, ""error"": 102.48103310000008}, {""pair"": [1, 3, 1, 4], ""acc"": 1.0, ""vel"": 25.34, ""pos"": 145.5, ""error"": 102.4922511000001}, {""pair"": [1, 3, 1, 4], ""acc"": 1.0, ""vel"": 25.34, ""pos"": 145.5, ""error"": 102.5057355000001}, {""pair"": [1, 3, 1, 4], ""acc"": 1.0, ""vel"": 25.34, ""pos"": 145.5, ""error"": 102.12681110000011}, {""pair"": [1, 3, 1, 4], ""acc"": 1.0, ""vel"": 25.34, ""pos"": 145.5, ""error"": 102.11309550000011}], [{""pair"": [1, 3, 2, 4], ""acc"": 1.0, ""vel"": 25.34, ""pos"": 43.1, ""error"": 0.03358449999990043}, {""pair"": [1, 3, 2, 4], ""acc"": 1.0, ""vel"": 25.34, ""pos"": 43.1, ""error"": 0.0729044999998969}, {""pair"": [1, 3, 2, 4], ""acc"": 1.0, ""vel"": 25.34, ""pos"": 43.1, ""error"": 0.04593569999990521}, {""pair"": [1, 3, 2, 4], ""acc"": 1.0, ""vel"": 25.34, ""pos"": 43.1, ""error"": 0.09275550000010924}, {""pair"": [1, 3, 2, 4], ""acc"": 1.0, ""vel"": 25.34, ""pos"": 43.1, ""error"": 0.07372430000009444}, {""pair"": [1, 3, 2, 4], ""acc"": 1.0, ""vel"": 25.34, ""pos"": 43.1, ""error"": 0.08607550000009923}, {""pair"": [1, 3, 2, 4], ""acc"": 1.0, ""vel"": 25.34, ""pos"": 43.1, ""error"": 0.12681110000010776}, {""pair"": [1, 3, 2, 4], ""acc"": 1.0, ""vel"": 25.34, ""pos"": 43.1, ""error"": 0.11309550000011015}, {""pair"": [1, 3, 2, 4], ""acc"": 1.0, ""vel"": 25.34, ""pos"": 43.1, ""error"": 0.07194870000011733}, {""pair"": [1, 3, 2, 4], ""acc"": 1.0, ""vel"": 25.34, ""pos"": 43.1, ""error"": 0.0810331000000879}, {""pair"": [1, 3, 2, 4], ""acc"": 1.0, ""vel"": 25.34, ""pos"": 43.1, ""error"": 0.09225110000010872}, {""pair"": [1, 3, 2, 4], ""acc"": 1.0, ""vel"": 25.34, ""pos"": 43.1, ""error"": 0.10573550000010457}, {""pair"": [1, 3, 2, 4], ""acc"": 1.0, ""vel"": 25.34, ""pos"": 43.1, ""error"": 0.3863888999998899}, {""pair"": [1, 3, 2, 4], ""acc"": 1.0, ""vel"": 25.34, ""pos"": 43.1, ""error"": 0.37290449999989406}]]"
1.0,25.36,43.5,1.4,25.36,43.5,1.0,25.36,43.5,3,"[{""pair"": [2, 5, 0, 9], ""acc"": 1.0, ""vel"": 25.36, ""pos"": 43.5, ""error"": 0.03392449999990177}]","[[{""pair"": [3, 9, 0, 5], ""acc"": 1.4, ""vel"": 66.32, ""pos"": 43.5, ""error"": 40.99392449999989}, {""pair"": [3, 9, 0, 5], ""acc"": 1.4, ""vel"": 66.32, ""pos"": 43.5, ""error"": 92.1939244999999}, {""pair"": [3, 9, 0, 5], ""acc"": 1.4, ""vel"": 66.32, ""pos"": 43.5, ""error"": 87.16096449999986}, {""pair"": [3, 9, 0, 5], ""acc"": 1.4, ""vel"": 66.32, ""pos"": 43.5, ""error"": 143.39392449999988}, {""pair"": [3, 9, 0, 5], ""acc"": 1.4, ""vel"": 66.32, ""pos"": 43.5, ""error"": 194.59392449999987}], [{""pair"": [3, 9, 1, 5], ""acc"": 1.4, ""vel"": 25.36, ""pos"": 248.3, ""error"": 204.7720755000001}, {""pair"": [3, 9, 1, 5], ""acc"": 1.4, ""vel"": 25.36, ""pos"": 248.3, ""error"": 153.57207550000012}, {""pair"": [3, 9, 1, 5], ""acc"": 1.4, ""vel"": 25.36, ""pos"": 248.3, ""error"": 158.59903550000013}, {""pair"": [3, 9, 1, 5], ""acc"": 1.4, ""vel"": 25.36, ""pos"": 248.3, ""error"": 102.37207550000012}, {""pair"": [3, 9, 1, 5], ""acc"": 1.4, ""vel"": 25.36, ""pos"": 248.3, ""error"": 51.17207550000013}], [{""pair"": [3, 9, 2, 5], ""acc"": 1.4, ""vel"": 25.36, ""pos"": 43.5, ""error"": 0.03392449999990177}, {""pair"": [3, 9, 2, 5], ""acc"": 1.4, ""vel"": 25.36, ""pos"": 43.5, ""error"": 51.2339244999999}, {""pair"": [3, 9, 2, 5], ""acc"": 1.4, ""vel"": 25.36, ""pos"": 43.5, ""error"": 56.43496449999987}, {""pair"": [3, 9, 2, 5], ""acc"": 1.4, ""vel"": 25.36, ""pos"": 43.5, ""error"": 102.43392449999989}, {""pair"": [3, 9, 2, 5], ""acc"": 1.4, ""vel"": 25.36, ""pos"": 43.5, ""error"": 153.6339244999999}], [{""pair"": [0, 5, 0, 9], ""acc"": 1.0, ""vel"": 66.32, ""pos"": 43.5, ""error"": 40.99392449999989}, {""pair"": [0, 5, 0, 9], ""acc"": 1.0, ""vel"": 66.32, ""pos"": 43.5, ""error"": 92.1939244999999}, {""pair"": [0, 5, 0, 9], ""acc"": 1.0, ""vel"": 66.32, ""pos"": 43.5, ""error"": 87.16096449999986}, {""pair"": [0, 5, 0, 9], ""acc"": 1.0, ""vel"": 66.32, ""pos"": 43.5, ""error"": 143.39392449999988}, {""pair"": [0, 5, 0, 9], ""acc"": 1.0, ""vel"": 66.32, ""pos"": 43.5, ""error"": 194.59392449999987}], [{""pair"": [1, 5, 0, 9], ""acc"": 1.0, ""vel"": 25.36, ""pos"": 248.3, ""error"": 204.7720755000001}, {""pair"": [1, 5, 0, 9], ""acc"": 1.0, ""vel"": 25.36, ""pos"": 248.3, ""error"": 153.57207550000012}, {""pair"": [1, 5, 0, 9], ""acc"": 1.0, ""vel"": 25.36, ""pos"": 248.3, ""error"": 158.59903550000013}, {""pair"": [1, 5, 0, 9], ""acc"": 1.0, ""vel"": 25.36, ""pos"": 248.3, ""error"": 102.37207550000012}, {""pair"": [1, 5, 0, 9], ""acc"": 1.0, ""vel"": 25.36, ""pos"": 248.3, ""error"": 51.17207550000013}], [{""pair"": [2, 5, 0, 9], ""acc"": 1.0, ""vel"": 25.36, ""pos"": 43.5, ""error"": 0.03392449999990177}, {""pair"": [2, 5, 0, 9], ""acc"": 1.0, ""vel"": 25.36, ""pos"": 43.5, ""error"": 51.2339244999999}, {""pair"": [2, 5, 0, 9], ""acc"": 1.0, ""vel"": 25.36, ""pos"": 43.5, ""error"": 56.43496449999987}, {""pair"": [2, 5, 0, 9], ""acc"": 1.0, ""vel"": 25.36, ""pos"": 43.5, ""error"": 102.43392449999989}, {""pair"": [2, 5, 0, 9], ""acc"": 1.0, ""vel"": 25.36, ""pos"": 43.5, ""error"": 153.6339244999999}]]"
0.9,25.37,44.0,1.3,25.37,44.0,0.9,25.37,44.0,3,"[{""pair"": [3, 0, 0, 9], ""acc"": 0.9, ""vel"": 25.37, ""pos"": 44.0, ""error"": 0.10011199999951614}]","[[{""pair"": [3, 0, 3, 9], ""acc"": 1.3, ""vel"": 25.37, ""pos"": 44.0, ""error"": 0.10011199999951614}], [{""pair"": [3, 0, 0, 9], ""acc"": 0.9, ""vel"": 25.37, ""pos"": 44.0, ""error"": 0.10011199999951614}], [{""pair"": [3, 0, 1, 9], ""acc"": 1.3, ""vel"": 25.36, ""pos"": 44.0, ""error"": 0.1101119999995177}], [{""pair"": [3, 9, 0, 0], ""acc"": 1.3, ""vel"": 24.09, ""pos"": 44.0, ""error"": 1.3801119999995173}], [{""pair"": [3, 9, 2, 0], ""acc"": 1.3, ""vel"": 25.37, ""pos"": 44.0, ""error"": 0.10011199999951614}], [{""pair"": [0, 0, 0, 9], ""acc"": 0.9, ""vel"": 24.09, ""pos"": 44.0, ""error"": 1.3801119999995173}], [{""pair"": [0, 0, 1, 9], ""acc"": 1.3, ""vel"": 24.08, ""pos"": 44.0, ""error"": 1.3901119999995188}], [{""pair"": [2, 0, 0, 9], ""acc"": 0.9, ""vel"": 25.37, ""pos"": 44.0, ""error"": 0.10011199999951614}], [{""pair"": [2, 0, 1, 9], ""acc"": 1.3, ""vel"": 25.36, ""pos"": 44.0, ""error"": 0.1101119999995177}]]"
0.9,25.39,44.400000000000006,7.3,30.51,44.4,0.9,25.39,44.4,3,"[{""pair"": [0, 2, 0, 13], ""acc"": 0.9, ""vel"": 25.39, ""pos"": 44.4, ""error"": 0.4737001999997865}]","[[{""pair"": [3, 2, 3, 13], ""acc"": 7.3, ""vel"": 30.51, ""pos"": 44.4, ""error"": 5.572500199999801}], [{""pair"": [3, 2, 0, 13], ""acc"": 0.9, ""vel"": 30.51, ""pos"": 44.4, ""error"": 5.572500199999801}], [{""pair"": [3, 2, 2, 13], ""acc"": 7.3, ""vel"": 30.51, ""pos"": 43.6, ""error"": 6.3725001999997986}], [{""pair"": [3, 13, 0, 2], ""acc"": 7.3, ""vel"": 25.39, ""pos"": 44.4, ""error"": 0.4737001999997865}], [{""pair"": [3, 13, 1, 2], ""acc"": 7.3, ""vel"": 30.51, ""pos"": 18.8, ""error"": 31.1725001999998}], [{""pair"": [0, 2, 0, 13], ""acc"": 0.9, ""vel"": 25.39, ""pos"": 44.4, ""error"": 0.4737001999997865}], [{""pair"": [0, 2, 2, 13], ""acc"": 7.3, ""vel"": 25.39, ""pos"": 43.6, ""error"": 1.2737001999997837}], [{""pair"": [1, 2, 0, 13], ""acc"": 0.9, ""vel"": 30.51, ""pos"": 18.8, ""error"": 31.1725001999998}], [{""pair"": [1, 2, 2, 13], ""acc"": 7.3, ""vel"": 30.51, ""pos"": 18.0, ""error"": 31.9725001999998}]]"
0.9,25.42,45.2,0.9,25.42,45.2,0.8,25.42,45.2,3,"[{""pair"": [2, 9, 0, 7], ""acc"": 0.8, ""vel"": 25.42, ""pos"": 45.2, ""error"": 0.4092447999994917}]","[[{""pair"": [2, 9, 0, 7], ""acc"": 0.8, ""vel"": 25.42, ""pos"": 45.2, ""error"": 0.4092447999994917}], [{""pair"": [2, 9, 2, 7], ""acc"": 0.9, ""vel"": 25.42, ""pos"": 45.2, ""error"": 0.4092447999994917}]]"
0.9,25.43,45.6,0.9,25.43,38.4,0.9,25.43,45.6,3,"[{""pair"": [1, 0, 2, 13], ""acc"": 0.9, ""vel"": 25.43, ""pos"": 45.6, ""error"": 0.0358555999998984}]","[[{""pair"": [1, 0, 0, 13], ""acc"": 7.3, ""vel"": 25.43, ""pos"": 44.8, ""error"": 0.8358555999999027}], [{""pair"": [1, 0, 1, 13], ""acc"": 0.9, ""vel"": 25.59, ""pos"": 44.8, ""error"": 0.9886555999999054}], [{""pair"": [1, 0, 2, 13], ""acc"": 0.9, ""vel"": 25.43, ""pos"": 45.6, ""error"": 0.0358555999998984}], [{""pair"": [2, 0, 0, 13], ""acc"": 7.3, ""vel"": 25.43, ""pos"": 38.4, ""error"": 7.235855599999901}], [{""pair"": [2, 0, 1, 13], ""acc"": 0.9, ""vel"": 25.59, ""pos"": 38.4, ""error"": 7.388655599999904}], [{""pair"": [2, 0, 2, 13], ""acc"": 0.9, ""vel"": 25.43, ""pos"": 39.2, ""error"": 6.435855599999897}]]"
0.9,25.44,46.1,0.9,25.44,46.1,0.9,25.44,46.1,3,"[{""pair"": [3, 0, 3, 12], ""acc"": 0.9, ""vel"": 25.44, ""pos"": 46.1, ""error"": 0.3593800500004072}]","[[{""pair"": [3, 0, 3, 12], ""acc"": 0.9, ""vel"": 25.44, ""pos"": 46.1, ""error"": 0.3593800500004072}], [{""pair"": [3, 0, 2, 12], ""acc"": 0.9, ""vel"": 25.44, ""pos"": 45.7, ""error"": 0.7593800500004058}], [{""pair"": [3, 12, 2, 0], ""acc"": 0.9, ""vel"": 25.44, ""pos"": 46.1, ""error"": 0.3593800500004072}], [{""pair"": [2, 0, 2, 12], ""acc"": 0.9, ""vel"": 25.44, ""pos"": 45.7, ""error"": 0.7593800500004058}]]"
0.8,25.47,46.900000000000006,0.8,24.83,251.7,0.8,25.47,46.9,3,"[{""pair"": [1, 5, 1, 15], ""acc"": 0.8, ""vel"": 25.47, ""pos"": 46.9, ""error"": 0.38208995000009693}]","[[{""pair"": [3, 5, 3, 15], ""acc"": 0.8, ""vel"": 24.83, ""pos"": 251.7, ""error"": 205.7926899500001}], [{""pair"": [3, 5, 0, 15], ""acc"": -24.8, ""vel"": 24.83, ""pos"": 251.7, ""error"": 205.7926899500001}], [{""pair"": [3, 5, 1, 15], ""acc"": 0.8, ""vel"": 25.47, ""pos"": 251.7, ""error"": 205.1820899500001}], [{""pair"": [3, 5, 2, 15], ""acc"": 0.8, ""vel"": 24.83, ""pos"": 254.9, ""error"": 208.9926899500001}], [{""pair"": [3, 15, 1, 5], ""acc"": 0.8, ""vel"": 24.83, ""pos"": 46.9, ""error"": 0.992689950000095}], [{""pair"": [3, 15, 2, 5], ""acc"": 0.8, ""vel"": 24.83, ""pos"": 251.7, ""error"": 205.7926899500001}], [{""pair"": [1, 5, 0, 15], ""acc"": -24.8, ""vel"": 24.83, ""pos"": 46.9, ""error"": 0.992689950000095}], [{""pair"": [1, 5, 1, 15], ""acc"": 0.8, ""vel"": 25.47, ""pos"": 46.9, ""error"": 0.38208995000009693}], [{""pair"": [1, 5, 2, 15], ""acc"": 0.8, ""vel"": 24.83, ""pos"": 50.1, ""error"": 4.192689950000098}], [{""pair"": [2, 5, 0, 15], ""acc"": -24.8, ""vel"": 24.83, ""pos"": 251.7, ""error"": 205.7926899500001}], [{""pair"": [2, 5, 1, 15], ""acc"": 0.8, ""vel"": 25.47, ""pos"": 251.7, ""error"": 205.1820899500001}], [{""pair"": [2, 5, 2, 15], ""acc"": 0.8, ""vel"": 24.83, ""pos"": 254.9, ""error"": 208.9926899500001}]]"
0.8,25.48,47.3,0.8,25.48,47.3,0.8,25.48,47.3,3,"[{""pair"": [3, 7, 2, 2], ""acc"": 0.8, ""vel"": 25.48, ""pos"": 47.3, ""error"": 0.036705599999894645}]","[[{""pair"": [3, 7, 0, 2], ""acc"": 0.8, ""vel"": 30.6, ""pos"": 47.3, ""error"": 5.149505599999905}], [{""pair"": [3, 7, 2, 2], ""acc"": 0.8, ""vel"": 25.48, ""pos"": 47.3, ""error"": 0.036705599999894645}], [{""pair"": [0, 2, 2, 7], ""acc"": 0.8, ""vel"": 30.6, ""pos"": 47.3, ""error"": 5.149505599999905}], [{""pair"": [2, 2, 2, 7], ""acc"": 0.8, ""vel"": 25.48, ""pos"": 47.3, ""error"": 0.036705599999894645}]]"
0.8,25.5,47.8,0.8,25.5,47.8,0.8,25.5,47.8,3,"[{""pair"": [2, 4, 2, 8], ""acc"": 0.8, ""vel"": 25.5, ""pos"": 47.8, ""error"": 0.3476755999989116}]","[[{""pair"": [0, 4, 2, 8], ""acc"": 0.8, ""vel"": 5.02, ""pos"": 47.8, ""error"": 20.827675599998912}], [{""pair"": [2, 4, 2, 8], ""acc"": 0.8, ""vel"": 25.5, ""pos"": 47.8, ""error"": 0.3476755999989116}]]"
0.7000000000000001,25.52,48.6,0.7,35.76,48.6,0.7,25.52,48.6,3,"[{""pair"": [3, 10, 0, 3], ""acc"": 0.7, ""vel"": 25.52, ""pos"": 48.6, ""error"": 0.04833560000040649}]","[[{""pair"": [3, 3, 3, 10], ""acc"": 0.7, ""vel"": 35.76, ""pos"": 48.6, ""error"": 10.275535600000378}], [{""pair"": [3, 3, 0, 10], ""acc"": 1.5, ""vel"": 35.76, ""pos"": 48.6, ""error"": 10.275535600000378}], [{""pair"": [3, 3, 1, 10], ""acc"": 0.7, ""vel"": 35.78, ""pos"": 48.6, ""error"": 10.295535600000381}], [{""pair"": [3, 3, 2, 10], ""acc"": 0.7, ""vel"": 35.76, ""pos"": 48.7, ""error"": 10.291664399999593}], [{""pair"": [3, 10, 0, 3], ""acc"": 0.7, ""vel"": 25.52, ""pos"": 48.6, ""error"": 0.04833560000040649}], [{""pair"": [3, 10, 2, 3], ""acc"": 0.7, ""vel"": 35.76, ""pos"": 48.6, ""error"": 10.275535600000378}], [{""pair"": [0, 3, 0, 10], ""acc"": 1.5, ""vel"": 25.52, ""pos"": 48.6, ""error"": 0.04833560000040649}], [{""pair"": [0, 3, 1, 10], ""acc"": 0.7, ""vel"": 25.54, ""pos"": 48.6, ""error"": 0.05553560000037905}], [{""pair"": [0, 3, 2, 10], ""acc"": 0.7, ""vel"": 25.52, ""pos"": 48.7, ""error"": 0.06446439999962195}], [{""pair"": [2, 3, 0, 10], ""acc"": 1.5, ""vel"": 35.76, ""pos"": 48.6, ""error"": 10.275535600000378}], [{""pair"": [2, 3, 1, 10], ""acc"": 0.7, ""vel"": 35.78, ""pos"": 48.6, ""error"": 10.295535600000381}], [{""pair"": [2, 3, 2, 10], ""acc"": 0.7, ""vel"": 35.76, ""pos"": 48.7, ""error"": 10.291664399999593}]]"
0.7000000000000001,25.54,49.5,0.7,25.54,49.5,0.7,25.54,49.5,3,"[{""pair"": [3, 4, 2, 0], ""acc"": 0.7, ""vel"": 25.54, ""pos"": 49.5, ""error"": 0.03571540000019624}]","[[{""pair"": [3, 4, 0, 0], ""acc"": 0.7, ""vel"": 24.26, ""pos"": 49.5, ""error"": 1.3157154000001938}], [{""pair"": [3, 4, 1, 0], ""acc"": 0.7, ""vel"": 25.54, ""pos"": 43.1, ""error"": 6.371884599999792}], [{""pair"": [3, 4, 2, 0], ""acc"": 0.7, ""vel"": 25.54, ""pos"": 49.5, ""error"": 0.03571540000019624}], [{""pair"": [0, 0, 1, 4], ""acc"": 0.7, ""vel"": 24.26, ""pos"": 151.9, ""error"": 103.71571540000019}], [{""pair"": [0, 0, 2, 4], ""acc"": 0.7, ""vel"": 24.26, ""pos"": 49.5, ""error"": 1.3157154000001938}], [{""pair"": [1, 0, 1, 4], ""acc"": 0.7, ""vel"": 25.54, ""pos"": 145.5, ""error"": 96.0357154000002}], [{""pair"": [1, 0, 2, 4], ""acc"": 0.7, ""vel"": 25.54, ""pos"": 43.1, ""error"": 6.371884599999792}], [{""pair"": [2, 0, 1, 4], ""acc"": 0.7, ""vel"": 25.54, ""pos"": 151.9, ""error"": 102.4357154000002}], [{""pair"": [2, 0, 2, 4], ""acc"": 0.7, ""vel"": 25.54, ""pos"": 49.5, ""error"": 0.03571540000019624}]]"
0.7000000000000001,25.57,50.3,2.1,25.57,50.3,2.1,25.57,50.1,3,"[{""pair"": [2, 8, 2, 11], ""acc"": 2.1, ""vel"": 25.57, ""pos"": 50.1, ""error"": 0.21007039999948418}]","[[{""pair"": [0, 8, 0, 11], ""acc"": 0.7, ""vel"": 25.57, ""pos"": 50.3, ""error"": 0.4100703999994799}], [{""pair"": [0, 8, 1, 11], ""acc"": 2.3, ""vel"": 25.53, ""pos"": 50.3, ""error"": 0.41247039999950275}], [{""pair"": [0, 8, 2, 11], ""acc"": 2.3, ""vel"": 25.57, ""pos"": 50.1, ""error"": 0.21007039999948418}], [{""pair"": [1, 8, 0, 11], ""acc"": 0.5, ""vel"": 25.57, ""pos"": 1688.7, ""error"": 1638.8100703999996}], [{""pair"": [1, 8, 1, 11], ""acc"": 2.1, ""vel"": 25.53, ""pos"": 1688.7, ""error"": 1638.8124703999995}], [{""pair"": [1, 8, 2, 11], ""acc"": 2.1, ""vel"": 25.57, ""pos"": 1688.5, ""error"": 1638.6100703999996}], [{""pair"": [2, 8, 0, 11], ""acc"": 0.5, ""vel"": 25.57, ""pos"": 50.3, ""error"": 0.4100703999994799}], [{""pair"": [2, 8, 1, 11], ""acc"": 2.1, ""vel"": 25.53, ""pos"": 50.3, ""error"": 0.41247039999950275}], [{""pair"": [2, 8, 2, 11], ""acc"": 2.1, ""vel"": 25.57, ""pos"": 50.1, ""error"": 0.21007039999948418}]]"
0.7000000000000001,25.58,50.7,0.3,25.58,153.1,0.3,25.59,50.7,3,"[{""pair"": [1, 4, 1, 9], ""acc"": 0.3, ""vel"": 25.59, ""pos"": 50.7, ""error"": 0.1807065500000995}]","[[{""pair"": [3, 9, 0, 4], ""acc"": 0.3, ""vel"": 5.1, ""pos"": 153.1, ""error"": 123.0707065500001}], [{""pair"": [3, 9, 1, 4], ""acc"": 0.3, ""vel"": 25.58, ""pos"": 50.7, ""error"": 0.19070655000010106}], [{""pair"": [3, 9, 2, 4], ""acc"": 0.3, ""vel"": 25.58, ""pos"": 153.1, ""error"": 102.5907065500001}], [{""pair"": [0, 4, 0, 9], ""acc"": 0.7, ""vel"": 5.1, ""pos"": 153.1, ""error"": 123.0707065500001}], [{""pair"": [0, 4, 1, 9], ""acc"": 0.3, ""vel"": 5.11, ""pos"": 153.1, ""error"": 123.0607065500001}], [{""pair"": [0, 4, 2, 9], ""acc"": 0.3, ""vel"": 5.1, ""pos"": 153.1, ""error"": 123.0707065500001}], [{""pair"": [1, 4, 0, 9], ""acc"": 0.7, ""vel"": 25.58, ""pos"": 50.7, ""error"": 0.19070655000010106}], [{""pair"": [1, 4, 1, 9], ""acc"": 0.3, ""vel"": 25.59, ""pos"": 50.7, ""error"": 0.1807065500000995}], [{""pair"": [1, 4, 2, 9], ""acc"": 0.3, ""vel"": 25.58, ""pos"": 50.7, ""error"": 0.19070655000010106}], [{""pair"": [2, 4, 0, 9], ""acc"": 0.7, ""vel"": 25.58, ""pos"": 153.1, ""error"": 102.5907065500001}], [{""pair"": [2, 4, 1, 9], ""acc"": 0.3, ""vel"": 25.59, ""pos"": 153.1, ""error"": 102.5807065500001}], [{""pair"": [2, 4, 2, 9], ""acc"": 0.3, ""vel"": 25.58, ""pos"": 153.1, ""error"": 102.5907065500001}]]"
0.7000000000000001,25.59,51.2,0.7,25.59,51.2,0.5,25.59,51.2,3,"[{""pair"": [3, 15, 0, 8], ""acc"": 0.5, ""vel"": 25.59, ""pos"": 51.2, ""error"": 0.07002665000010211}]","[[{""pair"": [3, 8, 3, 15], ""acc"": 0.7, ""vel"": 25.59, ""pos"": 51.2, ""error"": 0.07002665000010211}], [{""pair"": [3, 8, 1, 15], ""acc"": 0.7, ""vel"": 24.95, ""pos"": 51.2, ""error"": 0.7100266500001027}], [{""pair"": [3, 15, 0, 8], ""acc"": 0.5, ""vel"": 25.59, ""pos"": 51.2, ""error"": 0.07002665000010211}], [{""pair"": [3, 15, 2, 8], ""acc"": 0.7, ""vel"": 25.59, ""pos"": 51.2, ""error"": 0.07002665000010211}], [{""pair"": [0, 8, 1, 15], ""acc"": 0.5, ""vel"": 24.95, ""pos"": 51.2, ""error"": 0.7100266500001027}], [{""pair"": [2, 8, 1, 15], ""acc"": 0.7, ""vel"": 24.95, ""pos"": 51.2, ""error"": 0.7100266500001027}]]"
0.7000000000000001,25.6,51.6,0.5,25.6,53.2,0.5,25.6,51.6,3,"[{""pair"": [2, 14, 2, 8], ""acc"": 0.5, ""vel"": 25.6, ""pos"": 51.6, ""error"": 0.4512422500004085}]","[[{""pair"": [2, 14, 0, 8], ""acc"": 0.7, ""vel"": 25.6, ""pos"": 51.6, ""error"": 0.4512422500004085}], [{""pair"": [2, 14, 1, 8], ""acc"": 0.5, ""vel"": 25.6, ""pos"": 1690.0, ""error"": 1637.9617577499996}], [{""pair"": [2, 14, 2, 8], ""acc"": 0.5, ""vel"": 25.6, ""pos"": 51.6, ""error"": 0.4512422500004085}]]"
0.7000000000000001,25.63,52.400000000000006,0.7,26.91,52.4,0.7,25.63,52.4,3,"[{""pair"": [3, 10, 0, 0], ""acc"": 0.7, ""vel"": 25.63, ""pos"": 52.4, ""error"": 0.05857225000039179}]","[[{""pair"": [3, 0, 3, 10], ""acc"": 0.7, ""vel"": 26.91, ""pos"": 52.4, ""error"": 1.338572250000393}], [{""pair"": [3, 0, 0, 10], ""acc"": 1.5, ""vel"": 26.91, ""pos"": 52.4, ""error"": 1.338572250000393}], [{""pair"": [3, 0, 2, 10], ""acc"": 0.7, ""vel"": 26.91, ""pos"": 52.5, ""error"": 1.3484277499995905}], [{""pair"": [3, 10, 0, 0], ""acc"": 0.7, ""vel"": 25.63, ""pos"": 52.4, ""error"": 0.05857225000039179}], [{""pair"": [3, 10, 2, 0], ""acc"": 0.7, ""vel"": 26.91, ""pos"": 52.4, ""error"": 1.338572250000393}], [{""pair"": [0, 0, 0, 10], ""acc"": 1.5, ""vel"": 25.63, ""pos"": 52.4, ""error"": 0.05857225000039179}], [{""pair"": [0, 0, 2, 10], ""acc"": 0.7, ""vel"": 25.63, ""pos"": 52.5, ""error"": 0.06842774999958934}], [{""pair"": [2, 0, 0, 10], ""acc"": 1.5, ""vel"": 26.91, ""pos"": 52.4, ""error"": 1.338572250000393}], [{""pair"": [2, 0, 2, 10], ""acc"": 0.7, ""vel"": 26.91, ""pos"": 52.5, ""error"": 1.3484277499995905}]]"
0.7000000000000001,25.65,53.3,0.7,20.53,53.3,0.7,25.65,53.3,3,"[{""pair"": [3, 4, 0, 2], ""acc"": 0.7, ""vel"": 25.65, ""pos"": 53.3, ""error"": 0.47228885000010834}]","[[{""pair"": [3, 2, 1, 3], ""acc"": 0.7, ""vel"": 20.53, ""pos"": 2.1, ""error"": 55.84771114999988}], [{""pair"": [3, 4, 0, 2], ""acc"": 0.7, ""vel"": 25.65, ""pos"": 53.3, ""error"": 0.47228885000010834}], [{""pair"": [3, 4, 1, 2], ""acc"": 0.7, ""vel"": 20.53, ""pos"": 78.9, ""error"": 31.17608885000011}], [{""pair"": [0, 2, 0, 4], ""acc"": 0.7, ""vel"": 5.17, ""pos"": 53.3, ""error"": 20.936088850000104}], [{""pair"": [0, 2, 2, 4], ""acc"": 0.7, ""vel"": 25.65, ""pos"": 53.3, ""error"": 0.47228885000010834}], [{""pair"": [1, 2, 0, 4], ""acc"": 0.7, ""vel"": 0.05, ""pos"": 78.9, ""error"": 51.65608885000011}], [{""pair"": [1, 2, 2, 4], ""acc"": 0.7, ""vel"": 20.53, ""pos"": 78.9, ""error"": 31.17608885000011}], [{""pair"": [2, 2, 1, 3], ""acc"": 0.7, ""vel"": 20.53, ""pos"": 2.1, ""error"": 55.84771114999988}]]"
0.6000000000000001,25.66,53.7,0.6,25.66,1692.1,0.6,25.66,53.7,3,"[{""pair"": [3, 12, 1, 8], ""acc"": 0.6, ""vel"": 25.66, ""pos"": 53.7, ""error"": 0.038051149999883904}]","[[{""pair"": [3, 8, 3, 12], ""acc"": 0.6, ""vel"": 25.66, ""pos"": 1692.1, ""error"": 1638.36574885}], [{""pair"": [3, 12, 0, 8], ""acc"": 0.4, ""vel"": 25.66, ""pos"": 1692.1, ""error"": 1638.36574885}], [{""pair"": [3, 12, 1, 8], ""acc"": 0.6, ""vel"": 25.66, ""pos"": 53.7, ""error"": 0.038051149999883904}]]"
0.6000000000000001,25.67,54.2,0.6,25.67,53.8,0.6,25.67,54.2,3,"[{""pair"": [3, 12, 2, 12], ""acc"": 0.6, ""vel"": 25.67, ""pos"": 54.2, ""error"": 0.08976320000097715}]","[[{""pair"": [3, 13, 3, 14], ""acc"": 0.6, ""vel"": 25.67, ""pos"": 53.8, ""error"": 0.3110367999990764}], [{""pair"": [3, 13, 0, 14], ""acc"": 13.4, ""vel"": 25.67, ""pos"": 53.8, ""error"": 0.3110367999990764}], [{""pair"": [3, 13, 1, 14], ""acc"": 0.6, ""vel"": 25.99, ""pos"": 53.8, ""error"": 0.6310367999990731}], [{""pair"": [3, 14, 2, 13], ""acc"": 0.6, ""vel"": 25.67, ""pos"": 53.0, ""error"": 1.1110367999990736}], [{""pair"": [3, 12, 0, 12], ""acc"": 3.8, ""vel"": 25.67, ""pos"": 53.8, ""error"": 0.3110367999990764}], [{""pair"": [3, 12, 1, 12], ""acc"": 0.6, ""vel"": 25.75, ""pos"": 53.8, ""error"": 0.3910367999990747}], [{""pair"": [3, 12, 2, 12], ""acc"": 0.6, ""vel"": 25.67, ""pos"": 54.2, ""error"": 0.08976320000097715}], [{""pair"": [0, 12, 1, 12], ""acc"": 3.8, ""vel"": 25.75, ""pos"": 53.8, ""error"": 0.3910367999990747}], [{""pair"": [0, 12, 2, 12], ""acc"": 3.8, ""vel"": 25.67, ""pos"": 54.2, ""error"": 0.08976320000097715}], [{""pair"": [1, 12, 0, 12], ""acc"": 3.8, ""vel"": 25.75, ""pos"": 53.8, ""error"": 0.3910367999990747}], [{""pair"": [1, 12, 2, 12], ""acc"": 0.6, ""vel"": 25.75, ""pos"": 54.2, ""error"": 0.16976320000097544}], [{""pair"": [2, 12, 0, 12], ""acc"": 3.8, ""vel"": 25.67, ""pos"": 54.2, ""error"": 0.08976320000097715}], [{""pair"": [2, 12, 1, 12], ""acc"": 0.6, ""vel"": 25.75, ""pos"": 54.2, ""error"": 0.16976320000097544}], [{""pair"": [2, 13, 0, 14], ""acc"": 13.4, ""vel"": 25.67, ""pos"": 53.0, ""error"": 1.1110367999990736}], [{""pair"": [2, 13, 1, 14], ""acc"": 0.6, ""vel"": 25.99, ""pos"": 53.0, ""error"": 1.4310367999990703}]]"
0.6000000000000001,25.68,54.6,3.8,25.7,54.6,0.6,25.68,54.6,3,"[{""pair"": [1, 10, 0, 12], ""acc"": 0.6, ""vel"": 25.68, ""pos"": 54.6, ""error"": 0.036676699999894424}]","[[{""pair"": [3, 10, 0, 12], ""acc"": 0.6, ""vel"": 25.7, ""pos"": 54.6, ""error"": 0.05627669999989493}], [{""pair"": [3, 10, 1, 12], ""acc"": 3.8, ""vel"": 25.62, ""pos"": 54.6, ""error"": 0.09667669999989315}], [{""pair"": [1, 10, 0, 12], ""acc"": 0.6, ""vel"": 25.68, ""pos"": 54.6, ""error"": 0.036676699999894424}], [{""pair"": [1, 10, 1, 12], ""acc"": 3.8, ""vel"": 25.6, ""pos"": 54.6, ""error"": 0.11667669999989272}]]"
0.6000000000000001,25.69,55.0,0.6,107.61,55.0,0.6,25.69,55.0,3,"[{""pair"": [3, 10, 0, 6], ""acc"": 0.6, ""vel"": 25.69, ""pos"": 55.0, ""error"": 0.45756670000040955}]","[[{""pair"": [3, 10, 0, 6], ""acc"": 0.6, ""vel"": 25.69, ""pos"": 55.0, ""error"": 0.45756670000040955}], [{""pair"": [3, 10, 2, 6], ""acc"": 0.6, ""vel"": 107.61, ""pos"": 55.0, ""error"": 82.35796670000039}]]"
0.6000000000000001,25.71,55.900000000000006,0.6,25.71,875.1,0.6,25.71,55.9,3,"[{""pair"": [3, 4, 1, 7], ""acc"": 0.6, ""vel"": 25.71, ""pos"": 55.9, ""error"": 0.4729833000001058}]","[[{""pair"": [3, 4, 3, 7], ""acc"": 0.6, ""vel"": 25.71, ""pos"": 875.1, ""error"": 819.6729833000002}], [{""pair"": [3, 4, 1, 7], ""acc"": 0.6, ""vel"": 25.71, ""pos"": 55.9, ""error"": 0.4729833000001058}], [{""pair"": [3, 7, 0, 4], ""acc"": 0.6, ""vel"": 5.23, ""pos"": 875.1, ""error"": 840.1333833000001}], [{""pair"": [3, 7, 2, 4], ""acc"": 0.6, ""vel"": 25.71, ""pos"": 875.1, ""error"": 819.6729833000002}], [{""pair"": [0, 4, 1, 7], ""acc"": 0.6, ""vel"": 5.23, ""pos"": 55.9, ""error"": 20.933383300000102}], [{""pair"": [2, 4, 1, 7], ""acc"": 0.6, ""vel"": 25.71, ""pos"": 55.9, ""error"": 0.4729833000001058}]]"
0.6000000000000001,25.72,56.3,0.2,25.72,53.1,0.2,25.72,56.3,3,"[{""pair"": [3, 9, 2, 15], ""acc"": 0.2, ""vel"": 25.72, ""pos"": 56.3, ""error"": 0.03735669999989}]","[[{""pair"": [3, 9, 3, 15], ""acc"": 0.2, ""vel"": 25.72, ""pos"": 53.1, ""error"": 3.2373566999998857}], [{""pair"": [3, 9, 0, 15], ""acc"": -25.4, ""vel"": 25.72, ""pos"": 53.1, ""error"": 3.2373566999998857}], [{""pair"": [3, 9, 1, 15], ""acc"": 0.2, ""vel"": 26.36, ""pos"": 53.1, ""error"": 3.8769566999998872}], [{""pair"": [3, 9, 2, 15], ""acc"": 0.2, ""vel"": 25.72, ""pos"": 56.3, ""error"": 0.03735669999989}], [{""pair"": [3, 15, 0, 9], ""acc"": 0.6, ""vel"": 25.72, ""pos"": 53.1, ""error"": 3.2373566999998857}], [{""pair"": [3, 15, 1, 9], ""acc"": 0.2, ""vel"": 25.73, ""pos"": 53.1, ""error"": 3.2469566999998882}], [{""pair"": [3, 15, 2, 9], ""acc"": 0.2, ""vel"": 25.72, ""pos"": 53.1, ""error"": 3.2373566999998857}], [{""pair"": [0, 9, 0, 15], ""acc"": -25.0, ""vel"": 25.72, ""pos"": 53.1, ""error"": 3.2373566999998857}], [{""pair"": [0, 9, 1, 15], ""acc"": 0.6, ""vel"": 26.36, ""pos"": 53.1, ""error"": 3.8769566999998872}], [{""pair"": [0, 9, 2, 15], ""acc"": 0.6, ""vel"": 25.72, ""pos"": 56.3, ""error"": 0.03735669999989}], [{""pair"": [1, 9, 0, 15], ""acc"": -25.4, ""vel"": 25.73, ""pos"": 53.1, ""error"": 3.2469566999998882}], [{""pair"": [1, 9, 1, 15], ""acc"": 0.2, ""vel"": 26.37, ""pos"": 53.1, ""error"": 3.886956699999889}], [{""pair"": [1, 9, 2, 15], ""acc"": 0.2, ""vel"": 25.73, ""pos"": 56.3, ""error"": 0.04695669999989249}], [{""pair"": [2, 9, 0, 15], ""acc"": -25.4, ""vel"": 25.72, ""pos"": 53.1, ""error"": 3.2373566999998857}], [{""pair"": [2, 9, 1, 15], ""acc"": 0.2, ""vel"": 26.36, ""pos"": 53.1, ""error"": 3.8769566999998872}], [{""pair"": [2, 9, 2, 15], ""acc"": 0.2, ""vel"": 25.72, ""pos"": 56.3, ""error"": 0.03735669999989}]]"
0.5,25.73,56.7,0.5,25.73,69.5,0.5,25.73,56.7,3,"[{""pair"": [3, 5, 1, 1], ""acc"": 0.5, ""vel"": 25.73, ""pos"": 56.7, ""error"": 0.01834560000049379}]","[[{""pair"": [3, 1, 3, 5], ""acc"": 0.5, ""vel"": 25.73, ""pos"": 69.5, ""error"": 12.7952543999995}], [{""pair"": [3, 1, 2, 5], ""acc"": 0.5, ""vel"": 25.73, ""pos"": 69.5, ""error"": 12.7952543999995}], [{""pair"": [3, 5, 1, 1], ""acc"": 0.5, ""vel"": 25.73, ""pos"": 56.7, ""error"": 0.01834560000049379}], [{""pair"": [1, 1, 2, 5], ""acc"": 0.5, ""vel"": 25.73, ""pos"": 56.7, ""error"": 0.01834560000049379}]]"
0.5,25.73,57.1,0.5,66.61,57.1,0.5,25.73,57.1,3,"[{""pair"": [0, 5, 1, 12], ""acc"": 0.5, ""vel"": 25.73, ""pos"": 57.1, ""error"": 0.045982249999894975}]","[[{""pair"": [0, 5, 0, 12], ""acc"": 3.7, ""vel"": 25.65, ""pos"": 57.1, ""error"": 0.12598224999989682}], [{""pair"": [0, 5, 1, 12], ""acc"": 0.5, ""vel"": 25.73, ""pos"": 57.1, ""error"": 0.045982249999894975}], [{""pair"": [0, 5, 2, 12], ""acc"": 0.5, ""vel"": 25.65, ""pos"": 57.5, ""error"": 0.45101775000010136}], [{""pair"": [2, 5, 0, 12], ""acc"": 3.7, ""vel"": 66.61, ""pos"": 57.1, ""error"": 40.908982249999895}], [{""pair"": [2, 5, 1, 12], ""acc"": 0.5, ""vel"": 66.69, ""pos"": 57.1, ""error"": 40.98898224999989}], [{""pair"": [2, 5, 2, 12], ""acc"": 0.5, ""vel"": 66.61, ""pos"": 57.5, ""error"": 41.2340177500001}]]"
0.4,25.74,57.6,0.4,25.74,57.6,0.0,25.74,57.6,3,"[{""pair"": [3, 2, 0, 9], ""acc"": 0.0, ""vel"": 25.74, ""pos"": 57.6, ""error"": 0.3558622500004063}]","[[{""pair"": [3, 2, 3, 9], ""acc"": 0.4, ""vel"": 25.74, ""pos"": 57.6, ""error"": 0.3558622500004063}], [{""pair"": [3, 2, 0, 9], ""acc"": 0.0, ""vel"": 25.74, ""pos"": 57.6, ""error"": 0.3558622500004063}], [{""pair"": [3, 2, 2, 9], ""acc"": 0.4, ""vel"": 25.74, ""pos"": 57.6, ""error"": 0.3558622500004063}], [{""pair"": [3, 9, 1, 2], ""acc"": 0.4, ""vel"": 25.74, ""pos"": 83.2, ""error"": 25.257137749999615}], [{""pair"": [1, 2, 0, 9], ""acc"": 0.0, ""vel"": 25.74, ""pos"": 83.2, ""error"": 25.257137749999615}], [{""pair"": [1, 2, 2, 9], ""acc"": 0.4, ""vel"": 25.74, ""pos"": 83.2, ""error"": 25.257137749999615}]]"
0.4,25.75,58.400000000000006,0.4,25.75,58.4,0.4,25.74,58.4,3,"[{""pair"": [3, 15, 1, 9], ""acc"": 0.4, ""vel"": 25.74, ""pos"": 58.4, ""error"": 0.36242000000009966}]","[[{""pair"": [3, 15, 0, 9], ""acc"": 0.0, ""vel"": 25.75, ""pos"": 58.4, ""error"": 0.3724200000001012}], [{""pair"": [3, 15, 1, 9], ""acc"": 0.4, ""vel"": 25.74, ""pos"": 58.4, ""error"": 0.36242000000009966}], [{""pair"": [3, 15, 2, 9], ""acc"": 0.4, ""vel"": 25.75, ""pos"": 58.4, ""error"": 0.3724200000001012}]]"
0.4,25.76,58.900000000000006,0.4,25.76,58.9,0.4,25.76,58.9,3,"[{""pair"": [2, 7, 2, 8], ""acc"": 0.4, ""vel"": 25.76, ""pos"": 58.9, ""error"": 0.07556220000010683}]","[[{""pair"": [0, 7, 2, 8], ""acc"": 0.5, ""vel"": 25.76, ""pos"": 58.9, ""error"": 0.07556220000010683}], [{""pair"": [1, 7, 2, 8], ""acc"": 0.4, ""vel"": 25.76, ""pos"": 878.1, ""error"": 819.2755622000001}], [{""pair"": [2, 7, 2, 8], ""acc"": 0.4, ""vel"": 25.76, ""pos"": 58.9, ""error"": 0.07556220000010683}]]"
0.4,25.77,59.3,0.4,25.76,59.3,0.4,25.77,59.3,3,"[{""pair"": [3, 14, 1, 9], ""acc"": 0.4, ""vel"": 25.77, ""pos"": 59.3, ""error"": 0.01581120000049907}]","[[{""pair"": [3, 9, 3, 14], ""acc"": 0.4, ""vel"": 25.76, ""pos"": 59.3, ""error"": 0.01861120000051386}], [{""pair"": [3, 9, 0, 14], ""acc"": 13.2, ""vel"": 25.76, ""pos"": 59.3, ""error"": 0.01861120000051386}], [{""pair"": [3, 9, 1, 14], ""acc"": 0.4, ""vel"": 26.08, ""pos"": 59.3, ""error"": 0.3258112000004978}], [{""pair"": [3, 14, 1, 9], ""acc"": 0.4, ""vel"": 25.77, ""pos"": 59.3, ""error"": 0.01581120000049907}], [{""pair"": [3, 14, 2, 9], ""acc"": 0.4, ""vel"": 25.76, ""pos"": 59.3, ""error"": 0.01861120000051386}], [{""pair"": [1, 9, 0, 14], ""acc"": 13.2, ""vel"": 25.77, ""pos"": 59.3, ""error"": 0.01581120000049907}], [{""pair"": [1, 9, 1, 14], ""acc"": 0.4, ""vel"": 26.09, ""pos"": 59.3, ""error"": 0.33581120000049935}], [{""pair"": [2, 9, 0, 14], ""acc"": 13.2, ""vel"": 25.76, ""pos"": 59.3, ""error"": 0.01861120000051386}], [{""pair"": [2, 9, 1, 14], ""acc"": 0.4, ""vel"": 26.08, ""pos"": 59.3, ""error"": 0.3258112000004978}]]"
0.4,25.77,59.7,0.4,25.77,264.5,0.0,25.77,59.7,3,"[{""pair"": [1, 5, 0, 9], ""acc"": 0.0, ""vel"": 25.77, ""pos"": 59.7, ""error"": 0.04494779999988907}]","[[{""pair"": [3, 9, 1, 5], ""acc"": 0.4, ""vel"": 25.77, ""pos"": 59.7, ""error"": 0.04494779999988907}], [{""pair"": [1, 5, 0, 9], ""acc"": 0.0, ""vel"": 25.77, ""pos"": 59.7, ""error"": 0.04494779999988907}], [{""pair"": [1, 5, 1, 9], ""acc"": 0.4, ""vel"": 25.76, ""pos"": 59.7, ""error"": 0.05494779999988708}]]"
0.4,25.78,60.2,0.0,26.1,60.2,0.0,25.78,60.2,3,"[{""pair"": [2, 9, 1, 14], ""acc"": 0.0, ""vel"": 25.78, ""pos"": 60.2, ""error"": 0.07191000000010561}]","[[{""pair"": [0, 9, 1, 14], ""acc"": 0.4, ""vel"": 25.78, ""pos"": 60.2, ""error"": 0.07191000000010561}], [{""pair"": [0, 9, 2, 14], ""acc"": 0.4, ""vel"": 26.1, ""pos"": 58.6, ""error"": 1.8680899999998992}], [{""pair"": [1, 9, 1, 14], ""acc"": 0.0, ""vel"": 25.79, ""pos"": 60.2, ""error"": 0.08191000000010362}], [{""pair"": [1, 9, 2, 14], ""acc"": 0.0, ""vel"": 26.11, ""pos"": 58.6, ""error"": 1.8780899999998972}], [{""pair"": [2, 9, 1, 14], ""acc"": 0.0, ""vel"": 25.78, ""pos"": 60.2, ""error"": 0.07191000000010561}], [{""pair"": [2, 9, 2, 14], ""acc"": 0.0, ""vel"": 26.1, ""pos"": 58.6, ""error"": 1.8680899999998992}]]"
0.4,25.79,60.6,0.4,66.75,60.6,0.4,25.79,60.6,3,"[{""pair"": [3, 14, 0, 5], ""acc"": 0.4, ""vel"": 25.79, ""pos"": 60.6, ""error"": 0.02247999999903527}]","[[{""pair"": [3, 14, 0, 5], ""acc"": 0.4, ""vel"": 25.79, ""pos"": 60.6, ""error"": 0.02247999999903527}], [{""pair"": [0, 5, 2, 14], ""acc"": 0.4, ""vel"": 25.79, ""pos"": 59.0, ""error"": 1.6224799999990367}]]"
0.4,25.8,61.0,0.4,25.8,61.0,0.0,25.8,61.0,3,"[{""pair"": [3, 5, 0, 9], ""acc"": 0.0, ""vel"": 25.8, ""pos"": 61.0, ""error"": 0.04168779999990235}]","[[{""pair"": [3, 5, 3, 9], ""acc"": 0.4, ""vel"": 25.8, ""pos"": 61.0, ""error"": 0.04168779999990235}], [{""pair"": [3, 5, 0, 9], ""acc"": 0.0, ""vel"": 25.8, ""pos"": 61.0, ""error"": 0.04168779999990235}], [{""pair"": [3, 5, 2, 9], ""acc"": 0.4, ""vel"": 25.8, ""pos"": 61.0, ""error"": 0.04168779999990235}]]"
0.4,25.8,61.5,0.4,25.8,74.3,0.4,25.8,61.5,3,"[{""pair"": [1, 1, 2, 3], ""acc"": 0.4, ""vel"": 25.8, ""pos"": 61.5, ""error"": 0.06140000000010559}]","[[{""pair"": [3, 1, 1, 3], ""acc"": 0.4, ""vel"": 25.8, ""pos"": 23.1, ""error"": 38.33859999999989}], [{""pair"": [3, 1, 2, 3], ""acc"": 0.4, ""vel"": 25.8, ""pos"": 74.3, ""error"": 12.861400000000103}], [{""pair"": [1, 1, 1, 3], ""acc"": 0.4, ""vel"": 25.8, ""pos"": 10.3, ""error"": 51.1385999999999}], [{""pair"": [1, 1, 2, 3], ""acc"": 0.4, ""vel"": 25.8, ""pos"": 61.5, ""error"": 0.06140000000010559}], [{""pair"": [2, 1, 1, 3], ""acc"": 0.4, ""vel"": 25.8, ""pos"": 23.1, ""error"": 38.33859999999989}], [{""pair"": [2, 1, 2, 3], ""acc"": 0.4, ""vel"": 25.8, ""pos"": 74.3, ""error"": 12.861400000000103}]]"
0.4,25.81,61.900000000000006,-25.2,25.81,61.1,0.4,25.81,61.9,3,"[{""pair"": [2, 13, 0, 15], ""acc"": 0.4, ""vel"": 25.81, ""pos"": 61.9, ""error"": 0.016451200000496158}]","[[{""pair"": [3, 13, 3, 14], ""acc"": -25.2, ""vel"": 25.81, ""pos"": 61.1, ""error"": 0.8164512000004933}], [{""pair"": [3, 14, 1, 13], ""acc"": -25.2, ""vel"": 25.65, ""pos"": 61.1, ""error"": 0.9692512000005102}], [{""pair"": [0, 13, 0, 15], ""acc"": 6.8, ""vel"": 25.81, ""pos"": 61.1, ""error"": 0.8164512000004933}], [{""pair"": [0, 13, 2, 15], ""acc"": -18.8, ""vel"": 25.81, ""pos"": 57.9, ""error"": 4.016451200000496}], [{""pair"": [2, 13, 0, 15], ""acc"": 0.4, ""vel"": 25.81, ""pos"": 61.9, ""error"": 0.016451200000496158}], [{""pair"": [2, 13, 2, 15], ""acc"": -25.2, ""vel"": 25.81, ""pos"": 58.7, ""error"": 3.216451200000492}]]"
0.4,25.82,62.3,0.4,25.82,1700.7,0.4,25.82,62.3,3,"[{""pair"": [2, 7, 1, 8], ""acc"": 0.4, ""vel"": 25.82, ""pos"": 62.3, ""error"": 0.4813711999997885}]","[[{""pair"": [0, 7, 1, 8], ""acc"": 0.5, ""vel"": 25.82, ""pos"": 62.3, ""error"": 0.4813711999997885}], [{""pair"": [1, 7, 1, 8], ""acc"": 0.4, ""vel"": 25.82, ""pos"": 881.5, ""error"": 818.7258288000003}], [{""pair"": [2, 7, 1, 8], ""acc"": 0.4, ""vel"": 25.82, ""pos"": 62.3, ""error"": 0.4813711999997885}]]"
0.4,25.83,63.2,0.4,107.75,63.2,0.4,25.83,63.2,3,"[{""pair"": [0, 6, 2, 5], ""acc"": 0.4, ""vel"": 25.83, ""pos"": 63.2, ""error"": 0.49042879999949207}]","[[{""pair"": [3, 5, 3, 7], ""acc"": 0.4, ""vel"": 107.75, ""pos"": 63.2, ""error"": 82.4104287999995}], [{""pair"": [0, 6, 2, 5], ""acc"": 0.4, ""vel"": 25.83, ""pos"": 63.2, ""error"": 0.49042879999949207}], [{""pair"": [3, 5, 2, 7], ""acc"": 0.4, ""vel"": 107.75, ""pos"": 63.2, ""error"": 82.4104287999995}], [{""pair"": [3, 7, 0, 5], ""acc"": 0.4, ""vel"": 148.71, ""pos"": 63.2, ""error"": 123.3704287999995}], [{""pair"": [3, 7, 1, 5], ""acc"": 0.4, ""vel"": 107.75, ""pos"": 268.0, ""error"": 287.2104287999995}], [{""pair"": [0, 5, 2, 7], ""acc"": 0.4, ""vel"": 148.71, ""pos"": 63.2, ""error"": 123.3704287999995}], [{""pair"": [1, 5, 2, 7], ""acc"": 0.4, ""vel"": 107.75, ""pos"": 268.0, ""error"": 287.2104287999995}]]"
0.4,25.84,63.6,0.4,25.84,12.4,0.4,25.84,63.6,3,"[{""pair"": [3, 13, 1, 3], ""acc"": 0.4, ""vel"": 25.84, ""pos"": 63.6, ""error"": 0.042367799999897926}]","[[{""pair"": [3, 13, 0, 3], ""acc"": 0.4, ""vel"": 36.08, ""pos"": 12.4, ""error"": 61.4823677999999}], [{""pair"": [3, 13, 1, 3], ""acc"": 0.4, ""vel"": 25.84, ""pos"": 63.6, ""error"": 0.042367799999897926}], [{""pair"": [0, 3, 1, 13], ""acc"": 0.4, ""vel"": 35.92, ""pos"": 12.4, ""error"": 61.3223677999999}], [{""pair"": [0, 3, 2, 13], ""acc"": 0.4, ""vel"": 36.08, ""pos"": 11.6, ""error"": 62.282367799999896}], [{""pair"": [1, 3, 1, 13], ""acc"": 0.4, ""vel"": 25.68, ""pos"": 63.6, ""error"": 0.19596779999989167}], [{""pair"": [1, 3, 2, 13], ""acc"": 0.4, ""vel"": 25.84, ""pos"": 62.8, ""error"": 0.8423677999999022}]]"
0.4,25.84,64.0,0.4,27.12,89.6,0.4,25.84,64.0,3,"[{""pair"": [0, 0, 1, 2], ""acc"": 0.4, ""vel"": 25.84, ""pos"": 64.0, ""error"": 0.4661378000004035}]","[[{""pair"": [3, 2, 0, 0], ""acc"": 0.4, ""vel"": 25.84, ""pos"": 89.6, ""error"": 25.1602621999996}], [{""pair"": [0, 0, 0, 2], ""acc"": 0.4, ""vel"": 20.72, ""pos"": 89.6, ""error"": 30.2802621999996}], [{""pair"": [0, 0, 1, 2], ""acc"": 0.4, ""vel"": 25.84, ""pos"": 64.0, ""error"": 0.4661378000004035}], [{""pair"": [0, 0, 2, 2], ""acc"": 0.4, ""vel"": 25.84, ""pos"": 89.6, ""error"": 25.1602621999996}]]"
0.4,25.86,64.9,0.4,25.86,884.1,0.4,25.86,64.9,3,"[{""pair"": [3, 2, 1, 7], ""acc"": 0.4, ""vel"": 25.86, ""pos"": 64.9, ""error"": 0.4738622000001165}]","[[{""pair"": [3, 2, 3, 7], ""acc"": 0.4, ""vel"": 25.86, ""pos"": 884.1, ""error"": 819.6738622000001}], [{""pair"": [3, 2, 1, 7], ""acc"": 0.4, ""vel"": 25.86, ""pos"": 64.9, ""error"": 0.4738622000001165}], [{""pair"": [3, 2, 2, 7], ""acc"": 0.4, ""vel"": 25.86, ""pos"": 884.1, ""error"": 819.6738622000001}], [{""pair"": [3, 7, 1, 2], ""acc"": 0.4, ""vel"": 25.86, ""pos"": 909.7, ""error"": 845.2738622000002}], [{""pair"": [1, 2, 1, 7], ""acc"": 0.4, ""vel"": 25.86, ""pos"": 90.5, ""error"": 26.07386220000011}], [{""pair"": [1, 2, 2, 7], ""acc"": 0.4, ""vel"": 25.86, ""pos"": 909.7, ""error"": 845.2738622000002}]]"
0.4,25.87,65.3,0.4,25.87,68.5,0.4,25.87,65.3,3,"[{""pair"": [3, 5, 2, 15], ""acc"": 0.4, ""vel"": 25.87, ""pos"": 65.3, ""error"": 0.04287779999989638}]","[[{""pair"": [3, 5, 3, 15], ""acc"": 0.4, ""vel"": 25.87, ""pos"": 68.5, ""error"": 3.163522200000113}], [{""pair"": [3, 5, 2, 15], ""acc"": 0.4, ""vel"": 25.87, ""pos"": 65.3, ""error"": 0.04287779999989638}]]"
0.4,25.87,65.8,0.4,25.87,68.8,0.4,25.87,65.8,3,"[{""pair"": [2, 11, 2, 15], ""acc"": 0.4, ""vel"": 25.87, ""pos"": 65.8, ""error"": 0.3671278000004108}]","[[{""pair"": [3, 11, 3, 15], ""acc"": 0.4, ""vel"": 25.87, ""pos"": 68.8, ""error"": 2.6592721999995987}], [{""pair"": [3, 11, 2, 15], ""acc"": 0.4, ""vel"": 25.87, ""pos"": 65.6, ""error"": 0.5671278000004136}], [{""pair"": [3, 15, 0, 11], ""acc"": 2.0, ""vel"": 25.87, ""pos"": 68.8, ""error"": 2.6592721999995987}], [{""pair"": [3, 15, 1, 11], ""acc"": 0.4, ""vel"": 25.91, ""pos"": 68.8, ""error"": 2.6728721999995884}], [{""pair"": [3, 15, 2, 11], ""acc"": 0.4, ""vel"": 25.87, ""pos"": 69.0, ""error"": 2.8592721999996016}], [{""pair"": [0, 11, 2, 15], ""acc"": 2.0, ""vel"": 25.87, ""pos"": 65.6, ""error"": 0.5671278000004136}], [{""pair"": [1, 11, 2, 15], ""acc"": 0.4, ""vel"": 25.91, ""pos"": 65.6, ""error"": 0.5807278000004032}], [{""pair"": [2, 11, 2, 15], ""acc"": 0.4, ""vel"": 25.87, ""pos"": 65.8, ""error"": 0.3671278000004108}]]"
0.4,25.89,66.60000000000001,13.2,25.89,66.6,0.4,25.89,66.6,3,"[{""pair"": [3, 4, 0, 14], ""acc"": 0.4, ""vel"": 25.89, ""pos"": 66.6, ""error"": 0.06072779999894706}]","[[{""pair"": [3, 4, 0, 14], ""acc"": 0.4, ""vel"": 25.89, ""pos"": 66.6, ""error"": 0.06072779999894706}], [{""pair"": [3, 4, 2, 14], ""acc"": 13.2, ""vel"": 25.89, ""pos"": 65.0, ""error"": 1.6607277999989414}], [{""pair"": [0, 4, 0, 14], ""acc"": 0.4, ""vel"": 5.41, ""pos"": 66.6, ""error"": 20.527127799998915}], [{""pair"": [0, 4, 2, 14], ""acc"": 13.2, ""vel"": 5.41, ""pos"": 65.0, ""error"": 22.12712779999891}], [{""pair"": [2, 4, 0, 14], ""acc"": 0.4, ""vel"": 25.89, ""pos"": 66.6, ""error"": 0.06072779999894706}], [{""pair"": [2, 4, 2, 14], ""acc"": 13.2, ""vel"": 25.89, ""pos"": 65.0, ""error"": 1.6607277999989414}]]"
0.4,25.9,67.5,0.4,25.9,886.7,0.4,25.9,67.5,3,"[{""pair"": [3, 1, 1, 7], ""acc"": 0.4, ""vel"": 25.9, ""pos"": 67.5, ""error"": 0.4630122000001151}]","[[{""pair"": [3, 1, 3, 7], ""acc"": 0.4, ""vel"": 25.9, ""pos"": 886.7, ""error"": 819.6630122000001}], [{""pair"": [3, 1, 1, 7], ""acc"": 0.4, ""vel"": 25.9, ""pos"": 67.5, ""error"": 0.4630122000001151}], [{""pair"": [3, 1, 2, 7], ""acc"": 0.4, ""vel"": 25.9, ""pos"": 886.7, ""error"": 819.6630122000001}], [{""pair"": [3, 7, 1, 1], ""acc"": 0.4, ""vel"": 25.9, ""pos"": 873.9, ""error"": 806.8630122000001}], [{""pair"": [1, 1, 1, 7], ""acc"": 0.4, ""vel"": 25.9, ""pos"": 54.7, ""error"": 12.343387799999881}], [{""pair"": [1, 1, 2, 7], ""acc"": 0.4, ""vel"": 25.9, ""pos"": 873.9, ""error"": 806.8630122000001}]]"
0.4,25.91,67.9,0.4,26.55,67.9,0.4,25.91,67.9,3,"[{""pair"": [3, 0, 1, 15], ""acc"": 0.4, ""vel"": 25.91, ""pos"": 67.9, ""error"": 0.04355779999988485}]","[[{""pair"": [3, 0, 1, 15], ""acc"": 0.4, ""vel"": 25.91, ""pos"": 67.9, ""error"": 0.04355779999988485}], [{""pair"": [3, 0, 2, 15], ""acc"": 0.4, ""vel"": 26.55, ""pos"": 64.7, ""error"": 3.8835577999998883}], [{""pair"": [1, 15, 0, 0], ""acc"": 0.4, ""vel"": 27.19, ""pos"": 67.9, ""error"": 1.323557799999886}], [{""pair"": [1, 15, 1, 0], ""acc"": 0.4, ""vel"": 25.91, ""pos"": 74.3, ""error"": 6.362842200000113}], [{""pair"": [1, 15, 2, 0], ""acc"": 0.4, ""vel"": 25.91, ""pos"": 67.9, ""error"": 0.04355779999988485}], [{""pair"": [2, 15, 0, 0], ""acc"": 0.4, ""vel"": 27.83, ""pos"": 64.7, ""error"": 5.163557799999886}], [{""pair"": [2, 15, 1, 0], ""acc"": 0.4, ""vel"": 26.55, ""pos"": 71.1, ""error"": 3.8028422000001108}], [{""pair"": [2, 15, 2, 0], ""acc"": 0.4, ""vel"": 26.55, ""pos"": 64.7, ""error"": 3.8835577999998883}], [{""pair"": [0, 14, 1, 14], ""acc"": 13.2, ""vel"": 26.87, ""pos"": 67.9, ""error"": 1.0035577999998857}], [{""pair"": [0, 14, 2, 14], ""acc"": 13.2, ""vel"": 26.55, ""pos"": 69.5, ""error"": 2.2028422000001164}], [{""pair"": [1, 14, 0, 14], ""acc"": 13.2, ""vel"": 26.87, ""pos"": 67.9, ""error"": 1.0035577999998857}], [{""pair"": [1, 14, 2, 14], ""acc"": 0.4, ""vel"": 26.87, ""pos"": 69.5, ""error"": 2.5228422000001167}], [{""pair"": [2, 14, 0, 14], ""acc"": 13.2, ""vel"": 26.55, ""pos"": 69.5, ""error"": 2.2028422000001164}], [{""pair"": [2, 14, 1, 14], ""acc"": 0.4, ""vel"": 26.87, ""pos"": 69.5, ""error"": 2.5228422000001167}]]"
0.4,25.91,68.4,0.4,20.63,68.4,0.4,25.91,68.4,3,"[{""pair"": [0, 2, 1, 13], ""acc"": 0.4, ""vel"": 25.91, ""pos"": 68.4, ""error"": 0.09178879999949885}]","[[{""pair"": [3, 13, 0, 2], ""acc"": 0.4, ""vel"": 25.75, ""pos"": 68.4, ""error"": 0.251788799999499}], [{""pair"": [3, 13, 1, 2], ""acc"": 0.4, ""vel"": 20.63, ""pos"": 94.0, ""error"": 30.971788799999494}], [{""pair"": [3, 13, 2, 2], ""acc"": 0.4, ""vel"": 20.63, ""pos"": 68.4, ""error"": 5.3717887999995}], [{""pair"": [0, 2, 0, 13], ""acc"": 6.8, ""vel"": 25.75, ""pos"": 68.4, ""error"": 0.251788799999499}], [{""pair"": [0, 2, 1, 13], ""acc"": 0.4, ""vel"": 25.91, ""pos"": 68.4, ""error"": 0.09178879999949885}], [{""pair"": [1, 2, 0, 13], ""acc"": 6.8, ""vel"": 20.63, ""pos"": 94.0, ""error"": 30.971788799999494}], [{""pair"": [1, 2, 1, 13], ""acc"": 0.4, ""vel"": 20.79, ""pos"": 94.0, ""error"": 30.811788799999494}], [{""pair"": [2, 2, 0, 13], ""acc"": 6.8, ""vel"": 20.63, ""pos"": 68.4, ""error"": 5.3717887999995}], [{""pair"": [2, 2, 1, 13], ""acc"": 0.4, ""vel"": 20.79, ""pos"": 68.4, ""error"": 5.2117887999995}]]"
0.4,25.92,68.8,0.4,26.56,68.8,0.4,25.92,68.8,3,"[{""pair"": [1, 15, 2, 5], ""acc"": 0.4, ""vel"": 25.92, ""pos"": 68.8, ""error"": 0.04372779999989618}]","[[{""pair"": [1, 15, 2, 5], ""acc"": 0.4, ""vel"": 25.92, ""pos"": 68.8, ""error"": 0.04372779999989618}], [{""pair"": [2, 15, 2, 5], ""acc"": 0.4, ""vel"": 26.56, ""pos"": 65.6, ""error"": 3.883727799999896}]]"
0.4,25.92,69.2,0.4,25.92,94.8,0.4,25.92,69.2,3,"[{""pair"": [3, 4, 1, 2], ""acc"": 0.4, ""vel"": 25.92, ""pos"": 69.2, ""error"": 0.047497799999874246}]","[[{""pair"": [3, 2, 3, 4], ""acc"": 0.4, ""vel"": 25.92, ""pos"": 94.8, ""error"": 25.566102200000117}], [{""pair"": [3, 2, 1, 4], ""acc"": 0.4, ""vel"": 25.92, ""pos"": 197.2, ""error"": 127.96610220000011}], [{""pair"": [3, 2, 2, 4], ""acc"": 0.4, ""vel"": 25.92, ""pos"": 94.8, ""error"": 25.566102200000117}], [{""pair"": [3, 4, 0, 2], ""acc"": 0.4, ""vel"": 20.8, ""pos"": 94.8, ""error"": 30.686102200000118}], [{""pair"": [3, 4, 1, 2], ""acc"": 0.4, ""vel"": 25.92, ""pos"": 69.2, ""error"": 0.047497799999874246}], [{""pair"": [3, 4, 2, 2], ""acc"": 0.4, ""vel"": 25.92, ""pos"": 94.8, ""error"": 25.566102200000117}], [{""pair"": [0, 2, 1, 4], ""acc"": 0.4, ""vel"": 20.8, ""pos"": 197.2, ""error"": 133.0861022000001}], [{""pair"": [0, 2, 2, 4], ""acc"": 0.4, ""vel"": 20.8, ""pos"": 94.8, ""error"": 30.686102200000118}], [{""pair"": [1, 2, 1, 4], ""acc"": 0.4, ""vel"": 25.92, ""pos"": 171.6, ""error"": 102.36610220000011}], [{""pair"": [1, 2, 2, 4], ""acc"": 0.4, ""vel"": 25.92, ""pos"": 69.2, ""error"": 0.047497799999874246}], [{""pair"": [2, 2, 1, 4], ""acc"": 0.4, ""vel"": 25.92, ""pos"": 197.2, ""error"": 127.96610220000011}], [{""pair"": [2, 2, 2, 4], ""acc"": 0.4, ""vel"": 25.92, ""pos"": 94.8, ""error"": 25.566102200000117}]]"
0.4,25.93,69.7,0.4,25.93,888.9,0.4,25.93,69.7,3,"[{""pair"": [3, 12, 1, 7], ""acc"": 0.4, ""vel"": 25.93, ""pos"": 69.7, ""error"": 0.08882879999949012}]","[[{""pair"": [3, 7, 3, 12], ""acc"": 0.4, ""vel"": 25.93, ""pos"": 888.9, ""error"": 819.2888287999995}], [{""pair"": [3, 7, 0, 12], ""acc"": 3.6, ""vel"": 25.93, ""pos"": 888.9, ""error"": 819.2888287999995}], [{""pair"": [3, 7, 1, 12], ""acc"": 0.4, ""vel"": 26.01, ""pos"": 888.9, ""error"": 819.3688287999995}], [{""pair"": [3, 7, 2, 12], ""acc"": 0.4, ""vel"": 25.93, ""pos"": 889.3, ""error"": 819.6888287999994}], [{""pair"": [3, 12, 1, 7], ""acc"": 0.4, ""vel"": 25.93, ""pos"": 69.7, ""error"": 0.08882879999949012}], [{""pair"": [3, 12, 2, 7], ""acc"": 0.4, ""vel"": 25.93, ""pos"": 888.9, ""error"": 819.2888287999995}], [{""pair"": [1, 7, 0, 12], ""acc"": 3.6, ""vel"": 25.93, ""pos"": 69.7, ""error"": 0.08882879999949012}], [{""pair"": [1, 7, 1, 12], ""acc"": 0.4, ""vel"": 26.01, ""pos"": 69.7, ""error"": 0.16882879999949196}], [{""pair"": [1, 7, 2, 12], ""acc"": 0.4, ""vel"": 25.93, ""pos"": 70.1, ""error"": 0.4888287999994816}], [{""pair"": [2, 7, 0, 12], ""acc"": 3.6, ""vel"": 25.93, ""pos"": 888.9, ""error"": 819.2888287999995}], [{""pair"": [2, 7, 1, 12], ""acc"": 0.4, ""vel"": 26.01, ""pos"": 888.9, ""error"": 819.3688287999995}], [{""pair"": [2, 7, 2, 12], ""acc"": 0.4, ""vel"": 25.93, ""pos"": 889.3, ""error"": 819.6888287999994}]]"
0.4,25.94,70.10000000000001,0.4,26.74,70.1,0.4,25.94,70.1,3,"[{""pair"": [1, 15, 1, 13], ""acc"": 0.4, ""vel"": 25.94, ""pos"": 70.1, ""error"": 0.04406779999990462}]","[[{""pair"": [1, 15, 1, 13], ""acc"": 0.4, ""vel"": 25.94, ""pos"": 70.1, ""error"": 0.04406779999990462}], [{""pair"": [1, 15, 2, 13], ""acc"": 0.4, ""vel"": 26.1, ""pos"": 69.3, ""error"": 1.004067799999902}], [{""pair"": [2, 15, 1, 13], ""acc"": 0.4, ""vel"": 26.58, ""pos"": 66.9, ""error"": 3.8840677999998903}], [{""pair"": [2, 15, 2, 13], ""acc"": 0.4, ""vel"": 26.74, ""pos"": 66.1, ""error"": 4.844067799999902}]]"
0.4,25.94,70.5,0.4,27.22,1708.9,0.4,25.94,70.5,3,"[{""pair"": [0, 0, 1, 8], ""acc"": 0.4, ""vel"": 25.94, ""pos"": 70.5, ""error"": 0.04783779999988269}]","[[{""pair"": [0, 0, 1, 8], ""acc"": 0.4, ""vel"": 25.94, ""pos"": 70.5, ""error"": 0.04783779999988269}], [{""pair"": [1, 0, 1, 8], ""acc"": 0.4, ""vel"": 27.22, ""pos"": 64.1, ""error"": 7.714237799999889}]]"
0.4,25.95,70.9,1.2,25.95,70.9,0.4,25.95,70.9,3,"[{""pair"": [3, 1, 0, 10], ""acc"": 0.4, ""vel"": 25.95, ""pos"": 70.9, ""error"": 0.018691200000489516}]","[[{""pair"": [3, 1, 3, 10], ""acc"": 1.2, ""vel"": 25.95, ""pos"": 70.9, ""error"": 0.018691200000489516}], [{""pair"": [3, 1, 0, 10], ""acc"": 0.4, ""vel"": 25.95, ""pos"": 70.9, ""error"": 0.018691200000489516}], [{""pair"": [3, 1, 1, 10], ""acc"": 1.2, ""vel"": 25.93, ""pos"": 70.9, ""error"": 0.03149120000050587}], [{""pair"": [3, 1, 2, 10], ""acc"": 1.2, ""vel"": 25.95, ""pos"": 70.8, ""error"": 0.11869120000049804}], [{""pair"": [3, 10, 0, 1], ""acc"": 1.2, ""vel"": 28.51, ""pos"": 70.9, ""error"": 2.578691200000492}], [{""pair"": [3, 10, 2, 1], ""acc"": 1.2, ""vel"": 25.95, ""pos"": 70.9, ""error"": 0.018691200000489516}], [{""pair"": [0, 1, 0, 10], ""acc"": 0.4, ""vel"": 28.51, ""pos"": 70.9, ""error"": 2.578691200000492}], [{""pair"": [0, 1, 1, 10], ""acc"": 1.2, ""vel"": 28.49, ""pos"": 70.9, ""error"": 2.5586912000004887}], [{""pair"": [0, 1, 2, 10], ""acc"": 1.2, ""vel"": 28.51, ""pos"": 70.8, ""error"": 2.6786912000005003}], [{""pair"": [2, 1, 0, 10], ""acc"": 0.4, ""vel"": 25.95, ""pos"": 70.9, ""error"": 0.018691200000489516}], [{""pair"": [2, 1, 1, 10], ""acc"": 1.2, ""vel"": 25.93, ""pos"": 70.9, ""error"": 0.03149120000050587}], [{""pair"": [2, 1, 2, 10], ""acc"": 1.2, ""vel"": 25.95, ""pos"": 70.8, ""error"": 0.11869120000049804}]]"
0.4,25.96,71.4,0.4,25.96,71.4,0.4,25.96,71.4,3,"[{""pair"": [3, 1, 3, 5], ""acc"": 0.4, ""vel"": 25.96, ""pos"": 71.4, ""error"": 0.06199220000011607}]","[[{""pair"": [3, 1, 3, 5], ""acc"": 0.4, ""vel"": 25.96, ""pos"": 71.4, ""error"": 0.06199220000011607}], [{""pair"": [3, 1, 0, 5], ""acc"": 0.4, ""vel"": 66.92, ""pos"": 71.4, ""error"": 41.02199220000011}], [{""pair"": [3, 1, 1, 5], ""acc"": 0.4, ""vel"": 25.96, ""pos"": 276.2, ""error"": 204.8619922000001}], [{""pair"": [3, 1, 2, 5], ""acc"": 0.4, ""vel"": 25.96, ""pos"": 71.4, ""error"": 0.06199220000011607}], [{""pair"": [3, 5, 0, 1], ""acc"": 0.4, ""vel"": 28.52, ""pos"": 71.4, ""error"": 2.621992200000115}], [{""pair"": [0, 1, 0, 5], ""acc"": 0.4, ""vel"": 69.48, ""pos"": 71.4, ""error"": 43.581992200000116}], [{""pair"": [0, 1, 1, 5], ""acc"": 0.4, ""vel"": 28.52, ""pos"": 276.2, ""error"": 207.4219922000001}], [{""pair"": [0, 1, 2, 5], ""acc"": 0.4, ""vel"": 28.52, ""pos"": 71.4, ""error"": 2.621992200000115}]]"
0.4,25.96,71.8,0.5,25.96,71.8,0.1,25.96,71.8,3,"[{""pair"": [3, 7, 0, 9], ""acc"": 0.1, ""vel"": 25.96, ""pos"": 71.8, ""error"": 0.4700978000004099}]","[[{""pair"": [3, 7, 3, 9], ""acc"": 0.5, ""vel"": 25.96, ""pos"": 71.8, ""error"": 0.4700978000004099}], [{""pair"": [3, 8, 0, 7], ""acc"": 0.4, ""vel"": 25.96, ""pos"": 71.8, ""error"": 0.4700978000004099}], [{""pair"": [3, 8, 2, 7], ""acc"": 0.5, ""vel"": 25.96, ""pos"": 71.8, ""error"": 0.4700978000004099}], [{""pair"": [3, 7, 0, 9], ""acc"": 0.1, ""vel"": 25.96, ""pos"": 71.8, ""error"": 0.4700978000004099}], [{""pair"": [3, 9, 1, 7], ""acc"": 0.5, ""vel"": 25.96, ""pos"": 891.0, ""error"": 818.7563021999996}], [{""pair"": [1, 7, 0, 9], ""acc"": 0.1, ""vel"": 25.96, ""pos"": 891.0, ""error"": 818.7563021999996}]]"
0.4,25.97,72.7,0.4,25.97,65.9,3.6,25.97,72.3,3,"[{""pair"": [1, 0, 0, 12], ""acc"": 3.6, ""vel"": 25.97, ""pos"": 72.3, ""error"": 0.06696555000011273}]","[[{""pair"": [3, 0, 0, 12], ""acc"": 3.6, ""vel"": 25.97, ""pos"": 65.9, ""error"": 6.349634449999876}], [{""pair"": [3, 0, 1, 12], ""acc"": 0.4, ""vel"": 26.05, ""pos"": 65.9, ""error"": 6.429634449999877}], [{""pair"": [3, 0, 2, 12], ""acc"": 0.4, ""vel"": 25.97, ""pos"": 66.3, ""error"": 5.949634449999884}], [{""pair"": [0, 0, 0, 12], ""acc"": 3.6, ""vel"": 27.25, ""pos"": 65.9, ""error"": 7.629634449999877}], [{""pair"": [0, 0, 1, 12], ""acc"": 0.4, ""vel"": 27.33, ""pos"": 65.9, ""error"": 7.709634449999875}], [{""pair"": [0, 0, 2, 12], ""acc"": 0.4, ""vel"": 27.25, ""pos"": 66.3, ""error"": 7.229634449999885}], [{""pair"": [1, 0, 0, 12], ""acc"": 3.6, ""vel"": 25.97, ""pos"": 72.3, ""error"": 0.06696555000011273}], [{""pair"": [1, 0, 1, 12], ""acc"": 0.4, ""vel"": 26.05, ""pos"": 72.3, ""error"": 0.14696555000011458}], [{""pair"": [1, 0, 2, 12], ""acc"": 0.4, ""vel"": 25.97, ""pos"": 72.7, ""error"": 0.4669655500001184}], [{""pair"": [2, 0, 0, 12], ""acc"": 3.6, ""vel"": 25.97, ""pos"": 65.9, ""error"": 6.349634449999876}], [{""pair"": [2, 0, 1, 12], ""acc"": 0.4, ""vel"": 26.05, ""pos"": 65.9, ""error"": 6.429634449999877}], [{""pair"": [2, 0, 2, 12], ""acc"": 0.4, ""vel"": 25.97, ""pos"": 66.3, ""error"": 5.949634449999884}]]"
0.3,25.98,73.10000000000001,-25.3,25.98,482.7,0.3,25.98,73.1,3,"[{""pair"": [1, 6, 0, 15], ""acc"": 0.3, ""vel"": 25.98, ""pos"": 73.1, ""error"": 0.40918980000009597}]","[[{""pair"": [3, 6, 3, 15], ""acc"": -25.3, ""vel"": 25.98, ""pos"": 482.7, ""error"": 410.0091898000001}], [{""pair"": [3, 6, 0, 15], ""acc"": 0.3, ""vel"": 25.98, ""pos"": 482.7, ""error"": 410.0091898000001}], [{""pair"": [3, 15, 1, 6], ""acc"": -25.3, ""vel"": 25.98, ""pos"": 73.1, ""error"": 0.40918980000009597}], [{""pair"": [1, 6, 0, 15], ""acc"": 0.3, ""vel"": 25.98, ""pos"": 73.1, ""error"": 0.40918980000009597}]]"
0.3,25.99,73.5,0.3,37.51,73.5,0.3,25.99,73.5,3,"[{""pair"": [0, 0, 0, 3], ""acc"": 0.3, ""vel"": 25.99, ""pos"": 73.5, ""error"": 0.4576033499989265}]","[[{""pair"": [3, 3, 0, 0], ""acc"": 0.3, ""vel"": 36.23, ""pos"": 73.5, ""error"": 10.697603349998925}], [{""pair"": [3, 3, 1, 0], ""acc"": 0.3, ""vel"": 37.51, ""pos"": 67.1, ""error"": 18.37760334999893}], [{""pair"": [0, 0, 0, 3], ""acc"": 0.3, ""vel"": 25.99, ""pos"": 73.5, ""error"": 0.4576033499989265}], [{""pair"": [0, 0, 1, 3], ""acc"": 0.3, ""vel"": 36.23, ""pos"": 22.3, ""error"": 61.89760334999893}], [{""pair"": [0, 0, 2, 3], ""acc"": 0.3, ""vel"": 36.23, ""pos"": 73.5, ""error"": 10.697603349998925}], [{""pair"": [1, 0, 0, 3], ""acc"": 0.3, ""vel"": 27.27, ""pos"": 67.1, ""error"": 8.137603349998933}], [{""pair"": [1, 0, 1, 3], ""acc"": 0.3, ""vel"": 37.51, ""pos"": 15.9, ""error"": 69.57760334999892}], [{""pair"": [1, 0, 2, 3], ""acc"": 0.3, ""vel"": 37.51, ""pos"": 67.1, ""error"": 18.37760334999893}]]"
0.3,26.0,74.4,0.3,26.02,23.2,0.3,26.0,74.4,3,"[{""pair"": [1, 3, 1, 10], ""acc"": 0.3, ""vel"": 26.0, ""pos"": 74.4, ""error"": 0.46302665000011345}]","[[{""pair"": [3, 10, 0, 3], ""acc"": 0.3, ""vel"": 36.26, ""pos"": 23.2, ""error"": 61.00677334999989}], [{""pair"": [3, 10, 1, 3], ""acc"": 0.3, ""vel"": 26.02, ""pos"": 74.4, ""error"": 0.483026650000113}], [{""pair"": [0, 3, 1, 10], ""acc"": 0.3, ""vel"": 36.24, ""pos"": 23.2, ""error"": 60.98677334999989}], [{""pair"": [1, 3, 1, 10], ""acc"": 0.3, ""vel"": 26.0, ""pos"": 74.4, ""error"": 0.46302665000011345}]]"
0.3,26.0,74.8,-25.3,66.96,74.8,0.3,26.0,74.8,3,"[{""pair"": [0, 15, 0, 5], ""acc"": 0.3, ""vel"": 26.0, ""pos"": 74.8, ""error"": 0.02083840000051751}]","[[{""pair"": [3, 5, 0, 15], ""acc"": 0.3, ""vel"": 66.96, ""pos"": 74.8, ""error"": 40.9712384000005}], [{""pair"": [3, 5, 2, 15], ""acc"": -25.3, ""vel"": 66.96, ""pos"": 71.6, ""error"": 44.171238400000504}], [{""pair"": [0, 15, 0, 5], ""acc"": 0.3, ""vel"": 26.0, ""pos"": 74.8, ""error"": 0.02083840000051751}], [{""pair"": [0, 15, 2, 5], ""acc"": 0.3, ""vel"": 66.96, ""pos"": 74.8, ""error"": 40.9712384000005}], [{""pair"": [2, 15, 0, 5], ""acc"": -25.3, ""vel"": 26.0, ""pos"": 71.6, ""error"": 3.2208384000005204}], [{""pair"": [2, 15, 2, 5], ""acc"": -25.3, ""vel"": 66.96, ""pos"": 71.6, ""error"": 44.171238400000504}]]"
0.3,26.01,75.3,0.3,26.01,67.3,0.3,26.01,75.3,3,"[{""pair"": [1, 0, 2, 14], ""acc"": 0.3, ""vel"": 26.01, ""pos"": 75.3, ""error"": 0.06285665000011065}]","[[{""pair"": [3, 14, 0, 0], ""acc"": 0.3, ""vel"": 27.29, ""pos"": 67.3, ""error"": 9.226943349999893}], [{""pair"": [3, 14, 1, 0], ""acc"": 0.3, ""vel"": 26.01, ""pos"": 73.7, ""error"": 1.5469433499998893}], [{""pair"": [0, 0, 0, 14], ""acc"": 13.1, ""vel"": 27.29, ""pos"": 67.3, ""error"": 9.226943349999893}], [{""pair"": [0, 0, 2, 14], ""acc"": 0.3, ""vel"": 27.29, ""pos"": 68.9, ""error"": 7.626943349999884}], [{""pair"": [1, 0, 0, 14], ""acc"": 13.1, ""vel"": 26.01, ""pos"": 73.7, ""error"": 1.5469433499998893}], [{""pair"": [1, 0, 2, 14], ""acc"": 0.3, ""vel"": 26.01, ""pos"": 75.3, ""error"": 0.06285665000011065}]]"
0.3,26.01,75.7,0.3,26.01,894.9,0.3,26.01,75.7,3,"[{""pair"": [3, 3, 1, 7], ""acc"": 0.3, ""vel"": 26.01, ""pos"": 75.7, ""error"": 0.04731334999988235}]","[[{""pair"": [3, 3, 3, 7], ""acc"": 0.3, ""vel"": 26.01, ""pos"": 894.9, ""error"": 819.16288665}], [{""pair"": [3, 3, 0, 7], ""acc"": 0.2, ""vel"": 26.01, ""pos"": 894.9, ""error"": 819.16288665}], [{""pair"": [3, 3, 1, 7], ""acc"": 0.3, ""vel"": 26.01, ""pos"": 75.7, ""error"": 0.04731334999988235}], [{""pair"": [3, 3, 2, 7], ""acc"": 0.3, ""vel"": 26.01, ""pos"": 894.9, ""error"": 819.16288665}], [{""pair"": [3, 7, 1, 3], ""acc"": 0.3, ""vel"": 26.01, ""pos"": 843.7, ""error"": 767.9628866500001}], [{""pair"": [1, 3, 0, 7], ""acc"": 0.2, ""vel"": 26.01, ""pos"": 843.7, ""error"": 767.9628866500001}], [{""pair"": [1, 3, 1, 7], ""acc"": 0.3, ""vel"": 26.01, ""pos"": 24.5, ""error"": 51.247313349999885}], [{""pair"": [1, 3, 2, 7], ""acc"": 0.3, ""vel"": 26.01, ""pos"": 843.7, ""error"": 767.9628866500001}]]"
0.3,26.02,76.10000000000001,0.3,26.02,76.1,0.3,26.02,76.1,3,"[{""pair"": [3, 10, 3, 14], ""acc"": 0.3, ""vel"": 26.02, ""pos"": 76.1, ""error"": 0.02139840000049631}]","[[{""pair"": [3, 10, 3, 14], ""acc"": 0.3, ""vel"": 26.02, ""pos"": 76.1, ""error"": 0.02139840000049631}], [{""pair"": [3, 10, 1, 14], ""acc"": 0.3, ""vel"": 25.7, ""pos"": 76.1, ""error"": 0.3309984000005137}], [{""pair"": [3, 10, 2, 14], ""acc"": 0.3, ""vel"": 26.02, ""pos"": 74.5, ""error"": 1.6213984000004906}], [{""pair"": [3, 14, 0, 10], ""acc"": 1.1, ""vel"": 26.02, ""pos"": 76.1, ""error"": 0.02139840000049631}], [{""pair"": [0, 10, 1, 14], ""acc"": 1.1, ""vel"": 25.7, ""pos"": 76.1, ""error"": 0.3309984000005137}], [{""pair"": [0, 10, 2, 14], ""acc"": 1.1, ""vel"": 26.02, ""pos"": 74.5, ""error"": 1.6213984000004906}]]"
0.3,26.02,76.60000000000001,0.3,26.02,76.2,0.3,26.02,76.6,3,"[{""pair"": [3, 2, 2, 12], ""acc"": 0.3, ""vel"": 26.02, ""pos"": 76.6, ""error"": 0.0627166500001124}]","[[{""pair"": [3, 2, 0, 12], ""acc"": 3.5, ""vel"": 26.02, ""pos"": 76.2, ""error"": 0.3474833499998766}], [{""pair"": [3, 2, 2, 12], ""acc"": 0.3, ""vel"": 26.02, ""pos"": 76.6, ""error"": 0.0627166500001124}], [{""pair"": [0, 12, 0, 2], ""acc"": 3.5, ""vel"": 20.9, ""pos"": 76.2, ""error"": 5.467483349999878}], [{""pair"": [0, 12, 2, 2], ""acc"": 3.5, ""vel"": 26.02, ""pos"": 76.2, ""error"": 0.3474833499998766}], [{""pair"": [2, 12, 0, 2], ""acc"": 0.3, ""vel"": 20.9, ""pos"": 76.6, ""error"": 5.182716650000113}], [{""pair"": [2, 12, 2, 2], ""acc"": 0.3, ""vel"": 26.02, ""pos"": 76.6, ""error"": 0.0627166500001124}]]"
0.3,26.03,77.0,0.3,5.55,77.0,0.3,26.03,77.8,3,"[{""pair"": [0, 4, 2, 13], ""acc"": 0.3, ""vel"": 26.03, ""pos"": 77.8, ""error"": 0.3412766499996067}]","[[{""pair"": [3, 13, 0, 4], ""acc"": 0.3, ""vel"": 26.03, ""pos"": 77.0, ""error"": 0.45892335000038287}], [{""pair"": [3, 13, 1, 4], ""acc"": 0.3, ""vel"": 5.55, ""pos"": 179.4, ""error"": 122.42107664999962}], [{""pair"": [3, 13, 2, 4], ""acc"": 0.3, ""vel"": 5.55, ""pos"": 77.0, ""error"": 20.93872335000039}], [{""pair"": [0, 4, 0, 13], ""acc"": 6.7, ""vel"": 26.03, ""pos"": 77.0, ""error"": 0.45892335000038287}], [{""pair"": [0, 4, 1, 13], ""acc"": 0.3, ""vel"": 26.19, ""pos"": 77.0, ""error"": 0.618923350000383}], [{""pair"": [0, 4, 2, 13], ""acc"": 0.3, ""vel"": 26.03, ""pos"": 77.8, ""error"": 0.3412766499996067}], [{""pair"": [1, 4, 0, 13], ""acc"": 6.7, ""vel"": 5.55, ""pos"": 179.4, ""error"": 122.42107664999962}], [{""pair"": [1, 4, 1, 13], ""acc"": 0.3, ""vel"": 5.71, ""pos"": 179.4, ""error"": 122.26107664999962}], [{""pair"": [1, 4, 2, 13], ""acc"": 0.3, ""vel"": 5.55, ""pos"": 180.2, ""error"": 123.2210766499996}], [{""pair"": [2, 4, 0, 13], ""acc"": 6.7, ""vel"": 5.55, ""pos"": 77.0, ""error"": 20.93872335000039}], [{""pair"": [2, 4, 1, 13], ""acc"": 0.3, ""vel"": 5.71, ""pos"": 77.0, ""error"": 20.77872335000039}], [{""pair"": [2, 4, 2, 13], ""acc"": 0.3, ""vel"": 5.55, ""pos"": 77.8, ""error"": 20.821076649999615}]]"
0.3,26.04,77.9,0.7,26.04,77.9,0.3,26.04,77.9,3,"[{""pair"": [3, 1, 0, 9], ""acc"": 0.3, ""vel"": 26.04, ""pos"": 77.9, ""error"": 0.7853933999997693}]","[[{""pair"": [3, 1, 3, 9], ""acc"": 0.7, ""vel"": 26.04, ""pos"": 77.9, ""error"": 0.7853933999997693}], [{""pair"": [3, 1, 0, 9], ""acc"": 0.3, ""vel"": 26.04, ""pos"": 77.9, ""error"": 0.7853933999997693}], [{""pair"": [3, 9, 2, 1], ""acc"": 0.7, ""vel"": 26.04, ""pos"": 77.9, ""error"": 0.7853933999997693}], [{""pair"": [2, 1, 0, 9], ""acc"": 0.3, ""vel"": 26.04, ""pos"": 77.9, ""error"": 0.7853933999997693}]]"
0.3,26.05,78.7,0.3,36.29,78.7,0.3,26.05,78.7,3,"[{""pair"": [3, 13, 0, 3], ""acc"": 0.3, ""vel"": 26.05, ""pos"": 78.7, ""error"": 0.38852159999948555}]","[[{""pair"": [3, 13, 0, 3], ""acc"": 0.3, ""vel"": 26.05, ""pos"": 78.7, ""error"": 0.38852159999948555}], [{""pair"": [3, 13, 1, 3], ""acc"": 0.3, ""vel"": 36.29, ""pos"": 27.5, ""error"": 61.06187840000051}]]"
0.3,26.05,79.2,0.3,26.05,56.8,0.3,26.05,79.2,3,"[{""pair"": [1, 2, 2, 15], ""acc"": 0.3, ""vel"": 26.05, ""pos"": 79.2, ""error"": 0.06220665000010683}]","[[{""pair"": [3, 15, 1, 2], ""acc"": 0.3, ""vel"": 26.05, ""pos"": 82.4, ""error"": 3.2622066500001097}], [{""pair"": [3, 15, 2, 2], ""acc"": 0.3, ""vel"": 26.05, ""pos"": 56.8, ""error"": 22.347993349999896}], [{""pair"": [1, 2, 2, 15], ""acc"": 0.3, ""vel"": 26.05, ""pos"": 79.2, ""error"": 0.06220665000010683}], [{""pair"": [2, 2, 2, 15], ""acc"": 0.3, ""vel"": 26.05, ""pos"": 53.6, ""error"": 25.547993349999892}]]"
0.3,26.06,79.60000000000001,0.3,26.06,297.2,0.3,26.06,79.6,3,"[{""pair"": [1, 1, 1, 5], ""acc"": 0.3, ""vel"": 26.06, ""pos"": 79.6, ""error"": 0.047793349999899704}]","[[{""pair"": [3, 1, 3, 5], ""acc"": 0.3, ""vel"": 26.06, ""pos"": 297.2, ""error"": 217.5620066500001}], [{""pair"": [3, 1, 1, 5], ""acc"": 0.3, ""vel"": 26.06, ""pos"": 92.4, ""error"": 12.76200665000011}], [{""pair"": [3, 1, 2, 5], ""acc"": 0.3, ""vel"": 26.06, ""pos"": 297.2, ""error"": 217.5620066500001}], [{""pair"": [3, 5, 1, 1], ""acc"": 0.3, ""vel"": 26.06, ""pos"": 284.4, ""error"": 204.76200665000007}], [{""pair"": [1, 1, 1, 5], ""acc"": 0.3, ""vel"": 26.06, ""pos"": 79.6, ""error"": 0.047793349999899704}], [{""pair"": [1, 1, 2, 5], ""acc"": 0.3, ""vel"": 26.06, ""pos"": 284.4, ""error"": 204.76200665000007}]]"
0.3,26.06,80.10000000000001,0.3,26.06,284.9,0.3,26.06,80.1,3,"[{""pair"": [3, 2, 1, 5], ""acc"": 0.3, ""vel"": 26.06, ""pos"": 80.1, ""error"": 0.08780160000097226}]","[[{""pair"": [3, 2, 3, 5], ""acc"": 0.3, ""vel"": 26.06, ""pos"": 284.9, ""error"": 204.88780160000096}], [{""pair"": [3, 2, 1, 5], ""acc"": 0.3, ""vel"": 26.06, ""pos"": 80.1, ""error"": 0.08780160000097226}], [{""pair"": [3, 2, 2, 5], ""acc"": 0.3, ""vel"": 26.06, ""pos"": 284.9, ""error"": 204.88780160000096}], [{""pair"": [3, 5, 0, 2], ""acc"": 0.3, ""vel"": 20.94, ""pos"": 284.9, ""error"": 210.00780160000096}], [{""pair"": [3, 5, 1, 2], ""acc"": 0.3, ""vel"": 26.06, ""pos"": 259.3, ""error"": 179.287801600001}], [{""pair"": [3, 5, 2, 2], ""acc"": 0.3, ""vel"": 26.06, ""pos"": 284.9, ""error"": 204.88780160000096}], [{""pair"": [0, 2, 1, 5], ""acc"": 0.3, ""vel"": 20.94, ""pos"": 80.1, ""error"": 5.20780160000097}], [{""pair"": [0, 2, 2, 5], ""acc"": 0.3, ""vel"": 20.94, ""pos"": 284.9, ""error"": 210.00780160000096}], [{""pair"": [1, 2, 1, 5], ""acc"": 0.3, ""vel"": 26.06, ""pos"": 54.5, ""error"": 25.521798399999}], [{""pair"": [1, 2, 2, 5], ""acc"": 0.3, ""vel"": 26.06, ""pos"": 259.3, ""error"": 179.287801600001}], [{""pair"": [2, 2, 1, 5], ""acc"": 0.3, ""vel"": 26.06, ""pos"": 80.1, ""error"": 0.08780160000097226}], [{""pair"": [2, 2, 2, 5], ""acc"": 0.3, ""vel"": 26.06, ""pos"": 284.9, ""error"": 204.88780160000096}]]"
0.3,26.07,80.5,0.3,26.07,80.5,0.3,26.07,80.5,3,"[{""pair"": [3, 5, 2, 3], ""acc"": 0.3, ""vel"": 26.07, ""pos"": 80.5, ""error"": 0.04796334999988616}]","[[{""pair"": [3, 5, 0, 3], ""acc"": 0.3, ""vel"": 36.31, ""pos"": 80.5, ""error"": 10.287963349999888}], [{""pair"": [3, 5, 2, 3], ""acc"": 0.3, ""vel"": 26.07, ""pos"": 80.5, ""error"": 0.04796334999988616}], [{""pair"": [0, 3, 0, 5], ""acc"": 0.3, ""vel"": 77.27, ""pos"": 80.5, ""error"": 51.24796334999988}], [{""pair"": [0, 3, 1, 5], ""acc"": 0.3, ""vel"": 36.31, ""pos"": 285.3, ""error"": 215.00183665000012}], [{""pair"": [2, 3, 0, 5], ""acc"": 0.3, ""vel"": 67.03, ""pos"": 80.5, ""error"": 41.00796334999988}], [{""pair"": [2, 3, 1, 5], ""acc"": 0.3, ""vel"": 26.07, ""pos"": 285.3, ""error"": 204.7618366500001}]]"
0.3,26.07,80.9,0.3,26.03,80.9,0.3,26.07,80.9,3,"[{""pair"": [3, 0, 1, 11], ""acc"": 0.3, ""vel"": 26.07, ""pos"": 80.9, ""error"": 0.04833334999987926}]","[[{""pair"": [3, 0, 0, 11], ""acc"": 1.9, ""vel"": 26.03, ""pos"": 80.9, ""error"": 0.08833334999987841}], [{""pair"": [3, 0, 1, 11], ""acc"": 0.3, ""vel"": 26.07, ""pos"": 80.9, ""error"": 0.04833334999987926}], [{""pair"": [3, 0, 2, 11], ""acc"": 0.3, ""vel"": 26.03, ""pos"": 81.1, ""error"": 0.20186665000010606}], [{""pair"": [0, 0, 0, 11], ""acc"": 1.9, ""vel"": 27.31, ""pos"": 80.9, ""error"": 1.2781333499998802}], [{""pair"": [0, 0, 1, 11], ""acc"": 0.3, ""vel"": 27.35, ""pos"": 80.9, ""error"": 1.3181333499998829}], [{""pair"": [0, 0, 2, 11], ""acc"": 0.3, ""vel"": 27.31, ""pos"": 81.1, ""error"": 1.3916666500001078}], [{""pair"": [1, 0, 0, 11], ""acc"": 1.9, ""vel"": 26.03, ""pos"": 87.3, ""error"": 6.401866650000109}], [{""pair"": [1, 0, 1, 11], ""acc"": 0.3, ""vel"": 26.07, ""pos"": 87.3, ""error"": 6.36186665000011}], [{""pair"": [1, 0, 2, 11], ""acc"": 0.3, ""vel"": 26.03, ""pos"": 87.5, ""error"": 6.601866650000112}], [{""pair"": [2, 0, 0, 11], ""acc"": 1.9, ""vel"": 26.03, ""pos"": 80.9, ""error"": 0.08833334999987841}], [{""pair"": [2, 0, 1, 11], ""acc"": 0.3, ""vel"": 26.07, ""pos"": 80.9, ""error"": 0.04833334999987926}], [{""pair"": [2, 0, 2, 11], ""acc"": 0.3, ""vel"": 26.03, ""pos"": 81.1, ""error"": 0.20186665000010606}]]"
0.3,26.08,81.4,0.3,26.08,81.4,0.1,26.08,81.4,3,"[{""pair"": [3, 2, 0, 8], ""acc"": 0.1, ""vel"": 26.08, ""pos"": 81.4, ""error"": 0.36057335000038293}]","[[{""pair"": [3, 2, 0, 8], ""acc"": 0.1, ""vel"": 26.08, ""pos"": 81.4, ""error"": 0.36057335000038293}], [{""pair"": [3, 2, 2, 8], ""acc"": 0.3, ""vel"": 26.08, ""pos"": 81.4, ""error"": 0.36057335000038293}], [{""pair"": [0, 2, 0, 8], ""acc"": 0.1, ""vel"": 20.96, ""pos"": 81.4, ""error"": 5.480373350000395}], [{""pair"": [0, 2, 2, 8], ""acc"": 0.3, ""vel"": 20.96, ""pos"": 81.4, ""error"": 5.480373350000395}], [{""pair"": [1, 2, 0, 8], ""acc"": 0.1, ""vel"": 26.08, ""pos"": 55.8, ""error"": 25.96057335000039}], [{""pair"": [1, 2, 2, 8], ""acc"": 0.3, ""vel"": 26.08, ""pos"": 55.8, ""error"": 25.96057335000039}], [{""pair"": [2, 2, 0, 8], ""acc"": 0.1, ""vel"": 26.08, ""pos"": 81.4, ""error"": 0.36057335000038293}], [{""pair"": [2, 2, 2, 8], ""acc"": 0.3, ""vel"": 26.08, ""pos"": 81.4, ""error"": 0.36057335000038293}]]"
0.4,26.09,82.2,-25.2,26.09,82.2,0.4,26.09,82.2,3,"[{""pair"": [0, 15, 2, 5], ""acc"": 0.4, ""vel"": 26.09, ""pos"": 82.2, ""error"": 0.3649255500001054}]","[[{""pair"": [0, 15, 0, 5], ""acc"": 0.4, ""vel"": 67.05, ""pos"": 82.2, ""error"": 41.3249255500001}], [{""pair"": [0, 15, 1, 5], ""acc"": 0.4, ""vel"": 26.09, ""pos"": 287.0, ""error"": 205.1649255500001}], [{""pair"": [0, 15, 2, 5], ""acc"": 0.4, ""vel"": 26.09, ""pos"": 82.2, ""error"": 0.3649255500001054}], [{""pair"": [2, 15, 0, 5], ""acc"": -25.2, ""vel"": 67.05, ""pos"": 79.0, ""error"": 43.8116744499999}], [{""pair"": [2, 15, 1, 5], ""acc"": -25.2, ""vel"": 26.09, ""pos"": 283.8, ""error"": 201.96492555000012}], [{""pair"": [2, 15, 2, 5], ""acc"": -25.2, ""vel"": 26.09, ""pos"": 79.0, ""error"": 2.8516744499999014}]]"
0.4,26.1,82.7,0.4,5.62,82.7,0.4,26.1,82.7,3,"[{""pair"": [3, 2, 0, 4], ""acc"": 0.4, ""vel"": 26.1, ""pos"": 82.7, ""error"": 0.08610879999948295}]","[[{""pair"": [3, 2, 3, 4], ""acc"": 0.4, ""vel"": 5.62, ""pos"": 82.7, ""error"": 20.558908799999493}], [{""pair"": [3, 2, 0, 4], ""acc"": 0.4, ""vel"": 26.1, ""pos"": 82.7, ""error"": 0.08610879999948295}], [{""pair"": [3, 2, 1, 4], ""acc"": 0.4, ""vel"": 5.62, ""pos"": 185.1, ""error"": 122.95890879999948}], [{""pair"": [3, 2, 2, 4], ""acc"": 0.4, ""vel"": 5.62, ""pos"": 82.7, ""error"": 20.558908799999493}]]"
0.4,26.1,83.10000000000001,1.2,26.1,185.5,0.4,26.1,83.1,3,"[{""pair"": [1, 4, 0, 10], ""acc"": 0.4, ""vel"": 26.1, ""pos"": 83.1, ""error"": 0.5012311999997934}]","[[{""pair"": [3, 10, 0, 4], ""acc"": 1.2, ""vel"": 5.62, ""pos"": 185.5, ""error"": 122.40596880000021}], [{""pair"": [3, 10, 1, 4], ""acc"": 1.2, ""vel"": 26.1, ""pos"": 83.1, ""error"": 0.5012311999997934}], [{""pair"": [3, 10, 2, 4], ""acc"": 1.2, ""vel"": 26.1, ""pos"": 185.5, ""error"": 101.9259688000002}], [{""pair"": [0, 4, 0, 10], ""acc"": 0.4, ""vel"": 5.62, ""pos"": 185.5, ""error"": 122.40596880000021}], [{""pair"": [0, 4, 1, 10], ""acc"": 1.2, ""vel"": 5.6, ""pos"": 185.5, ""error"": 122.4259688000002}], [{""pair"": [0, 4, 2, 10], ""acc"": 1.2, ""vel"": 5.62, ""pos"": 185.4, ""error"": 122.30596880000022}], [{""pair"": [1, 4, 0, 10], ""acc"": 0.4, ""vel"": 26.1, ""pos"": 83.1, ""error"": 0.5012311999997934}], [{""pair"": [1, 4, 1, 10], ""acc"": 1.2, ""vel"": 26.08, ""pos"": 83.1, ""error"": 0.5212311999997965}], [{""pair"": [1, 4, 2, 10], ""acc"": 1.2, ""vel"": 26.1, ""pos"": 83.0, ""error"": 0.6012311999997877}], [{""pair"": [2, 4, 0, 10], ""acc"": 0.4, ""vel"": 26.1, ""pos"": 185.5, ""error"": 101.9259688000002}], [{""pair"": [2, 4, 1, 10], ""acc"": 1.2, ""vel"": 26.08, ""pos"": 185.5, ""error"": 101.9459688000002}], [{""pair"": [2, 4, 2, 10], ""acc"": 1.2, ""vel"": 26.1, ""pos"": 185.4, ""error"": 101.82596880000021}]]"
0.5,26.12,84.0,0.5,26.76,84.0,0.5,26.12,84.0,3,"[{""pair"": [3, 12, 1, 15], ""acc"": 0.5, ""vel"": 26.12, ""pos"": 84.0, ""error"": 0.4959487999994927}]","[[{""pair"": [3, 12, 3, 15], ""acc"": 0.5, ""vel"": 26.76, ""pos"": 84.0, ""error"": 1.1359487999994933}], [{""pair"": [3, 12, 1, 15], ""acc"": 0.5, ""vel"": 26.12, ""pos"": 84.0, ""error"": 0.4959487999994927}], [{""pair"": [3, 15, 0, 12], ""acc"": 3.7, ""vel"": 26.76, ""pos"": 84.0, ""error"": 1.1359487999994933}], [{""pair"": [3, 15, 1, 12], ""acc"": 0.5, ""vel"": 26.84, ""pos"": 84.0, ""error"": 1.2159487999994916}], [{""pair"": [3, 15, 2, 12], ""acc"": 0.5, ""vel"": 26.76, ""pos"": 84.4, ""error"": 1.535948799999499}], [{""pair"": [0, 12, 1, 15], ""acc"": 3.7, ""vel"": 26.12, ""pos"": 84.0, ""error"": 0.4959487999994927}], [{""pair"": [1, 12, 1, 15], ""acc"": 0.5, ""vel"": 26.2, ""pos"": 84.0, ""error"": 0.575948799999491}], [{""pair"": [2, 12, 1, 15], ""acc"": 0.5, ""vel"": 26.12, ""pos"": 84.4, ""error"": 0.8959487999994984}]]"
0.5,26.13,84.4,0.5,26.13,84.5,0.5,26.13,84.4,3,"[{""pair"": [3, 1, 2, 10], ""acc"": 0.5, ""vel"": 26.13, ""pos"": 84.4, ""error"": 0.045612249999884114}]","[[{""pair"": [3, 1, 2, 10], ""acc"": 0.5, ""vel"": 26.13, ""pos"": 84.4, ""error"": 0.045612249999884114}], [{""pair"": [0, 1, 2, 10], ""acc"": 0.5, ""vel"": 28.69, ""pos"": 84.4, ""error"": 2.6056122499998864}], [{""pair"": [1, 1, 2, 10], ""acc"": 0.5, ""vel"": 26.13, ""pos"": 97.2, ""error"": 12.757387750000113}], [{""pair"": [2, 1, 2, 10], ""acc"": 0.5, ""vel"": 26.13, ""pos"": 84.4, ""error"": 0.045612249999884114}]]"
0.5,26.14,84.80000000000001,0.4,26.78,84.8,0.5,26.14,84.8,3,"[{""pair"": [0, 7, 1, 15], ""acc"": 0.5, ""vel"": 26.14, ""pos"": 84.8, ""error"": 0.4690622500004089}]","[[{""pair"": [3, 15, 0, 7], ""acc"": 0.5, ""vel"": 26.78, ""pos"": 84.8, ""error"": 1.0960622500003971}], [{""pair"": [3, 15, 1, 7], ""acc"": 0.4, ""vel"": 26.78, ""pos"": 904.0, ""error"": 819.3709377499996}], [{""pair"": [0, 7, 1, 15], ""acc"": 0.5, ""vel"": 26.14, ""pos"": 84.8, ""error"": 0.4690622500004089}], [{""pair"": [1, 7, 1, 15], ""acc"": 0.4, ""vel"": 26.14, ""pos"": 904.0, ""error"": 818.7439377499995}]]"
0.5,26.15,85.7,0.5,67.19,85.7,0.5,26.15,85.7,3,"[{""pair"": [0, 5, 1, 12], ""acc"": 0.5, ""vel"": 26.15, ""pos"": 85.7, ""error"": 0.017951000000216766}]","[[{""pair"": [3, 5, 1, 12], ""acc"": 0.5, ""vel"": 67.11, ""pos"": 85.7, ""error"": 40.96395100000022}], [{""pair"": [0, 5, 1, 12], ""acc"": 0.5, ""vel"": 26.15, ""pos"": 85.7, ""error"": 0.017951000000216766}], [{""pair"": [2, 5, 1, 12], ""acc"": 0.5, ""vel"": 67.11, ""pos"": 85.7, ""error"": 40.96395100000022}]]"
0.5,26.17,86.60000000000001,0.5,108.11,86.6,0.5,26.17,86.6,3,"[{""pair"": [0, 6, 1, 10], ""acc"": 0.5, ""vel"": 26.17, ""pos"": 86.6, ""error"": 0.4935360000009936}]","[[{""pair"": [3, 6, 1, 10], ""acc"": 0.5, ""vel"": 108.09, ""pos"": 86.6, ""error"": 82.41353600000099}], [{""pair"": [0, 6, 1, 10], ""acc"": 0.5, ""vel"": 26.17, ""pos"": 86.6, ""error"": 0.4935360000009936}]]"
0.5,26.18,87.0,0.5,26.22,35.8,0.5,26.18,87.0,3,"[{""pair"": [1, 3, 1, 11], ""acc"": 0.5, ""vel"": 26.18, ""pos"": 87.0, ""error"": 0.04646224999988391}]","[[{""pair"": [3, 3, 1, 11], ""acc"": 0.5, ""vel"": 26.18, ""pos"": 35.8, ""error"": 51.24646224999989}], [{""pair"": [3, 3, 2, 11], ""acc"": 0.5, ""vel"": 26.22, ""pos"": 35.6, ""error"": 51.48646224999988}], [{""pair"": [0, 3, 1, 11], ""acc"": 0.5, ""vel"": 36.42, ""pos"": 35.8, ""error"": 61.48646224999989}], [{""pair"": [0, 3, 2, 11], ""acc"": 0.5, ""vel"": 36.46, ""pos"": 35.6, ""error"": 61.726462249999884}], [{""pair"": [1, 3, 1, 11], ""acc"": 0.5, ""vel"": 26.18, ""pos"": 87.0, ""error"": 0.04646224999988391}], [{""pair"": [1, 3, 2, 11], ""acc"": 0.5, ""vel"": 26.22, ""pos"": 86.8, ""error"": 0.2864622499998859}], [{""pair"": [2, 3, 1, 11], ""acc"": 0.5, ""vel"": 26.18, ""pos"": 35.8, ""error"": 51.24646224999989}], [{""pair"": [2, 3, 2, 11], ""acc"": 0.5, ""vel"": 26.22, ""pos"": 35.6, ""error"": 51.48646224999988}]]"
0.5,26.18,87.4,0.5,26.18,87.8,2.1,26.18,87.8,3,"[{""pair"": [3, 13, 0, 11], ""acc"": 2.1, ""vel"": 26.18, ""pos"": 87.8, ""error"": 0.08071225000041693}]","[[{""pair"": [3, 11, 1, 12], ""acc"": 0.5, ""vel"": 26.1, ""pos"": 87.8, ""error"": 0.16071225000041522}], [{""pair"": [3, 11, 2, 12], ""acc"": 0.5, ""vel"": 26.18, ""pos"": 87.4, ""error"": 0.4807122500004084}], [{""pair"": [3, 13, 0, 11], ""acc"": 2.1, ""vel"": 26.18, ""pos"": 87.8, ""error"": 0.08071225000041693}], [{""pair"": [3, 13, 1, 11], ""acc"": 0.5, ""vel"": 26.22, ""pos"": 87.8, ""error"": 0.08771225000040062}], [{""pair"": [0, 11, 1, 13], ""acc"": 2.1, ""vel"": 26.02, ""pos"": 87.8, ""error"": 0.24071225000041707}], [{""pair"": [0, 11, 2, 13], ""acc"": 2.1, ""vel"": 26.18, ""pos"": 87.0, ""error"": 0.8807122500004141}], [{""pair"": [1, 11, 1, 13], ""acc"": 0.5, ""vel"": 26.06, ""pos"": 87.8, ""error"": 0.20071225000041792}], [{""pair"": [1, 11, 2, 13], ""acc"": 0.5, ""vel"": 26.22, ""pos"": 87.0, ""error"": 0.8877122500003978}], [{""pair"": [2, 11, 1, 12], ""acc"": 0.5, ""vel"": 26.1, ""pos"": 87.6, ""error"": 0.36071225000041807}], [{""pair"": [2, 11, 2, 12], ""acc"": 0.5, ""vel"": 26.18, ""pos"": 87.2, ""error"": 0.6807122500004112}]]"
0.5,26.2,88.30000000000001,0.5,26.2,497.9,0.5,26.2,88.3,3,"[{""pair"": [3, 13, 1, 6], ""acc"": 0.5, ""vel"": 26.2, ""pos"": 88.3, ""error"": 0.0703365500000892}]","[[{""pair"": [3, 6, 3, 13], ""acc"": 0.5, ""vel"": 26.2, ""pos"": 497.9, ""error"": 409.67033655000006}], [{""pair"": [3, 6, 0, 13], ""acc"": 6.9, ""vel"": 26.2, ""pos"": 497.9, ""error"": 409.67033655000006}], [{""pair"": [3, 6, 2, 13], ""acc"": 0.5, ""vel"": 26.2, ""pos"": 498.7, ""error"": 410.47033655000007}], [{""pair"": [3, 13, 1, 6], ""acc"": 0.5, ""vel"": 26.2, ""pos"": 88.3, ""error"": 0.0703365500000892}], [{""pair"": [1, 6, 0, 13], ""acc"": 6.9, ""vel"": 26.2, ""pos"": 88.3, ""error"": 0.0703365500000892}], [{""pair"": [1, 6, 2, 13], ""acc"": 0.5, ""vel"": 26.2, ""pos"": 89.1, ""error"": 0.8703365500000864}]]"
0.5,26.21,88.80000000000001,0.5,26.21,63.2,0.5,26.21,88.8,3,"[{""pair"": [3, 8, 1, 2], ""acc"": 0.5, ""vel"": 26.21, ""pos"": 88.8, ""error"": 0.05602775000010851}]","[[{""pair"": [3, 8, 1, 2], ""acc"": 0.5, ""vel"": 26.21, ""pos"": 88.8, ""error"": 0.05602775000010851}], [{""pair"": [3, 8, 2, 2], ""acc"": 0.5, ""vel"": 26.21, ""pos"": 63.2, ""error"": 25.546972249999893}], [{""pair"": [1, 2, 2, 8], ""acc"": 0.5, ""vel"": 26.21, ""pos"": 88.8, ""error"": 0.05602775000010851}], [{""pair"": [2, 2, 2, 8], ""acc"": 0.5, ""vel"": 26.21, ""pos"": 63.2, ""error"": 25.546972249999893}]]"
0.5,26.22,89.2,0.5,26.18,89.2,0.5,26.22,89.2,3,"[{""pair"": [3, 10, 1, 11], ""acc"": 0.5, ""vel"": 26.22, ""pos"": 89.2, ""error"": 0.021424000000486387}]","[[{""pair"": [3, 10, 3, 11], ""acc"": 0.5, ""vel"": 26.18, ""pos"": 89.2, ""error"": 0.05742400000050907}], [{""pair"": [3, 10, 0, 11], ""acc"": 2.1, ""vel"": 26.18, ""pos"": 89.2, ""error"": 0.05742400000050907}], [{""pair"": [3, 10, 1, 11], ""acc"": 0.5, ""vel"": 26.22, ""pos"": 89.2, ""error"": 0.021424000000486387}], [{""pair"": [3, 10, 2, 11], ""acc"": 0.5, ""vel"": 26.18, ""pos"": 89.4, ""error"": 0.2185759999995156}], [{""pair"": [3, 11, 1, 10], ""acc"": 0.5, ""vel"": 26.16, ""pos"": 89.2, ""error"": 0.07742400000050864}], [{""pair"": [3, 9, 1, 9], ""acc"": 0.5, ""vel"": 26.19, ""pos"": 89.2, ""error"": 0.047424000000507505}], [{""pair"": [3, 9, 2, 9], ""acc"": 0.5, ""vel"": 26.18, ""pos"": 89.2, ""error"": 0.05742400000050907}], [{""pair"": [1, 9, 2, 9], ""acc"": 0.5, ""vel"": 26.19, ""pos"": 89.2, ""error"": 0.047424000000507505}], [{""pair"": [2, 9, 1, 9], ""acc"": 0.5, ""vel"": 26.19, ""pos"": 89.2, ""error"": 0.047424000000507505}], [{""pair"": [1, 10, 0, 11], ""acc"": 2.1, ""vel"": 26.16, ""pos"": 89.2, ""error"": 0.07742400000050864}], [{""pair"": [1, 10, 1, 11], ""acc"": 0.5, ""vel"": 26.2, ""pos"": 89.2, ""error"": 0.037424000000509494}], [{""pair"": [1, 10, 2, 11], ""acc"": 0.5, ""vel"": 26.16, ""pos"": 89.4, ""error"": 0.23857599999951518}]]"
0.5,26.22,89.60000000000001,0.5,36.46,89.6,0.5,26.22,89.6,3,"[{""pair"": [3, 6, 0, 3], ""acc"": 0.5, ""vel"": 26.22, ""pos"": 89.6, ""error"": 0.05431224999989581}]","[[{""pair"": [3, 3, 3, 6], ""acc"": 0.5, ""vel"": 36.46, ""pos"": 89.6, ""error"": 10.277312249999902}], [{""pair"": [3, 3, 2, 6], ""acc"": 0.5, ""vel"": 36.46, ""pos"": 89.6, ""error"": 10.277312249999902}], [{""pair"": [3, 6, 0, 3], ""acc"": 0.5, ""vel"": 26.22, ""pos"": 89.6, ""error"": 0.05431224999989581}], [{""pair"": [3, 6, 1, 3], ""acc"": 0.5, ""vel"": 36.46, ""pos"": 38.4, ""error"": 61.4773122499999}], [{""pair"": [3, 6, 2, 3], ""acc"": 0.5, ""vel"": 36.46, ""pos"": 89.6, ""error"": 10.277312249999902}], [{""pair"": [0, 3, 2, 6], ""acc"": 0.5, ""vel"": 26.22, ""pos"": 89.6, ""error"": 0.05431224999989581}], [{""pair"": [1, 3, 2, 6], ""acc"": 0.5, ""vel"": 36.46, ""pos"": 38.4, ""error"": 61.4773122499999}], [{""pair"": [2, 3, 2, 6], ""acc"": 0.5, ""vel"": 36.46, ""pos"": 89.6, ""error"": 10.277312249999902}]]"
0.5,26.23,90.1,0.5,26.23,90.1,0.5,26.23,90.1,3,"[{""pair"": [3, 0, 2, 7], ""acc"": 0.5, ""vel"": 26.23, ""pos"": 90.1, ""error"": 0.05568775000011428}]","[[{""pair"": [3, 0, 1, 7], ""acc"": 0.5, ""vel"": 26.23, ""pos"": 909.3, ""error"": 819.25568775}], [{""pair"": [3, 0, 2, 7], ""acc"": 0.5, ""vel"": 26.23, ""pos"": 90.1, ""error"": 0.05568775000011428}], [{""pair"": [0, 0, 1, 7], ""acc"": 0.5, ""vel"": 27.51, ""pos"": 909.3, ""error"": 820.5356877500001}], [{""pair"": [0, 0, 2, 7], ""acc"": 0.5, ""vel"": 27.51, ""pos"": 90.1, ""error"": 1.3356877500001154}], [{""pair"": [1, 0, 1, 7], ""acc"": 0.5, ""vel"": 26.23, ""pos"": 915.7, ""error"": 825.6556877500001}], [{""pair"": [1, 0, 2, 7], ""acc"": 0.5, ""vel"": 26.23, ""pos"": 96.5, ""error"": 6.45568775000012}], [{""pair"": [2, 0, 1, 7], ""acc"": 0.5, ""vel"": 26.23, ""pos"": 909.3, ""error"": 819.25568775}], [{""pair"": [2, 0, 2, 7], ""acc"": 0.5, ""vel"": 26.23, ""pos"": 90.1, ""error"": 0.05568775000011428}]]"
0.5,26.24,90.5,0.5,26.4,90.5,0.5,26.24,90.5,3,"[{""pair"": [3, 8, 1, 13], ""acc"": 0.5, ""vel"": 26.24, ""pos"": 90.5, ""error"": 0.021744000000488484}]","[[{""pair"": [3, 8, 1, 13], ""acc"": 0.5, ""vel"": 26.24, ""pos"": 90.5, ""error"": 0.021744000000488484}], [{""pair"": [3, 8, 2, 13], ""acc"": 0.5, ""vel"": 26.4, ""pos"": 89.7, ""error"": 0.9817440000004858}], [{""pair"": [2, 8, 1, 13], ""acc"": 0.5, ""vel"": 26.24, ""pos"": 90.5, ""error"": 0.021744000000488484}], [{""pair"": [2, 8, 2, 13], ""acc"": 0.5, ""vel"": 26.4, ""pos"": 89.7, ""error"": 0.9817440000004858}]]"
0.5,26.25,90.9,0.5,26.25,90.9,0.5,26.25,90.9,3,"[{""pair"": [3, 5, 3, 15], ""acc"": 0.5, ""vel"": 26.25, ""pos"": 90.9, ""error"": 0.0476522499998957}]","[[{""pair"": [3, 5, 3, 15], ""acc"": 0.5, ""vel"": 26.25, ""pos"": 90.9, ""error"": 0.0476522499998957}], [{""pair"": [3, 5, 0, 15], ""acc"": -25.1, ""vel"": 26.25, ""pos"": 90.9, ""error"": 0.0476522499998957}], [{""pair"": [3, 5, 2, 15], ""acc"": 0.5, ""vel"": 26.25, ""pos"": 94.1, ""error"": 3.1553477500001}], [{""pair"": [3, 15, 0, 5], ""acc"": 0.5, ""vel"": 67.21, ""pos"": 90.9, ""error"": 41.00765224999989}], [{""pair"": [3, 15, 1, 5], ""acc"": 0.5, ""vel"": 26.25, ""pos"": 295.7, ""error"": 204.75534775000008}], [{""pair"": [3, 15, 2, 5], ""acc"": 0.5, ""vel"": 26.25, ""pos"": 90.9, ""error"": 0.0476522499998957}], [{""pair"": [0, 5, 0, 15], ""acc"": -25.1, ""vel"": 67.21, ""pos"": 90.9, ""error"": 41.00765224999989}], [{""pair"": [0, 5, 2, 15], ""acc"": 0.5, ""vel"": 67.21, ""pos"": 94.1, ""error"": 44.1153477500001}], [{""pair"": [1, 5, 0, 15], ""acc"": -25.1, ""vel"": 26.25, ""pos"": 295.7, ""error"": 204.75534775000008}], [{""pair"": [1, 5, 2, 15], ""acc"": 0.5, ""vel"": 26.25, ""pos"": 298.9, ""error"": 207.95534775000007}], [{""pair"": [2, 5, 0, 15], ""acc"": -25.1, ""vel"": 26.25, ""pos"": 90.9, ""error"": 0.0476522499998957}], [{""pair"": [2, 5, 2, 15], ""acc"": 0.5, ""vel"": 26.25, ""pos"": 94.1, ""error"": 3.1553477500001}]]"
0.5,26.25,91.4,0.5,67.21,91.4,0.5,26.25,91.4,3,"[{""pair"": [3, 12, 0, 5], ""acc"": 0.5, ""vel"": 26.25, ""pos"": 91.4, ""error"": 0.06217775000010306}]","[[{""pair"": [3, 12, 0, 5], ""acc"": 0.5, ""vel"": 26.25, ""pos"": 91.4, ""error"": 0.06217775000010306}], [{""pair"": [3, 12, 2, 5], ""acc"": 0.5, ""vel"": 67.21, ""pos"": 91.4, ""error"": 41.0051777500001}], [{""pair"": [0, 5, 0, 12], ""acc"": 3.7, ""vel"": 26.25, ""pos"": 91.4, ""error"": 0.06217775000010306}], [{""pair"": [0, 5, 1, 12], ""acc"": 0.5, ""vel"": 26.33, ""pos"": 91.4, ""error"": 0.12517775000010545}], [{""pair"": [0, 5, 2, 12], ""acc"": 0.5, ""vel"": 26.25, ""pos"": 91.8, ""error"": 0.46217775000009453}], [{""pair"": [2, 5, 0, 12], ""acc"": 3.7, ""vel"": 67.21, ""pos"": 91.4, ""error"": 41.0051777500001}], [{""pair"": [2, 5, 1, 12], ""acc"": 0.5, ""vel"": 67.29, ""pos"": 91.4, ""error"": 41.08517775000011}], [{""pair"": [2, 5, 2, 12], ""acc"": 0.5, ""vel"": 67.21, ""pos"": 91.8, ""error"": 41.40517775000009}]]"
0.5,26.26,91.8,0.5,5.78,91.8,0.5,26.26,91.8,3,"[{""pair"": [3, 13, 0, 4], ""acc"": 0.5, ""vel"": 26.26, ""pos"": 91.8, ""error"": 0.022064000000508344}]","[[{""pair"": [3, 13, 0, 4], ""acc"": 0.5, ""vel"": 26.26, ""pos"": 91.8, ""error"": 0.022064000000508344}], [{""pair"": [3, 13, 1, 4], ""acc"": 0.5, ""vel"": 5.78, ""pos"": 194.2, ""error"": 122.85793599999948}], [{""pair"": [3, 13, 2, 4], ""acc"": 0.5, ""vel"": 5.78, ""pos"": 91.8, ""error"": 20.498064000000525}], [{""pair"": [0, 4, 0, 13], ""acc"": 6.9, ""vel"": 26.26, ""pos"": 91.8, ""error"": 0.022064000000508344}], [{""pair"": [0, 4, 1, 13], ""acc"": 0.5, ""vel"": 26.42, ""pos"": 91.8, ""error"": 0.18206400000050849}], [{""pair"": [0, 4, 2, 13], ""acc"": 0.5, ""vel"": 26.26, ""pos"": 92.6, ""error"": 0.7819359999994724}], [{""pair"": [1, 4, 0, 13], ""acc"": 6.9, ""vel"": 5.78, ""pos"": 194.2, ""error"": 122.85793599999948}], [{""pair"": [1, 4, 1, 13], ""acc"": 0.5, ""vel"": 5.94, ""pos"": 194.2, ""error"": 122.69793599999949}], [{""pair"": [1, 4, 2, 13], ""acc"": 0.5, ""vel"": 5.78, ""pos"": 195.0, ""error"": 123.6579359999995}], [{""pair"": [2, 4, 0, 13], ""acc"": 6.9, ""vel"": 5.78, ""pos"": 91.8, ""error"": 20.498064000000525}], [{""pair"": [2, 4, 1, 13], ""acc"": 0.5, ""vel"": 5.94, ""pos"": 91.8, ""error"": 20.338064000000525}], [{""pair"": [2, 4, 2, 13], ""acc"": 0.5, ""vel"": 5.78, ""pos"": 92.6, ""error"": 21.25793599999949}]]"
0.5,26.27,92.2,0.5,108.19,92.2,0.1,26.27,92.2,3,"[{""pair"": [0, 6, 0, 9], ""acc"": 0.1, ""vel"": 26.27, ""pos"": 92.2, ""error"": 0.04799224999988638}]","[[{""pair"": [3, 6, 3, 9], ""acc"": 0.5, ""vel"": 108.19, ""pos"": 92.2, ""error"": 81.96799224999988}], [{""pair"": [3, 6, 0, 9], ""acc"": 0.1, ""vel"": 108.19, ""pos"": 92.2, ""error"": 81.96799224999988}], [{""pair"": [3, 6, 1, 9], ""acc"": 0.5, ""vel"": 108.18, ""pos"": 92.2, ""error"": 81.95799224999989}], [{""pair"": [3, 6, 2, 9], ""acc"": 0.5, ""vel"": 108.19, ""pos"": 92.2, ""error"": 81.96799224999988}], [{""pair"": [3, 9, 0, 6], ""acc"": 0.5, ""vel"": 26.27, ""pos"": 92.2, ""error"": 0.04799224999988638}], [{""pair"": [3, 9, 2, 6], ""acc"": 0.5, ""vel"": 108.19, ""pos"": 92.2, ""error"": 81.96799224999988}], [{""pair"": [0, 6, 0, 9], ""acc"": 0.1, ""vel"": 26.27, ""pos"": 92.2, ""error"": 0.04799224999988638}], [{""pair"": [0, 6, 1, 9], ""acc"": 0.5, ""vel"": 26.26, ""pos"": 92.2, ""error"": 0.05499224999988428}], [{""pair"": [0, 6, 2, 9], ""acc"": 0.5, ""vel"": 26.27, ""pos"": 92.2, ""error"": 0.04799224999988638}], [{""pair"": [2, 6, 0, 9], ""acc"": 0.1, ""vel"": 108.19, ""pos"": 92.2, ""error"": 81.96799224999988}], [{""pair"": [2, 6, 1, 9], ""acc"": 0.5, ""vel"": 108.18, ""pos"": 92.2, ""error"": 81.95799224999989}], [{""pair"": [2, 6, 2, 9], ""acc"": 0.5, ""vel"": 108.19, ""pos"": 92.2, ""error"": 81.96799224999988}]]"
0.4,26.27,92.7,0.4,26.27,297.5,0.4,26.27,92.7,3,"[{""pair"": [2, 1, 1, 5], ""acc"": 0.4, ""vel"": 26.27, ""pos"": 92.7, ""error"": 0.05509555000011801}]","[[{""pair"": [0, 1, 1, 5], ""acc"": 0.4, ""vel"": 28.83, ""pos"": 92.7, ""error"": 2.6116955500001175}], [{""pair"": [2, 1, 1, 5], ""acc"": 0.4, ""vel"": 26.27, ""pos"": 92.7, ""error"": 0.05509555000011801}]]"
0.4,26.28,93.1,0.4,26.28,93.0,0.4,26.28,93.1,3,"[{""pair"": [3, 11, 2, 10], ""acc"": 0.4, ""vel"": 26.28, ""pos"": 93.1, ""error"": 0.47032779999890195}]","[[{""pair"": [3, 10, 3, 11], ""acc"": 0.4, ""vel"": 26.28, ""pos"": 93.0, ""error"": 0.5703277999988963}], [{""pair"": [3, 10, 0, 11], ""acc"": 2.0, ""vel"": 26.28, ""pos"": 93.0, ""error"": 0.5703277999988963}], [{""pair"": [3, 11, 0, 10], ""acc"": 1.2, ""vel"": 26.28, ""pos"": 93.0, ""error"": 0.5703277999988963}], [{""pair"": [3, 11, 1, 10], ""acc"": 0.4, ""vel"": 26.3, ""pos"": 93.0, ""error"": 0.5839277999989321}], [{""pair"": [3, 11, 2, 10], ""acc"": 0.4, ""vel"": 26.28, ""pos"": 93.1, ""error"": 0.47032779999890195}], [{""pair"": [0, 10, 0, 11], ""acc"": 2.8, ""vel"": 26.28, ""pos"": 93.0, ""error"": 0.5703277999988963}], [{""pair"": [1, 10, 0, 11], ""acc"": 2.0, ""vel"": 26.3, ""pos"": 93.0, ""error"": 0.5839277999989321}], [{""pair"": [2, 10, 0, 11], ""acc"": 2.0, ""vel"": 26.28, ""pos"": 93.1, ""error"": 0.47032779999890195}]]"
0.4,26.3,94.0,0.4,26.3,94.0,0.4,26.3,94.0,3,"[{""pair"": [3, 3, 3, 8], ""acc"": 0.4, ""vel"": 26.3, ""pos"": 94.0, ""error"": 0.46638220000011543}]","[[{""pair"": [3, 3, 3, 8], ""acc"": 0.4, ""vel"": 26.3, ""pos"": 94.0, ""error"": 0.46638220000011543}], [{""pair"": [3, 8, 1, 3], ""acc"": 0.4, ""vel"": 26.3, ""pos"": 42.8, ""error"": 50.760017799999886}]]"
0.4,26.3,94.5,0.4,26.3,94.4,0.4,26.3,94.5,3,"[{""pair"": [3, 2, 2, 10], ""acc"": 0.4, ""vel"": 26.3, ""pos"": 94.5, ""error"": 0.38131780000041005}]","[[{""pair"": [3, 2, 0, 10], ""acc"": 1.2, ""vel"": 26.3, ""pos"": 94.4, ""error"": 0.48131780000040436}], [{""pair"": [3, 2, 2, 10], ""acc"": 0.4, ""vel"": 26.3, ""pos"": 94.5, ""error"": 0.38131780000041005}]]"
0.4,26.32,95.3,0.4,5.84,914.5,0.4,26.32,95.3,3,"[{""pair"": [0, 4, 1, 7], ""acc"": 0.4, ""vel"": 26.32, ""pos"": 95.3, ""error"": 0.36604220000011267}]","[[{""pair"": [3, 4, 1, 7], ""acc"": 0.4, ""vel"": 5.84, ""pos"": 95.3, ""error"": 20.81964220000011}], [{""pair"": [3, 4, 2, 7], ""acc"": 0.4, ""vel"": 5.84, ""pos"": 914.5, ""error"": 840.0196422000001}], [{""pair"": [0, 4, 1, 7], ""acc"": 0.4, ""vel"": 26.32, ""pos"": 95.3, ""error"": 0.36604220000011267}], [{""pair"": [0, 4, 2, 7], ""acc"": 0.4, ""vel"": 26.32, ""pos"": 914.5, ""error"": 819.5660422000001}], [{""pair"": [1, 4, 1, 7], ""acc"": 0.4, ""vel"": 5.84, ""pos"": 197.7, ""error"": 123.2196422000001}], [{""pair"": [1, 4, 2, 7], ""acc"": 0.4, ""vel"": 5.84, ""pos"": 1016.9, ""error"": 942.4196422000001}], [{""pair"": [2, 4, 1, 7], ""acc"": 0.4, ""vel"": 5.84, ""pos"": 95.3, ""error"": 20.81964220000011}], [{""pair"": [2, 4, 2, 7], ""acc"": 0.4, ""vel"": 5.84, ""pos"": 914.5, ""error"": 840.0196422000001}]]"
