Quantized_Prec_Acc,Quantized_Prec_Vel,Quantized_Prec_Pos,Received_Prec_Acc,Received_Prec_Vel,Received_Prec_Pos,Mitigated_Prec_Acc,Mitigated_Prec_Vel,Mitigated_Prec_Pos,Miti_List,Perfect_Candidate_List,Miti_List_2D,All_Corrections
1.5,22.9,0.0,8.0,29.7,2799.8,10.8,29.7,2799.8,[],[],[],"[[[0, 0, 0, 0], [10.8, 29.7, 2799.8], 0]]"
1.5,22.93,0.4,8.0,24.08,1912.1,16.4,24.08,1912.1,[],[],[],"[[[0, 0, 0, 0], [16.4, 24.08, 1912.1], 0]]"
1.5,22.96,0.8,8.0,50.0,1338.2,22.0,151.97,1338.2,[],[],[],"[[[0, 0, 0, 0], [22.0, 151.97, 1338.2], 0]]"
1.5,22.98,1.1,6.9,24.04,2279.5,6.9,24.04,2279.5,[],[],[],"[[[0, 0, 0, 0], [6.9, 24.04, 2279.5], 0]]"
1.5,23.01,1.5,8.0,28.53,1452.1,23.8,28.53,1452.1,"[{""pair"": [2, 3, 2, 3], ""acc"": 23.8, ""vel"": 28.53, ""pos"": 1452.1, ""error"": 0}, {""pair"": [2, 3, 2, 3], ""acc"": 23.8, ""vel"": 28.53, ""pos"": 1452.1, ""error"": 0}, {""pair"": [2, 3, 2, 3], ""acc"": 23.8, ""vel"": 28.53, ""pos"": 1452.1, ""error"": 0}, {""pair"": [2, 3, 2, 3], ""acc"": 23.8, ""vel"": 28.53, ""pos"": 1452.1, ""error"": 0}, {""pair"": [2, 3, 2, 3], ""acc"": 23.8, ""vel"": 28.53, ""pos"": 1452.1, ""error"": 0}, {""pair"": [2, 3, 2, 3], ""acc"": 23.8, ""vel"": 28.53, ""pos"": 1452.1, ""error"": 0}, {""pair"": [2, 3, 2, 3], ""acc"": 23.8, ""vel"": 28.53, ""pos"": 1452.1, ""error"": 0}, {""pair"": [2, 3, 2, 3], ""acc"": 23.8, ""vel"": 28.53, ""pos"": 1452.1, ""error"": 0}, {""pair"": [2, 3, 2, 3], ""acc"": 23.8, ""vel"": 28.53, ""pos"": 1452.1, ""error"": 0}, {""pair"": [2, 3, 2, 3], ""acc"": 23.8, ""vel"": 28.53, ""pos"": 1452.1, ""error"": 0}, {""pair"": [2, 3, 2, 3], ""acc"": 23.8, ""vel"": 28.53, ""pos"": 1452.1, ""error"": 0}, {""pair"": [2, 3, 2, 3], ""acc"": 23.8, ""vel"": 28.53, ""pos"": 1452.1, ""error"": 0}, {""pair"": [2, 3, 2, 3], ""acc"": 23.8, ""vel"": 28.53, ""pos"": 1452.1, ""error"": 0}, {""pair"": [2, 3, 2, 3], ""acc"": 23.8, ""vel"": 28.53, ""pos"": 1452.1, ""error"": 0}, {""pair"": [2, 3, 2, 3], ""acc"": 23.8, ""vel"": 28.53, ""pos"": 1452.1, ""error"": 0}, {""pair"": [2, 3, 2, 3], ""acc"": 23.8, ""vel"": 28.53, ""pos"": 1452.1, ""error"": 0}]","[[2, 3, 2, 3], [2, 3, 2, 3], [2, 3, 2, 3], [2, 3, 2, 3], [2, 3, 2, 3], [2, 3, 2, 3], [2, 3, 2, 3], [2, 3, 2, 3], [2, 3, 2, 3], [2, 3, 2, 3], [2, 3, 2, 3], [2, 3, 2, 3], [2, 3, 2, 3], [2, 3, 2, 3], [2, 3, 2, 3], [2, 3, 2, 3]]",[],"[[[2, 3, 2, 3], [23.8, 28.53, 1452.1], 0], [[2, 3, 2, 3], [23.8, 28.53, 1452.1], 0], [[2, 3, 2, 3], [23.8, 28.53, 1452.1], 0], [[2, 3, 2, 3], [23.8, 28.53, 1452.1], 0], [[2, 3, 2, 3], [23.8, 28.53, 1452.1], 0], [[2, 3, 2, 3], [23.8, 28.53, 1452.1], 0], [[2, 3, 2, 3], [23.8, 28.53, 1452.1], 0], [[2, 3, 2, 3], [23.8, 28.53, 1452.1], 0], [[2, 3, 2, 3], [23.8, 28.53, 1452.1], 0], [[2, 3, 2, 3], [23.8, 28.53, 1452.1], 0], [[2, 3, 2, 3], [23.8, 28.53, 1452.1], 0], [[2, 3, 2, 3], [23.8, 28.53, 1452.1], 0], [[2, 3, 2, 3], [23.8, 28.53, 1452.1], 0], [[2, 3, 2, 3], [23.8, 28.53, 1452.1], 0], [[2, 3, 2, 3], [23.8, 28.53, 1452.1], 0], [[2, 3, 2, 3], [23.8, 28.53, 1452.1], 0]]"
1.5,23.03,1.9,-7.0,50.0,1701.0,23.8,28.93,1452.6,"[{""pair"": [0, 0, 0, 0], ""acc"": 23.8, ""vel"": 28.93, ""pos"": 1452.6, ""error"": 0}]","[[0, 0, 0, 0]]",[],"[[[0, 0, 0, 0], [23.8, 28.93, 1452.6], 0]]"
1.5,23.06,2.3000000000000003,-5.8,50.0,3241.2,23.8,29.33,1453.1,"[{""pair"": [0, 0, 0, 0], ""acc"": 23.8, ""vel"": 29.33, ""pos"": 1453.1, ""error"": 0}]","[[0, 0, 0, 0]]",[],"[[[0, 0, 0, 0], [23.8, 29.33, 1453.1], 0]]"
1.5,23.08,2.7,0.5,50.0,2796.6,23.8,29.71,1453.6,"[{""pair"": [0, 0, 0, 0], ""acc"": 23.8, ""vel"": 29.71, ""pos"": 1453.6, ""error"": 0}]","[[0, 0, 0, 0]]",[],"[[[0, 0, 0, 0], [23.8, 29.71, 1453.6], 0]]"
1.5,23.11,3.1,2.5,50.0,3021.2,23.8,30.11,1454.1,"[{""pair"": [0, 0, 0, 0], ""acc"": 23.8, ""vel"": 30.11, ""pos"": 1454.1, ""error"": 0}]","[[0, 0, 0, 0]]",[],"[[[0, 0, 0, 0], [23.8, 30.11, 1454.1], 0]]"
1.5,23.13,3.5,-8.0,50.0,2252.9,23.8,30.51,1454.6,"[{""pair"": [0, 0, 0, 0], ""acc"": 23.8, ""vel"": 30.51, ""pos"": 1454.6, ""error"": 0}]","[[0, 0, 0, 0]]",[],"[[[0, 0, 0, 0], [23.8, 30.51, 1454.6], 0]]"
1.5,23.16,3.8,1.9,16.96,699.7,23.8,30.89,1455.1,"[{""pair"": [0, 0, 0, 0], ""acc"": 23.8, ""vel"": 30.89, ""pos"": 1455.1, ""error"": 0}]","[[0, 0, 0, 0]]",[],"[[[0, 0, 0, 0], [23.8, 30.89, 1455.1], 0]]"
1.5,23.19,4.2,-8.0,3.96,78.3,23.8,31.29,1455.6,"[{""pair"": [0, 0, 0, 0], ""acc"": 23.8, ""vel"": 31.29, ""pos"": 1455.6, ""error"": 0}]","[[0, 0, 0, 0]]",[],"[[[0, 0, 0, 0], [23.8, 31.29, 1455.6], 0]]"
1.5,23.21,4.6000000000000005,-8.0,50.0,2331.0,23.8,31.69,1456.1,"[{""pair"": [0, 0, 0, 0], ""acc"": 23.8, ""vel"": 31.69, ""pos"": 1456.1, ""error"": 0}]","[[0, 0, 0, 0]]",[],"[[[0, 0, 0, 0], [23.8, 31.69, 1456.1], 0]]"
1.5,23.24,5.0,8.0,50.0,2215.1,23.8,32.07,1456.6,"[{""pair"": [0, 0, 0, 0], ""acc"": 23.8, ""vel"": 32.07, ""pos"": 1456.6, ""error"": 0}]","[[0, 0, 0, 0]]",[],"[[[0, 0, 0, 0], [23.8, 32.07, 1456.6], 0]]"
1.5,23.26,5.4,-8.0,50.0,2574.5,-19.0,77.7,2574.5,"[{""pair"": [2, 2, 2, 2], ""acc"": -19.0, ""vel"": 77.7, ""pos"": 2574.5, ""error"": 1162.5767709000004}, {""pair"": [2, 2, 2, 2], ""acc"": -19.0, ""vel"": 77.7, ""pos"": 2574.5, ""error"": 1162.5767709000004}, {""pair"": [2, 2, 2, 2], ""acc"": -19.0, ""vel"": 77.7, ""pos"": 2574.5, ""error"": 1162.5767709000004}, {""pair"": [2, 2, 2, 2], ""acc"": -19.0, ""vel"": 77.7, ""pos"": 2574.5, ""error"": 1162.5767709000004}, {""pair"": [2, 2, 2, 2], ""acc"": -19.0, ""vel"": 77.7, ""pos"": 2574.5, ""error"": 1162.5767709000004}, {""pair"": [2, 2, 2, 2], ""acc"": -19.0, ""vel"": 77.7, ""pos"": 2574.5, ""error"": 1162.5767709000004}, {""pair"": [2, 2, 2, 2], ""acc"": -19.0, ""vel"": 77.7, ""pos"": 2574.5, ""error"": 1162.5767709000004}, {""pair"": [2, 2, 2, 2], ""acc"": -19.0, ""vel"": 77.7, ""pos"": 2574.5, ""error"": 1162.5767709000004}, {""pair"": [2, 2, 2, 2], ""acc"": -19.0, ""vel"": 77.7, ""pos"": 2574.5, ""error"": 1162.5767709000004}, {""pair"": [2, 2, 2, 2], ""acc"": -19.0, ""vel"": 77.7, ""pos"": 2574.5, ""error"": 1162.5767709000004}, {""pair"": [2, 2, 2, 2], ""acc"": -19.0, ""vel"": 77.7, ""pos"": 2574.5, ""error"": 1162.5767709000004}, {""pair"": [2, 2, 2, 2], ""acc"": -19.0, ""vel"": 77.7, ""pos"": 2574.5, ""error"": 1162.5767709000004}, {""pair"": [2, 2, 2, 2], ""acc"": -19.0, ""vel"": 77.7, ""pos"": 2574.5, ""error"": 1162.5767709000004}, {""pair"": [2, 2, 2, 2], ""acc"": -19.0, ""vel"": 77.7, ""pos"": 2574.5, ""error"": 1162.5767709000004}, {""pair"": [2, 2, 2, 2], ""acc"": -19.0, ""vel"": 77.7, ""pos"": 2574.5, ""error"": 1162.5767709000004}, {""pair"": [2, 2, 2, 2], ""acc"": -19.0, ""vel"": 77.7, ""pos"": 2574.5, ""error"": 1162.5767709000004}]","[[2, 2, 2, 2], [2, 2, 2, 2], [2, 2, 2, 2], [2, 2, 2, 2], [2, 2, 2, 2], [2, 2, 2, 2], [2, 2, 2, 2], [2, 2, 2, 2], [2, 2, 2, 2], [2, 2, 2, 2], [2, 2, 2, 2], [2, 2, 2, 2], [2, 2, 2, 2], [2, 2, 2, 2], [2, 2, 2, 2], [2, 2, 2, 2]]","[[{""pair"": [2, 2, 2, 2], ""acc"": -19.0, ""vel"": 77.7, ""pos"": 2574.5, ""error"": 1162.5767709000004}], [{""pair"": [2, 2, 2, 2], ""acc"": -19.0, ""vel"": 77.7, ""pos"": 2574.5, ""error"": 1162.5767709000004}], [{""pair"": [2, 2, 2, 2], ""acc"": -19.0, ""vel"": 77.7, ""pos"": 2574.5, ""error"": 1162.5767709000004}], [{""pair"": [2, 2, 2, 2], ""acc"": -19.0, ""vel"": 77.7, ""pos"": 2574.5, ""error"": 1162.5767709000004}], [{""pair"": [2, 2, 2, 2], ""acc"": -19.0, ""vel"": 77.7, ""pos"": 2574.5, ""error"": 1162.5767709000004}], [{""pair"": [2, 2, 2, 2], ""acc"": -19.0, ""vel"": 77.7, ""pos"": 2574.5, ""error"": 1162.5767709000004}], [{""pair"": [2, 2, 2, 2], ""acc"": -19.0, ""vel"": 77.7, ""pos"": 2574.5, ""error"": 1162.5767709000004}], [{""pair"": [2, 2, 2, 2], ""acc"": -19.0, ""vel"": 77.7, ""pos"": 2574.5, ""error"": 1162.5767709000004}], [{""pair"": [2, 2, 2, 2], ""acc"": -19.0, ""vel"": 77.7, ""pos"": 2574.5, ""error"": 1162.5767709000004}], [{""pair"": [2, 2, 2, 2], ""acc"": -19.0, ""vel"": 77.7, ""pos"": 2574.5, ""error"": 1162.5767709000004}], [{""pair"": [2, 2, 2, 2], ""acc"": -19.0, ""vel"": 77.7, ""pos"": 2574.5, ""error"": 1162.5767709000004}], [{""pair"": [2, 2, 2, 2], ""acc"": -19.0, ""vel"": 77.7, ""pos"": 2574.5, ""error"": 1162.5767709000004}], [{""pair"": [2, 2, 2, 2], ""acc"": -19.0, ""vel"": 77.7, ""pos"": 2574.5, ""error"": 1162.5767709000004}], [{""pair"": [2, 2, 2, 2], ""acc"": -19.0, ""vel"": 77.7, ""pos"": 2574.5, ""error"": 1162.5767709000004}], [{""pair"": [2, 2, 2, 2], ""acc"": -19.0, ""vel"": 77.7, ""pos"": 2574.5, ""error"": 1162.5767709000004}], [{""pair"": [2, 2, 2, 2], ""acc"": -19.0, ""vel"": 77.7, ""pos"": 2574.5, ""error"": 1162.5767709000004}]]","[[[2, 2, 2, 2], [-19.0, 77.7, 2574.5], 1162.5767709000004], [[2, 2, 2, 2], [-19.0, 77.7, 2574.5], 1162.5767709000004], [[2, 2, 2, 2], [-19.0, 77.7, 2574.5], 1162.5767709000004], [[2, 2, 2, 2], [-19.0, 77.7, 2574.5], 1162.5767709000004], [[2, 2, 2, 2], [-19.0, 77.7, 2574.5], 1162.5767709000004], [[2, 2, 2, 2], [-19.0, 77.7, 2574.5], 1162.5767709000004], [[2, 2, 2, 2], [-19.0, 77.7, 2574.5], 1162.5767709000004], [[2, 2, 2, 2], [-19.0, 77.7, 2574.5], 1162.5767709000004], [[2, 2, 2, 2], [-19.0, 77.7, 2574.5], 1162.5767709000004], [[2, 2, 2, 2], [-19.0, 77.7, 2574.5], 1162.5767709000004], [[2, 2, 2, 2], [-19.0, 77.7, 2574.5], 1162.5767709000004], [[2, 2, 2, 2], [-19.0, 77.7, 2574.5], 1162.5767709000004], [[2, 2, 2, 2], [-19.0, 77.7, 2574.5], 1162.5767709000004], [[2, 2, 2, 2], [-19.0, 77.7, 2574.5], 1162.5767709000004], [[2, 2, 2, 2], [-19.0, 77.7, 2574.5], 1162.5767709000004], [[2, 2, 2, 2], [-19.0, 77.7, 2574.5], 1162.5767709000004]]"
1.5,23.29,5.800000000000001,8.0,50.0,3117.5,-19.0,77.38,2575.8,"[{""pair"": [0, 0, 0, 0], ""acc"": -19.0, ""vel"": 77.38, ""pos"": 2575.8, ""error"": 0}]","[[0, 0, 0, 0]]",[],"[[[0, 0, 0, 0], [-19.0, 77.38, 2575.8], 0]]"
1.5,23.31,6.2,-8.0,50.0,2238.3,-19.0,77.08,2577.0,"[{""pair"": [0, 0, 0, 0], ""acc"": -19.0, ""vel"": 77.08, ""pos"": 2577.0, ""error"": 0}]","[[0, 0, 0, 0]]",[],"[[[0, 0, 0, 0], [-19.0, 77.08, 2577.0], 0]]"
1.5,23.34,6.5,-8.0,8.83,2868.7,-15.8,8.83,2868.7,"[{""pair"": [2, 2, 2, 2], ""acc"": -15.8, ""vel"": 8.83, ""pos"": 2868.7, ""error"": 358.31938550000035}, {""pair"": [2, 2, 2, 2], ""acc"": -15.8, ""vel"": 8.83, ""pos"": 2868.7, ""error"": 358.31938550000035}, {""pair"": [2, 2, 2, 2], ""acc"": -15.8, ""vel"": 8.83, ""pos"": 2868.7, ""error"": 358.31938550000035}, {""pair"": [2, 2, 2, 2], ""acc"": -15.8, ""vel"": 8.83, ""pos"": 2868.7, ""error"": 358.31938550000035}, {""pair"": [2, 2, 2, 2], ""acc"": -15.8, ""vel"": 8.83, ""pos"": 2868.7, ""error"": 358.31938550000035}, {""pair"": [2, 2, 2, 2], ""acc"": -15.8, ""vel"": 8.83, ""pos"": 2868.7, ""error"": 358.31938550000035}, {""pair"": [2, 2, 2, 2], ""acc"": -15.8, ""vel"": 8.83, ""pos"": 2868.7, ""error"": 358.31938550000035}, {""pair"": [2, 2, 2, 2], ""acc"": -15.8, ""vel"": 8.83, ""pos"": 2868.7, ""error"": 358.31938550000035}, {""pair"": [2, 2, 2, 2], ""acc"": -15.8, ""vel"": 8.83, ""pos"": 2868.7, ""error"": 358.31938550000035}, {""pair"": [2, 2, 2, 2], ""acc"": -15.8, ""vel"": 8.83, ""pos"": 2868.7, ""error"": 358.31938550000035}, {""pair"": [2, 2, 2, 2], ""acc"": -15.8, ""vel"": 8.83, ""pos"": 2868.7, ""error"": 358.31938550000035}, {""pair"": [2, 2, 2, 2], ""acc"": -15.8, ""vel"": 8.83, ""pos"": 2868.7, ""error"": 358.31938550000035}, {""pair"": [2, 2, 2, 2], ""acc"": -15.8, ""vel"": 8.83, ""pos"": 2868.7, ""error"": 358.31938550000035}, {""pair"": [2, 2, 2, 2], ""acc"": -15.8, ""vel"": 8.83, ""pos"": 2868.7, ""error"": 358.31938550000035}, {""pair"": [2, 2, 2, 2], ""acc"": -15.8, ""vel"": 8.83, ""pos"": 2868.7, ""error"": 358.31938550000035}, {""pair"": [2, 2, 2, 2], ""acc"": -15.8, ""vel"": 8.83, ""pos"": 2868.7, ""error"": 358.31938550000035}]","[[2, 2, 2, 2], [2, 2, 2, 2], [2, 2, 2, 2], [2, 2, 2, 2], [2, 2, 2, 2], [2, 2, 2, 2], [2, 2, 2, 2], [2, 2, 2, 2], [2, 2, 2, 2], [2, 2, 2, 2], [2, 2, 2, 2], [2, 2, 2, 2], [2, 2, 2, 2], [2, 2, 2, 2], [2, 2, 2, 2], [2, 2, 2, 2]]","[[{""pair"": [2, 2, 2, 2], ""acc"": -15.8, ""vel"": 8.83, ""pos"": 2868.7, ""error"": 358.31938550000035}], [{""pair"": [2, 2, 2, 2], ""acc"": -15.8, ""vel"": 8.83, ""pos"": 2868.7, ""error"": 358.31938550000035}], [{""pair"": [2, 2, 2, 2], ""acc"": -15.8, ""vel"": 8.83, ""pos"": 2868.7, ""error"": 358.31938550000035}], [{""pair"": [2, 2, 2, 2], ""acc"": -15.8, ""vel"": 8.83, ""pos"": 2868.7, ""error"": 358.31938550000035}], [{""pair"": [2, 2, 2, 2], ""acc"": -15.8, ""vel"": 8.83, ""pos"": 2868.7, ""error"": 358.31938550000035}], [{""pair"": [2, 2, 2, 2], ""acc"": -15.8, ""vel"": 8.83, ""pos"": 2868.7, ""error"": 358.31938550000035}], [{""pair"": [2, 2, 2, 2], ""acc"": -15.8, ""vel"": 8.83, ""pos"": 2868.7, ""error"": 358.31938550000035}], [{""pair"": [2, 2, 2, 2], ""acc"": -15.8, ""vel"": 8.83, ""pos"": 2868.7, ""error"": 358.31938550000035}], [{""pair"": [2, 2, 2, 2], ""acc"": -15.8, ""vel"": 8.83, ""pos"": 2868.7, ""error"": 358.31938550000035}], [{""pair"": [2, 2, 2, 2], ""acc"": -15.8, ""vel"": 8.83, ""pos"": 2868.7, ""error"": 358.31938550000035}], [{""pair"": [2, 2, 2, 2], ""acc"": -15.8, ""vel"": 8.83, ""pos"": 2868.7, ""error"": 358.31938550000035}], [{""pair"": [2, 2, 2, 2], ""acc"": -15.8, ""vel"": 8.83, ""pos"": 2868.7, ""error"": 358.31938550000035}], [{""pair"": [2, 2, 2, 2], ""acc"": -15.8, ""vel"": 8.83, ""pos"": 2868.7, ""error"": 358.31938550000035}], [{""pair"": [2, 2, 2, 2], ""acc"": -15.8, ""vel"": 8.83, ""pos"": 2868.7, ""error"": 358.31938550000035}], [{""pair"": [2, 2, 2, 2], ""acc"": -15.8, ""vel"": 8.83, ""pos"": 2868.7, ""error"": 358.31938550000035}], [{""pair"": [2, 2, 2, 2], ""acc"": -15.8, ""vel"": 8.83, ""pos"": 2868.7, ""error"": 358.31938550000035}]]","[[[2, 2, 2, 2], [-15.8, 8.83, 2868.7], 358.31938550000035], [[2, 2, 2, 2], [-15.8, 8.83, 2868.7], 358.31938550000035], [[2, 2, 2, 2], [-15.8, 8.83, 2868.7], 358.31938550000035], [[2, 2, 2, 2], [-15.8, 8.83, 2868.7], 358.31938550000035], [[2, 2, 2, 2], [-15.8, 8.83, 2868.7], 358.31938550000035], [[2, 2, 2, 2], [-15.8, 8.83, 2868.7], 358.31938550000035], [[2, 2, 2, 2], [-15.8, 8.83, 2868.7], 358.31938550000035], [[2, 2, 2, 2], [-15.8, 8.83, 2868.7], 358.31938550000035], [[2, 2, 2, 2], [-15.8, 8.83, 2868.7], 358.31938550000035], [[2, 2, 2, 2], [-15.8, 8.83, 2868.7], 358.31938550000035], [[2, 2, 2, 2], [-15.8, 8.83, 2868.7], 358.31938550000035], [[2, 2, 2, 2], [-15.8, 8.83, 2868.7], 358.31938550000035], [[2, 2, 2, 2], [-15.8, 8.83, 2868.7], 358.31938550000035], [[2, 2, 2, 2], [-15.8, 8.83, 2868.7], 358.31938550000035], [[2, 2, 2, 2], [-15.8, 8.83, 2868.7], 358.31938550000035], [[2, 2, 2, 2], [-15.8, 8.83, 2868.7], 358.31938550000035]]"
1.5,23.36,6.9,-8.0,14.56,460.3,-15.8,8.56,2868.8,"[{""pair"": [0, 0, 0, 0], ""acc"": -15.8, ""vel"": 8.56, ""pos"": 2868.8, ""error"": 0}]","[[0, 0, 0, 0]]",[],"[[[0, 0, 0, 0], [-15.8, 8.56, 2868.8], 0]]"
1.5,23.39,7.300000000000001,-8.0,29.97,1421.3,-15.8,8.31,2868.9,"[{""pair"": [0, 0, 0, 0], ""acc"": -15.8, ""vel"": 8.31, ""pos"": 2868.9, ""error"": 0}]","[[0, 0, 0, 0]]",[],"[[[0, 0, 0, 0], [-15.8, 8.31, 2868.9], 0]]"
1.5,23.41,7.7,-8.0,50.0,829.8,-15.8,7.77,2869.2,"[{""pair"": [0, 0, 0, 0], ""acc"": -15.8, ""vel"": 7.77, ""pos"": 2869.2, ""error"": 0}]","[[0, 0, 0, 0]]",[],"[[[0, 0, 0, 0], [-15.8, 7.77, 2869.2], 0]]"
1.5,23.46,8.5,3.4,50.0,2690.8,-15.8,7.52,2869.3,"[{""pair"": [0, 0, 0, 0], ""acc"": -15.8, ""vel"": 7.52, ""pos"": 2869.3, ""error"": 0}]","[[0, 0, 0, 0]]",[],"[[[0, 0, 0, 0], [-15.8, 7.52, 2869.3], 0]]"
1.5,23.49,8.9,-6.8,15.27,1215.5,-15.8,7.25,2869.4,"[{""pair"": [0, 0, 0, 0], ""acc"": -15.8, ""vel"": 7.25, ""pos"": 2869.4, ""error"": 0}]","[[0, 0, 0, 0]]",[],"[[[0, 0, 0, 0], [-15.8, 7.25, 2869.4], 0]]"
1.5,23.51,9.3,-7.6,50.0,663.1,-15.8,6.98,2869.5,"[{""pair"": [0, 0, 0, 0], ""acc"": -15.8, ""vel"": 6.98, ""pos"": 2869.5, ""error"": 0}]","[[0, 0, 0, 0]]",[],"[[[0, 0, 0, 0], [-15.8, 6.98, 2869.5], 0]]"
1.5,23.54,9.7,-5.1,50.0,3170.4,-15.8,6.73,2869.6,"[{""pair"": [0, 0, 0, 0], ""acc"": -15.8, ""vel"": 6.73, ""pos"": 2869.6, ""error"": 0}]","[[0, 0, 0, 0]]",[],"[[[0, 0, 0, 0], [-15.8, 6.73, 2869.6], 0]]"
1.5,23.56,10.1,8.0,50.0,975.1,-15.8,6.46,2869.7,"[{""pair"": [0, 0, 0, 0], ""acc"": -15.8, ""vel"": 6.46, ""pos"": 2869.7, ""error"": 0}]","[[0, 0, 0, 0]]",[],"[[[0, 0, 0, 0], [-15.8, 6.46, 2869.7], 0]]"
1.5,23.59,10.5,-8.0,50.0,281.1,-15.8,6.19,2869.8,"[{""pair"": [0, 0, 0, 0], ""acc"": -15.8, ""vel"": 6.19, ""pos"": 2869.8, ""error"": 0}]","[[0, 0, 0, 0]]",[],"[[[0, 0, 0, 0], [-15.8, 6.19, 2869.8], 0]]"
1.4,23.61,10.9,-8.0,50.0,2520.7,-15.8,5.94,2869.9,"[{""pair"": [0, 0, 0, 0], ""acc"": -15.8, ""vel"": 5.94, ""pos"": 2869.9, ""error"": 0}]","[[0, 0, 0, 0]]",[],"[[[0, 0, 0, 0], [-15.8, 5.94, 2869.9], 0]]"
1.4,23.63,11.2,2.5,24.77,424.0,-15.8,5.67,2870.0,"[{""pair"": [0, 0, 0, 0], ""acc"": -15.8, ""vel"": 5.67, ""pos"": 2870.0, ""error"": 0}]","[[0, 0, 0, 0]]",[],"[[[0, 0, 0, 0], [-15.8, 5.67, 2870.0], 0]]"
1.4,23.65,11.6,-0.1,50.0,1616.9,-15.8,5.15,2870.2,"[{""pair"": [0, 0, 0, 0], ""acc"": -15.8, ""vel"": 5.15, ""pos"": 2870.2, ""error"": 0}]","[[0, 0, 0, 0]]",[],"[[[0, 0, 0, 0], [-15.8, 5.15, 2870.2], 0]]"
1.3,23.7,12.4,-8.0,50.0,1274.3,-15.8,4.61,2870.4,"[{""pair"": [0, 0, 0, 0], ""acc"": -15.8, ""vel"": 4.61, ""pos"": 2870.4, ""error"": 0}]","[[0, 0, 0, 0]]",[],"[[[0, 0, 0, 0], [-15.8, 4.61, 2870.4], 0]]"
1.3,23.74,13.2,-8.0,50.0,2395.0,-15.8,4.36,2870.5,"[{""pair"": [0, 0, 0, 0], ""acc"": -15.8, ""vel"": 4.36, ""pos"": 2870.5, ""error"": 0}]","[[0, 0, 0, 0]]",[],"[[[0, 0, 0, 0], [-15.8, 4.36, 2870.5], 0]]"
1.3,23.77,13.6,-2.8,50.0,137.0,-15.8,4.09,2870.6,"[{""pair"": [0, 0, 0, 0], ""acc"": -15.8, ""vel"": 4.09, ""pos"": 2870.6, ""error"": 0}]","[[0, 0, 0, 0]]",[],"[[[0, 0, 0, 0], [-15.8, 4.09, 2870.6], 0]]"
1.3,23.79,14.0,8.0,50.0,2934.8,-15.8,3.82,2870.7,"[{""pair"": [0, 0, 0, 0], ""acc"": -15.8, ""vel"": 3.82, ""pos"": 2870.7, ""error"": 0}]","[[0, 0, 0, 0]]",[],"[[[0, 0, 0, 0], [-15.8, 3.82, 2870.7], 0]]"
1.3,23.81,14.4,-7.9,45.57,1182.7,-15.8,3.57,2870.8,"[{""pair"": [0, 0, 0, 0], ""acc"": -15.8, ""vel"": 3.57, ""pos"": 2870.8, ""error"": 0}]","[[0, 0, 0, 0]]",[],"[[[0, 0, 0, 0], [-15.8, 3.57, 2870.8], 0]]"
1.3,23.83,14.8,8.0,20.12,1429.4,-15.8,3.3,2870.9,"[{""pair"": [0, 0, 0, 0], ""acc"": -15.8, ""vel"": 3.3, ""pos"": 2870.9, ""error"": 0}]","[[0, 0, 0, 0]]",[],"[[[0, 0, 0, 0], [-15.8, 3.3, 2870.9], 0]]"
1.3,23.86,15.2,8.0,50.0,1900.6,-15.8,3.03,2871.0,"[{""pair"": [0, 0, 0, 0], ""acc"": -15.8, ""vel"": 3.03, ""pos"": 2871.0, ""error"": 0}]","[[0, 0, 0, 0]]",[],"[[[0, 0, 0, 0], [-15.8, 3.03, 2871.0], 0]]"
1.3,23.88,15.6,8.0,50.0,1852.8,-15.8,2.78,2871.0,"[{""pair"": [0, 0, 0, 0], ""acc"": -15.8, ""vel"": 2.78, ""pos"": 2871.0, ""error"": 0}]","[[0, 0, 0, 0]]",[],"[[[0, 0, 0, 0], [-15.8, 2.78, 2871.0], 0]]"
1.3,23.9,16.0,8.0,50.0,1483.3,-15.8,2.51,2871.0,"[{""pair"": [0, 0, 0, 0], ""acc"": -15.8, ""vel"": 2.51, ""pos"": 2871.0, ""error"": 0}]","[[0, 0, 0, 0]]",[],"[[[0, 0, 0, 0], [-15.8, 2.51, 2871.0], 0]]"
1.3,23.92,16.400000000000002,-8.0,11.83,2120.7,-15.8,1.99,2871.1,"[{""pair"": [0, 0, 0, 0], ""acc"": -15.8, ""vel"": 1.99, ""pos"": 2871.1, ""error"": 0}]","[[0, 0, 0, 0]]",[],"[[[0, 0, 0, 0], [-15.8, 1.99, 2871.1], 0]]"
1.3,23.97,17.2,-7.2,48.32,1236.6,-15.8,1.72,2871.1,"[{""pair"": [0, 0, 0, 0], ""acc"": -15.8, ""vel"": 1.72, ""pos"": 2871.1, ""error"": 0}]","[[0, 0, 0, 0]]",[],"[[[0, 0, 0, 0], [-15.8, 1.72, 2871.1], 0]]"
1.3,23.99,17.6,8.0,50.0,3024.7,-15.8,1.45,2871.1,"[{""pair"": [0, 0, 0, 0], ""acc"": -15.8, ""vel"": 1.45, ""pos"": 2871.1, ""error"": 0}]","[[0, 0, 0, 0]]",[],"[[[0, 0, 0, 0], [-15.8, 1.45, 2871.1], 0]]"
1.3,24.01,18.0,8.0,50.0,723.7,-15.8,1.2,2871.1,"[{""pair"": [0, 0, 0, 0], ""acc"": -15.8, ""vel"": 1.2, ""pos"": 2871.1, ""error"": 0}]","[[0, 0, 0, 0]]",[],"[[[0, 0, 0, 0], [-15.8, 1.2, 2871.1], 0]]"
1.3,24.03,18.4,-8.0,50.0,1288.2,-15.8,0.93,2871.1,"[{""pair"": [0, 0, 0, 0], ""acc"": -15.8, ""vel"": 0.93, ""pos"": 2871.1, ""error"": 0}]","[[0, 0, 0, 0]]",[],"[[[0, 0, 0, 0], [-15.8, 0.93, 2871.1], 0]]"
1.3,24.06,18.8,-6.7,50.0,1297.8,-15.8,0.66,2871.1,"[{""pair"": [0, 0, 0, 0], ""acc"": -15.8, ""vel"": 0.66, ""pos"": 2871.1, ""error"": 0}]","[[0, 0, 0, 0]]",[],"[[[0, 0, 0, 0], [-15.8, 0.66, 2871.1], 0]]"
1.3,24.08,19.200000000000003,-4.8,50.0,3192.1,-15.8,0.41,2871.1,"[{""pair"": [0, 0, 0, 0], ""acc"": -15.8, ""vel"": 0.41, ""pos"": 2871.1, ""error"": 0}]","[[0, 0, 0, 0]]",[],"[[[0, 0, 0, 0], [-15.8, 0.41, 2871.1], 0]]"
1.3,24.1,19.6,8.0,50.0,781.7,-15.8,0.14,2871.1,"[{""pair"": [0, 0, 0, 0], ""acc"": -15.8, ""vel"": 0.14, ""pos"": 2871.1, ""error"": 0}]","[[0, 0, 0, 0]]",[],"[[[0, 0, 0, 0], [-15.8, 0.14, 2871.1], 0]]"
1.3,24.12,20.0,-8.0,34.82,2411.2,-15.8,-0.13,2871.1,"[{""pair"": [0, 0, 0, 0], ""acc"": -15.8, ""vel"": -0.13, ""pos"": 2871.1, ""error"": 0}]","[[0, 0, 0, 0]]",[],"[[[0, 0, 0, 0], [-15.8, -0.13, 2871.1], 0]]"
1.3,24.14,20.4,8.0,9.81,2609.2,-15.8,-0.38,2871.1,"[{""pair"": [0, 0, 0, 0], ""acc"": -15.8, ""vel"": -0.38, ""pos"": 2871.1, ""error"": 0}]","[[0, 0, 0, 0]]",[],"[[[0, 0, 0, 0], [-15.8, -0.38, 2871.1], 0]]"
1.3,24.17,20.8,-8.0,50.0,976.2,-15.8,-0.65,2871.1,"[{""pair"": [0, 0, 0, 0], ""acc"": -15.8, ""vel"": -0.65, ""pos"": 2871.1, ""error"": 0}]","[[0, 0, 0, 0]]",[],"[[[0, 0, 0, 0], [-15.8, -0.65, 2871.1], 0]]"
1.3,24.19,21.200000000000003,-8.0,50.0,1445.8,-15.8,-0.92,2871.1,"[{""pair"": [0, 0, 0, 0], ""acc"": -15.8, ""vel"": -0.92, ""pos"": 2871.1, ""error"": 0}]","[[0, 0, 0, 0]]",[],"[[[0, 0, 0, 0], [-15.8, -0.92, 2871.1], 0]]"
1.3,24.21,21.6,8.0,50.0,494.7,-15.8,-1.17,2871.1,"[{""pair"": [0, 0, 0, 0], ""acc"": -15.8, ""vel"": -1.17, ""pos"": 2871.1, ""error"": 0}]","[[0, 0, 0, 0]]",[],"[[[0, 0, 0, 0], [-15.8, -1.17, 2871.1], 0]]"
1.3,24.23,22.0,2.5,50.0,1809.5,-15.8,-1.44,2871.1,"[{""pair"": [0, 0, 0, 0], ""acc"": -15.8, ""vel"": -1.44, ""pos"": 2871.1, ""error"": 0}]","[[0, 0, 0, 0]]",[],"[[[0, 0, 0, 0], [-15.8, -1.44, 2871.1], 0]]"
1.3,24.25,22.4,8.0,50.0,82.7,-15.8,-1.71,2871.1,"[{""pair"": [0, 0, 0, 0], ""acc"": -15.8, ""vel"": -1.71, ""pos"": 2871.1, ""error"": 0}]","[[0, 0, 0, 0]]",[],"[[[0, 0, 0, 0], [-15.8, -1.71, 2871.1], 0]]"
1.3,24.28,22.8,-7.6,0.13,1120.2,-15.8,-2.23,2871.0,"[{""pair"": [0, 0, 0, 0], ""acc"": -15.8, ""vel"": -2.23, ""pos"": 2871.0, ""error"": 0}]","[[0, 0, 0, 0]]",[],"[[[0, 0, 0, 0], [-15.8, -2.23, 2871.0], 0]]"
1.3,24.32,23.6,8.0,50.0,1351.4,8.1,123.47,1351.4,"[{""pair"": [2, 2, 2, 2], ""acc"": 8.1, ""vel"": 123.47, ""pos"": 1351.4, ""error"": 1645.5284068999997}, {""pair"": [2, 2, 2, 2], ""acc"": 8.1, ""vel"": 123.47, ""pos"": 1351.4, ""error"": 1645.5284068999997}, {""pair"": [2, 2, 2, 2], ""acc"": 8.1, ""vel"": 123.47, ""pos"": 1351.4, ""error"": 1645.5284068999997}, {""pair"": [2, 2, 2, 2], ""acc"": 8.1, ""vel"": 123.47, ""pos"": 1351.4, ""error"": 1645.5284068999997}, {""pair"": [2, 2, 2, 2], ""acc"": 8.1, ""vel"": 123.47, ""pos"": 1351.4, ""error"": 1645.5284068999997}, {""pair"": [2, 2, 2, 2], ""acc"": 8.1, ""vel"": 123.47, ""pos"": 1351.4, ""error"": 1645.5284068999997}, {""pair"": [2, 2, 2, 2], ""acc"": 8.1, ""vel"": 123.47, ""pos"": 1351.4, ""error"": 1645.5284068999997}, {""pair"": [2, 2, 2, 2], ""acc"": 8.1, ""vel"": 123.47, ""pos"": 1351.4, ""error"": 1645.5284068999997}, {""pair"": [2, 2, 2, 2], ""acc"": 8.1, ""vel"": 123.47, ""pos"": 1351.4, ""error"": 1645.5284068999997}, {""pair"": [2, 2, 2, 2], ""acc"": 8.1, ""vel"": 123.47, ""pos"": 1351.4, ""error"": 1645.5284068999997}, {""pair"": [2, 2, 2, 2], ""acc"": 8.1, ""vel"": 123.47, ""pos"": 1351.4, ""error"": 1645.5284068999997}, {""pair"": [2, 2, 2, 2], ""acc"": 8.1, ""vel"": 123.47, ""pos"": 1351.4, ""error"": 1645.5284068999997}, {""pair"": [2, 2, 2, 2], ""acc"": 8.1, ""vel"": 123.47, ""pos"": 1351.4, ""error"": 1645.5284068999997}, {""pair"": [2, 2, 2, 2], ""acc"": 8.1, ""vel"": 123.47, ""pos"": 1351.4, ""error"": 1645.5284068999997}, {""pair"": [2, 2, 2, 2], ""acc"": 8.1, ""vel"": 123.47, ""pos"": 1351.4, ""error"": 1645.5284068999997}, {""pair"": [2, 2, 2, 2], ""acc"": 8.1, ""vel"": 123.47, ""pos"": 1351.4, ""error"": 1645.5284068999997}]","[[2, 2, 2, 2], [2, 2, 2, 2], [2, 2, 2, 2], [2, 2, 2, 2], [2, 2, 2, 2], [2, 2, 2, 2], [2, 2, 2, 2], [2, 2, 2, 2], [2, 2, 2, 2], [2, 2, 2, 2], [2, 2, 2, 2], [2, 2, 2, 2], [2, 2, 2, 2], [2, 2, 2, 2], [2, 2, 2, 2], [2, 2, 2, 2]]","[[{""pair"": [2, 2, 2, 2], ""acc"": 8.1, ""vel"": 123.47, ""pos"": 1351.4, ""error"": 1645.5284068999997}], [{""pair"": [2, 2, 2, 2], ""acc"": 8.1, ""vel"": 123.47, ""pos"": 1351.4, ""error"": 1645.5284068999997}], [{""pair"": [2, 2, 2, 2], ""acc"": 8.1, ""vel"": 123.47, ""pos"": 1351.4, ""error"": 1645.5284068999997}], [{""pair"": [2, 2, 2, 2], ""acc"": 8.1, ""vel"": 123.47, ""pos"": 1351.4, ""error"": 1645.5284068999997}], [{""pair"": [2, 2, 2, 2], ""acc"": 8.1, ""vel"": 123.47, ""pos"": 1351.4, ""error"": 1645.5284068999997}], [{""pair"": [2, 2, 2, 2], ""acc"": 8.1, ""vel"": 123.47, ""pos"": 1351.4, ""error"": 1645.5284068999997}], [{""pair"": [2, 2, 2, 2], ""acc"": 8.1, ""vel"": 123.47, ""pos"": 1351.4, ""error"": 1645.5284068999997}], [{""pair"": [2, 2, 2, 2], ""acc"": 8.1, ""vel"": 123.47, ""pos"": 1351.4, ""error"": 1645.5284068999997}], [{""pair"": [2, 2, 2, 2], ""acc"": 8.1, ""vel"": 123.47, ""pos"": 1351.4, ""error"": 1645.5284068999997}], [{""pair"": [2, 2, 2, 2], ""acc"": 8.1, ""vel"": 123.47, ""pos"": 1351.4, ""error"": 1645.5284068999997}], [{""pair"": [2, 2, 2, 2], ""acc"": 8.1, ""vel"": 123.47, ""pos"": 1351.4, ""error"": 1645.5284068999997}], [{""pair"": [2, 2, 2, 2], ""acc"": 8.1, ""vel"": 123.47, ""pos"": 1351.4, ""error"": 1645.5284068999997}], [{""pair"": [2, 2, 2, 2], ""acc"": 8.1, ""vel"": 123.47, ""pos"": 1351.4, ""error"": 1645.5284068999997}], [{""pair"": [2, 2, 2, 2], ""acc"": 8.1, ""vel"": 123.47, ""pos"": 1351.4, ""error"": 1645.5284068999997}], [{""pair"": [2, 2, 2, 2], ""acc"": 8.1, ""vel"": 123.47, ""pos"": 1351.4, ""error"": 1645.5284068999997}], [{""pair"": [2, 2, 2, 2], ""acc"": 8.1, ""vel"": 123.47, ""pos"": 1351.4, ""error"": 1645.5284068999997}]]","[[[2, 2, 2, 2], [8.1, 123.47, 1351.4], 1645.5284068999997], [[2, 2, 2, 2], [8.1, 123.47, 1351.4], 1645.5284068999997], [[2, 2, 2, 2], [8.1, 123.47, 1351.4], 1645.5284068999997], [[2, 2, 2, 2], [8.1, 123.47, 1351.4], 1645.5284068999997], [[2, 2, 2, 2], [8.1, 123.47, 1351.4], 1645.5284068999997], [[2, 2, 2, 2], [8.1, 123.47, 1351.4], 1645.5284068999997], [[2, 2, 2, 2], [8.1, 123.47, 1351.4], 1645.5284068999997], [[2, 2, 2, 2], [8.1, 123.47, 1351.4], 1645.5284068999997], [[2, 2, 2, 2], [8.1, 123.47, 1351.4], 1645.5284068999997], [[2, 2, 2, 2], [8.1, 123.47, 1351.4], 1645.5284068999997], [[2, 2, 2, 2], [8.1, 123.47, 1351.4], 1645.5284068999997], [[2, 2, 2, 2], [8.1, 123.47, 1351.4], 1645.5284068999997], [[2, 2, 2, 2], [8.1, 123.47, 1351.4], 1645.5284068999997], [[2, 2, 2, 2], [8.1, 123.47, 1351.4], 1645.5284068999997], [[2, 2, 2, 2], [8.1, 123.47, 1351.4], 1645.5284068999997], [[2, 2, 2, 2], [8.1, 123.47, 1351.4], 1645.5284068999997]]"
1.3,24.34,24.1,-8.0,48.36,1063.8,8.1,123.6,1353.4,"[{""pair"": [0, 0, 0, 0], ""acc"": 8.1, ""vel"": 123.6, ""pos"": 1353.4, ""error"": 0}]","[[0, 0, 0, 0]]",[],"[[[0, 0, 0, 0], [8.1, 123.6, 1353.4], 0]]"
1.3,24.37,24.4,-8.0,45.6,1103.5,8.1,123.74,1355.5,"[{""pair"": [0, 0, 0, 0], ""acc"": 8.1, ""vel"": 123.74, ""pos"": 1355.5, ""error"": 0}]","[[0, 0, 0, 0]]",[],"[[[0, 0, 0, 0], [8.1, 123.74, 1355.5], 0]]"
1.3,24.39,24.9,7.0,50.0,2676.8,7.0,67.05,2676.8,"[{""pair"": [2, 3, 2, 3], ""acc"": 7.0, ""vel"": 67.05, ""pos"": 2676.8, ""error"": 1376.0229495500007}, {""pair"": [2, 3, 2, 3], ""acc"": 7.0, ""vel"": 67.05, ""pos"": 2676.8, ""error"": 1376.0229495500007}, {""pair"": [2, 3, 2, 3], ""acc"": 7.0, ""vel"": 67.05, ""pos"": 2676.8, ""error"": 1376.0229495500007}, {""pair"": [2, 3, 2, 3], ""acc"": 7.0, ""vel"": 67.05, ""pos"": 2676.8, ""error"": 1376.0229495500007}, {""pair"": [2, 3, 2, 3], ""acc"": 7.0, ""vel"": 67.05, ""pos"": 2676.8, ""error"": 1376.0229495500007}, {""pair"": [2, 3, 2, 3], ""acc"": 7.0, ""vel"": 67.05, ""pos"": 2676.8, ""error"": 1376.0229495500007}, {""pair"": [2, 3, 2, 3], ""acc"": 7.0, ""vel"": 67.05, ""pos"": 2676.8, ""error"": 1376.0229495500007}, {""pair"": [2, 3, 2, 3], ""acc"": 7.0, ""vel"": 67.05, ""pos"": 2676.8, ""error"": 1376.0229495500007}, {""pair"": [2, 3, 2, 3], ""acc"": 7.0, ""vel"": 67.05, ""pos"": 2676.8, ""error"": 1376.0229495500007}, {""pair"": [2, 3, 2, 3], ""acc"": 7.0, ""vel"": 67.05, ""pos"": 2676.8, ""error"": 1376.0229495500007}, {""pair"": [2, 3, 2, 3], ""acc"": 7.0, ""vel"": 67.05, ""pos"": 2676.8, ""error"": 1376.0229495500007}, {""pair"": [2, 3, 2, 3], ""acc"": 7.0, ""vel"": 67.05, ""pos"": 2676.8, ""error"": 1376.0229495500007}, {""pair"": [2, 3, 2, 3], ""acc"": 7.0, ""vel"": 67.05, ""pos"": 2676.8, ""error"": 1376.0229495500007}, {""pair"": [2, 3, 2, 3], ""acc"": 7.0, ""vel"": 67.05, ""pos"": 2676.8, ""error"": 1376.0229495500007}, {""pair"": [2, 3, 2, 3], ""acc"": 7.0, ""vel"": 67.05, ""pos"": 2676.8, ""error"": 1376.0229495500007}, {""pair"": [2, 3, 2, 3], ""acc"": 7.0, ""vel"": 67.05, ""pos"": 2676.8, ""error"": 1376.0229495500007}]","[[2, 3, 2, 3], [2, 3, 2, 3], [2, 3, 2, 3], [2, 3, 2, 3], [2, 3, 2, 3], [2, 3, 2, 3], [2, 3, 2, 3], [2, 3, 2, 3], [2, 3, 2, 3], [2, 3, 2, 3], [2, 3, 2, 3], [2, 3, 2, 3], [2, 3, 2, 3], [2, 3, 2, 3], [2, 3, 2, 3], [2, 3, 2, 3]]","[[{""pair"": [2, 3, 2, 3], ""acc"": 7.0, ""vel"": 67.05, ""pos"": 2676.8, ""error"": 1376.0229495500007}], [{""pair"": [2, 3, 2, 3], ""acc"": 7.0, ""vel"": 67.05, ""pos"": 2676.8, ""error"": 1376.0229495500007}], [{""pair"": [2, 3, 2, 3], ""acc"": 7.0, ""vel"": 67.05, ""pos"": 2676.8, ""error"": 1376.0229495500007}], [{""pair"": [2, 3, 2, 3], ""acc"": 7.0, ""vel"": 67.05, ""pos"": 2676.8, ""error"": 1376.0229495500007}], [{""pair"": [2, 3, 2, 3], ""acc"": 7.0, ""vel"": 67.05, ""pos"": 2676.8, ""error"": 1376.0229495500007}], [{""pair"": [2, 3, 2, 3], ""acc"": 7.0, ""vel"": 67.05, ""pos"": 2676.8, ""error"": 1376.0229495500007}], [{""pair"": [2, 3, 2, 3], ""acc"": 7.0, ""vel"": 67.05, ""pos"": 2676.8, ""error"": 1376.0229495500007}], [{""pair"": [2, 3, 2, 3], ""acc"": 7.0, ""vel"": 67.05, ""pos"": 2676.8, ""error"": 1376.0229495500007}], [{""pair"": [2, 3, 2, 3], ""acc"": 7.0, ""vel"": 67.05, ""pos"": 2676.8, ""error"": 1376.0229495500007}], [{""pair"": [2, 3, 2, 3], ""acc"": 7.0, ""vel"": 67.05, ""pos"": 2676.8, ""error"": 1376.0229495500007}], [{""pair"": [2, 3, 2, 3], ""acc"": 7.0, ""vel"": 67.05, ""pos"": 2676.8, ""error"": 1376.0229495500007}], [{""pair"": [2, 3, 2, 3], ""acc"": 7.0, ""vel"": 67.05, ""pos"": 2676.8, ""error"": 1376.0229495500007}], [{""pair"": [2, 3, 2, 3], ""acc"": 7.0, ""vel"": 67.05, ""pos"": 2676.8, ""error"": 1376.0229495500007}], [{""pair"": [2, 3, 2, 3], ""acc"": 7.0, ""vel"": 67.05, ""pos"": 2676.8, ""error"": 1376.0229495500007}], [{""pair"": [2, 3, 2, 3], ""acc"": 7.0, ""vel"": 67.05, ""pos"": 2676.8, ""error"": 1376.0229495500007}], [{""pair"": [2, 3, 2, 3], ""acc"": 7.0, ""vel"": 67.05, ""pos"": 2676.8, ""error"": 1376.0229495500007}]]","[[[2, 3, 2, 3], [7.0, 67.05, 2676.8], 1376.0229495500007], [[2, 3, 2, 3], [7.0, 67.05, 2676.8], 1376.0229495500007], [[2, 3, 2, 3], [7.0, 67.05, 2676.8], 1376.0229495500007], [[2, 3, 2, 3], [7.0, 67.05, 2676.8], 1376.0229495500007], [[2, 3, 2, 3], [7.0, 67.05, 2676.8], 1376.0229495500007], [[2, 3, 2, 3], [7.0, 67.05, 2676.8], 1376.0229495500007], [[2, 3, 2, 3], [7.0, 67.05, 2676.8], 1376.0229495500007], [[2, 3, 2, 3], [7.0, 67.05, 2676.8], 1376.0229495500007], [[2, 3, 2, 3], [7.0, 67.05, 2676.8], 1376.0229495500007], [[2, 3, 2, 3], [7.0, 67.05, 2676.8], 1376.0229495500007], [[2, 3, 2, 3], [7.0, 67.05, 2676.8], 1376.0229495500007], [[2, 3, 2, 3], [7.0, 67.05, 2676.8], 1376.0229495500007], [[2, 3, 2, 3], [7.0, 67.05, 2676.8], 1376.0229495500007], [[2, 3, 2, 3], [7.0, 67.05, 2676.8], 1376.0229495500007], [[2, 3, 2, 3], [7.0, 67.05, 2676.8], 1376.0229495500007], [[2, 3, 2, 3], [7.0, 67.05, 2676.8], 1376.0229495500007]]"
1.3,24.41,25.3,-8.0,50.0,346.0,7.0,67.16,2677.9,"[{""pair"": [0, 0, 0, 0], ""acc"": 7.0, ""vel"": 67.16, ""pos"": 2677.9, ""error"": 0}]","[[0, 0, 0, 0]]",[],"[[[0, 0, 0, 0], [7.0, 67.16, 2677.9], 0]]"
1.3,24.43,25.700000000000003,-8.0,50.0,281.6,7.0,67.28,2679.0,"[{""pair"": [0, 0, 0, 0], ""acc"": 7.0, ""vel"": 67.28, ""pos"": 2679.0, ""error"": 0}]","[[0, 0, 0, 0]]",[],"[[[0, 0, 0, 0], [7.0, 67.28, 2679.0], 0]]"
1.3,24.46,26.1,4.5,44.85,519.1,7.0,67.4,2680.1,"[{""pair"": [0, 0, 0, 0], ""acc"": 7.0, ""vel"": 67.4, ""pos"": 2680.1, ""error"": 0}]","[[0, 0, 0, 0]]",[],"[[[0, 0, 0, 0], [7.0, 67.4, 2680.1], 0]]"
1.4,24.48,26.5,-3.6,50.0,503.1,7.0,67.51,2681.2,"[{""pair"": [0, 0, 0, 0], ""acc"": 7.0, ""vel"": 67.51, ""pos"": 2681.2, ""error"": 0}]","[[0, 0, 0, 0]]",[],"[[[0, 0, 0, 0], [7.0, 67.51, 2681.2], 0]]"
1.4,24.5,26.9,8.0,50.0,1153.5,7.0,67.63,2682.3,"[{""pair"": [0, 0, 0, 0], ""acc"": 7.0, ""vel"": 67.63, ""pos"": 2682.3, ""error"": 0}]","[[0, 0, 0, 0]]",[],"[[[0, 0, 0, 0], [7.0, 67.63, 2682.3], 0]]"
1.4,24.52,27.3,7.0,50.0,952.0,7.0,67.75,2683.5,"[{""pair"": [0, 0, 0, 0], ""acc"": 7.0, ""vel"": 67.75, ""pos"": 2683.5, ""error"": 0}]","[[0, 0, 0, 0]]",[],"[[[0, 0, 0, 0], [7.0, 67.75, 2683.5], 0]]"
1.4,24.55,27.700000000000003,8.0,50.0,2377.8,7.0,67.86,2684.6,"[{""pair"": [0, 0, 0, 0], ""acc"": 7.0, ""vel"": 67.86, ""pos"": 2684.6, ""error"": 0}]","[[0, 0, 0, 0]]",[],"[[[0, 0, 0, 0], [7.0, 67.86, 2684.6], 0]]"
1.4,24.57,28.1,-8.0,50.0,1542.9,7.0,67.98,2685.8,"[{""pair"": [0, 0, 0, 0], ""acc"": 7.0, ""vel"": 67.98, ""pos"": 2685.8, ""error"": 0}]","[[0, 0, 0, 0]]",[],"[[[0, 0, 0, 0], [7.0, 67.98, 2685.8], 0]]"
1.4,24.59,28.5,2.2,50.0,2220.6,7.0,68.1,2687.0,"[{""pair"": [0, 0, 0, 0], ""acc"": 7.0, ""vel"": 68.1, ""pos"": 2687.0, ""error"": 0}]","[[0, 0, 0, 0]]",[],"[[[0, 0, 0, 0], [7.0, 68.1, 2687.0], 0]]"
1.4,24.61,28.9,8.0,50.0,2846.1,7.0,68.21,2688.1,"[{""pair"": [0, 0, 0, 0], ""acc"": 7.0, ""vel"": 68.21, ""pos"": 2688.1, ""error"": 0}]","[[0, 0, 0, 0]]",[],"[[[0, 0, 0, 0], [7.0, 68.21, 2688.1], 0]]"
1.4,24.64,29.3,8.0,35.14,2549.4,7.0,68.33,2689.3,"[{""pair"": [0, 0, 0, 0], ""acc"": 7.0, ""vel"": 68.33, ""pos"": 2689.3, ""error"": 0}]","[[0, 0, 0, 0]]",[],"[[[0, 0, 0, 0], [7.0, 68.33, 2689.3], 0]]"
1.3,24.66,29.8,8.0,50.0,3119.5,15.4,56.77,3119.5,"[{""pair"": [1, 2, 1, 2], ""acc"": 15.4, ""vel"": 56.77, ""pos"": 3119.5, ""error"": 440.71637850000013}, {""pair"": [1, 2, 1, 2], ""acc"": 15.4, ""vel"": 56.77, ""pos"": 3119.5, ""error"": 440.71637850000013}, {""pair"": [1, 2, 1, 2], ""acc"": 15.4, ""vel"": 56.77, ""pos"": 3119.5, ""error"": 440.71637850000013}, {""pair"": [1, 2, 1, 2], ""acc"": 15.4, ""vel"": 56.77, ""pos"": 3119.5, ""error"": 440.71637850000013}, {""pair"": [1, 2, 1, 2], ""acc"": 15.4, ""vel"": 56.77, ""pos"": 3119.5, ""error"": 440.71637850000013}, {""pair"": [1, 2, 1, 2], ""acc"": 15.4, ""vel"": 56.77, ""pos"": 3119.5, ""error"": 440.71637850000013}, {""pair"": [1, 2, 1, 2], ""acc"": 15.4, ""vel"": 56.77, ""pos"": 3119.5, ""error"": 440.71637850000013}, {""pair"": [1, 2, 1, 2], ""acc"": 15.4, ""vel"": 56.77, ""pos"": 3119.5, ""error"": 440.71637850000013}, {""pair"": [1, 2, 1, 2], ""acc"": 15.4, ""vel"": 56.77, ""pos"": 3119.5, ""error"": 440.71637850000013}, {""pair"": [1, 2, 1, 2], ""acc"": 15.4, ""vel"": 56.77, ""pos"": 3119.5, ""error"": 440.71637850000013}, {""pair"": [1, 2, 1, 2], ""acc"": 15.4, ""vel"": 56.77, ""pos"": 3119.5, ""error"": 440.71637850000013}, {""pair"": [1, 2, 1, 2], ""acc"": 15.4, ""vel"": 56.77, ""pos"": 3119.5, ""error"": 440.71637850000013}, {""pair"": [1, 2, 1, 2], ""acc"": 15.4, ""vel"": 56.77, ""pos"": 3119.5, ""error"": 440.71637850000013}, {""pair"": [1, 2, 1, 2], ""acc"": 15.4, ""vel"": 56.77, ""pos"": 3119.5, ""error"": 440.71637850000013}, {""pair"": [1, 2, 1, 2], ""acc"": 15.4, ""vel"": 56.77, ""pos"": 3119.5, ""error"": 440.71637850000013}, {""pair"": [1, 2, 1, 2], ""acc"": 15.4, ""vel"": 56.77, ""pos"": 3119.5, ""error"": 440.71637850000013}]","[[1, 2, 1, 2], [1, 2, 1, 2], [1, 2, 1, 2], [1, 2, 1, 2], [1, 2, 1, 2], [1, 2, 1, 2], [1, 2, 1, 2], [1, 2, 1, 2], [1, 2, 1, 2], [1, 2, 1, 2], [1, 2, 1, 2], [1, 2, 1, 2], [1, 2, 1, 2], [1, 2, 1, 2], [1, 2, 1, 2], [1, 2, 1, 2]]","[[{""pair"": [1, 2, 1, 2], ""acc"": 15.4, ""vel"": 56.77, ""pos"": 3119.5, ""error"": 440.71637850000013}], [{""pair"": [1, 2, 1, 2], ""acc"": 15.4, ""vel"": 56.77, ""pos"": 3119.5, ""error"": 440.71637850000013}], [{""pair"": [1, 2, 1, 2], ""acc"": 15.4, ""vel"": 56.77, ""pos"": 3119.5, ""error"": 440.71637850000013}], [{""pair"": [1, 2, 1, 2], ""acc"": 15.4, ""vel"": 56.77, ""pos"": 3119.5, ""error"": 440.71637850000013}], [{""pair"": [1, 2, 1, 2], ""acc"": 15.4, ""vel"": 56.77, ""pos"": 3119.5, ""error"": 440.71637850000013}], [{""pair"": [1, 2, 1, 2], ""acc"": 15.4, ""vel"": 56.77, ""pos"": 3119.5, ""error"": 440.71637850000013}], [{""pair"": [1, 2, 1, 2], ""acc"": 15.4, ""vel"": 56.77, ""pos"": 3119.5, ""error"": 440.71637850000013}], [{""pair"": [1, 2, 1, 2], ""acc"": 15.4, ""vel"": 56.77, ""pos"": 3119.5, ""error"": 440.71637850000013}], [{""pair"": [1, 2, 1, 2], ""acc"": 15.4, ""vel"": 56.77, ""pos"": 3119.5, ""error"": 440.71637850000013}], [{""pair"": [1, 2, 1, 2], ""acc"": 15.4, ""vel"": 56.77, ""pos"": 3119.5, ""error"": 440.71637850000013}], [{""pair"": [1, 2, 1, 2], ""acc"": 15.4, ""vel"": 56.77, ""pos"": 3119.5, ""error"": 440.71637850000013}], [{""pair"": [1, 2, 1, 2], ""acc"": 15.4, ""vel"": 56.77, ""pos"": 3119.5, ""error"": 440.71637850000013}], [{""pair"": [1, 2, 1, 2], ""acc"": 15.4, ""vel"": 56.77, ""pos"": 3119.5, ""error"": 440.71637850000013}], [{""pair"": [1, 2, 1, 2], ""acc"": 15.4, ""vel"": 56.77, ""pos"": 3119.5, ""error"": 440.71637850000013}], [{""pair"": [1, 2, 1, 2], ""acc"": 15.4, ""vel"": 56.77, ""pos"": 3119.5, ""error"": 440.71637850000013}], [{""pair"": [1, 2, 1, 2], ""acc"": 15.4, ""vel"": 56.77, ""pos"": 3119.5, ""error"": 440.71637850000013}]]","[[[1, 2, 1, 2], [15.4, 56.77, 3119.5], 440.71637850000013], [[1, 2, 1, 2], [15.4, 56.77, 3119.5], 440.71637850000013], [[1, 2, 1, 2], [15.4, 56.77, 3119.5], 440.71637850000013], [[1, 2, 1, 2], [15.4, 56.77, 3119.5], 440.71637850000013], [[1, 2, 1, 2], [15.4, 56.77, 3119.5], 440.71637850000013], [[1, 2, 1, 2], [15.4, 56.77, 3119.5], 440.71637850000013], [[1, 2, 1, 2], [15.4, 56.77, 3119.5], 440.71637850000013], [[1, 2, 1, 2], [15.4, 56.77, 3119.5], 440.71637850000013], [[1, 2, 1, 2], [15.4, 56.77, 3119.5], 440.71637850000013], [[1, 2, 1, 2], [15.4, 56.77, 3119.5], 440.71637850000013], [[1, 2, 1, 2], [15.4, 56.77, 3119.5], 440.71637850000013], [[1, 2, 1, 2], [15.4, 56.77, 3119.5], 440.71637850000013], [[1, 2, 1, 2], [15.4, 56.77, 3119.5], 440.71637850000013], [[1, 2, 1, 2], [15.4, 56.77, 3119.5], 440.71637850000013], [[1, 2, 1, 2], [15.4, 56.77, 3119.5], 440.71637850000013], [[1, 2, 1, 2], [15.4, 56.77, 3119.5], 440.71637850000013]]"
1.3,24.68,30.200000000000003,8.0,50.0,2719.3,15.4,57.02,3120.4,"[{""pair"": [0, 0, 0, 0], ""acc"": 15.4, ""vel"": 57.02, ""pos"": 3120.4, ""error"": 0}]","[[0, 0, 0, 0]]",[],"[[[0, 0, 0, 0], [15.4, 57.02, 3120.4], 0]]"
1.3,24.7,30.6,-1.2,50.0,1479.6,15.4,57.28,3121.4,"[{""pair"": [0, 0, 0, 0], ""acc"": 15.4, ""vel"": 57.28, ""pos"": 3121.4, ""error"": 0}]","[[0, 0, 0, 0]]",[],"[[[0, 0, 0, 0], [15.4, 57.28, 3121.4], 0]]"
1.3,24.73,31.0,8.0,50.0,2724.9,15.4,57.54,3122.4,"[{""pair"": [0, 0, 0, 0], ""acc"": 15.4, ""vel"": 57.54, ""pos"": 3122.4, ""error"": 0}]","[[0, 0, 0, 0]]",[],"[[[0, 0, 0, 0], [15.4, 57.54, 3122.4], 0]]"
1.3,24.75,31.4,8.0,50.0,2894.4,15.4,57.79,3123.3,"[{""pair"": [0, 0, 0, 0], ""acc"": 15.4, ""vel"": 57.79, ""pos"": 3123.3, ""error"": 0}]","[[0, 0, 0, 0]]",[],"[[[0, 0, 0, 0], [15.4, 57.79, 3123.3], 0]]"
1.3,24.77,31.8,-8.0,50.0,35.6,15.4,58.05,3124.3,"[{""pair"": [0, 0, 0, 0], ""acc"": 15.4, ""vel"": 58.05, ""pos"": 3124.3, ""error"": 0}]","[[0, 0, 0, 0]]",[],"[[[0, 0, 0, 0], [15.4, 58.05, 3124.3], 0]]"
1.3,24.79,32.2,-6.4,49.55,1193.6,15.4,58.31,3125.3,"[{""pair"": [0, 0, 0, 0], ""acc"": 15.4, ""vel"": 58.31, ""pos"": 3125.3, ""error"": 0}]","[[0, 0, 0, 0]]",[],"[[[0, 0, 0, 0], [15.4, 58.31, 3125.3], 0]]"
1.3,24.82,32.7,-8.0,48.99,439.5,15.4,58.56,3126.2,"[{""pair"": [0, 0, 0, 0], ""acc"": 15.4, ""vel"": 58.56, ""pos"": 3126.2, ""error"": 0}]","[[0, 0, 0, 0]]",[],"[[[0, 0, 0, 0], [15.4, 58.56, 3126.2], 0]]"
1.3,24.84,33.1,-8.0,50.0,2470.0,15.4,58.82,3127.2,"[{""pair"": [0, 0, 0, 0], ""acc"": 15.4, ""vel"": 58.82, ""pos"": 3127.2, ""error"": 0}]","[[0, 0, 0, 0]]",[],"[[[0, 0, 0, 0], [15.4, 58.82, 3127.2], 0]]"
1.3,24.86,33.5,-0.5,50.0,789.0,-0.5,73.24,814.6,"[{""pair"": [3, 6, 1, 2], ""acc"": -0.5, ""vel"": 73.24, ""pos"": 814.6, ""error"": 2327.7603652999996}, {""pair"": [1, 2, 2, 6], ""acc"": -0.5, ""vel"": 73.24, ""pos"": 814.6, ""error"": 2327.7603652999996}, {""pair"": [3, 6, 0, 2], ""acc"": -0.5, ""vel"": 78.36, ""pos"": 789.0, ""error"": 2358.4803653}, {""pair"": [0, 2, 2, 6], ""acc"": -0.5, ""vel"": 78.36, ""pos"": 789.0, ""error"": 2358.4803653}, {""pair"": [1, 2, 0, 6], ""acc"": -0.5, ""vel"": 155.16, ""pos"": 814.6, ""error"": 2409.6803652999997}, {""pair"": [0, 2, 0, 6], ""acc"": -0.5, ""vel"": 160.28, ""pos"": 789.0, ""error"": 2440.4003653}]","[[3, 6, 1, 2], [1, 2, 2, 6], [3, 6, 0, 2], [0, 2, 2, 6], [1, 2, 0, 6], [0, 2, 0, 6]]","[[{""pair"": [3, 6, 0, 2], ""acc"": -0.5, ""vel"": 78.36, ""pos"": 789.0, ""error"": 2358.4803653}], [{""pair"": [3, 6, 1, 2], ""acc"": -0.5, ""vel"": 73.24, ""pos"": 814.6, ""error"": 2327.7603652999996}], [{""pair"": [0, 2, 0, 6], ""acc"": -0.5, ""vel"": 160.28, ""pos"": 789.0, ""error"": 2440.4003653}], [{""pair"": [0, 2, 2, 6], ""acc"": -0.5, ""vel"": 78.36, ""pos"": 789.0, ""error"": 2358.4803653}], [{""pair"": [1, 2, 0, 6], ""acc"": -0.5, ""vel"": 155.16, ""pos"": 814.6, ""error"": 2409.6803652999997}], [{""pair"": [1, 2, 2, 6], ""acc"": -0.5, ""vel"": 73.24, ""pos"": 814.6, ""error"": 2327.7603652999996}]]","[[[3, 6, 0, 2], [-0.5, 78.36, 789.0], 2358.4803653], [[3, 6, 1, 2], [-0.5, 73.24, 814.6], 2327.7603652999996], [[0, 2, 0, 6], [-0.5, 160.28, 789.0], 2440.4003653], [[0, 2, 2, 6], [-0.5, 78.36, 789.0], 2358.4803653], [[1, 2, 0, 6], [-0.5, 155.16, 814.6], 2409.6803652999997], [[1, 2, 2, 6], [-0.5, 73.24, 814.6], 2327.7603652999996]]"
1.3,24.88,33.9,8.0,25.1,2623.3,-0.5,73.23,815.8,"[{""pair"": [0, 0, 0, 0], ""acc"": -0.5, ""vel"": 73.23, ""pos"": 815.8, ""error"": 0}]","[[0, 0, 0, 0]]",[],"[[[0, 0, 0, 0], [-0.5, 73.23, 815.8], 0]]"
1.3,24.9,34.300000000000004,-8.0,50.0,906.0,-0.5,73.22,817.0,"[{""pair"": [0, 0, 0, 0], ""acc"": -0.5, ""vel"": 73.22, ""pos"": 817.0, ""error"": 0}]","[[0, 0, 0, 0]]",[],"[[[0, 0, 0, 0], [-0.5, 73.22, 817.0], 0]]"
1.4,24.93,34.7,8.0,50.0,693.4,-0.5,73.21,818.2,"[{""pair"": [0, 0, 0, 0], ""acc"": -0.5, ""vel"": 73.21, ""pos"": 818.2, ""error"": 0}]","[[0, 0, 0, 0]]",[],"[[[0, 0, 0, 0], [-0.5, 73.21, 818.2], 0]]"
1.5,24.95,35.1,-8.0,50.0,15.2,-0.5,73.2,819.4,"[{""pair"": [0, 0, 0, 0], ""acc"": -0.5, ""vel"": 73.2, ""pos"": 819.4, ""error"": 0}]","[[0, 0, 0, 0]]",[],"[[[0, 0, 0, 0], [-0.5, 73.2, 819.4], 0]]"
1.5,24.98,35.5,8.0,50.0,756.1,-0.5,73.19,820.6,"[{""pair"": [0, 0, 0, 0], ""acc"": -0.5, ""vel"": 73.19, ""pos"": 820.6, ""error"": 0}]","[[0, 0, 0, 0]]",[],"[[[0, 0, 0, 0], [-0.5, 73.19, 820.6], 0]]"
1.6,25.01,36.0,-8.0,6.44,2742.7,-0.5,73.18,821.8,"[{""pair"": [0, 0, 0, 0], ""acc"": -0.5, ""vel"": 73.18, ""pos"": 821.8, ""error"": 0}]","[[0, 0, 0, 0]]",[],"[[[0, 0, 0, 0], [-0.5, 73.18, 821.8], 0]]"
1.6,25.03,36.4,-3.4,50.0,1996.5,-0.5,73.17,823.0,"[{""pair"": [0, 0, 0, 0], ""acc"": -0.5, ""vel"": 73.17, ""pos"": 823.0, ""error"": 0}]","[[0, 0, 0, 0]]",[],"[[[0, 0, 0, 0], [-0.5, 73.17, 823.0], 0]]"
1.5,25.06,36.8,1.3,6.49,2980.5,-0.5,73.16,824.2,"[{""pair"": [0, 0, 0, 0], ""acc"": -0.5, ""vel"": 73.16, ""pos"": 824.2, ""error"": 0}]","[[0, 0, 0, 0]]",[],"[[[0, 0, 0, 0], [-0.5, 73.16, 824.2], 0]]"
1.4,25.08,37.2,7.7,50.0,1409.3,-0.5,73.15,825.4,"[{""pair"": [0, 0, 0, 0], ""acc"": -0.5, ""vel"": 73.15, ""pos"": 825.4, ""error"": 0}]","[[0, 0, 0, 0]]",[],"[[[0, 0, 0, 0], [-0.5, 73.15, 825.4], 0]]"
1.4,25.1,37.6,8.0,32.72,1621.2,-0.5,73.14,826.6,"[{""pair"": [0, 0, 0, 0], ""acc"": -0.5, ""vel"": 73.14, ""pos"": 826.6, ""error"": 0}]","[[0, 0, 0, 0]]",[],"[[[0, 0, 0, 0], [-0.5, 73.14, 826.6], 0]]"
1.3,25.12,38.0,8.0,50.0,923.8,-0.5,73.13,827.8,"[{""pair"": [0, 0, 0, 0], ""acc"": -0.5, ""vel"": 73.13, ""pos"": 827.8, ""error"": 0}]","[[0, 0, 0, 0]]",[],"[[[0, 0, 0, 0], [-0.5, 73.13, 827.8], 0]]"
1.3,25.14,38.5,-8.0,50.0,2909.7,-0.5,73.12,829.0,"[{""pair"": [0, 0, 0, 0], ""acc"": -0.5, ""vel"": 73.12, ""pos"": 829.0, ""error"": 0}]","[[0, 0, 0, 0]]",[],"[[[0, 0, 0, 0], [-0.5, 73.12, 829.0], 0]]"
1.2000000000000002,25.16,38.900000000000006,-8.0,50.0,1601.7,-0.5,73.11,830.2,"[{""pair"": [0, 0, 0, 0], ""acc"": -0.5, ""vel"": 73.11, ""pos"": 830.2, ""error"": 0}]","[[0, 0, 0, 0]]",[],"[[[0, 0, 0, 0], [-0.5, 73.11, 830.2], 0]]"
1.2000000000000002,25.18,39.3,-8.0,50.0,2547.7,-0.5,73.1,831.4,"[{""pair"": [0, 0, 0, 0], ""acc"": -0.5, ""vel"": 73.1, ""pos"": 831.4, ""error"": 0}]","[[0, 0, 0, 0]]",[],"[[[0, 0, 0, 0], [-0.5, 73.1, 831.4], 0]]"
1.2000000000000002,25.2,39.7,-8.0,50.0,169.3,-22.5,152.25,169.3,"[{""pair"": [2, 3, 2, 3], ""acc"": -22.5, ""vel"": 152.25, ""pos"": 169.3, ""error"": 742.5011277499996}, {""pair"": [2, 3, 2, 3], ""acc"": -22.5, ""vel"": 152.25, ""pos"": 169.3, ""error"": 742.5011277499996}, {""pair"": [2, 3, 2, 3], ""acc"": -22.5, ""vel"": 152.25, ""pos"": 169.3, ""error"": 742.5011277499996}, {""pair"": [2, 3, 2, 3], ""acc"": -22.5, ""vel"": 152.25, ""pos"": 169.3, ""error"": 742.5011277499996}, {""pair"": [2, 3, 2, 3], ""acc"": -22.5, ""vel"": 152.25, ""pos"": 169.3, ""error"": 742.5011277499996}, {""pair"": [2, 3, 2, 3], ""acc"": -22.5, ""vel"": 152.25, ""pos"": 169.3, ""error"": 742.5011277499996}, {""pair"": [2, 3, 2, 3], ""acc"": -22.5, ""vel"": 152.25, ""pos"": 169.3, ""error"": 742.5011277499996}, {""pair"": [2, 3, 2, 3], ""acc"": -22.5, ""vel"": 152.25, ""pos"": 169.3, ""error"": 742.5011277499996}, {""pair"": [2, 3, 2, 3], ""acc"": -22.5, ""vel"": 152.25, ""pos"": 169.3, ""error"": 742.5011277499996}, {""pair"": [2, 3, 2, 3], ""acc"": -22.5, ""vel"": 152.25, ""pos"": 169.3, ""error"": 742.5011277499996}, {""pair"": [2, 3, 2, 3], ""acc"": -22.5, ""vel"": 152.25, ""pos"": 169.3, ""error"": 742.5011277499996}, {""pair"": [2, 3, 2, 3], ""acc"": -22.5, ""vel"": 152.25, ""pos"": 169.3, ""error"": 742.5011277499996}, {""pair"": [2, 3, 2, 3], ""acc"": -22.5, ""vel"": 152.25, ""pos"": 169.3, ""error"": 742.5011277499996}, {""pair"": [2, 3, 2, 3], ""acc"": -22.5, ""vel"": 152.25, ""pos"": 169.3, ""error"": 742.5011277499996}, {""pair"": [2, 3, 2, 3], ""acc"": -22.5, ""vel"": 152.25, ""pos"": 169.3, ""error"": 742.5011277499996}, {""pair"": [2, 3, 2, 3], ""acc"": -22.5, ""vel"": 152.25, ""pos"": 169.3, ""error"": 742.5011277499996}]","[[2, 3, 2, 3], [2, 3, 2, 3], [2, 3, 2, 3], [2, 3, 2, 3], [2, 3, 2, 3], [2, 3, 2, 3], [2, 3, 2, 3], [2, 3, 2, 3], [2, 3, 2, 3], [2, 3, 2, 3], [2, 3, 2, 3], [2, 3, 2, 3], [2, 3, 2, 3], [2, 3, 2, 3], [2, 3, 2, 3], [2, 3, 2, 3]]","[[{""pair"": [2, 3, 2, 3], ""acc"": -22.5, ""vel"": 152.25, ""pos"": 169.3, ""error"": 742.5011277499996}], [{""pair"": [2, 3, 2, 3], ""acc"": -22.5, ""vel"": 152.25, ""pos"": 169.3, ""error"": 742.5011277499996}], [{""pair"": [2, 3, 2, 3], ""acc"": -22.5, ""vel"": 152.25, ""pos"": 169.3, ""error"": 742.5011277499996}], [{""pair"": [2, 3, 2, 3], ""acc"": -22.5, ""vel"": 152.25, ""pos"": 169.3, ""error"": 742.5011277499996}], [{""pair"": [2, 3, 2, 3], ""acc"": -22.5, ""vel"": 152.25, ""pos"": 169.3, ""error"": 742.5011277499996}], [{""pair"": [2, 3, 2, 3], ""acc"": -22.5, ""vel"": 152.25, ""pos"": 169.3, ""error"": 742.5011277499996}], [{""pair"": [2, 3, 2, 3], ""acc"": -22.5, ""vel"": 152.25, ""pos"": 169.3, ""error"": 742.5011277499996}], [{""pair"": [2, 3, 2, 3], ""acc"": -22.5, ""vel"": 152.25, ""pos"": 169.3, ""error"": 742.5011277499996}], [{""pair"": [2, 3, 2, 3], ""acc"": -22.5, ""vel"": 152.25, ""pos"": 169.3, ""error"": 742.5011277499996}], [{""pair"": [2, 3, 2, 3], ""acc"": -22.5, ""vel"": 152.25, ""pos"": 169.3, ""error"": 742.5011277499996}], [{""pair"": [2, 3, 2, 3], ""acc"": -22.5, ""vel"": 152.25, ""pos"": 169.3, ""error"": 742.5011277499996}], [{""pair"": [2, 3, 2, 3], ""acc"": -22.5, ""vel"": 152.25, ""pos"": 169.3, ""error"": 742.5011277499996}], [{""pair"": [2, 3, 2, 3], ""acc"": -22.5, ""vel"": 152.25, ""pos"": 169.3, ""error"": 742.5011277499996}], [{""pair"": [2, 3, 2, 3], ""acc"": -22.5, ""vel"": 152.25, ""pos"": 169.3, ""error"": 742.5011277499996}], [{""pair"": [2, 3, 2, 3], ""acc"": -22.5, ""vel"": 152.25, ""pos"": 169.3, ""error"": 742.5011277499996}], [{""pair"": [2, 3, 2, 3], ""acc"": -22.5, ""vel"": 152.25, ""pos"": 169.3, ""error"": 742.5011277499996}]]","[[[2, 3, 2, 3], [-22.5, 152.25, 169.3], 742.5011277499996], [[2, 3, 2, 3], [-22.5, 152.25, 169.3], 742.5011277499996], [[2, 3, 2, 3], [-22.5, 152.25, 169.3], 742.5011277499996], [[2, 3, 2, 3], [-22.5, 152.25, 169.3], 742.5011277499996], [[2, 3, 2, 3], [-22.5, 152.25, 169.3], 742.5011277499996], [[2, 3, 2, 3], [-22.5, 152.25, 169.3], 742.5011277499996], [[2, 3, 2, 3], [-22.5, 152.25, 169.3], 742.5011277499996], [[2, 3, 2, 3], [-22.5, 152.25, 169.3], 742.5011277499996], [[2, 3, 2, 3], [-22.5, 152.25, 169.3], 742.5011277499996], [[2, 3, 2, 3], [-22.5, 152.25, 169.3], 742.5011277499996], [[2, 3, 2, 3], [-22.5, 152.25, 169.3], 742.5011277499996], [[2, 3, 2, 3], [-22.5, 152.25, 169.3], 742.5011277499996], [[2, 3, 2, 3], [-22.5, 152.25, 169.3], 742.5011277499996], [[2, 3, 2, 3], [-22.5, 152.25, 169.3], 742.5011277499996], [[2, 3, 2, 3], [-22.5, 152.25, 169.3], 742.5011277499996], [[2, 3, 2, 3], [-22.5, 152.25, 169.3], 742.5011277499996]]"
1.1,25.22,40.2,8.0,32.3,321.5,-22.5,151.89,171.7,"[{""pair"": [0, 0, 0, 0], ""acc"": -22.5, ""vel"": 151.89, ""pos"": 171.7, ""error"": 0}]","[[0, 0, 0, 0]]",[],"[[[0, 0, 0, 0], [-22.5, 151.89, 171.7], 0]]"
1.1,25.24,40.6,7.8,50.0,853.1,7.8,93.96,853.1,"[{""pair"": [2, 2, 2, 2], ""acc"": 7.8, ""vel"": 93.96, ""pos"": 853.1, ""error"": 736.3686212500008}, {""pair"": [2, 2, 2, 2], ""acc"": 7.8, ""vel"": 93.96, ""pos"": 853.1, ""error"": 736.3686212500008}, {""pair"": [2, 2, 2, 2], ""acc"": 7.8, ""vel"": 93.96, ""pos"": 853.1, ""error"": 736.3686212500008}, {""pair"": [2, 2, 2, 2], ""acc"": 7.8, ""vel"": 93.96, ""pos"": 853.1, ""error"": 736.3686212500008}, {""pair"": [2, 2, 2, 2], ""acc"": 7.8, ""vel"": 93.96, ""pos"": 853.1, ""error"": 736.3686212500008}, {""pair"": [2, 2, 2, 2], ""acc"": 7.8, ""vel"": 93.96, ""pos"": 853.1, ""error"": 736.3686212500008}, {""pair"": [2, 2, 2, 2], ""acc"": 7.8, ""vel"": 93.96, ""pos"": 853.1, ""error"": 736.3686212500008}, {""pair"": [2, 2, 2, 2], ""acc"": 7.8, ""vel"": 93.96, ""pos"": 853.1, ""error"": 736.3686212500008}, {""pair"": [2, 2, 2, 2], ""acc"": 7.8, ""vel"": 93.96, ""pos"": 853.1, ""error"": 736.3686212500008}, {""pair"": [2, 2, 2, 2], ""acc"": 7.8, ""vel"": 93.96, ""pos"": 853.1, ""error"": 736.3686212500008}, {""pair"": [2, 2, 2, 2], ""acc"": 7.8, ""vel"": 93.96, ""pos"": 853.1, ""error"": 736.3686212500008}, {""pair"": [2, 2, 2, 2], ""acc"": 7.8, ""vel"": 93.96, ""pos"": 853.1, ""error"": 736.3686212500008}, {""pair"": [2, 2, 2, 2], ""acc"": 7.8, ""vel"": 93.96, ""pos"": 853.1, ""error"": 736.3686212500008}, {""pair"": [2, 2, 2, 2], ""acc"": 7.8, ""vel"": 93.96, ""pos"": 853.1, ""error"": 736.3686212500008}, {""pair"": [2, 2, 2, 2], ""acc"": 7.8, ""vel"": 93.96, ""pos"": 853.1, ""error"": 736.3686212500008}, {""pair"": [2, 2, 2, 2], ""acc"": 7.8, ""vel"": 93.96, ""pos"": 853.1, ""error"": 736.3686212500008}]","[[2, 2, 2, 2], [2, 2, 2, 2], [2, 2, 2, 2], [2, 2, 2, 2], [2, 2, 2, 2], [2, 2, 2, 2], [2, 2, 2, 2], [2, 2, 2, 2], [2, 2, 2, 2], [2, 2, 2, 2], [2, 2, 2, 2], [2, 2, 2, 2], [2, 2, 2, 2], [2, 2, 2, 2], [2, 2, 2, 2], [2, 2, 2, 2]]","[[{""pair"": [2, 2, 2, 2], ""acc"": 7.8, ""vel"": 93.96, ""pos"": 853.1, ""error"": 736.3686212500008}], [{""pair"": [2, 2, 2, 2], ""acc"": 7.8, ""vel"": 93.96, ""pos"": 853.1, ""error"": 736.3686212500008}], [{""pair"": [2, 2, 2, 2], ""acc"": 7.8, ""vel"": 93.96, ""pos"": 853.1, ""error"": 736.3686212500008}], [{""pair"": [2, 2, 2, 2], ""acc"": 7.8, ""vel"": 93.96, ""pos"": 853.1, ""error"": 736.3686212500008}], [{""pair"": [2, 2, 2, 2], ""acc"": 7.8, ""vel"": 93.96, ""pos"": 853.1, ""error"": 736.3686212500008}], [{""pair"": [2, 2, 2, 2], ""acc"": 7.8, ""vel"": 93.96, ""pos"": 853.1, ""error"": 736.3686212500008}], [{""pair"": [2, 2, 2, 2], ""acc"": 7.8, ""vel"": 93.96, ""pos"": 853.1, ""error"": 736.3686212500008}], [{""pair"": [2, 2, 2, 2], ""acc"": 7.8, ""vel"": 93.96, ""pos"": 853.1, ""error"": 736.3686212500008}], [{""pair"": [2, 2, 2, 2], ""acc"": 7.8, ""vel"": 93.96, ""pos"": 853.1, ""error"": 736.3686212500008}], [{""pair"": [2, 2, 2, 2], ""acc"": 7.8, ""vel"": 93.96, ""pos"": 853.1, ""error"": 736.3686212500008}], [{""pair"": [2, 2, 2, 2], ""acc"": 7.8, ""vel"": 93.96, ""pos"": 853.1, ""error"": 736.3686212500008}], [{""pair"": [2, 2, 2, 2], ""acc"": 7.8, ""vel"": 93.96, ""pos"": 853.1, ""error"": 736.3686212500008}], [{""pair"": [2, 2, 2, 2], ""acc"": 7.8, ""vel"": 93.96, ""pos"": 853.1, ""error"": 736.3686212500008}], [{""pair"": [2, 2, 2, 2], ""acc"": 7.8, ""vel"": 93.96, ""pos"": 853.1, ""error"": 736.3686212500008}], [{""pair"": [2, 2, 2, 2], ""acc"": 7.8, ""vel"": 93.96, ""pos"": 853.1, ""error"": 736.3686212500008}], [{""pair"": [2, 2, 2, 2], ""acc"": 7.8, ""vel"": 93.96, ""pos"": 853.1, ""error"": 736.3686212500008}]]","[[[2, 2, 2, 2], [7.8, 93.96, 853.1], 736.3686212500008], [[2, 2, 2, 2], [7.8, 93.96, 853.1], 736.3686212500008], [[2, 2, 2, 2], [7.8, 93.96, 853.1], 736.3686212500008], [[2, 2, 2, 2], [7.8, 93.96, 853.1], 736.3686212500008], [[2, 2, 2, 2], [7.8, 93.96, 853.1], 736.3686212500008], [[2, 2, 2, 2], [7.8, 93.96, 853.1], 736.3686212500008], [[2, 2, 2, 2], [7.8, 93.96, 853.1], 736.3686212500008], [[2, 2, 2, 2], [7.8, 93.96, 853.1], 736.3686212500008], [[2, 2, 2, 2], [7.8, 93.96, 853.1], 736.3686212500008], [[2, 2, 2, 2], [7.8, 93.96, 853.1], 736.3686212500008], [[2, 2, 2, 2], [7.8, 93.96, 853.1], 736.3686212500008], [[2, 2, 2, 2], [7.8, 93.96, 853.1], 736.3686212500008], [[2, 2, 2, 2], [7.8, 93.96, 853.1], 736.3686212500008], [[2, 2, 2, 2], [7.8, 93.96, 853.1], 736.3686212500008], [[2, 2, 2, 2], [7.8, 93.96, 853.1], 736.3686212500008], [[2, 2, 2, 2], [7.8, 93.96, 853.1], 736.3686212500008]]"
1.1,25.26,41.0,4.6,12.04,1058.9,7.8,94.09,854.7,"[{""pair"": [0, 0, 0, 0], ""acc"": 7.8, ""vel"": 94.09, ""pos"": 854.7, ""error"": 0}]","[[0, 0, 0, 0]]",[],"[[[0, 0, 0, 0], [7.8, 94.09, 854.7], 0]]"
1.1,25.27,41.400000000000006,-2.3,50.0,1211.6,7.8,94.21,856.2,"[{""pair"": [0, 0, 0, 0], ""acc"": 7.8, ""vel"": 94.21, ""pos"": 856.2, ""error"": 0}]","[[0, 0, 0, 0]]",[],"[[[0, 0, 0, 0], [7.8, 94.21, 856.2], 0]]"
1.0,25.29,41.8,-8.0,50.0,2917.5,7.8,94.48,859.4,"[{""pair"": [0, 0, 0, 0], ""acc"": 7.8, ""vel"": 94.48, ""pos"": 859.4, ""error"": 0}]","[[0, 0, 0, 0]]",[],"[[[0, 0, 0, 0], [7.8, 94.48, 859.4], 0]]"
1.0,25.32,42.7,8.0,50.0,2242.3,7.8,94.6,860.9,"[{""pair"": [0, 0, 0, 0], ""acc"": 7.8, ""vel"": 94.6, ""pos"": 860.9, ""error"": 0}]","[[0, 0, 0, 0]]",[],"[[[0, 0, 0, 0], [7.8, 94.6, 860.9], 0]]"
1.0,25.34,43.1,4.4,50.0,1191.1,7.8,94.73,862.5,"[{""pair"": [0, 0, 0, 0], ""acc"": 7.8, ""vel"": 94.73, ""pos"": 862.5, ""error"": 0}]","[[0, 0, 0, 0]]",[],"[[[0, 0, 0, 0], [7.8, 94.73, 862.5], 0]]"
1.0,25.36,43.5,8.0,50.0,1710.1,7.8,94.86,864.1,"[{""pair"": [0, 0, 0, 0], ""acc"": 7.8, ""vel"": 94.86, ""pos"": 864.1, ""error"": 0}]","[[0, 0, 0, 0]]",[],"[[[0, 0, 0, 0], [7.8, 94.86, 864.1], 0]]"
0.9,25.37,44.0,-8.0,50.0,974.7,7.8,94.98,865.6,"[{""pair"": [0, 0, 0, 0], ""acc"": 7.8, ""vel"": 94.98, ""pos"": 865.6, ""error"": 0}]","[[0, 0, 0, 0]]",[],"[[[0, 0, 0, 0], [7.8, 94.98, 865.6], 0]]"
0.9,25.39,44.400000000000006,8.0,50.0,3272.3,7.8,95.25,868.8,"[{""pair"": [0, 0, 0, 0], ""acc"": 7.8, ""vel"": 95.25, ""pos"": 868.8, ""error"": 0}]","[[0, 0, 0, 0]]",[],"[[[0, 0, 0, 0], [7.8, 95.25, 868.8], 0]]"
0.9,25.42,45.2,8.0,50.0,2186.2,7.8,95.37,870.3,"[{""pair"": [0, 0, 0, 0], ""acc"": 7.8, ""vel"": 95.37, ""pos"": 870.3, ""error"": 0}]","[[0, 0, 0, 0]]",[],"[[[0, 0, 0, 0], [7.8, 95.37, 870.3], 0]]"
0.9,25.43,45.6,-8.0,39.84,900.2,7.8,95.5,871.9,"[{""pair"": [0, 0, 0, 0], ""acc"": 7.8, ""vel"": 95.5, ""pos"": 871.9, ""error"": 0}]","[[0, 0, 0, 0]]",[],"[[[0, 0, 0, 0], [7.8, 95.5, 871.9], 0]]"
0.9,25.44,46.1,8.0,50.0,1606.8,7.8,95.76,875.1,"[{""pair"": [0, 0, 0, 0], ""acc"": 7.8, ""vel"": 95.76, ""pos"": 875.1, ""error"": 0}]","[[0, 0, 0, 0]]",[],"[[[0, 0, 0, 0], [7.8, 95.76, 875.1], 0]]"
0.8,25.47,46.900000000000006,-1.2,38.33,1640.6,7.8,95.89,876.7,"[{""pair"": [0, 0, 0, 0], ""acc"": 7.8, ""vel"": 95.89, ""pos"": 876.7, ""error"": 0}]","[[0, 0, 0, 0]]",[],"[[[0, 0, 0, 0], [7.8, 95.89, 876.7], 0]]"
0.8,25.48,47.3,8.0,50.0,3180.7,7.8,96.02,878.3,"[{""pair"": [0, 0, 0, 0], ""acc"": 7.8, ""vel"": 96.02, ""pos"": 878.3, ""error"": 0}]","[[0, 0, 0, 0]]",[],"[[[0, 0, 0, 0], [7.8, 96.02, 878.3], 0]]"
0.8,25.5,47.8,-1.5,50.0,166.5,7.8,96.28,881.5,"[{""pair"": [0, 0, 0, 0], ""acc"": 7.8, ""vel"": 96.28, ""pos"": 881.5, ""error"": 0}]","[[0, 0, 0, 0]]",[],"[[[0, 0, 0, 0], [7.8, 96.28, 881.5], 0]]"
0.7000000000000001,25.52,48.6,8.0,50.0,204.0,7.8,96.54,884.7,"[{""pair"": [0, 0, 0, 0], ""acc"": 7.8, ""vel"": 96.54, ""pos"": 884.7, ""error"": 0}]","[[0, 0, 0, 0]]",[],"[[[0, 0, 0, 0], [7.8, 96.54, 884.7], 0]]"
0.7000000000000001,25.54,49.5,-8.0,0.91,267.0,7.8,96.81,888.0,"[{""pair"": [0, 0, 0, 0], ""acc"": 7.8, ""vel"": 96.81, ""pos"": 888.0, ""error"": 0}]","[[0, 0, 0, 0]]",[],"[[[0, 0, 0, 0], [7.8, 96.81, 888.0], 0]]"
0.7000000000000001,25.57,50.3,8.0,27.8,1522.8,7.8,96.93,889.5,"[{""pair"": [0, 0, 0, 0], ""acc"": 7.8, ""vel"": 96.93, ""pos"": 889.5, ""error"": 0}]","[[0, 0, 0, 0]]",[],"[[[0, 0, 0, 0], [7.8, 96.93, 889.5], 0]]"
0.7000000000000001,25.58,50.7,8.0,50.0,72.1,23.3,148.04,72.1,"[{""pair"": [2, 3, 2, 3], ""acc"": 23.3, ""vel"": 148.04, ""pos"": 72.1, ""error"": 870.0263370999995}, {""pair"": [2, 3, 2, 3], ""acc"": 23.3, ""vel"": 148.04, ""pos"": 72.1, ""error"": 870.0263370999995}, {""pair"": [2, 3, 2, 3], ""acc"": 23.3, ""vel"": 148.04, ""pos"": 72.1, ""error"": 870.0263370999995}, {""pair"": [2, 3, 2, 3], ""acc"": 23.3, ""vel"": 148.04, ""pos"": 72.1, ""error"": 870.0263370999995}, {""pair"": [2, 3, 2, 3], ""acc"": 23.3, ""vel"": 148.04, ""pos"": 72.1, ""error"": 870.0263370999995}, {""pair"": [2, 3, 2, 3], ""acc"": 23.3, ""vel"": 148.04, ""pos"": 72.1, ""error"": 870.0263370999995}, {""pair"": [2, 3, 2, 3], ""acc"": 23.3, ""vel"": 148.04, ""pos"": 72.1, ""error"": 870.0263370999995}, {""pair"": [2, 3, 2, 3], ""acc"": 23.3, ""vel"": 148.04, ""pos"": 72.1, ""error"": 870.0263370999995}, {""pair"": [2, 3, 2, 3], ""acc"": 23.3, ""vel"": 148.04, ""pos"": 72.1, ""error"": 870.0263370999995}, {""pair"": [2, 3, 2, 3], ""acc"": 23.3, ""vel"": 148.04, ""pos"": 72.1, ""error"": 870.0263370999995}, {""pair"": [2, 3, 2, 3], ""acc"": 23.3, ""vel"": 148.04, ""pos"": 72.1, ""error"": 870.0263370999995}, {""pair"": [2, 3, 2, 3], ""acc"": 23.3, ""vel"": 148.04, ""pos"": 72.1, ""error"": 870.0263370999995}, {""pair"": [2, 3, 2, 3], ""acc"": 23.3, ""vel"": 148.04, ""pos"": 72.1, ""error"": 870.0263370999995}, {""pair"": [2, 3, 2, 3], ""acc"": 23.3, ""vel"": 148.04, ""pos"": 72.1, ""error"": 870.0263370999995}, {""pair"": [2, 3, 2, 3], ""acc"": 23.3, ""vel"": 148.04, ""pos"": 72.1, ""error"": 870.0263370999995}, {""pair"": [2, 3, 2, 3], ""acc"": 23.3, ""vel"": 148.04, ""pos"": 72.1, ""error"": 870.0263370999995}]","[[2, 3, 2, 3], [2, 3, 2, 3], [2, 3, 2, 3], [2, 3, 2, 3], [2, 3, 2, 3], [2, 3, 2, 3], [2, 3, 2, 3], [2, 3, 2, 3], [2, 3, 2, 3], [2, 3, 2, 3], [2, 3, 2, 3], [2, 3, 2, 3], [2, 3, 2, 3], [2, 3, 2, 3], [2, 3, 2, 3], [2, 3, 2, 3]]","[[{""pair"": [2, 3, 2, 3], ""acc"": 23.3, ""vel"": 148.04, ""pos"": 72.1, ""error"": 870.0263370999995}], [{""pair"": [2, 3, 2, 3], ""acc"": 23.3, ""vel"": 148.04, ""pos"": 72.1, ""error"": 870.0263370999995}], [{""pair"": [2, 3, 2, 3], ""acc"": 23.3, ""vel"": 148.04, ""pos"": 72.1, ""error"": 870.0263370999995}], [{""pair"": [2, 3, 2, 3], ""acc"": 23.3, ""vel"": 148.04, ""pos"": 72.1, ""error"": 870.0263370999995}], [{""pair"": [2, 3, 2, 3], ""acc"": 23.3, ""vel"": 148.04, ""pos"": 72.1, ""error"": 870.0263370999995}], [{""pair"": [2, 3, 2, 3], ""acc"": 23.3, ""vel"": 148.04, ""pos"": 72.1, ""error"": 870.0263370999995}], [{""pair"": [2, 3, 2, 3], ""acc"": 23.3, ""vel"": 148.04, ""pos"": 72.1, ""error"": 870.0263370999995}], [{""pair"": [2, 3, 2, 3], ""acc"": 23.3, ""vel"": 148.04, ""pos"": 72.1, ""error"": 870.0263370999995}], [{""pair"": [2, 3, 2, 3], ""acc"": 23.3, ""vel"": 148.04, ""pos"": 72.1, ""error"": 870.0263370999995}], [{""pair"": [2, 3, 2, 3], ""acc"": 23.3, ""vel"": 148.04, ""pos"": 72.1, ""error"": 870.0263370999995}], [{""pair"": [2, 3, 2, 3], ""acc"": 23.3, ""vel"": 148.04, ""pos"": 72.1, ""error"": 870.0263370999995}], [{""pair"": [2, 3, 2, 3], ""acc"": 23.3, ""vel"": 148.04, ""pos"": 72.1, ""error"": 870.0263370999995}], [{""pair"": [2, 3, 2, 3], ""acc"": 23.3, ""vel"": 148.04, ""pos"": 72.1, ""error"": 870.0263370999995}], [{""pair"": [2, 3, 2, 3], ""acc"": 23.3, ""vel"": 148.04, ""pos"": 72.1, ""error"": 870.0263370999995}], [{""pair"": [2, 3, 2, 3], ""acc"": 23.3, ""vel"": 148.04, ""pos"": 72.1, ""error"": 870.0263370999995}], [{""pair"": [2, 3, 2, 3], ""acc"": 23.3, ""vel"": 148.04, ""pos"": 72.1, ""error"": 870.0263370999995}]]","[[[2, 3, 2, 3], [23.3, 148.04, 72.1], 870.0263370999995], [[2, 3, 2, 3], [23.3, 148.04, 72.1], 870.0263370999995], [[2, 3, 2, 3], [23.3, 148.04, 72.1], 870.0263370999995], [[2, 3, 2, 3], [23.3, 148.04, 72.1], 870.0263370999995], [[2, 3, 2, 3], [23.3, 148.04, 72.1], 870.0263370999995], [[2, 3, 2, 3], [23.3, 148.04, 72.1], 870.0263370999995], [[2, 3, 2, 3], [23.3, 148.04, 72.1], 870.0263370999995], [[2, 3, 2, 3], [23.3, 148.04, 72.1], 870.0263370999995], [[2, 3, 2, 3], [23.3, 148.04, 72.1], 870.0263370999995], [[2, 3, 2, 3], [23.3, 148.04, 72.1], 870.0263370999995], [[2, 3, 2, 3], [23.3, 148.04, 72.1], 870.0263370999995], [[2, 3, 2, 3], [23.3, 148.04, 72.1], 870.0263370999995], [[2, 3, 2, 3], [23.3, 148.04, 72.1], 870.0263370999995], [[2, 3, 2, 3], [23.3, 148.04, 72.1], 870.0263370999995], [[2, 3, 2, 3], [23.3, 148.04, 72.1], 870.0263370999995], [[2, 3, 2, 3], [23.3, 148.04, 72.1], 870.0263370999995]]"
0.7000000000000001,25.59,51.2,8.0,50.0,2845.0,23.3,148.44,74.6,"[{""pair"": [0, 0, 0, 0], ""acc"": 23.3, ""vel"": 148.44, ""pos"": 74.6, ""error"": 0}]","[[0, 0, 0, 0]]",[],"[[[0, 0, 0, 0], [23.3, 148.44, 74.6], 0]]"
0.7000000000000001,25.6,51.6,8.0,18.38,3205.2,23.3,149.21,79.5,"[{""pair"": [0, 0, 0, 0], ""acc"": 23.3, ""vel"": 149.21, ""pos"": 79.5, ""error"": 0}]","[[0, 0, 0, 0]]",[],"[[[0, 0, 0, 0], [23.3, 149.21, 79.5], 0]]"
0.7000000000000001,25.63,52.400000000000006,2.5,25.35,2152.5,23.3,149.98,84.4,"[{""pair"": [0, 0, 0, 0], ""acc"": 23.3, ""vel"": 149.98, ""pos"": 84.4, ""error"": 0}]","[[0, 0, 0, 0]]",[],"[[[0, 0, 0, 0], [23.3, 149.98, 84.4], 0]]"
0.7000000000000001,25.65,53.3,-8.0,50.0,1209.4,23.3,150.38,87.0,"[{""pair"": [0, 0, 0, 0], ""acc"": 23.3, ""vel"": 150.38, ""pos"": 87.0, ""error"": 0}]","[[0, 0, 0, 0]]",[],"[[[0, 0, 0, 0], [23.3, 150.38, 87.0], 0]]"
0.6000000000000001,25.66,53.7,-4.5,7.93,1332.8,23.3,150.78,89.6,"[{""pair"": [0, 0, 0, 0], ""acc"": 23.3, ""vel"": 150.78, ""pos"": 89.6, ""error"": 0}]","[[0, 0, 0, 0]]",[],"[[[0, 0, 0, 0], [23.3, 150.78, 89.6], 0]]"
0.6000000000000001,25.67,54.2,-8.0,50.0,1342.0,23.3,151.15,92.0,"[{""pair"": [0, 0, 0, 0], ""acc"": 23.3, ""vel"": 151.15, ""pos"": 92.0, ""error"": 0}]","[[0, 0, 0, 0]]",[],"[[[0, 0, 0, 0], [23.3, 151.15, 92.0], 0]]"
0.6000000000000001,25.68,54.6,8.0,38.84,1362.6,23.3,151.55,94.6,"[{""pair"": [0, 0, 0, 0], ""acc"": 23.3, ""vel"": 151.55, ""pos"": 94.6, ""error"": 0}]","[[0, 0, 0, 0]]",[],"[[[0, 0, 0, 0], [23.3, 151.55, 94.6], 0]]"
0.6000000000000001,25.69,55.0,6.1,50.0,744.5,23.3,152.32,99.6,"[{""pair"": [0, 0, 0, 0], ""acc"": 23.3, ""vel"": 152.32, ""pos"": 99.6, ""error"": 0}]","[[0, 0, 0, 0]]",[],"[[[0, 0, 0, 0], [23.3, 152.32, 99.6], 0]]"
0.6000000000000001,25.71,55.900000000000006,-6.9,50.0,113.6,23.3,152.72,102.2,"[{""pair"": [0, 0, 0, 0], ""acc"": 23.3, ""vel"": 152.72, ""pos"": 102.2, ""error"": 0}]","[[0, 0, 0, 0]]",[],"[[[0, 0, 0, 0], [23.3, 152.72, 102.2], 0]]"
0.6000000000000001,25.72,56.3,-8.0,50.0,2517.0,23.3,153.12,104.8,"[{""pair"": [0, 0, 0, 0], ""acc"": 23.3, ""vel"": 153.12, ""pos"": 104.8, ""error"": 0}]","[[0, 0, 0, 0]]",[],"[[[0, 0, 0, 0], [23.3, 153.12, 104.8], 0]]"
0.5,25.73,56.7,8.0,26.68,3027.4,23.3,153.49,107.3,"[{""pair"": [0, 0, 0, 0], ""acc"": 23.3, ""vel"": 153.49, ""pos"": 107.3, ""error"": 0}]","[[0, 0, 0, 0]]",[],"[[[0, 0, 0, 0], [23.3, 153.49, 107.3], 0]]"
0.5,25.73,57.1,8.0,50.0,729.6,23.2,90.7,729.6,"[{""pair"": [2, 2, 2, 2], ""acc"": 23.2, ""vel"": 90.7, ""pos"": 729.6, ""error"": 682.8734031500005}, {""pair"": [2, 2, 2, 2], ""acc"": 23.2, ""vel"": 90.7, ""pos"": 729.6, ""error"": 682.8734031500005}, {""pair"": [2, 2, 2, 2], ""acc"": 23.2, ""vel"": 90.7, ""pos"": 729.6, ""error"": 682.8734031500005}, {""pair"": [2, 2, 2, 2], ""acc"": 23.2, ""vel"": 90.7, ""pos"": 729.6, ""error"": 682.8734031500005}, {""pair"": [2, 2, 2, 2], ""acc"": 23.2, ""vel"": 90.7, ""pos"": 729.6, ""error"": 682.8734031500005}, {""pair"": [2, 2, 2, 2], ""acc"": 23.2, ""vel"": 90.7, ""pos"": 729.6, ""error"": 682.8734031500005}, {""pair"": [2, 2, 2, 2], ""acc"": 23.2, ""vel"": 90.7, ""pos"": 729.6, ""error"": 682.8734031500005}, {""pair"": [2, 2, 2, 2], ""acc"": 23.2, ""vel"": 90.7, ""pos"": 729.6, ""error"": 682.8734031500005}, {""pair"": [2, 2, 2, 2], ""acc"": 23.2, ""vel"": 90.7, ""pos"": 729.6, ""error"": 682.8734031500005}, {""pair"": [2, 2, 2, 2], ""acc"": 23.2, ""vel"": 90.7, ""pos"": 729.6, ""error"": 682.8734031500005}, {""pair"": [2, 2, 2, 2], ""acc"": 23.2, ""vel"": 90.7, ""pos"": 729.6, ""error"": 682.8734031500005}, {""pair"": [2, 2, 2, 2], ""acc"": 23.2, ""vel"": 90.7, ""pos"": 729.6, ""error"": 682.8734031500005}, {""pair"": [2, 2, 2, 2], ""acc"": 23.2, ""vel"": 90.7, ""pos"": 729.6, ""error"": 682.8734031500005}, {""pair"": [2, 2, 2, 2], ""acc"": 23.2, ""vel"": 90.7, ""pos"": 729.6, ""error"": 682.8734031500005}, {""pair"": [2, 2, 2, 2], ""acc"": 23.2, ""vel"": 90.7, ""pos"": 729.6, ""error"": 682.8734031500005}, {""pair"": [2, 2, 2, 2], ""acc"": 23.2, ""vel"": 90.7, ""pos"": 729.6, ""error"": 682.8734031500005}]","[[2, 2, 2, 2], [2, 2, 2, 2], [2, 2, 2, 2], [2, 2, 2, 2], [2, 2, 2, 2], [2, 2, 2, 2], [2, 2, 2, 2], [2, 2, 2, 2], [2, 2, 2, 2], [2, 2, 2, 2], [2, 2, 2, 2], [2, 2, 2, 2], [2, 2, 2, 2], [2, 2, 2, 2], [2, 2, 2, 2], [2, 2, 2, 2]]","[[{""pair"": [2, 2, 2, 2], ""acc"": 23.2, ""vel"": 90.7, ""pos"": 729.6, ""error"": 682.8734031500005}], [{""pair"": [2, 2, 2, 2], ""acc"": 23.2, ""vel"": 90.7, ""pos"": 729.6, ""error"": 682.8734031500005}], [{""pair"": [2, 2, 2, 2], ""acc"": 23.2, ""vel"": 90.7, ""pos"": 729.6, ""error"": 682.8734031500005}], [{""pair"": [2, 2, 2, 2], ""acc"": 23.2, ""vel"": 90.7, ""pos"": 729.6, ""error"": 682.8734031500005}], [{""pair"": [2, 2, 2, 2], ""acc"": 23.2, ""vel"": 90.7, ""pos"": 729.6, ""error"": 682.8734031500005}], [{""pair"": [2, 2, 2, 2], ""acc"": 23.2, ""vel"": 90.7, ""pos"": 729.6, ""error"": 682.8734031500005}], [{""pair"": [2, 2, 2, 2], ""acc"": 23.2, ""vel"": 90.7, ""pos"": 729.6, ""error"": 682.8734031500005}], [{""pair"": [2, 2, 2, 2], ""acc"": 23.2, ""vel"": 90.7, ""pos"": 729.6, ""error"": 682.8734031500005}], [{""pair"": [2, 2, 2, 2], ""acc"": 23.2, ""vel"": 90.7, ""pos"": 729.6, ""error"": 682.8734031500005}], [{""pair"": [2, 2, 2, 2], ""acc"": 23.2, ""vel"": 90.7, ""pos"": 729.6, ""error"": 682.8734031500005}], [{""pair"": [2, 2, 2, 2], ""acc"": 23.2, ""vel"": 90.7, ""pos"": 729.6, ""error"": 682.8734031500005}], [{""pair"": [2, 2, 2, 2], ""acc"": 23.2, ""vel"": 90.7, ""pos"": 729.6, ""error"": 682.8734031500005}], [{""pair"": [2, 2, 2, 2], ""acc"": 23.2, ""vel"": 90.7, ""pos"": 729.6, ""error"": 682.8734031500005}], [{""pair"": [2, 2, 2, 2], ""acc"": 23.2, ""vel"": 90.7, ""pos"": 729.6, ""error"": 682.8734031500005}], [{""pair"": [2, 2, 2, 2], ""acc"": 23.2, ""vel"": 90.7, ""pos"": 729.6, ""error"": 682.8734031500005}], [{""pair"": [2, 2, 2, 2], ""acc"": 23.2, ""vel"": 90.7, ""pos"": 729.6, ""error"": 682.8734031500005}]]","[[[2, 2, 2, 2], [23.2, 90.7, 729.6], 682.8734031500005], [[2, 2, 2, 2], [23.2, 90.7, 729.6], 682.8734031500005], [[2, 2, 2, 2], [23.2, 90.7, 729.6], 682.8734031500005], [[2, 2, 2, 2], [23.2, 90.7, 729.6], 682.8734031500005], [[2, 2, 2, 2], [23.2, 90.7, 729.6], 682.8734031500005], [[2, 2, 2, 2], [23.2, 90.7, 729.6], 682.8734031500005], [[2, 2, 2, 2], [23.2, 90.7, 729.6], 682.8734031500005], [[2, 2, 2, 2], [23.2, 90.7, 729.6], 682.8734031500005], [[2, 2, 2, 2], [23.2, 90.7, 729.6], 682.8734031500005], [[2, 2, 2, 2], [23.2, 90.7, 729.6], 682.8734031500005], [[2, 2, 2, 2], [23.2, 90.7, 729.6], 682.8734031500005], [[2, 2, 2, 2], [23.2, 90.7, 729.6], 682.8734031500005], [[2, 2, 2, 2], [23.2, 90.7, 729.6], 682.8734031500005], [[2, 2, 2, 2], [23.2, 90.7, 729.6], 682.8734031500005], [[2, 2, 2, 2], [23.2, 90.7, 729.6], 682.8734031500005], [[2, 2, 2, 2], [23.2, 90.7, 729.6], 682.8734031500005]]"
0.4,25.74,57.6,8.0,11.18,2514.6,23.2,91.47,732.6,"[{""pair"": [0, 0, 0, 0], ""acc"": 23.2, ""vel"": 91.47, ""pos"": 732.6, ""error"": 0}]","[[0, 0, 0, 0]]",[],"[[[0, 0, 0, 0], [23.2, 91.47, 732.6], 0]]"
0.4,25.75,58.400000000000006,-8.0,50.0,1076.7,23.2,91.86,734.2,"[{""pair"": [0, 0, 0, 0], ""acc"": 23.2, ""vel"": 91.86, ""pos"": 734.2, ""error"": 0}]","[[0, 0, 0, 0]]",[],"[[[0, 0, 0, 0], [23.2, 91.86, 734.2], 0]]"
0.4,25.76,58.900000000000006,-8.0,14.46,1876.7,23.2,92.25,735.8,"[{""pair"": [0, 0, 0, 0], ""acc"": 23.2, ""vel"": 92.25, ""pos"": 735.8, ""error"": 0}]","[[0, 0, 0, 0]]",[],"[[[0, 0, 0, 0], [23.2, 92.25, 735.8], 0]]"
0.4,25.77,59.3,8.0,23.85,3074.3,23.2,92.62,737.3,"[{""pair"": [0, 0, 0, 0], ""acc"": 23.2, ""vel"": 92.62, ""pos"": 737.3, ""error"": 0}]","[[0, 0, 0, 0]]",[],"[[[0, 0, 0, 0], [23.2, 92.62, 737.3], 0]]"
0.4,25.77,59.7,-8.0,50.0,1533.2,23.2,93.01,738.9,"[{""pair"": [0, 0, 0, 0], ""acc"": 23.2, ""vel"": 93.01, ""pos"": 738.9, ""error"": 0}]","[[0, 0, 0, 0]]",[],"[[[0, 0, 0, 0], [23.2, 93.01, 738.9], 0]]"
0.4,25.78,60.2,-8.0,50.0,879.4,23.2,93.4,740.5,"[{""pair"": [0, 0, 0, 0], ""acc"": 23.2, ""vel"": 93.4, ""pos"": 740.5, ""error"": 0}]","[[0, 0, 0, 0]]",[],"[[[0, 0, 0, 0], [23.2, 93.4, 740.5], 0]]"
0.4,25.79,60.6,-5.0,50.0,1768.7,23.2,93.77,742.0,"[{""pair"": [0, 0, 0, 0], ""acc"": 23.2, ""vel"": 93.77, ""pos"": 742.0, ""error"": 0}]","[[0, 0, 0, 0]]",[],"[[[0, 0, 0, 0], [23.2, 93.77, 742.0], 0]]"
0.4,25.8,61.0,-8.0,36.45,2579.8,23.2,94.16,743.6,"[{""pair"": [0, 0, 0, 0], ""acc"": 23.2, ""vel"": 94.16, ""pos"": 743.6, ""error"": 0}]","[[0, 0, 0, 0]]",[],"[[[0, 0, 0, 0], [23.2, 94.16, 743.6], 0]]"
0.4,25.8,61.5,8.0,50.0,1369.3,23.2,94.55,745.2,"[{""pair"": [0, 0, 0, 0], ""acc"": 23.2, ""vel"": 94.55, ""pos"": 745.2, ""error"": 0}]","[[0, 0, 0, 0]]",[],"[[[0, 0, 0, 0], [23.2, 94.55, 745.2], 0]]"
0.4,25.81,61.900000000000006,3.4,50.0,2573.9,23.2,94.92,746.7,"[{""pair"": [0, 0, 0, 0], ""acc"": 23.2, ""vel"": 94.92, ""pos"": 746.7, ""error"": 0}]","[[0, 0, 0, 0]]",[],"[[[0, 0, 0, 0], [23.2, 94.92, 746.7], 0]]"
0.4,25.82,62.3,-8.0,50.0,291.8,23.2,95.71,749.9,"[{""pair"": [0, 0, 0, 0], ""acc"": 23.2, ""vel"": 95.71, ""pos"": 749.9, ""error"": 0}]","[[0, 0, 0, 0]]",[],"[[[0, 0, 0, 0], [23.2, 95.71, 749.9], 0]]"
0.4,25.83,63.2,7.9,50.0,1009.4,23.2,96.08,751.4,"[{""pair"": [0, 0, 0, 0], ""acc"": 23.2, ""vel"": 96.08, ""pos"": 751.4, ""error"": 0}]","[[0, 0, 0, 0]]",[],"[[[0, 0, 0, 0], [23.2, 96.08, 751.4], 0]]"
0.4,25.84,63.6,-8.0,50.0,1690.7,23.2,96.47,753.0,"[{""pair"": [0, 0, 0, 0], ""acc"": 23.2, ""vel"": 96.47, ""pos"": 753.0, ""error"": 0}]","[[0, 0, 0, 0]]",[],"[[[0, 0, 0, 0], [23.2, 96.47, 753.0], 0]]"
0.4,25.84,64.0,-8.0,50.0,39.6,23.2,97.24,756.2,"[{""pair"": [0, 0, 0, 0], ""acc"": 23.2, ""vel"": 97.24, ""pos"": 756.2, ""error"": 0}]","[[0, 0, 0, 0]]",[],"[[[0, 0, 0, 0], [23.2, 97.24, 756.2], 0]]"
0.4,25.86,64.9,8.0,31.7,863.6,23.2,97.63,757.9,"[{""pair"": [0, 0, 0, 0], ""acc"": 23.2, ""vel"": 97.63, ""pos"": 757.9, ""error"": 0}]","[[0, 0, 0, 0]]",[],"[[[0, 0, 0, 0], [23.2, 97.63, 757.9], 0]]"
0.4,25.87,65.3,5.4,22.83,1924.1,23.2,98.02,759.6,"[{""pair"": [0, 0, 0, 0], ""acc"": 23.2, ""vel"": 98.02, ""pos"": 759.6, ""error"": 0}]","[[0, 0, 0, 0]]",[],"[[[0, 0, 0, 0], [23.2, 98.02, 759.6], 0]]"
0.4,25.87,65.8,8.0,50.0,860.3,23.2,98.79,762.8,"[{""pair"": [0, 0, 0, 0], ""acc"": 23.2, ""vel"": 98.79, ""pos"": 762.8, ""error"": 0}]","[[0, 0, 0, 0]]",[],"[[[0, 0, 0, 0], [23.2, 98.79, 762.8], 0]]"
0.4,25.89,66.60000000000001,-8.0,50.0,1990.5,23.2,99.56,766.1,"[{""pair"": [0, 0, 0, 0], ""acc"": 23.2, ""vel"": 99.56, ""pos"": 766.1, ""error"": 0}]","[[0, 0, 0, 0]]",[],"[[[0, 0, 0, 0], [23.2, 99.56, 766.1], 0]]"
0.4,25.9,67.5,8.0,50.0,2943.8,23.2,99.95,767.8,"[{""pair"": [0, 0, 0, 0], ""acc"": 23.2, ""vel"": 99.95, ""pos"": 767.8, ""error"": 0}]","[[0, 0, 0, 0]]",[],"[[[0, 0, 0, 0], [23.2, 99.95, 767.8], 0]]"
0.4,25.91,67.9,-8.0,50.0,1950.1,23.2,100.34,769.5,"[{""pair"": [0, 0, 0, 0], ""acc"": 23.2, ""vel"": 100.34, ""pos"": 769.5, ""error"": 0}]","[[0, 0, 0, 0]]",[],"[[[0, 0, 0, 0], [23.2, 100.34, 769.5], 0]]"
0.4,25.91,68.4,-8.0,50.0,1311.5,23.2,100.71,771.1,"[{""pair"": [0, 0, 0, 0], ""acc"": 23.2, ""vel"": 100.71, ""pos"": 771.1, ""error"": 0}]","[[0, 0, 0, 0]]",[],"[[[0, 0, 0, 0], [23.2, 100.71, 771.1], 0]]"
0.4,25.92,68.8,8.0,50.0,2427.7,23.2,101.1,772.8,"[{""pair"": [0, 0, 0, 0], ""acc"": 23.2, ""vel"": 101.1, ""pos"": 772.8, ""error"": 0}]","[[0, 0, 0, 0]]",[],"[[[0, 0, 0, 0], [23.2, 101.1, 772.8], 0]]"
0.4,25.92,69.2,8.0,50.0,644.2,23.2,101.49,774.5,"[{""pair"": [0, 0, 0, 0], ""acc"": 23.2, ""vel"": 101.49, ""pos"": 774.5, ""error"": 0}]","[[0, 0, 0, 0]]",[],"[[[0, 0, 0, 0], [23.2, 101.49, 774.5], 0]]"
0.4,25.93,69.7,5.8,50.0,1704.6,23.2,101.86,776.1,"[{""pair"": [0, 0, 0, 0], ""acc"": 23.2, ""vel"": 101.86, ""pos"": 776.1, ""error"": 0}]","[[0, 0, 0, 0]]",[],"[[[0, 0, 0, 0], [23.2, 101.86, 776.1], 0]]"
0.4,25.94,70.10000000000001,-8.0,50.0,1540.8,23.2,102.25,777.8,"[{""pair"": [0, 0, 0, 0], ""acc"": 23.2, ""vel"": 102.25, ""pos"": 777.8, ""error"": 0}]","[[0, 0, 0, 0]]",[],"[[[0, 0, 0, 0], [23.2, 102.25, 777.8], 0]]"
0.4,25.94,70.5,-8.0,50.0,2950.2,23.2,102.64,779.5,"[{""pair"": [0, 0, 0, 0], ""acc"": 23.2, ""vel"": 102.64, ""pos"": 779.5, ""error"": 0}]","[[0, 0, 0, 0]]",[],"[[[0, 0, 0, 0], [23.2, 102.64, 779.5], 0]]"
0.4,25.95,70.9,-8.0,50.0,3080.9,23.2,103.01,781.1,"[{""pair"": [0, 0, 0, 0], ""acc"": 23.2, ""vel"": 103.01, ""pos"": 781.1, ""error"": 0}]","[[0, 0, 0, 0]]",[],"[[[0, 0, 0, 0], [23.2, 103.01, 781.1], 0]]"
0.4,25.96,71.4,8.0,50.0,2884.0,23.2,103.4,782.9,"[{""pair"": [0, 0, 0, 0], ""acc"": 23.2, ""vel"": 103.4, ""pos"": 782.9, ""error"": 0}]","[[0, 0, 0, 0]]",[],"[[[0, 0, 0, 0], [23.2, 103.4, 782.9], 0]]"
0.4,25.96,71.8,-8.0,5.76,2975.0,23.2,104.17,786.3,"[{""pair"": [0, 0, 0, 0], ""acc"": 23.2, ""vel"": 104.17, ""pos"": 786.3, ""error"": 0}]","[[0, 0, 0, 0]]",[],"[[[0, 0, 0, 0], [23.2, 104.17, 786.3], 0]]"
0.4,25.97,72.7,1.6,17.5,1566.8,1.6,16.22,1566.8,"[{""pair"": [0, 0, 2, 7], ""acc"": 1.6, ""vel"": 16.22, ""pos"": 1566.8, ""error"": 867.0701576000004}, {""pair"": [0, 0, 0, 7], ""acc"": 1.7, ""vel"": 16.22, ""pos"": 1566.8, ""error"": 867.0701576000004}]","[[0, 0, 2, 7], [0, 0, 0, 7]]","[[{""pair"": [0, 0, 0, 7], ""acc"": 1.7, ""vel"": 16.22, ""pos"": 1566.8, ""error"": 867.0701576000004}], [{""pair"": [0, 0, 2, 7], ""acc"": 1.6, ""vel"": 16.22, ""pos"": 1566.8, ""error"": 867.0701576000004}]]","[[[0, 0, 0, 7], [1.7, 16.22, 1566.8], 867.0701576000004], [[0, 0, 2, 7], [1.6, 16.22, 1566.8], 867.0701576000004]]"
0.3,25.98,73.10000000000001,8.0,50.0,1387.4,1.6,16.25,1567.1,"[{""pair"": [0, 0, 0, 0], ""acc"": 1.6, ""vel"": 16.25, ""pos"": 1567.1, ""error"": 0}]","[[0, 0, 0, 0]]",[],"[[[0, 0, 0, 0], [1.6, 16.25, 1567.1], 0]]"
0.3,25.99,73.5,-2.0,50.0,1250.0,1.6,16.3,1567.6,"[{""pair"": [0, 0, 0, 0], ""acc"": 1.6, ""vel"": 16.3, ""pos"": 1567.6, ""error"": 0}]","[[0, 0, 0, 0]]",[],"[[[0, 0, 0, 0], [1.6, 16.3, 1567.6], 0]]"
0.3,26.0,74.4,-8.0,14.16,1450.7,-14.7,14.16,1450.7,"[{""pair"": [2, 3, 2, 3], ""acc"": -14.7, ""vel"": 14.16, ""pos"": 1450.7, ""error"": 119.34453119999979}, {""pair"": [2, 3, 2, 3], ""acc"": -14.7, ""vel"": 14.16, ""pos"": 1450.7, ""error"": 119.34453119999979}, {""pair"": [2, 3, 2, 3], ""acc"": -14.7, ""vel"": 14.16, ""pos"": 1450.7, ""error"": 119.34453119999979}, {""pair"": [2, 3, 2, 3], ""acc"": -14.7, ""vel"": 14.16, ""pos"": 1450.7, ""error"": 119.34453119999979}, {""pair"": [2, 3, 2, 3], ""acc"": -14.7, ""vel"": 14.16, ""pos"": 1450.7, ""error"": 119.34453119999979}, {""pair"": [2, 3, 2, 3], ""acc"": -14.7, ""vel"": 14.16, ""pos"": 1450.7, ""error"": 119.34453119999979}, {""pair"": [2, 3, 2, 3], ""acc"": -14.7, ""vel"": 14.16, ""pos"": 1450.7, ""error"": 119.34453119999979}, {""pair"": [2, 3, 2, 3], ""acc"": -14.7, ""vel"": 14.16, ""pos"": 1450.7, ""error"": 119.34453119999979}, {""pair"": [2, 3, 2, 3], ""acc"": -14.7, ""vel"": 14.16, ""pos"": 1450.7, ""error"": 119.34453119999979}, {""pair"": [2, 3, 2, 3], ""acc"": -14.7, ""vel"": 14.16, ""pos"": 1450.7, ""error"": 119.34453119999979}, {""pair"": [2, 3, 2, 3], ""acc"": -14.7, ""vel"": 14.16, ""pos"": 1450.7, ""error"": 119.34453119999979}, {""pair"": [2, 3, 2, 3], ""acc"": -14.7, ""vel"": 14.16, ""pos"": 1450.7, ""error"": 119.34453119999979}, {""pair"": [2, 3, 2, 3], ""acc"": -14.7, ""vel"": 14.16, ""pos"": 1450.7, ""error"": 119.34453119999979}, {""pair"": [2, 3, 2, 3], ""acc"": -14.7, ""vel"": 14.16, ""pos"": 1450.7, ""error"": 119.34453119999979}, {""pair"": [2, 3, 2, 3], ""acc"": -14.7, ""vel"": 14.16, ""pos"": 1450.7, ""error"": 119.34453119999979}, {""pair"": [2, 3, 2, 3], ""acc"": -14.7, ""vel"": 14.16, ""pos"": 1450.7, ""error"": 119.34453119999979}]","[[2, 3, 2, 3], [2, 3, 2, 3], [2, 3, 2, 3], [2, 3, 2, 3], [2, 3, 2, 3], [2, 3, 2, 3], [2, 3, 2, 3], [2, 3, 2, 3], [2, 3, 2, 3], [2, 3, 2, 3], [2, 3, 2, 3], [2, 3, 2, 3], [2, 3, 2, 3], [2, 3, 2, 3], [2, 3, 2, 3], [2, 3, 2, 3]]","[[{""pair"": [2, 3, 2, 3], ""acc"": -14.7, ""vel"": 14.16, ""pos"": 1450.7, ""error"": 119.34453119999979}], [{""pair"": [2, 3, 2, 3], ""acc"": -14.7, ""vel"": 14.16, ""pos"": 1450.7, ""error"": 119.34453119999979}], [{""pair"": [2, 3, 2, 3], ""acc"": -14.7, ""vel"": 14.16, ""pos"": 1450.7, ""error"": 119.34453119999979}], [{""pair"": [2, 3, 2, 3], ""acc"": -14.7, ""vel"": 14.16, ""pos"": 1450.7, ""error"": 119.34453119999979}], [{""pair"": [2, 3, 2, 3], ""acc"": -14.7, ""vel"": 14.16, ""pos"": 1450.7, ""error"": 119.34453119999979}], [{""pair"": [2, 3, 2, 3], ""acc"": -14.7, ""vel"": 14.16, ""pos"": 1450.7, ""error"": 119.34453119999979}], [{""pair"": [2, 3, 2, 3], ""acc"": -14.7, ""vel"": 14.16, ""pos"": 1450.7, ""error"": 119.34453119999979}], [{""pair"": [2, 3, 2, 3], ""acc"": -14.7, ""vel"": 14.16, ""pos"": 1450.7, ""error"": 119.34453119999979}], [{""pair"": [2, 3, 2, 3], ""acc"": -14.7, ""vel"": 14.16, ""pos"": 1450.7, ""error"": 119.34453119999979}], [{""pair"": [2, 3, 2, 3], ""acc"": -14.7, ""vel"": 14.16, ""pos"": 1450.7, ""error"": 119.34453119999979}], [{""pair"": [2, 3, 2, 3], ""acc"": -14.7, ""vel"": 14.16, ""pos"": 1450.7, ""error"": 119.34453119999979}], [{""pair"": [2, 3, 2, 3], ""acc"": -14.7, ""vel"": 14.16, ""pos"": 1450.7, ""error"": 119.34453119999979}], [{""pair"": [2, 3, 2, 3], ""acc"": -14.7, ""vel"": 14.16, ""pos"": 1450.7, ""error"": 119.34453119999979}], [{""pair"": [2, 3, 2, 3], ""acc"": -14.7, ""vel"": 14.16, ""pos"": 1450.7, ""error"": 119.34453119999979}], [{""pair"": [2, 3, 2, 3], ""acc"": -14.7, ""vel"": 14.16, ""pos"": 1450.7, ""error"": 119.34453119999979}], [{""pair"": [2, 3, 2, 3], ""acc"": -14.7, ""vel"": 14.16, ""pos"": 1450.7, ""error"": 119.34453119999979}]]","[[[2, 3, 2, 3], [-14.7, 14.16, 1450.7], 119.34453119999979], [[2, 3, 2, 3], [-14.7, 14.16, 1450.7], 119.34453119999979], [[2, 3, 2, 3], [-14.7, 14.16, 1450.7], 119.34453119999979], [[2, 3, 2, 3], [-14.7, 14.16, 1450.7], 119.34453119999979], [[2, 3, 2, 3], [-14.7, 14.16, 1450.7], 119.34453119999979], [[2, 3, 2, 3], [-14.7, 14.16, 1450.7], 119.34453119999979], [[2, 3, 2, 3], [-14.7, 14.16, 1450.7], 119.34453119999979], [[2, 3, 2, 3], [-14.7, 14.16, 1450.7], 119.34453119999979], [[2, 3, 2, 3], [-14.7, 14.16, 1450.7], 119.34453119999979], [[2, 3, 2, 3], [-14.7, 14.16, 1450.7], 119.34453119999979], [[2, 3, 2, 3], [-14.7, 14.16, 1450.7], 119.34453119999979], [[2, 3, 2, 3], [-14.7, 14.16, 1450.7], 119.34453119999979], [[2, 3, 2, 3], [-14.7, 14.16, 1450.7], 119.34453119999979], [[2, 3, 2, 3], [-14.7, 14.16, 1450.7], 119.34453119999979], [[2, 3, 2, 3], [-14.7, 14.16, 1450.7], 119.34453119999979], [[2, 3, 2, 3], [-14.7, 14.16, 1450.7], 119.34453119999979]]"
0.3,26.0,74.8,-8.0,50.0,2480.2,-14.7,13.92,1450.9,"[{""pair"": [0, 0, 0, 0], ""acc"": -14.7, ""vel"": 13.92, ""pos"": 1450.9, ""error"": 0}]","[[0, 0, 0, 0]]",[],"[[[0, 0, 0, 0], [-14.7, 13.92, 1450.9], 0]]"
0.3,26.01,75.3,8.0,50.0,1971.6,-14.7,13.67,1451.1,"[{""pair"": [0, 0, 0, 0], ""acc"": -14.7, ""vel"": 13.67, ""pos"": 1451.1, ""error"": 0}]","[[0, 0, 0, 0]]",[],"[[[0, 0, 0, 0], [-14.7, 13.67, 1451.1], 0]]"
0.3,26.01,75.7,-8.0,30.7,1875.3,-14.7,13.42,1451.3,"[{""pair"": [0, 0, 0, 0], ""acc"": -14.7, ""vel"": 13.42, ""pos"": 1451.3, ""error"": 0}]","[[0, 0, 0, 0]]",[],"[[[0, 0, 0, 0], [-14.7, 13.42, 1451.3], 0]]"
0.3,26.02,76.10000000000001,-8.0,19.4,1145.4,-14.7,13.18,1451.5,"[{""pair"": [0, 0, 0, 0], ""acc"": -14.7, ""vel"": 13.18, ""pos"": 1451.5, ""error"": 0}]","[[0, 0, 0, 0]]",[],"[[[0, 0, 0, 0], [-14.7, 13.18, 1451.5], 0]]"
0.3,26.02,76.60000000000001,-4.1,50.0,2759.4,-14.7,12.93,1451.7,"[{""pair"": [0, 0, 0, 0], ""acc"": -14.7, ""vel"": 12.93, ""pos"": 1451.7, ""error"": 0}]","[[0, 0, 0, 0]]",[],"[[[0, 0, 0, 0], [-14.7, 12.93, 1451.7], 0]]"
0.3,26.03,77.0,8.0,50.0,1362.9,-14.7,12.44,1452.1,"[{""pair"": [0, 0, 0, 0], ""acc"": -14.7, ""vel"": 12.44, ""pos"": 1452.1, ""error"": 0}]","[[0, 0, 0, 0]]",[],"[[[0, 0, 0, 0], [-14.7, 12.44, 1452.1], 0]]"
0.3,26.04,77.9,8.0,50.0,2357.2,-14.7,11.94,1452.5,"[{""pair"": [0, 0, 0, 0], ""acc"": -14.7, ""vel"": 11.94, ""pos"": 1452.5, ""error"": 0}]","[[0, 0, 0, 0]]",[],"[[[0, 0, 0, 0], [-14.7, 11.94, 1452.5], 0]]"
0.3,26.05,78.7,-0.5,50.0,2910.0,-14.7,11.7,1452.7,"[{""pair"": [0, 0, 0, 0], ""acc"": -14.7, ""vel"": 11.7, ""pos"": 1452.7, ""error"": 0}]","[[0, 0, 0, 0]]",[],"[[[0, 0, 0, 0], [-14.7, 11.7, 1452.7], 0]]"
0.3,26.05,79.2,-8.0,50.0,1315.0,-14.7,11.45,1452.9,"[{""pair"": [0, 0, 0, 0], ""acc"": -14.7, ""vel"": 11.45, ""pos"": 1452.9, ""error"": 0}]","[[0, 0, 0, 0]]",[],"[[[0, 0, 0, 0], [-14.7, 11.45, 1452.9], 0]]"
0.3,26.06,79.60000000000001,0.5,50.0,2341.2,-14.7,11.2,1453.1,"[{""pair"": [0, 0, 0, 0], ""acc"": -14.7, ""vel"": 11.2, ""pos"": 1453.1, ""error"": 0}]","[[0, 0, 0, 0]]",[],"[[[0, 0, 0, 0], [-14.7, 11.2, 1453.1], 0]]"
0.3,26.06,80.10000000000001,8.0,7.05,1490.1,-14.7,10.96,1453.3,"[{""pair"": [0, 0, 0, 0], ""acc"": -14.7, ""vel"": 10.96, ""pos"": 1453.3, ""error"": 0}]","[[0, 0, 0, 0]]",[],"[[[0, 0, 0, 0], [-14.7, 10.96, 1453.3], 0]]"
0.3,26.07,80.5,-8.0,50.0,1953.6,-14.7,10.71,1453.5,"[{""pair"": [0, 0, 0, 0], ""acc"": -14.7, ""vel"": 10.71, ""pos"": 1453.5, ""error"": 0}]","[[0, 0, 0, 0]]",[],"[[[0, 0, 0, 0], [-14.7, 10.71, 1453.5], 0]]"
0.3,26.07,80.9,-8.0,50.0,2244.1,-14.7,10.46,1453.7,"[{""pair"": [0, 0, 0, 0], ""acc"": -14.7, ""vel"": 10.46, ""pos"": 1453.7, ""error"": 0}]","[[0, 0, 0, 0]]",[],"[[[0, 0, 0, 0], [-14.7, 10.46, 1453.7], 0]]"
0.3,26.08,81.4,8.0,50.0,317.5,-14.7,9.97,1454.0,"[{""pair"": [0, 0, 0, 0], ""acc"": -14.7, ""vel"": 9.97, ""pos"": 1454.0, ""error"": 0}]","[[0, 0, 0, 0]]",[],"[[[0, 0, 0, 0], [-14.7, 9.97, 1454.0], 0]]"
0.4,26.09,82.2,1.4,1.48,2824.3,-14.7,9.72,1454.2,"[{""pair"": [0, 0, 0, 0], ""acc"": -14.7, ""vel"": 9.72, ""pos"": 1454.2, ""error"": 0}]","[[0, 0, 0, 0]]",[],"[[[0, 0, 0, 0], [-14.7, 9.72, 1454.2], 0]]"
0.4,26.1,82.7,0.9,50.0,1097.7,-14.7,9.48,1454.4,"[{""pair"": [0, 0, 0, 0], ""acc"": -14.7, ""vel"": 9.48, ""pos"": 1454.4, ""error"": 0}]","[[0, 0, 0, 0]]",[],"[[[0, 0, 0, 0], [-14.7, 9.48, 1454.4], 0]]"
0.4,26.1,83.10000000000001,3.4,50.0,3191.9,-14.7,8.98,1454.7,"[{""pair"": [0, 0, 0, 0], ""acc"": -14.7, ""vel"": 8.98, ""pos"": 1454.7, ""error"": 0}]","[[0, 0, 0, 0]]",[],"[[[0, 0, 0, 0], [-14.7, 8.98, 1454.7], 0]]"
0.5,26.12,84.0,8.0,50.0,2373.1,-14.7,8.74,1454.8,"[{""pair"": [0, 0, 0, 0], ""acc"": -14.7, ""vel"": 8.74, ""pos"": 1454.8, ""error"": 0}]","[[0, 0, 0, 0]]",[],"[[[0, 0, 0, 0], [-14.7, 8.74, 1454.8], 0]]"
0.5,26.13,84.4,-3.4,50.0,2518.3,-14.7,8.49,1454.9,"[{""pair"": [0, 0, 0, 0], ""acc"": -14.7, ""vel"": 8.49, ""pos"": 1454.9, ""error"": 0}]","[[0, 0, 0, 0]]",[],"[[[0, 0, 0, 0], [-14.7, 8.49, 1454.9], 0]]"
0.5,26.14,84.80000000000001,-5.1,50.0,238.0,-14.7,8.0,1455.2,"[{""pair"": [0, 0, 0, 0], ""acc"": -14.7, ""vel"": 8.0, ""pos"": 1455.2, ""error"": 0}]","[[0, 0, 0, 0]]",[],"[[[0, 0, 0, 0], [-14.7, 8.0, 1455.2], 0]]"
0.5,26.15,85.7,8.0,50.0,2332.2,-14.7,7.5,1455.5,"[{""pair"": [0, 0, 0, 0], ""acc"": -14.7, ""vel"": 7.5, ""pos"": 1455.5, ""error"": 0}]","[[0, 0, 0, 0]]",[],"[[[0, 0, 0, 0], [-14.7, 7.5, 1455.5], 0]]"
0.5,26.17,86.60000000000001,-6.1,50.0,3195.1,-14.7,7.26,1455.6,"[{""pair"": [0, 0, 0, 0], ""acc"": -14.7, ""vel"": 7.26, ""pos"": 1455.6, ""error"": 0}]","[[0, 0, 0, 0]]",[],"[[[0, 0, 0, 0], [-14.7, 7.26, 1455.6], 0]]"
0.5,26.18,87.0,-8.0,50.0,316.1,-14.7,7.01,1455.7,"[{""pair"": [0, 0, 0, 0], ""acc"": -14.7, ""vel"": 7.01, ""pos"": 1455.7, ""error"": 0}]","[[0, 0, 0, 0]]",[],"[[[0, 0, 0, 0], [-14.7, 7.01, 1455.7], 0]]"
0.5,26.18,87.4,1.0,18.23,1548.2,-14.7,6.52,1455.9,"[{""pair"": [0, 0, 0, 0], ""acc"": -14.7, ""vel"": 6.52, ""pos"": 1455.9, ""error"": 0}]","[[0, 0, 0, 0]]",[],"[[[0, 0, 0, 0], [-14.7, 6.52, 1455.9], 0]]"
0.5,26.2,88.30000000000001,-8.0,37.98,1146.5,-14.7,6.27,1456.0,"[{""pair"": [0, 0, 0, 0], ""acc"": -14.7, ""vel"": 6.27, ""pos"": 1456.0, ""error"": 0}]","[[0, 0, 0, 0]]",[],"[[[0, 0, 0, 0], [-14.7, 6.27, 1456.0], 0]]"
0.5,26.21,88.80000000000001,8.0,50.0,1135.8,-14.7,6.02,1456.1,"[{""pair"": [0, 0, 0, 0], ""acc"": -14.7, ""vel"": 6.02, ""pos"": 1456.1, ""error"": 0}]","[[0, 0, 0, 0]]",[],"[[[0, 0, 0, 0], [-14.7, 6.02, 1456.1], 0]]"
0.5,26.22,89.2,-6.4,50.0,3273.0,-14.7,5.78,1456.2,"[{""pair"": [0, 0, 0, 0], ""acc"": -14.7, ""vel"": 5.78, ""pos"": 1456.2, ""error"": 0}]","[[0, 0, 0, 0]]",[],"[[[0, 0, 0, 0], [-14.7, 5.78, 1456.2], 0]]"
0.5,26.22,89.60000000000001,8.0,50.0,815.2,-14.7,5.53,1456.3,"[{""pair"": [0, 0, 0, 0], ""acc"": -14.7, ""vel"": 5.53, ""pos"": 1456.3, ""error"": 0}]","[[0, 0, 0, 0]]",[],"[[[0, 0, 0, 0], [-14.7, 5.53, 1456.3], 0]]"
0.5,26.23,90.1,-8.0,9.36,1690.4,-14.7,5.28,1456.4,"[{""pair"": [0, 0, 0, 0], ""acc"": -14.7, ""vel"": 5.28, ""pos"": 1456.4, ""error"": 0}]","[[0, 0, 0, 0]]",[],"[[[0, 0, 0, 0], [-14.7, 5.28, 1456.4], 0]]"
0.5,26.24,90.5,-8.0,39.55,126.1,-14.7,5.04,1456.5,"[{""pair"": [0, 0, 0, 0], ""acc"": -14.7, ""vel"": 5.04, ""pos"": 1456.5, ""error"": 0}]","[[0, 0, 0, 0]]",[],"[[[0, 0, 0, 0], [-14.7, 5.04, 1456.5], 0]]"
0.5,26.25,90.9,-5.4,50.0,522.5,-14.7,4.79,1456.6,"[{""pair"": [0, 0, 0, 0], ""acc"": -14.7, ""vel"": 4.79, ""pos"": 1456.6, ""error"": 0}]","[[0, 0, 0, 0]]",[],"[[[0, 0, 0, 0], [-14.7, 4.79, 1456.6], 0]]"
0.5,26.25,91.4,-5.7,50.0,644.9,-14.7,4.54,1456.7,"[{""pair"": [0, 0, 0, 0], ""acc"": -14.7, ""vel"": 4.54, ""pos"": 1456.7, ""error"": 0}]","[[0, 0, 0, 0]]",[],"[[[0, 0, 0, 0], [-14.7, 4.54, 1456.7], 0]]"
0.5,26.26,91.8,-8.0,15.14,527.0,-14.7,4.3,1456.8,"[{""pair"": [0, 0, 0, 0], ""acc"": -14.7, ""vel"": 4.3, ""pos"": 1456.8, ""error"": 0}]","[[0, 0, 0, 0]]",[],"[[[0, 0, 0, 0], [-14.7, 4.3, 1456.8], 0]]"
0.5,26.27,92.2,8.0,50.0,331.0,-14.7,4.05,1456.9,"[{""pair"": [0, 0, 0, 0], ""acc"": -14.7, ""vel"": 4.05, ""pos"": 1456.9, ""error"": 0}]","[[0, 0, 0, 0]]",[],"[[[0, 0, 0, 0], [-14.7, 4.05, 1456.9], 0]]"
0.4,26.27,92.7,0.9,35.9,1172.8,-14.7,3.8,1457.0,"[{""pair"": [0, 0, 0, 0], ""acc"": -14.7, ""vel"": 3.8, ""pos"": 1457.0, ""error"": 0}]","[[0, 0, 0, 0]]",[],"[[[0, 0, 0, 0], [-14.7, 3.8, 1457.0], 0]]"
0.4,26.28,93.1,-4.8,50.0,3170.0,-14.7,3.31,1457.1,"[{""pair"": [0, 0, 0, 0], ""acc"": -14.7, ""vel"": 3.31, ""pos"": 1457.1, ""error"": 0}]","[[0, 0, 0, 0]]",[],"[[[0, 0, 0, 0], [-14.7, 3.31, 1457.1], 0]]"
0.4,26.3,94.0,8.0,13.81,362.7,-14.7,3.06,1457.2,"[{""pair"": [0, 0, 0, 0], ""acc"": -14.7, ""vel"": 3.06, ""pos"": 1457.2, ""error"": 0}]","[[0, 0, 0, 0]]",[],"[[[0, 0, 0, 0], [-14.7, 3.06, 1457.2], 0]]"
0.4,26.3,94.5,-8.0,30.15,2177.7,-14.7,2.57,1457.3,"[{""pair"": [0, 0, 0, 0], ""acc"": -14.7, ""vel"": 2.57, ""pos"": 1457.3, ""error"": 0}]","[[0, 0, 0, 0]]",[],"[[[0, 0, 0, 0], [-14.7, 2.57, 1457.3], 0]]"
0.4,26.32,95.3,-0.6,50.0,376.4,-14.7,2.32,1457.3,"[{""pair"": [0, 0, 0, 0], ""acc"": -14.7, ""vel"": 2.32, ""pos"": 1457.3, ""error"": 0}]","[[0, 0, 0, 0]]",[],"[[[0, 0, 0, 0], [-14.7, 2.32, 1457.3], 0]]"
0.4,26.32,95.8,8.0,50.0,996.2,-14.7,2.08,1457.3,"[{""pair"": [0, 0, 0, 0], ""acc"": -14.7, ""vel"": 2.08, ""pos"": 1457.3, ""error"": 0}]","[[0, 0, 0, 0]]",[],"[[[0, 0, 0, 0], [-14.7, 2.08, 1457.3], 0]]"
0.4,26.33,96.2,-8.0,50.0,1917.3,-14.7,1.83,1457.3,"[{""pair"": [0, 0, 0, 0], ""acc"": -14.7, ""vel"": 1.83, ""pos"": 1457.3, ""error"": 0}]","[[0, 0, 0, 0]]",[],"[[[0, 0, 0, 0], [-14.7, 1.83, 1457.3], 0]]"
0.4,26.33,96.6,-8.0,50.0,556.1,-14.7,1.58,1457.3,"[{""pair"": [0, 0, 0, 0], ""acc"": -14.7, ""vel"": 1.58, ""pos"": 1457.3, ""error"": 0}]","[[0, 0, 0, 0]]",[],"[[[0, 0, 0, 0], [-14.7, 1.58, 1457.3], 0]]"
0.4,26.34,97.1,8.0,50.0,2225.7,-14.7,1.34,1457.3,"[{""pair"": [0, 0, 0, 0], ""acc"": -14.7, ""vel"": 1.34, ""pos"": 1457.3, ""error"": 0}]","[[0, 0, 0, 0]]",[],"[[[0, 0, 0, 0], [-14.7, 1.34, 1457.3], 0]]"
0.4,26.35,97.5,8.0,50.0,2374.6,-14.7,1.09,1457.3,"[{""pair"": [0, 0, 0, 0], ""acc"": -14.7, ""vel"": 1.09, ""pos"": 1457.3, ""error"": 0}]","[[0, 0, 0, 0]]",[],"[[[0, 0, 0, 0], [-14.7, 1.09, 1457.3], 0]]"
0.4,26.35,98.0,-8.0,50.0,1265.3,-14.7,0.84,1457.3,"[{""pair"": [0, 0, 0, 0], ""acc"": -14.7, ""vel"": 0.84, ""pos"": 1457.3, ""error"": 0}]","[[0, 0, 0, 0]]",[],"[[[0, 0, 0, 0], [-14.7, 0.84, 1457.3], 0]]"
0.4,26.36,98.4,8.0,50.0,593.6,-14.7,0.6,1457.3,"[{""pair"": [0, 0, 0, 0], ""acc"": -14.7, ""vel"": 0.6, ""pos"": 1457.3, ""error"": 0}]","[[0, 0, 0, 0]]",[],"[[[0, 0, 0, 0], [-14.7, 0.6, 1457.3], 0]]"
0.4,26.36,98.8,-1.6,50.0,1689.7,-14.7,0.35,1457.3,"[{""pair"": [0, 0, 0, 0], ""acc"": -14.7, ""vel"": 0.35, ""pos"": 1457.3, ""error"": 0}]","[[0, 0, 0, 0]]",[],"[[[0, 0, 0, 0], [-14.7, 0.35, 1457.3], 0]]"
0.4,26.37,99.3,8.0,20.73,605.6,-14.7,0.1,1457.3,"[{""pair"": [0, 0, 0, 0], ""acc"": -14.7, ""vel"": 0.1, ""pos"": 1457.3, ""error"": 0}]","[[0, 0, 0, 0]]",[],"[[[0, 0, 0, 0], [-14.7, 0.1, 1457.3], 0]]"
0.4,26.37,99.7,8.0,50.0,2806.1,-14.7,-0.14,1457.3,"[{""pair"": [0, 0, 0, 0], ""acc"": -14.7, ""vel"": -0.14, ""pos"": 1457.3, ""error"": 0}]","[[0, 0, 0, 0]]",[],"[[[0, 0, 0, 0], [-14.7, -0.14, 1457.3], 0]]"
0.4,26.38,100.1,8.0,16.68,1681.9,-14.7,-0.39,1457.3,"[{""pair"": [0, 0, 0, 0], ""acc"": -14.7, ""vel"": -0.39, ""pos"": 1457.3, ""error"": 0}]","[[0, 0, 0, 0]]",[],"[[[0, 0, 0, 0], [-14.7, -0.39, 1457.3], 0]]"
0.4,26.38,100.6,0.0,45.0,2361.6,-14.7,-0.64,1457.3,"[{""pair"": [0, 0, 0, 0], ""acc"": -14.7, ""vel"": -0.64, ""pos"": 1457.3, ""error"": 0}]","[[0, 0, 0, 0]]",[],"[[[0, 0, 0, 0], [-14.7, -0.64, 1457.3], 0]]"
0.4,26.39,101.0,-8.0,50.0,2052.3,-14.7,-0.88,1457.3,"[{""pair"": [0, 0, 0, 0], ""acc"": -14.7, ""vel"": -0.88, ""pos"": 1457.3, ""error"": 0}]","[[0, 0, 0, 0]]",[],"[[[0, 0, 0, 0], [-14.7, -0.88, 1457.3], 0]]"
0.4,26.39,101.5,-8.0,50.0,3246.9,-14.7,-1.13,1457.3,"[{""pair"": [0, 0, 0, 0], ""acc"": -14.7, ""vel"": -1.13, ""pos"": 1457.3, ""error"": 0}]","[[0, 0, 0, 0]]",[],"[[[0, 0, 0, 0], [-14.7, -1.13, 1457.3], 0]]"
0.4,26.4,101.9,5.6,50.0,1972.8,5.6,77.0,1972.8,"[{""pair"": [1, 2, 1, 2], ""acc"": 5.6, ""vel"": 77.0, ""pos"": 1972.8, ""error"": 593.9012341499999}, {""pair"": [1, 2, 1, 2], ""acc"": 5.6, ""vel"": 77.0, ""pos"": 1972.8, ""error"": 593.9012341499999}, {""pair"": [1, 2, 1, 2], ""acc"": 5.6, ""vel"": 77.0, ""pos"": 1972.8, ""error"": 593.9012341499999}, {""pair"": [1, 2, 1, 2], ""acc"": 5.6, ""vel"": 77.0, ""pos"": 1972.8, ""error"": 593.9012341499999}, {""pair"": [1, 2, 1, 2], ""acc"": 5.6, ""vel"": 77.0, ""pos"": 1972.8, ""error"": 593.9012341499999}, {""pair"": [1, 2, 1, 2], ""acc"": 5.6, ""vel"": 77.0, ""pos"": 1972.8, ""error"": 593.9012341499999}, {""pair"": [1, 2, 1, 2], ""acc"": 5.6, ""vel"": 77.0, ""pos"": 1972.8, ""error"": 593.9012341499999}, {""pair"": [1, 2, 1, 2], ""acc"": 5.6, ""vel"": 77.0, ""pos"": 1972.8, ""error"": 593.9012341499999}, {""pair"": [1, 2, 1, 2], ""acc"": 5.6, ""vel"": 77.0, ""pos"": 1972.8, ""error"": 593.9012341499999}, {""pair"": [1, 2, 1, 2], ""acc"": 5.6, ""vel"": 77.0, ""pos"": 1972.8, ""error"": 593.9012341499999}, {""pair"": [1, 2, 1, 2], ""acc"": 5.6, ""vel"": 77.0, ""pos"": 1972.8, ""error"": 593.9012341499999}, {""pair"": [1, 2, 1, 2], ""acc"": 5.6, ""vel"": 77.0, ""pos"": 1972.8, ""error"": 593.9012341499999}, {""pair"": [1, 2, 1, 2], ""acc"": 5.6, ""vel"": 77.0, ""pos"": 1972.8, ""error"": 593.9012341499999}, {""pair"": [1, 2, 1, 2], ""acc"": 5.6, ""vel"": 77.0, ""pos"": 1972.8, ""error"": 593.9012341499999}, {""pair"": [1, 2, 1, 2], ""acc"": 5.6, ""vel"": 77.0, ""pos"": 1972.8, ""error"": 593.9012341499999}, {""pair"": [1, 2, 1, 2], ""acc"": 5.6, ""vel"": 77.0, ""pos"": 1972.8, ""error"": 593.9012341499999}]","[[1, 2, 1, 2], [1, 2, 1, 2], [1, 2, 1, 2], [1, 2, 1, 2], [1, 2, 1, 2], [1, 2, 1, 2], [1, 2, 1, 2], [1, 2, 1, 2], [1, 2, 1, 2], [1, 2, 1, 2], [1, 2, 1, 2], [1, 2, 1, 2], [1, 2, 1, 2], [1, 2, 1, 2], [1, 2, 1, 2], [1, 2, 1, 2]]","[[{""pair"": [1, 2, 1, 2], ""acc"": 5.6, ""vel"": 77.0, ""pos"": 1972.8, ""error"": 593.9012341499999}], [{""pair"": [1, 2, 1, 2], ""acc"": 5.6, ""vel"": 77.0, ""pos"": 1972.8, ""error"": 593.9012341499999}], [{""pair"": [1, 2, 1, 2], ""acc"": 5.6, ""vel"": 77.0, ""pos"": 1972.8, ""error"": 593.9012341499999}], [{""pair"": [1, 2, 1, 2], ""acc"": 5.6, ""vel"": 77.0, ""pos"": 1972.8, ""error"": 593.9012341499999}], [{""pair"": [1, 2, 1, 2], ""acc"": 5.6, ""vel"": 77.0, ""pos"": 1972.8, ""error"": 593.9012341499999}], [{""pair"": [1, 2, 1, 2], ""acc"": 5.6, ""vel"": 77.0, ""pos"": 1972.8, ""error"": 593.9012341499999}], [{""pair"": [1, 2, 1, 2], ""acc"": 5.6, ""vel"": 77.0, ""pos"": 1972.8, ""error"": 593.9012341499999}], [{""pair"": [1, 2, 1, 2], ""acc"": 5.6, ""vel"": 77.0, ""pos"": 1972.8, ""error"": 593.9012341499999}], [{""pair"": [1, 2, 1, 2], ""acc"": 5.6, ""vel"": 77.0, ""pos"": 1972.8, ""error"": 593.9012341499999}], [{""pair"": [1, 2, 1, 2], ""acc"": 5.6, ""vel"": 77.0, ""pos"": 1972.8, ""error"": 593.9012341499999}], [{""pair"": [1, 2, 1, 2], ""acc"": 5.6, ""vel"": 77.0, ""pos"": 1972.8, ""error"": 593.9012341499999}], [{""pair"": [1, 2, 1, 2], ""acc"": 5.6, ""vel"": 77.0, ""pos"": 1972.8, ""error"": 593.9012341499999}], [{""pair"": [1, 2, 1, 2], ""acc"": 5.6, ""vel"": 77.0, ""pos"": 1972.8, ""error"": 593.9012341499999}], [{""pair"": [1, 2, 1, 2], ""acc"": 5.6, ""vel"": 77.0, ""pos"": 1972.8, ""error"": 593.9012341499999}], [{""pair"": [1, 2, 1, 2], ""acc"": 5.6, ""vel"": 77.0, ""pos"": 1972.8, ""error"": 593.9012341499999}], [{""pair"": [1, 2, 1, 2], ""acc"": 5.6, ""vel"": 77.0, ""pos"": 1972.8, ""error"": 593.9012341499999}]]","[[[1, 2, 1, 2], [5.6, 77.0, 1972.8], 593.9012341499999], [[1, 2, 1, 2], [5.6, 77.0, 1972.8], 593.9012341499999], [[1, 2, 1, 2], [5.6, 77.0, 1972.8], 593.9012341499999], [[1, 2, 1, 2], [5.6, 77.0, 1972.8], 593.9012341499999], [[1, 2, 1, 2], [5.6, 77.0, 1972.8], 593.9012341499999], [[1, 2, 1, 2], [5.6, 77.0, 1972.8], 593.9012341499999], [[1, 2, 1, 2], [5.6, 77.0, 1972.8], 593.9012341499999], [[1, 2, 1, 2], [5.6, 77.0, 1972.8], 593.9012341499999], [[1, 2, 1, 2], [5.6, 77.0, 1972.8], 593.9012341499999], [[1, 2, 1, 2], [5.6, 77.0, 1972.8], 593.9012341499999], [[1, 2, 1, 2], [5.6, 77.0, 1972.8], 593.9012341499999], [[1, 2, 1, 2], [5.6, 77.0, 1972.8], 593.9012341499999], [[1, 2, 1, 2], [5.6, 77.0, 1972.8], 593.9012341499999], [[1, 2, 1, 2], [5.6, 77.0, 1972.8], 593.9012341499999], [[1, 2, 1, 2], [5.6, 77.0, 1972.8], 593.9012341499999], [[1, 2, 1, 2], [5.6, 77.0, 1972.8], 593.9012341499999]]"
0.4,26.4,102.4,3.7,50.0,2816.7,5.6,77.09,1974.0,"[{""pair"": [0, 0, 0, 0], ""acc"": 5.6, ""vel"": 77.09, ""pos"": 1974.0, ""error"": 0}]","[[0, 0, 0, 0]]",[],"[[[0, 0, 0, 0], [5.6, 77.09, 1974.0], 0]]"
0.4,26.41,102.8,8.0,50.0,2809.4,5.6,77.19,1975.3,"[{""pair"": [0, 0, 0, 0], ""acc"": 5.6, ""vel"": 77.19, ""pos"": 1975.3, ""error"": 0}]","[[0, 0, 0, 0]]",[],"[[[0, 0, 0, 0], [5.6, 77.19, 1975.3], 0]]"
0.4,26.41,103.2,-8.0,7.41,1146.3,5.6,77.29,1976.6,"[{""pair"": [0, 0, 0, 0], ""acc"": 5.6, ""vel"": 77.29, ""pos"": 1976.6, ""error"": 0}]","[[0, 0, 0, 0]]",[],"[[[0, 0, 0, 0], [5.6, 77.29, 1976.6], 0]]"
0.4,26.42,103.7,8.0,50.0,3070.9,5.6,77.38,1977.8,"[{""pair"": [0, 0, 0, 0], ""acc"": 5.6, ""vel"": 77.38, ""pos"": 1977.8, ""error"": 0}]","[[0, 0, 0, 0]]",[],"[[[0, 0, 0, 0], [5.6, 77.38, 1977.8], 0]]"
0.4,26.42,104.1,8.0,50.0,507.3,5.6,77.48,1979.1,"[{""pair"": [0, 0, 0, 0], ""acc"": 5.6, ""vel"": 77.48, ""pos"": 1979.1, ""error"": 0}]","[[0, 0, 0, 0]]",[],"[[[0, 0, 0, 0], [5.6, 77.48, 1979.1], 0]]"
0.4,26.42,104.6,-6.5,50.0,1461.5,-6.5,99.59,1473.9,"[{""pair"": [1, 1, 2, 12], ""acc"": -6.5, ""vel"": 99.59, ""pos"": 1473.9, ""error"": 528.5327691999995}, {""pair"": [2, 1, 2, 12], ""acc"": -6.5, ""vel"": 99.59, ""pos"": 1461.1, ""error"": 541.3327691999997}, {""pair"": [0, 1, 2, 12], ""acc"": -6.5, ""vel"": 102.15, ""pos"": 1461.1, ""error"": 543.8927691999996}]","[[1, 1, 2, 12], [2, 1, 2, 12], [0, 1, 2, 12]]","[[{""pair"": [0, 1, 0, 12], ""acc"": -9.7, ""vel"": 102.15, ""pos"": 1461.5, ""error"": 543.4927691999995}], [{""pair"": [0, 1, 2, 12], ""acc"": -6.5, ""vel"": 102.15, ""pos"": 1461.1, ""error"": 543.8927691999996}], [{""pair"": [1, 1, 0, 12], ""acc"": -9.7, ""vel"": 99.59, ""pos"": 1474.3, ""error"": 528.1327691999996}], [{""pair"": [1, 1, 2, 12], ""acc"": -6.5, ""vel"": 99.59, ""pos"": 1473.9, ""error"": 528.5327691999995}], [{""pair"": [2, 1, 0, 12], ""acc"": -9.7, ""vel"": 99.59, ""pos"": 1461.5, ""error"": 540.9327691999996}], [{""pair"": [2, 1, 2, 12], ""acc"": -6.5, ""vel"": 99.59, ""pos"": 1461.1, ""error"": 541.3327691999997}]]","[[[0, 1, 0, 12], [-9.7, 102.15, 1461.5], 543.4927691999995], [[0, 1, 2, 12], [-6.5, 102.15, 1461.1], 543.8927691999996], [[1, 1, 0, 12], [-9.7, 99.59, 1474.3], 528.1327691999996], [[1, 1, 2, 12], [-6.5, 99.59, 1473.9], 528.5327691999995], [[2, 1, 0, 12], [-9.7, 99.59, 1461.5], 540.9327691999996], [[2, 1, 2, 12], [-6.5, 99.59, 1461.1], 541.3327691999997]]"
0.4,26.43,105.0,-4.7,50.0,3111.9,-6.5,99.49,1475.5,"[{""pair"": [0, 0, 0, 0], ""acc"": -6.5, ""vel"": 99.49, ""pos"": 1475.5, ""error"": 0}]","[[0, 0, 0, 0]]",[],"[[[0, 0, 0, 0], [-6.5, 99.49, 1475.5], 0]]"
0.4,26.43,105.4,8.0,50.0,668.3,-6.5,99.38,1477.2,"[{""pair"": [0, 0, 0, 0], ""acc"": -6.5, ""vel"": 99.38, ""pos"": 1477.2, ""error"": 0}]","[[0, 0, 0, 0]]",[],"[[[0, 0, 0, 0], [-6.5, 99.38, 1477.2], 0]]"
0.4,26.43,105.9,-1.6,12.98,811.4,-6.5,99.27,1478.9,"[{""pair"": [0, 0, 0, 0], ""acc"": -6.5, ""vel"": 99.27, ""pos"": 1478.9, ""error"": 0}]","[[0, 0, 0, 0]]",[],"[[[0, 0, 0, 0], [-6.5, 99.27, 1478.9], 0]]"
0.4,26.44,106.3,8.0,31.35,1338.4,-6.5,99.17,1480.5,"[{""pair"": [0, 0, 0, 0], ""acc"": -6.5, ""vel"": 99.17, ""pos"": 1480.5, ""error"": 0}]","[[0, 0, 0, 0]]",[],"[[[0, 0, 0, 0], [-6.5, 99.17, 1480.5], 0]]"
0.4,26.44,106.7,-8.0,50.0,1678.4,-6.5,99.06,1482.2,"[{""pair"": [0, 0, 0, 0], ""acc"": -6.5, ""vel"": 99.06, ""pos"": 1482.2, ""error"": 0}]","[[0, 0, 0, 0]]",[],"[[[0, 0, 0, 0], [-6.5, 99.06, 1482.2], 0]]"
0.4,26.45,107.2,8.0,50.0,700.8,-6.5,98.95,1483.9,"[{""pair"": [0, 0, 0, 0], ""acc"": -6.5, ""vel"": 98.95, ""pos"": 1483.9, ""error"": 0}]","[[0, 0, 0, 0]]",[],"[[[0, 0, 0, 0], [-6.5, 98.95, 1483.9], 0]]"
0.4,26.45,107.6,-4.6,41.27,1438.2,-6.5,98.85,1485.5,"[{""pair"": [0, 0, 0, 0], ""acc"": -6.5, ""vel"": 98.85, ""pos"": 1485.5, ""error"": 0}]","[[0, 0, 0, 0]]",[],"[[[0, 0, 0, 0], [-6.5, 98.85, 1485.5], 0]]"
0.4,26.45,108.1,5.6,50.0,1912.7,-6.5,98.74,1487.2,"[{""pair"": [0, 0, 0, 0], ""acc"": -6.5, ""vel"": 98.74, ""pos"": 1487.2, ""error"": 0}]","[[0, 0, 0, 0]]",[],"[[[0, 0, 0, 0], [-6.5, 98.74, 1487.2], 0]]"
0.4,26.46,108.5,-5.3,50.0,160.4,-6.5,98.63,1488.9,"[{""pair"": [0, 0, 0, 0], ""acc"": -6.5, ""vel"": 98.63, ""pos"": 1488.9, ""error"": 0}]","[[0, 0, 0, 0]]",[],"[[[0, 0, 0, 0], [-6.5, 98.63, 1488.9], 0]]"
0.4,26.46,109.0,8.0,50.0,2954.7,-6.5,98.53,1490.5,"[{""pair"": [0, 0, 0, 0], ""acc"": -6.5, ""vel"": 98.53, ""pos"": 1490.5, ""error"": 0}]","[[0, 0, 0, 0]]",[],"[[[0, 0, 0, 0], [-6.5, 98.53, 1490.5], 0]]"
0.4,26.46,109.4,8.0,50.0,2239.0,-6.5,98.42,1492.2,"[{""pair"": [0, 0, 0, 0], ""acc"": -6.5, ""vel"": 98.42, ""pos"": 1492.2, ""error"": 0}]","[[0, 0, 0, 0]]",[],"[[[0, 0, 0, 0], [-6.5, 98.42, 1492.2], 0]]"
0.4,26.47,109.8,-7.4,50.0,729.3,-7.4,122.94,729.3,"[{""pair"": [2, 3, 2, 3], ""acc"": -7.4, ""vel"": 122.94, ""pos"": 729.3, ""error"": 789.2027007499996}, {""pair"": [2, 3, 2, 3], ""acc"": -7.4, ""vel"": 122.94, ""pos"": 729.3, ""error"": 789.2027007499996}, {""pair"": [2, 3, 2, 3], ""acc"": -7.4, ""vel"": 122.94, ""pos"": 729.3, ""error"": 789.2027007499996}, {""pair"": [2, 3, 2, 3], ""acc"": -7.4, ""vel"": 122.94, ""pos"": 729.3, ""error"": 789.2027007499996}, {""pair"": [2, 3, 2, 3], ""acc"": -7.4, ""vel"": 122.94, ""pos"": 729.3, ""error"": 789.2027007499996}, {""pair"": [2, 3, 2, 3], ""acc"": -7.4, ""vel"": 122.94, ""pos"": 729.3, ""error"": 789.2027007499996}, {""pair"": [2, 3, 2, 3], ""acc"": -7.4, ""vel"": 122.94, ""pos"": 729.3, ""error"": 789.2027007499996}, {""pair"": [2, 3, 2, 3], ""acc"": -7.4, ""vel"": 122.94, ""pos"": 729.3, ""error"": 789.2027007499996}, {""pair"": [2, 3, 2, 3], ""acc"": -7.4, ""vel"": 122.94, ""pos"": 729.3, ""error"": 789.2027007499996}, {""pair"": [2, 3, 2, 3], ""acc"": -7.4, ""vel"": 122.94, ""pos"": 729.3, ""error"": 789.2027007499996}, {""pair"": [2, 3, 2, 3], ""acc"": -7.4, ""vel"": 122.94, ""pos"": 729.3, ""error"": 789.2027007499996}, {""pair"": [2, 3, 2, 3], ""acc"": -7.4, ""vel"": 122.94, ""pos"": 729.3, ""error"": 789.2027007499996}, {""pair"": [2, 3, 2, 3], ""acc"": -7.4, ""vel"": 122.94, ""pos"": 729.3, ""error"": 789.2027007499996}, {""pair"": [2, 3, 2, 3], ""acc"": -7.4, ""vel"": 122.94, ""pos"": 729.3, ""error"": 789.2027007499996}, {""pair"": [2, 3, 2, 3], ""acc"": -7.4, ""vel"": 122.94, ""pos"": 729.3, ""error"": 789.2027007499996}, {""pair"": [2, 3, 2, 3], ""acc"": -7.4, ""vel"": 122.94, ""pos"": 729.3, ""error"": 789.2027007499996}]","[[2, 3, 2, 3], [2, 3, 2, 3], [2, 3, 2, 3], [2, 3, 2, 3], [2, 3, 2, 3], [2, 3, 2, 3], [2, 3, 2, 3], [2, 3, 2, 3], [2, 3, 2, 3], [2, 3, 2, 3], [2, 3, 2, 3], [2, 3, 2, 3], [2, 3, 2, 3], [2, 3, 2, 3], [2, 3, 2, 3], [2, 3, 2, 3]]","[[{""pair"": [2, 3, 2, 3], ""acc"": -7.4, ""vel"": 122.94, ""pos"": 729.3, ""error"": 789.2027007499996}], [{""pair"": [2, 3, 2, 3], ""acc"": -7.4, ""vel"": 122.94, ""pos"": 729.3, ""error"": 789.2027007499996}], [{""pair"": [2, 3, 2, 3], ""acc"": -7.4, ""vel"": 122.94, ""pos"": 729.3, ""error"": 789.2027007499996}], [{""pair"": [2, 3, 2, 3], ""acc"": -7.4, ""vel"": 122.94, ""pos"": 729.3, ""error"": 789.2027007499996}], [{""pair"": [2, 3, 2, 3], ""acc"": -7.4, ""vel"": 122.94, ""pos"": 729.3, ""error"": 789.2027007499996}], [{""pair"": [2, 3, 2, 3], ""acc"": -7.4, ""vel"": 122.94, ""pos"": 729.3, ""error"": 789.2027007499996}], [{""pair"": [2, 3, 2, 3], ""acc"": -7.4, ""vel"": 122.94, ""pos"": 729.3, ""error"": 789.2027007499996}], [{""pair"": [2, 3, 2, 3], ""acc"": -7.4, ""vel"": 122.94, ""pos"": 729.3, ""error"": 789.2027007499996}], [{""pair"": [2, 3, 2, 3], ""acc"": -7.4, ""vel"": 122.94, ""pos"": 729.3, ""error"": 789.2027007499996}], [{""pair"": [2, 3, 2, 3], ""acc"": -7.4, ""vel"": 122.94, ""pos"": 729.3, ""error"": 789.2027007499996}], [{""pair"": [2, 3, 2, 3], ""acc"": -7.4, ""vel"": 122.94, ""pos"": 729.3, ""error"": 789.2027007499996}], [{""pair"": [2, 3, 2, 3], ""acc"": -7.4, ""vel"": 122.94, ""pos"": 729.3, ""error"": 789.2027007499996}], [{""pair"": [2, 3, 2, 3], ""acc"": -7.4, ""vel"": 122.94, ""pos"": 729.3, ""error"": 789.2027007499996}], [{""pair"": [2, 3, 2, 3], ""acc"": -7.4, ""vel"": 122.94, ""pos"": 729.3, ""error"": 789.2027007499996}], [{""pair"": [2, 3, 2, 3], ""acc"": -7.4, ""vel"": 122.94, ""pos"": 729.3, ""error"": 789.2027007499996}], [{""pair"": [2, 3, 2, 3], ""acc"": -7.4, ""vel"": 122.94, ""pos"": 729.3, ""error"": 789.2027007499996}]]","[[[2, 3, 2, 3], [-7.4, 122.94, 729.3], 789.2027007499996], [[2, 3, 2, 3], [-7.4, 122.94, 729.3], 789.2027007499996], [[2, 3, 2, 3], [-7.4, 122.94, 729.3], 789.2027007499996], [[2, 3, 2, 3], [-7.4, 122.94, 729.3], 789.2027007499996], [[2, 3, 2, 3], [-7.4, 122.94, 729.3], 789.2027007499996], [[2, 3, 2, 3], [-7.4, 122.94, 729.3], 789.2027007499996], [[2, 3, 2, 3], [-7.4, 122.94, 729.3], 789.2027007499996], [[2, 3, 2, 3], [-7.4, 122.94, 729.3], 789.2027007499996], [[2, 3, 2, 3], [-7.4, 122.94, 729.3], 789.2027007499996], [[2, 3, 2, 3], [-7.4, 122.94, 729.3], 789.2027007499996], [[2, 3, 2, 3], [-7.4, 122.94, 729.3], 789.2027007499996], [[2, 3, 2, 3], [-7.4, 122.94, 729.3], 789.2027007499996], [[2, 3, 2, 3], [-7.4, 122.94, 729.3], 789.2027007499996], [[2, 3, 2, 3], [-7.4, 122.94, 729.3], 789.2027007499996], [[2, 3, 2, 3], [-7.4, 122.94, 729.3], 789.2027007499996], [[2, 3, 2, 3], [-7.4, 122.94, 729.3], 789.2027007499996]]"
0.4,26.47,110.3,8.0,50.0,2455.3,-7.4,122.82,731.3,"[{""pair"": [0, 0, 0, 0], ""acc"": -7.4, ""vel"": 122.82, ""pos"": 731.3, ""error"": 0}]","[[0, 0, 0, 0]]",[],"[[[0, 0, 0, 0], [-7.4, 122.82, 731.3], 0]]"
0.4,26.47,110.7,2.3,50.0,2050.0,-7.4,122.69,733.4,"[{""pair"": [0, 0, 0, 0], ""acc"": -7.4, ""vel"": 122.69, ""pos"": 733.4, ""error"": 0}]","[[0, 0, 0, 0]]",[],"[[[0, 0, 0, 0], [-7.4, 122.69, 733.4], 0]]"
0.4,26.48,111.2,-8.0,50.0,798.9,-7.4,122.56,735.5,"[{""pair"": [0, 0, 0, 0], ""acc"": -7.4, ""vel"": 122.56, ""pos"": 735.5, ""error"": 0}]","[[0, 0, 0, 0]]",[],"[[[0, 0, 0, 0], [-7.4, 122.56, 735.5], 0]]"
0.4,26.48,111.6,0.7,50.0,1302.1,0.7,87.23,1302.1,"[{""pair"": [2, 3, 2, 3], ""acc"": 0.7, ""vel"": 87.23, ""pos"": 1302.1, ""error"": 599.8515871999974}, {""pair"": [2, 3, 2, 3], ""acc"": 0.7, ""vel"": 87.23, ""pos"": 1302.1, ""error"": 599.8515871999974}, {""pair"": [2, 3, 2, 3], ""acc"": 0.7, ""vel"": 87.23, ""pos"": 1302.1, ""error"": 599.8515871999974}, {""pair"": [2, 3, 2, 3], ""acc"": 0.7, ""vel"": 87.23, ""pos"": 1302.1, ""error"": 599.8515871999974}, {""pair"": [2, 3, 2, 3], ""acc"": 0.7, ""vel"": 87.23, ""pos"": 1302.1, ""error"": 599.8515871999974}, {""pair"": [2, 3, 2, 3], ""acc"": 0.7, ""vel"": 87.23, ""pos"": 1302.1, ""error"": 599.8515871999974}, {""pair"": [2, 3, 2, 3], ""acc"": 0.7, ""vel"": 87.23, ""pos"": 1302.1, ""error"": 599.8515871999974}, {""pair"": [2, 3, 2, 3], ""acc"": 0.7, ""vel"": 87.23, ""pos"": 1302.1, ""error"": 599.8515871999974}, {""pair"": [2, 3, 2, 3], ""acc"": 0.7, ""vel"": 87.23, ""pos"": 1302.1, ""error"": 599.8515871999974}, {""pair"": [2, 3, 2, 3], ""acc"": 0.7, ""vel"": 87.23, ""pos"": 1302.1, ""error"": 599.8515871999974}, {""pair"": [2, 3, 2, 3], ""acc"": 0.7, ""vel"": 87.23, ""pos"": 1302.1, ""error"": 599.8515871999974}, {""pair"": [2, 3, 2, 3], ""acc"": 0.7, ""vel"": 87.23, ""pos"": 1302.1, ""error"": 599.8515871999974}, {""pair"": [2, 3, 2, 3], ""acc"": 0.7, ""vel"": 87.23, ""pos"": 1302.1, ""error"": 599.8515871999974}, {""pair"": [2, 3, 2, 3], ""acc"": 0.7, ""vel"": 87.23, ""pos"": 1302.1, ""error"": 599.8515871999974}, {""pair"": [2, 3, 2, 3], ""acc"": 0.7, ""vel"": 87.23, ""pos"": 1302.1, ""error"": 599.8515871999974}, {""pair"": [2, 3, 2, 3], ""acc"": 0.7, ""vel"": 87.23, ""pos"": 1302.1, ""error"": 599.8515871999974}]","[[2, 3, 2, 3], [2, 3, 2, 3], [2, 3, 2, 3], [2, 3, 2, 3], [2, 3, 2, 3], [2, 3, 2, 3], [2, 3, 2, 3], [2, 3, 2, 3], [2, 3, 2, 3], [2, 3, 2, 3], [2, 3, 2, 3], [2, 3, 2, 3], [2, 3, 2, 3], [2, 3, 2, 3], [2, 3, 2, 3], [2, 3, 2, 3]]","[[{""pair"": [2, 3, 2, 3], ""acc"": 0.7, ""vel"": 87.23, ""pos"": 1302.1, ""error"": 599.8515871999974}], [{""pair"": [2, 3, 2, 3], ""acc"": 0.7, ""vel"": 87.23, ""pos"": 1302.1, ""error"": 599.8515871999974}], [{""pair"": [2, 3, 2, 3], ""acc"": 0.7, ""vel"": 87.23, ""pos"": 1302.1, ""error"": 599.8515871999974}], [{""pair"": [2, 3, 2, 3], ""acc"": 0.7, ""vel"": 87.23, ""pos"": 1302.1, ""error"": 599.8515871999974}], [{""pair"": [2, 3, 2, 3], ""acc"": 0.7, ""vel"": 87.23, ""pos"": 1302.1, ""error"": 599.8515871999974}], [{""pair"": [2, 3, 2, 3], ""acc"": 0.7, ""vel"": 87.23, ""pos"": 1302.1, ""error"": 599.8515871999974}], [{""pair"": [2, 3, 2, 3], ""acc"": 0.7, ""vel"": 87.23, ""pos"": 1302.1, ""error"": 599.8515871999974}], [{""pair"": [2, 3, 2, 3], ""acc"": 0.7, ""vel"": 87.23, ""pos"": 1302.1, ""error"": 599.8515871999974}], [{""pair"": [2, 3, 2, 3], ""acc"": 0.7, ""vel"": 87.23, ""pos"": 1302.1, ""error"": 599.8515871999974}], [{""pair"": [2, 3, 2, 3], ""acc"": 0.7, ""vel"": 87.23, ""pos"": 1302.1, ""error"": 599.8515871999974}], [{""pair"": [2, 3, 2, 3], ""acc"": 0.7, ""vel"": 87.23, ""pos"": 1302.1, ""error"": 599.8515871999974}], [{""pair"": [2, 3, 2, 3], ""acc"": 0.7, ""vel"": 87.23, ""pos"": 1302.1, ""error"": 599.8515871999974}], [{""pair"": [2, 3, 2, 3], ""acc"": 0.7, ""vel"": 87.23, ""pos"": 1302.1, ""error"": 599.8515871999974}], [{""pair"": [2, 3, 2, 3], ""acc"": 0.7, ""vel"": 87.23, ""pos"": 1302.1, ""error"": 599.8515871999974}], [{""pair"": [2, 3, 2, 3], ""acc"": 0.7, ""vel"": 87.23, ""pos"": 1302.1, ""error"": 599.8515871999974}], [{""pair"": [2, 3, 2, 3], ""acc"": 0.7, ""vel"": 87.23, ""pos"": 1302.1, ""error"": 599.8515871999974}]]","[[[2, 3, 2, 3], [0.7, 87.23, 1302.1], 599.8515871999974], [[2, 3, 2, 3], [0.7, 87.23, 1302.1], 599.8515871999974], [[2, 3, 2, 3], [0.7, 87.23, 1302.1], 599.8515871999974], [[2, 3, 2, 3], [0.7, 87.23, 1302.1], 599.8515871999974], [[2, 3, 2, 3], [0.7, 87.23, 1302.1], 599.8515871999974], [[2, 3, 2, 3], [0.7, 87.23, 1302.1], 599.8515871999974], [[2, 3, 2, 3], [0.7, 87.23, 1302.1], 599.8515871999974], [[2, 3, 2, 3], [0.7, 87.23, 1302.1], 599.8515871999974], [[2, 3, 2, 3], [0.7, 87.23, 1302.1], 599.8515871999974], [[2, 3, 2, 3], [0.7, 87.23, 1302.1], 599.8515871999974], [[2, 3, 2, 3], [0.7, 87.23, 1302.1], 599.8515871999974], [[2, 3, 2, 3], [0.7, 87.23, 1302.1], 599.8515871999974], [[2, 3, 2, 3], [0.7, 87.23, 1302.1], 599.8515871999974], [[2, 3, 2, 3], [0.7, 87.23, 1302.1], 599.8515871999974], [[2, 3, 2, 3], [0.7, 87.23, 1302.1], 599.8515871999974], [[2, 3, 2, 3], [0.7, 87.23, 1302.1], 599.8515871999974]]"
0.4,26.48,112.0,-8.0,50.0,1285.4,-13.5,56.15,1285.4,"[{""pair"": [2, 2, 2, 2], ""acc"": -13.5, ""vel"": 56.15, ""pos"": 1285.4, ""error"": 49.27491114999963}, {""pair"": [2, 2, 2, 2], ""acc"": -13.5, ""vel"": 56.15, ""pos"": 1285.4, ""error"": 49.27491114999963}, {""pair"": [2, 2, 2, 2], ""acc"": -13.5, ""vel"": 56.15, ""pos"": 1285.4, ""error"": 49.27491114999963}, {""pair"": [2, 2, 2, 2], ""acc"": -13.5, ""vel"": 56.15, ""pos"": 1285.4, ""error"": 49.27491114999963}, {""pair"": [2, 2, 2, 2], ""acc"": -13.5, ""vel"": 56.15, ""pos"": 1285.4, ""error"": 49.27491114999963}, {""pair"": [2, 2, 2, 2], ""acc"": -13.5, ""vel"": 56.15, ""pos"": 1285.4, ""error"": 49.27491114999963}, {""pair"": [2, 2, 2, 2], ""acc"": -13.5, ""vel"": 56.15, ""pos"": 1285.4, ""error"": 49.27491114999963}, {""pair"": [2, 2, 2, 2], ""acc"": -13.5, ""vel"": 56.15, ""pos"": 1285.4, ""error"": 49.27491114999963}, {""pair"": [2, 2, 2, 2], ""acc"": -13.5, ""vel"": 56.15, ""pos"": 1285.4, ""error"": 49.27491114999963}, {""pair"": [2, 2, 2, 2], ""acc"": -13.5, ""vel"": 56.15, ""pos"": 1285.4, ""error"": 49.27491114999963}, {""pair"": [2, 2, 2, 2], ""acc"": -13.5, ""vel"": 56.15, ""pos"": 1285.4, ""error"": 49.27491114999963}, {""pair"": [2, 2, 2, 2], ""acc"": -13.5, ""vel"": 56.15, ""pos"": 1285.4, ""error"": 49.27491114999963}, {""pair"": [2, 2, 2, 2], ""acc"": -13.5, ""vel"": 56.15, ""pos"": 1285.4, ""error"": 49.27491114999963}, {""pair"": [2, 2, 2, 2], ""acc"": -13.5, ""vel"": 56.15, ""pos"": 1285.4, ""error"": 49.27491114999963}, {""pair"": [2, 2, 2, 2], ""acc"": -13.5, ""vel"": 56.15, ""pos"": 1285.4, ""error"": 49.27491114999963}, {""pair"": [2, 2, 2, 2], ""acc"": -13.5, ""vel"": 56.15, ""pos"": 1285.4, ""error"": 49.27491114999963}]","[[2, 2, 2, 2], [2, 2, 2, 2], [2, 2, 2, 2], [2, 2, 2, 2], [2, 2, 2, 2], [2, 2, 2, 2], [2, 2, 2, 2], [2, 2, 2, 2], [2, 2, 2, 2], [2, 2, 2, 2], [2, 2, 2, 2], [2, 2, 2, 2], [2, 2, 2, 2], [2, 2, 2, 2], [2, 2, 2, 2], [2, 2, 2, 2]]","[[{""pair"": [2, 2, 2, 2], ""acc"": -13.5, ""vel"": 56.15, ""pos"": 1285.4, ""error"": 49.27491114999963}, {""pair"": [2, 2, 2, 2], ""acc"": -13.5, ""vel"": 56.15, ""pos"": 1285.4, ""error"": 49.27491114999963}, {""pair"": [2, 2, 2, 2], ""acc"": -13.5, ""vel"": 56.15, ""pos"": 1285.4, ""error"": 49.27491114999963}, {""pair"": [2, 2, 2, 2], ""acc"": -13.5, ""vel"": 56.15, ""pos"": 1285.4, ""error"": 49.27491114999963}, {""pair"": [2, 2, 2, 2], ""acc"": -13.5, ""vel"": 56.15, ""pos"": 1285.4, ""error"": 49.27491114999963}, {""pair"": [2, 2, 2, 2], ""acc"": -13.5, ""vel"": 56.15, ""pos"": 1285.4, ""error"": 49.27491114999963}, {""pair"": [2, 2, 2, 2], ""acc"": -13.5, ""vel"": 56.15, ""pos"": 1285.4, ""error"": 49.27491114999963}, {""pair"": [2, 2, 2, 2], ""acc"": -13.5, ""vel"": 56.15, ""pos"": 1285.4, ""error"": 49.27491114999963}, {""pair"": [2, 2, 2, 2], ""acc"": -13.5, ""vel"": 56.15, ""pos"": 1285.4, ""error"": 49.27491114999963}, {""pair"": [2, 2, 2, 2], ""acc"": -13.5, ""vel"": 56.15, ""pos"": 1285.4, ""error"": 49.27491114999963}, {""pair"": [2, 2, 2, 2], ""acc"": -13.5, ""vel"": 56.15, ""pos"": 1285.4, ""error"": 49.27491114999963}, {""pair"": [2, 2, 2, 2], ""acc"": -13.5, ""vel"": 56.15, ""pos"": 1285.4, ""error"": 49.27491114999963}, {""pair"": [2, 2, 2, 2], ""acc"": -13.5, ""vel"": 56.15, ""pos"": 1285.4, ""error"": 49.27491114999963}, {""pair"": [2, 2, 2, 2], ""acc"": -13.5, ""vel"": 56.15, ""pos"": 1285.4, ""error"": 49.27491114999963}, {""pair"": [2, 2, 2, 2], ""acc"": -13.5, ""vel"": 56.15, ""pos"": 1285.4, ""error"": 49.27491114999963}, {""pair"": [2, 2, 2, 2], ""acc"": -13.5, ""vel"": 56.15, ""pos"": 1285.4, ""error"": 49.27491114999963}], [{""pair"": [2, 2, 2, 2], ""acc"": -13.5, ""vel"": 56.15, ""pos"": 1285.4, ""error"": 49.27491114999963}, {""pair"": [2, 2, 2, 2], ""acc"": -13.5, ""vel"": 56.15, ""pos"": 1285.4, ""error"": 49.27491114999963}, {""pair"": [2, 2, 2, 2], ""acc"": -13.5, ""vel"": 56.15, ""pos"": 1285.4, ""error"": 49.27491114999963}, {""pair"": [2, 2, 2, 2], ""acc"": -13.5, ""vel"": 56.15, ""pos"": 1285.4, ""error"": 49.27491114999963}, {""pair"": [2, 2, 2, 2], ""acc"": -13.5, ""vel"": 56.15, ""pos"": 1285.4, ""error"": 49.27491114999963}, {""pair"": [2, 2, 2, 2], ""acc"": -13.5, ""vel"": 56.15, ""pos"": 1285.4, ""error"": 49.27491114999963}, {""pair"": [2, 2, 2, 2], ""acc"": -13.5, ""vel"": 56.15, ""pos"": 1285.4, ""error"": 49.27491114999963}, {""pair"": [2, 2, 2, 2], ""acc"": -13.5, ""vel"": 56.15, ""pos"": 1285.4, ""error"": 49.27491114999963}, {""pair"": [2, 2, 2, 2], ""acc"": -13.5, ""vel"": 56.15, ""pos"": 1285.4, ""error"": 49.27491114999963}, {""pair"": [2, 2, 2, 2], ""acc"": -13.5, ""vel"": 56.15, ""pos"": 1285.4, ""error"": 49.27491114999963}, {""pair"": [2, 2, 2, 2], ""acc"": -13.5, ""vel"": 56.15, ""pos"": 1285.4, ""error"": 49.27491114999963}, {""pair"": [2, 2, 2, 2], ""acc"": -13.5, ""vel"": 56.15, ""pos"": 1285.4, ""error"": 49.27491114999963}, {""pair"": [2, 2, 2, 2], ""acc"": -13.5, ""vel"": 56.15, ""pos"": 1285.4, ""error"": 49.27491114999963}, {""pair"": [2, 2, 2, 2], ""acc"": -13.5, ""vel"": 56.15, ""pos"": 1285.4, ""error"": 49.27491114999963}, {""pair"": [2, 2, 2, 2], ""acc"": -13.5, ""vel"": 56.15, ""pos"": 1285.4, ""error"": 49.27491114999963}, {""pair"": [2, 2, 2, 2], ""acc"": -13.5, ""vel"": 56.15, ""pos"": 1285.4, ""error"": 49.27491114999963}], [{""pair"": [2, 2, 2, 2], ""acc"": -13.5, ""vel"": 56.15, ""pos"": 1285.4, ""error"": 49.27491114999963}, {""pair"": [2, 2, 2, 2], ""acc"": -13.5, ""vel"": 56.15, ""pos"": 1285.4, ""error"": 49.27491114999963}, {""pair"": [2, 2, 2, 2], ""acc"": -13.5, ""vel"": 56.15, ""pos"": 1285.4, ""error"": 49.27491114999963}, {""pair"": [2, 2, 2, 2], ""acc"": -13.5, ""vel"": 56.15, ""pos"": 1285.4, ""error"": 49.27491114999963}, {""pair"": [2, 2, 2, 2], ""acc"": -13.5, ""vel"": 56.15, ""pos"": 1285.4, ""error"": 49.27491114999963}, {""pair"": [2, 2, 2, 2], ""acc"": -13.5, ""vel"": 56.15, ""pos"": 1285.4, ""error"": 49.27491114999963}, {""pair"": [2, 2, 2, 2], ""acc"": -13.5, ""vel"": 56.15, ""pos"": 1285.4, ""error"": 49.27491114999963}, {""pair"": [2, 2, 2, 2], ""acc"": -13.5, ""vel"": 56.15, ""pos"": 1285.4, ""error"": 49.27491114999963}, {""pair"": [2, 2, 2, 2], ""acc"": -13.5, ""vel"": 56.15, ""pos"": 1285.4, ""error"": 49.27491114999963}, {""pair"": [2, 2, 2, 2], ""acc"": -13.5, ""vel"": 56.15, ""pos"": 1285.4, ""error"": 49.27491114999963}, {""pair"": [2, 2, 2, 2], ""acc"": -13.5, ""vel"": 56.15, ""pos"": 1285.4, ""error"": 49.27491114999963}, {""pair"": [2, 2, 2, 2], ""acc"": -13.5, ""vel"": 56.15, ""pos"": 1285.4, ""error"": 49.27491114999963}, {""pair"": [2, 2, 2, 2], ""acc"": -13.5, ""vel"": 56.15, ""pos"": 1285.4, ""error"": 49.27491114999963}, {""pair"": [2, 2, 2, 2], ""acc"": -13.5, ""vel"": 56.15, ""pos"": 1285.4, ""error"": 49.27491114999963}, {""pair"": [2, 2, 2, 2], ""acc"": -13.5, ""vel"": 56.15, ""pos"": 1285.4, ""error"": 49.27491114999963}, {""pair"": [2, 2, 2, 2], ""acc"": -13.5, ""vel"": 56.15, ""pos"": 1285.4, ""error"": 49.27491114999963}], [{""pair"": [2, 2, 2, 2], ""acc"": -13.5, ""vel"": 56.15, ""pos"": 1285.4, ""error"": 49.27491114999963}, {""pair"": [2, 2, 2, 2], ""acc"": -13.5, ""vel"": 56.15, ""pos"": 1285.4, ""error"": 49.27491114999963}, {""pair"": [2, 2, 2, 2], ""acc"": -13.5, ""vel"": 56.15, ""pos"": 1285.4, ""error"": 49.27491114999963}, {""pair"": [2, 2, 2, 2], ""acc"": -13.5, ""vel"": 56.15, ""pos"": 1285.4, ""error"": 49.27491114999963}, {""pair"": [2, 2, 2, 2], ""acc"": -13.5, ""vel"": 56.15, ""pos"": 1285.4, ""error"": 49.27491114999963}, {""pair"": [2, 2, 2, 2], ""acc"": -13.5, ""vel"": 56.15, ""pos"": 1285.4, ""error"": 49.27491114999963}, {""pair"": [2, 2, 2, 2], ""acc"": -13.5, ""vel"": 56.15, ""pos"": 1285.4, ""error"": 49.27491114999963}, {""pair"": [2, 2, 2, 2], ""acc"": -13.5, ""vel"": 56.15, ""pos"": 1285.4, ""error"": 49.27491114999963}, {""pair"": [2, 2, 2, 2], ""acc"": -13.5, ""vel"": 56.15, ""pos"": 1285.4, ""error"": 49.27491114999963}, {""pair"": [2, 2, 2, 2], ""acc"": -13.5, ""vel"": 56.15, ""pos"": 1285.4, ""error"": 49.27491114999963}, {""pair"": [2, 2, 2, 2], ""acc"": -13.5, ""vel"": 56.15, ""pos"": 1285.4, ""error"": 49.27491114999963}, {""pair"": [2, 2, 2, 2], ""acc"": -13.5, ""vel"": 56.15, ""pos"": 1285.4, ""error"": 49.27491114999963}, {""pair"": [2, 2, 2, 2], ""acc"": -13.5, ""vel"": 56.15, ""pos"": 1285.4, ""error"": 49.27491114999963}, {""pair"": [2, 2, 2, 2], ""acc"": -13.5, ""vel"": 56.15, ""pos"": 1285.4, ""error"": 49.27491114999963}, {""pair"": [2, 2, 2, 2], ""acc"": -13.5, ""vel"": 56.15, ""pos"": 1285.4, ""error"": 49.27491114999963}, {""pair"": [2, 2, 2, 2], ""acc"": -13.5, ""vel"": 56.15, ""pos"": 1285.4, ""error"": 49.27491114999963}], [{""pair"": [2, 2, 2, 2], ""acc"": -13.5, ""vel"": 56.15, ""pos"": 1285.4, ""error"": 49.27491114999963}, {""pair"": [2, 2, 2, 2], ""acc"": -13.5, ""vel"": 56.15, ""pos"": 1285.4, ""error"": 49.27491114999963}, {""pair"": [2, 2, 2, 2], ""acc"": -13.5, ""vel"": 56.15, ""pos"": 1285.4, ""error"": 49.27491114999963}, {""pair"": [2, 2, 2, 2], ""acc"": -13.5, ""vel"": 56.15, ""pos"": 1285.4, ""error"": 49.27491114999963}, {""pair"": [2, 2, 2, 2], ""acc"": -13.5, ""vel"": 56.15, ""pos"": 1285.4, ""error"": 49.27491114999963}, {""pair"": [2, 2, 2, 2], ""acc"": -13.5, ""vel"": 56.15, ""pos"": 1285.4, ""error"": 49.27491114999963}, {""pair"": [2, 2, 2, 2], ""acc"": -13.5, ""vel"": 56.15, ""pos"": 1285.4, ""error"": 49.27491114999963}, {""pair"": [2, 2, 2, 2], ""acc"": -13.5, ""vel"": 56.15, ""pos"": 1285.4, ""error"": 49.27491114999963}, {""pair"": [2, 2, 2, 2], ""acc"": -13.5, ""vel"": 56.15, ""pos"": 1285.4, ""error"": 49.27491114999963}, {""pair"": [2, 2, 2, 2], ""acc"": -13.5, ""vel"": 56.15, ""pos"": 1285.4, ""error"": 49.27491114999963}, {""pair"": [2, 2, 2, 2], ""acc"": -13.5, ""vel"": 56.15, ""pos"": 1285.4, ""error"": 49.27491114999963}, {""pair"": [2, 2, 2, 2], ""acc"": -13.5, ""vel"": 56.15, ""pos"": 1285.4, ""error"": 49.27491114999963}, {""pair"": [2, 2, 2, 2], ""acc"": -13.5, ""vel"": 56.15, ""pos"": 1285.4, ""error"": 49.27491114999963}, {""pair"": [2, 2, 2, 2], ""acc"": -13.5, ""vel"": 56.15, ""pos"": 1285.4, ""error"": 49.27491114999963}, {""pair"": [2, 2, 2, 2], ""acc"": -13.5, ""vel"": 56.15, ""pos"": 1285.4, ""error"": 49.27491114999963}, {""pair"": [2, 2, 2, 2], ""acc"": -13.5, ""vel"": 56.15, ""pos"": 1285.4, ""error"": 49.27491114999963}], [{""pair"": [2, 2, 2, 2], ""acc"": -13.5, ""vel"": 56.15, ""pos"": 1285.4, ""error"": 49.27491114999963}, {""pair"": [2, 2, 2, 2], ""acc"": -13.5, ""vel"": 56.15, ""pos"": 1285.4, ""error"": 49.27491114999963}, {""pair"": [2, 2, 2, 2], ""acc"": -13.5, ""vel"": 56.15, ""pos"": 1285.4, ""error"": 49.27491114999963}, {""pair"": [2, 2, 2, 2], ""acc"": -13.5, ""vel"": 56.15, ""pos"": 1285.4, ""error"": 49.27491114999963}, {""pair"": [2, 2, 2, 2], ""acc"": -13.5, ""vel"": 56.15, ""pos"": 1285.4, ""error"": 49.27491114999963}, {""pair"": [2, 2, 2, 2], ""acc"": -13.5, ""vel"": 56.15, ""pos"": 1285.4, ""error"": 49.27491114999963}, {""pair"": [2, 2, 2, 2], ""acc"": -13.5, ""vel"": 56.15, ""pos"": 1285.4, ""error"": 49.27491114999963}, {""pair"": [2, 2, 2, 2], ""acc"": -13.5, ""vel"": 56.15, ""pos"": 1285.4, ""error"": 49.27491114999963}, {""pair"": [2, 2, 2, 2], ""acc"": -13.5, ""vel"": 56.15, ""pos"": 1285.4, ""error"": 49.27491114999963}, {""pair"": [2, 2, 2, 2], ""acc"": -13.5, ""vel"": 56.15, ""pos"": 1285.4, ""error"": 49.27491114999963}, {""pair"": [2, 2, 2, 2], ""acc"": -13.5, ""vel"": 56.15, ""pos"": 1285.4, ""error"": 49.27491114999963}, {""pair"": [2, 2, 2, 2], ""acc"": -13.5, ""vel"": 56.15, ""pos"": 1285.4, ""error"": 49.27491114999963}, {""pair"": [2, 2, 2, 2], ""acc"": -13.5, ""vel"": 56.15, ""pos"": 1285.4, ""error"": 49.27491114999963}, {""pair"": [2, 2, 2, 2], ""acc"": -13.5, ""vel"": 56.15, ""pos"": 1285.4, ""error"": 49.27491114999963}, {""pair"": [2, 2, 2, 2], ""acc"": -13.5, ""vel"": 56.15, ""pos"": 1285.4, ""error"": 49.27491114999963}, {""pair"": [2, 2, 2, 2], ""acc"": -13.5, ""vel"": 56.15, ""pos"": 1285.4, ""error"": 49.27491114999963}], [{""pair"": [2, 2, 2, 2], ""acc"": -13.5, ""vel"": 56.15, ""pos"": 1285.4, ""error"": 49.27491114999963}, {""pair"": [2, 2, 2, 2], ""acc"": -13.5, ""vel"": 56.15, ""pos"": 1285.4, ""error"": 49.27491114999963}, {""pair"": [2, 2, 2, 2], ""acc"": -13.5, ""vel"": 56.15, ""pos"": 1285.4, ""error"": 49.27491114999963}, {""pair"": [2, 2, 2, 2], ""acc"": -13.5, ""vel"": 56.15, ""pos"": 1285.4, ""error"": 49.27491114999963}, {""pair"": [2, 2, 2, 2], ""acc"": -13.5, ""vel"": 56.15, ""pos"": 1285.4, ""error"": 49.27491114999963}, {""pair"": [2, 2, 2, 2], ""acc"": -13.5, ""vel"": 56.15, ""pos"": 1285.4, ""error"": 49.27491114999963}, {""pair"": [2, 2, 2, 2], ""acc"": -13.5, ""vel"": 56.15, ""pos"": 1285.4, ""error"": 49.27491114999963}, {""pair"": [2, 2, 2, 2], ""acc"": -13.5, ""vel"": 56.15, ""pos"": 1285.4, ""error"": 49.27491114999963}, {""pair"": [2, 2, 2, 2], ""acc"": -13.5, ""vel"": 56.15, ""pos"": 1285.4, ""error"": 49.27491114999963}, {""pair"": [2, 2, 2, 2], ""acc"": -13.5, ""vel"": 56.15, ""pos"": 1285.4, ""error"": 49.27491114999963}, {""pair"": [2, 2, 2, 2], ""acc"": -13.5, ""vel"": 56.15, ""pos"": 1285.4, ""error"": 49.27491114999963}, {""pair"": [2, 2, 2, 2], ""acc"": -13.5, ""vel"": 56.15, ""pos"": 1285.4, ""error"": 49.27491114999963}, {""pair"": [2, 2, 2, 2], ""acc"": -13.5, ""vel"": 56.15, ""pos"": 1285.4, ""error"": 49.27491114999963}, {""pair"": [2, 2, 2, 2], ""acc"": -13.5, ""vel"": 56.15, ""pos"": 1285.4, ""error"": 49.27491114999963}, {""pair"": [2, 2, 2, 2], ""acc"": -13.5, ""vel"": 56.15, ""pos"": 1285.4, ""error"": 49.27491114999963}, {""pair"": [2, 2, 2, 2], ""acc"": -13.5, ""vel"": 56.15, ""pos"": 1285.4, ""error"": 49.27491114999963}], [{""pair"": [2, 2, 2, 2], ""acc"": -13.5, ""vel"": 56.15, ""pos"": 1285.4, ""error"": 49.27491114999963}, {""pair"": [2, 2, 2, 2], ""acc"": -13.5, ""vel"": 56.15, ""pos"": 1285.4, ""error"": 49.27491114999963}, {""pair"": [2, 2, 2, 2], ""acc"": -13.5, ""vel"": 56.15, ""pos"": 1285.4, ""error"": 49.27491114999963}, {""pair"": [2, 2, 2, 2], ""acc"": -13.5, ""vel"": 56.15, ""pos"": 1285.4, ""error"": 49.27491114999963}, {""pair"": [2, 2, 2, 2], ""acc"": -13.5, ""vel"": 56.15, ""pos"": 1285.4, ""error"": 49.27491114999963}, {""pair"": [2, 2, 2, 2], ""acc"": -13.5, ""vel"": 56.15, ""pos"": 1285.4, ""error"": 49.27491114999963}, {""pair"": [2, 2, 2, 2], ""acc"": -13.5, ""vel"": 56.15, ""pos"": 1285.4, ""error"": 49.27491114999963}, {""pair"": [2, 2, 2, 2], ""acc"": -13.5, ""vel"": 56.15, ""pos"": 1285.4, ""error"": 49.27491114999963}, {""pair"": [2, 2, 2, 2], ""acc"": -13.5, ""vel"": 56.15, ""pos"": 1285.4, ""error"": 49.27491114999963}, {""pair"": [2, 2, 2, 2], ""acc"": -13.5, ""vel"": 56.15, ""pos"": 1285.4, ""error"": 49.27491114999963}, {""pair"": [2, 2, 2, 2], ""acc"": -13.5, ""vel"": 56.15, ""pos"": 1285.4, ""error"": 49.27491114999963}, {""pair"": [2, 2, 2, 2], ""acc"": -13.5, ""vel"": 56.15, ""pos"": 1285.4, ""error"": 49.27491114999963}, {""pair"": [2, 2, 2, 2], ""acc"": -13.5, ""vel"": 56.15, ""pos"": 1285.4, ""error"": 49.27491114999963}, {""pair"": [2, 2, 2, 2], ""acc"": -13.5, ""vel"": 56.15, ""pos"": 1285.4, ""error"": 49.27491114999963}, {""pair"": [2, 2, 2, 2], ""acc"": -13.5, ""vel"": 56.15, ""pos"": 1285.4, ""error"": 49.27491114999963}, {""pair"": [2, 2, 2, 2], ""acc"": -13.5, ""vel"": 56.15, ""pos"": 1285.4, ""error"": 49.27491114999963}], [{""pair"": [2, 2, 2, 2], ""acc"": -13.5, ""vel"": 56.15, ""pos"": 1285.4, ""error"": 49.27491114999963}, {""pair"": [2, 2, 2, 2], ""acc"": -13.5, ""vel"": 56.15, ""pos"": 1285.4, ""error"": 49.27491114999963}, {""pair"": [2, 2, 2, 2], ""acc"": -13.5, ""vel"": 56.15, ""pos"": 1285.4, ""error"": 49.27491114999963}, {""pair"": [2, 2, 2, 2], ""acc"": -13.5, ""vel"": 56.15, ""pos"": 1285.4, ""error"": 49.27491114999963}, {""pair"": [2, 2, 2, 2], ""acc"": -13.5, ""vel"": 56.15, ""pos"": 1285.4, ""error"": 49.27491114999963}, {""pair"": [2, 2, 2, 2], ""acc"": -13.5, ""vel"": 56.15, ""pos"": 1285.4, ""error"": 49.27491114999963}, {""pair"": [2, 2, 2, 2], ""acc"": -13.5, ""vel"": 56.15, ""pos"": 1285.4, ""error"": 49.27491114999963}, {""pair"": [2, 2, 2, 2], ""acc"": -13.5, ""vel"": 56.15, ""pos"": 1285.4, ""error"": 49.27491114999963}, {""pair"": [2, 2, 2, 2], ""acc"": -13.5, ""vel"": 56.15, ""pos"": 1285.4, ""error"": 49.27491114999963}, {""pair"": [2, 2, 2, 2], ""acc"": -13.5, ""vel"": 56.15, ""pos"": 1285.4, ""error"": 49.27491114999963}, {""pair"": [2, 2, 2, 2], ""acc"": -13.5, ""vel"": 56.15, ""pos"": 1285.4, ""error"": 49.27491114999963}, {""pair"": [2, 2, 2, 2], ""acc"": -13.5, ""vel"": 56.15, ""pos"": 1285.4, ""error"": 49.27491114999963}, {""pair"": [2, 2, 2, 2], ""acc"": -13.5, ""vel"": 56.15, ""pos"": 1285.4, ""error"": 49.27491114999963}, {""pair"": [2, 2, 2, 2], ""acc"": -13.5, ""vel"": 56.15, ""pos"": 1285.4, ""error"": 49.27491114999963}, {""pair"": [2, 2, 2, 2], ""acc"": -13.5, ""vel"": 56.15, ""pos"": 1285.4, ""error"": 49.27491114999963}, {""pair"": [2, 2, 2, 2], ""acc"": -13.5, ""vel"": 56.15, ""pos"": 1285.4, ""error"": 49.27491114999963}], [{""pair"": [2, 2, 2, 2], ""acc"": -13.5, ""vel"": 56.15, ""pos"": 1285.4, ""error"": 49.27491114999963}, {""pair"": [2, 2, 2, 2], ""acc"": -13.5, ""vel"": 56.15, ""pos"": 1285.4, ""error"": 49.27491114999963}, {""pair"": [2, 2, 2, 2], ""acc"": -13.5, ""vel"": 56.15, ""pos"": 1285.4, ""error"": 49.27491114999963}, {""pair"": [2, 2, 2, 2], ""acc"": -13.5, ""vel"": 56.15, ""pos"": 1285.4, ""error"": 49.27491114999963}, {""pair"": [2, 2, 2, 2], ""acc"": -13.5, ""vel"": 56.15, ""pos"": 1285.4, ""error"": 49.27491114999963}, {""pair"": [2, 2, 2, 2], ""acc"": -13.5, ""vel"": 56.15, ""pos"": 1285.4, ""error"": 49.27491114999963}, {""pair"": [2, 2, 2, 2], ""acc"": -13.5, ""vel"": 56.15, ""pos"": 1285.4, ""error"": 49.27491114999963}, {""pair"": [2, 2, 2, 2], ""acc"": -13.5, ""vel"": 56.15, ""pos"": 1285.4, ""error"": 49.27491114999963}, {""pair"": [2, 2, 2, 2], ""acc"": -13.5, ""vel"": 56.15, ""pos"": 1285.4, ""error"": 49.27491114999963}, {""pair"": [2, 2, 2, 2], ""acc"": -13.5, ""vel"": 56.15, ""pos"": 1285.4, ""error"": 49.27491114999963}, {""pair"": [2, 2, 2, 2], ""acc"": -13.5, ""vel"": 56.15, ""pos"": 1285.4, ""error"": 49.27491114999963}, {""pair"": [2, 2, 2, 2], ""acc"": -13.5, ""vel"": 56.15, ""pos"": 1285.4, ""error"": 49.27491114999963}, {""pair"": [2, 2, 2, 2], ""acc"": -13.5, ""vel"": 56.15, ""pos"": 1285.4, ""error"": 49.27491114999963}, {""pair"": [2, 2, 2, 2], ""acc"": -13.5, ""vel"": 56.15, ""pos"": 1285.4, ""error"": 49.27491114999963}, {""pair"": [2, 2, 2, 2], ""acc"": -13.5, ""vel"": 56.15, ""pos"": 1285.4, ""error"": 49.27491114999963}, {""pair"": [2, 2, 2, 2], ""acc"": -13.5, ""vel"": 56.15, ""pos"": 1285.4, ""error"": 49.27491114999963}], [{""pair"": [2, 2, 2, 2], ""acc"": -13.5, ""vel"": 56.15, ""pos"": 1285.4, ""error"": 49.27491114999963}, {""pair"": [2, 2, 2, 2], ""acc"": -13.5, ""vel"": 56.15, ""pos"": 1285.4, ""error"": 49.27491114999963}, {""pair"": [2, 2, 2, 2], ""acc"": -13.5, ""vel"": 56.15, ""pos"": 1285.4, ""error"": 49.27491114999963}, {""pair"": [2, 2, 2, 2], ""acc"": -13.5, ""vel"": 56.15, ""pos"": 1285.4, ""error"": 49.27491114999963}, {""pair"": [2, 2, 2, 2], ""acc"": -13.5, ""vel"": 56.15, ""pos"": 1285.4, ""error"": 49.27491114999963}, {""pair"": [2, 2, 2, 2], ""acc"": -13.5, ""vel"": 56.15, ""pos"": 1285.4, ""error"": 49.27491114999963}, {""pair"": [2, 2, 2, 2], ""acc"": -13.5, ""vel"": 56.15, ""pos"": 1285.4, ""error"": 49.27491114999963}, {""pair"": [2, 2, 2, 2], ""acc"": -13.5, ""vel"": 56.15, ""pos"": 1285.4, ""error"": 49.27491114999963}, {""pair"": [2, 2, 2, 2], ""acc"": -13.5, ""vel"": 56.15, ""pos"": 1285.4, ""error"": 49.27491114999963}, {""pair"": [2, 2, 2, 2], ""acc"": -13.5, ""vel"": 56.15, ""pos"": 1285.4, ""error"": 49.27491114999963}, {""pair"": [2, 2, 2, 2], ""acc"": -13.5, ""vel"": 56.15, ""pos"": 1285.4, ""error"": 49.27491114999963}, {""pair"": [2, 2, 2, 2], ""acc"": -13.5, ""vel"": 56.15, ""pos"": 1285.4, ""error"": 49.27491114999963}, {""pair"": [2, 2, 2, 2], ""acc"": -13.5, ""vel"": 56.15, ""pos"": 1285.4, ""error"": 49.27491114999963}, {""pair"": [2, 2, 2, 2], ""acc"": -13.5, ""vel"": 56.15, ""pos"": 1285.4, ""error"": 49.27491114999963}, {""pair"": [2, 2, 2, 2], ""acc"": -13.5, ""vel"": 56.15, ""pos"": 1285.4, ""error"": 49.27491114999963}, {""pair"": [2, 2, 2, 2], ""acc"": -13.5, ""vel"": 56.15, ""pos"": 1285.4, ""error"": 49.27491114999963}], [{""pair"": [2, 2, 2, 2], ""acc"": -13.5, ""vel"": 56.15, ""pos"": 1285.4, ""error"": 49.27491114999963}, {""pair"": [2, 2, 2, 2], ""acc"": -13.5, ""vel"": 56.15, ""pos"": 1285.4, ""error"": 49.27491114999963}, {""pair"": [2, 2, 2, 2], ""acc"": -13.5, ""vel"": 56.15, ""pos"": 1285.4, ""error"": 49.27491114999963}, {""pair"": [2, 2, 2, 2], ""acc"": -13.5, ""vel"": 56.15, ""pos"": 1285.4, ""error"": 49.27491114999963}, {""pair"": [2, 2, 2, 2], ""acc"": -13.5, ""vel"": 56.15, ""pos"": 1285.4, ""error"": 49.27491114999963}, {""pair"": [2, 2, 2, 2], ""acc"": -13.5, ""vel"": 56.15, ""pos"": 1285.4, ""error"": 49.27491114999963}, {""pair"": [2, 2, 2, 2], ""acc"": -13.5, ""vel"": 56.15, ""pos"": 1285.4, ""error"": 49.27491114999963}, {""pair"": [2, 2, 2, 2], ""acc"": -13.5, ""vel"": 56.15, ""pos"": 1285.4, ""error"": 49.27491114999963}, {""pair"": [2, 2, 2, 2], ""acc"": -13.5, ""vel"": 56.15, ""pos"": 1285.4, ""error"": 49.27491114999963}, {""pair"": [2, 2, 2, 2], ""acc"": -13.5, ""vel"": 56.15, ""pos"": 1285.4, ""error"": 49.27491114999963}, {""pair"": [2, 2, 2, 2], ""acc"": -13.5, ""vel"": 56.15, ""pos"": 1285.4, ""error"": 49.27491114999963}, {""pair"": [2, 2, 2, 2], ""acc"": -13.5, ""vel"": 56.15, ""pos"": 1285.4, ""error"": 49.27491114999963}, {""pair"": [2, 2, 2, 2], ""acc"": -13.5, ""vel"": 56.15, ""pos"": 1285.4, ""error"": 49.27491114999963}, {""pair"": [2, 2, 2, 2], ""acc"": -13.5, ""vel"": 56.15, ""pos"": 1285.4, ""error"": 49.27491114999963}, {""pair"": [2, 2, 2, 2], ""acc"": -13.5, ""vel"": 56.15, ""pos"": 1285.4, ""error"": 49.27491114999963}, {""pair"": [2, 2, 2, 2], ""acc"": -13.5, ""vel"": 56.15, ""pos"": 1285.4, ""error"": 49.27491114999963}], [{""pair"": [2, 2, 2, 2], ""acc"": -13.5, ""vel"": 56.15, ""pos"": 1285.4, ""error"": 49.27491114999963}, {""pair"": [2, 2, 2, 2], ""acc"": -13.5, ""vel"": 56.15, ""pos"": 1285.4, ""error"": 49.27491114999963}, {""pair"": [2, 2, 2, 2], ""acc"": -13.5, ""vel"": 56.15, ""pos"": 1285.4, ""error"": 49.27491114999963}, {""pair"": [2, 2, 2, 2], ""acc"": -13.5, ""vel"": 56.15, ""pos"": 1285.4, ""error"": 49.27491114999963}, {""pair"": [2, 2, 2, 2], ""acc"": -13.5, ""vel"": 56.15, ""pos"": 1285.4, ""error"": 49.27491114999963}, {""pair"": [2, 2, 2, 2], ""acc"": -13.5, ""vel"": 56.15, ""pos"": 1285.4, ""error"": 49.27491114999963}, {""pair"": [2, 2, 2, 2], ""acc"": -13.5, ""vel"": 56.15, ""pos"": 1285.4, ""error"": 49.27491114999963}, {""pair"": [2, 2, 2, 2], ""acc"": -13.5, ""vel"": 56.15, ""pos"": 1285.4, ""error"": 49.27491114999963}, {""pair"": [2, 2, 2, 2], ""acc"": -13.5, ""vel"": 56.15, ""pos"": 1285.4, ""error"": 49.27491114999963}, {""pair"": [2, 2, 2, 2], ""acc"": -13.5, ""vel"": 56.15, ""pos"": 1285.4, ""error"": 49.27491114999963}, {""pair"": [2, 2, 2, 2], ""acc"": -13.5, ""vel"": 56.15, ""pos"": 1285.4, ""error"": 49.27491114999963}, {""pair"": [2, 2, 2, 2], ""acc"": -13.5, ""vel"": 56.15, ""pos"": 1285.4, ""error"": 49.27491114999963}, {""pair"": [2, 2, 2, 2], ""acc"": -13.5, ""vel"": 56.15, ""pos"": 1285.4, ""error"": 49.27491114999963}, {""pair"": [2, 2, 2, 2], ""acc"": -13.5, ""vel"": 56.15, ""pos"": 1285.4, ""error"": 49.27491114999963}, {""pair"": [2, 2, 2, 2], ""acc"": -13.5, ""vel"": 56.15, ""pos"": 1285.4, ""error"": 49.27491114999963}, {""pair"": [2, 2, 2, 2], ""acc"": -13.5, ""vel"": 56.15, ""pos"": 1285.4, ""error"": 49.27491114999963}], [{""pair"": [2, 2, 2, 2], ""acc"": -13.5, ""vel"": 56.15, ""pos"": 1285.4, ""error"": 49.27491114999963}, {""pair"": [2, 2, 2, 2], ""acc"": -13.5, ""vel"": 56.15, ""pos"": 1285.4, ""error"": 49.27491114999963}, {""pair"": [2, 2, 2, 2], ""acc"": -13.5, ""vel"": 56.15, ""pos"": 1285.4, ""error"": 49.27491114999963}, {""pair"": [2, 2, 2, 2], ""acc"": -13.5, ""vel"": 56.15, ""pos"": 1285.4, ""error"": 49.27491114999963}, {""pair"": [2, 2, 2, 2], ""acc"": -13.5, ""vel"": 56.15, ""pos"": 1285.4, ""error"": 49.27491114999963}, {""pair"": [2, 2, 2, 2], ""acc"": -13.5, ""vel"": 56.15, ""pos"": 1285.4, ""error"": 49.27491114999963}, {""pair"": [2, 2, 2, 2], ""acc"": -13.5, ""vel"": 56.15, ""pos"": 1285.4, ""error"": 49.27491114999963}, {""pair"": [2, 2, 2, 2], ""acc"": -13.5, ""vel"": 56.15, ""pos"": 1285.4, ""error"": 49.27491114999963}, {""pair"": [2, 2, 2, 2], ""acc"": -13.5, ""vel"": 56.15, ""pos"": 1285.4, ""error"": 49.27491114999963}, {""pair"": [2, 2, 2, 2], ""acc"": -13.5, ""vel"": 56.15, ""pos"": 1285.4, ""error"": 49.27491114999963}, {""pair"": [2, 2, 2, 2], ""acc"": -13.5, ""vel"": 56.15, ""pos"": 1285.4, ""error"": 49.27491114999963}, {""pair"": [2, 2, 2, 2], ""acc"": -13.5, ""vel"": 56.15, ""pos"": 1285.4, ""error"": 49.27491114999963}, {""pair"": [2, 2, 2, 2], ""acc"": -13.5, ""vel"": 56.15, ""pos"": 1285.4, ""error"": 49.27491114999963}, {""pair"": [2, 2, 2, 2], ""acc"": -13.5, ""vel"": 56.15, ""pos"": 1285.4, ""error"": 49.27491114999963}, {""pair"": [2, 2, 2, 2], ""acc"": -13.5, ""vel"": 56.15, ""pos"": 1285.4, ""error"": 49.27491114999963}, {""pair"": [2, 2, 2, 2], ""acc"": -13.5, ""vel"": 56.15, ""pos"": 1285.4, ""error"": 49.27491114999963}], [{""pair"": [2, 2, 2, 2], ""acc"": -13.5, ""vel"": 56.15, ""pos"": 1285.4, ""error"": 49.27491114999963}, {""pair"": [2, 2, 2, 2], ""acc"": -13.5, ""vel"": 56.15, ""pos"": 1285.4, ""error"": 49.27491114999963}, {""pair"": [2, 2, 2, 2], ""acc"": -13.5, ""vel"": 56.15, ""pos"": 1285.4, ""error"": 49.27491114999963}, {""pair"": [2, 2, 2, 2], ""acc"": -13.5, ""vel"": 56.15, ""pos"": 1285.4, ""error"": 49.27491114999963}, {""pair"": [2, 2, 2, 2], ""acc"": -13.5, ""vel"": 56.15, ""pos"": 1285.4, ""error"": 49.27491114999963}, {""pair"": [2, 2, 2, 2], ""acc"": -13.5, ""vel"": 56.15, ""pos"": 1285.4, ""error"": 49.27491114999963}, {""pair"": [2, 2, 2, 2], ""acc"": -13.5, ""vel"": 56.15, ""pos"": 1285.4, ""error"": 49.27491114999963}, {""pair"": [2, 2, 2, 2], ""acc"": -13.5, ""vel"": 56.15, ""pos"": 1285.4, ""error"": 49.27491114999963}, {""pair"": [2, 2, 2, 2], ""acc"": -13.5, ""vel"": 56.15, ""pos"": 1285.4, ""error"": 49.27491114999963}, {""pair"": [2, 2, 2, 2], ""acc"": -13.5, ""vel"": 56.15, ""pos"": 1285.4, ""error"": 49.27491114999963}, {""pair"": [2, 2, 2, 2], ""acc"": -13.5, ""vel"": 56.15, ""pos"": 1285.4, ""error"": 49.27491114999963}, {""pair"": [2, 2, 2, 2], ""acc"": -13.5, ""vel"": 56.15, ""pos"": 1285.4, ""error"": 49.27491114999963}, {""pair"": [2, 2, 2, 2], ""acc"": -13.5, ""vel"": 56.15, ""pos"": 1285.4, ""error"": 49.27491114999963}, {""pair"": [2, 2, 2, 2], ""acc"": -13.5, ""vel"": 56.15, ""pos"": 1285.4, ""error"": 49.27491114999963}, {""pair"": [2, 2, 2, 2], ""acc"": -13.5, ""vel"": 56.15, ""pos"": 1285.4, ""error"": 49.27491114999963}, {""pair"": [2, 2, 2, 2], ""acc"": -13.5, ""vel"": 56.15, ""pos"": 1285.4, ""error"": 49.27491114999963}], [{""pair"": [2, 2, 2, 2], ""acc"": -13.5, ""vel"": 56.15, ""pos"": 1285.4, ""error"": 49.27491114999963}, {""pair"": [2, 2, 2, 2], ""acc"": -13.5, ""vel"": 56.15, ""pos"": 1285.4, ""error"": 49.27491114999963}, {""pair"": [2, 2, 2, 2], ""acc"": -13.5, ""vel"": 56.15, ""pos"": 1285.4, ""error"": 49.27491114999963}, {""pair"": [2, 2, 2, 2], ""acc"": -13.5, ""vel"": 56.15, ""pos"": 1285.4, ""error"": 49.27491114999963}, {""pair"": [2, 2, 2, 2], ""acc"": -13.5, ""vel"": 56.15, ""pos"": 1285.4, ""error"": 49.27491114999963}, {""pair"": [2, 2, 2, 2], ""acc"": -13.5, ""vel"": 56.15, ""pos"": 1285.4, ""error"": 49.27491114999963}, {""pair"": [2, 2, 2, 2], ""acc"": -13.5, ""vel"": 56.15, ""pos"": 1285.4, ""error"": 49.27491114999963}, {""pair"": [2, 2, 2, 2], ""acc"": -13.5, ""vel"": 56.15, ""pos"": 1285.4, ""error"": 49.27491114999963}, {""pair"": [2, 2, 2, 2], ""acc"": -13.5, ""vel"": 56.15, ""pos"": 1285.4, ""error"": 49.27491114999963}, {""pair"": [2, 2, 2, 2], ""acc"": -13.5, ""vel"": 56.15, ""pos"": 1285.4, ""error"": 49.27491114999963}, {""pair"": [2, 2, 2, 2], ""acc"": -13.5, ""vel"": 56.15, ""pos"": 1285.4, ""error"": 49.27491114999963}, {""pair"": [2, 2, 2, 2], ""acc"": -13.5, ""vel"": 56.15, ""pos"": 1285.4, ""error"": 49.27491114999963}, {""pair"": [2, 2, 2, 2], ""acc"": -13.5, ""vel"": 56.15, ""pos"": 1285.4, ""error"": 49.27491114999963}, {""pair"": [2, 2, 2, 2], ""acc"": -13.5, ""vel"": 56.15, ""pos"": 1285.4, ""error"": 49.27491114999963}, {""pair"": [2, 2, 2, 2], ""acc"": -13.5, ""vel"": 56.15, ""pos"": 1285.4, ""error"": 49.27491114999963}, {""pair"": [2, 2, 2, 2], ""acc"": -13.5, ""vel"": 56.15, ""pos"": 1285.4, ""error"": 49.27491114999963}]]","[[[2, 2, 2, 2], [-13.5, 56.15, 1285.4], 49.27491114999963], [[2, 2, 2, 2], [-13.5, 56.15, 1285.4], 49.27491114999963], [[2, 2, 2, 2], [-13.5, 56.15, 1285.4], 49.27491114999963], [[2, 2, 2, 2], [-13.5, 56.15, 1285.4], 49.27491114999963], [[2, 2, 2, 2], [-13.5, 56.15, 1285.4], 49.27491114999963], [[2, 2, 2, 2], [-13.5, 56.15, 1285.4], 49.27491114999963], [[2, 2, 2, 2], [-13.5, 56.15, 1285.4], 49.27491114999963], [[2, 2, 2, 2], [-13.5, 56.15, 1285.4], 49.27491114999963], [[2, 2, 2, 2], [-13.5, 56.15, 1285.4], 49.27491114999963], [[2, 2, 2, 2], [-13.5, 56.15, 1285.4], 49.27491114999963], [[2, 2, 2, 2], [-13.5, 56.15, 1285.4], 49.27491114999963], [[2, 2, 2, 2], [-13.5, 56.15, 1285.4], 49.27491114999963], [[2, 2, 2, 2], [-13.5, 56.15, 1285.4], 49.27491114999963], [[2, 2, 2, 2], [-13.5, 56.15, 1285.4], 49.27491114999963], [[2, 2, 2, 2], [-13.5, 56.15, 1285.4], 49.27491114999963], [[2, 2, 2, 2], [-13.5, 56.15, 1285.4], 49.27491114999963]]"
0.4,26.49,112.5,8.0,50.0,1699.2,-13.5,55.92,1286.4,"[{""pair"": [0, 0, 0, 0], ""acc"": -13.5, ""vel"": 55.92, ""pos"": 1286.4, ""error"": 0}]","[[0, 0, 0, 0]]",[],"[[[0, 0, 0, 0], [-13.5, 55.92, 1286.4], 0]]"
0.4,26.49,112.9,8.0,50.0,2353.2,-13.5,55.7,1287.3,"[{""pair"": [0, 0, 0, 0], ""acc"": -13.5, ""vel"": 55.7, ""pos"": 1287.3, ""error"": 0}]","[[0, 0, 0, 0]]",[],"[[[0, 0, 0, 0], [-13.5, 55.7, 1287.3], 0]]"
0.4,26.49,113.4,8.0,50.0,2303.0,-13.5,55.47,1288.2,"[{""pair"": [0, 0, 0, 0], ""acc"": -13.5, ""vel"": 55.47, ""pos"": 1288.2, ""error"": 0}]","[[0, 0, 0, 0]]",[],"[[[0, 0, 0, 0], [-13.5, 55.47, 1288.2], 0]]"
0.4,26.5,113.8,8.0,25.91,615.5,-13.5,55.24,1289.1,"[{""pair"": [0, 0, 0, 0], ""acc"": -13.5, ""vel"": 55.24, ""pos"": 1289.1, ""error"": 0}]","[[0, 0, 0, 0]]",[],"[[[0, 0, 0, 0], [-13.5, 55.24, 1289.1], 0]]"
0.4,26.5,114.3,8.0,50.0,1250.2,-13.5,55.02,1290.0,"[{""pair"": [0, 0, 0, 0], ""acc"": -13.5, ""vel"": 55.02, ""pos"": 1290.0, ""error"": 0}]","[[0, 0, 0, 0]]",[],"[[[0, 0, 0, 0], [-13.5, 55.02, 1290.0], 0]]"
0.4,26.5,114.7,-4.1,50.0,2627.4,-13.5,54.79,1290.9,"[{""pair"": [0, 0, 0, 0], ""acc"": -13.5, ""vel"": 54.79, ""pos"": 1290.9, ""error"": 0}]","[[0, 0, 0, 0]]",[],"[[[0, 0, 0, 0], [-13.5, 54.79, 1290.9], 0]]"
0.4,26.51,115.1,-8.0,13.85,3133.0,-13.5,54.56,1291.8,"[{""pair"": [0, 0, 0, 0], ""acc"": -13.5, ""vel"": 54.56, ""pos"": 1291.8, ""error"": 0}]","[[0, 0, 0, 0]]",[],"[[[0, 0, 0, 0], [-13.5, 54.56, 1291.8], 0]]"
0.4,26.51,115.6,8.0,13.1,2646.7,-13.5,54.34,1292.7,"[{""pair"": [0, 0, 0, 0], ""acc"": -13.5, ""vel"": 54.34, ""pos"": 1292.7, ""error"": 0}]","[[0, 0, 0, 0]]",[],"[[[0, 0, 0, 0], [-13.5, 54.34, 1292.7], 0]]"
0.4,26.51,116.0,3.2,50.0,44.9,-13.5,54.11,1293.6,"[{""pair"": [0, 0, 0, 0], ""acc"": -13.5, ""vel"": 54.11, ""pos"": 1293.6, ""error"": 0}]","[[0, 0, 0, 0]]",[],"[[[0, 0, 0, 0], [-13.5, 54.11, 1293.6], 0]]"
0.4,26.52,116.5,8.0,50.0,3104.7,-13.5,53.88,1294.5,"[{""pair"": [0, 0, 0, 0], ""acc"": -13.5, ""vel"": 53.88, ""pos"": 1294.5, ""error"": 0}]","[[0, 0, 0, 0]]",[],"[[[0, 0, 0, 0], [-13.5, 53.88, 1294.5], 0]]"
0.4,26.52,116.9,7.1,50.0,2477.3,7.1,124.52,2477.3,"[{""pair"": [3, 12, 1, 9], ""acc"": 7.1, ""vel"": 124.52, ""pos"": 2477.3, ""error"": 1252.7956479999993}, {""pair"": [3, 12, 0, 9], ""acc"": 6.7, ""vel"": 124.53, ""pos"": 2477.3, ""error"": 1252.8056479999993}, {""pair"": [3, 12, 2, 9], ""acc"": 7.1, ""vel"": 124.53, ""pos"": 2477.3, ""error"": 1252.8056479999993}, {""pair"": [1, 9, 1, 12], ""acc"": 7.1, ""vel"": 124.6, ""pos"": 2477.3, ""error"": 1252.8756479999993}, {""pair"": [0, 9, 1, 12], ""acc"": 6.7, ""vel"": 124.61, ""pos"": 2477.3, ""error"": 1252.8856479999995}, {""pair"": [3, 9, 1, 12], ""acc"": 7.1, ""vel"": 124.61, ""pos"": 2477.3, ""error"": 1252.8856479999995}, {""pair"": [2, 9, 1, 12], ""acc"": 7.1, ""vel"": 124.61, ""pos"": 2477.3, ""error"": 1252.8856479999995}]","[[3, 12, 1, 9], [3, 12, 0, 9], [3, 12, 2, 9], [1, 9, 1, 12], [0, 9, 1, 12], [3, 9, 1, 12], [2, 9, 1, 12]]","[[{""pair"": [3, 9, 0, 12], ""acc"": 10.3, ""vel"": 124.53, ""pos"": 2477.3, ""error"": 1252.8056479999993}], [{""pair"": [3, 9, 1, 12], ""acc"": 7.1, ""vel"": 124.61, ""pos"": 2477.3, ""error"": 1252.8856479999995}], [{""pair"": [3, 12, 0, 9], ""acc"": 6.7, ""vel"": 124.53, ""pos"": 2477.3, ""error"": 1252.8056479999993}], [{""pair"": [3, 12, 1, 9], ""acc"": 7.1, ""vel"": 124.52, ""pos"": 2477.3, ""error"": 1252.7956479999993}], [{""pair"": [3, 12, 2, 9], ""acc"": 7.1, ""vel"": 124.53, ""pos"": 2477.3, ""error"": 1252.8056479999993}], [{""pair"": [0, 9, 0, 12], ""acc"": 9.9, ""vel"": 124.53, ""pos"": 2477.3, ""error"": 1252.8056479999993}], [{""pair"": [0, 9, 1, 12], ""acc"": 6.7, ""vel"": 124.61, ""pos"": 2477.3, ""error"": 1252.8856479999995}], [{""pair"": [1, 9, 0, 12], ""acc"": 10.3, ""vel"": 124.52, ""pos"": 2477.3, ""error"": 1252.7956479999993}], [{""pair"": [1, 9, 1, 12], ""acc"": 7.1, ""vel"": 124.6, ""pos"": 2477.3, ""error"": 1252.8756479999993}], [{""pair"": [2, 9, 0, 12], ""acc"": 10.3, ""vel"": 124.53, ""pos"": 2477.3, ""error"": 1252.8056479999993}], [{""pair"": [2, 9, 1, 12], ""acc"": 7.1, ""vel"": 124.61, ""pos"": 2477.3, ""error"": 1252.8856479999995}]]","[[[3, 9, 0, 12], [10.3, 124.53, 2477.3], 1252.8056479999993], [[3, 9, 1, 12], [7.1, 124.61, 2477.3], 1252.8856479999995], [[3, 12, 0, 9], [6.7, 124.53, 2477.3], 1252.8056479999993], [[3, 12, 1, 9], [7.1, 124.52, 2477.3], 1252.7956479999993], [[3, 12, 2, 9], [7.1, 124.53, 2477.3], 1252.8056479999993], [[0, 9, 0, 12], [9.9, 124.53, 2477.3], 1252.8056479999993], [[0, 9, 1, 12], [6.7, 124.61, 2477.3], 1252.8856479999995], [[1, 9, 0, 12], [10.3, 124.52, 2477.3], 1252.7956479999993], [[1, 9, 1, 12], [7.1, 124.6, 2477.3], 1252.8756479999993], [[2, 9, 0, 12], [10.3, 124.53, 2477.3], 1252.8056479999993], [[2, 9, 1, 12], [7.1, 124.61, 2477.3], 1252.8856479999995]]"
0.4,26.52,117.3,8.0,5.99,2768.9,7.1,124.64,2479.4,"[{""pair"": [0, 0, 0, 0], ""acc"": 7.1, ""vel"": 124.64, ""pos"": 2479.4, ""error"": 0}]","[[0, 0, 0, 0]]",[],"[[[0, 0, 0, 0], [7.1, 124.64, 2479.4], 0]]"
0.4,26.53,117.8,-8.0,50.0,2184.4,7.1,124.76,2481.5,"[{""pair"": [0, 0, 0, 0], ""acc"": 7.1, ""vel"": 124.76, ""pos"": 2481.5, ""error"": 0}]","[[0, 0, 0, 0]]",[],"[[[0, 0, 0, 0], [7.1, 124.76, 2481.5], 0]]"
0.4,26.53,118.2,8.0,50.0,811.3,7.1,124.87,2483.5,"[{""pair"": [0, 0, 0, 0], ""acc"": 7.1, ""vel"": 124.87, ""pos"": 2483.5, ""error"": 0}]","[[0, 0, 0, 0]]",[],"[[[0, 0, 0, 0], [7.1, 124.87, 2483.5], 0]]"
0.4,26.53,118.7,3.2,50.0,1866.3,7.1,124.99,2485.6,"[{""pair"": [0, 0, 0, 0], ""acc"": 7.1, ""vel"": 124.99, ""pos"": 2485.6, ""error"": 0}]","[[0, 0, 0, 0]]",[],"[[[0, 0, 0, 0], [7.1, 124.99, 2485.6], 0]]"
0.4,26.54,119.1,-5.6,45.48,1420.6,7.1,125.11,2487.7,"[{""pair"": [0, 0, 0, 0], ""acc"": 7.1, ""vel"": 125.11, ""pos"": 2487.7, ""error"": 0}]","[[0, 0, 0, 0]]",[],"[[[0, 0, 0, 0], [7.1, 125.11, 2487.7], 0]]"
0.4,26.54,119.6,-8.0,50.0,854.4,7.1,125.22,2489.7,"[{""pair"": [0, 0, 0, 0], ""acc"": 7.1, ""vel"": 125.22, ""pos"": 2489.7, ""error"": 0}]","[[0, 0, 0, 0]]",[],"[[[0, 0, 0, 0], [7.1, 125.22, 2489.7], 0]]"
0.4,26.54,120.0,-8.0,36.69,44.1,7.1,125.34,2491.8,"[{""pair"": [0, 0, 0, 0], ""acc"": 7.1, ""vel"": 125.34, ""pos"": 2491.8, ""error"": 0}]","[[0, 0, 0, 0]]",[],"[[[0, 0, 0, 0], [7.1, 125.34, 2491.8], 0]]"
0.4,26.55,120.4,8.0,50.0,1478.0,7.1,125.46,2493.9,"[{""pair"": [0, 0, 0, 0], ""acc"": 7.1, ""vel"": 125.46, ""pos"": 2493.9, ""error"": 0}]","[[0, 0, 0, 0]]",[],"[[[0, 0, 0, 0], [7.1, 125.46, 2493.9], 0]]"
0.4,26.55,120.9,8.0,50.0,3041.6,7.1,125.57,2495.9,"[{""pair"": [0, 0, 0, 0], ""acc"": 7.1, ""vel"": 125.57, ""pos"": 2495.9, ""error"": 0}]","[[0, 0, 0, 0]]",[],"[[[0, 0, 0, 0], [7.1, 125.57, 2495.9], 0]]"
0.3,26.55,121.3,-8.0,40.86,324.6,7.1,125.69,2498.0,"[{""pair"": [0, 0, 0, 0], ""acc"": 7.1, ""vel"": 125.69, ""pos"": 2498.0, ""error"": 0}]","[[0, 0, 0, 0]]",[],"[[[0, 0, 0, 0], [7.1, 125.69, 2498.0], 0]]"
0.3,26.56,121.8,8.0,15.38,3070.3,7.1,125.81,2500.1,"[{""pair"": [0, 0, 0, 0], ""acc"": 7.1, ""vel"": 125.81, ""pos"": 2500.1, ""error"": 0}]","[[0, 0, 0, 0]]",[],"[[[0, 0, 0, 0], [7.1, 125.81, 2500.1], 0]]"
0.3,26.56,122.2,8.0,50.0,97.7,7.1,125.92,2502.1,"[{""pair"": [0, 0, 0, 0], ""acc"": 7.1, ""vel"": 125.92, ""pos"": 2502.1, ""error"": 0}]","[[0, 0, 0, 0]]",[],"[[[0, 0, 0, 0], [7.1, 125.92, 2502.1], 0]]"
0.3,26.56,122.6,-8.0,50.0,2625.6,7.1,126.04,2504.2,"[{""pair"": [0, 0, 0, 0], ""acc"": 7.1, ""vel"": 126.04, ""pos"": 2504.2, ""error"": 0}]","[[0, 0, 0, 0]]",[],"[[[0, 0, 0, 0], [7.1, 126.04, 2504.2], 0]]"
0.3,26.57,123.1,7.3,28.0,1700.3,7.1,126.16,2506.3,"[{""pair"": [0, 0, 0, 0], ""acc"": 7.1, ""vel"": 126.16, ""pos"": 2506.3, ""error"": 0}]","[[0, 0, 0, 0]]",[],"[[[0, 0, 0, 0], [7.1, 126.16, 2506.3], 0]]"
0.3,26.57,123.6,-2.2,50.0,2486.6,7.1,126.27,2508.3,"[{""pair"": [0, 0, 0, 0], ""acc"": 7.1, ""vel"": 126.27, ""pos"": 2508.3, ""error"": 0}]","[[0, 0, 0, 0]]",[],"[[[0, 0, 0, 0], [7.1, 126.27, 2508.3], 0]]"
0.3,26.57,124.0,8.0,26.4,1578.3,7.1,126.39,2510.4,"[{""pair"": [0, 0, 0, 0], ""acc"": 7.1, ""vel"": 126.39, ""pos"": 2510.4, ""error"": 0}]","[[0, 0, 0, 0]]",[],"[[[0, 0, 0, 0], [7.1, 126.39, 2510.4], 0]]"
0.3,26.58,124.4,-8.0,50.0,2869.6,7.1,126.51,2512.5,"[{""pair"": [0, 0, 0, 0], ""acc"": 7.1, ""vel"": 126.51, ""pos"": 2512.5, ""error"": 0}]","[[0, 0, 0, 0]]",[],"[[[0, 0, 0, 0], [7.1, 126.51, 2512.5], 0]]"
0.3,26.58,124.9,-7.7,50.0,1767.5,7.1,126.62,2514.5,"[{""pair"": [0, 0, 0, 0], ""acc"": 7.1, ""vel"": 126.62, ""pos"": 2514.5, ""error"": 0}]","[[0, 0, 0, 0]]",[],"[[[0, 0, 0, 0], [7.1, 126.62, 2514.5], 0]]"
0.3,26.58,125.3,-8.0,50.0,504.2,7.1,126.74,2516.7,"[{""pair"": [0, 0, 0, 0], ""acc"": 7.1, ""vel"": 126.74, ""pos"": 2516.7, ""error"": 0}]","[[0, 0, 0, 0]]",[],"[[[0, 0, 0, 0], [7.1, 126.74, 2516.7], 0]]"
0.3,26.58,125.8,8.0,50.0,1537.2,7.1,126.86,2518.9,"[{""pair"": [0, 0, 0, 0], ""acc"": 7.1, ""vel"": 126.86, ""pos"": 2518.9, ""error"": 0}]","[[0, 0, 0, 0]]",[],"[[[0, 0, 0, 0], [7.1, 126.86, 2518.9], 0]]"
0.3,26.59,126.2,8.0,50.0,2064.8,7.1,126.97,2520.9,"[{""pair"": [0, 0, 0, 0], ""acc"": 7.1, ""vel"": 126.97, ""pos"": 2520.9, ""error"": 0}]","[[0, 0, 0, 0]]",[],"[[[0, 0, 0, 0], [7.1, 126.97, 2520.9], 0]]"
0.3,26.59,126.6,8.0,32.32,469.3,7.1,127.09,2523.1,"[{""pair"": [0, 0, 0, 0], ""acc"": 7.1, ""vel"": 127.09, ""pos"": 2523.1, ""error"": 0}]","[[0, 0, 0, 0]]",[],"[[[0, 0, 0, 0], [7.1, 127.09, 2523.1], 0]]"
0.3,26.59,127.1,8.0,50.0,1374.2,7.1,127.21,2525.3,"[{""pair"": [0, 0, 0, 0], ""acc"": 7.1, ""vel"": 127.21, ""pos"": 2525.3, ""error"": 0}]","[[0, 0, 0, 0]]",[],"[[[0, 0, 0, 0], [7.1, 127.21, 2525.3], 0]]"
0.3,26.59,127.5,8.0,50.0,819.6,6.5,96.44,870.8,"[{""pair"": [1, 3, 0, 14], ""acc"": 6.5, ""vel"": 96.44, ""pos"": 870.8, ""error"": 1687.419868800003}, {""pair"": [2, 3, 0, 14], ""acc"": 6.5, ""vel"": 96.44, ""pos"": 819.6, ""error"": 1738.6198688000031}]","[[1, 3, 0, 14], [2, 3, 0, 14]]","[[{""pair"": [1, 3, 0, 14], ""acc"": 6.5, ""vel"": 96.44, ""pos"": 870.8, ""error"": 1687.419868800003}], [{""pair"": [1, 3, 1, 14], ""acc"": 19.3, ""vel"": 96.12, ""pos"": 870.8, ""error"": 1687.739868800003}], [{""pair"": [2, 3, 0, 14], ""acc"": 6.5, ""vel"": 96.44, ""pos"": 819.6, ""error"": 1738.6198688000031}], [{""pair"": [2, 3, 1, 14], ""acc"": 19.3, ""vel"": 96.12, ""pos"": 819.6, ""error"": 1738.939868800003}]]","[[[1, 3, 0, 14], [6.5, 96.44, 870.8], 1687.419868800003], [[1, 3, 1, 14], [19.3, 96.12, 870.8], 1687.739868800003], [[2, 3, 0, 14], [6.5, 96.44, 819.6], 1738.6198688000031], [[2, 3, 1, 14], [19.3, 96.12, 819.6], 1738.939868800003]]"
0.3,26.6,128.0,-8.0,50.0,2523.1,6.5,96.55,872.4,"[{""pair"": [0, 0, 0, 0], ""acc"": 6.5, ""vel"": 96.55, ""pos"": 872.4, ""error"": 0}]","[[0, 0, 0, 0]]",[],"[[[0, 0, 0, 0], [6.5, 96.55, 872.4], 0]]"
0.3,26.6,128.4,-2.5,8.09,2028.9,6.5,96.66,874.0,"[{""pair"": [0, 0, 0, 0], ""acc"": 6.5, ""vel"": 96.66, ""pos"": 874.0, ""error"": 0}]","[[0, 0, 0, 0]]",[],"[[[0, 0, 0, 0], [6.5, 96.66, 874.0], 0]]"
0.3,26.6,128.9,-8.0,30.46,254.8,6.5,96.76,875.5,"[{""pair"": [0, 0, 0, 0], ""acc"": 6.5, ""vel"": 96.76, ""pos"": 875.5, ""error"": 0}]","[[0, 0, 0, 0]]",[],"[[[0, 0, 0, 0], [6.5, 96.76, 875.5], 0]]"
0.3,26.6,129.3,-8.0,10.81,2579.2,6.5,96.87,877.1,"[{""pair"": [0, 0, 0, 0], ""acc"": 6.5, ""vel"": 96.87, ""pos"": 877.1, ""error"": 0}]","[[0, 0, 0, 0]]",[],"[[[0, 0, 0, 0], [6.5, 96.87, 877.1], 0]]"
0.3,26.6,129.70000000000002,-8.0,50.0,105.9,6.5,96.98,878.7,"[{""pair"": [0, 0, 0, 0], ""acc"": 6.5, ""vel"": 96.98, ""pos"": 878.7, ""error"": 0}]","[[0, 0, 0, 0]]",[],"[[[0, 0, 0, 0], [6.5, 96.98, 878.7], 0]]"
0.3,26.6,130.20000000000002,-8.0,50.0,211.5,6.5,97.08,880.3,"[{""pair"": [0, 0, 0, 0], ""acc"": 6.5, ""vel"": 97.08, ""pos"": 880.3, ""error"": 0}]","[[0, 0, 0, 0]]",[],"[[[0, 0, 0, 0], [6.5, 97.08, 880.3], 0]]"
0.3,26.6,130.6,8.0,21.27,1634.9,6.5,97.19,882.0,"[{""pair"": [0, 0, 0, 0], ""acc"": 6.5, ""vel"": 97.19, ""pos"": 882.0, ""error"": 0}]","[[0, 0, 0, 0]]",[],"[[[0, 0, 0, 0], [6.5, 97.19, 882.0], 0]]"
0.3,26.6,131.1,-8.0,50.0,2709.4,6.5,97.3,883.7,"[{""pair"": [0, 0, 0, 0], ""acc"": 6.5, ""vel"": 97.3, ""pos"": 883.7, ""error"": 0}]","[[0, 0, 0, 0]]",[],"[[[0, 0, 0, 0], [6.5, 97.3, 883.7], 0]]"
0.3,26.6,131.5,-8.0,8.39,618.3,6.5,97.4,885.3,"[{""pair"": [0, 0, 0, 0], ""acc"": 6.5, ""vel"": 97.4, ""pos"": 885.3, ""error"": 0}]","[[0, 0, 0, 0]]",[],"[[[0, 0, 0, 0], [6.5, 97.4, 885.3], 0]]"
0.3,26.61,132.0,-8.0,50.0,2087.8,6.5,97.51,887.0,"[{""pair"": [0, 0, 0, 0], ""acc"": 6.5, ""vel"": 97.51, ""pos"": 887.0, ""error"": 0}]","[[0, 0, 0, 0]]",[],"[[[0, 0, 0, 0], [6.5, 97.51, 887.0], 0]]"
0.3,26.61,132.4,-8.0,50.0,2918.7,6.5,97.62,888.7,"[{""pair"": [0, 0, 0, 0], ""acc"": 6.5, ""vel"": 97.62, ""pos"": 888.7, ""error"": 0}]","[[0, 0, 0, 0]]",[],"[[[0, 0, 0, 0], [6.5, 97.62, 888.7], 0]]"
0.2,26.61,132.9,-8.0,2.26,3244.4,6.5,97.72,890.3,"[{""pair"": [0, 0, 0, 0], ""acc"": 6.5, ""vel"": 97.72, ""pos"": 890.3, ""error"": 0}]","[[0, 0, 0, 0]]",[],"[[[0, 0, 0, 0], [6.5, 97.72, 890.3], 0]]"
0.2,26.61,133.3,-8.0,50.0,393.2,6.5,97.83,892.0,"[{""pair"": [0, 0, 0, 0], ""acc"": 6.5, ""vel"": 97.83, ""pos"": 892.0, ""error"": 0}]","[[0, 0, 0, 0]]",[],"[[[0, 0, 0, 0], [6.5, 97.83, 892.0], 0]]"
0.2,26.61,133.70000000000002,8.0,8.19,2888.1,6.5,97.94,893.7,"[{""pair"": [0, 0, 0, 0], ""acc"": 6.5, ""vel"": 97.94, ""pos"": 893.7, ""error"": 0}]","[[0, 0, 0, 0]]",[],"[[[0, 0, 0, 0], [6.5, 97.94, 893.7], 0]]"
0.2,26.61,134.20000000000002,-8.0,50.0,2108.7,6.5,98.04,895.3,"[{""pair"": [0, 0, 0, 0], ""acc"": 6.5, ""vel"": 98.04, ""pos"": 895.3, ""error"": 0}]","[[0, 0, 0, 0]]",[],"[[[0, 0, 0, 0], [6.5, 98.04, 895.3], 0]]"
0.2,26.6,134.6,8.0,24.85,2057.7,6.5,98.15,897.0,"[{""pair"": [0, 0, 0, 0], ""acc"": 6.5, ""vel"": 98.15, ""pos"": 897.0, ""error"": 0}]","[[0, 0, 0, 0]]",[],"[[[0, 0, 0, 0], [6.5, 98.15, 897.0], 0]]"
0.2,26.6,135.1,-8.0,50.0,2515.4,6.5,98.26,898.7,"[{""pair"": [0, 0, 0, 0], ""acc"": 6.5, ""vel"": 98.26, ""pos"": 898.7, ""error"": 0}]","[[0, 0, 0, 0]]",[],"[[[0, 0, 0, 0], [6.5, 98.26, 898.7], 0]]"
0.2,26.6,135.5,-8.0,37.97,1964.2,6.5,98.36,900.3,"[{""pair"": [0, 0, 0, 0], ""acc"": 6.5, ""vel"": 98.36, ""pos"": 900.3, ""error"": 0}]","[[0, 0, 0, 0]]",[],"[[[0, 0, 0, 0], [6.5, 98.36, 900.3], 0]]"
0.2,26.6,135.9,8.0,4.86,2616.0,6.5,98.47,902.0,"[{""pair"": [0, 0, 0, 0], ""acc"": 6.5, ""vel"": 98.47, ""pos"": 902.0, ""error"": 0}]","[[0, 0, 0, 0]]",[],"[[[0, 0, 0, 0], [6.5, 98.47, 902.0], 0]]"
0.2,26.6,136.4,5.1,50.0,1890.9,6.5,98.58,903.7,"[{""pair"": [0, 0, 0, 0], ""acc"": 6.5, ""vel"": 98.58, ""pos"": 903.7, ""error"": 0}]","[[0, 0, 0, 0]]",[],"[[[0, 0, 0, 0], [6.5, 98.58, 903.7], 0]]"
0.2,26.6,136.8,-8.0,50.0,638.3,6.5,98.68,905.3,"[{""pair"": [0, 0, 0, 0], ""acc"": 6.5, ""vel"": 98.68, ""pos"": 905.3, ""error"": 0}]","[[0, 0, 0, 0]]",[],"[[[0, 0, 0, 0], [6.5, 98.68, 905.3], 0]]"
0.2,26.6,137.3,3.2,13.2,2099.8,6.5,98.79,907.0,"[{""pair"": [0, 0, 0, 0], ""acc"": 6.5, ""vel"": 98.79, ""pos"": 907.0, ""error"": 0}]","[[0, 0, 0, 0]]",[],"[[[0, 0, 0, 0], [6.5, 98.79, 907.0], 0]]"
0.2,26.6,137.70000000000002,-8.0,49.76,1505.5,-16.4,49.76,1505.5,"[{""pair"": [2, 3, 2, 3], ""acc"": -16.4, ""vel"": 49.76, ""pos"": 1505.5, ""error"": 645.9601307500004}, {""pair"": [2, 3, 2, 3], ""acc"": -16.4, ""vel"": 49.76, ""pos"": 1505.5, ""error"": 645.9601307500004}, {""pair"": [2, 3, 2, 3], ""acc"": -16.4, ""vel"": 49.76, ""pos"": 1505.5, ""error"": 645.9601307500004}, {""pair"": [2, 3, 2, 3], ""acc"": -16.4, ""vel"": 49.76, ""pos"": 1505.5, ""error"": 645.9601307500004}, {""pair"": [2, 3, 2, 3], ""acc"": -16.4, ""vel"": 49.76, ""pos"": 1505.5, ""error"": 645.9601307500004}, {""pair"": [2, 3, 2, 3], ""acc"": -16.4, ""vel"": 49.76, ""pos"": 1505.5, ""error"": 645.9601307500004}, {""pair"": [2, 3, 2, 3], ""acc"": -16.4, ""vel"": 49.76, ""pos"": 1505.5, ""error"": 645.9601307500004}, {""pair"": [2, 3, 2, 3], ""acc"": -16.4, ""vel"": 49.76, ""pos"": 1505.5, ""error"": 645.9601307500004}, {""pair"": [2, 3, 2, 3], ""acc"": -16.4, ""vel"": 49.76, ""pos"": 1505.5, ""error"": 645.9601307500004}, {""pair"": [2, 3, 2, 3], ""acc"": -16.4, ""vel"": 49.76, ""pos"": 1505.5, ""error"": 645.9601307500004}, {""pair"": [2, 3, 2, 3], ""acc"": -16.4, ""vel"": 49.76, ""pos"": 1505.5, ""error"": 645.9601307500004}, {""pair"": [2, 3, 2, 3], ""acc"": -16.4, ""vel"": 49.76, ""pos"": 1505.5, ""error"": 645.9601307500004}, {""pair"": [2, 3, 2, 3], ""acc"": -16.4, ""vel"": 49.76, ""pos"": 1505.5, ""error"": 645.9601307500004}, {""pair"": [2, 3, 2, 3], ""acc"": -16.4, ""vel"": 49.76, ""pos"": 1505.5, ""error"": 645.9601307500004}, {""pair"": [2, 3, 2, 3], ""acc"": -16.4, ""vel"": 49.76, ""pos"": 1505.5, ""error"": 645.9601307500004}, {""pair"": [2, 3, 2, 3], ""acc"": -16.4, ""vel"": 49.76, ""pos"": 1505.5, ""error"": 645.9601307500004}]","[[2, 3, 2, 3], [2, 3, 2, 3], [2, 3, 2, 3], [2, 3, 2, 3], [2, 3, 2, 3], [2, 3, 2, 3], [2, 3, 2, 3], [2, 3, 2, 3], [2, 3, 2, 3], [2, 3, 2, 3], [2, 3, 2, 3], [2, 3, 2, 3], [2, 3, 2, 3], [2, 3, 2, 3], [2, 3, 2, 3], [2, 3, 2, 3]]","[[{""pair"": [2, 3, 2, 3], ""acc"": -16.4, ""vel"": 49.76, ""pos"": 1505.5, ""error"": 645.9601307500004}], [{""pair"": [2, 3, 2, 3], ""acc"": -16.4, ""vel"": 49.76, ""pos"": 1505.5, ""error"": 645.9601307500004}], [{""pair"": [2, 3, 2, 3], ""acc"": -16.4, ""vel"": 49.76, ""pos"": 1505.5, ""error"": 645.9601307500004}], [{""pair"": [2, 3, 2, 3], ""acc"": -16.4, ""vel"": 49.76, ""pos"": 1505.5, ""error"": 645.9601307500004}], [{""pair"": [2, 3, 2, 3], ""acc"": -16.4, ""vel"": 49.76, ""pos"": 1505.5, ""error"": 645.9601307500004}], [{""pair"": [2, 3, 2, 3], ""acc"": -16.4, ""vel"": 49.76, ""pos"": 1505.5, ""error"": 645.9601307500004}], [{""pair"": [2, 3, 2, 3], ""acc"": -16.4, ""vel"": 49.76, ""pos"": 1505.5, ""error"": 645.9601307500004}], [{""pair"": [2, 3, 2, 3], ""acc"": -16.4, ""vel"": 49.76, ""pos"": 1505.5, ""error"": 645.9601307500004}], [{""pair"": [2, 3, 2, 3], ""acc"": -16.4, ""vel"": 49.76, ""pos"": 1505.5, ""error"": 645.9601307500004}], [{""pair"": [2, 3, 2, 3], ""acc"": -16.4, ""vel"": 49.76, ""pos"": 1505.5, ""error"": 645.9601307500004}], [{""pair"": [2, 3, 2, 3], ""acc"": -16.4, ""vel"": 49.76, ""pos"": 1505.5, ""error"": 645.9601307500004}], [{""pair"": [2, 3, 2, 3], ""acc"": -16.4, ""vel"": 49.76, ""pos"": 1505.5, ""error"": 645.9601307500004}], [{""pair"": [2, 3, 2, 3], ""acc"": -16.4, ""vel"": 49.76, ""pos"": 1505.5, ""error"": 645.9601307500004}], [{""pair"": [2, 3, 2, 3], ""acc"": -16.4, ""vel"": 49.76, ""pos"": 1505.5, ""error"": 645.9601307500004}], [{""pair"": [2, 3, 2, 3], ""acc"": -16.4, ""vel"": 49.76, ""pos"": 1505.5, ""error"": 645.9601307500004}], [{""pair"": [2, 3, 2, 3], ""acc"": -16.4, ""vel"": 49.76, ""pos"": 1505.5, ""error"": 645.9601307500004}]]","[[[2, 3, 2, 3], [-16.4, 49.76, 1505.5], 645.9601307500004], [[2, 3, 2, 3], [-16.4, 49.76, 1505.5], 645.9601307500004], [[2, 3, 2, 3], [-16.4, 49.76, 1505.5], 645.9601307500004], [[2, 3, 2, 3], [-16.4, 49.76, 1505.5], 645.9601307500004], [[2, 3, 2, 3], [-16.4, 49.76, 1505.5], 645.9601307500004], [[2, 3, 2, 3], [-16.4, 49.76, 1505.5], 645.9601307500004], [[2, 3, 2, 3], [-16.4, 49.76, 1505.5], 645.9601307500004], [[2, 3, 2, 3], [-16.4, 49.76, 1505.5], 645.9601307500004], [[2, 3, 2, 3], [-16.4, 49.76, 1505.5], 645.9601307500004], [[2, 3, 2, 3], [-16.4, 49.76, 1505.5], 645.9601307500004], [[2, 3, 2, 3], [-16.4, 49.76, 1505.5], 645.9601307500004], [[2, 3, 2, 3], [-16.4, 49.76, 1505.5], 645.9601307500004], [[2, 3, 2, 3], [-16.4, 49.76, 1505.5], 645.9601307500004], [[2, 3, 2, 3], [-16.4, 49.76, 1505.5], 645.9601307500004], [[2, 3, 2, 3], [-16.4, 49.76, 1505.5], 645.9601307500004], [[2, 3, 2, 3], [-16.4, 49.76, 1505.5], 645.9601307500004]]"
0.2,26.6,138.20000000000002,8.0,50.0,2544.3,-16.4,49.5,1506.3,"[{""pair"": [0, 0, 0, 0], ""acc"": -16.4, ""vel"": 49.5, ""pos"": 1506.3, ""error"": 0}]","[[0, 0, 0, 0]]",[],"[[[0, 0, 0, 0], [-16.4, 49.5, 1506.3], 0]]"
0.2,26.6,138.6,-8.0,50.0,3263.9,-16.4,49.22,1507.1,"[{""pair"": [0, 0, 0, 0], ""acc"": -16.4, ""vel"": 49.22, ""pos"": 1507.1, ""error"": 0}]","[[0, 0, 0, 0]]",[],"[[[0, 0, 0, 0], [-16.4, 49.22, 1507.1], 0]]"
0.2,26.59,139.1,-8.0,50.0,2951.9,-16.4,48.94,1507.9,"[{""pair"": [0, 0, 0, 0], ""acc"": -16.4, ""vel"": 48.94, ""pos"": 1507.9, ""error"": 0}]","[[0, 0, 0, 0]]",[],"[[[0, 0, 0, 0], [-16.4, 48.94, 1507.9], 0]]"
0.2,26.59,139.5,5.3,50.0,2315.1,-16.4,48.68,1508.7,"[{""pair"": [0, 0, 0, 0], ""acc"": -16.4, ""vel"": 48.68, ""pos"": 1508.7, ""error"": 0}]","[[0, 0, 0, 0]]",[],"[[[0, 0, 0, 0], [-16.4, 48.68, 1508.7], 0]]"
0.2,26.59,139.9,8.0,50.0,1573.3,-16.4,48.4,1509.5,"[{""pair"": [0, 0, 0, 0], ""acc"": -16.4, ""vel"": 48.4, ""pos"": 1509.5, ""error"": 0}]","[[0, 0, 0, 0]]",[],"[[[0, 0, 0, 0], [-16.4, 48.4, 1509.5], 0]]"
0.2,26.59,140.4,-8.0,50.0,2883.9,-16.4,48.12,1510.3,"[{""pair"": [0, 0, 0, 0], ""acc"": -16.4, ""vel"": 48.12, ""pos"": 1510.3, ""error"": 0}]","[[0, 0, 0, 0]]",[],"[[[0, 0, 0, 0], [-16.4, 48.12, 1510.3], 0]]"
0.2,26.59,140.8,-8.0,50.0,372.9,-16.4,47.86,1511.1,"[{""pair"": [0, 0, 0, 0], ""acc"": -16.4, ""vel"": 47.86, ""pos"": 1511.1, ""error"": 0}]","[[0, 0, 0, 0]]",[],"[[[0, 0, 0, 0], [-16.4, 47.86, 1511.1], 0]]"
0.2,26.58,141.3,-7.7,50.0,1633.1,-7.7,141.7,1633.1,"[{""pair"": [2, 2, 2, 2], ""acc"": -7.7, ""vel"": 141.7, ""pos"": 1633.1, ""error"": 215.3075498}, {""pair"": [2, 2, 2, 2], ""acc"": -7.7, ""vel"": 141.7, ""pos"": 1633.1, ""error"": 215.3075498}, {""pair"": [2, 2, 2, 2], ""acc"": -7.7, ""vel"": 141.7, ""pos"": 1633.1, ""error"": 215.3075498}, {""pair"": [2, 2, 2, 2], ""acc"": -7.7, ""vel"": 141.7, ""pos"": 1633.1, ""error"": 215.3075498}, {""pair"": [2, 2, 2, 2], ""acc"": -7.7, ""vel"": 141.7, ""pos"": 1633.1, ""error"": 215.3075498}, {""pair"": [2, 2, 2, 2], ""acc"": -7.7, ""vel"": 141.7, ""pos"": 1633.1, ""error"": 215.3075498}, {""pair"": [2, 2, 2, 2], ""acc"": -7.7, ""vel"": 141.7, ""pos"": 1633.1, ""error"": 215.3075498}, {""pair"": [2, 2, 2, 2], ""acc"": -7.7, ""vel"": 141.7, ""pos"": 1633.1, ""error"": 215.3075498}, {""pair"": [2, 2, 2, 2], ""acc"": -7.7, ""vel"": 141.7, ""pos"": 1633.1, ""error"": 215.3075498}, {""pair"": [2, 2, 2, 2], ""acc"": -7.7, ""vel"": 141.7, ""pos"": 1633.1, ""error"": 215.3075498}, {""pair"": [2, 2, 2, 2], ""acc"": -7.7, ""vel"": 141.7, ""pos"": 1633.1, ""error"": 215.3075498}, {""pair"": [2, 2, 2, 2], ""acc"": -7.7, ""vel"": 141.7, ""pos"": 1633.1, ""error"": 215.3075498}, {""pair"": [2, 2, 2, 2], ""acc"": -7.7, ""vel"": 141.7, ""pos"": 1633.1, ""error"": 215.3075498}, {""pair"": [2, 2, 2, 2], ""acc"": -7.7, ""vel"": 141.7, ""pos"": 1633.1, ""error"": 215.3075498}, {""pair"": [2, 2, 2, 2], ""acc"": -7.7, ""vel"": 141.7, ""pos"": 1633.1, ""error"": 215.3075498}, {""pair"": [2, 2, 2, 2], ""acc"": -7.7, ""vel"": 141.7, ""pos"": 1633.1, ""error"": 215.3075498}]","[[2, 2, 2, 2], [2, 2, 2, 2], [2, 2, 2, 2], [2, 2, 2, 2], [2, 2, 2, 2], [2, 2, 2, 2], [2, 2, 2, 2], [2, 2, 2, 2], [2, 2, 2, 2], [2, 2, 2, 2], [2, 2, 2, 2], [2, 2, 2, 2], [2, 2, 2, 2], [2, 2, 2, 2], [2, 2, 2, 2], [2, 2, 2, 2]]","[[{""pair"": [2, 2, 2, 2], ""acc"": -7.7, ""vel"": 141.7, ""pos"": 1633.1, ""error"": 215.3075498}], [{""pair"": [2, 2, 2, 2], ""acc"": -7.7, ""vel"": 141.7, ""pos"": 1633.1, ""error"": 215.3075498}], [{""pair"": [2, 2, 2, 2], ""acc"": -7.7, ""vel"": 141.7, ""pos"": 1633.1, ""error"": 215.3075498}], [{""pair"": [2, 2, 2, 2], ""acc"": -7.7, ""vel"": 141.7, ""pos"": 1633.1, ""error"": 215.3075498}], [{""pair"": [2, 2, 2, 2], ""acc"": -7.7, ""vel"": 141.7, ""pos"": 1633.1, ""error"": 215.3075498}], [{""pair"": [2, 2, 2, 2], ""acc"": -7.7, ""vel"": 141.7, ""pos"": 1633.1, ""error"": 215.3075498}], [{""pair"": [2, 2, 2, 2], ""acc"": -7.7, ""vel"": 141.7, ""pos"": 1633.1, ""error"": 215.3075498}], [{""pair"": [2, 2, 2, 2], ""acc"": -7.7, ""vel"": 141.7, ""pos"": 1633.1, ""error"": 215.3075498}], [{""pair"": [2, 2, 2, 2], ""acc"": -7.7, ""vel"": 141.7, ""pos"": 1633.1, ""error"": 215.3075498}], [{""pair"": [2, 2, 2, 2], ""acc"": -7.7, ""vel"": 141.7, ""pos"": 1633.1, ""error"": 215.3075498}], [{""pair"": [2, 2, 2, 2], ""acc"": -7.7, ""vel"": 141.7, ""pos"": 1633.1, ""error"": 215.3075498}], [{""pair"": [2, 2, 2, 2], ""acc"": -7.7, ""vel"": 141.7, ""pos"": 1633.1, ""error"": 215.3075498}], [{""pair"": [2, 2, 2, 2], ""acc"": -7.7, ""vel"": 141.7, ""pos"": 1633.1, ""error"": 215.3075498}], [{""pair"": [2, 2, 2, 2], ""acc"": -7.7, ""vel"": 141.7, ""pos"": 1633.1, ""error"": 215.3075498}], [{""pair"": [2, 2, 2, 2], ""acc"": -7.7, ""vel"": 141.7, ""pos"": 1633.1, ""error"": 215.3075498}], [{""pair"": [2, 2, 2, 2], ""acc"": -7.7, ""vel"": 141.7, ""pos"": 1633.1, ""error"": 215.3075498}]]","[[[2, 2, 2, 2], [-7.7, 141.7, 1633.1], 215.3075498], [[2, 2, 2, 2], [-7.7, 141.7, 1633.1], 215.3075498], [[2, 2, 2, 2], [-7.7, 141.7, 1633.1], 215.3075498], [[2, 2, 2, 2], [-7.7, 141.7, 1633.1], 215.3075498], [[2, 2, 2, 2], [-7.7, 141.7, 1633.1], 215.3075498], [[2, 2, 2, 2], [-7.7, 141.7, 1633.1], 215.3075498], [[2, 2, 2, 2], [-7.7, 141.7, 1633.1], 215.3075498], [[2, 2, 2, 2], [-7.7, 141.7, 1633.1], 215.3075498], [[2, 2, 2, 2], [-7.7, 141.7, 1633.1], 215.3075498], [[2, 2, 2, 2], [-7.7, 141.7, 1633.1], 215.3075498], [[2, 2, 2, 2], [-7.7, 141.7, 1633.1], 215.3075498], [[2, 2, 2, 2], [-7.7, 141.7, 1633.1], 215.3075498], [[2, 2, 2, 2], [-7.7, 141.7, 1633.1], 215.3075498], [[2, 2, 2, 2], [-7.7, 141.7, 1633.1], 215.3075498], [[2, 2, 2, 2], [-7.7, 141.7, 1633.1], 215.3075498], [[2, 2, 2, 2], [-7.7, 141.7, 1633.1], 215.3075498]]"
0.2,26.58,141.70000000000002,8.0,25.72,469.4,-7.7,141.57,1635.5,"[{""pair"": [0, 0, 0, 0], ""acc"": -7.7, ""vel"": 141.57, ""pos"": 1635.5, ""error"": 0}]","[[0, 0, 0, 0]]",[],"[[[0, 0, 0, 0], [-7.7, 141.57, 1635.5], 0]]"
0.2,26.58,142.20000000000002,8.0,50.0,1422.8,-7.7,141.45,1637.8,"[{""pair"": [0, 0, 0, 0], ""acc"": -7.7, ""vel"": 141.45, ""pos"": 1637.8, ""error"": 0}]","[[0, 0, 0, 0]]",[],"[[[0, 0, 0, 0], [-7.7, 141.45, 1637.8], 0]]"
0.2,26.58,142.6,-8.0,24.99,1500.2,-7.7,141.32,1640.2,"[{""pair"": [0, 0, 0, 0], ""acc"": -7.7, ""vel"": 141.32, ""pos"": 1640.2, ""error"": 0}]","[[0, 0, 0, 0]]",[],"[[[0, 0, 0, 0], [-7.7, 141.32, 1640.2], 0]]"
0.2,26.57,143.0,8.0,33.21,997.7,15.7,33.21,997.7,"[{""pair"": [1, 2, 1, 2], ""acc"": 15.7, ""vel"": 33.21, ""pos"": 997.7, ""error"": 752.8804273499993}, {""pair"": [1, 2, 1, 2], ""acc"": 15.7, ""vel"": 33.21, ""pos"": 997.7, ""error"": 752.8804273499993}, {""pair"": [1, 2, 1, 2], ""acc"": 15.7, ""vel"": 33.21, ""pos"": 997.7, ""error"": 752.8804273499993}, {""pair"": [1, 2, 1, 2], ""acc"": 15.7, ""vel"": 33.21, ""pos"": 997.7, ""error"": 752.8804273499993}, {""pair"": [1, 2, 1, 2], ""acc"": 15.7, ""vel"": 33.21, ""pos"": 997.7, ""error"": 752.8804273499993}, {""pair"": [1, 2, 1, 2], ""acc"": 15.7, ""vel"": 33.21, ""pos"": 997.7, ""error"": 752.8804273499993}, {""pair"": [1, 2, 1, 2], ""acc"": 15.7, ""vel"": 33.21, ""pos"": 997.7, ""error"": 752.8804273499993}, {""pair"": [1, 2, 1, 2], ""acc"": 15.7, ""vel"": 33.21, ""pos"": 997.7, ""error"": 752.8804273499993}, {""pair"": [1, 2, 1, 2], ""acc"": 15.7, ""vel"": 33.21, ""pos"": 997.7, ""error"": 752.8804273499993}, {""pair"": [1, 2, 1, 2], ""acc"": 15.7, ""vel"": 33.21, ""pos"": 997.7, ""error"": 752.8804273499993}, {""pair"": [1, 2, 1, 2], ""acc"": 15.7, ""vel"": 33.21, ""pos"": 997.7, ""error"": 752.8804273499993}, {""pair"": [1, 2, 1, 2], ""acc"": 15.7, ""vel"": 33.21, ""pos"": 997.7, ""error"": 752.8804273499993}, {""pair"": [1, 2, 1, 2], ""acc"": 15.7, ""vel"": 33.21, ""pos"": 997.7, ""error"": 752.8804273499993}, {""pair"": [1, 2, 1, 2], ""acc"": 15.7, ""vel"": 33.21, ""pos"": 997.7, ""error"": 752.8804273499993}, {""pair"": [1, 2, 1, 2], ""acc"": 15.7, ""vel"": 33.21, ""pos"": 997.7, ""error"": 752.8804273499993}, {""pair"": [1, 2, 1, 2], ""acc"": 15.7, ""vel"": 33.21, ""pos"": 997.7, ""error"": 752.8804273499993}]","[[1, 2, 1, 2], [1, 2, 1, 2], [1, 2, 1, 2], [1, 2, 1, 2], [1, 2, 1, 2], [1, 2, 1, 2], [1, 2, 1, 2], [1, 2, 1, 2], [1, 2, 1, 2], [1, 2, 1, 2], [1, 2, 1, 2], [1, 2, 1, 2], [1, 2, 1, 2], [1, 2, 1, 2], [1, 2, 1, 2], [1, 2, 1, 2]]","[[{""pair"": [1, 2, 1, 2], ""acc"": 15.7, ""vel"": 33.21, ""pos"": 997.7, ""error"": 752.8804273499993}], [{""pair"": [1, 2, 1, 2], ""acc"": 15.7, ""vel"": 33.21, ""pos"": 997.7, ""error"": 752.8804273499993}], [{""pair"": [1, 2, 1, 2], ""acc"": 15.7, ""vel"": 33.21, ""pos"": 997.7, ""error"": 752.8804273499993}], [{""pair"": [1, 2, 1, 2], ""acc"": 15.7, ""vel"": 33.21, ""pos"": 997.7, ""error"": 752.8804273499993}], [{""pair"": [1, 2, 1, 2], ""acc"": 15.7, ""vel"": 33.21, ""pos"": 997.7, ""error"": 752.8804273499993}], [{""pair"": [1, 2, 1, 2], ""acc"": 15.7, ""vel"": 33.21, ""pos"": 997.7, ""error"": 752.8804273499993}], [{""pair"": [1, 2, 1, 2], ""acc"": 15.7, ""vel"": 33.21, ""pos"": 997.7, ""error"": 752.8804273499993}], [{""pair"": [1, 2, 1, 2], ""acc"": 15.7, ""vel"": 33.21, ""pos"": 997.7, ""error"": 752.8804273499993}], [{""pair"": [1, 2, 1, 2], ""acc"": 15.7, ""vel"": 33.21, ""pos"": 997.7, ""error"": 752.8804273499993}], [{""pair"": [1, 2, 1, 2], ""acc"": 15.7, ""vel"": 33.21, ""pos"": 997.7, ""error"": 752.8804273499993}], [{""pair"": [1, 2, 1, 2], ""acc"": 15.7, ""vel"": 33.21, ""pos"": 997.7, ""error"": 752.8804273499993}], [{""pair"": [1, 2, 1, 2], ""acc"": 15.7, ""vel"": 33.21, ""pos"": 997.7, ""error"": 752.8804273499993}], [{""pair"": [1, 2, 1, 2], ""acc"": 15.7, ""vel"": 33.21, ""pos"": 997.7, ""error"": 752.8804273499993}], [{""pair"": [1, 2, 1, 2], ""acc"": 15.7, ""vel"": 33.21, ""pos"": 997.7, ""error"": 752.8804273499993}], [{""pair"": [1, 2, 1, 2], ""acc"": 15.7, ""vel"": 33.21, ""pos"": 997.7, ""error"": 752.8804273499993}], [{""pair"": [1, 2, 1, 2], ""acc"": 15.7, ""vel"": 33.21, ""pos"": 997.7, ""error"": 752.8804273499993}]]","[[[1, 2, 1, 2], [15.7, 33.21, 997.7], 752.8804273499993], [[1, 2, 1, 2], [15.7, 33.21, 997.7], 752.8804273499993], [[1, 2, 1, 2], [15.7, 33.21, 997.7], 752.8804273499993], [[1, 2, 1, 2], [15.7, 33.21, 997.7], 752.8804273499993], [[1, 2, 1, 2], [15.7, 33.21, 997.7], 752.8804273499993], [[1, 2, 1, 2], [15.7, 33.21, 997.7], 752.8804273499993], [[1, 2, 1, 2], [15.7, 33.21, 997.7], 752.8804273499993], [[1, 2, 1, 2], [15.7, 33.21, 997.7], 752.8804273499993], [[1, 2, 1, 2], [15.7, 33.21, 997.7], 752.8804273499993], [[1, 2, 1, 2], [15.7, 33.21, 997.7], 752.8804273499993], [[1, 2, 1, 2], [15.7, 33.21, 997.7], 752.8804273499993], [[1, 2, 1, 2], [15.7, 33.21, 997.7], 752.8804273499993], [[1, 2, 1, 2], [15.7, 33.21, 997.7], 752.8804273499993], [[1, 2, 1, 2], [15.7, 33.21, 997.7], 752.8804273499993], [[1, 2, 1, 2], [15.7, 33.21, 997.7], 752.8804273499993], [[1, 2, 1, 2], [15.7, 33.21, 997.7], 752.8804273499993]]"
0.2,26.57,143.5,1.2,45.68,2489.5,15.7,33.46,998.2,"[{""pair"": [0, 0, 0, 0], ""acc"": 15.7, ""vel"": 33.46, ""pos"": 998.2, ""error"": 0}]","[[0, 0, 0, 0]]",[],"[[[0, 0, 0, 0], [15.7, 33.46, 998.2], 0]]"
0.2,26.57,143.9,6.2,50.0,2790.0,15.7,33.73,998.8,"[{""pair"": [0, 0, 0, 0], ""acc"": 15.7, ""vel"": 33.73, ""pos"": 998.8, ""error"": 0}]","[[0, 0, 0, 0]]",[],"[[[0, 0, 0, 0], [15.7, 33.73, 998.8], 0]]"
0.2,26.56,144.4,-8.0,50.0,1083.3,15.7,34.0,999.4,"[{""pair"": [0, 0, 0, 0], ""acc"": 15.7, ""vel"": 34.0, ""pos"": 999.4, ""error"": 0}]","[[0, 0, 0, 0]]",[],"[[[0, 0, 0, 0], [15.7, 34.0, 999.4], 0]]"
0.1,26.56,144.8,8.0,50.0,2337.1,15.7,34.25,999.9,"[{""pair"": [0, 0, 0, 0], ""acc"": 15.7, ""vel"": 34.25, ""pos"": 999.9, ""error"": 0}]","[[0, 0, 0, 0]]",[],"[[[0, 0, 0, 0], [15.7, 34.25, 999.9], 0]]"
0.1,26.55,145.3,-8.0,50.0,323.5,15.7,34.52,1000.5,"[{""pair"": [0, 0, 0, 0], ""acc"": 15.7, ""vel"": 34.52, ""pos"": 1000.5, ""error"": 0}]","[[0, 0, 0, 0]]",[],"[[[0, 0, 0, 0], [15.7, 34.52, 1000.5], 0]]"
0.1,26.55,145.70000000000002,-2.1,36.8,920.2,15.7,34.79,1001.1,"[{""pair"": [0, 0, 0, 0], ""acc"": 15.7, ""vel"": 34.79, ""pos"": 1001.1, ""error"": 0}]","[[0, 0, 0, 0]]",[],"[[[0, 0, 0, 0], [15.7, 34.79, 1001.1], 0]]"
0.1,26.54,146.20000000000002,-8.0,50.0,1047.2,15.7,35.04,1001.7,"[{""pair"": [0, 0, 0, 0], ""acc"": 15.7, ""vel"": 35.04, ""pos"": 1001.7, ""error"": 0}]","[[0, 0, 0, 0]]",[],"[[[0, 0, 0, 0], [15.7, 35.04, 1001.7], 0]]"
0.1,26.54,146.6,-4.3,40.62,2945.3,15.7,35.31,1002.3,"[{""pair"": [0, 0, 0, 0], ""acc"": 15.7, ""vel"": 35.31, ""pos"": 1002.3, ""error"": 0}]","[[0, 0, 0, 0]]",[],"[[[0, 0, 0, 0], [15.7, 35.31, 1002.3], 0]]"
0.1,26.54,147.0,-8.0,50.0,737.7,15.7,35.58,1002.9,"[{""pair"": [0, 0, 0, 0], ""acc"": 15.7, ""vel"": 35.58, ""pos"": 1002.9, ""error"": 0}]","[[0, 0, 0, 0]]",[],"[[[0, 0, 0, 0], [15.7, 35.58, 1002.9], 0]]"
0.1,26.53,147.5,8.0,31.63,838.3,15.7,35.83,1003.5,"[{""pair"": [0, 0, 0, 0], ""acc"": 15.7, ""vel"": 35.83, ""pos"": 1003.5, ""error"": 0}]","[[0, 0, 0, 0]]",[],"[[[0, 0, 0, 0], [15.7, 35.83, 1003.5], 0]]"
0.1,26.52,147.9,-2.0,50.0,1594.6,15.7,36.1,1004.1,"[{""pair"": [0, 0, 0, 0], ""acc"": 15.7, ""vel"": 36.1, ""pos"": 1004.1, ""error"": 0}]","[[0, 0, 0, 0]]",[],"[[[0, 0, 0, 0], [15.7, 36.1, 1004.1], 0]]"
0.1,26.52,148.4,8.0,50.0,877.3,15.7,36.37,1004.7,"[{""pair"": [0, 0, 0, 0], ""acc"": 15.7, ""vel"": 36.37, ""pos"": 1004.7, ""error"": 0}]","[[0, 0, 0, 0]]",[],"[[[0, 0, 0, 0], [15.7, 36.37, 1004.7], 0]]"
0.1,26.51,148.8,3.4,50.0,194.6,15.7,36.62,1005.3,"[{""pair"": [0, 0, 0, 0], ""acc"": 15.7, ""vel"": 36.62, ""pos"": 1005.3, ""error"": 0}]","[[0, 0, 0, 0]]",[],"[[[0, 0, 0, 0], [15.7, 36.62, 1005.3], 0]]"
0.1,26.51,149.20000000000002,8.0,24.92,1058.1,15.7,36.89,1005.9,"[{""pair"": [0, 0, 0, 0], ""acc"": 15.7, ""vel"": 36.89, ""pos"": 1005.9, ""error"": 0}]","[[0, 0, 0, 0]]",[],"[[[0, 0, 0, 0], [15.7, 36.89, 1005.9], 0]]"
0.1,26.5,149.70000000000002,8.0,50.0,1419.0,13.7,152.64,1419.0,"[{""pair"": [2, 2, 2, 2], ""acc"": 13.7, ""vel"": 152.64, ""pos"": 1419.0, ""error"": 527.9537013500002}, {""pair"": [2, 2, 2, 2], ""acc"": 13.7, ""vel"": 152.64, ""pos"": 1419.0, ""error"": 527.9537013500002}, {""pair"": [2, 2, 2, 2], ""acc"": 13.7, ""vel"": 152.64, ""pos"": 1419.0, ""error"": 527.9537013500002}, {""pair"": [2, 2, 2, 2], ""acc"": 13.7, ""vel"": 152.64, ""pos"": 1419.0, ""error"": 527.9537013500002}, {""pair"": [2, 2, 2, 2], ""acc"": 13.7, ""vel"": 152.64, ""pos"": 1419.0, ""error"": 527.9537013500002}, {""pair"": [2, 2, 2, 2], ""acc"": 13.7, ""vel"": 152.64, ""pos"": 1419.0, ""error"": 527.9537013500002}, {""pair"": [2, 2, 2, 2], ""acc"": 13.7, ""vel"": 152.64, ""pos"": 1419.0, ""error"": 527.9537013500002}, {""pair"": [2, 2, 2, 2], ""acc"": 13.7, ""vel"": 152.64, ""pos"": 1419.0, ""error"": 527.9537013500002}, {""pair"": [2, 2, 2, 2], ""acc"": 13.7, ""vel"": 152.64, ""pos"": 1419.0, ""error"": 527.9537013500002}, {""pair"": [2, 2, 2, 2], ""acc"": 13.7, ""vel"": 152.64, ""pos"": 1419.0, ""error"": 527.9537013500002}, {""pair"": [2, 2, 2, 2], ""acc"": 13.7, ""vel"": 152.64, ""pos"": 1419.0, ""error"": 527.9537013500002}, {""pair"": [2, 2, 2, 2], ""acc"": 13.7, ""vel"": 152.64, ""pos"": 1419.0, ""error"": 527.9537013500002}, {""pair"": [2, 2, 2, 2], ""acc"": 13.7, ""vel"": 152.64, ""pos"": 1419.0, ""error"": 527.9537013500002}, {""pair"": [2, 2, 2, 2], ""acc"": 13.7, ""vel"": 152.64, ""pos"": 1419.0, ""error"": 527.9537013500002}, {""pair"": [2, 2, 2, 2], ""acc"": 13.7, ""vel"": 152.64, ""pos"": 1419.0, ""error"": 527.9537013500002}, {""pair"": [2, 2, 2, 2], ""acc"": 13.7, ""vel"": 152.64, ""pos"": 1419.0, ""error"": 527.9537013500002}]","[[2, 2, 2, 2], [2, 2, 2, 2], [2, 2, 2, 2], [2, 2, 2, 2], [2, 2, 2, 2], [2, 2, 2, 2], [2, 2, 2, 2], [2, 2, 2, 2], [2, 2, 2, 2], [2, 2, 2, 2], [2, 2, 2, 2], [2, 2, 2, 2], [2, 2, 2, 2], [2, 2, 2, 2], [2, 2, 2, 2], [2, 2, 2, 2]]","[[{""pair"": [2, 2, 2, 2], ""acc"": 13.7, ""vel"": 152.64, ""pos"": 1419.0, ""error"": 527.9537013500002}], [{""pair"": [2, 2, 2, 2], ""acc"": 13.7, ""vel"": 152.64, ""pos"": 1419.0, ""error"": 527.9537013500002}], [{""pair"": [2, 2, 2, 2], ""acc"": 13.7, ""vel"": 152.64, ""pos"": 1419.0, ""error"": 527.9537013500002}], [{""pair"": [2, 2, 2, 2], ""acc"": 13.7, ""vel"": 152.64, ""pos"": 1419.0, ""error"": 527.9537013500002}], [{""pair"": [2, 2, 2, 2], ""acc"": 13.7, ""vel"": 152.64, ""pos"": 1419.0, ""error"": 527.9537013500002}], [{""pair"": [2, 2, 2, 2], ""acc"": 13.7, ""vel"": 152.64, ""pos"": 1419.0, ""error"": 527.9537013500002}], [{""pair"": [2, 2, 2, 2], ""acc"": 13.7, ""vel"": 152.64, ""pos"": 1419.0, ""error"": 527.9537013500002}], [{""pair"": [2, 2, 2, 2], ""acc"": 13.7, ""vel"": 152.64, ""pos"": 1419.0, ""error"": 527.9537013500002}], [{""pair"": [2, 2, 2, 2], ""acc"": 13.7, ""vel"": 152.64, ""pos"": 1419.0, ""error"": 527.9537013500002}], [{""pair"": [2, 2, 2, 2], ""acc"": 13.7, ""vel"": 152.64, ""pos"": 1419.0, ""error"": 527.9537013500002}], [{""pair"": [2, 2, 2, 2], ""acc"": 13.7, ""vel"": 152.64, ""pos"": 1419.0, ""error"": 527.9537013500002}], [{""pair"": [2, 2, 2, 2], ""acc"": 13.7, ""vel"": 152.64, ""pos"": 1419.0, ""error"": 527.9537013500002}], [{""pair"": [2, 2, 2, 2], ""acc"": 13.7, ""vel"": 152.64, ""pos"": 1419.0, ""error"": 527.9537013500002}], [{""pair"": [2, 2, 2, 2], ""acc"": 13.7, ""vel"": 152.64, ""pos"": 1419.0, ""error"": 527.9537013500002}], [{""pair"": [2, 2, 2, 2], ""acc"": 13.7, ""vel"": 152.64, ""pos"": 1419.0, ""error"": 527.9537013500002}], [{""pair"": [2, 2, 2, 2], ""acc"": 13.7, ""vel"": 152.64, ""pos"": 1419.0, ""error"": 527.9537013500002}]]","[[[2, 2, 2, 2], [13.7, 152.64, 1419.0], 527.9537013500002], [[2, 2, 2, 2], [13.7, 152.64, 1419.0], 527.9537013500002], [[2, 2, 2, 2], [13.7, 152.64, 1419.0], 527.9537013500002], [[2, 2, 2, 2], [13.7, 152.64, 1419.0], 527.9537013500002], [[2, 2, 2, 2], [13.7, 152.64, 1419.0], 527.9537013500002], [[2, 2, 2, 2], [13.7, 152.64, 1419.0], 527.9537013500002], [[2, 2, 2, 2], [13.7, 152.64, 1419.0], 527.9537013500002], [[2, 2, 2, 2], [13.7, 152.64, 1419.0], 527.9537013500002], [[2, 2, 2, 2], [13.7, 152.64, 1419.0], 527.9537013500002], [[2, 2, 2, 2], [13.7, 152.64, 1419.0], 527.9537013500002], [[2, 2, 2, 2], [13.7, 152.64, 1419.0], 527.9537013500002], [[2, 2, 2, 2], [13.7, 152.64, 1419.0], 527.9537013500002], [[2, 2, 2, 2], [13.7, 152.64, 1419.0], 527.9537013500002], [[2, 2, 2, 2], [13.7, 152.64, 1419.0], 527.9537013500002], [[2, 2, 2, 2], [13.7, 152.64, 1419.0], 527.9537013500002], [[2, 2, 2, 2], [13.7, 152.64, 1419.0], 527.9537013500002]]"
0.1,26.49,150.1,-8.0,50.0,723.3,13.7,152.86,1421.4,"[{""pair"": [0, 0, 0, 0], ""acc"": 13.7, ""vel"": 152.86, ""pos"": 1421.4, ""error"": 0}]","[[0, 0, 0, 0]]",[],"[[[0, 0, 0, 0], [13.7, 152.86, 1421.4], 0]]"
0.1,26.49,150.6,-8.0,50.0,1159.0,13.7,153.09,1424.0,"[{""pair"": [0, 0, 0, 0], ""acc"": 13.7, ""vel"": 153.09, ""pos"": 1424.0, ""error"": 0}]","[[0, 0, 0, 0]]",[],"[[[0, 0, 0, 0], [13.7, 153.09, 1424.0], 0]]"
0.1,26.48,151.0,8.0,33.44,525.5,13.7,153.32,1426.6,"[{""pair"": [0, 0, 0, 0], ""acc"": 13.7, ""vel"": 153.32, ""pos"": 1426.6, ""error"": 0}]","[[0, 0, 0, 0]]",[],"[[[0, 0, 0, 0], [13.7, 153.32, 1426.6], 0]]"
0.1,26.47,151.5,8.0,50.0,760.6,13.7,153.54,1429.1,"[{""pair"": [0, 0, 0, 0], ""acc"": 13.7, ""vel"": 153.54, ""pos"": 1429.1, ""error"": 0}]","[[0, 0, 0, 0]]",[],"[[[0, 0, 0, 0], [13.7, 153.54, 1429.1], 0]]"
0.1,26.47,151.9,4.2,50.0,1541.4,13.7,153.77,1431.7,"[{""pair"": [0, 0, 0, 0], ""acc"": 13.7, ""vel"": 153.77, ""pos"": 1431.7, ""error"": 0}]","[[0, 0, 0, 0]]",[],"[[[0, 0, 0, 0], [13.7, 153.77, 1431.7], 0]]"
0.1,26.46,152.3,8.0,50.0,1804.1,13.7,154.0,1434.3,"[{""pair"": [0, 0, 0, 0], ""acc"": 13.7, ""vel"": 154.0, ""pos"": 1434.3, ""error"": 0}]","[[0, 0, 0, 0]]",[],"[[[0, 0, 0, 0], [13.7, 154.0, 1434.3], 0]]"
0.1,26.45,152.8,-8.0,50.0,2807.0,13.7,154.22,1436.8,"[{""pair"": [0, 0, 0, 0], ""acc"": 13.7, ""vel"": 154.22, ""pos"": 1436.8, ""error"": 0}]","[[0, 0, 0, 0]]",[],"[[[0, 0, 0, 0], [13.7, 154.22, 1436.8], 0]]"
0.1,26.45,153.20000000000002,8.0,50.0,1242.3,13.7,154.45,1439.4,"[{""pair"": [0, 0, 0, 0], ""acc"": 13.7, ""vel"": 154.45, ""pos"": 1439.4, ""error"": 0}]","[[0, 0, 0, 0]]",[],"[[[0, 0, 0, 0], [13.7, 154.45, 1439.4], 0]]"
0.1,26.44,153.70000000000002,8.0,50.0,2235.2,13.7,154.68,1442.0,"[{""pair"": [0, 0, 0, 0], ""acc"": 13.7, ""vel"": 154.68, ""pos"": 1442.0, ""error"": 0}]","[[0, 0, 0, 0]]",[],"[[[0, 0, 0, 0], [13.7, 154.68, 1442.0], 0]]"
0.1,26.43,154.10000000000002,-8.0,50.0,282.2,13.7,154.9,1444.5,"[{""pair"": [0, 0, 0, 0], ""acc"": 13.7, ""vel"": 154.9, ""pos"": 1444.5, ""error"": 0}]","[[0, 0, 0, 0]]",[],"[[[0, 0, 0, 0], [13.7, 154.9, 1444.5], 0]]"
0.1,26.43,154.5,-8.0,50.0,2188.7,-21.5,81.86,2188.7,"[{""pair"": [2, 3, 2, 3], ""acc"": -21.5, ""vel"": 81.86, ""pos"": 2188.7, ""error"": 814.8376203500004}, {""pair"": [2, 3, 2, 3], ""acc"": -21.5, ""vel"": 81.86, ""pos"": 2188.7, ""error"": 814.8376203500004}, {""pair"": [2, 3, 2, 3], ""acc"": -21.5, ""vel"": 81.86, ""pos"": 2188.7, ""error"": 814.8376203500004}, {""pair"": [2, 3, 2, 3], ""acc"": -21.5, ""vel"": 81.86, ""pos"": 2188.7, ""error"": 814.8376203500004}, {""pair"": [2, 3, 2, 3], ""acc"": -21.5, ""vel"": 81.86, ""pos"": 2188.7, ""error"": 814.8376203500004}, {""pair"": [2, 3, 2, 3], ""acc"": -21.5, ""vel"": 81.86, ""pos"": 2188.7, ""error"": 814.8376203500004}, {""pair"": [2, 3, 2, 3], ""acc"": -21.5, ""vel"": 81.86, ""pos"": 2188.7, ""error"": 814.8376203500004}, {""pair"": [2, 3, 2, 3], ""acc"": -21.5, ""vel"": 81.86, ""pos"": 2188.7, ""error"": 814.8376203500004}, {""pair"": [2, 3, 2, 3], ""acc"": -21.5, ""vel"": 81.86, ""pos"": 2188.7, ""error"": 814.8376203500004}, {""pair"": [2, 3, 2, 3], ""acc"": -21.5, ""vel"": 81.86, ""pos"": 2188.7, ""error"": 814.8376203500004}, {""pair"": [2, 3, 2, 3], ""acc"": -21.5, ""vel"": 81.86, ""pos"": 2188.7, ""error"": 814.8376203500004}, {""pair"": [2, 3, 2, 3], ""acc"": -21.5, ""vel"": 81.86, ""pos"": 2188.7, ""error"": 814.8376203500004}, {""pair"": [2, 3, 2, 3], ""acc"": -21.5, ""vel"": 81.86, ""pos"": 2188.7, ""error"": 814.8376203500004}, {""pair"": [2, 3, 2, 3], ""acc"": -21.5, ""vel"": 81.86, ""pos"": 2188.7, ""error"": 814.8376203500004}, {""pair"": [2, 3, 2, 3], ""acc"": -21.5, ""vel"": 81.86, ""pos"": 2188.7, ""error"": 814.8376203500004}, {""pair"": [2, 3, 2, 3], ""acc"": -21.5, ""vel"": 81.86, ""pos"": 2188.7, ""error"": 814.8376203500004}]","[[2, 3, 2, 3], [2, 3, 2, 3], [2, 3, 2, 3], [2, 3, 2, 3], [2, 3, 2, 3], [2, 3, 2, 3], [2, 3, 2, 3], [2, 3, 2, 3], [2, 3, 2, 3], [2, 3, 2, 3], [2, 3, 2, 3], [2, 3, 2, 3], [2, 3, 2, 3], [2, 3, 2, 3], [2, 3, 2, 3], [2, 3, 2, 3]]","[[{""pair"": [2, 3, 2, 3], ""acc"": -21.5, ""vel"": 81.86, ""pos"": 2188.7, ""error"": 814.8376203500004}], [{""pair"": [2, 3, 2, 3], ""acc"": -21.5, ""vel"": 81.86, ""pos"": 2188.7, ""error"": 814.8376203500004}], [{""pair"": [2, 3, 2, 3], ""acc"": -21.5, ""vel"": 81.86, ""pos"": 2188.7, ""error"": 814.8376203500004}], [{""pair"": [2, 3, 2, 3], ""acc"": -21.5, ""vel"": 81.86, ""pos"": 2188.7, ""error"": 814.8376203500004}], [{""pair"": [2, 3, 2, 3], ""acc"": -21.5, ""vel"": 81.86, ""pos"": 2188.7, ""error"": 814.8376203500004}], [{""pair"": [2, 3, 2, 3], ""acc"": -21.5, ""vel"": 81.86, ""pos"": 2188.7, ""error"": 814.8376203500004}], [{""pair"": [2, 3, 2, 3], ""acc"": -21.5, ""vel"": 81.86, ""pos"": 2188.7, ""error"": 814.8376203500004}], [{""pair"": [2, 3, 2, 3], ""acc"": -21.5, ""vel"": 81.86, ""pos"": 2188.7, ""error"": 814.8376203500004}], [{""pair"": [2, 3, 2, 3], ""acc"": -21.5, ""vel"": 81.86, ""pos"": 2188.7, ""error"": 814.8376203500004}], [{""pair"": [2, 3, 2, 3], ""acc"": -21.5, ""vel"": 81.86, ""pos"": 2188.7, ""error"": 814.8376203500004}], [{""pair"": [2, 3, 2, 3], ""acc"": -21.5, ""vel"": 81.86, ""pos"": 2188.7, ""error"": 814.8376203500004}], [{""pair"": [2, 3, 2, 3], ""acc"": -21.5, ""vel"": 81.86, ""pos"": 2188.7, ""error"": 814.8376203500004}], [{""pair"": [2, 3, 2, 3], ""acc"": -21.5, ""vel"": 81.86, ""pos"": 2188.7, ""error"": 814.8376203500004}], [{""pair"": [2, 3, 2, 3], ""acc"": -21.5, ""vel"": 81.86, ""pos"": 2188.7, ""error"": 814.8376203500004}], [{""pair"": [2, 3, 2, 3], ""acc"": -21.5, ""vel"": 81.86, ""pos"": 2188.7, ""error"": 814.8376203500004}], [{""pair"": [2, 3, 2, 3], ""acc"": -21.5, ""vel"": 81.86, ""pos"": 2188.7, ""error"": 814.8376203500004}]]","[[[2, 3, 2, 3], [-21.5, 81.86, 2188.7], 814.8376203500004], [[2, 3, 2, 3], [-21.5, 81.86, 2188.7], 814.8376203500004], [[2, 3, 2, 3], [-21.5, 81.86, 2188.7], 814.8376203500004], [[2, 3, 2, 3], [-21.5, 81.86, 2188.7], 814.8376203500004], [[2, 3, 2, 3], [-21.5, 81.86, 2188.7], 814.8376203500004], [[2, 3, 2, 3], [-21.5, 81.86, 2188.7], 814.8376203500004], [[2, 3, 2, 3], [-21.5, 81.86, 2188.7], 814.8376203500004], [[2, 3, 2, 3], [-21.5, 81.86, 2188.7], 814.8376203500004], [[2, 3, 2, 3], [-21.5, 81.86, 2188.7], 814.8376203500004], [[2, 3, 2, 3], [-21.5, 81.86, 2188.7], 814.8376203500004], [[2, 3, 2, 3], [-21.5, 81.86, 2188.7], 814.8376203500004], [[2, 3, 2, 3], [-21.5, 81.86, 2188.7], 814.8376203500004], [[2, 3, 2, 3], [-21.5, 81.86, 2188.7], 814.8376203500004], [[2, 3, 2, 3], [-21.5, 81.86, 2188.7], 814.8376203500004], [[2, 3, 2, 3], [-21.5, 81.86, 2188.7], 814.8376203500004], [[2, 3, 2, 3], [-21.5, 81.86, 2188.7], 814.8376203500004]]"
0.1,26.42,155.0,-8.0,50.0,1245.5,-21.5,81.49,2190.1,"[{""pair"": [0, 0, 0, 0], ""acc"": -21.5, ""vel"": 81.49, ""pos"": 2190.1, ""error"": 0}]","[[0, 0, 0, 0]]",[],"[[[0, 0, 0, 0], [-21.5, 81.49, 2190.1], 0]]"
0.1,26.42,155.4,8.0,1.07,1931.9,-21.5,81.15,2191.4,"[{""pair"": [0, 0, 0, 0], ""acc"": -21.5, ""vel"": 81.15, ""pos"": 2191.4, ""error"": 0}]","[[0, 0, 0, 0]]",[],"[[[0, 0, 0, 0], [-21.5, 81.15, 2191.4], 0]]"
0.2,26.41,155.8,-8.0,50.0,1540.3,-21.5,80.78,2192.8,"[{""pair"": [0, 0, 0, 0], ""acc"": -21.5, ""vel"": 80.78, ""pos"": 2192.8, ""error"": 0}]","[[0, 0, 0, 0]]",[],"[[[0, 0, 0, 0], [-21.5, 80.78, 2192.8], 0]]"
0.1,26.41,156.3,3.3,26.82,1080.5,-21.5,80.41,2194.2,"[{""pair"": [0, 0, 0, 0], ""acc"": -21.5, ""vel"": 80.41, ""pos"": 2194.2, ""error"": 0}]","[[0, 0, 0, 0]]",[],"[[[0, 0, 0, 0], [-21.5, 80.41, 2194.2], 0]]"
0.1,26.4,156.70000000000002,8.0,50.0,1098.7,-21.5,80.07,2195.5,"[{""pair"": [0, 0, 0, 0], ""acc"": -21.5, ""vel"": 80.07, ""pos"": 2195.5, ""error"": 0}]","[[0, 0, 0, 0]]",[],"[[[0, 0, 0, 0], [-21.5, 80.07, 2195.5], 0]]"
0.0,26.39,157.20000000000002,8.0,50.0,2861.1,-21.5,79.7,2196.9,"[{""pair"": [0, 0, 0, 0], ""acc"": -21.5, ""vel"": 79.7, ""pos"": 2196.9, ""error"": 0}]","[[0, 0, 0, 0]]",[],"[[[0, 0, 0, 0], [-21.5, 79.7, 2196.9], 0]]"
0.1,26.38,157.60000000000002,-8.0,2.18,3147.5,-10.4,84.1,3147.5,"[{""pair"": [3, 11, 0, 6], ""acc"": -10.4, ""vel"": 84.1, ""pos"": 3147.5, ""error"": 954.0137067499999}, {""pair"": [0, 6, 1, 11], ""acc"": -10.4, ""vel"": 84.14, ""pos"": 3147.5, ""error"": 954.05370675}, {""pair"": [2, 6, 1, 11], ""acc"": -10.4, ""vel"": 2.22, ""pos"": 3147.5, ""error"": 1026.3627067500001}, {""pair"": [3, 11, 2, 6], ""acc"": -10.4, ""vel"": 2.18, ""pos"": 3147.5, ""error"": 1026.40270675}]","[[3, 11, 0, 6], [0, 6, 1, 11], [2, 6, 1, 11], [3, 11, 2, 6]]","[[{""pair"": [3, 11, 0, 6], ""acc"": -10.4, ""vel"": 84.1, ""pos"": 3147.5, ""error"": 954.0137067499999}], [{""pair"": [3, 11, 2, 6], ""acc"": -10.4, ""vel"": 2.18, ""pos"": 3147.5, ""error"": 1026.40270675}], [{""pair"": [0, 6, 1, 11], ""acc"": -10.4, ""vel"": 84.14, ""pos"": 3147.5, ""error"": 954.05370675}], [{""pair"": [2, 6, 1, 11], ""acc"": -10.4, ""vel"": 2.22, ""pos"": 3147.5, ""error"": 1026.3627067500001}]]","[[[3, 11, 0, 6], [-10.4, 84.1, 3147.5], 954.0137067499999], [[3, 11, 2, 6], [-10.4, 2.18, 3147.5], 1026.40270675], [[0, 6, 1, 11], [-10.4, 84.14, 3147.5], 954.05370675], [[2, 6, 1, 11], [-10.4, 2.22, 3147.5], 1026.3627067500001]]"
0.1,26.38,158.10000000000002,-2.1,15.97,345.7,-10.4,83.93,3148.8,"[{""pair"": [0, 0, 0, 0], ""acc"": -10.4, ""vel"": 83.93, ""pos"": 3148.8, ""error"": 0}]","[[0, 0, 0, 0]]",[],"[[[0, 0, 0, 0], [-10.4, 83.93, 3148.8], 0]]"
0.1,26.37,158.5,-6.2,13.39,2530.9,-10.4,83.75,3150.2,"[{""pair"": [0, 0, 0, 0], ""acc"": -10.4, ""vel"": 83.75, ""pos"": 3150.2, ""error"": 0}]","[[0, 0, 0, 0]]",[],"[[[0, 0, 0, 0], [-10.4, 83.75, 3150.2], 0]]"
0.1,26.36,158.9,-8.0,28.41,3256.3,-10.4,83.57,3151.6,"[{""pair"": [0, 0, 0, 0], ""acc"": -10.4, ""vel"": 83.57, ""pos"": 3151.6, ""error"": 0}]","[[0, 0, 0, 0]]",[],"[[[0, 0, 0, 0], [-10.4, 83.57, 3151.6], 0]]"
0.0,26.35,159.4,-8.0,32.42,2762.9,-10.4,83.4,3152.9,"[{""pair"": [0, 0, 0, 0], ""acc"": -10.4, ""vel"": 83.4, ""pos"": 3152.9, ""error"": 0}]","[[0, 0, 0, 0]]",[],"[[[0, 0, 0, 0], [-10.4, 83.4, 3152.9], 0]]"
0.0,26.34,159.8,8.0,50.0,338.2,-10.4,83.22,3154.3,"[{""pair"": [0, 0, 0, 0], ""acc"": -10.4, ""vel"": 83.22, ""pos"": 3154.3, ""error"": 0}]","[[0, 0, 0, 0]]",[],"[[[0, 0, 0, 0], [-10.4, 83.22, 3154.3], 0]]"
0.0,26.33,160.3,8.0,43.95,2951.6,-10.4,83.04,3155.7,"[{""pair"": [0, 0, 0, 0], ""acc"": -10.4, ""vel"": 83.04, ""pos"": 3155.7, ""error"": 0}]","[[0, 0, 0, 0]]",[],"[[[0, 0, 0, 0], [-10.4, 83.04, 3155.7], 0]]"
0.0,26.32,160.70000000000002,-8.0,50.0,2352.8,-10.4,82.87,3157.0,"[{""pair"": [0, 0, 0, 0], ""acc"": -10.4, ""vel"": 82.87, ""pos"": 3157.0, ""error"": 0}]","[[0, 0, 0, 0]]",[],"[[[0, 0, 0, 0], [-10.4, 82.87, 3157.0], 0]]"
0.0,26.31,161.10000000000002,-8.0,50.0,349.4,-10.4,82.69,3158.4,"[{""pair"": [0, 0, 0, 0], ""acc"": -10.4, ""vel"": 82.69, ""pos"": 3158.4, ""error"": 0}]","[[0, 0, 0, 0]]",[],"[[[0, 0, 0, 0], [-10.4, 82.69, 3158.4], 0]]"
0.0,26.3,161.60000000000002,8.0,36.42,1553.6,-10.4,82.51,3159.8,"[{""pair"": [0, 0, 0, 0], ""acc"": -10.4, ""vel"": 82.51, ""pos"": 3159.8, ""error"": 0}]","[[0, 0, 0, 0]]",[],"[[[0, 0, 0, 0], [-10.4, 82.51, 3159.8], 0]]"
-0.1,26.29,162.0,8.0,50.0,2812.8,-10.4,82.34,3161.1,"[{""pair"": [0, 0, 0, 0], ""acc"": -10.4, ""vel"": 82.34, ""pos"": 3161.1, ""error"": 0}]","[[0, 0, 0, 0]]",[],"[[[0, 0, 0, 0], [-10.4, 82.34, 3161.1], 0]]"
-0.1,26.28,162.4,8.0,0.0,2587.7,-10.4,82.16,3162.5,"[{""pair"": [0, 0, 0, 0], ""acc"": -10.4, ""vel"": 82.16, ""pos"": 3162.5, ""error"": 0}]","[[0, 0, 0, 0]]",[],"[[[0, 0, 0, 0], [-10.4, 82.16, 3162.5], 0]]"
-0.1,26.27,162.9,8.0,50.0,1192.9,-10.4,81.98,3163.9,"[{""pair"": [0, 0, 0, 0], ""acc"": -10.4, ""vel"": 81.98, ""pos"": 3163.9, ""error"": 0}]","[[0, 0, 0, 0]]",[],"[[[0, 0, 0, 0], [-10.4, 81.98, 3163.9], 0]]"
-0.1,26.26,163.3,8.0,21.46,2646.3,-10.4,81.81,3165.2,"[{""pair"": [0, 0, 0, 0], ""acc"": -10.4, ""vel"": 81.81, ""pos"": 3165.2, ""error"": 0}]","[[0, 0, 0, 0]]",[],"[[[0, 0, 0, 0], [-10.4, 81.81, 3165.2], 0]]"
-0.1,26.25,163.70000000000002,-4.0,50.0,799.2,-4.0,100.14,799.2,"[{""pair"": [2, 3, 2, 3], ""acc"": -4.0, ""vel"": 100.14, ""pos"": 799.2, ""error"": 2385.8960671999994}, {""pair"": [2, 3, 2, 3], ""acc"": -4.0, ""vel"": 100.14, ""pos"": 799.2, ""error"": 2385.8960671999994}, {""pair"": [2, 3, 2, 3], ""acc"": -4.0, ""vel"": 100.14, ""pos"": 799.2, ""error"": 2385.8960671999994}, {""pair"": [2, 3, 2, 3], ""acc"": -4.0, ""vel"": 100.14, ""pos"": 799.2, ""error"": 2385.8960671999994}, {""pair"": [2, 3, 2, 3], ""acc"": -4.0, ""vel"": 100.14, ""pos"": 799.2, ""error"": 2385.8960671999994}, {""pair"": [2, 3, 2, 3], ""acc"": -4.0, ""vel"": 100.14, ""pos"": 799.2, ""error"": 2385.8960671999994}, {""pair"": [2, 3, 2, 3], ""acc"": -4.0, ""vel"": 100.14, ""pos"": 799.2, ""error"": 2385.8960671999994}, {""pair"": [2, 3, 2, 3], ""acc"": -4.0, ""vel"": 100.14, ""pos"": 799.2, ""error"": 2385.8960671999994}, {""pair"": [2, 3, 2, 3], ""acc"": -4.0, ""vel"": 100.14, ""pos"": 799.2, ""error"": 2385.8960671999994}, {""pair"": [2, 3, 2, 3], ""acc"": -4.0, ""vel"": 100.14, ""pos"": 799.2, ""error"": 2385.8960671999994}, {""pair"": [2, 3, 2, 3], ""acc"": -4.0, ""vel"": 100.14, ""pos"": 799.2, ""error"": 2385.8960671999994}, {""pair"": [2, 3, 2, 3], ""acc"": -4.0, ""vel"": 100.14, ""pos"": 799.2, ""error"": 2385.8960671999994}, {""pair"": [2, 3, 2, 3], ""acc"": -4.0, ""vel"": 100.14, ""pos"": 799.2, ""error"": 2385.8960671999994}, {""pair"": [2, 3, 2, 3], ""acc"": -4.0, ""vel"": 100.14, ""pos"": 799.2, ""error"": 2385.8960671999994}, {""pair"": [2, 3, 2, 3], ""acc"": -4.0, ""vel"": 100.14, ""pos"": 799.2, ""error"": 2385.8960671999994}, {""pair"": [2, 3, 2, 3], ""acc"": -4.0, ""vel"": 100.14, ""pos"": 799.2, ""error"": 2385.8960671999994}]","[[2, 3, 2, 3], [2, 3, 2, 3], [2, 3, 2, 3], [2, 3, 2, 3], [2, 3, 2, 3], [2, 3, 2, 3], [2, 3, 2, 3], [2, 3, 2, 3], [2, 3, 2, 3], [2, 3, 2, 3], [2, 3, 2, 3], [2, 3, 2, 3], [2, 3, 2, 3], [2, 3, 2, 3], [2, 3, 2, 3], [2, 3, 2, 3]]","[[{""pair"": [2, 3, 2, 3], ""acc"": -4.0, ""vel"": 100.14, ""pos"": 799.2, ""error"": 2385.8960671999994}], [{""pair"": [2, 3, 2, 3], ""acc"": -4.0, ""vel"": 100.14, ""pos"": 799.2, ""error"": 2385.8960671999994}], [{""pair"": [2, 3, 2, 3], ""acc"": -4.0, ""vel"": 100.14, ""pos"": 799.2, ""error"": 2385.8960671999994}], [{""pair"": [2, 3, 2, 3], ""acc"": -4.0, ""vel"": 100.14, ""pos"": 799.2, ""error"": 2385.8960671999994}], [{""pair"": [2, 3, 2, 3], ""acc"": -4.0, ""vel"": 100.14, ""pos"": 799.2, ""error"": 2385.8960671999994}], [{""pair"": [2, 3, 2, 3], ""acc"": -4.0, ""vel"": 100.14, ""pos"": 799.2, ""error"": 2385.8960671999994}], [{""pair"": [2, 3, 2, 3], ""acc"": -4.0, ""vel"": 100.14, ""pos"": 799.2, ""error"": 2385.8960671999994}], [{""pair"": [2, 3, 2, 3], ""acc"": -4.0, ""vel"": 100.14, ""pos"": 799.2, ""error"": 2385.8960671999994}], [{""pair"": [2, 3, 2, 3], ""acc"": -4.0, ""vel"": 100.14, ""pos"": 799.2, ""error"": 2385.8960671999994}], [{""pair"": [2, 3, 2, 3], ""acc"": -4.0, ""vel"": 100.14, ""pos"": 799.2, ""error"": 2385.8960671999994}], [{""pair"": [2, 3, 2, 3], ""acc"": -4.0, ""vel"": 100.14, ""pos"": 799.2, ""error"": 2385.8960671999994}], [{""pair"": [2, 3, 2, 3], ""acc"": -4.0, ""vel"": 100.14, ""pos"": 799.2, ""error"": 2385.8960671999994}], [{""pair"": [2, 3, 2, 3], ""acc"": -4.0, ""vel"": 100.14, ""pos"": 799.2, ""error"": 2385.8960671999994}], [{""pair"": [2, 3, 2, 3], ""acc"": -4.0, ""vel"": 100.14, ""pos"": 799.2, ""error"": 2385.8960671999994}], [{""pair"": [2, 3, 2, 3], ""acc"": -4.0, ""vel"": 100.14, ""pos"": 799.2, ""error"": 2385.8960671999994}], [{""pair"": [2, 3, 2, 3], ""acc"": -4.0, ""vel"": 100.14, ""pos"": 799.2, ""error"": 2385.8960671999994}]]","[[[2, 3, 2, 3], [-4.0, 100.14, 799.2], 2385.8960671999994], [[2, 3, 2, 3], [-4.0, 100.14, 799.2], 2385.8960671999994], [[2, 3, 2, 3], [-4.0, 100.14, 799.2], 2385.8960671999994], [[2, 3, 2, 3], [-4.0, 100.14, 799.2], 2385.8960671999994], [[2, 3, 2, 3], [-4.0, 100.14, 799.2], 2385.8960671999994], [[2, 3, 2, 3], [-4.0, 100.14, 799.2], 2385.8960671999994], [[2, 3, 2, 3], [-4.0, 100.14, 799.2], 2385.8960671999994], [[2, 3, 2, 3], [-4.0, 100.14, 799.2], 2385.8960671999994], [[2, 3, 2, 3], [-4.0, 100.14, 799.2], 2385.8960671999994], [[2, 3, 2, 3], [-4.0, 100.14, 799.2], 2385.8960671999994], [[2, 3, 2, 3], [-4.0, 100.14, 799.2], 2385.8960671999994], [[2, 3, 2, 3], [-4.0, 100.14, 799.2], 2385.8960671999994], [[2, 3, 2, 3], [-4.0, 100.14, 799.2], 2385.8960671999994], [[2, 3, 2, 3], [-4.0, 100.14, 799.2], 2385.8960671999994], [[2, 3, 2, 3], [-4.0, 100.14, 799.2], 2385.8960671999994], [[2, 3, 2, 3], [-4.0, 100.14, 799.2], 2385.8960671999994]]"
-0.1,26.24,164.20000000000002,5.2,50.0,910.9,-4.0,100.07,800.9,"[{""pair"": [0, 0, 0, 0], ""acc"": -4.0, ""vel"": 100.07, ""pos"": 800.9, ""error"": 0}]","[[0, 0, 0, 0]]",[],"[[[0, 0, 0, 0], [-4.0, 100.07, 800.9], 0]]"
-0.1,26.23,164.60000000000002,-8.0,16.38,1897.1,-4.0,100.01,802.5,"[{""pair"": [0, 0, 0, 0], ""acc"": -4.0, ""vel"": 100.01, ""pos"": 802.5, ""error"": 0}]","[[0, 0, 0, 0]]",[],"[[[0, 0, 0, 0], [-4.0, 100.01, 802.5], 0]]"
-0.1,26.22,165.10000000000002,5.8,50.0,2536.4,-4.0,99.94,804.2,"[{""pair"": [0, 0, 0, 0], ""acc"": -4.0, ""vel"": 99.94, ""pos"": 804.2, ""error"": 0}]","[[0, 0, 0, 0]]",[],"[[[0, 0, 0, 0], [-4.0, 99.94, 804.2], 0]]"
-0.1,26.21,165.5,-8.0,50.0,1660.5,-4.0,99.87,805.9,"[{""pair"": [0, 0, 0, 0], ""acc"": -4.0, ""vel"": 99.87, ""pos"": 805.9, ""error"": 0}]","[[0, 0, 0, 0]]",[],"[[[0, 0, 0, 0], [-4.0, 99.87, 805.9], 0]]"
-0.1,26.2,166.0,2.7,50.0,2747.4,-4.0,99.81,807.5,"[{""pair"": [0, 0, 0, 0], ""acc"": -4.0, ""vel"": 99.81, ""pos"": 807.5, ""error"": 0}]","[[0, 0, 0, 0]]",[],"[[[0, 0, 0, 0], [-4.0, 99.81, 807.5], 0]]"
-0.2,26.19,166.4,8.0,50.0,3113.3,-4.0,99.74,809.2,"[{""pair"": [0, 0, 0, 0], ""acc"": -4.0, ""vel"": 99.74, ""pos"": 809.2, ""error"": 0}]","[[0, 0, 0, 0]]",[],"[[[0, 0, 0, 0], [-4.0, 99.74, 809.2], 0]]"
0.0,26.19,166.8,8.0,22.75,1351.1,-4.0,99.67,810.9,"[{""pair"": [0, 0, 0, 0], ""acc"": -4.0, ""vel"": 99.67, ""pos"": 810.9, ""error"": 0}]","[[0, 0, 0, 0]]",[],"[[[0, 0, 0, 0], [-4.0, 99.67, 810.9], 0]]"
0.0,26.18,167.3,-8.0,50.0,1155.2,-4.0,99.61,812.5,"[{""pair"": [0, 0, 0, 0], ""acc"": -4.0, ""vel"": 99.61, ""pos"": 812.5, ""error"": 0}]","[[0, 0, 0, 0]]",[],"[[[0, 0, 0, 0], [-4.0, 99.61, 812.5], 0]]"
0.0,26.18,167.70000000000002,8.0,50.0,803.0,-4.0,99.54,814.2,"[{""pair"": [0, 0, 0, 0], ""acc"": -4.0, ""vel"": 99.54, ""pos"": 814.2, ""error"": 0}]","[[0, 0, 0, 0]]",[],"[[[0, 0, 0, 0], [-4.0, 99.54, 814.2], 0]]"
0.1,26.17,168.10000000000002,8.0,3.97,872.0,-4.0,99.47,815.9,"[{""pair"": [0, 0, 0, 0], ""acc"": -4.0, ""vel"": 99.47, ""pos"": 815.9, ""error"": 0}]","[[0, 0, 0, 0]]",[],"[[[0, 0, 0, 0], [-4.0, 99.47, 815.9], 0]]"
0.1,26.17,168.60000000000002,7.1,50.0,918.1,-4.0,99.41,817.5,"[{""pair"": [0, 0, 0, 0], ""acc"": -4.0, ""vel"": 99.41, ""pos"": 817.5, ""error"": 0}]","[[0, 0, 0, 0]]",[],"[[[0, 0, 0, 0], [-4.0, 99.41, 817.5], 0]]"
0.1,26.16,169.0,5.3,50.0,356.6,-4.0,99.34,819.2,"[{""pair"": [0, 0, 0, 0], ""acc"": -4.0, ""vel"": 99.34, ""pos"": 819.2, ""error"": 0}]","[[0, 0, 0, 0]]",[],"[[[0, 0, 0, 0], [-4.0, 99.34, 819.2], 0]]"
0.1,26.15,169.4,-8.0,50.0,1093.1,-4.0,99.27,820.9,"[{""pair"": [0, 0, 0, 0], ""acc"": -4.0, ""vel"": 99.27, ""pos"": 820.9, ""error"": 0}]","[[0, 0, 0, 0]]",[],"[[[0, 0, 0, 0], [-4.0, 99.27, 820.9], 0]]"
0.0,26.15,169.9,-8.0,50.0,2713.5,-4.0,99.21,822.5,"[{""pair"": [0, 0, 0, 0], ""acc"": -4.0, ""vel"": 99.21, ""pos"": 822.5, ""error"": 0}]","[[0, 0, 0, 0]]",[],"[[[0, 0, 0, 0], [-4.0, 99.21, 822.5], 0]]"
0.0,26.14,170.3,-8.0,50.0,1241.8,-4.0,99.14,824.2,"[{""pair"": [0, 0, 0, 0], ""acc"": -4.0, ""vel"": 99.14, ""pos"": 824.2, ""error"": 0}]","[[0, 0, 0, 0]]",[],"[[[0, 0, 0, 0], [-4.0, 99.14, 824.2], 0]]"
0.0,26.14,170.70000000000002,8.0,50.0,2186.7,-4.0,99.07,825.9,"[{""pair"": [0, 0, 0, 0], ""acc"": -4.0, ""vel"": 99.07, ""pos"": 825.9, ""error"": 0}]","[[0, 0, 0, 0]]",[],"[[[0, 0, 0, 0], [-4.0, 99.07, 825.9], 0]]"
-0.1,26.13,171.20000000000002,-8.0,50.0,2643.8,-4.0,99.01,827.5,"[{""pair"": [0, 0, 0, 0], ""acc"": -4.0, ""vel"": 99.01, ""pos"": 827.5, ""error"": 0}]","[[0, 0, 0, 0]]",[],"[[[0, 0, 0, 0], [-4.0, 99.01, 827.5], 0]]"
-0.1,26.12,171.60000000000002,-8.0,50.0,514.7,-4.0,98.94,829.2,"[{""pair"": [0, 0, 0, 0], ""acc"": -4.0, ""vel"": 98.94, ""pos"": 829.2, ""error"": 0}]","[[0, 0, 0, 0]]",[],"[[[0, 0, 0, 0], [-4.0, 98.94, 829.2], 0]]"
-0.1,26.12,172.0,-3.5,50.0,270.4,-4.0,98.87,830.9,"[{""pair"": [0, 0, 0, 0], ""acc"": -4.0, ""vel"": 98.87, ""pos"": 830.9, ""error"": 0}]","[[0, 0, 0, 0]]",[],"[[[0, 0, 0, 0], [-4.0, 98.87, 830.9], 0]]"
-0.2,26.11,172.5,-8.0,50.0,504.8,-4.0,98.81,832.5,"[{""pair"": [0, 0, 0, 0], ""acc"": -4.0, ""vel"": 98.81, ""pos"": 832.5, ""error"": 0}]","[[0, 0, 0, 0]]",[],"[[[0, 0, 0, 0], [-4.0, 98.81, 832.5], 0]]"
-0.2,26.1,172.9,-8.0,50.0,2922.4,-10.3,129.29,2922.4,"[{""pair"": [2, 3, 2, 3], ""acc"": -10.3, ""vel"": 129.29, ""pos"": 2922.4, ""error"": 2118.7688080000003}, {""pair"": [2, 3, 2, 3], ""acc"": -10.3, ""vel"": 129.29, ""pos"": 2922.4, ""error"": 2118.7688080000003}, {""pair"": [2, 3, 2, 3], ""acc"": -10.3, ""vel"": 129.29, ""pos"": 2922.4, ""error"": 2118.7688080000003}, {""pair"": [2, 3, 2, 3], ""acc"": -10.3, ""vel"": 129.29, ""pos"": 2922.4, ""error"": 2118.7688080000003}, {""pair"": [2, 3, 2, 3], ""acc"": -10.3, ""vel"": 129.29, ""pos"": 2922.4, ""error"": 2118.7688080000003}, {""pair"": [2, 3, 2, 3], ""acc"": -10.3, ""vel"": 129.29, ""pos"": 2922.4, ""error"": 2118.7688080000003}, {""pair"": [2, 3, 2, 3], ""acc"": -10.3, ""vel"": 129.29, ""pos"": 2922.4, ""error"": 2118.7688080000003}, {""pair"": [2, 3, 2, 3], ""acc"": -10.3, ""vel"": 129.29, ""pos"": 2922.4, ""error"": 2118.7688080000003}, {""pair"": [2, 3, 2, 3], ""acc"": -10.3, ""vel"": 129.29, ""pos"": 2922.4, ""error"": 2118.7688080000003}, {""pair"": [2, 3, 2, 3], ""acc"": -10.3, ""vel"": 129.29, ""pos"": 2922.4, ""error"": 2118.7688080000003}, {""pair"": [2, 3, 2, 3], ""acc"": -10.3, ""vel"": 129.29, ""pos"": 2922.4, ""error"": 2118.7688080000003}, {""pair"": [2, 3, 2, 3], ""acc"": -10.3, ""vel"": 129.29, ""pos"": 2922.4, ""error"": 2118.7688080000003}, {""pair"": [2, 3, 2, 3], ""acc"": -10.3, ""vel"": 129.29, ""pos"": 2922.4, ""error"": 2118.7688080000003}, {""pair"": [2, 3, 2, 3], ""acc"": -10.3, ""vel"": 129.29, ""pos"": 2922.4, ""error"": 2118.7688080000003}, {""pair"": [2, 3, 2, 3], ""acc"": -10.3, ""vel"": 129.29, ""pos"": 2922.4, ""error"": 2118.7688080000003}, {""pair"": [2, 3, 2, 3], ""acc"": -10.3, ""vel"": 129.29, ""pos"": 2922.4, ""error"": 2118.7688080000003}]","[[2, 3, 2, 3], [2, 3, 2, 3], [2, 3, 2, 3], [2, 3, 2, 3], [2, 3, 2, 3], [2, 3, 2, 3], [2, 3, 2, 3], [2, 3, 2, 3], [2, 3, 2, 3], [2, 3, 2, 3], [2, 3, 2, 3], [2, 3, 2, 3], [2, 3, 2, 3], [2, 3, 2, 3], [2, 3, 2, 3], [2, 3, 2, 3]]","[[{""pair"": [2, 3, 2, 3], ""acc"": -10.3, ""vel"": 129.29, ""pos"": 2922.4, ""error"": 2118.7688080000003}], [{""pair"": [2, 3, 2, 3], ""acc"": -10.3, ""vel"": 129.29, ""pos"": 2922.4, ""error"": 2118.7688080000003}], [{""pair"": [2, 3, 2, 3], ""acc"": -10.3, ""vel"": 129.29, ""pos"": 2922.4, ""error"": 2118.7688080000003}], [{""pair"": [2, 3, 2, 3], ""acc"": -10.3, ""vel"": 129.29, ""pos"": 2922.4, ""error"": 2118.7688080000003}], [{""pair"": [2, 3, 2, 3], ""acc"": -10.3, ""vel"": 129.29, ""pos"": 2922.4, ""error"": 2118.7688080000003}], [{""pair"": [2, 3, 2, 3], ""acc"": -10.3, ""vel"": 129.29, ""pos"": 2922.4, ""error"": 2118.7688080000003}], [{""pair"": [2, 3, 2, 3], ""acc"": -10.3, ""vel"": 129.29, ""pos"": 2922.4, ""error"": 2118.7688080000003}], [{""pair"": [2, 3, 2, 3], ""acc"": -10.3, ""vel"": 129.29, ""pos"": 2922.4, ""error"": 2118.7688080000003}], [{""pair"": [2, 3, 2, 3], ""acc"": -10.3, ""vel"": 129.29, ""pos"": 2922.4, ""error"": 2118.7688080000003}], [{""pair"": [2, 3, 2, 3], ""acc"": -10.3, ""vel"": 129.29, ""pos"": 2922.4, ""error"": 2118.7688080000003}], [{""pair"": [2, 3, 2, 3], ""acc"": -10.3, ""vel"": 129.29, ""pos"": 2922.4, ""error"": 2118.7688080000003}], [{""pair"": [2, 3, 2, 3], ""acc"": -10.3, ""vel"": 129.29, ""pos"": 2922.4, ""error"": 2118.7688080000003}], [{""pair"": [2, 3, 2, 3], ""acc"": -10.3, ""vel"": 129.29, ""pos"": 2922.4, ""error"": 2118.7688080000003}], [{""pair"": [2, 3, 2, 3], ""acc"": -10.3, ""vel"": 129.29, ""pos"": 2922.4, ""error"": 2118.7688080000003}], [{""pair"": [2, 3, 2, 3], ""acc"": -10.3, ""vel"": 129.29, ""pos"": 2922.4, ""error"": 2118.7688080000003}], [{""pair"": [2, 3, 2, 3], ""acc"": -10.3, ""vel"": 129.29, ""pos"": 2922.4, ""error"": 2118.7688080000003}]]","[[[2, 3, 2, 3], [-10.3, 129.29, 2922.4], 2118.7688080000003], [[2, 3, 2, 3], [-10.3, 129.29, 2922.4], 2118.7688080000003], [[2, 3, 2, 3], [-10.3, 129.29, 2922.4], 2118.7688080000003], [[2, 3, 2, 3], [-10.3, 129.29, 2922.4], 2118.7688080000003], [[2, 3, 2, 3], [-10.3, 129.29, 2922.4], 2118.7688080000003], [[2, 3, 2, 3], [-10.3, 129.29, 2922.4], 2118.7688080000003], [[2, 3, 2, 3], [-10.3, 129.29, 2922.4], 2118.7688080000003], [[2, 3, 2, 3], [-10.3, 129.29, 2922.4], 2118.7688080000003], [[2, 3, 2, 3], [-10.3, 129.29, 2922.4], 2118.7688080000003], [[2, 3, 2, 3], [-10.3, 129.29, 2922.4], 2118.7688080000003], [[2, 3, 2, 3], [-10.3, 129.29, 2922.4], 2118.7688080000003], [[2, 3, 2, 3], [-10.3, 129.29, 2922.4], 2118.7688080000003], [[2, 3, 2, 3], [-10.3, 129.29, 2922.4], 2118.7688080000003], [[2, 3, 2, 3], [-10.3, 129.29, 2922.4], 2118.7688080000003], [[2, 3, 2, 3], [-10.3, 129.29, 2922.4], 2118.7688080000003], [[2, 3, 2, 3], [-10.3, 129.29, 2922.4], 2118.7688080000003]]"
-0.2,26.09,173.4,-8.0,26.46,1127.1,-10.3,129.11,2924.6,"[{""pair"": [0, 0, 0, 0], ""acc"": -10.3, ""vel"": 129.11, ""pos"": 2924.6, ""error"": 0}]","[[0, 0, 0, 0]]",[],"[[[0, 0, 0, 0], [-10.3, 129.11, 2924.6], 0]]"
-0.2,26.09,173.8,-0.9,16.86,3186.4,-10.3,128.95,2926.7,"[{""pair"": [0, 0, 0, 0], ""acc"": -10.3, ""vel"": 128.95, ""pos"": 2926.7, ""error"": 0}]","[[0, 0, 0, 0]]",[],"[[[0, 0, 0, 0], [-10.3, 128.95, 2926.7], 0]]"
-0.2,26.08,174.20000000000002,8.0,4.92,1124.5,-10.3,128.77,2928.9,"[{""pair"": [0, 0, 0, 0], ""acc"": -10.3, ""vel"": 128.77, ""pos"": 2928.9, ""error"": 0}]","[[0, 0, 0, 0]]",[],"[[[0, 0, 0, 0], [-10.3, 128.77, 2928.9], 0]]"
-0.2,26.07,174.70000000000002,-8.0,50.0,1966.7,-10.3,128.59,2931.1,"[{""pair"": [0, 0, 0, 0], ""acc"": -10.3, ""vel"": 128.59, ""pos"": 2931.1, ""error"": 0}]","[[0, 0, 0, 0]]",[],"[[[0, 0, 0, 0], [-10.3, 128.59, 2931.1], 0]]"
-0.3,26.06,175.10000000000002,8.0,50.0,1133.7,-10.3,128.43,2933.2,"[{""pair"": [0, 0, 0, 0], ""acc"": -10.3, ""vel"": 128.43, ""pos"": 2933.2, ""error"": 0}]","[[0, 0, 0, 0]]",[],"[[[0, 0, 0, 0], [-10.3, 128.43, 2933.2], 0]]"
-0.3,26.05,175.5,8.0,50.0,2957.3,-10.3,128.25,2935.4,"[{""pair"": [0, 0, 0, 0], ""acc"": -10.3, ""vel"": 128.25, ""pos"": 2935.4, ""error"": 0}]","[[0, 0, 0, 0]]",[],"[[[0, 0, 0, 0], [-10.3, 128.25, 2935.4], 0]]"
-0.4,26.04,176.0,-8.0,50.0,1071.9,-10.3,128.07,2937.6,"[{""pair"": [0, 0, 0, 0], ""acc"": -10.3, ""vel"": 128.07, ""pos"": 2937.6, ""error"": 0}]","[[0, 0, 0, 0]]",[],"[[[0, 0, 0, 0], [-10.3, 128.07, 2937.6], 0]]"
-0.4,26.03,176.4,8.0,35.18,761.2,-10.3,127.91,2939.6,"[{""pair"": [0, 0, 0, 0], ""acc"": -10.3, ""vel"": 127.91, ""pos"": 2939.6, ""error"": 0}]","[[0, 0, 0, 0]]",[],"[[[0, 0, 0, 0], [-10.3, 127.91, 2939.6], 0]]"
-0.4,26.02,176.8,8.0,43.87,3260.8,-10.3,127.73,2941.8,"[{""pair"": [0, 0, 0, 0], ""acc"": -10.3, ""vel"": 127.73, ""pos"": 2941.8, ""error"": 0}]","[[0, 0, 0, 0]]",[],"[[[0, 0, 0, 0], [-10.3, 127.73, 2941.8], 0]]"
-0.5,26.01,177.3,-8.0,50.0,44.0,-10.3,127.55,2944.0,"[{""pair"": [0, 0, 0, 0], ""acc"": -10.3, ""vel"": 127.55, ""pos"": 2944.0, ""error"": 0}]","[[0, 0, 0, 0]]",[],"[[[0, 0, 0, 0], [-10.3, 127.55, 2944.0], 0]]"
-0.5,25.99,177.70000000000002,-8.0,50.0,1501.0,-10.3,127.39,2946.0,"[{""pair"": [0, 0, 0, 0], ""acc"": -10.3, ""vel"": 127.39, ""pos"": 2946.0, ""error"": 0}]","[[0, 0, 0, 0]]",[],"[[[0, 0, 0, 0], [-10.3, 127.39, 2946.0], 0]]"
-0.6000000000000001,25.98,178.10000000000002,8.0,5.09,996.3,-10.3,127.21,2948.2,"[{""pair"": [0, 0, 0, 0], ""acc"": -10.3, ""vel"": 127.21, ""pos"": 2948.2, ""error"": 0}]","[[0, 0, 0, 0]]",[],"[[[0, 0, 0, 0], [-10.3, 127.21, 2948.2], 0]]"
-0.6000000000000001,25.96,178.60000000000002,-6.8,50.0,943.1,-10.3,127.03,2950.4,"[{""pair"": [0, 0, 0, 0], ""acc"": -10.3, ""vel"": 127.03, ""pos"": 2950.4, ""error"": 0}]","[[0, 0, 0, 0]]",[],"[[[0, 0, 0, 0], [-10.3, 127.03, 2950.4], 0]]"
-0.7000000000000001,25.95,179.0,-1.1,50.0,3145.3,-10.3,126.87,2952.4,"[{""pair"": [0, 0, 0, 0], ""acc"": -10.3, ""vel"": 126.87, ""pos"": 2952.4, ""error"": 0}]","[[0, 0, 0, 0]]",[],"[[[0, 0, 0, 0], [-10.3, 126.87, 2952.4], 0]]"
-0.7000000000000001,25.93,179.4,8.0,50.0,2895.9,-10.3,126.69,2954.6,"[{""pair"": [0, 0, 0, 0], ""acc"": -10.3, ""vel"": 126.69, ""pos"": 2954.6, ""error"": 0}]","[[0, 0, 0, 0]]",[],"[[[0, 0, 0, 0], [-10.3, 126.69, 2954.6], 0]]"
-0.7000000000000001,25.92,179.9,-8.0,50.0,403.5,-10.3,126.51,2956.8,"[{""pair"": [0, 0, 0, 0], ""acc"": -10.3, ""vel"": 126.51, ""pos"": 2956.8, ""error"": 0}]","[[0, 0, 0, 0]]",[],"[[[0, 0, 0, 0], [-10.3, 126.51, 2956.8], 0]]"
-0.7000000000000001,25.9,180.3,0.1,50.0,632.5,-10.3,126.35,2958.8,"[{""pair"": [0, 0, 0, 0], ""acc"": -10.3, ""vel"": 126.35, ""pos"": 2958.8, ""error"": 0}]","[[0, 0, 0, 0]]",[],"[[[0, 0, 0, 0], [-10.3, 126.35, 2958.8], 0]]"
-0.7000000000000001,25.89,180.7,-8.0,9.06,274.8,-10.3,126.17,2960.9,"[{""pair"": [0, 0, 0, 0], ""acc"": -10.3, ""vel"": 126.17, ""pos"": 2960.9, ""error"": 0}]","[[0, 0, 0, 0]]",[],"[[[0, 0, 0, 0], [-10.3, 126.17, 2960.9], 0]]"
-0.7000000000000001,25.87,181.2,-8.0,20.37,566.0,-10.3,125.99,2963.0,"[{""pair"": [0, 0, 0, 0], ""acc"": -10.3, ""vel"": 125.99, ""pos"": 2963.0, ""error"": 0}]","[[0, 0, 0, 0]]",[],"[[[0, 0, 0, 0], [-10.3, 125.99, 2963.0], 0]]"
-0.7000000000000001,25.85,181.6,8.0,41.13,1362.7,-10.3,125.83,2965.0,"[{""pair"": [0, 0, 0, 0], ""acc"": -10.3, ""vel"": 125.83, ""pos"": 2965.0, ""error"": 0}]","[[0, 0, 0, 0]]",[],"[[[0, 0, 0, 0], [-10.3, 125.83, 2965.0], 0]]"
-0.7000000000000001,25.84,182.0,-8.0,50.0,2777.2,-10.3,125.65,2967.1,"[{""pair"": [0, 0, 0, 0], ""acc"": -10.3, ""vel"": 125.65, ""pos"": 2967.1, ""error"": 0}]","[[0, 0, 0, 0]]",[],"[[[0, 0, 0, 0], [-10.3, 125.65, 2967.1], 0]]"
-0.7000000000000001,25.82,182.4,-8.0,16.94,1407.7,-10.3,125.47,2969.2,"[{""pair"": [0, 0, 0, 0], ""acc"": -10.3, ""vel"": 125.47, ""pos"": 2969.2, ""error"": 0}]","[[0, 0, 0, 0]]",[],"[[[0, 0, 0, 0], [-10.3, 125.47, 2969.2], 0]]"
-0.7000000000000001,25.8,182.9,8.0,19.15,2956.8,-10.3,125.31,2971.2,"[{""pair"": [0, 0, 0, 0], ""acc"": -10.3, ""vel"": 125.31, ""pos"": 2971.2, ""error"": 0}]","[[0, 0, 0, 0]]",[],"[[[0, 0, 0, 0], [-10.3, 125.31, 2971.2], 0]]"
-0.7000000000000001,25.79,183.3,-8.0,29.75,498.7,-10.3,125.13,2973.3,"[{""pair"": [0, 0, 0, 0], ""acc"": -10.3, ""vel"": 125.13, ""pos"": 2973.3, ""error"": 0}]","[[0, 0, 0, 0]]",[],"[[[0, 0, 0, 0], [-10.3, 125.13, 2973.3], 0]]"
-0.7000000000000001,25.77,183.7,-8.0,50.0,371.2,-10.3,124.95,2975.4,"[{""pair"": [0, 0, 0, 0], ""acc"": -10.3, ""vel"": 124.95, ""pos"": 2975.4, ""error"": 0}]","[[0, 0, 0, 0]]",[],"[[[0, 0, 0, 0], [-10.3, 124.95, 2975.4], 0]]"
-0.7000000000000001,25.75,184.2,-2.6,50.0,3144.6,-10.3,124.79,2977.4,"[{""pair"": [0, 0, 0, 0], ""acc"": -10.3, ""vel"": 124.79, ""pos"": 2977.4, ""error"": 0}]","[[0, 0, 0, 0]]",[],"[[[0, 0, 0, 0], [-10.3, 124.79, 2977.4], 0]]"
-0.7000000000000001,25.74,184.6,8.0,50.0,1679.2,-10.3,124.61,2979.5,"[{""pair"": [0, 0, 0, 0], ""acc"": -10.3, ""vel"": 124.61, ""pos"": 2979.5, ""error"": 0}]","[[0, 0, 0, 0]]",[],"[[[0, 0, 0, 0], [-10.3, 124.61, 2979.5], 0]]"
-0.7000000000000001,25.72,185.0,8.0,50.0,2234.7,-10.3,124.43,2981.6,"[{""pair"": [0, 0, 0, 0], ""acc"": -10.3, ""vel"": 124.43, ""pos"": 2981.6, ""error"": 0}]","[[0, 0, 0, 0]]",[],"[[[0, 0, 0, 0], [-10.3, 124.43, 2981.6], 0]]"
-0.7000000000000001,25.7,185.5,1.9,50.0,3056.5,-10.3,124.27,2983.6,"[{""pair"": [0, 0, 0, 0], ""acc"": -10.3, ""vel"": 124.27, ""pos"": 2983.6, ""error"": 0}]","[[0, 0, 0, 0]]",[],"[[[0, 0, 0, 0], [-10.3, 124.27, 2983.6], 0]]"
-0.7000000000000001,25.68,185.9,-8.0,14.7,1474.2,-10.3,124.09,2985.7,"[{""pair"": [0, 0, 0, 0], ""acc"": -10.3, ""vel"": 124.09, ""pos"": 2985.7, ""error"": 0}]","[[0, 0, 0, 0]]",[],"[[[0, 0, 0, 0], [-10.3, 124.09, 2985.7], 0]]"
-0.7000000000000001,25.67,186.3,8.0,6.97,248.8,-10.3,123.91,2987.8,"[{""pair"": [0, 0, 0, 0], ""acc"": -10.3, ""vel"": 123.91, ""pos"": 2987.8, ""error"": 0}]","[[0, 0, 0, 0]]",[],"[[[0, 0, 0, 0], [-10.3, 123.91, 2987.8], 0]]"
-0.7000000000000001,25.65,186.7,0.1,50.0,2452.4,-10.3,123.75,2989.8,"[{""pair"": [0, 0, 0, 0], ""acc"": -10.3, ""vel"": 123.75, ""pos"": 2989.8, ""error"": 0}]","[[0, 0, 0, 0]]",[],"[[[0, 0, 0, 0], [-10.3, 123.75, 2989.8], 0]]"
-0.7000000000000001,25.63,187.2,8.0,39.41,1520.6,-10.3,123.57,2991.9,"[{""pair"": [0, 0, 0, 0], ""acc"": -10.3, ""vel"": 123.57, ""pos"": 2991.9, ""error"": 0}]","[[0, 0, 0, 0]]",[],"[[[0, 0, 0, 0], [-10.3, 123.57, 2991.9], 0]]"
-0.7000000000000001,25.61,187.6,8.0,50.0,3007.6,-10.3,123.39,2994.0,"[{""pair"": [0, 0, 0, 0], ""acc"": -10.3, ""vel"": 123.39, ""pos"": 2994.0, ""error"": 0}]","[[0, 0, 0, 0]]",[],"[[[0, 0, 0, 0], [-10.3, 123.39, 2994.0], 0]]"
-0.7000000000000001,25.59,188.0,-8.0,17.27,1185.9,-10.3,123.23,2996.0,"[{""pair"": [0, 0, 0, 0], ""acc"": -10.3, ""vel"": 123.23, ""pos"": 2996.0, ""error"": 0}]","[[0, 0, 0, 0]]",[],"[[[0, 0, 0, 0], [-10.3, 123.23, 2996.0], 0]]"
-0.7000000000000001,25.57,188.4,8.0,50.0,1936.6,-10.3,123.05,2998.1,"[{""pair"": [0, 0, 0, 0], ""acc"": -10.3, ""vel"": 123.05, ""pos"": 2998.1, ""error"": 0}]","[[0, 0, 0, 0]]",[],"[[[0, 0, 0, 0], [-10.3, 123.05, 2998.1], 0]]"
-0.7000000000000001,25.55,188.9,-3.1,0.89,2176.6,-10.3,122.87,3000.2,"[{""pair"": [0, 0, 0, 0], ""acc"": -10.3, ""vel"": 122.87, ""pos"": 3000.2, ""error"": 0}]","[[0, 0, 0, 0]]",[],"[[[0, 0, 0, 0], [-10.3, 122.87, 3000.2], 0]]"
-0.7000000000000001,25.53,189.3,4.6,50.0,1664.6,-10.3,122.71,3002.2,"[{""pair"": [0, 0, 0, 0], ""acc"": -10.3, ""vel"": 122.71, ""pos"": 3002.2, ""error"": 0}]","[[0, 0, 0, 0]]",[],"[[[0, 0, 0, 0], [-10.3, 122.71, 3002.2], 0]]"
-0.7000000000000001,25.51,189.7,-8.0,50.0,1888.0,-10.3,122.53,3004.3,"[{""pair"": [0, 0, 0, 0], ""acc"": -10.3, ""vel"": 122.53, ""pos"": 3004.3, ""error"": 0}]","[[0, 0, 0, 0]]",[],"[[[0, 0, 0, 0], [-10.3, 122.53, 3004.3], 0]]"
-0.7000000000000001,25.49,190.1,-8.0,50.0,750.3,-10.3,122.35,3006.4,"[{""pair"": [0, 0, 0, 0], ""acc"": -10.3, ""vel"": 122.35, ""pos"": 3006.4, ""error"": 0}]","[[0, 0, 0, 0]]",[],"[[[0, 0, 0, 0], [-10.3, 122.35, 3006.4], 0]]"
-0.7000000000000001,25.47,190.6,8.0,27.9,1618.8,-10.3,122.19,3008.4,"[{""pair"": [0, 0, 0, 0], ""acc"": -10.3, ""vel"": 122.19, ""pos"": 3008.4, ""error"": 0}]","[[0, 0, 0, 0]]",[],"[[[0, 0, 0, 0], [-10.3, 122.19, 3008.4], 0]]"
-0.7000000000000001,25.45,191.0,-6.9,50.0,2623.4,-10.3,122.01,3010.5,"[{""pair"": [0, 0, 0, 0], ""acc"": -10.3, ""vel"": 122.01, ""pos"": 3010.5, ""error"": 0}]","[[0, 0, 0, 0]]",[],"[[[0, 0, 0, 0], [-10.3, 122.01, 3010.5], 0]]"
-0.7000000000000001,25.43,191.4,-6.3,50.0,2772.7,-10.3,121.83,3012.6,"[{""pair"": [0, 0, 0, 0], ""acc"": -10.3, ""vel"": 121.83, ""pos"": 3012.6, ""error"": 0}]","[[0, 0, 0, 0]]",[],"[[[0, 0, 0, 0], [-10.3, 121.83, 3012.6], 0]]"
-0.8,25.41,191.9,-8.0,50.0,2061.2,-10.3,121.67,3014.5,"[{""pair"": [0, 0, 0, 0], ""acc"": -10.3, ""vel"": 121.67, ""pos"": 3014.5, ""error"": 0}]","[[0, 0, 0, 0]]",[],"[[[0, 0, 0, 0], [-10.3, 121.67, 3014.5], 0]]"
-0.8,25.39,192.3,7.4,50.0,2728.7,-10.3,121.49,3016.6,"[{""pair"": [0, 0, 0, 0], ""acc"": -10.3, ""vel"": 121.49, ""pos"": 3016.6, ""error"": 0}]","[[0, 0, 0, 0]]",[],"[[[0, 0, 0, 0], [-10.3, 121.49, 3016.6], 0]]"
-0.8,25.37,192.7,8.0,50.0,2059.8,-10.3,121.31,3018.7,"[{""pair"": [0, 0, 0, 0], ""acc"": -10.3, ""vel"": 121.31, ""pos"": 3018.7, ""error"": 0}]","[[0, 0, 0, 0]]",[],"[[[0, 0, 0, 0], [-10.3, 121.31, 3018.7], 0]]"
-0.8,25.35,193.1,-8.0,50.0,1670.8,-10.3,121.15,3020.6,"[{""pair"": [0, 0, 0, 0], ""acc"": -10.3, ""vel"": 121.15, ""pos"": 3020.6, ""error"": 0}]","[[0, 0, 0, 0]]",[],"[[[0, 0, 0, 0], [-10.3, 121.15, 3020.6], 0]]"
-0.8,25.32,193.5,-8.0,24.11,48.9,-10.3,120.97,3022.7,"[{""pair"": [0, 0, 0, 0], ""acc"": -10.3, ""vel"": 120.97, ""pos"": 3022.7, ""error"": 0}]","[[0, 0, 0, 0]]",[],"[[[0, 0, 0, 0], [-10.3, 120.97, 3022.7], 0]]"
-0.8,25.3,194.0,8.0,23.26,766.5,-10.3,120.79,3024.8,"[{""pair"": [0, 0, 0, 0], ""acc"": -10.3, ""vel"": 120.79, ""pos"": 3024.8, ""error"": 0}]","[[0, 0, 0, 0]]",[],"[[[0, 0, 0, 0], [-10.3, 120.79, 3024.8], 0]]"
-0.8,25.28,194.4,-3.9,50.0,927.3,-10.3,120.63,3026.7,"[{""pair"": [0, 0, 0, 0], ""acc"": -10.3, ""vel"": 120.63, ""pos"": 3026.7, ""error"": 0}]","[[0, 0, 0, 0]]",[],"[[[0, 0, 0, 0], [-10.3, 120.63, 3026.7], 0]]"
-0.8,25.26,194.8,8.0,50.0,1906.6,-10.3,120.45,3028.7,"[{""pair"": [0, 0, 0, 0], ""acc"": -10.3, ""vel"": 120.45, ""pos"": 3028.7, ""error"": 0}]","[[0, 0, 0, 0]]",[],"[[[0, 0, 0, 0], [-10.3, 120.45, 3028.7], 0]]"
-0.8,25.24,195.2,-8.0,50.0,2282.0,-10.3,120.27,3030.7,"[{""pair"": [0, 0, 0, 0], ""acc"": -10.3, ""vel"": 120.27, ""pos"": 3030.7, ""error"": 0}]","[[0, 0, 0, 0]]",[],"[[[0, 0, 0, 0], [-10.3, 120.27, 3030.7], 0]]"
-0.8,25.21,195.6,-3.5,50.0,1481.7,-10.3,120.11,3032.6,"[{""pair"": [0, 0, 0, 0], ""acc"": -10.3, ""vel"": 120.11, ""pos"": 3032.6, ""error"": 0}]","[[0, 0, 0, 0]]",[],"[[[0, 0, 0, 0], [-10.3, 120.11, 3032.6], 0]]"
-0.8,25.19,196.1,8.0,50.0,1101.5,-10.3,119.93,3034.6,"[{""pair"": [0, 0, 0, 0], ""acc"": -10.3, ""vel"": 119.93, ""pos"": 3034.6, ""error"": 0}]","[[0, 0, 0, 0]]",[],"[[[0, 0, 0, 0], [-10.3, 119.93, 3034.6], 0]]"
-0.8,25.17,196.5,-2.9,50.0,520.3,-10.3,119.75,3036.6,"[{""pair"": [0, 0, 0, 0], ""acc"": -10.3, ""vel"": 119.75, ""pos"": 3036.6, ""error"": 0}]","[[0, 0, 0, 0]]",[],"[[[0, 0, 0, 0], [-10.3, 119.75, 3036.6], 0]]"
-0.8,25.15,196.9,-1.3,50.0,1091.9,-10.3,119.59,3038.5,"[{""pair"": [0, 0, 0, 0], ""acc"": -10.3, ""vel"": 119.59, ""pos"": 3038.5, ""error"": 0}]","[[0, 0, 0, 0]]",[],"[[[0, 0, 0, 0], [-10.3, 119.59, 3038.5], 0]]"
-0.8,25.12,197.3,8.0,50.0,1633.0,-10.3,119.41,3040.5,"[{""pair"": [0, 0, 0, 0], ""acc"": -10.3, ""vel"": 119.41, ""pos"": 3040.5, ""error"": 0}]","[[0, 0, 0, 0]]",[],"[[[0, 0, 0, 0], [-10.3, 119.41, 3040.5], 0]]"
-0.8,25.1,197.7,8.0,50.0,1880.3,-10.3,119.23,3042.5,"[{""pair"": [0, 0, 0, 0], ""acc"": -10.3, ""vel"": 119.23, ""pos"": 3042.5, ""error"": 0}]","[[0, 0, 0, 0]]",[],"[[[0, 0, 0, 0], [-10.3, 119.23, 3042.5], 0]]"
-0.8,25.08,198.2,8.0,50.0,2870.1,-10.3,119.07,3044.4,"[{""pair"": [0, 0, 0, 0], ""acc"": -10.3, ""vel"": 119.07, ""pos"": 3044.4, ""error"": 0}]","[[0, 0, 0, 0]]",[],"[[[0, 0, 0, 0], [-10.3, 119.07, 3044.4], 0]]"
-0.8,25.06,198.6,8.0,50.0,3263.2,-10.3,118.89,3046.4,"[{""pair"": [0, 0, 0, 0], ""acc"": -10.3, ""vel"": 118.89, ""pos"": 3046.4, ""error"": 0}]","[[0, 0, 0, 0]]",[],"[[[0, 0, 0, 0], [-10.3, 118.89, 3046.4], 0]]"
-0.8,25.03,199.0,-8.0,50.0,287.0,-10.3,118.71,3048.4,"[{""pair"": [0, 0, 0, 0], ""acc"": -10.3, ""vel"": 118.71, ""pos"": 3048.4, ""error"": 0}]","[[0, 0, 0, 0]]",[],"[[[0, 0, 0, 0], [-10.3, 118.71, 3048.4], 0]]"
-0.8,25.01,199.4,8.0,50.0,2879.9,-10.3,118.55,3050.3,"[{""pair"": [0, 0, 0, 0], ""acc"": -10.3, ""vel"": 118.55, ""pos"": 3050.3, ""error"": 0}]","[[0, 0, 0, 0]]",[],"[[[0, 0, 0, 0], [-10.3, 118.55, 3050.3], 0]]"
-0.8,24.99,199.8,-8.0,50.0,1373.8,-10.3,118.37,3052.3,"[{""pair"": [0, 0, 0, 0], ""acc"": -10.3, ""vel"": 118.37, ""pos"": 3052.3, ""error"": 0}]","[[0, 0, 0, 0]]",[],"[[[0, 0, 0, 0], [-10.3, 118.37, 3052.3], 0]]"
-0.8,24.96,200.2,-8.0,50.0,1722.4,-10.3,118.19,3054.3,"[{""pair"": [0, 0, 0, 0], ""acc"": -10.3, ""vel"": 118.19, ""pos"": 3054.3, ""error"": 0}]","[[0, 0, 0, 0]]",[],"[[[0, 0, 0, 0], [-10.3, 118.19, 3054.3], 0]]"
-0.8,24.94,200.7,-8.0,50.0,1856.1,-10.3,118.03,3056.2,"[{""pair"": [0, 0, 0, 0], ""acc"": -10.3, ""vel"": 118.03, ""pos"": 3056.2, ""error"": 0}]","[[0, 0, 0, 0]]",[],"[[[0, 0, 0, 0], [-10.3, 118.03, 3056.2], 0]]"
-0.8,24.92,201.1,2.5,50.0,737.6,-10.3,117.85,3058.2,"[{""pair"": [0, 0, 0, 0], ""acc"": -10.3, ""vel"": 117.85, ""pos"": 3058.2, ""error"": 0}]","[[0, 0, 0, 0]]",[],"[[[0, 0, 0, 0], [-10.3, 117.85, 3058.2], 0]]"
-0.8,24.9,201.5,8.0,36.52,1108.7,-10.3,117.67,3060.2,"[{""pair"": [0, 0, 0, 0], ""acc"": -10.3, ""vel"": 117.67, ""pos"": 3060.2, ""error"": 0}]","[[0, 0, 0, 0]]",[],"[[[0, 0, 0, 0], [-10.3, 117.67, 3060.2], 0]]"
-0.8,24.87,201.9,8.0,50.0,2242.2,-10.3,117.51,3062.1,"[{""pair"": [0, 0, 0, 0], ""acc"": -10.3, ""vel"": 117.51, ""pos"": 3062.1, ""error"": 0}]","[[0, 0, 0, 0]]",[],"[[[0, 0, 0, 0], [-10.3, 117.51, 3062.1], 0]]"
-0.8,24.85,202.3,-8.0,50.0,2976.2,-10.3,117.33,3064.1,"[{""pair"": [0, 0, 0, 0], ""acc"": -10.3, ""vel"": 117.33, ""pos"": 3064.1, ""error"": 0}]","[[0, 0, 0, 0]]",[],"[[[0, 0, 0, 0], [-10.3, 117.33, 3064.1], 0]]"
-0.8,24.83,202.7,-4.4,4.67,3193.3,-10.3,117.15,3066.1,"[{""pair"": [0, 0, 0, 0], ""acc"": -10.3, ""vel"": 117.15, ""pos"": 3066.1, ""error"": 0}]","[[0, 0, 0, 0]]",[],"[[[0, 0, 0, 0], [-10.3, 117.15, 3066.1], 0]]"
-0.8,24.8,203.2,8.0,1.86,2985.9,-10.3,116.99,3068.0,"[{""pair"": [0, 0, 0, 0], ""acc"": -10.3, ""vel"": 116.99, ""pos"": 3068.0, ""error"": 0}]","[[0, 0, 0, 0]]",[],"[[[0, 0, 0, 0], [-10.3, 116.99, 3068.0], 0]]"
-0.8,24.78,203.5,8.0,21.49,2464.6,-10.3,116.81,3070.0,"[{""pair"": [0, 0, 0, 0], ""acc"": -10.3, ""vel"": 116.81, ""pos"": 3070.0, ""error"": 0}]","[[0, 0, 0, 0]]",[],"[[[0, 0, 0, 0], [-10.3, 116.81, 3070.0], 0]]"
-0.8,24.76,204.0,8.0,50.0,21.5,-10.3,116.63,3072.0,"[{""pair"": [0, 0, 0, 0], ""acc"": -10.3, ""vel"": 116.63, ""pos"": 3072.0, ""error"": 0}]","[[0, 0, 0, 0]]",[],"[[[0, 0, 0, 0], [-10.3, 116.63, 3072.0], 0]]"
-0.8,24.74,204.4,-8.0,50.0,2808.2,-10.3,116.47,3073.9,"[{""pair"": [0, 0, 0, 0], ""acc"": -10.3, ""vel"": 116.47, ""pos"": 3073.9, ""error"": 0}]","[[0, 0, 0, 0]]",[],"[[[0, 0, 0, 0], [-10.3, 116.47, 3073.9], 0]]"
-0.8,24.71,204.8,-8.0,50.0,1711.9,-10.3,116.29,3075.9,"[{""pair"": [0, 0, 0, 0], ""acc"": -10.3, ""vel"": 116.29, ""pos"": 3075.9, ""error"": 0}]","[[0, 0, 0, 0]]",[],"[[[0, 0, 0, 0], [-10.3, 116.29, 3075.9], 0]]"
-0.8,24.69,205.2,-8.0,26.87,960.0,-10.3,116.11,3077.9,"[{""pair"": [0, 0, 0, 0], ""acc"": -10.3, ""vel"": 116.11, ""pos"": 3077.9, ""error"": 0}]","[[0, 0, 0, 0]]",[],"[[[0, 0, 0, 0], [-10.3, 116.11, 3077.9], 0]]"
-0.8,24.67,205.6,8.0,50.0,3023.1,-10.3,115.95,3079.8,"[{""pair"": [0, 0, 0, 0], ""acc"": -10.3, ""vel"": 115.95, ""pos"": 3079.8, ""error"": 0}]","[[0, 0, 0, 0]]",[],"[[[0, 0, 0, 0], [-10.3, 115.95, 3079.8], 0]]"
-0.8,24.65,206.0,-8.0,50.0,135.8,-10.3,115.77,3081.8,"[{""pair"": [0, 0, 0, 0], ""acc"": -10.3, ""vel"": 115.77, ""pos"": 3081.8, ""error"": 0}]","[[0, 0, 0, 0]]",[],"[[[0, 0, 0, 0], [-10.3, 115.77, 3081.8], 0]]"
-0.8,24.62,206.4,4.2,50.0,1658.9,-10.3,115.59,3083.8,"[{""pair"": [0, 0, 0, 0], ""acc"": -10.3, ""vel"": 115.59, ""pos"": 3083.8, ""error"": 0}]","[[0, 0, 0, 0]]",[],"[[[0, 0, 0, 0], [-10.3, 115.59, 3083.8], 0]]"
-0.8,24.6,206.9,8.0,50.0,1903.1,-10.3,115.43,3085.6,"[{""pair"": [0, 0, 0, 0], ""acc"": -10.3, ""vel"": 115.43, ""pos"": 3085.6, ""error"": 0}]","[[0, 0, 0, 0]]",[],"[[[0, 0, 0, 0], [-10.3, 115.43, 3085.6], 0]]"
-0.8,24.58,207.3,-8.0,47.22,2252.3,-10.3,115.25,3087.6,"[{""pair"": [0, 0, 0, 0], ""acc"": -10.3, ""vel"": 115.25, ""pos"": 3087.6, ""error"": 0}]","[[0, 0, 0, 0]]",[],"[[[0, 0, 0, 0], [-10.3, 115.25, 3087.6], 0]]"
-0.8,24.56,207.7,-8.0,50.0,2560.3,-10.3,115.07,3089.6,"[{""pair"": [0, 0, 0, 0], ""acc"": -10.3, ""vel"": 115.07, ""pos"": 3089.6, ""error"": 0}]","[[0, 0, 0, 0]]",[],"[[[0, 0, 0, 0], [-10.3, 115.07, 3089.6], 0]]"
-0.8,24.53,208.1,2.8,50.0,2000.3,-10.3,114.91,3091.4,"[{""pair"": [0, 0, 0, 0], ""acc"": -10.3, ""vel"": 114.91, ""pos"": 3091.4, ""error"": 0}]","[[0, 0, 0, 0]]",[],"[[[0, 0, 0, 0], [-10.3, 114.91, 3091.4], 0]]"
-0.8,24.51,208.5,-8.0,37.59,2804.8,-10.3,114.73,3093.4,"[{""pair"": [0, 0, 0, 0], ""acc"": -10.3, ""vel"": 114.73, ""pos"": 3093.4, ""error"": 0}]","[[0, 0, 0, 0]]",[],"[[[0, 0, 0, 0], [-10.3, 114.73, 3093.4], 0]]"
-0.8,24.49,208.9,8.0,50.0,391.0,-10.3,114.55,3095.3,"[{""pair"": [0, 0, 0, 0], ""acc"": -10.3, ""vel"": 114.55, ""pos"": 3095.3, ""error"": 0}]","[[0, 0, 0, 0]]",[],"[[[0, 0, 0, 0], [-10.3, 114.55, 3095.3], 0]]"
-0.8,24.47,209.3,-8.0,50.0,516.1,-10.3,114.39,3097.1,"[{""pair"": [0, 0, 0, 0], ""acc"": -10.3, ""vel"": 114.39, ""pos"": 3097.1, ""error"": 0}]","[[0, 0, 0, 0]]",[],"[[[0, 0, 0, 0], [-10.3, 114.39, 3097.1], 0]]"
-0.8,24.44,209.7,8.0,50.0,585.0,-10.3,114.21,3099.0,"[{""pair"": [0, 0, 0, 0], ""acc"": -10.3, ""vel"": 114.21, ""pos"": 3099.0, ""error"": 0}]","[[0, 0, 0, 0]]",[],"[[[0, 0, 0, 0], [-10.3, 114.21, 3099.0], 0]]"
-0.8,24.42,210.1,8.0,50.0,1089.5,-10.3,114.03,3100.9,"[{""pair"": [0, 0, 0, 0], ""acc"": -10.3, ""vel"": 114.03, ""pos"": 3100.9, ""error"": 0}]","[[0, 0, 0, 0]]",[],"[[[0, 0, 0, 0], [-10.3, 114.03, 3100.9], 0]]"
-0.9,24.4,210.5,5.9,30.63,1225.6,-10.3,113.87,3102.7,"[{""pair"": [0, 0, 0, 0], ""acc"": -10.3, ""vel"": 113.87, ""pos"": 3102.7, ""error"": 0}]","[[0, 0, 0, 0]]",[],"[[[0, 0, 0, 0], [-10.3, 113.87, 3102.7], 0]]"
-0.9,24.37,210.9,-8.0,5.08,991.0,-10.3,113.69,3104.6,"[{""pair"": [0, 0, 0, 0], ""acc"": -10.3, ""vel"": 113.69, ""pos"": 3104.6, ""error"": 0}]","[[0, 0, 0, 0]]",[],"[[[0, 0, 0, 0], [-10.3, 113.69, 3104.6], 0]]"
-0.9,24.35,211.3,-8.0,24.27,3223.1,-10.3,113.51,3106.5,"[{""pair"": [0, 0, 0, 0], ""acc"": -10.3, ""vel"": 113.51, ""pos"": 3106.5, ""error"": 0}]","[[0, 0, 0, 0]]",[],"[[[0, 0, 0, 0], [-10.3, 113.51, 3106.5], 0]]"
-0.9,24.33,211.8,-1.7,50.0,1039.9,-10.3,113.35,3108.3,"[{""pair"": [0, 0, 0, 0], ""acc"": -10.3, ""vel"": 113.35, ""pos"": 3108.3, ""error"": 0}]","[[0, 0, 0, 0]]",[],"[[[0, 0, 0, 0], [-10.3, 113.35, 3108.3], 0]]"
-0.9,24.3,212.1,8.0,50.0,3190.0,-10.3,113.17,3110.2,"[{""pair"": [0, 0, 0, 0], ""acc"": -10.3, ""vel"": 113.17, ""pos"": 3110.2, ""error"": 0}]","[[0, 0, 0, 0]]",[],"[[[0, 0, 0, 0], [-10.3, 113.17, 3110.2], 0]]"
-0.9,24.28,212.6,-1.4,38.73,2522.5,-10.3,112.99,3112.1,"[{""pair"": [0, 0, 0, 0], ""acc"": -10.3, ""vel"": 112.99, ""pos"": 3112.1, ""error"": 0}]","[[0, 0, 0, 0]]",[],"[[[0, 0, 0, 0], [-10.3, 112.99, 3112.1], 0]]"
-0.9,24.26,213.0,8.0,50.0,304.8,-10.3,112.83,3113.9,"[{""pair"": [0, 0, 0, 0], ""acc"": -10.3, ""vel"": 112.83, ""pos"": 3113.9, ""error"": 0}]","[[0, 0, 0, 0]]",[],"[[[0, 0, 0, 0], [-10.3, 112.83, 3113.9], 0]]"
-0.9,24.24,213.4,0.7,27.07,920.6,-10.3,112.65,3115.8,"[{""pair"": [0, 0, 0, 0], ""acc"": -10.3, ""vel"": 112.65, ""pos"": 3115.8, ""error"": 0}]","[[0, 0, 0, 0]]",[],"[[[0, 0, 0, 0], [-10.3, 112.65, 3115.8], 0]]"
-0.9,24.21,213.8,1.8,50.0,148.6,-10.3,112.47,3117.7,"[{""pair"": [0, 0, 0, 0], ""acc"": -10.3, ""vel"": 112.47, ""pos"": 3117.7, ""error"": 0}]","[[0, 0, 0, 0]]",[],"[[[0, 0, 0, 0], [-10.3, 112.47, 3117.7], 0]]"
-0.9,24.19,214.2,8.0,50.0,751.3,-10.3,112.31,3119.5,"[{""pair"": [0, 0, 0, 0], ""acc"": -10.3, ""vel"": 112.31, ""pos"": 3119.5, ""error"": 0}]","[[0, 0, 0, 0]]",[],"[[[0, 0, 0, 0], [-10.3, 112.31, 3119.5], 0]]"
-0.9,24.17,214.6,5.1,26.63,2232.9,-10.3,112.13,3121.4,"[{""pair"": [0, 0, 0, 0], ""acc"": -10.3, ""vel"": 112.13, ""pos"": 3121.4, ""error"": 0}]","[[0, 0, 0, 0]]",[],"[[[0, 0, 0, 0], [-10.3, 112.13, 3121.4], 0]]"
-0.9,24.14,215.0,8.0,50.0,2735.8,-10.3,111.95,3123.3,"[{""pair"": [0, 0, 0, 0], ""acc"": -10.3, ""vel"": 111.95, ""pos"": 3123.3, ""error"": 0}]","[[0, 0, 0, 0]]",[],"[[[0, 0, 0, 0], [-10.3, 111.95, 3123.3], 0]]"
-0.9,24.12,215.4,-8.0,8.09,1328.9,-10.3,111.79,3125.1,"[{""pair"": [0, 0, 0, 0], ""acc"": -10.3, ""vel"": 111.79, ""pos"": 3125.1, ""error"": 0}]","[[0, 0, 0, 0]]",[],"[[[0, 0, 0, 0], [-10.3, 111.79, 3125.1], 0]]"
-0.9,24.1,215.8,-3.4,0.76,3094.4,-10.3,111.61,3127.0,"[{""pair"": [0, 0, 0, 0], ""acc"": -10.3, ""vel"": 111.61, ""pos"": 3127.0, ""error"": 0}]","[[0, 0, 0, 0]]",[],"[[[0, 0, 0, 0], [-10.3, 111.61, 3127.0], 0]]"
-0.9,24.07,216.2,7.8,50.0,929.5,-10.3,111.43,3128.9,"[{""pair"": [0, 0, 0, 0], ""acc"": -10.3, ""vel"": 111.43, ""pos"": 3128.9, ""error"": 0}]","[[0, 0, 0, 0]]",[],"[[[0, 0, 0, 0], [-10.3, 111.43, 3128.9], 0]]"
-0.9,24.05,216.6,-8.0,6.23,587.4,-10.3,111.27,3130.7,"[{""pair"": [0, 0, 0, 0], ""acc"": -10.3, ""vel"": 111.27, ""pos"": 3130.7, ""error"": 0}]","[[0, 0, 0, 0]]",[],"[[[0, 0, 0, 0], [-10.3, 111.27, 3130.7], 0]]"
-0.9,24.03,217.0,-4.5,50.0,2319.7,-10.3,111.09,3132.6,"[{""pair"": [0, 0, 0, 0], ""acc"": -10.3, ""vel"": 111.09, ""pos"": 3132.6, ""error"": 0}]","[[0, 0, 0, 0]]",[],"[[[0, 0, 0, 0], [-10.3, 111.09, 3132.6], 0]]"
-0.9,24.0,217.4,8.0,50.0,311.7,-10.3,110.91,3134.5,"[{""pair"": [0, 0, 0, 0], ""acc"": -10.3, ""vel"": 110.91, ""pos"": 3134.5, ""error"": 0}]","[[0, 0, 0, 0]]",[],"[[[0, 0, 0, 0], [-10.3, 110.91, 3134.5], 0]]"
-0.9,23.98,217.8,-8.0,40.92,2106.5,-10.3,110.75,3136.3,"[{""pair"": [0, 0, 0, 0], ""acc"": -10.3, ""vel"": 110.75, ""pos"": 3136.3, ""error"": 0}]","[[0, 0, 0, 0]]",[],"[[[0, 0, 0, 0], [-10.3, 110.75, 3136.3], 0]]"
-0.9,23.96,218.2,-8.0,50.0,1514.4,-10.3,110.57,3138.2,"[{""pair"": [0, 0, 0, 0], ""acc"": -10.3, ""vel"": 110.57, ""pos"": 3138.2, ""error"": 0}]","[[0, 0, 0, 0]]",[],"[[[0, 0, 0, 0], [-10.3, 110.57, 3138.2], 0]]"
-0.9,23.94,218.6,-8.0,50.0,1163.3,-18.4,56.14,1163.3,"[{""pair"": [2, 2, 2, 2], ""acc"": -18.4, ""vel"": 56.14, ""pos"": 1163.3, ""error"": 2031.03310165}, {""pair"": [2, 2, 2, 2], ""acc"": -18.4, ""vel"": 56.14, ""pos"": 1163.3, ""error"": 2031.03310165}, {""pair"": [2, 2, 2, 2], ""acc"": -18.4, ""vel"": 56.14, ""pos"": 1163.3, ""error"": 2031.03310165}, {""pair"": [2, 2, 2, 2], ""acc"": -18.4, ""vel"": 56.14, ""pos"": 1163.3, ""error"": 2031.03310165}, {""pair"": [2, 2, 2, 2], ""acc"": -18.4, ""vel"": 56.14, ""pos"": 1163.3, ""error"": 2031.03310165}, {""pair"": [2, 2, 2, 2], ""acc"": -18.4, ""vel"": 56.14, ""pos"": 1163.3, ""error"": 2031.03310165}, {""pair"": [2, 2, 2, 2], ""acc"": -18.4, ""vel"": 56.14, ""pos"": 1163.3, ""error"": 2031.03310165}, {""pair"": [2, 2, 2, 2], ""acc"": -18.4, ""vel"": 56.14, ""pos"": 1163.3, ""error"": 2031.03310165}, {""pair"": [2, 2, 2, 2], ""acc"": -18.4, ""vel"": 56.14, ""pos"": 1163.3, ""error"": 2031.03310165}, {""pair"": [2, 2, 2, 2], ""acc"": -18.4, ""vel"": 56.14, ""pos"": 1163.3, ""error"": 2031.03310165}, {""pair"": [2, 2, 2, 2], ""acc"": -18.4, ""vel"": 56.14, ""pos"": 1163.3, ""error"": 2031.03310165}, {""pair"": [2, 2, 2, 2], ""acc"": -18.4, ""vel"": 56.14, ""pos"": 1163.3, ""error"": 2031.03310165}, {""pair"": [2, 2, 2, 2], ""acc"": -18.4, ""vel"": 56.14, ""pos"": 1163.3, ""error"": 2031.03310165}, {""pair"": [2, 2, 2, 2], ""acc"": -18.4, ""vel"": 56.14, ""pos"": 1163.3, ""error"": 2031.03310165}, {""pair"": [2, 2, 2, 2], ""acc"": -18.4, ""vel"": 56.14, ""pos"": 1163.3, ""error"": 2031.03310165}, {""pair"": [2, 2, 2, 2], ""acc"": -18.4, ""vel"": 56.14, ""pos"": 1163.3, ""error"": 2031.03310165}]","[[2, 2, 2, 2], [2, 2, 2, 2], [2, 2, 2, 2], [2, 2, 2, 2], [2, 2, 2, 2], [2, 2, 2, 2], [2, 2, 2, 2], [2, 2, 2, 2], [2, 2, 2, 2], [2, 2, 2, 2], [2, 2, 2, 2], [2, 2, 2, 2], [2, 2, 2, 2], [2, 2, 2, 2], [2, 2, 2, 2], [2, 2, 2, 2]]","[[{""pair"": [2, 2, 2, 2], ""acc"": -18.4, ""vel"": 56.14, ""pos"": 1163.3, ""error"": 2031.03310165}], [{""pair"": [2, 2, 2, 2], ""acc"": -18.4, ""vel"": 56.14, ""pos"": 1163.3, ""error"": 2031.03310165}], [{""pair"": [2, 2, 2, 2], ""acc"": -18.4, ""vel"": 56.14, ""pos"": 1163.3, ""error"": 2031.03310165}], [{""pair"": [2, 2, 2, 2], ""acc"": -18.4, ""vel"": 56.14, ""pos"": 1163.3, ""error"": 2031.03310165}], [{""pair"": [2, 2, 2, 2], ""acc"": -18.4, ""vel"": 56.14, ""pos"": 1163.3, ""error"": 2031.03310165}], [{""pair"": [2, 2, 2, 2], ""acc"": -18.4, ""vel"": 56.14, ""pos"": 1163.3, ""error"": 2031.03310165}], [{""pair"": [2, 2, 2, 2], ""acc"": -18.4, ""vel"": 56.14, ""pos"": 1163.3, ""error"": 2031.03310165}], [{""pair"": [2, 2, 2, 2], ""acc"": -18.4, ""vel"": 56.14, ""pos"": 1163.3, ""error"": 2031.03310165}], [{""pair"": [2, 2, 2, 2], ""acc"": -18.4, ""vel"": 56.14, ""pos"": 1163.3, ""error"": 2031.03310165}], [{""pair"": [2, 2, 2, 2], ""acc"": -18.4, ""vel"": 56.14, ""pos"": 1163.3, ""error"": 2031.03310165}], [{""pair"": [2, 2, 2, 2], ""acc"": -18.4, ""vel"": 56.14, ""pos"": 1163.3, ""error"": 2031.03310165}], [{""pair"": [2, 2, 2, 2], ""acc"": -18.4, ""vel"": 56.14, ""pos"": 1163.3, ""error"": 2031.03310165}], [{""pair"": [2, 2, 2, 2], ""acc"": -18.4, ""vel"": 56.14, ""pos"": 1163.3, ""error"": 2031.03310165}], [{""pair"": [2, 2, 2, 2], ""acc"": -18.4, ""vel"": 56.14, ""pos"": 1163.3, ""error"": 2031.03310165}], [{""pair"": [2, 2, 2, 2], ""acc"": -18.4, ""vel"": 56.14, ""pos"": 1163.3, ""error"": 2031.03310165}], [{""pair"": [2, 2, 2, 2], ""acc"": -18.4, ""vel"": 56.14, ""pos"": 1163.3, ""error"": 2031.03310165}]]","[[[2, 2, 2, 2], [-18.4, 56.14, 1163.3], 2031.03310165], [[2, 2, 2, 2], [-18.4, 56.14, 1163.3], 2031.03310165], [[2, 2, 2, 2], [-18.4, 56.14, 1163.3], 2031.03310165], [[2, 2, 2, 2], [-18.4, 56.14, 1163.3], 2031.03310165], [[2, 2, 2, 2], [-18.4, 56.14, 1163.3], 2031.03310165], [[2, 2, 2, 2], [-18.4, 56.14, 1163.3], 2031.03310165], [[2, 2, 2, 2], [-18.4, 56.14, 1163.3], 2031.03310165], [[2, 2, 2, 2], [-18.4, 56.14, 1163.3], 2031.03310165], [[2, 2, 2, 2], [-18.4, 56.14, 1163.3], 2031.03310165], [[2, 2, 2, 2], [-18.4, 56.14, 1163.3], 2031.03310165], [[2, 2, 2, 2], [-18.4, 56.14, 1163.3], 2031.03310165], [[2, 2, 2, 2], [-18.4, 56.14, 1163.3], 2031.03310165], [[2, 2, 2, 2], [-18.4, 56.14, 1163.3], 2031.03310165], [[2, 2, 2, 2], [-18.4, 56.14, 1163.3], 2031.03310165], [[2, 2, 2, 2], [-18.4, 56.14, 1163.3], 2031.03310165], [[2, 2, 2, 2], [-18.4, 56.14, 1163.3], 2031.03310165]]"
-0.9,23.91,219.0,-8.0,22.25,1204.2,-18.4,55.85,1164.2,"[{""pair"": [0, 0, 0, 0], ""acc"": -18.4, ""vel"": 55.85, ""pos"": 1164.2, ""error"": 0}]","[[0, 0, 0, 0]]",[],"[[[0, 0, 0, 0], [-18.4, 55.85, 1164.2], 0]]"
-0.9,23.89,219.4,-6.8,50.0,1412.5,-18.4,55.54,1165.1,"[{""pair"": [0, 0, 0, 0], ""acc"": -18.4, ""vel"": 55.54, ""pos"": 1165.1, ""error"": 0}]","[[0, 0, 0, 0]]",[],"[[[0, 0, 0, 0], [-18.4, 55.54, 1165.1], 0]]"
-0.9,23.87,219.8,-8.0,50.0,2673.0,-18.4,55.23,1166.0,"[{""pair"": [0, 0, 0, 0], ""acc"": -18.4, ""vel"": 55.23, ""pos"": 1166.0, ""error"": 0}]","[[0, 0, 0, 0]]",[],"[[[0, 0, 0, 0], [-18.4, 55.23, 1166.0], 0]]"
-0.9,23.84,220.2,-8.0,50.0,3161.3,-18.4,54.94,1166.9,"[{""pair"": [0, 0, 0, 0], ""acc"": -18.4, ""vel"": 54.94, ""pos"": 1166.9, ""error"": 0}]","[[0, 0, 0, 0]]",[],"[[[0, 0, 0, 0], [-18.4, 54.94, 1166.9], 0]]"
-0.9,23.82,220.6,-8.0,50.0,2551.1,-18.4,54.63,1167.8,"[{""pair"": [0, 0, 0, 0], ""acc"": -18.4, ""vel"": 54.63, ""pos"": 1167.8, ""error"": 0}]","[[0, 0, 0, 0]]",[],"[[[0, 0, 0, 0], [-18.4, 54.63, 1167.8], 0]]"
-0.9,23.8,221.0,6.7,50.0,1566.0,-18.4,54.32,1168.7,"[{""pair"": [0, 0, 0, 0], ""acc"": -18.4, ""vel"": 54.32, ""pos"": 1168.7, ""error"": 0}]","[[0, 0, 0, 0]]",[],"[[[0, 0, 0, 0], [-18.4, 54.32, 1168.7], 0]]"
-0.9,23.77,221.4,8.0,15.2,313.7,-18.4,54.03,1169.6,"[{""pair"": [0, 0, 0, 0], ""acc"": -18.4, ""vel"": 54.03, ""pos"": 1169.6, ""error"": 0}]","[[0, 0, 0, 0]]",[],"[[[0, 0, 0, 0], [-18.4, 54.03, 1169.6], 0]]"
-0.9,23.75,221.8,8.0,19.8,1859.5,-18.4,53.72,1170.5,"[{""pair"": [0, 0, 0, 0], ""acc"": -18.4, ""vel"": 53.72, ""pos"": 1170.5, ""error"": 0}]","[[0, 0, 0, 0]]",[],"[[[0, 0, 0, 0], [-18.4, 53.72, 1170.5], 0]]"
-0.9,23.73,222.2,8.0,50.0,804.5,-18.4,53.41,1171.4,"[{""pair"": [0, 0, 0, 0], ""acc"": -18.4, ""vel"": 53.41, ""pos"": 1171.4, ""error"": 0}]","[[0, 0, 0, 0]]",[],"[[[0, 0, 0, 0], [-18.4, 53.41, 1171.4], 0]]"
-0.9,23.7,222.6,8.0,35.95,354.6,-18.4,53.12,1172.3,"[{""pair"": [0, 0, 0, 0], ""acc"": -18.4, ""vel"": 53.12, ""pos"": 1172.3, ""error"": 0}]","[[0, 0, 0, 0]]",[],"[[[0, 0, 0, 0], [-18.4, 53.12, 1172.3], 0]]"
-0.9,23.68,222.9,-8.0,50.0,1622.6,-18.4,52.81,1173.2,"[{""pair"": [0, 0, 0, 0], ""acc"": -18.4, ""vel"": 52.81, ""pos"": 1173.2, ""error"": 0}]","[[0, 0, 0, 0]]",[],"[[[0, 0, 0, 0], [-18.4, 52.81, 1173.2], 0]]"
-0.9,23.65,223.3,6.3,50.0,1694.6,-18.4,52.5,1174.1,"[{""pair"": [0, 0, 0, 0], ""acc"": -18.4, ""vel"": 52.5, ""pos"": 1174.1, ""error"": 0}]","[[0, 0, 0, 0]]",[],"[[[0, 0, 0, 0], [-18.4, 52.5, 1174.1], 0]]"
-0.9,23.63,223.7,-8.0,50.0,2100.6,-18.4,52.21,1174.9,"[{""pair"": [0, 0, 0, 0], ""acc"": -18.4, ""vel"": 52.21, ""pos"": 1174.9, ""error"": 0}]","[[0, 0, 0, 0]]",[],"[[[0, 0, 0, 0], [-18.4, 52.21, 1174.9], 0]]"
-0.9,23.61,224.1,-5.0,50.0,446.0,-18.4,51.9,1175.8,"[{""pair"": [0, 0, 0, 0], ""acc"": -18.4, ""vel"": 51.9, ""pos"": 1175.8, ""error"": 0}]","[[0, 0, 0, 0]]",[],"[[[0, 0, 0, 0], [-18.4, 51.9, 1175.8], 0]]"
-0.9,23.58,224.5,-8.0,50.0,2566.3,-12.0,138.04,2566.3,"[{""pair"": [2, 2, 2, 2], ""acc"": -12.0, ""vel"": 138.04, ""pos"": 2566.3, ""error"": 1476.0731588000003}, {""pair"": [2, 2, 2, 2], ""acc"": -12.0, ""vel"": 138.04, ""pos"": 2566.3, ""error"": 1476.0731588000003}, {""pair"": [2, 2, 2, 2], ""acc"": -12.0, ""vel"": 138.04, ""pos"": 2566.3, ""error"": 1476.0731588000003}, {""pair"": [2, 2, 2, 2], ""acc"": -12.0, ""vel"": 138.04, ""pos"": 2566.3, ""error"": 1476.0731588000003}, {""pair"": [2, 2, 2, 2], ""acc"": -12.0, ""vel"": 138.04, ""pos"": 2566.3, ""error"": 1476.0731588000003}, {""pair"": [2, 2, 2, 2], ""acc"": -12.0, ""vel"": 138.04, ""pos"": 2566.3, ""error"": 1476.0731588000003}, {""pair"": [2, 2, 2, 2], ""acc"": -12.0, ""vel"": 138.04, ""pos"": 2566.3, ""error"": 1476.0731588000003}, {""pair"": [2, 2, 2, 2], ""acc"": -12.0, ""vel"": 138.04, ""pos"": 2566.3, ""error"": 1476.0731588000003}, {""pair"": [2, 2, 2, 2], ""acc"": -12.0, ""vel"": 138.04, ""pos"": 2566.3, ""error"": 1476.0731588000003}, {""pair"": [2, 2, 2, 2], ""acc"": -12.0, ""vel"": 138.04, ""pos"": 2566.3, ""error"": 1476.0731588000003}, {""pair"": [2, 2, 2, 2], ""acc"": -12.0, ""vel"": 138.04, ""pos"": 2566.3, ""error"": 1476.0731588000003}, {""pair"": [2, 2, 2, 2], ""acc"": -12.0, ""vel"": 138.04, ""pos"": 2566.3, ""error"": 1476.0731588000003}, {""pair"": [2, 2, 2, 2], ""acc"": -12.0, ""vel"": 138.04, ""pos"": 2566.3, ""error"": 1476.0731588000003}, {""pair"": [2, 2, 2, 2], ""acc"": -12.0, ""vel"": 138.04, ""pos"": 2566.3, ""error"": 1476.0731588000003}, {""pair"": [2, 2, 2, 2], ""acc"": -12.0, ""vel"": 138.04, ""pos"": 2566.3, ""error"": 1476.0731588000003}, {""pair"": [2, 2, 2, 2], ""acc"": -12.0, ""vel"": 138.04, ""pos"": 2566.3, ""error"": 1476.0731588000003}]","[[2, 2, 2, 2], [2, 2, 2, 2], [2, 2, 2, 2], [2, 2, 2, 2], [2, 2, 2, 2], [2, 2, 2, 2], [2, 2, 2, 2], [2, 2, 2, 2], [2, 2, 2, 2], [2, 2, 2, 2], [2, 2, 2, 2], [2, 2, 2, 2], [2, 2, 2, 2], [2, 2, 2, 2], [2, 2, 2, 2], [2, 2, 2, 2]]","[[{""pair"": [2, 2, 2, 2], ""acc"": -12.0, ""vel"": 138.04, ""pos"": 2566.3, ""error"": 1476.0731588000003}], [{""pair"": [2, 2, 2, 2], ""acc"": -12.0, ""vel"": 138.04, ""pos"": 2566.3, ""error"": 1476.0731588000003}], [{""pair"": [2, 2, 2, 2], ""acc"": -12.0, ""vel"": 138.04, ""pos"": 2566.3, ""error"": 1476.0731588000003}], [{""pair"": [2, 2, 2, 2], ""acc"": -12.0, ""vel"": 138.04, ""pos"": 2566.3, ""error"": 1476.0731588000003}], [{""pair"": [2, 2, 2, 2], ""acc"": -12.0, ""vel"": 138.04, ""pos"": 2566.3, ""error"": 1476.0731588000003}], [{""pair"": [2, 2, 2, 2], ""acc"": -12.0, ""vel"": 138.04, ""pos"": 2566.3, ""error"": 1476.0731588000003}], [{""pair"": [2, 2, 2, 2], ""acc"": -12.0, ""vel"": 138.04, ""pos"": 2566.3, ""error"": 1476.0731588000003}], [{""pair"": [2, 2, 2, 2], ""acc"": -12.0, ""vel"": 138.04, ""pos"": 2566.3, ""error"": 1476.0731588000003}], [{""pair"": [2, 2, 2, 2], ""acc"": -12.0, ""vel"": 138.04, ""pos"": 2566.3, ""error"": 1476.0731588000003}], [{""pair"": [2, 2, 2, 2], ""acc"": -12.0, ""vel"": 138.04, ""pos"": 2566.3, ""error"": 1476.0731588000003}], [{""pair"": [2, 2, 2, 2], ""acc"": -12.0, ""vel"": 138.04, ""pos"": 2566.3, ""error"": 1476.0731588000003}], [{""pair"": [2, 2, 2, 2], ""acc"": -12.0, ""vel"": 138.04, ""pos"": 2566.3, ""error"": 1476.0731588000003}], [{""pair"": [2, 2, 2, 2], ""acc"": -12.0, ""vel"": 138.04, ""pos"": 2566.3, ""error"": 1476.0731588000003}], [{""pair"": [2, 2, 2, 2], ""acc"": -12.0, ""vel"": 138.04, ""pos"": 2566.3, ""error"": 1476.0731588000003}], [{""pair"": [2, 2, 2, 2], ""acc"": -12.0, ""vel"": 138.04, ""pos"": 2566.3, ""error"": 1476.0731588000003}], [{""pair"": [2, 2, 2, 2], ""acc"": -12.0, ""vel"": 138.04, ""pos"": 2566.3, ""error"": 1476.0731588000003}]]","[[[2, 2, 2, 2], [-12.0, 138.04, 2566.3], 1476.0731588000003], [[2, 2, 2, 2], [-12.0, 138.04, 2566.3], 1476.0731588000003], [[2, 2, 2, 2], [-12.0, 138.04, 2566.3], 1476.0731588000003], [[2, 2, 2, 2], [-12.0, 138.04, 2566.3], 1476.0731588000003], [[2, 2, 2, 2], [-12.0, 138.04, 2566.3], 1476.0731588000003], [[2, 2, 2, 2], [-12.0, 138.04, 2566.3], 1476.0731588000003], [[2, 2, 2, 2], [-12.0, 138.04, 2566.3], 1476.0731588000003], [[2, 2, 2, 2], [-12.0, 138.04, 2566.3], 1476.0731588000003], [[2, 2, 2, 2], [-12.0, 138.04, 2566.3], 1476.0731588000003], [[2, 2, 2, 2], [-12.0, 138.04, 2566.3], 1476.0731588000003], [[2, 2, 2, 2], [-12.0, 138.04, 2566.3], 1476.0731588000003], [[2, 2, 2, 2], [-12.0, 138.04, 2566.3], 1476.0731588000003], [[2, 2, 2, 2], [-12.0, 138.04, 2566.3], 1476.0731588000003], [[2, 2, 2, 2], [-12.0, 138.04, 2566.3], 1476.0731588000003], [[2, 2, 2, 2], [-12.0, 138.04, 2566.3], 1476.0731588000003], [[2, 2, 2, 2], [-12.0, 138.04, 2566.3], 1476.0731588000003]]"
-0.9,23.56,224.9,-0.1,50.0,716.5,-12.0,137.85,2568.5,"[{""pair"": [0, 0, 0, 0], ""acc"": -12.0, ""vel"": 137.85, ""pos"": 2568.5, ""error"": 0}]","[[0, 0, 0, 0]]",[],"[[[0, 0, 0, 0], [-12.0, 137.85, 2568.5], 0]]"
-0.9,23.54,225.3,-2.2,50.0,2778.4,-12.0,137.65,2570.8,"[{""pair"": [0, 0, 0, 0], ""acc"": -12.0, ""vel"": 137.65, ""pos"": 2570.8, ""error"": 0}]","[[0, 0, 0, 0]]",[],"[[[0, 0, 0, 0], [-12.0, 137.65, 2570.8], 0]]"
-0.9,23.51,225.7,8.0,50.0,367.9,-12.0,137.45,2573.1,"[{""pair"": [0, 0, 0, 0], ""acc"": -12.0, ""vel"": 137.45, ""pos"": 2573.1, ""error"": 0}]","[[0, 0, 0, 0]]",[],"[[[0, 0, 0, 0], [-12.0, 137.45, 2573.1], 0]]"
-0.9,23.49,226.1,-8.0,50.0,288.9,-12.0,137.26,2575.3,"[{""pair"": [0, 0, 0, 0], ""acc"": -12.0, ""vel"": 137.26, ""pos"": 2575.3, ""error"": 0}]","[[0, 0, 0, 0]]",[],"[[[0, 0, 0, 0], [-12.0, 137.26, 2575.3], 0]]"
-0.9,23.46,226.5,6.8,17.04,380.0,6.8,16.96,380.0,"[{""pair"": [3, 15, 1, 12], ""acc"": 6.8, ""vel"": 16.96, ""pos"": 380.0, ""error"": 2317.7276859999997}]","[[3, 15, 1, 12]]","[[{""pair"": [3, 15, 1, 12], ""acc"": 6.8, ""vel"": 16.96, ""pos"": 380.0, ""error"": 2317.7276859999997}]]","[[[3, 15, 1, 12], [6.8, 16.96, 380.0], 2317.7276859999997]]"
-0.9,23.44,226.9,6.0,16.13,1763.5,6.8,17.08,380.3,"[{""pair"": [0, 0, 0, 0], ""acc"": 6.8, ""vel"": 17.08, ""pos"": 380.3, ""error"": 0}]","[[0, 0, 0, 0]]",[],"[[[0, 0, 0, 0], [6.8, 17.08, 380.3], 0]]"
-0.9,23.42,227.3,-8.0,50.0,541.2,6.8,17.19,380.6,"[{""pair"": [0, 0, 0, 0], ""acc"": 6.8, ""vel"": 17.19, ""pos"": 380.6, ""error"": 0}]","[[0, 0, 0, 0]]",[],"[[[0, 0, 0, 0], [6.8, 17.19, 380.6], 0]]"
-0.9,23.39,227.6,8.0,50.0,3068.8,6.8,17.31,380.9,"[{""pair"": [0, 0, 0, 0], ""acc"": 6.8, ""vel"": 17.31, ""pos"": 380.9, ""error"": 0}]","[[0, 0, 0, 0]]",[],"[[[0, 0, 0, 0], [6.8, 17.31, 380.9], 0]]"
-0.9,23.37,228.0,7.9,27.03,2866.7,6.8,17.43,381.2,"[{""pair"": [0, 0, 0, 0], ""acc"": 6.8, ""vel"": 17.43, ""pos"": 381.2, ""error"": 0}]","[[0, 0, 0, 0]]",[],"[[[0, 0, 0, 0], [6.8, 17.43, 381.2], 0]]"
-0.9,23.35,228.4,-8.0,15.46,2555.0,6.8,17.54,381.5,"[{""pair"": [0, 0, 0, 0], ""acc"": 6.8, ""vel"": 17.54, ""pos"": 381.5, ""error"": 0}]","[[0, 0, 0, 0]]",[],"[[[0, 0, 0, 0], [6.8, 17.54, 381.5], 0]]"
-0.9,23.32,228.8,6.9,41.5,1740.8,6.8,17.66,381.8,"[{""pair"": [0, 0, 0, 0], ""acc"": 6.8, ""vel"": 17.66, ""pos"": 381.8, ""error"": 0}]","[[0, 0, 0, 0]]",[],"[[[0, 0, 0, 0], [6.8, 17.66, 381.8], 0]]"
-0.9,23.3,229.2,7.0,49.95,632.8,6.8,17.78,382.1,"[{""pair"": [0, 0, 0, 0], ""acc"": 6.8, ""vel"": 17.78, ""pos"": 382.1, ""error"": 0}]","[[0, 0, 0, 0]]",[],"[[[0, 0, 0, 0], [6.8, 17.78, 382.1], 0]]"
-0.9,23.28,229.6,8.0,39.13,1280.6,6.8,17.89,382.4,"[{""pair"": [0, 0, 0, 0], ""acc"": 6.8, ""vel"": 17.89, ""pos"": 382.4, ""error"": 0}]","[[0, 0, 0, 0]]",[],"[[[0, 0, 0, 0], [6.8, 17.89, 382.4], 0]]"
-0.8,23.25,230.0,-8.0,28.44,2588.9,-12.3,28.44,2588.9,"[{""pair"": [2, 2, 2, 2], ""acc"": -12.3, ""vel"": 28.44, ""pos"": 2588.9, ""error"": 2216.6292874}, {""pair"": [2, 2, 2, 2], ""acc"": -12.3, ""vel"": 28.44, ""pos"": 2588.9, ""error"": 2216.6292874}, {""pair"": [2, 2, 2, 2], ""acc"": -12.3, ""vel"": 28.44, ""pos"": 2588.9, ""error"": 2216.6292874}, {""pair"": [2, 2, 2, 2], ""acc"": -12.3, ""vel"": 28.44, ""pos"": 2588.9, ""error"": 2216.6292874}, {""pair"": [2, 2, 2, 2], ""acc"": -12.3, ""vel"": 28.44, ""pos"": 2588.9, ""error"": 2216.6292874}, {""pair"": [2, 2, 2, 2], ""acc"": -12.3, ""vel"": 28.44, ""pos"": 2588.9, ""error"": 2216.6292874}, {""pair"": [2, 2, 2, 2], ""acc"": -12.3, ""vel"": 28.44, ""pos"": 2588.9, ""error"": 2216.6292874}, {""pair"": [2, 2, 2, 2], ""acc"": -12.3, ""vel"": 28.44, ""pos"": 2588.9, ""error"": 2216.6292874}, {""pair"": [2, 2, 2, 2], ""acc"": -12.3, ""vel"": 28.44, ""pos"": 2588.9, ""error"": 2216.6292874}, {""pair"": [2, 2, 2, 2], ""acc"": -12.3, ""vel"": 28.44, ""pos"": 2588.9, ""error"": 2216.6292874}, {""pair"": [2, 2, 2, 2], ""acc"": -12.3, ""vel"": 28.44, ""pos"": 2588.9, ""error"": 2216.6292874}, {""pair"": [2, 2, 2, 2], ""acc"": -12.3, ""vel"": 28.44, ""pos"": 2588.9, ""error"": 2216.6292874}, {""pair"": [2, 2, 2, 2], ""acc"": -12.3, ""vel"": 28.44, ""pos"": 2588.9, ""error"": 2216.6292874}, {""pair"": [2, 2, 2, 2], ""acc"": -12.3, ""vel"": 28.44, ""pos"": 2588.9, ""error"": 2216.6292874}, {""pair"": [2, 2, 2, 2], ""acc"": -12.3, ""vel"": 28.44, ""pos"": 2588.9, ""error"": 2216.6292874}, {""pair"": [2, 2, 2, 2], ""acc"": -12.3, ""vel"": 28.44, ""pos"": 2588.9, ""error"": 2216.6292874}]","[[2, 2, 2, 2], [2, 2, 2, 2], [2, 2, 2, 2], [2, 2, 2, 2], [2, 2, 2, 2], [2, 2, 2, 2], [2, 2, 2, 2], [2, 2, 2, 2], [2, 2, 2, 2], [2, 2, 2, 2], [2, 2, 2, 2], [2, 2, 2, 2], [2, 2, 2, 2], [2, 2, 2, 2], [2, 2, 2, 2], [2, 2, 2, 2]]","[[{""pair"": [2, 2, 2, 2], ""acc"": -12.3, ""vel"": 28.44, ""pos"": 2588.9, ""error"": 2216.6292874}], [{""pair"": [2, 2, 2, 2], ""acc"": -12.3, ""vel"": 28.44, ""pos"": 2588.9, ""error"": 2216.6292874}], [{""pair"": [2, 2, 2, 2], ""acc"": -12.3, ""vel"": 28.44, ""pos"": 2588.9, ""error"": 2216.6292874}], [{""pair"": [2, 2, 2, 2], ""acc"": -12.3, ""vel"": 28.44, ""pos"": 2588.9, ""error"": 2216.6292874}], [{""pair"": [2, 2, 2, 2], ""acc"": -12.3, ""vel"": 28.44, ""pos"": 2588.9, ""error"": 2216.6292874}], [{""pair"": [2, 2, 2, 2], ""acc"": -12.3, ""vel"": 28.44, ""pos"": 2588.9, ""error"": 2216.6292874}], [{""pair"": [2, 2, 2, 2], ""acc"": -12.3, ""vel"": 28.44, ""pos"": 2588.9, ""error"": 2216.6292874}], [{""pair"": [2, 2, 2, 2], ""acc"": -12.3, ""vel"": 28.44, ""pos"": 2588.9, ""error"": 2216.6292874}], [{""pair"": [2, 2, 2, 2], ""acc"": -12.3, ""vel"": 28.44, ""pos"": 2588.9, ""error"": 2216.6292874}], [{""pair"": [2, 2, 2, 2], ""acc"": -12.3, ""vel"": 28.44, ""pos"": 2588.9, ""error"": 2216.6292874}], [{""pair"": [2, 2, 2, 2], ""acc"": -12.3, ""vel"": 28.44, ""pos"": 2588.9, ""error"": 2216.6292874}], [{""pair"": [2, 2, 2, 2], ""acc"": -12.3, ""vel"": 28.44, ""pos"": 2588.9, ""error"": 2216.6292874}], [{""pair"": [2, 2, 2, 2], ""acc"": -12.3, ""vel"": 28.44, ""pos"": 2588.9, ""error"": 2216.6292874}], [{""pair"": [2, 2, 2, 2], ""acc"": -12.3, ""vel"": 28.44, ""pos"": 2588.9, ""error"": 2216.6292874}], [{""pair"": [2, 2, 2, 2], ""acc"": -12.3, ""vel"": 28.44, ""pos"": 2588.9, ""error"": 2216.6292874}], [{""pair"": [2, 2, 2, 2], ""acc"": -12.3, ""vel"": 28.44, ""pos"": 2588.9, ""error"": 2216.6292874}]]","[[[2, 2, 2, 2], [-12.3, 28.44, 2588.9], 2216.6292874], [[2, 2, 2, 2], [-12.3, 28.44, 2588.9], 2216.6292874], [[2, 2, 2, 2], [-12.3, 28.44, 2588.9], 2216.6292874], [[2, 2, 2, 2], [-12.3, 28.44, 2588.9], 2216.6292874], [[2, 2, 2, 2], [-12.3, 28.44, 2588.9], 2216.6292874], [[2, 2, 2, 2], [-12.3, 28.44, 2588.9], 2216.6292874], [[2, 2, 2, 2], [-12.3, 28.44, 2588.9], 2216.6292874], [[2, 2, 2, 2], [-12.3, 28.44, 2588.9], 2216.6292874], [[2, 2, 2, 2], [-12.3, 28.44, 2588.9], 2216.6292874], [[2, 2, 2, 2], [-12.3, 28.44, 2588.9], 2216.6292874], [[2, 2, 2, 2], [-12.3, 28.44, 2588.9], 2216.6292874], [[2, 2, 2, 2], [-12.3, 28.44, 2588.9], 2216.6292874], [[2, 2, 2, 2], [-12.3, 28.44, 2588.9], 2216.6292874], [[2, 2, 2, 2], [-12.3, 28.44, 2588.9], 2216.6292874], [[2, 2, 2, 2], [-12.3, 28.44, 2588.9], 2216.6292874], [[2, 2, 2, 2], [-12.3, 28.44, 2588.9], 2216.6292874]]"
-0.8,23.23,230.4,8.0,50.0,1068.6,-12.3,28.23,2589.4,"[{""pair"": [0, 0, 0, 0], ""acc"": -12.3, ""vel"": 28.23, ""pos"": 2589.4, ""error"": 0}]","[[0, 0, 0, 0]]",[],"[[[0, 0, 0, 0], [-12.3, 28.23, 2589.4], 0]]"
-0.8,23.21,230.8,-5.9,27.65,2781.6,-12.3,28.03,2589.9,"[{""pair"": [0, 0, 0, 0], ""acc"": -12.3, ""vel"": 28.03, ""pos"": 2589.9, ""error"": 0}]","[[0, 0, 0, 0]]",[],"[[[0, 0, 0, 0], [-12.3, 28.03, 2589.9], 0]]"
-0.8,23.19,231.1,-8.0,50.0,841.3,-12.3,27.82,2590.4,"[{""pair"": [0, 0, 0, 0], ""acc"": -12.3, ""vel"": 27.82, ""pos"": 2590.4, ""error"": 0}]","[[0, 0, 0, 0]]",[],"[[[0, 0, 0, 0], [-12.3, 27.82, 2590.4], 0]]"
-0.8,23.16,231.5,2.3,50.0,862.3,-12.3,27.61,2590.9,"[{""pair"": [0, 0, 0, 0], ""acc"": -12.3, ""vel"": 27.61, ""pos"": 2590.9, ""error"": 0}]","[[0, 0, 0, 0]]",[],"[[[0, 0, 0, 0], [-12.3, 27.61, 2590.9], 0]]"
-0.8,23.14,231.9,-8.0,18.23,690.8,-12.3,27.41,2591.3,"[{""pair"": [0, 0, 0, 0], ""acc"": -12.3, ""vel"": 27.41, ""pos"": 2591.3, ""error"": 0}]","[[0, 0, 0, 0]]",[],"[[[0, 0, 0, 0], [-12.3, 27.41, 2591.3], 0]]"
-0.8,23.12,232.3,6.9,29.74,2157.7,-12.3,27.2,2591.8,"[{""pair"": [0, 0, 0, 0], ""acc"": -12.3, ""vel"": 27.2, ""pos"": 2591.8, ""error"": 0}]","[[0, 0, 0, 0]]",[],"[[[0, 0, 0, 0], [-12.3, 27.2, 2591.8], 0]]"
-0.8,23.1,232.7,-8.0,7.82,2675.3,-12.8,7.82,2675.3,"[{""pair"": [2, 2, 2, 2], ""acc"": -12.8, ""vel"": 7.82, ""pos"": 2675.3, ""error"": 102.21027735000004}, {""pair"": [2, 2, 2, 2], ""acc"": -12.8, ""vel"": 7.82, ""pos"": 2675.3, ""error"": 102.21027735000004}, {""pair"": [2, 2, 2, 2], ""acc"": -12.8, ""vel"": 7.82, ""pos"": 2675.3, ""error"": 102.21027735000004}, {""pair"": [2, 2, 2, 2], ""acc"": -12.8, ""vel"": 7.82, ""pos"": 2675.3, ""error"": 102.21027735000004}, {""pair"": [2, 2, 2, 2], ""acc"": -12.8, ""vel"": 7.82, ""pos"": 2675.3, ""error"": 102.21027735000004}, {""pair"": [2, 2, 2, 2], ""acc"": -12.8, ""vel"": 7.82, ""pos"": 2675.3, ""error"": 102.21027735000004}, {""pair"": [2, 2, 2, 2], ""acc"": -12.8, ""vel"": 7.82, ""pos"": 2675.3, ""error"": 102.21027735000004}, {""pair"": [2, 2, 2, 2], ""acc"": -12.8, ""vel"": 7.82, ""pos"": 2675.3, ""error"": 102.21027735000004}, {""pair"": [2, 2, 2, 2], ""acc"": -12.8, ""vel"": 7.82, ""pos"": 2675.3, ""error"": 102.21027735000004}, {""pair"": [2, 2, 2, 2], ""acc"": -12.8, ""vel"": 7.82, ""pos"": 2675.3, ""error"": 102.21027735000004}, {""pair"": [2, 2, 2, 2], ""acc"": -12.8, ""vel"": 7.82, ""pos"": 2675.3, ""error"": 102.21027735000004}, {""pair"": [2, 2, 2, 2], ""acc"": -12.8, ""vel"": 7.82, ""pos"": 2675.3, ""error"": 102.21027735000004}, {""pair"": [2, 2, 2, 2], ""acc"": -12.8, ""vel"": 7.82, ""pos"": 2675.3, ""error"": 102.21027735000004}, {""pair"": [2, 2, 2, 2], ""acc"": -12.8, ""vel"": 7.82, ""pos"": 2675.3, ""error"": 102.21027735000004}, {""pair"": [2, 2, 2, 2], ""acc"": -12.8, ""vel"": 7.82, ""pos"": 2675.3, ""error"": 102.21027735000004}, {""pair"": [2, 2, 2, 2], ""acc"": -12.8, ""vel"": 7.82, ""pos"": 2675.3, ""error"": 102.21027735000004}]","[[2, 2, 2, 2], [2, 2, 2, 2], [2, 2, 2, 2], [2, 2, 2, 2], [2, 2, 2, 2], [2, 2, 2, 2], [2, 2, 2, 2], [2, 2, 2, 2], [2, 2, 2, 2], [2, 2, 2, 2], [2, 2, 2, 2], [2, 2, 2, 2], [2, 2, 2, 2], [2, 2, 2, 2], [2, 2, 2, 2], [2, 2, 2, 2]]","[[{""pair"": [2, 2, 2, 2], ""acc"": -12.8, ""vel"": 7.82, ""pos"": 2675.3, ""error"": 102.21027735000004}], [{""pair"": [2, 2, 2, 2], ""acc"": -12.8, ""vel"": 7.82, ""pos"": 2675.3, ""error"": 102.21027735000004}], [{""pair"": [2, 2, 2, 2], ""acc"": -12.8, ""vel"": 7.82, ""pos"": 2675.3, ""error"": 102.21027735000004}], [{""pair"": [2, 2, 2, 2], ""acc"": -12.8, ""vel"": 7.82, ""pos"": 2675.3, ""error"": 102.21027735000004}], [{""pair"": [2, 2, 2, 2], ""acc"": -12.8, ""vel"": 7.82, ""pos"": 2675.3, ""error"": 102.21027735000004}], [{""pair"": [2, 2, 2, 2], ""acc"": -12.8, ""vel"": 7.82, ""pos"": 2675.3, ""error"": 102.21027735000004}], [{""pair"": [2, 2, 2, 2], ""acc"": -12.8, ""vel"": 7.82, ""pos"": 2675.3, ""error"": 102.21027735000004}], [{""pair"": [2, 2, 2, 2], ""acc"": -12.8, ""vel"": 7.82, ""pos"": 2675.3, ""error"": 102.21027735000004}], [{""pair"": [2, 2, 2, 2], ""acc"": -12.8, ""vel"": 7.82, ""pos"": 2675.3, ""error"": 102.21027735000004}], [{""pair"": [2, 2, 2, 2], ""acc"": -12.8, ""vel"": 7.82, ""pos"": 2675.3, ""error"": 102.21027735000004}], [{""pair"": [2, 2, 2, 2], ""acc"": -12.8, ""vel"": 7.82, ""pos"": 2675.3, ""error"": 102.21027735000004}], [{""pair"": [2, 2, 2, 2], ""acc"": -12.8, ""vel"": 7.82, ""pos"": 2675.3, ""error"": 102.21027735000004}], [{""pair"": [2, 2, 2, 2], ""acc"": -12.8, ""vel"": 7.82, ""pos"": 2675.3, ""error"": 102.21027735000004}], [{""pair"": [2, 2, 2, 2], ""acc"": -12.8, ""vel"": 7.82, ""pos"": 2675.3, ""error"": 102.21027735000004}], [{""pair"": [2, 2, 2, 2], ""acc"": -12.8, ""vel"": 7.82, ""pos"": 2675.3, ""error"": 102.21027735000004}], [{""pair"": [2, 2, 2, 2], ""acc"": -12.8, ""vel"": 7.82, ""pos"": 2675.3, ""error"": 102.21027735000004}]]","[[[2, 2, 2, 2], [-12.8, 7.82, 2675.3], 102.21027735000004], [[2, 2, 2, 2], [-12.8, 7.82, 2675.3], 102.21027735000004], [[2, 2, 2, 2], [-12.8, 7.82, 2675.3], 102.21027735000004], [[2, 2, 2, 2], [-12.8, 7.82, 2675.3], 102.21027735000004], [[2, 2, 2, 2], [-12.8, 7.82, 2675.3], 102.21027735000004], [[2, 2, 2, 2], [-12.8, 7.82, 2675.3], 102.21027735000004], [[2, 2, 2, 2], [-12.8, 7.82, 2675.3], 102.21027735000004], [[2, 2, 2, 2], [-12.8, 7.82, 2675.3], 102.21027735000004], [[2, 2, 2, 2], [-12.8, 7.82, 2675.3], 102.21027735000004], [[2, 2, 2, 2], [-12.8, 7.82, 2675.3], 102.21027735000004], [[2, 2, 2, 2], [-12.8, 7.82, 2675.3], 102.21027735000004], [[2, 2, 2, 2], [-12.8, 7.82, 2675.3], 102.21027735000004], [[2, 2, 2, 2], [-12.8, 7.82, 2675.3], 102.21027735000004], [[2, 2, 2, 2], [-12.8, 7.82, 2675.3], 102.21027735000004], [[2, 2, 2, 2], [-12.8, 7.82, 2675.3], 102.21027735000004], [[2, 2, 2, 2], [-12.8, 7.82, 2675.3], 102.21027735000004]]"
-0.8,23.08,233.1,8.0,50.0,2777.9,-12.8,7.62,2675.4,"[{""pair"": [0, 0, 0, 0], ""acc"": -12.8, ""vel"": 7.62, ""pos"": 2675.4, ""error"": 0}]","[[0, 0, 0, 0]]",[],"[[[0, 0, 0, 0], [-12.8, 7.62, 2675.4], 0]]"
-0.8,23.05,233.5,8.0,50.0,1173.1,-12.8,7.4,2675.5,"[{""pair"": [0, 0, 0, 0], ""acc"": -12.8, ""vel"": 7.4, ""pos"": 2675.5, ""error"": 0}]","[[0, 0, 0, 0]]",[],"[[[0, 0, 0, 0], [-12.8, 7.4, 2675.5], 0]]"
-0.8,23.03,233.8,-2.8,49.21,2960.4,-12.8,7.18,2675.6,"[{""pair"": [0, 0, 0, 0], ""acc"": -12.8, ""vel"": 7.18, ""pos"": 2675.6, ""error"": 0}]","[[0, 0, 0, 0]]",[],"[[[0, 0, 0, 0], [-12.8, 7.18, 2675.6], 0]]"
-0.7000000000000001,23.01,234.2,-3.0,50.0,2817.4,-12.8,6.98,2675.7,"[{""pair"": [0, 0, 0, 0], ""acc"": -12.8, ""vel"": 6.98, ""pos"": 2675.7, ""error"": 0}]","[[0, 0, 0, 0]]",[],"[[[0, 0, 0, 0], [-12.8, 6.98, 2675.7], 0]]"
-0.7000000000000001,22.99,234.6,8.0,50.0,1794.5,-12.8,6.76,2675.8,"[{""pair"": [0, 0, 0, 0], ""acc"": -12.8, ""vel"": 6.76, ""pos"": 2675.8, ""error"": 0}]","[[0, 0, 0, 0]]",[],"[[[0, 0, 0, 0], [-12.8, 6.76, 2675.8], 0]]"
-0.7000000000000001,22.97,235.0,5.9,50.0,2589.2,-12.8,6.54,2675.9,"[{""pair"": [0, 0, 0, 0], ""acc"": -12.8, ""vel"": 6.54, ""pos"": 2675.9, ""error"": 0}]","[[0, 0, 0, 0]]",[],"[[[0, 0, 0, 0], [-12.8, 6.54, 2675.9], 0]]"
-0.7000000000000001,22.95,235.4,8.0,50.0,782.2,-12.8,6.34,2676.0,"[{""pair"": [0, 0, 0, 0], ""acc"": -12.8, ""vel"": 6.34, ""pos"": 2676.0, ""error"": 0}]","[[0, 0, 0, 0]]",[],"[[[0, 0, 0, 0], [-12.8, 6.34, 2676.0], 0]]"
-0.7000000000000001,22.93,235.8,8.0,30.71,2936.9,-12.8,6.12,2676.1,"[{""pair"": [0, 0, 0, 0], ""acc"": -12.8, ""vel"": 6.12, ""pos"": 2676.1, ""error"": 0}]","[[0, 0, 0, 0]]",[],"[[[0, 0, 0, 0], [-12.8, 6.12, 2676.1], 0]]"
-0.7000000000000001,22.92,236.1,1.4,1.33,1365.0,-12.8,5.9,2676.2,"[{""pair"": [0, 0, 0, 0], ""acc"": -12.8, ""vel"": 5.9, ""pos"": 2676.2, ""error"": 0}]","[[0, 0, 0, 0]]",[],"[[[0, 0, 0, 0], [-12.8, 5.9, 2676.2], 0]]"
-0.6000000000000001,22.9,236.5,-8.0,50.0,803.1,-12.8,5.7,2676.3,"[{""pair"": [0, 0, 0, 0], ""acc"": -12.8, ""vel"": 5.7, ""pos"": 2676.3, ""error"": 0}]","[[0, 0, 0, 0]]",[],"[[[0, 0, 0, 0], [-12.8, 5.7, 2676.3], 0]]"
-0.6000000000000001,22.88,236.9,8.0,11.94,1849.7,-12.8,5.48,2676.4,"[{""pair"": [0, 0, 0, 0], ""acc"": -12.8, ""vel"": 5.48, ""pos"": 2676.4, ""error"": 0}]","[[0, 0, 0, 0]]",[],"[[[0, 0, 0, 0], [-12.8, 5.48, 2676.4], 0]]"
-0.6000000000000001,22.86,237.3,8.0,50.0,571.8,-12.8,5.26,2676.5,"[{""pair"": [0, 0, 0, 0], ""acc"": -12.8, ""vel"": 5.26, ""pos"": 2676.5, ""error"": 0}]","[[0, 0, 0, 0]]",[],"[[[0, 0, 0, 0], [-12.8, 5.26, 2676.5], 0]]"
-0.6000000000000001,22.85,237.7,-8.0,39.86,2564.7,-25.4,39.86,2564.7,"[{""pair"": [2, 2, 2, 2], ""acc"": -25.4, ""vel"": 39.86, ""pos"": 2564.7, ""error"": 146.68732160000027}, {""pair"": [2, 2, 2, 2], ""acc"": -25.4, ""vel"": 39.86, ""pos"": 2564.7, ""error"": 146.68732160000027}, {""pair"": [2, 2, 2, 2], ""acc"": -25.4, ""vel"": 39.86, ""pos"": 2564.7, ""error"": 146.68732160000027}, {""pair"": [2, 2, 2, 2], ""acc"": -25.4, ""vel"": 39.86, ""pos"": 2564.7, ""error"": 146.68732160000027}, {""pair"": [2, 2, 2, 2], ""acc"": -25.4, ""vel"": 39.86, ""pos"": 2564.7, ""error"": 146.68732160000027}, {""pair"": [2, 2, 2, 2], ""acc"": -25.4, ""vel"": 39.86, ""pos"": 2564.7, ""error"": 146.68732160000027}, {""pair"": [2, 2, 2, 2], ""acc"": -25.4, ""vel"": 39.86, ""pos"": 2564.7, ""error"": 146.68732160000027}, {""pair"": [2, 2, 2, 2], ""acc"": -25.4, ""vel"": 39.86, ""pos"": 2564.7, ""error"": 146.68732160000027}, {""pair"": [2, 2, 2, 2], ""acc"": -25.4, ""vel"": 39.86, ""pos"": 2564.7, ""error"": 146.68732160000027}, {""pair"": [2, 2, 2, 2], ""acc"": -25.4, ""vel"": 39.86, ""pos"": 2564.7, ""error"": 146.68732160000027}, {""pair"": [2, 2, 2, 2], ""acc"": -25.4, ""vel"": 39.86, ""pos"": 2564.7, ""error"": 146.68732160000027}, {""pair"": [2, 2, 2, 2], ""acc"": -25.4, ""vel"": 39.86, ""pos"": 2564.7, ""error"": 146.68732160000027}, {""pair"": [2, 2, 2, 2], ""acc"": -25.4, ""vel"": 39.86, ""pos"": 2564.7, ""error"": 146.68732160000027}, {""pair"": [2, 2, 2, 2], ""acc"": -25.4, ""vel"": 39.86, ""pos"": 2564.7, ""error"": 146.68732160000027}, {""pair"": [2, 2, 2, 2], ""acc"": -25.4, ""vel"": 39.86, ""pos"": 2564.7, ""error"": 146.68732160000027}, {""pair"": [2, 2, 2, 2], ""acc"": -25.4, ""vel"": 39.86, ""pos"": 2564.7, ""error"": 146.68732160000027}]","[[2, 2, 2, 2], [2, 2, 2, 2], [2, 2, 2, 2], [2, 2, 2, 2], [2, 2, 2, 2], [2, 2, 2, 2], [2, 2, 2, 2], [2, 2, 2, 2], [2, 2, 2, 2], [2, 2, 2, 2], [2, 2, 2, 2], [2, 2, 2, 2], [2, 2, 2, 2], [2, 2, 2, 2], [2, 2, 2, 2], [2, 2, 2, 2]]","[[{""pair"": [2, 2, 2, 2], ""acc"": -25.4, ""vel"": 39.86, ""pos"": 2564.7, ""error"": 146.68732160000027}], [{""pair"": [2, 2, 2, 2], ""acc"": -25.4, ""vel"": 39.86, ""pos"": 2564.7, ""error"": 146.68732160000027}], [{""pair"": [2, 2, 2, 2], ""acc"": -25.4, ""vel"": 39.86, ""pos"": 2564.7, ""error"": 146.68732160000027}], [{""pair"": [2, 2, 2, 2], ""acc"": -25.4, ""vel"": 39.86, ""pos"": 2564.7, ""error"": 146.68732160000027}], [{""pair"": [2, 2, 2, 2], ""acc"": -25.4, ""vel"": 39.86, ""pos"": 2564.7, ""error"": 146.68732160000027}], [{""pair"": [2, 2, 2, 2], ""acc"": -25.4, ""vel"": 39.86, ""pos"": 2564.7, ""error"": 146.68732160000027}], [{""pair"": [2, 2, 2, 2], ""acc"": -25.4, ""vel"": 39.86, ""pos"": 2564.7, ""error"": 146.68732160000027}], [{""pair"": [2, 2, 2, 2], ""acc"": -25.4, ""vel"": 39.86, ""pos"": 2564.7, ""error"": 146.68732160000027}], [{""pair"": [2, 2, 2, 2], ""acc"": -25.4, ""vel"": 39.86, ""pos"": 2564.7, ""error"": 146.68732160000027}], [{""pair"": [2, 2, 2, 2], ""acc"": -25.4, ""vel"": 39.86, ""pos"": 2564.7, ""error"": 146.68732160000027}], [{""pair"": [2, 2, 2, 2], ""acc"": -25.4, ""vel"": 39.86, ""pos"": 2564.7, ""error"": 146.68732160000027}], [{""pair"": [2, 2, 2, 2], ""acc"": -25.4, ""vel"": 39.86, ""pos"": 2564.7, ""error"": 146.68732160000027}], [{""pair"": [2, 2, 2, 2], ""acc"": -25.4, ""vel"": 39.86, ""pos"": 2564.7, ""error"": 146.68732160000027}], [{""pair"": [2, 2, 2, 2], ""acc"": -25.4, ""vel"": 39.86, ""pos"": 2564.7, ""error"": 146.68732160000027}], [{""pair"": [2, 2, 2, 2], ""acc"": -25.4, ""vel"": 39.86, ""pos"": 2564.7, ""error"": 146.68732160000027}], [{""pair"": [2, 2, 2, 2], ""acc"": -25.4, ""vel"": 39.86, ""pos"": 2564.7, ""error"": 146.68732160000027}]]","[[[2, 2, 2, 2], [-25.4, 39.86, 2564.7], 146.68732160000027], [[2, 2, 2, 2], [-25.4, 39.86, 2564.7], 146.68732160000027], [[2, 2, 2, 2], [-25.4, 39.86, 2564.7], 146.68732160000027], [[2, 2, 2, 2], [-25.4, 39.86, 2564.7], 146.68732160000027], [[2, 2, 2, 2], [-25.4, 39.86, 2564.7], 146.68732160000027], [[2, 2, 2, 2], [-25.4, 39.86, 2564.7], 146.68732160000027], [[2, 2, 2, 2], [-25.4, 39.86, 2564.7], 146.68732160000027], [[2, 2, 2, 2], [-25.4, 39.86, 2564.7], 146.68732160000027], [[2, 2, 2, 2], [-25.4, 39.86, 2564.7], 146.68732160000027], [[2, 2, 2, 2], [-25.4, 39.86, 2564.7], 146.68732160000027], [[2, 2, 2, 2], [-25.4, 39.86, 2564.7], 146.68732160000027], [[2, 2, 2, 2], [-25.4, 39.86, 2564.7], 146.68732160000027], [[2, 2, 2, 2], [-25.4, 39.86, 2564.7], 146.68732160000027], [[2, 2, 2, 2], [-25.4, 39.86, 2564.7], 146.68732160000027], [[2, 2, 2, 2], [-25.4, 39.86, 2564.7], 146.68732160000027], [[2, 2, 2, 2], [-25.4, 39.86, 2564.7], 146.68732160000027]]"
-0.6000000000000001,22.83,238.0,-3.2,50.0,231.8,-25.4,39.43,2565.4,"[{""pair"": [0, 0, 0, 0], ""acc"": -25.4, ""vel"": 39.43, ""pos"": 2565.4, ""error"": 0}]","[[0, 0, 0, 0]]",[],"[[[0, 0, 0, 0], [-25.4, 39.43, 2565.4], 0]]"
-0.5,22.81,238.4,-8.0,50.0,737.3,-25.4,39.0,2566.1,"[{""pair"": [0, 0, 0, 0], ""acc"": -25.4, ""vel"": 39.0, ""pos"": 2566.1, ""error"": 0}]","[[0, 0, 0, 0]]",[],"[[[0, 0, 0, 0], [-25.4, 39.0, 2566.1], 0]]"
-0.5,22.8,238.8,-4.8,50.0,1597.8,-4.8,126.18,1597.8,"[{""pair"": [2, 2, 2, 2], ""acc"": -4.8, ""vel"": 126.18, ""pos"": 1597.8, ""error"": 1056.5071488000015}, {""pair"": [2, 2, 2, 2], ""acc"": -4.8, ""vel"": 126.18, ""pos"": 1597.8, ""error"": 1056.5071488000015}, {""pair"": [2, 2, 2, 2], ""acc"": -4.8, ""vel"": 126.18, ""pos"": 1597.8, ""error"": 1056.5071488000015}, {""pair"": [2, 2, 2, 2], ""acc"": -4.8, ""vel"": 126.18, ""pos"": 1597.8, ""error"": 1056.5071488000015}, {""pair"": [2, 2, 2, 2], ""acc"": -4.8, ""vel"": 126.18, ""pos"": 1597.8, ""error"": 1056.5071488000015}, {""pair"": [2, 2, 2, 2], ""acc"": -4.8, ""vel"": 126.18, ""pos"": 1597.8, ""error"": 1056.5071488000015}, {""pair"": [2, 2, 2, 2], ""acc"": -4.8, ""vel"": 126.18, ""pos"": 1597.8, ""error"": 1056.5071488000015}, {""pair"": [2, 2, 2, 2], ""acc"": -4.8, ""vel"": 126.18, ""pos"": 1597.8, ""error"": 1056.5071488000015}, {""pair"": [2, 2, 2, 2], ""acc"": -4.8, ""vel"": 126.18, ""pos"": 1597.8, ""error"": 1056.5071488000015}, {""pair"": [2, 2, 2, 2], ""acc"": -4.8, ""vel"": 126.18, ""pos"": 1597.8, ""error"": 1056.5071488000015}, {""pair"": [2, 2, 2, 2], ""acc"": -4.8, ""vel"": 126.18, ""pos"": 1597.8, ""error"": 1056.5071488000015}, {""pair"": [2, 2, 2, 2], ""acc"": -4.8, ""vel"": 126.18, ""pos"": 1597.8, ""error"": 1056.5071488000015}, {""pair"": [2, 2, 2, 2], ""acc"": -4.8, ""vel"": 126.18, ""pos"": 1597.8, ""error"": 1056.5071488000015}, {""pair"": [2, 2, 2, 2], ""acc"": -4.8, ""vel"": 126.18, ""pos"": 1597.8, ""error"": 1056.5071488000015}, {""pair"": [2, 2, 2, 2], ""acc"": -4.8, ""vel"": 126.18, ""pos"": 1597.8, ""error"": 1056.5071488000015}, {""pair"": [2, 2, 2, 2], ""acc"": -4.8, ""vel"": 126.18, ""pos"": 1597.8, ""error"": 1056.5071488000015}]","[[2, 2, 2, 2], [2, 2, 2, 2], [2, 2, 2, 2], [2, 2, 2, 2], [2, 2, 2, 2], [2, 2, 2, 2], [2, 2, 2, 2], [2, 2, 2, 2], [2, 2, 2, 2], [2, 2, 2, 2], [2, 2, 2, 2], [2, 2, 2, 2], [2, 2, 2, 2], [2, 2, 2, 2], [2, 2, 2, 2], [2, 2, 2, 2]]","[[{""pair"": [2, 2, 2, 2], ""acc"": -4.8, ""vel"": 126.18, ""pos"": 1597.8, ""error"": 1056.5071488000015}], [{""pair"": [2, 2, 2, 2], ""acc"": -4.8, ""vel"": 126.18, ""pos"": 1597.8, ""error"": 1056.5071488000015}], [{""pair"": [2, 2, 2, 2], ""acc"": -4.8, ""vel"": 126.18, ""pos"": 1597.8, ""error"": 1056.5071488000015}], [{""pair"": [2, 2, 2, 2], ""acc"": -4.8, ""vel"": 126.18, ""pos"": 1597.8, ""error"": 1056.5071488000015}], [{""pair"": [2, 2, 2, 2], ""acc"": -4.8, ""vel"": 126.18, ""pos"": 1597.8, ""error"": 1056.5071488000015}], [{""pair"": [2, 2, 2, 2], ""acc"": -4.8, ""vel"": 126.18, ""pos"": 1597.8, ""error"": 1056.5071488000015}], [{""pair"": [2, 2, 2, 2], ""acc"": -4.8, ""vel"": 126.18, ""pos"": 1597.8, ""error"": 1056.5071488000015}], [{""pair"": [2, 2, 2, 2], ""acc"": -4.8, ""vel"": 126.18, ""pos"": 1597.8, ""error"": 1056.5071488000015}], [{""pair"": [2, 2, 2, 2], ""acc"": -4.8, ""vel"": 126.18, ""pos"": 1597.8, ""error"": 1056.5071488000015}], [{""pair"": [2, 2, 2, 2], ""acc"": -4.8, ""vel"": 126.18, ""pos"": 1597.8, ""error"": 1056.5071488000015}], [{""pair"": [2, 2, 2, 2], ""acc"": -4.8, ""vel"": 126.18, ""pos"": 1597.8, ""error"": 1056.5071488000015}], [{""pair"": [2, 2, 2, 2], ""acc"": -4.8, ""vel"": 126.18, ""pos"": 1597.8, ""error"": 1056.5071488000015}], [{""pair"": [2, 2, 2, 2], ""acc"": -4.8, ""vel"": 126.18, ""pos"": 1597.8, ""error"": 1056.5071488000015}], [{""pair"": [2, 2, 2, 2], ""acc"": -4.8, ""vel"": 126.18, ""pos"": 1597.8, ""error"": 1056.5071488000015}], [{""pair"": [2, 2, 2, 2], ""acc"": -4.8, ""vel"": 126.18, ""pos"": 1597.8, ""error"": 1056.5071488000015}], [{""pair"": [2, 2, 2, 2], ""acc"": -4.8, ""vel"": 126.18, ""pos"": 1597.8, ""error"": 1056.5071488000015}]]","[[[2, 2, 2, 2], [-4.8, 126.18, 1597.8], 1056.5071488000015], [[2, 2, 2, 2], [-4.8, 126.18, 1597.8], 1056.5071488000015], [[2, 2, 2, 2], [-4.8, 126.18, 1597.8], 1056.5071488000015], [[2, 2, 2, 2], [-4.8, 126.18, 1597.8], 1056.5071488000015], [[2, 2, 2, 2], [-4.8, 126.18, 1597.8], 1056.5071488000015], [[2, 2, 2, 2], [-4.8, 126.18, 1597.8], 1056.5071488000015], [[2, 2, 2, 2], [-4.8, 126.18, 1597.8], 1056.5071488000015], [[2, 2, 2, 2], [-4.8, 126.18, 1597.8], 1056.5071488000015], [[2, 2, 2, 2], [-4.8, 126.18, 1597.8], 1056.5071488000015], [[2, 2, 2, 2], [-4.8, 126.18, 1597.8], 1056.5071488000015], [[2, 2, 2, 2], [-4.8, 126.18, 1597.8], 1056.5071488000015], [[2, 2, 2, 2], [-4.8, 126.18, 1597.8], 1056.5071488000015], [[2, 2, 2, 2], [-4.8, 126.18, 1597.8], 1056.5071488000015], [[2, 2, 2, 2], [-4.8, 126.18, 1597.8], 1056.5071488000015], [[2, 2, 2, 2], [-4.8, 126.18, 1597.8], 1056.5071488000015], [[2, 2, 2, 2], [-4.8, 126.18, 1597.8], 1056.5071488000015]]"
-0.5,22.78,239.2,-8.0,50.0,62.0,-4.8,126.1,1599.9,"[{""pair"": [0, 0, 0, 0], ""acc"": -4.8, ""vel"": 126.1, ""pos"": 1599.9, ""error"": 0}]","[[0, 0, 0, 0]]",[],"[[[0, 0, 0, 0], [-4.8, 126.1, 1599.9], 0]]"
-0.5,22.77,239.6,8.0,50.0,1309.9,-4.8,126.02,1602.0,"[{""pair"": [0, 0, 0, 0], ""acc"": -4.8, ""vel"": 126.02, ""pos"": 1602.0, ""error"": 0}]","[[0, 0, 0, 0]]",[],"[[[0, 0, 0, 0], [-4.8, 126.02, 1602.0], 0]]"
-0.5,22.76,240.0,5.7,50.0,1012.5,-4.8,125.94,1604.0,"[{""pair"": [0, 0, 0, 0], ""acc"": -4.8, ""vel"": 125.94, ""pos"": 1604.0, ""error"": 0}]","[[0, 0, 0, 0]]",[],"[[[0, 0, 0, 0], [-4.8, 125.94, 1604.0], 0]]"
-0.5,22.74,240.3,-8.0,50.0,2236.8,-4.8,125.86,1606.1,"[{""pair"": [0, 0, 0, 0], ""acc"": -4.8, ""vel"": 125.86, ""pos"": 1606.1, ""error"": 0}]","[[0, 0, 0, 0]]",[],"[[[0, 0, 0, 0], [-4.8, 125.86, 1606.1], 0]]"
-0.4,22.73,240.7,-8.0,7.44,2451.5,-4.8,125.78,1608.2,"[{""pair"": [0, 0, 0, 0], ""acc"": -4.8, ""vel"": 125.78, ""pos"": 1608.2, ""error"": 0}]","[[0, 0, 0, 0]]",[],"[[[0, 0, 0, 0], [-4.8, 125.78, 1608.2], 0]]"
-0.4,22.72,241.1,8.0,50.0,2308.0,-4.8,125.7,1610.2,"[{""pair"": [0, 0, 0, 0], ""acc"": -4.8, ""vel"": 125.7, ""pos"": 1610.2, ""error"": 0}]","[[0, 0, 0, 0]]",[],"[[[0, 0, 0, 0], [-4.8, 125.7, 1610.2], 0]]"
-0.4,22.71,241.5,-8.0,7.27,2342.1,-4.8,125.62,1612.3,"[{""pair"": [0, 0, 0, 0], ""acc"": -4.8, ""vel"": 125.62, ""pos"": 1612.3, ""error"": 0}]","[[0, 0, 0, 0]]",[],"[[[0, 0, 0, 0], [-4.8, 125.62, 1612.3], 0]]"
-0.4,22.7,241.8,8.0,50.0,323.0,-4.8,125.54,1614.4,"[{""pair"": [0, 0, 0, 0], ""acc"": -4.8, ""vel"": 125.54, ""pos"": 1614.4, ""error"": 0}]","[[0, 0, 0, 0]]",[],"[[[0, 0, 0, 0], [-4.8, 125.54, 1614.4], 0]]"
-0.4,22.69,242.2,-8.0,50.0,1137.1,-4.8,125.46,1616.4,"[{""pair"": [0, 0, 0, 0], ""acc"": -4.8, ""vel"": 125.46, ""pos"": 1616.4, ""error"": 0}]","[[0, 0, 0, 0]]",[],"[[[0, 0, 0, 0], [-4.8, 125.46, 1616.4], 0]]"
-0.4,22.68,242.6,8.0,10.3,668.0,-4.8,125.38,1618.5,"[{""pair"": [0, 0, 0, 0], ""acc"": -4.8, ""vel"": 125.38, ""pos"": 1618.5, ""error"": 0}]","[[0, 0, 0, 0]]",[],"[[[0, 0, 0, 0], [-4.8, 125.38, 1618.5], 0]]"
-0.4,22.67,243.0,-8.0,24.11,2838.3,-4.8,125.3,1620.6,"[{""pair"": [0, 0, 0, 0], ""acc"": -4.8, ""vel"": 125.3, ""pos"": 1620.6, ""error"": 0}]","[[0, 0, 0, 0]]",[],"[[[0, 0, 0, 0], [-4.8, 125.3, 1620.6], 0]]"
-0.4,22.66,243.4,-8.0,50.0,2347.6,-4.8,125.22,1622.6,"[{""pair"": [0, 0, 0, 0], ""acc"": -4.8, ""vel"": 125.22, ""pos"": 1622.6, ""error"": 0}]","[[0, 0, 0, 0]]",[],"[[[0, 0, 0, 0], [-4.8, 125.22, 1622.6], 0]]"
-0.4,22.65,243.7,-8.0,50.0,1119.2,-4.8,125.14,1624.7,"[{""pair"": [0, 0, 0, 0], ""acc"": -4.8, ""vel"": 125.14, ""pos"": 1624.7, ""error"": 0}]","[[0, 0, 0, 0]]",[],"[[[0, 0, 0, 0], [-4.8, 125.14, 1624.7], 0]]"
-0.4,22.64,244.1,-8.0,22.94,527.3,-4.8,125.06,1626.8,"[{""pair"": [0, 0, 0, 0], ""acc"": -4.8, ""vel"": 125.06, ""pos"": 1626.8, ""error"": 0}]","[[0, 0, 0, 0]]",[],"[[[0, 0, 0, 0], [-4.8, 125.06, 1626.8], 0]]"
-0.4,22.63,244.5,-8.0,50.0,298.2,-4.8,124.98,1628.8,"[{""pair"": [0, 0, 0, 0], ""acc"": -4.8, ""vel"": 124.98, ""pos"": 1628.8, ""error"": 0}]","[[0, 0, 0, 0]]",[],"[[[0, 0, 0, 0], [-4.8, 124.98, 1628.8], 0]]"
-0.4,22.63,244.9,8.0,50.0,3169.8,-4.8,124.9,1630.9,"[{""pair"": [0, 0, 0, 0], ""acc"": -4.8, ""vel"": 124.9, ""pos"": 1630.9, ""error"": 0}]","[[0, 0, 0, 0]]",[],"[[[0, 0, 0, 0], [-4.8, 124.9, 1630.9], 0]]"
-0.4,22.62,245.2,-8.0,50.0,166.1,-4.8,124.82,1633.0,"[{""pair"": [0, 0, 0, 0], ""acc"": -4.8, ""vel"": 124.82, ""pos"": 1633.0, ""error"": 0}]","[[0, 0, 0, 0]]",[],"[[[0, 0, 0, 0], [-4.8, 124.82, 1633.0], 0]]"
-0.3,22.61,245.6,7.0,50.0,3217.4,-4.8,124.74,1635.0,"[{""pair"": [0, 0, 0, 0], ""acc"": -4.8, ""vel"": 124.74, ""pos"": 1635.0, ""error"": 0}]","[[0, 0, 0, 0]]",[],"[[[0, 0, 0, 0], [-4.8, 124.74, 1635.0], 0]]"
-0.3,22.6,246.0,8.0,20.93,1595.9,-4.8,124.66,1637.1,"[{""pair"": [0, 0, 0, 0], ""acc"": -4.8, ""vel"": 124.66, ""pos"": 1637.1, ""error"": 0}]","[[0, 0, 0, 0]]",[],"[[[0, 0, 0, 0], [-4.8, 124.66, 1637.1], 0]]"
-0.3,22.6,246.4,8.0,7.12,1670.7,-4.8,124.58,1639.2,"[{""pair"": [0, 0, 0, 0], ""acc"": -4.8, ""vel"": 124.58, ""pos"": 1639.2, ""error"": 0}]","[[0, 0, 0, 0]]",[],"[[[0, 0, 0, 0], [-4.8, 124.58, 1639.2], 0]]"
-0.3,22.59,246.8,-8.0,50.0,1929.0,-4.8,124.5,1641.2,"[{""pair"": [0, 0, 0, 0], ""acc"": -4.8, ""vel"": 124.5, ""pos"": 1641.2, ""error"": 0}]","[[0, 0, 0, 0]]",[],"[[[0, 0, 0, 0], [-4.8, 124.5, 1641.2], 0]]"
-0.3,22.59,247.1,1.6,22.63,129.9,-4.8,124.42,1643.3,"[{""pair"": [0, 0, 0, 0], ""acc"": -4.8, ""vel"": 124.42, ""pos"": 1643.3, ""error"": 0}]","[[0, 0, 0, 0]]",[],"[[[0, 0, 0, 0], [-4.8, 124.42, 1643.3], 0]]"
-0.3,22.58,247.5,2.8,22.23,2113.5,-4.8,124.34,1645.4,"[{""pair"": [0, 0, 0, 0], ""acc"": -4.8, ""vel"": 124.34, ""pos"": 1645.4, ""error"": 0}]","[[0, 0, 0, 0]]",[],"[[[0, 0, 0, 0], [-4.8, 124.34, 1645.4], 0]]"
-0.3,22.57,247.9,8.0,50.0,1541.5,-4.8,124.26,1647.4,"[{""pair"": [0, 0, 0, 0], ""acc"": -4.8, ""vel"": 124.26, ""pos"": 1647.4, ""error"": 0}]","[[0, 0, 0, 0]]",[],"[[[0, 0, 0, 0], [-4.8, 124.26, 1647.4], 0]]"
-0.3,22.57,248.2,-8.0,38.9,2999.3,-4.8,124.18,1649.5,"[{""pair"": [0, 0, 0, 0], ""acc"": -4.8, ""vel"": 124.18, ""pos"": 1649.5, ""error"": 0}]","[[0, 0, 0, 0]]",[],"[[[0, 0, 0, 0], [-4.8, 124.18, 1649.5], 0]]"
-0.3,22.56,248.6,8.0,50.0,12.9,-4.8,124.1,1651.6,"[{""pair"": [0, 0, 0, 0], ""acc"": -4.8, ""vel"": 124.1, ""pos"": 1651.6, ""error"": 0}]","[[0, 0, 0, 0]]",[],"[[[0, 0, 0, 0], [-4.8, 124.1, 1651.6], 0]]"
-0.3,22.56,249.0,-3.8,19.86,3160.8,-4.8,124.02,1653.6,"[{""pair"": [0, 0, 0, 0], ""acc"": -4.8, ""vel"": 124.02, ""pos"": 1653.6, ""error"": 0}]","[[0, 0, 0, 0]]",[],"[[[0, 0, 0, 0], [-4.8, 124.02, 1653.6], 0]]"
-0.3,22.55,249.4,8.0,50.0,2489.0,-4.8,123.94,1655.7,"[{""pair"": [0, 0, 0, 0], ""acc"": -4.8, ""vel"": 123.94, ""pos"": 1655.7, ""error"": 0}]","[[0, 0, 0, 0]]",[],"[[[0, 0, 0, 0], [-4.8, 123.94, 1655.7], 0]]"
-0.3,22.55,249.8,3.8,33.03,792.8,-4.8,123.86,1657.8,"[{""pair"": [0, 0, 0, 0], ""acc"": -4.8, ""vel"": 123.86, ""pos"": 1657.8, ""error"": 0}]","[[0, 0, 0, 0]]",[],"[[[0, 0, 0, 0], [-4.8, 123.86, 1657.8], 0]]"
-0.3,22.54,250.1,-8.0,17.11,1109.6,-4.8,123.78,1659.8,"[{""pair"": [0, 0, 0, 0], ""acc"": -4.8, ""vel"": 123.78, ""pos"": 1659.8, ""error"": 0}]","[[0, 0, 0, 0]]",[],"[[[0, 0, 0, 0], [-4.8, 123.78, 1659.8], 0]]"
-0.3,22.54,250.5,-8.0,18.76,2309.0,-4.8,123.7,1661.9,"[{""pair"": [0, 0, 0, 0], ""acc"": -4.8, ""vel"": 123.7, ""pos"": 1661.9, ""error"": 0}]","[[0, 0, 0, 0]]",[],"[[[0, 0, 0, 0], [-4.8, 123.7, 1661.9], 0]]"
-0.3,22.53,250.9,-8.0,50.0,2115.0,-4.8,123.62,1664.0,"[{""pair"": [0, 0, 0, 0], ""acc"": -4.8, ""vel"": 123.62, ""pos"": 1664.0, ""error"": 0}]","[[0, 0, 0, 0]]",[],"[[[0, 0, 0, 0], [-4.8, 123.62, 1664.0], 0]]"
-0.3,22.53,251.3,-8.0,50.0,844.4,-4.8,123.54,1666.0,"[{""pair"": [0, 0, 0, 0], ""acc"": -4.8, ""vel"": 123.54, ""pos"": 1666.0, ""error"": 0}]","[[0, 0, 0, 0]]",[],"[[[0, 0, 0, 0], [-4.8, 123.54, 1666.0], 0]]"
-0.2,22.52,251.6,-8.0,50.0,2367.2,-4.8,123.46,1668.1,"[{""pair"": [0, 0, 0, 0], ""acc"": -4.8, ""vel"": 123.46, ""pos"": 1668.1, ""error"": 0}]","[[0, 0, 0, 0]]",[],"[[[0, 0, 0, 0], [-4.8, 123.46, 1668.1], 0]]"
-0.1,22.52,252.0,6.8,8.89,144.0,-4.8,123.38,1670.2,"[{""pair"": [0, 0, 0, 0], ""acc"": -4.8, ""vel"": 123.38, ""pos"": 1670.2, ""error"": 0}]","[[0, 0, 0, 0]]",[],"[[[0, 0, 0, 0], [-4.8, 123.38, 1670.2], 0]]"
0.0,22.52,252.4,-8.0,50.0,1915.2,-4.8,123.3,1672.2,"[{""pair"": [0, 0, 0, 0], ""acc"": -4.8, ""vel"": 123.3, ""pos"": 1672.2, ""error"": 0}]","[[0, 0, 0, 0]]",[],"[[[0, 0, 0, 0], [-4.8, 123.3, 1672.2], 0]]"
0.1,22.53,252.8,-4.9,50.0,339.0,-4.8,123.22,1674.3,"[{""pair"": [0, 0, 0, 0], ""acc"": -4.8, ""vel"": 123.22, ""pos"": 1674.3, ""error"": 0}]","[[0, 0, 0, 0]]",[],"[[[0, 0, 0, 0], [-4.8, 123.22, 1674.3], 0]]"
0.2,22.53,253.1,-8.0,50.0,786.8,-4.8,123.14,1676.4,"[{""pair"": [0, 0, 0, 0], ""acc"": -4.8, ""vel"": 123.14, ""pos"": 1676.4, ""error"": 0}]","[[0, 0, 0, 0]]",[],"[[[0, 0, 0, 0], [-4.8, 123.14, 1676.4], 0]]"
0.4,22.54,253.5,-8.0,50.0,2045.4,-4.8,123.06,1678.4,"[{""pair"": [0, 0, 0, 0], ""acc"": -4.8, ""vel"": 123.06, ""pos"": 1678.4, ""error"": 0}]","[[0, 0, 0, 0]]",[],"[[[0, 0, 0, 0], [-4.8, 123.06, 1678.4], 0]]"
0.5,22.55,253.9,-6.7,50.0,868.7,-4.8,122.98,1680.5,"[{""pair"": [0, 0, 0, 0], ""acc"": -4.8, ""vel"": 122.98, ""pos"": 1680.5, ""error"": 0}]","[[0, 0, 0, 0]]",[],"[[[0, 0, 0, 0], [-4.8, 122.98, 1680.5], 0]]"
0.5,22.56,254.3,-8.0,50.0,1653.8,-4.8,122.9,1682.6,"[{""pair"": [0, 0, 0, 0], ""acc"": -4.8, ""vel"": 122.9, ""pos"": 1682.6, ""error"": 0}]","[[0, 0, 0, 0]]",[],"[[[0, 0, 0, 0], [-4.8, 122.9, 1682.6], 0]]"
0.6000000000000001,22.57,254.6,3.8,35.98,1488.8,-4.8,122.82,1684.6,"[{""pair"": [0, 0, 0, 0], ""acc"": -4.8, ""vel"": 122.82, ""pos"": 1684.6, ""error"": 0}]","[[0, 0, 0, 0]]",[],"[[[0, 0, 0, 0], [-4.8, 122.82, 1684.6], 0]]"
0.6000000000000001,22.58,255.0,4.6,50.0,392.4,-4.8,122.74,1686.7,"[{""pair"": [0, 0, 0, 0], ""acc"": -4.8, ""vel"": 122.74, ""pos"": 1686.7, ""error"": 0}]","[[0, 0, 0, 0]]",[],"[[[0, 0, 0, 0], [-4.8, 122.74, 1686.7], 0]]"
0.6000000000000001,22.59,255.4,5.7,37.34,121.9,-4.8,122.66,1688.8,"[{""pair"": [0, 0, 0, 0], ""acc"": -4.8, ""vel"": 122.66, ""pos"": 1688.8, ""error"": 0}]","[[0, 0, 0, 0]]",[],"[[[0, 0, 0, 0], [-4.8, 122.66, 1688.8], 0]]"
0.6000000000000001,22.6,255.8,8.0,50.0,2192.6,-4.8,122.58,1690.8,"[{""pair"": [0, 0, 0, 0], ""acc"": -4.8, ""vel"": 122.58, ""pos"": 1690.8, ""error"": 0}]","[[0, 0, 0, 0]]",[],"[[[0, 0, 0, 0], [-4.8, 122.58, 1690.8], 0]]"
0.6000000000000001,22.61,256.1,8.0,50.0,1549.5,-4.8,122.5,1692.9,"[{""pair"": [0, 0, 0, 0], ""acc"": -4.8, ""vel"": 122.5, ""pos"": 1692.9, ""error"": 0}]","[[0, 0, 0, 0]]",[],"[[[0, 0, 0, 0], [-4.8, 122.5, 1692.9], 0]]"
0.6000000000000001,22.62,256.5,4.9,22.47,610.4,-4.8,122.42,1695.0,"[{""pair"": [0, 0, 0, 0], ""acc"": -4.8, ""vel"": 122.42, ""pos"": 1695.0, ""error"": 0}]","[[0, 0, 0, 0]]",[],"[[[0, 0, 0, 0], [-4.8, 122.42, 1695.0], 0]]"
0.6000000000000001,22.62,256.90000000000003,-1.6,50.0,3087.9,-4.8,122.34,1697.0,"[{""pair"": [0, 0, 0, 0], ""acc"": -4.8, ""vel"": 122.34, ""pos"": 1697.0, ""error"": 0}]","[[0, 0, 0, 0]]",[],"[[[0, 0, 0, 0], [-4.8, 122.34, 1697.0], 0]]"
0.5,22.63,257.3,-8.0,6.91,695.6,-4.8,122.26,1699.1,"[{""pair"": [0, 0, 0, 0], ""acc"": -4.8, ""vel"": 122.26, ""pos"": 1699.1, ""error"": 0}]","[[0, 0, 0, 0]]",[],"[[[0, 0, 0, 0], [-4.8, 122.26, 1699.1], 0]]"
0.5,22.64,257.7,-8.0,0.83,950.6,-20.3,0.83,950.6,"[{""pair"": [2, 3, 2, 3], ""acc"": -20.3, ""vel"": 0.83, ""pos"": 950.6, ""error"": 871.9261263999995}, {""pair"": [2, 3, 2, 3], ""acc"": -20.3, ""vel"": 0.83, ""pos"": 950.6, ""error"": 871.9261263999995}, {""pair"": [2, 3, 2, 3], ""acc"": -20.3, ""vel"": 0.83, ""pos"": 950.6, ""error"": 871.9261263999995}, {""pair"": [2, 3, 2, 3], ""acc"": -20.3, ""vel"": 0.83, ""pos"": 950.6, ""error"": 871.9261263999995}, {""pair"": [2, 3, 2, 3], ""acc"": -20.3, ""vel"": 0.83, ""pos"": 950.6, ""error"": 871.9261263999995}, {""pair"": [2, 3, 2, 3], ""acc"": -20.3, ""vel"": 0.83, ""pos"": 950.6, ""error"": 871.9261263999995}, {""pair"": [2, 3, 2, 3], ""acc"": -20.3, ""vel"": 0.83, ""pos"": 950.6, ""error"": 871.9261263999995}, {""pair"": [2, 3, 2, 3], ""acc"": -20.3, ""vel"": 0.83, ""pos"": 950.6, ""error"": 871.9261263999995}, {""pair"": [2, 3, 2, 3], ""acc"": -20.3, ""vel"": 0.83, ""pos"": 950.6, ""error"": 871.9261263999995}, {""pair"": [2, 3, 2, 3], ""acc"": -20.3, ""vel"": 0.83, ""pos"": 950.6, ""error"": 871.9261263999995}, {""pair"": [2, 3, 2, 3], ""acc"": -20.3, ""vel"": 0.83, ""pos"": 950.6, ""error"": 871.9261263999995}, {""pair"": [2, 3, 2, 3], ""acc"": -20.3, ""vel"": 0.83, ""pos"": 950.6, ""error"": 871.9261263999995}, {""pair"": [2, 3, 2, 3], ""acc"": -20.3, ""vel"": 0.83, ""pos"": 950.6, ""error"": 871.9261263999995}, {""pair"": [2, 3, 2, 3], ""acc"": -20.3, ""vel"": 0.83, ""pos"": 950.6, ""error"": 871.9261263999995}, {""pair"": [2, 3, 2, 3], ""acc"": -20.3, ""vel"": 0.83, ""pos"": 950.6, ""error"": 871.9261263999995}, {""pair"": [2, 3, 2, 3], ""acc"": -20.3, ""vel"": 0.83, ""pos"": 950.6, ""error"": 871.9261263999995}]","[[2, 3, 2, 3], [2, 3, 2, 3], [2, 3, 2, 3], [2, 3, 2, 3], [2, 3, 2, 3], [2, 3, 2, 3], [2, 3, 2, 3], [2, 3, 2, 3], [2, 3, 2, 3], [2, 3, 2, 3], [2, 3, 2, 3], [2, 3, 2, 3], [2, 3, 2, 3], [2, 3, 2, 3], [2, 3, 2, 3], [2, 3, 2, 3]]","[[{""pair"": [2, 3, 2, 3], ""acc"": -20.3, ""vel"": 0.83, ""pos"": 950.6, ""error"": 871.9261263999995}], [{""pair"": [2, 3, 2, 3], ""acc"": -20.3, ""vel"": 0.83, ""pos"": 950.6, ""error"": 871.9261263999995}], [{""pair"": [2, 3, 2, 3], ""acc"": -20.3, ""vel"": 0.83, ""pos"": 950.6, ""error"": 871.9261263999995}], [{""pair"": [2, 3, 2, 3], ""acc"": -20.3, ""vel"": 0.83, ""pos"": 950.6, ""error"": 871.9261263999995}], [{""pair"": [2, 3, 2, 3], ""acc"": -20.3, ""vel"": 0.83, ""pos"": 950.6, ""error"": 871.9261263999995}], [{""pair"": [2, 3, 2, 3], ""acc"": -20.3, ""vel"": 0.83, ""pos"": 950.6, ""error"": 871.9261263999995}], [{""pair"": [2, 3, 2, 3], ""acc"": -20.3, ""vel"": 0.83, ""pos"": 950.6, ""error"": 871.9261263999995}], [{""pair"": [2, 3, 2, 3], ""acc"": -20.3, ""vel"": 0.83, ""pos"": 950.6, ""error"": 871.9261263999995}], [{""pair"": [2, 3, 2, 3], ""acc"": -20.3, ""vel"": 0.83, ""pos"": 950.6, ""error"": 871.9261263999995}], [{""pair"": [2, 3, 2, 3], ""acc"": -20.3, ""vel"": 0.83, ""pos"": 950.6, ""error"": 871.9261263999995}], [{""pair"": [2, 3, 2, 3], ""acc"": -20.3, ""vel"": 0.83, ""pos"": 950.6, ""error"": 871.9261263999995}], [{""pair"": [2, 3, 2, 3], ""acc"": -20.3, ""vel"": 0.83, ""pos"": 950.6, ""error"": 871.9261263999995}], [{""pair"": [2, 3, 2, 3], ""acc"": -20.3, ""vel"": 0.83, ""pos"": 950.6, ""error"": 871.9261263999995}], [{""pair"": [2, 3, 2, 3], ""acc"": -20.3, ""vel"": 0.83, ""pos"": 950.6, ""error"": 871.9261263999995}], [{""pair"": [2, 3, 2, 3], ""acc"": -20.3, ""vel"": 0.83, ""pos"": 950.6, ""error"": 871.9261263999995}], [{""pair"": [2, 3, 2, 3], ""acc"": -20.3, ""vel"": 0.83, ""pos"": 950.6, ""error"": 871.9261263999995}]]","[[[2, 3, 2, 3], [-20.3, 0.83, 950.6], 871.9261263999995], [[2, 3, 2, 3], [-20.3, 0.83, 950.6], 871.9261263999995], [[2, 3, 2, 3], [-20.3, 0.83, 950.6], 871.9261263999995], [[2, 3, 2, 3], [-20.3, 0.83, 950.6], 871.9261263999995], [[2, 3, 2, 3], [-20.3, 0.83, 950.6], 871.9261263999995], [[2, 3, 2, 3], [-20.3, 0.83, 950.6], 871.9261263999995], [[2, 3, 2, 3], [-20.3, 0.83, 950.6], 871.9261263999995], [[2, 3, 2, 3], [-20.3, 0.83, 950.6], 871.9261263999995], [[2, 3, 2, 3], [-20.3, 0.83, 950.6], 871.9261263999995], [[2, 3, 2, 3], [-20.3, 0.83, 950.6], 871.9261263999995], [[2, 3, 2, 3], [-20.3, 0.83, 950.6], 871.9261263999995], [[2, 3, 2, 3], [-20.3, 0.83, 950.6], 871.9261263999995], [[2, 3, 2, 3], [-20.3, 0.83, 950.6], 871.9261263999995], [[2, 3, 2, 3], [-20.3, 0.83, 950.6], 871.9261263999995], [[2, 3, 2, 3], [-20.3, 0.83, 950.6], 871.9261263999995], [[2, 3, 2, 3], [-20.3, 0.83, 950.6], 871.9261263999995]]"
0.5,22.65,258.0,-8.0,18.46,2351.2,-20.3,0.51,950.6,"[{""pair"": [0, 0, 0, 0], ""acc"": -20.3, ""vel"": 0.51, ""pos"": 950.6, ""error"": 0}]","[[0, 0, 0, 0]]",[],"[[[0, 0, 0, 0], [-20.3, 0.51, 950.6], 0]]"
0.5,22.66,258.40000000000003,8.0,50.0,2491.3,-20.3,0.16,950.6,"[{""pair"": [0, 0, 0, 0], ""acc"": -20.3, ""vel"": 0.16, ""pos"": 950.6, ""error"": 0}]","[[0, 0, 0, 0]]",[],"[[[0, 0, 0, 0], [-20.3, 0.16, 950.6], 0]]"
0.5,22.67,258.8,8.0,50.0,3061.8,-20.3,-0.19,950.6,"[{""pair"": [0, 0, 0, 0], ""acc"": -20.3, ""vel"": -0.19, ""pos"": 950.6, ""error"": 0}]","[[0, 0, 0, 0]]",[],"[[[0, 0, 0, 0], [-20.3, -0.19, 950.6], 0]]"
0.5,22.67,259.2,-1.3,50.0,1649.8,-20.3,-0.51,950.6,"[{""pair"": [0, 0, 0, 0], ""acc"": -20.3, ""vel"": -0.51, ""pos"": 950.6, ""error"": 0}]","[[0, 0, 0, 0]]",[],"[[[0, 0, 0, 0], [-20.3, -0.51, 950.6], 0]]"
0.5,22.68,259.5,8.0,50.0,2203.6,-20.3,-0.86,950.6,"[{""pair"": [0, 0, 0, 0], ""acc"": -20.3, ""vel"": -0.86, ""pos"": 950.6, ""error"": 0}]","[[0, 0, 0, 0]]",[],"[[[0, 0, 0, 0], [-20.3, -0.86, 950.6], 0]]"
0.5,22.69,259.90000000000003,-8.0,41.0,1362.3,-20.3,-1.21,950.6,"[{""pair"": [0, 0, 0, 0], ""acc"": -20.3, ""vel"": -1.21, ""pos"": 950.6, ""error"": 0}]","[[0, 0, 0, 0]]",[],"[[[0, 0, 0, 0], [-20.3, -1.21, 950.6], 0]]"
0.5,22.7,260.3,-8.0,50.0,12.6,-20.3,-1.53,950.6,"[{""pair"": [0, 0, 0, 0], ""acc"": -20.3, ""vel"": -1.53, ""pos"": 950.6, ""error"": 0}]","[[0, 0, 0, 0]]",[],"[[[0, 0, 0, 0], [-20.3, -1.53, 950.6], 0]]"
0.5,22.71,260.7,2.7,50.0,489.0,-20.3,-1.88,950.6,"[{""pair"": [0, 0, 0, 0], ""acc"": -20.3, ""vel"": -1.88, ""pos"": 950.6, ""error"": 0}]","[[0, 0, 0, 0]]",[],"[[[0, 0, 0, 0], [-20.3, -1.88, 950.6], 0]]"
0.5,22.71,261.1,7.6,50.0,2462.0,-20.3,-2.23,950.6,"[{""pair"": [0, 0, 0, 0], ""acc"": -20.3, ""vel"": -2.23, ""pos"": 950.6, ""error"": 0}]","[[0, 0, 0, 0]]",[],"[[[0, 0, 0, 0], [-20.3, -2.23, 950.6], 0]]"
0.5,22.72,261.40000000000003,-1.5,6.58,1088.7,-1.5,6.58,1088.7,"[{""pair"": [2, 2, 2, 2], ""acc"": -1.5, ""vel"": 6.58, ""pos"": 1088.7, ""error"": 147.2730784000005}, {""pair"": [2, 2, 2, 2], ""acc"": -1.5, ""vel"": 6.58, ""pos"": 1088.7, ""error"": 147.2730784000005}, {""pair"": [2, 2, 2, 2], ""acc"": -1.5, ""vel"": 6.58, ""pos"": 1088.7, ""error"": 147.2730784000005}, {""pair"": [2, 2, 2, 2], ""acc"": -1.5, ""vel"": 6.58, ""pos"": 1088.7, ""error"": 147.2730784000005}, {""pair"": [2, 2, 2, 2], ""acc"": -1.5, ""vel"": 6.58, ""pos"": 1088.7, ""error"": 147.2730784000005}, {""pair"": [2, 2, 2, 2], ""acc"": -1.5, ""vel"": 6.58, ""pos"": 1088.7, ""error"": 147.2730784000005}, {""pair"": [2, 2, 2, 2], ""acc"": -1.5, ""vel"": 6.58, ""pos"": 1088.7, ""error"": 147.2730784000005}, {""pair"": [2, 2, 2, 2], ""acc"": -1.5, ""vel"": 6.58, ""pos"": 1088.7, ""error"": 147.2730784000005}, {""pair"": [2, 2, 2, 2], ""acc"": -1.5, ""vel"": 6.58, ""pos"": 1088.7, ""error"": 147.2730784000005}, {""pair"": [2, 2, 2, 2], ""acc"": -1.5, ""vel"": 6.58, ""pos"": 1088.7, ""error"": 147.2730784000005}, {""pair"": [2, 2, 2, 2], ""acc"": -1.5, ""vel"": 6.58, ""pos"": 1088.7, ""error"": 147.2730784000005}, {""pair"": [2, 2, 2, 2], ""acc"": -1.5, ""vel"": 6.58, ""pos"": 1088.7, ""error"": 147.2730784000005}, {""pair"": [2, 2, 2, 2], ""acc"": -1.5, ""vel"": 6.58, ""pos"": 1088.7, ""error"": 147.2730784000005}, {""pair"": [2, 2, 2, 2], ""acc"": -1.5, ""vel"": 6.58, ""pos"": 1088.7, ""error"": 147.2730784000005}, {""pair"": [2, 2, 2, 2], ""acc"": -1.5, ""vel"": 6.58, ""pos"": 1088.7, ""error"": 147.2730784000005}, {""pair"": [2, 2, 2, 2], ""acc"": -1.5, ""vel"": 6.58, ""pos"": 1088.7, ""error"": 147.2730784000005}]","[[2, 2, 2, 2], [2, 2, 2, 2], [2, 2, 2, 2], [2, 2, 2, 2], [2, 2, 2, 2], [2, 2, 2, 2], [2, 2, 2, 2], [2, 2, 2, 2], [2, 2, 2, 2], [2, 2, 2, 2], [2, 2, 2, 2], [2, 2, 2, 2], [2, 2, 2, 2], [2, 2, 2, 2], [2, 2, 2, 2], [2, 2, 2, 2]]","[[{""pair"": [2, 2, 2, 2], ""acc"": -1.5, ""vel"": 6.58, ""pos"": 1088.7, ""error"": 147.2730784000005}], [{""pair"": [2, 2, 2, 2], ""acc"": -1.5, ""vel"": 6.58, ""pos"": 1088.7, ""error"": 147.2730784000005}], [{""pair"": [2, 2, 2, 2], ""acc"": -1.5, ""vel"": 6.58, ""pos"": 1088.7, ""error"": 147.2730784000005}], [{""pair"": [2, 2, 2, 2], ""acc"": -1.5, ""vel"": 6.58, ""pos"": 1088.7, ""error"": 147.2730784000005}], [{""pair"": [2, 2, 2, 2], ""acc"": -1.5, ""vel"": 6.58, ""pos"": 1088.7, ""error"": 147.2730784000005}], [{""pair"": [2, 2, 2, 2], ""acc"": -1.5, ""vel"": 6.58, ""pos"": 1088.7, ""error"": 147.2730784000005}], [{""pair"": [2, 2, 2, 2], ""acc"": -1.5, ""vel"": 6.58, ""pos"": 1088.7, ""error"": 147.2730784000005}], [{""pair"": [2, 2, 2, 2], ""acc"": -1.5, ""vel"": 6.58, ""pos"": 1088.7, ""error"": 147.2730784000005}], [{""pair"": [2, 2, 2, 2], ""acc"": -1.5, ""vel"": 6.58, ""pos"": 1088.7, ""error"": 147.2730784000005}], [{""pair"": [2, 2, 2, 2], ""acc"": -1.5, ""vel"": 6.58, ""pos"": 1088.7, ""error"": 147.2730784000005}], [{""pair"": [2, 2, 2, 2], ""acc"": -1.5, ""vel"": 6.58, ""pos"": 1088.7, ""error"": 147.2730784000005}], [{""pair"": [2, 2, 2, 2], ""acc"": -1.5, ""vel"": 6.58, ""pos"": 1088.7, ""error"": 147.2730784000005}], [{""pair"": [2, 2, 2, 2], ""acc"": -1.5, ""vel"": 6.58, ""pos"": 1088.7, ""error"": 147.2730784000005}], [{""pair"": [2, 2, 2, 2], ""acc"": -1.5, ""vel"": 6.58, ""pos"": 1088.7, ""error"": 147.2730784000005}], [{""pair"": [2, 2, 2, 2], ""acc"": -1.5, ""vel"": 6.58, ""pos"": 1088.7, ""error"": 147.2730784000005}], [{""pair"": [2, 2, 2, 2], ""acc"": -1.5, ""vel"": 6.58, ""pos"": 1088.7, ""error"": 147.2730784000005}]]","[[[2, 2, 2, 2], [-1.5, 6.58, 1088.7], 147.2730784000005], [[2, 2, 2, 2], [-1.5, 6.58, 1088.7], 147.2730784000005], [[2, 2, 2, 2], [-1.5, 6.58, 1088.7], 147.2730784000005], [[2, 2, 2, 2], [-1.5, 6.58, 1088.7], 147.2730784000005], [[2, 2, 2, 2], [-1.5, 6.58, 1088.7], 147.2730784000005], [[2, 2, 2, 2], [-1.5, 6.58, 1088.7], 147.2730784000005], [[2, 2, 2, 2], [-1.5, 6.58, 1088.7], 147.2730784000005], [[2, 2, 2, 2], [-1.5, 6.58, 1088.7], 147.2730784000005], [[2, 2, 2, 2], [-1.5, 6.58, 1088.7], 147.2730784000005], [[2, 2, 2, 2], [-1.5, 6.58, 1088.7], 147.2730784000005], [[2, 2, 2, 2], [-1.5, 6.58, 1088.7], 147.2730784000005], [[2, 2, 2, 2], [-1.5, 6.58, 1088.7], 147.2730784000005], [[2, 2, 2, 2], [-1.5, 6.58, 1088.7], 147.2730784000005], [[2, 2, 2, 2], [-1.5, 6.58, 1088.7], 147.2730784000005], [[2, 2, 2, 2], [-1.5, 6.58, 1088.7], 147.2730784000005], [[2, 2, 2, 2], [-1.5, 6.58, 1088.7], 147.2730784000005]]"
0.5,22.73,261.8,8.0,50.0,664.7,-1.5,6.55,1088.8,"[{""pair"": [0, 0, 0, 0], ""acc"": -1.5, ""vel"": 6.55, ""pos"": 1088.8, ""error"": 0}]","[[0, 0, 0, 0]]",[],"[[[0, 0, 0, 0], [-1.5, 6.55, 1088.8], 0]]"
0.5,22.74,262.2,8.0,50.0,602.5,-1.5,6.52,1088.9,"[{""pair"": [0, 0, 0, 0], ""acc"": -1.5, ""vel"": 6.52, ""pos"": 1088.9, ""error"": 0}]","[[0, 0, 0, 0]]",[],"[[[0, 0, 0, 0], [-1.5, 6.52, 1088.9], 0]]"
0.5,22.75,262.6,-8.0,50.0,2965.6,-1.5,6.5,1089.0,"[{""pair"": [0, 0, 0, 0], ""acc"": -1.5, ""vel"": 6.5, ""pos"": 1089.0, ""error"": 0}]","[[0, 0, 0, 0]]",[],"[[[0, 0, 0, 0], [-1.5, 6.5, 1089.0], 0]]"
0.5,22.76,262.90000000000003,0.0,50.0,2772.1,-1.5,6.47,1089.1,"[{""pair"": [0, 0, 0, 0], ""acc"": -1.5, ""vel"": 6.47, ""pos"": 1089.1, ""error"": 0}]","[[0, 0, 0, 0]]",[],"[[[0, 0, 0, 0], [-1.5, 6.47, 1089.1], 0]]"
0.5,22.76,263.3,-8.0,14.93,805.2,-1.5,6.44,1089.2,"[{""pair"": [0, 0, 0, 0], ""acc"": -1.5, ""vel"": 6.44, ""pos"": 1089.2, ""error"": 0}]","[[0, 0, 0, 0]]",[],"[[[0, 0, 0, 0], [-1.5, 6.44, 1089.2], 0]]"
0.5,22.77,263.7,-8.0,50.0,423.8,-1.5,6.42,1089.3,"[{""pair"": [0, 0, 0, 0], ""acc"": -1.5, ""vel"": 6.42, ""pos"": 1089.3, ""error"": 0}]","[[0, 0, 0, 0]]",[],"[[[0, 0, 0, 0], [-1.5, 6.42, 1089.3], 0]]"
0.5,22.78,264.1,-5.5,50.0,1608.4,-1.5,6.39,1089.4,"[{""pair"": [0, 0, 0, 0], ""acc"": -1.5, ""vel"": 6.39, ""pos"": 1089.4, ""error"": 0}]","[[0, 0, 0, 0]]",[],"[[[0, 0, 0, 0], [-1.5, 6.39, 1089.4], 0]]"
0.5,22.79,264.5,-8.0,35.57,1356.2,-17.2,35.57,1356.2,"[{""pair"": [2, 3, 2, 3], ""acc"": -17.2, ""vel"": 35.57, ""pos"": 1356.2, ""error"": 295.8970867499999}, {""pair"": [2, 3, 2, 3], ""acc"": -17.2, ""vel"": 35.57, ""pos"": 1356.2, ""error"": 295.8970867499999}, {""pair"": [2, 3, 2, 3], ""acc"": -17.2, ""vel"": 35.57, ""pos"": 1356.2, ""error"": 295.8970867499999}, {""pair"": [2, 3, 2, 3], ""acc"": -17.2, ""vel"": 35.57, ""pos"": 1356.2, ""error"": 295.8970867499999}, {""pair"": [2, 3, 2, 3], ""acc"": -17.2, ""vel"": 35.57, ""pos"": 1356.2, ""error"": 295.8970867499999}, {""pair"": [2, 3, 2, 3], ""acc"": -17.2, ""vel"": 35.57, ""pos"": 1356.2, ""error"": 295.8970867499999}, {""pair"": [2, 3, 2, 3], ""acc"": -17.2, ""vel"": 35.57, ""pos"": 1356.2, ""error"": 295.8970867499999}, {""pair"": [2, 3, 2, 3], ""acc"": -17.2, ""vel"": 35.57, ""pos"": 1356.2, ""error"": 295.8970867499999}, {""pair"": [2, 3, 2, 3], ""acc"": -17.2, ""vel"": 35.57, ""pos"": 1356.2, ""error"": 295.8970867499999}, {""pair"": [2, 3, 2, 3], ""acc"": -17.2, ""vel"": 35.57, ""pos"": 1356.2, ""error"": 295.8970867499999}, {""pair"": [2, 3, 2, 3], ""acc"": -17.2, ""vel"": 35.57, ""pos"": 1356.2, ""error"": 295.8970867499999}, {""pair"": [2, 3, 2, 3], ""acc"": -17.2, ""vel"": 35.57, ""pos"": 1356.2, ""error"": 295.8970867499999}, {""pair"": [2, 3, 2, 3], ""acc"": -17.2, ""vel"": 35.57, ""pos"": 1356.2, ""error"": 295.8970867499999}, {""pair"": [2, 3, 2, 3], ""acc"": -17.2, ""vel"": 35.57, ""pos"": 1356.2, ""error"": 295.8970867499999}, {""pair"": [2, 3, 2, 3], ""acc"": -17.2, ""vel"": 35.57, ""pos"": 1356.2, ""error"": 295.8970867499999}, {""pair"": [2, 3, 2, 3], ""acc"": -17.2, ""vel"": 35.57, ""pos"": 1356.2, ""error"": 295.8970867499999}]","[[2, 3, 2, 3], [2, 3, 2, 3], [2, 3, 2, 3], [2, 3, 2, 3], [2, 3, 2, 3], [2, 3, 2, 3], [2, 3, 2, 3], [2, 3, 2, 3], [2, 3, 2, 3], [2, 3, 2, 3], [2, 3, 2, 3], [2, 3, 2, 3], [2, 3, 2, 3], [2, 3, 2, 3], [2, 3, 2, 3], [2, 3, 2, 3]]","[[{""pair"": [2, 3, 2, 3], ""acc"": -17.2, ""vel"": 35.57, ""pos"": 1356.2, ""error"": 295.8970867499999}], [{""pair"": [2, 3, 2, 3], ""acc"": -17.2, ""vel"": 35.57, ""pos"": 1356.2, ""error"": 295.8970867499999}], [{""pair"": [2, 3, 2, 3], ""acc"": -17.2, ""vel"": 35.57, ""pos"": 1356.2, ""error"": 295.8970867499999}], [{""pair"": [2, 3, 2, 3], ""acc"": -17.2, ""vel"": 35.57, ""pos"": 1356.2, ""error"": 295.8970867499999}], [{""pair"": [2, 3, 2, 3], ""acc"": -17.2, ""vel"": 35.57, ""pos"": 1356.2, ""error"": 295.8970867499999}], [{""pair"": [2, 3, 2, 3], ""acc"": -17.2, ""vel"": 35.57, ""pos"": 1356.2, ""error"": 295.8970867499999}], [{""pair"": [2, 3, 2, 3], ""acc"": -17.2, ""vel"": 35.57, ""pos"": 1356.2, ""error"": 295.8970867499999}], [{""pair"": [2, 3, 2, 3], ""acc"": -17.2, ""vel"": 35.57, ""pos"": 1356.2, ""error"": 295.8970867499999}], [{""pair"": [2, 3, 2, 3], ""acc"": -17.2, ""vel"": 35.57, ""pos"": 1356.2, ""error"": 295.8970867499999}], [{""pair"": [2, 3, 2, 3], ""acc"": -17.2, ""vel"": 35.57, ""pos"": 1356.2, ""error"": 295.8970867499999}], [{""pair"": [2, 3, 2, 3], ""acc"": -17.2, ""vel"": 35.57, ""pos"": 1356.2, ""error"": 295.8970867499999}], [{""pair"": [2, 3, 2, 3], ""acc"": -17.2, ""vel"": 35.57, ""pos"": 1356.2, ""error"": 295.8970867499999}], [{""pair"": [2, 3, 2, 3], ""acc"": -17.2, ""vel"": 35.57, ""pos"": 1356.2, ""error"": 295.8970867499999}], [{""pair"": [2, 3, 2, 3], ""acc"": -17.2, ""vel"": 35.57, ""pos"": 1356.2, ""error"": 295.8970867499999}], [{""pair"": [2, 3, 2, 3], ""acc"": -17.2, ""vel"": 35.57, ""pos"": 1356.2, ""error"": 295.8970867499999}], [{""pair"": [2, 3, 2, 3], ""acc"": -17.2, ""vel"": 35.57, ""pos"": 1356.2, ""error"": 295.8970867499999}]]","[[[2, 3, 2, 3], [-17.2, 35.57, 1356.2], 295.8970867499999], [[2, 3, 2, 3], [-17.2, 35.57, 1356.2], 295.8970867499999], [[2, 3, 2, 3], [-17.2, 35.57, 1356.2], 295.8970867499999], [[2, 3, 2, 3], [-17.2, 35.57, 1356.2], 295.8970867499999], [[2, 3, 2, 3], [-17.2, 35.57, 1356.2], 295.8970867499999], [[2, 3, 2, 3], [-17.2, 35.57, 1356.2], 295.8970867499999], [[2, 3, 2, 3], [-17.2, 35.57, 1356.2], 295.8970867499999], [[2, 3, 2, 3], [-17.2, 35.57, 1356.2], 295.8970867499999], [[2, 3, 2, 3], [-17.2, 35.57, 1356.2], 295.8970867499999], [[2, 3, 2, 3], [-17.2, 35.57, 1356.2], 295.8970867499999], [[2, 3, 2, 3], [-17.2, 35.57, 1356.2], 295.8970867499999], [[2, 3, 2, 3], [-17.2, 35.57, 1356.2], 295.8970867499999], [[2, 3, 2, 3], [-17.2, 35.57, 1356.2], 295.8970867499999], [[2, 3, 2, 3], [-17.2, 35.57, 1356.2], 295.8970867499999], [[2, 3, 2, 3], [-17.2, 35.57, 1356.2], 295.8970867499999], [[2, 3, 2, 3], [-17.2, 35.57, 1356.2], 295.8970867499999]]"
0.5,22.8,264.90000000000003,7.6,50.0,1186.8,-17.2,35.29,1356.8,"[{""pair"": [0, 0, 0, 0], ""acc"": -17.2, ""vel"": 35.29, ""pos"": 1356.8, ""error"": 0}]","[[0, 0, 0, 0]]",[],"[[[0, 0, 0, 0], [-17.2, 35.29, 1356.8], 0]]"
0.5,22.81,265.2,-8.0,50.0,2528.6,-17.2,35.0,1357.4,"[{""pair"": [0, 0, 0, 0], ""acc"": -17.2, ""vel"": 35.0, ""pos"": 1357.4, ""error"": 0}]","[[0, 0, 0, 0]]",[],"[[[0, 0, 0, 0], [-17.2, 35.0, 1357.4], 0]]"
0.5,22.81,265.6,-8.0,50.0,2490.6,-17.2,34.71,1358.0,"[{""pair"": [0, 0, 0, 0], ""acc"": -17.2, ""vel"": 34.71, ""pos"": 1358.0, ""error"": 0}]","[[0, 0, 0, 0]]",[],"[[[0, 0, 0, 0], [-17.2, 34.71, 1358.0], 0]]"
0.5,22.82,266.0,-8.0,44.29,3248.5,-17.2,34.43,1358.6,"[{""pair"": [0, 0, 0, 0], ""acc"": -17.2, ""vel"": 34.43, ""pos"": 1358.6, ""error"": 0}]","[[0, 0, 0, 0]]",[],"[[[0, 0, 0, 0], [-17.2, 34.43, 1358.6], 0]]"
0.5,22.83,266.40000000000003,8.0,50.0,101.3,22.7,61.75,101.3,"[{""pair"": [2, 3, 2, 3], ""acc"": 22.7, ""vel"": 61.75, ""pos"": 101.3, ""error"": 1285.4952245999998}, {""pair"": [2, 3, 2, 3], ""acc"": 22.7, ""vel"": 61.75, ""pos"": 101.3, ""error"": 1285.4952245999998}, {""pair"": [2, 3, 2, 3], ""acc"": 22.7, ""vel"": 61.75, ""pos"": 101.3, ""error"": 1285.4952245999998}, {""pair"": [2, 3, 2, 3], ""acc"": 22.7, ""vel"": 61.75, ""pos"": 101.3, ""error"": 1285.4952245999998}, {""pair"": [2, 3, 2, 3], ""acc"": 22.7, ""vel"": 61.75, ""pos"": 101.3, ""error"": 1285.4952245999998}, {""pair"": [2, 3, 2, 3], ""acc"": 22.7, ""vel"": 61.75, ""pos"": 101.3, ""error"": 1285.4952245999998}, {""pair"": [2, 3, 2, 3], ""acc"": 22.7, ""vel"": 61.75, ""pos"": 101.3, ""error"": 1285.4952245999998}, {""pair"": [2, 3, 2, 3], ""acc"": 22.7, ""vel"": 61.75, ""pos"": 101.3, ""error"": 1285.4952245999998}, {""pair"": [2, 3, 2, 3], ""acc"": 22.7, ""vel"": 61.75, ""pos"": 101.3, ""error"": 1285.4952245999998}, {""pair"": [2, 3, 2, 3], ""acc"": 22.7, ""vel"": 61.75, ""pos"": 101.3, ""error"": 1285.4952245999998}, {""pair"": [2, 3, 2, 3], ""acc"": 22.7, ""vel"": 61.75, ""pos"": 101.3, ""error"": 1285.4952245999998}, {""pair"": [2, 3, 2, 3], ""acc"": 22.7, ""vel"": 61.75, ""pos"": 101.3, ""error"": 1285.4952245999998}, {""pair"": [2, 3, 2, 3], ""acc"": 22.7, ""vel"": 61.75, ""pos"": 101.3, ""error"": 1285.4952245999998}, {""pair"": [2, 3, 2, 3], ""acc"": 22.7, ""vel"": 61.75, ""pos"": 101.3, ""error"": 1285.4952245999998}, {""pair"": [2, 3, 2, 3], ""acc"": 22.7, ""vel"": 61.75, ""pos"": 101.3, ""error"": 1285.4952245999998}, {""pair"": [2, 3, 2, 3], ""acc"": 22.7, ""vel"": 61.75, ""pos"": 101.3, ""error"": 1285.4952245999998}]","[[2, 3, 2, 3], [2, 3, 2, 3], [2, 3, 2, 3], [2, 3, 2, 3], [2, 3, 2, 3], [2, 3, 2, 3], [2, 3, 2, 3], [2, 3, 2, 3], [2, 3, 2, 3], [2, 3, 2, 3], [2, 3, 2, 3], [2, 3, 2, 3], [2, 3, 2, 3], [2, 3, 2, 3], [2, 3, 2, 3], [2, 3, 2, 3]]","[[{""pair"": [2, 3, 2, 3], ""acc"": 22.7, ""vel"": 61.75, ""pos"": 101.3, ""error"": 1285.4952245999998}], [{""pair"": [2, 3, 2, 3], ""acc"": 22.7, ""vel"": 61.75, ""pos"": 101.3, ""error"": 1285.4952245999998}], [{""pair"": [2, 3, 2, 3], ""acc"": 22.7, ""vel"": 61.75, ""pos"": 101.3, ""error"": 1285.4952245999998}], [{""pair"": [2, 3, 2, 3], ""acc"": 22.7, ""vel"": 61.75, ""pos"": 101.3, ""error"": 1285.4952245999998}], [{""pair"": [2, 3, 2, 3], ""acc"": 22.7, ""vel"": 61.75, ""pos"": 101.3, ""error"": 1285.4952245999998}], [{""pair"": [2, 3, 2, 3], ""acc"": 22.7, ""vel"": 61.75, ""pos"": 101.3, ""error"": 1285.4952245999998}], [{""pair"": [2, 3, 2, 3], ""acc"": 22.7, ""vel"": 61.75, ""pos"": 101.3, ""error"": 1285.4952245999998}], [{""pair"": [2, 3, 2, 3], ""acc"": 22.7, ""vel"": 61.75, ""pos"": 101.3, ""error"": 1285.4952245999998}], [{""pair"": [2, 3, 2, 3], ""acc"": 22.7, ""vel"": 61.75, ""pos"": 101.3, ""error"": 1285.4952245999998}], [{""pair"": [2, 3, 2, 3], ""acc"": 22.7, ""vel"": 61.75, ""pos"": 101.3, ""error"": 1285.4952245999998}], [{""pair"": [2, 3, 2, 3], ""acc"": 22.7, ""vel"": 61.75, ""pos"": 101.3, ""error"": 1285.4952245999998}], [{""pair"": [2, 3, 2, 3], ""acc"": 22.7, ""vel"": 61.75, ""pos"": 101.3, ""error"": 1285.4952245999998}], [{""pair"": [2, 3, 2, 3], ""acc"": 22.7, ""vel"": 61.75, ""pos"": 101.3, ""error"": 1285.4952245999998}], [{""pair"": [2, 3, 2, 3], ""acc"": 22.7, ""vel"": 61.75, ""pos"": 101.3, ""error"": 1285.4952245999998}], [{""pair"": [2, 3, 2, 3], ""acc"": 22.7, ""vel"": 61.75, ""pos"": 101.3, ""error"": 1285.4952245999998}], [{""pair"": [2, 3, 2, 3], ""acc"": 22.7, ""vel"": 61.75, ""pos"": 101.3, ""error"": 1285.4952245999998}]]","[[[2, 3, 2, 3], [22.7, 61.75, 101.3], 1285.4952245999998], [[2, 3, 2, 3], [22.7, 61.75, 101.3], 1285.4952245999998], [[2, 3, 2, 3], [22.7, 61.75, 101.3], 1285.4952245999998], [[2, 3, 2, 3], [22.7, 61.75, 101.3], 1285.4952245999998], [[2, 3, 2, 3], [22.7, 61.75, 101.3], 1285.4952245999998], [[2, 3, 2, 3], [22.7, 61.75, 101.3], 1285.4952245999998], [[2, 3, 2, 3], [22.7, 61.75, 101.3], 1285.4952245999998], [[2, 3, 2, 3], [22.7, 61.75, 101.3], 1285.4952245999998], [[2, 3, 2, 3], [22.7, 61.75, 101.3], 1285.4952245999998], [[2, 3, 2, 3], [22.7, 61.75, 101.3], 1285.4952245999998], [[2, 3, 2, 3], [22.7, 61.75, 101.3], 1285.4952245999998], [[2, 3, 2, 3], [22.7, 61.75, 101.3], 1285.4952245999998], [[2, 3, 2, 3], [22.7, 61.75, 101.3], 1285.4952245999998], [[2, 3, 2, 3], [22.7, 61.75, 101.3], 1285.4952245999998], [[2, 3, 2, 3], [22.7, 61.75, 101.3], 1285.4952245999998], [[2, 3, 2, 3], [22.7, 61.75, 101.3], 1285.4952245999998]]"
0.5,22.84,266.8,-5.1,50.0,1459.8,22.7,62.14,102.4,"[{""pair"": [0, 0, 0, 0], ""acc"": 22.7, ""vel"": 62.14, ""pos"": 102.4, ""error"": 0}]","[[0, 0, 0, 0]]",[],"[[[0, 0, 0, 0], [22.7, 62.14, 102.4], 0]]"
0.5,22.85,267.1,8.0,50.0,723.9,22.7,62.5,103.4,"[{""pair"": [0, 0, 0, 0], ""acc"": 22.7, ""vel"": 62.5, ""pos"": 103.4, ""error"": 0}]","[[0, 0, 0, 0]]",[],"[[[0, 0, 0, 0], [22.7, 62.5, 103.4], 0]]"
0.5,22.86,267.5,3.1,50.0,2623.5,22.7,62.89,104.5,"[{""pair"": [0, 0, 0, 0], ""acc"": 22.7, ""vel"": 62.89, ""pos"": 104.5, ""error"": 0}]","[[0, 0, 0, 0]]",[],"[[[0, 0, 0, 0], [22.7, 62.89, 104.5], 0]]"
0.5,22.86,267.90000000000003,-8.0,27.72,2843.3,22.7,63.28,105.6,"[{""pair"": [0, 0, 0, 0], ""acc"": 22.7, ""vel"": 63.28, ""pos"": 105.6, ""error"": 0}]","[[0, 0, 0, 0]]",[],"[[[0, 0, 0, 0], [22.7, 63.28, 105.6], 0]]"
0.5,22.87,268.3,8.0,12.26,2486.9,22.7,63.64,106.6,"[{""pair"": [0, 0, 0, 0], ""acc"": 22.7, ""vel"": 63.64, ""pos"": 106.6, ""error"": 0}]","[[0, 0, 0, 0]]",[],"[[[0, 0, 0, 0], [22.7, 63.64, 106.6], 0]]"
0.5,22.88,268.6,-8.0,50.0,2825.6,-13.8,63.86,2620.8,"[{""pair"": [3, 0, 1, 5], ""acc"": -13.8, ""vel"": 63.86, ""pos"": 2620.8, ""error"": 2513.2807398500004}, {""pair"": [3, 0, 0, 5], ""acc"": -13.8, ""vel"": 22.9, ""pos"": 2825.6, ""error"": 2759.04073985}]","[[3, 0, 1, 5], [3, 0, 0, 5]]","[[{""pair"": [3, 0, 0, 5], ""acc"": -13.8, ""vel"": 22.9, ""pos"": 2825.6, ""error"": 2759.04073985}], [{""pair"": [3, 0, 1, 5], ""acc"": -13.8, ""vel"": 63.86, ""pos"": 2620.8, ""error"": 2513.2807398500004}]]","[[[3, 0, 0, 5], [-13.8, 22.9, 2825.6], 2759.04073985], [[3, 0, 1, 5], [-13.8, 63.86, 2620.8], 2513.2807398500004]]"
0.5,22.89,269.0,0.3,50.0,2843.8,0.3,63.08,2843.8,"[{""pair"": [2, 3, 2, 3], ""acc"": 0.3, ""vel"": 63.08, ""pos"": 2843.8, ""error"": 58.22729410000044}, {""pair"": [2, 3, 2, 3], ""acc"": 0.3, ""vel"": 63.08, ""pos"": 2843.8, ""error"": 58.22729410000044}, {""pair"": [2, 3, 2, 3], ""acc"": 0.3, ""vel"": 63.08, ""pos"": 2843.8, ""error"": 58.22729410000044}, {""pair"": [2, 3, 2, 3], ""acc"": 0.3, ""vel"": 63.08, ""pos"": 2843.8, ""error"": 58.22729410000044}, {""pair"": [2, 3, 2, 3], ""acc"": 0.3, ""vel"": 63.08, ""pos"": 2843.8, ""error"": 58.22729410000044}, {""pair"": [2, 3, 2, 3], ""acc"": 0.3, ""vel"": 63.08, ""pos"": 2843.8, ""error"": 58.22729410000044}, {""pair"": [2, 3, 2, 3], ""acc"": 0.3, ""vel"": 63.08, ""pos"": 2843.8, ""error"": 58.22729410000044}, {""pair"": [2, 3, 2, 3], ""acc"": 0.3, ""vel"": 63.08, ""pos"": 2843.8, ""error"": 58.22729410000044}, {""pair"": [2, 3, 2, 3], ""acc"": 0.3, ""vel"": 63.08, ""pos"": 2843.8, ""error"": 58.22729410000044}, {""pair"": [2, 3, 2, 3], ""acc"": 0.3, ""vel"": 63.08, ""pos"": 2843.8, ""error"": 58.22729410000044}, {""pair"": [2, 3, 2, 3], ""acc"": 0.3, ""vel"": 63.08, ""pos"": 2843.8, ""error"": 58.22729410000044}, {""pair"": [2, 3, 2, 3], ""acc"": 0.3, ""vel"": 63.08, ""pos"": 2843.8, ""error"": 58.22729410000044}, {""pair"": [2, 3, 2, 3], ""acc"": 0.3, ""vel"": 63.08, ""pos"": 2843.8, ""error"": 58.22729410000044}, {""pair"": [2, 3, 2, 3], ""acc"": 0.3, ""vel"": 63.08, ""pos"": 2843.8, ""error"": 58.22729410000044}, {""pair"": [2, 3, 2, 3], ""acc"": 0.3, ""vel"": 63.08, ""pos"": 2843.8, ""error"": 58.22729410000044}, {""pair"": [2, 3, 2, 3], ""acc"": 0.3, ""vel"": 63.08, ""pos"": 2843.8, ""error"": 58.22729410000044}]","[[2, 3, 2, 3], [2, 3, 2, 3], [2, 3, 2, 3], [2, 3, 2, 3], [2, 3, 2, 3], [2, 3, 2, 3], [2, 3, 2, 3], [2, 3, 2, 3], [2, 3, 2, 3], [2, 3, 2, 3], [2, 3, 2, 3], [2, 3, 2, 3], [2, 3, 2, 3], [2, 3, 2, 3], [2, 3, 2, 3], [2, 3, 2, 3]]","[[{""pair"": [2, 3, 2, 3], ""acc"": 0.3, ""vel"": 63.08, ""pos"": 2843.8, ""error"": 222.46177410000027}, {""pair"": [2, 3, 2, 3], ""acc"": 0.3, ""vel"": 63.08, ""pos"": 2843.8, ""error"": 58.22729410000044}], [{""pair"": [2, 3, 2, 3], ""acc"": 0.3, ""vel"": 63.08, ""pos"": 2843.8, ""error"": 222.46177410000027}, {""pair"": [2, 3, 2, 3], ""acc"": 0.3, ""vel"": 63.08, ""pos"": 2843.8, ""error"": 58.22729410000044}], [{""pair"": [2, 3, 2, 3], ""acc"": 0.3, ""vel"": 63.08, ""pos"": 2843.8, ""error"": 222.46177410000027}, {""pair"": [2, 3, 2, 3], ""acc"": 0.3, ""vel"": 63.08, ""pos"": 2843.8, ""error"": 58.22729410000044}], [{""pair"": [2, 3, 2, 3], ""acc"": 0.3, ""vel"": 63.08, ""pos"": 2843.8, ""error"": 222.46177410000027}, {""pair"": [2, 3, 2, 3], ""acc"": 0.3, ""vel"": 63.08, ""pos"": 2843.8, ""error"": 58.22729410000044}], [{""pair"": [2, 3, 2, 3], ""acc"": 0.3, ""vel"": 63.08, ""pos"": 2843.8, ""error"": 222.46177410000027}, {""pair"": [2, 3, 2, 3], ""acc"": 0.3, ""vel"": 63.08, ""pos"": 2843.8, ""error"": 58.22729410000044}], [{""pair"": [2, 3, 2, 3], ""acc"": 0.3, ""vel"": 63.08, ""pos"": 2843.8, ""error"": 222.46177410000027}, {""pair"": [2, 3, 2, 3], ""acc"": 0.3, ""vel"": 63.08, ""pos"": 2843.8, ""error"": 58.22729410000044}], [{""pair"": [2, 3, 2, 3], ""acc"": 0.3, ""vel"": 63.08, ""pos"": 2843.8, ""error"": 222.46177410000027}, {""pair"": [2, 3, 2, 3], ""acc"": 0.3, ""vel"": 63.08, ""pos"": 2843.8, ""error"": 58.22729410000044}], [{""pair"": [2, 3, 2, 3], ""acc"": 0.3, ""vel"": 63.08, ""pos"": 2843.8, ""error"": 222.46177410000027}, {""pair"": [2, 3, 2, 3], ""acc"": 0.3, ""vel"": 63.08, ""pos"": 2843.8, ""error"": 58.22729410000044}], [{""pair"": [2, 3, 2, 3], ""acc"": 0.3, ""vel"": 63.08, ""pos"": 2843.8, ""error"": 222.46177410000027}, {""pair"": [2, 3, 2, 3], ""acc"": 0.3, ""vel"": 63.08, ""pos"": 2843.8, ""error"": 58.22729410000044}], [{""pair"": [2, 3, 2, 3], ""acc"": 0.3, ""vel"": 63.08, ""pos"": 2843.8, ""error"": 222.46177410000027}, {""pair"": [2, 3, 2, 3], ""acc"": 0.3, ""vel"": 63.08, ""pos"": 2843.8, ""error"": 58.22729410000044}], [{""pair"": [2, 3, 2, 3], ""acc"": 0.3, ""vel"": 63.08, ""pos"": 2843.8, ""error"": 222.46177410000027}, {""pair"": [2, 3, 2, 3], ""acc"": 0.3, ""vel"": 63.08, ""pos"": 2843.8, ""error"": 58.22729410000044}], [{""pair"": [2, 3, 2, 3], ""acc"": 0.3, ""vel"": 63.08, ""pos"": 2843.8, ""error"": 222.46177410000027}, {""pair"": [2, 3, 2, 3], ""acc"": 0.3, ""vel"": 63.08, ""pos"": 2843.8, ""error"": 58.22729410000044}], [{""pair"": [2, 3, 2, 3], ""acc"": 0.3, ""vel"": 63.08, ""pos"": 2843.8, ""error"": 222.46177410000027}, {""pair"": [2, 3, 2, 3], ""acc"": 0.3, ""vel"": 63.08, ""pos"": 2843.8, ""error"": 58.22729410000044}], [{""pair"": [2, 3, 2, 3], ""acc"": 0.3, ""vel"": 63.08, ""pos"": 2843.8, ""error"": 222.46177410000027}, {""pair"": [2, 3, 2, 3], ""acc"": 0.3, ""vel"": 63.08, ""pos"": 2843.8, ""error"": 58.22729410000044}], [{""pair"": [2, 3, 2, 3], ""acc"": 0.3, ""vel"": 63.08, ""pos"": 2843.8, ""error"": 222.46177410000027}, {""pair"": [2, 3, 2, 3], ""acc"": 0.3, ""vel"": 63.08, ""pos"": 2843.8, ""error"": 58.22729410000044}], [{""pair"": [2, 3, 2, 3], ""acc"": 0.3, ""vel"": 63.08, ""pos"": 2843.8, ""error"": 222.46177410000027}, {""pair"": [2, 3, 2, 3], ""acc"": 0.3, ""vel"": 63.08, ""pos"": 2843.8, ""error"": 58.22729410000044}]]","[[[2, 3, 2, 3], [0.3, 63.08, 2843.8], 58.22729410000044], [[2, 3, 2, 3], [0.3, 63.08, 2843.8], 58.22729410000044], [[2, 3, 2, 3], [0.3, 63.08, 2843.8], 58.22729410000044], [[2, 3, 2, 3], [0.3, 63.08, 2843.8], 58.22729410000044], [[2, 3, 2, 3], [0.3, 63.08, 2843.8], 58.22729410000044], [[2, 3, 2, 3], [0.3, 63.08, 2843.8], 58.22729410000044], [[2, 3, 2, 3], [0.3, 63.08, 2843.8], 58.22729410000044], [[2, 3, 2, 3], [0.3, 63.08, 2843.8], 58.22729410000044], [[2, 3, 2, 3], [0.3, 63.08, 2843.8], 58.22729410000044], [[2, 3, 2, 3], [0.3, 63.08, 2843.8], 58.22729410000044], [[2, 3, 2, 3], [0.3, 63.08, 2843.8], 58.22729410000044], [[2, 3, 2, 3], [0.3, 63.08, 2843.8], 58.22729410000044], [[2, 3, 2, 3], [0.3, 63.08, 2843.8], 58.22729410000044], [[2, 3, 2, 3], [0.3, 63.08, 2843.8], 58.22729410000044], [[2, 3, 2, 3], [0.3, 63.08, 2843.8], 58.22729410000044], [[2, 3, 2, 3], [0.3, 63.08, 2843.8], 58.22729410000044]]"
0.5,22.9,269.40000000000003,-8.0,45.52,3236.5,0.3,63.08,2844.8,"[{""pair"": [0, 0, 0, 0], ""acc"": 0.3, ""vel"": 63.08, ""pos"": 2844.8, ""error"": 0}]","[[0, 0, 0, 0]]",[],"[[[0, 0, 0, 0], [0.3, 63.08, 2844.8], 0]]"
0.5,22.91,269.8,8.0,24.16,22.4,0.3,63.09,2845.9,"[{""pair"": [0, 0, 0, 0], ""acc"": 0.3, ""vel"": 63.09, ""pos"": 2845.9, ""error"": 0}]","[[0, 0, 0, 0]]",[],"[[[0, 0, 0, 0], [0.3, 63.09, 2845.9], 0]]"
0.5,22.91,270.2,-8.0,50.0,896.8,0.3,63.1,2847.0,"[{""pair"": [0, 0, 0, 0], ""acc"": 0.3, ""vel"": 63.1, ""pos"": 2847.0, ""error"": 0}]","[[0, 0, 0, 0]]",[],"[[[0, 0, 0, 0], [0.3, 63.1, 2847.0], 0]]"
0.5,22.92,270.6,-8.0,30.43,411.8,0.3,63.1,2848.0,"[{""pair"": [0, 0, 0, 0], ""acc"": 0.3, ""vel"": 63.1, ""pos"": 2848.0, ""error"": 0}]","[[0, 0, 0, 0]]",[],"[[[0, 0, 0, 0], [0.3, 63.1, 2848.0], 0]]"
0.5,22.93,270.90000000000003,-1.2,50.0,1665.2,-1.2,66.3,1665.2,"[{""pair"": [2, 2, 2, 2], ""acc"": -1.2, ""vel"": 66.3, ""pos"": 1665.2, ""error"": 1187.0676433499996}, {""pair"": [2, 2, 2, 2], ""acc"": -1.2, ""vel"": 66.3, ""pos"": 1665.2, ""error"": 1187.0676433499996}, {""pair"": [2, 2, 2, 2], ""acc"": -1.2, ""vel"": 66.3, ""pos"": 1665.2, ""error"": 1187.0676433499996}, {""pair"": [2, 2, 2, 2], ""acc"": -1.2, ""vel"": 66.3, ""pos"": 1665.2, ""error"": 1187.0676433499996}, {""pair"": [2, 2, 2, 2], ""acc"": -1.2, ""vel"": 66.3, ""pos"": 1665.2, ""error"": 1187.0676433499996}, {""pair"": [2, 2, 2, 2], ""acc"": -1.2, ""vel"": 66.3, ""pos"": 1665.2, ""error"": 1187.0676433499996}, {""pair"": [2, 2, 2, 2], ""acc"": -1.2, ""vel"": 66.3, ""pos"": 1665.2, ""error"": 1187.0676433499996}, {""pair"": [2, 2, 2, 2], ""acc"": -1.2, ""vel"": 66.3, ""pos"": 1665.2, ""error"": 1187.0676433499996}, {""pair"": [2, 2, 2, 2], ""acc"": -1.2, ""vel"": 66.3, ""pos"": 1665.2, ""error"": 1187.0676433499996}, {""pair"": [2, 2, 2, 2], ""acc"": -1.2, ""vel"": 66.3, ""pos"": 1665.2, ""error"": 1187.0676433499996}, {""pair"": [2, 2, 2, 2], ""acc"": -1.2, ""vel"": 66.3, ""pos"": 1665.2, ""error"": 1187.0676433499996}, {""pair"": [2, 2, 2, 2], ""acc"": -1.2, ""vel"": 66.3, ""pos"": 1665.2, ""error"": 1187.0676433499996}, {""pair"": [2, 2, 2, 2], ""acc"": -1.2, ""vel"": 66.3, ""pos"": 1665.2, ""error"": 1187.0676433499996}, {""pair"": [2, 2, 2, 2], ""acc"": -1.2, ""vel"": 66.3, ""pos"": 1665.2, ""error"": 1187.0676433499996}, {""pair"": [2, 2, 2, 2], ""acc"": -1.2, ""vel"": 66.3, ""pos"": 1665.2, ""error"": 1187.0676433499996}, {""pair"": [2, 2, 2, 2], ""acc"": -1.2, ""vel"": 66.3, ""pos"": 1665.2, ""error"": 1187.0676433499996}]","[[2, 2, 2, 2], [2, 2, 2, 2], [2, 2, 2, 2], [2, 2, 2, 2], [2, 2, 2, 2], [2, 2, 2, 2], [2, 2, 2, 2], [2, 2, 2, 2], [2, 2, 2, 2], [2, 2, 2, 2], [2, 2, 2, 2], [2, 2, 2, 2], [2, 2, 2, 2], [2, 2, 2, 2], [2, 2, 2, 2], [2, 2, 2, 2]]","[[{""pair"": [2, 2, 2, 2], ""acc"": -1.2, ""vel"": 66.3, ""pos"": 1665.2, ""error"": 1187.0676433499996}], [{""pair"": [2, 2, 2, 2], ""acc"": -1.2, ""vel"": 66.3, ""pos"": 1665.2, ""error"": 1187.0676433499996}], [{""pair"": [2, 2, 2, 2], ""acc"": -1.2, ""vel"": 66.3, ""pos"": 1665.2, ""error"": 1187.0676433499996}], [{""pair"": [2, 2, 2, 2], ""acc"": -1.2, ""vel"": 66.3, ""pos"": 1665.2, ""error"": 1187.0676433499996}], [{""pair"": [2, 2, 2, 2], ""acc"": -1.2, ""vel"": 66.3, ""pos"": 1665.2, ""error"": 1187.0676433499996}], [{""pair"": [2, 2, 2, 2], ""acc"": -1.2, ""vel"": 66.3, ""pos"": 1665.2, ""error"": 1187.0676433499996}], [{""pair"": [2, 2, 2, 2], ""acc"": -1.2, ""vel"": 66.3, ""pos"": 1665.2, ""error"": 1187.0676433499996}], [{""pair"": [2, 2, 2, 2], ""acc"": -1.2, ""vel"": 66.3, ""pos"": 1665.2, ""error"": 1187.0676433499996}], [{""pair"": [2, 2, 2, 2], ""acc"": -1.2, ""vel"": 66.3, ""pos"": 1665.2, ""error"": 1187.0676433499996}], [{""pair"": [2, 2, 2, 2], ""acc"": -1.2, ""vel"": 66.3, ""pos"": 1665.2, ""error"": 1187.0676433499996}], [{""pair"": [2, 2, 2, 2], ""acc"": -1.2, ""vel"": 66.3, ""pos"": 1665.2, ""error"": 1187.0676433499996}], [{""pair"": [2, 2, 2, 2], ""acc"": -1.2, ""vel"": 66.3, ""pos"": 1665.2, ""error"": 1187.0676433499996}], [{""pair"": [2, 2, 2, 2], ""acc"": -1.2, ""vel"": 66.3, ""pos"": 1665.2, ""error"": 1187.0676433499996}], [{""pair"": [2, 2, 2, 2], ""acc"": -1.2, ""vel"": 66.3, ""pos"": 1665.2, ""error"": 1187.0676433499996}], [{""pair"": [2, 2, 2, 2], ""acc"": -1.2, ""vel"": 66.3, ""pos"": 1665.2, ""error"": 1187.0676433499996}], [{""pair"": [2, 2, 2, 2], ""acc"": -1.2, ""vel"": 66.3, ""pos"": 1665.2, ""error"": 1187.0676433499996}]]","[[[2, 2, 2, 2], [-1.2, 66.3, 1665.2], 1187.0676433499996], [[2, 2, 2, 2], [-1.2, 66.3, 1665.2], 1187.0676433499996], [[2, 2, 2, 2], [-1.2, 66.3, 1665.2], 1187.0676433499996], [[2, 2, 2, 2], [-1.2, 66.3, 1665.2], 1187.0676433499996], [[2, 2, 2, 2], [-1.2, 66.3, 1665.2], 1187.0676433499996], [[2, 2, 2, 2], [-1.2, 66.3, 1665.2], 1187.0676433499996], [[2, 2, 2, 2], [-1.2, 66.3, 1665.2], 1187.0676433499996], [[2, 2, 2, 2], [-1.2, 66.3, 1665.2], 1187.0676433499996], [[2, 2, 2, 2], [-1.2, 66.3, 1665.2], 1187.0676433499996], [[2, 2, 2, 2], [-1.2, 66.3, 1665.2], 1187.0676433499996], [[2, 2, 2, 2], [-1.2, 66.3, 1665.2], 1187.0676433499996], [[2, 2, 2, 2], [-1.2, 66.3, 1665.2], 1187.0676433499996], [[2, 2, 2, 2], [-1.2, 66.3, 1665.2], 1187.0676433499996], [[2, 2, 2, 2], [-1.2, 66.3, 1665.2], 1187.0676433499996], [[2, 2, 2, 2], [-1.2, 66.3, 1665.2], 1187.0676433499996], [[2, 2, 2, 2], [-1.2, 66.3, 1665.2], 1187.0676433499996]]"
0.5,22.94,271.3,8.0,42.73,536.2,-1.2,66.28,1666.3,"[{""pair"": [0, 0, 0, 0], ""acc"": -1.2, ""vel"": 66.28, ""pos"": 1666.3, ""error"": 0}]","[[0, 0, 0, 0]]",[],"[[[0, 0, 0, 0], [-1.2, 66.28, 1666.3], 0]]"
0.5,22.94,271.7,-8.0,50.0,2878.6,-1.2,66.26,1667.4,"[{""pair"": [0, 0, 0, 0], ""acc"": -1.2, ""vel"": 66.26, ""pos"": 1667.4, ""error"": 0}]","[[0, 0, 0, 0]]",[],"[[[0, 0, 0, 0], [-1.2, 66.26, 1667.4], 0]]"
0.5,22.95,272.1,8.0,50.0,3239.9,-1.2,66.24,1668.5,"[{""pair"": [0, 0, 0, 0], ""acc"": -1.2, ""vel"": 66.24, ""pos"": 1668.5, ""error"": 0}]","[[0, 0, 0, 0]]",[],"[[[0, 0, 0, 0], [-1.2, 66.24, 1668.5], 0]]"
0.5,22.96,272.5,8.0,50.0,2727.7,-1.2,66.22,1669.6,"[{""pair"": [0, 0, 0, 0], ""acc"": -1.2, ""vel"": 66.22, ""pos"": 1669.6, ""error"": 0}]","[[0, 0, 0, 0]]",[],"[[[0, 0, 0, 0], [-1.2, 66.22, 1669.6], 0]]"
0.5,22.97,272.90000000000003,8.0,50.0,126.4,-1.2,66.2,1670.7,"[{""pair"": [0, 0, 0, 0], ""acc"": -1.2, ""vel"": 66.2, ""pos"": 1670.7, ""error"": 0}]","[[0, 0, 0, 0]]",[],"[[[0, 0, 0, 0], [-1.2, 66.2, 1670.7], 0]]"
0.5,22.97,273.2,-8.0,50.0,187.2,-1.2,66.18,1671.8,"[{""pair"": [0, 0, 0, 0], ""acc"": -1.2, ""vel"": 66.18, ""pos"": 1671.8, ""error"": 0}]","[[0, 0, 0, 0]]",[],"[[[0, 0, 0, 0], [-1.2, 66.18, 1671.8], 0]]"
0.5,22.98,273.6,-8.0,50.0,2911.5,-1.2,66.16,1672.9,"[{""pair"": [0, 0, 0, 0], ""acc"": -1.2, ""vel"": 66.16, ""pos"": 1672.9, ""error"": 0}]","[[0, 0, 0, 0]]",[],"[[[0, 0, 0, 0], [-1.2, 66.16, 1672.9], 0]]"
0.5,22.99,274.0,-8.0,50.0,2716.0,-1.2,66.14,1674.0,"[{""pair"": [0, 0, 0, 0], ""acc"": -1.2, ""vel"": 66.14, ""pos"": 1674.0, ""error"": 0}]","[[0, 0, 0, 0]]",[],"[[[0, 0, 0, 0], [-1.2, 66.14, 1674.0], 0]]"
0.5,23.0,274.40000000000003,3.0,50.0,995.8,-1.2,66.12,1675.1,"[{""pair"": [0, 0, 0, 0], ""acc"": -1.2, ""vel"": 66.12, ""pos"": 1675.1, ""error"": 0}]","[[0, 0, 0, 0]]",[],"[[[0, 0, 0, 0], [-1.2, 66.12, 1675.1], 0]]"
0.5,23.0,274.8,-8.0,34.42,804.0,-1.2,66.1,1676.2,"[{""pair"": [0, 0, 0, 0], ""acc"": -1.2, ""vel"": 66.1, ""pos"": 1676.2, ""error"": 0}]","[[0, 0, 0, 0]]",[],"[[[0, 0, 0, 0], [-1.2, 66.1, 1676.2], 0]]"
0.4,23.01,275.2,8.0,8.72,1268.1,-1.2,66.08,1677.3,"[{""pair"": [0, 0, 0, 0], ""acc"": -1.2, ""vel"": 66.08, ""pos"": 1677.3, ""error"": 0}]","[[0, 0, 0, 0]]",[],"[[[0, 0, 0, 0], [-1.2, 66.08, 1677.3], 0]]"
0.4,23.02,275.5,-4.4,34.61,2254.9,-1.2,66.06,1678.4,"[{""pair"": [0, 0, 0, 0], ""acc"": -1.2, ""vel"": 66.06, ""pos"": 1678.4, ""error"": 0}]","[[0, 0, 0, 0]]",[],"[[[0, 0, 0, 0], [-1.2, 66.06, 1678.4], 0]]"
0.4,23.03,275.90000000000003,-8.0,50.0,588.0,-1.2,66.04,1679.5,"[{""pair"": [0, 0, 0, 0], ""acc"": -1.2, ""vel"": 66.04, ""pos"": 1679.5, ""error"": 0}]","[[0, 0, 0, 0]]",[],"[[[0, 0, 0, 0], [-1.2, 66.04, 1679.5], 0]]"
0.4,23.03,276.3,-8.0,50.0,1531.2,-1.2,66.02,1680.6,"[{""pair"": [0, 0, 0, 0], ""acc"": -1.2, ""vel"": 66.02, ""pos"": 1680.6, ""error"": 0}]","[[0, 0, 0, 0]]",[],"[[[0, 0, 0, 0], [-1.2, 66.02, 1680.6], 0]]"
0.4,23.04,276.7,8.0,24.43,2355.2,-1.2,66.0,1681.7,"[{""pair"": [0, 0, 0, 0], ""acc"": -1.2, ""vel"": 66.0, ""pos"": 1681.7, ""error"": 0}]","[[0, 0, 0, 0]]",[],"[[[0, 0, 0, 0], [-1.2, 66.0, 1681.7], 0]]"
0.4,23.05,277.1,3.8,50.0,1638.7,-1.2,65.98,1682.8,"[{""pair"": [0, 0, 0, 0], ""acc"": -1.2, ""vel"": 65.98, ""pos"": 1682.8, ""error"": 0}]","[[0, 0, 0, 0]]",[],"[[[0, 0, 0, 0], [-1.2, 65.98, 1682.8], 0]]"
0.4,23.05,277.5,-8.0,50.0,395.8,-1.2,65.96,1683.9,"[{""pair"": [0, 0, 0, 0], ""acc"": -1.2, ""vel"": 65.96, ""pos"": 1683.9, ""error"": 0}]","[[0, 0, 0, 0]]",[],"[[[0, 0, 0, 0], [-1.2, 65.96, 1683.9], 0]]"
0.4,23.06,277.8,-0.2,50.0,2206.5,-1.2,65.94,1685.0,"[{""pair"": [0, 0, 0, 0], ""acc"": -1.2, ""vel"": 65.94, ""pos"": 1685.0, ""error"": 0}]","[[0, 0, 0, 0]]",[],"[[[0, 0, 0, 0], [-1.2, 65.94, 1685.0], 0]]"
0.4,23.06,278.2,-2.5,50.0,1516.3,-1.2,65.92,1686.1,"[{""pair"": [0, 0, 0, 0], ""acc"": -1.2, ""vel"": 65.92, ""pos"": 1686.1, ""error"": 0}]","[[0, 0, 0, 0]]",[],"[[[0, 0, 0, 0], [-1.2, 65.92, 1686.1], 0]]"
0.4,23.07,278.6,5.8,12.43,1365.2,-1.2,65.9,1687.2,"[{""pair"": [0, 0, 0, 0], ""acc"": -1.2, ""vel"": 65.9, ""pos"": 1687.2, ""error"": 0}]","[[0, 0, 0, 0]]",[],"[[[0, 0, 0, 0], [-1.2, 65.9, 1687.2], 0]]"
0.4,23.08,279.0,8.0,50.0,3105.9,-1.2,65.88,1688.3,"[{""pair"": [0, 0, 0, 0], ""acc"": -1.2, ""vel"": 65.88, ""pos"": 1688.3, ""error"": 0}]","[[0, 0, 0, 0]]",[],"[[[0, 0, 0, 0], [-1.2, 65.88, 1688.3], 0]]"
0.4,23.08,279.40000000000003,8.0,50.0,843.6,-1.2,65.86,1689.4,"[{""pair"": [0, 0, 0, 0], ""acc"": -1.2, ""vel"": 65.86, ""pos"": 1689.4, ""error"": 0}]","[[0, 0, 0, 0]]",[],"[[[0, 0, 0, 0], [-1.2, 65.86, 1689.4], 0]]"
0.4,23.09,279.8,8.0,49.19,2999.5,-1.2,65.84,1690.5,"[{""pair"": [0, 0, 0, 0], ""acc"": -1.2, ""vel"": 65.84, ""pos"": 1690.5, ""error"": 0}]","[[0, 0, 0, 0]]",[],"[[[0, 0, 0, 0], [-1.2, 65.84, 1690.5], 0]]"
0.4,23.1,280.1,-8.0,50.0,2218.8,-1.2,65.82,1691.6,"[{""pair"": [0, 0, 0, 0], ""acc"": -1.2, ""vel"": 65.82, ""pos"": 1691.6, ""error"": 0}]","[[0, 0, 0, 0]]",[],"[[[0, 0, 0, 0], [-1.2, 65.82, 1691.6], 0]]"
0.4,23.1,280.5,8.0,50.0,2154.1,-1.2,65.8,1692.7,"[{""pair"": [0, 0, 0, 0], ""acc"": -1.2, ""vel"": 65.8, ""pos"": 1692.7, ""error"": 0}]","[[0, 0, 0, 0]]",[],"[[[0, 0, 0, 0], [-1.2, 65.8, 1692.7], 0]]"
0.4,23.11,280.90000000000003,-2.7,30.54,2770.1,-1.2,65.78,1693.8,"[{""pair"": [0, 0, 0, 0], ""acc"": -1.2, ""vel"": 65.78, ""pos"": 1693.8, ""error"": 0}]","[[0, 0, 0, 0]]",[],"[[[0, 0, 0, 0], [-1.2, 65.78, 1693.8], 0]]"
0.4,23.12,281.3,-8.0,50.0,822.5,-1.2,65.76,1694.9,"[{""pair"": [0, 0, 0, 0], ""acc"": -1.2, ""vel"": 65.76, ""pos"": 1694.9, ""error"": 0}]","[[0, 0, 0, 0]]",[],"[[[0, 0, 0, 0], [-1.2, 65.76, 1694.9], 0]]"
0.4,23.12,281.7,-8.0,50.0,241.9,-1.2,65.74,1696.0,"[{""pair"": [0, 0, 0, 0], ""acc"": -1.2, ""vel"": 65.74, ""pos"": 1696.0, ""error"": 0}]","[[0, 0, 0, 0]]",[],"[[[0, 0, 0, 0], [-1.2, 65.74, 1696.0], 0]]"
0.4,23.13,282.1,8.0,50.0,1575.8,-1.2,65.72,1697.1,"[{""pair"": [0, 0, 0, 0], ""acc"": -1.2, ""vel"": 65.72, ""pos"": 1697.1, ""error"": 0}]","[[0, 0, 0, 0]]",[],"[[[0, 0, 0, 0], [-1.2, 65.72, 1697.1], 0]]"
0.4,23.14,282.5,-2.9,50.0,1879.4,-1.2,65.7,1698.2,"[{""pair"": [0, 0, 0, 0], ""acc"": -1.2, ""vel"": 65.7, ""pos"": 1698.2, ""error"": 0}]","[[0, 0, 0, 0]]",[],"[[[0, 0, 0, 0], [-1.2, 65.7, 1698.2], 0]]"
0.4,23.15,282.90000000000003,-0.7,38.16,1597.1,-1.2,65.68,1699.3,"[{""pair"": [0, 0, 0, 0], ""acc"": -1.2, ""vel"": 65.68, ""pos"": 1699.3, ""error"": 0}]","[[0, 0, 0, 0]]",[],"[[[0, 0, 0, 0], [-1.2, 65.68, 1699.3], 0]]"
0.4,23.15,283.2,-8.0,39.38,2156.8,-1.2,65.66,1700.4,"[{""pair"": [0, 0, 0, 0], ""acc"": -1.2, ""vel"": 65.66, ""pos"": 1700.4, ""error"": 0}]","[[0, 0, 0, 0]]",[],"[[[0, 0, 0, 0], [-1.2, 65.66, 1700.4], 0]]"
0.4,23.16,283.6,8.0,28.57,603.1,-1.2,65.64,1701.5,"[{""pair"": [0, 0, 0, 0], ""acc"": -1.2, ""vel"": 65.64, ""pos"": 1701.5, ""error"": 0}]","[[0, 0, 0, 0]]",[],"[[[0, 0, 0, 0], [-1.2, 65.64, 1701.5], 0]]"
0.4,23.17,284.0,1.7,50.0,2702.4,-1.2,65.62,1702.6,"[{""pair"": [0, 0, 0, 0], ""acc"": -1.2, ""vel"": 65.62, ""pos"": 1702.6, ""error"": 0}]","[[0, 0, 0, 0]]",[],"[[[0, 0, 0, 0], [-1.2, 65.62, 1702.6], 0]]"
0.5,23.17,284.40000000000003,8.0,50.0,1619.1,-1.2,65.6,1703.6,"[{""pair"": [0, 0, 0, 0], ""acc"": -1.2, ""vel"": 65.6, ""pos"": 1703.6, ""error"": 0}]","[[0, 0, 0, 0]]",[],"[[[0, 0, 0, 0], [-1.2, 65.6, 1703.6], 0]]"
0.5,23.18,284.8,8.0,11.03,2801.5,-1.2,65.58,1704.7,"[{""pair"": [0, 0, 0, 0], ""acc"": -1.2, ""vel"": 65.58, ""pos"": 1704.7, ""error"": 0}]","[[0, 0, 0, 0]]",[],"[[[0, 0, 0, 0], [-1.2, 65.58, 1704.7], 0]]"
0.5,23.19,285.2,8.0,34.15,3145.8,-1.2,65.56,1705.8,"[{""pair"": [0, 0, 0, 0], ""acc"": -1.2, ""vel"": 65.56, ""pos"": 1705.8, ""error"": 0}]","[[0, 0, 0, 0]]",[],"[[[0, 0, 0, 0], [-1.2, 65.56, 1705.8], 0]]"
0.5,23.2,285.6,8.0,50.0,716.2,-1.2,65.54,1706.8,"[{""pair"": [0, 0, 0, 0], ""acc"": -1.2, ""vel"": 65.54, ""pos"": 1706.8, ""error"": 0}]","[[0, 0, 0, 0]]",[],"[[[0, 0, 0, 0], [-1.2, 65.54, 1706.8], 0]]"
0.5,23.21,285.90000000000003,8.0,33.49,1779.9,-1.2,65.52,1707.9,"[{""pair"": [0, 0, 0, 0], ""acc"": -1.2, ""vel"": 65.52, ""pos"": 1707.9, ""error"": 0}]","[[0, 0, 0, 0]]",[],"[[[0, 0, 0, 0], [-1.2, 65.52, 1707.9], 0]]"
0.5,23.21,286.3,8.0,35.23,2234.1,-1.2,65.5,1709.0,"[{""pair"": [0, 0, 0, 0], ""acc"": -1.2, ""vel"": 65.5, ""pos"": 1709.0, ""error"": 0}]","[[0, 0, 0, 0]]",[],"[[[0, 0, 0, 0], [-1.2, 65.5, 1709.0], 0]]"
0.5,23.22,286.7,-8.0,14.76,2815.1,-1.2,65.48,1710.0,"[{""pair"": [0, 0, 0, 0], ""acc"": -1.2, ""vel"": 65.48, ""pos"": 1710.0, ""error"": 0}]","[[0, 0, 0, 0]]",[],"[[[0, 0, 0, 0], [-1.2, 65.48, 1710.0], 0]]"
0.5,23.23,287.1,-8.0,50.0,2826.8,-1.2,65.46,1711.1,"[{""pair"": [0, 0, 0, 0], ""acc"": -1.2, ""vel"": 65.46, ""pos"": 1711.1, ""error"": 0}]","[[0, 0, 0, 0]]",[],"[[[0, 0, 0, 0], [-1.2, 65.46, 1711.1], 0]]"
0.5,23.24,287.5,8.0,29.8,233.3,-1.2,65.44,1712.2,"[{""pair"": [0, 0, 0, 0], ""acc"": -1.2, ""vel"": 65.44, ""pos"": 1712.2, ""error"": 0}]","[[0, 0, 0, 0]]",[],"[[[0, 0, 0, 0], [-1.2, 65.44, 1712.2], 0]]"
0.5,23.24,287.90000000000003,-8.0,50.0,1959.5,-1.2,65.42,1713.2,"[{""pair"": [0, 0, 0, 0], ""acc"": -1.2, ""vel"": 65.42, ""pos"": 1713.2, ""error"": 0}]","[[0, 0, 0, 0]]",[],"[[[0, 0, 0, 0], [-1.2, 65.42, 1713.2], 0]]"
0.5,23.25,288.3,8.0,50.0,1554.4,-1.2,65.4,1714.3,"[{""pair"": [0, 0, 0, 0], ""acc"": -1.2, ""vel"": 65.4, ""pos"": 1714.3, ""error"": 0}]","[[0, 0, 0, 0]]",[],"[[[0, 0, 0, 0], [-1.2, 65.4, 1714.3], 0]]"
0.5,23.26,288.7,-8.0,50.0,1698.4,-1.2,65.38,1715.4,"[{""pair"": [0, 0, 0, 0], ""acc"": -1.2, ""vel"": 65.38, ""pos"": 1715.4, ""error"": 0}]","[[0, 0, 0, 0]]",[],"[[[0, 0, 0, 0], [-1.2, 65.38, 1715.4], 0]]"
0.5,23.27,289.0,-8.0,15.93,1753.4,-1.2,65.36,1716.4,"[{""pair"": [0, 0, 0, 0], ""acc"": -1.2, ""vel"": 65.36, ""pos"": 1716.4, ""error"": 0}]","[[0, 0, 0, 0]]",[],"[[[0, 0, 0, 0], [-1.2, 65.36, 1716.4], 0]]"
0.5,23.27,289.40000000000003,-1.2,38.41,451.9,-1.2,65.34,1717.5,"[{""pair"": [0, 0, 0, 0], ""acc"": -1.2, ""vel"": 65.34, ""pos"": 1717.5, ""error"": 0}]","[[0, 0, 0, 0]]",[],"[[[0, 0, 0, 0], [-1.2, 65.34, 1717.5], 0]]"
0.5,23.28,289.8,-2.0,7.22,2940.6,-1.2,65.32,1718.6,"[{""pair"": [0, 0, 0, 0], ""acc"": -1.2, ""vel"": 65.32, ""pos"": 1718.6, ""error"": 0}]","[[0, 0, 0, 0]]",[],"[[[0, 0, 0, 0], [-1.2, 65.32, 1718.6], 0]]"
0.5,23.29,290.2,-8.0,50.0,2106.4,-1.2,65.3,1719.6,"[{""pair"": [0, 0, 0, 0], ""acc"": -1.2, ""vel"": 65.3, ""pos"": 1719.6, ""error"": 0}]","[[0, 0, 0, 0]]",[],"[[[0, 0, 0, 0], [-1.2, 65.3, 1719.6], 0]]"
0.5,23.3,290.6,-8.0,50.0,3142.1,-17.2,79.21,3142.1,"[{""pair"": [2, 3, 2, 3], ""acc"": -17.2, ""vel"": 79.21, ""pos"": 3142.1, ""error"": 1435.3204734000003}, {""pair"": [2, 3, 2, 3], ""acc"": -17.2, ""vel"": 79.21, ""pos"": 3142.1, ""error"": 1435.3204734000003}, {""pair"": [2, 3, 2, 3], ""acc"": -17.2, ""vel"": 79.21, ""pos"": 3142.1, ""error"": 1435.3204734000003}, {""pair"": [2, 3, 2, 3], ""acc"": -17.2, ""vel"": 79.21, ""pos"": 3142.1, ""error"": 1435.3204734000003}, {""pair"": [2, 3, 2, 3], ""acc"": -17.2, ""vel"": 79.21, ""pos"": 3142.1, ""error"": 1435.3204734000003}, {""pair"": [2, 3, 2, 3], ""acc"": -17.2, ""vel"": 79.21, ""pos"": 3142.1, ""error"": 1435.3204734000003}, {""pair"": [2, 3, 2, 3], ""acc"": -17.2, ""vel"": 79.21, ""pos"": 3142.1, ""error"": 1435.3204734000003}, {""pair"": [2, 3, 2, 3], ""acc"": -17.2, ""vel"": 79.21, ""pos"": 3142.1, ""error"": 1435.3204734000003}, {""pair"": [2, 3, 2, 3], ""acc"": -17.2, ""vel"": 79.21, ""pos"": 3142.1, ""error"": 1435.3204734000003}, {""pair"": [2, 3, 2, 3], ""acc"": -17.2, ""vel"": 79.21, ""pos"": 3142.1, ""error"": 1435.3204734000003}, {""pair"": [2, 3, 2, 3], ""acc"": -17.2, ""vel"": 79.21, ""pos"": 3142.1, ""error"": 1435.3204734000003}, {""pair"": [2, 3, 2, 3], ""acc"": -17.2, ""vel"": 79.21, ""pos"": 3142.1, ""error"": 1435.3204734000003}, {""pair"": [2, 3, 2, 3], ""acc"": -17.2, ""vel"": 79.21, ""pos"": 3142.1, ""error"": 1435.3204734000003}, {""pair"": [2, 3, 2, 3], ""acc"": -17.2, ""vel"": 79.21, ""pos"": 3142.1, ""error"": 1435.3204734000003}, {""pair"": [2, 3, 2, 3], ""acc"": -17.2, ""vel"": 79.21, ""pos"": 3142.1, ""error"": 1435.3204734000003}, {""pair"": [2, 3, 2, 3], ""acc"": -17.2, ""vel"": 79.21, ""pos"": 3142.1, ""error"": 1435.3204734000003}]","[[2, 3, 2, 3], [2, 3, 2, 3], [2, 3, 2, 3], [2, 3, 2, 3], [2, 3, 2, 3], [2, 3, 2, 3], [2, 3, 2, 3], [2, 3, 2, 3], [2, 3, 2, 3], [2, 3, 2, 3], [2, 3, 2, 3], [2, 3, 2, 3], [2, 3, 2, 3], [2, 3, 2, 3], [2, 3, 2, 3], [2, 3, 2, 3]]","[[{""pair"": [2, 3, 2, 3], ""acc"": -17.2, ""vel"": 79.21, ""pos"": 3142.1, ""error"": 1435.3204734000003}], [{""pair"": [2, 3, 2, 3], ""acc"": -17.2, ""vel"": 79.21, ""pos"": 3142.1, ""error"": 1435.3204734000003}], [{""pair"": [2, 3, 2, 3], ""acc"": -17.2, ""vel"": 79.21, ""pos"": 3142.1, ""error"": 1435.3204734000003}], [{""pair"": [2, 3, 2, 3], ""acc"": -17.2, ""vel"": 79.21, ""pos"": 3142.1, ""error"": 1435.3204734000003}], [{""pair"": [2, 3, 2, 3], ""acc"": -17.2, ""vel"": 79.21, ""pos"": 3142.1, ""error"": 1435.3204734000003}], [{""pair"": [2, 3, 2, 3], ""acc"": -17.2, ""vel"": 79.21, ""pos"": 3142.1, ""error"": 1435.3204734000003}], [{""pair"": [2, 3, 2, 3], ""acc"": -17.2, ""vel"": 79.21, ""pos"": 3142.1, ""error"": 1435.3204734000003}], [{""pair"": [2, 3, 2, 3], ""acc"": -17.2, ""vel"": 79.21, ""pos"": 3142.1, ""error"": 1435.3204734000003}], [{""pair"": [2, 3, 2, 3], ""acc"": -17.2, ""vel"": 79.21, ""pos"": 3142.1, ""error"": 1435.3204734000003}], [{""pair"": [2, 3, 2, 3], ""acc"": -17.2, ""vel"": 79.21, ""pos"": 3142.1, ""error"": 1435.3204734000003}], [{""pair"": [2, 3, 2, 3], ""acc"": -17.2, ""vel"": 79.21, ""pos"": 3142.1, ""error"": 1435.3204734000003}], [{""pair"": [2, 3, 2, 3], ""acc"": -17.2, ""vel"": 79.21, ""pos"": 3142.1, ""error"": 1435.3204734000003}], [{""pair"": [2, 3, 2, 3], ""acc"": -17.2, ""vel"": 79.21, ""pos"": 3142.1, ""error"": 1435.3204734000003}], [{""pair"": [2, 3, 2, 3], ""acc"": -17.2, ""vel"": 79.21, ""pos"": 3142.1, ""error"": 1435.3204734000003}], [{""pair"": [2, 3, 2, 3], ""acc"": -17.2, ""vel"": 79.21, ""pos"": 3142.1, ""error"": 1435.3204734000003}], [{""pair"": [2, 3, 2, 3], ""acc"": -17.2, ""vel"": 79.21, ""pos"": 3142.1, ""error"": 1435.3204734000003}]]","[[[2, 3, 2, 3], [-17.2, 79.21, 3142.1], 1435.3204734000003], [[2, 3, 2, 3], [-17.2, 79.21, 3142.1], 1435.3204734000003], [[2, 3, 2, 3], [-17.2, 79.21, 3142.1], 1435.3204734000003], [[2, 3, 2, 3], [-17.2, 79.21, 3142.1], 1435.3204734000003], [[2, 3, 2, 3], [-17.2, 79.21, 3142.1], 1435.3204734000003], [[2, 3, 2, 3], [-17.2, 79.21, 3142.1], 1435.3204734000003], [[2, 3, 2, 3], [-17.2, 79.21, 3142.1], 1435.3204734000003], [[2, 3, 2, 3], [-17.2, 79.21, 3142.1], 1435.3204734000003], [[2, 3, 2, 3], [-17.2, 79.21, 3142.1], 1435.3204734000003], [[2, 3, 2, 3], [-17.2, 79.21, 3142.1], 1435.3204734000003], [[2, 3, 2, 3], [-17.2, 79.21, 3142.1], 1435.3204734000003], [[2, 3, 2, 3], [-17.2, 79.21, 3142.1], 1435.3204734000003], [[2, 3, 2, 3], [-17.2, 79.21, 3142.1], 1435.3204734000003], [[2, 3, 2, 3], [-17.2, 79.21, 3142.1], 1435.3204734000003], [[2, 3, 2, 3], [-17.2, 79.21, 3142.1], 1435.3204734000003], [[2, 3, 2, 3], [-17.2, 79.21, 3142.1], 1435.3204734000003]]"
0.5,23.3,291.0,8.0,31.94,2932.1,-17.2,78.92,3143.4,"[{""pair"": [0, 0, 0, 0], ""acc"": -17.2, ""vel"": 78.92, ""pos"": 3143.4, ""error"": 0}]","[[0, 0, 0, 0]]",[],"[[[0, 0, 0, 0], [-17.2, 78.92, 3143.4], 0]]"
0.5,23.31,291.40000000000003,-8.0,35.18,911.7,-17.2,78.64,3144.7,"[{""pair"": [0, 0, 0, 0], ""acc"": -17.2, ""vel"": 78.64, ""pos"": 3144.7, ""error"": 0}]","[[0, 0, 0, 0]]",[],"[[[0, 0, 0, 0], [-17.2, 78.64, 3144.7], 0]]"
0.5,23.32,291.7,-8.0,50.0,3028.3,-18.4,90.9,3028.3,"[{""pair"": [2, 3, 2, 3], ""acc"": -18.4, ""vel"": 90.9, ""pos"": 3028.3, ""error"": 130.28679459999955}, {""pair"": [2, 3, 2, 3], ""acc"": -18.4, ""vel"": 90.9, ""pos"": 3028.3, ""error"": 130.28679459999955}, {""pair"": [2, 3, 2, 3], ""acc"": -18.4, ""vel"": 90.9, ""pos"": 3028.3, ""error"": 130.28679459999955}, {""pair"": [2, 3, 2, 3], ""acc"": -18.4, ""vel"": 90.9, ""pos"": 3028.3, ""error"": 130.28679459999955}, {""pair"": [2, 3, 2, 3], ""acc"": -18.4, ""vel"": 90.9, ""pos"": 3028.3, ""error"": 130.28679459999955}, {""pair"": [2, 3, 2, 3], ""acc"": -18.4, ""vel"": 90.9, ""pos"": 3028.3, ""error"": 130.28679459999955}, {""pair"": [2, 3, 2, 3], ""acc"": -18.4, ""vel"": 90.9, ""pos"": 3028.3, ""error"": 130.28679459999955}, {""pair"": [2, 3, 2, 3], ""acc"": -18.4, ""vel"": 90.9, ""pos"": 3028.3, ""error"": 130.28679459999955}, {""pair"": [2, 3, 2, 3], ""acc"": -18.4, ""vel"": 90.9, ""pos"": 3028.3, ""error"": 130.28679459999955}, {""pair"": [2, 3, 2, 3], ""acc"": -18.4, ""vel"": 90.9, ""pos"": 3028.3, ""error"": 130.28679459999955}, {""pair"": [2, 3, 2, 3], ""acc"": -18.4, ""vel"": 90.9, ""pos"": 3028.3, ""error"": 130.28679459999955}, {""pair"": [2, 3, 2, 3], ""acc"": -18.4, ""vel"": 90.9, ""pos"": 3028.3, ""error"": 130.28679459999955}, {""pair"": [2, 3, 2, 3], ""acc"": -18.4, ""vel"": 90.9, ""pos"": 3028.3, ""error"": 130.28679459999955}, {""pair"": [2, 3, 2, 3], ""acc"": -18.4, ""vel"": 90.9, ""pos"": 3028.3, ""error"": 130.28679459999955}, {""pair"": [2, 3, 2, 3], ""acc"": -18.4, ""vel"": 90.9, ""pos"": 3028.3, ""error"": 130.28679459999955}, {""pair"": [2, 3, 2, 3], ""acc"": -18.4, ""vel"": 90.9, ""pos"": 3028.3, ""error"": 130.28679459999955}]","[[2, 3, 2, 3], [2, 3, 2, 3], [2, 3, 2, 3], [2, 3, 2, 3], [2, 3, 2, 3], [2, 3, 2, 3], [2, 3, 2, 3], [2, 3, 2, 3], [2, 3, 2, 3], [2, 3, 2, 3], [2, 3, 2, 3], [2, 3, 2, 3], [2, 3, 2, 3], [2, 3, 2, 3], [2, 3, 2, 3], [2, 3, 2, 3]]","[[{""pair"": [2, 3, 2, 3], ""acc"": -18.4, ""vel"": 90.9, ""pos"": 3028.3, ""error"": 130.28679459999955}], [{""pair"": [2, 3, 2, 3], ""acc"": -18.4, ""vel"": 90.9, ""pos"": 3028.3, ""error"": 130.28679459999955}], [{""pair"": [2, 3, 2, 3], ""acc"": -18.4, ""vel"": 90.9, ""pos"": 3028.3, ""error"": 130.28679459999955}], [{""pair"": [2, 3, 2, 3], ""acc"": -18.4, ""vel"": 90.9, ""pos"": 3028.3, ""error"": 130.28679459999955}], [{""pair"": [2, 3, 2, 3], ""acc"": -18.4, ""vel"": 90.9, ""pos"": 3028.3, ""error"": 130.28679459999955}], [{""pair"": [2, 3, 2, 3], ""acc"": -18.4, ""vel"": 90.9, ""pos"": 3028.3, ""error"": 130.28679459999955}], [{""pair"": [2, 3, 2, 3], ""acc"": -18.4, ""vel"": 90.9, ""pos"": 3028.3, ""error"": 130.28679459999955}], [{""pair"": [2, 3, 2, 3], ""acc"": -18.4, ""vel"": 90.9, ""pos"": 3028.3, ""error"": 130.28679459999955}], [{""pair"": [2, 3, 2, 3], ""acc"": -18.4, ""vel"": 90.9, ""pos"": 3028.3, ""error"": 130.28679459999955}], [{""pair"": [2, 3, 2, 3], ""acc"": -18.4, ""vel"": 90.9, ""pos"": 3028.3, ""error"": 130.28679459999955}], [{""pair"": [2, 3, 2, 3], ""acc"": -18.4, ""vel"": 90.9, ""pos"": 3028.3, ""error"": 130.28679459999955}], [{""pair"": [2, 3, 2, 3], ""acc"": -18.4, ""vel"": 90.9, ""pos"": 3028.3, ""error"": 130.28679459999955}], [{""pair"": [2, 3, 2, 3], ""acc"": -18.4, ""vel"": 90.9, ""pos"": 3028.3, ""error"": 130.28679459999955}], [{""pair"": [2, 3, 2, 3], ""acc"": -18.4, ""vel"": 90.9, ""pos"": 3028.3, ""error"": 130.28679459999955}], [{""pair"": [2, 3, 2, 3], ""acc"": -18.4, ""vel"": 90.9, ""pos"": 3028.3, ""error"": 130.28679459999955}], [{""pair"": [2, 3, 2, 3], ""acc"": -18.4, ""vel"": 90.9, ""pos"": 3028.3, ""error"": 130.28679459999955}]]","[[[2, 3, 2, 3], [-18.4, 90.9, 3028.3], 130.28679459999955], [[2, 3, 2, 3], [-18.4, 90.9, 3028.3], 130.28679459999955], [[2, 3, 2, 3], [-18.4, 90.9, 3028.3], 130.28679459999955], [[2, 3, 2, 3], [-18.4, 90.9, 3028.3], 130.28679459999955], [[2, 3, 2, 3], [-18.4, 90.9, 3028.3], 130.28679459999955], [[2, 3, 2, 3], [-18.4, 90.9, 3028.3], 130.28679459999955], [[2, 3, 2, 3], [-18.4, 90.9, 3028.3], 130.28679459999955], [[2, 3, 2, 3], [-18.4, 90.9, 3028.3], 130.28679459999955], [[2, 3, 2, 3], [-18.4, 90.9, 3028.3], 130.28679459999955], [[2, 3, 2, 3], [-18.4, 90.9, 3028.3], 130.28679459999955], [[2, 3, 2, 3], [-18.4, 90.9, 3028.3], 130.28679459999955], [[2, 3, 2, 3], [-18.4, 90.9, 3028.3], 130.28679459999955], [[2, 3, 2, 3], [-18.4, 90.9, 3028.3], 130.28679459999955], [[2, 3, 2, 3], [-18.4, 90.9, 3028.3], 130.28679459999955], [[2, 3, 2, 3], [-18.4, 90.9, 3028.3], 130.28679459999955], [[2, 3, 2, 3], [-18.4, 90.9, 3028.3], 130.28679459999955]]"
0.5,23.33,292.1,6.1,50.0,964.7,-18.4,90.59,3029.8,"[{""pair"": [0, 0, 0, 0], ""acc"": -18.4, ""vel"": 90.59, ""pos"": 3029.8, ""error"": 0}]","[[0, 0, 0, 0]]",[],"[[[0, 0, 0, 0], [-18.4, 90.59, 3029.8], 0]]"
0.5,23.33,292.5,8.0,50.0,1683.2,-18.4,90.3,3031.2,"[{""pair"": [0, 0, 0, 0], ""acc"": -18.4, ""vel"": 90.3, ""pos"": 3031.2, ""error"": 0}]","[[0, 0, 0, 0]]",[],"[[[0, 0, 0, 0], [-18.4, 90.3, 3031.2], 0]]"
0.5,23.34,292.90000000000003,8.0,50.0,2456.6,-18.4,89.99,3032.7,"[{""pair"": [0, 0, 0, 0], ""acc"": -18.4, ""vel"": 89.99, ""pos"": 3032.7, ""error"": 0}]","[[0, 0, 0, 0]]",[],"[[[0, 0, 0, 0], [-18.4, 89.99, 3032.7], 0]]"
0.5,23.35,293.3,8.0,50.0,2575.5,-18.4,89.68,3034.2,"[{""pair"": [0, 0, 0, 0], ""acc"": -18.4, ""vel"": 89.68, ""pos"": 3034.2, ""error"": 0}]","[[0, 0, 0, 0]]",[],"[[[0, 0, 0, 0], [-18.4, 89.68, 3034.2], 0]]"
0.5,23.36,293.7,6.5,50.0,737.1,-18.4,89.39,3035.6,"[{""pair"": [0, 0, 0, 0], ""acc"": -18.4, ""vel"": 89.39, ""pos"": 3035.6, ""error"": 0}]","[[0, 0, 0, 0]]",[],"[[[0, 0, 0, 0], [-18.4, 89.39, 3035.6], 0]]"
0.5,23.37,294.1,-6.3,8.49,2598.1,-18.4,89.08,3037.1,"[{""pair"": [0, 0, 0, 0], ""acc"": -18.4, ""vel"": 89.08, ""pos"": 3037.1, ""error"": 0}]","[[0, 0, 0, 0]]",[],"[[[0, 0, 0, 0], [-18.4, 89.08, 3037.1], 0]]"
0.5,23.37,294.5,8.0,50.0,2149.2,-18.4,88.77,3038.6,"[{""pair"": [0, 0, 0, 0], ""acc"": -18.4, ""vel"": 88.77, ""pos"": 3038.6, ""error"": 0}]","[[0, 0, 0, 0]]",[],"[[[0, 0, 0, 0], [-18.4, 88.77, 3038.6], 0]]"
0.5,23.38,294.90000000000003,-8.0,15.87,1895.5,-18.4,88.48,3040.0,"[{""pair"": [0, 0, 0, 0], ""acc"": -18.4, ""vel"": 88.48, ""pos"": 3040.0, ""error"": 0}]","[[0, 0, 0, 0]]",[],"[[[0, 0, 0, 0], [-18.4, 88.48, 3040.0], 0]]"
0.5,23.39,295.3,-4.8,49.95,2836.8,-18.4,88.17,3041.5,"[{""pair"": [0, 0, 0, 0], ""acc"": -18.4, ""vel"": 88.17, ""pos"": 3041.5, ""error"": 0}]","[[0, 0, 0, 0]]",[],"[[[0, 0, 0, 0], [-18.4, 88.17, 3041.5], 0]]"
0.5,23.4,295.7,-2.1,28.22,546.3,-18.4,87.86,3043.0,"[{""pair"": [0, 0, 0, 0], ""acc"": -18.4, ""vel"": 87.86, ""pos"": 3043.0, ""error"": 0}]","[[0, 0, 0, 0]]",[],"[[[0, 0, 0, 0], [-18.4, 87.86, 3043.0], 0]]"
0.5,23.41,296.0,-8.0,35.12,1432.6,-18.4,87.57,3044.4,"[{""pair"": [0, 0, 0, 0], ""acc"": -18.4, ""vel"": 87.57, ""pos"": 3044.4, ""error"": 0}]","[[0, 0, 0, 0]]",[],"[[[0, 0, 0, 0], [-18.4, 87.57, 3044.4], 0]]"
0.5,23.42,296.40000000000003,-7.3,50.0,2979.3,-18.4,87.26,3045.9,"[{""pair"": [0, 0, 0, 0], ""acc"": -18.4, ""vel"": 87.26, ""pos"": 3045.9, ""error"": 0}]","[[0, 0, 0, 0]]",[],"[[[0, 0, 0, 0], [-18.4, 87.26, 3045.9], 0]]"
0.5,23.43,296.8,8.0,50.0,282.1,-18.4,86.95,3047.4,"[{""pair"": [0, 0, 0, 0], ""acc"": -18.4, ""vel"": 86.95, ""pos"": 3047.4, ""error"": 0}]","[[0, 0, 0, 0]]",[],"[[[0, 0, 0, 0], [-18.4, 86.95, 3047.4], 0]]"
0.5,23.44,297.2,-7.6,21.96,1356.3,-18.4,86.66,3048.8,"[{""pair"": [0, 0, 0, 0], ""acc"": -18.4, ""vel"": 86.66, ""pos"": 3048.8, ""error"": 0}]","[[0, 0, 0, 0]]",[],"[[[0, 0, 0, 0], [-18.4, 86.66, 3048.8], 0]]"
0.6000000000000001,23.44,297.6,-8.0,50.0,2037.4,-18.4,86.35,3050.3,"[{""pair"": [0, 0, 0, 0], ""acc"": -18.4, ""vel"": 86.35, ""pos"": 3050.3, ""error"": 0}]","[[0, 0, 0, 0]]",[],"[[[0, 0, 0, 0], [-18.4, 86.35, 3050.3], 0]]"
0.6000000000000001,23.45,298.0,-8.0,27.91,235.8,-18.4,86.04,3051.8,"[{""pair"": [0, 0, 0, 0], ""acc"": -18.4, ""vel"": 86.04, ""pos"": 3051.8, ""error"": 0}]","[[0, 0, 0, 0]]",[],"[[[0, 0, 0, 0], [-18.4, 86.04, 3051.8], 0]]"
0.6000000000000001,23.46,298.40000000000003,-7.9,50.0,617.2,-18.4,85.75,3053.2,"[{""pair"": [0, 0, 0, 0], ""acc"": -18.4, ""vel"": 85.75, ""pos"": 3053.2, ""error"": 0}]","[[0, 0, 0, 0]]",[],"[[[0, 0, 0, 0], [-18.4, 85.75, 3053.2], 0]]"
0.6000000000000001,23.47,298.8,8.0,42.72,47.3,-18.4,85.44,3054.7,"[{""pair"": [0, 0, 0, 0], ""acc"": -18.4, ""vel"": 85.44, ""pos"": 3054.7, ""error"": 0}]","[[0, 0, 0, 0]]",[],"[[[0, 0, 0, 0], [-18.4, 85.44, 3054.7], 0]]"
0.6000000000000001,23.48,299.2,4.2,50.0,2683.6,-18.4,85.13,3056.1,"[{""pair"": [0, 0, 0, 0], ""acc"": -18.4, ""vel"": 85.13, ""pos"": 3056.1, ""error"": 0}]","[[0, 0, 0, 0]]",[],"[[[0, 0, 0, 0], [-18.4, 85.13, 3056.1], 0]]"
0.6000000000000001,23.49,299.6,-8.0,4.38,2669.1,-18.4,84.84,3057.5,"[{""pair"": [0, 0, 0, 0], ""acc"": -18.4, ""vel"": 84.84, ""pos"": 3057.5, ""error"": 0}]","[[0, 0, 0, 0]]",[],"[[[0, 0, 0, 0], [-18.4, 84.84, 3057.5], 0]]"
0.6000000000000001,23.5,299.90000000000003,2.3,50.0,695.2,-18.4,84.53,3058.9,"[{""pair"": [0, 0, 0, 0], ""acc"": -18.4, ""vel"": 84.53, ""pos"": 3058.9, ""error"": 0}]","[[0, 0, 0, 0]]",[],"[[[0, 0, 0, 0], [-18.4, 84.53, 3058.9], 0]]"
0.6000000000000001,23.51,300.3,6.0,26.89,2192.7,-18.4,84.22,3060.3,"[{""pair"": [0, 0, 0, 0], ""acc"": -18.4, ""vel"": 84.22, ""pos"": 3060.3, ""error"": 0}]","[[0, 0, 0, 0]]",[],"[[[0, 0, 0, 0], [-18.4, 84.22, 3060.3], 0]]"
0.6000000000000001,23.52,300.7,1.7,50.0,3243.3,-18.4,83.93,3061.6,"[{""pair"": [0, 0, 0, 0], ""acc"": -18.4, ""vel"": 83.93, ""pos"": 3061.6, ""error"": 0}]","[[0, 0, 0, 0]]",[],"[[[0, 0, 0, 0], [-18.4, 83.93, 3061.6], 0]]"
0.5,23.53,301.1,-3.1,50.0,681.1,-18.4,83.62,3063.0,"[{""pair"": [0, 0, 0, 0], ""acc"": -18.4, ""vel"": 83.62, ""pos"": 3063.0, ""error"": 0}]","[[0, 0, 0, 0]]",[],"[[[0, 0, 0, 0], [-18.4, 83.62, 3063.0], 0]]"
0.5,23.54,301.5,7.6,50.0,1442.1,-18.4,83.31,3064.4,"[{""pair"": [0, 0, 0, 0], ""acc"": -18.4, ""vel"": 83.31, ""pos"": 3064.4, ""error"": 0}]","[[0, 0, 0, 0]]",[],"[[[0, 0, 0, 0], [-18.4, 83.31, 3064.4], 0]]"
0.6000000000000001,23.55,301.90000000000003,8.0,50.0,743.0,-18.4,83.02,3065.7,"[{""pair"": [0, 0, 0, 0], ""acc"": -18.4, ""vel"": 83.02, ""pos"": 3065.7, ""error"": 0}]","[[0, 0, 0, 0]]",[],"[[[0, 0, 0, 0], [-18.4, 83.02, 3065.7], 0]]"
0.6000000000000001,23.56,302.3,0.0,50.0,2423.9,-18.4,82.71,3067.1,"[{""pair"": [0, 0, 0, 0], ""acc"": -18.4, ""vel"": 82.71, ""pos"": 3067.1, ""error"": 0}]","[[0, 0, 0, 0]]",[],"[[[0, 0, 0, 0], [-18.4, 82.71, 3067.1], 0]]"
0.6000000000000001,23.57,302.7,8.0,50.0,1135.9,-18.4,82.4,3068.5,"[{""pair"": [0, 0, 0, 0], ""acc"": -18.4, ""vel"": 82.4, ""pos"": 3068.5, ""error"": 0}]","[[0, 0, 0, 0]]",[],"[[[0, 0, 0, 0], [-18.4, 82.4, 3068.5], 0]]"
0.6000000000000001,23.58,303.1,-8.0,50.0,228.7,-18.4,82.11,3069.8,"[{""pair"": [0, 0, 0, 0], ""acc"": -18.4, ""vel"": 82.11, ""pos"": 3069.8, ""error"": 0}]","[[0, 0, 0, 0]]",[],"[[[0, 0, 0, 0], [-18.4, 82.11, 3069.8], 0]]"
0.6000000000000001,23.59,303.5,2.0,0.86,2045.5,-18.4,81.8,3071.2,"[{""pair"": [0, 0, 0, 0], ""acc"": -18.4, ""vel"": 81.8, ""pos"": 3071.2, ""error"": 0}]","[[0, 0, 0, 0]]",[],"[[[0, 0, 0, 0], [-18.4, 81.8, 3071.2], 0]]"
0.6000000000000001,23.6,303.90000000000003,8.0,9.9,1709.5,-18.4,81.49,3072.6,"[{""pair"": [0, 0, 0, 0], ""acc"": -18.4, ""vel"": 81.49, ""pos"": 3072.6, ""error"": 0}]","[[0, 0, 0, 0]]",[],"[[[0, 0, 0, 0], [-18.4, 81.49, 3072.6], 0]]"
0.6000000000000001,23.61,304.3,7.3,50.0,2731.0,7.3,86.85,2731.0,"[{""pair"": [2, 2, 2, 2], ""acc"": 7.3, ""vel"": 86.85, ""pos"": 2731.0, ""error"": 348.5558848000019}, {""pair"": [2, 2, 2, 2], ""acc"": 7.3, ""vel"": 86.85, ""pos"": 2731.0, ""error"": 348.5558848000019}, {""pair"": [2, 2, 2, 2], ""acc"": 7.3, ""vel"": 86.85, ""pos"": 2731.0, ""error"": 348.5558848000019}, {""pair"": [2, 2, 2, 2], ""acc"": 7.3, ""vel"": 86.85, ""pos"": 2731.0, ""error"": 348.5558848000019}, {""pair"": [2, 2, 2, 2], ""acc"": 7.3, ""vel"": 86.85, ""pos"": 2731.0, ""error"": 348.5558848000019}, {""pair"": [2, 2, 2, 2], ""acc"": 7.3, ""vel"": 86.85, ""pos"": 2731.0, ""error"": 348.5558848000019}, {""pair"": [2, 2, 2, 2], ""acc"": 7.3, ""vel"": 86.85, ""pos"": 2731.0, ""error"": 348.5558848000019}, {""pair"": [2, 2, 2, 2], ""acc"": 7.3, ""vel"": 86.85, ""pos"": 2731.0, ""error"": 348.5558848000019}, {""pair"": [2, 2, 2, 2], ""acc"": 7.3, ""vel"": 86.85, ""pos"": 2731.0, ""error"": 348.5558848000019}, {""pair"": [2, 2, 2, 2], ""acc"": 7.3, ""vel"": 86.85, ""pos"": 2731.0, ""error"": 348.5558848000019}, {""pair"": [2, 2, 2, 2], ""acc"": 7.3, ""vel"": 86.85, ""pos"": 2731.0, ""error"": 348.5558848000019}, {""pair"": [2, 2, 2, 2], ""acc"": 7.3, ""vel"": 86.85, ""pos"": 2731.0, ""error"": 348.5558848000019}, {""pair"": [2, 2, 2, 2], ""acc"": 7.3, ""vel"": 86.85, ""pos"": 2731.0, ""error"": 348.5558848000019}, {""pair"": [2, 2, 2, 2], ""acc"": 7.3, ""vel"": 86.85, ""pos"": 2731.0, ""error"": 348.5558848000019}, {""pair"": [2, 2, 2, 2], ""acc"": 7.3, ""vel"": 86.85, ""pos"": 2731.0, ""error"": 348.5558848000019}, {""pair"": [2, 2, 2, 2], ""acc"": 7.3, ""vel"": 86.85, ""pos"": 2731.0, ""error"": 348.5558848000019}]","[[2, 2, 2, 2], [2, 2, 2, 2], [2, 2, 2, 2], [2, 2, 2, 2], [2, 2, 2, 2], [2, 2, 2, 2], [2, 2, 2, 2], [2, 2, 2, 2], [2, 2, 2, 2], [2, 2, 2, 2], [2, 2, 2, 2], [2, 2, 2, 2], [2, 2, 2, 2], [2, 2, 2, 2], [2, 2, 2, 2], [2, 2, 2, 2]]","[[{""pair"": [2, 2, 2, 2], ""acc"": 7.3, ""vel"": 86.85, ""pos"": 2731.0, ""error"": 348.5558848000019}], [{""pair"": [2, 2, 2, 2], ""acc"": 7.3, ""vel"": 86.85, ""pos"": 2731.0, ""error"": 348.5558848000019}], [{""pair"": [2, 2, 2, 2], ""acc"": 7.3, ""vel"": 86.85, ""pos"": 2731.0, ""error"": 348.5558848000019}], [{""pair"": [2, 2, 2, 2], ""acc"": 7.3, ""vel"": 86.85, ""pos"": 2731.0, ""error"": 348.5558848000019}], [{""pair"": [2, 2, 2, 2], ""acc"": 7.3, ""vel"": 86.85, ""pos"": 2731.0, ""error"": 348.5558848000019}], [{""pair"": [2, 2, 2, 2], ""acc"": 7.3, ""vel"": 86.85, ""pos"": 2731.0, ""error"": 348.5558848000019}], [{""pair"": [2, 2, 2, 2], ""acc"": 7.3, ""vel"": 86.85, ""pos"": 2731.0, ""error"": 348.5558848000019}], [{""pair"": [2, 2, 2, 2], ""acc"": 7.3, ""vel"": 86.85, ""pos"": 2731.0, ""error"": 348.5558848000019}], [{""pair"": [2, 2, 2, 2], ""acc"": 7.3, ""vel"": 86.85, ""pos"": 2731.0, ""error"": 348.5558848000019}], [{""pair"": [2, 2, 2, 2], ""acc"": 7.3, ""vel"": 86.85, ""pos"": 2731.0, ""error"": 348.5558848000019}], [{""pair"": [2, 2, 2, 2], ""acc"": 7.3, ""vel"": 86.85, ""pos"": 2731.0, ""error"": 348.5558848000019}], [{""pair"": [2, 2, 2, 2], ""acc"": 7.3, ""vel"": 86.85, ""pos"": 2731.0, ""error"": 348.5558848000019}], [{""pair"": [2, 2, 2, 2], ""acc"": 7.3, ""vel"": 86.85, ""pos"": 2731.0, ""error"": 348.5558848000019}], [{""pair"": [2, 2, 2, 2], ""acc"": 7.3, ""vel"": 86.85, ""pos"": 2731.0, ""error"": 348.5558848000019}], [{""pair"": [2, 2, 2, 2], ""acc"": 7.3, ""vel"": 86.85, ""pos"": 2731.0, ""error"": 348.5558848000019}], [{""pair"": [2, 2, 2, 2], ""acc"": 7.3, ""vel"": 86.85, ""pos"": 2731.0, ""error"": 348.5558848000019}]]","[[[2, 2, 2, 2], [7.3, 86.85, 2731.0], 348.5558848000019], [[2, 2, 2, 2], [7.3, 86.85, 2731.0], 348.5558848000019], [[2, 2, 2, 2], [7.3, 86.85, 2731.0], 348.5558848000019], [[2, 2, 2, 2], [7.3, 86.85, 2731.0], 348.5558848000019], [[2, 2, 2, 2], [7.3, 86.85, 2731.0], 348.5558848000019], [[2, 2, 2, 2], [7.3, 86.85, 2731.0], 348.5558848000019], [[2, 2, 2, 2], [7.3, 86.85, 2731.0], 348.5558848000019], [[2, 2, 2, 2], [7.3, 86.85, 2731.0], 348.5558848000019], [[2, 2, 2, 2], [7.3, 86.85, 2731.0], 348.5558848000019], [[2, 2, 2, 2], [7.3, 86.85, 2731.0], 348.5558848000019], [[2, 2, 2, 2], [7.3, 86.85, 2731.0], 348.5558848000019], [[2, 2, 2, 2], [7.3, 86.85, 2731.0], 348.5558848000019], [[2, 2, 2, 2], [7.3, 86.85, 2731.0], 348.5558848000019], [[2, 2, 2, 2], [7.3, 86.85, 2731.0], 348.5558848000019], [[2, 2, 2, 2], [7.3, 86.85, 2731.0], 348.5558848000019], [[2, 2, 2, 2], [7.3, 86.85, 2731.0], 348.5558848000019]]"
0.6000000000000001,23.62,304.7,-8.0,14.84,129.8,7.3,86.97,2732.5,"[{""pair"": [0, 0, 0, 0], ""acc"": 7.3, ""vel"": 86.97, ""pos"": 2732.5, ""error"": 0}]","[[0, 0, 0, 0]]",[],"[[[0, 0, 0, 0], [7.3, 86.97, 2732.5], 0]]"
0.7000000000000001,23.63,305.1,-8.0,50.0,681.4,7.3,87.09,2734.0,"[{""pair"": [0, 0, 0, 0], ""acc"": 7.3, ""vel"": 87.09, ""pos"": 2734.0, ""error"": 0}]","[[0, 0, 0, 0]]",[],"[[[0, 0, 0, 0], [7.3, 87.09, 2734.0], 0]]"
0.7000000000000001,23.64,305.5,2.6,4.61,618.0,7.3,87.21,2735.4,"[{""pair"": [0, 0, 0, 0], ""acc"": 7.3, ""vel"": 87.21, ""pos"": 2735.4, ""error"": 0}]","[[0, 0, 0, 0]]",[],"[[[0, 0, 0, 0], [7.3, 87.21, 2735.4], 0]]"
0.7000000000000001,23.65,305.8,8.0,50.0,219.6,7.3,87.33,2736.9,"[{""pair"": [0, 0, 0, 0], ""acc"": 7.3, ""vel"": 87.33, ""pos"": 2736.9, ""error"": 0}]","[[0, 0, 0, 0]]",[],"[[[0, 0, 0, 0], [7.3, 87.33, 2736.9], 0]]"
0.7000000000000001,23.66,306.2,-3.2,50.0,2068.3,7.3,87.45,2738.4,"[{""pair"": [0, 0, 0, 0], ""acc"": 7.3, ""vel"": 87.45, ""pos"": 2738.4, ""error"": 0}]","[[0, 0, 0, 0]]",[],"[[[0, 0, 0, 0], [7.3, 87.45, 2738.4], 0]]"
0.7000000000000001,23.68,306.6,-8.0,50.0,2310.6,7.3,87.57,2739.8,"[{""pair"": [0, 0, 0, 0], ""acc"": 7.3, ""vel"": 87.57, ""pos"": 2739.8, ""error"": 0}]","[[0, 0, 0, 0]]",[],"[[[0, 0, 0, 0], [7.3, 87.57, 2739.8], 0]]"
0.7000000000000001,23.69,307.0,-8.0,50.0,2358.6,7.3,87.69,2741.3,"[{""pair"": [0, 0, 0, 0], ""acc"": 7.3, ""vel"": 87.69, ""pos"": 2741.3, ""error"": 0}]","[[0, 0, 0, 0]]",[],"[[[0, 0, 0, 0], [7.3, 87.69, 2741.3], 0]]"
0.7000000000000001,23.7,307.40000000000003,8.0,50.0,68.8,7.3,87.81,2742.8,"[{""pair"": [0, 0, 0, 0], ""acc"": 7.3, ""vel"": 87.81, ""pos"": 2742.8, ""error"": 0}]","[[0, 0, 0, 0]]",[],"[[[0, 0, 0, 0], [7.3, 87.81, 2742.8], 0]]"
0.7000000000000001,23.71,307.8,-5.6,42.52,2592.4,7.3,87.93,2744.2,"[{""pair"": [0, 0, 0, 0], ""acc"": 7.3, ""vel"": 87.93, ""pos"": 2744.2, ""error"": 0}]","[[0, 0, 0, 0]]",[],"[[[0, 0, 0, 0], [7.3, 87.93, 2744.2], 0]]"
0.7000000000000001,23.72,308.20000000000005,-8.0,50.0,2752.6,7.3,88.05,2745.7,"[{""pair"": [0, 0, 0, 0], ""acc"": 7.3, ""vel"": 88.05, ""pos"": 2745.7, ""error"": 0}]","[[0, 0, 0, 0]]",[],"[[[0, 0, 0, 0], [7.3, 88.05, 2745.7], 0]]"
0.7000000000000001,23.73,308.6,4.2,37.9,1796.3,4.2,37.9,1796.3,"[{""pair"": [2, 2, 2, 2], ""acc"": 4.2, ""vel"": 37.9, ""pos"": 1796.3, ""error"": 1001.1720048499993}, {""pair"": [2, 2, 2, 2], ""acc"": 4.2, ""vel"": 37.9, ""pos"": 1796.3, ""error"": 1001.1720048499993}, {""pair"": [2, 2, 2, 2], ""acc"": 4.2, ""vel"": 37.9, ""pos"": 1796.3, ""error"": 1001.1720048499993}, {""pair"": [2, 2, 2, 2], ""acc"": 4.2, ""vel"": 37.9, ""pos"": 1796.3, ""error"": 1001.1720048499993}, {""pair"": [2, 2, 2, 2], ""acc"": 4.2, ""vel"": 37.9, ""pos"": 1796.3, ""error"": 1001.1720048499993}, {""pair"": [2, 2, 2, 2], ""acc"": 4.2, ""vel"": 37.9, ""pos"": 1796.3, ""error"": 1001.1720048499993}, {""pair"": [2, 2, 2, 2], ""acc"": 4.2, ""vel"": 37.9, ""pos"": 1796.3, ""error"": 1001.1720048499993}, {""pair"": [2, 2, 2, 2], ""acc"": 4.2, ""vel"": 37.9, ""pos"": 1796.3, ""error"": 1001.1720048499993}, {""pair"": [2, 2, 2, 2], ""acc"": 4.2, ""vel"": 37.9, ""pos"": 1796.3, ""error"": 1001.1720048499993}, {""pair"": [2, 2, 2, 2], ""acc"": 4.2, ""vel"": 37.9, ""pos"": 1796.3, ""error"": 1001.1720048499993}, {""pair"": [2, 2, 2, 2], ""acc"": 4.2, ""vel"": 37.9, ""pos"": 1796.3, ""error"": 1001.1720048499993}, {""pair"": [2, 2, 2, 2], ""acc"": 4.2, ""vel"": 37.9, ""pos"": 1796.3, ""error"": 1001.1720048499993}, {""pair"": [2, 2, 2, 2], ""acc"": 4.2, ""vel"": 37.9, ""pos"": 1796.3, ""error"": 1001.1720048499993}, {""pair"": [2, 2, 2, 2], ""acc"": 4.2, ""vel"": 37.9, ""pos"": 1796.3, ""error"": 1001.1720048499993}, {""pair"": [2, 2, 2, 2], ""acc"": 4.2, ""vel"": 37.9, ""pos"": 1796.3, ""error"": 1001.1720048499993}, {""pair"": [2, 2, 2, 2], ""acc"": 4.2, ""vel"": 37.9, ""pos"": 1796.3, ""error"": 1001.1720048499993}]","[[2, 2, 2, 2], [2, 2, 2, 2], [2, 2, 2, 2], [2, 2, 2, 2], [2, 2, 2, 2], [2, 2, 2, 2], [2, 2, 2, 2], [2, 2, 2, 2], [2, 2, 2, 2], [2, 2, 2, 2], [2, 2, 2, 2], [2, 2, 2, 2], [2, 2, 2, 2], [2, 2, 2, 2], [2, 2, 2, 2], [2, 2, 2, 2]]","[[{""pair"": [2, 2, 2, 2], ""acc"": 4.2, ""vel"": 37.9, ""pos"": 1796.3, ""error"": 1001.1720048499993}], [{""pair"": [2, 2, 2, 2], ""acc"": 4.2, ""vel"": 37.9, ""pos"": 1796.3, ""error"": 1001.1720048499993}], [{""pair"": [2, 2, 2, 2], ""acc"": 4.2, ""vel"": 37.9, ""pos"": 1796.3, ""error"": 1001.1720048499993}], [{""pair"": [2, 2, 2, 2], ""acc"": 4.2, ""vel"": 37.9, ""pos"": 1796.3, ""error"": 1001.1720048499993}], [{""pair"": [2, 2, 2, 2], ""acc"": 4.2, ""vel"": 37.9, ""pos"": 1796.3, ""error"": 1001.1720048499993}], [{""pair"": [2, 2, 2, 2], ""acc"": 4.2, ""vel"": 37.9, ""pos"": 1796.3, ""error"": 1001.1720048499993}], [{""pair"": [2, 2, 2, 2], ""acc"": 4.2, ""vel"": 37.9, ""pos"": 1796.3, ""error"": 1001.1720048499993}], [{""pair"": [2, 2, 2, 2], ""acc"": 4.2, ""vel"": 37.9, ""pos"": 1796.3, ""error"": 1001.1720048499993}], [{""pair"": [2, 2, 2, 2], ""acc"": 4.2, ""vel"": 37.9, ""pos"": 1796.3, ""error"": 1001.1720048499993}], [{""pair"": [2, 2, 2, 2], ""acc"": 4.2, ""vel"": 37.9, ""pos"": 1796.3, ""error"": 1001.1720048499993}], [{""pair"": [2, 2, 2, 2], ""acc"": 4.2, ""vel"": 37.9, ""pos"": 1796.3, ""error"": 1001.1720048499993}], [{""pair"": [2, 2, 2, 2], ""acc"": 4.2, ""vel"": 37.9, ""pos"": 1796.3, ""error"": 1001.1720048499993}], [{""pair"": [2, 2, 2, 2], ""acc"": 4.2, ""vel"": 37.9, ""pos"": 1796.3, ""error"": 1001.1720048499993}], [{""pair"": [2, 2, 2, 2], ""acc"": 4.2, ""vel"": 37.9, ""pos"": 1796.3, ""error"": 1001.1720048499993}], [{""pair"": [2, 2, 2, 2], ""acc"": 4.2, ""vel"": 37.9, ""pos"": 1796.3, ""error"": 1001.1720048499993}], [{""pair"": [2, 2, 2, 2], ""acc"": 4.2, ""vel"": 37.9, ""pos"": 1796.3, ""error"": 1001.1720048499993}]]","[[[2, 2, 2, 2], [4.2, 37.9, 1796.3], 1001.1720048499993], [[2, 2, 2, 2], [4.2, 37.9, 1796.3], 1001.1720048499993], [[2, 2, 2, 2], [4.2, 37.9, 1796.3], 1001.1720048499993], [[2, 2, 2, 2], [4.2, 37.9, 1796.3], 1001.1720048499993], [[2, 2, 2, 2], [4.2, 37.9, 1796.3], 1001.1720048499993], [[2, 2, 2, 2], [4.2, 37.9, 1796.3], 1001.1720048499993], [[2, 2, 2, 2], [4.2, 37.9, 1796.3], 1001.1720048499993], [[2, 2, 2, 2], [4.2, 37.9, 1796.3], 1001.1720048499993], [[2, 2, 2, 2], [4.2, 37.9, 1796.3], 1001.1720048499993], [[2, 2, 2, 2], [4.2, 37.9, 1796.3], 1001.1720048499993], [[2, 2, 2, 2], [4.2, 37.9, 1796.3], 1001.1720048499993], [[2, 2, 2, 2], [4.2, 37.9, 1796.3], 1001.1720048499993], [[2, 2, 2, 2], [4.2, 37.9, 1796.3], 1001.1720048499993], [[2, 2, 2, 2], [4.2, 37.9, 1796.3], 1001.1720048499993], [[2, 2, 2, 2], [4.2, 37.9, 1796.3], 1001.1720048499993], [[2, 2, 2, 2], [4.2, 37.9, 1796.3], 1001.1720048499993]]"
0.7000000000000001,23.75,309.0,8.0,50.0,3183.3,4.2,37.97,1796.9,"[{""pair"": [0, 0, 0, 0], ""acc"": 4.2, ""vel"": 37.97, ""pos"": 1796.9, ""error"": 0}]","[[0, 0, 0, 0]]",[],"[[[0, 0, 0, 0], [4.2, 37.97, 1796.9], 0]]"
0.7000000000000001,23.76,309.40000000000003,-8.0,10.32,2274.4,4.2,38.04,1797.5,"[{""pair"": [0, 0, 0, 0], ""acc"": 4.2, ""vel"": 38.04, ""pos"": 1797.5, ""error"": 0}]","[[0, 0, 0, 0]]",[],"[[[0, 0, 0, 0], [4.2, 38.04, 1797.5], 0]]"
0.7000000000000001,23.77,309.8,-8.0,50.0,625.2,4.2,38.11,1798.1,"[{""pair"": [0, 0, 0, 0], ""acc"": 4.2, ""vel"": 38.11, ""pos"": 1798.1, ""error"": 0}]","[[0, 0, 0, 0]]",[],"[[[0, 0, 0, 0], [4.2, 38.11, 1798.1], 0]]"
0.7000000000000001,23.78,310.20000000000005,1.9,50.0,750.9,4.2,38.18,1798.7,"[{""pair"": [0, 0, 0, 0], ""acc"": 4.2, ""vel"": 38.18, ""pos"": 1798.7, ""error"": 0}]","[[0, 0, 0, 0]]",[],"[[[0, 0, 0, 0], [4.2, 38.18, 1798.7], 0]]"
0.7000000000000001,23.79,310.6,2.9,18.81,3107.5,4.2,38.25,1799.3,"[{""pair"": [0, 0, 0, 0], ""acc"": 4.2, ""vel"": 38.25, ""pos"": 1799.3, ""error"": 0}]","[[0, 0, 0, 0]]",[],"[[[0, 0, 0, 0], [4.2, 38.25, 1799.3], 0]]"
0.7000000000000001,23.81,311.0,-5.7,50.0,2045.3,4.2,38.32,1800.0,"[{""pair"": [0, 0, 0, 0], ""acc"": 4.2, ""vel"": 38.32, ""pos"": 1800.0, ""error"": 0}]","[[0, 0, 0, 0]]",[],"[[[0, 0, 0, 0], [4.2, 38.32, 1800.0], 0]]"
0.7000000000000001,23.82,311.40000000000003,-8.0,50.0,2552.5,4.2,38.39,1800.6,"[{""pair"": [0, 0, 0, 0], ""acc"": 4.2, ""vel"": 38.39, ""pos"": 1800.6, ""error"": 0}]","[[0, 0, 0, 0]]",[],"[[[0, 0, 0, 0], [4.2, 38.39, 1800.6], 0]]"
0.7000000000000001,23.83,311.8,-7.7,50.0,2786.8,4.2,38.46,1801.3,"[{""pair"": [0, 0, 0, 0], ""acc"": 4.2, ""vel"": 38.46, ""pos"": 1801.3, ""error"": 0}]","[[0, 0, 0, 0]]",[],"[[[0, 0, 0, 0], [4.2, 38.46, 1801.3], 0]]"
0.8,23.84,312.20000000000005,-8.0,50.0,2096.7,-12.1,51.41,2096.7,"[{""pair"": [2, 2, 2, 2], ""acc"": -12.1, ""vel"": 51.41, ""pos"": 2096.7, ""error"": 307.6241731}, {""pair"": [2, 2, 2, 2], ""acc"": -12.1, ""vel"": 51.41, ""pos"": 2096.7, ""error"": 307.6241731}, {""pair"": [2, 2, 2, 2], ""acc"": -12.1, ""vel"": 51.41, ""pos"": 2096.7, ""error"": 307.6241731}, {""pair"": [2, 2, 2, 2], ""acc"": -12.1, ""vel"": 51.41, ""pos"": 2096.7, ""error"": 307.6241731}, {""pair"": [2, 2, 2, 2], ""acc"": -12.1, ""vel"": 51.41, ""pos"": 2096.7, ""error"": 307.6241731}, {""pair"": [2, 2, 2, 2], ""acc"": -12.1, ""vel"": 51.41, ""pos"": 2096.7, ""error"": 307.6241731}, {""pair"": [2, 2, 2, 2], ""acc"": -12.1, ""vel"": 51.41, ""pos"": 2096.7, ""error"": 307.6241731}, {""pair"": [2, 2, 2, 2], ""acc"": -12.1, ""vel"": 51.41, ""pos"": 2096.7, ""error"": 307.6241731}, {""pair"": [2, 2, 2, 2], ""acc"": -12.1, ""vel"": 51.41, ""pos"": 2096.7, ""error"": 307.6241731}, {""pair"": [2, 2, 2, 2], ""acc"": -12.1, ""vel"": 51.41, ""pos"": 2096.7, ""error"": 307.6241731}, {""pair"": [2, 2, 2, 2], ""acc"": -12.1, ""vel"": 51.41, ""pos"": 2096.7, ""error"": 307.6241731}, {""pair"": [2, 2, 2, 2], ""acc"": -12.1, ""vel"": 51.41, ""pos"": 2096.7, ""error"": 307.6241731}, {""pair"": [2, 2, 2, 2], ""acc"": -12.1, ""vel"": 51.41, ""pos"": 2096.7, ""error"": 307.6241731}, {""pair"": [2, 2, 2, 2], ""acc"": -12.1, ""vel"": 51.41, ""pos"": 2096.7, ""error"": 307.6241731}, {""pair"": [2, 2, 2, 2], ""acc"": -12.1, ""vel"": 51.41, ""pos"": 2096.7, ""error"": 307.6241731}, {""pair"": [2, 2, 2, 2], ""acc"": -12.1, ""vel"": 51.41, ""pos"": 2096.7, ""error"": 307.6241731}]","[[2, 2, 2, 2], [2, 2, 2, 2], [2, 2, 2, 2], [2, 2, 2, 2], [2, 2, 2, 2], [2, 2, 2, 2], [2, 2, 2, 2], [2, 2, 2, 2], [2, 2, 2, 2], [2, 2, 2, 2], [2, 2, 2, 2], [2, 2, 2, 2], [2, 2, 2, 2], [2, 2, 2, 2], [2, 2, 2, 2], [2, 2, 2, 2]]","[[{""pair"": [2, 2, 2, 2], ""acc"": -12.1, ""vel"": 51.41, ""pos"": 2096.7, ""error"": 307.6241731}], [{""pair"": [2, 2, 2, 2], ""acc"": -12.1, ""vel"": 51.41, ""pos"": 2096.7, ""error"": 307.6241731}], [{""pair"": [2, 2, 2, 2], ""acc"": -12.1, ""vel"": 51.41, ""pos"": 2096.7, ""error"": 307.6241731}], [{""pair"": [2, 2, 2, 2], ""acc"": -12.1, ""vel"": 51.41, ""pos"": 2096.7, ""error"": 307.6241731}], [{""pair"": [2, 2, 2, 2], ""acc"": -12.1, ""vel"": 51.41, ""pos"": 2096.7, ""error"": 307.6241731}], [{""pair"": [2, 2, 2, 2], ""acc"": -12.1, ""vel"": 51.41, ""pos"": 2096.7, ""error"": 307.6241731}], [{""pair"": [2, 2, 2, 2], ""acc"": -12.1, ""vel"": 51.41, ""pos"": 2096.7, ""error"": 307.6241731}], [{""pair"": [2, 2, 2, 2], ""acc"": -12.1, ""vel"": 51.41, ""pos"": 2096.7, ""error"": 307.6241731}], [{""pair"": [2, 2, 2, 2], ""acc"": -12.1, ""vel"": 51.41, ""pos"": 2096.7, ""error"": 307.6241731}], [{""pair"": [2, 2, 2, 2], ""acc"": -12.1, ""vel"": 51.41, ""pos"": 2096.7, ""error"": 307.6241731}], [{""pair"": [2, 2, 2, 2], ""acc"": -12.1, ""vel"": 51.41, ""pos"": 2096.7, ""error"": 307.6241731}], [{""pair"": [2, 2, 2, 2], ""acc"": -12.1, ""vel"": 51.41, ""pos"": 2096.7, ""error"": 307.6241731}], [{""pair"": [2, 2, 2, 2], ""acc"": -12.1, ""vel"": 51.41, ""pos"": 2096.7, ""error"": 307.6241731}], [{""pair"": [2, 2, 2, 2], ""acc"": -12.1, ""vel"": 51.41, ""pos"": 2096.7, ""error"": 307.6241731}], [{""pair"": [2, 2, 2, 2], ""acc"": -12.1, ""vel"": 51.41, ""pos"": 2096.7, ""error"": 307.6241731}], [{""pair"": [2, 2, 2, 2], ""acc"": -12.1, ""vel"": 51.41, ""pos"": 2096.7, ""error"": 307.6241731}]]","[[[2, 2, 2, 2], [-12.1, 51.41, 2096.7], 307.6241731], [[2, 2, 2, 2], [-12.1, 51.41, 2096.7], 307.6241731], [[2, 2, 2, 2], [-12.1, 51.41, 2096.7], 307.6241731], [[2, 2, 2, 2], [-12.1, 51.41, 2096.7], 307.6241731], [[2, 2, 2, 2], [-12.1, 51.41, 2096.7], 307.6241731], [[2, 2, 2, 2], [-12.1, 51.41, 2096.7], 307.6241731], [[2, 2, 2, 2], [-12.1, 51.41, 2096.7], 307.6241731], [[2, 2, 2, 2], [-12.1, 51.41, 2096.7], 307.6241731], [[2, 2, 2, 2], [-12.1, 51.41, 2096.7], 307.6241731], [[2, 2, 2, 2], [-12.1, 51.41, 2096.7], 307.6241731], [[2, 2, 2, 2], [-12.1, 51.41, 2096.7], 307.6241731], [[2, 2, 2, 2], [-12.1, 51.41, 2096.7], 307.6241731], [[2, 2, 2, 2], [-12.1, 51.41, 2096.7], 307.6241731], [[2, 2, 2, 2], [-12.1, 51.41, 2096.7], 307.6241731], [[2, 2, 2, 2], [-12.1, 51.41, 2096.7], 307.6241731], [[2, 2, 2, 2], [-12.1, 51.41, 2096.7], 307.6241731]]"
0.8,23.86,312.6,-8.0,50.0,1332.4,-12.1,51.22,2097.5,"[{""pair"": [0, 0, 0, 0], ""acc"": -12.1, ""vel"": 51.22, ""pos"": 2097.5, ""error"": 0}]","[[0, 0, 0, 0]]",[],"[[[0, 0, 0, 0], [-12.1, 51.22, 2097.5], 0]]"
0.8,23.87,313.0,-5.8,50.0,1467.3,-12.1,51.01,2098.4,"[{""pair"": [0, 0, 0, 0], ""acc"": -12.1, ""vel"": 51.01, ""pos"": 2098.4, ""error"": 0}]","[[0, 0, 0, 0]]",[],"[[[0, 0, 0, 0], [-12.1, 51.01, 2098.4], 0]]"
0.8,23.88,313.40000000000003,8.0,50.0,362.6,-12.1,50.8,2099.3,"[{""pair"": [0, 0, 0, 0], ""acc"": -12.1, ""vel"": 50.8, ""pos"": 2099.3, ""error"": 0}]","[[0, 0, 0, 0]]",[],"[[[0, 0, 0, 0], [-12.1, 50.8, 2099.3], 0]]"
0.8,23.89,313.8,-1.6,50.0,2129.8,-12.1,50.61,2100.1,"[{""pair"": [0, 0, 0, 0], ""acc"": -12.1, ""vel"": 50.61, ""pos"": 2100.1, ""error"": 0}]","[[0, 0, 0, 0]]",[],"[[[0, 0, 0, 0], [-12.1, 50.61, 2100.1], 0]]"
0.8,23.91,314.20000000000005,8.0,50.0,1708.1,-12.1,50.4,2101.0,"[{""pair"": [0, 0, 0, 0], ""acc"": -12.1, ""vel"": 50.4, ""pos"": 2101.0, ""error"": 0}]","[[0, 0, 0, 0]]",[],"[[[0, 0, 0, 0], [-12.1, 50.4, 2101.0], 0]]"
0.8,23.92,314.6,8.0,50.0,441.9,-12.1,50.19,2101.9,"[{""pair"": [0, 0, 0, 0], ""acc"": -12.1, ""vel"": 50.19, ""pos"": 2101.9, ""error"": 0}]","[[0, 0, 0, 0]]",[],"[[[0, 0, 0, 0], [-12.1, 50.19, 2101.9], 0]]"
0.8,23.93,315.0,-0.2,50.0,945.1,-12.1,50.0,2102.7,"[{""pair"": [0, 0, 0, 0], ""acc"": -12.1, ""vel"": 50.0, ""pos"": 2102.7, ""error"": 0}]","[[0, 0, 0, 0]]",[],"[[[0, 0, 0, 0], [-12.1, 50.0, 2102.7], 0]]"
0.8,23.95,315.40000000000003,6.6,13.68,878.0,-12.1,49.79,2103.5,"[{""pair"": [0, 0, 0, 0], ""acc"": -12.1, ""vel"": 49.79, ""pos"": 2103.5, ""error"": 0}]","[[0, 0, 0, 0]]",[],"[[[0, 0, 0, 0], [-12.1, 49.79, 2103.5], 0]]"
0.8,23.96,315.8,-2.0,28.24,1010.3,-12.1,49.58,2104.3,"[{""pair"": [0, 0, 0, 0], ""acc"": -12.1, ""vel"": 49.58, ""pos"": 2104.3, ""error"": 0}]","[[0, 0, 0, 0]]",[],"[[[0, 0, 0, 0], [-12.1, 49.58, 2104.3], 0]]"
0.8,23.97,316.20000000000005,-8.0,50.0,285.3,-12.1,49.39,2105.1,"[{""pair"": [0, 0, 0, 0], ""acc"": -12.1, ""vel"": 49.39, ""pos"": 2105.1, ""error"": 0}]","[[0, 0, 0, 0]]",[],"[[[0, 0, 0, 0], [-12.1, 49.39, 2105.1], 0]]"
0.8,23.98,316.6,8.0,50.0,2581.1,-12.1,49.18,2105.9,"[{""pair"": [0, 0, 0, 0], ""acc"": -12.1, ""vel"": 49.18, ""pos"": 2105.9, ""error"": 0}]","[[0, 0, 0, 0]]",[],"[[[0, 0, 0, 0], [-12.1, 49.18, 2105.9], 0]]"
0.8,24.0,317.0,-8.0,50.0,1890.4,-12.1,48.97,2106.7,"[{""pair"": [0, 0, 0, 0], ""acc"": -12.1, ""vel"": 48.97, ""pos"": 2106.7, ""error"": 0}]","[[0, 0, 0, 0]]",[],"[[[0, 0, 0, 0], [-12.1, 48.97, 2106.7], 0]]"
0.8,24.01,317.40000000000003,-7.7,50.0,141.4,-12.1,48.78,2107.5,"[{""pair"": [0, 0, 0, 0], ""acc"": -12.1, ""vel"": 48.78, ""pos"": 2107.5, ""error"": 0}]","[[0, 0, 0, 0]]",[],"[[[0, 0, 0, 0], [-12.1, 48.78, 2107.5], 0]]"
0.8,24.02,317.8,8.0,16.41,1507.3,-12.1,48.37,2109.2,"[{""pair"": [0, 0, 0, 0], ""acc"": -12.1, ""vel"": 48.37, ""pos"": 2109.2, ""error"": 0}]","[[0, 0, 0, 0]]",[],"[[[0, 0, 0, 0], [-12.1, 48.37, 2109.2], 0]]"
0.8,24.05,318.6,-2.7,50.0,1266.6,-12.1,48.18,2110.0,"[{""pair"": [0, 0, 0, 0], ""acc"": -12.1, ""vel"": 48.18, ""pos"": 2110.0, ""error"": 0}]","[[0, 0, 0, 0]]",[],"[[[0, 0, 0, 0], [-12.1, 48.18, 2110.0], 0]]"
0.8,24.06,319.0,8.0,50.0,1458.3,-12.1,47.97,2110.8,"[{""pair"": [0, 0, 0, 0], ""acc"": -12.1, ""vel"": 47.97, ""pos"": 2110.8, ""error"": 0}]","[[0, 0, 0, 0]]",[],"[[[0, 0, 0, 0], [-12.1, 47.97, 2110.8], 0]]"
0.8,24.08,319.40000000000003,0.1,50.0,1338.9,-12.1,47.76,2111.6,"[{""pair"": [0, 0, 0, 0], ""acc"": -12.1, ""vel"": 47.76, ""pos"": 2111.6, ""error"": 0}]","[[0, 0, 0, 0]]",[],"[[[0, 0, 0, 0], [-12.1, 47.76, 2111.6], 0]]"
0.8,24.09,319.8,5.4,20.78,2150.0,-12.1,47.57,2112.4,"[{""pair"": [0, 0, 0, 0], ""acc"": -12.1, ""vel"": 47.57, ""pos"": 2112.4, ""error"": 0}]","[[0, 0, 0, 0]]",[],"[[[0, 0, 0, 0], [-12.1, 47.57, 2112.4], 0]]"
0.8,24.1,320.20000000000005,8.0,24.02,1149.8,-12.1,47.36,2113.2,"[{""pair"": [0, 0, 0, 0], ""acc"": -12.1, ""vel"": 47.36, ""pos"": 2113.2, ""error"": 0}]","[[0, 0, 0, 0]]",[],"[[[0, 0, 0, 0], [-12.1, 47.36, 2113.2], 0]]"
0.8,24.12,320.6,-8.0,10.15,1611.4,-12.1,47.15,2114.0,"[{""pair"": [0, 0, 0, 0], ""acc"": -12.1, ""vel"": 47.15, ""pos"": 2114.0, ""error"": 0}]","[[0, 0, 0, 0]]",[],"[[[0, 0, 0, 0], [-12.1, 47.15, 2114.0], 0]]"
0.8,24.13,321.0,-7.4,16.16,2371.2,-12.1,46.96,2114.8,"[{""pair"": [0, 0, 0, 0], ""acc"": -12.1, ""vel"": 46.96, ""pos"": 2114.8, ""error"": 0}]","[[0, 0, 0, 0]]",[],"[[[0, 0, 0, 0], [-12.1, 46.96, 2114.8], 0]]"
0.8,24.14,321.40000000000003,-8.0,17.98,2572.3,-12.1,46.75,2115.6,"[{""pair"": [0, 0, 0, 0], ""acc"": -12.1, ""vel"": 46.75, ""pos"": 2115.6, ""error"": 0}]","[[0, 0, 0, 0]]",[],"[[[0, 0, 0, 0], [-12.1, 46.75, 2115.6], 0]]"
0.8,24.16,321.8,-8.0,50.0,2821.1,-12.1,46.54,2116.4,"[{""pair"": [0, 0, 0, 0], ""acc"": -12.1, ""vel"": 46.54, ""pos"": 2116.4, ""error"": 0}]","[[0, 0, 0, 0]]",[],"[[[0, 0, 0, 0], [-12.1, 46.54, 2116.4], 0]]"
0.8,24.17,322.20000000000005,-8.0,50.0,1752.4,-12.1,46.35,2117.1,"[{""pair"": [0, 0, 0, 0], ""acc"": -12.1, ""vel"": 46.35, ""pos"": 2117.1, ""error"": 0}]","[[0, 0, 0, 0]]",[],"[[[0, 0, 0, 0], [-12.1, 46.35, 2117.1], 0]]"
0.8,24.18,322.6,-8.0,50.0,2523.4,-12.1,46.14,2117.9,"[{""pair"": [0, 0, 0, 0], ""acc"": -12.1, ""vel"": 46.14, ""pos"": 2117.9, ""error"": 0}]","[[0, 0, 0, 0]]",[],"[[[0, 0, 0, 0], [-12.1, 46.14, 2117.9], 0]]"
0.8,24.2,323.0,7.1,50.0,2381.2,-12.1,45.93,2118.7,"[{""pair"": [0, 0, 0, 0], ""acc"": -12.1, ""vel"": 45.93, ""pos"": 2118.7, ""error"": 0}]","[[0, 0, 0, 0]]",[],"[[[0, 0, 0, 0], [-12.1, 45.93, 2118.7], 0]]"
0.8,24.21,323.40000000000003,8.0,50.0,2084.5,-12.1,45.74,2119.4,"[{""pair"": [0, 0, 0, 0], ""acc"": -12.1, ""vel"": 45.74, ""pos"": 2119.4, ""error"": 0}]","[[0, 0, 0, 0]]",[],"[[[0, 0, 0, 0], [-12.1, 45.74, 2119.4], 0]]"
0.8,24.22,323.8,-8.0,50.0,1924.6,-12.1,45.53,2120.2,"[{""pair"": [0, 0, 0, 0], ""acc"": -12.1, ""vel"": 45.53, ""pos"": 2120.2, ""error"": 0}]","[[0, 0, 0, 0]]",[],"[[[0, 0, 0, 0], [-12.1, 45.53, 2120.2], 0]]"
0.8,24.23,324.20000000000005,7.0,50.0,1163.0,-12.1,45.32,2121.0,"[{""pair"": [0, 0, 0, 0], ""acc"": -12.1, ""vel"": 45.32, ""pos"": 2121.0, ""error"": 0}]","[[0, 0, 0, 0]]",[],"[[[0, 0, 0, 0], [-12.1, 45.32, 2121.0], 0]]"
0.7000000000000001,24.25,324.6,8.0,17.97,618.0,-12.1,45.13,2121.7,"[{""pair"": [0, 0, 0, 0], ""acc"": -12.1, ""vel"": 45.13, ""pos"": 2121.7, ""error"": 0}]","[[0, 0, 0, 0]]",[],"[[[0, 0, 0, 0], [-12.1, 45.13, 2121.7], 0]]"
0.7000000000000001,24.26,325.0,0.4,32.75,3059.0,0.4,32.75,3059.0,"[{""pair"": [2, 2, 2, 2], ""acc"": 0.4, ""vel"": 32.75, ""pos"": 3059.0, ""error"": 948.7088384500001}, {""pair"": [2, 2, 2, 2], ""acc"": 0.4, ""vel"": 32.75, ""pos"": 3059.0, ""error"": 948.7088384500001}, {""pair"": [2, 2, 2, 2], ""acc"": 0.4, ""vel"": 32.75, ""pos"": 3059.0, ""error"": 948.7088384500001}, {""pair"": [2, 2, 2, 2], ""acc"": 0.4, ""vel"": 32.75, ""pos"": 3059.0, ""error"": 948.7088384500001}, {""pair"": [2, 2, 2, 2], ""acc"": 0.4, ""vel"": 32.75, ""pos"": 3059.0, ""error"": 948.7088384500001}, {""pair"": [2, 2, 2, 2], ""acc"": 0.4, ""vel"": 32.75, ""pos"": 3059.0, ""error"": 948.7088384500001}, {""pair"": [2, 2, 2, 2], ""acc"": 0.4, ""vel"": 32.75, ""pos"": 3059.0, ""error"": 948.7088384500001}, {""pair"": [2, 2, 2, 2], ""acc"": 0.4, ""vel"": 32.75, ""pos"": 3059.0, ""error"": 948.7088384500001}, {""pair"": [2, 2, 2, 2], ""acc"": 0.4, ""vel"": 32.75, ""pos"": 3059.0, ""error"": 948.7088384500001}, {""pair"": [2, 2, 2, 2], ""acc"": 0.4, ""vel"": 32.75, ""pos"": 3059.0, ""error"": 948.7088384500001}, {""pair"": [2, 2, 2, 2], ""acc"": 0.4, ""vel"": 32.75, ""pos"": 3059.0, ""error"": 948.7088384500001}, {""pair"": [2, 2, 2, 2], ""acc"": 0.4, ""vel"": 32.75, ""pos"": 3059.0, ""error"": 948.7088384500001}, {""pair"": [2, 2, 2, 2], ""acc"": 0.4, ""vel"": 32.75, ""pos"": 3059.0, ""error"": 948.7088384500001}, {""pair"": [2, 2, 2, 2], ""acc"": 0.4, ""vel"": 32.75, ""pos"": 3059.0, ""error"": 948.7088384500001}, {""pair"": [2, 2, 2, 2], ""acc"": 0.4, ""vel"": 32.75, ""pos"": 3059.0, ""error"": 948.7088384500001}, {""pair"": [2, 2, 2, 2], ""acc"": 0.4, ""vel"": 32.75, ""pos"": 3059.0, ""error"": 948.7088384500001}]","[[2, 2, 2, 2], [2, 2, 2, 2], [2, 2, 2, 2], [2, 2, 2, 2], [2, 2, 2, 2], [2, 2, 2, 2], [2, 2, 2, 2], [2, 2, 2, 2], [2, 2, 2, 2], [2, 2, 2, 2], [2, 2, 2, 2], [2, 2, 2, 2], [2, 2, 2, 2], [2, 2, 2, 2], [2, 2, 2, 2], [2, 2, 2, 2]]","[[{""pair"": [2, 2, 2, 2], ""acc"": 0.4, ""vel"": 32.75, ""pos"": 3059.0, ""error"": 948.7088384500001}], [{""pair"": [2, 2, 2, 2], ""acc"": 0.4, ""vel"": 32.75, ""pos"": 3059.0, ""error"": 948.7088384500001}], [{""pair"": [2, 2, 2, 2], ""acc"": 0.4, ""vel"": 32.75, ""pos"": 3059.0, ""error"": 948.7088384500001}], [{""pair"": [2, 2, 2, 2], ""acc"": 0.4, ""vel"": 32.75, ""pos"": 3059.0, ""error"": 948.7088384500001}], [{""pair"": [2, 2, 2, 2], ""acc"": 0.4, ""vel"": 32.75, ""pos"": 3059.0, ""error"": 948.7088384500001}], [{""pair"": [2, 2, 2, 2], ""acc"": 0.4, ""vel"": 32.75, ""pos"": 3059.0, ""error"": 948.7088384500001}], [{""pair"": [2, 2, 2, 2], ""acc"": 0.4, ""vel"": 32.75, ""pos"": 3059.0, ""error"": 948.7088384500001}], [{""pair"": [2, 2, 2, 2], ""acc"": 0.4, ""vel"": 32.75, ""pos"": 3059.0, ""error"": 948.7088384500001}], [{""pair"": [2, 2, 2, 2], ""acc"": 0.4, ""vel"": 32.75, ""pos"": 3059.0, ""error"": 948.7088384500001}], [{""pair"": [2, 2, 2, 2], ""acc"": 0.4, ""vel"": 32.75, ""pos"": 3059.0, ""error"": 948.7088384500001}], [{""pair"": [2, 2, 2, 2], ""acc"": 0.4, ""vel"": 32.75, ""pos"": 3059.0, ""error"": 948.7088384500001}], [{""pair"": [2, 2, 2, 2], ""acc"": 0.4, ""vel"": 32.75, ""pos"": 3059.0, ""error"": 948.7088384500001}], [{""pair"": [2, 2, 2, 2], ""acc"": 0.4, ""vel"": 32.75, ""pos"": 3059.0, ""error"": 948.7088384500001}], [{""pair"": [2, 2, 2, 2], ""acc"": 0.4, ""vel"": 32.75, ""pos"": 3059.0, ""error"": 948.7088384500001}], [{""pair"": [2, 2, 2, 2], ""acc"": 0.4, ""vel"": 32.75, ""pos"": 3059.0, ""error"": 948.7088384500001}], [{""pair"": [2, 2, 2, 2], ""acc"": 0.4, ""vel"": 32.75, ""pos"": 3059.0, ""error"": 948.7088384500001}]]","[[[2, 2, 2, 2], [0.4, 32.75, 3059.0], 948.7088384500001], [[2, 2, 2, 2], [0.4, 32.75, 3059.0], 948.7088384500001], [[2, 2, 2, 2], [0.4, 32.75, 3059.0], 948.7088384500001], [[2, 2, 2, 2], [0.4, 32.75, 3059.0], 948.7088384500001], [[2, 2, 2, 2], [0.4, 32.75, 3059.0], 948.7088384500001], [[2, 2, 2, 2], [0.4, 32.75, 3059.0], 948.7088384500001], [[2, 2, 2, 2], [0.4, 32.75, 3059.0], 948.7088384500001], [[2, 2, 2, 2], [0.4, 32.75, 3059.0], 948.7088384500001], [[2, 2, 2, 2], [0.4, 32.75, 3059.0], 948.7088384500001], [[2, 2, 2, 2], [0.4, 32.75, 3059.0], 948.7088384500001], [[2, 2, 2, 2], [0.4, 32.75, 3059.0], 948.7088384500001], [[2, 2, 2, 2], [0.4, 32.75, 3059.0], 948.7088384500001], [[2, 2, 2, 2], [0.4, 32.75, 3059.0], 948.7088384500001], [[2, 2, 2, 2], [0.4, 32.75, 3059.0], 948.7088384500001], [[2, 2, 2, 2], [0.4, 32.75, 3059.0], 948.7088384500001], [[2, 2, 2, 2], [0.4, 32.75, 3059.0], 948.7088384500001]]"
0.7000000000000001,24.27,325.40000000000003,-6.9,50.0,1497.7,0.4,32.76,3059.6,"[{""pair"": [0, 0, 0, 0], ""acc"": 0.4, ""vel"": 32.76, ""pos"": 3059.6, ""error"": 0}]","[[0, 0, 0, 0]]",[],"[[[0, 0, 0, 0], [0.4, 32.76, 3059.6], 0]]"
0.7000000000000001,24.28,325.8,8.0,50.0,2592.9,0.4,32.77,3060.1,"[{""pair"": [0, 0, 0, 0], ""acc"": 0.4, ""vel"": 32.77, ""pos"": 3060.1, ""error"": 0}]","[[0, 0, 0, 0]]",[],"[[[0, 0, 0, 0], [0.4, 32.77, 3060.1], 0]]"
0.8,24.3,326.20000000000005,-8.0,12.5,324.6,0.4,32.78,3060.7,"[{""pair"": [0, 0, 0, 0], ""acc"": 0.4, ""vel"": 32.78, ""pos"": 3060.7, ""error"": 0}]","[[0, 0, 0, 0]]",[],"[[[0, 0, 0, 0], [0.4, 32.78, 3060.7], 0]]"
0.9,24.31,326.6,8.0,3.57,358.2,0.4,32.79,3061.3,"[{""pair"": [0, 0, 0, 0], ""acc"": 0.4, ""vel"": 32.79, ""pos"": 3061.3, ""error"": 0}]","[[0, 0, 0, 0]]",[],"[[[0, 0, 0, 0], [0.4, 32.79, 3061.3], 0]]"
0.9,24.33,327.0,-2.9,50.0,1695.8,0.4,32.8,3061.8,"[{""pair"": [0, 0, 0, 0], ""acc"": 0.4, ""vel"": 32.8, ""pos"": 3061.8, ""error"": 0}]","[[0, 0, 0, 0]]",[],"[[[0, 0, 0, 0], [0.4, 32.8, 3061.8], 0]]"
1.0,24.34,327.40000000000003,-8.0,5.0,347.5,0.4,32.81,3062.4,"[{""pair"": [0, 0, 0, 0], ""acc"": 0.4, ""vel"": 32.81, ""pos"": 3062.4, ""error"": 0}]","[[0, 0, 0, 0]]",[],"[[[0, 0, 0, 0], [0.4, 32.81, 3062.4], 0]]"
1.0,24.36,327.8,8.0,14.92,2578.6,0.4,32.82,3063.0,"[{""pair"": [0, 0, 0, 0], ""acc"": 0.4, ""vel"": 32.82, ""pos"": 3063.0, ""error"": 0}]","[[0, 0, 0, 0]]",[],"[[[0, 0, 0, 0], [0.4, 32.82, 3063.0], 0]]"
1.0,24.38,328.3,-8.0,50.0,1551.0,0.4,32.83,3063.5,"[{""pair"": [0, 0, 0, 0], ""acc"": 0.4, ""vel"": 32.83, ""pos"": 3063.5, ""error"": 0}]","[[0, 0, 0, 0]]",[],"[[[0, 0, 0, 0], [0.4, 32.83, 3063.5], 0]]"
1.0,24.4,328.6,-8.0,50.0,2965.8,0.4,32.84,3064.1,"[{""pair"": [0, 0, 0, 0], ""acc"": 0.4, ""vel"": 32.84, ""pos"": 3064.1, ""error"": 0}]","[[0, 0, 0, 0]]",[],"[[[0, 0, 0, 0], [0.4, 32.84, 3064.1], 0]]"
1.1,24.41,329.1,-5.8,50.0,3275.2,0.4,32.85,3064.7,"[{""pair"": [0, 0, 0, 0], ""acc"": 0.4, ""vel"": 32.85, ""pos"": 3064.7, ""error"": 0}]","[[0, 0, 0, 0]]",[],"[[[0, 0, 0, 0], [0.4, 32.85, 3064.7], 0]]"
1.1,24.43,329.5,8.0,50.0,238.6,0.4,32.86,3065.2,"[{""pair"": [0, 0, 0, 0], ""acc"": 0.4, ""vel"": 32.86, ""pos"": 3065.2, ""error"": 0}]","[[0, 0, 0, 0]]",[],"[[[0, 0, 0, 0], [0.4, 32.86, 3065.2], 0]]"
1.1,24.45,329.90000000000003,8.0,40.12,237.1,0.4,32.87,3065.8,"[{""pair"": [0, 0, 0, 0], ""acc"": 0.4, ""vel"": 32.87, ""pos"": 3065.8, ""error"": 0}]","[[0, 0, 0, 0]]",[],"[[[0, 0, 0, 0], [0.4, 32.87, 3065.8], 0]]"
1.2000000000000002,24.47,330.3,-8.0,50.0,1043.2,0.4,32.88,3066.4,"[{""pair"": [0, 0, 0, 0], ""acc"": 0.4, ""vel"": 32.88, ""pos"": 3066.4, ""error"": 0}]","[[0, 0, 0, 0]]",[],"[[[0, 0, 0, 0], [0.4, 32.88, 3066.4], 0]]"
1.2000000000000002,24.49,330.70000000000005,-8.0,50.0,1473.0,0.4,32.89,3066.9,"[{""pair"": [0, 0, 0, 0], ""acc"": 0.4, ""vel"": 32.89, ""pos"": 3066.9, ""error"": 0}]","[[0, 0, 0, 0]]",[],"[[[0, 0, 0, 0], [0.4, 32.89, 3066.9], 0]]"
1.2000000000000002,24.51,331.1,-8.0,50.0,567.0,-9.0,146.02,567.0,"[{""pair"": [2, 2, 2, 2], ""acc"": -9.0, ""vel"": 146.02, ""pos"": 567.0, ""error"": 2613.5823877999997}, {""pair"": [2, 2, 2, 2], ""acc"": -9.0, ""vel"": 146.02, ""pos"": 567.0, ""error"": 2613.5823877999997}, {""pair"": [2, 2, 2, 2], ""acc"": -9.0, ""vel"": 146.02, ""pos"": 567.0, ""error"": 2613.5823877999997}, {""pair"": [2, 2, 2, 2], ""acc"": -9.0, ""vel"": 146.02, ""pos"": 567.0, ""error"": 2613.5823877999997}, {""pair"": [2, 2, 2, 2], ""acc"": -9.0, ""vel"": 146.02, ""pos"": 567.0, ""error"": 2613.5823877999997}, {""pair"": [2, 2, 2, 2], ""acc"": -9.0, ""vel"": 146.02, ""pos"": 567.0, ""error"": 2613.5823877999997}, {""pair"": [2, 2, 2, 2], ""acc"": -9.0, ""vel"": 146.02, ""pos"": 567.0, ""error"": 2613.5823877999997}, {""pair"": [2, 2, 2, 2], ""acc"": -9.0, ""vel"": 146.02, ""pos"": 567.0, ""error"": 2613.5823877999997}, {""pair"": [2, 2, 2, 2], ""acc"": -9.0, ""vel"": 146.02, ""pos"": 567.0, ""error"": 2613.5823877999997}, {""pair"": [2, 2, 2, 2], ""acc"": -9.0, ""vel"": 146.02, ""pos"": 567.0, ""error"": 2613.5823877999997}, {""pair"": [2, 2, 2, 2], ""acc"": -9.0, ""vel"": 146.02, ""pos"": 567.0, ""error"": 2613.5823877999997}, {""pair"": [2, 2, 2, 2], ""acc"": -9.0, ""vel"": 146.02, ""pos"": 567.0, ""error"": 2613.5823877999997}, {""pair"": [2, 2, 2, 2], ""acc"": -9.0, ""vel"": 146.02, ""pos"": 567.0, ""error"": 2613.5823877999997}, {""pair"": [2, 2, 2, 2], ""acc"": -9.0, ""vel"": 146.02, ""pos"": 567.0, ""error"": 2613.5823877999997}, {""pair"": [2, 2, 2, 2], ""acc"": -9.0, ""vel"": 146.02, ""pos"": 567.0, ""error"": 2613.5823877999997}, {""pair"": [2, 2, 2, 2], ""acc"": -9.0, ""vel"": 146.02, ""pos"": 567.0, ""error"": 2613.5823877999997}]","[[2, 2, 2, 2], [2, 2, 2, 2], [2, 2, 2, 2], [2, 2, 2, 2], [2, 2, 2, 2], [2, 2, 2, 2], [2, 2, 2, 2], [2, 2, 2, 2], [2, 2, 2, 2], [2, 2, 2, 2], [2, 2, 2, 2], [2, 2, 2, 2], [2, 2, 2, 2], [2, 2, 2, 2], [2, 2, 2, 2], [2, 2, 2, 2]]","[[{""pair"": [2, 2, 2, 2], ""acc"": -9.0, ""vel"": 146.02, ""pos"": 567.0, ""error"": 2613.5823877999997}], [{""pair"": [2, 2, 2, 2], ""acc"": -9.0, ""vel"": 146.02, ""pos"": 567.0, ""error"": 2613.5823877999997}], [{""pair"": [2, 2, 2, 2], ""acc"": -9.0, ""vel"": 146.02, ""pos"": 567.0, ""error"": 2613.5823877999997}], [{""pair"": [2, 2, 2, 2], ""acc"": -9.0, ""vel"": 146.02, ""pos"": 567.0, ""error"": 2613.5823877999997}], [{""pair"": [2, 2, 2, 2], ""acc"": -9.0, ""vel"": 146.02, ""pos"": 567.0, ""error"": 2613.5823877999997}], [{""pair"": [2, 2, 2, 2], ""acc"": -9.0, ""vel"": 146.02, ""pos"": 567.0, ""error"": 2613.5823877999997}], [{""pair"": [2, 2, 2, 2], ""acc"": -9.0, ""vel"": 146.02, ""pos"": 567.0, ""error"": 2613.5823877999997}], [{""pair"": [2, 2, 2, 2], ""acc"": -9.0, ""vel"": 146.02, ""pos"": 567.0, ""error"": 2613.5823877999997}], [{""pair"": [2, 2, 2, 2], ""acc"": -9.0, ""vel"": 146.02, ""pos"": 567.0, ""error"": 2613.5823877999997}], [{""pair"": [2, 2, 2, 2], ""acc"": -9.0, ""vel"": 146.02, ""pos"": 567.0, ""error"": 2613.5823877999997}], [{""pair"": [2, 2, 2, 2], ""acc"": -9.0, ""vel"": 146.02, ""pos"": 567.0, ""error"": 2613.5823877999997}], [{""pair"": [2, 2, 2, 2], ""acc"": -9.0, ""vel"": 146.02, ""pos"": 567.0, ""error"": 2613.5823877999997}], [{""pair"": [2, 2, 2, 2], ""acc"": -9.0, ""vel"": 146.02, ""pos"": 567.0, ""error"": 2613.5823877999997}], [{""pair"": [2, 2, 2, 2], ""acc"": -9.0, ""vel"": 146.02, ""pos"": 567.0, ""error"": 2613.5823877999997}], [{""pair"": [2, 2, 2, 2], ""acc"": -9.0, ""vel"": 146.02, ""pos"": 567.0, ""error"": 2613.5823877999997}], [{""pair"": [2, 2, 2, 2], ""acc"": -9.0, ""vel"": 146.02, ""pos"": 567.0, ""error"": 2613.5823877999997}]]","[[[2, 2, 2, 2], [-9.0, 146.02, 567.0], 2613.5823877999997], [[2, 2, 2, 2], [-9.0, 146.02, 567.0], 2613.5823877999997], [[2, 2, 2, 2], [-9.0, 146.02, 567.0], 2613.5823877999997], [[2, 2, 2, 2], [-9.0, 146.02, 567.0], 2613.5823877999997], [[2, 2, 2, 2], [-9.0, 146.02, 567.0], 2613.5823877999997], [[2, 2, 2, 2], [-9.0, 146.02, 567.0], 2613.5823877999997], [[2, 2, 2, 2], [-9.0, 146.02, 567.0], 2613.5823877999997], [[2, 2, 2, 2], [-9.0, 146.02, 567.0], 2613.5823877999997], [[2, 2, 2, 2], [-9.0, 146.02, 567.0], 2613.5823877999997], [[2, 2, 2, 2], [-9.0, 146.02, 567.0], 2613.5823877999997], [[2, 2, 2, 2], [-9.0, 146.02, 567.0], 2613.5823877999997], [[2, 2, 2, 2], [-9.0, 146.02, 567.0], 2613.5823877999997], [[2, 2, 2, 2], [-9.0, 146.02, 567.0], 2613.5823877999997], [[2, 2, 2, 2], [-9.0, 146.02, 567.0], 2613.5823877999997], [[2, 2, 2, 2], [-9.0, 146.02, 567.0], 2613.5823877999997], [[2, 2, 2, 2], [-9.0, 146.02, 567.0], 2613.5823877999997]]"
1.2000000000000002,24.53,331.5,-8.0,50.0,3203.8,-9.0,145.87,569.5,"[{""pair"": [0, 0, 0, 0], ""acc"": -9.0, ""vel"": 145.87, ""pos"": 569.5, ""error"": 0}]","[[0, 0, 0, 0]]",[],"[[[0, 0, 0, 0], [-9.0, 145.87, 569.5], 0]]"
1.2000000000000002,24.55,331.90000000000003,-2.9,50.0,2060.8,-9.0,145.73,571.8,"[{""pair"": [0, 0, 0, 0], ""acc"": -9.0, ""vel"": 145.73, ""pos"": 571.8, ""error"": 0}]","[[0, 0, 0, 0]]",[],"[[[0, 0, 0, 0], [-9.0, 145.73, 571.8], 0]]"
1.2000000000000002,24.57,332.3,-8.0,50.0,2638.7,-9.0,145.58,574.3,"[{""pair"": [0, 0, 0, 0], ""acc"": -9.0, ""vel"": 145.58, ""pos"": 574.3, ""error"": 0}]","[[0, 0, 0, 0]]",[],"[[[0, 0, 0, 0], [-9.0, 145.58, 574.3], 0]]"
1.3,24.59,332.70000000000005,-2.6,50.0,3237.6,-9.0,145.43,576.8,"[{""pair"": [0, 0, 0, 0], ""acc"": -9.0, ""vel"": 145.43, ""pos"": 576.8, ""error"": 0}]","[[0, 0, 0, 0]]",[],"[[[0, 0, 0, 0], [-9.0, 145.43, 576.8], 0]]"
1.3,24.62,333.20000000000005,8.0,50.0,1088.6,-9.0,145.29,579.1,"[{""pair"": [0, 0, 0, 0], ""acc"": -9.0, ""vel"": 145.29, ""pos"": 579.1, ""error"": 0}]","[[0, 0, 0, 0]]",[],"[[[0, 0, 0, 0], [-9.0, 145.29, 579.1], 0]]"
1.3,24.64,333.5,-8.0,50.0,310.9,-9.0,145.14,581.6,"[{""pair"": [0, 0, 0, 0], ""acc"": -9.0, ""vel"": 145.14, ""pos"": 581.6, ""error"": 0}]","[[0, 0, 0, 0]]",[],"[[[0, 0, 0, 0], [-9.0, 145.14, 581.6], 0]]"
1.3,24.66,334.0,-8.0,50.0,2245.0,-9.0,144.99,584.1,"[{""pair"": [0, 0, 0, 0], ""acc"": -9.0, ""vel"": 144.99, ""pos"": 584.1, ""error"": 0}]","[[0, 0, 0, 0]]",[],"[[[0, 0, 0, 0], [-9.0, 144.99, 584.1], 0]]"
1.3,24.68,334.40000000000003,-8.0,50.0,2264.1,-9.0,144.85,586.4,"[{""pair"": [0, 0, 0, 0], ""acc"": -9.0, ""vel"": 144.85, ""pos"": 586.4, ""error"": 0}]","[[0, 0, 0, 0]]",[],"[[[0, 0, 0, 0], [-9.0, 144.85, 586.4], 0]]"
1.3,24.7,334.8,-8.0,50.0,18.4,-25.4,65.89,18.4,"[{""pair"": [2, 2, 2, 2], ""acc"": -25.4, ""vel"": 65.89, ""pos"": 18.4, ""error"": 649.2681494999995}, {""pair"": [2, 2, 2, 2], ""acc"": -25.4, ""vel"": 65.89, ""pos"": 18.4, ""error"": 649.2681494999995}, {""pair"": [2, 2, 2, 2], ""acc"": -25.4, ""vel"": 65.89, ""pos"": 18.4, ""error"": 649.2681494999995}, {""pair"": [2, 2, 2, 2], ""acc"": -25.4, ""vel"": 65.89, ""pos"": 18.4, ""error"": 649.2681494999995}, {""pair"": [2, 2, 2, 2], ""acc"": -25.4, ""vel"": 65.89, ""pos"": 18.4, ""error"": 649.2681494999995}, {""pair"": [2, 2, 2, 2], ""acc"": -25.4, ""vel"": 65.89, ""pos"": 18.4, ""error"": 649.2681494999995}, {""pair"": [2, 2, 2, 2], ""acc"": -25.4, ""vel"": 65.89, ""pos"": 18.4, ""error"": 649.2681494999995}, {""pair"": [2, 2, 2, 2], ""acc"": -25.4, ""vel"": 65.89, ""pos"": 18.4, ""error"": 649.2681494999995}, {""pair"": [2, 2, 2, 2], ""acc"": -25.4, ""vel"": 65.89, ""pos"": 18.4, ""error"": 649.2681494999995}, {""pair"": [2, 2, 2, 2], ""acc"": -25.4, ""vel"": 65.89, ""pos"": 18.4, ""error"": 649.2681494999995}, {""pair"": [2, 2, 2, 2], ""acc"": -25.4, ""vel"": 65.89, ""pos"": 18.4, ""error"": 649.2681494999995}, {""pair"": [2, 2, 2, 2], ""acc"": -25.4, ""vel"": 65.89, ""pos"": 18.4, ""error"": 649.2681494999995}, {""pair"": [2, 2, 2, 2], ""acc"": -25.4, ""vel"": 65.89, ""pos"": 18.4, ""error"": 649.2681494999995}, {""pair"": [2, 2, 2, 2], ""acc"": -25.4, ""vel"": 65.89, ""pos"": 18.4, ""error"": 649.2681494999995}, {""pair"": [2, 2, 2, 2], ""acc"": -25.4, ""vel"": 65.89, ""pos"": 18.4, ""error"": 649.2681494999995}, {""pair"": [2, 2, 2, 2], ""acc"": -25.4, ""vel"": 65.89, ""pos"": 18.4, ""error"": 649.2681494999995}]","[[2, 2, 2, 2], [2, 2, 2, 2], [2, 2, 2, 2], [2, 2, 2, 2], [2, 2, 2, 2], [2, 2, 2, 2], [2, 2, 2, 2], [2, 2, 2, 2], [2, 2, 2, 2], [2, 2, 2, 2], [2, 2, 2, 2], [2, 2, 2, 2], [2, 2, 2, 2], [2, 2, 2, 2], [2, 2, 2, 2], [2, 2, 2, 2]]","[[{""pair"": [2, 2, 2, 2], ""acc"": -25.4, ""vel"": 65.89, ""pos"": 18.4, ""error"": 649.2681494999995}], [{""pair"": [2, 2, 2, 2], ""acc"": -25.4, ""vel"": 65.89, ""pos"": 18.4, ""error"": 649.2681494999995}], [{""pair"": [2, 2, 2, 2], ""acc"": -25.4, ""vel"": 65.89, ""pos"": 18.4, ""error"": 649.2681494999995}], [{""pair"": [2, 2, 2, 2], ""acc"": -25.4, ""vel"": 65.89, ""pos"": 18.4, ""error"": 649.2681494999995}], [{""pair"": [2, 2, 2, 2], ""acc"": -25.4, ""vel"": 65.89, ""pos"": 18.4, ""error"": 649.2681494999995}], [{""pair"": [2, 2, 2, 2], ""acc"": -25.4, ""vel"": 65.89, ""pos"": 18.4, ""error"": 649.2681494999995}], [{""pair"": [2, 2, 2, 2], ""acc"": -25.4, ""vel"": 65.89, ""pos"": 18.4, ""error"": 649.2681494999995}], [{""pair"": [2, 2, 2, 2], ""acc"": -25.4, ""vel"": 65.89, ""pos"": 18.4, ""error"": 649.2681494999995}], [{""pair"": [2, 2, 2, 2], ""acc"": -25.4, ""vel"": 65.89, ""pos"": 18.4, ""error"": 649.2681494999995}], [{""pair"": [2, 2, 2, 2], ""acc"": -25.4, ""vel"": 65.89, ""pos"": 18.4, ""error"": 649.2681494999995}], [{""pair"": [2, 2, 2, 2], ""acc"": -25.4, ""vel"": 65.89, ""pos"": 18.4, ""error"": 649.2681494999995}], [{""pair"": [2, 2, 2, 2], ""acc"": -25.4, ""vel"": 65.89, ""pos"": 18.4, ""error"": 649.2681494999995}], [{""pair"": [2, 2, 2, 2], ""acc"": -25.4, ""vel"": 65.89, ""pos"": 18.4, ""error"": 649.2681494999995}], [{""pair"": [2, 2, 2, 2], ""acc"": -25.4, ""vel"": 65.89, ""pos"": 18.4, ""error"": 649.2681494999995}], [{""pair"": [2, 2, 2, 2], ""acc"": -25.4, ""vel"": 65.89, ""pos"": 18.4, ""error"": 649.2681494999995}], [{""pair"": [2, 2, 2, 2], ""acc"": -25.4, ""vel"": 65.89, ""pos"": 18.4, ""error"": 649.2681494999995}]]","[[[2, 2, 2, 2], [-25.4, 65.89, 18.4], 649.2681494999995], [[2, 2, 2, 2], [-25.4, 65.89, 18.4], 649.2681494999995], [[2, 2, 2, 2], [-25.4, 65.89, 18.4], 649.2681494999995], [[2, 2, 2, 2], [-25.4, 65.89, 18.4], 649.2681494999995], [[2, 2, 2, 2], [-25.4, 65.89, 18.4], 649.2681494999995], [[2, 2, 2, 2], [-25.4, 65.89, 18.4], 649.2681494999995], [[2, 2, 2, 2], [-25.4, 65.89, 18.4], 649.2681494999995], [[2, 2, 2, 2], [-25.4, 65.89, 18.4], 649.2681494999995], [[2, 2, 2, 2], [-25.4, 65.89, 18.4], 649.2681494999995], [[2, 2, 2, 2], [-25.4, 65.89, 18.4], 649.2681494999995], [[2, 2, 2, 2], [-25.4, 65.89, 18.4], 649.2681494999995], [[2, 2, 2, 2], [-25.4, 65.89, 18.4], 649.2681494999995], [[2, 2, 2, 2], [-25.4, 65.89, 18.4], 649.2681494999995], [[2, 2, 2, 2], [-25.4, 65.89, 18.4], 649.2681494999995], [[2, 2, 2, 2], [-25.4, 65.89, 18.4], 649.2681494999995], [[2, 2, 2, 2], [-25.4, 65.89, 18.4], 649.2681494999995]]"
1.3,24.73,335.20000000000005,-8.0,50.0,2780.4,-25.4,65.46,19.5,"[{""pair"": [0, 0, 0, 0], ""acc"": -25.4, ""vel"": 65.46, ""pos"": 19.5, ""error"": 0}]","[[0, 0, 0, 0]]",[],"[[[0, 0, 0, 0], [-25.4, 65.46, 19.5], 0]]"
1.3,24.75,335.6,3.6,50.0,2349.8,-25.4,65.05,20.5,"[{""pair"": [0, 0, 0, 0], ""acc"": -25.4, ""vel"": 65.05, ""pos"": 20.5, ""error"": 0}]","[[0, 0, 0, 0]]",[],"[[[0, 0, 0, 0], [-25.4, 65.05, 20.5], 0]]"
1.4,24.77,336.0,-8.0,4.26,2888.2,-25.4,64.62,21.6,"[{""pair"": [0, 0, 0, 0], ""acc"": -25.4, ""vel"": 64.62, ""pos"": 21.6, ""error"": 0}]","[[0, 0, 0, 0]]",[],"[[[0, 0, 0, 0], [-25.4, 64.62, 21.6], 0]]"
1.4,24.79,336.40000000000003,-8.0,50.0,233.6,-25.4,64.19,22.7,"[{""pair"": [0, 0, 0, 0], ""acc"": -25.4, ""vel"": 64.19, ""pos"": 22.7, ""error"": 0}]","[[0, 0, 0, 0]]",[],"[[[0, 0, 0, 0], [-25.4, 64.19, 22.7], 0]]"
1.4,24.82,336.90000000000003,-5.4,50.0,209.6,-25.4,63.78,23.7,"[{""pair"": [0, 0, 0, 0], ""acc"": -25.4, ""vel"": 63.78, ""pos"": 23.7, ""error"": 0}]","[[0, 0, 0, 0]]",[],"[[[0, 0, 0, 0], [-25.4, 63.78, 23.7], 0]]"
1.4,24.84,337.3,-8.0,50.0,2999.3,-25.4,63.35,24.8,"[{""pair"": [0, 0, 0, 0], ""acc"": -25.4, ""vel"": 63.35, ""pos"": 24.8, ""error"": 0}]","[[0, 0, 0, 0]]",[],"[[[0, 0, 0, 0], [-25.4, 63.35, 24.8], 0]]"
1.4,24.86,337.70000000000005,-8.0,50.0,2072.7,-25.4,62.92,25.9,"[{""pair"": [0, 0, 0, 0], ""acc"": -25.4, ""vel"": 62.92, ""pos"": 25.9, ""error"": 0}]","[[0, 0, 0, 0]]",[],"[[[0, 0, 0, 0], [-25.4, 62.92, 25.9], 0]]"
1.4,24.88,338.1,-7.0,25.52,573.2,-25.4,62.51,26.9,"[{""pair"": [0, 0, 0, 0], ""acc"": -25.4, ""vel"": 62.51, ""pos"": 26.9, ""error"": 0}]","[[0, 0, 0, 0]]",[],"[[[0, 0, 0, 0], [-25.4, 62.51, 26.9], 0]]"
1.4,24.91,338.5,-4.6,50.0,148.2,-25.4,62.08,28.0,"[{""pair"": [0, 0, 0, 0], ""acc"": -25.4, ""vel"": 62.08, ""pos"": 28.0, ""error"": 0}]","[[0, 0, 0, 0]]",[],"[[[0, 0, 0, 0], [-25.4, 62.08, 28.0], 0]]"
1.4,24.93,338.90000000000003,-8.0,50.0,2298.4,-25.4,61.65,29.1,"[{""pair"": [0, 0, 0, 0], ""acc"": -25.4, ""vel"": 61.65, ""pos"": 29.1, ""error"": 0}]","[[0, 0, 0, 0]]",[],"[[[0, 0, 0, 0], [-25.4, 61.65, 29.1], 0]]"
1.4,24.96,339.3,-0.8,50.0,1946.5,-25.4,61.24,30.1,"[{""pair"": [0, 0, 0, 0], ""acc"": -25.4, ""vel"": 61.24, ""pos"": 30.1, ""error"": 0}]","[[0, 0, 0, 0]]",[],"[[[0, 0, 0, 0], [-25.4, 61.24, 30.1], 0]]"
1.4,24.98,339.70000000000005,-5.8,50.0,1957.4,-25.4,60.81,31.1,"[{""pair"": [0, 0, 0, 0], ""acc"": -25.4, ""vel"": 60.81, ""pos"": 31.1, ""error"": 0}]","[[0, 0, 0, 0]]",[],"[[[0, 0, 0, 0], [-25.4, 60.81, 31.1], 0]]"
1.4,25.0,340.20000000000005,-8.0,50.0,58.6,-25.4,60.38,32.1,"[{""pair"": [0, 0, 0, 0], ""acc"": -25.4, ""vel"": 60.38, ""pos"": 32.1, ""error"": 0}]","[[0, 0, 0, 0]]",[],"[[[0, 0, 0, 0], [-25.4, 60.38, 32.1], 0]]"
1.4,25.03,340.6,-8.0,50.0,765.7,-25.4,59.97,33.1,"[{""pair"": [0, 0, 0, 0], ""acc"": -25.4, ""vel"": 59.97, ""pos"": 33.1, ""error"": 0}]","[[0, 0, 0, 0]]",[],"[[[0, 0, 0, 0], [-25.4, 59.97, 33.1], 0]]"
1.4,25.05,341.0,8.0,15.01,1718.2,-25.4,59.54,34.1,"[{""pair"": [0, 0, 0, 0], ""acc"": -25.4, ""vel"": 59.54, ""pos"": 34.1, ""error"": 0}]","[[0, 0, 0, 0]]",[],"[[[0, 0, 0, 0], [-25.4, 59.54, 34.1], 0]]"
1.4,25.08,341.40000000000003,-7.2,50.0,1369.6,-25.4,59.11,35.1,"[{""pair"": [0, 0, 0, 0], ""acc"": -25.4, ""vel"": 59.11, ""pos"": 35.1, ""error"": 0}]","[[0, 0, 0, 0]]",[],"[[[0, 0, 0, 0], [-25.4, 59.11, 35.1], 0]]"
1.4,25.1,341.8,8.0,50.0,895.2,-25.4,58.7,36.0,"[{""pair"": [0, 0, 0, 0], ""acc"": -25.4, ""vel"": 58.7, ""pos"": 36.0, ""error"": 0}]","[[0, 0, 0, 0]]",[],"[[[0, 0, 0, 0], [-25.4, 58.7, 36.0], 0]]"
1.4,25.12,342.3,-7.8,50.0,640.8,-25.4,58.27,37.0,"[{""pair"": [0, 0, 0, 0], ""acc"": -25.4, ""vel"": 58.27, ""pos"": 37.0, ""error"": 0}]","[[0, 0, 0, 0]]",[],"[[[0, 0, 0, 0], [-25.4, 58.27, 37.0], 0]]"
1.5,25.15,342.70000000000005,8.0,50.0,2441.8,-25.4,57.84,38.0,"[{""pair"": [0, 0, 0, 0], ""acc"": -25.4, ""vel"": 57.84, ""pos"": 38.0, ""error"": 0}]","[[0, 0, 0, 0]]",[],"[[[0, 0, 0, 0], [-25.4, 57.84, 38.0], 0]]"
1.5,25.17,343.1,0.7,50.0,365.5,-25.4,57.43,38.9,"[{""pair"": [0, 0, 0, 0], ""acc"": -25.4, ""vel"": 57.43, ""pos"": 38.9, ""error"": 0}]","[[0, 0, 0, 0]]",[],"[[[0, 0, 0, 0], [-25.4, 57.43, 38.9], 0]]"
1.5,25.2,343.5,7.4,50.0,1944.0,-25.4,57.0,39.9,"[{""pair"": [0, 0, 0, 0], ""acc"": -25.4, ""vel"": 57.0, ""pos"": 39.9, ""error"": 0}]","[[0, 0, 0, 0]]",[],"[[[0, 0, 0, 0], [-25.4, 57.0, 39.9], 0]]"
1.5,25.22,343.90000000000003,6.2,50.0,2298.3,-25.4,56.57,40.9,"[{""pair"": [0, 0, 0, 0], ""acc"": -25.4, ""vel"": 56.57, ""pos"": 40.9, ""error"": 0}]","[[0, 0, 0, 0]]",[],"[[[0, 0, 0, 0], [-25.4, 56.57, 40.9], 0]]"
1.5,25.25,344.40000000000003,-1.4,34.68,1710.4,-25.4,56.16,41.8,"[{""pair"": [0, 0, 0, 0], ""acc"": -25.4, ""vel"": 56.16, ""pos"": 41.8, ""error"": 0}]","[[0, 0, 0, 0]]",[],"[[[0, 0, 0, 0], [-25.4, 56.16, 41.8], 0]]"
1.5,25.27,344.8,-8.0,50.0,976.8,-25.4,55.73,42.8,"[{""pair"": [0, 0, 0, 0], ""acc"": -25.4, ""vel"": 55.73, ""pos"": 42.8, ""error"": 0}]","[[0, 0, 0, 0]]",[],"[[[0, 0, 0, 0], [-25.4, 55.73, 42.8], 0]]"
1.5,25.3,345.20000000000005,8.0,50.0,1505.8,-25.4,55.3,43.7,"[{""pair"": [0, 0, 0, 0], ""acc"": -25.4, ""vel"": 55.3, ""pos"": 43.7, ""error"": 0}]","[[0, 0, 0, 0]]",[],"[[[0, 0, 0, 0], [-25.4, 55.3, 43.7], 0]]"
1.5,25.32,345.6,4.5,50.0,227.3,-25.4,54.89,44.6,"[{""pair"": [0, 0, 0, 0], ""acc"": -25.4, ""vel"": 54.89, ""pos"": 44.6, ""error"": 0}]","[[0, 0, 0, 0]]",[],"[[[0, 0, 0, 0], [-25.4, 54.89, 44.6], 0]]"
1.5,25.34,346.0,8.0,50.0,1307.7,-25.4,54.46,45.5,"[{""pair"": [0, 0, 0, 0], ""acc"": -25.4, ""vel"": 54.46, ""pos"": 45.5, ""error"": 0}]","[[0, 0, 0, 0]]",[],"[[[0, 0, 0, 0], [-25.4, 54.46, 45.5], 0]]"
1.5,25.37,346.5,1.4,2.37,2254.3,-25.4,54.03,46.4,"[{""pair"": [0, 0, 0, 0], ""acc"": -25.4, ""vel"": 54.03, ""pos"": 46.4, ""error"": 0}]","[[0, 0, 0, 0]]",[],"[[[0, 0, 0, 0], [-25.4, 54.03, 46.4], 0]]"
1.5,25.39,346.90000000000003,4.0,39.33,2898.3,-25.4,53.62,47.3,"[{""pair"": [0, 0, 0, 0], ""acc"": -25.4, ""vel"": 53.62, ""pos"": 47.3, ""error"": 0}]","[[0, 0, 0, 0]]",[],"[[[0, 0, 0, 0], [-25.4, 53.62, 47.3], 0]]"
1.5,25.42,347.3,-8.0,12.34,1886.8,-25.4,53.19,48.2,"[{""pair"": [0, 0, 0, 0], ""acc"": -25.4, ""vel"": 53.19, ""pos"": 48.2, ""error"": 0}]","[[0, 0, 0, 0]]",[],"[[[0, 0, 0, 0], [-25.4, 53.19, 48.2], 0]]"
1.5,25.44,347.70000000000005,8.0,1.34,752.8,-25.4,52.76,49.1,"[{""pair"": [0, 0, 0, 0], ""acc"": -25.4, ""vel"": 52.76, ""pos"": 49.1, ""error"": 0}]","[[0, 0, 0, 0]]",[],"[[[0, 0, 0, 0], [-25.4, 52.76, 49.1], 0]]"
1.5,25.47,348.20000000000005,-8.0,50.0,3102.0,-25.4,52.35,49.9,"[{""pair"": [0, 0, 0, 0], ""acc"": -25.4, ""vel"": 52.35, ""pos"": 49.9, ""error"": 0}]","[[0, 0, 0, 0]]",[],"[[[0, 0, 0, 0], [-25.4, 52.35, 49.9], 0]]"
1.4,25.49,348.6,8.0,18.68,2919.7,-25.4,51.92,50.8,"[{""pair"": [0, 0, 0, 0], ""acc"": -25.4, ""vel"": 51.92, ""pos"": 50.8, ""error"": 0}]","[[0, 0, 0, 0]]",[],"[[[0, 0, 0, 0], [-25.4, 51.92, 50.8], 0]]"
1.5,25.51,349.0,4.6,6.13,2684.2,4.6,6.13,2684.2,"[{""pair"": [1, 2, 1, 2], ""acc"": 4.6, ""vel"": 6.13, ""pos"": 2684.2, ""error"": 2677.8792303}, {""pair"": [1, 2, 1, 2], ""acc"": 4.6, ""vel"": 6.13, ""pos"": 2684.2, ""error"": 2677.8792303}, {""pair"": [1, 2, 1, 2], ""acc"": 4.6, ""vel"": 6.13, ""pos"": 2684.2, ""error"": 2677.8792303}, {""pair"": [1, 2, 1, 2], ""acc"": 4.6, ""vel"": 6.13, ""pos"": 2684.2, ""error"": 2677.8792303}, {""pair"": [1, 2, 1, 2], ""acc"": 4.6, ""vel"": 6.13, ""pos"": 2684.2, ""error"": 2677.8792303}, {""pair"": [1, 2, 1, 2], ""acc"": 4.6, ""vel"": 6.13, ""pos"": 2684.2, ""error"": 2677.8792303}, {""pair"": [1, 2, 1, 2], ""acc"": 4.6, ""vel"": 6.13, ""pos"": 2684.2, ""error"": 2677.8792303}, {""pair"": [1, 2, 1, 2], ""acc"": 4.6, ""vel"": 6.13, ""pos"": 2684.2, ""error"": 2677.8792303}, {""pair"": [1, 2, 1, 2], ""acc"": 4.6, ""vel"": 6.13, ""pos"": 2684.2, ""error"": 2677.8792303}, {""pair"": [1, 2, 1, 2], ""acc"": 4.6, ""vel"": 6.13, ""pos"": 2684.2, ""error"": 2677.8792303}, {""pair"": [1, 2, 1, 2], ""acc"": 4.6, ""vel"": 6.13, ""pos"": 2684.2, ""error"": 2677.8792303}, {""pair"": [1, 2, 1, 2], ""acc"": 4.6, ""vel"": 6.13, ""pos"": 2684.2, ""error"": 2677.8792303}, {""pair"": [1, 2, 1, 2], ""acc"": 4.6, ""vel"": 6.13, ""pos"": 2684.2, ""error"": 2677.8792303}, {""pair"": [1, 2, 1, 2], ""acc"": 4.6, ""vel"": 6.13, ""pos"": 2684.2, ""error"": 2677.8792303}, {""pair"": [1, 2, 1, 2], ""acc"": 4.6, ""vel"": 6.13, ""pos"": 2684.2, ""error"": 2677.8792303}, {""pair"": [1, 2, 1, 2], ""acc"": 4.6, ""vel"": 6.13, ""pos"": 2684.2, ""error"": 2677.8792303}]","[[1, 2, 1, 2], [1, 2, 1, 2], [1, 2, 1, 2], [1, 2, 1, 2], [1, 2, 1, 2], [1, 2, 1, 2], [1, 2, 1, 2], [1, 2, 1, 2], [1, 2, 1, 2], [1, 2, 1, 2], [1, 2, 1, 2], [1, 2, 1, 2], [1, 2, 1, 2], [1, 2, 1, 2], [1, 2, 1, 2], [1, 2, 1, 2]]","[[{""pair"": [1, 2, 1, 2], ""acc"": 4.6, ""vel"": 6.13, ""pos"": 2684.2, ""error"": 2677.8792303}], [{""pair"": [1, 2, 1, 2], ""acc"": 4.6, ""vel"": 6.13, ""pos"": 2684.2, ""error"": 2677.8792303}], [{""pair"": [1, 2, 1, 2], ""acc"": 4.6, ""vel"": 6.13, ""pos"": 2684.2, ""error"": 2677.8792303}], [{""pair"": [1, 2, 1, 2], ""acc"": 4.6, ""vel"": 6.13, ""pos"": 2684.2, ""error"": 2677.8792303}], [{""pair"": [1, 2, 1, 2], ""acc"": 4.6, ""vel"": 6.13, ""pos"": 2684.2, ""error"": 2677.8792303}], [{""pair"": [1, 2, 1, 2], ""acc"": 4.6, ""vel"": 6.13, ""pos"": 2684.2, ""error"": 2677.8792303}], [{""pair"": [1, 2, 1, 2], ""acc"": 4.6, ""vel"": 6.13, ""pos"": 2684.2, ""error"": 2677.8792303}], [{""pair"": [1, 2, 1, 2], ""acc"": 4.6, ""vel"": 6.13, ""pos"": 2684.2, ""error"": 2677.8792303}], [{""pair"": [1, 2, 1, 2], ""acc"": 4.6, ""vel"": 6.13, ""pos"": 2684.2, ""error"": 2677.8792303}], [{""pair"": [1, 2, 1, 2], ""acc"": 4.6, ""vel"": 6.13, ""pos"": 2684.2, ""error"": 2677.8792303}], [{""pair"": [1, 2, 1, 2], ""acc"": 4.6, ""vel"": 6.13, ""pos"": 2684.2, ""error"": 2677.8792303}], [{""pair"": [1, 2, 1, 2], ""acc"": 4.6, ""vel"": 6.13, ""pos"": 2684.2, ""error"": 2677.8792303}], [{""pair"": [1, 2, 1, 2], ""acc"": 4.6, ""vel"": 6.13, ""pos"": 2684.2, ""error"": 2677.8792303}], [{""pair"": [1, 2, 1, 2], ""acc"": 4.6, ""vel"": 6.13, ""pos"": 2684.2, ""error"": 2677.8792303}], [{""pair"": [1, 2, 1, 2], ""acc"": 4.6, ""vel"": 6.13, ""pos"": 2684.2, ""error"": 2677.8792303}], [{""pair"": [1, 2, 1, 2], ""acc"": 4.6, ""vel"": 6.13, ""pos"": 2684.2, ""error"": 2677.8792303}]]","[[[1, 2, 1, 2], [4.6, 6.13, 2684.2], 2677.8792303], [[1, 2, 1, 2], [4.6, 6.13, 2684.2], 2677.8792303], [[1, 2, 1, 2], [4.6, 6.13, 2684.2], 2677.8792303], [[1, 2, 1, 2], [4.6, 6.13, 2684.2], 2677.8792303], [[1, 2, 1, 2], [4.6, 6.13, 2684.2], 2677.8792303], [[1, 2, 1, 2], [4.6, 6.13, 2684.2], 2677.8792303], [[1, 2, 1, 2], [4.6, 6.13, 2684.2], 2677.8792303], [[1, 2, 1, 2], [4.6, 6.13, 2684.2], 2677.8792303], [[1, 2, 1, 2], [4.6, 6.13, 2684.2], 2677.8792303], [[1, 2, 1, 2], [4.6, 6.13, 2684.2], 2677.8792303], [[1, 2, 1, 2], [4.6, 6.13, 2684.2], 2677.8792303], [[1, 2, 1, 2], [4.6, 6.13, 2684.2], 2677.8792303], [[1, 2, 1, 2], [4.6, 6.13, 2684.2], 2677.8792303], [[1, 2, 1, 2], [4.6, 6.13, 2684.2], 2677.8792303], [[1, 2, 1, 2], [4.6, 6.13, 2684.2], 2677.8792303], [[1, 2, 1, 2], [4.6, 6.13, 2684.2], 2677.8792303]]"
1.5,25.54,349.40000000000003,-1.0,50.0,82.4,4.6,6.2,2684.3,"[{""pair"": [0, 0, 0, 0], ""acc"": 4.6, ""vel"": 6.2, ""pos"": 2684.3, ""error"": 0}]","[[0, 0, 0, 0]]",[],"[[[0, 0, 0, 0], [4.6, 6.2, 2684.3], 0]]"
1.5,25.56,349.90000000000003,2.2,50.0,1864.8,4.6,6.28,2684.4,"[{""pair"": [0, 0, 0, 0], ""acc"": 4.6, ""vel"": 6.28, ""pos"": 2684.4, ""error"": 0}]","[[0, 0, 0, 0]]",[],"[[[0, 0, 0, 0], [4.6, 6.28, 2684.4], 0]]"
1.5,25.59,350.3,8.0,15.31,954.7,4.6,6.36,2684.5,"[{""pair"": [0, 0, 0, 0], ""acc"": 4.6, ""vel"": 6.36, ""pos"": 2684.5, ""error"": 0}]","[[0, 0, 0, 0]]",[],"[[[0, 0, 0, 0], [4.6, 6.36, 2684.5], 0]]"
1.5,25.61,350.70000000000005,-8.0,50.0,1983.2,4.6,6.43,2684.6,"[{""pair"": [0, 0, 0, 0], ""acc"": 4.6, ""vel"": 6.43, ""pos"": 2684.6, ""error"": 0}]","[[0, 0, 0, 0]]",[],"[[[0, 0, 0, 0], [4.6, 6.43, 2684.6], 0]]"
1.5,25.64,351.1,2.0,15.95,1430.9,4.6,6.51,2684.7,"[{""pair"": [0, 0, 0, 0], ""acc"": 4.6, ""vel"": 6.51, ""pos"": 2684.7, ""error"": 0}]","[[0, 0, 0, 0]]",[],"[[[0, 0, 0, 0], [4.6, 6.51, 2684.7], 0]]"
1.5,25.66,351.6,-2.3,50.0,2469.1,4.6,6.59,2684.8,"[{""pair"": [0, 0, 0, 0], ""acc"": 4.6, ""vel"": 6.59, ""pos"": 2684.8, ""error"": 0}]","[[0, 0, 0, 0]]",[],"[[[0, 0, 0, 0], [4.6, 6.59, 2684.8], 0]]"
1.5,25.69,352.0,8.0,25.22,790.1,4.6,6.66,2684.9,"[{""pair"": [0, 0, 0, 0], ""acc"": 4.6, ""vel"": 6.66, ""pos"": 2684.9, ""error"": 0}]","[[0, 0, 0, 0]]",[],"[[[0, 0, 0, 0], [4.6, 6.66, 2684.9], 0]]"
1.5,25.71,352.40000000000003,-8.0,50.0,117.8,4.6,6.74,2685.0,"[{""pair"": [0, 0, 0, 0], ""acc"": 4.6, ""vel"": 6.74, ""pos"": 2685.0, ""error"": 0}]","[[0, 0, 0, 0]]",[],"[[[0, 0, 0, 0], [4.6, 6.74, 2685.0], 0]]"
1.5,25.74,352.90000000000003,8.0,1.55,1688.7,4.6,6.82,2685.1,"[{""pair"": [0, 0, 0, 0], ""acc"": 4.6, ""vel"": 6.82, ""pos"": 2685.1, ""error"": 0}]","[[0, 0, 0, 0]]",[],"[[[0, 0, 0, 0], [4.6, 6.82, 2685.1], 0]]"
1.5,25.76,353.3,8.0,50.0,1995.2,4.6,6.89,2685.2,"[{""pair"": [0, 0, 0, 0], ""acc"": 4.6, ""vel"": 6.89, ""pos"": 2685.2, ""error"": 0}]","[[0, 0, 0, 0]]",[],"[[[0, 0, 0, 0], [4.6, 6.89, 2685.2], 0]]"
1.5,25.78,353.70000000000005,8.0,50.0,795.4,4.6,6.97,2685.3,"[{""pair"": [0, 0, 0, 0], ""acc"": 4.6, ""vel"": 6.97, ""pos"": 2685.3, ""error"": 0}]","[[0, 0, 0, 0]]",[],"[[[0, 0, 0, 0], [4.6, 6.97, 2685.3], 0]]"
1.5,25.81,354.1,8.0,50.0,2977.3,4.6,7.05,2685.4,"[{""pair"": [0, 0, 0, 0], ""acc"": 4.6, ""vel"": 7.05, ""pos"": 2685.4, ""error"": 0}]","[[0, 0, 0, 0]]",[],"[[[0, 0, 0, 0], [4.6, 7.05, 2685.4], 0]]"
1.5,25.83,354.6,0.5,50.0,2677.7,4.6,7.12,2685.5,"[{""pair"": [0, 0, 0, 0], ""acc"": 4.6, ""vel"": 7.12, ""pos"": 2685.5, ""error"": 0}]","[[0, 0, 0, 0]]",[],"[[[0, 0, 0, 0], [4.6, 7.12, 2685.5], 0]]"
1.5,25.86,355.0,-3.1,47.8,192.9,4.6,7.2,2685.6,"[{""pair"": [0, 0, 0, 0], ""acc"": 4.6, ""vel"": 7.2, ""pos"": 2685.6, ""error"": 0}]","[[0, 0, 0, 0]]",[],"[[[0, 0, 0, 0], [4.6, 7.2, 2685.6], 0]]"
1.5,25.88,355.40000000000003,8.0,50.0,395.7,4.6,7.28,2685.7,"[{""pair"": [0, 0, 0, 0], ""acc"": 4.6, ""vel"": 7.28, ""pos"": 2685.7, ""error"": 0}]","[[0, 0, 0, 0]]",[],"[[[0, 0, 0, 0], [4.6, 7.28, 2685.7], 0]]"
1.5,25.91,355.90000000000003,8.0,9.73,673.3,4.6,7.35,2685.8,"[{""pair"": [0, 0, 0, 0], ""acc"": 4.6, ""vel"": 7.35, ""pos"": 2685.8, ""error"": 0}]","[[0, 0, 0, 0]]",[],"[[[0, 0, 0, 0], [4.6, 7.35, 2685.8], 0]]"
1.5,25.93,356.3,5.3,50.0,733.2,4.6,7.43,2685.9,"[{""pair"": [0, 0, 0, 0], ""acc"": 4.6, ""vel"": 7.43, ""pos"": 2685.9, ""error"": 0}]","[[0, 0, 0, 0]]",[],"[[[0, 0, 0, 0], [4.6, 7.43, 2685.9], 0]]"
1.5,25.95,356.70000000000005,8.0,17.48,11.4,22.9,17.48,11.4,"[{""pair"": [2, 2, 2, 2], ""acc"": 22.9, ""vel"": 17.48, ""pos"": 11.4, ""error"": 2684.5987747}, {""pair"": [2, 2, 2, 2], ""acc"": 22.9, ""vel"": 17.48, ""pos"": 11.4, ""error"": 2684.5987747}, {""pair"": [2, 2, 2, 2], ""acc"": 22.9, ""vel"": 17.48, ""pos"": 11.4, ""error"": 2684.5987747}, {""pair"": [2, 2, 2, 2], ""acc"": 22.9, ""vel"": 17.48, ""pos"": 11.4, ""error"": 2684.5987747}, {""pair"": [2, 2, 2, 2], ""acc"": 22.9, ""vel"": 17.48, ""pos"": 11.4, ""error"": 2684.5987747}, {""pair"": [2, 2, 2, 2], ""acc"": 22.9, ""vel"": 17.48, ""pos"": 11.4, ""error"": 2684.5987747}, {""pair"": [2, 2, 2, 2], ""acc"": 22.9, ""vel"": 17.48, ""pos"": 11.4, ""error"": 2684.5987747}, {""pair"": [2, 2, 2, 2], ""acc"": 22.9, ""vel"": 17.48, ""pos"": 11.4, ""error"": 2684.5987747}, {""pair"": [2, 2, 2, 2], ""acc"": 22.9, ""vel"": 17.48, ""pos"": 11.4, ""error"": 2684.5987747}, {""pair"": [2, 2, 2, 2], ""acc"": 22.9, ""vel"": 17.48, ""pos"": 11.4, ""error"": 2684.5987747}, {""pair"": [2, 2, 2, 2], ""acc"": 22.9, ""vel"": 17.48, ""pos"": 11.4, ""error"": 2684.5987747}, {""pair"": [2, 2, 2, 2], ""acc"": 22.9, ""vel"": 17.48, ""pos"": 11.4, ""error"": 2684.5987747}, {""pair"": [2, 2, 2, 2], ""acc"": 22.9, ""vel"": 17.48, ""pos"": 11.4, ""error"": 2684.5987747}, {""pair"": [2, 2, 2, 2], ""acc"": 22.9, ""vel"": 17.48, ""pos"": 11.4, ""error"": 2684.5987747}, {""pair"": [2, 2, 2, 2], ""acc"": 22.9, ""vel"": 17.48, ""pos"": 11.4, ""error"": 2684.5987747}, {""pair"": [2, 2, 2, 2], ""acc"": 22.9, ""vel"": 17.48, ""pos"": 11.4, ""error"": 2684.5987747}]","[[2, 2, 2, 2], [2, 2, 2, 2], [2, 2, 2, 2], [2, 2, 2, 2], [2, 2, 2, 2], [2, 2, 2, 2], [2, 2, 2, 2], [2, 2, 2, 2], [2, 2, 2, 2], [2, 2, 2, 2], [2, 2, 2, 2], [2, 2, 2, 2], [2, 2, 2, 2], [2, 2, 2, 2], [2, 2, 2, 2], [2, 2, 2, 2]]","[[{""pair"": [2, 2, 2, 2], ""acc"": 22.9, ""vel"": 17.48, ""pos"": 11.4, ""error"": 2684.5987747}], [{""pair"": [2, 2, 2, 2], ""acc"": 22.9, ""vel"": 17.48, ""pos"": 11.4, ""error"": 2684.5987747}], [{""pair"": [2, 2, 2, 2], ""acc"": 22.9, ""vel"": 17.48, ""pos"": 11.4, ""error"": 2684.5987747}], [{""pair"": [2, 2, 2, 2], ""acc"": 22.9, ""vel"": 17.48, ""pos"": 11.4, ""error"": 2684.5987747}], [{""pair"": [2, 2, 2, 2], ""acc"": 22.9, ""vel"": 17.48, ""pos"": 11.4, ""error"": 2684.5987747}], [{""pair"": [2, 2, 2, 2], ""acc"": 22.9, ""vel"": 17.48, ""pos"": 11.4, ""error"": 2684.5987747}], [{""pair"": [2, 2, 2, 2], ""acc"": 22.9, ""vel"": 17.48, ""pos"": 11.4, ""error"": 2684.5987747}], [{""pair"": [2, 2, 2, 2], ""acc"": 22.9, ""vel"": 17.48, ""pos"": 11.4, ""error"": 2684.5987747}], [{""pair"": [2, 2, 2, 2], ""acc"": 22.9, ""vel"": 17.48, ""pos"": 11.4, ""error"": 2684.5987747}], [{""pair"": [2, 2, 2, 2], ""acc"": 22.9, ""vel"": 17.48, ""pos"": 11.4, ""error"": 2684.5987747}], [{""pair"": [2, 2, 2, 2], ""acc"": 22.9, ""vel"": 17.48, ""pos"": 11.4, ""error"": 2684.5987747}], [{""pair"": [2, 2, 2, 2], ""acc"": 22.9, ""vel"": 17.48, ""pos"": 11.4, ""error"": 2684.5987747}], [{""pair"": [2, 2, 2, 2], ""acc"": 22.9, ""vel"": 17.48, ""pos"": 11.4, ""error"": 2684.5987747}], [{""pair"": [2, 2, 2, 2], ""acc"": 22.9, ""vel"": 17.48, ""pos"": 11.4, ""error"": 2684.5987747}], [{""pair"": [2, 2, 2, 2], ""acc"": 22.9, ""vel"": 17.48, ""pos"": 11.4, ""error"": 2684.5987747}], [{""pair"": [2, 2, 2, 2], ""acc"": 22.9, ""vel"": 17.48, ""pos"": 11.4, ""error"": 2684.5987747}]]","[[[2, 2, 2, 2], [22.9, 17.48, 11.4], 2684.5987747], [[2, 2, 2, 2], [22.9, 17.48, 11.4], 2684.5987747], [[2, 2, 2, 2], [22.9, 17.48, 11.4], 2684.5987747], [[2, 2, 2, 2], [22.9, 17.48, 11.4], 2684.5987747], [[2, 2, 2, 2], [22.9, 17.48, 11.4], 2684.5987747], [[2, 2, 2, 2], [22.9, 17.48, 11.4], 2684.5987747], [[2, 2, 2, 2], [22.9, 17.48, 11.4], 2684.5987747], [[2, 2, 2, 2], [22.9, 17.48, 11.4], 2684.5987747], [[2, 2, 2, 2], [22.9, 17.48, 11.4], 2684.5987747], [[2, 2, 2, 2], [22.9, 17.48, 11.4], 2684.5987747], [[2, 2, 2, 2], [22.9, 17.48, 11.4], 2684.5987747], [[2, 2, 2, 2], [22.9, 17.48, 11.4], 2684.5987747], [[2, 2, 2, 2], [22.9, 17.48, 11.4], 2684.5987747], [[2, 2, 2, 2], [22.9, 17.48, 11.4], 2684.5987747], [[2, 2, 2, 2], [22.9, 17.48, 11.4], 2684.5987747], [[2, 2, 2, 2], [22.9, 17.48, 11.4], 2684.5987747]]"
1.5,25.98,357.20000000000005,3.0,50.0,2922.3,22.9,17.85,11.7,"[{""pair"": [0, 0, 0, 0], ""acc"": 22.9, ""vel"": 17.85, ""pos"": 11.7, ""error"": 0}]","[[0, 0, 0, 0]]",[],"[[[0, 0, 0, 0], [22.9, 17.85, 11.7], 0]]"
1.5,26.0,357.6,-8.0,12.47,643.7,22.9,18.24,12.0,"[{""pair"": [0, 0, 0, 0], ""acc"": 22.9, ""vel"": 18.24, ""pos"": 12.0, ""error"": 0}]","[[0, 0, 0, 0]]",[],"[[[0, 0, 0, 0], [22.9, 18.24, 12.0], 0]]"
1.5,26.03,358.0,-7.5,40.28,1641.6,22.9,18.63,12.3,"[{""pair"": [0, 0, 0, 0], ""acc"": 22.9, ""vel"": 18.63, ""pos"": 12.3, ""error"": 0}]","[[0, 0, 0, 0]]",[],"[[[0, 0, 0, 0], [22.9, 18.63, 12.3], 0]]"
1.5,26.05,358.5,-5.1,50.0,717.0,22.9,19.0,12.6,"[{""pair"": [0, 0, 0, 0], ""acc"": 22.9, ""vel"": 19.0, ""pos"": 12.6, ""error"": 0}]","[[0, 0, 0, 0]]",[],"[[[0, 0, 0, 0], [22.9, 19.0, 12.6], 0]]"
1.5,26.08,358.90000000000003,8.0,50.0,508.0,22.9,19.39,12.9,"[{""pair"": [0, 0, 0, 0], ""acc"": 22.9, ""vel"": 19.39, ""pos"": 12.9, ""error"": 0}]","[[0, 0, 0, 0]]",[],"[[[0, 0, 0, 0], [22.9, 19.39, 12.9], 0]]"
1.5,26.1,359.3,8.0,50.0,504.9,22.9,19.78,13.2,"[{""pair"": [0, 0, 0, 0], ""acc"": 22.9, ""vel"": 19.78, ""pos"": 13.2, ""error"": 0}]","[[0, 0, 0, 0]]",[],"[[[0, 0, 0, 0], [22.9, 19.78, 13.2], 0]]"
1.5,26.13,359.8,8.0,50.0,1260.3,22.9,20.15,13.5,"[{""pair"": [0, 0, 0, 0], ""acc"": 22.9, ""vel"": 20.15, ""pos"": 13.5, ""error"": 0}]","[[0, 0, 0, 0]]",[],"[[[0, 0, 0, 0], [22.9, 20.15, 13.5], 0]]"
1.6,26.16,360.20000000000005,1.1,50.0,2313.2,22.9,20.54,13.8,"[{""pair"": [0, 0, 0, 0], ""acc"": 22.9, ""vel"": 20.54, ""pos"": 13.8, ""error"": 0}]","[[0, 0, 0, 0]]",[],"[[[0, 0, 0, 0], [22.9, 20.54, 13.8], 0]]"
1.7000000000000002,26.18,360.6,-8.0,50.0,2363.0,22.9,20.93,14.2,"[{""pair"": [0, 0, 0, 0], ""acc"": 22.9, ""vel"": 20.93, ""pos"": 14.2, ""error"": 0}]","[[0, 0, 0, 0]]",[],"[[[0, 0, 0, 0], [22.9, 20.93, 14.2], 0]]"
1.7000000000000002,26.21,361.1,-0.9,50.0,1635.0,22.9,21.3,14.5,"[{""pair"": [0, 0, 0, 0], ""acc"": 22.9, ""vel"": 21.3, ""pos"": 14.5, ""error"": 0}]","[[0, 0, 0, 0]]",[],"[[[0, 0, 0, 0], [22.9, 21.3, 14.5], 0]]"
1.7000000000000002,26.24,361.5,8.0,50.0,2115.7,22.9,21.69,14.9,"[{""pair"": [0, 0, 0, 0], ""acc"": 22.9, ""vel"": 21.69, ""pos"": 14.9, ""error"": 0}]","[[0, 0, 0, 0]]",[],"[[[0, 0, 0, 0], [22.9, 21.69, 14.9], 0]]"
1.7000000000000002,26.27,362.0,7.3,50.0,1682.2,7.3,75.72,1682.2,"[{""pair"": [2, 3, 2, 3], ""acc"": 7.3, ""vel"": 75.72, ""pos"": 1682.2, ""error"": 1720.5686609500003}, {""pair"": [2, 3, 2, 3], ""acc"": 7.3, ""vel"": 75.72, ""pos"": 1682.2, ""error"": 1720.5686609500003}, {""pair"": [2, 3, 2, 3], ""acc"": 7.3, ""vel"": 75.72, ""pos"": 1682.2, ""error"": 1720.5686609500003}, {""pair"": [2, 3, 2, 3], ""acc"": 7.3, ""vel"": 75.72, ""pos"": 1682.2, ""error"": 1720.5686609500003}, {""pair"": [2, 3, 2, 3], ""acc"": 7.3, ""vel"": 75.72, ""pos"": 1682.2, ""error"": 1720.5686609500003}, {""pair"": [2, 3, 2, 3], ""acc"": 7.3, ""vel"": 75.72, ""pos"": 1682.2, ""error"": 1720.5686609500003}, {""pair"": [2, 3, 2, 3], ""acc"": 7.3, ""vel"": 75.72, ""pos"": 1682.2, ""error"": 1720.5686609500003}, {""pair"": [2, 3, 2, 3], ""acc"": 7.3, ""vel"": 75.72, ""pos"": 1682.2, ""error"": 1720.5686609500003}, {""pair"": [2, 3, 2, 3], ""acc"": 7.3, ""vel"": 75.72, ""pos"": 1682.2, ""error"": 1720.5686609500003}, {""pair"": [2, 3, 2, 3], ""acc"": 7.3, ""vel"": 75.72, ""pos"": 1682.2, ""error"": 1720.5686609500003}, {""pair"": [2, 3, 2, 3], ""acc"": 7.3, ""vel"": 75.72, ""pos"": 1682.2, ""error"": 1720.5686609500003}, {""pair"": [2, 3, 2, 3], ""acc"": 7.3, ""vel"": 75.72, ""pos"": 1682.2, ""error"": 1720.5686609500003}, {""pair"": [2, 3, 2, 3], ""acc"": 7.3, ""vel"": 75.72, ""pos"": 1682.2, ""error"": 1720.5686609500003}, {""pair"": [2, 3, 2, 3], ""acc"": 7.3, ""vel"": 75.72, ""pos"": 1682.2, ""error"": 1720.5686609500003}, {""pair"": [2, 3, 2, 3], ""acc"": 7.3, ""vel"": 75.72, ""pos"": 1682.2, ""error"": 1720.5686609500003}, {""pair"": [2, 3, 2, 3], ""acc"": 7.3, ""vel"": 75.72, ""pos"": 1682.2, ""error"": 1720.5686609500003}]","[[2, 3, 2, 3], [2, 3, 2, 3], [2, 3, 2, 3], [2, 3, 2, 3], [2, 3, 2, 3], [2, 3, 2, 3], [2, 3, 2, 3], [2, 3, 2, 3], [2, 3, 2, 3], [2, 3, 2, 3], [2, 3, 2, 3], [2, 3, 2, 3], [2, 3, 2, 3], [2, 3, 2, 3], [2, 3, 2, 3], [2, 3, 2, 3]]","[[{""pair"": [2, 3, 2, 3], ""acc"": 7.3, ""vel"": 75.72, ""pos"": 1682.2, ""error"": 1720.5686609500003}], [{""pair"": [2, 3, 2, 3], ""acc"": 7.3, ""vel"": 75.72, ""pos"": 1682.2, ""error"": 1720.5686609500003}], [{""pair"": [2, 3, 2, 3], ""acc"": 7.3, ""vel"": 75.72, ""pos"": 1682.2, ""error"": 1720.5686609500003}], [{""pair"": [2, 3, 2, 3], ""acc"": 7.3, ""vel"": 75.72, ""pos"": 1682.2, ""error"": 1720.5686609500003}], [{""pair"": [2, 3, 2, 3], ""acc"": 7.3, ""vel"": 75.72, ""pos"": 1682.2, ""error"": 1720.5686609500003}], [{""pair"": [2, 3, 2, 3], ""acc"": 7.3, ""vel"": 75.72, ""pos"": 1682.2, ""error"": 1720.5686609500003}], [{""pair"": [2, 3, 2, 3], ""acc"": 7.3, ""vel"": 75.72, ""pos"": 1682.2, ""error"": 1720.5686609500003}], [{""pair"": [2, 3, 2, 3], ""acc"": 7.3, ""vel"": 75.72, ""pos"": 1682.2, ""error"": 1720.5686609500003}], [{""pair"": [2, 3, 2, 3], ""acc"": 7.3, ""vel"": 75.72, ""pos"": 1682.2, ""error"": 1720.5686609500003}], [{""pair"": [2, 3, 2, 3], ""acc"": 7.3, ""vel"": 75.72, ""pos"": 1682.2, ""error"": 1720.5686609500003}], [{""pair"": [2, 3, 2, 3], ""acc"": 7.3, ""vel"": 75.72, ""pos"": 1682.2, ""error"": 1720.5686609500003}], [{""pair"": [2, 3, 2, 3], ""acc"": 7.3, ""vel"": 75.72, ""pos"": 1682.2, ""error"": 1720.5686609500003}], [{""pair"": [2, 3, 2, 3], ""acc"": 7.3, ""vel"": 75.72, ""pos"": 1682.2, ""error"": 1720.5686609500003}], [{""pair"": [2, 3, 2, 3], ""acc"": 7.3, ""vel"": 75.72, ""pos"": 1682.2, ""error"": 1720.5686609500003}], [{""pair"": [2, 3, 2, 3], ""acc"": 7.3, ""vel"": 75.72, ""pos"": 1682.2, ""error"": 1720.5686609500003}], [{""pair"": [2, 3, 2, 3], ""acc"": 7.3, ""vel"": 75.72, ""pos"": 1682.2, ""error"": 1720.5686609500003}]]","[[[2, 3, 2, 3], [7.3, 75.72, 1682.2], 1720.5686609500003], [[2, 3, 2, 3], [7.3, 75.72, 1682.2], 1720.5686609500003], [[2, 3, 2, 3], [7.3, 75.72, 1682.2], 1720.5686609500003], [[2, 3, 2, 3], [7.3, 75.72, 1682.2], 1720.5686609500003], [[2, 3, 2, 3], [7.3, 75.72, 1682.2], 1720.5686609500003], [[2, 3, 2, 3], [7.3, 75.72, 1682.2], 1720.5686609500003], [[2, 3, 2, 3], [7.3, 75.72, 1682.2], 1720.5686609500003], [[2, 3, 2, 3], [7.3, 75.72, 1682.2], 1720.5686609500003], [[2, 3, 2, 3], [7.3, 75.72, 1682.2], 1720.5686609500003], [[2, 3, 2, 3], [7.3, 75.72, 1682.2], 1720.5686609500003], [[2, 3, 2, 3], [7.3, 75.72, 1682.2], 1720.5686609500003], [[2, 3, 2, 3], [7.3, 75.72, 1682.2], 1720.5686609500003], [[2, 3, 2, 3], [7.3, 75.72, 1682.2], 1720.5686609500003], [[2, 3, 2, 3], [7.3, 75.72, 1682.2], 1720.5686609500003], [[2, 3, 2, 3], [7.3, 75.72, 1682.2], 1720.5686609500003], [[2, 3, 2, 3], [7.3, 75.72, 1682.2], 1720.5686609500003]]"
1.6,26.29,362.4,8.0,5.04,1900.2,7.3,75.84,1683.4,"[{""pair"": [0, 0, 0, 0], ""acc"": 7.3, ""vel"": 75.84, ""pos"": 1683.4, ""error"": 0}]","[[0, 0, 0, 0]]",[],"[[[0, 0, 0, 0], [7.3, 75.84, 1683.4], 0]]"
1.5,26.32,362.8,8.0,50.0,1117.1,7.3,75.96,1684.7,"[{""pair"": [0, 0, 0, 0], ""acc"": 7.3, ""vel"": 75.96, ""pos"": 1684.7, ""error"": 0}]","[[0, 0, 0, 0]]",[],"[[[0, 0, 0, 0], [7.3, 75.96, 1684.7], 0]]"
1.5,26.34,363.3,8.0,28.25,2998.4,7.3,76.08,1686.0,"[{""pair"": [0, 0, 0, 0], ""acc"": 7.3, ""vel"": 76.08, ""pos"": 1686.0, ""error"": 0}]","[[0, 0, 0, 0]]",[],"[[[0, 0, 0, 0], [7.3, 76.08, 1686.0], 0]]"
1.4,26.37,363.7000000000001,-8.0,50.0,1892.4,7.3,76.2,1687.2,"[{""pair"": [0, 0, 0, 0], ""acc"": 7.3, ""vel"": 76.2, ""pos"": 1687.2, ""error"": 0}]","[[0, 0, 0, 0]]",[],"[[[0, 0, 0, 0], [7.3, 76.2, 1687.2], 0]]"
1.4,26.39,364.1,-8.0,50.0,1206.9,7.3,76.32,1688.5,"[{""pair"": [0, 0, 0, 0], ""acc"": 7.3, ""vel"": 76.32, ""pos"": 1688.5, ""error"": 0}]","[[0, 0, 0, 0]]",[],"[[[0, 0, 0, 0], [7.3, 76.32, 1688.5], 0]]"
1.4,26.41,364.6,-8.0,50.0,34.7,7.3,76.44,1689.8,"[{""pair"": [0, 0, 0, 0], ""acc"": 7.3, ""vel"": 76.44, ""pos"": 1689.8, ""error"": 0}]","[[0, 0, 0, 0]]",[],"[[[0, 0, 0, 0], [7.3, 76.44, 1689.8], 0]]"
1.3,26.43,365.0,8.0,50.0,583.6,7.3,76.56,1691.0,"[{""pair"": [0, 0, 0, 0], ""acc"": 7.3, ""vel"": 76.56, ""pos"": 1691.0, ""error"": 0}]","[[0, 0, 0, 0]]",[],"[[[0, 0, 0, 0], [7.3, 76.56, 1691.0], 0]]"
1.3,26.45,365.5,8.0,50.0,1666.3,7.3,76.68,1692.3,"[{""pair"": [0, 0, 0, 0], ""acc"": 7.3, ""vel"": 76.68, ""pos"": 1692.3, ""error"": 0}]","[[0, 0, 0, 0]]",[],"[[[0, 0, 0, 0], [7.3, 76.68, 1692.3], 0]]"
1.3,26.48,365.9,-0.6,45.33,279.8,-0.6,45.33,279.8,"[{""pair"": [2, 2, 2, 2], ""acc"": -0.6, ""vel"": 45.33, ""pos"": 279.8, ""error"": 1445.2787148499995}, {""pair"": [2, 2, 2, 2], ""acc"": -0.6, ""vel"": 45.33, ""pos"": 279.8, ""error"": 1445.2787148499995}, {""pair"": [2, 2, 2, 2], ""acc"": -0.6, ""vel"": 45.33, ""pos"": 279.8, ""error"": 1445.2787148499995}, {""pair"": [2, 2, 2, 2], ""acc"": -0.6, ""vel"": 45.33, ""pos"": 279.8, ""error"": 1445.2787148499995}, {""pair"": [2, 2, 2, 2], ""acc"": -0.6, ""vel"": 45.33, ""pos"": 279.8, ""error"": 1445.2787148499995}, {""pair"": [2, 2, 2, 2], ""acc"": -0.6, ""vel"": 45.33, ""pos"": 279.8, ""error"": 1445.2787148499995}, {""pair"": [2, 2, 2, 2], ""acc"": -0.6, ""vel"": 45.33, ""pos"": 279.8, ""error"": 1445.2787148499995}, {""pair"": [2, 2, 2, 2], ""acc"": -0.6, ""vel"": 45.33, ""pos"": 279.8, ""error"": 1445.2787148499995}, {""pair"": [2, 2, 2, 2], ""acc"": -0.6, ""vel"": 45.33, ""pos"": 279.8, ""error"": 1445.2787148499995}, {""pair"": [2, 2, 2, 2], ""acc"": -0.6, ""vel"": 45.33, ""pos"": 279.8, ""error"": 1445.2787148499995}, {""pair"": [2, 2, 2, 2], ""acc"": -0.6, ""vel"": 45.33, ""pos"": 279.8, ""error"": 1445.2787148499995}, {""pair"": [2, 2, 2, 2], ""acc"": -0.6, ""vel"": 45.33, ""pos"": 279.8, ""error"": 1445.2787148499995}, {""pair"": [2, 2, 2, 2], ""acc"": -0.6, ""vel"": 45.33, ""pos"": 279.8, ""error"": 1445.2787148499995}, {""pair"": [2, 2, 2, 2], ""acc"": -0.6, ""vel"": 45.33, ""pos"": 279.8, ""error"": 1445.2787148499995}, {""pair"": [2, 2, 2, 2], ""acc"": -0.6, ""vel"": 45.33, ""pos"": 279.8, ""error"": 1445.2787148499995}, {""pair"": [2, 2, 2, 2], ""acc"": -0.6, ""vel"": 45.33, ""pos"": 279.8, ""error"": 1445.2787148499995}]","[[2, 2, 2, 2], [2, 2, 2, 2], [2, 2, 2, 2], [2, 2, 2, 2], [2, 2, 2, 2], [2, 2, 2, 2], [2, 2, 2, 2], [2, 2, 2, 2], [2, 2, 2, 2], [2, 2, 2, 2], [2, 2, 2, 2], [2, 2, 2, 2], [2, 2, 2, 2], [2, 2, 2, 2], [2, 2, 2, 2], [2, 2, 2, 2]]","[[{""pair"": [2, 2, 2, 2], ""acc"": -0.6, ""vel"": 45.33, ""pos"": 279.8, ""error"": 1445.2787148499995}], [{""pair"": [2, 2, 2, 2], ""acc"": -0.6, ""vel"": 45.33, ""pos"": 279.8, ""error"": 1445.2787148499995}], [{""pair"": [2, 2, 2, 2], ""acc"": -0.6, ""vel"": 45.33, ""pos"": 279.8, ""error"": 1445.2787148499995}], [{""pair"": [2, 2, 2, 2], ""acc"": -0.6, ""vel"": 45.33, ""pos"": 279.8, ""error"": 1445.2787148499995}], [{""pair"": [2, 2, 2, 2], ""acc"": -0.6, ""vel"": 45.33, ""pos"": 279.8, ""error"": 1445.2787148499995}], [{""pair"": [2, 2, 2, 2], ""acc"": -0.6, ""vel"": 45.33, ""pos"": 279.8, ""error"": 1445.2787148499995}], [{""pair"": [2, 2, 2, 2], ""acc"": -0.6, ""vel"": 45.33, ""pos"": 279.8, ""error"": 1445.2787148499995}], [{""pair"": [2, 2, 2, 2], ""acc"": -0.6, ""vel"": 45.33, ""pos"": 279.8, ""error"": 1445.2787148499995}], [{""pair"": [2, 2, 2, 2], ""acc"": -0.6, ""vel"": 45.33, ""pos"": 279.8, ""error"": 1445.2787148499995}], [{""pair"": [2, 2, 2, 2], ""acc"": -0.6, ""vel"": 45.33, ""pos"": 279.8, ""error"": 1445.2787148499995}], [{""pair"": [2, 2, 2, 2], ""acc"": -0.6, ""vel"": 45.33, ""pos"": 279.8, ""error"": 1445.2787148499995}], [{""pair"": [2, 2, 2, 2], ""acc"": -0.6, ""vel"": 45.33, ""pos"": 279.8, ""error"": 1445.2787148499995}], [{""pair"": [2, 2, 2, 2], ""acc"": -0.6, ""vel"": 45.33, ""pos"": 279.8, ""error"": 1445.2787148499995}], [{""pair"": [2, 2, 2, 2], ""acc"": -0.6, ""vel"": 45.33, ""pos"": 279.8, ""error"": 1445.2787148499995}], [{""pair"": [2, 2, 2, 2], ""acc"": -0.6, ""vel"": 45.33, ""pos"": 279.8, ""error"": 1445.2787148499995}], [{""pair"": [2, 2, 2, 2], ""acc"": -0.6, ""vel"": 45.33, ""pos"": 279.8, ""error"": 1445.2787148499995}]]","[[[2, 2, 2, 2], [-0.6, 45.33, 279.8], 1445.2787148499995], [[2, 2, 2, 2], [-0.6, 45.33, 279.8], 1445.2787148499995], [[2, 2, 2, 2], [-0.6, 45.33, 279.8], 1445.2787148499995], [[2, 2, 2, 2], [-0.6, 45.33, 279.8], 1445.2787148499995], [[2, 2, 2, 2], [-0.6, 45.33, 279.8], 1445.2787148499995], [[2, 2, 2, 2], [-0.6, 45.33, 279.8], 1445.2787148499995], [[2, 2, 2, 2], [-0.6, 45.33, 279.8], 1445.2787148499995], [[2, 2, 2, 2], [-0.6, 45.33, 279.8], 1445.2787148499995], [[2, 2, 2, 2], [-0.6, 45.33, 279.8], 1445.2787148499995], [[2, 2, 2, 2], [-0.6, 45.33, 279.8], 1445.2787148499995], [[2, 2, 2, 2], [-0.6, 45.33, 279.8], 1445.2787148499995], [[2, 2, 2, 2], [-0.6, 45.33, 279.8], 1445.2787148499995], [[2, 2, 2, 2], [-0.6, 45.33, 279.8], 1445.2787148499995], [[2, 2, 2, 2], [-0.6, 45.33, 279.8], 1445.2787148499995], [[2, 2, 2, 2], [-0.6, 45.33, 279.8], 1445.2787148499995], [[2, 2, 2, 2], [-0.6, 45.33, 279.8], 1445.2787148499995]]"
1.3,26.5,366.4,-8.0,50.0,2727.1,-0.6,45.32,280.5,"[{""pair"": [0, 0, 0, 0], ""acc"": -0.6, ""vel"": 45.32, ""pos"": 280.5, ""error"": 0}]","[[0, 0, 0, 0]]",[],"[[[0, 0, 0, 0], [-0.6, 45.32, 280.5], 0]]"
1.2000000000000002,26.52,366.8,8.0,50.0,3221.6,-0.6,45.31,281.3,"[{""pair"": [0, 0, 0, 0], ""acc"": -0.6, ""vel"": 45.31, ""pos"": 281.3, ""error"": 0}]","[[0, 0, 0, 0]]",[],"[[[0, 0, 0, 0], [-0.6, 45.31, 281.3], 0]]"
1.2000000000000002,26.54,367.2000000000001,-8.0,12.34,867.6,-0.6,45.3,282.1,"[{""pair"": [0, 0, 0, 0], ""acc"": -0.6, ""vel"": 45.3, ""pos"": 282.1, ""error"": 0}]","[[0, 0, 0, 0]]",[],"[[[0, 0, 0, 0], [-0.6, 45.3, 282.1], 0]]"
1.2000000000000002,26.56,367.7000000000001,-8.0,50.0,2271.6,-0.6,45.29,282.8,"[{""pair"": [0, 0, 0, 0], ""acc"": -0.6, ""vel"": 45.29, ""pos"": 282.8, ""error"": 0}]","[[0, 0, 0, 0]]",[],"[[[0, 0, 0, 0], [-0.6, 45.29, 282.8], 0]]"
1.2000000000000002,26.57,368.1,-2.0,22.91,1321.0,-0.6,45.28,283.6,"[{""pair"": [0, 0, 0, 0], ""acc"": -0.6, ""vel"": 45.28, ""pos"": 283.6, ""error"": 0}]","[[0, 0, 0, 0]]",[],"[[[0, 0, 0, 0], [-0.6, 45.28, 283.6], 0]]"
1.2000000000000002,26.59,368.6,8.0,50.0,2042.1,-0.6,45.27,284.4,"[{""pair"": [0, 0, 0, 0], ""acc"": -0.6, ""vel"": 45.27, ""pos"": 284.4, ""error"": 0}]","[[0, 0, 0, 0]]",[],"[[[0, 0, 0, 0], [-0.6, 45.27, 284.4], 0]]"
1.1,26.61,369.0,8.0,50.0,573.2,-0.6,45.26,285.1,"[{""pair"": [0, 0, 0, 0], ""acc"": -0.6, ""vel"": 45.26, ""pos"": 285.1, ""error"": 0}]","[[0, 0, 0, 0]]",[],"[[[0, 0, 0, 0], [-0.6, 45.26, 285.1], 0]]"
1.1,26.63,369.4,-3.2,50.0,2429.2,-0.6,45.25,285.9,"[{""pair"": [0, 0, 0, 0], ""acc"": -0.6, ""vel"": 45.25, ""pos"": 285.9, ""error"": 0}]","[[0, 0, 0, 0]]",[],"[[[0, 0, 0, 0], [-0.6, 45.25, 285.9], 0]]"
1.1,26.65,369.9,8.0,50.0,2785.3,-0.6,45.24,286.7,"[{""pair"": [0, 0, 0, 0], ""acc"": -0.6, ""vel"": 45.24, ""pos"": 286.7, ""error"": 0}]","[[0, 0, 0, 0]]",[],"[[[0, 0, 0, 0], [-0.6, 45.24, 286.7], 0]]"
1.1,26.67,370.3,8.0,33.08,3089.8,-0.6,45.23,287.4,"[{""pair"": [0, 0, 0, 0], ""acc"": -0.6, ""vel"": 45.23, ""pos"": 287.4, ""error"": 0}]","[[0, 0, 0, 0]]",[],"[[[0, 0, 0, 0], [-0.6, 45.23, 287.4], 0]]"
1.1,26.68,370.8,-8.0,0.06,2476.6,-0.6,45.22,288.2,"[{""pair"": [0, 0, 0, 0], ""acc"": -0.6, ""vel"": 45.22, ""pos"": 288.2, ""error"": 0}]","[[0, 0, 0, 0]]",[],"[[[0, 0, 0, 0], [-0.6, 45.22, 288.2], 0]]"
1.1,26.7,371.2000000000001,8.0,50.0,2536.9,-0.6,45.21,289.0,"[{""pair"": [0, 0, 0, 0], ""acc"": -0.6, ""vel"": 45.21, ""pos"": 289.0, ""error"": 0}]","[[0, 0, 0, 0]]",[],"[[[0, 0, 0, 0], [-0.6, 45.21, 289.0], 0]]"
1.0,26.72,371.7000000000001,8.0,40.79,1026.9,-0.6,45.2,289.7,"[{""pair"": [0, 0, 0, 0], ""acc"": -0.6, ""vel"": 45.2, ""pos"": 289.7, ""error"": 0}]","[[0, 0, 0, 0]]",[],"[[[0, 0, 0, 0], [-0.6, 45.2, 289.7], 0]]"
1.0,26.74,372.1,-8.0,50.0,1289.0,-0.6,45.19,290.5,"[{""pair"": [0, 0, 0, 0], ""acc"": -0.6, ""vel"": 45.19, ""pos"": 290.5, ""error"": 0}]","[[0, 0, 0, 0]]",[],"[[[0, 0, 0, 0], [-0.6, 45.19, 290.5], 0]]"
1.0,26.75,372.6,-8.0,50.0,2081.9,-0.6,45.18,291.3,"[{""pair"": [0, 0, 0, 0], ""acc"": -0.6, ""vel"": 45.18, ""pos"": 291.3, ""error"": 0}]","[[0, 0, 0, 0]]",[],"[[[0, 0, 0, 0], [-0.6, 45.18, 291.3], 0]]"
1.0,26.77,373.0,-8.0,38.77,2078.8,-17.0,38.77,2078.8,"[{""pair"": [1, 1, 1, 1], ""acc"": -17.0, ""vel"": 38.77, ""pos"": 2078.8, ""error"": 1793.1775967999993}, {""pair"": [1, 1, 1, 1], ""acc"": -17.0, ""vel"": 38.77, ""pos"": 2078.8, ""error"": 1793.1775967999993}, {""pair"": [1, 1, 1, 1], ""acc"": -17.0, ""vel"": 38.77, ""pos"": 2078.8, ""error"": 1793.1775967999993}, {""pair"": [1, 1, 1, 1], ""acc"": -17.0, ""vel"": 38.77, ""pos"": 2078.8, ""error"": 1793.1775967999993}, {""pair"": [1, 1, 1, 1], ""acc"": -17.0, ""vel"": 38.77, ""pos"": 2078.8, ""error"": 1793.1775967999993}, {""pair"": [1, 1, 1, 1], ""acc"": -17.0, ""vel"": 38.77, ""pos"": 2078.8, ""error"": 1793.1775967999993}, {""pair"": [1, 1, 1, 1], ""acc"": -17.0, ""vel"": 38.77, ""pos"": 2078.8, ""error"": 1793.1775967999993}, {""pair"": [1, 1, 1, 1], ""acc"": -17.0, ""vel"": 38.77, ""pos"": 2078.8, ""error"": 1793.1775967999993}, {""pair"": [1, 1, 1, 1], ""acc"": -17.0, ""vel"": 38.77, ""pos"": 2078.8, ""error"": 1793.1775967999993}, {""pair"": [1, 1, 1, 1], ""acc"": -17.0, ""vel"": 38.77, ""pos"": 2078.8, ""error"": 1793.1775967999993}, {""pair"": [1, 1, 1, 1], ""acc"": -17.0, ""vel"": 38.77, ""pos"": 2078.8, ""error"": 1793.1775967999993}, {""pair"": [1, 1, 1, 1], ""acc"": -17.0, ""vel"": 38.77, ""pos"": 2078.8, ""error"": 1793.1775967999993}, {""pair"": [1, 1, 1, 1], ""acc"": -17.0, ""vel"": 38.77, ""pos"": 2078.8, ""error"": 1793.1775967999993}, {""pair"": [1, 1, 1, 1], ""acc"": -17.0, ""vel"": 38.77, ""pos"": 2078.8, ""error"": 1793.1775967999993}, {""pair"": [1, 1, 1, 1], ""acc"": -17.0, ""vel"": 38.77, ""pos"": 2078.8, ""error"": 1793.1775967999993}, {""pair"": [1, 1, 1, 1], ""acc"": -17.0, ""vel"": 38.77, ""pos"": 2078.8, ""error"": 1793.1775967999993}]","[[1, 1, 1, 1], [1, 1, 1, 1], [1, 1, 1, 1], [1, 1, 1, 1], [1, 1, 1, 1], [1, 1, 1, 1], [1, 1, 1, 1], [1, 1, 1, 1], [1, 1, 1, 1], [1, 1, 1, 1], [1, 1, 1, 1], [1, 1, 1, 1], [1, 1, 1, 1], [1, 1, 1, 1], [1, 1, 1, 1], [1, 1, 1, 1]]","[[{""pair"": [1, 1, 1, 1], ""acc"": -17.0, ""vel"": 38.77, ""pos"": 2078.8, ""error"": 1793.1775967999993}], [{""pair"": [1, 1, 1, 1], ""acc"": -17.0, ""vel"": 38.77, ""pos"": 2078.8, ""error"": 1793.1775967999993}], [{""pair"": [1, 1, 1, 1], ""acc"": -17.0, ""vel"": 38.77, ""pos"": 2078.8, ""error"": 1793.1775967999993}], [{""pair"": [1, 1, 1, 1], ""acc"": -17.0, ""vel"": 38.77, ""pos"": 2078.8, ""error"": 1793.1775967999993}], [{""pair"": [1, 1, 1, 1], ""acc"": -17.0, ""vel"": 38.77, ""pos"": 2078.8, ""error"": 1793.1775967999993}], [{""pair"": [1, 1, 1, 1], ""acc"": -17.0, ""vel"": 38.77, ""pos"": 2078.8, ""error"": 1793.1775967999993}], [{""pair"": [1, 1, 1, 1], ""acc"": -17.0, ""vel"": 38.77, ""pos"": 2078.8, ""error"": 1793.1775967999993}], [{""pair"": [1, 1, 1, 1], ""acc"": -17.0, ""vel"": 38.77, ""pos"": 2078.8, ""error"": 1793.1775967999993}], [{""pair"": [1, 1, 1, 1], ""acc"": -17.0, ""vel"": 38.77, ""pos"": 2078.8, ""error"": 1793.1775967999993}], [{""pair"": [1, 1, 1, 1], ""acc"": -17.0, ""vel"": 38.77, ""pos"": 2078.8, ""error"": 1793.1775967999993}], [{""pair"": [1, 1, 1, 1], ""acc"": -17.0, ""vel"": 38.77, ""pos"": 2078.8, ""error"": 1793.1775967999993}], [{""pair"": [1, 1, 1, 1], ""acc"": -17.0, ""vel"": 38.77, ""pos"": 2078.8, ""error"": 1793.1775967999993}], [{""pair"": [1, 1, 1, 1], ""acc"": -17.0, ""vel"": 38.77, ""pos"": 2078.8, ""error"": 1793.1775967999993}], [{""pair"": [1, 1, 1, 1], ""acc"": -17.0, ""vel"": 38.77, ""pos"": 2078.8, ""error"": 1793.1775967999993}], [{""pair"": [1, 1, 1, 1], ""acc"": -17.0, ""vel"": 38.77, ""pos"": 2078.8, ""error"": 1793.1775967999993}], [{""pair"": [1, 1, 1, 1], ""acc"": -17.0, ""vel"": 38.77, ""pos"": 2078.8, ""error"": 1793.1775967999993}]]","[[[1, 1, 1, 1], [-17.0, 38.77, 2078.8], 1793.1775967999993], [[1, 1, 1, 1], [-17.0, 38.77, 2078.8], 1793.1775967999993], [[1, 1, 1, 1], [-17.0, 38.77, 2078.8], 1793.1775967999993], [[1, 1, 1, 1], [-17.0, 38.77, 2078.8], 1793.1775967999993], [[1, 1, 1, 1], [-17.0, 38.77, 2078.8], 1793.1775967999993], [[1, 1, 1, 1], [-17.0, 38.77, 2078.8], 1793.1775967999993], [[1, 1, 1, 1], [-17.0, 38.77, 2078.8], 1793.1775967999993], [[1, 1, 1, 1], [-17.0, 38.77, 2078.8], 1793.1775967999993], [[1, 1, 1, 1], [-17.0, 38.77, 2078.8], 1793.1775967999993], [[1, 1, 1, 1], [-17.0, 38.77, 2078.8], 1793.1775967999993], [[1, 1, 1, 1], [-17.0, 38.77, 2078.8], 1793.1775967999993], [[1, 1, 1, 1], [-17.0, 38.77, 2078.8], 1793.1775967999993], [[1, 1, 1, 1], [-17.0, 38.77, 2078.8], 1793.1775967999993], [[1, 1, 1, 1], [-17.0, 38.77, 2078.8], 1793.1775967999993], [[1, 1, 1, 1], [-17.0, 38.77, 2078.8], 1793.1775967999993], [[1, 1, 1, 1], [-17.0, 38.77, 2078.8], 1793.1775967999993]]"
1.0,26.79,373.4,-8.0,0.76,91.1,-17.0,38.48,2079.5,"[{""pair"": [0, 0, 0, 0], ""acc"": -17.0, ""vel"": 38.48, ""pos"": 2079.5, ""error"": 0}]","[[0, 0, 0, 0]]",[],"[[[0, 0, 0, 0], [-17.0, 38.48, 2079.5], 0]]"
1.0,26.8,373.9,-3.6,50.0,9.3,-17.0,38.19,2080.2,"[{""pair"": [0, 0, 0, 0], ""acc"": -17.0, ""vel"": 38.19, ""pos"": 2080.2, ""error"": 0}]","[[0, 0, 0, 0]]",[],"[[[0, 0, 0, 0], [-17.0, 38.19, 2080.2], 0]]"
1.0,26.82,374.4,8.0,50.0,2848.4,-17.0,37.92,2080.8,"[{""pair"": [0, 0, 0, 0], ""acc"": -17.0, ""vel"": 37.92, ""pos"": 2080.8, ""error"": 0}]","[[0, 0, 0, 0]]",[],"[[[0, 0, 0, 0], [-17.0, 37.92, 2080.8], 0]]"
1.0,26.83,374.8,8.0,10.01,2359.0,-17.0,37.63,2081.4,"[{""pair"": [0, 0, 0, 0], ""acc"": -17.0, ""vel"": 37.63, ""pos"": 2081.4, ""error"": 0}]","[[0, 0, 0, 0]]",[],"[[[0, 0, 0, 0], [-17.0, 37.63, 2081.4], 0]]"
1.0,26.85,375.2000000000001,-8.0,50.0,2587.3,-18.0,116.5,2587.3,"[{""pair"": [2, 2, 2, 2], ""acc"": -18.0, ""vel"": 116.5, ""pos"": 2587.3, ""error"": 584.4217464999999}, {""pair"": [2, 2, 2, 2], ""acc"": -18.0, ""vel"": 116.5, ""pos"": 2587.3, ""error"": 584.4217464999999}, {""pair"": [2, 2, 2, 2], ""acc"": -18.0, ""vel"": 116.5, ""pos"": 2587.3, ""error"": 584.4217464999999}, {""pair"": [2, 2, 2, 2], ""acc"": -18.0, ""vel"": 116.5, ""pos"": 2587.3, ""error"": 584.4217464999999}, {""pair"": [2, 2, 2, 2], ""acc"": -18.0, ""vel"": 116.5, ""pos"": 2587.3, ""error"": 584.4217464999999}, {""pair"": [2, 2, 2, 2], ""acc"": -18.0, ""vel"": 116.5, ""pos"": 2587.3, ""error"": 584.4217464999999}, {""pair"": [2, 2, 2, 2], ""acc"": -18.0, ""vel"": 116.5, ""pos"": 2587.3, ""error"": 584.4217464999999}, {""pair"": [2, 2, 2, 2], ""acc"": -18.0, ""vel"": 116.5, ""pos"": 2587.3, ""error"": 584.4217464999999}, {""pair"": [2, 2, 2, 2], ""acc"": -18.0, ""vel"": 116.5, ""pos"": 2587.3, ""error"": 584.4217464999999}, {""pair"": [2, 2, 2, 2], ""acc"": -18.0, ""vel"": 116.5, ""pos"": 2587.3, ""error"": 584.4217464999999}, {""pair"": [2, 2, 2, 2], ""acc"": -18.0, ""vel"": 116.5, ""pos"": 2587.3, ""error"": 584.4217464999999}, {""pair"": [2, 2, 2, 2], ""acc"": -18.0, ""vel"": 116.5, ""pos"": 2587.3, ""error"": 584.4217464999999}, {""pair"": [2, 2, 2, 2], ""acc"": -18.0, ""vel"": 116.5, ""pos"": 2587.3, ""error"": 584.4217464999999}, {""pair"": [2, 2, 2, 2], ""acc"": -18.0, ""vel"": 116.5, ""pos"": 2587.3, ""error"": 584.4217464999999}, {""pair"": [2, 2, 2, 2], ""acc"": -18.0, ""vel"": 116.5, ""pos"": 2587.3, ""error"": 584.4217464999999}, {""pair"": [2, 2, 2, 2], ""acc"": -18.0, ""vel"": 116.5, ""pos"": 2587.3, ""error"": 584.4217464999999}]","[[2, 2, 2, 2], [2, 2, 2, 2], [2, 2, 2, 2], [2, 2, 2, 2], [2, 2, 2, 2], [2, 2, 2, 2], [2, 2, 2, 2], [2, 2, 2, 2], [2, 2, 2, 2], [2, 2, 2, 2], [2, 2, 2, 2], [2, 2, 2, 2], [2, 2, 2, 2], [2, 2, 2, 2], [2, 2, 2, 2], [2, 2, 2, 2]]","[[{""pair"": [2, 2, 2, 2], ""acc"": -18.0, ""vel"": 116.5, ""pos"": 2587.3, ""error"": 584.4217464999999}], [{""pair"": [2, 2, 2, 2], ""acc"": -18.0, ""vel"": 116.5, ""pos"": 2587.3, ""error"": 584.4217464999999}], [{""pair"": [2, 2, 2, 2], ""acc"": -18.0, ""vel"": 116.5, ""pos"": 2587.3, ""error"": 584.4217464999999}], [{""pair"": [2, 2, 2, 2], ""acc"": -18.0, ""vel"": 116.5, ""pos"": 2587.3, ""error"": 584.4217464999999}], [{""pair"": [2, 2, 2, 2], ""acc"": -18.0, ""vel"": 116.5, ""pos"": 2587.3, ""error"": 584.4217464999999}], [{""pair"": [2, 2, 2, 2], ""acc"": -18.0, ""vel"": 116.5, ""pos"": 2587.3, ""error"": 584.4217464999999}], [{""pair"": [2, 2, 2, 2], ""acc"": -18.0, ""vel"": 116.5, ""pos"": 2587.3, ""error"": 584.4217464999999}], [{""pair"": [2, 2, 2, 2], ""acc"": -18.0, ""vel"": 116.5, ""pos"": 2587.3, ""error"": 584.4217464999999}], [{""pair"": [2, 2, 2, 2], ""acc"": -18.0, ""vel"": 116.5, ""pos"": 2587.3, ""error"": 584.4217464999999}], [{""pair"": [2, 2, 2, 2], ""acc"": -18.0, ""vel"": 116.5, ""pos"": 2587.3, ""error"": 584.4217464999999}], [{""pair"": [2, 2, 2, 2], ""acc"": -18.0, ""vel"": 116.5, ""pos"": 2587.3, ""error"": 584.4217464999999}], [{""pair"": [2, 2, 2, 2], ""acc"": -18.0, ""vel"": 116.5, ""pos"": 2587.3, ""error"": 584.4217464999999}], [{""pair"": [2, 2, 2, 2], ""acc"": -18.0, ""vel"": 116.5, ""pos"": 2587.3, ""error"": 584.4217464999999}], [{""pair"": [2, 2, 2, 2], ""acc"": -18.0, ""vel"": 116.5, ""pos"": 2587.3, ""error"": 584.4217464999999}], [{""pair"": [2, 2, 2, 2], ""acc"": -18.0, ""vel"": 116.5, ""pos"": 2587.3, ""error"": 584.4217464999999}], [{""pair"": [2, 2, 2, 2], ""acc"": -18.0, ""vel"": 116.5, ""pos"": 2587.3, ""error"": 584.4217464999999}]]","[[[2, 2, 2, 2], [-18.0, 116.5, 2587.3], 584.4217464999999], [[2, 2, 2, 2], [-18.0, 116.5, 2587.3], 584.4217464999999], [[2, 2, 2, 2], [-18.0, 116.5, 2587.3], 584.4217464999999], [[2, 2, 2, 2], [-18.0, 116.5, 2587.3], 584.4217464999999], [[2, 2, 2, 2], [-18.0, 116.5, 2587.3], 584.4217464999999], [[2, 2, 2, 2], [-18.0, 116.5, 2587.3], 584.4217464999999], [[2, 2, 2, 2], [-18.0, 116.5, 2587.3], 584.4217464999999], [[2, 2, 2, 2], [-18.0, 116.5, 2587.3], 584.4217464999999], [[2, 2, 2, 2], [-18.0, 116.5, 2587.3], 584.4217464999999], [[2, 2, 2, 2], [-18.0, 116.5, 2587.3], 584.4217464999999], [[2, 2, 2, 2], [-18.0, 116.5, 2587.3], 584.4217464999999], [[2, 2, 2, 2], [-18.0, 116.5, 2587.3], 584.4217464999999], [[2, 2, 2, 2], [-18.0, 116.5, 2587.3], 584.4217464999999], [[2, 2, 2, 2], [-18.0, 116.5, 2587.3], 584.4217464999999], [[2, 2, 2, 2], [-18.0, 116.5, 2587.3], 584.4217464999999], [[2, 2, 2, 2], [-18.0, 116.5, 2587.3], 584.4217464999999]]"
1.0,26.87,375.7000000000001,-8.0,50.0,1379.5,-18.0,116.21,2589.2,"[{""pair"": [0, 0, 0, 0], ""acc"": -18.0, ""vel"": 116.21, ""pos"": 2589.2, ""error"": 0}]","[[0, 0, 0, 0]]",[],"[[[0, 0, 0, 0], [-18.0, 116.21, 2589.2], 0]]"
1.0,26.88,376.1,-8.0,50.0,718.9,-18.0,115.9,2591.2,"[{""pair"": [0, 0, 0, 0], ""acc"": -18.0, ""vel"": 115.9, ""pos"": 2591.2, ""error"": 0}]","[[0, 0, 0, 0]]",[],"[[[0, 0, 0, 0], [-18.0, 115.9, 2591.2], 0]]"
1.0,26.9,376.6,8.0,50.0,1620.7,-18.0,115.59,2593.2,"[{""pair"": [0, 0, 0, 0], ""acc"": -18.0, ""vel"": 115.59, ""pos"": 2593.2, ""error"": 0}]","[[0, 0, 0, 0]]",[],"[[[0, 0, 0, 0], [-18.0, 115.59, 2593.2], 0]]"
0.9,26.91,377.0,8.0,29.23,1243.9,-18.0,115.3,2595.0,"[{""pair"": [0, 0, 0, 0], ""acc"": -18.0, ""vel"": 115.3, ""pos"": 2595.0, ""error"": 0}]","[[0, 0, 0, 0]]",[],"[[[0, 0, 0, 0], [-18.0, 115.3, 2595.0], 0]]"
0.9,26.93,377.5,-8.0,18.36,517.3,-18.0,114.99,2597.0,"[{""pair"": [0, 0, 0, 0], ""acc"": -18.0, ""vel"": 114.99, ""pos"": 2597.0, ""error"": 0}]","[[0, 0, 0, 0]]",[],"[[[0, 0, 0, 0], [-18.0, 114.99, 2597.0], 0]]"
0.9,26.95,377.9,-8.0,50.0,840.3,-18.0,114.68,2599.0,"[{""pair"": [0, 0, 0, 0], ""acc"": -18.0, ""vel"": 114.68, ""pos"": 2599.0, ""error"": 0}]","[[0, 0, 0, 0]]",[],"[[[0, 0, 0, 0], [-18.0, 114.68, 2599.0], 0]]"
0.9,26.96,378.4,-3.4,50.0,373.1,-3.4,162.75,373.1,"[{""pair"": [3, 4, 2, 9], ""acc"": -3.4, ""vel"": 162.75, ""pos"": 373.1, ""error"": 2276.090575999995}, {""pair"": [2, 4, 2, 9], ""acc"": -3.4, ""vel"": 162.75, ""pos"": 373.1, ""error"": 2276.090575999995}]","[[3, 4, 2, 9], [2, 4, 2, 9]]","[[{""pair"": [3, 4, 2, 9], ""acc"": -3.4, ""vel"": 162.75, ""pos"": 373.1, ""error"": 2276.090575999995}], [{""pair"": [2, 4, 2, 9], ""acc"": -3.4, ""vel"": 162.75, ""pos"": 373.1, ""error"": 2276.090575999995}]]","[[[3, 4, 2, 9], [-3.4, 162.75, 373.1], 2276.090575999995], [[2, 4, 2, 9], [-3.4, 162.75, 373.1], 2276.090575999995]]"
0.9,26.98,378.8,6.3,50.0,2448.1,-3.4,162.69,375.9,"[{""pair"": [0, 0, 0, 0], ""acc"": -3.4, ""vel"": 162.69, ""pos"": 375.9, ""error"": 0}]","[[0, 0, 0, 0]]",[],"[[[0, 0, 0, 0], [-3.4, 162.69, 375.9], 0]]"
0.9,26.99,379.3,8.0,50.0,33.1,-3.4,162.63,378.7,"[{""pair"": [0, 0, 0, 0], ""acc"": -3.4, ""vel"": 162.63, ""pos"": 378.7, ""error"": 0}]","[[0, 0, 0, 0]]",[],"[[[0, 0, 0, 0], [-3.4, 162.63, 378.7], 0]]"
0.9,27.01,379.7000000000001,8.0,50.0,1490.4,-3.4,162.58,381.3,"[{""pair"": [0, 0, 0, 0], ""acc"": -3.4, ""vel"": 162.58, ""pos"": 381.3, ""error"": 0}]","[[0, 0, 0, 0]]",[],"[[[0, 0, 0, 0], [-3.4, 162.58, 381.3], 0]]"
0.9,27.02,380.2000000000001,0.1,50.0,1197.6,-3.4,162.52,384.1,"[{""pair"": [0, 0, 0, 0], ""acc"": -3.4, ""vel"": 162.52, ""pos"": 384.1, ""error"": 0}]","[[0, 0, 0, 0]]",[],"[[[0, 0, 0, 0], [-3.4, 162.52, 384.1], 0]]"
0.9,27.04,380.6,8.0,50.0,3062.9,-3.4,162.46,386.9,"[{""pair"": [0, 0, 0, 0], ""acc"": -3.4, ""vel"": 162.46, ""pos"": 386.9, ""error"": 0}]","[[0, 0, 0, 0]]",[],"[[[0, 0, 0, 0], [-3.4, 162.46, 386.9], 0]]"
0.9,27.05,381.1,-8.0,50.0,387.3,-3.4,162.41,389.5,"[{""pair"": [0, 0, 0, 0], ""acc"": -3.4, ""vel"": 162.41, ""pos"": 389.5, ""error"": 0}]","[[0, 0, 0, 0]]",[],"[[[0, 0, 0, 0], [-3.4, 162.41, 389.5], 0]]"
0.9,27.07,381.5,-8.0,18.47,252.0,-3.4,162.35,392.3,"[{""pair"": [0, 0, 0, 0], ""acc"": -3.4, ""vel"": 162.35, ""pos"": 392.3, ""error"": 0}]","[[0, 0, 0, 0]]",[],"[[[0, 0, 0, 0], [-3.4, 162.35, 392.3], 0]]"
0.9,27.08,382.0,-8.0,50.0,3210.1,-3.4,162.29,395.1,"[{""pair"": [0, 0, 0, 0], ""acc"": -3.4, ""vel"": 162.29, ""pos"": 395.1, ""error"": 0}]","[[0, 0, 0, 0]]",[],"[[[0, 0, 0, 0], [-3.4, 162.29, 395.1], 0]]"
0.9,27.1,382.4,-8.0,50.0,151.1,-3.4,162.24,397.7,"[{""pair"": [0, 0, 0, 0], ""acc"": -3.4, ""vel"": 162.24, ""pos"": 397.7, ""error"": 0}]","[[0, 0, 0, 0]]",[],"[[[0, 0, 0, 0], [-3.4, 162.24, 397.7], 0]]"
0.9,27.11,382.9,-8.0,14.58,2543.3,-3.4,162.18,400.5,"[{""pair"": [0, 0, 0, 0], ""acc"": -3.4, ""vel"": 162.18, ""pos"": 400.5, ""error"": 0}]","[[0, 0, 0, 0]]",[],"[[[0, 0, 0, 0], [-3.4, 162.18, 400.5], 0]]"
0.9,27.13,383.3,-8.0,40.53,625.5,-3.4,162.12,403.3,"[{""pair"": [0, 0, 0, 0], ""acc"": -3.4, ""vel"": 162.12, ""pos"": 403.3, ""error"": 0}]","[[0, 0, 0, 0]]",[],"[[[0, 0, 0, 0], [-3.4, 162.12, 403.3], 0]]"
0.9,27.14,383.8,-8.0,50.0,928.4,-3.4,162.07,405.9,"[{""pair"": [0, 0, 0, 0], ""acc"": -3.4, ""vel"": 162.07, ""pos"": 405.9, ""error"": 0}]","[[0, 0, 0, 0]]",[],"[[[0, 0, 0, 0], [-3.4, 162.07, 405.9], 0]]"
0.9,27.16,384.2000000000001,8.0,50.0,383.1,-3.4,162.01,408.7,"[{""pair"": [0, 0, 0, 0], ""acc"": -3.4, ""vel"": 162.01, ""pos"": 408.7, ""error"": 0}]","[[0, 0, 0, 0]]",[],"[[[0, 0, 0, 0], [-3.4, 162.01, 408.7], 0]]"
0.9,27.17,384.7000000000001,8.0,9.56,183.0,-3.4,161.9,414.0,"[{""pair"": [0, 0, 0, 0], ""acc"": -3.4, ""vel"": 161.9, ""pos"": 414.0, ""error"": 0}]","[[0, 0, 0, 0]]",[],"[[[0, 0, 0, 0], [-3.4, 161.9, 414.0], 0]]"
0.9,27.2,385.6,-8.0,50.0,1846.5,-3.4,161.84,416.8,"[{""pair"": [0, 0, 0, 0], ""acc"": -3.4, ""vel"": 161.84, ""pos"": 416.8, ""error"": 0}]","[[0, 0, 0, 0]]",[],"[[[0, 0, 0, 0], [-3.4, 161.84, 416.8], 0]]"
0.9,27.21,386.1,-8.0,18.05,1896.3,-3.4,161.78,419.6,"[{""pair"": [0, 0, 0, 0], ""acc"": -3.4, ""vel"": 161.78, ""pos"": 419.6, ""error"": 0}]","[[0, 0, 0, 0]]",[],"[[[0, 0, 0, 0], [-3.4, 161.78, 419.6], 0]]"
0.9,27.23,386.5,-8.0,16.83,811.1,-3.4,161.73,422.2,"[{""pair"": [0, 0, 0, 0], ""acc"": -3.4, ""vel"": 161.73, ""pos"": 422.2, ""error"": 0}]","[[0, 0, 0, 0]]",[],"[[[0, 0, 0, 0], [-3.4, 161.73, 422.2], 0]]"
0.9,27.24,387.0,-0.2,50.0,157.0,-3.4,161.67,424.9,"[{""pair"": [0, 0, 0, 0], ""acc"": -3.4, ""vel"": 161.67, ""pos"": 424.9, ""error"": 0}]","[[0, 0, 0, 0]]",[],"[[[0, 0, 0, 0], [-3.4, 161.67, 424.9], 0]]"
0.9,27.26,387.4,-8.0,50.0,519.1,-3.4,161.61,427.6,"[{""pair"": [0, 0, 0, 0], ""acc"": -3.4, ""vel"": 161.61, ""pos"": 427.6, ""error"": 0}]","[[0, 0, 0, 0]]",[],"[[[0, 0, 0, 0], [-3.4, 161.61, 427.6], 0]]"
0.9,27.27,387.9,5.6,9.07,2795.3,-3.4,161.56,430.2,"[{""pair"": [0, 0, 0, 0], ""acc"": -3.4, ""vel"": 161.56, ""pos"": 430.2, ""error"": 0}]","[[0, 0, 0, 0]]",[],"[[[0, 0, 0, 0], [-3.4, 161.56, 430.2], 0]]"
0.9,27.29,388.3,-3.8,50.0,1776.6,-3.4,161.5,432.9,"[{""pair"": [0, 0, 0, 0], ""acc"": -3.4, ""vel"": 161.5, ""pos"": 432.9, ""error"": 0}]","[[0, 0, 0, 0]]",[],"[[[0, 0, 0, 0], [-3.4, 161.5, 432.9], 0]]"
0.9,27.3,388.8,-4.4,50.0,1997.4,-3.4,161.44,435.6,"[{""pair"": [0, 0, 0, 0], ""acc"": -3.4, ""vel"": 161.44, ""pos"": 435.6, ""error"": 0}]","[[0, 0, 0, 0]]",[],"[[[0, 0, 0, 0], [-3.4, 161.44, 435.6], 0]]"
0.9,27.31,389.2000000000001,2.2,47.66,4.6,-3.4,161.39,438.2,"[{""pair"": [0, 0, 0, 0], ""acc"": -3.4, ""vel"": 161.39, ""pos"": 438.2, ""error"": 0}]","[[0, 0, 0, 0]]",[],"[[[0, 0, 0, 0], [-3.4, 161.39, 438.2], 0]]"
0.9,27.33,389.7000000000001,8.0,43.84,460.3,13.8,43.84,460.3,"[{""pair"": [1, 1, 1, 1], ""acc"": 13.8, ""vel"": 43.84, ""pos"": 460.3, ""error"": 136.84906130000073}, {""pair"": [1, 1, 1, 1], ""acc"": 13.8, ""vel"": 43.84, ""pos"": 460.3, ""error"": 136.84906130000073}, {""pair"": [1, 1, 1, 1], ""acc"": 13.8, ""vel"": 43.84, ""pos"": 460.3, ""error"": 136.84906130000073}, {""pair"": [1, 1, 1, 1], ""acc"": 13.8, ""vel"": 43.84, ""pos"": 460.3, ""error"": 136.84906130000073}, {""pair"": [1, 1, 1, 1], ""acc"": 13.8, ""vel"": 43.84, ""pos"": 460.3, ""error"": 136.84906130000073}, {""pair"": [1, 1, 1, 1], ""acc"": 13.8, ""vel"": 43.84, ""pos"": 460.3, ""error"": 136.84906130000073}, {""pair"": [1, 1, 1, 1], ""acc"": 13.8, ""vel"": 43.84, ""pos"": 460.3, ""error"": 136.84906130000073}, {""pair"": [1, 1, 1, 1], ""acc"": 13.8, ""vel"": 43.84, ""pos"": 460.3, ""error"": 136.84906130000073}, {""pair"": [1, 1, 1, 1], ""acc"": 13.8, ""vel"": 43.84, ""pos"": 460.3, ""error"": 136.84906130000073}, {""pair"": [1, 1, 1, 1], ""acc"": 13.8, ""vel"": 43.84, ""pos"": 460.3, ""error"": 136.84906130000073}, {""pair"": [1, 1, 1, 1], ""acc"": 13.8, ""vel"": 43.84, ""pos"": 460.3, ""error"": 136.84906130000073}, {""pair"": [1, 1, 1, 1], ""acc"": 13.8, ""vel"": 43.84, ""pos"": 460.3, ""error"": 136.84906130000073}, {""pair"": [1, 1, 1, 1], ""acc"": 13.8, ""vel"": 43.84, ""pos"": 460.3, ""error"": 136.84906130000073}, {""pair"": [1, 1, 1, 1], ""acc"": 13.8, ""vel"": 43.84, ""pos"": 460.3, ""error"": 136.84906130000073}, {""pair"": [1, 1, 1, 1], ""acc"": 13.8, ""vel"": 43.84, ""pos"": 460.3, ""error"": 136.84906130000073}, {""pair"": [1, 1, 1, 1], ""acc"": 13.8, ""vel"": 43.84, ""pos"": 460.3, ""error"": 136.84906130000073}]","[[1, 1, 1, 1], [1, 1, 1, 1], [1, 1, 1, 1], [1, 1, 1, 1], [1, 1, 1, 1], [1, 1, 1, 1], [1, 1, 1, 1], [1, 1, 1, 1], [1, 1, 1, 1], [1, 1, 1, 1], [1, 1, 1, 1], [1, 1, 1, 1], [1, 1, 1, 1], [1, 1, 1, 1], [1, 1, 1, 1], [1, 1, 1, 1]]","[[{""pair"": [1, 1, 1, 1], ""acc"": 13.8, ""vel"": 43.84, ""pos"": 460.3, ""error"": 136.84906130000073}], [{""pair"": [1, 1, 1, 1], ""acc"": 13.8, ""vel"": 43.84, ""pos"": 460.3, ""error"": 136.84906130000073}], [{""pair"": [1, 1, 1, 1], ""acc"": 13.8, ""vel"": 43.84, ""pos"": 460.3, ""error"": 136.84906130000073}], [{""pair"": [1, 1, 1, 1], ""acc"": 13.8, ""vel"": 43.84, ""pos"": 460.3, ""error"": 136.84906130000073}], [{""pair"": [1, 1, 1, 1], ""acc"": 13.8, ""vel"": 43.84, ""pos"": 460.3, ""error"": 136.84906130000073}], [{""pair"": [1, 1, 1, 1], ""acc"": 13.8, ""vel"": 43.84, ""pos"": 460.3, ""error"": 136.84906130000073}], [{""pair"": [1, 1, 1, 1], ""acc"": 13.8, ""vel"": 43.84, ""pos"": 460.3, ""error"": 136.84906130000073}], [{""pair"": [1, 1, 1, 1], ""acc"": 13.8, ""vel"": 43.84, ""pos"": 460.3, ""error"": 136.84906130000073}], [{""pair"": [1, 1, 1, 1], ""acc"": 13.8, ""vel"": 43.84, ""pos"": 460.3, ""error"": 136.84906130000073}], [{""pair"": [1, 1, 1, 1], ""acc"": 13.8, ""vel"": 43.84, ""pos"": 460.3, ""error"": 136.84906130000073}], [{""pair"": [1, 1, 1, 1], ""acc"": 13.8, ""vel"": 43.84, ""pos"": 460.3, ""error"": 136.84906130000073}], [{""pair"": [1, 1, 1, 1], ""acc"": 13.8, ""vel"": 43.84, ""pos"": 460.3, ""error"": 136.84906130000073}], [{""pair"": [1, 1, 1, 1], ""acc"": 13.8, ""vel"": 43.84, ""pos"": 460.3, ""error"": 136.84906130000073}], [{""pair"": [1, 1, 1, 1], ""acc"": 13.8, ""vel"": 43.84, ""pos"": 460.3, ""error"": 136.84906130000073}], [{""pair"": [1, 1, 1, 1], ""acc"": 13.8, ""vel"": 43.84, ""pos"": 460.3, ""error"": 136.84906130000073}], [{""pair"": [1, 1, 1, 1], ""acc"": 13.8, ""vel"": 43.84, ""pos"": 460.3, ""error"": 136.84906130000073}]]","[[[1, 1, 1, 1], [13.8, 43.84, 460.3], 136.84906130000073], [[1, 1, 1, 1], [13.8, 43.84, 460.3], 136.84906130000073], [[1, 1, 1, 1], [13.8, 43.84, 460.3], 136.84906130000073], [[1, 1, 1, 1], [13.8, 43.84, 460.3], 136.84906130000073], [[1, 1, 1, 1], [13.8, 43.84, 460.3], 136.84906130000073], [[1, 1, 1, 1], [13.8, 43.84, 460.3], 136.84906130000073], [[1, 1, 1, 1], [13.8, 43.84, 460.3], 136.84906130000073], [[1, 1, 1, 1], [13.8, 43.84, 460.3], 136.84906130000073], [[1, 1, 1, 1], [13.8, 43.84, 460.3], 136.84906130000073], [[1, 1, 1, 1], [13.8, 43.84, 460.3], 136.84906130000073], [[1, 1, 1, 1], [13.8, 43.84, 460.3], 136.84906130000073], [[1, 1, 1, 1], [13.8, 43.84, 460.3], 136.84906130000073], [[1, 1, 1, 1], [13.8, 43.84, 460.3], 136.84906130000073], [[1, 1, 1, 1], [13.8, 43.84, 460.3], 136.84906130000073], [[1, 1, 1, 1], [13.8, 43.84, 460.3], 136.84906130000073], [[1, 1, 1, 1], [13.8, 43.84, 460.3], 136.84906130000073]]"
0.9,27.34,390.2000000000001,-5.1,50.0,2614.5,13.8,44.07,461.0,"[{""pair"": [0, 0, 0, 0], ""acc"": 13.8, ""vel"": 44.07, ""pos"": 461.0, ""error"": 0}]","[[0, 0, 0, 0]]",[],"[[[0, 0, 0, 0], [13.8, 44.07, 461.0], 0]]"
0.9,27.36,390.6,-8.0,34.34,649.5,13.8,44.29,461.7,"[{""pair"": [0, 0, 0, 0], ""acc"": 13.8, ""vel"": 44.29, ""pos"": 461.7, ""error"": 0}]","[[0, 0, 0, 0]]",[],"[[[0, 0, 0, 0], [13.8, 44.29, 461.7], 0]]"
0.9,27.39,391.1,2.6,50.0,1958.0,13.8,44.52,462.5,"[{""pair"": [0, 0, 0, 0], ""acc"": 13.8, ""vel"": 44.52, ""pos"": 462.5, ""error"": 0}]","[[0, 0, 0, 0]]",[],"[[[0, 0, 0, 0], [13.8, 44.52, 462.5], 0]]"
0.9,27.4,391.5,8.0,50.0,615.2,13.8,44.75,463.3,"[{""pair"": [0, 0, 0, 0], ""acc"": 13.8, ""vel"": 44.75, ""pos"": 463.3, ""error"": 0}]","[[0, 0, 0, 0]]",[],"[[[0, 0, 0, 0], [13.8, 44.75, 463.3], 0]]"
0.9,27.4,392.0,-5.2,50.0,1701.8,13.8,44.97,464.0,"[{""pair"": [0, 0, 0, 0], ""acc"": 13.8, ""vel"": 44.97, ""pos"": 464.0, ""error"": 0}]","[[0, 0, 0, 0]]",[],"[[[0, 0, 0, 0], [13.8, 44.97, 464.0], 0]]"
0.9,27.42,392.4,-8.0,45.15,785.7,-16.6,45.15,785.7,"[{""pair"": [2, 2, 2, 2], ""acc"": -16.6, ""vel"": 45.15, ""pos"": 785.7, ""error"": 320.9881159000002}, {""pair"": [2, 2, 2, 2], ""acc"": -16.6, ""vel"": 45.15, ""pos"": 785.7, ""error"": 320.9881159000002}, {""pair"": [2, 2, 2, 2], ""acc"": -16.6, ""vel"": 45.15, ""pos"": 785.7, ""error"": 320.9881159000002}, {""pair"": [2, 2, 2, 2], ""acc"": -16.6, ""vel"": 45.15, ""pos"": 785.7, ""error"": 320.9881159000002}, {""pair"": [2, 2, 2, 2], ""acc"": -16.6, ""vel"": 45.15, ""pos"": 785.7, ""error"": 320.9881159000002}, {""pair"": [2, 2, 2, 2], ""acc"": -16.6, ""vel"": 45.15, ""pos"": 785.7, ""error"": 320.9881159000002}, {""pair"": [2, 2, 2, 2], ""acc"": -16.6, ""vel"": 45.15, ""pos"": 785.7, ""error"": 320.9881159000002}, {""pair"": [2, 2, 2, 2], ""acc"": -16.6, ""vel"": 45.15, ""pos"": 785.7, ""error"": 320.9881159000002}, {""pair"": [2, 2, 2, 2], ""acc"": -16.6, ""vel"": 45.15, ""pos"": 785.7, ""error"": 320.9881159000002}, {""pair"": [2, 2, 2, 2], ""acc"": -16.6, ""vel"": 45.15, ""pos"": 785.7, ""error"": 320.9881159000002}, {""pair"": [2, 2, 2, 2], ""acc"": -16.6, ""vel"": 45.15, ""pos"": 785.7, ""error"": 320.9881159000002}, {""pair"": [2, 2, 2, 2], ""acc"": -16.6, ""vel"": 45.15, ""pos"": 785.7, ""error"": 320.9881159000002}, {""pair"": [2, 2, 2, 2], ""acc"": -16.6, ""vel"": 45.15, ""pos"": 785.7, ""error"": 320.9881159000002}, {""pair"": [2, 2, 2, 2], ""acc"": -16.6, ""vel"": 45.15, ""pos"": 785.7, ""error"": 320.9881159000002}, {""pair"": [2, 2, 2, 2], ""acc"": -16.6, ""vel"": 45.15, ""pos"": 785.7, ""error"": 320.9881159000002}, {""pair"": [2, 2, 2, 2], ""acc"": -16.6, ""vel"": 45.15, ""pos"": 785.7, ""error"": 320.9881159000002}]","[[2, 2, 2, 2], [2, 2, 2, 2], [2, 2, 2, 2], [2, 2, 2, 2], [2, 2, 2, 2], [2, 2, 2, 2], [2, 2, 2, 2], [2, 2, 2, 2], [2, 2, 2, 2], [2, 2, 2, 2], [2, 2, 2, 2], [2, 2, 2, 2], [2, 2, 2, 2], [2, 2, 2, 2], [2, 2, 2, 2], [2, 2, 2, 2]]","[[{""pair"": [2, 2, 2, 2], ""acc"": -16.6, ""vel"": 45.15, ""pos"": 785.7, ""error"": 320.9881159000002}], [{""pair"": [2, 2, 2, 2], ""acc"": -16.6, ""vel"": 45.15, ""pos"": 785.7, ""error"": 320.9881159000002}], [{""pair"": [2, 2, 2, 2], ""acc"": -16.6, ""vel"": 45.15, ""pos"": 785.7, ""error"": 320.9881159000002}], [{""pair"": [2, 2, 2, 2], ""acc"": -16.6, ""vel"": 45.15, ""pos"": 785.7, ""error"": 320.9881159000002}], [{""pair"": [2, 2, 2, 2], ""acc"": -16.6, ""vel"": 45.15, ""pos"": 785.7, ""error"": 320.9881159000002}], [{""pair"": [2, 2, 2, 2], ""acc"": -16.6, ""vel"": 45.15, ""pos"": 785.7, ""error"": 320.9881159000002}], [{""pair"": [2, 2, 2, 2], ""acc"": -16.6, ""vel"": 45.15, ""pos"": 785.7, ""error"": 320.9881159000002}], [{""pair"": [2, 2, 2, 2], ""acc"": -16.6, ""vel"": 45.15, ""pos"": 785.7, ""error"": 320.9881159000002}], [{""pair"": [2, 2, 2, 2], ""acc"": -16.6, ""vel"": 45.15, ""pos"": 785.7, ""error"": 320.9881159000002}], [{""pair"": [2, 2, 2, 2], ""acc"": -16.6, ""vel"": 45.15, ""pos"": 785.7, ""error"": 320.9881159000002}], [{""pair"": [2, 2, 2, 2], ""acc"": -16.6, ""vel"": 45.15, ""pos"": 785.7, ""error"": 320.9881159000002}], [{""pair"": [2, 2, 2, 2], ""acc"": -16.6, ""vel"": 45.15, ""pos"": 785.7, ""error"": 320.9881159000002}], [{""pair"": [2, 2, 2, 2], ""acc"": -16.6, ""vel"": 45.15, ""pos"": 785.7, ""error"": 320.9881159000002}], [{""pair"": [2, 2, 2, 2], ""acc"": -16.6, ""vel"": 45.15, ""pos"": 785.7, ""error"": 320.9881159000002}], [{""pair"": [2, 2, 2, 2], ""acc"": -16.6, ""vel"": 45.15, ""pos"": 785.7, ""error"": 320.9881159000002}], [{""pair"": [2, 2, 2, 2], ""acc"": -16.6, ""vel"": 45.15, ""pos"": 785.7, ""error"": 320.9881159000002}]]","[[[2, 2, 2, 2], [-16.6, 45.15, 785.7], 320.9881159000002], [[2, 2, 2, 2], [-16.6, 45.15, 785.7], 320.9881159000002], [[2, 2, 2, 2], [-16.6, 45.15, 785.7], 320.9881159000002], [[2, 2, 2, 2], [-16.6, 45.15, 785.7], 320.9881159000002], [[2, 2, 2, 2], [-16.6, 45.15, 785.7], 320.9881159000002], [[2, 2, 2, 2], [-16.6, 45.15, 785.7], 320.9881159000002], [[2, 2, 2, 2], [-16.6, 45.15, 785.7], 320.9881159000002], [[2, 2, 2, 2], [-16.6, 45.15, 785.7], 320.9881159000002], [[2, 2, 2, 2], [-16.6, 45.15, 785.7], 320.9881159000002], [[2, 2, 2, 2], [-16.6, 45.15, 785.7], 320.9881159000002], [[2, 2, 2, 2], [-16.6, 45.15, 785.7], 320.9881159000002], [[2, 2, 2, 2], [-16.6, 45.15, 785.7], 320.9881159000002], [[2, 2, 2, 2], [-16.6, 45.15, 785.7], 320.9881159000002], [[2, 2, 2, 2], [-16.6, 45.15, 785.7], 320.9881159000002], [[2, 2, 2, 2], [-16.6, 45.15, 785.7], 320.9881159000002], [[2, 2, 2, 2], [-16.6, 45.15, 785.7], 320.9881159000002]]"
0.9,27.43,392.9,-8.0,50.0,1215.6,-16.6,44.87,786.5,"[{""pair"": [0, 0, 0, 0], ""acc"": -16.6, ""vel"": 44.87, ""pos"": 786.5, ""error"": 0}]","[[0, 0, 0, 0]]",[],"[[[0, 0, 0, 0], [-16.6, 44.87, 786.5], 0]]"
0.9,27.44,393.4,-3.3,4.4,382.7,-16.6,44.6,787.2,"[{""pair"": [0, 0, 0, 0], ""acc"": -16.6, ""vel"": 44.6, ""pos"": 787.2, ""error"": 0}]","[[0, 0, 0, 0]]",[],"[[[0, 0, 0, 0], [-16.6, 44.6, 787.2], 0]]"
0.9,27.46,393.8,8.0,50.0,701.9,-16.6,44.32,788.0,"[{""pair"": [0, 0, 0, 0], ""acc"": -16.6, ""vel"": 44.32, ""pos"": 788.0, ""error"": 0}]","[[0, 0, 0, 0]]",[],"[[[0, 0, 0, 0], [-16.6, 44.32, 788.0], 0]]"
0.9,27.47,394.3,-8.0,29.95,1243.9,-16.6,44.04,788.8,"[{""pair"": [0, 0, 0, 0], ""acc"": -16.6, ""vel"": 44.04, ""pos"": 788.8, ""error"": 0}]","[[0, 0, 0, 0]]",[],"[[[0, 0, 0, 0], [-16.6, 44.04, 788.8], 0]]"
0.9,27.49,394.7000000000001,8.0,50.0,1543.8,-16.6,43.77,789.5,"[{""pair"": [0, 0, 0, 0], ""acc"": -16.6, ""vel"": 43.77, ""pos"": 789.5, ""error"": 0}]","[[0, 0, 0, 0]]",[],"[[[0, 0, 0, 0], [-16.6, 43.77, 789.5], 0]]"
0.9,27.5,395.2000000000001,-8.0,50.0,1998.0,-16.6,43.49,790.2,"[{""pair"": [0, 0, 0, 0], ""acc"": -16.6, ""vel"": 43.49, ""pos"": 790.2, ""error"": 0}]","[[0, 0, 0, 0]]",[],"[[[0, 0, 0, 0], [-16.6, 43.49, 790.2], 0]]"
0.9,27.52,395.6,1.1,50.0,2388.4,-16.6,43.21,790.9,"[{""pair"": [0, 0, 0, 0], ""acc"": -16.6, ""vel"": 43.21, ""pos"": 790.9, ""error"": 0}]","[[0, 0, 0, 0]]",[],"[[[0, 0, 0, 0], [-16.6, 43.21, 790.9], 0]]"
0.9,27.53,396.1,-8.0,28.07,1972.6,-16.6,42.94,791.6,"[{""pair"": [0, 0, 0, 0], ""acc"": -16.6, ""vel"": 42.94, ""pos"": 791.6, ""error"": 0}]","[[0, 0, 0, 0]]",[],"[[[0, 0, 0, 0], [-16.6, 42.94, 791.6], 0]]"
0.9,27.55,396.5,8.0,50.0,1077.9,-16.6,42.66,792.3,"[{""pair"": [0, 0, 0, 0], ""acc"": -16.6, ""vel"": 42.66, ""pos"": 792.3, ""error"": 0}]","[[0, 0, 0, 0]]",[],"[[[0, 0, 0, 0], [-16.6, 42.66, 792.3], 0]]"
0.9,27.56,397.0,-8.0,50.0,3177.3,-16.6,42.38,793.0,"[{""pair"": [0, 0, 0, 0], ""acc"": -16.6, ""vel"": 42.38, ""pos"": 793.0, ""error"": 0}]","[[0, 0, 0, 0]]",[],"[[[0, 0, 0, 0], [-16.6, 42.38, 793.0], 0]]"
0.9,27.57,397.5,8.0,50.0,85.4,-16.6,42.11,793.7,"[{""pair"": [0, 0, 0, 0], ""acc"": -16.6, ""vel"": 42.11, ""pos"": 793.7, ""error"": 0}]","[[0, 0, 0, 0]]",[],"[[[0, 0, 0, 0], [-16.6, 42.11, 793.7], 0]]"
0.9,27.59,397.9,-8.0,44.13,3118.9,-16.6,41.83,794.4,"[{""pair"": [0, 0, 0, 0], ""acc"": -16.6, ""vel"": 41.83, ""pos"": 794.4, ""error"": 0}]","[[0, 0, 0, 0]]",[],"[[[0, 0, 0, 0], [-16.6, 41.83, 794.4], 0]]"
0.9,27.6,398.4,6.5,50.0,1889.7,-16.6,41.55,795.1,"[{""pair"": [0, 0, 0, 0], ""acc"": -16.6, ""vel"": 41.55, ""pos"": 795.1, ""error"": 0}]","[[0, 0, 0, 0]]",[],"[[[0, 0, 0, 0], [-16.6, 41.55, 795.1], 0]]"
0.9,27.62,398.9,5.9,50.0,2975.8,-16.6,41.28,795.8,"[{""pair"": [0, 0, 0, 0], ""acc"": -16.6, ""vel"": 41.28, ""pos"": 795.8, ""error"": 0}]","[[0, 0, 0, 0]]",[],"[[[0, 0, 0, 0], [-16.6, 41.28, 795.8], 0]]"
0.9,27.63,399.3,-8.0,50.0,2806.6,-16.6,41.0,796.5,"[{""pair"": [0, 0, 0, 0], ""acc"": -16.6, ""vel"": 41.0, ""pos"": 796.5, ""error"": 0}]","[[0, 0, 0, 0]]",[],"[[[0, 0, 0, 0], [-16.6, 41.0, 796.5], 0]]"
0.9,27.64,399.8,8.0,50.0,1896.0,-16.6,40.72,797.2,"[{""pair"": [0, 0, 0, 0], ""acc"": -16.6, ""vel"": 40.72, ""pos"": 797.2, ""error"": 0}]","[[0, 0, 0, 0]]",[],"[[[0, 0, 0, 0], [-16.6, 40.72, 797.2], 0]]"
0.9,27.66,400.2000000000001,8.0,50.0,2144.9,-16.6,40.45,797.8,"[{""pair"": [0, 0, 0, 0], ""acc"": -16.6, ""vel"": 40.45, ""pos"": 797.8, ""error"": 0}]","[[0, 0, 0, 0]]",[],"[[[0, 0, 0, 0], [-16.6, 40.45, 797.8], 0]]"
0.9,27.67,400.7000000000001,-5.3,25.56,1749.4,-5.3,25.56,1749.4,"[{""pair"": [2, 2, 2, 2], ""acc"": -5.3, ""vel"": 25.56, ""pos"": 1749.4, ""error"": 965.5225487000004}, {""pair"": [2, 2, 2, 2], ""acc"": -5.3, ""vel"": 25.56, ""pos"": 1749.4, ""error"": 965.5225487000004}, {""pair"": [2, 2, 2, 2], ""acc"": -5.3, ""vel"": 25.56, ""pos"": 1749.4, ""error"": 965.5225487000004}, {""pair"": [2, 2, 2, 2], ""acc"": -5.3, ""vel"": 25.56, ""pos"": 1749.4, ""error"": 965.5225487000004}, {""pair"": [2, 2, 2, 2], ""acc"": -5.3, ""vel"": 25.56, ""pos"": 1749.4, ""error"": 965.5225487000004}, {""pair"": [2, 2, 2, 2], ""acc"": -5.3, ""vel"": 25.56, ""pos"": 1749.4, ""error"": 965.5225487000004}, {""pair"": [2, 2, 2, 2], ""acc"": -5.3, ""vel"": 25.56, ""pos"": 1749.4, ""error"": 965.5225487000004}, {""pair"": [2, 2, 2, 2], ""acc"": -5.3, ""vel"": 25.56, ""pos"": 1749.4, ""error"": 965.5225487000004}, {""pair"": [2, 2, 2, 2], ""acc"": -5.3, ""vel"": 25.56, ""pos"": 1749.4, ""error"": 965.5225487000004}, {""pair"": [2, 2, 2, 2], ""acc"": -5.3, ""vel"": 25.56, ""pos"": 1749.4, ""error"": 965.5225487000004}, {""pair"": [2, 2, 2, 2], ""acc"": -5.3, ""vel"": 25.56, ""pos"": 1749.4, ""error"": 965.5225487000004}, {""pair"": [2, 2, 2, 2], ""acc"": -5.3, ""vel"": 25.56, ""pos"": 1749.4, ""error"": 965.5225487000004}, {""pair"": [2, 2, 2, 2], ""acc"": -5.3, ""vel"": 25.56, ""pos"": 1749.4, ""error"": 965.5225487000004}, {""pair"": [2, 2, 2, 2], ""acc"": -5.3, ""vel"": 25.56, ""pos"": 1749.4, ""error"": 965.5225487000004}, {""pair"": [2, 2, 2, 2], ""acc"": -5.3, ""vel"": 25.56, ""pos"": 1749.4, ""error"": 965.5225487000004}, {""pair"": [2, 2, 2, 2], ""acc"": -5.3, ""vel"": 25.56, ""pos"": 1749.4, ""error"": 965.5225487000004}]","[[2, 2, 2, 2], [2, 2, 2, 2], [2, 2, 2, 2], [2, 2, 2, 2], [2, 2, 2, 2], [2, 2, 2, 2], [2, 2, 2, 2], [2, 2, 2, 2], [2, 2, 2, 2], [2, 2, 2, 2], [2, 2, 2, 2], [2, 2, 2, 2], [2, 2, 2, 2], [2, 2, 2, 2], [2, 2, 2, 2], [2, 2, 2, 2]]","[[{""pair"": [2, 2, 2, 2], ""acc"": -5.3, ""vel"": 25.56, ""pos"": 1749.4, ""error"": 965.5225487000004}], [{""pair"": [2, 2, 2, 2], ""acc"": -5.3, ""vel"": 25.56, ""pos"": 1749.4, ""error"": 965.5225487000004}], [{""pair"": [2, 2, 2, 2], ""acc"": -5.3, ""vel"": 25.56, ""pos"": 1749.4, ""error"": 965.5225487000004}], [{""pair"": [2, 2, 2, 2], ""acc"": -5.3, ""vel"": 25.56, ""pos"": 1749.4, ""error"": 965.5225487000004}], [{""pair"": [2, 2, 2, 2], ""acc"": -5.3, ""vel"": 25.56, ""pos"": 1749.4, ""error"": 965.5225487000004}], [{""pair"": [2, 2, 2, 2], ""acc"": -5.3, ""vel"": 25.56, ""pos"": 1749.4, ""error"": 965.5225487000004}], [{""pair"": [2, 2, 2, 2], ""acc"": -5.3, ""vel"": 25.56, ""pos"": 1749.4, ""error"": 965.5225487000004}], [{""pair"": [2, 2, 2, 2], ""acc"": -5.3, ""vel"": 25.56, ""pos"": 1749.4, ""error"": 965.5225487000004}], [{""pair"": [2, 2, 2, 2], ""acc"": -5.3, ""vel"": 25.56, ""pos"": 1749.4, ""error"": 965.5225487000004}], [{""pair"": [2, 2, 2, 2], ""acc"": -5.3, ""vel"": 25.56, ""pos"": 1749.4, ""error"": 965.5225487000004}], [{""pair"": [2, 2, 2, 2], ""acc"": -5.3, ""vel"": 25.56, ""pos"": 1749.4, ""error"": 965.5225487000004}], [{""pair"": [2, 2, 2, 2], ""acc"": -5.3, ""vel"": 25.56, ""pos"": 1749.4, ""error"": 965.5225487000004}], [{""pair"": [2, 2, 2, 2], ""acc"": -5.3, ""vel"": 25.56, ""pos"": 1749.4, ""error"": 965.5225487000004}], [{""pair"": [2, 2, 2, 2], ""acc"": -5.3, ""vel"": 25.56, ""pos"": 1749.4, ""error"": 965.5225487000004}], [{""pair"": [2, 2, 2, 2], ""acc"": -5.3, ""vel"": 25.56, ""pos"": 1749.4, ""error"": 965.5225487000004}], [{""pair"": [2, 2, 2, 2], ""acc"": -5.3, ""vel"": 25.56, ""pos"": 1749.4, ""error"": 965.5225487000004}]]","[[[2, 2, 2, 2], [-5.3, 25.56, 1749.4], 965.5225487000004], [[2, 2, 2, 2], [-5.3, 25.56, 1749.4], 965.5225487000004], [[2, 2, 2, 2], [-5.3, 25.56, 1749.4], 965.5225487000004], [[2, 2, 2, 2], [-5.3, 25.56, 1749.4], 965.5225487000004], [[2, 2, 2, 2], [-5.3, 25.56, 1749.4], 965.5225487000004], [[2, 2, 2, 2], [-5.3, 25.56, 1749.4], 965.5225487000004], [[2, 2, 2, 2], [-5.3, 25.56, 1749.4], 965.5225487000004], [[2, 2, 2, 2], [-5.3, 25.56, 1749.4], 965.5225487000004], [[2, 2, 2, 2], [-5.3, 25.56, 1749.4], 965.5225487000004], [[2, 2, 2, 2], [-5.3, 25.56, 1749.4], 965.5225487000004], [[2, 2, 2, 2], [-5.3, 25.56, 1749.4], 965.5225487000004], [[2, 2, 2, 2], [-5.3, 25.56, 1749.4], 965.5225487000004], [[2, 2, 2, 2], [-5.3, 25.56, 1749.4], 965.5225487000004], [[2, 2, 2, 2], [-5.3, 25.56, 1749.4], 965.5225487000004], [[2, 2, 2, 2], [-5.3, 25.56, 1749.4], 965.5225487000004], [[2, 2, 2, 2], [-5.3, 25.56, 1749.4], 965.5225487000004]]"
0.9,27.69,401.2000000000001,8.0,18.63,2322.8,-5.3,25.47,1749.8,"[{""pair"": [0, 0, 0, 0], ""acc"": -5.3, ""vel"": 25.47, ""pos"": 1749.8, ""error"": 0}]","[[0, 0, 0, 0]]",[],"[[[0, 0, 0, 0], [-5.3, 25.47, 1749.8], 0]]"
0.9,27.7,401.6,0.8,50.0,238.0,-5.3,25.39,1750.2,"[{""pair"": [0, 0, 0, 0], ""acc"": -5.3, ""vel"": 25.39, ""pos"": 1750.2, ""error"": 0}]","[[0, 0, 0, 0]]",[],"[[[0, 0, 0, 0], [-5.3, 25.39, 1750.2], 0]]"
0.9,27.72,402.1,8.0,50.0,240.4,24.9,163.25,240.4,"[{""pair"": [2, 2, 2, 2], ""acc"": 24.9, ""vel"": 163.25, ""pos"": 240.4, ""error"": 1648.1809641499997}, {""pair"": [2, 2, 2, 2], ""acc"": 24.9, ""vel"": 163.25, ""pos"": 240.4, ""error"": 1648.1809641499997}, {""pair"": [2, 2, 2, 2], ""acc"": 24.9, ""vel"": 163.25, ""pos"": 240.4, ""error"": 1648.1809641499997}, {""pair"": [2, 2, 2, 2], ""acc"": 24.9, ""vel"": 163.25, ""pos"": 240.4, ""error"": 1648.1809641499997}, {""pair"": [2, 2, 2, 2], ""acc"": 24.9, ""vel"": 163.25, ""pos"": 240.4, ""error"": 1648.1809641499997}, {""pair"": [2, 2, 2, 2], ""acc"": 24.9, ""vel"": 163.25, ""pos"": 240.4, ""error"": 1648.1809641499997}, {""pair"": [2, 2, 2, 2], ""acc"": 24.9, ""vel"": 163.25, ""pos"": 240.4, ""error"": 1648.1809641499997}, {""pair"": [2, 2, 2, 2], ""acc"": 24.9, ""vel"": 163.25, ""pos"": 240.4, ""error"": 1648.1809641499997}, {""pair"": [2, 2, 2, 2], ""acc"": 24.9, ""vel"": 163.25, ""pos"": 240.4, ""error"": 1648.1809641499997}, {""pair"": [2, 2, 2, 2], ""acc"": 24.9, ""vel"": 163.25, ""pos"": 240.4, ""error"": 1648.1809641499997}, {""pair"": [2, 2, 2, 2], ""acc"": 24.9, ""vel"": 163.25, ""pos"": 240.4, ""error"": 1648.1809641499997}, {""pair"": [2, 2, 2, 2], ""acc"": 24.9, ""vel"": 163.25, ""pos"": 240.4, ""error"": 1648.1809641499997}, {""pair"": [2, 2, 2, 2], ""acc"": 24.9, ""vel"": 163.25, ""pos"": 240.4, ""error"": 1648.1809641499997}, {""pair"": [2, 2, 2, 2], ""acc"": 24.9, ""vel"": 163.25, ""pos"": 240.4, ""error"": 1648.1809641499997}, {""pair"": [2, 2, 2, 2], ""acc"": 24.9, ""vel"": 163.25, ""pos"": 240.4, ""error"": 1648.1809641499997}, {""pair"": [2, 2, 2, 2], ""acc"": 24.9, ""vel"": 163.25, ""pos"": 240.4, ""error"": 1648.1809641499997}]","[[2, 2, 2, 2], [2, 2, 2, 2], [2, 2, 2, 2], [2, 2, 2, 2], [2, 2, 2, 2], [2, 2, 2, 2], [2, 2, 2, 2], [2, 2, 2, 2], [2, 2, 2, 2], [2, 2, 2, 2], [2, 2, 2, 2], [2, 2, 2, 2], [2, 2, 2, 2], [2, 2, 2, 2], [2, 2, 2, 2], [2, 2, 2, 2]]","[[{""pair"": [2, 2, 2, 2], ""acc"": 24.9, ""vel"": 163.25, ""pos"": 240.4, ""error"": 1648.1809641499997}], [{""pair"": [2, 2, 2, 2], ""acc"": 24.9, ""vel"": 163.25, ""pos"": 240.4, ""error"": 1648.1809641499997}], [{""pair"": [2, 2, 2, 2], ""acc"": 24.9, ""vel"": 163.25, ""pos"": 240.4, ""error"": 1648.1809641499997}], [{""pair"": [2, 2, 2, 2], ""acc"": 24.9, ""vel"": 163.25, ""pos"": 240.4, ""error"": 1648.1809641499997}], [{""pair"": [2, 2, 2, 2], ""acc"": 24.9, ""vel"": 163.25, ""pos"": 240.4, ""error"": 1648.1809641499997}], [{""pair"": [2, 2, 2, 2], ""acc"": 24.9, ""vel"": 163.25, ""pos"": 240.4, ""error"": 1648.1809641499997}], [{""pair"": [2, 2, 2, 2], ""acc"": 24.9, ""vel"": 163.25, ""pos"": 240.4, ""error"": 1648.1809641499997}], [{""pair"": [2, 2, 2, 2], ""acc"": 24.9, ""vel"": 163.25, ""pos"": 240.4, ""error"": 1648.1809641499997}], [{""pair"": [2, 2, 2, 2], ""acc"": 24.9, ""vel"": 163.25, ""pos"": 240.4, ""error"": 1648.1809641499997}], [{""pair"": [2, 2, 2, 2], ""acc"": 24.9, ""vel"": 163.25, ""pos"": 240.4, ""error"": 1648.1809641499997}], [{""pair"": [2, 2, 2, 2], ""acc"": 24.9, ""vel"": 163.25, ""pos"": 240.4, ""error"": 1648.1809641499997}], [{""pair"": [2, 2, 2, 2], ""acc"": 24.9, ""vel"": 163.25, ""pos"": 240.4, ""error"": 1648.1809641499997}], [{""pair"": [2, 2, 2, 2], ""acc"": 24.9, ""vel"": 163.25, ""pos"": 240.4, ""error"": 1648.1809641499997}], [{""pair"": [2, 2, 2, 2], ""acc"": 24.9, ""vel"": 163.25, ""pos"": 240.4, ""error"": 1648.1809641499997}], [{""pair"": [2, 2, 2, 2], ""acc"": 24.9, ""vel"": 163.25, ""pos"": 240.4, ""error"": 1648.1809641499997}], [{""pair"": [2, 2, 2, 2], ""acc"": 24.9, ""vel"": 163.25, ""pos"": 240.4, ""error"": 1648.1809641499997}]]","[[[2, 2, 2, 2], [24.9, 163.25, 240.4], 1648.1809641499997], [[2, 2, 2, 2], [24.9, 163.25, 240.4], 1648.1809641499997], [[2, 2, 2, 2], [24.9, 163.25, 240.4], 1648.1809641499997], [[2, 2, 2, 2], [24.9, 163.25, 240.4], 1648.1809641499997], [[2, 2, 2, 2], [24.9, 163.25, 240.4], 1648.1809641499997], [[2, 2, 2, 2], [24.9, 163.25, 240.4], 1648.1809641499997], [[2, 2, 2, 2], [24.9, 163.25, 240.4], 1648.1809641499997], [[2, 2, 2, 2], [24.9, 163.25, 240.4], 1648.1809641499997], [[2, 2, 2, 2], [24.9, 163.25, 240.4], 1648.1809641499997], [[2, 2, 2, 2], [24.9, 163.25, 240.4], 1648.1809641499997], [[2, 2, 2, 2], [24.9, 163.25, 240.4], 1648.1809641499997], [[2, 2, 2, 2], [24.9, 163.25, 240.4], 1648.1809641499997], [[2, 2, 2, 2], [24.9, 163.25, 240.4], 1648.1809641499997], [[2, 2, 2, 2], [24.9, 163.25, 240.4], 1648.1809641499997], [[2, 2, 2, 2], [24.9, 163.25, 240.4], 1648.1809641499997], [[2, 2, 2, 2], [24.9, 163.25, 240.4], 1648.1809641499997]]"
0.9,27.73,402.5,8.0,50.0,1788.3,24.9,163.67,243.2,"[{""pair"": [0, 0, 0, 0], ""acc"": 24.9, ""vel"": 163.67, ""pos"": 243.2, ""error"": 0}]","[[0, 0, 0, 0]]",[],"[[[0, 0, 0, 0], [24.9, 163.67, 243.2], 0]]"
0.9,27.75,403.0,8.0,40.39,2574.1,24.9,164.07,245.8,"[{""pair"": [0, 0, 0, 0], ""acc"": 24.9, ""vel"": 164.07, ""pos"": 245.8, ""error"": 0}]","[[0, 0, 0, 0]]",[],"[[[0, 0, 0, 0], [24.9, 164.07, 245.8], 0]]"
0.9,27.76,403.5,-8.0,47.29,1053.7,24.9,164.49,248.6,"[{""pair"": [0, 0, 0, 0], ""acc"": 24.9, ""vel"": 164.49, ""pos"": 248.6, ""error"": 0}]","[[0, 0, 0, 0]]",[],"[[[0, 0, 0, 0], [24.9, 164.49, 248.6], 0]]"
0.9,27.77,403.9,-1.3,50.0,479.1,24.9,164.91,251.4,"[{""pair"": [0, 0, 0, 0], ""acc"": 24.9, ""vel"": 164.91, ""pos"": 251.4, ""error"": 0}]","[[0, 0, 0, 0]]",[],"[[[0, 0, 0, 0], [24.9, 164.91, 251.4], 0]]"
0.9,27.79,404.4,-8.0,50.0,1384.8,24.9,165.31,254.0,"[{""pair"": [0, 0, 0, 0], ""acc"": 24.9, ""vel"": 165.31, ""pos"": 254.0, ""error"": 0}]","[[0, 0, 0, 0]]",[],"[[[0, 0, 0, 0], [24.9, 165.31, 254.0], 0]]"
0.9,27.8,404.8,-1.4,50.0,2573.6,24.9,165.73,256.8,"[{""pair"": [0, 0, 0, 0], ""acc"": 24.9, ""vel"": 165.73, ""pos"": 256.8, ""error"": 0}]","[[0, 0, 0, 0]]",[],"[[[0, 0, 0, 0], [24.9, 165.73, 256.8], 0]]"
0.9,27.82,405.3,-8.0,50.0,2959.8,24.9,166.15,259.6,"[{""pair"": [0, 0, 0, 0], ""acc"": 24.9, ""vel"": 166.15, ""pos"": 259.6, ""error"": 0}]","[[0, 0, 0, 0]]",[],"[[[0, 0, 0, 0], [24.9, 166.15, 259.6], 0]]"
0.9,27.83,405.8,4.0,50.0,1540.0,24.9,166.55,262.3,"[{""pair"": [0, 0, 0, 0], ""acc"": 24.9, ""vel"": 166.55, ""pos"": 262.3, ""error"": 0}]","[[0, 0, 0, 0]]",[],"[[[0, 0, 0, 0], [24.9, 166.55, 262.3], 0]]"
0.9,27.85,406.2000000000001,-8.0,50.0,3222.9,24.9,166.97,265.1,"[{""pair"": [0, 0, 0, 0], ""acc"": 24.9, ""vel"": 166.97, ""pos"": 265.1, ""error"": 0}]","[[0, 0, 0, 0]]",[],"[[[0, 0, 0, 0], [24.9, 166.97, 265.1], 0]]"
0.9,27.86,406.7000000000001,4.3,6.5,3228.4,24.9,167.39,267.9,"[{""pair"": [0, 0, 0, 0], ""acc"": 24.9, ""vel"": 167.39, ""pos"": 267.9, ""error"": 0}]","[[0, 0, 0, 0]]",[],"[[[0, 0, 0, 0], [24.9, 167.39, 267.9], 0]]"
0.9,27.87,407.2000000000001,-4.6,50.0,3232.4,24.9,167.79,270.6,"[{""pair"": [0, 0, 0, 0], ""acc"": 24.9, ""vel"": 167.79, ""pos"": 270.6, ""error"": 0}]","[[0, 0, 0, 0]]",[],"[[[0, 0, 0, 0], [24.9, 167.79, 270.6], 0]]"
0.9,27.89,407.6,8.0,23.31,2939.5,24.9,168.21,273.5,"[{""pair"": [0, 0, 0, 0], ""acc"": 24.9, ""vel"": 168.21, ""pos"": 273.5, ""error"": 0}]","[[0, 0, 0, 0]]",[],"[[[0, 0, 0, 0], [24.9, 168.21, 273.5], 0]]"
0.9,27.9,408.1,8.0,34.71,1519.8,24.9,168.63,276.4,"[{""pair"": [0, 0, 0, 0], ""acc"": 24.9, ""vel"": 168.63, ""pos"": 276.4, ""error"": 0}]","[[0, 0, 0, 0]]",[],"[[[0, 0, 0, 0], [24.9, 168.63, 276.4], 0]]"
0.9,27.92,408.6,0.0,10.3,2263.6,24.9,169.03,279.1,"[{""pair"": [0, 0, 0, 0], ""acc"": 24.9, ""vel"": 169.03, ""pos"": 279.1, ""error"": 0}]","[[0, 0, 0, 0]]",[],"[[[0, 0, 0, 0], [24.9, 169.03, 279.1], 0]]"
0.9,27.93,409.0,-5.5,50.0,931.1,24.9,169.88,284.9,"[{""pair"": [0, 0, 0, 0], ""acc"": 24.9, ""vel"": 169.88, ""pos"": 284.9, ""error"": 0}]","[[0, 0, 0, 0]]",[],"[[[0, 0, 0, 0], [24.9, 169.88, 284.9], 0]]"
0.9,27.96,410.0,-0.8,3.82,404.0,24.9,170.28,287.6,"[{""pair"": [0, 0, 0, 0], ""acc"": 24.9, ""vel"": 170.28, ""pos"": 287.6, ""error"": 0}]","[[0, 0, 0, 0]]",[],"[[[0, 0, 0, 0], [24.9, 170.28, 287.6], 0]]"
0.9,27.98,410.4,8.0,50.0,1094.0,24.9,170.7,290.5,"[{""pair"": [0, 0, 0, 0], ""acc"": 24.9, ""vel"": 170.7, ""pos"": 290.5, ""error"": 0}]","[[0, 0, 0, 0]]",[],"[[[0, 0, 0, 0], [24.9, 170.7, 290.5], 0]]"
0.9,27.99,410.9,-8.0,50.0,394.1,24.9,171.12,293.4,"[{""pair"": [0, 0, 0, 0], ""acc"": 24.9, ""vel"": 171.12, ""pos"": 293.4, ""error"": 0}]","[[0, 0, 0, 0]]",[],"[[[0, 0, 0, 0], [24.9, 171.12, 293.4], 0]]"
0.9,28.0,411.4,-2.3,2.67,1979.6,-2.3,2.67,1979.6,"[{""pair"": [2, 2, 2, 2], ""acc"": -2.3, ""vel"": 2.67, ""pos"": 1979.6, ""error"": 1849.8111819499977}, {""pair"": [2, 2, 2, 2], ""acc"": -2.3, ""vel"": 2.67, ""pos"": 1979.6, ""error"": 1849.8111819499977}, {""pair"": [2, 2, 2, 2], ""acc"": -2.3, ""vel"": 2.67, ""pos"": 1979.6, ""error"": 1849.8111819499977}, {""pair"": [2, 2, 2, 2], ""acc"": -2.3, ""vel"": 2.67, ""pos"": 1979.6, ""error"": 1849.8111819499977}, {""pair"": [2, 2, 2, 2], ""acc"": -2.3, ""vel"": 2.67, ""pos"": 1979.6, ""error"": 1849.8111819499977}, {""pair"": [2, 2, 2, 2], ""acc"": -2.3, ""vel"": 2.67, ""pos"": 1979.6, ""error"": 1849.8111819499977}, {""pair"": [2, 2, 2, 2], ""acc"": -2.3, ""vel"": 2.67, ""pos"": 1979.6, ""error"": 1849.8111819499977}, {""pair"": [2, 2, 2, 2], ""acc"": -2.3, ""vel"": 2.67, ""pos"": 1979.6, ""error"": 1849.8111819499977}, {""pair"": [2, 2, 2, 2], ""acc"": -2.3, ""vel"": 2.67, ""pos"": 1979.6, ""error"": 1849.8111819499977}, {""pair"": [2, 2, 2, 2], ""acc"": -2.3, ""vel"": 2.67, ""pos"": 1979.6, ""error"": 1849.8111819499977}, {""pair"": [2, 2, 2, 2], ""acc"": -2.3, ""vel"": 2.67, ""pos"": 1979.6, ""error"": 1849.8111819499977}, {""pair"": [2, 2, 2, 2], ""acc"": -2.3, ""vel"": 2.67, ""pos"": 1979.6, ""error"": 1849.8111819499977}, {""pair"": [2, 2, 2, 2], ""acc"": -2.3, ""vel"": 2.67, ""pos"": 1979.6, ""error"": 1849.8111819499977}, {""pair"": [2, 2, 2, 2], ""acc"": -2.3, ""vel"": 2.67, ""pos"": 1979.6, ""error"": 1849.8111819499977}, {""pair"": [2, 2, 2, 2], ""acc"": -2.3, ""vel"": 2.67, ""pos"": 1979.6, ""error"": 1849.8111819499977}, {""pair"": [2, 2, 2, 2], ""acc"": -2.3, ""vel"": 2.67, ""pos"": 1979.6, ""error"": 1849.8111819499977}]","[[2, 2, 2, 2], [2, 2, 2, 2], [2, 2, 2, 2], [2, 2, 2, 2], [2, 2, 2, 2], [2, 2, 2, 2], [2, 2, 2, 2], [2, 2, 2, 2], [2, 2, 2, 2], [2, 2, 2, 2], [2, 2, 2, 2], [2, 2, 2, 2], [2, 2, 2, 2], [2, 2, 2, 2], [2, 2, 2, 2], [2, 2, 2, 2]]","[[{""pair"": [2, 2, 2, 2], ""acc"": -2.3, ""vel"": 2.67, ""pos"": 1979.6, ""error"": 1849.8111819499977}], [{""pair"": [2, 2, 2, 2], ""acc"": -2.3, ""vel"": 2.67, ""pos"": 1979.6, ""error"": 1849.8111819499977}], [{""pair"": [2, 2, 2, 2], ""acc"": -2.3, ""vel"": 2.67, ""pos"": 1979.6, ""error"": 1849.8111819499977}], [{""pair"": [2, 2, 2, 2], ""acc"": -2.3, ""vel"": 2.67, ""pos"": 1979.6, ""error"": 1849.8111819499977}], [{""pair"": [2, 2, 2, 2], ""acc"": -2.3, ""vel"": 2.67, ""pos"": 1979.6, ""error"": 1849.8111819499977}], [{""pair"": [2, 2, 2, 2], ""acc"": -2.3, ""vel"": 2.67, ""pos"": 1979.6, ""error"": 1849.8111819499977}], [{""pair"": [2, 2, 2, 2], ""acc"": -2.3, ""vel"": 2.67, ""pos"": 1979.6, ""error"": 1849.8111819499977}], [{""pair"": [2, 2, 2, 2], ""acc"": -2.3, ""vel"": 2.67, ""pos"": 1979.6, ""error"": 1849.8111819499977}], [{""pair"": [2, 2, 2, 2], ""acc"": -2.3, ""vel"": 2.67, ""pos"": 1979.6, ""error"": 1849.8111819499977}], [{""pair"": [2, 2, 2, 2], ""acc"": -2.3, ""vel"": 2.67, ""pos"": 1979.6, ""error"": 1849.8111819499977}], [{""pair"": [2, 2, 2, 2], ""acc"": -2.3, ""vel"": 2.67, ""pos"": 1979.6, ""error"": 1849.8111819499977}], [{""pair"": [2, 2, 2, 2], ""acc"": -2.3, ""vel"": 2.67, ""pos"": 1979.6, ""error"": 1849.8111819499977}], [{""pair"": [2, 2, 2, 2], ""acc"": -2.3, ""vel"": 2.67, ""pos"": 1979.6, ""error"": 1849.8111819499977}], [{""pair"": [2, 2, 2, 2], ""acc"": -2.3, ""vel"": 2.67, ""pos"": 1979.6, ""error"": 1849.8111819499977}], [{""pair"": [2, 2, 2, 2], ""acc"": -2.3, ""vel"": 2.67, ""pos"": 1979.6, ""error"": 1849.8111819499977}], [{""pair"": [2, 2, 2, 2], ""acc"": -2.3, ""vel"": 2.67, ""pos"": 1979.6, ""error"": 1849.8111819499977}]]","[[[2, 2, 2, 2], [-2.3, 2.67, 1979.6], 1849.8111819499977], [[2, 2, 2, 2], [-2.3, 2.67, 1979.6], 1849.8111819499977], [[2, 2, 2, 2], [-2.3, 2.67, 1979.6], 1849.8111819499977], [[2, 2, 2, 2], [-2.3, 2.67, 1979.6], 1849.8111819499977], [[2, 2, 2, 2], [-2.3, 2.67, 1979.6], 1849.8111819499977], [[2, 2, 2, 2], [-2.3, 2.67, 1979.6], 1849.8111819499977], [[2, 2, 2, 2], [-2.3, 2.67, 1979.6], 1849.8111819499977], [[2, 2, 2, 2], [-2.3, 2.67, 1979.6], 1849.8111819499977], [[2, 2, 2, 2], [-2.3, 2.67, 1979.6], 1849.8111819499977], [[2, 2, 2, 2], [-2.3, 2.67, 1979.6], 1849.8111819499977], [[2, 2, 2, 2], [-2.3, 2.67, 1979.6], 1849.8111819499977], [[2, 2, 2, 2], [-2.3, 2.67, 1979.6], 1849.8111819499977], [[2, 2, 2, 2], [-2.3, 2.67, 1979.6], 1849.8111819499977], [[2, 2, 2, 2], [-2.3, 2.67, 1979.6], 1849.8111819499977], [[2, 2, 2, 2], [-2.3, 2.67, 1979.6], 1849.8111819499977], [[2, 2, 2, 2], [-2.3, 2.67, 1979.6], 1849.8111819499977]]"
0.9,28.03,412.3,8.0,42.29,1947.0,-2.3,2.63,1979.6,"[{""pair"": [0, 0, 0, 0], ""acc"": -2.3, ""vel"": 2.63, ""pos"": 1979.6, ""error"": 0}]","[[0, 0, 0, 0]]",[],"[[[0, 0, 0, 0], [-2.3, 2.63, 1979.6], 0]]"
0.9,28.05,412.8,8.0,50.0,3190.5,-2.3,2.59,1979.6,"[{""pair"": [0, 0, 0, 0], ""acc"": -2.3, ""vel"": 2.59, ""pos"": 1979.6, ""error"": 0}]","[[0, 0, 0, 0]]",[],"[[[0, 0, 0, 0], [-2.3, 2.59, 1979.6], 0]]"
0.9,28.06,413.2000000000001,8.0,43.39,388.8,-2.3,2.55,1979.6,"[{""pair"": [0, 0, 0, 0], ""acc"": -2.3, ""vel"": 2.55, ""pos"": 1979.6, ""error"": 0}]","[[0, 0, 0, 0]]",[],"[[[0, 0, 0, 0], [-2.3, 2.55, 1979.6], 0]]"
0.9,28.08,413.7000000000001,8.0,6.4,159.2,-2.3,2.51,1979.6,"[{""pair"": [0, 0, 0, 0], ""acc"": -2.3, ""vel"": 2.51, ""pos"": 1979.6, ""error"": 0}]","[[0, 0, 0, 0]]",[],"[[[0, 0, 0, 0], [-2.3, 2.51, 1979.6], 0]]"
0.9,28.09,414.2000000000001,8.0,33.19,1938.4,11.6,33.19,1938.4,"[{""pair"": [2, 3, 2, 3], ""acc"": 11.6, ""vel"": 33.19, ""pos"": 1938.4, ""error"": 71.95666559999984}, {""pair"": [2, 3, 2, 3], ""acc"": 11.6, ""vel"": 33.19, ""pos"": 1938.4, ""error"": 71.95666559999984}, {""pair"": [2, 3, 2, 3], ""acc"": 11.6, ""vel"": 33.19, ""pos"": 1938.4, ""error"": 71.95666559999984}, {""pair"": [2, 3, 2, 3], ""acc"": 11.6, ""vel"": 33.19, ""pos"": 1938.4, ""error"": 71.95666559999984}, {""pair"": [2, 3, 2, 3], ""acc"": 11.6, ""vel"": 33.19, ""pos"": 1938.4, ""error"": 71.95666559999984}, {""pair"": [2, 3, 2, 3], ""acc"": 11.6, ""vel"": 33.19, ""pos"": 1938.4, ""error"": 71.95666559999984}, {""pair"": [2, 3, 2, 3], ""acc"": 11.6, ""vel"": 33.19, ""pos"": 1938.4, ""error"": 71.95666559999984}, {""pair"": [2, 3, 2, 3], ""acc"": 11.6, ""vel"": 33.19, ""pos"": 1938.4, ""error"": 71.95666559999984}, {""pair"": [2, 3, 2, 3], ""acc"": 11.6, ""vel"": 33.19, ""pos"": 1938.4, ""error"": 71.95666559999984}, {""pair"": [2, 3, 2, 3], ""acc"": 11.6, ""vel"": 33.19, ""pos"": 1938.4, ""error"": 71.95666559999984}, {""pair"": [2, 3, 2, 3], ""acc"": 11.6, ""vel"": 33.19, ""pos"": 1938.4, ""error"": 71.95666559999984}, {""pair"": [2, 3, 2, 3], ""acc"": 11.6, ""vel"": 33.19, ""pos"": 1938.4, ""error"": 71.95666559999984}, {""pair"": [2, 3, 2, 3], ""acc"": 11.6, ""vel"": 33.19, ""pos"": 1938.4, ""error"": 71.95666559999984}, {""pair"": [2, 3, 2, 3], ""acc"": 11.6, ""vel"": 33.19, ""pos"": 1938.4, ""error"": 71.95666559999984}, {""pair"": [2, 3, 2, 3], ""acc"": 11.6, ""vel"": 33.19, ""pos"": 1938.4, ""error"": 71.95666559999984}, {""pair"": [2, 3, 2, 3], ""acc"": 11.6, ""vel"": 33.19, ""pos"": 1938.4, ""error"": 71.95666559999984}]","[[2, 3, 2, 3], [2, 3, 2, 3], [2, 3, 2, 3], [2, 3, 2, 3], [2, 3, 2, 3], [2, 3, 2, 3], [2, 3, 2, 3], [2, 3, 2, 3], [2, 3, 2, 3], [2, 3, 2, 3], [2, 3, 2, 3], [2, 3, 2, 3], [2, 3, 2, 3], [2, 3, 2, 3], [2, 3, 2, 3], [2, 3, 2, 3]]","[[{""pair"": [2, 3, 2, 3], ""acc"": 11.6, ""vel"": 33.19, ""pos"": 1938.4, ""error"": 71.95666559999984}], [{""pair"": [2, 3, 2, 3], ""acc"": 11.6, ""vel"": 33.19, ""pos"": 1938.4, ""error"": 71.95666559999984}], [{""pair"": [2, 3, 2, 3], ""acc"": 11.6, ""vel"": 33.19, ""pos"": 1938.4, ""error"": 71.95666559999984}], [{""pair"": [2, 3, 2, 3], ""acc"": 11.6, ""vel"": 33.19, ""pos"": 1938.4, ""error"": 71.95666559999984}], [{""pair"": [2, 3, 2, 3], ""acc"": 11.6, ""vel"": 33.19, ""pos"": 1938.4, ""error"": 71.95666559999984}], [{""pair"": [2, 3, 2, 3], ""acc"": 11.6, ""vel"": 33.19, ""pos"": 1938.4, ""error"": 71.95666559999984}], [{""pair"": [2, 3, 2, 3], ""acc"": 11.6, ""vel"": 33.19, ""pos"": 1938.4, ""error"": 71.95666559999984}], [{""pair"": [2, 3, 2, 3], ""acc"": 11.6, ""vel"": 33.19, ""pos"": 1938.4, ""error"": 71.95666559999984}], [{""pair"": [2, 3, 2, 3], ""acc"": 11.6, ""vel"": 33.19, ""pos"": 1938.4, ""error"": 71.95666559999984}], [{""pair"": [2, 3, 2, 3], ""acc"": 11.6, ""vel"": 33.19, ""pos"": 1938.4, ""error"": 71.95666559999984}], [{""pair"": [2, 3, 2, 3], ""acc"": 11.6, ""vel"": 33.19, ""pos"": 1938.4, ""error"": 71.95666559999984}], [{""pair"": [2, 3, 2, 3], ""acc"": 11.6, ""vel"": 33.19, ""pos"": 1938.4, ""error"": 71.95666559999984}], [{""pair"": [2, 3, 2, 3], ""acc"": 11.6, ""vel"": 33.19, ""pos"": 1938.4, ""error"": 71.95666559999984}], [{""pair"": [2, 3, 2, 3], ""acc"": 11.6, ""vel"": 33.19, ""pos"": 1938.4, ""error"": 71.95666559999984}], [{""pair"": [2, 3, 2, 3], ""acc"": 11.6, ""vel"": 33.19, ""pos"": 1938.4, ""error"": 71.95666559999984}], [{""pair"": [2, 3, 2, 3], ""acc"": 11.6, ""vel"": 33.19, ""pos"": 1938.4, ""error"": 71.95666559999984}]]","[[[2, 3, 2, 3], [11.6, 33.19, 1938.4], 71.95666559999984], [[2, 3, 2, 3], [11.6, 33.19, 1938.4], 71.95666559999984], [[2, 3, 2, 3], [11.6, 33.19, 1938.4], 71.95666559999984], [[2, 3, 2, 3], [11.6, 33.19, 1938.4], 71.95666559999984], [[2, 3, 2, 3], [11.6, 33.19, 1938.4], 71.95666559999984], [[2, 3, 2, 3], [11.6, 33.19, 1938.4], 71.95666559999984], [[2, 3, 2, 3], [11.6, 33.19, 1938.4], 71.95666559999984], [[2, 3, 2, 3], [11.6, 33.19, 1938.4], 71.95666559999984], [[2, 3, 2, 3], [11.6, 33.19, 1938.4], 71.95666559999984], [[2, 3, 2, 3], [11.6, 33.19, 1938.4], 71.95666559999984], [[2, 3, 2, 3], [11.6, 33.19, 1938.4], 71.95666559999984], [[2, 3, 2, 3], [11.6, 33.19, 1938.4], 71.95666559999984], [[2, 3, 2, 3], [11.6, 33.19, 1938.4], 71.95666559999984], [[2, 3, 2, 3], [11.6, 33.19, 1938.4], 71.95666559999984], [[2, 3, 2, 3], [11.6, 33.19, 1938.4], 71.95666559999984], [[2, 3, 2, 3], [11.6, 33.19, 1938.4], 71.95666559999984]]"
0.9,28.1,414.6,8.0,50.0,409.4,11.6,33.39,1939.0,"[{""pair"": [0, 0, 0, 0], ""acc"": 11.6, ""vel"": 33.39, ""pos"": 1939.0, ""error"": 0}]","[[0, 0, 0, 0]]",[],"[[[0, 0, 0, 0], [11.6, 33.39, 1939.0], 0]]"
0.9,28.12,415.1,8.0,22.17,1013.7,11.6,33.59,1939.6,"[{""pair"": [0, 0, 0, 0], ""acc"": 11.6, ""vel"": 33.59, ""pos"": 1939.6, ""error"": 0}]","[[0, 0, 0, 0]]",[],"[[[0, 0, 0, 0], [11.6, 33.59, 1939.6], 0]]"
0.9,28.13,415.6,8.0,50.0,2246.6,11.6,33.78,1940.1,"[{""pair"": [0, 0, 0, 0], ""acc"": 11.6, ""vel"": 33.78, ""pos"": 1940.1, ""error"": 0}]","[[0, 0, 0, 0]]",[],"[[[0, 0, 0, 0], [11.6, 33.78, 1940.1], 0]]"
0.9,28.15,416.0,5.7,50.0,205.7,11.6,33.98,1940.7,"[{""pair"": [0, 0, 0, 0], ""acc"": 11.6, ""vel"": 33.98, ""pos"": 1940.7, ""error"": 0}]","[[0, 0, 0, 0]]",[],"[[[0, 0, 0, 0], [11.6, 33.98, 1940.7], 0]]"
0.9,28.16,416.5,8.0,50.0,813.7,11.6,34.18,1941.3,"[{""pair"": [0, 0, 0, 0], ""acc"": 11.6, ""vel"": 34.18, ""pos"": 1941.3, ""error"": 0}]","[[0, 0, 0, 0]]",[],"[[[0, 0, 0, 0], [11.6, 34.18, 1941.3], 0]]"
0.9,28.18,417.0,8.0,50.0,146.2,11.6,34.37,1941.8,"[{""pair"": [0, 0, 0, 0], ""acc"": 11.6, ""vel"": 34.37, ""pos"": 1941.8, ""error"": 0}]","[[0, 0, 0, 0]]",[],"[[[0, 0, 0, 0], [11.6, 34.37, 1941.8], 0]]"
0.8,28.19,417.4,-4.3,50.0,3139.6,11.6,34.57,1942.4,"[{""pair"": [0, 0, 0, 0], ""acc"": 11.6, ""vel"": 34.57, ""pos"": 1942.4, ""error"": 0}]","[[0, 0, 0, 0]]",[],"[[[0, 0, 0, 0], [11.6, 34.57, 1942.4], 0]]"
0.9,28.2,417.9,-8.0,50.0,2871.5,-25.1,133.11,2871.5,"[{""pair"": [2, 2, 2, 2], ""acc"": -25.1, ""vel"": 133.11, ""pos"": 2871.5, ""error"": 1026.8534338000002}, {""pair"": [2, 2, 2, 2], ""acc"": -25.1, ""vel"": 133.11, ""pos"": 2871.5, ""error"": 1026.8534338000002}, {""pair"": [2, 2, 2, 2], ""acc"": -25.1, ""vel"": 133.11, ""pos"": 2871.5, ""error"": 1026.8534338000002}, {""pair"": [2, 2, 2, 2], ""acc"": -25.1, ""vel"": 133.11, ""pos"": 2871.5, ""error"": 1026.8534338000002}, {""pair"": [2, 2, 2, 2], ""acc"": -25.1, ""vel"": 133.11, ""pos"": 2871.5, ""error"": 1026.8534338000002}, {""pair"": [2, 2, 2, 2], ""acc"": -25.1, ""vel"": 133.11, ""pos"": 2871.5, ""error"": 1026.8534338000002}, {""pair"": [2, 2, 2, 2], ""acc"": -25.1, ""vel"": 133.11, ""pos"": 2871.5, ""error"": 1026.8534338000002}, {""pair"": [2, 2, 2, 2], ""acc"": -25.1, ""vel"": 133.11, ""pos"": 2871.5, ""error"": 1026.8534338000002}, {""pair"": [2, 2, 2, 2], ""acc"": -25.1, ""vel"": 133.11, ""pos"": 2871.5, ""error"": 1026.8534338000002}, {""pair"": [2, 2, 2, 2], ""acc"": -25.1, ""vel"": 133.11, ""pos"": 2871.5, ""error"": 1026.8534338000002}, {""pair"": [2, 2, 2, 2], ""acc"": -25.1, ""vel"": 133.11, ""pos"": 2871.5, ""error"": 1026.8534338000002}, {""pair"": [2, 2, 2, 2], ""acc"": -25.1, ""vel"": 133.11, ""pos"": 2871.5, ""error"": 1026.8534338000002}, {""pair"": [2, 2, 2, 2], ""acc"": -25.1, ""vel"": 133.11, ""pos"": 2871.5, ""error"": 1026.8534338000002}, {""pair"": [2, 2, 2, 2], ""acc"": -25.1, ""vel"": 133.11, ""pos"": 2871.5, ""error"": 1026.8534338000002}, {""pair"": [2, 2, 2, 2], ""acc"": -25.1, ""vel"": 133.11, ""pos"": 2871.5, ""error"": 1026.8534338000002}, {""pair"": [2, 2, 2, 2], ""acc"": -25.1, ""vel"": 133.11, ""pos"": 2871.5, ""error"": 1026.8534338000002}]","[[2, 2, 2, 2], [2, 2, 2, 2], [2, 2, 2, 2], [2, 2, 2, 2], [2, 2, 2, 2], [2, 2, 2, 2], [2, 2, 2, 2], [2, 2, 2, 2], [2, 2, 2, 2], [2, 2, 2, 2], [2, 2, 2, 2], [2, 2, 2, 2], [2, 2, 2, 2], [2, 2, 2, 2], [2, 2, 2, 2], [2, 2, 2, 2]]","[[{""pair"": [2, 2, 2, 2], ""acc"": -25.1, ""vel"": 133.11, ""pos"": 2871.5, ""error"": 1026.8534338000002}], [{""pair"": [2, 2, 2, 2], ""acc"": -25.1, ""vel"": 133.11, ""pos"": 2871.5, ""error"": 1026.8534338000002}], [{""pair"": [2, 2, 2, 2], ""acc"": -25.1, ""vel"": 133.11, ""pos"": 2871.5, ""error"": 1026.8534338000002}], [{""pair"": [2, 2, 2, 2], ""acc"": -25.1, ""vel"": 133.11, ""pos"": 2871.5, ""error"": 1026.8534338000002}], [{""pair"": [2, 2, 2, 2], ""acc"": -25.1, ""vel"": 133.11, ""pos"": 2871.5, ""error"": 1026.8534338000002}], [{""pair"": [2, 2, 2, 2], ""acc"": -25.1, ""vel"": 133.11, ""pos"": 2871.5, ""error"": 1026.8534338000002}], [{""pair"": [2, 2, 2, 2], ""acc"": -25.1, ""vel"": 133.11, ""pos"": 2871.5, ""error"": 1026.8534338000002}], [{""pair"": [2, 2, 2, 2], ""acc"": -25.1, ""vel"": 133.11, ""pos"": 2871.5, ""error"": 1026.8534338000002}], [{""pair"": [2, 2, 2, 2], ""acc"": -25.1, ""vel"": 133.11, ""pos"": 2871.5, ""error"": 1026.8534338000002}], [{""pair"": [2, 2, 2, 2], ""acc"": -25.1, ""vel"": 133.11, ""pos"": 2871.5, ""error"": 1026.8534338000002}], [{""pair"": [2, 2, 2, 2], ""acc"": -25.1, ""vel"": 133.11, ""pos"": 2871.5, ""error"": 1026.8534338000002}], [{""pair"": [2, 2, 2, 2], ""acc"": -25.1, ""vel"": 133.11, ""pos"": 2871.5, ""error"": 1026.8534338000002}], [{""pair"": [2, 2, 2, 2], ""acc"": -25.1, ""vel"": 133.11, ""pos"": 2871.5, ""error"": 1026.8534338000002}], [{""pair"": [2, 2, 2, 2], ""acc"": -25.1, ""vel"": 133.11, ""pos"": 2871.5, ""error"": 1026.8534338000002}], [{""pair"": [2, 2, 2, 2], ""acc"": -25.1, ""vel"": 133.11, ""pos"": 2871.5, ""error"": 1026.8534338000002}], [{""pair"": [2, 2, 2, 2], ""acc"": -25.1, ""vel"": 133.11, ""pos"": 2871.5, ""error"": 1026.8534338000002}]]","[[[2, 2, 2, 2], [-25.1, 133.11, 2871.5], 1026.8534338000002], [[2, 2, 2, 2], [-25.1, 133.11, 2871.5], 1026.8534338000002], [[2, 2, 2, 2], [-25.1, 133.11, 2871.5], 1026.8534338000002], [[2, 2, 2, 2], [-25.1, 133.11, 2871.5], 1026.8534338000002], [[2, 2, 2, 2], [-25.1, 133.11, 2871.5], 1026.8534338000002], [[2, 2, 2, 2], [-25.1, 133.11, 2871.5], 1026.8534338000002], [[2, 2, 2, 2], [-25.1, 133.11, 2871.5], 1026.8534338000002], [[2, 2, 2, 2], [-25.1, 133.11, 2871.5], 1026.8534338000002], [[2, 2, 2, 2], [-25.1, 133.11, 2871.5], 1026.8534338000002], [[2, 2, 2, 2], [-25.1, 133.11, 2871.5], 1026.8534338000002], [[2, 2, 2, 2], [-25.1, 133.11, 2871.5], 1026.8534338000002], [[2, 2, 2, 2], [-25.1, 133.11, 2871.5], 1026.8534338000002], [[2, 2, 2, 2], [-25.1, 133.11, 2871.5], 1026.8534338000002], [[2, 2, 2, 2], [-25.1, 133.11, 2871.5], 1026.8534338000002], [[2, 2, 2, 2], [-25.1, 133.11, 2871.5], 1026.8534338000002], [[2, 2, 2, 2], [-25.1, 133.11, 2871.5], 1026.8534338000002]]"
0.9,28.22,418.4,-8.0,50.0,2972.7,-25.1,132.71,2873.6,"[{""pair"": [0, 0, 0, 0], ""acc"": -25.1, ""vel"": 132.71, ""pos"": 2873.6, ""error"": 0}]","[[0, 0, 0, 0]]",[],"[[[0, 0, 0, 0], [-25.1, 132.71, 2873.6], 0]]"
0.9,28.23,418.9,1.5,50.0,2559.0,-25.1,132.28,2875.9,"[{""pair"": [0, 0, 0, 0], ""acc"": -25.1, ""vel"": 132.28, ""pos"": 2875.9, ""error"": 0}]","[[0, 0, 0, 0]]",[],"[[[0, 0, 0, 0], [-25.1, 132.28, 2875.9], 0]]"
0.9,28.25,419.3,-1.5,24.58,1648.6,-25.1,131.85,2878.1,"[{""pair"": [0, 0, 0, 0], ""acc"": -25.1, ""vel"": 131.85, ""pos"": 2878.1, ""error"": 0}]","[[0, 0, 0, 0]]",[],"[[[0, 0, 0, 0], [-25.1, 131.85, 2878.1], 0]]"
0.9,28.26,419.8,8.0,29.16,639.4,-25.1,131.45,2880.2,"[{""pair"": [0, 0, 0, 0], ""acc"": -25.1, ""vel"": 131.45, ""pos"": 2880.2, ""error"": 0}]","[[0, 0, 0, 0]]",[],"[[[0, 0, 0, 0], [-25.1, 131.45, 2880.2], 0]]"
0.8,28.28,420.3,-5.4,43.95,1763.0,-25.1,131.02,2882.4,"[{""pair"": [0, 0, 0, 0], ""acc"": -25.1, ""vel"": 131.02, ""pos"": 2882.4, ""error"": 0}]","[[0, 0, 0, 0]]",[],"[[[0, 0, 0, 0], [-25.1, 131.02, 2882.4], 0]]"
0.8,28.29,420.8,8.0,50.0,1432.4,-25.1,130.59,2884.6,"[{""pair"": [0, 0, 0, 0], ""acc"": -25.1, ""vel"": 130.59, ""pos"": 2884.6, ""error"": 0}]","[[0, 0, 0, 0]]",[],"[[[0, 0, 0, 0], [-25.1, 130.59, 2884.6], 0]]"
0.8,28.3,421.2000000000001,8.0,6.07,1187.8,-25.1,130.19,2886.7,"[{""pair"": [0, 0, 0, 0], ""acc"": -25.1, ""vel"": 130.19, ""pos"": 2886.7, ""error"": 0}]","[[0, 0, 0, 0]]",[],"[[[0, 0, 0, 0], [-25.1, 130.19, 2886.7], 0]]"
0.9,28.32,421.7000000000001,-8.0,9.13,2547.1,-22.4,9.13,2547.1,"[{""pair"": [2, 3, 2, 3], ""acc"": -22.4, ""vel"": 9.13, ""pos"": 2547.1, ""error"": 462.44290304999925}, {""pair"": [2, 3, 2, 3], ""acc"": -22.4, ""vel"": 9.13, ""pos"": 2547.1, ""error"": 462.44290304999925}, {""pair"": [2, 3, 2, 3], ""acc"": -22.4, ""vel"": 9.13, ""pos"": 2547.1, ""error"": 462.44290304999925}, {""pair"": [2, 3, 2, 3], ""acc"": -22.4, ""vel"": 9.13, ""pos"": 2547.1, ""error"": 462.44290304999925}, {""pair"": [2, 3, 2, 3], ""acc"": -22.4, ""vel"": 9.13, ""pos"": 2547.1, ""error"": 462.44290304999925}, {""pair"": [2, 3, 2, 3], ""acc"": -22.4, ""vel"": 9.13, ""pos"": 2547.1, ""error"": 462.44290304999925}, {""pair"": [2, 3, 2, 3], ""acc"": -22.4, ""vel"": 9.13, ""pos"": 2547.1, ""error"": 462.44290304999925}, {""pair"": [2, 3, 2, 3], ""acc"": -22.4, ""vel"": 9.13, ""pos"": 2547.1, ""error"": 462.44290304999925}, {""pair"": [2, 3, 2, 3], ""acc"": -22.4, ""vel"": 9.13, ""pos"": 2547.1, ""error"": 462.44290304999925}, {""pair"": [2, 3, 2, 3], ""acc"": -22.4, ""vel"": 9.13, ""pos"": 2547.1, ""error"": 462.44290304999925}, {""pair"": [2, 3, 2, 3], ""acc"": -22.4, ""vel"": 9.13, ""pos"": 2547.1, ""error"": 462.44290304999925}, {""pair"": [2, 3, 2, 3], ""acc"": -22.4, ""vel"": 9.13, ""pos"": 2547.1, ""error"": 462.44290304999925}, {""pair"": [2, 3, 2, 3], ""acc"": -22.4, ""vel"": 9.13, ""pos"": 2547.1, ""error"": 462.44290304999925}, {""pair"": [2, 3, 2, 3], ""acc"": -22.4, ""vel"": 9.13, ""pos"": 2547.1, ""error"": 462.44290304999925}, {""pair"": [2, 3, 2, 3], ""acc"": -22.4, ""vel"": 9.13, ""pos"": 2547.1, ""error"": 462.44290304999925}, {""pair"": [2, 3, 2, 3], ""acc"": -22.4, ""vel"": 9.13, ""pos"": 2547.1, ""error"": 462.44290304999925}]","[[2, 3, 2, 3], [2, 3, 2, 3], [2, 3, 2, 3], [2, 3, 2, 3], [2, 3, 2, 3], [2, 3, 2, 3], [2, 3, 2, 3], [2, 3, 2, 3], [2, 3, 2, 3], [2, 3, 2, 3], [2, 3, 2, 3], [2, 3, 2, 3], [2, 3, 2, 3], [2, 3, 2, 3], [2, 3, 2, 3], [2, 3, 2, 3]]","[[{""pair"": [2, 3, 2, 3], ""acc"": -22.4, ""vel"": 9.13, ""pos"": 2547.1, ""error"": 462.44290304999925}], [{""pair"": [2, 3, 2, 3], ""acc"": -22.4, ""vel"": 9.13, ""pos"": 2547.1, ""error"": 462.44290304999925}], [{""pair"": [2, 3, 2, 3], ""acc"": -22.4, ""vel"": 9.13, ""pos"": 2547.1, ""error"": 462.44290304999925}], [{""pair"": [2, 3, 2, 3], ""acc"": -22.4, ""vel"": 9.13, ""pos"": 2547.1, ""error"": 462.44290304999925}], [{""pair"": [2, 3, 2, 3], ""acc"": -22.4, ""vel"": 9.13, ""pos"": 2547.1, ""error"": 462.44290304999925}], [{""pair"": [2, 3, 2, 3], ""acc"": -22.4, ""vel"": 9.13, ""pos"": 2547.1, ""error"": 462.44290304999925}], [{""pair"": [2, 3, 2, 3], ""acc"": -22.4, ""vel"": 9.13, ""pos"": 2547.1, ""error"": 462.44290304999925}], [{""pair"": [2, 3, 2, 3], ""acc"": -22.4, ""vel"": 9.13, ""pos"": 2547.1, ""error"": 462.44290304999925}], [{""pair"": [2, 3, 2, 3], ""acc"": -22.4, ""vel"": 9.13, ""pos"": 2547.1, ""error"": 462.44290304999925}], [{""pair"": [2, 3, 2, 3], ""acc"": -22.4, ""vel"": 9.13, ""pos"": 2547.1, ""error"": 462.44290304999925}], [{""pair"": [2, 3, 2, 3], ""acc"": -22.4, ""vel"": 9.13, ""pos"": 2547.1, ""error"": 462.44290304999925}], [{""pair"": [2, 3, 2, 3], ""acc"": -22.4, ""vel"": 9.13, ""pos"": 2547.1, ""error"": 462.44290304999925}], [{""pair"": [2, 3, 2, 3], ""acc"": -22.4, ""vel"": 9.13, ""pos"": 2547.1, ""error"": 462.44290304999925}], [{""pair"": [2, 3, 2, 3], ""acc"": -22.4, ""vel"": 9.13, ""pos"": 2547.1, ""error"": 462.44290304999925}], [{""pair"": [2, 3, 2, 3], ""acc"": -22.4, ""vel"": 9.13, ""pos"": 2547.1, ""error"": 462.44290304999925}], [{""pair"": [2, 3, 2, 3], ""acc"": -22.4, ""vel"": 9.13, ""pos"": 2547.1, ""error"": 462.44290304999925}]]","[[[2, 3, 2, 3], [-22.4, 9.13, 2547.1], 462.44290304999925], [[2, 3, 2, 3], [-22.4, 9.13, 2547.1], 462.44290304999925], [[2, 3, 2, 3], [-22.4, 9.13, 2547.1], 462.44290304999925], [[2, 3, 2, 3], [-22.4, 9.13, 2547.1], 462.44290304999925], [[2, 3, 2, 3], [-22.4, 9.13, 2547.1], 462.44290304999925], [[2, 3, 2, 3], [-22.4, 9.13, 2547.1], 462.44290304999925], [[2, 3, 2, 3], [-22.4, 9.13, 2547.1], 462.44290304999925], [[2, 3, 2, 3], [-22.4, 9.13, 2547.1], 462.44290304999925], [[2, 3, 2, 3], [-22.4, 9.13, 2547.1], 462.44290304999925], [[2, 3, 2, 3], [-22.4, 9.13, 2547.1], 462.44290304999925], [[2, 3, 2, 3], [-22.4, 9.13, 2547.1], 462.44290304999925], [[2, 3, 2, 3], [-22.4, 9.13, 2547.1], 462.44290304999925], [[2, 3, 2, 3], [-22.4, 9.13, 2547.1], 462.44290304999925], [[2, 3, 2, 3], [-22.4, 9.13, 2547.1], 462.44290304999925], [[2, 3, 2, 3], [-22.4, 9.13, 2547.1], 462.44290304999925], [[2, 3, 2, 3], [-22.4, 9.13, 2547.1], 462.44290304999925]]"
0.9,28.33,422.2000000000001,-8.0,50.0,641.5,-22.4,8.75,2547.3,"[{""pair"": [0, 0, 0, 0], ""acc"": -22.4, ""vel"": 8.75, ""pos"": 2547.3, ""error"": 0}]","[[0, 0, 0, 0]]",[],"[[[0, 0, 0, 0], [-22.4, 8.75, 2547.3], 0]]"
0.9,28.35,422.6,8.0,50.0,2831.0,-22.4,8.39,2547.4,"[{""pair"": [0, 0, 0, 0], ""acc"": -22.4, ""vel"": 8.39, ""pos"": 2547.4, ""error"": 0}]","[[0, 0, 0, 0]]",[],"[[[0, 0, 0, 0], [-22.4, 8.39, 2547.4], 0]]"
0.9,28.36,423.1,-7.2,50.0,1354.7,-22.4,8.01,2547.5,"[{""pair"": [0, 0, 0, 0], ""acc"": -22.4, ""vel"": 8.01, ""pos"": 2547.5, ""error"": 0}]","[[0, 0, 0, 0]]",[],"[[[0, 0, 0, 0], [-22.4, 8.01, 2547.5], 0]]"
0.8,28.38,423.6,-5.3,50.0,2886.5,-22.4,7.63,2547.6,"[{""pair"": [0, 0, 0, 0], ""acc"": -22.4, ""vel"": 7.63, ""pos"": 2547.6, ""error"": 0}]","[[0, 0, 0, 0]]",[],"[[[0, 0, 0, 0], [-22.4, 7.63, 2547.6], 0]]"
0.8,28.39,424.1,-8.0,8.78,1295.2,-22.4,7.27,2547.7,"[{""pair"": [0, 0, 0, 0], ""acc"": -22.4, ""vel"": 7.27, ""pos"": 2547.7, ""error"": 0}]","[[0, 0, 0, 0]]",[],"[[[0, 0, 0, 0], [-22.4, 7.27, 2547.7], 0]]"
0.9,28.4,424.5,-3.6,24.96,3060.8,-3.6,24.96,3060.8,"[{""pair"": [2, 2, 2, 2], ""acc"": -3.6, ""vel"": 24.96, ""pos"": 3060.8, ""error"": 531.0504468000004}, {""pair"": [2, 2, 2, 2], ""acc"": -3.6, ""vel"": 24.96, ""pos"": 3060.8, ""error"": 531.0504468000004}, {""pair"": [2, 2, 2, 2], ""acc"": -3.6, ""vel"": 24.96, ""pos"": 3060.8, ""error"": 531.0504468000004}, {""pair"": [2, 2, 2, 2], ""acc"": -3.6, ""vel"": 24.96, ""pos"": 3060.8, ""error"": 531.0504468000004}, {""pair"": [2, 2, 2, 2], ""acc"": -3.6, ""vel"": 24.96, ""pos"": 3060.8, ""error"": 531.0504468000004}, {""pair"": [2, 2, 2, 2], ""acc"": -3.6, ""vel"": 24.96, ""pos"": 3060.8, ""error"": 531.0504468000004}, {""pair"": [2, 2, 2, 2], ""acc"": -3.6, ""vel"": 24.96, ""pos"": 3060.8, ""error"": 531.0504468000004}, {""pair"": [2, 2, 2, 2], ""acc"": -3.6, ""vel"": 24.96, ""pos"": 3060.8, ""error"": 531.0504468000004}, {""pair"": [2, 2, 2, 2], ""acc"": -3.6, ""vel"": 24.96, ""pos"": 3060.8, ""error"": 531.0504468000004}, {""pair"": [2, 2, 2, 2], ""acc"": -3.6, ""vel"": 24.96, ""pos"": 3060.8, ""error"": 531.0504468000004}, {""pair"": [2, 2, 2, 2], ""acc"": -3.6, ""vel"": 24.96, ""pos"": 3060.8, ""error"": 531.0504468000004}, {""pair"": [2, 2, 2, 2], ""acc"": -3.6, ""vel"": 24.96, ""pos"": 3060.8, ""error"": 531.0504468000004}, {""pair"": [2, 2, 2, 2], ""acc"": -3.6, ""vel"": 24.96, ""pos"": 3060.8, ""error"": 531.0504468000004}, {""pair"": [2, 2, 2, 2], ""acc"": -3.6, ""vel"": 24.96, ""pos"": 3060.8, ""error"": 531.0504468000004}, {""pair"": [2, 2, 2, 2], ""acc"": -3.6, ""vel"": 24.96, ""pos"": 3060.8, ""error"": 531.0504468000004}, {""pair"": [2, 2, 2, 2], ""acc"": -3.6, ""vel"": 24.96, ""pos"": 3060.8, ""error"": 531.0504468000004}]","[[2, 2, 2, 2], [2, 2, 2, 2], [2, 2, 2, 2], [2, 2, 2, 2], [2, 2, 2, 2], [2, 2, 2, 2], [2, 2, 2, 2], [2, 2, 2, 2], [2, 2, 2, 2], [2, 2, 2, 2], [2, 2, 2, 2], [2, 2, 2, 2], [2, 2, 2, 2], [2, 2, 2, 2], [2, 2, 2, 2], [2, 2, 2, 2]]","[[{""pair"": [2, 2, 2, 2], ""acc"": -3.6, ""vel"": 24.96, ""pos"": 3060.8, ""error"": 531.0504468000004}], [{""pair"": [2, 2, 2, 2], ""acc"": -3.6, ""vel"": 24.96, ""pos"": 3060.8, ""error"": 531.0504468000004}], [{""pair"": [2, 2, 2, 2], ""acc"": -3.6, ""vel"": 24.96, ""pos"": 3060.8, ""error"": 531.0504468000004}], [{""pair"": [2, 2, 2, 2], ""acc"": -3.6, ""vel"": 24.96, ""pos"": 3060.8, ""error"": 531.0504468000004}], [{""pair"": [2, 2, 2, 2], ""acc"": -3.6, ""vel"": 24.96, ""pos"": 3060.8, ""error"": 531.0504468000004}], [{""pair"": [2, 2, 2, 2], ""acc"": -3.6, ""vel"": 24.96, ""pos"": 3060.8, ""error"": 531.0504468000004}], [{""pair"": [2, 2, 2, 2], ""acc"": -3.6, ""vel"": 24.96, ""pos"": 3060.8, ""error"": 531.0504468000004}], [{""pair"": [2, 2, 2, 2], ""acc"": -3.6, ""vel"": 24.96, ""pos"": 3060.8, ""error"": 531.0504468000004}], [{""pair"": [2, 2, 2, 2], ""acc"": -3.6, ""vel"": 24.96, ""pos"": 3060.8, ""error"": 531.0504468000004}], [{""pair"": [2, 2, 2, 2], ""acc"": -3.6, ""vel"": 24.96, ""pos"": 3060.8, ""error"": 531.0504468000004}], [{""pair"": [2, 2, 2, 2], ""acc"": -3.6, ""vel"": 24.96, ""pos"": 3060.8, ""error"": 531.0504468000004}], [{""pair"": [2, 2, 2, 2], ""acc"": -3.6, ""vel"": 24.96, ""pos"": 3060.8, ""error"": 531.0504468000004}], [{""pair"": [2, 2, 2, 2], ""acc"": -3.6, ""vel"": 24.96, ""pos"": 3060.8, ""error"": 531.0504468000004}], [{""pair"": [2, 2, 2, 2], ""acc"": -3.6, ""vel"": 24.96, ""pos"": 3060.8, ""error"": 531.0504468000004}], [{""pair"": [2, 2, 2, 2], ""acc"": -3.6, ""vel"": 24.96, ""pos"": 3060.8, ""error"": 531.0504468000004}], [{""pair"": [2, 2, 2, 2], ""acc"": -3.6, ""vel"": 24.96, ""pos"": 3060.8, ""error"": 531.0504468000004}]]","[[[2, 2, 2, 2], [-3.6, 24.96, 3060.8], 531.0504468000004], [[2, 2, 2, 2], [-3.6, 24.96, 3060.8], 531.0504468000004], [[2, 2, 2, 2], [-3.6, 24.96, 3060.8], 531.0504468000004], [[2, 2, 2, 2], [-3.6, 24.96, 3060.8], 531.0504468000004], [[2, 2, 2, 2], [-3.6, 24.96, 3060.8], 531.0504468000004], [[2, 2, 2, 2], [-3.6, 24.96, 3060.8], 531.0504468000004], [[2, 2, 2, 2], [-3.6, 24.96, 3060.8], 531.0504468000004], [[2, 2, 2, 2], [-3.6, 24.96, 3060.8], 531.0504468000004], [[2, 2, 2, 2], [-3.6, 24.96, 3060.8], 531.0504468000004], [[2, 2, 2, 2], [-3.6, 24.96, 3060.8], 531.0504468000004], [[2, 2, 2, 2], [-3.6, 24.96, 3060.8], 531.0504468000004], [[2, 2, 2, 2], [-3.6, 24.96, 3060.8], 531.0504468000004], [[2, 2, 2, 2], [-3.6, 24.96, 3060.8], 531.0504468000004], [[2, 2, 2, 2], [-3.6, 24.96, 3060.8], 531.0504468000004], [[2, 2, 2, 2], [-3.6, 24.96, 3060.8], 531.0504468000004], [[2, 2, 2, 2], [-3.6, 24.96, 3060.8], 531.0504468000004]]"
0.8,28.42,425.0,8.0,45.77,2515.2,-3.6,24.9,3061.2,"[{""pair"": [0, 0, 0, 0], ""acc"": -3.6, ""vel"": 24.9, ""pos"": 3061.2, ""error"": 0}]","[[0, 0, 0, 0]]",[],"[[[0, 0, 0, 0], [-3.6, 24.9, 3061.2], 0]]"
0.8,28.43,425.5,-3.5,22.13,2344.0,-3.6,24.84,3061.6,"[{""pair"": [0, 0, 0, 0], ""acc"": -3.6, ""vel"": 24.84, ""pos"": 3061.6, ""error"": 0}]","[[0, 0, 0, 0]]",[],"[[[0, 0, 0, 0], [-3.6, 24.84, 3061.6], 0]]"
0.8,28.44,425.9,5.9,23.48,2264.1,-3.6,24.78,3062.0,"[{""pair"": [0, 0, 0, 0], ""acc"": -3.6, ""vel"": 24.78, ""pos"": 3062.0, ""error"": 0}]","[[0, 0, 0, 0]]",[],"[[[0, 0, 0, 0], [-3.6, 24.78, 3062.0], 0]]"
0.8,28.46,426.4,-5.8,50.0,2805.3,-3.6,24.72,3062.4,"[{""pair"": [0, 0, 0, 0], ""acc"": -3.6, ""vel"": 24.72, ""pos"": 3062.4, ""error"": 0}]","[[0, 0, 0, 0]]",[],"[[[0, 0, 0, 0], [-3.6, 24.72, 3062.4], 0]]"
0.8,28.47,426.9,-8.0,50.0,2899.7,-3.6,24.66,3062.8,"[{""pair"": [0, 0, 0, 0], ""acc"": -3.6, ""vel"": 24.66, ""pos"": 3062.8, ""error"": 0}]","[[0, 0, 0, 0]]",[],"[[[0, 0, 0, 0], [-3.6, 24.66, 3062.8], 0]]"
0.8,28.49,427.4,-8.0,50.0,2548.9,-3.6,24.6,3063.2,"[{""pair"": [0, 0, 0, 0], ""acc"": -3.6, ""vel"": 24.6, ""pos"": 3063.2, ""error"": 0}]","[[0, 0, 0, 0]]",[],"[[[0, 0, 0, 0], [-3.6, 24.6, 3063.2], 0]]"
0.8,28.5,427.8,-8.0,48.88,1913.0,-3.6,24.54,3063.6,"[{""pair"": [0, 0, 0, 0], ""acc"": -3.6, ""vel"": 24.54, ""pos"": 3063.6, ""error"": 0}]","[[0, 0, 0, 0]]",[],"[[[0, 0, 0, 0], [-3.6, 24.54, 3063.6], 0]]"
0.8,28.51,428.3,-8.0,50.0,2905.8,-3.6,24.48,3064.0,"[{""pair"": [0, 0, 0, 0], ""acc"": -3.6, ""vel"": 24.48, ""pos"": 3064.0, ""error"": 0}]","[[0, 0, 0, 0]]",[],"[[[0, 0, 0, 0], [-3.6, 24.48, 3064.0], 0]]"
0.9,28.53,428.8,3.8,50.0,325.9,-3.6,24.42,3064.4,"[{""pair"": [0, 0, 0, 0], ""acc"": -3.6, ""vel"": 24.42, ""pos"": 3064.4, ""error"": 0}]","[[0, 0, 0, 0]]",[],"[[[0, 0, 0, 0], [-3.6, 24.42, 3064.4], 0]]"
0.9,28.54,429.3,-8.0,44.0,1470.5,-3.6,24.36,3064.8,"[{""pair"": [0, 0, 0, 0], ""acc"": -3.6, ""vel"": 24.36, ""pos"": 3064.8, ""error"": 0}]","[[0, 0, 0, 0]]",[],"[[[0, 0, 0, 0], [-3.6, 24.36, 3064.8], 0]]"
0.9,28.56,429.8,-3.5,33.02,1543.3,-3.6,24.3,3065.2,"[{""pair"": [0, 0, 0, 0], ""acc"": -3.6, ""vel"": 24.3, ""pos"": 3065.2, ""error"": 0}]","[[0, 0, 0, 0]]",[],"[[[0, 0, 0, 0], [-3.6, 24.3, 3065.2], 0]]"
0.9,28.57,430.2000000000001,8.0,45.68,661.1,-3.6,24.24,3065.6,"[{""pair"": [0, 0, 0, 0], ""acc"": -3.6, ""vel"": 24.24, ""pos"": 3065.6, ""error"": 0}]","[[0, 0, 0, 0]]",[],"[[[0, 0, 0, 0], [-3.6, 24.24, 3065.6], 0]]"
0.9,28.58,430.7000000000001,8.0,38.52,252.7,-3.6,24.18,3066.0,"[{""pair"": [0, 0, 0, 0], ""acc"": -3.6, ""vel"": 24.18, ""pos"": 3066.0, ""error"": 0}]","[[0, 0, 0, 0]]",[],"[[[0, 0, 0, 0], [-3.6, 24.18, 3066.0], 0]]"
0.9,28.6,431.2000000000001,-8.0,50.0,1270.0,-3.6,24.12,3066.4,"[{""pair"": [0, 0, 0, 0], ""acc"": -3.6, ""vel"": 24.12, ""pos"": 3066.4, ""error"": 0}]","[[0, 0, 0, 0]]",[],"[[[0, 0, 0, 0], [-3.6, 24.12, 3066.4], 0]]"
0.9,28.61,431.6,8.0,50.0,901.2,-3.6,24.06,3066.8,"[{""pair"": [0, 0, 0, 0], ""acc"": -3.6, ""vel"": 24.06, ""pos"": 3066.8, ""error"": 0}]","[[0, 0, 0, 0]]",[],"[[[0, 0, 0, 0], [-3.6, 24.06, 3066.8], 0]]"
0.9,28.63,432.1,-4.9,50.0,1564.4,-3.6,24.0,3067.2,"[{""pair"": [0, 0, 0, 0], ""acc"": -3.6, ""vel"": 24.0, ""pos"": 3067.2, ""error"": 0}]","[[0, 0, 0, 0]]",[],"[[[0, 0, 0, 0], [-3.6, 24.0, 3067.2], 0]]"
0.9,28.64,432.6,8.0,50.0,3273.7,-3.6,23.94,3067.6,"[{""pair"": [0, 0, 0, 0], ""acc"": -3.6, ""vel"": 23.94, ""pos"": 3067.6, ""error"": 0}]","[[0, 0, 0, 0]]",[],"[[[0, 0, 0, 0], [-3.6, 23.94, 3067.6], 0]]"
0.9,28.66,433.1,-8.0,50.0,1871.4,-3.6,23.88,3068.0,"[{""pair"": [0, 0, 0, 0], ""acc"": -3.6, ""vel"": 23.88, ""pos"": 3068.0, ""error"": 0}]","[[0, 0, 0, 0]]",[],"[[[0, 0, 0, 0], [-3.6, 23.88, 3068.0], 0]]"
0.9,28.67,433.6,8.0,1.71,1958.0,-3.6,23.82,3068.4,"[{""pair"": [0, 0, 0, 0], ""acc"": -3.6, ""vel"": 23.82, ""pos"": 3068.4, ""error"": 0}]","[[0, 0, 0, 0]]",[],"[[[0, 0, 0, 0], [-3.6, 23.82, 3068.4], 0]]"
