SimTime,dT,Real_Prec_Acc,Real_Prec_Vel,Real_Prec_Pos,Quantized_Prec_Acc,Quantized_Prec_Vel,Quantized_Prec_Pos,Received_Prec_Acc,Received_Prec_Vel,Received_Prec_Pos,Mitigated_Prec_Acc,Mitigated_Prec_Vel,Mitigated_Prec_Pos,Ego_Acc_Benign,Ego_Vel_Benign,Ego_Pos_Benign,Ego_Acc,Ego_Vel,Ego_Pos,Safe_Gap_Benign,Space_Headway_Benign,Time_Headway_Benign,Safe_Gap,Space_Headway,Time_Headway,Bit_Flip_Pairs,XOR_Bin,XOR_Pattern,Real_Gap,Under_Attack,Bad_Message,Mitigation_Applied,Best_Bit_Flip_Pair,All_Corrections,Perfect_Candidate_List,Miti_List,Miti_List_2D
269.65,0.016999999999995907,1.545161,22.904129,0.0,1.5,22.900000000000002,0.0,1.5,22.9,819.2,1.4,22.9,819.2,0.9787344895947642,22.904129,-20.0,8.0,22.904129,-20.0,3.3022332280400595,20.0,0.8732050015960005,3.3022332280400666,839.2,36.63968186696818,"[[3, 7, 1, 8], [3, 7, 2, 8], [3, 8, 0, 7], [3, 8, 1, 7], [3, 6, 0, 6], [3, 6, 1, 6], [3, 6, 2, 6], [0, 6, 1, 6], [0, 6, 2, 6], [1, 6, 0, 6], [1, 6, 2, 6], [2, 6, 0, 6], [2, 6, 1, 6], [0, 7, 1, 8], [0, 7, 2, 8], [1, 7, 1, 8]]",1,,20.0,1,0,1,"[3, 8, 0, 7]","[[[3, 7, 1, 8], [1.5, 22.9, 2457.6], 0], [[3, 7, 2, 8], [1.5, 22.9, 819.2], 0], [[3, 8, 0, 7], [1.4, 22.9, 819.2], 0], [[3, 8, 1, 7], [1.5, 22.9, 0.0], 0], [[3, 6, 0, 6], [1.5, 104.82, 819.2], 0], [[3, 6, 1, 6], [1.5, 22.9, 1228.8], 0], [[3, 6, 2, 6], [1.5, 22.9, 819.2], 0], [[0, 6, 1, 6], [1.5, 104.82, 1228.8], 0], [[0, 6, 2, 6], [1.5, 104.82, 819.2], 0], [[1, 6, 0, 6], [1.5, 104.82, 1228.8], 0], [[1, 6, 2, 6], [1.5, 22.9, 1228.8], 0], [[2, 6, 0, 6], [1.5, 104.82, 819.2], 0], [[2, 6, 1, 6], [1.5, 22.9, 1228.8], 0], [[0, 7, 1, 8], [1.4, 22.9, 2457.6], 0], [[0, 7, 2, 8], [1.4, 22.9, 819.2], 0], [[1, 7, 1, 8], [1.5, 22.9, 1638.4], 0]]","[[3, 8, 0, 7], [0, 7, 1, 8], [0, 7, 2, 8], [3, 7, 1, 8], [3, 7, 2, 8], [3, 8, 1, 7], [3, 6, 0, 6], [3, 6, 1, 6], [3, 6, 2, 6], [0, 6, 1, 6], [0, 6, 2, 6], [1, 6, 0, 6], [1, 6, 2, 6], [2, 6, 0, 6], [2, 6, 1, 6], [1, 7, 1, 8]]","[{""pair"": [3, 8, 0, 7], ""acc"": 1.4, ""vel"": 22.9, ""pos"": 819.2, ""error"": 0}, {""pair"": [0, 7, 1, 8], ""acc"": 1.4, ""vel"": 22.9, ""pos"": 2457.6, ""error"": 0}, {""pair"": [0, 7, 2, 8], ""acc"": 1.4, ""vel"": 22.9, ""pos"": 819.2, ""error"": 0}, {""pair"": [3, 7, 1, 8], ""acc"": 1.5, ""vel"": 22.9, ""pos"": 2457.6, ""error"": 0}, {""pair"": [3, 7, 2, 8], ""acc"": 1.5, ""vel"": 22.9, ""pos"": 819.2, ""error"": 0}, {""pair"": [3, 8, 1, 7], ""acc"": 1.5, ""vel"": 22.9, ""pos"": 0.0, ""error"": 0}, {""pair"": [3, 6, 0, 6], ""acc"": 1.5, ""vel"": 104.82, ""pos"": 819.2, ""error"": 0}, {""pair"": [3, 6, 1, 6], ""acc"": 1.5, ""vel"": 22.9, ""pos"": 1228.8, ""error"": 0}, {""pair"": [3, 6, 2, 6], ""acc"": 1.5, ""vel"": 22.9, ""pos"": 819.2, ""error"": 0}, {""pair"": [0, 6, 1, 6], ""acc"": 1.5, ""vel"": 104.82, ""pos"": 1228.8, ""error"": 0}, {""pair"": [0, 6, 2, 6], ""acc"": 1.5, ""vel"": 104.82, ""pos"": 819.2, ""error"": 0}, {""pair"": [1, 6, 0, 6], ""acc"": 1.5, ""vel"": 104.82, ""pos"": 1228.8, ""error"": 0}, {""pair"": [1, 6, 2, 6], ""acc"": 1.5, ""vel"": 22.9, ""pos"": 1228.8, ""error"": 0}, {""pair"": [2, 6, 0, 6], ""acc"": 1.5, ""vel"": 104.82, ""pos"": 819.2, ""error"": 0}, {""pair"": [2, 6, 1, 6], ""acc"": 1.5, ""vel"": 22.9, ""pos"": 1228.8, ""error"": 0}, {""pair"": [1, 7, 1, 8], ""acc"": 1.5, ""vel"": 22.9, ""pos"": 1638.4, ""error"": 0}]",[]
269.667,0.016000000000019554,1.543022,22.92981,0.38959346876440615,1.5,22.93,0.4,1.5,23.01,0.4,1.5,22.93,0.4,1.8614943315754828,22.920767486323108,-19.610488379866347,8.0,23.04012899999997,-19.609473807000096,3.265619383762718,20.000081848630753,0.8725747015480552,3.620428171039969,20.009473807000095,0.8684618826135966,"[[3, 12, 1, 15], [3, 15, 1, 12], [3, 15, 2, 12], [1, 12, 1, 15], [2, 12, 1, 15], [0, 0, 0, 0], [0, 0, 0, 0], [0, 0, 0, 0], [0, 0, 0, 0], [0, 0, 0, 0], [0, 0, 0, 0], [0, 0, 0, 0], [0, 0, 0, 0], [0, 0, 0, 0], [0, 0, 0, 0], [0, 0, 0, 0]]",1,,19.999067275764503,1,0,1,"[3, 15, 1, 12]","[[[3, 12, 1, 15], [1.5, 22.37, 0.4], 0.5874079999995787], [[3, 15, 1, 12], [1.5, 22.93, 0.4], 0.0394079999995236], [[3, 15, 2, 12], [1.5, 23.01, 0.0], 0.4525920000004219], [[1, 12, 1, 15], [1.5, 22.29, 0.4], 0.6674079999995806], [[2, 12, 1, 15], [1.5, 22.37, 0.0], 0.9205920000004751]]","[[3, 15, 1, 12], [3, 15, 2, 12], [3, 12, 1, 15], [1, 12, 1, 15], [2, 12, 1, 15]]","[{""pair"": [3, 15, 1, 12], ""acc"": 1.5, ""vel"": 22.93, ""pos"": 0.4, ""error"": 0.0394079999995236}, {""pair"": [3, 15, 2, 12], ""acc"": 1.5, ""vel"": 23.01, ""pos"": 0.0, ""error"": 0.4525920000004219}, {""pair"": [3, 12, 1, 15], ""acc"": 1.5, ""vel"": 22.37, ""pos"": 0.4, ""error"": 0.5874079999995787}, {""pair"": [1, 12, 1, 15], ""acc"": 1.5, ""vel"": 22.29, ""pos"": 0.4, ""error"": 0.6674079999995806}, {""pair"": [2, 12, 1, 15], ""acc"": 1.5, ""vel"": 22.37, ""pos"": 0.0, ""error"": 0.9205920000004751}]","[[{""pair"": [3, 12, 1, 15], ""acc"": 1.5, ""vel"": 22.37, ""pos"": 0.4, ""error"": 819.7189792000006}, {""pair"": [3, 12, 1, 15], ""acc"": 1.5, ""vel"": 22.37, ""pos"": 0.4, ""error"": 2458.1189792}, {""pair"": [3, 12, 1, 15], ""acc"": 1.5, ""vel"": 22.37, ""pos"": 0.4, ""error"": 819.7189792000006}, {""pair"": [3, 12, 1, 15], ""acc"": 1.5, ""vel"": 22.37, ""pos"": 0.4, ""error"": 2458.120592}, {""pair"": [3, 12, 1, 15], ""acc"": 1.5, ""vel"": 22.37, ""pos"": 0.4, ""error"": 819.7205920000005}, {""pair"": [3, 12, 1, 15], ""acc"": 1.5, ""vel"": 22.37, ""pos"": 0.4, ""error"": 0.5874079999995787}, {""pair"": [3, 12, 1, 15], ""acc"": 1.5, ""vel"": 22.37, ""pos"": 0.4, ""error"": 902.9513120000022}, {""pair"": [3, 12, 1, 15], ""acc"": 1.5, ""vel"": 22.37, ""pos"": 0.4, ""error"": 1229.3205920000003}, {""pair"": [3, 12, 1, 15], ""acc"": 1.5, ""vel"": 22.37, ""pos"": 0.4, ""error"": 819.7205920000005}, {""pair"": [3, 12, 1, 15], ""acc"": 1.5, ""vel"": 22.37, ""pos"": 0.4, ""error"": 1312.5513120000019}, {""pair"": [3, 12, 1, 15], ""acc"": 1.5, ""vel"": 22.37, ""pos"": 0.4, ""error"": 902.9513120000022}, {""pair"": [3, 12, 1, 15], ""acc"": 1.5, ""vel"": 22.37, ""pos"": 0.4, ""error"": 1312.5513120000019}, {""pair"": [3, 12, 1, 15], ""acc"": 1.5, ""vel"": 22.37, ""pos"": 0.4, ""error"": 1229.3205920000003}, {""pair"": [3, 12, 1, 15], ""acc"": 1.5, ""vel"": 22.37, ""pos"": 0.4, ""error"": 902.9513120000022}, {""pair"": [3, 12, 1, 15], ""acc"": 1.5, ""vel"": 22.37, ""pos"": 0.4, ""error"": 1229.3205920000003}, {""pair"": [3, 12, 1, 15], ""acc"": 1.5, ""vel"": 22.37, ""pos"": 0.4, ""error"": 1638.9205920000004}], [{""pair"": [3, 15, 1, 12], ""acc"": 1.5, ""vel"": 22.93, ""pos"": 0.4, ""error"": 819.1741792000006}, {""pair"": [3, 15, 1, 12], ""acc"": 1.5, ""vel"": 22.93, ""pos"": 0.4, ""error"": 2457.5741792}, {""pair"": [3, 15, 1, 12], ""acc"": 1.5, ""vel"": 22.93, ""pos"": 0.4, ""error"": 819.1741792000006}, {""pair"": [3, 15, 1, 12], ""acc"": 1.5, ""vel"": 22.93, ""pos"": 0.4, ""error"": 2457.572592}, {""pair"": [3, 15, 1, 12], ""acc"": 1.5, ""vel"": 22.93, ""pos"": 0.4, ""error"": 819.1725920000005}, {""pair"": [3, 15, 1, 12], ""acc"": 1.5, ""vel"": 22.93, ""pos"": 0.4, ""error"": 0.0394079999995236}, {""pair"": [3, 15, 1, 12], ""acc"": 1.5, ""vel"": 22.93, ""pos"": 0.4, ""error"": 902.3913120000021}, {""pair"": [3, 15, 1, 12], ""acc"": 1.5, ""vel"": 22.93, ""pos"": 0.4, ""error"": 1228.7725920000003}, {""pair"": [3, 15, 1, 12], ""acc"": 1.5, ""vel"": 22.93, ""pos"": 0.4, ""error"": 819.1725920000005}, {""pair"": [3, 15, 1, 12], ""acc"": 1.5, ""vel"": 22.93, ""pos"": 0.4, ""error"": 1311.991312000002}, {""pair"": [3, 15, 1, 12], ""acc"": 1.5, ""vel"": 22.93, ""pos"": 0.4, ""error"": 902.3913120000021}, {""pair"": [3, 15, 1, 12], ""acc"": 1.5, ""vel"": 22.93, ""pos"": 0.4, ""error"": 1311.991312000002}, {""pair"": [3, 15, 1, 12], ""acc"": 1.5, ""vel"": 22.93, ""pos"": 0.4, ""error"": 1228.7725920000003}, {""pair"": [3, 15, 1, 12], ""acc"": 1.5, ""vel"": 22.93, ""pos"": 0.4, ""error"": 902.3913120000021}, {""pair"": [3, 15, 1, 12], ""acc"": 1.5, ""vel"": 22.93, ""pos"": 0.4, ""error"": 1228.7725920000003}, {""pair"": [3, 15, 1, 12], ""acc"": 1.5, ""vel"": 22.93, ""pos"": 0.4, ""error"": 1638.3725920000002}], [{""pair"": [3, 15, 2, 12], ""acc"": 1.5, ""vel"": 23.01, ""pos"": 0.0, ""error"": 819.6541792000005}, {""pair"": [3, 15, 2, 12], ""acc"": 1.5, ""vel"": 23.01, ""pos"": 0.0, ""error"": 2458.0541792}, {""pair"": [3, 15, 2, 12], ""acc"": 1.5, ""vel"": 23.01, ""pos"": 0.0, ""error"": 819.6541792000005}, {""pair"": [3, 15, 2, 12], ""acc"": 1.5, ""vel"": 23.01, ""pos"": 0.0, ""error"": 2458.052592}, {""pair"": [3, 15, 2, 12], ""acc"": 1.5, ""vel"": 23.01, ""pos"": 0.0, ""error"": 819.6525920000005}, {""pair"": [3, 15, 2, 12], ""acc"": 1.5, ""vel"": 23.01, ""pos"": 0.0, ""error"": 0.4525920000004219}, {""pair"": [3, 15, 2, 12], ""acc"": 1.5, ""vel"": 23.01, ""pos"": 0.0, ""error"": 902.7113120000022}, {""pair"": [3, 15, 2, 12], ""acc"": 1.5, ""vel"": 23.01, ""pos"": 0.0, ""error"": 1229.2525920000003}, {""pair"": [3, 15, 2, 12], ""acc"": 1.5, ""vel"": 23.01, ""pos"": 0.0, ""error"": 819.6525920000005}, {""pair"": [3, 15, 2, 12], ""acc"": 1.5, ""vel"": 23.01, ""pos"": 0.0, ""error"": 1312.311312000002}, {""pair"": [3, 15, 2, 12], ""acc"": 1.5, ""vel"": 23.01, ""pos"": 0.0, ""error"": 902.7113120000022}, {""pair"": [3, 15, 2, 12], ""acc"": 1.5, ""vel"": 23.01, ""pos"": 0.0, ""error"": 1312.311312000002}, {""pair"": [3, 15, 2, 12], ""acc"": 1.5, ""vel"": 23.01, ""pos"": 0.0, ""error"": 1229.2525920000003}, {""pair"": [3, 15, 2, 12], ""acc"": 1.5, ""vel"": 23.01, ""pos"": 0.0, ""error"": 902.7113120000022}, {""pair"": [3, 15, 2, 12], ""acc"": 1.5, ""vel"": 23.01, ""pos"": 0.0, ""error"": 1229.2525920000003}, {""pair"": [3, 15, 2, 12], ""acc"": 1.5, ""vel"": 23.01, ""pos"": 0.0, ""error"": 1638.8525920000004}], [{""pair"": [1, 12, 1, 15], ""acc"": 1.5, ""vel"": 22.29, ""pos"": 0.4, ""error"": 819.7989792000006}, {""pair"": [1, 12, 1, 15], ""acc"": 1.5, ""vel"": 22.29, ""pos"": 0.4, ""error"": 2458.1989792}, {""pair"": [1, 12, 1, 15], ""acc"": 1.5, ""vel"": 22.29, ""pos"": 0.4, ""error"": 819.7989792000006}, {""pair"": [1, 12, 1, 15], ""acc"": 1.5, ""vel"": 22.29, ""pos"": 0.4, ""error"": 2458.200592}, {""pair"": [1, 12, 1, 15], ""acc"": 1.5, ""vel"": 22.29, ""pos"": 0.4, ""error"": 819.8005920000005}, {""pair"": [1, 12, 1, 15], ""acc"": 1.5, ""vel"": 22.29, ""pos"": 0.4, ""error"": 0.6674079999995806}, {""pair"": [1, 12, 1, 15], ""acc"": 1.5, ""vel"": 22.29, ""pos"": 0.4, ""error"": 903.0313120000021}, {""pair"": [1, 12, 1, 15], ""acc"": 1.5, ""vel"": 22.29, ""pos"": 0.4, ""error"": 1229.4005920000002}, {""pair"": [1, 12, 1, 15], ""acc"": 1.5, ""vel"": 22.29, ""pos"": 0.4, ""error"": 819.8005920000005}, {""pair"": [1, 12, 1, 15], ""acc"": 1.5, ""vel"": 22.29, ""pos"": 0.4, ""error"": 1312.631312000002}, {""pair"": [1, 12, 1, 15], ""acc"": 1.5, ""vel"": 22.29, ""pos"": 0.4, ""error"": 903.0313120000021}, {""pair"": [1, 12, 1, 15], ""acc"": 1.5, ""vel"": 22.29, ""pos"": 0.4, ""error"": 1312.631312000002}, {""pair"": [1, 12, 1, 15], ""acc"": 1.5, ""vel"": 22.29, ""pos"": 0.4, ""error"": 1229.4005920000002}, {""pair"": [1, 12, 1, 15], ""acc"": 1.5, ""vel"": 22.29, ""pos"": 0.4, ""error"": 903.0313120000021}, {""pair"": [1, 12, 1, 15], ""acc"": 1.5, ""vel"": 22.29, ""pos"": 0.4, ""error"": 1229.4005920000002}, {""pair"": [1, 12, 1, 15], ""acc"": 1.5, ""vel"": 22.29, ""pos"": 0.4, ""error"": 1639.0005920000003}], [{""pair"": [2, 12, 1, 15], ""acc"": 1.5, ""vel"": 22.37, ""pos"": 0.0, ""error"": 820.1189792000006}, {""pair"": [2, 12, 1, 15], ""acc"": 1.5, ""vel"": 22.37, ""pos"": 0.0, ""error"": 2458.5189792}, {""pair"": [2, 12, 1, 15], ""acc"": 1.5, ""vel"": 22.37, ""pos"": 0.0, ""error"": 820.1189792000006}, {""pair"": [2, 12, 1, 15], ""acc"": 1.5, ""vel"": 22.37, ""pos"": 0.0, ""error"": 2458.5205920000003}, {""pair"": [2, 12, 1, 15], ""acc"": 1.5, ""vel"": 22.37, ""pos"": 0.0, ""error"": 820.1205920000004}, {""pair"": [2, 12, 1, 15], ""acc"": 1.5, ""vel"": 22.37, ""pos"": 0.0, ""error"": 0.9205920000004751}, {""pair"": [2, 12, 1, 15], ""acc"": 1.5, ""vel"": 22.37, ""pos"": 0.0, ""error"": 903.3513120000022}, {""pair"": [2, 12, 1, 15], ""acc"": 1.5, ""vel"": 22.37, ""pos"": 0.0, ""error"": 1229.7205920000004}, {""pair"": [2, 12, 1, 15], ""acc"": 1.5, ""vel"": 22.37, ""pos"": 0.0, ""error"": 820.1205920000004}, {""pair"": [2, 12, 1, 15], ""acc"": 1.5, ""vel"": 22.37, ""pos"": 0.0, ""error"": 1312.951312000002}, {""pair"": [2, 12, 1, 15], ""acc"": 1.5, ""vel"": 22.37, ""pos"": 0.0, ""error"": 903.3513120000022}, {""pair"": [2, 12, 1, 15], ""acc"": 1.5, ""vel"": 22.37, ""pos"": 0.0, ""error"": 1312.951312000002}, {""pair"": [2, 12, 1, 15], ""acc"": 1.5, ""vel"": 22.37, ""pos"": 0.0, ""error"": 1229.7205920000004}, {""pair"": [2, 12, 1, 15], ""acc"": 1.5, ""vel"": 22.37, ""pos"": 0.0, ""error"": 903.3513120000022}, {""pair"": [2, 12, 1, 15], ""acc"": 1.5, ""vel"": 22.37, ""pos"": 0.0, ""error"": 1229.7205920000004}, {""pair"": [2, 12, 1, 15], ""acc"": 1.5, ""vel"": 22.37, ""pos"": 0.0, ""error"": 1639.3205920000005}]]"
269.683,0.016999999999995907,1.540511,22.955446,0.756667935580855,1.5,22.96,0.8,1.5,50,1.2,1.5,22.96,0.8,2.7648052774268725,22.950551395628352,-19.243517828810287,8.0,23.168129000000125,-19.239807742999645,3.267943224773988,20.00018576439114,0.8714468519567159,3.9168504850404378,20.039807742999646,0.8649730732680027,"[[0, 6, 1, 12], [0, 6, 2, 12], [0, 0, 0, 0], [0, 0, 0, 0], [0, 0, 0, 0], [0, 0, 0, 0], [0, 0, 0, 0], [0, 0, 0, 0], [0, 0, 0, 0], [0, 0, 0, 0], [0, 0, 0, 0], [0, 0, 0, 0], [0, 0, 0, 0], [0, 0, 0, 0], [0, 0, 0, 0], [0, 0, 0, 0]]",1,,19.9964756785805,1,0,1,"[0, 6, 2, 12]","[[[0, 6, 1, 12], [1.5, 22.88, 1.2], 0.48547325000008845], [[0, 6, 2, 12], [1.5, 22.96, 0.8], 0.014473250000101245]]","[[0, 6, 2, 12], [0, 6, 1, 12]]","[{""pair"": [0, 6, 2, 12], ""acc"": 1.5, ""vel"": 22.96, ""pos"": 0.8, ""error"": 0.014473250000101245}, {""pair"": [0, 6, 1, 12], ""acc"": 1.5, ""vel"": 22.88, ""pos"": 1.2, ""error"": 0.48547325000008845}]","[[{""pair"": [0, 6, 1, 12], ""acc"": 1.5, ""vel"": 22.88, ""pos"": 1.2, ""error"": 0.48547325000008845}, {""pair"": [0, 6, 1, 12], ""acc"": 1.5, ""vel"": 22.88, ""pos"": 1.2, ""error"": 0.9641132500000906}, {""pair"": [0, 6, 1, 12], ""acc"": 1.5, ""vel"": 22.88, ""pos"": 1.2, ""error"": 0.9039932500000958}, {""pair"": [0, 6, 1, 12], ""acc"": 1.5, ""vel"": 22.88, ""pos"": 1.2, ""error"": 0.9853532500000972}, {""pair"": [0, 6, 1, 12], ""acc"": 1.5, ""vel"": 22.88, ""pos"": 1.2, ""error"": 1.3039932500000957}], [{""pair"": [0, 6, 2, 12], ""acc"": 1.5, ""vel"": 22.96, ""pos"": 0.8, ""error"": 0.014473250000101245}, {""pair"": [0, 6, 2, 12], ""acc"": 1.5, ""vel"": 22.96, ""pos"": 0.8, ""error"": 0.48411325000008887}, {""pair"": [0, 6, 2, 12], ""acc"": 1.5, ""vel"": 22.96, ""pos"": 0.8, ""error"": 0.5839932500000977}, {""pair"": [0, 6, 2, 12], ""acc"": 1.5, ""vel"": 22.96, ""pos"": 0.8, ""error"": 0.6653532500000992}, {""pair"": [0, 6, 2, 12], ""acc"": 1.5, ""vel"": 22.96, ""pos"": 0.8, ""error"": 0.9839932500000976}]]"
269.7,0.016999999999995907,1.538284,22.981054,1.147133121420261,1.5,22.98,1.1,1.5,22.96,26.7,1.5,22.98,1.1,3.608403949642053,22.9975530853446,-18.85295894072211,8.0,23.304129000000092,-18.84479354999974,3.3501958031121384,20.00009206214237,0.8696617413131492,4.268039678040335,19.94479354999974,0.8558480580844563,"[[3, 10, 1, 2], [1, 2, 1, 10], [0, 0, 0, 0], [0, 0, 0, 0], [0, 0, 0, 0], [0, 0, 0, 0], [0, 0, 0, 0], [0, 0, 0, 0], [0, 0, 0, 0], [0, 0, 0, 0], [0, 0, 0, 0], [0, 0, 0, 0], [0, 0, 0, 0], [0, 0, 0, 0], [0, 0, 0, 0], [0, 0, 0, 0]]",1,,19.99192667142,1,0,1,"[1, 2, 1, 10]","[[[3, 10, 1, 2], [1.5, 22.96, 1.1], 0.11603674999989977], [[1, 2, 1, 10], [1.5, 22.98, 1.1], 0.0960367499999002]]","[[1, 2, 1, 10], [3, 10, 1, 2]]","[{""pair"": [1, 2, 1, 10], ""acc"": 1.5, ""vel"": 22.98, ""pos"": 1.1, ""error"": 0.0960367499999002}, {""pair"": [3, 10, 1, 2], ""acc"": 1.5, ""vel"": 22.96, ""pos"": 1.1, ""error"": 0.11603674999989977}]","[[{""pair"": [3, 10, 1, 2], ""acc"": 1.5, ""vel"": 22.96, ""pos"": 1.1, ""error"": 0.11603674999989977}, {""pair"": [3, 10, 1, 2], ""acc"": 1.5, ""vel"": 22.96, ""pos"": 1.1, ""error"": 0.543676749999914}], [{""pair"": [1, 2, 1, 10], ""acc"": 1.5, ""vel"": 22.98, ""pos"": 1.1, ""error"": 0.0960367499999002}, {""pair"": [1, 2, 1, 10], ""acc"": 1.5, ""vel"": 22.98, ""pos"": 1.1, ""error"": 0.5636767499999136}]]"
269.717,0.016000000000019554,1.536777,23.006649,1.5380333214581667,1.5,23.01,1.5,7.9,23.01,1.5,1.5,23.0,1.5,4.363278404263963,23.0588959524885,-18.461479123900624,8.0,23.44012900000006,-18.447467356999834,3.4466760044794924,19.99951244535879,0.8673230707387991,4.6214908710402405,19.947467356999834,0.850996483722414,"[[3, 9, 0, 13], [3, 9, 1, 13], [3, 9, 2, 13], [0, 13, 0, 9], [0, 13, 1, 9], [0, 13, 2, 9], [1, 13, 0, 9], [1, 13, 1, 9], [1, 13, 2, 9], [2, 13, 0, 9], [2, 13, 1, 9], [2, 13, 2, 9], [0, 0, 0, 0], [0, 0, 0, 0], [0, 0, 0, 0], [0, 0, 0, 0]]",1,,19.985500678458,1,0,1,"[0, 13, 1, 9]","[[[3, 9, 0, 13], [1.5, 23.01, 1.5], 0.03812799999952188], [[3, 9, 1, 13], [7.9, 22.85, 1.5], 0.16644799999957915], [[3, 9, 2, 13], [7.9, 23.01, 0.7], 0.7738720000004218], [[0, 13, 0, 9], [1.1, 23.01, 1.5], 0.03812799999952188], [[0, 13, 1, 9], [1.5, 23.0, 1.5], 0.03612799999957983], [[0, 13, 2, 9], [1.5, 23.01, 1.5], 0.03812799999952188], [[1, 13, 0, 9], [7.5, 22.85, 1.5], 0.16644799999957915], [[1, 13, 1, 9], [7.9, 22.84, 1.5], 0.17644799999958072], [[1, 13, 2, 9], [7.9, 22.85, 1.5], 0.16644799999957915], [[2, 13, 0, 9], [7.5, 23.01, 0.7], 0.7738720000004218], [[2, 13, 1, 9], [7.9, 23.0, 0.7], 0.7718720000004797], [[2, 13, 2, 9], [7.9, 23.01, 0.7], 0.7738720000004218]]","[[0, 13, 1, 9], [0, 13, 0, 9], [3, 9, 0, 13], [0, 13, 2, 9], [1, 13, 0, 9], [3, 9, 1, 13], [1, 13, 2, 9], [1, 13, 1, 9], [2, 13, 1, 9], [2, 13, 0, 9], [3, 9, 2, 13], [2, 13, 2, 9]]","[{""pair"": [0, 13, 1, 9], ""acc"": 1.5, ""vel"": 23.0, ""pos"": 1.5, ""error"": 0.03612799999957983}, {""pair"": [0, 13, 0, 9], ""acc"": 1.1, ""vel"": 23.01, ""pos"": 1.5, ""error"": 0.03812799999952188}, {""pair"": [3, 9, 0, 13], ""acc"": 1.5, ""vel"": 23.01, ""pos"": 1.5, ""error"": 0.03812799999952188}, {""pair"": [0, 13, 2, 9], ""acc"": 1.5, ""vel"": 23.01, ""pos"": 1.5, ""error"": 0.03812799999952188}, {""pair"": [1, 13, 0, 9], ""acc"": 7.5, ""vel"": 22.85, ""pos"": 1.5, ""error"": 0.16644799999957915}, {""pair"": [3, 9, 1, 13], ""acc"": 7.9, ""vel"": 22.85, ""pos"": 1.5, ""error"": 0.16644799999957915}, {""pair"": [1, 13, 2, 9], ""acc"": 7.9, ""vel"": 22.85, ""pos"": 1.5, ""error"": 0.16644799999957915}, {""pair"": [1, 13, 1, 9], ""acc"": 7.9, ""vel"": 22.84, ""pos"": 1.5, ""error"": 0.17644799999958072}, {""pair"": [2, 13, 1, 9], ""acc"": 7.9, ""vel"": 23.0, ""pos"": 0.7, ""error"": 0.7718720000004797}, {""pair"": [2, 13, 0, 9], ""acc"": 7.5, ""vel"": 23.01, ""pos"": 0.7, ""error"": 0.7738720000004218}, {""pair"": [3, 9, 2, 13], ""acc"": 7.9, ""vel"": 23.01, ""pos"": 0.7, ""error"": 0.7738720000004218}, {""pair"": [2, 13, 2, 9], ""acc"": 7.9, ""vel"": 23.01, ""pos"": 0.7, ""error"": 0.7738720000004218}]","[[{""pair"": [3, 9, 0, 13], ""acc"": 1.5, ""vel"": 23.01, ""pos"": 1.5, ""error"": 0.03812799999952188}, {""pair"": [3, 9, 0, 13], ""acc"": 1.5, ""vel"": 23.01, ""pos"": 1.5, ""error"": 0.05844799999952177}], [{""pair"": [3, 9, 1, 13], ""acc"": 7.9, ""vel"": 22.85, ""pos"": 1.5, ""error"": 0.1861279999995784}, {""pair"": [3, 9, 1, 13], ""acc"": 7.9, ""vel"": 22.85, ""pos"": 1.5, ""error"": 0.16644799999957915}], [{""pair"": [3, 9, 2, 13], ""acc"": 7.9, ""vel"": 23.01, ""pos"": 0.7, ""error"": 0.7738720000004218}, {""pair"": [3, 9, 2, 13], ""acc"": 7.9, ""vel"": 23.01, ""pos"": 0.7, ""error"": 0.793552000000421}], [{""pair"": [0, 13, 0, 9], ""acc"": 1.1, ""vel"": 23.01, ""pos"": 1.5, ""error"": 0.03812799999952188}, {""pair"": [0, 13, 0, 9], ""acc"": 1.1, ""vel"": 23.01, ""pos"": 1.5, ""error"": 0.05844799999952177}], [{""pair"": [0, 13, 1, 9], ""acc"": 1.5, ""vel"": 23.0, ""pos"": 1.5, ""error"": 0.03612799999957983}, {""pair"": [0, 13, 1, 9], ""acc"": 1.5, ""vel"": 23.0, ""pos"": 1.5, ""error"": 0.04844799999952021}], [{""pair"": [0, 13, 2, 9], ""acc"": 1.5, ""vel"": 23.01, ""pos"": 1.5, ""error"": 0.03812799999952188}, {""pair"": [0, 13, 2, 9], ""acc"": 1.5, ""vel"": 23.01, ""pos"": 1.5, ""error"": 0.05844799999952177}], [{""pair"": [1, 13, 0, 9], ""acc"": 7.5, ""vel"": 22.85, ""pos"": 1.5, ""error"": 0.1861279999995784}, {""pair"": [1, 13, 0, 9], ""acc"": 7.5, ""vel"": 22.85, ""pos"": 1.5, ""error"": 0.16644799999957915}], [{""pair"": [1, 13, 1, 9], ""acc"": 7.9, ""vel"": 22.84, ""pos"": 1.5, ""error"": 0.19612799999957997}, {""pair"": [1, 13, 1, 9], ""acc"": 7.9, ""vel"": 22.84, ""pos"": 1.5, ""error"": 0.17644799999958072}], [{""pair"": [1, 13, 2, 9], ""acc"": 7.9, ""vel"": 22.85, ""pos"": 1.5, ""error"": 0.1861279999995784}, {""pair"": [1, 13, 2, 9], ""acc"": 7.9, ""vel"": 22.85, ""pos"": 1.5, ""error"": 0.16644799999957915}], [{""pair"": [2, 13, 0, 9], ""acc"": 7.5, ""vel"": 23.01, ""pos"": 0.7, ""error"": 0.7738720000004218}, {""pair"": [2, 13, 0, 9], ""acc"": 7.5, ""vel"": 23.01, ""pos"": 0.7, ""error"": 0.793552000000421}], [{""pair"": [2, 13, 1, 9], ""acc"": 7.9, ""vel"": 23.0, ""pos"": 0.7, ""error"": 0.7718720000004797}, {""pair"": [2, 13, 1, 9], ""acc"": 7.9, ""vel"": 23.0, ""pos"": 0.7, ""error"": 0.7835520000004195}], [{""pair"": [2, 13, 2, 9], ""acc"": 7.9, ""vel"": 23.01, ""pos"": 0.7, ""error"": 0.7738720000004218}, {""pair"": [2, 13, 2, 9], ""acc"": 7.9, ""vel"": 23.01, ""pos"": 0.7, ""error"": 0.793552000000421}]]"
269.733,0.016999999999995907,1.535999,23.03224,1.9063364129146172,1.5,23.03,1.9000000000000001,1.5,50,27.5,1.5,23.03,1.9,5.129785030405248,23.128708406956807,-18.09197828902461,8.0,23.568129000000216,-18.071401292999372,3.5976366265728363,19.998314701939226,0.8646533282387701,4.924050685040718,19.97140129299937,0.8473901892254234,"[[1, 2, 0, 6], [2, 2, 0, 6], [0, 0, 0, 0], [0, 0, 0, 0], [0, 0, 0, 0], [0, 0, 0, 0], [0, 0, 0, 0], [0, 0, 0, 0], [0, 0, 0, 0], [0, 0, 0, 0], [0, 0, 0, 0], [0, 0, 0, 0], [0, 0, 0, 0], [0, 0, 0, 0], [0, 0, 0, 0], [0, 0, 0, 0]]",1,,19.977737705913988,1,0,1,"[1, 2, 0, 6]","[[[1, 2, 0, 6], [1.5, 23.03, 1.9], 0.009971050000098236], [[2, 2, 0, 6], [1.5, 23.03, 27.5], 25.609971050000098]]","[[1, 2, 0, 6], [2, 2, 0, 6]]","[{""pair"": [1, 2, 0, 6], ""acc"": 1.5, ""vel"": 23.03, ""pos"": 1.9, ""error"": 0.009971050000098236}, {""pair"": [2, 2, 0, 6], ""acc"": 1.5, ""vel"": 23.03, ""pos"": 27.5, ""error"": 25.609971050000098}]","[[{""pair"": [1, 2, 0, 6], ""acc"": 1.5, ""vel"": 23.03, ""pos"": 1.9, ""error"": 0.013283250000101443}, {""pair"": [1, 2, 0, 6], ""acc"": 1.5, ""vel"": 23.03, ""pos"": 1.9, ""error"": 0.009971050000098236}, {""pair"": [1, 2, 0, 6], ""acc"": 1.5, ""vel"": 23.03, ""pos"": 1.9, ""error"": 0.014113250000088451}, {""pair"": [1, 2, 0, 6], ""acc"": 1.5, ""vel"": 23.03, ""pos"": 1.9, ""error"": 0.014113250000088451}, {""pair"": [1, 2, 0, 6], ""acc"": 1.5, ""vel"": 23.03, ""pos"": 1.9, ""error"": 0.06296625000012446}, {""pair"": [1, 2, 0, 6], ""acc"": 1.5, ""vel"": 23.03, ""pos"": 1.9, ""error"": 0.0561084500001261}, {""pair"": [1, 2, 0, 6], ""acc"": 1.5, ""vel"": 23.03, ""pos"": 1.9, ""error"": 0.0561084500001261}, {""pair"": [1, 2, 0, 6], ""acc"": 1.5, ""vel"": 23.03, ""pos"": 1.9, ""error"": 0.06627845000012766}, {""pair"": [1, 2, 0, 6], ""acc"": 1.5, ""vel"": 23.03, ""pos"": 1.9, ""error"": 0.9121584500000612}, {""pair"": [1, 2, 0, 6], ""acc"": 1.5, ""vel"": 23.03, ""pos"": 1.9, ""error"": 0.9152462500000644}, {""pair"": [1, 2, 0, 6], ""acc"": 1.5, ""vel"": 23.03, ""pos"": 1.9, ""error"": 0.9219884500000628}, {""pair"": [1, 2, 0, 6], ""acc"": 1.5, ""vel"": 23.03, ""pos"": 1.9, ""error"": 0.9219884500000628}], [{""pair"": [2, 2, 0, 6], ""acc"": 1.5, ""vel"": 23.03, ""pos"": 27.5, ""error"": 25.6132832500001}, {""pair"": [2, 2, 0, 6], ""acc"": 1.5, ""vel"": 23.03, ""pos"": 27.5, ""error"": 25.609971050000098}, {""pair"": [2, 2, 0, 6], ""acc"": 1.5, ""vel"": 23.03, ""pos"": 27.5, ""error"": 25.614113250000088}, {""pair"": [2, 2, 0, 6], ""acc"": 1.5, ""vel"": 23.03, ""pos"": 27.5, ""error"": 25.614113250000088}, {""pair"": [2, 2, 0, 6], ""acc"": 1.5, ""vel"": 23.03, ""pos"": 27.5, ""error"": 25.662966250000125}, {""pair"": [2, 2, 0, 6], ""acc"": 1.5, ""vel"": 23.03, ""pos"": 27.5, ""error"": 25.656108450000126}, {""pair"": [2, 2, 0, 6], ""acc"": 1.5, ""vel"": 23.03, ""pos"": 27.5, ""error"": 25.656108450000126}, {""pair"": [2, 2, 0, 6], ""acc"": 1.5, ""vel"": 23.03, ""pos"": 27.5, ""error"": 25.666278450000128}, {""pair"": [2, 2, 0, 6], ""acc"": 1.5, ""vel"": 23.03, ""pos"": 27.5, ""error"": 26.51215845000006}, {""pair"": [2, 2, 0, 6], ""acc"": 1.5, ""vel"": 23.03, ""pos"": 27.5, ""error"": 26.515246250000065}, {""pair"": [2, 2, 0, 6], ""acc"": 1.5, ""vel"": 23.03, ""pos"": 27.5, ""error"": 26.521988450000062}, {""pair"": [2, 2, 0, 6], ""acc"": 1.5, ""vel"": 23.03, ""pos"": 27.5, ""error"": 26.521988450000062}]]"
269.75,0.016999999999995907,1.535623,23.057829,2.298106444770023,1.5,23.06,2.3000000000000003,1.5,33.3,2.3,1.1,23.06,2.3,5.854043958701305,23.215914752473676,-17.698048992169543,8.0,23.704129000000183,-17.669587099999468,3.7725350873801715,19.996155436939567,0.8613124078950608,5.253046128040622,19.96958709999947,0.8424518403523418,"[[3, 3, 0, 9], [3, 3, 2, 9], [0, 3, 0, 9], [0, 3, 2, 9], [0, 0, 0, 0], [0, 0, 0, 0], [0, 0, 0, 0], [0, 0, 0, 0], [0, 0, 0, 0], [0, 0, 0, 0], [0, 0, 0, 0], [0, 0, 0, 0], [0, 0, 0, 0], [0, 0, 0, 0], [0, 0, 0, 0], [0, 0, 0, 0]]",1,,19.967693544769492,1,0,1,"[0, 3, 0, 9]","[[[3, 3, 0, 9], [1.1, 33.3, 2.3], 10.252773250000097], [[3, 3, 2, 9], [1.5, 33.3, 2.3], 10.252773250000097], [[0, 3, 0, 9], [1.1, 23.06, 2.3], 0.012773250000098102], [[0, 3, 2, 9], [1.5, 23.06, 2.3], 0.012773250000098102]]","[[0, 3, 0, 9], [0, 3, 2, 9], [3, 3, 0, 9], [3, 3, 2, 9]]","[{""pair"": [0, 3, 0, 9], ""acc"": 1.1, ""vel"": 23.06, ""pos"": 2.3, ""error"": 0.012773250000098102}, {""pair"": [0, 3, 2, 9], ""acc"": 1.5, ""vel"": 23.06, ""pos"": 2.3, ""error"": 0.012773250000098102}, {""pair"": [3, 3, 0, 9], ""acc"": 1.1, ""vel"": 33.3, ""pos"": 2.3, ""error"": 10.252773250000097}, {""pair"": [3, 3, 2, 9], ""acc"": 1.5, ""vel"": 33.3, ""pos"": 2.3, ""error"": 10.252773250000097}]","[[{""pair"": [3, 3, 0, 9], ""acc"": 1.1, ""vel"": 33.3, ""pos"": 2.3, ""error"": 10.252773250000097}, {""pair"": [3, 3, 0, 9], ""acc"": 1.1, ""vel"": 33.3, ""pos"": 2.3, ""error"": 35.83622674999991}], [{""pair"": [3, 3, 2, 9], ""acc"": 1.5, ""vel"": 33.3, ""pos"": 2.3, ""error"": 10.252773250000097}, {""pair"": [3, 3, 2, 9], ""acc"": 1.5, ""vel"": 33.3, ""pos"": 2.3, ""error"": 35.83622674999991}], [{""pair"": [0, 3, 0, 9], ""acc"": 1.1, ""vel"": 23.06, ""pos"": 2.3, ""error"": 0.012773250000098102}, {""pair"": [0, 3, 0, 9], ""acc"": 1.1, ""vel"": 23.06, ""pos"": 2.3, ""error"": 25.596226749999907}], [{""pair"": [0, 3, 2, 9], ""acc"": 1.5, ""vel"": 23.06, ""pos"": 2.3, ""error"": 0.012773250000098102}, {""pair"": [0, 3, 2, 9], ""acc"": 1.5, ""vel"": 23.06, ""pos"": 2.3, ""error"": 25.596226749999907}]]"
269.767,0.016000000000019554,1.535284,23.08181,2.6903114352934283,1.5,23.080000000000002,2.7,1.4,23.08,5.9,1.4,23.08,2.7,6.495379032050155,23.315433499771576,-17.302532532025552,8.0,23.84012900000015,-17.265460906999564,4.014233305119069,19.99284396731898,0.8574939842964898,5.613097321040526,19.965460906999564,0.8374728554111195,"[[3, 15, 0, 7], [3, 15, 1, 7], [3, 15, 2, 7], [0, 7, 2, 15], [1, 7, 2, 15], [2, 7, 2, 15], [0, 0, 0, 0], [0, 0, 0, 0], [0, 0, 0, 0], [0, 0, 0, 0], [0, 0, 0, 0], [0, 0, 0, 0], [0, 0, 0, 0], [0, 0, 0, 0], [0, 0, 0, 0], [0, 0, 0, 0]]",1,,19.955772342292992,1,0,1,"[2, 7, 2, 15]","[[[3, 15, 0, 7], [1.5, 23.08, 5.9], 3.233299199999526], [[3, 15, 1, 7], [1.4, 23.08, 825.1], 822.4332991999995], [[3, 15, 2, 7], [1.4, 23.08, 5.9], 3.233299199999526], [[0, 7, 2, 15], [1.5, 23.08, 2.7], 0.0332991999995258], [[1, 7, 2, 15], [1.4, 23.08, 821.9], 819.2332991999995], [[2, 7, 2, 15], [1.4, 23.08, 2.7], 0.0332991999995258]]","[[2, 7, 2, 15], [0, 7, 2, 15], [3, 15, 2, 7], [3, 15, 0, 7], [1, 7, 2, 15], [3, 15, 1, 7]]","[{""pair"": [2, 7, 2, 15], ""acc"": 1.4, ""vel"": 23.08, ""pos"": 2.7, ""error"": 0.0332991999995258}, {""pair"": [0, 7, 2, 15], ""acc"": 1.5, ""vel"": 23.08, ""pos"": 2.7, ""error"": 0.0332991999995258}, {""pair"": [3, 15, 2, 7], ""acc"": 1.4, ""vel"": 23.08, ""pos"": 5.9, ""error"": 3.233299199999526}, {""pair"": [3, 15, 0, 7], ""acc"": 1.5, ""vel"": 23.08, ""pos"": 5.9, ""error"": 3.233299199999526}, {""pair"": [1, 7, 2, 15], ""acc"": 1.4, ""vel"": 23.08, ""pos"": 821.9, ""error"": 819.2332991999995}, {""pair"": [3, 15, 1, 7], ""acc"": 1.4, ""vel"": 23.08, ""pos"": 825.1, ""error"": 822.4332991999995}]","[[{""pair"": [3, 15, 0, 7], ""acc"": 1.5, ""vel"": 23.08, ""pos"": 5.9, ""error"": 3.233299199999526}, {""pair"": [3, 15, 0, 7], ""acc"": 1.5, ""vel"": 23.08, ""pos"": 5.9, ""error"": 3.234847999999579}, {""pair"": [3, 15, 0, 7], ""acc"": 1.5, ""vel"": 23.08, ""pos"": 5.9, ""error"": 13.30465919999937}, {""pair"": [3, 15, 0, 7], ""acc"": 1.5, ""vel"": 23.08, ""pos"": 5.9, ""error"": 13.311007999999378}], [{""pair"": [3, 15, 1, 7], ""acc"": 1.4, ""vel"": 23.08, ""pos"": 825.1, ""error"": 822.4332991999995}, {""pair"": [3, 15, 1, 7], ""acc"": 1.4, ""vel"": 23.08, ""pos"": 825.1, ""error"": 822.4348479999996}, {""pair"": [3, 15, 1, 7], ""acc"": 1.4, ""vel"": 23.08, ""pos"": 825.1, ""error"": 832.5046591999994}, {""pair"": [3, 15, 1, 7], ""acc"": 1.4, ""vel"": 23.08, ""pos"": 825.1, ""error"": 832.5110079999994}], [{""pair"": [3, 15, 2, 7], ""acc"": 1.4, ""vel"": 23.08, ""pos"": 5.9, ""error"": 3.233299199999526}, {""pair"": [3, 15, 2, 7], ""acc"": 1.4, ""vel"": 23.08, ""pos"": 5.9, ""error"": 3.234847999999579}, {""pair"": [3, 15, 2, 7], ""acc"": 1.4, ""vel"": 23.08, ""pos"": 5.9, ""error"": 13.30465919999937}, {""pair"": [3, 15, 2, 7], ""acc"": 1.4, ""vel"": 23.08, ""pos"": 5.9, ""error"": 13.311007999999378}], [{""pair"": [0, 7, 2, 15], ""acc"": 1.5, ""vel"": 23.08, ""pos"": 2.7, ""error"": 0.0332991999995258}, {""pair"": [0, 7, 2, 15], ""acc"": 1.5, ""vel"": 23.08, ""pos"": 2.7, ""error"": 0.03484799999957877}, {""pair"": [0, 7, 2, 15], ""acc"": 1.5, ""vel"": 23.08, ""pos"": 2.7, ""error"": 10.370540800000672}, {""pair"": [0, 7, 2, 15], ""acc"": 1.5, ""vel"": 23.08, ""pos"": 2.7, ""error"": 10.37699200000068}], [{""pair"": [1, 7, 2, 15], ""acc"": 1.4, ""vel"": 23.08, ""pos"": 821.9, ""error"": 819.2332991999995}, {""pair"": [1, 7, 2, 15], ""acc"": 1.4, ""vel"": 23.08, ""pos"": 821.9, ""error"": 819.2348479999996}, {""pair"": [1, 7, 2, 15], ""acc"": 1.4, ""vel"": 23.08, ""pos"": 821.9, ""error"": 829.3046591999994}, {""pair"": [1, 7, 2, 15], ""acc"": 1.4, ""vel"": 23.08, ""pos"": 821.9, ""error"": 829.3110079999993}], [{""pair"": [2, 7, 2, 15], ""acc"": 1.4, ""vel"": 23.08, ""pos"": 2.7, ""error"": 0.0332991999995258}, {""pair"": [2, 7, 2, 15], ""acc"": 1.4, ""vel"": 23.08, ""pos"": 2.7, ""error"": 0.03484799999957877}, {""pair"": [2, 7, 2, 15], ""acc"": 1.4, ""vel"": 23.08, ""pos"": 2.7, ""error"": 10.370540800000672}, {""pair"": [2, 7, 2, 15], ""acc"": 1.4, ""vel"": 23.08, ""pos"": 2.7, ""error"": 10.37699200000068}]]"
269.783,0.016999999999995907,1.534274,23.110558,3.05981691164588,1.5,23.11,3.1,8,23.43,3.1,1.5,23.11,3.1,7.141048433989477,23.419359564284505,-16.928654187512645,8.0,23.968129000000307,-16.882994842999096,4.241579856506213,19.988471099158524,0.853502037247926,5.921757135041014,19.982994842999098,0.8337319464109544,"[[3, 0, 0, 15], [3, 0, 1, 15], [3, 0, 2, 15], [0, 14, 1, 14], [0, 14, 2, 14], [1, 14, 0, 14], [1, 14, 2, 14], [2, 14, 0, 14], [2, 14, 1, 14], [0, 0, 0, 0], [0, 0, 0, 0], [0, 0, 0, 0], [0, 0, 0, 0], [0, 0, 0, 0], [0, 0, 0, 0], [0, 0, 0, 0]]",1,,19.94281175464498,1,0,1,"[0, 14, 1, 14]","[[[3, 0, 0, 15], [-11.3, 23.43, 3.1], 0.33192325000010214], [[3, 0, 1, 15], [14.3, 24.07, 3.1], 0.9719232500001027], [[3, 0, 2, 15], [14.3, 23.43, 6.3], 0.33192325000010126], [[0, 14, 1, 14], [1.5, 23.11, 3.1], 0.01192325000010186], [[0, 14, 2, 14], [1.5, 23.43, 1.5], 1.917076749999913], [[1, 14, 0, 14], [1.5, 23.11, 3.1], 0.01192325000010186], [[1, 14, 2, 14], [14.3, 23.11, 1.5], 1.5970767499999128], [[2, 14, 0, 14], [1.5, 23.43, 1.5], 1.917076749999913], [[2, 14, 1, 14], [14.3, 23.11, 1.5], 1.5970767499999128]]","[[0, 14, 1, 14], [1, 14, 0, 14], [0, 14, 2, 14], [2, 14, 0, 14]]","[{""pair"": [0, 14, 1, 14], ""acc"": 1.5, ""vel"": 23.11, ""pos"": 3.1, ""error"": 0.01192325000010186}, {""pair"": [1, 14, 0, 14], ""acc"": 1.5, ""vel"": 23.11, ""pos"": 3.1, ""error"": 0.01192325000010186}, {""pair"": [0, 14, 2, 14], ""acc"": 1.5, ""vel"": 23.43, ""pos"": 1.5, ""error"": 1.917076749999913}, {""pair"": [2, 14, 0, 14], ""acc"": 1.5, ""vel"": 23.43, ""pos"": 1.5, ""error"": 1.917076749999913}]","[[{""pair"": [3, 0, 0, 15], ""acc"": -11.3, ""vel"": 23.43, ""pos"": 3.1, ""error"": 0.33363770000010184}, {""pair"": [3, 0, 0, 15], ""acc"": -11.3, ""vel"": 23.43, ""pos"": 3.1, ""error"": 0.33192325000010214}, {""pair"": [3, 0, 0, 15], ""acc"": -11.3, ""vel"": 23.43, ""pos"": 3.1, ""error"": 3.518762299999913}, {""pair"": [3, 0, 0, 15], ""acc"": -11.3, ""vel"": 23.43, ""pos"": 3.1, ""error"": 3.5170767499999136}, {""pair"": [3, 0, 0, 15], ""acc"": -11.3, ""vel"": 23.43, ""pos"": 3.1, ""error"": 819.5187622999998}, {""pair"": [3, 0, 0, 15], ""acc"": -11.3, ""vel"": 23.43, ""pos"": 3.1, ""error"": 822.7187622999999}], [{""pair"": [3, 0, 1, 15], ""acc"": 14.3, ""vel"": 24.07, ""pos"": 3.1, ""error"": 0.9736377000001024}, {""pair"": [3, 0, 1, 15], ""acc"": 14.3, ""vel"": 24.07, ""pos"": 3.1, ""error"": 0.9719232500001027}, {""pair"": [3, 0, 1, 15], ""acc"": 14.3, ""vel"": 24.07, ""pos"": 3.1, ""error"": 4.158762299999914}, {""pair"": [3, 0, 1, 15], ""acc"": 14.3, ""vel"": 24.07, ""pos"": 3.1, ""error"": 4.157076749999915}, {""pair"": [3, 0, 1, 15], ""acc"": 14.3, ""vel"": 24.07, ""pos"": 3.1, ""error"": 820.1587622999998}, {""pair"": [3, 0, 1, 15], ""acc"": 14.3, ""vel"": 24.07, ""pos"": 3.1, ""error"": 823.3587622999999}], [{""pair"": [3, 0, 2, 15], ""acc"": 14.3, ""vel"": 23.43, ""pos"": 6.3, ""error"": 3.5336377000001016}, {""pair"": [3, 0, 2, 15], ""acc"": 14.3, ""vel"": 23.43, ""pos"": 6.3, ""error"": 3.531923250000102}, {""pair"": [3, 0, 2, 15], ""acc"": 14.3, ""vel"": 23.43, ""pos"": 6.3, ""error"": 0.33363770000010096}, {""pair"": [3, 0, 2, 15], ""acc"": 14.3, ""vel"": 23.43, ""pos"": 6.3, ""error"": 0.33192325000010126}, {""pair"": [3, 0, 2, 15], ""acc"": 14.3, ""vel"": 23.43, ""pos"": 6.3, ""error"": 816.3187622999999}, {""pair"": [3, 0, 2, 15], ""acc"": 14.3, ""vel"": 23.43, ""pos"": 6.3, ""error"": 819.5187622999999}], [{""pair"": [0, 14, 1, 14], ""acc"": 1.5, ""vel"": 23.11, ""pos"": 3.1, ""error"": 0.01363770000010156}, {""pair"": [0, 14, 1, 14], ""acc"": 1.5, ""vel"": 23.11, ""pos"": 3.1, ""error"": 0.01192325000010186}, {""pair"": [0, 14, 1, 14], ""acc"": 1.5, ""vel"": 23.11, ""pos"": 3.1, ""error"": 3.198762299999913}, {""pair"": [0, 14, 1, 14], ""acc"": 1.5, ""vel"": 23.11, ""pos"": 3.1, ""error"": 3.1970767499999133}, {""pair"": [0, 14, 1, 14], ""acc"": 1.5, ""vel"": 23.11, ""pos"": 3.1, ""error"": 819.1987622999999}, {""pair"": [0, 14, 1, 14], ""acc"": 1.5, ""vel"": 23.11, ""pos"": 3.1, ""error"": 822.3987622999999}], [{""pair"": [0, 14, 2, 14], ""acc"": 1.5, ""vel"": 23.43, ""pos"": 1.5, ""error"": 1.9187622999999125}, {""pair"": [0, 14, 2, 14], ""acc"": 1.5, ""vel"": 23.43, ""pos"": 1.5, ""error"": 1.917076749999913}, {""pair"": [0, 14, 2, 14], ""acc"": 1.5, ""vel"": 23.43, ""pos"": 1.5, ""error"": 5.118762299999913}, {""pair"": [0, 14, 2, 14], ""acc"": 1.5, ""vel"": 23.43, ""pos"": 1.5, ""error"": 5.117076749999914}, {""pair"": [0, 14, 2, 14], ""acc"": 1.5, ""vel"": 23.43, ""pos"": 1.5, ""error"": 821.1187622999998}, {""pair"": [0, 14, 2, 14], ""acc"": 1.5, ""vel"": 23.43, ""pos"": 1.5, ""error"": 824.3187622999999}], [{""pair"": [1, 14, 0, 14], ""acc"": 1.5, ""vel"": 23.11, ""pos"": 3.1, ""error"": 0.01363770000010156}, {""pair"": [1, 14, 0, 14], ""acc"": 1.5, ""vel"": 23.11, ""pos"": 3.1, ""error"": 0.01192325000010186}, {""pair"": [1, 14, 0, 14], ""acc"": 1.5, ""vel"": 23.11, ""pos"": 3.1, ""error"": 3.198762299999913}, {""pair"": [1, 14, 0, 14], ""acc"": 1.5, ""vel"": 23.11, ""pos"": 3.1, ""error"": 3.1970767499999133}, {""pair"": [1, 14, 0, 14], ""acc"": 1.5, ""vel"": 23.11, ""pos"": 3.1, ""error"": 819.1987622999999}, {""pair"": [1, 14, 0, 14], ""acc"": 1.5, ""vel"": 23.11, ""pos"": 3.1, ""error"": 822.3987622999999}], [{""pair"": [1, 14, 2, 14], ""acc"": 14.3, ""vel"": 23.11, ""pos"": 1.5, ""error"": 1.5987622999999123}, {""pair"": [1, 14, 2, 14], ""acc"": 14.3, ""vel"": 23.11, ""pos"": 1.5, ""error"": 1.5970767499999128}, {""pair"": [1, 14, 2, 14], ""acc"": 14.3, ""vel"": 23.11, ""pos"": 1.5, ""error"": 4.798762299999913}, {""pair"": [1, 14, 2, 14], ""acc"": 14.3, ""vel"": 23.11, ""pos"": 1.5, ""error"": 4.797076749999913}, {""pair"": [1, 14, 2, 14], ""acc"": 14.3, ""vel"": 23.11, ""pos"": 1.5, ""error"": 820.7987622999999}, {""pair"": [1, 14, 2, 14], ""acc"": 14.3, ""vel"": 23.11, ""pos"": 1.5, ""error"": 823.9987623}], [{""pair"": [2, 14, 0, 14], ""acc"": 1.5, ""vel"": 23.43, ""pos"": 1.5, ""error"": 1.9187622999999125}, {""pair"": [2, 14, 0, 14], ""acc"": 1.5, ""vel"": 23.43, ""pos"": 1.5, ""error"": 1.917076749999913}, {""pair"": [2, 14, 0, 14], ""acc"": 1.5, ""vel"": 23.43, ""pos"": 1.5, ""error"": 5.118762299999913}, {""pair"": [2, 14, 0, 14], ""acc"": 1.5, ""vel"": 23.43, ""pos"": 1.5, ""error"": 5.117076749999914}, {""pair"": [2, 14, 0, 14], ""acc"": 1.5, ""vel"": 23.43, ""pos"": 1.5, ""error"": 821.1187622999998}, {""pair"": [2, 14, 0, 14], ""acc"": 1.5, ""vel"": 23.43, ""pos"": 1.5, ""error"": 824.3187622999999}], [{""pair"": [2, 14, 1, 14], ""acc"": 14.3, ""vel"": 23.11, ""pos"": 1.5, ""error"": 1.5987622999999123}, {""pair"": [2, 14, 1, 14], ""acc"": 14.3, ""vel"": 23.11, ""pos"": 1.5, ""error"": 1.5970767499999128}, {""pair"": [2, 14, 1, 14], ""acc"": 14.3, ""vel"": 23.11, ""pos"": 1.5, ""error"": 4.798762299999913}, {""pair"": [2, 14, 1, 14], ""acc"": 14.3, ""vel"": 23.11, ""pos"": 1.5, ""error"": 4.797076749999913}, {""pair"": [2, 14, 1, 14], ""acc"": 14.3, ""vel"": 23.11, ""pos"": 1.5, ""error"": 820.7987622999999}, {""pair"": [2, 14, 1, 14], ""acc"": 14.3, ""vel"": 23.11, ""pos"": 1.5, ""error"": 823.9987623}]]"
269.8,0.016999999999995907,1.532776,23.134481,3.4529181002387856,1.5,23.13,3.5,1.5,50,3.3,1.5,23.13,3.5,7.743578346136769,23.540757387662296,-16.529493193421192,8.0,24.104129000000274,-16.47438064999919,4.552223137814796,19.98241129365998,0.8488431771584696,6.286171328040917,19.97438064999919,0.8286705008091753,"[[0, 6, 0, 11], [0, 6, 1, 11], [0, 6, 2, 11], [0, 0, 0, 0], [0, 0, 0, 0], [0, 0, 0, 0], [0, 0, 0, 0], [0, 0, 0, 0], [0, 0, 0, 0], [0, 0, 0, 0], [0, 0, 0, 0], [0, 0, 0, 0], [0, 0, 0, 0], [0, 0, 0, 0], [0, 0, 0, 0], [0, 0, 0, 0]]",1,,19.927298750237977,1,0,1,"[0, 6, 2, 11]","[[[0, 6, 0, 11], [3.1, 23.13, 3.3], 0.19858674999989967], [[0, 6, 1, 11], [1.5, 23.17, 3.3], 0.2275867499999138], [[0, 6, 2, 11], [1.5, 23.13, 3.5], 0.012413250000089082]]","[[0, 6, 2, 11], [0, 6, 0, 11], [0, 6, 1, 11]]","[{""pair"": [0, 6, 2, 11], ""acc"": 1.5, ""vel"": 23.13, ""pos"": 3.5, ""error"": 0.012413250000089082}, {""pair"": [0, 6, 0, 11], ""acc"": 3.1, ""vel"": 23.13, ""pos"": 3.3, ""error"": 0.19858674999989967}, {""pair"": [0, 6, 1, 11], ""acc"": 1.5, ""vel"": 23.17, ""pos"": 3.3, ""error"": 0.2275867499999138}]","[[{""pair"": [0, 6, 0, 11], ""acc"": 3.1, ""vel"": 23.13, ""pos"": 3.3, ""error"": 0.19858674999989967}, {""pair"": [0, 6, 0, 11], ""acc"": 3.1, ""vel"": 23.13, ""pos"": 3.3, ""error"": 0.19858674999989967}, {""pair"": [0, 6, 0, 11], ""acc"": 3.1, ""vel"": 23.13, ""pos"": 3.3, ""error"": 1.7269732500000905}, {""pair"": [0, 6, 0, 11], ""acc"": 3.1, ""vel"": 23.13, ""pos"": 3.3, ""error"": 1.7269732500000905}], [{""pair"": [0, 6, 1, 11], ""acc"": 1.5, ""vel"": 23.17, ""pos"": 3.3, ""error"": 0.2275867499999138}, {""pair"": [0, 6, 1, 11], ""acc"": 1.5, ""vel"": 23.17, ""pos"": 3.3, ""error"": 0.2275867499999138}, {""pair"": [0, 6, 1, 11], ""acc"": 1.5, ""vel"": 23.17, ""pos"": 3.3, ""error"": 1.6869732500000878}, {""pair"": [0, 6, 1, 11], ""acc"": 1.5, ""vel"": 23.17, ""pos"": 3.3, ""error"": 1.6869732500000878}], [{""pair"": [0, 6, 2, 11], ""acc"": 1.5, ""vel"": 23.13, ""pos"": 3.5, ""error"": 0.012413250000089082}, {""pair"": [0, 6, 2, 11], ""acc"": 1.5, ""vel"": 23.13, ""pos"": 3.5, ""error"": 0.012413250000089082}, {""pair"": [0, 6, 2, 11], ""acc"": 1.5, ""vel"": 23.13, ""pos"": 3.5, ""error"": 1.9269732500000907}, {""pair"": [0, 6, 2, 11], ""acc"": 1.5, ""vel"": 23.13, ""pos"": 3.5, ""error"": 1.9269732500000907}]]"
269.817,0.016000000000019554,1.53109,23.158379,3.846425763370691,1.5,23.16,3.8000000000000003,1.5,23.16,3.8,1.4,23.16,3.8,8.0,23.67239821954659,-16.128181370760014,8.0,24.24012900000024,-16.063454456999285,4.867042163504198,19.974607134130707,0.8437931361613134,6.623903771040817,19.863454456999285,0.819445080387117,"[[3, 7, 1, 1], [3, 7, 2, 1], [1, 1, 0, 7], [1, 1, 2, 7], [2, 1, 0, 7], [2, 1, 2, 7], [0, 0, 0, 0], [0, 0, 0, 0], [0, 0, 0, 0], [0, 0, 0, 0], [0, 0, 0, 0], [0, 0, 0, 0], [0, 0, 0, 0], [0, 0, 0, 0], [0, 0, 0, 0], [0, 0, 0, 0]]",1,,19.909880220369978,1,0,1,"[2, 1, 0, 7]","[[[3, 7, 1, 1], [1.5, 23.16, 16.6], 12.73572799999952], [[3, 7, 2, 1], [1.5, 23.16, 3.8], 0.07627200000042489], [[1, 1, 0, 7], [1.4, 23.16, 16.6], 12.73572799999952], [[1, 1, 2, 7], [1.5, 23.16, 16.6], 12.73572799999952], [[2, 1, 0, 7], [1.4, 23.16, 3.8], 0.07627200000042489], [[2, 1, 2, 7], [1.5, 23.16, 3.8], 0.07627200000042489]]","[[2, 1, 0, 7], [3, 7, 2, 1], [2, 1, 2, 7], [1, 1, 0, 7], [3, 7, 1, 1], [1, 1, 2, 7]]","[{""pair"": [2, 1, 0, 7], ""acc"": 1.4, ""vel"": 23.16, ""pos"": 3.8, ""error"": 0.07627200000042489}, {""pair"": [3, 7, 2, 1], ""acc"": 1.5, ""vel"": 23.16, ""pos"": 3.8, ""error"": 0.07627200000042489}, {""pair"": [2, 1, 2, 7], ""acc"": 1.5, ""vel"": 23.16, ""pos"": 3.8, ""error"": 0.07627200000042489}, {""pair"": [1, 1, 0, 7], ""acc"": 1.4, ""vel"": 23.16, ""pos"": 16.6, ""error"": 12.73572799999952}, {""pair"": [3, 7, 1, 1], ""acc"": 1.5, ""vel"": 23.16, ""pos"": 16.6, ""error"": 12.73572799999952}, {""pair"": [1, 1, 2, 7], ""acc"": 1.5, ""vel"": 23.16, ""pos"": 16.6, ""error"": 12.73572799999952}]","[[{""pair"": [3, 7, 1, 1], ""acc"": 1.5, ""vel"": 23.16, ""pos"": 16.6, ""error"": 12.73572799999952}, {""pair"": [3, 7, 1, 1], ""acc"": 1.5, ""vel"": 23.16, ""pos"": 16.6, ""error"": 12.94912319999961}, {""pair"": [3, 7, 1, 1], ""acc"": 1.5, ""vel"": 23.16, ""pos"": 16.6, ""error"": 12.96308799999958}], [{""pair"": [3, 7, 2, 1], ""acc"": 1.5, ""vel"": 23.16, ""pos"": 3.8, ""error"": 0.07627200000042489}, {""pair"": [3, 7, 2, 1], ""acc"": 1.5, ""vel"": 23.16, ""pos"": 3.8, ""error"": 0.14912319999960788}, {""pair"": [3, 7, 2, 1], ""acc"": 1.5, ""vel"": 23.16, ""pos"": 3.8, ""error"": 0.16308799999957735}], [{""pair"": [1, 1, 0, 7], ""acc"": 1.4, ""vel"": 23.16, ""pos"": 16.6, ""error"": 12.73572799999952}, {""pair"": [1, 1, 0, 7], ""acc"": 1.4, ""vel"": 23.16, ""pos"": 16.6, ""error"": 12.94912319999961}, {""pair"": [1, 1, 0, 7], ""acc"": 1.4, ""vel"": 23.16, ""pos"": 16.6, ""error"": 12.96308799999958}], [{""pair"": [1, 1, 2, 7], ""acc"": 1.5, ""vel"": 23.16, ""pos"": 16.6, ""error"": 12.73572799999952}, {""pair"": [1, 1, 2, 7], ""acc"": 1.5, ""vel"": 23.16, ""pos"": 16.6, ""error"": 12.94912319999961}, {""pair"": [1, 1, 2, 7], ""acc"": 1.5, ""vel"": 23.16, ""pos"": 16.6, ""error"": 12.96308799999958}], [{""pair"": [2, 1, 0, 7], ""acc"": 1.4, ""vel"": 23.16, ""pos"": 3.8, ""error"": 0.07627200000042489}, {""pair"": [2, 1, 0, 7], ""acc"": 1.4, ""vel"": 23.16, ""pos"": 3.8, ""error"": 0.14912319999960788}, {""pair"": [2, 1, 0, 7], ""acc"": 1.4, ""vel"": 23.16, ""pos"": 3.8, ""error"": 0.16308799999957735}], [{""pair"": [2, 1, 2, 7], ""acc"": 1.5, ""vel"": 23.16, ""pos"": 3.8, ""error"": 0.07627200000042489}, {""pair"": [2, 1, 2, 7], ""acc"": 1.5, ""vel"": 23.16, ""pos"": 3.8, ""error"": 0.14912319999960788}, {""pair"": [2, 1, 2, 7], ""acc"": 1.5, ""vel"": 23.16, ""pos"": 3.8, ""error"": 0.16308799999957735}]]"
269.833,0.016999999999995907,1.529456,23.185442,4.217155806891144,1.5,23.19,4.2,1.5,23.17,4.2,1.5,23.19,4.2,8.0,23.800398219546747,-15.748398999246803,8.0,24.368129000000398,-15.674588392998805,5.172718285017417,19.965554806137945,0.8388748214196127,6.93866358504131,19.874588392998806,0.8155976354605838,"[[3, 10, 2, 5], [2, 5, 1, 10], [2, 5, 2, 10], [0, 0, 0, 0], [0, 0, 0, 0], [0, 0, 0, 0], [0, 0, 0, 0], [0, 0, 0, 0], [0, 0, 0, 0], [0, 0, 0, 0], [0, 0, 0, 0], [0, 0, 0, 0], [0, 0, 0, 0], [0, 0, 0, 0], [0, 0, 0, 0], [0, 0, 0, 0]]",1,,19.89174419988995,1,0,1,"[2, 5, 1, 10]","[[[3, 10, 2, 5], [1.5, 23.17, 4.2], 0.01987770000008826], [[2, 5, 1, 10], [1.5, 23.19, 4.2], 0.01056325000010272], [[2, 5, 2, 10], [1.5, 23.17, 4.3], 0.1198777000000879]]","[[2, 5, 1, 10], [3, 10, 2, 5], [2, 5, 2, 10]]","[{""pair"": [2, 5, 1, 10], ""acc"": 1.5, ""vel"": 23.19, ""pos"": 4.2, ""error"": 0.01056325000010272}, {""pair"": [3, 10, 2, 5], ""acc"": 1.5, ""vel"": 23.17, ""pos"": 4.2, ""error"": 0.01987770000008826}, {""pair"": [2, 5, 2, 10], ""acc"": 1.5, ""vel"": 23.17, ""pos"": 4.3, ""error"": 0.1198777000000879}]","[[{""pair"": [3, 10, 2, 5], ""acc"": 1.5, ""vel"": 23.17, ""pos"": 4.2, ""error"": 0.01987770000008826}, {""pair"": [3, 10, 2, 5], ""acc"": 1.5, ""vel"": 23.17, ""pos"": 4.2, ""error"": 0.02156325000008774}, {""pair"": [3, 10, 2, 5], ""acc"": 1.5, ""vel"": 23.17, ""pos"": 4.2, ""error"": 0.02156325000008774}, {""pair"": [3, 10, 2, 5], ""acc"": 1.5, ""vel"": 23.17, ""pos"": 4.2, ""error"": 12.807722299999902}, {""pair"": [3, 10, 2, 5], ""acc"": 1.5, ""vel"": 23.17, ""pos"": 4.2, ""error"": 12.8094367499999}, {""pair"": [3, 10, 2, 5], ""acc"": 1.5, ""vel"": 23.17, ""pos"": 4.2, ""error"": 12.8094367499999}], [{""pair"": [2, 5, 1, 10], ""acc"": 1.5, ""vel"": 23.19, ""pos"": 4.2, ""error"": 0.01227770000010242}, {""pair"": [2, 5, 1, 10], ""acc"": 1.5, ""vel"": 23.19, ""pos"": 4.2, ""error"": 0.01056325000010272}, {""pair"": [2, 5, 1, 10], ""acc"": 1.5, ""vel"": 23.19, ""pos"": 4.2, ""error"": 0.01056325000010272}, {""pair"": [2, 5, 1, 10], ""acc"": 1.5, ""vel"": 23.19, ""pos"": 4.2, ""error"": 12.800122299999916}, {""pair"": [2, 5, 1, 10], ""acc"": 1.5, ""vel"": 23.19, ""pos"": 4.2, ""error"": 12.798436749999915}, {""pair"": [2, 5, 1, 10], ""acc"": 1.5, ""vel"": 23.19, ""pos"": 4.2, ""error"": 12.798436749999915}], [{""pair"": [2, 5, 2, 10], ""acc"": 1.5, ""vel"": 23.17, ""pos"": 4.3, ""error"": 0.1198777000000879}, {""pair"": [2, 5, 2, 10], ""acc"": 1.5, ""vel"": 23.17, ""pos"": 4.3, ""error"": 0.12156325000008739}, {""pair"": [2, 5, 2, 10], ""acc"": 1.5, ""vel"": 23.17, ""pos"": 4.3, ""error"": 0.12156325000008739}, {""pair"": [2, 5, 2, 10], ""acc"": 1.5, ""vel"": 23.17, ""pos"": 4.3, ""error"": 12.7077222999999}, {""pair"": [2, 5, 2, 10], ""acc"": 1.5, ""vel"": 23.17, ""pos"": 4.3, ""error"": 12.709436749999899}, {""pair"": [2, 5, 2, 10], ""acc"": 1.5, ""vel"": 23.17, ""pos"": 4.3, ""error"": 12.709436749999899}]]"
269.85,0.016999999999995907,1.528018,23.210886,4.6115293272830495,1.5,23.21,4.6000000000000005,1.5,23.2,4.6,1.3,23.22,4.6,8.0,23.936398219546714,-15.342636229514605,8.0,24.504129000000365,-15.259174199998897,5.534081054749613,19.954165556797655,0.8336327535068695,7.280659028041226,19.859174199998897,0.8104419544966728,"[[3, 8, 1, 9], [3, 8, 2, 9], [0, 8, 1, 10], [0, 8, 2, 10], [1, 8, 1, 9], [1, 8, 2, 9], [2, 8, 1, 9], [2, 8, 2, 9], [0, 0, 0, 0], [0, 0, 0, 0], [0, 0, 0, 0], [0, 0, 0, 0], [0, 0, 0, 0], [0, 0, 0, 0], [0, 0, 0, 0], [0, 0, 0, 0]]",1,,19.870703527281947,1,0,1,"[0, 8, 1, 10]","[[[3, 8, 1, 9], [1.5, 23.21, 4.6], 0.01105325000008861], [[3, 8, 2, 9], [1.5, 23.2, 4.6], 0.010393250000098497], [[0, 8, 1, 10], [1.3, 23.22, 4.6], 0.010053250000098046], [[0, 8, 2, 10], [1.3, 23.2, 4.7], 0.010393250000099385], [[1, 8, 1, 9], [1.5, 23.21, 1643.0], 1638.32039325], [[1, 8, 2, 9], [1.5, 23.2, 1643.0], 1638.31039325], [[2, 8, 1, 9], [1.5, 23.21, 4.6], 0.01105325000008861], [[2, 8, 2, 9], [1.5, 23.2, 4.6], 0.010393250000098497]]","[[0, 8, 1, 10], [3, 8, 2, 9], [2, 8, 2, 9], [0, 8, 2, 10], [3, 8, 1, 9], [2, 8, 1, 9], [1, 8, 2, 9], [1, 8, 1, 9]]","[{""pair"": [0, 8, 1, 10], ""acc"": 1.3, ""vel"": 23.22, ""pos"": 4.6, ""error"": 0.010053250000098046}, {""pair"": [3, 8, 2, 9], ""acc"": 1.5, ""vel"": 23.2, ""pos"": 4.6, ""error"": 0.010393250000098497}, {""pair"": [2, 8, 2, 9], ""acc"": 1.5, ""vel"": 23.2, ""pos"": 4.6, ""error"": 0.010393250000098497}, {""pair"": [0, 8, 2, 10], ""acc"": 1.3, ""vel"": 23.2, ""pos"": 4.7, ""error"": 0.010393250000099385}, {""pair"": [3, 8, 1, 9], ""acc"": 1.5, ""vel"": 23.21, ""pos"": 4.6, ""error"": 0.01105325000008861}, {""pair"": [2, 8, 1, 9], ""acc"": 1.5, ""vel"": 23.21, ""pos"": 4.6, ""error"": 0.01105325000008861}, {""pair"": [1, 8, 2, 9], ""acc"": 1.5, ""vel"": 23.2, ""pos"": 1643.0, ""error"": 1638.31039325}, {""pair"": [1, 8, 1, 9], ""acc"": 1.5, ""vel"": 23.21, ""pos"": 1643.0, ""error"": 1638.32039325}]","[[{""pair"": [3, 8, 1, 9], ""acc"": 1.5, ""vel"": 23.21, ""pos"": 4.6, ""error"": 0.01105325000008861}, {""pair"": [3, 8, 1, 9], ""acc"": 1.5, ""vel"": 23.21, ""pos"": 4.6, ""error"": 0.02039325000010006}, {""pair"": [3, 8, 1, 9], ""acc"": 1.5, ""vel"": 23.21, ""pos"": 4.6, ""error"": 0.10860674999991016}], [{""pair"": [3, 8, 2, 9], ""acc"": 1.5, ""vel"": 23.2, ""pos"": 4.6, ""error"": 0.021053250000090173}, {""pair"": [3, 8, 2, 9], ""acc"": 1.5, ""vel"": 23.2, ""pos"": 4.6, ""error"": 0.010393250000098497}, {""pair"": [3, 8, 2, 9], ""acc"": 1.5, ""vel"": 23.2, ""pos"": 4.6, ""error"": 0.0986067499999086}], [{""pair"": [0, 8, 1, 10], ""acc"": 1.3, ""vel"": 23.22, ""pos"": 4.6, ""error"": 0.010053250000098046}, {""pair"": [0, 8, 1, 10], ""acc"": 1.3, ""vel"": 23.22, ""pos"": 4.6, ""error"": 0.03039325000009807}, {""pair"": [0, 8, 1, 10], ""acc"": 1.3, ""vel"": 23.22, ""pos"": 4.6, ""error"": 0.11860674999990817}], [{""pair"": [0, 8, 2, 10], ""acc"": 1.3, ""vel"": 23.2, ""pos"": 4.7, ""error"": 0.1210532500000907}, {""pair"": [0, 8, 2, 10], ""acc"": 1.3, ""vel"": 23.2, ""pos"": 4.7, ""error"": 0.11039325000009903}, {""pair"": [0, 8, 2, 10], ""acc"": 1.3, ""vel"": 23.2, ""pos"": 4.7, ""error"": 0.010393250000099385}], [{""pair"": [1, 8, 1, 9], ""acc"": 1.5, ""vel"": 23.21, ""pos"": 1643.0, ""error"": 1638.4110532500001}, {""pair"": [1, 8, 1, 9], ""acc"": 1.5, ""vel"": 23.21, ""pos"": 1643.0, ""error"": 1638.4203932500002}, {""pair"": [1, 8, 1, 9], ""acc"": 1.5, ""vel"": 23.21, ""pos"": 1643.0, ""error"": 1638.32039325}], [{""pair"": [1, 8, 2, 9], ""acc"": 1.5, ""vel"": 23.2, ""pos"": 1643.0, ""error"": 1638.42105325}, {""pair"": [1, 8, 2, 9], ""acc"": 1.5, ""vel"": 23.2, ""pos"": 1643.0, ""error"": 1638.4103932500002}, {""pair"": [1, 8, 2, 9], ""acc"": 1.5, ""vel"": 23.2, ""pos"": 1643.0, ""error"": 1638.31039325}], [{""pair"": [2, 8, 1, 9], ""acc"": 1.5, ""vel"": 23.21, ""pos"": 4.6, ""error"": 0.01105325000008861}, {""pair"": [2, 8, 1, 9], ""acc"": 1.5, ""vel"": 23.21, ""pos"": 4.6, ""error"": 0.02039325000010006}, {""pair"": [2, 8, 1, 9], ""acc"": 1.5, ""vel"": 23.21, ""pos"": 4.6, ""error"": 0.10860674999991016}], [{""pair"": [2, 8, 2, 9], ""acc"": 1.5, ""vel"": 23.2, ""pos"": 4.6, ""error"": 0.021053250000090173}, {""pair"": [2, 8, 2, 9], ""acc"": 1.5, ""vel"": 23.2, ""pos"": 4.6, ""error"": 0.010393250000098497}, {""pair"": [2, 8, 2, 9], ""acc"": 1.5, ""vel"": 23.2, ""pos"": 4.6, ""error"": 0.0986067499999086}]]"
269.867,0.01599999999996271,1.526422,23.236303,5.006335187883955,1.5,23.240000000000002,5.0,1.5,23.24,5.0,1.5,23.24,5.0,8.0,24.07239821954668,-14.93456145978241,8.0,24.640129000000332,-14.841448006998991,5.868662074481804,19.940896647666364,0.8283718334085403,7.653910221041121,19.84144800699899,0.8052493559184988,"[[0, 0, 0, 0], [0, 0, 0, 0], [0, 0, 0, 0], [0, 0, 0, 0], [0, 0, 0, 0], [0, 0, 0, 0], [0, 0, 0, 0], [0, 0, 0, 0], [0, 0, 0, 0], [0, 0, 0, 0], [0, 0, 0, 0], [0, 0, 0, 0], [0, 0, 0, 0], [0, 0, 0, 0], [0, 0, 0, 0], [0, 0, 0, 0]]",0,,19.847783194882947,0,0,0,"[0, 0, 0, 0]","[[[0, 0, 0, 0], [1.5, 23.24, 5.0], 0]]","[[0, 0, 0, 0], [0, 0, 0, 0], [0, 0, 0, 0], [0, 0, 0, 0], [0, 0, 0, 0], [0, 0, 0, 0]]","[{""pair"": [0, 0, 0, 0], ""acc"": 1.5, ""vel"": 23.24, ""pos"": 5.0, ""error"": 0.02911360000081853}, {""pair"": [0, 0, 0, 0], ""acc"": 1.5, ""vel"": 23.24, ""pos"": 5.0, ""error"": 0.044608000000921244}, {""pair"": [0, 0, 0, 0], ""acc"": 1.5, ""vel"": 23.24, ""pos"": 5.0, ""error"": 0.044608000000921244}, {""pair"": [0, 0, 0, 0], ""acc"": 1.5, ""vel"": 23.24, ""pos"": 5.0, ""error"": 0.09056639999918215}, {""pair"": [0, 0, 0, 0], ""acc"": 1.5, ""vel"": 23.24, ""pos"": 5.0, ""error"": 0.03444800000092041}, {""pair"": [0, 0, 0, 0], ""acc"": 1.5, ""vel"": 23.24, ""pos"": 5.0, ""error"": 0.03444800000092041}]",[]
269.883,0.016999999999995907,1.524782,23.261692,5.378311417899087,1.5,23.26,5.4,1.5,50,5.4,1.5,23.26,5.4,8.0,24.200398219546383,-14.548379088270565,8.0,24.768129000000034,-14.446181942999909,6.209519445993614,19.926690506169653,0.8234034136708996,8.003851285040161,19.84618194299991,0.8012790123549454,"[[3, 12, 0, 5], [0, 5, 0, 12], [0, 5, 1, 12], [0, 0, 0, 0], [0, 0, 0, 0], [0, 0, 0, 0], [0, 0, 0, 0], [0, 0, 0, 0], [0, 0, 0, 0], [0, 0, 0, 0], [0, 0, 0, 0], [0, 0, 0, 0], [0, 0, 0, 0], [0, 0, 0, 0], [0, 0, 0, 0], [0, 0, 0, 0]]",1,,19.824493360898995,1,0,1,"[3, 12, 0, 5]","[[[3, 12, 0, 5], [1.5, 23.26, 5.4], 0.01020325000008615], [[0, 5, 0, 12], [4.7, 23.26, 5.4], 0.01020325000008615], [[0, 5, 1, 12], [1.5, 23.34, 5.4], 0.07920325000010298]]","[[3, 12, 0, 5], [0, 5, 0, 12], [0, 5, 1, 12]]","[{""pair"": [3, 12, 0, 5], ""acc"": 1.5, ""vel"": 23.26, ""pos"": 5.4, ""error"": 0.01020325000008615}, {""pair"": [0, 5, 0, 12], ""acc"": 4.7, ""vel"": 23.26, ""pos"": 5.4, ""error"": 0.01020325000008615}, {""pair"": [0, 5, 1, 12], ""acc"": 1.5, ""vel"": 23.34, ""pos"": 5.4, ""error"": 0.07920325000010298}]","[[{""pair"": [3, 12, 0, 5], ""acc"": 1.5, ""vel"": 23.26, ""pos"": 5.4, ""error"": 0.01020325000008615}, {""pair"": [3, 12, 0, 5], ""acc"": 1.5, ""vel"": 23.26, ""pos"": 5.4, ""error"": 0.01020325000008615}, {""pair"": [3, 12, 0, 5], ""acc"": 1.5, ""vel"": 23.26, ""pos"": 5.4, ""error"": 0.01020325000008615}, {""pair"": [3, 12, 0, 5], ""acc"": 1.5, ""vel"": 23.26, ""pos"": 5.4, ""error"": 0.01020325000008615}, {""pair"": [3, 12, 0, 5], ""acc"": 1.5, ""vel"": 23.26, ""pos"": 5.4, ""error"": 0.01020325000008615}, {""pair"": [3, 12, 0, 5], ""acc"": 1.5, ""vel"": 23.26, ""pos"": 5.4, ""error"": 0.01020325000008615}], [{""pair"": [0, 5, 0, 12], ""acc"": 4.7, ""vel"": 23.26, ""pos"": 5.4, ""error"": 0.01020325000008615}, {""pair"": [0, 5, 0, 12], ""acc"": 4.7, ""vel"": 23.26, ""pos"": 5.4, ""error"": 0.01020325000008615}, {""pair"": [0, 5, 0, 12], ""acc"": 4.7, ""vel"": 23.26, ""pos"": 5.4, ""error"": 0.01020325000008615}, {""pair"": [0, 5, 0, 12], ""acc"": 4.7, ""vel"": 23.26, ""pos"": 5.4, ""error"": 0.01020325000008615}, {""pair"": [0, 5, 0, 12], ""acc"": 4.7, ""vel"": 23.26, ""pos"": 5.4, ""error"": 0.01020325000008615}, {""pair"": [0, 5, 0, 12], ""acc"": 4.7, ""vel"": 23.26, ""pos"": 5.4, ""error"": 0.01020325000008615}], [{""pair"": [0, 5, 1, 12], ""acc"": 1.5, ""vel"": 23.34, ""pos"": 5.4, ""error"": 0.07920325000010298}, {""pair"": [0, 5, 1, 12], ""acc"": 1.5, ""vel"": 23.34, ""pos"": 5.4, ""error"": 0.07920325000010298}, {""pair"": [0, 5, 1, 12], ""acc"": 1.5, ""vel"": 23.34, ""pos"": 5.4, ""error"": 0.07920325000010298}, {""pair"": [0, 5, 1, 12], ""acc"": 1.5, ""vel"": 23.34, ""pos"": 5.4, ""error"": 0.07920325000010298}, {""pair"": [0, 5, 1, 12], ""acc"": 1.5, ""vel"": 23.34, ""pos"": 5.4, ""error"": 0.07920325000010298}, {""pair"": [0, 5, 1, 12], ""acc"": 1.5, ""vel"": 23.34, ""pos"": 5.4, ""error"": 0.07920325000010298}]]"
269.9,0.016999999999995907,1.522849,23.287043,5.7739805128979915,1.5,23.29,5.800000000000001,1.5,23.29,5.8,1.5,23.29,5.8,8.0,24.33639821954635,-14.135816318538376,8.0,24.904129,-14.02396775000001,6.548400965725811,19.909796831436367,0.8181077845547968,8.352384228040071,19.82396775000001,0.7960112859196966,"[[3, 1, 2, 5], [1, 1, 2, 5], [0, 0, 0, 0], [0, 0, 0, 0], [0, 0, 0, 0], [0, 0, 0, 0], [0, 0, 0, 0], [0, 0, 0, 0], [0, 0, 0, 0], [0, 0, 0, 0], [0, 0, 0, 0], [0, 0, 0, 0], [0, 0, 0, 0], [0, 0, 0, 0], [0, 0, 0, 0], [0, 0, 0, 0]]",1,,19.797948262898,1,0,1,"[3, 1, 2, 5]","[[[3, 1, 2, 5], [1.5, 23.29, 5.8], 0.008863250000098688], [[1, 1, 2, 5], [1.5, 23.29, 18.6], 12.808863250000101]]","[[3, 1, 2, 5], [1, 1, 2, 5]]","[{""pair"": [3, 1, 2, 5], ""acc"": 1.5, ""vel"": 23.29, ""pos"": 5.8, ""error"": 0.008863250000098688}, {""pair"": [1, 1, 2, 5], ""acc"": 1.5, ""vel"": 23.29, ""pos"": 18.6, ""error"": 12.808863250000101}]","[[{""pair"": [3, 1, 2, 5], ""acc"": 1.5, ""vel"": 23.29, ""pos"": 5.8, ""error"": 0.008863250000098688}, {""pair"": [3, 1, 2, 5], ""acc"": 1.5, ""vel"": 23.29, ""pos"": 5.8, ""error"": 0.05380085000007817}, {""pair"": [3, 1, 2, 5], ""acc"": 1.5, ""vel"": 23.29, ""pos"": 5.8, ""error"": 0.07850325000008951}], [{""pair"": [1, 1, 2, 5], ""acc"": 1.5, ""vel"": 23.29, ""pos"": 18.6, ""error"": 12.808863250000101}, {""pair"": [1, 1, 2, 5], ""acc"": 1.5, ""vel"": 23.29, ""pos"": 18.6, ""error"": 12.85380085000008}, {""pair"": [1, 1, 2, 5], ""acc"": 1.5, ""vel"": 23.29, ""pos"": 18.6, ""error"": 12.87850325000009}]]"
269.917,0.016000000000019554,1.520545,23.312349,6.170080295578396,1.5,23.31,6.2,8,23.31,415.8,1.5,23.31,6.2,8.0,24.472398219546317,-13.720941548806188,8.0,25.04012899999997,-13.59944155700011,6.918625735457994,19.891021844384582,0.8127941391742085,8.732260421039966,19.79944155700011,0.7907084487064798,"[[0, 14, 1, 6], [2, 14, 1, 6], [0, 0, 0, 0], [0, 0, 0, 0], [0, 0, 0, 0], [0, 0, 0, 0], [0, 0, 0, 0], [0, 0, 0, 0], [0, 0, 0, 0], [0, 0, 0, 0], [0, 0, 0, 0], [0, 0, 0, 0], [0, 0, 0, 0], [0, 0, 0, 0], [0, 0, 0, 0], [0, 0, 0, 0]]",1,,19.769521852578507,1,0,1,"[0, 14, 1, 6]","[[[0, 14, 1, 6], [1.5, 23.31, 6.2], 0.031167999999574647], [[2, 14, 1, 6], [14.3, 23.31, 4.6], 1.5768320000004854]]","[[0, 14, 1, 6]]","[{""pair"": [0, 14, 1, 6], ""acc"": 1.5, ""vel"": 23.31, ""pos"": 6.2, ""error"": 0.031167999999574647}]","[[{""pair"": [0, 14, 1, 6], ""acc"": 1.5, ""vel"": 23.31, ""pos"": 6.2, ""error"": 0.031167999999574647}, {""pair"": [0, 14, 1, 6], ""acc"": 1.5, ""vel"": 23.31, ""pos"": 6.2, ""error"": 12.77683200000049}], [{""pair"": [2, 14, 1, 6], ""acc"": 14.3, ""vel"": 23.31, ""pos"": 4.6, ""error"": 1.5768320000004854}, {""pair"": [2, 14, 1, 6], ""acc"": 14.3, ""vel"": 23.31, ""pos"": 4.6, ""error"": 14.376832000000489}]]"
269.933,0.016999999999995907,1.518009,23.339195,6.543272509338852,1.5,23.34,6.5,1.5,50,32.1,1.5,23.34,6.5,8.0,24.600398219546474,-13.328359177292965,8.0,25.168129000000125,-13.197775492999618,7.236539356971231,19.871631686631815,0.8077768298418286,9.059257735040468,19.697775492999618,0.7826475894572664,"[[1, 2, 0, 5], [0, 0, 0, 0], [0, 0, 0, 0], [0, 0, 0, 0], [0, 0, 0, 0], [0, 0, 0, 0], [0, 0, 0, 0], [0, 0, 0, 0], [0, 0, 0, 0], [0, 0, 0, 0], [0, 0, 0, 0], [0, 0, 0, 0], [0, 0, 0, 0], [0, 0, 0, 0], [0, 0, 0, 0], [0, 0, 0, 0]]",1,,19.74104800233847,1,0,1,"[1, 2, 0, 5]","[[[1, 2, 0, 5], [1.5, 23.34, 6.5], 0.10098674999991175]]","[[1, 2, 0, 5]]","[{""pair"": [1, 2, 0, 5], ""acc"": 1.5, ""vel"": 23.34, ""pos"": 6.5, ""error"": 0.10098674999991175}]","[[{""pair"": [1, 2, 0, 5], ""acc"": 1.5, ""vel"": 23.34, ""pos"": 6.5, ""error"": 0.10098674999991175}]]"
269.95,0.016999999999995907,1.515169,23.362822,6.940258176639256,1.5,23.36,6.9,1.5,23.44,19.7,1.5,23.36,6.9,8.0,24.73639821954644,-12.908996407560776,8.0,25.304129000000092,-12.768761299999719,7.611127126703418,19.849254584200033,0.8024310737573492,9.443496928040368,19.66876129999972,0.7772945395591229,"[[3, 1, 1, 12], [3, 1, 2, 12], [0, 1, 1, 12], [0, 1, 2, 12], [1, 1, 1, 12], [1, 1, 2, 12], [2, 1, 1, 12], [2, 1, 2, 12], [0, 0, 0, 0], [0, 0, 0, 0], [0, 0, 0, 0], [0, 0, 0, 0], [0, 0, 0, 0], [0, 0, 0, 0], [0, 0, 0, 0], [0, 0, 0, 0]]",1,,19.709019476638975,1,0,1,"[1, 1, 1, 12]","[[[3, 1, 1, 12], [1.5, 23.36, 19.7], 12.80850325000009], [[3, 1, 2, 12], [1.5, 23.44, 19.3], 12.477503250000105], [[0, 1, 1, 12], [1.5, 20.8, 19.7], 15.368503250000089], [[0, 1, 2, 12], [1.5, 20.88, 19.3], 14.888503250000092], [[1, 1, 1, 12], [1.5, 23.36, 6.9], 0.008503250000090112], [[1, 1, 2, 12], [1.5, 23.44, 6.5], 0.4714967499999121], [[2, 1, 1, 12], [1.5, 23.36, 19.7], 12.80850325000009], [[2, 1, 2, 12], [1.5, 23.44, 19.3], 12.477503250000105]]","[[1, 1, 1, 12], [1, 1, 2, 12], [3, 1, 2, 12], [2, 1, 2, 12], [3, 1, 1, 12], [2, 1, 1, 12], [0, 1, 2, 12], [0, 1, 1, 12]]","[{""pair"": [1, 1, 1, 12], ""acc"": 1.5, ""vel"": 23.36, ""pos"": 6.9, ""error"": 0.008503250000090112}, {""pair"": [1, 1, 2, 12], ""acc"": 1.5, ""vel"": 23.44, ""pos"": 6.5, ""error"": 0.4714967499999121}, {""pair"": [3, 1, 2, 12], ""acc"": 1.5, ""vel"": 23.44, ""pos"": 19.3, ""error"": 12.477503250000105}, {""pair"": [2, 1, 2, 12], ""acc"": 1.5, ""vel"": 23.44, ""pos"": 19.3, ""error"": 12.477503250000105}, {""pair"": [3, 1, 1, 12], ""acc"": 1.5, ""vel"": 23.36, ""pos"": 19.7, ""error"": 12.80850325000009}, {""pair"": [2, 1, 1, 12], ""acc"": 1.5, ""vel"": 23.36, ""pos"": 19.7, ""error"": 12.80850325000009}, {""pair"": [0, 1, 2, 12], ""acc"": 1.5, ""vel"": 20.88, ""pos"": 19.3, ""error"": 14.888503250000092}, {""pair"": [0, 1, 1, 12], ""acc"": 1.5, ""vel"": 20.8, ""pos"": 19.7, ""error"": 15.368503250000089}]","[[{""pair"": [3, 1, 1, 12], ""acc"": 1.5, ""vel"": 23.36, ""pos"": 19.7, ""error"": 12.80850325000009}], [{""pair"": [3, 1, 2, 12], ""acc"": 1.5, ""vel"": 23.44, ""pos"": 19.3, ""error"": 12.477503250000105}], [{""pair"": [0, 1, 1, 12], ""acc"": 1.5, ""vel"": 20.8, ""pos"": 19.7, ""error"": 15.368503250000089}], [{""pair"": [0, 1, 2, 12], ""acc"": 1.5, ""vel"": 20.88, ""pos"": 19.3, ""error"": 14.888503250000092}], [{""pair"": [1, 1, 1, 12], ""acc"": 1.5, ""vel"": 23.36, ""pos"": 6.9, ""error"": 0.008503250000090112}], [{""pair"": [1, 1, 2, 12], ""acc"": 1.5, ""vel"": 23.44, ""pos"": 6.5, ""error"": 0.4714967499999121}], [{""pair"": [2, 1, 1, 12], ""acc"": 1.5, ""vel"": 23.36, ""pos"": 19.7, ""error"": 12.80850325000009}], [{""pair"": [2, 1, 2, 12], ""acc"": 1.5, ""vel"": 23.44, ""pos"": 19.3, ""error"": 12.477503250000105}]]"
269.967,0.016000000000019554,1.511253,23.387951,7.337645092559661,1.5,23.39,7.300000000000001,1.5,24.67,7.3,1.5,23.39,7.3,8.0,24.872398219546408,-12.487321637828588,8.0,25.44012900000006,-12.337435106999822,7.958745646435598,19.824966730388248,0.7970669557231699,9.800766871040253,19.63743510699982,0.7719078431952832,"[[3, 0, 2, 13], [3, 13, 0, 0], [3, 13, 1, 0], [3, 13, 2, 0], [0, 0, 2, 13], [1, 0, 2, 13], [2, 0, 2, 13], [0, 0, 0, 0], [0, 0, 0, 0], [0, 0, 0, 0], [0, 0, 0, 0], [0, 0, 0, 0], [0, 0, 0, 0], [0, 0, 0, 0], [0, 0, 0, 0], [0, 0, 0, 0]]",1,,19.67508019955948,1,0,1,"[3, 13, 0, 0]","[[[3, 0, 2, 13], [1.5, 24.67, 6.5], 1.5812320000004298], [[3, 13, 0, 0], [1.5, 23.39, 7.3], 0.03204799999951469], [[3, 13, 1, 0], [1.5, 24.67, 0.9], 7.1812320000004295], [[3, 13, 2, 0], [1.5, 24.67, 7.3], 1.3120479999995158], [[0, 0, 2, 13], [1.5, 23.39, 6.5], 0.4492320000004888], [[1, 0, 2, 13], [1.5, 24.67, 0.1], 7.98123200000043], [[2, 0, 2, 13], [1.5, 24.67, 6.5], 1.5812320000004298]]","[[3, 13, 0, 0], [0, 0, 2, 13], [3, 13, 2, 0], [3, 0, 2, 13], [2, 0, 2, 13], [3, 13, 1, 0], [1, 0, 2, 13]]","[{""pair"": [3, 13, 0, 0], ""acc"": 1.5, ""vel"": 23.39, ""pos"": 7.3, ""error"": 0.03204799999951469}, {""pair"": [0, 0, 2, 13], ""acc"": 1.5, ""vel"": 23.39, ""pos"": 6.5, ""error"": 0.4492320000004888}, {""pair"": [3, 13, 2, 0], ""acc"": 1.5, ""vel"": 24.67, ""pos"": 7.3, ""error"": 1.3120479999995158}, {""pair"": [3, 0, 2, 13], ""acc"": 1.5, ""vel"": 24.67, ""pos"": 6.5, ""error"": 1.5812320000004298}, {""pair"": [2, 0, 2, 13], ""acc"": 1.5, ""vel"": 24.67, ""pos"": 6.5, ""error"": 1.5812320000004298}, {""pair"": [3, 13, 1, 0], ""acc"": 1.5, ""vel"": 24.67, ""pos"": 0.9, ""error"": 7.1812320000004295}, {""pair"": [1, 0, 2, 13], ""acc"": 1.5, ""vel"": 24.67, ""pos"": 0.1, ""error"": 7.98123200000043}]","[[{""pair"": [3, 0, 2, 13], ""acc"": 1.5, ""vel"": 24.67, ""pos"": 6.5, ""error"": 2.05995200000043}, {""pair"": [3, 0, 2, 13], ""acc"": 1.5, ""vel"": 24.67, ""pos"": 6.5, ""error"": 1.5812320000004298}, {""pair"": [3, 0, 2, 13], ""acc"": 1.5, ""vel"": 24.67, ""pos"": 6.5, ""error"": 14.38123200000043}, {""pair"": [3, 0, 2, 13], ""acc"": 1.5, ""vel"": 24.67, ""pos"": 6.5, ""error"": 14.38123200000043}, {""pair"": [3, 0, 2, 13], ""acc"": 1.5, ""vel"": 24.67, ""pos"": 6.5, ""error"": 14.85995200000043}, {""pair"": [3, 0, 2, 13], ""acc"": 1.5, ""vel"": 24.67, ""pos"": 6.5, ""error"": 14.85995200000043}, {""pair"": [3, 0, 2, 13], ""acc"": 1.5, ""vel"": 24.67, ""pos"": 6.5, ""error"": 16.900272000000385}, {""pair"": [3, 0, 2, 13], ""acc"": 1.5, ""vel"": 24.67, ""pos"": 6.5, ""error"": 17.37899200000038}], [{""pair"": [3, 13, 0, 0], ""acc"": 1.5, ""vel"": 23.39, ""pos"": 7.3, ""error"": 0.03204799999951469}, {""pair"": [3, 13, 0, 0], ""acc"": 1.5, ""vel"": 23.39, ""pos"": 7.3, ""error"": 0.4987679999995711}, {""pair"": [3, 13, 0, 0], ""acc"": 1.5, ""vel"": 23.39, ""pos"": 7.3, ""error"": 12.449232000000489}, {""pair"": [3, 13, 0, 0], ""acc"": 1.5, ""vel"": 23.39, ""pos"": 7.3, ""error"": 12.449232000000489}, {""pair"": [3, 13, 0, 0], ""acc"": 1.5, ""vel"": 23.39, ""pos"": 7.3, ""error"": 12.779952000000428}, {""pair"": [3, 13, 0, 0], ""acc"": 1.5, ""vel"": 23.39, ""pos"": 7.3, ""error"": 12.779952000000428}, {""pair"": [3, 13, 0, 0], ""acc"": 1.5, ""vel"": 23.39, ""pos"": 7.3, ""error"": 14.820272000000383}, {""pair"": [3, 13, 0, 0], ""acc"": 1.5, ""vel"": 23.39, ""pos"": 7.3, ""error"": 15.298992000000379}], [{""pair"": [3, 13, 1, 0], ""acc"": 1.5, ""vel"": 24.67, ""pos"": 0.9, ""error"": 7.6599520000004295}, {""pair"": [3, 13, 1, 0], ""acc"": 1.5, ""vel"": 24.67, ""pos"": 0.9, ""error"": 7.1812320000004295}, {""pair"": [3, 13, 1, 0], ""acc"": 1.5, ""vel"": 24.67, ""pos"": 0.9, ""error"": 19.981232000000432}, {""pair"": [3, 13, 1, 0], ""acc"": 1.5, ""vel"": 24.67, ""pos"": 0.9, ""error"": 19.981232000000432}, {""pair"": [3, 13, 1, 0], ""acc"": 1.5, ""vel"": 24.67, ""pos"": 0.9, ""error"": 20.45995200000043}, {""pair"": [3, 13, 1, 0], ""acc"": 1.5, ""vel"": 24.67, ""pos"": 0.9, ""error"": 20.45995200000043}, {""pair"": [3, 13, 1, 0], ""acc"": 1.5, ""vel"": 24.67, ""pos"": 0.9, ""error"": 22.500272000000386}, {""pair"": [3, 13, 1, 0], ""acc"": 1.5, ""vel"": 24.67, ""pos"": 0.9, ""error"": 22.978992000000382}], [{""pair"": [3, 13, 2, 0], ""acc"": 1.5, ""vel"": 24.67, ""pos"": 7.3, ""error"": 1.3120479999995158}, {""pair"": [3, 13, 2, 0], ""acc"": 1.5, ""vel"": 24.67, ""pos"": 7.3, ""error"": 1.6307679999995122}, {""pair"": [3, 13, 2, 0], ""acc"": 1.5, ""vel"": 24.67, ""pos"": 7.3, ""error"": 13.58123200000043}, {""pair"": [3, 13, 2, 0], ""acc"": 1.5, ""vel"": 24.67, ""pos"": 7.3, ""error"": 13.58123200000043}, {""pair"": [3, 13, 2, 0], ""acc"": 1.5, ""vel"": 24.67, ""pos"": 7.3, ""error"": 14.059952000000429}, {""pair"": [3, 13, 2, 0], ""acc"": 1.5, ""vel"": 24.67, ""pos"": 7.3, ""error"": 14.059952000000429}, {""pair"": [3, 13, 2, 0], ""acc"": 1.5, ""vel"": 24.67, ""pos"": 7.3, ""error"": 16.100272000000384}, {""pair"": [3, 13, 2, 0], ""acc"": 1.5, ""vel"": 24.67, ""pos"": 7.3, ""error"": 16.57899200000038}], [{""pair"": [0, 0, 2, 13], ""acc"": 1.5, ""vel"": 23.39, ""pos"": 6.5, ""error"": 0.7799520000004287}, {""pair"": [0, 0, 2, 13], ""acc"": 1.5, ""vel"": 23.39, ""pos"": 6.5, ""error"": 0.4492320000004888}, {""pair"": [0, 0, 2, 13], ""acc"": 1.5, ""vel"": 23.39, ""pos"": 6.5, ""error"": 13.24923200000049}, {""pair"": [0, 0, 2, 13], ""acc"": 1.5, ""vel"": 23.39, ""pos"": 6.5, ""error"": 13.24923200000049}, {""pair"": [0, 0, 2, 13], ""acc"": 1.5, ""vel"": 23.39, ""pos"": 6.5, ""error"": 13.579952000000429}, {""pair"": [0, 0, 2, 13], ""acc"": 1.5, ""vel"": 23.39, ""pos"": 6.5, ""error"": 13.579952000000429}, {""pair"": [0, 0, 2, 13], ""acc"": 1.5, ""vel"": 23.39, ""pos"": 6.5, ""error"": 15.620272000000384}, {""pair"": [0, 0, 2, 13], ""acc"": 1.5, ""vel"": 23.39, ""pos"": 6.5, ""error"": 16.09899200000038}], [{""pair"": [1, 0, 2, 13], ""acc"": 1.5, ""vel"": 24.67, ""pos"": 0.1, ""error"": 8.459952000000431}, {""pair"": [1, 0, 2, 13], ""acc"": 1.5, ""vel"": 24.67, ""pos"": 0.1, ""error"": 7.98123200000043}, {""pair"": [1, 0, 2, 13], ""acc"": 1.5, ""vel"": 24.67, ""pos"": 0.1, ""error"": 20.78123200000043}, {""pair"": [1, 0, 2, 13], ""acc"": 1.5, ""vel"": 24.67, ""pos"": 0.1, ""error"": 20.78123200000043}, {""pair"": [1, 0, 2, 13], ""acc"": 1.5, ""vel"": 24.67, ""pos"": 0.1, ""error"": 21.25995200000043}, {""pair"": [1, 0, 2, 13], ""acc"": 1.5, ""vel"": 24.67, ""pos"": 0.1, ""error"": 21.25995200000043}, {""pair"": [1, 0, 2, 13], ""acc"": 1.5, ""vel"": 24.67, ""pos"": 0.1, ""error"": 23.300272000000383}, {""pair"": [1, 0, 2, 13], ""acc"": 1.5, ""vel"": 24.67, ""pos"": 0.1, ""error"": 23.77899200000038}], [{""pair"": [2, 0, 2, 13], ""acc"": 1.5, ""vel"": 24.67, ""pos"": 6.5, ""error"": 2.05995200000043}, {""pair"": [2, 0, 2, 13], ""acc"": 1.5, ""vel"": 24.67, ""pos"": 6.5, ""error"": 1.5812320000004298}, {""pair"": [2, 0, 2, 13], ""acc"": 1.5, ""vel"": 24.67, ""pos"": 6.5, ""error"": 14.38123200000043}, {""pair"": [2, 0, 2, 13], ""acc"": 1.5, ""vel"": 24.67, ""pos"": 6.5, ""error"": 14.38123200000043}, {""pair"": [2, 0, 2, 13], ""acc"": 1.5, ""vel"": 24.67, ""pos"": 6.5, ""error"": 14.85995200000043}, {""pair"": [2, 0, 2, 13], ""acc"": 1.5, ""vel"": 24.67, ""pos"": 6.5, ""error"": 14.85995200000043}, {""pair"": [2, 0, 2, 13], ""acc"": 1.5, ""vel"": 24.67, ""pos"": 6.5, ""error"": 16.900272000000385}, {""pair"": [2, 0, 2, 13], ""acc"": 1.5, ""vel"": 24.67, ""pos"": 6.5, ""error"": 17.37899200000038}]]"
269.983,0.033999999999991815,1.507639,23.411459,7.712045748944118,1.5,23.41,7.7,3.1,23.41,7.7,6.3,23.41,7.9,8.0,25.000398219546565,-12.088339266315357,8.0,25.568129000000216,-11.92936904299932,8.312028017948846,19.800385015259476,0.7920027849707827,10.163132935040775,19.82936904299932,0.7755502580184555,"[[0, 12, 2, 11], [1, 12, 2, 11], [3, 11, 0, 13], [3, 11, 1, 13], [3, 13, 0, 11], [3, 13, 1, 11], [0, 11, 0, 13], [0, 11, 1, 13], [1, 11, 0, 13], [1, 11, 1, 13], [0, 0, 0, 0], [0, 0, 0, 0], [0, 0, 0, 0], [0, 0, 0, 0], [0, 0, 0, 0], [0, 0, 0, 0]]",1,,19.64141479194344,1,0,1,"[0, 12, 2, 11]","[[[0, 12, 2, 11], [6.3, 23.41, 7.9], 0.22712699999979513], [[1, 12, 2, 11], [3.1, 23.49, 7.9], 0.24512699999981713], [[3, 11, 0, 13], [9.5, 23.41, 7.7], 0.4271269999997953], [[3, 11, 1, 13], [3.1, 23.57, 7.7], 0.5251269999998192], [[3, 13, 0, 11], [1.5, 23.41, 7.7], 0.4271269999997953], [[3, 13, 1, 11], [3.1, 23.37, 7.7], 0.46712699999979446], [[0, 11, 0, 13], [7.9, 23.41, 7.7], 0.4271269999997953], [[0, 11, 1, 13], [1.5, 23.57, 7.7], 0.5251269999998192], [[1, 11, 0, 13], [9.5, 23.37, 7.7], 0.46712699999979446], [[1, 11, 1, 13], [3.1, 23.53, 7.7], 0.48512699999982]]","[[0, 12, 2, 11], [1, 12, 2, 11], [3, 13, 0, 11], [0, 11, 0, 13], [3, 13, 1, 11], [1, 11, 1, 13], [0, 11, 1, 13], [3, 11, 1, 13]]","[{""pair"": [0, 12, 2, 11], ""acc"": 6.3, ""vel"": 23.41, ""pos"": 7.9, ""error"": 0.22712699999979513}, {""pair"": [1, 12, 2, 11], ""acc"": 3.1, ""vel"": 23.49, ""pos"": 7.9, ""error"": 0.24512699999981713}, {""pair"": [3, 13, 0, 11], ""acc"": 1.5, ""vel"": 23.41, ""pos"": 7.7, ""error"": 0.4271269999997953}, {""pair"": [0, 11, 0, 13], ""acc"": 7.9, ""vel"": 23.41, ""pos"": 7.7, ""error"": 0.4271269999997953}, {""pair"": [3, 13, 1, 11], ""acc"": 3.1, ""vel"": 23.37, ""pos"": 7.7, ""error"": 0.46712699999979446}, {""pair"": [1, 11, 1, 13], ""acc"": 3.1, ""vel"": 23.53, ""pos"": 7.7, ""error"": 0.48512699999982}, {""pair"": [0, 11, 1, 13], ""acc"": 1.5, ""vel"": 23.57, ""pos"": 7.7, ""error"": 0.5251269999998192}, {""pair"": [3, 11, 1, 13], ""acc"": 3.1, ""vel"": 23.57, ""pos"": 7.7, ""error"": 0.5251269999998192}]","[[{""pair"": [0, 12, 2, 11], ""acc"": 6.3, ""vel"": 23.41, ""pos"": 7.9, ""error"": 0.22712699999979513}, {""pair"": [0, 12, 2, 11], ""acc"": 6.3, ""vel"": 23.41, ""pos"": 7.9, ""error"": 0.6348730000001801}, {""pair"": [0, 12, 2, 11], ""acc"": 6.3, ""vel"": 23.41, ""pos"": 7.9, ""error"": 1.5506469999997865}, {""pair"": [0, 12, 2, 11], ""acc"": 6.3, ""vel"": 23.41, ""pos"": 7.9, ""error"": 1.871353000000192}, {""pair"": [0, 12, 2, 11], ""acc"": 6.3, ""vel"": 23.41, ""pos"": 7.9, ""error"": 1.871353000000192}, {""pair"": [0, 12, 2, 11], ""acc"": 6.3, ""vel"": 23.41, ""pos"": 7.9, ""error"": 7.471353000000192}, {""pair"": [0, 12, 2, 11], ""acc"": 6.3, ""vel"": 23.41, ""pos"": 7.9, ""error"": 8.271353000000193}], [{""pair"": [1, 12, 2, 11], ""acc"": 3.1, ""vel"": 23.49, ""pos"": 7.9, ""error"": 0.24512699999981713}, {""pair"": [1, 12, 2, 11], ""acc"": 3.1, ""vel"": 23.49, ""pos"": 7.9, ""error"": 0.6528730000002021}, {""pair"": [1, 12, 2, 11], ""acc"": 3.1, ""vel"": 23.49, ""pos"": 7.9, ""error"": 1.4706469999997882}, {""pair"": [1, 12, 2, 11], ""acc"": 3.1, ""vel"": 23.49, ""pos"": 7.9, ""error"": 1.7913530000001936}, {""pair"": [1, 12, 2, 11], ""acc"": 3.1, ""vel"": 23.49, ""pos"": 7.9, ""error"": 1.7913530000001936}, {""pair"": [1, 12, 2, 11], ""acc"": 3.1, ""vel"": 23.49, ""pos"": 7.9, ""error"": 7.391353000000194}, {""pair"": [1, 12, 2, 11], ""acc"": 3.1, ""vel"": 23.49, ""pos"": 7.9, ""error"": 8.191353000000195}], [{""pair"": [3, 11, 0, 13], ""acc"": 9.5, ""vel"": 23.41, ""pos"": 7.7, ""error"": 0.4271269999997953}, {""pair"": [3, 11, 0, 13], ""acc"": 9.5, ""vel"": 23.41, ""pos"": 7.7, ""error"": 0.4348730000001799}, {""pair"": [3, 11, 0, 13], ""acc"": 9.5, ""vel"": 23.41, ""pos"": 7.7, ""error"": 1.7506469999997867}, {""pair"": [3, 11, 0, 13], ""acc"": 9.5, ""vel"": 23.41, ""pos"": 7.7, ""error"": 1.6713530000001917}, {""pair"": [3, 11, 0, 13], ""acc"": 9.5, ""vel"": 23.41, ""pos"": 7.7, ""error"": 1.6713530000001917}, {""pair"": [3, 11, 0, 13], ""acc"": 9.5, ""vel"": 23.41, ""pos"": 7.7, ""error"": 7.271353000000191}, {""pair"": [3, 11, 0, 13], ""acc"": 9.5, ""vel"": 23.41, ""pos"": 7.7, ""error"": 8.071353000000192}], [{""pair"": [3, 11, 1, 13], ""acc"": 3.1, ""vel"": 23.57, ""pos"": 7.7, ""error"": 0.5251269999998192}, {""pair"": [3, 11, 1, 13], ""acc"": 3.1, ""vel"": 23.57, ""pos"": 7.7, ""error"": 0.5328730000002038}, {""pair"": [3, 11, 1, 13], ""acc"": 3.1, ""vel"": 23.57, ""pos"": 7.7, ""error"": 1.5906469999997865}, {""pair"": [3, 11, 1, 13], ""acc"": 3.1, ""vel"": 23.57, ""pos"": 7.7, ""error"": 1.5113530000001916}, {""pair"": [3, 11, 1, 13], ""acc"": 3.1, ""vel"": 23.57, ""pos"": 7.7, ""error"": 1.5113530000001916}, {""pair"": [3, 11, 1, 13], ""acc"": 3.1, ""vel"": 23.57, ""pos"": 7.7, ""error"": 7.111353000000191}, {""pair"": [3, 11, 1, 13], ""acc"": 3.1, ""vel"": 23.57, ""pos"": 7.7, ""error"": 7.911353000000192}], [{""pair"": [3, 13, 0, 11], ""acc"": 1.5, ""vel"": 23.41, ""pos"": 7.7, ""error"": 0.4271269999997953}, {""pair"": [3, 13, 0, 11], ""acc"": 1.5, ""vel"": 23.41, ""pos"": 7.7, ""error"": 0.4348730000001799}, {""pair"": [3, 13, 0, 11], ""acc"": 1.5, ""vel"": 23.41, ""pos"": 7.7, ""error"": 1.7506469999997867}, {""pair"": [3, 13, 0, 11], ""acc"": 1.5, ""vel"": 23.41, ""pos"": 7.7, ""error"": 1.6713530000001917}, {""pair"": [3, 13, 0, 11], ""acc"": 1.5, ""vel"": 23.41, ""pos"": 7.7, ""error"": 1.6713530000001917}, {""pair"": [3, 13, 0, 11], ""acc"": 1.5, ""vel"": 23.41, ""pos"": 7.7, ""error"": 7.271353000000191}, {""pair"": [3, 13, 0, 11], ""acc"": 1.5, ""vel"": 23.41, ""pos"": 7.7, ""error"": 8.071353000000192}], [{""pair"": [3, 13, 1, 11], ""acc"": 3.1, ""vel"": 23.37, ""pos"": 7.7, ""error"": 0.46712699999979446}, {""pair"": [3, 13, 1, 11], ""acc"": 3.1, ""vel"": 23.37, ""pos"": 7.7, ""error"": 0.47487300000017907}, {""pair"": [3, 13, 1, 11], ""acc"": 3.1, ""vel"": 23.37, ""pos"": 7.7, ""error"": 1.7906469999997858}, {""pair"": [3, 13, 1, 11], ""acc"": 3.1, ""vel"": 23.37, ""pos"": 7.7, ""error"": 1.7113530000001909}, {""pair"": [3, 13, 1, 11], ""acc"": 3.1, ""vel"": 23.37, ""pos"": 7.7, ""error"": 1.7113530000001909}, {""pair"": [3, 13, 1, 11], ""acc"": 3.1, ""vel"": 23.37, ""pos"": 7.7, ""error"": 7.3113530000001905}, {""pair"": [3, 13, 1, 11], ""acc"": 3.1, ""vel"": 23.37, ""pos"": 7.7, ""error"": 8.111353000000191}], [{""pair"": [0, 11, 0, 13], ""acc"": 7.9, ""vel"": 23.41, ""pos"": 7.7, ""error"": 0.4271269999997953}, {""pair"": [0, 11, 0, 13], ""acc"": 7.9, ""vel"": 23.41, ""pos"": 7.7, ""error"": 0.4348730000001799}, {""pair"": [0, 11, 0, 13], ""acc"": 7.9, ""vel"": 23.41, ""pos"": 7.7, ""error"": 1.7506469999997867}, {""pair"": [0, 11, 0, 13], ""acc"": 7.9, ""vel"": 23.41, ""pos"": 7.7, ""error"": 1.6713530000001917}, {""pair"": [0, 11, 0, 13], ""acc"": 7.9, ""vel"": 23.41, ""pos"": 7.7, ""error"": 1.6713530000001917}, {""pair"": [0, 11, 0, 13], ""acc"": 7.9, ""vel"": 23.41, ""pos"": 7.7, ""error"": 7.271353000000191}, {""pair"": [0, 11, 0, 13], ""acc"": 7.9, ""vel"": 23.41, ""pos"": 7.7, ""error"": 8.071353000000192}], [{""pair"": [0, 11, 1, 13], ""acc"": 1.5, ""vel"": 23.57, ""pos"": 7.7, ""error"": 0.5251269999998192}, {""pair"": [0, 11, 1, 13], ""acc"": 1.5, ""vel"": 23.57, ""pos"": 7.7, ""error"": 0.5328730000002038}, {""pair"": [0, 11, 1, 13], ""acc"": 1.5, ""vel"": 23.57, ""pos"": 7.7, ""error"": 1.5906469999997865}, {""pair"": [0, 11, 1, 13], ""acc"": 1.5, ""vel"": 23.57, ""pos"": 7.7, ""error"": 1.5113530000001916}, {""pair"": [0, 11, 1, 13], ""acc"": 1.5, ""vel"": 23.57, ""pos"": 7.7, ""error"": 1.5113530000001916}, {""pair"": [0, 11, 1, 13], ""acc"": 1.5, ""vel"": 23.57, ""pos"": 7.7, ""error"": 7.111353000000191}, {""pair"": [0, 11, 1, 13], ""acc"": 1.5, ""vel"": 23.57, ""pos"": 7.7, ""error"": 7.911353000000192}], [{""pair"": [1, 11, 0, 13], ""acc"": 9.5, ""vel"": 23.37, ""pos"": 7.7, ""error"": 0.46712699999979446}, {""pair"": [1, 11, 0, 13], ""acc"": 9.5, ""vel"": 23.37, ""pos"": 7.7, ""error"": 0.47487300000017907}, {""pair"": [1, 11, 0, 13], ""acc"": 9.5, ""vel"": 23.37, ""pos"": 7.7, ""error"": 1.7906469999997858}, {""pair"": [1, 11, 0, 13], ""acc"": 9.5, ""vel"": 23.37, ""pos"": 7.7, ""error"": 1.7113530000001909}, {""pair"": [1, 11, 0, 13], ""acc"": 9.5, ""vel"": 23.37, ""pos"": 7.7, ""error"": 1.7113530000001909}, {""pair"": [1, 11, 0, 13], ""acc"": 9.5, ""vel"": 23.37, ""pos"": 7.7, ""error"": 7.3113530000001905}, {""pair"": [1, 11, 0, 13], ""acc"": 9.5, ""vel"": 23.37, ""pos"": 7.7, ""error"": 8.111353000000191}], [{""pair"": [1, 11, 1, 13], ""acc"": 3.1, ""vel"": 23.53, ""pos"": 7.7, ""error"": 0.48512699999982}, {""pair"": [1, 11, 1, 13], ""acc"": 3.1, ""vel"": 23.53, ""pos"": 7.7, ""error"": 0.4928730000002046}, {""pair"": [1, 11, 1, 13], ""acc"": 3.1, ""vel"": 23.53, ""pos"": 7.7, ""error"": 1.6306469999997857}, {""pair"": [1, 11, 1, 13], ""acc"": 3.1, ""vel"": 23.53, ""pos"": 7.7, ""error"": 1.5513530000001907}, {""pair"": [1, 11, 1, 13], ""acc"": 3.1, ""vel"": 23.53, ""pos"": 7.7, ""error"": 1.5513530000001907}, {""pair"": [1, 11, 1, 13], ""acc"": 3.1, ""vel"": 23.53, ""pos"": 7.7, ""error"": 7.15135300000019}, {""pair"": [1, 11, 1, 13], ""acc"": 3.1, ""vel"": 23.53, ""pos"": 7.7, ""error"": 7.951353000000191}]]"
270.017,0.016000000000019554,1.503375,23.46312,8.508906770285925,1.5,23.46,8.5,1.5,24.74,1646.9,1.5,23.46,8.5,8.0,25.2723982195465,-11.233701726850981,8.0,25.84012900000015,-11.055428656999524,9.047396807413213,19.742608497136906,0.7811925218029893,10.91780457104056,19.555428656999524,0.7567852566447872,"[[3, 0, 0, 8], [3, 0, 1, 8], [3, 8, 0, 0], [3, 8, 1, 0], [3, 8, 2, 0], [0, 0, 0, 8], [0, 0, 1, 8], [1, 0, 0, 8], [1, 0, 1, 8], [2, 0, 0, 8], [2, 0, 1, 8], [0, 0, 0, 0], [0, 0, 0, 0], [0, 0, 0, 0], [0, 0, 0, 0], [0, 0, 0, 0]]",1,,19.56433542728545,1,0,1,"[0, 0, 1, 8]","[[[3, 0, 0, 8], [1.3, 24.74, 1646.9], 1639.8241631999995], [[3, 0, 1, 8], [1.5, 24.74, 8.5], 1.4241631999994784], [[3, 8, 0, 0], [1.5, 23.46, 1646.9], 1638.6754336], [[3, 8, 1, 0], [1.5, 24.74, 1640.5], 1633.4241631999994], [[3, 8, 2, 0], [1.5, 24.74, 1646.9], 1639.8241631999995], [[0, 0, 0, 8], [1.3, 23.46, 1646.9], 1638.6754336], [[0, 0, 1, 8], [1.5, 23.46, 8.5], 0.27543359999966377], [[1, 0, 0, 8], [1.3, 24.74, 1640.5], 1633.4241631999994], [[1, 0, 1, 8], [1.5, 24.74, 2.1], 7.097916800000398], [[2, 0, 0, 8], [1.3, 24.74, 1646.9], 1639.8241631999995], [[2, 0, 1, 8], [1.5, 24.74, 8.5], 1.4241631999994784]]","[[0, 0, 1, 8], [3, 0, 1, 8], [2, 0, 1, 8], [1, 0, 1, 8], [1, 0, 0, 8], [3, 8, 1, 0], [0, 0, 0, 8], [3, 8, 0, 0], [3, 0, 0, 8], [2, 0, 0, 8], [3, 8, 2, 0]]","[{""pair"": [0, 0, 1, 8], ""acc"": 1.5, ""vel"": 23.46, ""pos"": 8.5, ""error"": 0.27543359999966377}, {""pair"": [3, 0, 1, 8], ""acc"": 1.5, ""vel"": 24.74, ""pos"": 8.5, ""error"": 1.4241631999994784}, {""pair"": [2, 0, 1, 8], ""acc"": 1.5, ""vel"": 24.74, ""pos"": 8.5, ""error"": 1.4241631999994784}, {""pair"": [1, 0, 1, 8], ""acc"": 1.5, ""vel"": 24.74, ""pos"": 2.1, ""error"": 7.097916800000398}, {""pair"": [1, 0, 0, 8], ""acc"": 1.3, ""vel"": 24.74, ""pos"": 1640.5, ""error"": 1633.4241631999994}, {""pair"": [3, 8, 1, 0], ""acc"": 1.5, ""vel"": 24.74, ""pos"": 1640.5, ""error"": 1633.4241631999994}, {""pair"": [0, 0, 0, 8], ""acc"": 1.3, ""vel"": 23.46, ""pos"": 1646.9, ""error"": 1638.6754336}, {""pair"": [3, 8, 0, 0], ""acc"": 1.5, ""vel"": 23.46, ""pos"": 1646.9, ""error"": 1638.6754336}, {""pair"": [3, 0, 0, 8], ""acc"": 1.3, ""vel"": 24.74, ""pos"": 1646.9, ""error"": 1639.8241631999995}, {""pair"": [2, 0, 0, 8], ""acc"": 1.3, ""vel"": 24.74, ""pos"": 1646.9, ""error"": 1639.8241631999995}, {""pair"": [3, 8, 2, 0], ""acc"": 1.5, ""vel"": 24.74, ""pos"": 1646.9, ""error"": 1639.8241631999995}]","[[{""pair"": [3, 0, 0, 8], ""acc"": 1.3, ""vel"": 24.74, ""pos"": 1646.9, ""error"": 1639.8538335999995}, {""pair"": [3, 0, 0, 8], ""acc"": 1.3, ""vel"": 24.74, ""pos"": 1646.9, ""error"": 1639.8241631999995}, {""pair"": [3, 0, 0, 8], ""acc"": 1.3, ""vel"": 24.74, ""pos"": 1646.9, ""error"": 1640.1312479999997}, {""pair"": [3, 0, 0, 8], ""acc"": 1.3, ""vel"": 24.74, ""pos"": 1646.9, ""error"": 1640.0280287999994}, {""pair"": [3, 0, 0, 8], ""acc"": 1.3, ""vel"": 24.74, ""pos"": 1646.9, ""error"": 1640.1460831999996}, {""pair"": [3, 0, 0, 8], ""acc"": 1.3, ""vel"": 24.74, ""pos"": 1646.9, ""error"": 1639.9835231999996}, {""pair"": [3, 0, 0, 8], ""acc"": 1.3, ""vel"": 24.74, ""pos"": 1646.9, ""error"": 1639.9686879999997}, {""pair"": [3, 0, 0, 8], ""acc"": 1.3, ""vel"": 24.74, ""pos"": 1646.9, ""error"": 1639.9428831999996}], [{""pair"": [3, 0, 1, 8], ""acc"": 1.5, ""vel"": 24.74, ""pos"": 8.5, ""error"": 1.453833599999415}, {""pair"": [3, 0, 1, 8], ""acc"": 1.5, ""vel"": 24.74, ""pos"": 8.5, ""error"": 1.4241631999994784}, {""pair"": [3, 0, 1, 8], ""acc"": 1.5, ""vel"": 24.74, ""pos"": 8.5, ""error"": 1.7312479999995105}, {""pair"": [3, 0, 1, 8], ""acc"": 1.5, ""vel"": 24.74, ""pos"": 8.5, ""error"": 1.6280287999993845}, {""pair"": [3, 0, 1, 8], ""acc"": 1.5, ""vel"": 24.74, ""pos"": 8.5, ""error"": 1.746083199999477}, {""pair"": [3, 0, 1, 8], ""acc"": 1.5, ""vel"": 24.74, ""pos"": 8.5, ""error"": 1.5835231999994743}, {""pair"": [3, 0, 1, 8], ""acc"": 1.5, ""vel"": 24.74, ""pos"": 8.5, ""error"": 1.5686879999995078}, {""pair"": [3, 0, 1, 8], ""acc"": 1.5, ""vel"": 24.74, ""pos"": 8.5, ""error"": 1.5428831999994745}], [{""pair"": [3, 8, 0, 0], ""acc"": 1.5, ""vel"": 23.46, ""pos"": 1646.9, ""error"": 1638.6754336}, {""pair"": [3, 8, 0, 0], ""acc"": 1.5, ""vel"": 23.46, ""pos"": 1646.9, ""error"": 1638.7033631999996}, {""pair"": [3, 8, 0, 0], ""acc"": 1.5, ""vel"": 23.46, ""pos"": 1646.9, ""error"": 1638.8512479999997}, {""pair"": [3, 8, 0, 0], ""acc"": 1.5, ""vel"": 23.46, ""pos"": 1646.9, ""error"": 1638.9008287999998}, {""pair"": [3, 8, 0, 0], ""acc"": 1.5, ""vel"": 23.46, ""pos"": 1646.9, ""error"": 1638.8660831999996}, {""pair"": [3, 8, 0, 0], ""acc"": 1.5, ""vel"": 23.46, ""pos"": 1646.9, ""error"": 1638.9427231999996}, {""pair"": [3, 8, 0, 0], ""acc"": 1.5, ""vel"": 23.46, ""pos"": 1646.9, ""error"": 1638.9566879999998}, {""pair"": [3, 8, 0, 0], ""acc"": 1.5, ""vel"": 23.46, ""pos"": 1646.9, ""error"": 1638.9820831999996}], [{""pair"": [3, 8, 1, 0], ""acc"": 1.5, ""vel"": 24.74, ""pos"": 1640.5, ""error"": 1633.4538335999994}, {""pair"": [3, 8, 1, 0], ""acc"": 1.5, ""vel"": 24.74, ""pos"": 1640.5, ""error"": 1633.4241631999994}, {""pair"": [3, 8, 1, 0], ""acc"": 1.5, ""vel"": 24.74, ""pos"": 1640.5, ""error"": 1633.7312479999996}, {""pair"": [3, 8, 1, 0], ""acc"": 1.5, ""vel"": 24.74, ""pos"": 1640.5, ""error"": 1633.6280287999994}, {""pair"": [3, 8, 1, 0], ""acc"": 1.5, ""vel"": 24.74, ""pos"": 1640.5, ""error"": 1633.7460831999995}, {""pair"": [3, 8, 1, 0], ""acc"": 1.5, ""vel"": 24.74, ""pos"": 1640.5, ""error"": 1633.5835231999995}, {""pair"": [3, 8, 1, 0], ""acc"": 1.5, ""vel"": 24.74, ""pos"": 1640.5, ""error"": 1633.5686879999996}, {""pair"": [3, 8, 1, 0], ""acc"": 1.5, ""vel"": 24.74, ""pos"": 1640.5, ""error"": 1633.5428831999996}], [{""pair"": [3, 8, 2, 0], ""acc"": 1.5, ""vel"": 24.74, ""pos"": 1646.9, ""error"": 1639.8538335999995}, {""pair"": [3, 8, 2, 0], ""acc"": 1.5, ""vel"": 24.74, ""pos"": 1646.9, ""error"": 1639.8241631999995}, {""pair"": [3, 8, 2, 0], ""acc"": 1.5, ""vel"": 24.74, ""pos"": 1646.9, ""error"": 1640.1312479999997}, {""pair"": [3, 8, 2, 0], ""acc"": 1.5, ""vel"": 24.74, ""pos"": 1646.9, ""error"": 1640.0280287999994}, {""pair"": [3, 8, 2, 0], ""acc"": 1.5, ""vel"": 24.74, ""pos"": 1646.9, ""error"": 1640.1460831999996}, {""pair"": [3, 8, 2, 0], ""acc"": 1.5, ""vel"": 24.74, ""pos"": 1646.9, ""error"": 1639.9835231999996}, {""pair"": [3, 8, 2, 0], ""acc"": 1.5, ""vel"": 24.74, ""pos"": 1646.9, ""error"": 1639.9686879999997}, {""pair"": [3, 8, 2, 0], ""acc"": 1.5, ""vel"": 24.74, ""pos"": 1646.9, ""error"": 1639.9428831999996}], [{""pair"": [0, 0, 0, 8], ""acc"": 1.3, ""vel"": 23.46, ""pos"": 1646.9, ""error"": 1638.6754336}, {""pair"": [0, 0, 0, 8], ""acc"": 1.3, ""vel"": 23.46, ""pos"": 1646.9, ""error"": 1638.7033631999996}, {""pair"": [0, 0, 0, 8], ""acc"": 1.3, ""vel"": 23.46, ""pos"": 1646.9, ""error"": 1638.8512479999997}, {""pair"": [0, 0, 0, 8], ""acc"": 1.3, ""vel"": 23.46, ""pos"": 1646.9, ""error"": 1638.9008287999998}, {""pair"": [0, 0, 0, 8], ""acc"": 1.3, ""vel"": 23.46, ""pos"": 1646.9, ""error"": 1638.8660831999996}, {""pair"": [0, 0, 0, 8], ""acc"": 1.3, ""vel"": 23.46, ""pos"": 1646.9, ""error"": 1638.9427231999996}, {""pair"": [0, 0, 0, 8], ""acc"": 1.3, ""vel"": 23.46, ""pos"": 1646.9, ""error"": 1638.9566879999998}, {""pair"": [0, 0, 0, 8], ""acc"": 1.3, ""vel"": 23.46, ""pos"": 1646.9, ""error"": 1638.9820831999996}], [{""pair"": [0, 0, 1, 8], ""acc"": 1.5, ""vel"": 23.46, ""pos"": 8.5, ""error"": 0.27543359999966377}, {""pair"": [0, 0, 1, 8], ""acc"": 1.5, ""vel"": 23.46, ""pos"": 8.5, ""error"": 0.30336319999960004}, {""pair"": [0, 0, 1, 8], ""acc"": 1.5, ""vel"": 23.46, ""pos"": 8.5, ""error"": 0.4512479999995129}, {""pair"": [0, 0, 1, 8], ""acc"": 1.5, ""vel"": 23.46, ""pos"": 8.5, ""error"": 0.5008287999996917}, {""pair"": [0, 0, 1, 8], ""acc"": 1.5, ""vel"": 23.46, ""pos"": 8.5, ""error"": 0.46608319999947945}, {""pair"": [0, 0, 1, 8], ""acc"": 1.5, ""vel"": 23.46, ""pos"": 8.5, ""error"": 0.5427231999996014}, {""pair"": [0, 0, 1, 8], ""acc"": 1.5, ""vel"": 23.46, ""pos"": 8.5, ""error"": 0.5566879999995678}, {""pair"": [0, 0, 1, 8], ""acc"": 1.5, ""vel"": 23.46, ""pos"": 8.5, ""error"": 0.5820831999995999}], [{""pair"": [1, 0, 0, 8], ""acc"": 1.3, ""vel"": 24.74, ""pos"": 1640.5, ""error"": 1633.4538335999994}, {""pair"": [1, 0, 0, 8], ""acc"": 1.3, ""vel"": 24.74, ""pos"": 1640.5, ""error"": 1633.4241631999994}, {""pair"": [1, 0, 0, 8], ""acc"": 1.3, ""vel"": 24.74, ""pos"": 1640.5, ""error"": 1633.7312479999996}, {""pair"": [1, 0, 0, 8], ""acc"": 1.3, ""vel"": 24.74, ""pos"": 1640.5, ""error"": 1633.6280287999994}, {""pair"": [1, 0, 0, 8], ""acc"": 1.3, ""vel"": 24.74, ""pos"": 1640.5, ""error"": 1633.7460831999995}, {""pair"": [1, 0, 0, 8], ""acc"": 1.3, ""vel"": 24.74, ""pos"": 1640.5, ""error"": 1633.5835231999995}, {""pair"": [1, 0, 0, 8], ""acc"": 1.3, ""vel"": 24.74, ""pos"": 1640.5, ""error"": 1633.5686879999996}, {""pair"": [1, 0, 0, 8], ""acc"": 1.3, ""vel"": 24.74, ""pos"": 1640.5, ""error"": 1633.5428831999996}], [{""pair"": [1, 0, 1, 8], ""acc"": 1.5, ""vel"": 24.74, ""pos"": 2.1, ""error"": 7.404566400000334}, {""pair"": [1, 0, 1, 8], ""acc"": 1.5, ""vel"": 24.74, ""pos"": 2.1, ""error"": 7.376636800000398}, {""pair"": [1, 0, 1, 8], ""acc"": 1.5, ""vel"": 24.74, ""pos"": 2.1, ""error"": 7.280752000000428}, {""pair"": [1, 0, 1, 8], ""acc"": 1.5, ""vel"": 24.74, ""pos"": 2.1, ""error"": 7.179171200000306}, {""pair"": [1, 0, 1, 8], ""acc"": 1.5, ""vel"": 24.74, ""pos"": 2.1, ""error"": 7.294716800000394}, {""pair"": [1, 0, 1, 8], ""acc"": 1.5, ""vel"": 24.74, ""pos"": 2.1, ""error"": 7.1372768000003965}, {""pair"": [1, 0, 1, 8], ""acc"": 1.5, ""vel"": 24.74, ""pos"": 2.1, ""error"": 7.12331200000043}, {""pair"": [1, 0, 1, 8], ""acc"": 1.5, ""vel"": 24.74, ""pos"": 2.1, ""error"": 7.097916800000398}], [{""pair"": [2, 0, 0, 8], ""acc"": 1.3, ""vel"": 24.74, ""pos"": 1646.9, ""error"": 1639.8538335999995}, {""pair"": [2, 0, 0, 8], ""acc"": 1.3, ""vel"": 24.74, ""pos"": 1646.9, ""error"": 1639.8241631999995}, {""pair"": [2, 0, 0, 8], ""acc"": 1.3, ""vel"": 24.74, ""pos"": 1646.9, ""error"": 1640.1312479999997}, {""pair"": [2, 0, 0, 8], ""acc"": 1.3, ""vel"": 24.74, ""pos"": 1646.9, ""error"": 1640.0280287999994}, {""pair"": [2, 0, 0, 8], ""acc"": 1.3, ""vel"": 24.74, ""pos"": 1646.9, ""error"": 1640.1460831999996}, {""pair"": [2, 0, 0, 8], ""acc"": 1.3, ""vel"": 24.74, ""pos"": 1646.9, ""error"": 1639.9835231999996}, {""pair"": [2, 0, 0, 8], ""acc"": 1.3, ""vel"": 24.74, ""pos"": 1646.9, ""error"": 1639.9686879999997}, {""pair"": [2, 0, 0, 8], ""acc"": 1.3, ""vel"": 24.74, ""pos"": 1646.9, ""error"": 1639.9428831999996}], [{""pair"": [2, 0, 1, 8], ""acc"": 1.5, ""vel"": 24.74, ""pos"": 8.5, ""error"": 1.453833599999415}, {""pair"": [2, 0, 1, 8], ""acc"": 1.5, ""vel"": 24.74, ""pos"": 8.5, ""error"": 1.4241631999994784}, {""pair"": [2, 0, 1, 8], ""acc"": 1.5, ""vel"": 24.74, ""pos"": 8.5, ""error"": 1.7312479999995105}, {""pair"": [2, 0, 1, 8], ""acc"": 1.5, ""vel"": 24.74, ""pos"": 8.5, ""error"": 1.6280287999993845}, {""pair"": [2, 0, 1, 8], ""acc"": 1.5, ""vel"": 24.74, ""pos"": 8.5, ""error"": 1.746083199999477}, {""pair"": [2, 0, 1, 8], ""acc"": 1.5, ""vel"": 24.74, ""pos"": 8.5, ""error"": 1.5835231999994743}, {""pair"": [2, 0, 1, 8], ""acc"": 1.5, ""vel"": 24.74, ""pos"": 8.5, ""error"": 1.5686879999995078}, {""pair"": [2, 0, 1, 8], ""acc"": 1.5, ""vel"": 24.74, ""pos"": 8.5, ""error"": 1.5428831999994745}]]"
270.033,0.016999999999995907,1.50225,23.488129,8.884509122286385,1.5,23.490000000000002,8.9,1.5,28.61,8.9,1.5,23.49,8.9,8.0,25.400398219546656,-10.82831935533774,8.0,25.968129000000307,-10.640962592999013,9.37754792892647,19.712828477624125,0.7760834419695943,11.25703938504109,19.540962592999016,0.7524979020629012,"[[3, 2, 2, 6], [0, 2, 2, 6], [2, 2, 2, 6], [0, 0, 0, 0], [0, 0, 0, 0], [0, 0, 0, 0], [0, 0, 0, 0], [0, 0, 0, 0], [0, 0, 0, 0], [0, 0, 0, 0], [0, 0, 0, 0], [0, 0, 0, 0], [0, 0, 0, 0], [0, 0, 0, 0], [0, 0, 0, 0], [0, 0, 0, 0]]",1,,19.5254717152854,1,0,1,"[0, 2, 2, 6]","[[[3, 2, 2, 6], [1.5, 28.61, 8.9], 3.8652967499999047], [[0, 2, 2, 6], [1.5, 23.49, 8.9], 0.0054632500000995066], [[2, 2, 2, 6], [1.5, 28.61, 8.9], 3.8652967499999047]]","[[0, 2, 2, 6], [3, 2, 2, 6], [2, 2, 2, 6]]","[{""pair"": [0, 2, 2, 6], ""acc"": 1.5, ""vel"": 23.49, ""pos"": 8.9, ""error"": 0.0054632500000995066}, {""pair"": [3, 2, 2, 6], ""acc"": 1.5, ""vel"": 28.61, ""pos"": 8.9, ""error"": 3.8652967499999047}, {""pair"": [2, 2, 2, 6], ""acc"": 1.5, ""vel"": 28.61, ""pos"": 8.9, ""error"": 3.8652967499999047}]","[[{""pair"": [3, 2, 2, 6], ""acc"": 1.5, ""vel"": 28.61, ""pos"": 8.9, ""error"": 5.1254632500001005}, {""pair"": [3, 2, 2, 6], ""acc"": 1.5, ""vel"": 28.61, ""pos"": 8.9, ""error"": 3.8652967499999047}, {""pair"": [3, 2, 2, 6], ""acc"": 1.5, ""vel"": 28.61, ""pos"": 8.9, ""error"": 3.8652967499999047}, {""pair"": [3, 2, 2, 6], ""acc"": 1.5, ""vel"": 28.61, ""pos"": 8.9, ""error"": 10.22370325000011}, {""pair"": [3, 2, 2, 6], ""acc"": 1.5, ""vel"": 28.61, ""pos"": 8.9, ""error"": 1635.8686678499998}, {""pair"": [3, 2, 2, 6], ""acc"": 1.5, ""vel"": 28.61, ""pos"": 8.9, ""error"": 1635.8652967499997}, {""pair"": [3, 2, 2, 6], ""acc"": 1.5, ""vel"": 28.61, ""pos"": 8.9, ""error"": 1643.5269078499998}, {""pair"": [3, 2, 2, 6], ""acc"": 1.5, ""vel"": 28.61, ""pos"": 8.9, ""error"": 1643.5235367499997}, {""pair"": [3, 2, 2, 6], ""acc"": 1.5, ""vel"": 28.61, ""pos"": 8.9, ""error"": 1642.26866785}, {""pair"": [3, 2, 2, 6], ""acc"": 1.5, ""vel"": 28.61, ""pos"": 8.9, ""error"": 1642.26866785}, {""pair"": [3, 2, 2, 6], ""acc"": 1.5, ""vel"": 28.61, ""pos"": 8.9, ""error"": 1642.2652967499998}], [{""pair"": [0, 2, 2, 6], ""acc"": 1.5, ""vel"": 23.49, ""pos"": 8.9, ""error"": 0.0054632500000995066}, {""pair"": [0, 2, 2, 6], ""acc"": 1.5, ""vel"": 23.49, ""pos"": 8.9, ""error"": 1.2962967499998914}, {""pair"": [0, 2, 2, 6], ""acc"": 1.5, ""vel"": 23.49, ""pos"": 8.9, ""error"": 1.2962967499998914}, {""pair"": [0, 2, 2, 6], ""acc"": 1.5, ""vel"": 23.49, ""pos"": 8.9, ""error"": 7.654703250000096}, {""pair"": [0, 2, 2, 6], ""acc"": 1.5, ""vel"": 23.49, ""pos"": 8.9, ""error"": 1633.2928678499998}, {""pair"": [0, 2, 2, 6], ""acc"": 1.5, ""vel"": 23.49, ""pos"": 8.9, ""error"": 1633.2962967499998}, {""pair"": [0, 2, 2, 6], ""acc"": 1.5, ""vel"": 23.49, ""pos"": 8.9, ""error"": 1638.40690785}, {""pair"": [0, 2, 2, 6], ""acc"": 1.5, ""vel"": 23.49, ""pos"": 8.9, ""error"": 1638.4035367499998}, {""pair"": [0, 2, 2, 6], ""acc"": 1.5, ""vel"": 23.49, ""pos"": 8.9, ""error"": 1639.6928678499999}, {""pair"": [0, 2, 2, 6], ""acc"": 1.5, ""vel"": 23.49, ""pos"": 8.9, ""error"": 1639.6928678499999}, {""pair"": [0, 2, 2, 6], ""acc"": 1.5, ""vel"": 23.49, ""pos"": 8.9, ""error"": 1639.6962967499999}], [{""pair"": [2, 2, 2, 6], ""acc"": 1.5, ""vel"": 28.61, ""pos"": 8.9, ""error"": 5.1254632500001005}, {""pair"": [2, 2, 2, 6], ""acc"": 1.5, ""vel"": 28.61, ""pos"": 8.9, ""error"": 3.8652967499999047}, {""pair"": [2, 2, 2, 6], ""acc"": 1.5, ""vel"": 28.61, ""pos"": 8.9, ""error"": 3.8652967499999047}, {""pair"": [2, 2, 2, 6], ""acc"": 1.5, ""vel"": 28.61, ""pos"": 8.9, ""error"": 10.22370325000011}, {""pair"": [2, 2, 2, 6], ""acc"": 1.5, ""vel"": 28.61, ""pos"": 8.9, ""error"": 1635.8686678499998}, {""pair"": [2, 2, 2, 6], ""acc"": 1.5, ""vel"": 28.61, ""pos"": 8.9, ""error"": 1635.8652967499997}, {""pair"": [2, 2, 2, 6], ""acc"": 1.5, ""vel"": 28.61, ""pos"": 8.9, ""error"": 1643.5269078499998}, {""pair"": [2, 2, 2, 6], ""acc"": 1.5, ""vel"": 28.61, ""pos"": 8.9, ""error"": 1643.5235367499997}, {""pair"": [2, 2, 2, 6], ""acc"": 1.5, ""vel"": 28.61, ""pos"": 8.9, ""error"": 1642.26866785}, {""pair"": [2, 2, 2, 6], ""acc"": 1.5, ""vel"": 28.61, ""pos"": 8.9, ""error"": 1642.26866785}, {""pair"": [2, 2, 2, 6], ""acc"": 1.5, ""vel"": 28.61, ""pos"": 8.9, ""error"": 1642.2652967499998}]]"
270.05,0.016999999999995907,1.495687,23.512918,9.28402439041129,1.5,23.51,9.3,1.5,23.51,419.1,1.5,23.51,9.3,8.0,25.536398219546623,-10.395356585605551,8.0,26.104129000000274,-10.198348399999114,9.765360698658649,19.67938097601684,0.7706404327981313,11.65450357804098,19.498348399999117,0.7469449909628822,"[[1, 6, 1, 11], [1, 6, 2, 11], [0, 0, 0, 0], [0, 0, 0, 0], [0, 0, 0, 0], [0, 0, 0, 0], [0, 0, 0, 0], [0, 0, 0, 0], [0, 0, 0, 0], [0, 0, 0, 0], [0, 0, 0, 0], [0, 0, 0, 0], [0, 0, 0, 0], [0, 0, 0, 0], [0, 0, 0, 0], [0, 0, 0, 0]]",1,,19.482372790410402,1,0,1,"[1, 6, 2, 11]","[[[1, 6, 1, 11], [1.5, 23.47, 9.5], 0.24595325000009005], [[1, 6, 2, 11], [1.5, 23.51, 9.3], 0.005953250000088062]]","[[1, 6, 2, 11], [1, 6, 1, 11]]","[{""pair"": [1, 6, 2, 11], ""acc"": 1.5, ""vel"": 23.51, ""pos"": 9.3, ""error"": 0.005953250000088062}, {""pair"": [1, 6, 1, 11], ""acc"": 1.5, ""vel"": 23.47, ""pos"": 9.5, ""error"": 0.24595325000009005}]","[[{""pair"": [1, 6, 1, 11], ""acc"": 1.5, ""vel"": 23.47, ""pos"": 9.5, ""error"": 0.24595325000009005}, {""pair"": [1, 6, 1, 11], ""acc"": 1.5, ""vel"": 23.47, ""pos"": 9.5, ""error"": 5.278913250000111}, {""pair"": [1, 6, 1, 11], ""acc"": 1.5, ""vel"": 23.47, ""pos"": 9.5, ""error"": 5.278913250000111}], [{""pair"": [1, 6, 2, 11], ""acc"": 1.5, ""vel"": 23.51, ""pos"": 9.3, ""error"": 0.005953250000088062}, {""pair"": [1, 6, 2, 11], ""acc"": 1.5, ""vel"": 23.51, ""pos"": 9.3, ""error"": 5.212086749999875}, {""pair"": [1, 6, 2, 11], ""acc"": 1.5, ""vel"": 23.51, ""pos"": 9.3, ""error"": 5.212086749999875}]]"
270.067,0.016000000000019554,1.481404,23.537374,9.683960123182693,1.5,23.54,9.700000000000001,4.7,23.58,9.7,1.5,23.54,9.7,8.0,25.67239821954659,-9.960081815873362,8.0,26.24012900000024,-9.753422206999216,10.126016718390845,19.644041939056056,0.7651814127789343,12.024811021040883,19.453422206999214,0.7413615309207906,"[[3, 12, 1, 11], [0, 12, 1, 11], [3, 11, 1, 13], [0, 11, 1, 13], [2, 11, 1, 13], [0, 0, 0, 0], [0, 0, 0, 0], [0, 0, 0, 0], [0, 0, 0, 0], [0, 0, 0, 0], [0, 0, 0, 0], [0, 0, 0, 0], [0, 0, 0, 0], [0, 0, 0, 0], [0, 0, 0, 0], [0, 0, 0, 0]]",1,,19.43738233018191,1,0,1,"[0, 12, 1, 11]","[[[3, 12, 1, 11], [4.7, 23.54, 9.7], 0.02964799999950607], [[0, 12, 1, 11], [1.5, 23.54, 9.7], 0.02964799999950607], [[3, 11, 1, 13], [4.7, 23.42, 9.7], 0.137647999999567], [[0, 11, 1, 13], [6.3, 23.42, 9.7], 0.137647999999567], [[2, 11, 1, 13], [4.7, 23.42, 9.9], 0.0982879999995685]]","[[0, 12, 1, 11], [3, 12, 1, 11], [2, 11, 1, 13], [3, 11, 1, 13], [0, 11, 1, 13]]","[{""pair"": [0, 12, 1, 11], ""acc"": 1.5, ""vel"": 23.54, ""pos"": 9.7, ""error"": 0.02964799999950607}, {""pair"": [3, 12, 1, 11], ""acc"": 4.7, ""vel"": 23.54, ""pos"": 9.7, ""error"": 0.02964799999950607}, {""pair"": [2, 11, 1, 13], ""acc"": 4.7, ""vel"": 23.42, ""pos"": 9.9, ""error"": 0.0982879999995685}, {""pair"": [3, 11, 1, 13], ""acc"": 4.7, ""vel"": 23.42, ""pos"": 9.7, ""error"": 0.137647999999567}, {""pair"": [0, 11, 1, 13], ""acc"": 6.3, ""vel"": 23.42, ""pos"": 9.7, ""error"": 0.137647999999567}]","[[{""pair"": [3, 12, 1, 11], ""acc"": 4.7, ""vel"": 23.54, ""pos"": 9.7, ""error"": 0.02964799999950607}, {""pair"": [3, 12, 1, 11], ""acc"": 4.7, ""vel"": 23.54, ""pos"": 9.7, ""error"": 0.22171200000043}], [{""pair"": [0, 12, 1, 11], ""acc"": 1.5, ""vel"": 23.54, ""pos"": 9.7, ""error"": 0.02964799999950607}, {""pair"": [0, 12, 1, 11], ""acc"": 1.5, ""vel"": 23.54, ""pos"": 9.7, ""error"": 0.22171200000043}], [{""pair"": [3, 11, 1, 13], ""acc"": 4.7, ""vel"": 23.42, ""pos"": 9.7, ""error"": 0.137647999999567}, {""pair"": [3, 11, 1, 13], ""acc"": 4.7, ""vel"": 23.42, ""pos"": 9.7, ""error"": 0.24971200000048555}], [{""pair"": [0, 11, 1, 13], ""acc"": 6.3, ""vel"": 23.42, ""pos"": 9.7, ""error"": 0.137647999999567}, {""pair"": [0, 11, 1, 13], ""acc"": 6.3, ""vel"": 23.42, ""pos"": 9.7, ""error"": 0.24971200000048555}], [{""pair"": [2, 11, 1, 13], ""acc"": 4.7, ""vel"": 23.42, ""pos"": 9.9, ""error"": 0.33764799999956807}, {""pair"": [2, 11, 1, 13], ""acc"": 4.7, ""vel"": 23.42, ""pos"": 9.9, ""error"": 0.0982879999995685}]]"
270.083,0.016999999999995907,1.464704,23.561563,10.060747726895155,1.5,23.56,10.100000000000001,1.5,50,10.1,1.5,23.56,10.1,8.0,25.800398219546747,-9.548299444360111,8.0,26.368129000000398,-9.332556142998696,10.491724089904114,19.609047171255266,0.7600288570894683,12.399602085041417,19.432556142998695,0.7369713696029931,"[[0, 2, 0, 6], [0, 0, 0, 0], [0, 0, 0, 0], [0, 0, 0, 0], [0, 0, 0, 0], [0, 0, 0, 0], [0, 0, 0, 0], [0, 0, 0, 0], [0, 0, 0, 0], [0, 0, 0, 0], [0, 0, 0, 0], [0, 0, 0, 0], [0, 0, 0, 0], [0, 0, 0, 0], [0, 0, 0, 0], [0, 0, 0, 0]]",1,,19.39330386989385,1,0,1,"[0, 2, 0, 6]","[[[0, 2, 0, 6], [1.5, 23.56, 10.1], 0.005896749999896755]]","[[0, 2, 0, 6]]","[{""pair"": [0, 2, 0, 6], ""acc"": 1.5, ""vel"": 23.56, ""pos"": 10.1, ""error"": 0.005896749999896755}]","[[{""pair"": [0, 2, 0, 6], ""acc"": 1.5, ""vel"": 23.56, ""pos"": 10.1, ""error"": 0.005896749999896755}, {""pair"": [0, 2, 0, 6], ""acc"": 1.5, ""vel"": 23.56, ""pos"": 10.1, ""error"": 0.06075914999988363}, {""pair"": [0, 2, 0, 6], ""acc"": 1.5, ""vel"": 23.56, ""pos"": 10.1, ""error"": 0.2589191499999206}, {""pair"": [0, 2, 0, 6], ""acc"": 1.5, ""vel"": 23.56, ""pos"": 10.1, ""error"": 0.06128085000011296}, {""pair"": [0, 2, 0, 6], ""acc"": 1.5, ""vel"": 23.56, ""pos"": 10.1, ""error"": 0.033849650000119524}]]"
270.1,0.016999999999995907,1.450397,23.585546,10.461505947623058,1.5,23.59,10.5,7.9,23.59,10.5,1.5,23.59,10.5,8.0,25.936398219546714,-9.108536674627922,8.0,26.504129000000365,-8.883141949998796,10.856680609636289,19.57004262225098,0.7545397189152582,12.774210028041304,19.383141949998794,0.7313253700960529,"[[3, 13, 2, 2], [2, 2, 0, 13], [2, 2, 1, 13], [2, 2, 2, 13], [0, 0, 0, 0], [0, 0, 0, 0], [0, 0, 0, 0], [0, 0, 0, 0], [0, 0, 0, 0], [0, 0, 0, 0], [0, 0, 0, 0], [0, 0, 0, 0], [0, 0, 0, 0], [0, 0, 0, 0], [0, 0, 0, 0], [0, 0, 0, 0]]",1,,19.344647897621854,1,0,1,"[2, 2, 0, 13]","[[[3, 13, 2, 2], [7.9, 23.59, 10.5], 0.005236749999911083], [[2, 2, 0, 13], [1.5, 23.59, 10.5], 0.005236749999911083], [[2, 2, 1, 13], [7.9, 23.43, 10.5], 0.15623674999989667], [[2, 2, 2, 13], [7.9, 23.59, 9.7], 0.8052367499999118]]","[[2, 2, 0, 13], [3, 13, 2, 2], [2, 2, 1, 13], [2, 2, 2, 13]]","[{""pair"": [2, 2, 0, 13], ""acc"": 1.5, ""vel"": 23.59, ""pos"": 10.5, ""error"": 0.005236749999911083}, {""pair"": [3, 13, 2, 2], ""acc"": 7.9, ""vel"": 23.59, ""pos"": 10.5, ""error"": 0.005236749999911083}, {""pair"": [2, 2, 1, 13], ""acc"": 7.9, ""vel"": 23.43, ""pos"": 10.5, ""error"": 0.15623674999989667}, {""pair"": [2, 2, 2, 13], ""acc"": 7.9, ""vel"": 23.59, ""pos"": 9.7, ""error"": 0.8052367499999118}]","[[{""pair"": [3, 13, 2, 2], ""acc"": 7.9, ""vel"": 23.59, ""pos"": 10.5, ""error"": 0.005236749999911083}], [{""pair"": [2, 2, 0, 13], ""acc"": 1.5, ""vel"": 23.59, ""pos"": 10.5, ""error"": 0.005236749999911083}], [{""pair"": [2, 2, 1, 13], ""acc"": 7.9, ""vel"": 23.43, ""pos"": 10.5, ""error"": 0.15623674999989667}], [{""pair"": [2, 2, 2, 13], ""acc"": 7.9, ""vel"": 23.59, ""pos"": 9.7, ""error"": 0.8052367499999118}]]"
270.117,0.01599999999996271,1.433325,23.609165,10.862669811989461,1.4000000000000001,23.61,10.9,1.4,28.73,10.9,1.4,23.61,10.9,8.0,26.07239821954668,-8.666461904895735,8.0,26.640129000000332,-8.431415756998899,11.253355379368475,19.529131716885196,0.7490347283144845,13.180536221041203,19.3314157569989,0.7256502307852436,"[[0, 2, 2, 5], [0, 0, 0, 0], [0, 0, 0, 0], [0, 0, 0, 0], [0, 0, 0, 0], [0, 0, 0, 0], [0, 0, 0, 0], [0, 0, 0, 0], [0, 0, 0, 0], [0, 0, 0, 0], [0, 0, 0, 0], [0, 0, 0, 0], [0, 0, 0, 0], [0, 0, 0, 0], [0, 0, 0, 0], [0, 0, 0, 0]]",1,,19.294085568988358,1,0,1,"[0, 2, 2, 5]","[[[0, 2, 2, 5], [1.4, 23.61, 10.9], 0.02636800000082573]]","[[0, 2, 2, 5]]","[{""pair"": [0, 2, 2, 5], ""acc"": 1.4, ""vel"": 23.61, ""pos"": 10.9, ""error"": 0.02636800000082573}]","[[{""pair"": [0, 2, 2, 5], ""acc"": 1.4, ""vel"": 23.61, ""pos"": 10.9, ""error"": 0.02636800000082573}, {""pair"": [0, 2, 2, 5], ""acc"": 1.4, ""vel"": 23.61, ""pos"": 10.9, ""error"": 0.12794880000059017}, {""pair"": [0, 2, 2, 5], ""acc"": 1.4, ""vel"": 23.61, ""pos"": 10.9, ""error"": 0.0777088000011723}, {""pair"": [0, 2, 2, 5], ""acc"": 1.4, ""vel"": 23.61, ""pos"": 10.9, ""error"": 0.9279488000005909}]]"
270.133,0.016999999999995907,1.409966,23.632313,11.240599917588579,1.4000000000000001,23.63,11.200000000000001,1.2,23.63,11.2,1.2,23.63,11.2,8.0,26.200398219546383,-8.248279533383965,7.991946316361179,26.768129000000034,-8.00414969299989,11.625287750880215,19.488879450972544,0.7438390549512023,13.56155228504018,19.20414969299989,0.7174259244267639,"[[3, 1, 0, 8], [3, 1, 1, 8], [3, 1, 2, 8], [3, 8, 0, 1], [0, 1, 0, 8], [0, 1, 1, 8], [0, 1, 2, 8], [0, 0, 0, 0], [0, 0, 0, 0], [0, 0, 0, 0], [0, 0, 0, 0], [0, 0, 0, 0], [0, 0, 0, 0], [0, 0, 0, 0], [0, 0, 0, 0], [0, 0, 0, 0]]",1,,19.24474961058847,1,0,1,"[3, 1, 2, 8]","[[[3, 1, 0, 8], [1.4, 23.63, 11.2], 0.10537229999989961], [[3, 1, 1, 8], [1.2, 23.63, 1649.6], 1638.3022277], [[3, 1, 2, 8], [1.2, 23.63, 11.2], 0.10537229999989961], [[3, 8, 0, 1], [1.2, 21.07, 11.2], 2.6653722999998983], [[0, 1, 0, 8], [1.4, 21.07, 11.2], 2.6653722999998983], [[0, 1, 1, 8], [1.2, 21.07, 1649.6], 1640.8622277], [[0, 1, 2, 8], [1.2, 21.07, 11.2], 2.6653722999998983]]","[[3, 1, 2, 8], [3, 1, 0, 8], [3, 8, 0, 1], [0, 1, 2, 8], [0, 1, 0, 8], [3, 1, 1, 8], [0, 1, 1, 8]]","[{""pair"": [3, 1, 2, 8], ""acc"": 1.2, ""vel"": 23.63, ""pos"": 11.2, ""error"": 0.10537229999989961}, {""pair"": [3, 1, 0, 8], ""acc"": 1.4, ""vel"": 23.63, ""pos"": 11.2, ""error"": 0.10537229999989961}, {""pair"": [3, 8, 0, 1], ""acc"": 1.2, ""vel"": 21.07, ""pos"": 11.2, ""error"": 2.6653722999998983}, {""pair"": [0, 1, 2, 8], ""acc"": 1.2, ""vel"": 21.07, ""pos"": 11.2, ""error"": 2.6653722999998983}, {""pair"": [0, 1, 0, 8], ""acc"": 1.4, ""vel"": 21.07, ""pos"": 11.2, ""error"": 2.6653722999998983}, {""pair"": [3, 1, 1, 8], ""acc"": 1.2, ""vel"": 23.63, ""pos"": 1649.6, ""error"": 1638.3022277}, {""pair"": [0, 1, 1, 8], ""acc"": 1.2, ""vel"": 21.07, ""pos"": 1649.6, ""error"": 1640.8622277}]","[[{""pair"": [3, 1, 0, 8], ""acc"": 1.4, ""vel"": 23.63, ""pos"": 11.2, ""error"": 0.10537229999989961}], [{""pair"": [3, 1, 1, 8], ""acc"": 1.2, ""vel"": 23.63, ""pos"": 1649.6, ""error"": 1638.3022277}], [{""pair"": [3, 1, 2, 8], ""acc"": 1.2, ""vel"": 23.63, ""pos"": 11.2, ""error"": 0.10537229999989961}], [{""pair"": [3, 8, 0, 1], ""acc"": 1.2, ""vel"": 21.07, ""pos"": 11.2, ""error"": 2.6653722999998983}], [{""pair"": [0, 1, 0, 8], ""acc"": 1.4, ""vel"": 21.07, ""pos"": 11.2, ""error"": 2.6653722999998983}], [{""pair"": [0, 1, 1, 8], ""acc"": 1.2, ""vel"": 21.07, ""pos"": 1649.6, ""error"": 1640.8622277}], [{""pair"": [0, 1, 2, 8], ""acc"": 1.2, ""vel"": 21.07, ""pos"": 11.2, ""error"": 2.6653722999998983}]]"
270.15,0.03300000000001546,1.383043,23.654987,11.642552978675482,1.4000000000000001,23.650000000000002,11.600000000000001,1.4,23.65,11.6,1.4,21.09,11.6,8.0,26.33639821954635,-7.801716763651784,-8.0,26.903992087378143,-7.547936663757286,12.026350520612386,19.444269742327265,0.7383040604199292,21.13019234859442,19.147936663757285,0.7117135851649478,"[[3, 1, 0, 13], [3, 1, 2, 13], [3, 13, 0, 1], [3, 13, 2, 1], [0, 1, 0, 13], [0, 1, 2, 13], [2, 1, 0, 13], [2, 1, 2, 13], [0, 0, 0, 0], [0, 0, 0, 0], [0, 0, 0, 0], [0, 0, 0, 0], [0, 0, 0, 0], [0, 0, 0, 0], [0, 0, 0, 0], [0, 0, 0, 0]]",1,,19.190489642432766,1,0,1,"[3, 13, 0, 1]","[[[3, 1, 0, 13], [7.8, 23.65, 11.6], 0.40004340000038496], [[3, 1, 2, 13], [1.4, 23.65, 12.4], 0.4391565999996523], [[3, 13, 0, 1], [1.4, 21.09, 11.6], 0.3155634000003449], [[3, 13, 2, 1], [1.4, 23.65, 11.6], 0.40004340000038496], [[0, 1, 0, 13], [7.8, 21.09, 11.6], 0.3155634000003449], [[0, 1, 2, 13], [1.4, 21.09, 12.4], 0.5236365999996924], [[2, 1, 0, 13], [7.8, 23.65, 11.6], 0.40004340000038496], [[2, 1, 2, 13], [1.4, 23.65, 12.4], 0.4391565999996523]]","[[3, 13, 0, 1], [0, 1, 0, 13], [3, 13, 2, 1], [3, 1, 0, 13], [2, 1, 0, 13], [3, 1, 2, 13], [2, 1, 2, 13], [0, 1, 2, 13]]","[{""pair"": [3, 13, 0, 1], ""acc"": 1.4, ""vel"": 21.09, ""pos"": 11.6, ""error"": 0.3155634000003449}, {""pair"": [0, 1, 0, 13], ""acc"": 7.8, ""vel"": 21.09, ""pos"": 11.6, ""error"": 0.3155634000003449}, {""pair"": [3, 13, 2, 1], ""acc"": 1.4, ""vel"": 23.65, ""pos"": 11.6, ""error"": 0.40004340000038496}, {""pair"": [3, 1, 0, 13], ""acc"": 7.8, ""vel"": 23.65, ""pos"": 11.6, ""error"": 0.40004340000038496}, {""pair"": [2, 1, 0, 13], ""acc"": 7.8, ""vel"": 23.65, ""pos"": 11.6, ""error"": 0.40004340000038496}, {""pair"": [3, 1, 2, 13], ""acc"": 1.4, ""vel"": 23.65, ""pos"": 12.4, ""error"": 0.4391565999996523}, {""pair"": [2, 1, 2, 13], ""acc"": 1.4, ""vel"": 23.65, ""pos"": 12.4, ""error"": 0.4391565999996523}, {""pair"": [0, 1, 2, 13], ""acc"": 1.4, ""vel"": 21.09, ""pos"": 12.4, ""error"": 0.5236365999996924}]","[[{""pair"": [3, 1, 0, 13], ""acc"": 7.8, ""vel"": 23.65, ""pos"": 11.6, ""error"": 0.40004340000038496}, {""pair"": [3, 1, 0, 13], ""acc"": 7.8, ""vel"": 23.65, ""pos"": 11.6, ""error"": 0.4067523000003863}, {""pair"": [3, 1, 0, 13], ""acc"": 7.8, ""vel"": 23.65, ""pos"": 11.6, ""error"": 2.836363400000307}, {""pair"": [3, 1, 0, 13], ""acc"": 7.8, ""vel"": 23.65, ""pos"": 11.6, ""error"": 2.836363400000307}, {""pair"": [3, 1, 0, 13], ""acc"": 7.8, ""vel"": 23.65, ""pos"": 11.6, ""error"": 2.8298723000003037}, {""pair"": [3, 1, 0, 13], ""acc"": 7.8, ""vel"": 23.65, ""pos"": 11.6, ""error"": 1638.8000434000003}, {""pair"": [3, 1, 0, 13], ""acc"": 7.8, ""vel"": 23.65, ""pos"": 11.6, ""error"": 1641.2363634000003}], [{""pair"": [3, 1, 2, 13], ""acc"": 1.4, ""vel"": 23.65, ""pos"": 12.4, ""error"": 0.4391565999996523}, {""pair"": [3, 1, 2, 13], ""acc"": 1.4, ""vel"": 23.65, ""pos"": 12.4, ""error"": 0.4456476999996557}, {""pair"": [3, 1, 2, 13], ""acc"": 1.4, ""vel"": 23.65, ""pos"": 12.4, ""error"": 3.0444365999996545}, {""pair"": [3, 1, 2, 13], ""acc"": 1.4, ""vel"": 23.65, ""pos"": 12.4, ""error"": 3.0444365999996545}, {""pair"": [3, 1, 2, 13], ""acc"": 1.4, ""vel"": 23.65, ""pos"": 12.4, ""error"": 3.037727699999653}, {""pair"": [3, 1, 2, 13], ""acc"": 1.4, ""vel"": 23.65, ""pos"": 12.4, ""error"": 1638.0000434}, {""pair"": [3, 1, 2, 13], ""acc"": 1.4, ""vel"": 23.65, ""pos"": 12.4, ""error"": 1640.4363634000001}], [{""pair"": [3, 13, 0, 1], ""acc"": 1.4, ""vel"": 21.09, ""pos"": 11.6, ""error"": 2.9600434000003837}, {""pair"": [3, 13, 0, 1], ""acc"": 1.4, ""vel"": 21.09, ""pos"": 11.6, ""error"": 2.966752300000385}, {""pair"": [3, 13, 0, 1], ""acc"": 1.4, ""vel"": 21.09, ""pos"": 11.6, ""error"": 0.3155634000003449}, {""pair"": [3, 13, 0, 1], ""acc"": 1.4, ""vel"": 21.09, ""pos"": 11.6, ""error"": 0.3155634000003449}, {""pair"": [3, 13, 0, 1], ""acc"": 1.4, ""vel"": 21.09, ""pos"": 11.6, ""error"": 0.32227230000034623}, {""pair"": [3, 13, 0, 1], ""acc"": 1.4, ""vel"": 21.09, ""pos"": 11.6, ""error"": 1641.3600434000002}, {""pair"": [3, 13, 0, 1], ""acc"": 1.4, ""vel"": 21.09, ""pos"": 11.6, ""error"": 1638.7155634000003}], [{""pair"": [3, 13, 2, 1], ""acc"": 1.4, ""vel"": 23.65, ""pos"": 11.6, ""error"": 0.40004340000038496}, {""pair"": [3, 13, 2, 1], ""acc"": 1.4, ""vel"": 23.65, ""pos"": 11.6, ""error"": 0.4067523000003863}, {""pair"": [3, 13, 2, 1], ""acc"": 1.4, ""vel"": 23.65, ""pos"": 11.6, ""error"": 2.836363400000307}, {""pair"": [3, 13, 2, 1], ""acc"": 1.4, ""vel"": 23.65, ""pos"": 11.6, ""error"": 2.836363400000307}, {""pair"": [3, 13, 2, 1], ""acc"": 1.4, ""vel"": 23.65, ""pos"": 11.6, ""error"": 2.8298723000003037}, {""pair"": [3, 13, 2, 1], ""acc"": 1.4, ""vel"": 23.65, ""pos"": 11.6, ""error"": 1638.8000434000003}, {""pair"": [3, 13, 2, 1], ""acc"": 1.4, ""vel"": 23.65, ""pos"": 11.6, ""error"": 1641.2363634000003}], [{""pair"": [0, 1, 0, 13], ""acc"": 7.8, ""vel"": 21.09, ""pos"": 11.6, ""error"": 2.9600434000003837}, {""pair"": [0, 1, 0, 13], ""acc"": 7.8, ""vel"": 21.09, ""pos"": 11.6, ""error"": 2.966752300000385}, {""pair"": [0, 1, 0, 13], ""acc"": 7.8, ""vel"": 21.09, ""pos"": 11.6, ""error"": 0.3155634000003449}, {""pair"": [0, 1, 0, 13], ""acc"": 7.8, ""vel"": 21.09, ""pos"": 11.6, ""error"": 0.3155634000003449}, {""pair"": [0, 1, 0, 13], ""acc"": 7.8, ""vel"": 21.09, ""pos"": 11.6, ""error"": 0.32227230000034623}, {""pair"": [0, 1, 0, 13], ""acc"": 7.8, ""vel"": 21.09, ""pos"": 11.6, ""error"": 1641.3600434000002}, {""pair"": [0, 1, 0, 13], ""acc"": 7.8, ""vel"": 21.09, ""pos"": 11.6, ""error"": 1638.7155634000003}], [{""pair"": [0, 1, 2, 13], ""acc"": 1.4, ""vel"": 21.09, ""pos"": 12.4, ""error"": 2.999156599999651}, {""pair"": [0, 1, 2, 13], ""acc"": 1.4, ""vel"": 21.09, ""pos"": 12.4, ""error"": 3.0056476999996544}, {""pair"": [0, 1, 2, 13], ""acc"": 1.4, ""vel"": 21.09, ""pos"": 12.4, ""error"": 0.5236365999996924}, {""pair"": [0, 1, 2, 13], ""acc"": 1.4, ""vel"": 21.09, ""pos"": 12.4, ""error"": 0.5236365999996924}, {""pair"": [0, 1, 2, 13], ""acc"": 1.4, ""vel"": 21.09, ""pos"": 12.4, ""error"": 0.5301276999996958}, {""pair"": [0, 1, 2, 13], ""acc"": 1.4, ""vel"": 21.09, ""pos"": 12.4, ""error"": 1640.5600434}, {""pair"": [0, 1, 2, 13], ""acc"": 1.4, ""vel"": 21.09, ""pos"": 12.4, ""error"": 1637.9155634}], [{""pair"": [2, 1, 0, 13], ""acc"": 7.8, ""vel"": 23.65, ""pos"": 11.6, ""error"": 0.40004340000038496}, {""pair"": [2, 1, 0, 13], ""acc"": 7.8, ""vel"": 23.65, ""pos"": 11.6, ""error"": 0.4067523000003863}, {""pair"": [2, 1, 0, 13], ""acc"": 7.8, ""vel"": 23.65, ""pos"": 11.6, ""error"": 2.836363400000307}, {""pair"": [2, 1, 0, 13], ""acc"": 7.8, ""vel"": 23.65, ""pos"": 11.6, ""error"": 2.836363400000307}, {""pair"": [2, 1, 0, 13], ""acc"": 7.8, ""vel"": 23.65, ""pos"": 11.6, ""error"": 2.8298723000003037}, {""pair"": [2, 1, 0, 13], ""acc"": 7.8, ""vel"": 23.65, ""pos"": 11.6, ""error"": 1638.8000434000003}, {""pair"": [2, 1, 0, 13], ""acc"": 7.8, ""vel"": 23.65, ""pos"": 11.6, ""error"": 1641.2363634000003}], [{""pair"": [2, 1, 2, 13], ""acc"": 1.4, ""vel"": 23.65, ""pos"": 12.4, ""error"": 0.4391565999996523}, {""pair"": [2, 1, 2, 13], ""acc"": 1.4, ""vel"": 23.65, ""pos"": 12.4, ""error"": 0.4456476999996557}, {""pair"": [2, 1, 2, 13], ""acc"": 1.4, ""vel"": 23.65, ""pos"": 12.4, ""error"": 3.0444365999996545}, {""pair"": [2, 1, 2, 13], ""acc"": 1.4, ""vel"": 23.65, ""pos"": 12.4, ""error"": 3.0444365999996545}, {""pair"": [2, 1, 2, 13], ""acc"": 1.4, ""vel"": 23.65, ""pos"": 12.4, ""error"": 3.037727699999653}, {""pair"": [2, 1, 2, 13], ""acc"": 1.4, ""vel"": 23.65, ""pos"": 12.4, ""error"": 1638.0000434}, {""pair"": [2, 1, 2, 13], ""acc"": 1.4, ""vel"": 23.65, ""pos"": 12.4, ""error"": 1640.4363634000001}]]"
270.183,0.033999999999991815,1.340107,23.699457,12.42392061658935,1.3,23.7,12.4,1.3,23.7,217.2,1.3,23.7,12.4,8.0,26.600398219546474,-6.928259622406344,-6.657827376153573,26.63999208737802,-6.664460924873395,12.778238911857855,19.352180238995693,0.7275146815198934,12.913947859710522,19.064460924873394,0.7156331301579516,"[[3, 0, 1, 5], [0, 0, 1, 5], [2, 0, 1, 5], [0, 0, 0, 0], [0, 0, 0, 0], [0, 0, 0, 0], [0, 0, 0, 0], [0, 0, 0, 0], [0, 0, 0, 0], [0, 0, 0, 0], [0, 0, 0, 0], [0, 0, 0, 0], [0, 0, 0, 0], [0, 0, 0, 0], [0, 0, 0, 0], [0, 0, 0, 0]]",1,,19.088381541462745,1,0,1,"[3, 0, 1, 5]","[[[3, 0, 1, 5], [1.3, 23.7, 12.4], 0.00730919999981694], [[0, 0, 1, 5], [1.3, 24.98, 12.4], 1.0734083999998685], [[2, 0, 1, 5], [1.3, 23.7, 12.4], 0.00730919999981694]]","[[3, 0, 1, 5], [2, 0, 1, 5], [0, 0, 1, 5]]","[{""pair"": [3, 0, 1, 5], ""acc"": 1.3, ""vel"": 23.7, ""pos"": 12.4, ""error"": 0.00730919999981694}, {""pair"": [2, 0, 1, 5], ""acc"": 1.3, ""vel"": 23.7, ""pos"": 12.4, ""error"": 0.00730919999981694}, {""pair"": [0, 0, 1, 5], ""acc"": 1.3, ""vel"": 24.98, ""pos"": 12.4, ""error"": 1.0734083999998685}]","[[{""pair"": [3, 0, 1, 5], ""acc"": 1.3, ""vel"": 23.7, ""pos"": 12.4, ""error"": 2.644530800000185}, {""pair"": [3, 0, 1, 5], ""acc"": 1.3, ""vel"": 23.7, ""pos"": 12.4, ""error"": 2.423231600000239}, {""pair"": [3, 0, 1, 5], ""acc"": 1.3, ""vel"": 23.7, ""pos"": 12.4, ""error"": 0.00730919999981694}, {""pair"": [3, 0, 1, 5], ""acc"": 1.3, ""vel"": 23.7, ""pos"": 12.4, ""error"": 0.22380839999973823}, {""pair"": [3, 0, 1, 5], ""acc"": 1.3, ""vel"": 23.7, ""pos"": 12.4, ""error"": 0.22380839999973823}, {""pair"": [3, 0, 1, 5], ""acc"": 1.3, ""vel"": 23.7, ""pos"": 12.4, ""error"": 0.8073091999998177}, {""pair"": [3, 0, 1, 5], ""acc"": 1.3, ""vel"": 23.7, ""pos"": 12.4, ""error"": 0.8073091999998177}, {""pair"": [3, 0, 1, 5], ""acc"": 1.3, ""vel"": 23.7, ""pos"": 12.4, ""error"": 3.2802691999998377}], [{""pair"": [0, 0, 1, 5], ""acc"": 1.3, ""vel"": 24.98, ""pos"": 12.4, ""error"": 3.924530800000186}, {""pair"": [0, 0, 1, 5], ""acc"": 1.3, ""vel"": 24.98, ""pos"": 12.4, ""error"": 3.7032316000002403}, {""pair"": [0, 0, 1, 5], ""acc"": 1.3, ""vel"": 24.98, ""pos"": 12.4, ""error"": 1.287309199999818}, {""pair"": [0, 0, 1, 5], ""acc"": 1.3, ""vel"": 24.98, ""pos"": 12.4, ""error"": 1.0734083999998685}, {""pair"": [0, 0, 1, 5], ""acc"": 1.3, ""vel"": 24.98, ""pos"": 12.4, ""error"": 1.0734083999998685}, {""pair"": [0, 0, 1, 5], ""acc"": 1.3, ""vel"": 24.98, ""pos"": 12.4, ""error"": 2.087309199999819}, {""pair"": [0, 0, 1, 5], ""acc"": 1.3, ""vel"": 24.98, ""pos"": 12.4, ""error"": 2.087309199999819}, {""pair"": [0, 0, 1, 5], ""acc"": 1.3, ""vel"": 24.98, ""pos"": 12.4, ""error"": 4.560269199999839}], [{""pair"": [2, 0, 1, 5], ""acc"": 1.3, ""vel"": 23.7, ""pos"": 12.4, ""error"": 2.644530800000185}, {""pair"": [2, 0, 1, 5], ""acc"": 1.3, ""vel"": 23.7, ""pos"": 12.4, ""error"": 2.423231600000239}, {""pair"": [2, 0, 1, 5], ""acc"": 1.3, ""vel"": 23.7, ""pos"": 12.4, ""error"": 0.00730919999981694}, {""pair"": [2, 0, 1, 5], ""acc"": 1.3, ""vel"": 23.7, ""pos"": 12.4, ""error"": 0.22380839999973823}, {""pair"": [2, 0, 1, 5], ""acc"": 1.3, ""vel"": 23.7, ""pos"": 12.4, ""error"": 0.22380839999973823}, {""pair"": [2, 0, 1, 5], ""acc"": 1.3, ""vel"": 23.7, ""pos"": 12.4, ""error"": 0.8073091999998177}, {""pair"": [2, 0, 1, 5], ""acc"": 1.3, ""vel"": 23.7, ""pos"": 12.4, ""error"": 0.8073091999998177}, {""pair"": [2, 0, 1, 5], ""acc"": 1.3, ""vel"": 23.7, ""pos"": 12.4, ""error"": 3.2802691999998377}]]"
270.217,0.016000000000019554,1.329343,23.743753,13.230476736435154,1.3,23.740000000000002,13.200000000000001,1.3,50,13.2,1.3,23.74,13.2,7.988387610255594,26.872398219546408,-6.019222082941984,-6.06566886981285,26.413625956588852,-5.7625494181261745,13.595876451322198,19.249698819377137,0.7163372119640337,12.022114856570413,18.962549418126173,0.717907849883669,"[[3, 12, 0, 5], [0, 5, 0, 12], [0, 5, 1, 12], [0, 0, 0, 0], [0, 0, 0, 0], [0, 0, 0, 0], [0, 0, 0, 0], [0, 0, 0, 0], [0, 0, 0, 0], [0, 0, 0, 0], [0, 0, 0, 0], [0, 0, 0, 0], [0, 0, 0, 0], [0, 0, 0, 0], [0, 0, 0, 0], [0, 0, 0, 0]]",1,,18.993026154561328,1,0,1,"[3, 12, 0, 5]","[[[3, 12, 0, 5], [1.3, 23.74, 13.2], 0.439833599999508], [[0, 5, 0, 12], [4.5, 23.74, 13.2], 0.439833599999508], [[0, 5, 1, 12], [1.3, 23.82, 13.2], 0.5198335999995098]]","[[3, 12, 0, 5], [0, 5, 0, 12], [0, 5, 1, 12]]","[{""pair"": [3, 12, 0, 5], ""acc"": 1.3, ""vel"": 23.74, ""pos"": 13.2, ""error"": 0.439833599999508}, {""pair"": [0, 5, 0, 12], ""acc"": 4.5, ""vel"": 23.74, ""pos"": 13.2, ""error"": 0.439833599999508}, {""pair"": [0, 5, 1, 12], ""acc"": 1.3, ""vel"": 23.82, ""pos"": 13.2, ""error"": 0.5198335999995098}]","[[{""pair"": [3, 12, 0, 5], ""acc"": 1.3, ""vel"": 23.74, ""pos"": 13.2, ""error"": 0.439833599999508}, {""pair"": [3, 12, 0, 5], ""acc"": 1.3, ""vel"": 23.74, ""pos"": 13.2, ""error"": 0.439833599999508}, {""pair"": [3, 12, 0, 5], ""acc"": 1.3, ""vel"": 23.74, ""pos"": 13.2, ""error"": 1.6609535999995373}], [{""pair"": [0, 5, 0, 12], ""acc"": 4.5, ""vel"": 23.74, ""pos"": 13.2, ""error"": 0.439833599999508}, {""pair"": [0, 5, 0, 12], ""acc"": 4.5, ""vel"": 23.74, ""pos"": 13.2, ""error"": 0.439833599999508}, {""pair"": [0, 5, 0, 12], ""acc"": 4.5, ""vel"": 23.74, ""pos"": 13.2, ""error"": 1.6609535999995373}], [{""pair"": [0, 5, 1, 12], ""acc"": 1.3, ""vel"": 23.82, ""pos"": 13.2, ""error"": 0.5198335999995098}, {""pair"": [0, 5, 1, 12], ""acc"": 1.3, ""vel"": 23.82, ""pos"": 13.2, ""error"": 0.5198335999995098}, {""pair"": [0, 5, 1, 12], ""acc"": 1.3, ""vel"": 23.82, ""pos"": 13.2, ""error"": 1.5809535999995354}]]"
270.233,0.016999999999995907,1.331623,23.766003,13.610546940339619,1.3,23.77,13.600000000000001,1.3,23.77,12.8,1.3,23.77,13.6,7.9548657142737484,27.000212421310653,-5.5882411978146,-5.450853144741579,26.31657525467173,-5.340707808435575,13.949931916874696,19.19878813815422,0.7110606331008364,11.603484596392203,18.940707808435576,0.7197254059520231,"[[3, 5, 0, 13], [3, 5, 1, 13], [3, 5, 2, 13], [3, 13, 0, 5], [3, 13, 1, 5], [3, 13, 2, 5], [0, 5, 0, 13], [0, 5, 1, 13], [0, 5, 2, 13], [1, 5, 0, 13], [1, 5, 1, 13], [1, 5, 2, 13], [2, 5, 0, 13], [2, 5, 1, 13], [2, 5, 2, 13], [0, 0, 0, 0]]",1,,18.95125474877519,1,0,1,"[3, 5, 2, 13]","[[[3, 5, 0, 13], [7.7, 23.77, 12.8], 0.8116678499999068], [[3, 5, 1, 13], [1.3, 23.93, 12.8], 0.8930278499999051], [[3, 5, 2, 13], [1.3, 23.77, 13.6], 0.011667849999907887], [[3, 13, 0, 5], [1.3, 64.73, 12.8], 41.69302784999991], [[3, 13, 1, 5], [1.3, 23.77, 217.6], 204.0041321500001], [[3, 13, 2, 5], [1.3, 23.77, 12.8], 0.8116678499999068], [[0, 5, 0, 13], [7.7, 64.73, 12.8], 41.69302784999991], [[0, 5, 1, 13], [1.3, 64.89, 12.8], 41.853027849999904], [[0, 5, 2, 13], [1.3, 64.73, 13.6], 40.89302784999991], [[1, 5, 0, 13], [7.7, 23.77, 217.6], 204.0041321500001], [[1, 5, 1, 13], [1.3, 23.93, 217.6], 204.0827721500001], [[1, 5, 2, 13], [1.3, 23.77, 218.4], 204.8041321500001], [[2, 5, 0, 13], [7.7, 23.77, 12.8], 0.8116678499999068], [[2, 5, 1, 13], [1.3, 23.93, 12.8], 0.8930278499999051], [[2, 5, 2, 13], [1.3, 23.77, 13.6], 0.011667849999907887]]","[[3, 5, 2, 13], [2, 5, 2, 13], [3, 13, 2, 5], [3, 5, 0, 13], [2, 5, 0, 13], [3, 5, 1, 13], [2, 5, 1, 13], [0, 5, 2, 13], [3, 13, 0, 5], [0, 5, 0, 13], [0, 5, 1, 13], [3, 13, 1, 5], [1, 5, 0, 13], [1, 5, 1, 13], [1, 5, 2, 13]]","[{""pair"": [3, 5, 2, 13], ""acc"": 1.3, ""vel"": 23.77, ""pos"": 13.6, ""error"": 0.011667849999907887}, {""pair"": [2, 5, 2, 13], ""acc"": 1.3, ""vel"": 23.77, ""pos"": 13.6, ""error"": 0.011667849999907887}, {""pair"": [3, 13, 2, 5], ""acc"": 1.3, ""vel"": 23.77, ""pos"": 12.8, ""error"": 0.8116678499999068}, {""pair"": [3, 5, 0, 13], ""acc"": 7.7, ""vel"": 23.77, ""pos"": 12.8, ""error"": 0.8116678499999068}, {""pair"": [2, 5, 0, 13], ""acc"": 7.7, ""vel"": 23.77, ""pos"": 12.8, ""error"": 0.8116678499999068}, {""pair"": [3, 5, 1, 13], ""acc"": 1.3, ""vel"": 23.93, ""pos"": 12.8, ""error"": 0.8930278499999051}, {""pair"": [2, 5, 1, 13], ""acc"": 1.3, ""vel"": 23.93, ""pos"": 12.8, ""error"": 0.8930278499999051}, {""pair"": [0, 5, 2, 13], ""acc"": 1.3, ""vel"": 64.73, ""pos"": 13.6, ""error"": 40.89302784999991}, {""pair"": [3, 13, 0, 5], ""acc"": 1.3, ""vel"": 64.73, ""pos"": 12.8, ""error"": 41.69302784999991}, {""pair"": [0, 5, 0, 13], ""acc"": 7.7, ""vel"": 64.73, ""pos"": 12.8, ""error"": 41.69302784999991}, {""pair"": [0, 5, 1, 13], ""acc"": 1.3, ""vel"": 64.89, ""pos"": 12.8, ""error"": 41.853027849999904}, {""pair"": [3, 13, 1, 5], ""acc"": 1.3, ""vel"": 23.77, ""pos"": 217.6, ""error"": 204.0041321500001}, {""pair"": [1, 5, 0, 13], ""acc"": 7.7, ""vel"": 23.77, ""pos"": 217.6, ""error"": 204.0041321500001}, {""pair"": [1, 5, 1, 13], ""acc"": 1.3, ""vel"": 23.93, ""pos"": 217.6, ""error"": 204.0827721500001}, {""pair"": [1, 5, 2, 13], ""acc"": 1.3, ""vel"": 23.77, ""pos"": 218.4, ""error"": 204.8041321500001}]","[[{""pair"": [3, 5, 0, 13], ""acc"": 7.7, ""vel"": 23.77, ""pos"": 12.8, ""error"": 0.8116678499999068}, {""pair"": [3, 5, 0, 13], ""acc"": 7.7, ""vel"": 23.77, ""pos"": 12.8, ""error"": 0.8507302499998808}, {""pair"": [3, 5, 0, 13], ""acc"": 7.7, ""vel"": 23.77, ""pos"": 12.8, ""error"": 0.8772278499998958}], [{""pair"": [3, 5, 1, 13], ""acc"": 1.3, ""vel"": 23.93, ""pos"": 12.8, ""error"": 0.971667849999907}, {""pair"": [3, 5, 1, 13], ""acc"": 1.3, ""vel"": 23.93, ""pos"": 12.8, ""error"": 0.91773024999992}, {""pair"": [3, 5, 1, 13], ""acc"": 1.3, ""vel"": 23.93, ""pos"": 12.8, ""error"": 0.8930278499999051}], [{""pair"": [3, 5, 2, 13], ""acc"": 1.3, ""vel"": 23.77, ""pos"": 13.6, ""error"": 0.011667849999907887}, {""pair"": [3, 5, 2, 13], ""acc"": 1.3, ""vel"": 23.77, ""pos"": 13.6, ""error"": 0.05073024999988185}, {""pair"": [3, 5, 2, 13], ""acc"": 1.3, ""vel"": 23.77, ""pos"": 13.6, ""error"": 0.07722784999989685}], [{""pair"": [3, 13, 0, 5], ""acc"": 1.3, ""vel"": 64.73, ""pos"": 12.8, ""error"": 41.771667849999915}, {""pair"": [3, 13, 0, 5], ""acc"": 1.3, ""vel"": 64.73, ""pos"": 12.8, ""error"": 41.71773024999993}, {""pair"": [3, 13, 0, 5], ""acc"": 1.3, ""vel"": 64.73, ""pos"": 12.8, ""error"": 41.69302784999991}], [{""pair"": [3, 13, 1, 5], ""acc"": 1.3, ""vel"": 23.77, ""pos"": 217.6, ""error"": 204.0041321500001}, {""pair"": [3, 13, 1, 5], ""acc"": 1.3, ""vel"": 23.77, ""pos"": 217.6, ""error"": 204.04226975000006}, {""pair"": [3, 13, 1, 5], ""acc"": 1.3, ""vel"": 23.77, ""pos"": 217.6, ""error"": 204.0669721500001}], [{""pair"": [3, 13, 2, 5], ""acc"": 1.3, ""vel"": 23.77, ""pos"": 12.8, ""error"": 0.8116678499999068}, {""pair"": [3, 13, 2, 5], ""acc"": 1.3, ""vel"": 23.77, ""pos"": 12.8, ""error"": 0.8507302499998808}, {""pair"": [3, 13, 2, 5], ""acc"": 1.3, ""vel"": 23.77, ""pos"": 12.8, ""error"": 0.8772278499998958}], [{""pair"": [0, 5, 0, 13], ""acc"": 7.7, ""vel"": 64.73, ""pos"": 12.8, ""error"": 41.771667849999915}, {""pair"": [0, 5, 0, 13], ""acc"": 7.7, ""vel"": 64.73, ""pos"": 12.8, ""error"": 41.71773024999993}, {""pair"": [0, 5, 0, 13], ""acc"": 7.7, ""vel"": 64.73, ""pos"": 12.8, ""error"": 41.69302784999991}], [{""pair"": [0, 5, 1, 13], ""acc"": 1.3, ""vel"": 64.89, ""pos"": 12.8, ""error"": 41.93166784999991}, {""pair"": [0, 5, 1, 13], ""acc"": 1.3, ""vel"": 64.89, ""pos"": 12.8, ""error"": 41.87773024999993}, {""pair"": [0, 5, 1, 13], ""acc"": 1.3, ""vel"": 64.89, ""pos"": 12.8, ""error"": 41.853027849999904}], [{""pair"": [0, 5, 2, 13], ""acc"": 1.3, ""vel"": 64.73, ""pos"": 13.6, ""error"": 40.97166784999992}, {""pair"": [0, 5, 2, 13], ""acc"": 1.3, ""vel"": 64.73, ""pos"": 13.6, ""error"": 40.91773024999993}, {""pair"": [0, 5, 2, 13], ""acc"": 1.3, ""vel"": 64.73, ""pos"": 13.6, ""error"": 40.89302784999991}], [{""pair"": [1, 5, 0, 13], ""acc"": 7.7, ""vel"": 23.77, ""pos"": 217.6, ""error"": 204.0041321500001}, {""pair"": [1, 5, 0, 13], ""acc"": 7.7, ""vel"": 23.77, ""pos"": 217.6, ""error"": 204.04226975000006}, {""pair"": [1, 5, 0, 13], ""acc"": 7.7, ""vel"": 23.77, ""pos"": 217.6, ""error"": 204.0669721500001}], [{""pair"": [1, 5, 1, 13], ""acc"": 1.3, ""vel"": 23.93, ""pos"": 217.6, ""error"": 204.16413215000009}, {""pair"": [1, 5, 1, 13], ""acc"": 1.3, ""vel"": 23.93, ""pos"": 217.6, ""error"": 204.1092697500001}, {""pair"": [1, 5, 1, 13], ""acc"": 1.3, ""vel"": 23.93, ""pos"": 217.6, ""error"": 204.0827721500001}], [{""pair"": [1, 5, 2, 13], ""acc"": 1.3, ""vel"": 23.77, ""pos"": 218.4, ""error"": 204.8041321500001}, {""pair"": [1, 5, 2, 13], ""acc"": 1.3, ""vel"": 23.77, ""pos"": 218.4, ""error"": 204.84226975000007}, {""pair"": [1, 5, 2, 13], ""acc"": 1.3, ""vel"": 23.77, ""pos"": 218.4, ""error"": 204.86697215000012}], [{""pair"": [2, 5, 0, 13], ""acc"": 7.7, ""vel"": 23.77, ""pos"": 12.8, ""error"": 0.8116678499999068}, {""pair"": [2, 5, 0, 13], ""acc"": 7.7, ""vel"": 23.77, ""pos"": 12.8, ""error"": 0.8507302499998808}, {""pair"": [2, 5, 0, 13], ""acc"": 7.7, ""vel"": 23.77, ""pos"": 12.8, ""error"": 0.8772278499998958}], [{""pair"": [2, 5, 1, 13], ""acc"": 1.3, ""vel"": 23.93, ""pos"": 12.8, ""error"": 0.971667849999907}, {""pair"": [2, 5, 1, 13], ""acc"": 1.3, ""vel"": 23.93, ""pos"": 12.8, ""error"": 0.91773024999992}, {""pair"": [2, 5, 1, 13], ""acc"": 1.3, ""vel"": 23.93, ""pos"": 12.8, ""error"": 0.8930278499999051}], [{""pair"": [2, 5, 2, 13], ""acc"": 1.3, ""vel"": 23.77, ""pos"": 13.6, ""error"": 0.011667849999907887}, {""pair"": [2, 5, 2, 13], ""acc"": 1.3, ""vel"": 23.77, ""pos"": 13.6, ""error"": 0.05073024999988185}, {""pair"": [2, 5, 2, 13], ""acc"": 1.3, ""vel"": 23.77, ""pos"": 13.6, ""error"": 0.07722784999989685}]]"
270.25,0.016999999999995907,1.334859,23.788305,14.014761410863022,1.3,23.79,14.0,1.5,23.83,14.0,1.3,23.79,14.0,7.894592392386153,27.135445138453274,-5.128088108556717,-4.856668737631744,26.223910751211143,-4.894113677385678,14.361562192720797,19.14284951941974,0.7054555184831911,11.23047826808908,18.89411367738568,0.7204918387892645,"[[0, 8, 1, 11], [0, 0, 0, 0], [0, 0, 0, 0], [0, 0, 0, 0], [0, 0, 0, 0], [0, 0, 0, 0], [0, 0, 0, 0], [0, 0, 0, 0], [0, 0, 0, 0], [0, 0, 0, 0], [0, 0, 0, 0], [0, 0, 0, 0], [0, 0, 0, 0], [0, 0, 0, 0], [0, 0, 0, 0], [0, 0, 0, 0]]",1,,18.9088750882487,1,0,1,"[0, 8, 1, 11]","[[[0, 8, 1, 11], [1.3, 23.79, 14.0], 0.0063778499998967675]]","[[0, 8, 1, 11]]","[{""pair"": [0, 8, 1, 11], ""acc"": 1.3, ""vel"": 23.79, ""pos"": 14.0, ""error"": 0.0063778499998967675}]","[[{""pair"": [0, 8, 1, 11], ""acc"": 1.3, ""vel"": 23.79, ""pos"": 14.0, ""error"": 0.0063778499998967675}, {""pair"": [0, 8, 1, 11], ""acc"": 1.3, ""vel"": 23.79, ""pos"": 14.0, ""error"": 0.0063778499998967675}, {""pair"": [0, 8, 1, 11], ""acc"": 1.3, ""vel"": 23.79, ""pos"": 14.0, ""error"": 0.7978221500000924}, {""pair"": [0, 8, 1, 11], ""acc"": 1.3, ""vel"": 23.79, ""pos"": 14.0, ""error"": 0.9056973500000662}, {""pair"": [0, 8, 1, 11], ""acc"": 1.3, ""vel"": 23.79, ""pos"": 14.0, ""error"": 0.9056973500000662}, {""pair"": [0, 8, 1, 11], ""acc"": 1.3, ""vel"": 23.79, ""pos"": 14.0, ""error"": 0.9551021500000925}, {""pair"": [0, 8, 1, 11], ""acc"": 1.3, ""vel"": 23.79, ""pos"": 14.0, ""error"": 0.9551021500000925}, {""pair"": [0, 8, 1, 11], ""acc"": 1.3, ""vel"": 23.79, ""pos"": 14.0, ""error"": 41.66269784999973}, {""pair"": [0, 8, 1, 11], ""acc"": 1.3, ""vel"": 23.79, ""pos"": 14.0, ""error"": 41.061502150000265}, {""pair"": [0, 8, 1, 11], ""acc"": 1.3, ""vel"": 23.79, ""pos"": 14.0, ""error"": 41.16937735000024}, {""pair"": [0, 8, 1, 11], ""acc"": 1.3, ""vel"": 23.79, ""pos"": 14.0, ""error"": 41.218782150000266}, {""pair"": [0, 8, 1, 11], ""acc"": 1.3, ""vel"": 23.79, ""pos"": 14.0, ""error"": 204.0063778499999}, {""pair"": [0, 8, 1, 11], ""acc"": 1.3, ""vel"": 23.79, ""pos"": 14.0, ""error"": 204.11610264999987}, {""pair"": [0, 8, 1, 11], ""acc"": 1.3, ""vel"": 23.79, ""pos"": 14.0, ""error"": 204.1690978499999}, {""pair"": [0, 8, 1, 11], ""acc"": 1.3, ""vel"": 23.79, ""pos"": 14.0, ""error"": 204.8063778499999}]]"
270.267,0.016000000000019554,1.33719,23.810625,14.419355482988424,1.3,23.81,14.4,1.3,23.81,833.6,1.3,23.81,14.4,7.813515584447068,27.269653209123806,-4.665644772602424,-4.317092419482152,26.141347382671423,-4.449008983247783,14.771833205029655,19.08500025559085,0.6998622281417735,10.892506174611025,18.849008983247785,0.7210419840770111,"[[3, 8, 0, 7], [3, 8, 1, 7], [2, 7, 0, 9], [2, 7, 1, 9], [0, 0, 0, 0], [0, 0, 0, 0], [0, 0, 0, 0], [0, 0, 0, 0], [0, 0, 0, 0], [0, 0, 0, 0], [0, 0, 0, 0], [0, 0, 0, 0], [0, 0, 0, 0], [0, 0, 0, 0], [0, 0, 0, 0], [0, 0, 0, 0]]",1,,18.86836446623621,1,0,1,"[3, 8, 1, 7]","[[[3, 8, 0, 7], [1.2, 23.81, 833.6], 819.2199935999996], [[3, 8, 1, 7], [1.3, 23.81, 14.4], 0.01999359999956063], [[2, 7, 0, 9], [0.9, 23.81, 833.6], 819.2199935999996], [[2, 7, 1, 9], [1.3, 23.8, 833.6], 819.2299935999996]]","[[3, 8, 1, 7], [2, 7, 0, 9], [3, 8, 0, 7], [2, 7, 1, 9]]","[{""pair"": [3, 8, 1, 7], ""acc"": 1.3, ""vel"": 23.81, ""pos"": 14.4, ""error"": 0.01999359999956063}, {""pair"": [2, 7, 0, 9], ""acc"": 0.9, ""vel"": 23.81, ""pos"": 833.6, ""error"": 819.2199935999996}, {""pair"": [3, 8, 0, 7], ""acc"": 1.2, ""vel"": 23.81, ""pos"": 833.6, ""error"": 819.2199935999996}, {""pair"": [2, 7, 1, 9], ""acc"": 1.3, ""vel"": 23.8, ""pos"": 833.6, ""error"": 819.2299935999996}]","[[{""pair"": [3, 8, 0, 7], ""acc"": 1.2, ""vel"": 23.81, ""pos"": 833.6, ""error"": 819.2199935999996}], [{""pair"": [3, 8, 1, 7], ""acc"": 1.3, ""vel"": 23.81, ""pos"": 14.4, ""error"": 0.01999359999956063}], [{""pair"": [2, 7, 0, 9], ""acc"": 0.9, ""vel"": 23.81, ""pos"": 833.6, ""error"": 819.2199935999996}], [{""pair"": [2, 7, 1, 9], ""acc"": 1.3, ""vel"": 23.8, ""pos"": 833.6, ""error"": 819.2299935999996}]]"
270.283,0.016999999999995907,1.338261,23.832949,14.80049664330889,1.3,23.830000000000002,14.8,1.3,23.83,14.8,0.9,23.83,14.8,7.708005533552656,27.39466945847511,-4.228330191261098,-3.7706800061377606,26.072273903959623,-4.031300012954224,15.15190536704182,19.028826834569987,0.6946178658375096,10.600637798089338,18.831300012954223,0.7222730200795525,"[[2, 3, 0, 9], [2, 3, 1, 9], [2, 3, 2, 9], [0, 0, 0, 0], [0, 0, 0, 0], [0, 0, 0, 0], [0, 0, 0, 0], [0, 0, 0, 0], [0, 0, 0, 0], [0, 0, 0, 0], [0, 0, 0, 0], [0, 0, 0, 0], [0, 0, 0, 0], [0, 0, 0, 0], [0, 0, 0, 0], [0, 0, 0, 0]]",1,,18.831796656263116,1,0,1,"[2, 3, 0, 9]","[[[2, 3, 0, 9], [0.9, 23.83, 14.8], 0.00705784999989767], [[2, 3, 1, 9], [1.3, 23.82, 14.8], 0.01705784999989568], [[2, 3, 2, 9], [1.3, 23.83, 14.8], 0.00705784999989767]]","[[2, 3, 0, 9], [2, 3, 2, 9], [2, 3, 1, 9]]","[{""pair"": [2, 3, 0, 9], ""acc"": 0.9, ""vel"": 23.83, ""pos"": 14.8, ""error"": 0.00705784999989767}, {""pair"": [2, 3, 2, 9], ""acc"": 1.3, ""vel"": 23.83, ""pos"": 14.8, ""error"": 0.00705784999989767}, {""pair"": [2, 3, 1, 9], ""acc"": 1.3, ""vel"": 23.82, ""pos"": 14.8, ""error"": 0.01705784999989568}]","[[{""pair"": [2, 3, 0, 9], ""acc"": 0.9, ""vel"": 23.83, ""pos"": 14.8, ""error"": 0.00705784999989767}, {""pair"": [2, 3, 0, 9], ""acc"": 0.9, ""vel"": 23.83, ""pos"": 14.8, ""error"": 819.20960005}, {""pair"": [2, 3, 0, 9], ""acc"": 0.9, ""vel"": 23.83, ""pos"": 14.8, ""error"": 819.2053434}, {""pair"": [2, 3, 0, 9], ""acc"": 0.9, ""vel"": 23.83, ""pos"": 14.8, ""error"": 819.21268785}], [{""pair"": [2, 3, 1, 9], ""acc"": 1.3, ""vel"": 23.82, ""pos"": 14.8, ""error"": 0.01705784999989568}, {""pair"": [2, 3, 1, 9], ""acc"": 1.3, ""vel"": 23.82, ""pos"": 14.8, ""error"": 819.21020005}, {""pair"": [2, 3, 1, 9], ""acc"": 1.3, ""vel"": 23.82, ""pos"": 14.8, ""error"": 819.2153433999999}, {""pair"": [2, 3, 1, 9], ""acc"": 1.3, ""vel"": 23.82, ""pos"": 14.8, ""error"": 819.20688785}], [{""pair"": [2, 3, 2, 9], ""acc"": 1.3, ""vel"": 23.83, ""pos"": 14.8, ""error"": 0.00705784999989767}, {""pair"": [2, 3, 2, 9], ""acc"": 1.3, ""vel"": 23.83, ""pos"": 14.8, ""error"": 819.20960005}, {""pair"": [2, 3, 2, 9], ""acc"": 1.3, ""vel"": 23.83, ""pos"": 14.8, ""error"": 819.2053434}, {""pair"": [2, 3, 2, 9], ""acc"": 1.3, ""vel"": 23.83, ""pos"": 14.8, ""error"": 819.21268785}]]"
270.3,0.016999999999995907,1.338446,23.855263,15.205850155023292,1.3,23.86,15.200000000000001,1.3,23.86,15.3,0.9,23.85,15.2,7.578644513143037,27.525705552545475,-3.7615070036675355,-3.245239551156597,26.008172343855296,-3.588616219847904,15.525374690594095,18.967357158690827,0.6890779646858788,10.325975276115493,18.788616219847903,0.7224120161710214,"[[0, 0, 0, 0], [0, 0, 0, 0], [0, 0, 0, 0], [0, 0, 0, 0], [0, 0, 0, 0], [0, 0, 0, 0], [0, 0, 0, 0], [0, 0, 0, 0], [0, 0, 0, 0], [0, 0, 0, 0], [0, 0, 0, 0], [0, 0, 0, 0], [0, 0, 0, 0], [0, 0, 0, 0], [0, 0, 0, 0], [0, 0, 0, 0]]",0,,18.794466374871195,0,0,1,"[0, 0, 0, 0]","[[[0, 0, 0, 0], [0.9, 23.85, 15.2], 0]]","[[0, 0, 0, 0]]","[{""pair"": [0, 0, 0, 0], ""acc"": 0.9, ""vel"": 23.85, ""pos"": 15.2, ""error"": 0}]",[]
270.317,0.016000000000019554,1.338104,23.877567,15.611583031470195,1.3,23.88,15.600000000000001,1.3,23.88,15.2,1.3,23.88,15.6,7.43492701650533,27.654542509268875,-3.2924748951422265,-2.7596408480435293,25.95300327148565,-3.1469462271176125,15.922911838236844,18.90405792661242,0.6835787617993107,10.051799002757619,18.74694622711761,0.7223420746729041,"[[3, 3, 0, 12], [3, 3, 1, 12], [3, 3, 2, 12], [3, 12, 0, 3], [3, 12, 1, 3], [3, 12, 2, 3], [0, 3, 0, 12], [0, 3, 1, 12], [0, 3, 2, 12], [1, 3, 0, 12], [1, 3, 1, 12], [1, 3, 2, 12], [2, 3, 0, 12], [2, 3, 1, 12], [2, 3, 2, 12], [0, 0, 0, 0]]",1,,18.758529258587807,1,0,1,"[3, 3, 2, 12]","[[[3, 3, 0, 12], [4.5, 23.88, 15.2], 0.3973152000004472], [[3, 3, 1, 12], [1.3, 23.96, 15.2], 0.477315200000449], [[3, 3, 2, 12], [1.3, 23.88, 15.6], 0.03388479999951599], [[3, 12, 0, 3], [1.3, 34.12, 15.2], 10.637315200000446], [[3, 12, 1, 3], [1.3, 23.88, 66.4], 50.833884799999524], [[3, 12, 2, 3], [1.3, 23.88, 15.2], 0.3973152000004472], [[0, 3, 0, 12], [4.5, 34.12, 15.2], 10.637315200000446], [[0, 3, 1, 12], [1.3, 34.2, 15.2], 10.717315200000451], [[0, 3, 2, 12], [1.3, 34.12, 15.6], 10.273884799999514], [[1, 3, 0, 12], [4.5, 23.88, 66.4], 50.833884799999524], [[1, 3, 1, 12], [1.3, 23.96, 66.4], 50.91388479999952], [[1, 3, 2, 12], [1.3, 23.88, 66.8], 51.233884799999515], [[2, 3, 0, 12], [4.5, 23.88, 15.2], 0.3973152000004472], [[2, 3, 1, 12], [1.3, 23.96, 15.2], 0.477315200000449], [[2, 3, 2, 12], [1.3, 23.88, 15.6], 0.03388479999951599]]","[[3, 3, 2, 12], [2, 3, 2, 12], [3, 12, 2, 3], [3, 3, 0, 12], [2, 3, 0, 12], [3, 3, 1, 12], [2, 3, 1, 12], [0, 3, 2, 12], [3, 12, 0, 3], [0, 3, 0, 12], [0, 3, 1, 12], [3, 12, 1, 3], [1, 3, 0, 12], [1, 3, 1, 12], [1, 3, 2, 12]]","[{""pair"": [3, 3, 2, 12], ""acc"": 1.3, ""vel"": 23.88, ""pos"": 15.6, ""error"": 0.03388479999951599}, {""pair"": [2, 3, 2, 12], ""acc"": 1.3, ""vel"": 23.88, ""pos"": 15.6, ""error"": 0.03388479999951599}, {""pair"": [3, 12, 2, 3], ""acc"": 1.3, ""vel"": 23.88, ""pos"": 15.2, ""error"": 0.3973152000004472}, {""pair"": [3, 3, 0, 12], ""acc"": 4.5, ""vel"": 23.88, ""pos"": 15.2, ""error"": 0.3973152000004472}, {""pair"": [2, 3, 0, 12], ""acc"": 4.5, ""vel"": 23.88, ""pos"": 15.2, ""error"": 0.3973152000004472}, {""pair"": [3, 3, 1, 12], ""acc"": 1.3, ""vel"": 23.96, ""pos"": 15.2, ""error"": 0.477315200000449}, {""pair"": [2, 3, 1, 12], ""acc"": 1.3, ""vel"": 23.96, ""pos"": 15.2, ""error"": 0.477315200000449}, {""pair"": [0, 3, 2, 12], ""acc"": 1.3, ""vel"": 34.12, ""pos"": 15.6, ""error"": 10.273884799999514}, {""pair"": [3, 12, 0, 3], ""acc"": 1.3, ""vel"": 34.12, ""pos"": 15.2, ""error"": 10.637315200000446}, {""pair"": [0, 3, 0, 12], ""acc"": 4.5, ""vel"": 34.12, ""pos"": 15.2, ""error"": 10.637315200000446}, {""pair"": [0, 3, 1, 12], ""acc"": 1.3, ""vel"": 34.2, ""pos"": 15.2, ""error"": 10.717315200000451}, {""pair"": [3, 12, 1, 3], ""acc"": 1.3, ""vel"": 23.88, ""pos"": 66.4, ""error"": 50.833884799999524}, {""pair"": [1, 3, 0, 12], ""acc"": 4.5, ""vel"": 23.88, ""pos"": 66.4, ""error"": 50.833884799999524}, {""pair"": [1, 3, 1, 12], ""acc"": 1.3, ""vel"": 23.96, ""pos"": 66.4, ""error"": 50.91388479999952}, {""pair"": [1, 3, 2, 12], ""acc"": 1.3, ""vel"": 23.88, ""pos"": 66.8, ""error"": 51.233884799999515}]","[[{""pair"": [3, 3, 0, 12], ""acc"": 4.5, ""vel"": 23.88, ""pos"": 15.2, ""error"": 0.3973152000004472}], [{""pair"": [3, 3, 1, 12], ""acc"": 1.3, ""vel"": 23.96, ""pos"": 15.2, ""error"": 0.477315200000449}], [{""pair"": [3, 3, 2, 12], ""acc"": 1.3, ""vel"": 23.88, ""pos"": 15.6, ""error"": 0.03388479999951599}], [{""pair"": [3, 12, 0, 3], ""acc"": 1.3, ""vel"": 34.12, ""pos"": 15.2, ""error"": 10.637315200000446}], [{""pair"": [3, 12, 1, 3], ""acc"": 1.3, ""vel"": 23.88, ""pos"": 66.4, ""error"": 50.833884799999524}], [{""pair"": [3, 12, 2, 3], ""acc"": 1.3, ""vel"": 23.88, ""pos"": 15.2, ""error"": 0.3973152000004472}], [{""pair"": [0, 3, 0, 12], ""acc"": 4.5, ""vel"": 34.12, ""pos"": 15.2, ""error"": 10.637315200000446}], [{""pair"": [0, 3, 1, 12], ""acc"": 1.3, ""vel"": 34.2, ""pos"": 15.2, ""error"": 10.717315200000451}], [{""pair"": [0, 3, 2, 12], ""acc"": 1.3, ""vel"": 34.12, ""pos"": 15.6, ""error"": 10.273884799999514}], [{""pair"": [1, 3, 0, 12], ""acc"": 4.5, ""vel"": 23.88, ""pos"": 66.4, ""error"": 50.833884799999524}], [{""pair"": [1, 3, 1, 12], ""acc"": 1.3, ""vel"": 23.96, ""pos"": 66.4, ""error"": 50.91388479999952}], [{""pair"": [1, 3, 2, 12], ""acc"": 1.3, ""vel"": 23.88, ""pos"": 66.8, ""error"": 51.233884799999515}], [{""pair"": [2, 3, 0, 12], ""acc"": 4.5, ""vel"": 23.88, ""pos"": 15.2, ""error"": 0.3973152000004472}], [{""pair"": [2, 3, 1, 12], ""acc"": 1.3, ""vel"": 23.96, ""pos"": 15.2, ""error"": 0.477315200000449}], [{""pair"": [2, 3, 2, 12], ""acc"": 1.3, ""vel"": 23.88, ""pos"": 15.6, ""error"": 0.03388479999951599}]]"
270.333,0.016999999999995907,1.337344,23.899851,15.993795380782663,1.3,23.900000000000002,16.0,1.3,3.42,67.2,1.3,23.9,16.0,7.265296590804612,27.773501341533105,-2.849050544335269,-2.260002650983141,25.9088490179169,-2.732051408801885,16.287186182162124,18.84284592511793,0.6784469013613319,9.844538491367537,18.732051408801887,0.7229982079037166,"[[3, 3, 0, 4], [3, 3, 1, 4], [3, 3, 2, 4], [0, 2, 1, 2], [1, 2, 0, 2], [1, 3, 0, 4], [1, 3, 1, 4], [1, 3, 2, 4], [0, 0, 0, 0], [0, 0, 0, 0], [0, 0, 0, 0], [0, 0, 0, 0], [0, 0, 0, 0], [0, 0, 0, 0], [0, 0, 0, 0], [0, 0, 0, 0]]",1,,18.725846789584548,1,0,1,"[1, 3, 0, 4]","[[[3, 3, 0, 4], [1.3, 23.9, 67.2], 0.00824784999990058], [[3, 3, 1, 4], [1.3, 3.42, 169.6], 122.87595215000007], [[3, 3, 2, 4], [1.3, 3.42, 67.2], 20.4882478499999], [[0, 2, 1, 2], [1.3, 8.54, 92.8], 40.95595215000009], [[1, 2, 0, 2], [1.3, 8.54, 92.8], 40.95595215000009], [[1, 3, 0, 4], [1.3, 23.9, 16.0], 0.008247849999897028], [[1, 3, 1, 4], [1.3, 3.42, 118.4], 71.67595215000009], [[1, 3, 2, 4], [1.3, 3.42, 16.0], 20.488247849999897]]","[[1, 3, 0, 4], [3, 3, 0, 4], [1, 3, 2, 4], [3, 3, 2, 4], [0, 2, 1, 2], [1, 2, 0, 2], [1, 3, 1, 4], [3, 3, 1, 4]]","[{""pair"": [1, 3, 0, 4], ""acc"": 1.3, ""vel"": 23.9, ""pos"": 16.0, ""error"": 0.008247849999897028}, {""pair"": [3, 3, 0, 4], ""acc"": 1.3, ""vel"": 23.9, ""pos"": 67.2, ""error"": 0.00824784999990058}, {""pair"": [1, 3, 2, 4], ""acc"": 1.3, ""vel"": 3.42, ""pos"": 16.0, ""error"": 20.488247849999897}, {""pair"": [3, 3, 2, 4], ""acc"": 1.3, ""vel"": 3.42, ""pos"": 67.2, ""error"": 20.4882478499999}, {""pair"": [0, 2, 1, 2], ""acc"": 1.3, ""vel"": 8.54, ""pos"": 92.8, ""error"": 40.95595215000009}, {""pair"": [1, 2, 0, 2], ""acc"": 1.3, ""vel"": 8.54, ""pos"": 92.8, ""error"": 40.95595215000009}, {""pair"": [1, 3, 1, 4], ""acc"": 1.3, ""vel"": 3.42, ""pos"": 118.4, ""error"": 71.67595215000009}, {""pair"": [3, 3, 1, 4], ""acc"": 1.3, ""vel"": 3.42, ""pos"": 169.6, ""error"": 122.87595215000007}]","[[{""pair"": [3, 3, 0, 4], ""acc"": 1.3, ""vel"": 23.9, ""pos"": 67.2, ""error"": 51.195952150000096}, {""pair"": [3, 3, 0, 4], ""acc"": 1.3, ""vel"": 23.9, ""pos"": 67.2, ""error"": 51.195952150000096}, {""pair"": [3, 3, 0, 4], ""acc"": 1.3, ""vel"": 23.9, ""pos"": 67.2, ""error"": 51.5959521500001}, {""pair"": [3, 3, 0, 4], ""acc"": 1.3, ""vel"": 23.9, ""pos"": 67.2, ""error"": 51.649889750000085}, {""pair"": [3, 3, 0, 4], ""acc"": 1.3, ""vel"": 23.9, ""pos"": 67.2, ""error"": 51.649889750000085}, {""pair"": [3, 3, 0, 4], ""acc"": 1.3, ""vel"": 23.9, ""pos"": 67.2, ""error"": 51.674592150000095}, {""pair"": [3, 3, 0, 4], ""acc"": 1.3, ""vel"": 23.9, ""pos"": 67.2, ""error"": 51.674592150000095}, {""pair"": [3, 3, 0, 4], ""acc"": 1.3, ""vel"": 23.9, ""pos"": 67.2, ""error"": 61.26187215000014}, {""pair"": [3, 3, 0, 4], ""acc"": 1.3, ""vel"": 23.9, ""pos"": 67.2, ""error"": 61.661872150000136}, {""pair"": [3, 3, 0, 4], ""acc"": 1.3, ""vel"": 23.9, ""pos"": 67.2, ""error"": 61.715809750000126}, {""pair"": [3, 3, 0, 4], ""acc"": 1.3, ""vel"": 23.9, ""pos"": 67.2, ""error"": 61.74051215000014}, {""pair"": [3, 3, 0, 4], ""acc"": 1.3, ""vel"": 23.9, ""pos"": 67.2, ""error"": 0.3959521500000811}, {""pair"": [3, 3, 0, 4], ""acc"": 1.3, ""vel"": 23.9, ""pos"": 67.2, ""error"": 0.4498897500000645}, {""pair"": [3, 3, 0, 4], ""acc"": 1.3, ""vel"": 23.9, ""pos"": 67.2, ""error"": 0.4745921500000918}, {""pair"": [3, 3, 0, 4], ""acc"": 1.3, ""vel"": 23.9, ""pos"": 67.2, ""error"": 0.00824784999990058}], [{""pair"": [3, 3, 1, 4], ""acc"": 1.3, ""vel"": 3.42, ""pos"": 169.6, ""error"": 174.0759521500001}, {""pair"": [3, 3, 1, 4], ""acc"": 1.3, ""vel"": 3.42, ""pos"": 169.6, ""error"": 174.0759521500001}, {""pair"": [3, 3, 1, 4], ""acc"": 1.3, ""vel"": 3.42, ""pos"": 169.6, ""error"": 174.4759521500001}, {""pair"": [3, 3, 1, 4], ""acc"": 1.3, ""vel"": 3.42, ""pos"": 169.6, ""error"": 174.52988975000008}, {""pair"": [3, 3, 1, 4], ""acc"": 1.3, ""vel"": 3.42, ""pos"": 169.6, ""error"": 174.52988975000008}, {""pair"": [3, 3, 1, 4], ""acc"": 1.3, ""vel"": 3.42, ""pos"": 169.6, ""error"": 174.55459215000008}, {""pair"": [3, 3, 1, 4], ""acc"": 1.3, ""vel"": 3.42, ""pos"": 169.6, ""error"": 174.55459215000008}, {""pair"": [3, 3, 1, 4], ""acc"": 1.3, ""vel"": 3.42, ""pos"": 169.6, ""error"": 184.14187215000013}, {""pair"": [3, 3, 1, 4], ""acc"": 1.3, ""vel"": 3.42, ""pos"": 169.6, ""error"": 184.54187215000013}, {""pair"": [3, 3, 1, 4], ""acc"": 1.3, ""vel"": 3.42, ""pos"": 169.6, ""error"": 184.59580975000011}, {""pair"": [3, 3, 1, 4], ""acc"": 1.3, ""vel"": 3.42, ""pos"": 169.6, ""error"": 184.62051215000014}, {""pair"": [3, 3, 1, 4], ""acc"": 1.3, ""vel"": 3.42, ""pos"": 169.6, ""error"": 123.27595215000008}, {""pair"": [3, 3, 1, 4], ""acc"": 1.3, ""vel"": 3.42, ""pos"": 169.6, ""error"": 123.32988975000006}, {""pair"": [3, 3, 1, 4], ""acc"": 1.3, ""vel"": 3.42, ""pos"": 169.6, ""error"": 123.35459215000009}, {""pair"": [3, 3, 1, 4], ""acc"": 1.3, ""vel"": 3.42, ""pos"": 169.6, ""error"": 122.87595215000007}], [{""pair"": [3, 3, 2, 4], ""acc"": 1.3, ""vel"": 3.42, ""pos"": 67.2, ""error"": 71.67595215000009}, {""pair"": [3, 3, 2, 4], ""acc"": 1.3, ""vel"": 3.42, ""pos"": 67.2, ""error"": 71.67595215000009}, {""pair"": [3, 3, 2, 4], ""acc"": 1.3, ""vel"": 3.42, ""pos"": 67.2, ""error"": 72.07595215000009}, {""pair"": [3, 3, 2, 4], ""acc"": 1.3, ""vel"": 3.42, ""pos"": 67.2, ""error"": 72.12988975000007}, {""pair"": [3, 3, 2, 4], ""acc"": 1.3, ""vel"": 3.42, ""pos"": 67.2, ""error"": 72.12988975000007}, {""pair"": [3, 3, 2, 4], ""acc"": 1.3, ""vel"": 3.42, ""pos"": 67.2, ""error"": 72.1545921500001}, {""pair"": [3, 3, 2, 4], ""acc"": 1.3, ""vel"": 3.42, ""pos"": 67.2, ""error"": 72.1545921500001}, {""pair"": [3, 3, 2, 4], ""acc"": 1.3, ""vel"": 3.42, ""pos"": 67.2, ""error"": 81.74187215000013}, {""pair"": [3, 3, 2, 4], ""acc"": 1.3, ""vel"": 3.42, ""pos"": 67.2, ""error"": 82.14187215000013}, {""pair"": [3, 3, 2, 4], ""acc"": 1.3, ""vel"": 3.42, ""pos"": 67.2, ""error"": 82.19580975000012}, {""pair"": [3, 3, 2, 4], ""acc"": 1.3, ""vel"": 3.42, ""pos"": 67.2, ""error"": 82.22051215000013}, {""pair"": [3, 3, 2, 4], ""acc"": 1.3, ""vel"": 3.42, ""pos"": 67.2, ""error"": 20.87595215000008}, {""pair"": [3, 3, 2, 4], ""acc"": 1.3, ""vel"": 3.42, ""pos"": 67.2, ""error"": 20.929889750000065}, {""pair"": [3, 3, 2, 4], ""acc"": 1.3, ""vel"": 3.42, ""pos"": 67.2, ""error"": 20.95459215000009}, {""pair"": [3, 3, 2, 4], ""acc"": 1.3, ""vel"": 3.42, ""pos"": 67.2, ""error"": 20.4882478499999}], [{""pair"": [0, 2, 1, 2], ""acc"": 1.3, ""vel"": 8.54, ""pos"": 92.8, ""error"": 92.15595215000009}, {""pair"": [0, 2, 1, 2], ""acc"": 1.3, ""vel"": 8.54, ""pos"": 92.8, ""error"": 92.15595215000009}, {""pair"": [0, 2, 1, 2], ""acc"": 1.3, ""vel"": 8.54, ""pos"": 92.8, ""error"": 92.5559521500001}, {""pair"": [0, 2, 1, 2], ""acc"": 1.3, ""vel"": 8.54, ""pos"": 92.8, ""error"": 92.60988975000008}, {""pair"": [0, 2, 1, 2], ""acc"": 1.3, ""vel"": 8.54, ""pos"": 92.8, ""error"": 92.60988975000008}, {""pair"": [0, 2, 1, 2], ""acc"": 1.3, ""vel"": 8.54, ""pos"": 92.8, ""error"": 92.63459215000009}, {""pair"": [0, 2, 1, 2], ""acc"": 1.3, ""vel"": 8.54, ""pos"": 92.8, ""error"": 92.63459215000009}, {""pair"": [0, 2, 1, 2], ""acc"": 1.3, ""vel"": 8.54, ""pos"": 92.8, ""error"": 102.22187215000012}, {""pair"": [0, 2, 1, 2], ""acc"": 1.3, ""vel"": 8.54, ""pos"": 92.8, ""error"": 102.62187215000013}, {""pair"": [0, 2, 1, 2], ""acc"": 1.3, ""vel"": 8.54, ""pos"": 92.8, ""error"": 102.67580975000011}, {""pair"": [0, 2, 1, 2], ""acc"": 1.3, ""vel"": 8.54, ""pos"": 92.8, ""error"": 102.70051215000012}, {""pair"": [0, 2, 1, 2], ""acc"": 1.3, ""vel"": 8.54, ""pos"": 92.8, ""error"": 41.35595215000008}, {""pair"": [0, 2, 1, 2], ""acc"": 1.3, ""vel"": 8.54, ""pos"": 92.8, ""error"": 41.40988975000006}, {""pair"": [0, 2, 1, 2], ""acc"": 1.3, ""vel"": 8.54, ""pos"": 92.8, ""error"": 41.434592150000086}, {""pair"": [0, 2, 1, 2], ""acc"": 1.3, ""vel"": 8.54, ""pos"": 92.8, ""error"": 40.95595215000009}], [{""pair"": [1, 2, 0, 2], ""acc"": 1.3, ""vel"": 8.54, ""pos"": 92.8, ""error"": 92.15595215000009}, {""pair"": [1, 2, 0, 2], ""acc"": 1.3, ""vel"": 8.54, ""pos"": 92.8, ""error"": 92.15595215000009}, {""pair"": [1, 2, 0, 2], ""acc"": 1.3, ""vel"": 8.54, ""pos"": 92.8, ""error"": 92.5559521500001}, {""pair"": [1, 2, 0, 2], ""acc"": 1.3, ""vel"": 8.54, ""pos"": 92.8, ""error"": 92.60988975000008}, {""pair"": [1, 2, 0, 2], ""acc"": 1.3, ""vel"": 8.54, ""pos"": 92.8, ""error"": 92.60988975000008}, {""pair"": [1, 2, 0, 2], ""acc"": 1.3, ""vel"": 8.54, ""pos"": 92.8, ""error"": 92.63459215000009}, {""pair"": [1, 2, 0, 2], ""acc"": 1.3, ""vel"": 8.54, ""pos"": 92.8, ""error"": 92.63459215000009}, {""pair"": [1, 2, 0, 2], ""acc"": 1.3, ""vel"": 8.54, ""pos"": 92.8, ""error"": 102.22187215000012}, {""pair"": [1, 2, 0, 2], ""acc"": 1.3, ""vel"": 8.54, ""pos"": 92.8, ""error"": 102.62187215000013}, {""pair"": [1, 2, 0, 2], ""acc"": 1.3, ""vel"": 8.54, ""pos"": 92.8, ""error"": 102.67580975000011}, {""pair"": [1, 2, 0, 2], ""acc"": 1.3, ""vel"": 8.54, ""pos"": 92.8, ""error"": 102.70051215000012}, {""pair"": [1, 2, 0, 2], ""acc"": 1.3, ""vel"": 8.54, ""pos"": 92.8, ""error"": 41.35595215000008}, {""pair"": [1, 2, 0, 2], ""acc"": 1.3, ""vel"": 8.54, ""pos"": 92.8, ""error"": 41.40988975000006}, {""pair"": [1, 2, 0, 2], ""acc"": 1.3, ""vel"": 8.54, ""pos"": 92.8, ""error"": 41.434592150000086}, {""pair"": [1, 2, 0, 2], ""acc"": 1.3, ""vel"": 8.54, ""pos"": 92.8, ""error"": 40.95595215000009}], [{""pair"": [1, 3, 0, 4], ""acc"": 1.3, ""vel"": 23.9, ""pos"": 16.0, ""error"": 0.008247849999897028}, {""pair"": [1, 3, 0, 4], ""acc"": 1.3, ""vel"": 23.9, ""pos"": 16.0, ""error"": 0.008247849999897028}, {""pair"": [1, 3, 0, 4], ""acc"": 1.3, ""vel"": 23.9, ""pos"": 16.0, ""error"": 0.39595215000009354}, {""pair"": [1, 3, 0, 4], ""acc"": 1.3, ""vel"": 23.9, ""pos"": 16.0, ""error"": 0.44988975000008047}, {""pair"": [1, 3, 0, 4], ""acc"": 1.3, ""vel"": 23.9, ""pos"": 16.0, ""error"": 0.44988975000008047}, {""pair"": [1, 3, 0, 4], ""acc"": 1.3, ""vel"": 23.9, ""pos"": 16.0, ""error"": 0.47459215000009536}, {""pair"": [1, 3, 0, 4], ""acc"": 1.3, ""vel"": 23.9, ""pos"": 16.0, ""error"": 0.47459215000009536}, {""pair"": [1, 3, 0, 4], ""acc"": 1.3, ""vel"": 23.9, ""pos"": 16.0, ""error"": 10.422327849999853}, {""pair"": [1, 3, 0, 4], ""acc"": 1.3, ""vel"": 23.9, ""pos"": 16.0, ""error"": 10.461872150000135}, {""pair"": [1, 3, 0, 4], ""acc"": 1.3, ""vel"": 23.9, ""pos"": 16.0, ""error"": 10.515809750000122}, {""pair"": [1, 3, 0, 4], ""acc"": 1.3, ""vel"": 23.9, ""pos"": 16.0, ""error"": 10.54051215000014}, {""pair"": [1, 3, 0, 4], ""acc"": 1.3, ""vel"": 23.9, ""pos"": 16.0, ""error"": 50.808247849999916}, {""pair"": [1, 3, 0, 4], ""acc"": 1.3, ""vel"": 23.9, ""pos"": 16.0, ""error"": 50.863110249999906}, {""pair"": [1, 3, 0, 4], ""acc"": 1.3, ""vel"": 23.9, ""pos"": 16.0, ""error"": 50.889607849999905}, {""pair"": [1, 3, 0, 4], ""acc"": 1.3, ""vel"": 23.9, ""pos"": 16.0, ""error"": 51.20824784999991}], [{""pair"": [1, 3, 1, 4], ""acc"": 1.3, ""vel"": 3.42, ""pos"": 118.4, ""error"": 122.8759521500001}, {""pair"": [1, 3, 1, 4], ""acc"": 1.3, ""vel"": 3.42, ""pos"": 118.4, ""error"": 122.8759521500001}, {""pair"": [1, 3, 1, 4], ""acc"": 1.3, ""vel"": 3.42, ""pos"": 118.4, ""error"": 123.27595215000011}, {""pair"": [1, 3, 1, 4], ""acc"": 1.3, ""vel"": 3.42, ""pos"": 118.4, ""error"": 123.32988975000009}, {""pair"": [1, 3, 1, 4], ""acc"": 1.3, ""vel"": 3.42, ""pos"": 118.4, ""error"": 123.32988975000009}, {""pair"": [1, 3, 1, 4], ""acc"": 1.3, ""vel"": 3.42, ""pos"": 118.4, ""error"": 123.35459215000009}, {""pair"": [1, 3, 1, 4], ""acc"": 1.3, ""vel"": 3.42, ""pos"": 118.4, ""error"": 123.35459215000009}, {""pair"": [1, 3, 1, 4], ""acc"": 1.3, ""vel"": 3.42, ""pos"": 118.4, ""error"": 132.94187215000014}, {""pair"": [1, 3, 1, 4], ""acc"": 1.3, ""vel"": 3.42, ""pos"": 118.4, ""error"": 133.34187215000014}, {""pair"": [1, 3, 1, 4], ""acc"": 1.3, ""vel"": 3.42, ""pos"": 118.4, ""error"": 133.39580975000013}, {""pair"": [1, 3, 1, 4], ""acc"": 1.3, ""vel"": 3.42, ""pos"": 118.4, ""error"": 133.42051215000015}, {""pair"": [1, 3, 1, 4], ""acc"": 1.3, ""vel"": 3.42, ""pos"": 118.4, ""error"": 72.07595215000009}, {""pair"": [1, 3, 1, 4], ""acc"": 1.3, ""vel"": 3.42, ""pos"": 118.4, ""error"": 72.12988975000007}, {""pair"": [1, 3, 1, 4], ""acc"": 1.3, ""vel"": 3.42, ""pos"": 118.4, ""error"": 72.1545921500001}, {""pair"": [1, 3, 1, 4], ""acc"": 1.3, ""vel"": 3.42, ""pos"": 118.4, ""error"": 71.67595215000009}], [{""pair"": [1, 3, 2, 4], ""acc"": 1.3, ""vel"": 3.42, ""pos"": 16.0, ""error"": 20.488247849999897}, {""pair"": [1, 3, 2, 4], ""acc"": 1.3, ""vel"": 3.42, ""pos"": 16.0, ""error"": 20.488247849999897}, {""pair"": [1, 3, 2, 4], ""acc"": 1.3, ""vel"": 3.42, ""pos"": 16.0, ""error"": 20.875952150000096}, {""pair"": [1, 3, 2, 4], ""acc"": 1.3, ""vel"": 3.42, ""pos"": 16.0, ""error"": 20.92988975000008}, {""pair"": [1, 3, 2, 4], ""acc"": 1.3, ""vel"": 3.42, ""pos"": 16.0, ""error"": 20.92988975000008}, {""pair"": [1, 3, 2, 4], ""acc"": 1.3, ""vel"": 3.42, ""pos"": 16.0, ""error"": 20.954592150000092}, {""pair"": [1, 3, 2, 4], ""acc"": 1.3, ""vel"": 3.42, ""pos"": 16.0, ""error"": 20.954592150000092}, {""pair"": [1, 3, 2, 4], ""acc"": 1.3, ""vel"": 3.42, ""pos"": 16.0, ""error"": 30.90232784999985}, {""pair"": [1, 3, 2, 4], ""acc"": 1.3, ""vel"": 3.42, ""pos"": 16.0, ""error"": 30.94187215000013}, {""pair"": [1, 3, 2, 4], ""acc"": 1.3, ""vel"": 3.42, ""pos"": 16.0, ""error"": 30.99580975000012}, {""pair"": [1, 3, 2, 4], ""acc"": 1.3, ""vel"": 3.42, ""pos"": 16.0, ""error"": 31.020512150000137}, {""pair"": [1, 3, 2, 4], ""acc"": 1.3, ""vel"": 3.42, ""pos"": 16.0, ""error"": 71.28824784999992}, {""pair"": [1, 3, 2, 4], ""acc"": 1.3, ""vel"": 3.42, ""pos"": 16.0, ""error"": 71.34311024999991}, {""pair"": [1, 3, 2, 4], ""acc"": 1.3, ""vel"": 3.42, ""pos"": 16.0, ""error"": 71.36960784999991}, {""pair"": [1, 3, 2, 4], ""acc"": 1.3, ""vel"": 3.42, ""pos"": 16.0, ""error"": 71.6882478499999}]]"
