Quantized_Prec_Acc,Quantized_Prec_Vel,Quantized_Prec_Pos,Received_Prec_Acc,Received_Prec_Vel,Received_Prec_Pos,Mitigated_Prec_Acc,Mitigated_Prec_Vel,Mitigated_Prec_Pos,Miti_List,Perfect_Candidate_List,Miti_List_2D,All_Corrections
1.5,22.9,0.0,,,,1.5,22.9,0.0,,,,
1.5,22.93,0.4,1.5,22.77,0.4,1.5,22.93,0.4,"[{""pair"": [3, 0, 1, 13], ""acc"": 1.5, ""vel"": 22.93, ""pos"": 0.4, ""error"": 0.039407999999519994}, {""pair"": [3, 0, 0, 13], ""acc"": 7.9, ""vel"": 22.77, ""pos"": 0.4, ""error"": 0.18740799999958363}, {""pair"": [3, 0, 2, 13], ""acc"": 1.5, ""vel"": 22.77, ""pos"": 1.2, ""error"": 0.9874079999995835}, {""pair"": [1, 0, 1, 13], ""acc"": 1.5, ""vel"": 22.93, ""pos"": 6.8, ""error"": 6.43940799999952}, {""pair"": [1, 0, 0, 13], ""acc"": 7.9, ""vel"": 22.77, ""pos"": 6.8, ""error"": 6.587407999999583}, {""pair"": [1, 0, 2, 13], ""acc"": 1.5, ""vel"": 22.77, ""pos"": 7.6, ""error"": 7.387407999999583}]","[[3, 0, 1, 13], [3, 0, 0, 13], [3, 0, 2, 13], [1, 0, 1, 13], [1, 0, 0, 13], [1, 0, 2, 13]]","[[{""pair"": [3, 0, 0, 13], ""acc"": 7.9, ""vel"": 22.77, ""pos"": 0.4, ""error"": 0.18740799999958363}], [{""pair"": [3, 0, 1, 13], ""acc"": 1.5, ""vel"": 22.93, ""pos"": 0.4, ""error"": 0.039407999999519994}], [{""pair"": [3, 0, 2, 13], ""acc"": 1.5, ""vel"": 22.77, ""pos"": 1.2, ""error"": 0.9874079999995835}], [{""pair"": [1, 0, 0, 13], ""acc"": 7.9, ""vel"": 22.77, ""pos"": 6.8, ""error"": 6.587407999999583}], [{""pair"": [1, 0, 1, 13], ""acc"": 1.5, ""vel"": 22.93, ""pos"": 6.8, ""error"": 6.43940799999952}], [{""pair"": [1, 0, 2, 13], ""acc"": 1.5, ""vel"": 22.77, ""pos"": 7.6, ""error"": 7.387407999999583}]]","[[[3, 0, 0, 13], [7.9, 22.77, 0.4], 0.18740799999958363], [[3, 0, 1, 13], [1.5, 22.93, 0.4], 0.039407999999519994], [[3, 0, 2, 13], [1.5, 22.77, 1.2], 0.9874079999995835], [[1, 0, 0, 13], [7.9, 22.77, 6.8], 6.587407999999583], [[1, 0, 1, 13], [1.5, 22.93, 6.8], 6.43940799999952], [[1, 0, 2, 13], [1.5, 22.77, 7.6], 7.387407999999583]]"
1.5,22.96,0.8,1.5,22.34,0.8,1.5,22.96,0.8,"[{""pair"": [1, 10, 1, 15], ""acc"": 1.5, ""vel"": 22.96, ""pos"": 0.8, ""error"": 0.014473250000101245}, {""pair"": [0, 10, 1, 15], ""acc"": 0.7, ""vel"": 22.98, ""pos"": 0.8, ""error"": 0.03447325000010082}, {""pair"": [0, 10, 0, 15], ""acc"": -24.9, ""vel"": 22.34, ""pos"": 0.8, ""error"": 0.5760684500000611}, {""pair"": [3, 15, 0, 10], ""acc"": 0.7, ""vel"": 22.34, ""pos"": 0.8, ""error"": 0.5760684500000611}, {""pair"": [1, 10, 0, 15], ""acc"": -24.1, ""vel"": 22.32, ""pos"": 0.8, ""error"": 0.5960684500000607}, {""pair"": [3, 15, 1, 10], ""acc"": 1.5, ""vel"": 22.32, ""pos"": 0.8, ""error"": 0.5960684500000607}, {""pair"": [0, 10, 2, 15], ""acc"": 0.7, ""vel"": 22.34, ""pos"": 4.0, ""error"": 2.868193250000087}, {""pair"": [1, 10, 2, 15], ""acc"": 1.5, ""vel"": 22.32, ""pos"": 4.0, ""error"": 2.8881932500000866}]","[[1, 10, 1, 15], [0, 10, 1, 15], [0, 10, 0, 15], [3, 15, 0, 10], [1, 10, 0, 15], [3, 15, 1, 10], [0, 10, 2, 15], [1, 10, 2, 15]]","[[{""pair"": [3, 15, 0, 10], ""acc"": 0.7, ""vel"": 22.34, ""pos"": 0.8, ""error"": 0.6254732500000877}, {""pair"": [3, 15, 0, 10], ""acc"": 0.7, ""vel"": 22.34, ""pos"": 0.8, ""error"": 0.5760684500000611}, {""pair"": [3, 15, 0, 10], ""acc"": 0.7, ""vel"": 22.34, ""pos"": 0.8, ""error"": 1.2428067499999}, {""pair"": [3, 15, 0, 10], ""acc"": 0.7, ""vel"": 22.34, ""pos"": 0.8, ""error"": 7.0055267499999}, {""pair"": [3, 15, 0, 10], ""acc"": 0.7, ""vel"": 22.34, ""pos"": 0.8, ""error"": 6.952531549999874}, {""pair"": [3, 15, 0, 10], ""acc"": 0.7, ""vel"": 22.34, ""pos"": 0.8, ""error"": 7.6428067499999}], [{""pair"": [3, 15, 1, 10], ""acc"": 1.5, ""vel"": 22.32, ""pos"": 0.8, ""error"": 0.6454732500000873}, {""pair"": [3, 15, 1, 10], ""acc"": 1.5, ""vel"": 22.32, ""pos"": 0.8, ""error"": 0.5960684500000607}, {""pair"": [3, 15, 1, 10], ""acc"": 1.5, ""vel"": 22.32, ""pos"": 0.8, ""error"": 1.2628067499998996}, {""pair"": [3, 15, 1, 10], ""acc"": 1.5, ""vel"": 22.32, ""pos"": 0.8, ""error"": 7.0255267499999}, {""pair"": [3, 15, 1, 10], ""acc"": 1.5, ""vel"": 22.32, ""pos"": 0.8, ""error"": 6.972531549999873}, {""pair"": [3, 15, 1, 10], ""acc"": 1.5, ""vel"": 22.32, ""pos"": 0.8, ""error"": 7.662806749999899}], [{""pair"": [0, 10, 0, 15], ""acc"": -24.9, ""vel"": 22.34, ""pos"": 0.8, ""error"": 0.6254732500000877}, {""pair"": [0, 10, 0, 15], ""acc"": -24.9, ""vel"": 22.34, ""pos"": 0.8, ""error"": 0.5760684500000611}, {""pair"": [0, 10, 0, 15], ""acc"": -24.9, ""vel"": 22.34, ""pos"": 0.8, ""error"": 1.2428067499999}, {""pair"": [0, 10, 0, 15], ""acc"": -24.9, ""vel"": 22.34, ""pos"": 0.8, ""error"": 7.0055267499999}, {""pair"": [0, 10, 0, 15], ""acc"": -24.9, ""vel"": 22.34, ""pos"": 0.8, ""error"": 6.952531549999874}, {""pair"": [0, 10, 0, 15], ""acc"": -24.9, ""vel"": 22.34, ""pos"": 0.8, ""error"": 7.6428067499999}], [{""pair"": [0, 10, 1, 15], ""acc"": 0.7, ""vel"": 22.98, ""pos"": 0.8, ""error"": 0.03447325000010082}, {""pair"": [0, 10, 1, 15], ""acc"": 0.7, ""vel"": 22.98, ""pos"": 0.8, ""error"": 0.08746845000012693}, {""pair"": [0, 10, 1, 15], ""acc"": 0.7, ""vel"": 22.98, ""pos"": 0.8, ""error"": 0.9718067499999135}, {""pair"": [0, 10, 1, 15], ""acc"": 0.7, ""vel"": 22.98, ""pos"": 0.8, ""error"": 6.414526749999913}, {""pair"": [0, 10, 1, 15], ""acc"": 0.7, ""vel"": 22.98, ""pos"": 0.8, ""error"": 6.4639315499999395}, {""pair"": [0, 10, 1, 15], ""acc"": 0.7, ""vel"": 22.98, ""pos"": 0.8, ""error"": 7.371806749999913}], [{""pair"": [0, 10, 2, 15], ""acc"": 0.7, ""vel"": 22.34, ""pos"": 4.0, ""error"": 3.825473250000088}, {""pair"": [0, 10, 2, 15], ""acc"": 0.7, ""vel"": 22.34, ""pos"": 4.0, ""error"": 3.776068450000061}, {""pair"": [0, 10, 2, 15], ""acc"": 0.7, ""vel"": 22.34, ""pos"": 4.0, ""error"": 2.868193250000087}, {""pair"": [0, 10, 2, 15], ""acc"": 0.7, ""vel"": 22.34, ""pos"": 4.0, ""error"": 3.8055267499999}, {""pair"": [0, 10, 2, 15], ""acc"": 0.7, ""vel"": 22.34, ""pos"": 4.0, ""error"": 3.7525315499998735}, {""pair"": [0, 10, 2, 15], ""acc"": 0.7, ""vel"": 22.34, ""pos"": 4.0, ""error"": 4.4428067499998996}], [{""pair"": [1, 10, 0, 15], ""acc"": -24.1, ""vel"": 22.32, ""pos"": 0.8, ""error"": 0.6454732500000873}, {""pair"": [1, 10, 0, 15], ""acc"": -24.1, ""vel"": 22.32, ""pos"": 0.8, ""error"": 0.5960684500000607}, {""pair"": [1, 10, 0, 15], ""acc"": -24.1, ""vel"": 22.32, ""pos"": 0.8, ""error"": 1.2628067499998996}, {""pair"": [1, 10, 0, 15], ""acc"": -24.1, ""vel"": 22.32, ""pos"": 0.8, ""error"": 7.0255267499999}, {""pair"": [1, 10, 0, 15], ""acc"": -24.1, ""vel"": 22.32, ""pos"": 0.8, ""error"": 6.972531549999873}, {""pair"": [1, 10, 0, 15], ""acc"": -24.1, ""vel"": 22.32, ""pos"": 0.8, ""error"": 7.662806749999899}], [{""pair"": [1, 10, 1, 15], ""acc"": 1.5, ""vel"": 22.96, ""pos"": 0.8, ""error"": 0.014473250000101245}, {""pair"": [1, 10, 1, 15], ""acc"": 1.5, ""vel"": 22.96, ""pos"": 0.8, ""error"": 0.06746845000012736}, {""pair"": [1, 10, 1, 15], ""acc"": 1.5, ""vel"": 22.96, ""pos"": 0.8, ""error"": 0.9518067499999139}, {""pair"": [1, 10, 1, 15], ""acc"": 1.5, ""vel"": 22.96, ""pos"": 0.8, ""error"": 6.394526749999914}, {""pair"": [1, 10, 1, 15], ""acc"": 1.5, ""vel"": 22.96, ""pos"": 0.8, ""error"": 6.44393154999994}, {""pair"": [1, 10, 1, 15], ""acc"": 1.5, ""vel"": 22.96, ""pos"": 0.8, ""error"": 7.351806749999914}], [{""pair"": [1, 10, 2, 15], ""acc"": 1.5, ""vel"": 22.32, ""pos"": 4.0, ""error"": 3.8454732500000874}, {""pair"": [1, 10, 2, 15], ""acc"": 1.5, ""vel"": 22.32, ""pos"": 4.0, ""error"": 3.7960684500000608}, {""pair"": [1, 10, 2, 15], ""acc"": 1.5, ""vel"": 22.32, ""pos"": 4.0, ""error"": 2.8881932500000866}, {""pair"": [1, 10, 2, 15], ""acc"": 1.5, ""vel"": 22.32, ""pos"": 4.0, ""error"": 3.8255267499998995}, {""pair"": [1, 10, 2, 15], ""acc"": 1.5, ""vel"": 22.32, ""pos"": 4.0, ""error"": 3.772531549999873}, {""pair"": [1, 10, 2, 15], ""acc"": 1.5, ""vel"": 22.32, ""pos"": 4.0, ""error"": 4.462806749999899}]]","[[[3, 15, 0, 10], [0.7, 22.34, 0.8], 0.5760684500000611], [[3, 15, 1, 10], [1.5, 22.32, 0.8], 0.5960684500000607], [[0, 10, 0, 15], [-24.9, 22.34, 0.8], 0.5760684500000611], [[0, 10, 1, 15], [0.7, 22.98, 0.8], 0.03447325000010082], [[0, 10, 2, 15], [0.7, 22.34, 4.0], 2.868193250000087], [[1, 10, 0, 15], [-24.1, 22.32, 0.8], 0.5960684500000607], [[1, 10, 1, 15], [1.5, 22.96, 0.8], 0.014473250000101245], [[1, 10, 2, 15], [1.5, 22.32, 4.0], 2.8881932500000866]]"
1.5,22.98,1.1,1.5,22.98,1.1,1.3,22.98,1.1,"[{""pair"": [3, 11, 0, 8], ""acc"": 1.3, ""vel"": 22.98, ""pos"": 1.1, ""error"": 0.0960367499999002}, {""pair"": [3, 11, 2, 8], ""acc"": 1.5, ""vel"": 22.98, ""pos"": 1.1, ""error"": 0.0960367499999002}, {""pair"": [0, 8, 0, 11], ""acc"": 2.9, ""vel"": 22.98, ""pos"": 1.1, ""error"": 0.0960367499999002}, {""pair"": [3, 8, 0, 11], ""acc"": 3.1, ""vel"": 22.98, ""pos"": 1.1, ""error"": 0.0960367499999002}, {""pair"": [2, 8, 0, 11], ""acc"": 3.1, ""vel"": 22.98, ""pos"": 1.1, ""error"": 0.0960367499999002}, {""pair"": [0, 8, 1, 11], ""acc"": 1.3, ""vel"": 23.02, ""pos"": 1.1, ""error"": 0.11886114999990793}, {""pair"": [3, 8, 1, 11], ""acc"": 1.5, ""vel"": 23.02, ""pos"": 1.1, ""error"": 0.11886114999990793}, {""pair"": [2, 8, 1, 11], ""acc"": 1.5, ""vel"": 23.02, ""pos"": 1.1, ""error"": 0.11886114999990793}]","[[3, 11, 0, 8], [3, 11, 2, 8], [0, 8, 0, 11], [3, 8, 0, 11], [2, 8, 0, 11], [0, 8, 1, 11], [3, 8, 1, 11], [2, 8, 1, 11]]","[[{""pair"": [3, 8, 0, 11], ""acc"": 3.1, ""vel"": 22.98, ""pos"": 1.1, ""error"": 0.0960367499999002}, {""pair"": [3, 8, 0, 11], ""acc"": 3.1, ""vel"": 22.98, ""pos"": 1.1, ""error"": 0.10266114999990306}, {""pair"": [3, 8, 0, 11], ""acc"": 3.1, ""vel"": 22.98, ""pos"": 1.1, ""error"": 1.1394819499998088}, {""pair"": [3, 8, 0, 11], ""acc"": 3.1, ""vel"": 22.98, ""pos"": 1.1, ""error"": 0.7079811499999118}, {""pair"": [3, 8, 0, 11], ""acc"": 3.1, ""vel"": 22.98, ""pos"": 1.1, ""error"": 1.1456575499998116}, {""pair"": [3, 8, 0, 11], ""acc"": 3.1, ""vel"": 22.98, ""pos"": 1.1, ""error"": 0.7141567499999146}, {""pair"": [3, 8, 0, 11], ""acc"": 3.1, ""vel"": 22.98, ""pos"": 1.1, ""error"": 3.907981149999912}, {""pair"": [3, 8, 0, 11], ""acc"": 3.1, ""vel"": 22.98, ""pos"": 1.1, ""error"": 3.9141567499999144}], [{""pair"": [3, 8, 1, 11], ""acc"": 1.5, ""vel"": 23.02, ""pos"": 1.1, ""error"": 0.12503674999991077}, {""pair"": [3, 8, 1, 11], ""acc"": 1.5, ""vel"": 23.02, ""pos"": 1.1, ""error"": 0.11886114999990793}, {""pair"": [3, 8, 1, 11], ""acc"": 1.5, ""vel"": 23.02, ""pos"": 1.1, ""error"": 1.179481949999808}, {""pair"": [3, 8, 1, 11], ""acc"": 1.5, ""vel"": 23.02, ""pos"": 1.1, ""error"": 0.7479811499999109}, {""pair"": [3, 8, 1, 11], ""acc"": 1.5, ""vel"": 23.02, ""pos"": 1.1, ""error"": 1.1856575499998108}, {""pair"": [3, 8, 1, 11], ""acc"": 1.5, ""vel"": 23.02, ""pos"": 1.1, ""error"": 0.7541567499999138}, {""pair"": [3, 8, 1, 11], ""acc"": 1.5, ""vel"": 23.02, ""pos"": 1.1, ""error"": 3.947981149999911}, {""pair"": [3, 8, 1, 11], ""acc"": 1.5, ""vel"": 23.02, ""pos"": 1.1, ""error"": 3.9541567499999135}], [{""pair"": [3, 11, 0, 8], ""acc"": 1.3, ""vel"": 22.98, ""pos"": 1.1, ""error"": 0.0960367499999002}, {""pair"": [3, 11, 0, 8], ""acc"": 1.3, ""vel"": 22.98, ""pos"": 1.1, ""error"": 0.10266114999990306}, {""pair"": [3, 11, 0, 8], ""acc"": 1.3, ""vel"": 22.98, ""pos"": 1.1, ""error"": 1.1394819499998088}, {""pair"": [3, 11, 0, 8], ""acc"": 1.3, ""vel"": 22.98, ""pos"": 1.1, ""error"": 0.7079811499999118}, {""pair"": [3, 11, 0, 8], ""acc"": 1.3, ""vel"": 22.98, ""pos"": 1.1, ""error"": 1.1456575499998116}, {""pair"": [3, 11, 0, 8], ""acc"": 1.3, ""vel"": 22.98, ""pos"": 1.1, ""error"": 0.7141567499999146}, {""pair"": [3, 11, 0, 8], ""acc"": 1.3, ""vel"": 22.98, ""pos"": 1.1, ""error"": 3.907981149999912}, {""pair"": [3, 11, 0, 8], ""acc"": 1.3, ""vel"": 22.98, ""pos"": 1.1, ""error"": 3.9141567499999144}], [{""pair"": [3, 11, 2, 8], ""acc"": 1.5, ""vel"": 22.98, ""pos"": 1.1, ""error"": 0.0960367499999002}, {""pair"": [3, 11, 2, 8], ""acc"": 1.5, ""vel"": 22.98, ""pos"": 1.1, ""error"": 0.10266114999990306}, {""pair"": [3, 11, 2, 8], ""acc"": 1.5, ""vel"": 22.98, ""pos"": 1.1, ""error"": 1.1394819499998088}, {""pair"": [3, 11, 2, 8], ""acc"": 1.5, ""vel"": 22.98, ""pos"": 1.1, ""error"": 0.7079811499999118}, {""pair"": [3, 11, 2, 8], ""acc"": 1.5, ""vel"": 22.98, ""pos"": 1.1, ""error"": 1.1456575499998116}, {""pair"": [3, 11, 2, 8], ""acc"": 1.5, ""vel"": 22.98, ""pos"": 1.1, ""error"": 0.7141567499999146}, {""pair"": [3, 11, 2, 8], ""acc"": 1.5, ""vel"": 22.98, ""pos"": 1.1, ""error"": 3.907981149999912}, {""pair"": [3, 11, 2, 8], ""acc"": 1.5, ""vel"": 22.98, ""pos"": 1.1, ""error"": 3.9141567499999144}], [{""pair"": [0, 8, 0, 11], ""acc"": 2.9, ""vel"": 22.98, ""pos"": 1.1, ""error"": 0.0960367499999002}, {""pair"": [0, 8, 0, 11], ""acc"": 2.9, ""vel"": 22.98, ""pos"": 1.1, ""error"": 0.10266114999990306}, {""pair"": [0, 8, 0, 11], ""acc"": 2.9, ""vel"": 22.98, ""pos"": 1.1, ""error"": 1.1394819499998088}, {""pair"": [0, 8, 0, 11], ""acc"": 2.9, ""vel"": 22.98, ""pos"": 1.1, ""error"": 0.7079811499999118}, {""pair"": [0, 8, 0, 11], ""acc"": 2.9, ""vel"": 22.98, ""pos"": 1.1, ""error"": 1.1456575499998116}, {""pair"": [0, 8, 0, 11], ""acc"": 2.9, ""vel"": 22.98, ""pos"": 1.1, ""error"": 0.7141567499999146}, {""pair"": [0, 8, 0, 11], ""acc"": 2.9, ""vel"": 22.98, ""pos"": 1.1, ""error"": 3.907981149999912}, {""pair"": [0, 8, 0, 11], ""acc"": 2.9, ""vel"": 22.98, ""pos"": 1.1, ""error"": 3.9141567499999144}], [{""pair"": [0, 8, 1, 11], ""acc"": 1.3, ""vel"": 23.02, ""pos"": 1.1, ""error"": 0.12503674999991077}, {""pair"": [0, 8, 1, 11], ""acc"": 1.3, ""vel"": 23.02, ""pos"": 1.1, ""error"": 0.11886114999990793}, {""pair"": [0, 8, 1, 11], ""acc"": 1.3, ""vel"": 23.02, ""pos"": 1.1, ""error"": 1.179481949999808}, {""pair"": [0, 8, 1, 11], ""acc"": 1.3, ""vel"": 23.02, ""pos"": 1.1, ""error"": 0.7479811499999109}, {""pair"": [0, 8, 1, 11], ""acc"": 1.3, ""vel"": 23.02, ""pos"": 1.1, ""error"": 1.1856575499998108}, {""pair"": [0, 8, 1, 11], ""acc"": 1.3, ""vel"": 23.02, ""pos"": 1.1, ""error"": 0.7541567499999138}, {""pair"": [0, 8, 1, 11], ""acc"": 1.3, ""vel"": 23.02, ""pos"": 1.1, ""error"": 3.947981149999911}, {""pair"": [0, 8, 1, 11], ""acc"": 1.3, ""vel"": 23.02, ""pos"": 1.1, ""error"": 3.9541567499999135}], [{""pair"": [2, 8, 0, 11], ""acc"": 3.1, ""vel"": 22.98, ""pos"": 1.1, ""error"": 0.0960367499999002}, {""pair"": [2, 8, 0, 11], ""acc"": 3.1, ""vel"": 22.98, ""pos"": 1.1, ""error"": 0.10266114999990306}, {""pair"": [2, 8, 0, 11], ""acc"": 3.1, ""vel"": 22.98, ""pos"": 1.1, ""error"": 1.1394819499998088}, {""pair"": [2, 8, 0, 11], ""acc"": 3.1, ""vel"": 22.98, ""pos"": 1.1, ""error"": 0.7079811499999118}, {""pair"": [2, 8, 0, 11], ""acc"": 3.1, ""vel"": 22.98, ""pos"": 1.1, ""error"": 1.1456575499998116}, {""pair"": [2, 8, 0, 11], ""acc"": 3.1, ""vel"": 22.98, ""pos"": 1.1, ""error"": 0.7141567499999146}, {""pair"": [2, 8, 0, 11], ""acc"": 3.1, ""vel"": 22.98, ""pos"": 1.1, ""error"": 3.907981149999912}, {""pair"": [2, 8, 0, 11], ""acc"": 3.1, ""vel"": 22.98, ""pos"": 1.1, ""error"": 3.9141567499999144}], [{""pair"": [2, 8, 1, 11], ""acc"": 1.5, ""vel"": 23.02, ""pos"": 1.1, ""error"": 0.12503674999991077}, {""pair"": [2, 8, 1, 11], ""acc"": 1.5, ""vel"": 23.02, ""pos"": 1.1, ""error"": 0.11886114999990793}, {""pair"": [2, 8, 1, 11], ""acc"": 1.5, ""vel"": 23.02, ""pos"": 1.1, ""error"": 1.179481949999808}, {""pair"": [2, 8, 1, 11], ""acc"": 1.5, ""vel"": 23.02, ""pos"": 1.1, ""error"": 0.7479811499999109}, {""pair"": [2, 8, 1, 11], ""acc"": 1.5, ""vel"": 23.02, ""pos"": 1.1, ""error"": 1.1856575499998108}, {""pair"": [2, 8, 1, 11], ""acc"": 1.5, ""vel"": 23.02, ""pos"": 1.1, ""error"": 0.7541567499999138}, {""pair"": [2, 8, 1, 11], ""acc"": 1.5, ""vel"": 23.02, ""pos"": 1.1, ""error"": 3.947981149999911}, {""pair"": [2, 8, 1, 11], ""acc"": 1.5, ""vel"": 23.02, ""pos"": 1.1, ""error"": 3.9541567499999135}]]","[[[3, 8, 0, 11], [3.1, 22.98, 1.1], 0.0960367499999002], [[3, 8, 1, 11], [1.5, 23.02, 1.1], 0.11886114999990793], [[3, 11, 0, 8], [1.3, 22.98, 1.1], 0.0960367499999002], [[3, 11, 2, 8], [1.5, 22.98, 1.1], 0.0960367499999002], [[0, 8, 0, 11], [2.9, 22.98, 1.1], 0.0960367499999002], [[0, 8, 1, 11], [1.3, 23.02, 1.1], 0.11886114999990793], [[2, 8, 0, 11], [3.1, 22.98, 1.1], 0.0960367499999002], [[2, 8, 1, 11], [1.5, 23.02, 1.1], 0.11886114999990793]]"
1.5,23.01,1.5,1.5,22.93,1.5,1.5,23.01,1.5,"[{""pair"": [3, 5, 1, 12], ""acc"": 1.5, ""vel"": 23.01, ""pos"": 1.5, ""error"": 0.03812799999952188}, {""pair"": [2, 5, 1, 12], ""acc"": 1.5, ""vel"": 23.01, ""pos"": 1.5, ""error"": 0.03812799999952188}, {""pair"": [3, 12, 2, 5], ""acc"": 1.5, ""vel"": 22.93, ""pos"": 1.5, ""error"": 0.10295359999957698}, {""pair"": [3, 5, 0, 12], ""acc"": 4.7, ""vel"": 22.93, ""pos"": 1.5, ""error"": 0.10295359999957698}, {""pair"": [2, 5, 0, 12], ""acc"": 4.7, ""vel"": 22.93, ""pos"": 1.5, ""error"": 0.10295359999957698}]","[[3, 5, 1, 12], [2, 5, 1, 12], [3, 12, 2, 5], [3, 5, 0, 12], [2, 5, 0, 12]]","[[{""pair"": [3, 5, 0, 12], ""acc"": 4.7, ""vel"": 22.93, ""pos"": 1.5, ""error"": 0.10295359999957698}, {""pair"": [3, 5, 0, 12], ""acc"": 4.7, ""vel"": 22.93, ""pos"": 1.5, ""error"": 0.10612799999958011}, {""pair"": [3, 5, 0, 12], ""acc"": 4.7, ""vel"": 22.93, ""pos"": 1.5, ""error"": 0.12834879999960558}, {""pair"": [3, 5, 0, 12], ""acc"": 4.7, ""vel"": 22.93, ""pos"": 1.5, ""error"": 0.13152319999961226}, {""pair"": [3, 5, 0, 12], ""acc"": 4.7, ""vel"": 22.93, ""pos"": 1.5, ""error"": 0.13152319999961226}, {""pair"": [3, 5, 0, 12], ""acc"": 4.7, ""vel"": 22.93, ""pos"": 1.5, ""error"": 0.1423135999995755}, {""pair"": [3, 5, 0, 12], ""acc"": 4.7, ""vel"": 22.93, ""pos"": 1.5, ""error"": 0.14548799999957862}, {""pair"": [3, 5, 0, 12], ""acc"": 4.7, ""vel"": 22.93, ""pos"": 1.5, ""error"": 0.14548799999957862}], [{""pair"": [3, 5, 1, 12], ""acc"": 1.5, ""vel"": 23.01, ""pos"": 1.5, ""error"": 0.04135359999952515}, {""pair"": [3, 5, 1, 12], ""acc"": 1.5, ""vel"": 23.01, ""pos"": 1.5, ""error"": 0.03812799999952188}, {""pair"": [3, 5, 1, 12], ""acc"": 1.5, ""vel"": 23.01, ""pos"": 1.5, ""error"": 0.04834879999960373}, {""pair"": [3, 5, 1, 12], ""acc"": 1.5, ""vel"": 23.01, ""pos"": 1.5, ""error"": 0.051523199999610414}, {""pair"": [3, 5, 1, 12], ""acc"": 1.5, ""vel"": 23.01, ""pos"": 1.5, ""error"": 0.051523199999610414}, {""pair"": [3, 5, 1, 12], ""acc"": 1.5, ""vel"": 23.01, ""pos"": 1.5, ""error"": 0.06231359999957364}, {""pair"": [3, 5, 1, 12], ""acc"": 1.5, ""vel"": 23.01, ""pos"": 1.5, ""error"": 0.06548799999957677}, {""pair"": [3, 5, 1, 12], ""acc"": 1.5, ""vel"": 23.01, ""pos"": 1.5, ""error"": 0.06548799999957677}], [{""pair"": [3, 12, 2, 5], ""acc"": 1.5, ""vel"": 22.93, ""pos"": 1.5, ""error"": 0.10295359999957698}, {""pair"": [3, 12, 2, 5], ""acc"": 1.5, ""vel"": 22.93, ""pos"": 1.5, ""error"": 0.10612799999958011}, {""pair"": [3, 12, 2, 5], ""acc"": 1.5, ""vel"": 22.93, ""pos"": 1.5, ""error"": 0.12834879999960558}, {""pair"": [3, 12, 2, 5], ""acc"": 1.5, ""vel"": 22.93, ""pos"": 1.5, ""error"": 0.13152319999961226}, {""pair"": [3, 12, 2, 5], ""acc"": 1.5, ""vel"": 22.93, ""pos"": 1.5, ""error"": 0.13152319999961226}, {""pair"": [3, 12, 2, 5], ""acc"": 1.5, ""vel"": 22.93, ""pos"": 1.5, ""error"": 0.1423135999995755}, {""pair"": [3, 12, 2, 5], ""acc"": 1.5, ""vel"": 22.93, ""pos"": 1.5, ""error"": 0.14548799999957862}, {""pair"": [3, 12, 2, 5], ""acc"": 1.5, ""vel"": 22.93, ""pos"": 1.5, ""error"": 0.14548799999957862}], [{""pair"": [2, 5, 0, 12], ""acc"": 4.7, ""vel"": 22.93, ""pos"": 1.5, ""error"": 0.10295359999957698}, {""pair"": [2, 5, 0, 12], ""acc"": 4.7, ""vel"": 22.93, ""pos"": 1.5, ""error"": 0.10612799999958011}, {""pair"": [2, 5, 0, 12], ""acc"": 4.7, ""vel"": 22.93, ""pos"": 1.5, ""error"": 0.12834879999960558}, {""pair"": [2, 5, 0, 12], ""acc"": 4.7, ""vel"": 22.93, ""pos"": 1.5, ""error"": 0.13152319999961226}, {""pair"": [2, 5, 0, 12], ""acc"": 4.7, ""vel"": 22.93, ""pos"": 1.5, ""error"": 0.13152319999961226}, {""pair"": [2, 5, 0, 12], ""acc"": 4.7, ""vel"": 22.93, ""pos"": 1.5, ""error"": 0.1423135999995755}, {""pair"": [2, 5, 0, 12], ""acc"": 4.7, ""vel"": 22.93, ""pos"": 1.5, ""error"": 0.14548799999957862}, {""pair"": [2, 5, 0, 12], ""acc"": 4.7, ""vel"": 22.93, ""pos"": 1.5, ""error"": 0.14548799999957862}], [{""pair"": [2, 5, 1, 12], ""acc"": 1.5, ""vel"": 23.01, ""pos"": 1.5, ""error"": 0.04135359999952515}, {""pair"": [2, 5, 1, 12], ""acc"": 1.5, ""vel"": 23.01, ""pos"": 1.5, ""error"": 0.03812799999952188}, {""pair"": [2, 5, 1, 12], ""acc"": 1.5, ""vel"": 23.01, ""pos"": 1.5, ""error"": 0.04834879999960373}, {""pair"": [2, 5, 1, 12], ""acc"": 1.5, ""vel"": 23.01, ""pos"": 1.5, ""error"": 0.051523199999610414}, {""pair"": [2, 5, 1, 12], ""acc"": 1.5, ""vel"": 23.01, ""pos"": 1.5, ""error"": 0.051523199999610414}, {""pair"": [2, 5, 1, 12], ""acc"": 1.5, ""vel"": 23.01, ""pos"": 1.5, ""error"": 0.06231359999957364}, {""pair"": [2, 5, 1, 12], ""acc"": 1.5, ""vel"": 23.01, ""pos"": 1.5, ""error"": 0.06548799999957677}, {""pair"": [2, 5, 1, 12], ""acc"": 1.5, ""vel"": 23.01, ""pos"": 1.5, ""error"": 0.06548799999957677}]]","[[[3, 5, 0, 12], [4.7, 22.93, 1.5], 0.10295359999957698], [[3, 5, 1, 12], [1.5, 23.01, 1.5], 0.03812799999952188], [[3, 12, 2, 5], [1.5, 22.93, 1.5], 0.10295359999957698], [[2, 5, 0, 12], [4.7, 22.93, 1.5], 0.10295359999957698], [[2, 5, 1, 12], [1.5, 23.01, 1.5], 0.03812799999952188]]"
1.5,23.03,1.9,7.9,23.03,1.9,1.3,23.03,1.9,"[{""pair"": [0, 8, 0, 13], ""acc"": 1.3, ""vel"": 23.03, ""pos"": 1.9, ""error"": 0.014113250000088451}, {""pair"": [3, 8, 0, 13], ""acc"": 1.5, ""vel"": 23.03, ""pos"": 1.9, ""error"": 0.014113250000088451}, {""pair"": [2, 8, 0, 13], ""acc"": 1.5, ""vel"": 23.03, ""pos"": 1.9, ""error"": 0.014113250000088451}, {""pair"": [3, 13, 0, 8], ""acc"": 7.7, ""vel"": 23.03, ""pos"": 1.9, ""error"": 0.014113250000088451}, {""pair"": [3, 13, 2, 8], ""acc"": 7.9, ""vel"": 23.03, ""pos"": 1.9, ""error"": 0.014113250000088451}, {""pair"": [0, 8, 1, 13], ""acc"": 7.7, ""vel"": 22.87, ""pos"": 1.9, ""error"": 0.09547325000008655}, {""pair"": [3, 8, 1, 13], ""acc"": 7.9, ""vel"": 22.87, ""pos"": 1.9, ""error"": 0.09547325000008655}, {""pair"": [2, 8, 1, 13], ""acc"": 7.9, ""vel"": 22.87, ""pos"": 1.9, ""error"": 0.09547325000008655}]","[[0, 8, 0, 13], [3, 8, 0, 13], [2, 8, 0, 13], [3, 13, 0, 8], [3, 13, 2, 8], [0, 8, 1, 13], [3, 8, 1, 13], [2, 8, 1, 13]]","[[{""pair"": [3, 8, 0, 13], ""acc"": 1.5, ""vel"": 23.03, ""pos"": 1.9, ""error"": 0.014113250000088451}, {""pair"": [3, 8, 0, 13], ""acc"": 1.5, ""vel"": 23.03, ""pos"": 1.9, ""error"": 0.014113250000088451}, {""pair"": [3, 8, 0, 13], ""acc"": 1.5, ""vel"": 23.03, ""pos"": 1.9, ""error"": 0.08447325000010153}, {""pair"": [3, 8, 0, 13], ""acc"": 1.5, ""vel"": 23.03, ""pos"": 1.9, ""error"": 0.029610850000114874}, {""pair"": [3, 8, 0, 13], ""acc"": 1.5, ""vel"": 23.03, ""pos"": 1.9, ""error"": 0.029610850000114874}], [{""pair"": [3, 8, 1, 13], ""acc"": 7.9, ""vel"": 22.87, ""pos"": 1.9, ""error"": 0.1741132500000886}, {""pair"": [3, 8, 1, 13], ""acc"": 7.9, ""vel"": 22.87, ""pos"": 1.9, ""error"": 0.1741132500000886}, {""pair"": [3, 8, 1, 13], ""acc"": 7.9, ""vel"": 22.87, ""pos"": 1.9, ""error"": 0.09547325000008655}, {""pair"": [3, 8, 1, 13], ""acc"": 7.9, ""vel"": 22.87, ""pos"": 1.9, ""error"": 0.1494108500000737}, {""pair"": [3, 8, 1, 13], ""acc"": 7.9, ""vel"": 22.87, ""pos"": 1.9, ""error"": 0.1494108500000737}], [{""pair"": [3, 13, 0, 8], ""acc"": 7.7, ""vel"": 23.03, ""pos"": 1.9, ""error"": 0.014113250000088451}, {""pair"": [3, 13, 0, 8], ""acc"": 7.7, ""vel"": 23.03, ""pos"": 1.9, ""error"": 0.014113250000088451}, {""pair"": [3, 13, 0, 8], ""acc"": 7.7, ""vel"": 23.03, ""pos"": 1.9, ""error"": 0.08447325000010153}, {""pair"": [3, 13, 0, 8], ""acc"": 7.7, ""vel"": 23.03, ""pos"": 1.9, ""error"": 0.029610850000114874}, {""pair"": [3, 13, 0, 8], ""acc"": 7.7, ""vel"": 23.03, ""pos"": 1.9, ""error"": 0.029610850000114874}], [{""pair"": [3, 13, 2, 8], ""acc"": 7.9, ""vel"": 23.03, ""pos"": 1.9, ""error"": 0.014113250000088451}, {""pair"": [3, 13, 2, 8], ""acc"": 7.9, ""vel"": 23.03, ""pos"": 1.9, ""error"": 0.014113250000088451}, {""pair"": [3, 13, 2, 8], ""acc"": 7.9, ""vel"": 23.03, ""pos"": 1.9, ""error"": 0.08447325000010153}, {""pair"": [3, 13, 2, 8], ""acc"": 7.9, ""vel"": 23.03, ""pos"": 1.9, ""error"": 0.029610850000114874}, {""pair"": [3, 13, 2, 8], ""acc"": 7.9, ""vel"": 23.03, ""pos"": 1.9, ""error"": 0.029610850000114874}], [{""pair"": [0, 8, 0, 13], ""acc"": 1.3, ""vel"": 23.03, ""pos"": 1.9, ""error"": 0.014113250000088451}, {""pair"": [0, 8, 0, 13], ""acc"": 1.3, ""vel"": 23.03, ""pos"": 1.9, ""error"": 0.014113250000088451}, {""pair"": [0, 8, 0, 13], ""acc"": 1.3, ""vel"": 23.03, ""pos"": 1.9, ""error"": 0.08447325000010153}, {""pair"": [0, 8, 0, 13], ""acc"": 1.3, ""vel"": 23.03, ""pos"": 1.9, ""error"": 0.029610850000114874}, {""pair"": [0, 8, 0, 13], ""acc"": 1.3, ""vel"": 23.03, ""pos"": 1.9, ""error"": 0.029610850000114874}], [{""pair"": [0, 8, 1, 13], ""acc"": 7.7, ""vel"": 22.87, ""pos"": 1.9, ""error"": 0.1741132500000886}, {""pair"": [0, 8, 1, 13], ""acc"": 7.7, ""vel"": 22.87, ""pos"": 1.9, ""error"": 0.1741132500000886}, {""pair"": [0, 8, 1, 13], ""acc"": 7.7, ""vel"": 22.87, ""pos"": 1.9, ""error"": 0.09547325000008655}, {""pair"": [0, 8, 1, 13], ""acc"": 7.7, ""vel"": 22.87, ""pos"": 1.9, ""error"": 0.1494108500000737}, {""pair"": [0, 8, 1, 13], ""acc"": 7.7, ""vel"": 22.87, ""pos"": 1.9, ""error"": 0.1494108500000737}], [{""pair"": [2, 8, 0, 13], ""acc"": 1.5, ""vel"": 23.03, ""pos"": 1.9, ""error"": 0.014113250000088451}, {""pair"": [2, 8, 0, 13], ""acc"": 1.5, ""vel"": 23.03, ""pos"": 1.9, ""error"": 0.014113250000088451}, {""pair"": [2, 8, 0, 13], ""acc"": 1.5, ""vel"": 23.03, ""pos"": 1.9, ""error"": 0.08447325000010153}, {""pair"": [2, 8, 0, 13], ""acc"": 1.5, ""vel"": 23.03, ""pos"": 1.9, ""error"": 0.029610850000114874}, {""pair"": [2, 8, 0, 13], ""acc"": 1.5, ""vel"": 23.03, ""pos"": 1.9, ""error"": 0.029610850000114874}], [{""pair"": [2, 8, 1, 13], ""acc"": 7.9, ""vel"": 22.87, ""pos"": 1.9, ""error"": 0.1741132500000886}, {""pair"": [2, 8, 1, 13], ""acc"": 7.9, ""vel"": 22.87, ""pos"": 1.9, ""error"": 0.1741132500000886}, {""pair"": [2, 8, 1, 13], ""acc"": 7.9, ""vel"": 22.87, ""pos"": 1.9, ""error"": 0.09547325000008655}, {""pair"": [2, 8, 1, 13], ""acc"": 7.9, ""vel"": 22.87, ""pos"": 1.9, ""error"": 0.1494108500000737}, {""pair"": [2, 8, 1, 13], ""acc"": 7.9, ""vel"": 22.87, ""pos"": 1.9, ""error"": 0.1494108500000737}]]","[[[3, 8, 0, 13], [1.5, 23.03, 1.9], 0.014113250000088451], [[3, 8, 1, 13], [7.9, 22.87, 1.9], 0.09547325000008655], [[3, 13, 0, 8], [7.7, 23.03, 1.9], 0.014113250000088451], [[3, 13, 2, 8], [7.9, 23.03, 1.9], 0.014113250000088451], [[0, 8, 0, 13], [1.3, 23.03, 1.9], 0.014113250000088451], [[0, 8, 1, 13], [7.7, 22.87, 1.9], 0.09547325000008655], [[2, 8, 0, 13], [1.5, 23.03, 1.9], 0.014113250000088451], [[2, 8, 1, 13], [7.9, 22.87, 1.9], 0.09547325000008655]]"
1.5,23.06,2.3000000000000003,1.5,23.06,2.3,-24.5,23.06,2.3,"[{""pair"": [0, 9, 0, 15], ""acc"": -24.5, ""vel"": 23.06, ""pos"": 2.3, ""error"": 0.012773250000098102}, {""pair"": [3, 9, 0, 15], ""acc"": -24.1, ""vel"": 23.06, ""pos"": 2.3, ""error"": 0.012773250000098102}, {""pair"": [3, 15, 0, 9], ""acc"": 1.1, ""vel"": 23.06, ""pos"": 2.3, ""error"": 0.012773250000098102}, {""pair"": [0, 9, 1, 15], ""acc"": 1.1, ""vel"": 23.7, ""pos"": 2.3, ""error"": 0.5430484500001254}, {""pair"": [3, 9, 1, 15], ""acc"": 1.5, ""vel"": 23.7, ""pos"": 2.3, ""error"": 0.5430484500001254}, {""pair"": [0, 9, 2, 15], ""acc"": 1.1, ""vel"": 23.06, ""pos"": 5.5, ""error"": 3.2127732500000983}, {""pair"": [3, 9, 2, 15], ""acc"": 1.5, ""vel"": 23.06, ""pos"": 5.5, ""error"": 3.2127732500000983}]","[[0, 9, 0, 15], [3, 9, 0, 15], [3, 15, 0, 9], [0, 9, 1, 15], [3, 9, 1, 15], [0, 9, 2, 15], [3, 9, 2, 15]]","[[{""pair"": [3, 9, 0, 15], ""acc"": -24.1, ""vel"": 23.06, ""pos"": 2.3, ""error"": 0.01620215000009706}, {""pair"": [3, 9, 0, 15], ""acc"": -24.1, ""vel"": 23.06, ""pos"": 2.3, ""error"": 0.012773250000098102}, {""pair"": [3, 9, 0, 15], ""acc"": -24.1, ""vel"": 23.06, ""pos"": 2.3, ""error"": 0.012773250000098102}, {""pair"": [3, 9, 0, 15], ""acc"": -24.1, ""vel"": 23.06, ""pos"": 2.3, ""error"": 0.10827735000006555}, {""pair"": [3, 9, 0, 15], ""acc"": -24.1, ""vel"": 23.06, ""pos"": 2.3, ""error"": 0.11164845000006496}, {""pair"": [3, 9, 0, 15], ""acc"": -24.1, ""vel"": 23.06, ""pos"": 2.3, ""error"": 0.06919735000012306}, {""pair"": [3, 9, 0, 15], ""acc"": -24.1, ""vel"": 23.06, ""pos"": 2.3, ""error"": 0.0657684500001241}, {""pair"": [3, 9, 0, 15], ""acc"": -24.1, ""vel"": 23.06, ""pos"": 2.3, ""error"": 0.0657684500001241}], [{""pair"": [3, 9, 1, 15], ""acc"": 1.5, ""vel"": 23.7, ""pos"": 2.3, ""error"": 0.6562021500000976}, {""pair"": [3, 9, 1, 15], ""acc"": 1.5, ""vel"": 23.7, ""pos"": 2.3, ""error"": 0.6527732500000987}, {""pair"": [3, 9, 1, 15], ""acc"": 1.5, ""vel"": 23.7, ""pos"": 2.3, ""error"": 0.6527732500000987}, {""pair"": [3, 9, 1, 15], ""acc"": 1.5, ""vel"": 23.7, ""pos"": 2.3, ""error"": 0.5464773500001243}, {""pair"": [3, 9, 1, 15], ""acc"": 1.5, ""vel"": 23.7, ""pos"": 2.3, ""error"": 0.5430484500001254}, {""pair"": [3, 9, 1, 15], ""acc"": 1.5, ""vel"": 23.7, ""pos"": 2.3, ""error"": 0.7091973500001236}, {""pair"": [3, 9, 1, 15], ""acc"": 1.5, ""vel"": 23.7, ""pos"": 2.3, ""error"": 0.7057684500001247}, {""pair"": [3, 9, 1, 15], ""acc"": 1.5, ""vel"": 23.7, ""pos"": 2.3, ""error"": 0.7057684500001247}], [{""pair"": [3, 9, 2, 15], ""acc"": 1.5, ""vel"": 23.06, ""pos"": 5.5, ""error"": 3.2162021500000972}, {""pair"": [3, 9, 2, 15], ""acc"": 1.5, ""vel"": 23.06, ""pos"": 5.5, ""error"": 3.2127732500000983}, {""pair"": [3, 9, 2, 15], ""acc"": 1.5, ""vel"": 23.06, ""pos"": 5.5, ""error"": 3.2127732500000983}, {""pair"": [3, 9, 2, 15], ""acc"": 1.5, ""vel"": 23.06, ""pos"": 5.5, ""error"": 3.3082773500000657}, {""pair"": [3, 9, 2, 15], ""acc"": 1.5, ""vel"": 23.06, ""pos"": 5.5, ""error"": 3.311648450000065}, {""pair"": [3, 9, 2, 15], ""acc"": 1.5, ""vel"": 23.06, ""pos"": 5.5, ""error"": 3.2691973500001232}, {""pair"": [3, 9, 2, 15], ""acc"": 1.5, ""vel"": 23.06, ""pos"": 5.5, ""error"": 3.2657684500001243}, {""pair"": [3, 9, 2, 15], ""acc"": 1.5, ""vel"": 23.06, ""pos"": 5.5, ""error"": 3.2657684500001243}], [{""pair"": [3, 15, 0, 9], ""acc"": 1.1, ""vel"": 23.06, ""pos"": 2.3, ""error"": 0.01620215000009706}, {""pair"": [3, 15, 0, 9], ""acc"": 1.1, ""vel"": 23.06, ""pos"": 2.3, ""error"": 0.012773250000098102}, {""pair"": [3, 15, 0, 9], ""acc"": 1.1, ""vel"": 23.06, ""pos"": 2.3, ""error"": 0.012773250000098102}, {""pair"": [3, 15, 0, 9], ""acc"": 1.1, ""vel"": 23.06, ""pos"": 2.3, ""error"": 0.10827735000006555}, {""pair"": [3, 15, 0, 9], ""acc"": 1.1, ""vel"": 23.06, ""pos"": 2.3, ""error"": 0.11164845000006496}, {""pair"": [3, 15, 0, 9], ""acc"": 1.1, ""vel"": 23.06, ""pos"": 2.3, ""error"": 0.06919735000012306}, {""pair"": [3, 15, 0, 9], ""acc"": 1.1, ""vel"": 23.06, ""pos"": 2.3, ""error"": 0.0657684500001241}, {""pair"": [3, 15, 0, 9], ""acc"": 1.1, ""vel"": 23.06, ""pos"": 2.3, ""error"": 0.0657684500001241}], [{""pair"": [0, 9, 0, 15], ""acc"": -24.5, ""vel"": 23.06, ""pos"": 2.3, ""error"": 0.01620215000009706}, {""pair"": [0, 9, 0, 15], ""acc"": -24.5, ""vel"": 23.06, ""pos"": 2.3, ""error"": 0.012773250000098102}, {""pair"": [0, 9, 0, 15], ""acc"": -24.5, ""vel"": 23.06, ""pos"": 2.3, ""error"": 0.012773250000098102}, {""pair"": [0, 9, 0, 15], ""acc"": -24.5, ""vel"": 23.06, ""pos"": 2.3, ""error"": 0.10827735000006555}, {""pair"": [0, 9, 0, 15], ""acc"": -24.5, ""vel"": 23.06, ""pos"": 2.3, ""error"": 0.11164845000006496}, {""pair"": [0, 9, 0, 15], ""acc"": -24.5, ""vel"": 23.06, ""pos"": 2.3, ""error"": 0.06919735000012306}, {""pair"": [0, 9, 0, 15], ""acc"": -24.5, ""vel"": 23.06, ""pos"": 2.3, ""error"": 0.0657684500001241}, {""pair"": [0, 9, 0, 15], ""acc"": -24.5, ""vel"": 23.06, ""pos"": 2.3, ""error"": 0.0657684500001241}], [{""pair"": [0, 9, 1, 15], ""acc"": 1.1, ""vel"": 23.7, ""pos"": 2.3, ""error"": 0.6562021500000976}, {""pair"": [0, 9, 1, 15], ""acc"": 1.1, ""vel"": 23.7, ""pos"": 2.3, ""error"": 0.6527732500000987}, {""pair"": [0, 9, 1, 15], ""acc"": 1.1, ""vel"": 23.7, ""pos"": 2.3, ""error"": 0.6527732500000987}, {""pair"": [0, 9, 1, 15], ""acc"": 1.1, ""vel"": 23.7, ""pos"": 2.3, ""error"": 0.5464773500001243}, {""pair"": [0, 9, 1, 15], ""acc"": 1.1, ""vel"": 23.7, ""pos"": 2.3, ""error"": 0.5430484500001254}, {""pair"": [0, 9, 1, 15], ""acc"": 1.1, ""vel"": 23.7, ""pos"": 2.3, ""error"": 0.7091973500001236}, {""pair"": [0, 9, 1, 15], ""acc"": 1.1, ""vel"": 23.7, ""pos"": 2.3, ""error"": 0.7057684500001247}, {""pair"": [0, 9, 1, 15], ""acc"": 1.1, ""vel"": 23.7, ""pos"": 2.3, ""error"": 0.7057684500001247}], [{""pair"": [0, 9, 2, 15], ""acc"": 1.1, ""vel"": 23.06, ""pos"": 5.5, ""error"": 3.2162021500000972}, {""pair"": [0, 9, 2, 15], ""acc"": 1.1, ""vel"": 23.06, ""pos"": 5.5, ""error"": 3.2127732500000983}, {""pair"": [0, 9, 2, 15], ""acc"": 1.1, ""vel"": 23.06, ""pos"": 5.5, ""error"": 3.2127732500000983}, {""pair"": [0, 9, 2, 15], ""acc"": 1.1, ""vel"": 23.06, ""pos"": 5.5, ""error"": 3.3082773500000657}, {""pair"": [0, 9, 2, 15], ""acc"": 1.1, ""vel"": 23.06, ""pos"": 5.5, ""error"": 3.311648450000065}, {""pair"": [0, 9, 2, 15], ""acc"": 1.1, ""vel"": 23.06, ""pos"": 5.5, ""error"": 3.2691973500001232}, {""pair"": [0, 9, 2, 15], ""acc"": 1.1, ""vel"": 23.06, ""pos"": 5.5, ""error"": 3.2657684500001243}, {""pair"": [0, 9, 2, 15], ""acc"": 1.1, ""vel"": 23.06, ""pos"": 5.5, ""error"": 3.2657684500001243}]]","[[[3, 9, 0, 15], [-24.1, 23.06, 2.3], 0.012773250000098102], [[3, 9, 1, 15], [1.5, 23.7, 2.3], 0.5430484500001254], [[3, 9, 2, 15], [1.5, 23.06, 5.5], 3.2127732500000983], [[3, 15, 0, 9], [1.1, 23.06, 2.3], 0.012773250000098102], [[0, 9, 0, 15], [-24.5, 23.06, 2.3], 0.012773250000098102], [[0, 9, 1, 15], [1.1, 23.7, 2.3], 0.5430484500001254], [[0, 9, 2, 15], [1.1, 23.06, 5.5], 3.2127732500000983]]"
1.5,23.08,2.7,4.7,24.36,2.7,1.5,23.08,2.7,"[{""pair"": [0, 0, 0, 12], ""acc"": 1.5, ""vel"": 23.08, ""pos"": 2.7, ""error"": 0.0332991999995258}, {""pair"": [2, 0, 0, 12], ""acc"": 1.5, ""vel"": 24.36, ""pos"": 2.7, ""error"": 0.6566079999995069}]","[[0, 0, 0, 12], [2, 0, 0, 12]]","[[{""pair"": [0, 0, 0, 12], ""acc"": 1.5, ""vel"": 23.08, ""pos"": 2.7, ""error"": 0.4461760000000359}, {""pair"": [0, 0, 0, 12], ""acc"": 1.5, ""vel"": 23.08, ""pos"": 2.7, ""error"": 0.43972480000002934}, {""pair"": [0, 0, 0, 12], ""acc"": 1.5, ""vel"": 23.08, ""pos"": 2.7, ""error"": 0.0332991999995258}, {""pair"": [0, 0, 0, 12], ""acc"": 1.5, ""vel"": 23.08, ""pos"": 2.7, ""error"": 0.6582591999995602}, {""pair"": [0, 0, 0, 12], ""acc"": 1.5, ""vel"": 23.08, ""pos"": 2.7, ""error"": 0.6646079999995664}, {""pair"": [0, 0, 0, 12], ""acc"": 1.5, ""vel"": 23.08, ""pos"": 2.7, ""error"": 3.1715008000004277}, {""pair"": [0, 0, 0, 12], ""acc"": 1.5, ""vel"": 23.08, ""pos"": 2.7, ""error"": 3.1731520000004805}], [{""pair"": [2, 0, 0, 12], ""acc"": 1.5, ""vel"": 24.36, ""pos"": 2.7, ""error"": 1.726176000000037}, {""pair"": [2, 0, 0, 12], ""acc"": 1.5, ""vel"": 24.36, ""pos"": 2.7, ""error"": 1.7197248000000305}, {""pair"": [2, 0, 0, 12], ""acc"": 1.5, ""vel"": 24.36, ""pos"": 2.7, ""error"": 1.313299199999527}, {""pair"": [2, 0, 0, 12], ""acc"": 1.5, ""vel"": 24.36, ""pos"": 2.7, ""error"": 0.6630591999995135}, {""pair"": [2, 0, 0, 12], ""acc"": 1.5, ""vel"": 24.36, ""pos"": 2.7, ""error"": 0.6566079999995069}, {""pair"": [2, 0, 0, 12], ""acc"": 1.5, ""vel"": 24.36, ""pos"": 2.7, ""error"": 4.451500800000429}, {""pair"": [2, 0, 0, 12], ""acc"": 1.5, ""vel"": 24.36, ""pos"": 2.7, ""error"": 4.445152000000422}]]","[[[0, 0, 0, 12], [1.5, 23.08, 2.7], 0.0332991999995258], [[2, 0, 0, 12], [1.5, 24.36, 2.7], 0.6566079999995069]]"
1.5,23.11,3.1,1.5,23.11,3.1,1.5,23.11,3.1,"[{""pair"": [3, 10, 2, 5], ""acc"": 1.5, ""vel"": 23.11, ""pos"": 3.1, ""error"": 0.01192325000010186}]","[[3, 10, 2, 5]]","[[{""pair"": [3, 10, 2, 5], ""acc"": 1.5, ""vel"": 23.11, ""pos"": 3.1, ""error"": 0.01192325000010186}, {""pair"": [3, 10, 2, 5], ""acc"": 1.5, ""vel"": 23.11, ""pos"": 3.1, ""error"": 1.289836749999894}]]","[[[3, 10, 2, 5], [1.5, 23.11, 3.1], 0.01192325000010186]]"
1.5,23.13,3.5,1.5,23.13,3.5,-24.1,23.13,3.5,"[{""pair"": [3, 0, 0, 15], ""acc"": -24.1, ""vel"": 23.13, ""pos"": 3.5, ""error"": 0.012413250000089082}, {""pair"": [0, 15, 2, 0], ""acc"": -24.1, ""vel"": 23.13, ""pos"": 3.5, ""error"": 0.012413250000089082}, {""pair"": [3, 0, 0, 15], ""acc"": -24.1, ""vel"": 23.13, ""pos"": 3.5, ""error"": 0.012413250000089082}, {""pair"": [2, 0, 0, 15], ""acc"": -24.1, ""vel"": 23.13, ""pos"": 3.5, ""error"": 0.012413250000089082}, {""pair"": [3, 15, 2, 0], ""acc"": 1.5, ""vel"": 23.13, ""pos"": 3.5, ""error"": 0.012413250000089082}, {""pair"": [3, 15, 2, 0], ""acc"": 1.5, ""vel"": 23.13, ""pos"": 3.5, ""error"": 0.012413250000089082}, {""pair"": [3, 0, 1, 15], ""acc"": 1.5, ""vel"": 23.77, ""pos"": 3.5, ""error"": 0.6414132500001011}, {""pair"": [1, 15, 2, 0], ""acc"": 1.5, ""vel"": 23.77, ""pos"": 3.5, ""error"": 0.6414132500001011}, {""pair"": [3, 0, 1, 15], ""acc"": 1.5, ""vel"": 23.77, ""pos"": 3.5, ""error"": 0.6414132500001011}, {""pair"": [2, 0, 1, 15], ""acc"": 1.5, ""vel"": 23.77, ""pos"": 3.5, ""error"": 0.6414132500001011}]","[[3, 0, 0, 15], [0, 15, 2, 0], [3, 0, 0, 15], [2, 0, 0, 15], [3, 15, 2, 0], [3, 15, 2, 0], [3, 0, 1, 15], [1, 15, 2, 0], [3, 0, 1, 15], [2, 0, 1, 15]]","[[{""pair"": [3, 15, 2, 0], ""acc"": 1.5, ""vel"": 23.13, ""pos"": 3.5, ""error"": 0.012413250000089082}], [{""pair"": [3, 0, 0, 15], ""acc"": -24.1, ""vel"": 23.13, ""pos"": 3.5, ""error"": 0.012413250000089082}], [{""pair"": [3, 0, 1, 15], ""acc"": 1.5, ""vel"": 23.77, ""pos"": 3.5, ""error"": 0.6414132500001011}], [{""pair"": [0, 15, 2, 0], ""acc"": -24.1, ""vel"": 23.13, ""pos"": 3.5, ""error"": 0.012413250000089082}], [{""pair"": [1, 15, 2, 0], ""acc"": 1.5, ""vel"": 23.77, ""pos"": 3.5, ""error"": 0.6414132500001011}], [{""pair"": [3, 0, 0, 15], ""acc"": -24.1, ""vel"": 23.13, ""pos"": 3.5, ""error"": 0.012413250000089082}], [{""pair"": [3, 0, 1, 15], ""acc"": 1.5, ""vel"": 23.77, ""pos"": 3.5, ""error"": 0.6414132500001011}], [{""pair"": [3, 15, 2, 0], ""acc"": 1.5, ""vel"": 23.13, ""pos"": 3.5, ""error"": 0.012413250000089082}], [{""pair"": [2, 0, 0, 15], ""acc"": -24.1, ""vel"": 23.13, ""pos"": 3.5, ""error"": 0.012413250000089082}], [{""pair"": [2, 0, 1, 15], ""acc"": 1.5, ""vel"": 23.77, ""pos"": 3.5, ""error"": 0.6414132500001011}]]","[[[3, 15, 2, 0], [1.5, 23.13, 3.5], 0.012413250000089082], [[3, 0, 0, 15], [-24.1, 23.13, 3.5], 0.012413250000089082], [[3, 0, 1, 15], [1.5, 23.77, 3.5], 0.6414132500001011], [[0, 15, 2, 0], [-24.1, 23.13, 3.5], 0.012413250000089082], [[1, 15, 2, 0], [1.5, 23.77, 3.5], 0.6414132500001011], [[3, 0, 0, 15], [-24.1, 23.13, 3.5], 0.012413250000089082], [[3, 0, 1, 15], [1.5, 23.77, 3.5], 0.6414132500001011], [[3, 15, 2, 0], [1.5, 23.13, 3.5], 0.012413250000089082], [[2, 0, 0, 15], [-24.1, 23.13, 3.5], 0.012413250000089082], [[2, 0, 1, 15], [1.5, 23.77, 3.5], 0.6414132500001011]]"
1.5,23.16,3.8,1.5,29.56,3.8,1.5,23.16,3.8,"[{""pair"": [0, 0, 0, 2], ""acc"": 1.5, ""vel"": 23.16, ""pos"": 3.8, ""error"": 0.07627200000042489}, {""pair"": [3, 0, 0, 2], ""acc"": 1.5, ""vel"": 24.44, ""pos"": 3.8, ""error"": 0.7265120000004379}]","[[0, 0, 0, 2], [3, 0, 0, 2]]","[[{""pair"": [3, 0, 0, 2], ""acc"": 1.5, ""vel"": 24.44, ""pos"": 3.8, ""error"": 1.76259520000092}, {""pair"": [3, 0, 0, 2], ""acc"": 1.5, ""vel"": 24.44, ""pos"": 3.8, ""error"": 1.76259520000092}, {""pair"": [3, 0, 0, 2], ""acc"": 1.5, ""vel"": 24.44, ""pos"": 3.8, ""error"": 1.76259520000092}, {""pair"": [3, 0, 0, 2], ""acc"": 1.5, ""vel"": 24.44, ""pos"": 3.8, ""error"": 1.76259520000092}, {""pair"": [3, 0, 0, 2], ""acc"": 1.5, ""vel"": 24.44, ""pos"": 3.8, ""error"": 1.356272000000426}, {""pair"": [3, 0, 0, 2], ""acc"": 1.5, ""vel"": 24.44, ""pos"": 3.8, ""error"": 1.356272000000426}, {""pair"": [3, 0, 0, 2], ""acc"": 1.5, ""vel"": 24.44, ""pos"": 3.8, ""error"": 0.7265120000004379}, {""pair"": [3, 0, 0, 2], ""acc"": 1.5, ""vel"": 24.44, ""pos"": 3.8, ""error"": 0.7265120000004379}, {""pair"": [3, 0, 0, 2], ""acc"": 1.5, ""vel"": 24.44, ""pos"": 3.8, ""error"": 0.7265120000004379}, {""pair"": [3, 0, 0, 2], ""acc"": 1.5, ""vel"": 24.44, ""pos"": 3.8, ""error"": 0.7265120000004379}], [{""pair"": [0, 0, 0, 2], ""acc"": 1.5, ""vel"": 23.16, ""pos"": 3.8, ""error"": 0.4825952000009188}, {""pair"": [0, 0, 0, 2], ""acc"": 1.5, ""vel"": 23.16, ""pos"": 3.8, ""error"": 0.4825952000009188}, {""pair"": [0, 0, 0, 2], ""acc"": 1.5, ""vel"": 23.16, ""pos"": 3.8, ""error"": 0.4825952000009188}, {""pair"": [0, 0, 0, 2], ""acc"": 1.5, ""vel"": 23.16, ""pos"": 3.8, ""error"": 0.4825952000009188}, {""pair"": [0, 0, 0, 2], ""acc"": 1.5, ""vel"": 23.16, ""pos"": 3.8, ""error"": 0.07627200000042489}, {""pair"": [0, 0, 0, 2], ""acc"": 1.5, ""vel"": 23.16, ""pos"": 3.8, ""error"": 0.07627200000042489}, {""pair"": [0, 0, 0, 2], ""acc"": 1.5, ""vel"": 23.16, ""pos"": 3.8, ""error"": 0.7145120000004943}, {""pair"": [0, 0, 0, 2], ""acc"": 1.5, ""vel"": 23.16, ""pos"": 3.8, ""error"": 0.7145120000004943}, {""pair"": [0, 0, 0, 2], ""acc"": 1.5, ""vel"": 23.16, ""pos"": 3.8, ""error"": 0.7145120000004943}, {""pair"": [0, 0, 0, 2], ""acc"": 1.5, ""vel"": 23.16, ""pos"": 3.8, ""error"": 0.7145120000004943}]]","[[[3, 0, 0, 2], [1.5, 24.44, 3.8], 0.7265120000004379], [[0, 0, 0, 2], [1.5, 23.16, 3.8], 0.07627200000042489]]"
1.5,23.19,4.2,1.5,20.63,1.0,1.5,23.19,4.2,"[{""pair"": [0, 1, 2, 15], ""acc"": 1.5, ""vel"": 23.19, ""pos"": 4.2, ""error"": 0.01056325000010272}, {""pair"": [0, 1, 0, 15], ""acc"": -24.1, ""vel"": 23.19, ""pos"": 1.0, ""error"": 3.198436749999912}, {""pair"": [3, 15, 0, 1], ""acc"": 1.5, ""vel"": 23.19, ""pos"": 1.0, ""error"": 3.198436749999912}, {""pair"": [0, 1, 1, 15], ""acc"": 1.5, ""vel"": 23.83, ""pos"": 1.0, ""error"": 3.838436749999909}, {""pair"": [1, 1, 1, 15], ""acc"": 1.5, ""vel"": 21.27, ""pos"": 13.8, ""error"": 11.52156325000009}, {""pair"": [1, 1, 0, 15], ""acc"": -24.1, ""vel"": 20.63, ""pos"": 13.8, ""error"": 12.161563250000091}, {""pair"": [3, 15, 1, 1], ""acc"": 1.5, ""vel"": 20.63, ""pos"": 13.8, ""error"": 12.161563250000091}, {""pair"": [1, 1, 2, 15], ""acc"": 1.5, ""vel"": 20.63, ""pos"": 17.0, ""error"": 15.36156325000009}]","[[0, 1, 2, 15], [0, 1, 0, 15], [3, 15, 0, 1], [0, 1, 1, 15], [1, 1, 1, 15], [1, 1, 0, 15], [3, 15, 1, 1], [1, 1, 2, 15]]","[[{""pair"": [3, 15, 0, 1], ""acc"": 1.5, ""vel"": 23.19, ""pos"": 1.0, ""error"": 3.198436749999912}, {""pair"": [3, 15, 0, 1], ""acc"": 1.5, ""vel"": 23.19, ""pos"": 1.0, ""error"": 4.491196749999894}], [{""pair"": [3, 15, 1, 1], ""acc"": 1.5, ""vel"": 20.63, ""pos"": 13.8, ""error"": 12.161563250000091}, {""pair"": [3, 15, 1, 1], ""acc"": 1.5, ""vel"": 20.63, ""pos"": 13.8, ""error"": 13.419803250000097}], [{""pair"": [0, 1, 0, 15], ""acc"": -24.1, ""vel"": 23.19, ""pos"": 1.0, ""error"": 3.198436749999912}, {""pair"": [0, 1, 0, 15], ""acc"": -24.1, ""vel"": 23.19, ""pos"": 1.0, ""error"": 4.491196749999894}], [{""pair"": [0, 1, 1, 15], ""acc"": 1.5, ""vel"": 23.83, ""pos"": 1.0, ""error"": 3.838436749999909}, {""pair"": [0, 1, 1, 15], ""acc"": 1.5, ""vel"": 23.83, ""pos"": 1.0, ""error"": 3.8511967499998967}], [{""pair"": [0, 1, 2, 15], ""acc"": 1.5, ""vel"": 23.19, ""pos"": 4.2, ""error"": 0.01056325000010272}, {""pair"": [0, 1, 2, 15], ""acc"": 1.5, ""vel"": 23.19, ""pos"": 4.2, ""error"": 1.2911967499998935}], [{""pair"": [1, 1, 0, 15], ""acc"": -24.1, ""vel"": 20.63, ""pos"": 13.8, ""error"": 12.161563250000091}, {""pair"": [1, 1, 0, 15], ""acc"": -24.1, ""vel"": 20.63, ""pos"": 13.8, ""error"": 13.419803250000097}], [{""pair"": [1, 1, 1, 15], ""acc"": 1.5, ""vel"": 21.27, ""pos"": 13.8, ""error"": 11.52156325000009}, {""pair"": [1, 1, 1, 15], ""acc"": 1.5, ""vel"": 21.27, ""pos"": 13.8, ""error"": 12.779803250000096}], [{""pair"": [1, 1, 2, 15], ""acc"": 1.5, ""vel"": 20.63, ""pos"": 17.0, ""error"": 15.36156325000009}, {""pair"": [1, 1, 2, 15], ""acc"": 1.5, ""vel"": 20.63, ""pos"": 17.0, ""error"": 16.619803250000096}]]","[[[3, 15, 0, 1], [1.5, 23.19, 1.0], 3.198436749999912], [[3, 15, 1, 1], [1.5, 20.63, 13.8], 12.161563250000091], [[0, 1, 0, 15], [-24.1, 23.19, 1.0], 3.198436749999912], [[0, 1, 1, 15], [1.5, 23.83, 1.0], 3.838436749999909], [[0, 1, 2, 15], [1.5, 23.19, 4.2], 0.01056325000010272], [[1, 1, 0, 15], [-24.1, 20.63, 13.8], 12.161563250000091], [[1, 1, 1, 15], [1.5, 21.27, 13.8], 11.52156325000009], [[1, 1, 2, 15], [1.5, 20.63, 17.0], 15.36156325000009]]"
1.5,23.21,4.6000000000000005,1.5,23.21,55.8,1.5,23.215499999999995,4.594446749999905,[],[],[],"[[[0, 0, 0, 0], [1.5, 23.215499999999995, 4.594446749999905], 0]]"
1.5,23.24,5.0,-8.0,23.24,5.0,-24.1,23.24,1.8,"[{""pair"": [3, 6, 2, 15], ""acc"": -24.1, ""vel"": 23.24, ""pos"": 1.8, ""error"": 0}, {""pair"": [3, 6, 0, 15], ""acc"": 1.5, ""vel"": 23.24, ""pos"": 5.0, ""error"": 0}]","[[3, 6, 2, 15], [3, 6, 0, 15]]",[],"[[[3, 6, 0, 15], [1.5, 23.24, 5.0], 0], [[3, 6, 2, 15], [-24.1, 23.24, 1.8], 0]]"
1.5,23.26,5.4,1.5,23.26,5.4,1.5,23.26,2.2,"[{""pair"": [3, 5, 2, 15], ""acc"": 1.5, ""vel"": 23.26, ""pos"": 2.2, ""error"": 0.4381024499999979}]","[[3, 5, 2, 15]]","[[{""pair"": [3, 5, 2, 15], ""acc"": 1.5, ""vel"": 23.26, ""pos"": 2.2, ""error"": 0.4381024499999979}, {""pair"": [3, 5, 2, 15], ""acc"": 1.5, ""vel"": 23.26, ""pos"": 2.2, ""error"": 3.2007967499998955}]]","[[[3, 5, 2, 15], [1.5, 23.26, 2.2], 0.4381024499999979]]"
1.5,23.29,5.800000000000001,1.5,23.29,1644.2,1.5,23.29,5.8,"[{""pair"": [3, 5, 1, 8], ""acc"": 1.5, ""vel"": 23.29, ""pos"": 5.8, ""error"": 3.208863250000099}, {""pair"": [3, 5, 0, 8], ""acc"": 1.3, ""vel"": 23.29, ""pos"": 1644.2, ""error"": 1641.6088632500002}]","[[3, 5, 1, 8], [3, 5, 0, 8]]","[[{""pair"": [3, 5, 0, 8], ""acc"": 1.3, ""vel"": 23.29, ""pos"": 1644.2, ""error"": 1641.6088632500002}], [{""pair"": [3, 5, 1, 8], ""acc"": 1.5, ""vel"": 23.29, ""pos"": 5.8, ""error"": 3.208863250000099}]]","[[[3, 5, 0, 8], [1.3, 23.29, 1644.2], 1641.6088632500002], [[3, 5, 1, 8], [1.5, 23.29, 5.8], 3.208863250000099]]"
1.5,23.31,6.2,-8.0,23.31,6.2,1.5,23.31,6.2,"[{""pair"": [0, 15, 2, 4], ""acc"": 1.5, ""vel"": 23.31, ""pos"": 6.2, ""error"": 0.031167999999574647}, {""pair"": [2, 15, 2, 4], ""acc"": -24.1, ""vel"": 23.31, ""pos"": 3.0, ""error"": 3.176832000000485}, {""pair"": [2, 15, 1, 4], ""acc"": -24.1, ""vel"": 23.31, ""pos"": 105.4, ""error"": 99.23116799999958}, {""pair"": [0, 15, 1, 4], ""acc"": 1.5, ""vel"": 23.31, ""pos"": 108.6, ""error"": 102.43116799999957}]","[[0, 15, 2, 4], [2, 15, 2, 4], [2, 15, 1, 4], [0, 15, 1, 4]]","[[{""pair"": [0, 15, 1, 4], ""acc"": 1.5, ""vel"": 23.31, ""pos"": 108.6, ""error"": 102.43116799999957}, {""pair"": [0, 15, 1, 4], ""acc"": 1.5, ""vel"": 23.31, ""pos"": 108.6, ""error"": 1535.9736064000006}], [{""pair"": [0, 15, 2, 4], ""acc"": 1.5, ""vel"": 23.31, ""pos"": 6.2, ""error"": 0.031167999999574647}, {""pair"": [0, 15, 2, 4], ""acc"": 1.5, ""vel"": 23.31, ""pos"": 6.2, ""error"": 1638.3736064000004}], [{""pair"": [2, 15, 1, 4], ""acc"": -24.1, ""vel"": 23.31, ""pos"": 105.4, ""error"": 99.23116799999958}, {""pair"": [2, 15, 1, 4], ""acc"": -24.1, ""vel"": 23.31, ""pos"": 105.4, ""error"": 1539.1736064000004}], [{""pair"": [2, 15, 2, 4], ""acc"": -24.1, ""vel"": 23.31, ""pos"": 3.0, ""error"": 3.176832000000485}, {""pair"": [2, 15, 2, 4], ""acc"": -24.1, ""vel"": 23.31, ""pos"": 3.0, ""error"": 1641.5736064000005}]]","[[[0, 15, 1, 4], [1.5, 23.31, 108.6], 102.43116799999957], [[0, 15, 2, 4], [1.5, 23.31, 6.2], 0.031167999999574647], [[2, 15, 1, 4], [-24.1, 23.31, 105.4], 99.23116799999958], [[2, 15, 2, 4], [-24.1, 23.31, 3.0], 3.176832000000485]]"
1.5,23.34,6.5,1.1,23.98,6.5,1.1,23.34,6.5,"[{""pair"": [3, 9, 1, 15], ""acc"": 1.1, ""vel"": 23.34, ""pos"": 6.5, ""error"": 0.10098674999991175}, {""pair"": [2, 9, 1, 15], ""acc"": 1.1, ""vel"": 23.34, ""pos"": 6.5, ""error"": 0.10098674999991175}, {""pair"": [0, 9, 1, 15], ""acc"": 1.5, ""vel"": 23.34, ""pos"": 6.5, ""error"": 0.10098674999991175}, {""pair"": [1, 9, 1, 15], ""acc"": 1.1, ""vel"": 23.35, ""pos"": 6.5, ""error"": 0.11098674999991331}, {""pair"": [3, 15, 2, 9], ""acc"": 1.1, ""vel"": 23.98, ""pos"": 6.5, ""error"": 0.7409867499999123}, {""pair"": [3, 15, 0, 9], ""acc"": 1.5, ""vel"": 23.98, ""pos"": 6.5, ""error"": 0.7409867499999123}, {""pair"": [3, 15, 1, 9], ""acc"": 1.1, ""vel"": 23.99, ""pos"": 6.5, ""error"": 0.7509867499999103}]","[[3, 9, 1, 15], [2, 9, 1, 15], [0, 9, 1, 15], [1, 9, 1, 15], [3, 15, 2, 9], [3, 15, 0, 9], [3, 15, 1, 9]]","[[{""pair"": [3, 9, 1, 15], ""acc"": 1.1, ""vel"": 23.34, ""pos"": 6.5, ""error"": 0.10098674999991175}, {""pair"": [3, 9, 1, 15], ""acc"": 1.1, ""vel"": 23.34, ""pos"": 6.5, ""error"": 3.546912449999996}, {""pair"": [3, 9, 1, 15], ""acc"": 1.1, ""vel"": 23.34, ""pos"": 6.5, ""error"": 99.73248754999982}, {""pair"": [3, 9, 1, 15], ""acc"": 1.1, ""vel"": 23.34, ""pos"": 6.5, ""error"": 102.50098674999991}], [{""pair"": [3, 15, 0, 9], ""acc"": 1.5, ""vel"": 23.98, ""pos"": 6.5, ""error"": 0.7409867499999123}, {""pair"": [3, 15, 0, 9], ""acc"": 1.5, ""vel"": 23.98, ""pos"": 6.5, ""error"": 4.186912449999997}, {""pair"": [3, 15, 0, 9], ""acc"": 1.5, ""vel"": 23.98, ""pos"": 6.5, ""error"": 100.37248754999982}, {""pair"": [3, 15, 0, 9], ""acc"": 1.5, ""vel"": 23.98, ""pos"": 6.5, ""error"": 103.14098674999991}], [{""pair"": [3, 15, 1, 9], ""acc"": 1.1, ""vel"": 23.99, ""pos"": 6.5, ""error"": 0.7509867499999103}, {""pair"": [3, 15, 1, 9], ""acc"": 1.1, ""vel"": 23.99, ""pos"": 6.5, ""error"": 4.196912449999995}, {""pair"": [3, 15, 1, 9], ""acc"": 1.1, ""vel"": 23.99, ""pos"": 6.5, ""error"": 100.38248754999981}, {""pair"": [3, 15, 1, 9], ""acc"": 1.1, ""vel"": 23.99, ""pos"": 6.5, ""error"": 103.1509867499999}], [{""pair"": [3, 15, 2, 9], ""acc"": 1.1, ""vel"": 23.98, ""pos"": 6.5, ""error"": 0.7409867499999123}, {""pair"": [3, 15, 2, 9], ""acc"": 1.1, ""vel"": 23.98, ""pos"": 6.5, ""error"": 4.186912449999997}, {""pair"": [3, 15, 2, 9], ""acc"": 1.1, ""vel"": 23.98, ""pos"": 6.5, ""error"": 100.37248754999982}, {""pair"": [3, 15, 2, 9], ""acc"": 1.1, ""vel"": 23.98, ""pos"": 6.5, ""error"": 103.14098674999991}], [{""pair"": [0, 9, 1, 15], ""acc"": 1.5, ""vel"": 23.34, ""pos"": 6.5, ""error"": 0.10098674999991175}, {""pair"": [0, 9, 1, 15], ""acc"": 1.5, ""vel"": 23.34, ""pos"": 6.5, ""error"": 3.546912449999996}, {""pair"": [0, 9, 1, 15], ""acc"": 1.5, ""vel"": 23.34, ""pos"": 6.5, ""error"": 99.73248754999982}, {""pair"": [0, 9, 1, 15], ""acc"": 1.5, ""vel"": 23.34, ""pos"": 6.5, ""error"": 102.50098674999991}], [{""pair"": [1, 9, 1, 15], ""acc"": 1.1, ""vel"": 23.35, ""pos"": 6.5, ""error"": 0.11098674999991331}, {""pair"": [1, 9, 1, 15], ""acc"": 1.1, ""vel"": 23.35, ""pos"": 6.5, ""error"": 3.556912449999998}, {""pair"": [1, 9, 1, 15], ""acc"": 1.1, ""vel"": 23.35, ""pos"": 6.5, ""error"": 99.74248754999982}, {""pair"": [1, 9, 1, 15], ""acc"": 1.1, ""vel"": 23.35, ""pos"": 6.5, ""error"": 102.51098674999992}], [{""pair"": [2, 9, 1, 15], ""acc"": 1.1, ""vel"": 23.34, ""pos"": 6.5, ""error"": 0.10098674999991175}, {""pair"": [2, 9, 1, 15], ""acc"": 1.1, ""vel"": 23.34, ""pos"": 6.5, ""error"": 3.546912449999996}, {""pair"": [2, 9, 1, 15], ""acc"": 1.1, ""vel"": 23.34, ""pos"": 6.5, ""error"": 99.73248754999982}, {""pair"": [2, 9, 1, 15], ""acc"": 1.1, ""vel"": 23.34, ""pos"": 6.5, ""error"": 102.50098674999991}]]","[[[3, 9, 1, 15], [1.1, 23.34, 6.5], 0.10098674999991175], [[3, 15, 0, 9], [1.5, 23.98, 6.5], 0.7409867499999123], [[3, 15, 1, 9], [1.1, 23.99, 6.5], 0.7509867499999103], [[3, 15, 2, 9], [1.1, 23.98, 6.5], 0.7409867499999123], [[0, 9, 1, 15], [1.5, 23.34, 6.5], 0.10098674999991175], [[1, 9, 1, 15], [1.1, 23.35, 6.5], 0.11098674999991331], [[2, 9, 1, 15], [1.1, 23.34, 6.5], 0.10098674999991175]]"
1.5,23.36,6.9,1.5,25.28,6.9,1.5,23.36,6.9,"[{""pair"": [1, 15, 0, 0], ""acc"": 1.5, ""vel"": 23.36, ""pos"": 6.9, ""error"": 0.004361050000099453}, {""pair"": [0, 0, 1, 15], ""acc"": 1.5, ""vel"": 23.36, ""pos"": 6.9, ""error"": 0.004361050000099453}, {""pair"": [3, 15, 0, 0], ""acc"": 1.5, ""vel"": 24.0, ""pos"": 6.9, ""error"": 0.009118949999906256}, {""pair"": [3, 15, 0, 0], ""acc"": 1.5, ""vel"": 24.0, ""pos"": 6.9, ""error"": 0.009118949999906256}, {""pair"": [0, 15, 0, 1], ""acc"": -24.1, ""vel"": 22.72, ""pos"": 6.9, ""error"": 0.6417610500000919}, {""pair"": [3, 1, 0, 15], ""acc"": -24.1, ""vel"": 25.28, ""pos"": 6.9, ""error"": 1.2792889499999092}, {""pair"": [0, 15, 2, 1], ""acc"": -24.1, ""vel"": 25.28, ""pos"": 6.9, ""error"": 1.2792889499999092}, {""pair"": [2, 15, 0, 1], ""acc"": 1.5, ""vel"": 22.72, ""pos"": 10.1, ""error"": 3.841761050000091}, {""pair"": [3, 1, 2, 15], ""acc"": 1.5, ""vel"": 25.28, ""pos"": 10.1, ""error"": 4.4633110500001045}, {""pair"": [2, 15, 2, 1], ""acc"": 1.5, ""vel"": 25.28, ""pos"": 10.1, ""error"": 4.4633110500001045}, {""pair"": [1, 15, 1, 0], ""acc"": 1.5, ""vel"": 24.64, ""pos"": 0.5, ""error"": 7.039288949999909}, {""pair"": [1, 0, 1, 15], ""acc"": 1.5, ""vel"": 24.64, ""pos"": 0.5, ""error"": 7.039288949999909}, {""pair"": [3, 15, 1, 0], ""acc"": 1.5, ""vel"": 25.28, ""pos"": 0.5, ""error"": 7.6792889499999095}, {""pair"": [3, 15, 1, 0], ""acc"": 1.5, ""vel"": 25.28, ""pos"": 0.5, ""error"": 7.6792889499999095}]","[[1, 15, 0, 0], [0, 0, 1, 15], [3, 15, 0, 0], [3, 15, 0, 0], [0, 15, 0, 1], [3, 1, 0, 15], [0, 15, 2, 1], [2, 15, 0, 1], [3, 1, 2, 15], [2, 15, 2, 1], [1, 15, 1, 0], [1, 0, 1, 15], [3, 15, 1, 0], [3, 15, 1, 0]]","[[{""pair"": [3, 15, 0, 0], ""acc"": 1.5, ""vel"": 24.0, ""pos"": 6.9, ""error"": 0.6443610500001}, {""pair"": [3, 15, 0, 0], ""acc"": 1.5, ""vel"": 24.0, ""pos"": 6.9, ""error"": 0.6443610500001}, {""pair"": [3, 15, 0, 0], ""acc"": 1.5, ""vel"": 24.0, ""pos"": 6.9, ""error"": 0.6375032500001021}, {""pair"": [3, 15, 0, 0], ""acc"": 1.5, ""vel"": 24.0, ""pos"": 6.9, ""error"": 0.6341910500000987}, {""pair"": [3, 15, 0, 0], ""acc"": 1.5, ""vel"": 24.0, ""pos"": 6.9, ""error"": 0.009118949999906256}, {""pair"": [3, 15, 0, 0], ""acc"": 1.5, ""vel"": 24.0, ""pos"": 6.9, ""error"": 0.01337674999989602}, {""pair"": [3, 15, 0, 0], ""acc"": 1.5, ""vel"": 24.0, ""pos"": 6.9, ""error"": 0.016688949999895897}], [{""pair"": [3, 15, 1, 0], ""acc"": 1.5, ""vel"": 25.28, ""pos"": 0.5, ""error"": 8.31823894999991}, {""pair"": [3, 15, 1, 0], ""acc"": 1.5, ""vel"": 25.28, ""pos"": 0.5, ""error"": 8.31823894999991}, {""pair"": [3, 15, 1, 0], ""acc"": 1.5, ""vel"": 25.28, ""pos"": 0.5, ""error"": 8.311496749999911}, {""pair"": [3, 15, 1, 0], ""acc"": 1.5, ""vel"": 25.28, ""pos"": 0.5, ""error"": 8.308408949999908}, {""pair"": [3, 15, 1, 0], ""acc"": 1.5, ""vel"": 25.28, ""pos"": 0.5, ""error"": 7.689118949999908}, {""pair"": [3, 15, 1, 0], ""acc"": 1.5, ""vel"": 25.28, ""pos"": 0.5, ""error"": 7.682376749999909}, {""pair"": [3, 15, 1, 0], ""acc"": 1.5, ""vel"": 25.28, ""pos"": 0.5, ""error"": 7.6792889499999095}], [{""pair"": [3, 1, 0, 15], ""acc"": -24.1, ""vel"": 25.28, ""pos"": 6.9, ""error"": 1.9243610500001012}, {""pair"": [3, 1, 0, 15], ""acc"": -24.1, ""vel"": 25.28, ""pos"": 6.9, ""error"": 1.9243610500001012}, {""pair"": [3, 1, 0, 15], ""acc"": -24.1, ""vel"": 25.28, ""pos"": 6.9, ""error"": 1.9175032500001032}, {""pair"": [3, 1, 0, 15], ""acc"": -24.1, ""vel"": 25.28, ""pos"": 6.9, ""error"": 1.9141910500000998}, {""pair"": [3, 1, 0, 15], ""acc"": -24.1, ""vel"": 25.28, ""pos"": 6.9, ""error"": 1.2891189499999074}, {""pair"": [3, 1, 0, 15], ""acc"": -24.1, ""vel"": 25.28, ""pos"": 6.9, ""error"": 1.2823767499999086}, {""pair"": [3, 1, 0, 15], ""acc"": -24.1, ""vel"": 25.28, ""pos"": 6.9, ""error"": 1.2792889499999092}], [{""pair"": [3, 1, 2, 15], ""acc"": 1.5, ""vel"": 25.28, ""pos"": 10.1, ""error"": 5.1243610500001004}, {""pair"": [3, 1, 2, 15], ""acc"": 1.5, ""vel"": 25.28, ""pos"": 10.1, ""error"": 5.1243610500001004}, {""pair"": [3, 1, 2, 15], ""acc"": 1.5, ""vel"": 25.28, ""pos"": 10.1, ""error"": 5.1175032500001025}, {""pair"": [3, 1, 2, 15], ""acc"": 1.5, ""vel"": 25.28, ""pos"": 10.1, ""error"": 5.114191050000099}, {""pair"": [3, 1, 2, 15], ""acc"": 1.5, ""vel"": 25.28, ""pos"": 10.1, ""error"": 4.473481050000102}, {""pair"": [3, 1, 2, 15], ""acc"": 1.5, ""vel"": 25.28, ""pos"": 10.1, ""error"": 4.466623250000104}, {""pair"": [3, 1, 2, 15], ""acc"": 1.5, ""vel"": 25.28, ""pos"": 10.1, ""error"": 4.4633110500001045}], [{""pair"": [0, 15, 0, 1], ""acc"": -24.1, ""vel"": 22.72, ""pos"": 6.9, ""error"": 0.6417610500000919}, {""pair"": [0, 15, 0, 1], ""acc"": -24.1, ""vel"": 22.72, ""pos"": 6.9, ""error"": 0.6417610500000919}, {""pair"": [0, 15, 0, 1], ""acc"": -24.1, ""vel"": 22.72, ""pos"": 6.9, ""error"": 0.6485032500000907}, {""pair"": [0, 15, 0, 1], ""acc"": -24.1, ""vel"": 22.72, ""pos"": 6.9, ""error"": 0.6515910500000937}, {""pair"": [0, 15, 0, 1], ""acc"": -24.1, ""vel"": 22.72, ""pos"": 6.9, ""error"": 1.2865189499998992}, {""pair"": [0, 15, 0, 1], ""acc"": -24.1, ""vel"": 22.72, ""pos"": 6.9, ""error"": 1.2933767499998972}, {""pair"": [0, 15, 0, 1], ""acc"": -24.1, ""vel"": 22.72, ""pos"": 6.9, ""error"": 1.296688949999897}], [{""pair"": [0, 15, 2, 1], ""acc"": -24.1, ""vel"": 25.28, ""pos"": 6.9, ""error"": 1.9243610500001012}, {""pair"": [0, 15, 2, 1], ""acc"": -24.1, ""vel"": 25.28, ""pos"": 6.9, ""error"": 1.9243610500001012}, {""pair"": [0, 15, 2, 1], ""acc"": -24.1, ""vel"": 25.28, ""pos"": 6.9, ""error"": 1.9175032500001032}, {""pair"": [0, 15, 2, 1], ""acc"": -24.1, ""vel"": 25.28, ""pos"": 6.9, ""error"": 1.9141910500000998}, {""pair"": [0, 15, 2, 1], ""acc"": -24.1, ""vel"": 25.28, ""pos"": 6.9, ""error"": 1.2891189499999074}, {""pair"": [0, 15, 2, 1], ""acc"": -24.1, ""vel"": 25.28, ""pos"": 6.9, ""error"": 1.2823767499999086}, {""pair"": [0, 15, 2, 1], ""acc"": -24.1, ""vel"": 25.28, ""pos"": 6.9, ""error"": 1.2792889499999092}], [{""pair"": [1, 15, 0, 0], ""acc"": 1.5, ""vel"": 23.36, ""pos"": 6.9, ""error"": 0.004361050000099453}, {""pair"": [1, 15, 0, 0], ""acc"": 1.5, ""vel"": 23.36, ""pos"": 6.9, ""error"": 0.004361050000099453}, {""pair"": [1, 15, 0, 0], ""acc"": 1.5, ""vel"": 23.36, ""pos"": 6.9, ""error"": 0.008503250000090112}, {""pair"": [1, 15, 0, 0], ""acc"": 1.5, ""vel"": 23.36, ""pos"": 6.9, ""error"": 0.011591050000093084}, {""pair"": [1, 15, 0, 0], ""acc"": 1.5, ""vel"": 23.36, ""pos"": 6.9, ""error"": 0.6465189499998987}, {""pair"": [1, 15, 0, 0], ""acc"": 1.5, ""vel"": 23.36, ""pos"": 6.9, ""error"": 0.6533767499998966}, {""pair"": [1, 15, 0, 0], ""acc"": 1.5, ""vel"": 23.36, ""pos"": 6.9, ""error"": 0.6566889499998965}], [{""pair"": [1, 15, 1, 0], ""acc"": 1.5, ""vel"": 24.64, ""pos"": 0.5, ""error"": 7.67823894999991}, {""pair"": [1, 15, 1, 0], ""acc"": 1.5, ""vel"": 24.64, ""pos"": 0.5, ""error"": 7.67823894999991}, {""pair"": [1, 15, 1, 0], ""acc"": 1.5, ""vel"": 24.64, ""pos"": 0.5, ""error"": 7.671496749999911}, {""pair"": [1, 15, 1, 0], ""acc"": 1.5, ""vel"": 24.64, ""pos"": 0.5, ""error"": 7.668408949999908}, {""pair"": [1, 15, 1, 0], ""acc"": 1.5, ""vel"": 24.64, ""pos"": 0.5, ""error"": 7.049118949999907}, {""pair"": [1, 15, 1, 0], ""acc"": 1.5, ""vel"": 24.64, ""pos"": 0.5, ""error"": 7.042376749999908}, {""pair"": [1, 15, 1, 0], ""acc"": 1.5, ""vel"": 24.64, ""pos"": 0.5, ""error"": 7.039288949999909}], [{""pair"": [2, 15, 0, 1], ""acc"": 1.5, ""vel"": 22.72, ""pos"": 10.1, ""error"": 3.841761050000091}, {""pair"": [2, 15, 0, 1], ""acc"": 1.5, ""vel"": 22.72, ""pos"": 10.1, ""error"": 3.841761050000091}, {""pair"": [2, 15, 0, 1], ""acc"": 1.5, ""vel"": 22.72, ""pos"": 10.1, ""error"": 3.84850325000009}, {""pair"": [2, 15, 0, 1], ""acc"": 1.5, ""vel"": 22.72, ""pos"": 10.1, ""error"": 3.851591050000093}, {""pair"": [2, 15, 0, 1], ""acc"": 1.5, ""vel"": 22.72, ""pos"": 10.1, ""error"": 4.470881050000094}, {""pair"": [2, 15, 0, 1], ""acc"": 1.5, ""vel"": 22.72, ""pos"": 10.1, ""error"": 4.477623250000093}, {""pair"": [2, 15, 0, 1], ""acc"": 1.5, ""vel"": 22.72, ""pos"": 10.1, ""error"": 4.480711050000092}], [{""pair"": [2, 15, 2, 1], ""acc"": 1.5, ""vel"": 25.28, ""pos"": 10.1, ""error"": 5.1243610500001004}, {""pair"": [2, 15, 2, 1], ""acc"": 1.5, ""vel"": 25.28, ""pos"": 10.1, ""error"": 5.1243610500001004}, {""pair"": [2, 15, 2, 1], ""acc"": 1.5, ""vel"": 25.28, ""pos"": 10.1, ""error"": 5.1175032500001025}, {""pair"": [2, 15, 2, 1], ""acc"": 1.5, ""vel"": 25.28, ""pos"": 10.1, ""error"": 5.114191050000099}, {""pair"": [2, 15, 2, 1], ""acc"": 1.5, ""vel"": 25.28, ""pos"": 10.1, ""error"": 4.473481050000102}, {""pair"": [2, 15, 2, 1], ""acc"": 1.5, ""vel"": 25.28, ""pos"": 10.1, ""error"": 4.466623250000104}, {""pair"": [2, 15, 2, 1], ""acc"": 1.5, ""vel"": 25.28, ""pos"": 10.1, ""error"": 4.4633110500001045}], [{""pair"": [3, 15, 0, 0], ""acc"": 1.5, ""vel"": 24.0, ""pos"": 6.9, ""error"": 0.6443610500001}, {""pair"": [3, 15, 0, 0], ""acc"": 1.5, ""vel"": 24.0, ""pos"": 6.9, ""error"": 0.6443610500001}, {""pair"": [3, 15, 0, 0], ""acc"": 1.5, ""vel"": 24.0, ""pos"": 6.9, ""error"": 0.6375032500001021}, {""pair"": [3, 15, 0, 0], ""acc"": 1.5, ""vel"": 24.0, ""pos"": 6.9, ""error"": 0.6341910500000987}, {""pair"": [3, 15, 0, 0], ""acc"": 1.5, ""vel"": 24.0, ""pos"": 6.9, ""error"": 0.009118949999906256}, {""pair"": [3, 15, 0, 0], ""acc"": 1.5, ""vel"": 24.0, ""pos"": 6.9, ""error"": 0.01337674999989602}, {""pair"": [3, 15, 0, 0], ""acc"": 1.5, ""vel"": 24.0, ""pos"": 6.9, ""error"": 0.016688949999895897}], [{""pair"": [3, 15, 1, 0], ""acc"": 1.5, ""vel"": 25.28, ""pos"": 0.5, ""error"": 8.31823894999991}, {""pair"": [3, 15, 1, 0], ""acc"": 1.5, ""vel"": 25.28, ""pos"": 0.5, ""error"": 8.31823894999991}, {""pair"": [3, 15, 1, 0], ""acc"": 1.5, ""vel"": 25.28, ""pos"": 0.5, ""error"": 8.311496749999911}, {""pair"": [3, 15, 1, 0], ""acc"": 1.5, ""vel"": 25.28, ""pos"": 0.5, ""error"": 8.308408949999908}, {""pair"": [3, 15, 1, 0], ""acc"": 1.5, ""vel"": 25.28, ""pos"": 0.5, ""error"": 7.689118949999908}, {""pair"": [3, 15, 1, 0], ""acc"": 1.5, ""vel"": 25.28, ""pos"": 0.5, ""error"": 7.682376749999909}, {""pair"": [3, 15, 1, 0], ""acc"": 1.5, ""vel"": 25.28, ""pos"": 0.5, ""error"": 7.6792889499999095}], [{""pair"": [0, 0, 1, 15], ""acc"": 1.5, ""vel"": 23.36, ""pos"": 6.9, ""error"": 0.004361050000099453}, {""pair"": [0, 0, 1, 15], ""acc"": 1.5, ""vel"": 23.36, ""pos"": 6.9, ""error"": 0.004361050000099453}, {""pair"": [0, 0, 1, 15], ""acc"": 1.5, ""vel"": 23.36, ""pos"": 6.9, ""error"": 0.008503250000090112}, {""pair"": [0, 0, 1, 15], ""acc"": 1.5, ""vel"": 23.36, ""pos"": 6.9, ""error"": 0.011591050000093084}, {""pair"": [0, 0, 1, 15], ""acc"": 1.5, ""vel"": 23.36, ""pos"": 6.9, ""error"": 0.6465189499998987}, {""pair"": [0, 0, 1, 15], ""acc"": 1.5, ""vel"": 23.36, ""pos"": 6.9, ""error"": 0.6533767499998966}, {""pair"": [0, 0, 1, 15], ""acc"": 1.5, ""vel"": 23.36, ""pos"": 6.9, ""error"": 0.6566889499998965}], [{""pair"": [1, 0, 1, 15], ""acc"": 1.5, ""vel"": 24.64, ""pos"": 0.5, ""error"": 7.67823894999991}, {""pair"": [1, 0, 1, 15], ""acc"": 1.5, ""vel"": 24.64, ""pos"": 0.5, ""error"": 7.67823894999991}, {""pair"": [1, 0, 1, 15], ""acc"": 1.5, ""vel"": 24.64, ""pos"": 0.5, ""error"": 7.671496749999911}, {""pair"": [1, 0, 1, 15], ""acc"": 1.5, ""vel"": 24.64, ""pos"": 0.5, ""error"": 7.668408949999908}, {""pair"": [1, 0, 1, 15], ""acc"": 1.5, ""vel"": 24.64, ""pos"": 0.5, ""error"": 7.049118949999907}, {""pair"": [1, 0, 1, 15], ""acc"": 1.5, ""vel"": 24.64, ""pos"": 0.5, ""error"": 7.042376749999908}, {""pair"": [1, 0, 1, 15], ""acc"": 1.5, ""vel"": 24.64, ""pos"": 0.5, ""error"": 7.039288949999909}]]","[[[3, 15, 0, 0], [1.5, 24.0, 6.9], 0.009118949999906256], [[3, 15, 1, 0], [1.5, 25.28, 0.5], 7.6792889499999095], [[3, 1, 0, 15], [-24.1, 25.28, 6.9], 1.2792889499999092], [[3, 1, 2, 15], [1.5, 25.28, 10.1], 4.4633110500001045], [[0, 15, 0, 1], [-24.1, 22.72, 6.9], 0.6417610500000919], [[0, 15, 2, 1], [-24.1, 25.28, 6.9], 1.2792889499999092], [[1, 15, 0, 0], [1.5, 23.36, 6.9], 0.004361050000099453], [[1, 15, 1, 0], [1.5, 24.64, 0.5], 7.039288949999909], [[2, 15, 0, 1], [1.5, 22.72, 10.1], 3.841761050000091], [[2, 15, 2, 1], [1.5, 25.28, 10.1], 4.4633110500001045], [[3, 15, 0, 0], [1.5, 24.0, 6.9], 0.009118949999906256], [[3, 15, 1, 0], [1.5, 25.28, 0.5], 7.6792889499999095], [[0, 0, 1, 15], [1.5, 23.36, 6.9], 0.004361050000099453], [[1, 0, 1, 15], [1.5, 24.64, 0.5], 7.039288949999909]]"
1.5,23.39,7.300000000000001,1.5,23.39,58.5,1.5,23.39,7.3,"[{""pair"": [3, 12, 1, 3], ""acc"": 1.5, ""vel"": 23.39, ""pos"": 7.3, ""error"": 0.03204799999951469}]","[[3, 12, 1, 3]]","[[{""pair"": [3, 12, 1, 3], ""acc"": 1.5, ""vel"": 23.39, ""pos"": 7.3, ""error"": 0.03204799999951469}, {""pair"": [3, 12, 1, 3], ""acc"": 1.5, ""vel"": 23.39, ""pos"": 7.3, ""error"": 0.03204799999951469}, {""pair"": [3, 12, 1, 3], ""acc"": 1.5, ""vel"": 23.39, ""pos"": 7.3, ""error"": 0.6498079999995587}, {""pair"": [3, 12, 1, 3], ""acc"": 1.5, ""vel"": 23.39, ""pos"": 7.3, ""error"": 0.6498079999995587}, {""pair"": [3, 12, 1, 3], ""acc"": 1.5, ""vel"": 23.39, ""pos"": 7.3, ""error"": 1.0951648000000374}, {""pair"": [3, 12, 1, 3], ""acc"": 1.5, ""vel"": 23.39, ""pos"": 7.3, ""error"": 1.5057952000000148}, {""pair"": [3, 12, 1, 3], ""acc"": 1.5, ""vel"": 23.39, ""pos"": 7.3, ""error"": 1.5057952000000148}, {""pair"": [3, 12, 1, 3], ""acc"": 1.5, ""vel"": 23.39, ""pos"": 7.3, ""error"": 3.809712000000416}, {""pair"": [3, 12, 1, 3], ""acc"": 1.5, ""vel"": 23.39, ""pos"": 7.3, ""error"": 5.118672000000525}, {""pair"": [3, 12, 1, 3], ""acc"": 1.5, ""vel"": 23.39, ""pos"": 7.3, ""error"": 5.118672000000525}, {""pair"": [3, 12, 1, 3], ""acc"": 1.5, ""vel"": 23.39, ""pos"": 7.3, ""error"": 7.679567999999547}, {""pair"": [3, 12, 1, 3], ""acc"": 1.5, ""vel"": 23.39, ""pos"": 7.3, ""error"": 7.679567999999547}, {""pair"": [3, 12, 1, 3], ""acc"": 1.5, ""vel"": 23.39, ""pos"": 7.3, ""error"": 8.309327999999535}, {""pair"": [3, 12, 1, 3], ""acc"": 1.5, ""vel"": 23.39, ""pos"": 7.3, ""error"": 8.309327999999535}]]","[[[3, 12, 1, 3], [1.5, 23.39, 7.3], 0.03204799999951469]]"
1.5,23.41,7.7,1.5,23.41,7.7,0.7,23.41,7.7,"[{""pair"": [3, 0, 0, 10], ""acc"": 0.7, ""vel"": 23.41, ""pos"": 7.7, ""error"": 0.4271269999997953}, {""pair"": [3, 0, 2, 10], ""acc"": 1.5, ""vel"": 23.41, ""pos"": 7.6, ""error"": 0.5271269999997958}, {""pair"": [1, 0, 0, 10], ""acc"": 0.7, ""vel"": 23.41, ""pos"": 1.3, ""error"": 6.827126999999796}, {""pair"": [3, 10, 1, 0], ""acc"": 1.5, ""vel"": 23.41, ""pos"": 1.3, ""error"": 6.827126999999796}, {""pair"": [1, 0, 2, 10], ""acc"": 1.5, ""vel"": 23.41, ""pos"": 1.2, ""error"": 6.927126999999795}]","[[3, 0, 0, 10], [3, 0, 2, 10], [1, 0, 0, 10], [3, 10, 1, 0], [1, 0, 2, 10]]","[[{""pair"": [3, 0, 0, 10], ""acc"": 0.7, ""vel"": 23.41, ""pos"": 7.7, ""error"": 0.4271269999997953}], [{""pair"": [3, 0, 2, 10], ""acc"": 1.5, ""vel"": 23.41, ""pos"": 7.6, ""error"": 0.5271269999997958}], [{""pair"": [3, 10, 1, 0], ""acc"": 1.5, ""vel"": 23.41, ""pos"": 1.3, ""error"": 6.827126999999796}], [{""pair"": [1, 0, 0, 10], ""acc"": 0.7, ""vel"": 23.41, ""pos"": 1.3, ""error"": 6.827126999999796}], [{""pair"": [1, 0, 2, 10], ""acc"": 1.5, ""vel"": 23.41, ""pos"": 1.2, ""error"": 6.927126999999795}]]","[[[3, 0, 0, 10], [0.7, 23.41, 7.7], 0.4271269999997953], [[3, 0, 2, 10], [1.5, 23.41, 7.6], 0.5271269999997958], [[3, 10, 1, 0], [1.5, 23.41, 1.3], 6.827126999999796], [[1, 0, 0, 10], [0.7, 23.41, 1.3], 6.827126999999796], [[1, 0, 2, 10], [1.5, 23.41, 1.2], 6.927126999999795]]"
1.5,23.46,8.5,1.5,23.46,8.5,1.3,23.46,8.5,"[{""pair"": [3, 6, 0, 8], ""acc"": 1.3, ""vel"": 23.46, ""pos"": 8.5, ""error"": 0.4641503999995287}, {""pair"": [3, 6, 2, 8], ""acc"": 1.5, ""vel"": 23.46, ""pos"": 8.5, ""error"": 0.4641503999995287}]","[[3, 6, 0, 8], [3, 6, 2, 8]]","[[{""pair"": [3, 6, 0, 8], ""acc"": 1.3, ""vel"": 23.46, ""pos"": 8.5, ""error"": 0.4641503999995287}, {""pair"": [3, 6, 0, 8], ""acc"": 1.3, ""vel"": 23.46, ""pos"": 8.5, ""error"": 0.5512479999995135}, {""pair"": [3, 6, 0, 8], ""acc"": 1.3, ""vel"": 23.46, ""pos"": 8.5, ""error"": 6.86415039999953}, {""pair"": [3, 6, 0, 8], ""acc"": 1.3, ""vel"": 23.46, ""pos"": 8.5, ""error"": 6.851247999999513}, {""pair"": [3, 6, 0, 8], ""acc"": 1.3, ""vel"": 23.46, ""pos"": 8.5, ""error"": 6.951247999999513}], [{""pair"": [3, 6, 2, 8], ""acc"": 1.5, ""vel"": 23.46, ""pos"": 8.5, ""error"": 0.4641503999995287}, {""pair"": [3, 6, 2, 8], ""acc"": 1.5, ""vel"": 23.46, ""pos"": 8.5, ""error"": 0.5512479999995135}, {""pair"": [3, 6, 2, 8], ""acc"": 1.5, ""vel"": 23.46, ""pos"": 8.5, ""error"": 6.86415039999953}, {""pair"": [3, 6, 2, 8], ""acc"": 1.5, ""vel"": 23.46, ""pos"": 8.5, ""error"": 6.851247999999513}, {""pair"": [3, 6, 2, 8], ""acc"": 1.5, ""vel"": 23.46, ""pos"": 8.5, ""error"": 6.951247999999513}]]","[[[3, 6, 0, 8], [1.3, 23.46, 8.5], 0.4641503999995287], [[3, 6, 2, 8], [1.5, 23.46, 8.5], 0.4641503999995287]]"
1.5,23.49,8.9,1.5,23.49,8.1,1.5,23.49,8.9,"[{""pair"": [3, 0, 2, 13], ""acc"": 1.5, ""vel"": 23.49, ""pos"": 8.9, ""error"": 0.0054632500000995066}, {""pair"": [3, 0, 2, 13], ""acc"": 1.5, ""vel"": 23.49, ""pos"": 8.9, ""error"": 0.0054632500000995066}, {""pair"": [3, 0, 0, 13], ""acc"": 7.9, ""vel"": 23.49, ""pos"": 8.1, ""error"": 0.8035367499999087}, {""pair"": [3, 0, 0, 13], ""acc"": 7.9, ""vel"": 23.49, ""pos"": 8.1, ""error"": 0.8035367499999087}, {""pair"": [3, 0, 1, 13], ""acc"": 1.5, ""vel"": 23.65, ""pos"": 8.1, ""error"": 0.9635367499999088}, {""pair"": [3, 0, 1, 13], ""acc"": 1.5, ""vel"": 23.65, ""pos"": 8.1, ""error"": 0.9635367499999088}, {""pair"": [2, 13, 1, 0], ""acc"": 1.5, ""vel"": 23.49, ""pos"": 2.5, ""error"": 6.403536749999908}, {""pair"": [1, 0, 2, 13], ""acc"": 1.5, ""vel"": 23.49, ""pos"": 2.5, ""error"": 6.403536749999908}, {""pair"": [0, 13, 1, 0], ""acc"": 7.9, ""vel"": 23.49, ""pos"": 1.7, ""error"": 7.203536749999908}, {""pair"": [1, 0, 0, 13], ""acc"": 7.9, ""vel"": 23.49, ""pos"": 1.7, ""error"": 7.203536749999908}, {""pair"": [1, 13, 1, 0], ""acc"": 1.5, ""vel"": 23.65, ""pos"": 1.7, ""error"": 7.363536749999908}, {""pair"": [1, 0, 1, 13], ""acc"": 1.5, ""vel"": 23.65, ""pos"": 1.7, ""error"": 7.363536749999908}]","[[3, 0, 2, 13], [3, 0, 2, 13], [3, 0, 0, 13], [3, 0, 0, 13], [3, 0, 1, 13], [3, 0, 1, 13], [2, 13, 1, 0], [1, 0, 2, 13], [0, 13, 1, 0], [1, 0, 0, 13], [1, 13, 1, 0], [1, 0, 1, 13]]","[[{""pair"": [3, 0, 0, 13], ""acc"": 7.9, ""vel"": 23.49, ""pos"": 8.1, ""error"": 0.8069078499999076}, {""pair"": [3, 0, 0, 13], ""acc"": 7.9, ""vel"": 23.49, ""pos"": 8.1, ""error"": 0.8035367499999087}], [{""pair"": [3, 0, 1, 13], ""acc"": 1.5, ""vel"": 23.65, ""pos"": 8.1, ""error"": 0.9669078499999078}, {""pair"": [3, 0, 1, 13], ""acc"": 1.5, ""vel"": 23.65, ""pos"": 8.1, ""error"": 0.9635367499999088}], [{""pair"": [3, 0, 2, 13], ""acc"": 1.5, ""vel"": 23.49, ""pos"": 8.9, ""error"": 0.008892150000098908}, {""pair"": [3, 0, 2, 13], ""acc"": 1.5, ""vel"": 23.49, ""pos"": 8.9, ""error"": 0.0054632500000995066}], [{""pair"": [0, 13, 1, 0], ""acc"": 7.9, ""vel"": 23.49, ""pos"": 1.7, ""error"": 7.206907849999907}, {""pair"": [0, 13, 1, 0], ""acc"": 7.9, ""vel"": 23.49, ""pos"": 1.7, ""error"": 7.203536749999908}], [{""pair"": [1, 13, 1, 0], ""acc"": 1.5, ""vel"": 23.65, ""pos"": 1.7, ""error"": 7.366907849999907}, {""pair"": [1, 13, 1, 0], ""acc"": 1.5, ""vel"": 23.65, ""pos"": 1.7, ""error"": 7.363536749999908}], [{""pair"": [2, 13, 1, 0], ""acc"": 1.5, ""vel"": 23.49, ""pos"": 2.5, ""error"": 6.406907849999907}, {""pair"": [2, 13, 1, 0], ""acc"": 1.5, ""vel"": 23.49, ""pos"": 2.5, ""error"": 6.403536749999908}], [{""pair"": [3, 0, 0, 13], ""acc"": 7.9, ""vel"": 23.49, ""pos"": 8.1, ""error"": 0.8069078499999076}, {""pair"": [3, 0, 0, 13], ""acc"": 7.9, ""vel"": 23.49, ""pos"": 8.1, ""error"": 0.8035367499999087}], [{""pair"": [3, 0, 1, 13], ""acc"": 1.5, ""vel"": 23.65, ""pos"": 8.1, ""error"": 0.9669078499999078}, {""pair"": [3, 0, 1, 13], ""acc"": 1.5, ""vel"": 23.65, ""pos"": 8.1, ""error"": 0.9635367499999088}], [{""pair"": [3, 0, 2, 13], ""acc"": 1.5, ""vel"": 23.49, ""pos"": 8.9, ""error"": 0.008892150000098908}, {""pair"": [3, 0, 2, 13], ""acc"": 1.5, ""vel"": 23.49, ""pos"": 8.9, ""error"": 0.0054632500000995066}], [{""pair"": [1, 0, 0, 13], ""acc"": 7.9, ""vel"": 23.49, ""pos"": 1.7, ""error"": 7.206907849999907}, {""pair"": [1, 0, 0, 13], ""acc"": 7.9, ""vel"": 23.49, ""pos"": 1.7, ""error"": 7.203536749999908}], [{""pair"": [1, 0, 1, 13], ""acc"": 1.5, ""vel"": 23.65, ""pos"": 1.7, ""error"": 7.366907849999907}, {""pair"": [1, 0, 1, 13], ""acc"": 1.5, ""vel"": 23.65, ""pos"": 1.7, ""error"": 7.363536749999908}], [{""pair"": [1, 0, 2, 13], ""acc"": 1.5, ""vel"": 23.49, ""pos"": 2.5, ""error"": 6.406907849999907}, {""pair"": [1, 0, 2, 13], ""acc"": 1.5, ""vel"": 23.49, ""pos"": 2.5, ""error"": 6.403536749999908}]]","[[[3, 0, 0, 13], [7.9, 23.49, 8.1], 0.8035367499999087], [[3, 0, 1, 13], [1.5, 23.65, 8.1], 0.9635367499999088], [[3, 0, 2, 13], [1.5, 23.49, 8.9], 0.0054632500000995066], [[0, 13, 1, 0], [7.9, 23.49, 1.7], 7.203536749999908], [[1, 13, 1, 0], [1.5, 23.65, 1.7], 7.363536749999908], [[2, 13, 1, 0], [1.5, 23.49, 2.5], 6.403536749999908], [[3, 0, 0, 13], [7.9, 23.49, 8.1], 0.8035367499999087], [[3, 0, 1, 13], [1.5, 23.65, 8.1], 0.9635367499999088], [[3, 0, 2, 13], [1.5, 23.49, 8.9], 0.0054632500000995066], [[1, 0, 0, 13], [7.9, 23.49, 1.7], 7.203536749999908], [[1, 0, 1, 13], [1.5, 23.65, 1.7], 7.363536749999908], [[1, 0, 2, 13], [1.5, 23.49, 2.5], 6.403536749999908]]"
1.5,23.51,9.3,1.5,23.51,34.9,1.5,23.51,9.3,"[{""pair"": [3, 7, 1, 2], ""acc"": 1.5, ""vel"": 23.51, ""pos"": 9.3, ""error"": 0.005953250000088062}, {""pair"": [1, 2, 2, 7], ""acc"": 1.5, ""vel"": 23.51, ""pos"": 9.3, ""error"": 0.005953250000088062}, {""pair"": [3, 2, 2, 7], ""acc"": 1.5, ""vel"": 23.51, ""pos"": 34.9, ""error"": 25.605953250000084}, {""pair"": [3, 7, 2, 2], ""acc"": 1.5, ""vel"": 23.51, ""pos"": 34.9, ""error"": 25.605953250000084}, {""pair"": [2, 2, 2, 7], ""acc"": 1.5, ""vel"": 23.51, ""pos"": 34.9, ""error"": 25.605953250000084}, {""pair"": [1, 2, 1, 7], ""acc"": 1.5, ""vel"": 23.51, ""pos"": 828.5, ""error"": 819.2059532500001}, {""pair"": [3, 2, 1, 7], ""acc"": 1.5, ""vel"": 23.51, ""pos"": 854.1, ""error"": 844.8059532500001}, {""pair"": [2, 2, 1, 7], ""acc"": 1.5, ""vel"": 23.51, ""pos"": 854.1, ""error"": 844.8059532500001}]","[[3, 7, 1, 2], [1, 2, 2, 7], [3, 2, 2, 7], [3, 7, 2, 2], [2, 2, 2, 7], [1, 2, 1, 7], [3, 2, 1, 7], [2, 2, 1, 7]]","[[{""pair"": [3, 2, 1, 7], ""acc"": 1.5, ""vel"": 23.51, ""pos"": 854.1, ""error"": 844.8059532500001}, {""pair"": [3, 2, 1, 7], ""acc"": 1.5, ""vel"": 23.51, ""pos"": 854.1, ""error"": 844.8059532500001}, {""pair"": [3, 2, 1, 7], ""acc"": 1.5, ""vel"": 23.51, ""pos"": 854.1, ""error"": 845.71382845}, {""pair"": [3, 2, 1, 7], ""acc"": 1.5, ""vel"": 23.51, ""pos"": 854.1, ""error"": 845.71382845}, {""pair"": [3, 2, 1, 7], ""acc"": 1.5, ""vel"": 23.51, ""pos"": 854.1, ""error"": 845.7632332500001}, {""pair"": [3, 2, 1, 7], ""acc"": 1.5, ""vel"": 23.51, ""pos"": 854.1, ""error"": 845.7632332500001}, {""pair"": [3, 2, 1, 7], ""acc"": 1.5, ""vel"": 23.51, ""pos"": 854.1, ""error"": 851.2059532500001}, {""pair"": [3, 2, 1, 7], ""acc"": 1.5, ""vel"": 23.51, ""pos"": 854.1, ""error"": 851.2059532500001}, {""pair"": [3, 2, 1, 7], ""acc"": 1.5, ""vel"": 23.51, ""pos"": 854.1, ""error"": 852.11382845}, {""pair"": [3, 2, 1, 7], ""acc"": 1.5, ""vel"": 23.51, ""pos"": 854.1, ""error"": 852.11382845}, {""pair"": [3, 2, 1, 7], ""acc"": 1.5, ""vel"": 23.51, ""pos"": 854.1, ""error"": 852.1632332500001}, {""pair"": [3, 2, 1, 7], ""acc"": 1.5, ""vel"": 23.51, ""pos"": 854.1, ""error"": 852.1632332500001}], [{""pair"": [3, 2, 2, 7], ""acc"": 1.5, ""vel"": 23.51, ""pos"": 34.9, ""error"": 25.605953250000084}, {""pair"": [3, 2, 2, 7], ""acc"": 1.5, ""vel"": 23.51, ""pos"": 34.9, ""error"": 25.605953250000084}, {""pair"": [3, 2, 2, 7], ""acc"": 1.5, ""vel"": 23.51, ""pos"": 34.9, ""error"": 26.513828450000062}, {""pair"": [3, 2, 2, 7], ""acc"": 1.5, ""vel"": 23.51, ""pos"": 34.9, ""error"": 26.513828450000062}, {""pair"": [3, 2, 2, 7], ""acc"": 1.5, ""vel"": 23.51, ""pos"": 34.9, ""error"": 26.563233250000085}, {""pair"": [3, 2, 2, 7], ""acc"": 1.5, ""vel"": 23.51, ""pos"": 34.9, ""error"": 26.563233250000085}, {""pair"": [3, 2, 2, 7], ""acc"": 1.5, ""vel"": 23.51, ""pos"": 34.9, ""error"": 32.00595325000008}, {""pair"": [3, 2, 2, 7], ""acc"": 1.5, ""vel"": 23.51, ""pos"": 34.9, ""error"": 32.00595325000008}, {""pair"": [3, 2, 2, 7], ""acc"": 1.5, ""vel"": 23.51, ""pos"": 34.9, ""error"": 32.91382845000006}, {""pair"": [3, 2, 2, 7], ""acc"": 1.5, ""vel"": 23.51, ""pos"": 34.9, ""error"": 32.91382845000006}, {""pair"": [3, 2, 2, 7], ""acc"": 1.5, ""vel"": 23.51, ""pos"": 34.9, ""error"": 32.96323325000009}, {""pair"": [3, 2, 2, 7], ""acc"": 1.5, ""vel"": 23.51, ""pos"": 34.9, ""error"": 32.96323325000009}], [{""pair"": [3, 7, 1, 2], ""acc"": 1.5, ""vel"": 23.51, ""pos"": 9.3, ""error"": 0.005953250000088062}, {""pair"": [3, 7, 1, 2], ""acc"": 1.5, ""vel"": 23.51, ""pos"": 9.3, ""error"": 0.005953250000088062}, {""pair"": [3, 7, 1, 2], ""acc"": 1.5, ""vel"": 23.51, ""pos"": 9.3, ""error"": 0.9138284500000626}, {""pair"": [3, 7, 1, 2], ""acc"": 1.5, ""vel"": 23.51, ""pos"": 9.3, ""error"": 0.9138284500000626}, {""pair"": [3, 7, 1, 2], ""acc"": 1.5, ""vel"": 23.51, ""pos"": 9.3, ""error"": 0.9632332500000889}, {""pair"": [3, 7, 1, 2], ""acc"": 1.5, ""vel"": 23.51, ""pos"": 9.3, ""error"": 0.9632332500000889}, {""pair"": [3, 7, 1, 2], ""acc"": 1.5, ""vel"": 23.51, ""pos"": 9.3, ""error"": 6.4059532500000875}, {""pair"": [3, 7, 1, 2], ""acc"": 1.5, ""vel"": 23.51, ""pos"": 9.3, ""error"": 6.4059532500000875}, {""pair"": [3, 7, 1, 2], ""acc"": 1.5, ""vel"": 23.51, ""pos"": 9.3, ""error"": 7.313828450000062}, {""pair"": [3, 7, 1, 2], ""acc"": 1.5, ""vel"": 23.51, ""pos"": 9.3, ""error"": 7.313828450000062}, {""pair"": [3, 7, 1, 2], ""acc"": 1.5, ""vel"": 23.51, ""pos"": 9.3, ""error"": 7.363233250000088}, {""pair"": [3, 7, 1, 2], ""acc"": 1.5, ""vel"": 23.51, ""pos"": 9.3, ""error"": 7.363233250000088}], [{""pair"": [3, 7, 2, 2], ""acc"": 1.5, ""vel"": 23.51, ""pos"": 34.9, ""error"": 25.605953250000084}, {""pair"": [3, 7, 2, 2], ""acc"": 1.5, ""vel"": 23.51, ""pos"": 34.9, ""error"": 25.605953250000084}, {""pair"": [3, 7, 2, 2], ""acc"": 1.5, ""vel"": 23.51, ""pos"": 34.9, ""error"": 26.513828450000062}, {""pair"": [3, 7, 2, 2], ""acc"": 1.5, ""vel"": 23.51, ""pos"": 34.9, ""error"": 26.513828450000062}, {""pair"": [3, 7, 2, 2], ""acc"": 1.5, ""vel"": 23.51, ""pos"": 34.9, ""error"": 26.563233250000085}, {""pair"": [3, 7, 2, 2], ""acc"": 1.5, ""vel"": 23.51, ""pos"": 34.9, ""error"": 26.563233250000085}, {""pair"": [3, 7, 2, 2], ""acc"": 1.5, ""vel"": 23.51, ""pos"": 34.9, ""error"": 32.00595325000008}, {""pair"": [3, 7, 2, 2], ""acc"": 1.5, ""vel"": 23.51, ""pos"": 34.9, ""error"": 32.00595325000008}, {""pair"": [3, 7, 2, 2], ""acc"": 1.5, ""vel"": 23.51, ""pos"": 34.9, ""error"": 32.91382845000006}, {""pair"": [3, 7, 2, 2], ""acc"": 1.5, ""vel"": 23.51, ""pos"": 34.9, ""error"": 32.91382845000006}, {""pair"": [3, 7, 2, 2], ""acc"": 1.5, ""vel"": 23.51, ""pos"": 34.9, ""error"": 32.96323325000009}, {""pair"": [3, 7, 2, 2], ""acc"": 1.5, ""vel"": 23.51, ""pos"": 34.9, ""error"": 32.96323325000009}], [{""pair"": [1, 2, 1, 7], ""acc"": 1.5, ""vel"": 23.51, ""pos"": 828.5, ""error"": 819.2059532500001}, {""pair"": [1, 2, 1, 7], ""acc"": 1.5, ""vel"": 23.51, ""pos"": 828.5, ""error"": 819.2059532500001}, {""pair"": [1, 2, 1, 7], ""acc"": 1.5, ""vel"": 23.51, ""pos"": 828.5, ""error"": 820.11382845}, {""pair"": [1, 2, 1, 7], ""acc"": 1.5, ""vel"": 23.51, ""pos"": 828.5, ""error"": 820.11382845}, {""pair"": [1, 2, 1, 7], ""acc"": 1.5, ""vel"": 23.51, ""pos"": 828.5, ""error"": 820.1632332500001}, {""pair"": [1, 2, 1, 7], ""acc"": 1.5, ""vel"": 23.51, ""pos"": 828.5, ""error"": 820.1632332500001}, {""pair"": [1, 2, 1, 7], ""acc"": 1.5, ""vel"": 23.51, ""pos"": 828.5, ""error"": 825.6059532500001}, {""pair"": [1, 2, 1, 7], ""acc"": 1.5, ""vel"": 23.51, ""pos"": 828.5, ""error"": 825.6059532500001}, {""pair"": [1, 2, 1, 7], ""acc"": 1.5, ""vel"": 23.51, ""pos"": 828.5, ""error"": 826.51382845}, {""pair"": [1, 2, 1, 7], ""acc"": 1.5, ""vel"": 23.51, ""pos"": 828.5, ""error"": 826.51382845}, {""pair"": [1, 2, 1, 7], ""acc"": 1.5, ""vel"": 23.51, ""pos"": 828.5, ""error"": 826.56323325}, {""pair"": [1, 2, 1, 7], ""acc"": 1.5, ""vel"": 23.51, ""pos"": 828.5, ""error"": 826.56323325}], [{""pair"": [1, 2, 2, 7], ""acc"": 1.5, ""vel"": 23.51, ""pos"": 9.3, ""error"": 0.005953250000088062}, {""pair"": [1, 2, 2, 7], ""acc"": 1.5, ""vel"": 23.51, ""pos"": 9.3, ""error"": 0.005953250000088062}, {""pair"": [1, 2, 2, 7], ""acc"": 1.5, ""vel"": 23.51, ""pos"": 9.3, ""error"": 0.9138284500000626}, {""pair"": [1, 2, 2, 7], ""acc"": 1.5, ""vel"": 23.51, ""pos"": 9.3, ""error"": 0.9138284500000626}, {""pair"": [1, 2, 2, 7], ""acc"": 1.5, ""vel"": 23.51, ""pos"": 9.3, ""error"": 0.9632332500000889}, {""pair"": [1, 2, 2, 7], ""acc"": 1.5, ""vel"": 23.51, ""pos"": 9.3, ""error"": 0.9632332500000889}, {""pair"": [1, 2, 2, 7], ""acc"": 1.5, ""vel"": 23.51, ""pos"": 9.3, ""error"": 6.4059532500000875}, {""pair"": [1, 2, 2, 7], ""acc"": 1.5, ""vel"": 23.51, ""pos"": 9.3, ""error"": 6.4059532500000875}, {""pair"": [1, 2, 2, 7], ""acc"": 1.5, ""vel"": 23.51, ""pos"": 9.3, ""error"": 7.313828450000062}, {""pair"": [1, 2, 2, 7], ""acc"": 1.5, ""vel"": 23.51, ""pos"": 9.3, ""error"": 7.313828450000062}, {""pair"": [1, 2, 2, 7], ""acc"": 1.5, ""vel"": 23.51, ""pos"": 9.3, ""error"": 7.363233250000088}, {""pair"": [1, 2, 2, 7], ""acc"": 1.5, ""vel"": 23.51, ""pos"": 9.3, ""error"": 7.363233250000088}], [{""pair"": [2, 2, 1, 7], ""acc"": 1.5, ""vel"": 23.51, ""pos"": 854.1, ""error"": 844.8059532500001}, {""pair"": [2, 2, 1, 7], ""acc"": 1.5, ""vel"": 23.51, ""pos"": 854.1, ""error"": 844.8059532500001}, {""pair"": [2, 2, 1, 7], ""acc"": 1.5, ""vel"": 23.51, ""pos"": 854.1, ""error"": 845.71382845}, {""pair"": [2, 2, 1, 7], ""acc"": 1.5, ""vel"": 23.51, ""pos"": 854.1, ""error"": 845.71382845}, {""pair"": [2, 2, 1, 7], ""acc"": 1.5, ""vel"": 23.51, ""pos"": 854.1, ""error"": 845.7632332500001}, {""pair"": [2, 2, 1, 7], ""acc"": 1.5, ""vel"": 23.51, ""pos"": 854.1, ""error"": 845.7632332500001}, {""pair"": [2, 2, 1, 7], ""acc"": 1.5, ""vel"": 23.51, ""pos"": 854.1, ""error"": 851.2059532500001}, {""pair"": [2, 2, 1, 7], ""acc"": 1.5, ""vel"": 23.51, ""pos"": 854.1, ""error"": 851.2059532500001}, {""pair"": [2, 2, 1, 7], ""acc"": 1.5, ""vel"": 23.51, ""pos"": 854.1, ""error"": 852.11382845}, {""pair"": [2, 2, 1, 7], ""acc"": 1.5, ""vel"": 23.51, ""pos"": 854.1, ""error"": 852.11382845}, {""pair"": [2, 2, 1, 7], ""acc"": 1.5, ""vel"": 23.51, ""pos"": 854.1, ""error"": 852.1632332500001}, {""pair"": [2, 2, 1, 7], ""acc"": 1.5, ""vel"": 23.51, ""pos"": 854.1, ""error"": 852.1632332500001}], [{""pair"": [2, 2, 2, 7], ""acc"": 1.5, ""vel"": 23.51, ""pos"": 34.9, ""error"": 25.605953250000084}, {""pair"": [2, 2, 2, 7], ""acc"": 1.5, ""vel"": 23.51, ""pos"": 34.9, ""error"": 25.605953250000084}, {""pair"": [2, 2, 2, 7], ""acc"": 1.5, ""vel"": 23.51, ""pos"": 34.9, ""error"": 26.513828450000062}, {""pair"": [2, 2, 2, 7], ""acc"": 1.5, ""vel"": 23.51, ""pos"": 34.9, ""error"": 26.513828450000062}, {""pair"": [2, 2, 2, 7], ""acc"": 1.5, ""vel"": 23.51, ""pos"": 34.9, ""error"": 26.563233250000085}, {""pair"": [2, 2, 2, 7], ""acc"": 1.5, ""vel"": 23.51, ""pos"": 34.9, ""error"": 26.563233250000085}, {""pair"": [2, 2, 2, 7], ""acc"": 1.5, ""vel"": 23.51, ""pos"": 34.9, ""error"": 32.00595325000008}, {""pair"": [2, 2, 2, 7], ""acc"": 1.5, ""vel"": 23.51, ""pos"": 34.9, ""error"": 32.00595325000008}, {""pair"": [2, 2, 2, 7], ""acc"": 1.5, ""vel"": 23.51, ""pos"": 34.9, ""error"": 32.91382845000006}, {""pair"": [2, 2, 2, 7], ""acc"": 1.5, ""vel"": 23.51, ""pos"": 34.9, ""error"": 32.91382845000006}, {""pair"": [2, 2, 2, 7], ""acc"": 1.5, ""vel"": 23.51, ""pos"": 34.9, ""error"": 32.96323325000009}, {""pair"": [2, 2, 2, 7], ""acc"": 1.5, ""vel"": 23.51, ""pos"": 34.9, ""error"": 32.96323325000009}]]","[[[3, 2, 1, 7], [1.5, 23.51, 854.1], 844.8059532500001], [[3, 2, 2, 7], [1.5, 23.51, 34.9], 25.605953250000084], [[3, 7, 1, 2], [1.5, 23.51, 9.3], 0.005953250000088062], [[3, 7, 2, 2], [1.5, 23.51, 34.9], 25.605953250000084], [[1, 2, 1, 7], [1.5, 23.51, 828.5], 819.2059532500001], [[1, 2, 2, 7], [1.5, 23.51, 9.3], 0.005953250000088062], [[2, 2, 1, 7], [1.5, 23.51, 854.1], 844.8059532500001], [[2, 2, 2, 7], [1.5, 23.51, 34.9], 25.605953250000084]]"
1.5,23.54,9.7,1.5,23.52,9.7,1.5,23.54,9.7,"[{""pair"": [2, 1, 1, 10], ""acc"": 1.5, ""vel"": 23.54, ""pos"": 9.7, ""error"": 0.02964799999950607}, {""pair"": [3, 10, 2, 1], ""acc"": 1.5, ""vel"": 23.52, ""pos"": 9.7, ""error"": 0.03764799999956914}, {""pair"": [0, 1, 1, 10], ""acc"": 1.5, ""vel"": 20.98, ""pos"": 9.7, ""error"": 2.5776479999995683}, {""pair"": [3, 10, 0, 1], ""acc"": 1.5, ""vel"": 20.96, ""pos"": 9.7, ""error"": 2.597647999999568}]","[[2, 1, 1, 10], [3, 10, 2, 1], [0, 1, 1, 10], [3, 10, 0, 1]]","[[{""pair"": [3, 10, 0, 1], ""acc"": 1.5, ""vel"": 20.96, ""pos"": 9.7, ""error"": 2.597647999999568}, {""pair"": [3, 10, 0, 1], ""acc"": 1.5, ""vel"": 20.96, ""pos"": 9.7, ""error"": 2.597647999999568}, {""pair"": [3, 10, 0, 1], ""acc"": 1.5, ""vel"": 20.96, ""pos"": 9.7, ""error"": 28.15035200000049}, {""pair"": [3, 10, 0, 1], ""acc"": 1.5, ""vel"": 20.96, ""pos"": 9.7, ""error"": 28.15035200000049}, {""pair"": [3, 10, 0, 1], ""acc"": 1.5, ""vel"": 20.96, ""pos"": 9.7, ""error"": 28.15035200000049}, {""pair"": [3, 10, 0, 1], ""acc"": 1.5, ""vel"": 20.96, ""pos"": 9.7, ""error"": 821.7503520000005}, {""pair"": [3, 10, 0, 1], ""acc"": 1.5, ""vel"": 20.96, ""pos"": 9.7, ""error"": 847.3503520000005}, {""pair"": [3, 10, 0, 1], ""acc"": 1.5, ""vel"": 20.96, ""pos"": 9.7, ""error"": 847.3503520000005}], [{""pair"": [3, 10, 2, 1], ""acc"": 1.5, ""vel"": 23.52, ""pos"": 9.7, ""error"": 0.03764799999956914}, {""pair"": [3, 10, 2, 1], ""acc"": 1.5, ""vel"": 23.52, ""pos"": 9.7, ""error"": 0.03764799999956914}, {""pair"": [3, 10, 2, 1], ""acc"": 1.5, ""vel"": 23.52, ""pos"": 9.7, ""error"": 25.59035200000049}, {""pair"": [3, 10, 2, 1], ""acc"": 1.5, ""vel"": 23.52, ""pos"": 9.7, ""error"": 25.59035200000049}, {""pair"": [3, 10, 2, 1], ""acc"": 1.5, ""vel"": 23.52, ""pos"": 9.7, ""error"": 25.59035200000049}, {""pair"": [3, 10, 2, 1], ""acc"": 1.5, ""vel"": 23.52, ""pos"": 9.7, ""error"": 819.1903520000004}, {""pair"": [3, 10, 2, 1], ""acc"": 1.5, ""vel"": 23.52, ""pos"": 9.7, ""error"": 844.7903520000004}, {""pair"": [3, 10, 2, 1], ""acc"": 1.5, ""vel"": 23.52, ""pos"": 9.7, ""error"": 844.7903520000004}], [{""pair"": [0, 1, 1, 10], ""acc"": 1.5, ""vel"": 20.98, ""pos"": 9.7, ""error"": 2.5776479999995683}, {""pair"": [0, 1, 1, 10], ""acc"": 1.5, ""vel"": 20.98, ""pos"": 9.7, ""error"": 2.5776479999995683}, {""pair"": [0, 1, 1, 10], ""acc"": 1.5, ""vel"": 20.98, ""pos"": 9.7, ""error"": 28.13035200000049}, {""pair"": [0, 1, 1, 10], ""acc"": 1.5, ""vel"": 20.98, ""pos"": 9.7, ""error"": 28.13035200000049}, {""pair"": [0, 1, 1, 10], ""acc"": 1.5, ""vel"": 20.98, ""pos"": 9.7, ""error"": 28.13035200000049}, {""pair"": [0, 1, 1, 10], ""acc"": 1.5, ""vel"": 20.98, ""pos"": 9.7, ""error"": 821.7303520000005}, {""pair"": [0, 1, 1, 10], ""acc"": 1.5, ""vel"": 20.98, ""pos"": 9.7, ""error"": 847.3303520000004}, {""pair"": [0, 1, 1, 10], ""acc"": 1.5, ""vel"": 20.98, ""pos"": 9.7, ""error"": 847.3303520000004}], [{""pair"": [2, 1, 1, 10], ""acc"": 1.5, ""vel"": 23.54, ""pos"": 9.7, ""error"": 0.02964799999950607}, {""pair"": [2, 1, 1, 10], ""acc"": 1.5, ""vel"": 23.54, ""pos"": 9.7, ""error"": 0.02964799999950607}, {""pair"": [2, 1, 1, 10], ""acc"": 1.5, ""vel"": 23.54, ""pos"": 9.7, ""error"": 25.582352000000427}, {""pair"": [2, 1, 1, 10], ""acc"": 1.5, ""vel"": 23.54, ""pos"": 9.7, ""error"": 25.582352000000427}, {""pair"": [2, 1, 1, 10], ""acc"": 1.5, ""vel"": 23.54, ""pos"": 9.7, ""error"": 25.582352000000427}, {""pair"": [2, 1, 1, 10], ""acc"": 1.5, ""vel"": 23.54, ""pos"": 9.7, ""error"": 819.1823520000004}, {""pair"": [2, 1, 1, 10], ""acc"": 1.5, ""vel"": 23.54, ""pos"": 9.7, ""error"": 844.7823520000004}, {""pair"": [2, 1, 1, 10], ""acc"": 1.5, ""vel"": 23.54, ""pos"": 9.7, ""error"": 844.7823520000004}]]","[[[3, 10, 0, 1], [1.5, 20.96, 9.7], 2.597647999999568], [[3, 10, 2, 1], [1.5, 23.52, 9.7], 0.03764799999956914], [[0, 1, 1, 10], [1.5, 20.98, 9.7], 2.5776479999995683], [[2, 1, 1, 10], [1.5, 23.54, 9.7], 0.02964799999950607]]"
1.5,23.56,10.1,1.1,23.56,10.1,1.1,23.57,10.1,"[{""pair"": [3, 0, 1, 9], ""acc"": 1.1, ""vel"": 23.57, ""pos"": 10.1, ""error"": 0.004896749999909744}, {""pair"": [3, 0, 2, 9], ""acc"": 1.1, ""vel"": 23.56, ""pos"": 10.1, ""error"": 0.005896749999896755}, {""pair"": [3, 0, 0, 9], ""acc"": 1.5, ""vel"": 23.56, ""pos"": 10.1, ""error"": 0.005896749999896755}, {""pair"": [3, 9, 0, 0], ""acc"": 1.1, ""vel"": 24.84, ""pos"": 10.1, ""error"": 1.2748967499999093}, {""pair"": [0, 0, 2, 9], ""acc"": 1.1, ""vel"": 24.84, ""pos"": 10.1, ""error"": 1.2748967499999093}, {""pair"": [0, 0, 0, 9], ""acc"": 1.5, ""vel"": 24.84, ""pos"": 10.1, ""error"": 1.2748967499999093}, {""pair"": [0, 0, 1, 9], ""acc"": 1.1, ""vel"": 24.85, ""pos"": 10.1, ""error"": 1.2848967499999109}]","[[3, 0, 1, 9], [3, 0, 2, 9], [3, 0, 0, 9], [3, 9, 0, 0], [0, 0, 2, 9], [0, 0, 0, 9], [0, 0, 1, 9]]","[[{""pair"": [3, 0, 0, 9], ""acc"": 1.5, ""vel"": 23.56, ""pos"": 10.1, ""error"": 0.005896749999896755}, {""pair"": [3, 0, 0, 9], ""acc"": 1.5, ""vel"": 23.56, ""pos"": 10.1, ""error"": 0.014556749999908192}, {""pair"": [3, 0, 0, 9], ""acc"": 1.5, ""vel"": 23.56, ""pos"": 10.1, ""error"": 2.5976232500000904}, {""pair"": [3, 0, 0, 9], ""acc"": 1.5, ""vel"": 23.56, ""pos"": 10.1, ""error"": 2.6179632500000896}], [{""pair"": [3, 0, 1, 9], ""acc"": 1.1, ""vel"": 23.57, ""pos"": 10.1, ""error"": 0.004896749999909744}, {""pair"": [3, 0, 1, 9], ""acc"": 1.1, ""vel"": 23.57, ""pos"": 10.1, ""error"": 0.024556749999909755}, {""pair"": [3, 0, 1, 9], ""acc"": 1.1, ""vel"": 23.57, ""pos"": 10.1, ""error"": 2.607623250000092}, {""pair"": [3, 0, 1, 9], ""acc"": 1.1, ""vel"": 23.57, ""pos"": 10.1, ""error"": 2.627963250000091}], [{""pair"": [3, 0, 2, 9], ""acc"": 1.1, ""vel"": 23.56, ""pos"": 10.1, ""error"": 0.005896749999896755}, {""pair"": [3, 0, 2, 9], ""acc"": 1.1, ""vel"": 23.56, ""pos"": 10.1, ""error"": 0.014556749999908192}, {""pair"": [3, 0, 2, 9], ""acc"": 1.1, ""vel"": 23.56, ""pos"": 10.1, ""error"": 2.5976232500000904}, {""pair"": [3, 0, 2, 9], ""acc"": 1.1, ""vel"": 23.56, ""pos"": 10.1, ""error"": 2.6179632500000896}], [{""pair"": [3, 9, 0, 0], ""acc"": 1.1, ""vel"": 24.84, ""pos"": 10.1, ""error"": 1.2748967499999093}, {""pair"": [3, 9, 0, 0], ""acc"": 1.1, ""vel"": 24.84, ""pos"": 10.1, ""error"": 1.2945567499999093}, {""pair"": [3, 9, 0, 0], ""acc"": 1.1, ""vel"": 24.84, ""pos"": 10.1, ""error"": 3.8776232500000916}, {""pair"": [3, 9, 0, 0], ""acc"": 1.1, ""vel"": 24.84, ""pos"": 10.1, ""error"": 3.8979632500000907}], [{""pair"": [0, 0, 0, 9], ""acc"": 1.5, ""vel"": 24.84, ""pos"": 10.1, ""error"": 1.2748967499999093}, {""pair"": [0, 0, 0, 9], ""acc"": 1.5, ""vel"": 24.84, ""pos"": 10.1, ""error"": 1.2945567499999093}, {""pair"": [0, 0, 0, 9], ""acc"": 1.5, ""vel"": 24.84, ""pos"": 10.1, ""error"": 3.8776232500000916}, {""pair"": [0, 0, 0, 9], ""acc"": 1.5, ""vel"": 24.84, ""pos"": 10.1, ""error"": 3.8979632500000907}], [{""pair"": [0, 0, 1, 9], ""acc"": 1.1, ""vel"": 24.85, ""pos"": 10.1, ""error"": 1.2848967499999109}, {""pair"": [0, 0, 1, 9], ""acc"": 1.1, ""vel"": 24.85, ""pos"": 10.1, ""error"": 1.304556749999911}, {""pair"": [0, 0, 1, 9], ""acc"": 1.1, ""vel"": 24.85, ""pos"": 10.1, ""error"": 3.887623250000093}, {""pair"": [0, 0, 1, 9], ""acc"": 1.1, ""vel"": 24.85, ""pos"": 10.1, ""error"": 3.9079632500000923}], [{""pair"": [0, 0, 2, 9], ""acc"": 1.1, ""vel"": 24.84, ""pos"": 10.1, ""error"": 1.2748967499999093}, {""pair"": [0, 0, 2, 9], ""acc"": 1.1, ""vel"": 24.84, ""pos"": 10.1, ""error"": 1.2945567499999093}, {""pair"": [0, 0, 2, 9], ""acc"": 1.1, ""vel"": 24.84, ""pos"": 10.1, ""error"": 3.8776232500000916}, {""pair"": [0, 0, 2, 9], ""acc"": 1.1, ""vel"": 24.84, ""pos"": 10.1, ""error"": 3.8979632500000907}]]","[[[3, 0, 0, 9], [1.5, 23.56, 10.1], 0.005896749999896755], [[3, 0, 1, 9], [1.1, 23.57, 10.1], 0.004896749999909744], [[3, 0, 2, 9], [1.1, 23.56, 10.1], 0.005896749999896755], [[3, 9, 0, 0], [1.1, 24.84, 10.1], 1.2748967499999093], [[0, 0, 0, 9], [1.5, 24.84, 10.1], 1.2748967499999093], [[0, 0, 1, 9], [1.1, 24.85, 10.1], 1.2848967499999109], [[0, 0, 2, 9], [1.1, 24.84, 10.1], 1.2748967499999093]]"
1.5,23.59,10.5,1.5,23.59,10.5,1.5,23.59,10.5,"[{""pair"": [3, 13, 2, 2], ""acc"": 1.5, ""vel"": 23.59, ""pos"": 10.5, ""error"": 0.0021489499999063355}, {""pair"": [2, 2, 0, 13], ""acc"": 7.9, ""vel"": 23.59, ""pos"": 10.5, ""error"": 0.0021489499999063355}]","[[3, 13, 2, 2], [2, 2, 0, 13]]","[[{""pair"": [3, 13, 2, 2], ""acc"": 1.5, ""vel"": 23.59, ""pos"": 10.5, ""error"": 0.0021489499999063355}, {""pair"": [3, 13, 2, 2], ""acc"": 1.5, ""vel"": 23.59, ""pos"": 10.5, ""error"": 0.011978949999909005}, {""pair"": [3, 13, 2, 2], ""acc"": 1.5, ""vel"": 23.59, ""pos"": 10.5, ""error"": 0.005236749999911083}, {""pair"": [3, 13, 2, 2], ""acc"": 1.5, ""vel"": 23.59, ""pos"": 10.5, ""error"": 1.2911389499998922}, {""pair"": [3, 13, 2, 2], ""acc"": 1.5, ""vel"": 23.59, ""pos"": 10.5, ""error"": 1.2911389499998922}, {""pair"": [3, 13, 2, 2], ""acc"": 1.5, ""vel"": 23.59, ""pos"": 10.5, ""error"": 1.297996749999891}, {""pair"": [3, 13, 2, 2], ""acc"": 1.5, ""vel"": 23.59, ""pos"": 10.5, ""error"": 1.3013089499998944}], [{""pair"": [2, 2, 0, 13], ""acc"": 7.9, ""vel"": 23.59, ""pos"": 10.5, ""error"": 0.0021489499999063355}, {""pair"": [2, 2, 0, 13], ""acc"": 7.9, ""vel"": 23.59, ""pos"": 10.5, ""error"": 0.011978949999909005}, {""pair"": [2, 2, 0, 13], ""acc"": 7.9, ""vel"": 23.59, ""pos"": 10.5, ""error"": 0.005236749999911083}, {""pair"": [2, 2, 0, 13], ""acc"": 7.9, ""vel"": 23.59, ""pos"": 10.5, ""error"": 1.2911389499998922}, {""pair"": [2, 2, 0, 13], ""acc"": 7.9, ""vel"": 23.59, ""pos"": 10.5, ""error"": 1.2911389499998922}, {""pair"": [2, 2, 0, 13], ""acc"": 7.9, ""vel"": 23.59, ""pos"": 10.5, ""error"": 1.297996749999891}, {""pair"": [2, 2, 0, 13], ""acc"": 7.9, ""vel"": 23.59, ""pos"": 10.5, ""error"": 1.3013089499998944}]]","[[[3, 13, 2, 2], [1.5, 23.59, 10.5], 0.0021489499999063355], [[2, 2, 0, 13], [7.9, 23.59, 10.5], 0.0021489499999063355]]"
1.4,23.61,10.9,1.4,24.25,10.5,1.4,23.61,10.9,"[{""pair"": [1, 15, 2, 12], ""acc"": 1.4, ""vel"": 23.61, ""pos"": 10.9, ""error"": 0.02636800000082573}, {""pair"": [1, 15, 0, 12], ""acc"": 4.6, ""vel"": 23.61, ""pos"": 10.5, ""error"": 0.3816319999990636}, {""pair"": [2, 15, 2, 12], ""acc"": 1.4, ""vel"": 24.25, ""pos"": 7.7, ""error"": 3.7120511999994106}, {""pair"": [2, 15, 0, 12], ""acc"": 4.6, ""vel"": 24.25, ""pos"": 7.3, ""error"": 4.112051199999411}]","[[1, 15, 2, 12], [1, 15, 0, 12], [2, 15, 2, 12], [2, 15, 0, 12]]","[[{""pair"": [1, 15, 0, 12], ""acc"": 4.6, ""vel"": 23.61, ""pos"": 10.5, ""error"": 0.3816319999990636}, {""pair"": [1, 15, 0, 12], ""acc"": 4.6, ""vel"": 23.61, ""pos"": 10.5, ""error"": 0.48485119999882187}], [{""pair"": [1, 15, 2, 12], ""acc"": 1.4, ""vel"": 23.61, ""pos"": 10.9, ""error"": 0.02636800000082573}, {""pair"": [1, 15, 2, 12], ""acc"": 1.4, ""vel"": 23.61, ""pos"": 10.9, ""error"": 0.12794880000059017}], [{""pair"": [2, 15, 0, 12], ""acc"": 4.6, ""vel"": 24.25, ""pos"": 7.3, ""error"": 4.213631999999175}, {""pair"": [2, 15, 0, 12], ""acc"": 4.6, ""vel"": 24.25, ""pos"": 7.3, ""error"": 4.112051199999411}], [{""pair"": [2, 15, 2, 12], ""acc"": 1.4, ""vel"": 24.25, ""pos"": 7.7, ""error"": 3.813631999999175}, {""pair"": [2, 15, 2, 12], ""acc"": 1.4, ""vel"": 24.25, ""pos"": 7.7, ""error"": 3.7120511999994106}]]","[[[1, 15, 0, 12], [4.6, 23.61, 10.5], 0.3816319999990636], [[1, 15, 2, 12], [1.4, 23.61, 10.9], 0.02636800000082573], [[2, 15, 0, 12], [4.6, 24.25, 7.3], 4.112051199999411], [[2, 15, 2, 12], [1.4, 24.25, 7.7], 3.7120511999994106]]"
1.4,23.63,11.2,1.4,3.13,11.2,1.4,23.61,11.3,"[{""pair"": [0, 4, 2, 10], ""acc"": 1.4, ""vel"": 23.61, ""pos"": 11.3, ""error"": 0.025372299999897763}, {""pair"": [0, 4, 1, 10], ""acc"": 1.4, ""vel"": 23.63, ""pos"": 11.2, ""error"": 0.10537229999989961}, {""pair"": [3, 4, 2, 10], ""acc"": 1.4, ""vel"": 3.13, ""pos"": 11.3, ""error"": 20.505372299999898}, {""pair"": [3, 4, 1, 10], ""acc"": 1.4, ""vel"": 3.15, ""pos"": 11.2, ""error"": 20.5853722999999}, {""pair"": [1, 4, 1, 10], ""acc"": 1.4, ""vel"": 3.15, ""pos"": 113.6, ""error"": 122.78222770000008}, {""pair"": [1, 4, 2, 10], ""acc"": 1.4, ""vel"": 3.13, ""pos"": 113.7, ""error"": 122.9022277000001}]","[[0, 4, 2, 10], [0, 4, 1, 10], [3, 4, 2, 10], [3, 4, 1, 10], [1, 4, 1, 10], [1, 4, 2, 10]]","[[{""pair"": [3, 4, 1, 10], ""acc"": 1.4, ""vel"": 3.15, ""pos"": 11.2, ""error"": 20.5853722999999}, {""pair"": [3, 4, 1, 10], ""acc"": 1.4, ""vel"": 3.15, ""pos"": 11.2, ""error"": 20.836165300000076}, {""pair"": [3, 4, 1, 10], ""acc"": 1.4, ""vel"": 3.15, ""pos"": 11.2, ""error"": 24.211347700000097}, {""pair"": [3, 4, 1, 10], ""acc"": 1.4, ""vel"": 3.15, ""pos"": 11.2, ""error"": 24.665285300000082}], [{""pair"": [3, 4, 2, 10], ""acc"": 1.4, ""vel"": 3.13, ""pos"": 11.3, ""error"": 20.505372299999898}, {""pair"": [3, 4, 2, 10], ""acc"": 1.4, ""vel"": 3.13, ""pos"": 11.3, ""error"": 20.95616530000008}, {""pair"": [3, 4, 2, 10], ""acc"": 1.4, ""vel"": 3.13, ""pos"": 11.3, ""error"": 24.331347700000094}, {""pair"": [3, 4, 2, 10], ""acc"": 1.4, ""vel"": 3.13, ""pos"": 11.3, ""error"": 24.785285300000083}], [{""pair"": [0, 4, 1, 10], ""acc"": 1.4, ""vel"": 23.63, ""pos"": 11.2, ""error"": 0.10537229999989961}, {""pair"": [0, 4, 1, 10], ""acc"": 1.4, ""vel"": 23.63, ""pos"": 11.2, ""error"": 0.35616530000007707}, {""pair"": [0, 4, 1, 10], ""acc"": 1.4, ""vel"": 23.63, ""pos"": 11.2, ""error"": 3.7313477000000947}, {""pair"": [0, 4, 1, 10], ""acc"": 1.4, ""vel"": 23.63, ""pos"": 11.2, ""error"": 4.185285300000081}], [{""pair"": [0, 4, 2, 10], ""acc"": 1.4, ""vel"": 23.61, ""pos"": 11.3, ""error"": 0.025372299999897763}, {""pair"": [0, 4, 2, 10], ""acc"": 1.4, ""vel"": 23.61, ""pos"": 11.3, ""error"": 0.47616530000007806}, {""pair"": [0, 4, 2, 10], ""acc"": 1.4, ""vel"": 23.61, ""pos"": 11.3, ""error"": 3.8513477000000957}, {""pair"": [0, 4, 2, 10], ""acc"": 1.4, ""vel"": 23.61, ""pos"": 11.3, ""error"": 4.305285300000082}], [{""pair"": [1, 4, 1, 10], ""acc"": 1.4, ""vel"": 3.15, ""pos"": 113.6, ""error"": 122.78222770000008}, {""pair"": [1, 4, 1, 10], ""acc"": 1.4, ""vel"": 3.15, ""pos"": 113.6, ""error"": 123.23616530000007}, {""pair"": [1, 4, 1, 10], ""acc"": 1.4, ""vel"": 3.15, ""pos"": 113.6, ""error"": 126.6113477000001}, {""pair"": [1, 4, 1, 10], ""acc"": 1.4, ""vel"": 3.15, ""pos"": 113.6, ""error"": 127.06528530000008}], [{""pair"": [1, 4, 2, 10], ""acc"": 1.4, ""vel"": 3.13, ""pos"": 113.7, ""error"": 122.9022277000001}, {""pair"": [1, 4, 2, 10], ""acc"": 1.4, ""vel"": 3.13, ""pos"": 113.7, ""error"": 123.35616530000009}, {""pair"": [1, 4, 2, 10], ""acc"": 1.4, ""vel"": 3.13, ""pos"": 113.7, ""error"": 126.7313477000001}, {""pair"": [1, 4, 2, 10], ""acc"": 1.4, ""vel"": 3.13, ""pos"": 113.7, ""error"": 127.18528530000009}]]","[[[3, 4, 1, 10], [1.4, 3.15, 11.2], 20.5853722999999], [[3, 4, 2, 10], [1.4, 3.13, 11.3], 20.505372299999898], [[0, 4, 1, 10], [1.4, 23.63, 11.2], 0.10537229999989961], [[0, 4, 2, 10], [1.4, 23.61, 11.3], 0.025372299999897763], [[1, 4, 1, 10], [1.4, 3.15, 113.6], 122.78222770000008], [[1, 4, 2, 10], [1.4, 3.13, 113.7], 122.9022277000001]]"
1.4,23.65,11.6,1.2,50.0,11.6,1.2,23.65,11.6,"[{""pair"": [3, 8, 0, 6], ""acc"": 1.2, ""vel"": 23.65, ""pos"": 11.6, ""error"": 0.4067523000003863}, {""pair"": [0, 6, 2, 8], ""acc"": 1.2, ""vel"": 23.65, ""pos"": 11.6, ""error"": 0.4067523000003863}, {""pair"": [0, 6, 0, 8], ""acc"": 1.4, ""vel"": 23.65, ""pos"": 11.6, ""error"": 0.4067523000003863}, {""pair"": [3, 6, 2, 7], ""acc"": 1.2, ""vel"": 105.57, ""pos"": 11.6, ""error"": 82.27435230000033}, {""pair"": [3, 7, 2, 6], ""acc"": 1.2, ""vel"": 105.57, ""pos"": 11.6, ""error"": 82.27435230000033}, {""pair"": [2, 6, 2, 7], ""acc"": 1.2, ""vel"": 105.57, ""pos"": 11.6, ""error"": 82.27435230000033}, {""pair"": [3, 6, 0, 7], ""acc"": 1.3, ""vel"": 105.57, ""pos"": 11.6, ""error"": 82.27435230000033}, {""pair"": [2, 6, 0, 7], ""acc"": 1.3, ""vel"": 105.57, ""pos"": 11.6, ""error"": 82.27435230000033}, {""pair"": [3, 7, 1, 6], ""acc"": 1.2, ""vel"": 105.57, ""pos"": 421.2, ""error"": 409.7897476999999}, {""pair"": [1, 6, 2, 7], ""acc"": 1.2, ""vel"": 105.57, ""pos"": 421.2, ""error"": 409.7897476999999}, {""pair"": [1, 6, 0, 7], ""acc"": 1.3, ""vel"": 105.57, ""pos"": 421.2, ""error"": 409.7897476999999}, {""pair"": [3, 6, 1, 7], ""acc"": 1.2, ""vel"": 105.57, ""pos"": 830.8, ""error"": 819.3897476999998}, {""pair"": [2, 6, 1, 7], ""acc"": 1.2, ""vel"": 105.57, ""pos"": 830.8, ""error"": 819.3897476999998}, {""pair"": [1, 6, 1, 7], ""acc"": 1.2, ""vel"": 105.57, ""pos"": 1240.4, ""error"": 1228.9897477000002}, {""pair"": [0, 6, 1, 8], ""acc"": 1.2, ""vel"": 23.65, ""pos"": 1650.0, ""error"": 1556.6697477}]","[[3, 8, 0, 6], [0, 6, 2, 8], [0, 6, 0, 8], [3, 6, 2, 7], [3, 7, 2, 6], [2, 6, 2, 7], [3, 6, 0, 7], [2, 6, 0, 7], [3, 7, 1, 6], [1, 6, 2, 7], [1, 6, 0, 7], [3, 6, 1, 7], [2, 6, 1, 7], [1, 6, 1, 7], [0, 6, 1, 8]]","[[{""pair"": [3, 6, 0, 7], ""acc"": 1.3, ""vel"": 105.57, ""pos"": 11.6, ""error"": 82.39369230000034}, {""pair"": [3, 6, 0, 7], ""acc"": 1.3, ""vel"": 105.57, ""pos"": 11.6, ""error"": 82.27435230000033}, {""pair"": [3, 6, 0, 7], ""acc"": 1.3, ""vel"": 105.57, ""pos"": 11.6, ""error"": 102.58974769999992}, {""pair"": [3, 6, 0, 7], ""acc"": 1.3, ""vel"": 105.57, ""pos"": 11.6, ""error"": 102.66908769999992}, {""pair"": [3, 6, 0, 7], ""acc"": 1.3, ""vel"": 105.57, ""pos"": 11.6, ""error"": 204.47851230000003}, {""pair"": [3, 6, 0, 7], ""acc"": 1.3, ""vel"": 105.57, ""pos"": 11.6, ""error"": 204.59785230000003}], [{""pair"": [3, 6, 1, 7], ""acc"": 1.2, ""vel"": 105.57, ""pos"": 830.8, ""error"": 900.6339076999996}, {""pair"": [3, 6, 1, 7], ""acc"": 1.2, ""vel"": 105.57, ""pos"": 830.8, ""error"": 900.7132476999996}, {""pair"": [3, 6, 1, 7], ""acc"": 1.2, ""vel"": 105.57, ""pos"": 830.8, ""error"": 921.7897476999998}, {""pair"": [3, 6, 1, 7], ""acc"": 1.2, ""vel"": 105.57, ""pos"": 830.8, ""error"": 921.8690876999999}, {""pair"": [3, 6, 1, 7], ""acc"": 1.2, ""vel"": 105.57, ""pos"": 830.8, ""error"": 819.4690876999998}, {""pair"": [3, 6, 1, 7], ""acc"": 1.2, ""vel"": 105.57, ""pos"": 830.8, ""error"": 819.3897476999998}], [{""pair"": [3, 6, 2, 7], ""acc"": 1.2, ""vel"": 105.57, ""pos"": 11.6, ""error"": 82.39369230000034}, {""pair"": [3, 6, 2, 7], ""acc"": 1.2, ""vel"": 105.57, ""pos"": 11.6, ""error"": 82.27435230000033}, {""pair"": [3, 6, 2, 7], ""acc"": 1.2, ""vel"": 105.57, ""pos"": 11.6, ""error"": 102.58974769999992}, {""pair"": [3, 6, 2, 7], ""acc"": 1.2, ""vel"": 105.57, ""pos"": 11.6, ""error"": 102.66908769999992}, {""pair"": [3, 6, 2, 7], ""acc"": 1.2, ""vel"": 105.57, ""pos"": 11.6, ""error"": 204.47851230000003}, {""pair"": [3, 6, 2, 7], ""acc"": 1.2, ""vel"": 105.57, ""pos"": 11.6, ""error"": 204.59785230000003}], [{""pair"": [3, 7, 1, 6], ""acc"": 1.2, ""vel"": 105.57, ""pos"": 421.2, ""error"": 491.0339076999996}, {""pair"": [3, 7, 1, 6], ""acc"": 1.2, ""vel"": 105.57, ""pos"": 421.2, ""error"": 491.11324769999965}, {""pair"": [3, 7, 1, 6], ""acc"": 1.2, ""vel"": 105.57, ""pos"": 421.2, ""error"": 512.1897476999999}, {""pair"": [3, 7, 1, 6], ""acc"": 1.2, ""vel"": 105.57, ""pos"": 421.2, ""error"": 512.2690876999999}, {""pair"": [3, 7, 1, 6], ""acc"": 1.2, ""vel"": 105.57, ""pos"": 421.2, ""error"": 409.8690876999999}, {""pair"": [3, 7, 1, 6], ""acc"": 1.2, ""vel"": 105.57, ""pos"": 421.2, ""error"": 409.7897476999999}], [{""pair"": [3, 7, 2, 6], ""acc"": 1.2, ""vel"": 105.57, ""pos"": 11.6, ""error"": 82.39369230000034}, {""pair"": [3, 7, 2, 6], ""acc"": 1.2, ""vel"": 105.57, ""pos"": 11.6, ""error"": 82.27435230000033}, {""pair"": [3, 7, 2, 6], ""acc"": 1.2, ""vel"": 105.57, ""pos"": 11.6, ""error"": 102.58974769999992}, {""pair"": [3, 7, 2, 6], ""acc"": 1.2, ""vel"": 105.57, ""pos"": 11.6, ""error"": 102.66908769999992}, {""pair"": [3, 7, 2, 6], ""acc"": 1.2, ""vel"": 105.57, ""pos"": 11.6, ""error"": 204.47851230000003}, {""pair"": [3, 7, 2, 6], ""acc"": 1.2, ""vel"": 105.57, ""pos"": 11.6, ""error"": 204.59785230000003}], [{""pair"": [3, 8, 0, 6], ""acc"": 1.2, ""vel"": 23.65, ""pos"": 11.6, ""error"": 0.4860923000003865}, {""pair"": [3, 8, 0, 6], ""acc"": 1.2, ""vel"": 23.65, ""pos"": 11.6, ""error"": 0.4067523000003863}, {""pair"": [3, 8, 0, 6], ""acc"": 1.2, ""vel"": 23.65, ""pos"": 11.6, ""error"": 20.669747699999924}, {""pair"": [3, 8, 0, 6], ""acc"": 1.2, ""vel"": 23.65, ""pos"": 11.6, ""error"": 20.749087699999926}, {""pair"": [3, 8, 0, 6], ""acc"": 1.2, ""vel"": 23.65, ""pos"": 11.6, ""error"": 122.55851230000003}, {""pair"": [3, 8, 0, 6], ""acc"": 1.2, ""vel"": 23.65, ""pos"": 11.6, ""error"": 122.67785230000004}], [{""pair"": [0, 6, 0, 8], ""acc"": 1.4, ""vel"": 23.65, ""pos"": 11.6, ""error"": 0.4860923000003865}, {""pair"": [0, 6, 0, 8], ""acc"": 1.4, ""vel"": 23.65, ""pos"": 11.6, ""error"": 0.4067523000003863}, {""pair"": [0, 6, 0, 8], ""acc"": 1.4, ""vel"": 23.65, ""pos"": 11.6, ""error"": 20.669747699999924}, {""pair"": [0, 6, 0, 8], ""acc"": 1.4, ""vel"": 23.65, ""pos"": 11.6, ""error"": 20.749087699999926}, {""pair"": [0, 6, 0, 8], ""acc"": 1.4, ""vel"": 23.65, ""pos"": 11.6, ""error"": 122.55851230000003}, {""pair"": [0, 6, 0, 8], ""acc"": 1.4, ""vel"": 23.65, ""pos"": 11.6, ""error"": 122.67785230000004}], [{""pair"": [0, 6, 1, 8], ""acc"": 1.2, ""vel"": 23.65, ""pos"": 1650.0, ""error"": 1637.9263076999996}, {""pair"": [0, 6, 1, 8], ""acc"": 1.2, ""vel"": 23.65, ""pos"": 1650.0, ""error"": 1638.0456476999996}, {""pair"": [0, 6, 1, 8], ""acc"": 1.2, ""vel"": 23.65, ""pos"": 1650.0, ""error"": 1659.0697476999999}, {""pair"": [0, 6, 1, 8], ""acc"": 1.2, ""vel"": 23.65, ""pos"": 1650.0, ""error"": 1659.1490876999999}, {""pair"": [0, 6, 1, 8], ""acc"": 1.2, ""vel"": 23.65, ""pos"": 1650.0, ""error"": 1556.7490877}, {""pair"": [0, 6, 1, 8], ""acc"": 1.2, ""vel"": 23.65, ""pos"": 1650.0, ""error"": 1556.6697477}], [{""pair"": [0, 6, 2, 8], ""acc"": 1.2, ""vel"": 23.65, ""pos"": 11.6, ""error"": 0.4860923000003865}, {""pair"": [0, 6, 2, 8], ""acc"": 1.2, ""vel"": 23.65, ""pos"": 11.6, ""error"": 0.4067523000003863}, {""pair"": [0, 6, 2, 8], ""acc"": 1.2, ""vel"": 23.65, ""pos"": 11.6, ""error"": 20.669747699999924}, {""pair"": [0, 6, 2, 8], ""acc"": 1.2, ""vel"": 23.65, ""pos"": 11.6, ""error"": 20.749087699999926}, {""pair"": [0, 6, 2, 8], ""acc"": 1.2, ""vel"": 23.65, ""pos"": 11.6, ""error"": 122.55851230000003}, {""pair"": [0, 6, 2, 8], ""acc"": 1.2, ""vel"": 23.65, ""pos"": 11.6, ""error"": 122.67785230000004}], [{""pair"": [1, 6, 0, 7], ""acc"": 1.3, ""vel"": 105.57, ""pos"": 421.2, ""error"": 491.0339076999996}, {""pair"": [1, 6, 0, 7], ""acc"": 1.3, ""vel"": 105.57, ""pos"": 421.2, ""error"": 491.11324769999965}, {""pair"": [1, 6, 0, 7], ""acc"": 1.3, ""vel"": 105.57, ""pos"": 421.2, ""error"": 512.1897476999999}, {""pair"": [1, 6, 0, 7], ""acc"": 1.3, ""vel"": 105.57, ""pos"": 421.2, ""error"": 512.2690876999999}, {""pair"": [1, 6, 0, 7], ""acc"": 1.3, ""vel"": 105.57, ""pos"": 421.2, ""error"": 409.8690876999999}, {""pair"": [1, 6, 0, 7], ""acc"": 1.3, ""vel"": 105.57, ""pos"": 421.2, ""error"": 409.7897476999999}], [{""pair"": [1, 6, 1, 7], ""acc"": 1.2, ""vel"": 105.57, ""pos"": 1240.4, ""error"": 1310.2339076999997}, {""pair"": [1, 6, 1, 7], ""acc"": 1.2, ""vel"": 105.57, ""pos"": 1240.4, ""error"": 1310.3132476999997}, {""pair"": [1, 6, 1, 7], ""acc"": 1.2, ""vel"": 105.57, ""pos"": 1240.4, ""error"": 1331.3897477}, {""pair"": [1, 6, 1, 7], ""acc"": 1.2, ""vel"": 105.57, ""pos"": 1240.4, ""error"": 1331.4690877}, {""pair"": [1, 6, 1, 7], ""acc"": 1.2, ""vel"": 105.57, ""pos"": 1240.4, ""error"": 1229.0690877000002}, {""pair"": [1, 6, 1, 7], ""acc"": 1.2, ""vel"": 105.57, ""pos"": 1240.4, ""error"": 1228.9897477000002}], [{""pair"": [1, 6, 2, 7], ""acc"": 1.2, ""vel"": 105.57, ""pos"": 421.2, ""error"": 491.0339076999996}, {""pair"": [1, 6, 2, 7], ""acc"": 1.2, ""vel"": 105.57, ""pos"": 421.2, ""error"": 491.11324769999965}, {""pair"": [1, 6, 2, 7], ""acc"": 1.2, ""vel"": 105.57, ""pos"": 421.2, ""error"": 512.1897476999999}, {""pair"": [1, 6, 2, 7], ""acc"": 1.2, ""vel"": 105.57, ""pos"": 421.2, ""error"": 512.2690876999999}, {""pair"": [1, 6, 2, 7], ""acc"": 1.2, ""vel"": 105.57, ""pos"": 421.2, ""error"": 409.8690876999999}, {""pair"": [1, 6, 2, 7], ""acc"": 1.2, ""vel"": 105.57, ""pos"": 421.2, ""error"": 409.7897476999999}], [{""pair"": [2, 6, 0, 7], ""acc"": 1.3, ""vel"": 105.57, ""pos"": 11.6, ""error"": 82.39369230000034}, {""pair"": [2, 6, 0, 7], ""acc"": 1.3, ""vel"": 105.57, ""pos"": 11.6, ""error"": 82.27435230000033}, {""pair"": [2, 6, 0, 7], ""acc"": 1.3, ""vel"": 105.57, ""pos"": 11.6, ""error"": 102.58974769999992}, {""pair"": [2, 6, 0, 7], ""acc"": 1.3, ""vel"": 105.57, ""pos"": 11.6, ""error"": 102.66908769999992}, {""pair"": [2, 6, 0, 7], ""acc"": 1.3, ""vel"": 105.57, ""pos"": 11.6, ""error"": 204.47851230000003}, {""pair"": [2, 6, 0, 7], ""acc"": 1.3, ""vel"": 105.57, ""pos"": 11.6, ""error"": 204.59785230000003}], [{""pair"": [2, 6, 1, 7], ""acc"": 1.2, ""vel"": 105.57, ""pos"": 830.8, ""error"": 900.6339076999996}, {""pair"": [2, 6, 1, 7], ""acc"": 1.2, ""vel"": 105.57, ""pos"": 830.8, ""error"": 900.7132476999996}, {""pair"": [2, 6, 1, 7], ""acc"": 1.2, ""vel"": 105.57, ""pos"": 830.8, ""error"": 921.7897476999998}, {""pair"": [2, 6, 1, 7], ""acc"": 1.2, ""vel"": 105.57, ""pos"": 830.8, ""error"": 921.8690876999999}, {""pair"": [2, 6, 1, 7], ""acc"": 1.2, ""vel"": 105.57, ""pos"": 830.8, ""error"": 819.4690876999998}, {""pair"": [2, 6, 1, 7], ""acc"": 1.2, ""vel"": 105.57, ""pos"": 830.8, ""error"": 819.3897476999998}], [{""pair"": [2, 6, 2, 7], ""acc"": 1.2, ""vel"": 105.57, ""pos"": 11.6, ""error"": 82.39369230000034}, {""pair"": [2, 6, 2, 7], ""acc"": 1.2, ""vel"": 105.57, ""pos"": 11.6, ""error"": 82.27435230000033}, {""pair"": [2, 6, 2, 7], ""acc"": 1.2, ""vel"": 105.57, ""pos"": 11.6, ""error"": 102.58974769999992}, {""pair"": [2, 6, 2, 7], ""acc"": 1.2, ""vel"": 105.57, ""pos"": 11.6, ""error"": 102.66908769999992}, {""pair"": [2, 6, 2, 7], ""acc"": 1.2, ""vel"": 105.57, ""pos"": 11.6, ""error"": 204.47851230000003}, {""pair"": [2, 6, 2, 7], ""acc"": 1.2, ""vel"": 105.57, ""pos"": 11.6, ""error"": 204.59785230000003}]]","[[[3, 6, 0, 7], [1.3, 105.57, 11.6], 82.27435230000033], [[3, 6, 1, 7], [1.2, 105.57, 830.8], 819.3897476999998], [[3, 6, 2, 7], [1.2, 105.57, 11.6], 82.27435230000033], [[3, 7, 1, 6], [1.2, 105.57, 421.2], 409.7897476999999], [[3, 7, 2, 6], [1.2, 105.57, 11.6], 82.27435230000033], [[3, 8, 0, 6], [1.2, 23.65, 11.6], 0.4067523000003863], [[0, 6, 0, 8], [1.4, 23.65, 11.6], 0.4067523000003863], [[0, 6, 1, 8], [1.2, 23.65, 1650.0], 1556.6697477], [[0, 6, 2, 8], [1.2, 23.65, 11.6], 0.4067523000003863], [[1, 6, 0, 7], [1.3, 105.57, 421.2], 409.7897476999999], [[1, 6, 1, 7], [1.2, 105.57, 1240.4], 1228.9897477000002], [[1, 6, 2, 7], [1.2, 105.57, 421.2], 409.7897476999999], [[2, 6, 0, 7], [1.3, 105.57, 11.6], 82.27435230000033], [[2, 6, 1, 7], [1.2, 105.57, 830.8], 819.3897476999998], [[2, 6, 2, 7], [1.2, 105.57, 11.6], 82.27435230000033]]"
1.3,23.7,12.4,1.3,23.06,6.0,1.3,23.7,12.4,"[{""pair"": [1, 0, 1, 15], ""acc"": 1.3, ""vel"": 23.7, ""pos"": 12.4, ""error"": 0.00730919999981694}, {""pair"": [1, 0, 0, 15], ""acc"": -24.3, ""vel"": 23.06, ""pos"": 12.4, ""error"": 0.6355935999997957}, {""pair"": [1, 1, 2, 15], ""acc"": 1.3, ""vel"": 23.06, ""pos"": 15.6, ""error"": 3.8260064000001837}, {""pair"": [2, 0, 1, 15], ""acc"": 1.3, ""vel"": 23.7, ""pos"": 6.0, ""error"": 6.407309199999817}, {""pair"": [3, 15, 1, 1], ""acc"": 1.3, ""vel"": 23.06, ""pos"": 18.8, ""error"": 7.026006400000185}, {""pair"": [2, 0, 0, 15], ""acc"": -24.3, ""vel"": 23.06, ""pos"": 6.0, ""error"": 7.035593599999796}, {""pair"": [0, 0, 0, 15], ""acc"": -24.3, ""vel"": 24.34, ""pos"": 6.0, ""error"": 7.047309199999818}, {""pair"": [0, 0, 1, 15], ""acc"": 1.3, ""vel"": 24.98, ""pos"": 6.0, ""error"": 7.687309199999818}, {""pair"": [3, 1, 2, 15], ""acc"": 1.3, ""vel"": 23.06, ""pos"": 2.8, ""error"": 10.235593599999795}]","[[1, 0, 1, 15], [1, 0, 0, 15], [1, 1, 2, 15], [2, 0, 1, 15], [3, 15, 1, 1], [2, 0, 0, 15], [0, 0, 0, 15], [0, 0, 1, 15], [3, 1, 2, 15]]","[[{""pair"": [0, 0, 0, 15], ""acc"": -24.3, ""vel"": 24.34, ""pos"": 6.0, ""error"": 7.053993599999817}, {""pair"": [0, 0, 0, 15], ""acc"": -24.3, ""vel"": 24.34, ""pos"": 6.0, ""error"": 7.053993599999817}, {""pair"": [0, 0, 0, 15], ""acc"": -24.3, ""vel"": 24.34, ""pos"": 6.0, ""error"": 7.047309199999818}, {""pair"": [0, 0, 0, 15], ""acc"": -24.3, ""vel"": 24.34, ""pos"": 6.0, ""error"": 90.46087359999912}, {""pair"": [0, 0, 0, 15], ""acc"": -24.3, ""vel"": 24.34, ""pos"": 6.0, ""error"": 90.46087359999912}, {""pair"": [0, 0, 0, 15], ""acc"": -24.3, ""vel"": 24.34, ""pos"": 6.0, ""error"": 90.46087359999912}, {""pair"": [0, 0, 0, 15], ""acc"": -24.3, ""vel"": 24.34, ""pos"": 6.0, ""error"": 90.46433139999911}, {""pair"": [0, 0, 0, 15], ""acc"": -24.3, ""vel"": 24.34, ""pos"": 6.0, ""error"": 90.46433139999911}, {""pair"": [0, 0, 0, 15], ""acc"": -24.3, ""vel"": 24.34, ""pos"": 6.0, ""error"": 500.0608735999991}, {""pair"": [0, 0, 0, 15], ""acc"": -24.3, ""vel"": 24.34, ""pos"": 6.0, ""error"": 500.0608735999991}, {""pair"": [0, 0, 0, 15], ""acc"": -24.3, ""vel"": 24.34, ""pos"": 6.0, ""error"": 500.0643313999991}, {""pair"": [0, 0, 0, 15], ""acc"": -24.3, ""vel"": 24.34, ""pos"": 6.0, ""error"": 909.660873599999}, {""pair"": [0, 0, 0, 15], ""acc"": -24.3, ""vel"": 24.34, ""pos"": 6.0, ""error"": 909.660873599999}, {""pair"": [0, 0, 0, 15], ""acc"": -24.3, ""vel"": 24.34, ""pos"": 6.0, ""error"": 1319.2608735999993}, {""pair"": [0, 0, 0, 15], ""acc"": -24.3, ""vel"": 24.34, ""pos"": 6.0, ""error"": 1645.4539935999999}], [{""pair"": [0, 0, 1, 15], ""acc"": 1.3, ""vel"": 24.98, ""pos"": 6.0, ""error"": 7.693993599999818}, {""pair"": [0, 0, 1, 15], ""acc"": 1.3, ""vel"": 24.98, ""pos"": 6.0, ""error"": 7.693993599999818}, {""pair"": [0, 0, 1, 15], ""acc"": 1.3, ""vel"": 24.98, ""pos"": 6.0, ""error"": 7.687309199999818}, {""pair"": [0, 0, 1, 15], ""acc"": 1.3, ""vel"": 24.98, ""pos"": 6.0, ""error"": 89.82087359999912}, {""pair"": [0, 0, 1, 15], ""acc"": 1.3, ""vel"": 24.98, ""pos"": 6.0, ""error"": 89.82087359999912}, {""pair"": [0, 0, 1, 15], ""acc"": 1.3, ""vel"": 24.98, ""pos"": 6.0, ""error"": 89.82087359999912}, {""pair"": [0, 0, 1, 15], ""acc"": 1.3, ""vel"": 24.98, ""pos"": 6.0, ""error"": 89.82433139999911}, {""pair"": [0, 0, 1, 15], ""acc"": 1.3, ""vel"": 24.98, ""pos"": 6.0, ""error"": 89.82433139999911}, {""pair"": [0, 0, 1, 15], ""acc"": 1.3, ""vel"": 24.98, ""pos"": 6.0, ""error"": 499.4208735999991}, {""pair"": [0, 0, 1, 15], ""acc"": 1.3, ""vel"": 24.98, ""pos"": 6.0, ""error"": 499.4208735999991}, {""pair"": [0, 0, 1, 15], ""acc"": 1.3, ""vel"": 24.98, ""pos"": 6.0, ""error"": 499.4243313999991}, {""pair"": [0, 0, 1, 15], ""acc"": 1.3, ""vel"": 24.98, ""pos"": 6.0, ""error"": 909.020873599999}, {""pair"": [0, 0, 1, 15], ""acc"": 1.3, ""vel"": 24.98, ""pos"": 6.0, ""error"": 909.020873599999}, {""pair"": [0, 0, 1, 15], ""acc"": 1.3, ""vel"": 24.98, ""pos"": 6.0, ""error"": 1318.6208735999992}, {""pair"": [0, 0, 1, 15], ""acc"": 1.3, ""vel"": 24.98, ""pos"": 6.0, ""error"": 1646.0939935999997}], [{""pair"": [1, 0, 0, 15], ""acc"": -24.3, ""vel"": 23.06, ""pos"": 12.4, ""error"": 0.6355935999997957}, {""pair"": [1, 0, 0, 15], ""acc"": -24.3, ""vel"": 23.06, ""pos"": 12.4, ""error"": 0.6355935999997957}, {""pair"": [1, 0, 0, 15], ""acc"": -24.3, ""vel"": 23.06, ""pos"": 12.4, ""error"": 0.6425091999997932}, {""pair"": [1, 0, 0, 15], ""acc"": -24.3, ""vel"": 23.06, ""pos"": 12.4, ""error"": 85.34087359999911}, {""pair"": [1, 0, 0, 15], ""acc"": -24.3, ""vel"": 23.06, ""pos"": 12.4, ""error"": 85.34087359999911}, {""pair"": [1, 0, 0, 15], ""acc"": -24.3, ""vel"": 23.06, ""pos"": 12.4, ""error"": 85.34087359999911}, {""pair"": [1, 0, 0, 15], ""acc"": -24.3, ""vel"": 23.06, ""pos"": 12.4, ""error"": 85.34433139999912}, {""pair"": [1, 0, 0, 15], ""acc"": -24.3, ""vel"": 23.06, ""pos"": 12.4, ""error"": 85.34433139999912}, {""pair"": [1, 0, 0, 15], ""acc"": -24.3, ""vel"": 23.06, ""pos"": 12.4, ""error"": 494.9408735999991}, {""pair"": [1, 0, 0, 15], ""acc"": -24.3, ""vel"": 23.06, ""pos"": 12.4, ""error"": 494.9408735999991}, {""pair"": [1, 0, 0, 15], ""acc"": -24.3, ""vel"": 23.06, ""pos"": 12.4, ""error"": 494.94433139999916}, {""pair"": [1, 0, 0, 15], ""acc"": -24.3, ""vel"": 23.06, ""pos"": 12.4, ""error"": 904.540873599999}, {""pair"": [1, 0, 0, 15], ""acc"": -24.3, ""vel"": 23.06, ""pos"": 12.4, ""error"": 904.540873599999}, {""pair"": [1, 0, 0, 15], ""acc"": -24.3, ""vel"": 23.06, ""pos"": 12.4, ""error"": 1314.1408735999992}, {""pair"": [1, 0, 0, 15], ""acc"": -24.3, ""vel"": 23.06, ""pos"": 12.4, ""error"": 1639.0355935999996}], [{""pair"": [1, 0, 1, 15], ""acc"": 1.3, ""vel"": 23.7, ""pos"": 12.4, ""error"": 0.013993599999816198}, {""pair"": [1, 0, 1, 15], ""acc"": 1.3, ""vel"": 23.7, ""pos"": 12.4, ""error"": 0.013993599999816198}, {""pair"": [1, 0, 1, 15], ""acc"": 1.3, ""vel"": 23.7, ""pos"": 12.4, ""error"": 0.00730919999981694}, {""pair"": [1, 0, 1, 15], ""acc"": 1.3, ""vel"": 23.7, ""pos"": 12.4, ""error"": 84.70087359999911}, {""pair"": [1, 0, 1, 15], ""acc"": 1.3, ""vel"": 23.7, ""pos"": 12.4, ""error"": 84.70087359999911}, {""pair"": [1, 0, 1, 15], ""acc"": 1.3, ""vel"": 23.7, ""pos"": 12.4, ""error"": 84.70087359999911}, {""pair"": [1, 0, 1, 15], ""acc"": 1.3, ""vel"": 23.7, ""pos"": 12.4, ""error"": 84.70433139999912}, {""pair"": [1, 0, 1, 15], ""acc"": 1.3, ""vel"": 23.7, ""pos"": 12.4, ""error"": 84.70433139999912}, {""pair"": [1, 0, 1, 15], ""acc"": 1.3, ""vel"": 23.7, ""pos"": 12.4, ""error"": 494.30087359999914}, {""pair"": [1, 0, 1, 15], ""acc"": 1.3, ""vel"": 23.7, ""pos"": 12.4, ""error"": 494.30087359999914}, {""pair"": [1, 0, 1, 15], ""acc"": 1.3, ""vel"": 23.7, ""pos"": 12.4, ""error"": 494.30433139999917}, {""pair"": [1, 0, 1, 15], ""acc"": 1.3, ""vel"": 23.7, ""pos"": 12.4, ""error"": 903.900873599999}, {""pair"": [1, 0, 1, 15], ""acc"": 1.3, ""vel"": 23.7, ""pos"": 12.4, ""error"": 903.900873599999}, {""pair"": [1, 0, 1, 15], ""acc"": 1.3, ""vel"": 23.7, ""pos"": 12.4, ""error"": 1313.500873599999}, {""pair"": [1, 0, 1, 15], ""acc"": 1.3, ""vel"": 23.7, ""pos"": 12.4, ""error"": 1638.4139935999997}], [{""pair"": [2, 0, 0, 15], ""acc"": -24.3, ""vel"": 23.06, ""pos"": 6.0, ""error"": 7.035593599999796}, {""pair"": [2, 0, 0, 15], ""acc"": -24.3, ""vel"": 23.06, ""pos"": 6.0, ""error"": 7.035593599999796}, {""pair"": [2, 0, 0, 15], ""acc"": -24.3, ""vel"": 23.06, ""pos"": 6.0, ""error"": 7.0425091999997935}, {""pair"": [2, 0, 0, 15], ""acc"": -24.3, ""vel"": 23.06, ""pos"": 6.0, ""error"": 91.74087359999912}, {""pair"": [2, 0, 0, 15], ""acc"": -24.3, ""vel"": 23.06, ""pos"": 6.0, ""error"": 91.74087359999912}, {""pair"": [2, 0, 0, 15], ""acc"": -24.3, ""vel"": 23.06, ""pos"": 6.0, ""error"": 91.74087359999912}, {""pair"": [2, 0, 0, 15], ""acc"": -24.3, ""vel"": 23.06, ""pos"": 6.0, ""error"": 91.74433139999911}, {""pair"": [2, 0, 0, 15], ""acc"": -24.3, ""vel"": 23.06, ""pos"": 6.0, ""error"": 91.74433139999911}, {""pair"": [2, 0, 0, 15], ""acc"": -24.3, ""vel"": 23.06, ""pos"": 6.0, ""error"": 501.3408735999991}, {""pair"": [2, 0, 0, 15], ""acc"": -24.3, ""vel"": 23.06, ""pos"": 6.0, ""error"": 501.3408735999991}, {""pair"": [2, 0, 0, 15], ""acc"": -24.3, ""vel"": 23.06, ""pos"": 6.0, ""error"": 501.34433139999913}, {""pair"": [2, 0, 0, 15], ""acc"": -24.3, ""vel"": 23.06, ""pos"": 6.0, ""error"": 910.940873599999}, {""pair"": [2, 0, 0, 15], ""acc"": -24.3, ""vel"": 23.06, ""pos"": 6.0, ""error"": 910.940873599999}, {""pair"": [2, 0, 0, 15], ""acc"": -24.3, ""vel"": 23.06, ""pos"": 6.0, ""error"": 1320.5408735999993}, {""pair"": [2, 0, 0, 15], ""acc"": -24.3, ""vel"": 23.06, ""pos"": 6.0, ""error"": 1645.4355935999997}], [{""pair"": [2, 0, 1, 15], ""acc"": 1.3, ""vel"": 23.7, ""pos"": 6.0, ""error"": 6.4139935999998166}, {""pair"": [2, 0, 1, 15], ""acc"": 1.3, ""vel"": 23.7, ""pos"": 6.0, ""error"": 6.4139935999998166}, {""pair"": [2, 0, 1, 15], ""acc"": 1.3, ""vel"": 23.7, ""pos"": 6.0, ""error"": 6.407309199999817}, {""pair"": [2, 0, 1, 15], ""acc"": 1.3, ""vel"": 23.7, ""pos"": 6.0, ""error"": 91.10087359999912}, {""pair"": [2, 0, 1, 15], ""acc"": 1.3, ""vel"": 23.7, ""pos"": 6.0, ""error"": 91.10087359999912}, {""pair"": [2, 0, 1, 15], ""acc"": 1.3, ""vel"": 23.7, ""pos"": 6.0, ""error"": 91.10087359999912}, {""pair"": [2, 0, 1, 15], ""acc"": 1.3, ""vel"": 23.7, ""pos"": 6.0, ""error"": 91.10433139999911}, {""pair"": [2, 0, 1, 15], ""acc"": 1.3, ""vel"": 23.7, ""pos"": 6.0, ""error"": 91.10433139999911}, {""pair"": [2, 0, 1, 15], ""acc"": 1.3, ""vel"": 23.7, ""pos"": 6.0, ""error"": 500.7008735999991}, {""pair"": [2, 0, 1, 15], ""acc"": 1.3, ""vel"": 23.7, ""pos"": 6.0, ""error"": 500.7008735999991}, {""pair"": [2, 0, 1, 15], ""acc"": 1.3, ""vel"": 23.7, ""pos"": 6.0, ""error"": 500.70433139999915}, {""pair"": [2, 0, 1, 15], ""acc"": 1.3, ""vel"": 23.7, ""pos"": 6.0, ""error"": 910.300873599999}, {""pair"": [2, 0, 1, 15], ""acc"": 1.3, ""vel"": 23.7, ""pos"": 6.0, ""error"": 910.300873599999}, {""pair"": [2, 0, 1, 15], ""acc"": 1.3, ""vel"": 23.7, ""pos"": 6.0, ""error"": 1319.9008735999992}, {""pair"": [2, 0, 1, 15], ""acc"": 1.3, ""vel"": 23.7, ""pos"": 6.0, ""error"": 1644.8139935999998}], [{""pair"": [3, 1, 2, 15], ""acc"": 1.3, ""vel"": 23.06, ""pos"": 2.8, ""error"": 10.235593599999795}, {""pair"": [3, 1, 2, 15], ""acc"": 1.3, ""vel"": 23.06, ""pos"": 2.8, ""error"": 10.235593599999795}, {""pair"": [3, 1, 2, 15], ""acc"": 1.3, ""vel"": 23.06, ""pos"": 2.8, ""error"": 10.242509199999795}, {""pair"": [3, 1, 2, 15], ""acc"": 1.3, ""vel"": 23.06, ""pos"": 2.8, ""error"": 94.94087359999912}, {""pair"": [3, 1, 2, 15], ""acc"": 1.3, ""vel"": 23.06, ""pos"": 2.8, ""error"": 94.94087359999912}, {""pair"": [3, 1, 2, 15], ""acc"": 1.3, ""vel"": 23.06, ""pos"": 2.8, ""error"": 94.94087359999912}, {""pair"": [3, 1, 2, 15], ""acc"": 1.3, ""vel"": 23.06, ""pos"": 2.8, ""error"": 94.94433139999911}, {""pair"": [3, 1, 2, 15], ""acc"": 1.3, ""vel"": 23.06, ""pos"": 2.8, ""error"": 94.94433139999911}, {""pair"": [3, 1, 2, 15], ""acc"": 1.3, ""vel"": 23.06, ""pos"": 2.8, ""error"": 504.5408735999991}, {""pair"": [3, 1, 2, 15], ""acc"": 1.3, ""vel"": 23.06, ""pos"": 2.8, ""error"": 504.5408735999991}, {""pair"": [3, 1, 2, 15], ""acc"": 1.3, ""vel"": 23.06, ""pos"": 2.8, ""error"": 504.5443313999991}, {""pair"": [3, 1, 2, 15], ""acc"": 1.3, ""vel"": 23.06, ""pos"": 2.8, ""error"": 914.140873599999}, {""pair"": [3, 1, 2, 15], ""acc"": 1.3, ""vel"": 23.06, ""pos"": 2.8, ""error"": 914.140873599999}, {""pair"": [3, 1, 2, 15], ""acc"": 1.3, ""vel"": 23.06, ""pos"": 2.8, ""error"": 1323.7408735999993}, {""pair"": [3, 1, 2, 15], ""acc"": 1.3, ""vel"": 23.06, ""pos"": 2.8, ""error"": 1648.6355935999998}], [{""pair"": [3, 15, 1, 1], ""acc"": 1.3, ""vel"": 23.06, ""pos"": 18.8, ""error"": 7.026006400000185}, {""pair"": [3, 15, 1, 1], ""acc"": 1.3, ""vel"": 23.06, ""pos"": 18.8, ""error"": 7.026006400000185}, {""pair"": [3, 15, 1, 1], ""acc"": 1.3, ""vel"": 23.06, ""pos"": 18.8, ""error"": 7.032690800000184}, {""pair"": [3, 15, 1, 1], ""acc"": 1.3, ""vel"": 23.06, ""pos"": 18.8, ""error"": 86.16072640000084}, {""pair"": [3, 15, 1, 1], ""acc"": 1.3, ""vel"": 23.06, ""pos"": 18.8, ""error"": 86.16072640000084}, {""pair"": [3, 15, 1, 1], ""acc"": 1.3, ""vel"": 23.06, ""pos"": 18.8, ""error"": 86.16072640000084}, {""pair"": [3, 15, 1, 1], ""acc"": 1.3, ""vel"": 23.06, ""pos"": 18.8, ""error"": 86.16406860000085}, {""pair"": [3, 15, 1, 1], ""acc"": 1.3, ""vel"": 23.06, ""pos"": 18.8, ""error"": 86.16406860000085}, {""pair"": [3, 15, 1, 1], ""acc"": 1.3, ""vel"": 23.06, ""pos"": 18.8, ""error"": 488.5408735999991}, {""pair"": [3, 15, 1, 1], ""acc"": 1.3, ""vel"": 23.06, ""pos"": 18.8, ""error"": 488.5408735999991}, {""pair"": [3, 15, 1, 1], ""acc"": 1.3, ""vel"": 23.06, ""pos"": 18.8, ""error"": 488.5443313999991}, {""pair"": [3, 15, 1, 1], ""acc"": 1.3, ""vel"": 23.06, ""pos"": 18.8, ""error"": 898.140873599999}, {""pair"": [3, 15, 1, 1], ""acc"": 1.3, ""vel"": 23.06, ""pos"": 18.8, ""error"": 898.140873599999}, {""pair"": [3, 15, 1, 1], ""acc"": 1.3, ""vel"": 23.06, ""pos"": 18.8, ""error"": 1307.7408735999993}, {""pair"": [3, 15, 1, 1], ""acc"": 1.3, ""vel"": 23.06, ""pos"": 18.8, ""error"": 1632.6355935999998}], [{""pair"": [1, 1, 2, 15], ""acc"": 1.3, ""vel"": 23.06, ""pos"": 15.6, ""error"": 3.8260064000001837}, {""pair"": [1, 1, 2, 15], ""acc"": 1.3, ""vel"": 23.06, ""pos"": 15.6, ""error"": 3.8260064000001837}, {""pair"": [1, 1, 2, 15], ""acc"": 1.3, ""vel"": 23.06, ""pos"": 15.6, ""error"": 3.832690800000183}, {""pair"": [1, 1, 2, 15], ""acc"": 1.3, ""vel"": 23.06, ""pos"": 15.6, ""error"": 82.96072640000085}, {""pair"": [1, 1, 2, 15], ""acc"": 1.3, ""vel"": 23.06, ""pos"": 15.6, ""error"": 82.96072640000085}, {""pair"": [1, 1, 2, 15], ""acc"": 1.3, ""vel"": 23.06, ""pos"": 15.6, ""error"": 82.96072640000085}, {""pair"": [1, 1, 2, 15], ""acc"": 1.3, ""vel"": 23.06, ""pos"": 15.6, ""error"": 82.96406860000084}, {""pair"": [1, 1, 2, 15], ""acc"": 1.3, ""vel"": 23.06, ""pos"": 15.6, ""error"": 82.96406860000084}, {""pair"": [1, 1, 2, 15], ""acc"": 1.3, ""vel"": 23.06, ""pos"": 15.6, ""error"": 491.7408735999991}, {""pair"": [1, 1, 2, 15], ""acc"": 1.3, ""vel"": 23.06, ""pos"": 15.6, ""error"": 491.7408735999991}, {""pair"": [1, 1, 2, 15], ""acc"": 1.3, ""vel"": 23.06, ""pos"": 15.6, ""error"": 491.7443313999991}, {""pair"": [1, 1, 2, 15], ""acc"": 1.3, ""vel"": 23.06, ""pos"": 15.6, ""error"": 901.340873599999}, {""pair"": [1, 1, 2, 15], ""acc"": 1.3, ""vel"": 23.06, ""pos"": 15.6, ""error"": 901.340873599999}, {""pair"": [1, 1, 2, 15], ""acc"": 1.3, ""vel"": 23.06, ""pos"": 15.6, ""error"": 1310.9408735999993}, {""pair"": [1, 1, 2, 15], ""acc"": 1.3, ""vel"": 23.06, ""pos"": 15.6, ""error"": 1635.8355935999998}]]","[[[0, 0, 0, 15], [-24.3, 24.34, 6.0], 7.047309199999818], [[0, 0, 1, 15], [1.3, 24.98, 6.0], 7.687309199999818], [[1, 0, 0, 15], [-24.3, 23.06, 12.4], 0.6355935999997957], [[1, 0, 1, 15], [1.3, 23.7, 12.4], 0.00730919999981694], [[2, 0, 0, 15], [-24.3, 23.06, 6.0], 7.035593599999796], [[2, 0, 1, 15], [1.3, 23.7, 6.0], 6.407309199999817], [[3, 1, 2, 15], [1.3, 23.06, 2.8], 10.235593599999795], [[3, 15, 1, 1], [1.3, 23.06, 18.8], 7.026006400000185], [[1, 1, 2, 15], [1.3, 23.06, 15.6], 3.8260064000001837]]"
1.3,23.74,13.2,1.3,23.74,426.0,1.3,23.74,13.2,"[{""pair"": [1, 6, 2, 15], ""acc"": 1.3, ""vel"": 23.74, ""pos"": 13.2, ""error"": 0.439833599999508}, {""pair"": [1, 6, 1, 15], ""acc"": 1.3, ""vel"": 23.1, ""pos"": 16.4, ""error"": 0.45007359999952357}, {""pair"": [3, 15, 1, 6], ""acc"": 1.3, ""vel"": 23.74, ""pos"": 16.4, ""error"": 1.0900735999995206}]","[[1, 6, 2, 15], [1, 6, 1, 15], [3, 15, 1, 6]]","[[{""pair"": [3, 15, 1, 6], ""acc"": 1.3, ""vel"": 23.74, ""pos"": 16.4, ""error"": 3.6398335999995073}, {""pair"": [3, 15, 1, 6], ""acc"": 1.3, ""vel"": 23.74, ""pos"": 16.4, ""error"": 4.702950400000031}, {""pair"": [3, 15, 1, 6], ""acc"": 1.3, ""vel"": 23.74, ""pos"": 16.4, ""error"": 1.0900735999995206}, {""pair"": [3, 15, 1, 6], ""acc"": 1.3, ""vel"": 23.74, ""pos"": 16.4, ""error"": 10.039833599999508}, {""pair"": [3, 15, 1, 6], ""acc"": 1.3, ""vel"": 23.74, ""pos"": 16.4, ""error"": 3.4283264000004294}, {""pair"": [3, 15, 1, 6], ""acc"": 1.3, ""vel"": 23.74, ""pos"": 16.4, ""error"": 11.102950400000031}, {""pair"": [3, 15, 1, 6], ""acc"": 1.3, ""vel"": 23.74, ""pos"": 16.4, ""error"": 10.224870399999055}, {""pair"": [3, 15, 1, 6], ""acc"": 1.3, ""vel"": 23.74, ""pos"": 16.4, ""error"": 11.260953599999539}, {""pair"": [3, 15, 1, 6], ""acc"": 1.3, ""vel"": 23.74, ""pos"": 16.4, ""error"": 13.890073599999521}], [{""pair"": [1, 6, 1, 15], ""acc"": 1.3, ""vel"": 23.1, ""pos"": 16.4, ""error"": 4.241433599999558}, {""pair"": [1, 6, 1, 15], ""acc"": 1.3, ""vel"": 23.1, ""pos"": 16.4, ""error"": 4.062950400000034}, {""pair"": [1, 6, 1, 15], ""acc"": 1.3, ""vel"": 23.1, ""pos"": 16.4, ""error"": 0.45007359999952357}, {""pair"": [1, 6, 1, 15], ""acc"": 1.3, ""vel"": 23.1, ""pos"": 16.4, ""error"": 10.641433599999559}, {""pair"": [1, 6, 1, 15], ""acc"": 1.3, ""vel"": 23.1, ""pos"": 16.4, ""error"": 2.7883264000004324}, {""pair"": [1, 6, 1, 15], ""acc"": 1.3, ""vel"": 23.1, ""pos"": 16.4, ""error"": 10.462950400000034}, {""pair"": [1, 6, 1, 15], ""acc"": 1.3, ""vel"": 23.1, ""pos"": 16.4, ""error"": 10.864870399999052}, {""pair"": [1, 6, 1, 15], ""acc"": 1.3, ""vel"": 23.1, ""pos"": 16.4, ""error"": 11.900953599999536}, {""pair"": [1, 6, 1, 15], ""acc"": 1.3, ""vel"": 23.1, ""pos"": 16.4, ""error"": 13.250073599999524}], [{""pair"": [1, 6, 2, 15], ""acc"": 1.3, ""vel"": 23.74, ""pos"": 13.2, ""error"": 0.439833599999508}, {""pair"": [1, 6, 2, 15], ""acc"": 1.3, ""vel"": 23.74, ""pos"": 13.2, ""error"": 1.5029504000000316}, {""pair"": [1, 6, 2, 15], ""acc"": 1.3, ""vel"": 23.74, ""pos"": 13.2, ""error"": 3.428326400000426}, {""pair"": [1, 6, 2, 15], ""acc"": 1.3, ""vel"": 23.74, ""pos"": 13.2, ""error"": 6.839833599999508}, {""pair"": [1, 6, 2, 15], ""acc"": 1.3, ""vel"": 23.74, ""pos"": 13.2, ""error"": 6.628326400000429}, {""pair"": [1, 6, 2, 15], ""acc"": 1.3, ""vel"": 23.74, ""pos"": 13.2, ""error"": 7.902950400000032}, {""pair"": [1, 6, 2, 15], ""acc"": 1.3, ""vel"": 23.74, ""pos"": 13.2, ""error"": 7.024870399999057}, {""pair"": [1, 6, 2, 15], ""acc"": 1.3, ""vel"": 23.74, ""pos"": 13.2, ""error"": 8.06095359999954}, {""pair"": [1, 6, 2, 15], ""acc"": 1.3, ""vel"": 23.74, ""pos"": 13.2, ""error"": 10.690073599999522}]]","[[[3, 15, 1, 6], [1.3, 23.74, 16.4], 1.0900735999995206], [[1, 6, 1, 15], [1.3, 23.1, 16.4], 0.45007359999952357], [[1, 6, 2, 15], [1.3, 23.74, 13.2], 0.439833599999508]]"
1.3,23.77,13.6,-8.0,23.77,13.6,-24.3,23.77,13.6,"[{""pair"": [3, 15, 2, 7], ""acc"": -24.3, ""vel"": 23.77, ""pos"": 13.6, ""error"": 0.011667849999907887}, {""pair"": [3, 7, 0, 15], ""acc"": 1.3, ""vel"": 23.77, ""pos"": 13.6, ""error"": 0.011667849999907887}, {""pair"": [2, 7, 0, 15], ""acc"": 1.3, ""vel"": 23.77, ""pos"": 13.6, ""error"": 0.011667849999907887}, {""pair"": [3, 7, 1, 15], ""acc"": -24.3, ""vel"": 23.13, ""pos"": 13.6, ""error"": 0.6358678499998955}, {""pair"": [2, 7, 1, 15], ""acc"": -24.3, ""vel"": 23.13, ""pos"": 13.6, ""error"": 0.6358678499998955}, {""pair"": [3, 15, 1, 7], ""acc"": -24.3, ""vel"": 23.77, ""pos"": 832.8, ""error"": 816.00413215}, {""pair"": [1, 7, 0, 15], ""acc"": 1.3, ""vel"": 23.77, ""pos"": 832.8, ""error"": 816.00413215}, {""pair"": [1, 7, 1, 15], ""acc"": -24.3, ""vel"": 23.13, ""pos"": 832.8, ""error"": 816.01501215}]","[[3, 15, 2, 7], [3, 7, 0, 15], [2, 7, 0, 15], [3, 7, 1, 15], [2, 7, 1, 15], [3, 15, 1, 7], [1, 7, 0, 15], [1, 7, 1, 15]]","[[{""pair"": [3, 7, 0, 15], ""acc"": 1.3, ""vel"": 23.77, ""pos"": 13.6, ""error"": 0.011667849999907887}, {""pair"": [3, 7, 0, 15], ""acc"": 1.3, ""vel"": 23.77, ""pos"": 13.6, ""error"": 3.8407878499999075}, {""pair"": [3, 7, 0, 15], ""acc"": 1.3, ""vel"": 23.77, ""pos"": 13.6, ""error"": 3.211667849999907}], [{""pair"": [3, 7, 1, 15], ""acc"": -24.3, ""vel"": 23.13, ""pos"": 13.6, ""error"": 0.6358678499998955}, {""pair"": [3, 7, 1, 15], ""acc"": -24.3, ""vel"": 23.13, ""pos"": 13.6, ""error"": 3.200787849999907}, {""pair"": [3, 7, 1, 15], ""acc"": -24.3, ""vel"": 23.13, ""pos"": 13.6, ""error"": 3.835867849999895}], [{""pair"": [3, 15, 1, 7], ""acc"": -24.3, ""vel"": 23.77, ""pos"": 832.8, ""error"": 819.2041321500001}, {""pair"": [3, 15, 1, 7], ""acc"": -24.3, ""vel"": 23.77, ""pos"": 832.8, ""error"": 816.6550121500001}, {""pair"": [3, 15, 1, 7], ""acc"": -24.3, ""vel"": 23.77, ""pos"": 832.8, ""error"": 816.00413215}], [{""pair"": [3, 15, 2, 7], ""acc"": -24.3, ""vel"": 23.77, ""pos"": 13.6, ""error"": 0.011667849999907887}, {""pair"": [3, 15, 2, 7], ""acc"": -24.3, ""vel"": 23.77, ""pos"": 13.6, ""error"": 3.8407878499999075}, {""pair"": [3, 15, 2, 7], ""acc"": -24.3, ""vel"": 23.77, ""pos"": 13.6, ""error"": 3.211667849999907}], [{""pair"": [1, 7, 0, 15], ""acc"": 1.3, ""vel"": 23.77, ""pos"": 832.8, ""error"": 819.2041321500001}, {""pair"": [1, 7, 0, 15], ""acc"": 1.3, ""vel"": 23.77, ""pos"": 832.8, ""error"": 816.6550121500001}, {""pair"": [1, 7, 0, 15], ""acc"": 1.3, ""vel"": 23.77, ""pos"": 832.8, ""error"": 816.00413215}], [{""pair"": [1, 7, 1, 15], ""acc"": -24.3, ""vel"": 23.13, ""pos"": 832.8, ""error"": 819.82833215}, {""pair"": [1, 7, 1, 15], ""acc"": -24.3, ""vel"": 23.13, ""pos"": 832.8, ""error"": 816.01501215}, {""pair"": [1, 7, 1, 15], ""acc"": -24.3, ""vel"": 23.13, ""pos"": 832.8, ""error"": 816.6283321500001}], [{""pair"": [2, 7, 0, 15], ""acc"": 1.3, ""vel"": 23.77, ""pos"": 13.6, ""error"": 0.011667849999907887}, {""pair"": [2, 7, 0, 15], ""acc"": 1.3, ""vel"": 23.77, ""pos"": 13.6, ""error"": 3.8407878499999075}, {""pair"": [2, 7, 0, 15], ""acc"": 1.3, ""vel"": 23.77, ""pos"": 13.6, ""error"": 3.211667849999907}], [{""pair"": [2, 7, 1, 15], ""acc"": -24.3, ""vel"": 23.13, ""pos"": 13.6, ""error"": 0.6358678499998955}, {""pair"": [2, 7, 1, 15], ""acc"": -24.3, ""vel"": 23.13, ""pos"": 13.6, ""error"": 3.200787849999907}, {""pair"": [2, 7, 1, 15], ""acc"": -24.3, ""vel"": 23.13, ""pos"": 13.6, ""error"": 3.835867849999895}]]","[[[3, 7, 0, 15], [1.3, 23.77, 13.6], 0.011667849999907887], [[3, 7, 1, 15], [-24.3, 23.13, 13.6], 0.6358678499998955], [[3, 15, 1, 7], [-24.3, 23.77, 832.8], 816.00413215], [[3, 15, 2, 7], [-24.3, 23.77, 13.6], 0.011667849999907887], [[1, 7, 0, 15], [1.3, 23.77, 832.8], 816.00413215], [[1, 7, 1, 15], [-24.3, 23.13, 832.8], 816.01501215], [[2, 7, 0, 15], [1.3, 23.77, 13.6], 0.011667849999907887], [[2, 7, 1, 15], [-24.3, 23.13, 13.6], 0.6358678499998955]]"
1.3,23.79,14.0,-8.0,23.79,17.2,1.3,23.79,14.0,"[{""pair"": [0, 15, 2, 15], ""acc"": 1.3, ""vel"": 23.79, ""pos"": 14.0, ""error"": 0.0063778499998967675}, {""pair"": [2, 15, 0, 15], ""acc"": 1.3, ""vel"": 23.79, ""pos"": 14.0, ""error"": 0.0063778499998967675}, {""pair"": [1, 15, 2, 15], ""acc"": -24.3, ""vel"": 23.15, ""pos"": 14.0, ""error"": 0.2074786500000041}, {""pair"": [2, 15, 1, 15], ""acc"": -24.3, ""vel"": 23.15, ""pos"": 14.0, ""error"": 0.2074786500000041}, {""pair"": [1, 0, 1, 1], ""acc"": -24.3, ""vel"": 23.79, ""pos"": 10.8, ""error"": 3.206377849999896}, {""pair"": [0, 15, 1, 15], ""acc"": 1.3, ""vel"": 23.15, ""pos"": 17.2, ""error"": 3.406321350000196}, {""pair"": [1, 15, 0, 15], ""acc"": 1.3, ""vel"": 23.15, ""pos"": 17.2, ""error"": 3.406321350000196}, {""pair"": [0, 0, 0, 1], ""acc"": -24.3, ""vel"": 22.51, ""pos"": 17.2, ""error"": 3.417201350000189}, {""pair"": [3, 1, 0, 0], ""acc"": -24.3, ""vel"": 25.07, ""pos"": 17.2, ""error"": 4.473622150000104}, {""pair"": [3, 0, 0, 1], ""acc"": -24.3, ""vel"": 21.23, ""pos"": 17.2, ""error"": 4.69720135000019}, {""pair"": [3, 1, 1, 0], ""acc"": -24.3, ""vel"": 23.79, ""pos"": 23.6, ""error"": 9.597822150000095}, {""pair"": [3, 0, 1, 1], ""acc"": -24.3, ""vel"": 23.79, ""pos"": 4.4, ""error"": 9.606377849999896}, {""pair"": [0, 0, 1, 1], ""acc"": -24.3, ""vel"": 25.07, ""pos"": 4.4, ""error"": 10.882177849999907}, {""pair"": [1, 0, 0, 1], ""acc"": -24.3, ""vel"": 21.23, ""pos"": 23.6, ""error"": 11.097201350000192}]","[[0, 15, 2, 15], [2, 15, 0, 15], [1, 15, 2, 15], [2, 15, 1, 15], [1, 0, 1, 1], [0, 15, 1, 15], [1, 15, 0, 15], [0, 0, 0, 1], [3, 1, 0, 0], [3, 0, 0, 1], [3, 1, 1, 0], [3, 0, 1, 1], [0, 0, 1, 1], [1, 0, 0, 1]]","[[{""pair"": [3, 0, 0, 1], ""acc"": -24.3, ""vel"": 21.23, ""pos"": 17.2, ""error"": 5.326321350000194}, {""pair"": [3, 0, 0, 1], ""acc"": -24.3, ""vel"": 21.23, ""pos"": 17.2, ""error"": 5.7578221500000915}, {""pair"": [3, 0, 0, 1], ""acc"": -24.3, ""vel"": 21.23, ""pos"": 17.2, ""error"": 5.7578221500000915}, {""pair"": [3, 0, 0, 1], ""acc"": -24.3, ""vel"": 21.23, ""pos"": 17.2, ""error"": 4.69720135000019}, {""pair"": [3, 0, 0, 1], ""acc"": -24.3, ""vel"": 21.23, ""pos"": 17.2, ""error"": 4.69720135000019}, {""pair"": [3, 0, 0, 1], ""acc"": -24.3, ""vel"": 21.23, ""pos"": 17.2, ""error"": 818.1274786499998}, {""pair"": [3, 0, 0, 1], ""acc"": -24.3, ""vel"": 21.23, ""pos"": 17.2, ""error"": 818.5663778499998}, {""pair"": [3, 0, 0, 1], ""acc"": -24.3, ""vel"": 21.23, ""pos"": 17.2, ""error"": 817.4765986499999}], [{""pair"": [3, 0, 1, 1], ""acc"": -24.3, ""vel"": 23.79, ""pos"": 4.4, ""error"": 10.033678649999803}, {""pair"": [3, 0, 1, 1], ""acc"": -24.3, ""vel"": 23.79, ""pos"": 4.4, ""error"": 9.606377849999896}, {""pair"": [3, 0, 1, 1], ""acc"": -24.3, ""vel"": 23.79, ""pos"": 4.4, ""error"": 9.606377849999896}, {""pair"": [3, 0, 1, 1], ""acc"": -24.3, ""vel"": 23.79, ""pos"": 4.4, ""error"": 10.662798649999807}, {""pair"": [3, 0, 1, 1], ""acc"": -24.3, ""vel"": 23.79, ""pos"": 4.4, ""error"": 10.662798649999807}, {""pair"": [3, 0, 1, 1], ""acc"": -24.3, ""vel"": 23.79, ""pos"": 4.4, ""error"": 829.2336786499997}, {""pair"": [3, 0, 1, 1], ""acc"": -24.3, ""vel"": 23.79, ""pos"": 4.4, ""error"": 828.8063778499999}, {""pair"": [3, 0, 1, 1], ""acc"": -24.3, ""vel"": 23.79, ""pos"": 4.4, ""error"": 829.8627986499998}], [{""pair"": [3, 1, 0, 0], ""acc"": -24.3, ""vel"": 25.07, ""pos"": 17.2, ""error"": 4.912521349999997}, {""pair"": [3, 1, 0, 0], ""acc"": -24.3, ""vel"": 25.07, ""pos"": 17.2, ""error"": 4.473622150000104}, {""pair"": [3, 1, 0, 0], ""acc"": -24.3, ""vel"": 25.07, ""pos"": 17.2, ""error"": 4.473622150000104}, {""pair"": [3, 1, 0, 0], ""acc"": -24.3, ""vel"": 25.07, ""pos"": 17.2, ""error"": 5.563401349999994}, {""pair"": [3, 1, 0, 0], ""acc"": -24.3, ""vel"": 25.07, ""pos"": 17.2, ""error"": 5.563401349999994}, {""pair"": [3, 1, 0, 0], ""acc"": -24.3, ""vel"": 25.07, ""pos"": 17.2, ""error"": 817.7136786499997}, {""pair"": [3, 1, 0, 0], ""acc"": -24.3, ""vel"": 25.07, ""pos"": 17.2, ""error"": 817.2821778499998}, {""pair"": [3, 1, 0, 0], ""acc"": -24.3, ""vel"": 25.07, ""pos"": 17.2, ""error"": 818.3427986499997}], [{""pair"": [3, 1, 1, 0], ""acc"": -24.3, ""vel"": 23.79, ""pos"": 23.6, ""error"": 10.032521349999998}, {""pair"": [3, 1, 1, 0], ""acc"": -24.3, ""vel"": 23.79, ""pos"": 23.6, ""error"": 9.597822150000095}, {""pair"": [3, 1, 1, 0], ""acc"": -24.3, ""vel"": 23.79, ""pos"": 23.6, ""error"": 9.597822150000095}, {""pair"": [3, 1, 1, 0], ""acc"": -24.3, ""vel"": 23.79, ""pos"": 23.6, ""error"": 10.683401349999995}, {""pair"": [3, 1, 1, 0], ""acc"": -24.3, ""vel"": 23.79, ""pos"": 23.6, ""error"": 10.683401349999995}, {""pair"": [3, 1, 1, 0], ""acc"": -24.3, ""vel"": 23.79, ""pos"": 23.6, ""error"": 810.0336786499996}, {""pair"": [3, 1, 1, 0], ""acc"": -24.3, ""vel"": 23.79, ""pos"": 23.6, ""error"": 809.6063778499998}, {""pair"": [3, 1, 1, 0], ""acc"": -24.3, ""vel"": 23.79, ""pos"": 23.6, ""error"": 810.6627986499998}], [{""pair"": [0, 15, 1, 15], ""acc"": 1.3, ""vel"": 23.15, ""pos"": 17.2, ""error"": 3.406321350000196}, {""pair"": [0, 15, 1, 15], ""acc"": 1.3, ""vel"": 23.15, ""pos"": 17.2, ""error"": 3.8378221500000933}, {""pair"": [0, 15, 1, 15], ""acc"": 1.3, ""vel"": 23.15, ""pos"": 17.2, ""error"": 3.8378221500000933}, {""pair"": [0, 15, 1, 15], ""acc"": 1.3, ""vel"": 23.15, ""pos"": 17.2, ""error"": 3.6434013499999924}, {""pair"": [0, 15, 1, 15], ""acc"": 1.3, ""vel"": 23.15, ""pos"": 17.2, ""error"": 3.6434013499999924}, {""pair"": [0, 15, 1, 15], ""acc"": 1.3, ""vel"": 23.15, ""pos"": 17.2, ""error"": 816.2074786499999}, {""pair"": [0, 15, 1, 15], ""acc"": 1.3, ""vel"": 23.15, ""pos"": 17.2, ""error"": 816.6463778499998}, {""pair"": [0, 15, 1, 15], ""acc"": 1.3, ""vel"": 23.15, ""pos"": 17.2, ""error"": 816.4227986499997}], [{""pair"": [0, 15, 2, 15], ""acc"": 1.3, ""vel"": 23.79, ""pos"": 14.0, ""error"": 0.43367864999980377}, {""pair"": [0, 15, 2, 15], ""acc"": 1.3, ""vel"": 23.79, ""pos"": 14.0, ""error"": 0.0063778499998967675}, {""pair"": [0, 15, 2, 15], ""acc"": 1.3, ""vel"": 23.79, ""pos"": 14.0, ""error"": 0.0063778499998967675}, {""pair"": [0, 15, 2, 15], ""acc"": 1.3, ""vel"": 23.79, ""pos"": 14.0, ""error"": 1.0834013499999937}, {""pair"": [0, 15, 2, 15], ""acc"": 1.3, ""vel"": 23.79, ""pos"": 14.0, ""error"": 1.0834013499999937}, {""pair"": [0, 15, 2, 15], ""acc"": 1.3, ""vel"": 23.79, ""pos"": 14.0, ""error"": 819.6336786499996}, {""pair"": [0, 15, 2, 15], ""acc"": 1.3, ""vel"": 23.79, ""pos"": 14.0, ""error"": 819.2063778499999}, {""pair"": [0, 15, 2, 15], ""acc"": 1.3, ""vel"": 23.79, ""pos"": 14.0, ""error"": 820.2627986499998}], [{""pair"": [1, 15, 0, 15], ""acc"": 1.3, ""vel"": 23.15, ""pos"": 17.2, ""error"": 3.406321350000196}, {""pair"": [1, 15, 0, 15], ""acc"": 1.3, ""vel"": 23.15, ""pos"": 17.2, ""error"": 3.8378221500000933}, {""pair"": [1, 15, 0, 15], ""acc"": 1.3, ""vel"": 23.15, ""pos"": 17.2, ""error"": 3.8378221500000933}, {""pair"": [1, 15, 0, 15], ""acc"": 1.3, ""vel"": 23.15, ""pos"": 17.2, ""error"": 3.6434013499999924}, {""pair"": [1, 15, 0, 15], ""acc"": 1.3, ""vel"": 23.15, ""pos"": 17.2, ""error"": 3.6434013499999924}, {""pair"": [1, 15, 0, 15], ""acc"": 1.3, ""vel"": 23.15, ""pos"": 17.2, ""error"": 816.2074786499999}, {""pair"": [1, 15, 0, 15], ""acc"": 1.3, ""vel"": 23.15, ""pos"": 17.2, ""error"": 816.6463778499998}, {""pair"": [1, 15, 0, 15], ""acc"": 1.3, ""vel"": 23.15, ""pos"": 17.2, ""error"": 816.4227986499997}], [{""pair"": [1, 15, 2, 15], ""acc"": -24.3, ""vel"": 23.15, ""pos"": 14.0, ""error"": 0.2074786500000041}, {""pair"": [1, 15, 2, 15], ""acc"": -24.3, ""vel"": 23.15, ""pos"": 14.0, ""error"": 0.6463778499998973}, {""pair"": [1, 15, 2, 15], ""acc"": -24.3, ""vel"": 23.15, ""pos"": 14.0, ""error"": 0.6463778499998973}, {""pair"": [1, 15, 2, 15], ""acc"": -24.3, ""vel"": 23.15, ""pos"": 14.0, ""error"": 0.44340134999999314}, {""pair"": [1, 15, 2, 15], ""acc"": -24.3, ""vel"": 23.15, ""pos"": 14.0, ""error"": 0.44340134999999314}, {""pair"": [1, 15, 2, 15], ""acc"": -24.3, ""vel"": 23.15, ""pos"": 14.0, ""error"": 819.4074786499999}, {""pair"": [1, 15, 2, 15], ""acc"": -24.3, ""vel"": 23.15, ""pos"": 14.0, ""error"": 819.8463778499998}, {""pair"": [1, 15, 2, 15], ""acc"": -24.3, ""vel"": 23.15, ""pos"": 14.0, ""error"": 819.6227986499997}], [{""pair"": [2, 15, 0, 15], ""acc"": 1.3, ""vel"": 23.79, ""pos"": 14.0, ""error"": 0.43367864999980377}, {""pair"": [2, 15, 0, 15], ""acc"": 1.3, ""vel"": 23.79, ""pos"": 14.0, ""error"": 0.0063778499998967675}, {""pair"": [2, 15, 0, 15], ""acc"": 1.3, ""vel"": 23.79, ""pos"": 14.0, ""error"": 0.0063778499998967675}, {""pair"": [2, 15, 0, 15], ""acc"": 1.3, ""vel"": 23.79, ""pos"": 14.0, ""error"": 1.0834013499999937}, {""pair"": [2, 15, 0, 15], ""acc"": 1.3, ""vel"": 23.79, ""pos"": 14.0, ""error"": 1.0834013499999937}, {""pair"": [2, 15, 0, 15], ""acc"": 1.3, ""vel"": 23.79, ""pos"": 14.0, ""error"": 819.6336786499996}, {""pair"": [2, 15, 0, 15], ""acc"": 1.3, ""vel"": 23.79, ""pos"": 14.0, ""error"": 819.2063778499999}, {""pair"": [2, 15, 0, 15], ""acc"": 1.3, ""vel"": 23.79, ""pos"": 14.0, ""error"": 820.2627986499998}], [{""pair"": [2, 15, 1, 15], ""acc"": -24.3, ""vel"": 23.15, ""pos"": 14.0, ""error"": 0.2074786500000041}, {""pair"": [2, 15, 1, 15], ""acc"": -24.3, ""vel"": 23.15, ""pos"": 14.0, ""error"": 0.6463778499998973}, {""pair"": [2, 15, 1, 15], ""acc"": -24.3, ""vel"": 23.15, ""pos"": 14.0, ""error"": 0.6463778499998973}, {""pair"": [2, 15, 1, 15], ""acc"": -24.3, ""vel"": 23.15, ""pos"": 14.0, ""error"": 0.44340134999999314}, {""pair"": [2, 15, 1, 15], ""acc"": -24.3, ""vel"": 23.15, ""pos"": 14.0, ""error"": 0.44340134999999314}, {""pair"": [2, 15, 1, 15], ""acc"": -24.3, ""vel"": 23.15, ""pos"": 14.0, ""error"": 819.4074786499999}, {""pair"": [2, 15, 1, 15], ""acc"": -24.3, ""vel"": 23.15, ""pos"": 14.0, ""error"": 819.8463778499998}, {""pair"": [2, 15, 1, 15], ""acc"": -24.3, ""vel"": 23.15, ""pos"": 14.0, ""error"": 819.6227986499997}], [{""pair"": [0, 0, 0, 1], ""acc"": -24.3, ""vel"": 22.51, ""pos"": 17.2, ""error"": 4.046321350000193}, {""pair"": [0, 0, 0, 1], ""acc"": -24.3, ""vel"": 22.51, ""pos"": 17.2, ""error"": 4.47782215000009}, {""pair"": [0, 0, 0, 1], ""acc"": -24.3, ""vel"": 22.51, ""pos"": 17.2, ""error"": 4.47782215000009}, {""pair"": [0, 0, 0, 1], ""acc"": -24.3, ""vel"": 22.51, ""pos"": 17.2, ""error"": 3.417201350000189}, {""pair"": [0, 0, 0, 1], ""acc"": -24.3, ""vel"": 22.51, ""pos"": 17.2, ""error"": 3.417201350000189}, {""pair"": [0, 0, 0, 1], ""acc"": -24.3, ""vel"": 22.51, ""pos"": 17.2, ""error"": 816.8474786499999}, {""pair"": [0, 0, 0, 1], ""acc"": -24.3, ""vel"": 22.51, ""pos"": 17.2, ""error"": 817.2863778499998}, {""pair"": [0, 0, 0, 1], ""acc"": -24.3, ""vel"": 22.51, ""pos"": 17.2, ""error"": 816.1965986499999}], [{""pair"": [0, 0, 1, 1], ""acc"": -24.3, ""vel"": 25.07, ""pos"": 4.4, ""error"": 11.313678649999805}, {""pair"": [0, 0, 1, 1], ""acc"": -24.3, ""vel"": 25.07, ""pos"": 4.4, ""error"": 10.882177849999907}, {""pair"": [0, 0, 1, 1], ""acc"": -24.3, ""vel"": 25.07, ""pos"": 4.4, ""error"": 10.882177849999907}, {""pair"": [0, 0, 1, 1], ""acc"": -24.3, ""vel"": 25.07, ""pos"": 4.4, ""error"": 11.942798649999808}, {""pair"": [0, 0, 1, 1], ""acc"": -24.3, ""vel"": 25.07, ""pos"": 4.4, ""error"": 11.942798649999808}, {""pair"": [0, 0, 1, 1], ""acc"": -24.3, ""vel"": 25.07, ""pos"": 4.4, ""error"": 830.5136786499997}, {""pair"": [0, 0, 1, 1], ""acc"": -24.3, ""vel"": 25.07, ""pos"": 4.4, ""error"": 830.0821778499999}, {""pair"": [0, 0, 1, 1], ""acc"": -24.3, ""vel"": 25.07, ""pos"": 4.4, ""error"": 831.1427986499998}], [{""pair"": [1, 0, 0, 1], ""acc"": -24.3, ""vel"": 21.23, ""pos"": 23.6, ""error"": 11.726321350000196}, {""pair"": [1, 0, 0, 1], ""acc"": -24.3, ""vel"": 21.23, ""pos"": 23.6, ""error"": 12.157822150000094}, {""pair"": [1, 0, 0, 1], ""acc"": -24.3, ""vel"": 21.23, ""pos"": 23.6, ""error"": 12.157822150000094}, {""pair"": [1, 0, 0, 1], ""acc"": -24.3, ""vel"": 21.23, ""pos"": 23.6, ""error"": 11.097201350000192}, {""pair"": [1, 0, 0, 1], ""acc"": -24.3, ""vel"": 21.23, ""pos"": 23.6, ""error"": 11.097201350000192}, {""pair"": [1, 0, 0, 1], ""acc"": -24.3, ""vel"": 21.23, ""pos"": 23.6, ""error"": 811.7274786499999}, {""pair"": [1, 0, 0, 1], ""acc"": -24.3, ""vel"": 21.23, ""pos"": 23.6, ""error"": 812.1663778499998}, {""pair"": [1, 0, 0, 1], ""acc"": -24.3, ""vel"": 21.23, ""pos"": 23.6, ""error"": 811.0765986499999}], [{""pair"": [1, 0, 1, 1], ""acc"": -24.3, ""vel"": 23.79, ""pos"": 10.8, ""error"": 3.633678649999803}, {""pair"": [1, 0, 1, 1], ""acc"": -24.3, ""vel"": 23.79, ""pos"": 10.8, ""error"": 3.206377849999896}, {""pair"": [1, 0, 1, 1], ""acc"": -24.3, ""vel"": 23.79, ""pos"": 10.8, ""error"": 3.206377849999896}, {""pair"": [1, 0, 1, 1], ""acc"": -24.3, ""vel"": 23.79, ""pos"": 10.8, ""error"": 4.262798649999807}, {""pair"": [1, 0, 1, 1], ""acc"": -24.3, ""vel"": 23.79, ""pos"": 10.8, ""error"": 4.262798649999807}, {""pair"": [1, 0, 1, 1], ""acc"": -24.3, ""vel"": 23.79, ""pos"": 10.8, ""error"": 822.8336786499997}, {""pair"": [1, 0, 1, 1], ""acc"": -24.3, ""vel"": 23.79, ""pos"": 10.8, ""error"": 822.4063778499999}, {""pair"": [1, 0, 1, 1], ""acc"": -24.3, ""vel"": 23.79, ""pos"": 10.8, ""error"": 823.4627986499999}]]","[[[3, 0, 0, 1], [-24.3, 21.23, 17.2], 4.69720135000019], [[3, 0, 1, 1], [-24.3, 23.79, 4.4], 9.606377849999896], [[3, 1, 0, 0], [-24.3, 25.07, 17.2], 4.473622150000104], [[3, 1, 1, 0], [-24.3, 23.79, 23.6], 9.597822150000095], [[0, 15, 1, 15], [1.3, 23.15, 17.2], 3.406321350000196], [[0, 15, 2, 15], [1.3, 23.79, 14.0], 0.0063778499998967675], [[1, 15, 0, 15], [1.3, 23.15, 17.2], 3.406321350000196], [[1, 15, 2, 15], [-24.3, 23.15, 14.0], 0.2074786500000041], [[2, 15, 0, 15], [1.3, 23.79, 14.0], 0.0063778499998967675], [[2, 15, 1, 15], [-24.3, 23.15, 14.0], 0.2074786500000041], [[0, 0, 0, 1], [-24.3, 22.51, 17.2], 3.417201350000189], [[0, 0, 1, 1], [-24.3, 25.07, 4.4], 10.882177849999907], [[1, 0, 0, 1], [-24.3, 21.23, 23.6], 11.097201350000192], [[1, 0, 1, 1], [-24.3, 23.79, 10.8], 3.206377849999896]]"
1.3,23.81,14.4,1.3,23.81,40.8,1.3,23.81,14.4,"[{""pair"": [1, 2, 2, 13], ""acc"": 1.3, ""vel"": 23.81, ""pos"": 14.4, ""error"": 0.01999359999956063}, {""pair"": [3, 13, 1, 2], ""acc"": 1.3, ""vel"": 23.81, ""pos"": 15.2, ""error"": 0.8199935999995596}]","[[1, 2, 2, 13], [3, 13, 1, 2]]","[[{""pair"": [3, 13, 1, 2], ""acc"": 1.3, ""vel"": 23.81, ""pos"": 15.2, ""error"": 0.8199935999995596}, {""pair"": [3, 13, 1, 2], ""acc"": 1.3, ""vel"": 23.81, ""pos"": 15.2, ""error"": 0.8199935999995596}, {""pair"": [3, 13, 1, 2], ""acc"": 1.3, ""vel"": 23.81, ""pos"": 15.2, ""error"": 1.88151040000003}, {""pair"": [3, 13, 1, 2], ""acc"": 1.3, ""vel"": 23.81, ""pos"": 15.2, ""error"": 1.88151040000003}, {""pair"": [3, 13, 1, 2], ""acc"": 1.3, ""vel"": 23.81, ""pos"": 15.2, ""error"": 4.431270400000017}, {""pair"": [3, 13, 1, 2], ""acc"": 1.3, ""vel"": 23.81, ""pos"": 15.2, ""error"": 3.0097664000004265}, {""pair"": [3, 13, 1, 2], ""acc"": 1.3, ""vel"": 23.81, ""pos"": 15.2, ""error"": 3.0097664000004265}, {""pair"": [3, 13, 1, 2], ""acc"": 1.3, ""vel"": 23.81, ""pos"": 15.2, ""error"": 4.045849600000906}, {""pair"": [3, 13, 1, 2], ""acc"": 1.3, ""vel"": 23.81, ""pos"": 15.2, ""error"": 3.269209600000007}, {""pair"": [3, 13, 1, 2], ""acc"": 1.3, ""vel"": 23.81, ""pos"": 15.2, ""error"": 5.30536960000088}, {""pair"": [3, 13, 1, 2], ""acc"": 1.3, ""vel"": 23.81, ""pos"": 15.2, ""error"": 9.186329600000935}, {""pair"": [3, 13, 1, 2], ""acc"": 1.3, ""vel"": 23.81, ""pos"": 15.2, ""error"": 10.831270400000017}, {""pair"": [3, 13, 1, 2], ""acc"": 1.3, ""vel"": 23.81, ""pos"": 15.2, ""error"": 11.273190399999041}, {""pair"": [3, 13, 1, 2], ""acc"": 1.3, ""vel"": 23.81, ""pos"": 15.2, ""error"": 11.705369600000882}], [{""pair"": [1, 2, 2, 13], ""acc"": 1.3, ""vel"": 23.81, ""pos"": 14.4, ""error"": 0.01999359999956063}, {""pair"": [1, 2, 2, 13], ""acc"": 1.3, ""vel"": 23.81, ""pos"": 14.4, ""error"": 0.01999359999956063}, {""pair"": [1, 2, 2, 13], ""acc"": 1.3, ""vel"": 23.81, ""pos"": 14.4, ""error"": 1.081510400000031}, {""pair"": [1, 2, 2, 13], ""acc"": 1.3, ""vel"": 23.81, ""pos"": 14.4, ""error"": 1.081510400000031}, {""pair"": [1, 2, 2, 13], ""acc"": 1.3, ""vel"": 23.81, ""pos"": 14.4, ""error"": 3.6312704000000178}, {""pair"": [1, 2, 2, 13], ""acc"": 1.3, ""vel"": 23.81, ""pos"": 14.4, ""error"": 3.8097664000004254}, {""pair"": [1, 2, 2, 13], ""acc"": 1.3, ""vel"": 23.81, ""pos"": 14.4, ""error"": 3.8097664000004254}, {""pair"": [1, 2, 2, 13], ""acc"": 1.3, ""vel"": 23.81, ""pos"": 14.4, ""error"": 4.845849600000905}, {""pair"": [1, 2, 2, 13], ""acc"": 1.3, ""vel"": 23.81, ""pos"": 14.4, ""error"": 4.069209600000006}, {""pair"": [1, 2, 2, 13], ""acc"": 1.3, ""vel"": 23.81, ""pos"": 14.4, ""error"": 6.105369600000879}, {""pair"": [1, 2, 2, 13], ""acc"": 1.3, ""vel"": 23.81, ""pos"": 14.4, ""error"": 9.986329600000934}, {""pair"": [1, 2, 2, 13], ""acc"": 1.3, ""vel"": 23.81, ""pos"": 14.4, ""error"": 10.031270400000018}, {""pair"": [1, 2, 2, 13], ""acc"": 1.3, ""vel"": 23.81, ""pos"": 14.4, ""error"": 10.473190399999044}, {""pair"": [1, 2, 2, 13], ""acc"": 1.3, ""vel"": 23.81, ""pos"": 14.4, ""error"": 12.505369600000881}]]","[[[3, 13, 1, 2], [1.3, 23.81, 15.2], 0.8199935999995596], [[1, 2, 2, 13], [1.3, 23.81, 14.4], 0.01999359999956063]]"
1.3,23.83,14.8,1.3,23.19,1653.2,1.3,23.83,14.8,"[{""pair"": [1, 8, 1, 15], ""acc"": 1.3, ""vel"": 23.83, ""pos"": 14.8, ""error"": 0.00705784999989767}, {""pair"": [1, 8, 0, 15], ""acc"": -24.3, ""vel"": 23.19, ""pos"": 14.8, ""error"": 0.6470578499998947}, {""pair"": [3, 15, 1, 8], ""acc"": 1.3, ""vel"": 23.19, ""pos"": 14.8, ""error"": 0.6470578499998947}, {""pair"": [1, 8, 2, 15], ""acc"": 1.3, ""vel"": 23.19, ""pos"": 18.0, ""error"": 3.03714215000009}]","[[1, 8, 1, 15], [1, 8, 0, 15], [3, 15, 1, 8], [1, 8, 2, 15]]","[[{""pair"": [3, 15, 1, 8], ""acc"": 1.3, ""vel"": 23.19, ""pos"": 14.8, ""error"": 0.6470578499998947}, {""pair"": [3, 15, 1, 8], ""acc"": 1.3, ""vel"": 23.19, ""pos"": 14.8, ""error"": 1.4470578499998936}], [{""pair"": [1, 8, 0, 15], ""acc"": -24.3, ""vel"": 23.19, ""pos"": 14.8, ""error"": 0.6470578499998947}, {""pair"": [1, 8, 0, 15], ""acc"": -24.3, ""vel"": 23.19, ""pos"": 14.8, ""error"": 1.4470578499998936}], [{""pair"": [1, 8, 1, 15], ""acc"": 1.3, ""vel"": 23.83, ""pos"": 14.8, ""error"": 0.00705784999989767}, {""pair"": [1, 8, 1, 15], ""acc"": 1.3, ""vel"": 23.83, ""pos"": 14.8, ""error"": 0.8070578499998966}], [{""pair"": [1, 8, 2, 15], ""acc"": 1.3, ""vel"": 23.19, ""pos"": 18.0, ""error"": 3.837142150000089}, {""pair"": [1, 8, 2, 15], ""acc"": 1.3, ""vel"": 23.19, ""pos"": 18.0, ""error"": 3.03714215000009}]]","[[[3, 15, 1, 8], [1.3, 23.19, 14.8], 0.6470578499998947], [[1, 8, 0, 15], [-24.3, 23.19, 14.8], 0.6470578499998947], [[1, 8, 1, 15], [1.3, 23.83, 14.8], 0.00705784999989767], [[1, 8, 2, 15], [1.3, 23.19, 18.0], 3.03714215000009]]"
1.3,23.86,15.2,1.3,23.86,1653.6,1.3,23.86,15.2,"[{""pair"": [3, 14, 1, 8], ""acc"": 1.3, ""vel"": 23.86, ""pos"": 15.2, ""error"": 0.01319784999991036}, {""pair"": [1, 8, 2, 14], ""acc"": 1.3, ""vel"": 23.86, ""pos"": 13.6, ""error"": 1.61319784999991}]","[[3, 14, 1, 8], [1, 8, 2, 14]]","[[{""pair"": [3, 14, 1, 8], ""acc"": 1.3, ""vel"": 23.86, ""pos"": 15.2, ""error"": 0.01319784999991036}, {""pair"": [3, 14, 1, 8], ""acc"": 1.3, ""vel"": 23.86, ""pos"": 15.2, ""error"": 1.0923813499999913}, {""pair"": [3, 14, 1, 8], ""acc"": 1.3, ""vel"": 23.86, ""pos"": 15.2, ""error"": 0.653482150000098}, {""pair"": [3, 14, 1, 8], ""acc"": 1.3, ""vel"": 23.86, ""pos"": 15.2, ""error"": 3.842317849999908}], [{""pair"": [1, 8, 2, 14], ""acc"": 1.3, ""vel"": 23.86, ""pos"": 13.6, ""error"": 1.61319784999991}, {""pair"": [1, 8, 2, 14], ""acc"": 1.3, ""vel"": 23.86, ""pos"": 13.6, ""error"": 2.673818649999806}, {""pair"": [1, 8, 2, 14], ""acc"": 1.3, ""vel"": 23.86, ""pos"": 13.6, ""error"": 2.2423178499999086}, {""pair"": [1, 8, 2, 14], ""acc"": 1.3, ""vel"": 23.86, ""pos"": 13.6, ""error"": 5.442317849999908}]]","[[[3, 14, 1, 8], [1.3, 23.86, 15.2], 0.01319784999991036], [[1, 8, 2, 14], [1.3, 23.86, 13.6], 1.61319784999991]]"
1.3,23.88,15.6,1.3,23.88,54.0,1.3,23.88,15.6,"[{""pair"": [1, 1, 1, 3], ""acc"": 1.3, ""vel"": 23.88, ""pos"": 15.6, ""error"": 0.01887359999955862}, {""pair"": [2, 1, 1, 3], ""acc"": 1.3, ""vel"": 23.88, ""pos"": 2.8, ""error"": 11.182726400000494}, {""pair"": [3, 1, 2, 2], ""acc"": 1.3, ""vel"": 23.88, ""pos"": 54.0, ""error"": 38.41887359999956}, {""pair"": [3, 3, 2, 1], ""acc"": 1.3, ""vel"": 23.88, ""pos"": 54.0, ""error"": 38.41887359999956}, {""pair"": [3, 2, 0, 1], ""acc"": 1.3, ""vel"": 21.32, ""pos"": 54.0, ""error"": 40.97887359999956}, {""pair"": [0, 1, 2, 2], ""acc"": 1.3, ""vel"": 21.32, ""pos"": 54.0, ""error"": 40.97887359999956}, {""pair"": [3, 3, 1, 1], ""acc"": 1.3, ""vel"": 23.88, ""pos"": 66.8, ""error"": 51.218873599999554}]","[[1, 1, 1, 3], [2, 1, 1, 3], [3, 1, 2, 2], [3, 3, 2, 1], [3, 2, 0, 1], [0, 1, 2, 2], [3, 3, 1, 1]]","[[{""pair"": [3, 1, 2, 2], ""acc"": 1.3, ""vel"": 23.88, ""pos"": 54.0, ""error"": 38.41887359999956}, {""pair"": [3, 1, 2, 2], ""acc"": 1.3, ""vel"": 23.88, ""pos"": 54.0, ""error"": 40.01887359999956}], [{""pair"": [3, 2, 0, 1], ""acc"": 1.3, ""vel"": 21.32, ""pos"": 54.0, ""error"": 40.97887359999956}, {""pair"": [3, 2, 0, 1], ""acc"": 1.3, ""vel"": 21.32, ""pos"": 54.0, ""error"": 42.578873599999554}], [{""pair"": [3, 3, 1, 1], ""acc"": 1.3, ""vel"": 23.88, ""pos"": 66.8, ""error"": 51.218873599999554}, {""pair"": [3, 3, 1, 1], ""acc"": 1.3, ""vel"": 23.88, ""pos"": 66.8, ""error"": 52.818873599999556}], [{""pair"": [3, 3, 2, 1], ""acc"": 1.3, ""vel"": 23.88, ""pos"": 54.0, ""error"": 38.41887359999956}, {""pair"": [3, 3, 2, 1], ""acc"": 1.3, ""vel"": 23.88, ""pos"": 54.0, ""error"": 40.01887359999956}], [{""pair"": [1, 1, 1, 3], ""acc"": 1.3, ""vel"": 23.88, ""pos"": 15.6, ""error"": 0.01887359999955862}, {""pair"": [1, 1, 1, 3], ""acc"": 1.3, ""vel"": 23.88, ""pos"": 15.6, ""error"": 1.6188735999995583}], [{""pair"": [2, 1, 1, 3], ""acc"": 1.3, ""vel"": 23.88, ""pos"": 2.8, ""error"": 12.782726400000495}, {""pair"": [2, 1, 1, 3], ""acc"": 1.3, ""vel"": 23.88, ""pos"": 2.8, ""error"": 11.182726400000494}], [{""pair"": [0, 1, 2, 2], ""acc"": 1.3, ""vel"": 21.32, ""pos"": 54.0, ""error"": 40.97887359999956}, {""pair"": [0, 1, 2, 2], ""acc"": 1.3, ""vel"": 21.32, ""pos"": 54.0, ""error"": 42.578873599999554}]]","[[[3, 1, 2, 2], [1.3, 23.88, 54.0], 38.41887359999956], [[3, 2, 0, 1], [1.3, 21.32, 54.0], 40.97887359999956], [[3, 3, 1, 1], [1.3, 23.88, 66.8], 51.218873599999554], [[3, 3, 2, 1], [1.3, 23.88, 54.0], 38.41887359999956], [[1, 1, 1, 3], [1.3, 23.88, 15.6], 0.01887359999955862], [[2, 1, 1, 3], [1.3, 23.88, 2.8], 11.182726400000494], [[0, 1, 2, 2], [1.3, 21.32, 54.0], 40.97887359999956]]"
1.3,23.9,16.0,1.3,23.9,16.0,1.3,23.9,16.0,"[{""pair"": [3, 0, 2, 4], ""acc"": 1.3, ""vel"": 23.9, ""pos"": 16.0, ""error"": 0.008247849999897028}, {""pair"": [3, 4, 2, 0], ""acc"": 1.3, ""vel"": 23.9, ""pos"": 16.0, ""error"": 0.008247849999897028}, {""pair"": [2, 0, 2, 4], ""acc"": 1.3, ""vel"": 23.9, ""pos"": 16.0, ""error"": 0.008247849999897028}, {""pair"": [3, 0, 0, 4], ""acc"": 1.3, ""vel"": 3.42, ""pos"": 16.0, ""error"": 20.488247849999897}, {""pair"": [2, 0, 0, 4], ""acc"": 1.3, ""vel"": 3.42, ""pos"": 16.0, ""error"": 20.488247849999897}]","[[3, 0, 2, 4], [3, 4, 2, 0], [2, 0, 2, 4], [3, 0, 0, 4], [2, 0, 0, 4]]","[[{""pair"": [3, 0, 0, 4], ""acc"": 1.3, ""vel"": 3.42, ""pos"": 16.0, ""error"": 20.488247849999897}, {""pair"": [3, 0, 0, 4], ""acc"": 1.3, ""vel"": 3.42, ""pos"": 16.0, ""error"": 33.275952150000094}, {""pair"": [3, 0, 0, 4], ""acc"": 1.3, ""vel"": 3.42, ""pos"": 16.0, ""error"": 58.8882478499999}, {""pair"": [3, 0, 0, 4], ""acc"": 1.3, ""vel"": 3.42, ""pos"": 16.0, ""error"": 58.8882478499999}, {""pair"": [3, 0, 0, 4], ""acc"": 1.3, ""vel"": 3.42, ""pos"": 16.0, ""error"": 56.28472784999991}, {""pair"": [3, 0, 0, 4], ""acc"": 1.3, ""vel"": 3.42, ""pos"": 16.0, ""error"": 56.28472784999991}, {""pair"": [3, 0, 0, 4], ""acc"": 1.3, ""vel"": 3.42, ""pos"": 16.0, ""error"": 71.6882478499999}], [{""pair"": [3, 0, 2, 4], ""acc"": 1.3, ""vel"": 23.9, ""pos"": 16.0, ""error"": 0.008247849999897028}, {""pair"": [3, 0, 2, 4], ""acc"": 1.3, ""vel"": 23.9, ""pos"": 16.0, ""error"": 12.795952150000094}, {""pair"": [3, 0, 2, 4], ""acc"": 1.3, ""vel"": 23.9, ""pos"": 16.0, ""error"": 38.408247849999896}, {""pair"": [3, 0, 2, 4], ""acc"": 1.3, ""vel"": 23.9, ""pos"": 16.0, ""error"": 38.408247849999896}, {""pair"": [3, 0, 2, 4], ""acc"": 1.3, ""vel"": 23.9, ""pos"": 16.0, ""error"": 40.92052784999992}, {""pair"": [3, 0, 2, 4], ""acc"": 1.3, ""vel"": 23.9, ""pos"": 16.0, ""error"": 40.92052784999992}, {""pair"": [3, 0, 2, 4], ""acc"": 1.3, ""vel"": 23.9, ""pos"": 16.0, ""error"": 51.20824784999991}], [{""pair"": [3, 4, 2, 0], ""acc"": 1.3, ""vel"": 23.9, ""pos"": 16.0, ""error"": 0.008247849999897028}, {""pair"": [3, 4, 2, 0], ""acc"": 1.3, ""vel"": 23.9, ""pos"": 16.0, ""error"": 12.795952150000094}, {""pair"": [3, 4, 2, 0], ""acc"": 1.3, ""vel"": 23.9, ""pos"": 16.0, ""error"": 38.408247849999896}, {""pair"": [3, 4, 2, 0], ""acc"": 1.3, ""vel"": 23.9, ""pos"": 16.0, ""error"": 38.408247849999896}, {""pair"": [3, 4, 2, 0], ""acc"": 1.3, ""vel"": 23.9, ""pos"": 16.0, ""error"": 40.92052784999992}, {""pair"": [3, 4, 2, 0], ""acc"": 1.3, ""vel"": 23.9, ""pos"": 16.0, ""error"": 40.92052784999992}, {""pair"": [3, 4, 2, 0], ""acc"": 1.3, ""vel"": 23.9, ""pos"": 16.0, ""error"": 51.20824784999991}], [{""pair"": [2, 0, 0, 4], ""acc"": 1.3, ""vel"": 3.42, ""pos"": 16.0, ""error"": 20.488247849999897}, {""pair"": [2, 0, 0, 4], ""acc"": 1.3, ""vel"": 3.42, ""pos"": 16.0, ""error"": 33.275952150000094}, {""pair"": [2, 0, 0, 4], ""acc"": 1.3, ""vel"": 3.42, ""pos"": 16.0, ""error"": 58.8882478499999}, {""pair"": [2, 0, 0, 4], ""acc"": 1.3, ""vel"": 3.42, ""pos"": 16.0, ""error"": 58.8882478499999}, {""pair"": [2, 0, 0, 4], ""acc"": 1.3, ""vel"": 3.42, ""pos"": 16.0, ""error"": 56.28472784999991}, {""pair"": [2, 0, 0, 4], ""acc"": 1.3, ""vel"": 3.42, ""pos"": 16.0, ""error"": 56.28472784999991}, {""pair"": [2, 0, 0, 4], ""acc"": 1.3, ""vel"": 3.42, ""pos"": 16.0, ""error"": 71.6882478499999}], [{""pair"": [2, 0, 2, 4], ""acc"": 1.3, ""vel"": 23.9, ""pos"": 16.0, ""error"": 0.008247849999897028}, {""pair"": [2, 0, 2, 4], ""acc"": 1.3, ""vel"": 23.9, ""pos"": 16.0, ""error"": 12.795952150000094}, {""pair"": [2, 0, 2, 4], ""acc"": 1.3, ""vel"": 23.9, ""pos"": 16.0, ""error"": 38.408247849999896}, {""pair"": [2, 0, 2, 4], ""acc"": 1.3, ""vel"": 23.9, ""pos"": 16.0, ""error"": 38.408247849999896}, {""pair"": [2, 0, 2, 4], ""acc"": 1.3, ""vel"": 23.9, ""pos"": 16.0, ""error"": 40.92052784999992}, {""pair"": [2, 0, 2, 4], ""acc"": 1.3, ""vel"": 23.9, ""pos"": 16.0, ""error"": 40.92052784999992}, {""pair"": [2, 0, 2, 4], ""acc"": 1.3, ""vel"": 23.9, ""pos"": 16.0, ""error"": 51.20824784999991}]]","[[[3, 0, 0, 4], [1.3, 3.42, 16.0], 20.488247849999897], [[3, 0, 2, 4], [1.3, 23.9, 16.0], 0.008247849999897028], [[3, 4, 2, 0], [1.3, 23.9, 16.0], 0.008247849999897028], [[2, 0, 0, 4], [1.3, 3.42, 16.0], 20.488247849999897], [[2, 0, 2, 4], [1.3, 23.9, 16.0], 0.008247849999897028]]"
