Quantized_Prec_Acc,Quantized_Prec_Vel,Quantized_Prec_Pos,Received_Prec_Acc,Received_Prec_Vel,Received_Prec_Pos,Mitigated_Prec_Acc,Mitigated_Prec_Vel,Mitigated_Prec_Pos,Miti_List,Perfect_Candidate_List,Miti_List_2D,All_Corrections
1.5,22.9,0.0,,,,1.5,22.9,0.0,,,,
1.5,22.93,0.4,1.5,22.93,512.4,1.5,22.93,0.4,"[{""pair"": [1, 4, 1, 6], ""acc"": 1.5, ""vel"": 22.93, ""pos"": 0.4, ""error"": 0.039407999999519994}, {""pair"": [0, 4, 1, 6], ""acc"": 1.5, ""vel"": 2.45, ""pos"": 102.8, ""error"": 122.90740799999958}]","[[1, 4, 1, 6], [0, 4, 1, 6]]","[[{""pair"": [0, 4, 1, 6], ""acc"": 1.5, ""vel"": 2.45, ""pos"": 102.8, ""error"": 122.90740799999958}], [{""pair"": [1, 4, 1, 6], ""acc"": 1.5, ""vel"": 22.93, ""pos"": 0.4, ""error"": 0.039407999999519994}]]","[[[0, 4, 1, 6], [1.5, 2.45, 102.8], 122.90740799999958], [[1, 4, 1, 6], [1.5, 22.93, 0.4], 0.039407999999519994]]"
1.5,22.96,0.8,-8.0,22.96,0.8,1.1,22.96,0.8,"[{""pair"": [0, 15, 0, 9], ""acc"": 1.1, ""vel"": 22.96, ""pos"": 0.8, ""error"": 0.014473250000101245}, {""pair"": [0, 15, 2, 9], ""acc"": 1.5, ""vel"": 22.96, ""pos"": 0.8, ""error"": 0.014473250000101245}]","[[0, 15, 0, 9], [0, 15, 2, 9]]","[[{""pair"": [0, 15, 0, 9], ""acc"": 1.1, ""vel"": 22.96, ""pos"": 0.8, ""error"": 0.014473250000101245}, {""pair"": [0, 15, 0, 9], ""acc"": 1.1, ""vel"": 22.96, ""pos"": 0.8, ""error"": 122.52636675000001}], [{""pair"": [0, 15, 2, 9], ""acc"": 1.5, ""vel"": 22.96, ""pos"": 0.8, ""error"": 0.014473250000101245}, {""pair"": [0, 15, 2, 9], ""acc"": 1.5, ""vel"": 22.96, ""pos"": 0.8, ""error"": 122.52636675000001}], [{""pair"": [1, 15, 0, 9], ""acc"": -24.5, ""vel"": 22.32, ""pos"": 0.8, ""error"": 0.6454732500000873}, {""pair"": [1, 15, 0, 9], ""acc"": -24.5, ""vel"": 22.32, ""pos"": 0.8, ""error"": 121.88636675000001}], [{""pair"": [1, 15, 2, 9], ""acc"": -24.1, ""vel"": 22.32, ""pos"": 0.8, ""error"": 0.6454732500000873}, {""pair"": [1, 15, 2, 9], ""acc"": -24.1, ""vel"": 22.32, ""pos"": 0.8, ""error"": 121.88636675000001}]]","[[[0, 15, 0, 9], [1.1, 22.96, 0.8], 0.014473250000101245], [[0, 15, 2, 9], [1.5, 22.96, 0.8], 0.014473250000101245], [[1, 15, 0, 9], [-24.5, 22.32, 0.8], 0.6454732500000873], [[1, 15, 2, 9], [-24.1, 22.32, 0.8], 0.6454732500000873]]"
1.5,22.98,1.1,1.5,22.98,1.1,1.5,22.82,1.1,"[{""pair"": [3, 15, 1, 13], ""acc"": 1.5, ""vel"": 22.82, ""pos"": 1.1, ""error"": 0.24917894999990198}, {""pair"": [3, 13, 1, 15], ""acc"": 1.5, ""vel"": 22.34, ""pos"": 1.1, ""error"": 0.7291789499999024}, {""pair"": [1, 13, 1, 15], ""acc"": 1.5, ""vel"": 22.18, ""pos"": 1.1, ""error"": 0.8891789499999025}, {""pair"": [3, 15, 2, 13], ""acc"": 1.5, ""vel"": 22.98, ""pos"": 0.3, ""error"": 0.89177894999991}, {""pair"": [2, 13, 1, 15], ""acc"": 1.5, ""vel"": 22.34, ""pos"": 0.3, ""error"": 1.5291789499999024}]","[[3, 15, 1, 13], [3, 13, 1, 15], [1, 13, 1, 15], [3, 15, 2, 13], [2, 13, 1, 15]]","[[{""pair"": [3, 13, 1, 15], ""acc"": 1.5, ""vel"": 22.34, ""pos"": 1.1, ""error"": 0.7291789499999024}, {""pair"": [3, 13, 1, 15], ""acc"": 1.5, ""vel"": 22.34, ""pos"": 1.1, ""error"": 0.7360367499999008}], [{""pair"": [3, 15, 1, 13], ""acc"": 1.5, ""vel"": 22.82, ""pos"": 1.1, ""error"": 0.24917894999990198}, {""pair"": [3, 15, 1, 13], ""acc"": 1.5, ""vel"": 22.82, ""pos"": 1.1, ""error"": 0.25603674999990034}], [{""pair"": [3, 15, 2, 13], ""acc"": 1.5, ""vel"": 22.98, ""pos"": 0.3, ""error"": 0.89177894999991}, {""pair"": [3, 15, 2, 13], ""acc"": 1.5, ""vel"": 22.98, ""pos"": 0.3, ""error"": 0.8960367499999002}], [{""pair"": [1, 13, 1, 15], ""acc"": 1.5, ""vel"": 22.18, ""pos"": 1.1, ""error"": 0.8891789499999025}, {""pair"": [1, 13, 1, 15], ""acc"": 1.5, ""vel"": 22.18, ""pos"": 1.1, ""error"": 0.8960367499999009}], [{""pair"": [2, 13, 1, 15], ""acc"": 1.5, ""vel"": 22.34, ""pos"": 0.3, ""error"": 1.5291789499999024}, {""pair"": [2, 13, 1, 15], ""acc"": 1.5, ""vel"": 22.34, ""pos"": 0.3, ""error"": 1.5360367499999008}]]","[[[3, 13, 1, 15], [1.5, 22.34, 1.1], 0.7291789499999024], [[3, 15, 1, 13], [1.5, 22.82, 1.1], 0.24917894999990198], [[3, 15, 2, 13], [1.5, 22.98, 0.3], 0.89177894999991], [[1, 13, 1, 15], [1.5, 22.18, 1.1], 0.8891789499999025], [[2, 13, 1, 15], [1.5, 22.34, 0.3], 1.5291789499999024]]"
1.5,23.01,1.5,1.3,23.01,1.1,1.3,23.01,1.5,"[{""pair"": [2, 8, 2, 12], ""acc"": 1.3, ""vel"": 23.01, ""pos"": 1.5, ""error"": 0.20068799999952525}, {""pair"": [0, 8, 2, 12], ""acc"": 1.5, ""vel"": 23.01, ""pos"": 1.5, ""error"": 0.20068799999952525}, {""pair"": [3, 12, 2, 8], ""acc"": 1.3, ""vel"": 23.01, ""pos"": 1.1, ""error"": 0.4381279999995221}, {""pair"": [3, 12, 0, 8], ""acc"": 1.5, ""vel"": 23.01, ""pos"": 1.1, ""error"": 0.4381279999995221}, {""pair"": [2, 8, 0, 12], ""acc"": 4.5, ""vel"": 23.01, ""pos"": 1.1, ""error"": 0.4381279999995221}, {""pair"": [0, 8, 0, 12], ""acc"": 4.7, ""vel"": 23.01, ""pos"": 1.1, ""error"": 0.4381279999995221}, {""pair"": [3, 12, 1, 8], ""acc"": 1.3, ""vel"": 23.01, ""pos"": 1639.5, ""error"": 1638.2006879999994}, {""pair"": [1, 8, 0, 12], ""acc"": 4.5, ""vel"": 23.01, ""pos"": 1639.5, ""error"": 1638.2006879999994}, {""pair"": [1, 8, 2, 12], ""acc"": 1.3, ""vel"": 23.01, ""pos"": 1639.9, ""error"": 1638.6006879999995}]","[[2, 8, 2, 12], [0, 8, 2, 12], [3, 12, 2, 8], [3, 12, 0, 8], [2, 8, 0, 12], [0, 8, 0, 12], [3, 12, 1, 8], [1, 8, 0, 12], [1, 8, 2, 12]]","[[{""pair"": [3, 12, 0, 8], ""acc"": 1.5, ""vel"": 23.01, ""pos"": 1.1, ""error"": 0.5313120000004186}, {""pair"": [3, 12, 0, 8], ""acc"": 1.5, ""vel"": 23.01, ""pos"": 1.1, ""error"": 1.0036320000004098}, {""pair"": [3, 12, 0, 8], ""acc"": 1.5, ""vel"": 23.01, ""pos"": 1.1, ""error"": 1.1610720000004067}, {""pair"": [3, 12, 0, 8], ""acc"": 1.5, ""vel"": 23.01, ""pos"": 1.1, ""error"": 0.4381279999995221}, {""pair"": [3, 12, 0, 8], ""acc"": 1.5, ""vel"": 23.01, ""pos"": 1.1, ""error"": 1.0883679999995353}], [{""pair"": [3, 12, 1, 8], ""acc"": 1.3, ""vel"": 23.01, ""pos"": 1639.5, ""error"": 1638.2006879999994}, {""pair"": [3, 12, 1, 8], ""acc"": 1.3, ""vel"": 23.01, ""pos"": 1639.5, ""error"": 1638.6883679999996}, {""pair"": [3, 12, 1, 8], ""acc"": 1.3, ""vel"": 23.01, ""pos"": 1639.5, ""error"": 1638.8509279999996}, {""pair"": [3, 12, 1, 8], ""acc"": 1.3, ""vel"": 23.01, ""pos"": 1639.5, ""error"": 1638.8381279999994}, {""pair"": [3, 12, 1, 8], ""acc"": 1.3, ""vel"": 23.01, ""pos"": 1639.5, ""error"": 1639.4883679999996}], [{""pair"": [3, 12, 2, 8], ""acc"": 1.3, ""vel"": 23.01, ""pos"": 1.1, ""error"": 0.5313120000004186}, {""pair"": [3, 12, 2, 8], ""acc"": 1.3, ""vel"": 23.01, ""pos"": 1.1, ""error"": 1.0036320000004098}, {""pair"": [3, 12, 2, 8], ""acc"": 1.3, ""vel"": 23.01, ""pos"": 1.1, ""error"": 1.1610720000004067}, {""pair"": [3, 12, 2, 8], ""acc"": 1.3, ""vel"": 23.01, ""pos"": 1.1, ""error"": 0.4381279999995221}, {""pair"": [3, 12, 2, 8], ""acc"": 1.3, ""vel"": 23.01, ""pos"": 1.1, ""error"": 1.0883679999995353}], [{""pair"": [0, 8, 0, 12], ""acc"": 4.7, ""vel"": 23.01, ""pos"": 1.1, ""error"": 0.5313120000004186}, {""pair"": [0, 8, 0, 12], ""acc"": 4.7, ""vel"": 23.01, ""pos"": 1.1, ""error"": 1.0036320000004098}, {""pair"": [0, 8, 0, 12], ""acc"": 4.7, ""vel"": 23.01, ""pos"": 1.1, ""error"": 1.1610720000004067}, {""pair"": [0, 8, 0, 12], ""acc"": 4.7, ""vel"": 23.01, ""pos"": 1.1, ""error"": 0.4381279999995221}, {""pair"": [0, 8, 0, 12], ""acc"": 4.7, ""vel"": 23.01, ""pos"": 1.1, ""error"": 1.0883679999995353}], [{""pair"": [0, 8, 2, 12], ""acc"": 1.5, ""vel"": 23.01, ""pos"": 1.5, ""error"": 0.20068799999952525}, {""pair"": [0, 8, 2, 12], ""acc"": 1.5, ""vel"": 23.01, ""pos"": 1.5, ""error"": 0.6883679999995349}, {""pair"": [0, 8, 2, 12], ""acc"": 1.5, ""vel"": 23.01, ""pos"": 1.5, ""error"": 0.8509279999995383}, {""pair"": [0, 8, 2, 12], ""acc"": 1.5, ""vel"": 23.01, ""pos"": 1.5, ""error"": 0.838127999999522}, {""pair"": [0, 8, 2, 12], ""acc"": 1.5, ""vel"": 23.01, ""pos"": 1.5, ""error"": 1.4883679999995352}], [{""pair"": [1, 8, 0, 12], ""acc"": 4.5, ""vel"": 23.01, ""pos"": 1639.5, ""error"": 1638.2006879999994}, {""pair"": [1, 8, 0, 12], ""acc"": 4.5, ""vel"": 23.01, ""pos"": 1639.5, ""error"": 1638.6883679999996}, {""pair"": [1, 8, 0, 12], ""acc"": 4.5, ""vel"": 23.01, ""pos"": 1639.5, ""error"": 1638.8509279999996}, {""pair"": [1, 8, 0, 12], ""acc"": 4.5, ""vel"": 23.01, ""pos"": 1639.5, ""error"": 1638.8381279999994}, {""pair"": [1, 8, 0, 12], ""acc"": 4.5, ""vel"": 23.01, ""pos"": 1639.5, ""error"": 1639.4883679999996}], [{""pair"": [1, 8, 2, 12], ""acc"": 1.3, ""vel"": 23.01, ""pos"": 1639.9, ""error"": 1638.6006879999995}, {""pair"": [1, 8, 2, 12], ""acc"": 1.3, ""vel"": 23.01, ""pos"": 1639.9, ""error"": 1639.0883679999997}, {""pair"": [1, 8, 2, 12], ""acc"": 1.3, ""vel"": 23.01, ""pos"": 1639.9, ""error"": 1639.2509279999997}, {""pair"": [1, 8, 2, 12], ""acc"": 1.3, ""vel"": 23.01, ""pos"": 1639.9, ""error"": 1639.2381279999995}, {""pair"": [1, 8, 2, 12], ""acc"": 1.3, ""vel"": 23.01, ""pos"": 1639.9, ""error"": 1639.8883679999997}], [{""pair"": [2, 8, 0, 12], ""acc"": 4.5, ""vel"": 23.01, ""pos"": 1.1, ""error"": 0.5313120000004186}, {""pair"": [2, 8, 0, 12], ""acc"": 4.5, ""vel"": 23.01, ""pos"": 1.1, ""error"": 1.0036320000004098}, {""pair"": [2, 8, 0, 12], ""acc"": 4.5, ""vel"": 23.01, ""pos"": 1.1, ""error"": 1.1610720000004067}, {""pair"": [2, 8, 0, 12], ""acc"": 4.5, ""vel"": 23.01, ""pos"": 1.1, ""error"": 0.4381279999995221}, {""pair"": [2, 8, 0, 12], ""acc"": 4.5, ""vel"": 23.01, ""pos"": 1.1, ""error"": 1.0883679999995353}], [{""pair"": [2, 8, 2, 12], ""acc"": 1.3, ""vel"": 23.01, ""pos"": 1.5, ""error"": 0.20068799999952525}, {""pair"": [2, 8, 2, 12], ""acc"": 1.3, ""vel"": 23.01, ""pos"": 1.5, ""error"": 0.6883679999995349}, {""pair"": [2, 8, 2, 12], ""acc"": 1.3, ""vel"": 23.01, ""pos"": 1.5, ""error"": 0.8509279999995383}, {""pair"": [2, 8, 2, 12], ""acc"": 1.3, ""vel"": 23.01, ""pos"": 1.5, ""error"": 0.838127999999522}, {""pair"": [2, 8, 2, 12], ""acc"": 1.3, ""vel"": 23.01, ""pos"": 1.5, ""error"": 1.4883679999995352}]]","[[[3, 12, 0, 8], [1.5, 23.01, 1.1], 0.4381279999995221], [[3, 12, 1, 8], [1.3, 23.01, 1639.5], 1638.2006879999994], [[3, 12, 2, 8], [1.3, 23.01, 1.1], 0.4381279999995221], [[0, 8, 0, 12], [4.7, 23.01, 1.1], 0.4381279999995221], [[0, 8, 2, 12], [1.5, 23.01, 1.5], 0.20068799999952525], [[1, 8, 0, 12], [4.5, 23.01, 1639.5], 1638.2006879999994], [[1, 8, 2, 12], [1.3, 23.01, 1639.9], 1638.6006879999995], [[2, 8, 0, 12], [4.5, 23.01, 1.1], 0.4381279999995221], [[2, 8, 2, 12], [1.3, 23.01, 1.5], 0.20068799999952525]]"
1.5,23.03,1.9,1.5,22.71,8.3,1.5,23.03,1.9,"[{""pair"": [1, 14, 1, 0], ""acc"": 1.5, ""vel"": 23.03, ""pos"": 1.9, ""error"": 0.010742150000089268}, {""pair"": [3, 15, 2, 14], ""acc"": 1.5, ""vel"": 22.71, ""pos"": 6.7, ""error"": 5.13074215000009}, {""pair"": [2, 14, 1, 15], ""acc"": 1.5, ""vel"": 22.07, ""pos"": 6.7, ""error"": 5.770742150000091}, {""pair"": [1, 14, 2, 0], ""acc"": 1.5, ""vel"": 23.03, ""pos"": 8.3, ""error"": 6.41074215000009}, {""pair"": [3, 14, 1, 15], ""acc"": 1.5, ""vel"": 22.07, ""pos"": 8.3, ""error"": 7.3707421500000905}, {""pair"": [1, 14, 0, 0], ""acc"": 1.5, ""vel"": 21.75, ""pos"": 8.3, ""error"": 7.690742150000091}]","[[1, 14, 1, 0], [3, 15, 2, 14], [2, 14, 1, 15], [1, 14, 2, 0], [3, 14, 1, 15], [1, 14, 0, 0]]","[[{""pair"": [3, 14, 1, 15], ""acc"": 1.5, ""vel"": 22.07, ""pos"": 8.3, ""error"": 7.3707421500000905}, {""pair"": [3, 14, 1, 15], ""acc"": 1.5, ""vel"": 22.07, ""pos"": 8.3, ""error"": 7.37411325000009}, {""pair"": [3, 14, 1, 15], ""acc"": 1.5, ""vel"": 22.07, ""pos"": 8.3, ""error"": 7.770742150000091}, {""pair"": [3, 14, 1, 15], ""acc"": 1.5, ""vel"": 22.07, ""pos"": 8.3, ""error"": 7.77411325000009}, {""pair"": [3, 14, 1, 15], ""acc"": 1.5, ""vel"": 22.07, ""pos"": 8.3, ""error"": 7.824679750000078}, {""pair"": [3, 14, 1, 15], ""acc"": 1.5, ""vel"": 22.07, ""pos"": 8.3, ""error"": 7.828050850000077}, {""pair"": [3, 14, 1, 15], ""acc"": 1.5, ""vel"": 22.07, ""pos"": 8.3, ""error"": 1632.5534578499999}, {""pair"": [3, 14, 1, 15], ""acc"": 1.5, ""vel"": 22.07, ""pos"": 8.3, ""error"": 1632.60832025}, {""pair"": [3, 14, 1, 15], ""acc"": 1.5, ""vel"": 22.07, ""pos"": 8.3, ""error"": 1632.95345785}], [{""pair"": [3, 15, 2, 14], ""acc"": 1.5, ""vel"": 22.71, ""pos"": 6.7, ""error"": 5.13074215000009}, {""pair"": [3, 15, 2, 14], ""acc"": 1.5, ""vel"": 22.71, ""pos"": 6.7, ""error"": 5.134113250000089}, {""pair"": [3, 15, 2, 14], ""acc"": 1.5, ""vel"": 22.71, ""pos"": 6.7, ""error"": 5.53074215000009}, {""pair"": [3, 15, 2, 14], ""acc"": 1.5, ""vel"": 22.71, ""pos"": 6.7, ""error"": 5.534113250000089}, {""pair"": [3, 15, 2, 14], ""acc"": 1.5, ""vel"": 22.71, ""pos"": 6.7, ""error"": 5.584679750000077}, {""pair"": [3, 15, 2, 14], ""acc"": 1.5, ""vel"": 22.71, ""pos"": 6.7, ""error"": 5.5880508500000765}, {""pair"": [3, 15, 2, 14], ""acc"": 1.5, ""vel"": 22.71, ""pos"": 6.7, ""error"": 1633.51345785}, {""pair"": [3, 15, 2, 14], ""acc"": 1.5, ""vel"": 22.71, ""pos"": 6.7, ""error"": 1633.56832025}, {""pair"": [3, 15, 2, 14], ""acc"": 1.5, ""vel"": 22.71, ""pos"": 6.7, ""error"": 1633.91345785}], [{""pair"": [0, 14, 0, 0], ""acc"": 14.3, ""vel"": 21.43, ""pos"": 8.3, ""error"": 8.010742150000091}, {""pair"": [0, 14, 0, 0], ""acc"": 14.3, ""vel"": 21.43, ""pos"": 8.3, ""error"": 8.01411325000009}, {""pair"": [0, 14, 0, 0], ""acc"": 14.3, ""vel"": 21.43, ""pos"": 8.3, ""error"": 8.410742150000091}, {""pair"": [0, 14, 0, 0], ""acc"": 14.3, ""vel"": 21.43, ""pos"": 8.3, ""error"": 8.41411325000009}, {""pair"": [0, 14, 0, 0], ""acc"": 14.3, ""vel"": 21.43, ""pos"": 8.3, ""error"": 8.464679750000078}, {""pair"": [0, 14, 0, 0], ""acc"": 14.3, ""vel"": 21.43, ""pos"": 8.3, ""error"": 8.468050850000077}, {""pair"": [0, 14, 0, 0], ""acc"": 14.3, ""vel"": 21.43, ""pos"": 8.3, ""error"": 1633.19345785}, {""pair"": [0, 14, 0, 0], ""acc"": 14.3, ""vel"": 21.43, ""pos"": 8.3, ""error"": 1633.24832025}, {""pair"": [0, 14, 0, 0], ""acc"": 14.3, ""vel"": 21.43, ""pos"": 8.3, ""error"": 1633.59345785}], [{""pair"": [0, 14, 1, 0], ""acc"": 14.3, ""vel"": 22.71, ""pos"": 1.9, ""error"": 0.33074215000008955}, {""pair"": [0, 14, 1, 0], ""acc"": 14.3, ""vel"": 22.71, ""pos"": 1.9, ""error"": 0.33411325000008874}, {""pair"": [0, 14, 1, 0], ""acc"": 14.3, ""vel"": 22.71, ""pos"": 1.9, ""error"": 0.7307421500000895}, {""pair"": [0, 14, 1, 0], ""acc"": 14.3, ""vel"": 22.71, ""pos"": 1.9, ""error"": 0.7341132500000886}, {""pair"": [0, 14, 1, 0], ""acc"": 14.3, ""vel"": 22.71, ""pos"": 1.9, ""error"": 0.7846797500000766}, {""pair"": [0, 14, 1, 0], ""acc"": 14.3, ""vel"": 22.71, ""pos"": 1.9, ""error"": 0.7880508500000758}, {""pair"": [0, 14, 1, 0], ""acc"": 14.3, ""vel"": 22.71, ""pos"": 1.9, ""error"": 1638.3134578499998}, {""pair"": [0, 14, 1, 0], ""acc"": 14.3, ""vel"": 22.71, ""pos"": 1.9, ""error"": 1638.36832025}, {""pair"": [0, 14, 1, 0], ""acc"": 14.3, ""vel"": 22.71, ""pos"": 1.9, ""error"": 1638.71345785}], [{""pair"": [0, 14, 2, 0], ""acc"": 14.3, ""vel"": 22.71, ""pos"": 8.3, ""error"": 6.73074215000009}, {""pair"": [0, 14, 2, 0], ""acc"": 14.3, ""vel"": 22.71, ""pos"": 8.3, ""error"": 6.73411325000009}, {""pair"": [0, 14, 2, 0], ""acc"": 14.3, ""vel"": 22.71, ""pos"": 8.3, ""error"": 7.13074215000009}, {""pair"": [0, 14, 2, 0], ""acc"": 14.3, ""vel"": 22.71, ""pos"": 8.3, ""error"": 7.134113250000089}, {""pair"": [0, 14, 2, 0], ""acc"": 14.3, ""vel"": 22.71, ""pos"": 8.3, ""error"": 7.184679750000077}, {""pair"": [0, 14, 2, 0], ""acc"": 14.3, ""vel"": 22.71, ""pos"": 8.3, ""error"": 7.188050850000076}, {""pair"": [0, 14, 2, 0], ""acc"": 14.3, ""vel"": 22.71, ""pos"": 8.3, ""error"": 1631.91345785}, {""pair"": [0, 14, 2, 0], ""acc"": 14.3, ""vel"": 22.71, ""pos"": 8.3, ""error"": 1631.96832025}, {""pair"": [0, 14, 2, 0], ""acc"": 14.3, ""vel"": 22.71, ""pos"": 8.3, ""error"": 1632.31345785}], [{""pair"": [1, 14, 0, 0], ""acc"": 1.5, ""vel"": 21.75, ""pos"": 8.3, ""error"": 7.690742150000091}, {""pair"": [1, 14, 0, 0], ""acc"": 1.5, ""vel"": 21.75, ""pos"": 8.3, ""error"": 7.694113250000091}, {""pair"": [1, 14, 0, 0], ""acc"": 1.5, ""vel"": 21.75, ""pos"": 8.3, ""error"": 8.090742150000091}, {""pair"": [1, 14, 0, 0], ""acc"": 1.5, ""vel"": 21.75, ""pos"": 8.3, ""error"": 8.09411325000009}, {""pair"": [1, 14, 0, 0], ""acc"": 1.5, ""vel"": 21.75, ""pos"": 8.3, ""error"": 8.144679750000078}, {""pair"": [1, 14, 0, 0], ""acc"": 1.5, ""vel"": 21.75, ""pos"": 8.3, ""error"": 8.148050850000077}, {""pair"": [1, 14, 0, 0], ""acc"": 1.5, ""vel"": 21.75, ""pos"": 8.3, ""error"": 1632.8734578499998}, {""pair"": [1, 14, 0, 0], ""acc"": 1.5, ""vel"": 21.75, ""pos"": 8.3, ""error"": 1632.9283202499998}, {""pair"": [1, 14, 0, 0], ""acc"": 1.5, ""vel"": 21.75, ""pos"": 8.3, ""error"": 1633.2734578499999}], [{""pair"": [1, 14, 1, 0], ""acc"": 1.5, ""vel"": 23.03, ""pos"": 1.9, ""error"": 0.010742150000089268}, {""pair"": [1, 14, 1, 0], ""acc"": 1.5, ""vel"": 23.03, ""pos"": 1.9, ""error"": 0.014113250000088451}, {""pair"": [1, 14, 1, 0], ""acc"": 1.5, ""vel"": 23.03, ""pos"": 1.9, ""error"": 0.4107421500000892}, {""pair"": [1, 14, 1, 0], ""acc"": 1.5, ""vel"": 23.03, ""pos"": 1.9, ""error"": 0.41411325000008836}, {""pair"": [1, 14, 1, 0], ""acc"": 1.5, ""vel"": 23.03, ""pos"": 1.9, ""error"": 0.46467975000007633}, {""pair"": [1, 14, 1, 0], ""acc"": 1.5, ""vel"": 23.03, ""pos"": 1.9, ""error"": 0.4680508500000755}, {""pair"": [1, 14, 1, 0], ""acc"": 1.5, ""vel"": 23.03, ""pos"": 1.9, ""error"": 1637.9934578499997}, {""pair"": [1, 14, 1, 0], ""acc"": 1.5, ""vel"": 23.03, ""pos"": 1.9, ""error"": 1638.0483202499997}, {""pair"": [1, 14, 1, 0], ""acc"": 1.5, ""vel"": 23.03, ""pos"": 1.9, ""error"": 1638.3934578499998}], [{""pair"": [1, 14, 2, 0], ""acc"": 1.5, ""vel"": 23.03, ""pos"": 8.3, ""error"": 6.41074215000009}, {""pair"": [1, 14, 2, 0], ""acc"": 1.5, ""vel"": 23.03, ""pos"": 8.3, ""error"": 6.4141132500000895}, {""pair"": [1, 14, 2, 0], ""acc"": 1.5, ""vel"": 23.03, ""pos"": 8.3, ""error"": 6.81074215000009}, {""pair"": [1, 14, 2, 0], ""acc"": 1.5, ""vel"": 23.03, ""pos"": 8.3, ""error"": 6.814113250000089}, {""pair"": [1, 14, 2, 0], ""acc"": 1.5, ""vel"": 23.03, ""pos"": 8.3, ""error"": 6.864679750000077}, {""pair"": [1, 14, 2, 0], ""acc"": 1.5, ""vel"": 23.03, ""pos"": 8.3, ""error"": 6.868050850000076}, {""pair"": [1, 14, 2, 0], ""acc"": 1.5, ""vel"": 23.03, ""pos"": 8.3, ""error"": 1631.5934578499998}, {""pair"": [1, 14, 2, 0], ""acc"": 1.5, ""vel"": 23.03, ""pos"": 8.3, ""error"": 1631.6483202499999}, {""pair"": [1, 14, 2, 0], ""acc"": 1.5, ""vel"": 23.03, ""pos"": 8.3, ""error"": 1631.99345785}], [{""pair"": [2, 14, 1, 15], ""acc"": 1.5, ""vel"": 22.07, ""pos"": 6.7, ""error"": 5.770742150000091}, {""pair"": [2, 14, 1, 15], ""acc"": 1.5, ""vel"": 22.07, ""pos"": 6.7, ""error"": 5.77411325000009}, {""pair"": [2, 14, 1, 15], ""acc"": 1.5, ""vel"": 22.07, ""pos"": 6.7, ""error"": 6.17074215000009}, {""pair"": [2, 14, 1, 15], ""acc"": 1.5, ""vel"": 22.07, ""pos"": 6.7, ""error"": 6.174113250000089}, {""pair"": [2, 14, 1, 15], ""acc"": 1.5, ""vel"": 22.07, ""pos"": 6.7, ""error"": 6.224679750000077}, {""pair"": [2, 14, 1, 15], ""acc"": 1.5, ""vel"": 22.07, ""pos"": 6.7, ""error"": 6.228050850000077}, {""pair"": [2, 14, 1, 15], ""acc"": 1.5, ""vel"": 22.07, ""pos"": 6.7, ""error"": 1634.1534578499998}, {""pair"": [2, 14, 1, 15], ""acc"": 1.5, ""vel"": 22.07, ""pos"": 6.7, ""error"": 1634.2083202499998}, {""pair"": [2, 14, 1, 15], ""acc"": 1.5, ""vel"": 22.07, ""pos"": 6.7, ""error"": 1634.5534578499999}]]","[[[3, 14, 1, 15], [1.5, 22.07, 8.3], 7.3707421500000905], [[3, 15, 2, 14], [1.5, 22.71, 6.7], 5.13074215000009], [[0, 14, 0, 0], [14.3, 21.43, 8.3], 8.010742150000091], [[0, 14, 1, 0], [14.3, 22.71, 1.9], 0.33074215000008955], [[0, 14, 2, 0], [14.3, 22.71, 8.3], 6.73074215000009], [[1, 14, 0, 0], [1.5, 21.75, 8.3], 7.690742150000091], [[1, 14, 1, 0], [1.5, 23.03, 1.9], 0.010742150000089268], [[1, 14, 2, 0], [1.5, 23.03, 8.3], 6.41074215000009], [[2, 14, 1, 15], [1.5, 22.07, 6.7], 5.770742150000091]]"
1.5,23.06,2.3000000000000003,1.5,23.07,2.3,1.4,23.06,2.3,"[{""pair"": [0, 7, 1, 9], ""acc"": 1.4, ""vel"": 23.06, ""pos"": 2.3, ""error"": 0.012773250000098102}, {""pair"": [3, 7, 1, 9], ""acc"": 1.5, ""vel"": 23.06, ""pos"": 2.3, ""error"": 0.012773250000098102}, {""pair"": [2, 7, 1, 9], ""acc"": 1.5, ""vel"": 23.06, ""pos"": 2.3, ""error"": 0.012773250000098102}, {""pair"": [0, 7, 0, 9], ""acc"": 1.0, ""vel"": 23.07, ""pos"": 2.3, ""error"": 0.022773250000099665}, {""pair"": [3, 7, 0, 9], ""acc"": 1.1, ""vel"": 23.07, ""pos"": 2.3, ""error"": 0.022773250000099665}, {""pair"": [2, 7, 0, 9], ""acc"": 1.1, ""vel"": 23.07, ""pos"": 2.3, ""error"": 0.022773250000099665}]","[[0, 7, 1, 9], [3, 7, 1, 9], [2, 7, 1, 9], [0, 7, 0, 9], [3, 7, 0, 9], [2, 7, 0, 9]]","[[{""pair"": [3, 7, 0, 9], ""acc"": 1.1, ""vel"": 23.07, ""pos"": 2.3, ""error"": 0.022773250000099665}, {""pair"": [3, 7, 0, 9], ""acc"": 1.1, ""vel"": 23.07, ""pos"": 2.3, ""error"": 5.120786749999913}, {""pair"": [3, 7, 0, 9], ""acc"": 1.1, ""vel"": 23.07, ""pos"": 2.3, ""error"": 5.749906749999916}, {""pair"": [3, 7, 0, 9], ""acc"": 1.1, ""vel"": 23.07, ""pos"": 2.3, ""error"": 6.406226749999912}, {""pair"": [3, 7, 0, 9], ""acc"": 1.1, ""vel"": 23.07, ""pos"": 2.3, ""error"": 7.349906749999916}, {""pair"": [3, 7, 0, 9], ""acc"": 1.1, ""vel"": 23.07, ""pos"": 2.3, ""error"": 7.664466749999918}], [{""pair"": [3, 7, 1, 9], ""acc"": 1.5, ""vel"": 23.06, ""pos"": 2.3, ""error"": 0.012773250000098102}, {""pair"": [3, 7, 1, 9], ""acc"": 1.5, ""vel"": 23.06, ""pos"": 2.3, ""error"": 5.110786749999911}, {""pair"": [3, 7, 1, 9], ""acc"": 1.5, ""vel"": 23.06, ""pos"": 2.3, ""error"": 5.739906749999914}, {""pair"": [3, 7, 1, 9], ""acc"": 1.5, ""vel"": 23.06, ""pos"": 2.3, ""error"": 6.396226749999911}, {""pair"": [3, 7, 1, 9], ""acc"": 1.5, ""vel"": 23.06, ""pos"": 2.3, ""error"": 7.339906749999915}, {""pair"": [3, 7, 1, 9], ""acc"": 1.5, ""vel"": 23.06, ""pos"": 2.3, ""error"": 7.654466749999917}], [{""pair"": [0, 7, 0, 9], ""acc"": 1.0, ""vel"": 23.07, ""pos"": 2.3, ""error"": 0.022773250000099665}, {""pair"": [0, 7, 0, 9], ""acc"": 1.0, ""vel"": 23.07, ""pos"": 2.3, ""error"": 5.120786749999913}, {""pair"": [0, 7, 0, 9], ""acc"": 1.0, ""vel"": 23.07, ""pos"": 2.3, ""error"": 5.749906749999916}, {""pair"": [0, 7, 0, 9], ""acc"": 1.0, ""vel"": 23.07, ""pos"": 2.3, ""error"": 6.406226749999912}, {""pair"": [0, 7, 0, 9], ""acc"": 1.0, ""vel"": 23.07, ""pos"": 2.3, ""error"": 7.349906749999916}, {""pair"": [0, 7, 0, 9], ""acc"": 1.0, ""vel"": 23.07, ""pos"": 2.3, ""error"": 7.664466749999918}], [{""pair"": [0, 7, 1, 9], ""acc"": 1.4, ""vel"": 23.06, ""pos"": 2.3, ""error"": 0.012773250000098102}, {""pair"": [0, 7, 1, 9], ""acc"": 1.4, ""vel"": 23.06, ""pos"": 2.3, ""error"": 5.110786749999911}, {""pair"": [0, 7, 1, 9], ""acc"": 1.4, ""vel"": 23.06, ""pos"": 2.3, ""error"": 5.739906749999914}, {""pair"": [0, 7, 1, 9], ""acc"": 1.4, ""vel"": 23.06, ""pos"": 2.3, ""error"": 6.396226749999911}, {""pair"": [0, 7, 1, 9], ""acc"": 1.4, ""vel"": 23.06, ""pos"": 2.3, ""error"": 7.339906749999915}, {""pair"": [0, 7, 1, 9], ""acc"": 1.4, ""vel"": 23.06, ""pos"": 2.3, ""error"": 7.654466749999917}], [{""pair"": [2, 7, 0, 9], ""acc"": 1.1, ""vel"": 23.07, ""pos"": 2.3, ""error"": 0.022773250000099665}, {""pair"": [2, 7, 0, 9], ""acc"": 1.1, ""vel"": 23.07, ""pos"": 2.3, ""error"": 5.120786749999913}, {""pair"": [2, 7, 0, 9], ""acc"": 1.1, ""vel"": 23.07, ""pos"": 2.3, ""error"": 5.749906749999916}, {""pair"": [2, 7, 0, 9], ""acc"": 1.1, ""vel"": 23.07, ""pos"": 2.3, ""error"": 6.406226749999912}, {""pair"": [2, 7, 0, 9], ""acc"": 1.1, ""vel"": 23.07, ""pos"": 2.3, ""error"": 7.349906749999916}, {""pair"": [2, 7, 0, 9], ""acc"": 1.1, ""vel"": 23.07, ""pos"": 2.3, ""error"": 7.664466749999918}], [{""pair"": [2, 7, 1, 9], ""acc"": 1.5, ""vel"": 23.06, ""pos"": 2.3, ""error"": 0.012773250000098102}, {""pair"": [2, 7, 1, 9], ""acc"": 1.5, ""vel"": 23.06, ""pos"": 2.3, ""error"": 5.110786749999911}, {""pair"": [2, 7, 1, 9], ""acc"": 1.5, ""vel"": 23.06, ""pos"": 2.3, ""error"": 5.739906749999914}, {""pair"": [2, 7, 1, 9], ""acc"": 1.5, ""vel"": 23.06, ""pos"": 2.3, ""error"": 6.396226749999911}, {""pair"": [2, 7, 1, 9], ""acc"": 1.5, ""vel"": 23.06, ""pos"": 2.3, ""error"": 7.339906749999915}, {""pair"": [2, 7, 1, 9], ""acc"": 1.5, ""vel"": 23.06, ""pos"": 2.3, ""error"": 7.654466749999917}]]","[[[3, 7, 0, 9], [1.1, 23.07, 2.3], 0.022773250000099665], [[3, 7, 1, 9], [1.5, 23.06, 2.3], 0.012773250000098102], [[0, 7, 0, 9], [1.0, 23.07, 2.3], 0.022773250000099665], [[0, 7, 1, 9], [1.4, 23.06, 2.3], 0.012773250000098102], [[2, 7, 0, 9], [1.1, 23.07, 2.3], 0.022773250000099665], [[2, 7, 1, 9], [1.5, 23.06, 2.3], 0.012773250000098102]]"
1.5,23.08,2.7,1.5,23.08,9.1,1.5,23.08,2.7,"[{""pair"": [3, 11, 1, 0], ""acc"": 1.5, ""vel"": 23.08, ""pos"": 2.7, ""error"": 0.03326079999957576}, {""pair"": [1, 0, 1, 11], ""acc"": 1.5, ""vel"": 23.04, ""pos"": 2.7, ""error"": 0.07326079999957491}, {""pair"": [1, 0, 2, 11], ""acc"": 1.5, ""vel"": 23.08, ""pos"": 2.5, ""error"": 0.17153920000047718}, {""pair"": [2, 0, 2, 11], ""acc"": 1.5, ""vel"": 23.08, ""pos"": 8.9, ""error"": 6.2332607999995755}, {""pair"": [3, 11, 2, 0], ""acc"": 1.5, ""vel"": 23.08, ""pos"": 9.1, ""error"": 6.433260799999575}, {""pair"": [2, 0, 1, 11], ""acc"": 1.5, ""vel"": 23.04, ""pos"": 9.1, ""error"": 6.473260799999574}]","[[3, 11, 1, 0], [1, 0, 1, 11], [1, 0, 2, 11], [2, 0, 2, 11], [3, 11, 2, 0], [2, 0, 1, 11]]","[[{""pair"": [3, 11, 1, 0], ""acc"": 1.5, ""vel"": 23.08, ""pos"": 2.7, ""error"": 0.03326079999957576}, {""pair"": [3, 11, 1, 0], ""acc"": 1.5, ""vel"": 23.08, ""pos"": 2.7, ""error"": 0.03484799999957877}, {""pair"": [3, 11, 1, 0], ""acc"": 1.5, ""vel"": 23.08, ""pos"": 2.7, ""error"": 0.03484799999957877}, {""pair"": [3, 11, 1, 0], ""acc"": 1.5, ""vel"": 23.08, ""pos"": 2.7, ""error"": 0.03675199999957046}, {""pair"": [3, 11, 1, 0], ""acc"": 1.5, ""vel"": 23.08, ""pos"": 2.7, ""error"": 0.03833919999957347}, {""pair"": [3, 11, 1, 0], ""acc"": 1.5, ""vel"": 23.08, ""pos"": 2.7, ""error"": 0.03833919999957347}], [{""pair"": [3, 11, 2, 0], ""acc"": 1.5, ""vel"": 23.08, ""pos"": 9.1, ""error"": 6.433260799999575}, {""pair"": [3, 11, 2, 0], ""acc"": 1.5, ""vel"": 23.08, ""pos"": 9.1, ""error"": 6.434847999999578}, {""pair"": [3, 11, 2, 0], ""acc"": 1.5, ""vel"": 23.08, ""pos"": 9.1, ""error"": 6.434847999999578}, {""pair"": [3, 11, 2, 0], ""acc"": 1.5, ""vel"": 23.08, ""pos"": 9.1, ""error"": 6.43675199999957}, {""pair"": [3, 11, 2, 0], ""acc"": 1.5, ""vel"": 23.08, ""pos"": 9.1, ""error"": 6.438339199999573}, {""pair"": [3, 11, 2, 0], ""acc"": 1.5, ""vel"": 23.08, ""pos"": 9.1, ""error"": 6.438339199999573}], [{""pair"": [1, 0, 1, 11], ""acc"": 1.5, ""vel"": 23.04, ""pos"": 2.7, ""error"": 0.07326079999957491}, {""pair"": [1, 0, 1, 11], ""acc"": 1.5, ""vel"": 23.04, ""pos"": 2.7, ""error"": 0.07484799999957792}, {""pair"": [1, 0, 1, 11], ""acc"": 1.5, ""vel"": 23.04, ""pos"": 2.7, ""error"": 0.07484799999957792}, {""pair"": [1, 0, 1, 11], ""acc"": 1.5, ""vel"": 23.04, ""pos"": 2.7, ""error"": 0.07675199999956961}, {""pair"": [1, 0, 1, 11], ""acc"": 1.5, ""vel"": 23.04, ""pos"": 2.7, ""error"": 0.07833919999957262}, {""pair"": [1, 0, 1, 11], ""acc"": 1.5, ""vel"": 23.04, ""pos"": 2.7, ""error"": 0.07833919999957262}], [{""pair"": [1, 0, 2, 11], ""acc"": 1.5, ""vel"": 23.08, ""pos"": 2.5, ""error"": 0.17153920000047718}, {""pair"": [1, 0, 2, 11], ""acc"": 1.5, ""vel"": 23.08, ""pos"": 2.5, ""error"": 0.17315200000048092}, {""pair"": [1, 0, 2, 11], ""acc"": 1.5, ""vel"": 23.08, ""pos"": 2.5, ""error"": 0.17315200000048092}, {""pair"": [1, 0, 2, 11], ""acc"": 1.5, ""vel"": 23.08, ""pos"": 2.5, ""error"": 0.1752480000004728}, {""pair"": [1, 0, 2, 11], ""acc"": 1.5, ""vel"": 23.08, ""pos"": 2.5, ""error"": 0.17686080000047655}, {""pair"": [1, 0, 2, 11], ""acc"": 1.5, ""vel"": 23.08, ""pos"": 2.5, ""error"": 0.17686080000047655}], [{""pair"": [2, 0, 1, 11], ""acc"": 1.5, ""vel"": 23.04, ""pos"": 9.1, ""error"": 6.473260799999574}, {""pair"": [2, 0, 1, 11], ""acc"": 1.5, ""vel"": 23.04, ""pos"": 9.1, ""error"": 6.474847999999577}, {""pair"": [2, 0, 1, 11], ""acc"": 1.5, ""vel"": 23.04, ""pos"": 9.1, ""error"": 6.474847999999577}, {""pair"": [2, 0, 1, 11], ""acc"": 1.5, ""vel"": 23.04, ""pos"": 9.1, ""error"": 6.4767519999995695}, {""pair"": [2, 0, 1, 11], ""acc"": 1.5, ""vel"": 23.04, ""pos"": 9.1, ""error"": 6.4783391999995725}, {""pair"": [2, 0, 1, 11], ""acc"": 1.5, ""vel"": 23.04, ""pos"": 9.1, ""error"": 6.4783391999995725}], [{""pair"": [2, 0, 2, 11], ""acc"": 1.5, ""vel"": 23.08, ""pos"": 8.9, ""error"": 6.2332607999995755}, {""pair"": [2, 0, 2, 11], ""acc"": 1.5, ""vel"": 23.08, ""pos"": 8.9, ""error"": 6.2348479999995785}, {""pair"": [2, 0, 2, 11], ""acc"": 1.5, ""vel"": 23.08, ""pos"": 8.9, ""error"": 6.2348479999995785}, {""pair"": [2, 0, 2, 11], ""acc"": 1.5, ""vel"": 23.08, ""pos"": 8.9, ""error"": 6.236751999999571}, {""pair"": [2, 0, 2, 11], ""acc"": 1.5, ""vel"": 23.08, ""pos"": 8.9, ""error"": 6.238339199999574}, {""pair"": [2, 0, 2, 11], ""acc"": 1.5, ""vel"": 23.08, ""pos"": 8.9, ""error"": 6.238339199999574}]]","[[[3, 11, 1, 0], [1.5, 23.08, 2.7], 0.03326079999957576], [[3, 11, 2, 0], [1.5, 23.08, 9.1], 6.433260799999575], [[1, 0, 1, 11], [1.5, 23.04, 2.7], 0.07326079999957491], [[1, 0, 2, 11], [1.5, 23.08, 2.5], 0.17153920000047718], [[2, 0, 1, 11], [1.5, 23.04, 9.1], 6.473260799999574], [[2, 0, 2, 11], [1.5, 23.08, 8.9], 6.2332607999995755]]"
1.5,23.11,3.1,1.5,50.0,3.1,1.5,23.11,3.1,"[{""pair"": [3, 14, 0, 5], ""acc"": 1.5, ""vel"": 23.11, ""pos"": 3.1, ""error"": 0.01192325000010186}, {""pair"": [0, 5, 2, 14], ""acc"": 1.5, ""vel"": 23.11, ""pos"": 1.5, ""error"": 1.3970767499999126}]","[[3, 14, 0, 5], [0, 5, 2, 14]]","[[{""pair"": [3, 14, 0, 5], ""acc"": 1.5, ""vel"": 23.11, ""pos"": 3.1, ""error"": 0.01192325000010186}, {""pair"": [3, 14, 0, 5], ""acc"": 1.5, ""vel"": 23.11, ""pos"": 3.1, ""error"": 0.052603250000100577}, {""pair"": [3, 14, 0, 5], ""acc"": 1.5, ""vel"": 23.11, ""pos"": 3.1, ""error"": 0.21192325000010204}, {""pair"": [3, 14, 0, 5], ""acc"": 1.5, ""vel"": 23.11, ""pos"": 3.1, ""error"": 6.197076749999914}, {""pair"": [3, 14, 0, 5], ""acc"": 1.5, ""vel"": 23.11, ""pos"": 3.1, ""error"": 6.397076749999913}, {""pair"": [3, 14, 0, 5], ""acc"": 1.5, ""vel"": 23.11, ""pos"": 3.1, ""error"": 6.436396749999911}], [{""pair"": [0, 5, 2, 14], ""acc"": 1.5, ""vel"": 23.11, ""pos"": 1.5, ""error"": 1.5970767499999128}, {""pair"": [0, 5, 2, 14], ""acc"": 1.5, ""vel"": 23.11, ""pos"": 1.5, ""error"": 1.6363967499999124}, {""pair"": [0, 5, 2, 14], ""acc"": 1.5, ""vel"": 23.11, ""pos"": 1.5, ""error"": 1.3970767499999126}, {""pair"": [0, 5, 2, 14], ""acc"": 1.5, ""vel"": 23.11, ""pos"": 1.5, ""error"": 7.797076749999913}, {""pair"": [0, 5, 2, 14], ""acc"": 1.5, ""vel"": 23.11, ""pos"": 1.5, ""error"": 7.997076749999913}, {""pair"": [0, 5, 2, 14], ""acc"": 1.5, ""vel"": 23.11, ""pos"": 1.5, ""error"": 8.036396749999911}]]","[[[3, 14, 0, 5], [1.5, 23.11, 3.1], 0.01192325000010186], [[0, 5, 2, 14], [1.5, 23.11, 1.5], 1.3970767499999126]]"
1.5,23.13,3.5,1.5,33.37,3.9,1.5,23.13,3.5,"[{""pair"": [0, 3, 2, 12], ""acc"": 1.5, ""vel"": 23.13, ""pos"": 3.5, ""error"": 0.012413250000089082}, {""pair"": [3, 12, 0, 3], ""acc"": 1.5, ""vel"": 23.13, ""pos"": 3.9, ""error"": 0.412413250000089}, {""pair"": [0, 3, 1, 12], ""acc"": 1.5, ""vel"": 23.05, ""pos"": 3.9, ""error"": 0.4924132500000873}, {""pair"": [3, 3, 2, 12], ""acc"": 1.5, ""vel"": 33.37, ""pos"": 3.5, ""error"": 10.241413250000099}, {""pair"": [2, 3, 2, 12], ""acc"": 1.5, ""vel"": 33.37, ""pos"": 3.5, ""error"": 10.241413250000099}, {""pair"": [3, 3, 1, 12], ""acc"": 1.5, ""vel"": 33.29, ""pos"": 3.9, ""error"": 10.5614132500001}, {""pair"": [2, 3, 1, 12], ""acc"": 1.5, ""vel"": 33.29, ""pos"": 3.9, ""error"": 10.5614132500001}, {""pair"": [3, 12, 2, 3], ""acc"": 1.5, ""vel"": 33.37, ""pos"": 3.9, ""error"": 10.641413250000099}]","[[0, 3, 2, 12], [3, 12, 0, 3], [0, 3, 1, 12], [3, 3, 2, 12], [2, 3, 2, 12], [3, 3, 1, 12], [2, 3, 1, 12], [3, 12, 2, 3]]","[[{""pair"": [3, 3, 1, 12], ""acc"": 1.5, ""vel"": 33.29, ""pos"": 3.9, ""error"": 10.5614132500001}, {""pair"": [3, 3, 1, 12], ""acc"": 1.5, ""vel"": 33.29, ""pos"": 3.9, ""error"": 12.1614132500001}], [{""pair"": [3, 3, 2, 12], ""acc"": 1.5, ""vel"": 33.37, ""pos"": 3.5, ""error"": 10.241413250000099}, {""pair"": [3, 3, 2, 12], ""acc"": 1.5, ""vel"": 33.37, ""pos"": 3.5, ""error"": 11.841413250000098}], [{""pair"": [3, 12, 0, 3], ""acc"": 1.5, ""vel"": 23.13, ""pos"": 3.9, ""error"": 0.412413250000089}, {""pair"": [3, 12, 0, 3], ""acc"": 1.5, ""vel"": 23.13, ""pos"": 3.9, ""error"": 2.0124132500000886}], [{""pair"": [3, 12, 2, 3], ""acc"": 1.5, ""vel"": 33.37, ""pos"": 3.9, ""error"": 10.641413250000099}, {""pair"": [3, 12, 2, 3], ""acc"": 1.5, ""vel"": 33.37, ""pos"": 3.9, ""error"": 12.241413250000099}], [{""pair"": [0, 3, 1, 12], ""acc"": 1.5, ""vel"": 23.05, ""pos"": 3.9, ""error"": 0.4924132500000873}, {""pair"": [0, 3, 1, 12], ""acc"": 1.5, ""vel"": 23.05, ""pos"": 3.9, ""error"": 2.092413250000087}], [{""pair"": [0, 3, 2, 12], ""acc"": 1.5, ""vel"": 23.13, ""pos"": 3.5, ""error"": 0.012413250000089082}, {""pair"": [0, 3, 2, 12], ""acc"": 1.5, ""vel"": 23.13, ""pos"": 3.5, ""error"": 1.612413250000089}], [{""pair"": [2, 3, 1, 12], ""acc"": 1.5, ""vel"": 33.29, ""pos"": 3.9, ""error"": 10.5614132500001}, {""pair"": [2, 3, 1, 12], ""acc"": 1.5, ""vel"": 33.29, ""pos"": 3.9, ""error"": 12.1614132500001}], [{""pair"": [2, 3, 2, 12], ""acc"": 1.5, ""vel"": 33.37, ""pos"": 3.5, ""error"": 10.241413250000099}, {""pair"": [2, 3, 2, 12], ""acc"": 1.5, ""vel"": 33.37, ""pos"": 3.5, ""error"": 11.841413250000098}]]","[[[3, 3, 1, 12], [1.5, 33.29, 3.9], 10.5614132500001], [[3, 3, 2, 12], [1.5, 33.37, 3.5], 10.241413250000099], [[3, 12, 0, 3], [1.5, 23.13, 3.9], 0.412413250000089], [[3, 12, 2, 3], [1.5, 33.37, 3.9], 10.641413250000099], [[0, 3, 1, 12], [1.5, 23.05, 3.9], 0.4924132500000873], [[0, 3, 2, 12], [1.5, 23.13, 3.5], 0.012413250000089082], [[2, 3, 1, 12], [1.5, 33.29, 3.9], 10.5614132500001], [[2, 3, 2, 12], [1.5, 33.37, 3.5], 10.241413250000099]]"
1.5,23.16,3.8,7.1,23.16,3.8,0.7,23.16,3.9,"[{""pair"": [2, 10, 0, 13], ""acc"": 0.7, ""vel"": 23.16, ""pos"": 3.9, ""error"": 0.03572799999951881}, {""pair"": [3, 10, 0, 13], ""acc"": 0.7, ""vel"": 23.16, ""pos"": 3.8, ""error"": 0.07627200000042489}, {""pair"": [0, 10, 0, 13], ""acc"": 1.5, ""vel"": 23.16, ""pos"": 3.8, ""error"": 0.07627200000042489}, {""pair"": [1, 10, 0, 13], ""acc"": 0.7, ""vel"": 23.18, ""pos"": 3.8, ""error"": 0.09627200000042446}]","[[2, 10, 0, 13], [3, 10, 0, 13], [0, 10, 0, 13], [1, 10, 0, 13]]","[[{""pair"": [3, 10, 0, 13], ""acc"": 0.7, ""vel"": 23.16, ""pos"": 3.8, ""error"": 0.07627200000042489}, {""pair"": [3, 10, 0, 13], ""acc"": 0.7, ""vel"": 23.16, ""pos"": 3.8, ""error"": 0.47627200000042436}, {""pair"": [3, 10, 0, 13], ""acc"": 0.7, ""vel"": 23.16, ""pos"": 3.8, ""error"": 0.5549920000004214}, {""pair"": [3, 10, 0, 13], ""acc"": 0.7, ""vel"": 23.16, ""pos"": 3.8, ""error"": 10.46811200000068}, {""pair"": [3, 10, 0, 13], ""acc"": 0.7, ""vel"": 23.16, ""pos"": 3.8, ""error"": 10.46811200000068}, {""pair"": [3, 10, 0, 13], ""acc"": 0.7, ""vel"": 23.16, ""pos"": 3.8, ""error"": 10.786832000000679}, {""pair"": [3, 10, 0, 13], ""acc"": 0.7, ""vel"": 23.16, ""pos"": 3.8, ""error"": 10.786832000000679}, {""pair"": [3, 10, 0, 13], ""acc"": 0.7, ""vel"": 23.16, ""pos"": 3.8, ""error"": 10.868112000000679}], [{""pair"": [0, 10, 0, 13], ""acc"": 1.5, ""vel"": 23.16, ""pos"": 3.8, ""error"": 0.07627200000042489}, {""pair"": [0, 10, 0, 13], ""acc"": 1.5, ""vel"": 23.16, ""pos"": 3.8, ""error"": 0.47627200000042436}, {""pair"": [0, 10, 0, 13], ""acc"": 1.5, ""vel"": 23.16, ""pos"": 3.8, ""error"": 0.5549920000004214}, {""pair"": [0, 10, 0, 13], ""acc"": 1.5, ""vel"": 23.16, ""pos"": 3.8, ""error"": 10.46811200000068}, {""pair"": [0, 10, 0, 13], ""acc"": 1.5, ""vel"": 23.16, ""pos"": 3.8, ""error"": 10.46811200000068}, {""pair"": [0, 10, 0, 13], ""acc"": 1.5, ""vel"": 23.16, ""pos"": 3.8, ""error"": 10.786832000000679}, {""pair"": [0, 10, 0, 13], ""acc"": 1.5, ""vel"": 23.16, ""pos"": 3.8, ""error"": 10.786832000000679}, {""pair"": [0, 10, 0, 13], ""acc"": 1.5, ""vel"": 23.16, ""pos"": 3.8, ""error"": 10.868112000000679}], [{""pair"": [1, 10, 0, 13], ""acc"": 0.7, ""vel"": 23.18, ""pos"": 3.8, ""error"": 0.09627200000042446}, {""pair"": [1, 10, 0, 13], ""acc"": 0.7, ""vel"": 23.18, ""pos"": 3.8, ""error"": 0.49627200000042393}, {""pair"": [1, 10, 0, 13], ""acc"": 0.7, ""vel"": 23.18, ""pos"": 3.8, ""error"": 0.5749920000004209}, {""pair"": [1, 10, 0, 13], ""acc"": 0.7, ""vel"": 23.18, ""pos"": 3.8, ""error"": 10.44811200000068}, {""pair"": [1, 10, 0, 13], ""acc"": 0.7, ""vel"": 23.18, ""pos"": 3.8, ""error"": 10.44811200000068}, {""pair"": [1, 10, 0, 13], ""acc"": 0.7, ""vel"": 23.18, ""pos"": 3.8, ""error"": 10.76683200000068}, {""pair"": [1, 10, 0, 13], ""acc"": 0.7, ""vel"": 23.18, ""pos"": 3.8, ""error"": 10.76683200000068}, {""pair"": [1, 10, 0, 13], ""acc"": 0.7, ""vel"": 23.18, ""pos"": 3.8, ""error"": 10.848112000000679}], [{""pair"": [2, 10, 0, 13], ""acc"": 0.7, ""vel"": 23.16, ""pos"": 3.9, ""error"": 0.03572799999951881}, {""pair"": [2, 10, 0, 13], ""acc"": 0.7, ""vel"": 23.16, ""pos"": 3.9, ""error"": 0.37627200000042427}, {""pair"": [2, 10, 0, 13], ""acc"": 0.7, ""vel"": 23.16, ""pos"": 3.9, ""error"": 0.4549920000004213}, {""pair"": [2, 10, 0, 13], ""acc"": 0.7, ""vel"": 23.16, ""pos"": 3.9, ""error"": 10.368112000000679}, {""pair"": [2, 10, 0, 13], ""acc"": 0.7, ""vel"": 23.16, ""pos"": 3.9, ""error"": 10.368112000000679}, {""pair"": [2, 10, 0, 13], ""acc"": 0.7, ""vel"": 23.16, ""pos"": 3.9, ""error"": 10.68683200000068}, {""pair"": [2, 10, 0, 13], ""acc"": 0.7, ""vel"": 23.16, ""pos"": 3.9, ""error"": 10.68683200000068}, {""pair"": [2, 10, 0, 13], ""acc"": 0.7, ""vel"": 23.16, ""pos"": 3.9, ""error"": 10.768112000000679}]]","[[[3, 10, 0, 13], [0.7, 23.16, 3.8], 0.07627200000042489], [[0, 10, 0, 13], [1.5, 23.16, 3.8], 0.07627200000042489], [[1, 10, 0, 13], [0.7, 23.18, 3.8], 0.09627200000042446], [[2, 10, 0, 13], [0.7, 23.16, 3.9], 0.03572799999951881]]"
1.5,23.19,4.2,1.5,23.19,4.2,1.5,23.19,4.2,"[{""pair"": [3, 12, 2, 8], ""acc"": 1.5, ""vel"": 23.19, ""pos"": 4.2, ""error"": 0.007738850000090558}, {""pair"": [3, 8, 0, 12], ""acc"": 4.7, ""vel"": 23.19, ""pos"": 4.2, ""error"": 0.007738850000090558}, {""pair"": [2, 8, 0, 12], ""acc"": 4.7, ""vel"": 23.19, ""pos"": 4.2, ""error"": 0.007738850000090558}, {""pair"": [3, 8, 2, 12], ""acc"": 1.5, ""vel"": 23.19, ""pos"": 4.6, ""error"": 0.3242788500000984}, {""pair"": [2, 8, 2, 12], ""acc"": 1.5, ""vel"": 23.19, ""pos"": 4.6, ""error"": 0.3242788500000984}, {""pair"": [3, 12, 1, 8], ""acc"": 1.5, ""vel"": 23.19, ""pos"": 1642.6, ""error"": 1638.32427885}, {""pair"": [1, 8, 0, 12], ""acc"": 4.7, ""vel"": 23.19, ""pos"": 1642.6, ""error"": 1638.32427885}, {""pair"": [1, 8, 2, 12], ""acc"": 1.5, ""vel"": 23.19, ""pos"": 1643.0, ""error"": 1638.72427885}]","[[3, 12, 2, 8], [3, 8, 0, 12], [2, 8, 0, 12], [3, 8, 2, 12], [2, 8, 2, 12], [3, 12, 1, 8], [1, 8, 0, 12], [1, 8, 2, 12]]","[[{""pair"": [3, 8, 0, 12], ""acc"": 4.7, ""vel"": 23.19, ""pos"": 4.2, ""error"": 0.1119211499999091}, {""pair"": [3, 8, 0, 12], ""acc"": 4.7, ""vel"": 23.19, ""pos"": 4.2, ""error"": 0.02427885000009944}, {""pair"": [3, 8, 0, 12], ""acc"": 4.7, ""vel"": 23.19, ""pos"": 4.2, ""error"": 0.01056325000010272}, {""pair"": [3, 8, 0, 12], ""acc"": 4.7, ""vel"": 23.19, ""pos"": 4.2, ""error"": 0.007738850000090558}], [{""pair"": [3, 8, 2, 12], ""acc"": 1.5, ""vel"": 23.19, ""pos"": 4.6, ""error"": 0.3242788500000984}, {""pair"": [3, 8, 2, 12], ""acc"": 1.5, ""vel"": 23.19, ""pos"": 4.6, ""error"": 0.4242788500000989}, {""pair"": [3, 8, 2, 12], ""acc"": 1.5, ""vel"": 23.19, ""pos"": 4.6, ""error"": 0.4105632500001022}, {""pair"": [3, 8, 2, 12], ""acc"": 1.5, ""vel"": 23.19, ""pos"": 4.6, ""error"": 0.40773885000009}], [{""pair"": [3, 12, 1, 8], ""acc"": 1.5, ""vel"": 23.19, ""pos"": 1642.6, ""error"": 1638.32427885}, {""pair"": [3, 12, 1, 8], ""acc"": 1.5, ""vel"": 23.19, ""pos"": 1642.6, ""error"": 1638.42427885}, {""pair"": [3, 12, 1, 8], ""acc"": 1.5, ""vel"": 23.19, ""pos"": 1642.6, ""error"": 1638.41056325}, {""pair"": [3, 12, 1, 8], ""acc"": 1.5, ""vel"": 23.19, ""pos"": 1642.6, ""error"": 1638.40773885}], [{""pair"": [3, 12, 2, 8], ""acc"": 1.5, ""vel"": 23.19, ""pos"": 4.2, ""error"": 0.1119211499999091}, {""pair"": [3, 12, 2, 8], ""acc"": 1.5, ""vel"": 23.19, ""pos"": 4.2, ""error"": 0.02427885000009944}, {""pair"": [3, 12, 2, 8], ""acc"": 1.5, ""vel"": 23.19, ""pos"": 4.2, ""error"": 0.01056325000010272}, {""pair"": [3, 12, 2, 8], ""acc"": 1.5, ""vel"": 23.19, ""pos"": 4.2, ""error"": 0.007738850000090558}], [{""pair"": [1, 8, 0, 12], ""acc"": 4.7, ""vel"": 23.19, ""pos"": 1642.6, ""error"": 1638.32427885}, {""pair"": [1, 8, 0, 12], ""acc"": 4.7, ""vel"": 23.19, ""pos"": 1642.6, ""error"": 1638.42427885}, {""pair"": [1, 8, 0, 12], ""acc"": 4.7, ""vel"": 23.19, ""pos"": 1642.6, ""error"": 1638.41056325}, {""pair"": [1, 8, 0, 12], ""acc"": 4.7, ""vel"": 23.19, ""pos"": 1642.6, ""error"": 1638.40773885}], [{""pair"": [1, 8, 2, 12], ""acc"": 1.5, ""vel"": 23.19, ""pos"": 1643.0, ""error"": 1638.72427885}, {""pair"": [1, 8, 2, 12], ""acc"": 1.5, ""vel"": 23.19, ""pos"": 1643.0, ""error"": 1638.8242788500002}, {""pair"": [1, 8, 2, 12], ""acc"": 1.5, ""vel"": 23.19, ""pos"": 1643.0, ""error"": 1638.81056325}, {""pair"": [1, 8, 2, 12], ""acc"": 1.5, ""vel"": 23.19, ""pos"": 1643.0, ""error"": 1638.80773885}], [{""pair"": [2, 8, 0, 12], ""acc"": 4.7, ""vel"": 23.19, ""pos"": 4.2, ""error"": 0.1119211499999091}, {""pair"": [2, 8, 0, 12], ""acc"": 4.7, ""vel"": 23.19, ""pos"": 4.2, ""error"": 0.02427885000009944}, {""pair"": [2, 8, 0, 12], ""acc"": 4.7, ""vel"": 23.19, ""pos"": 4.2, ""error"": 0.01056325000010272}, {""pair"": [2, 8, 0, 12], ""acc"": 4.7, ""vel"": 23.19, ""pos"": 4.2, ""error"": 0.007738850000090558}], [{""pair"": [2, 8, 2, 12], ""acc"": 1.5, ""vel"": 23.19, ""pos"": 4.6, ""error"": 0.3242788500000984}, {""pair"": [2, 8, 2, 12], ""acc"": 1.5, ""vel"": 23.19, ""pos"": 4.6, ""error"": 0.4242788500000989}, {""pair"": [2, 8, 2, 12], ""acc"": 1.5, ""vel"": 23.19, ""pos"": 4.6, ""error"": 0.4105632500001022}, {""pair"": [2, 8, 2, 12], ""acc"": 1.5, ""vel"": 23.19, ""pos"": 4.6, ""error"": 0.40773885000009}]]","[[[3, 8, 0, 12], [4.7, 23.19, 4.2], 0.007738850000090558], [[3, 8, 2, 12], [1.5, 23.19, 4.6], 0.3242788500000984], [[3, 12, 1, 8], [1.5, 23.19, 1642.6], 1638.32427885], [[3, 12, 2, 8], [1.5, 23.19, 4.2], 0.007738850000090558], [[1, 8, 0, 12], [4.7, 23.19, 1642.6], 1638.32427885], [[1, 8, 2, 12], [1.5, 23.19, 1643.0], 1638.72427885], [[2, 8, 0, 12], [4.7, 23.19, 4.2], 0.007738850000090558], [[2, 8, 2, 12], [1.5, 23.19, 4.6], 0.3242788500000984]]"
1.5,23.21,4.6000000000000005,1.5,23.29,209.4,1.5,23.21,4.6,"[{""pair"": [1, 5, 1, 12], ""acc"": 1.5, ""vel"": 23.21, ""pos"": 4.6, ""error"": 0.01105325000008861}, {""pair"": [3, 12, 1, 5], ""acc"": 1.5, ""vel"": 23.29, ""pos"": 4.6, ""error"": 0.025190850000111453}, {""pair"": [1, 5, 2, 12], ""acc"": 1.5, ""vel"": 23.29, ""pos"": 4.2, ""error"": 0.4150091499999222}]","[[1, 5, 1, 12], [3, 12, 1, 5], [1, 5, 2, 12]]","[[{""pair"": [3, 12, 1, 5], ""acc"": 1.5, ""vel"": 23.29, ""pos"": 4.6, ""error"": 0.08005325000009833}, {""pair"": [3, 12, 1, 5], ""acc"": 1.5, ""vel"": 23.29, ""pos"": 4.6, ""error"": 0.025190850000111453}, {""pair"": [3, 12, 1, 5], ""acc"": 1.5, ""vel"": 23.29, ""pos"": 4.6, ""error"": 0.025190850000111453}, {""pair"": [3, 12, 1, 5], ""acc"": 1.5, ""vel"": 23.29, ""pos"": 4.6, ""error"": 0.46894674999990915}, {""pair"": [3, 12, 1, 5], ""acc"": 1.5, ""vel"": 23.29, ""pos"": 4.6, ""error"": 0.46894674999990915}, {""pair"": [3, 12, 1, 5], ""acc"": 1.5, ""vel"": 23.29, ""pos"": 4.6, ""error"": 1638.4689467499998}, {""pair"": [3, 12, 1, 5], ""acc"": 1.5, ""vel"": 23.29, ""pos"": 4.6, ""error"": 1638.4150091499998}, {""pair"": [3, 12, 1, 5], ""acc"": 1.5, ""vel"": 23.29, ""pos"": 4.6, ""error"": 1638.8689467499998}], [{""pair"": [1, 5, 1, 12], ""acc"": 1.5, ""vel"": 23.21, ""pos"": 4.6, ""error"": 0.01105325000008861}, {""pair"": [1, 5, 1, 12], ""acc"": 1.5, ""vel"": 23.21, ""pos"": 4.6, ""error"": 0.06499085000007554}, {""pair"": [1, 5, 1, 12], ""acc"": 1.5, ""vel"": 23.21, ""pos"": 4.6, ""error"": 0.06499085000007554}, {""pair"": [1, 5, 1, 12], ""acc"": 1.5, ""vel"": 23.21, ""pos"": 4.6, ""error"": 0.39994674999989943}, {""pair"": [1, 5, 1, 12], ""acc"": 1.5, ""vel"": 23.21, ""pos"": 4.6, ""error"": 0.39994674999989943}, {""pair"": [1, 5, 1, 12], ""acc"": 1.5, ""vel"": 23.21, ""pos"": 4.6, ""error"": 1638.3999467499998}, {""pair"": [1, 5, 1, 12], ""acc"": 1.5, ""vel"": 23.21, ""pos"": 4.6, ""error"": 1638.4548091499998}, {""pair"": [1, 5, 1, 12], ""acc"": 1.5, ""vel"": 23.21, ""pos"": 4.6, ""error"": 1638.79994675}], [{""pair"": [1, 5, 2, 12], ""acc"": 1.5, ""vel"": 23.29, ""pos"": 4.2, ""error"": 0.46894674999990915}, {""pair"": [1, 5, 2, 12], ""acc"": 1.5, ""vel"": 23.29, ""pos"": 4.2, ""error"": 0.4150091499999222}, {""pair"": [1, 5, 2, 12], ""acc"": 1.5, ""vel"": 23.29, ""pos"": 4.2, ""error"": 0.4150091499999222}, {""pair"": [1, 5, 2, 12], ""acc"": 1.5, ""vel"": 23.29, ""pos"": 4.2, ""error"": 0.8689467499999086}, {""pair"": [1, 5, 2, 12], ""acc"": 1.5, ""vel"": 23.29, ""pos"": 4.2, ""error"": 0.8689467499999086}, {""pair"": [1, 5, 2, 12], ""acc"": 1.5, ""vel"": 23.29, ""pos"": 4.2, ""error"": 1638.8689467499996}, {""pair"": [1, 5, 2, 12], ""acc"": 1.5, ""vel"": 23.29, ""pos"": 4.2, ""error"": 1638.8150091499997}, {""pair"": [1, 5, 2, 12], ""acc"": 1.5, ""vel"": 23.29, ""pos"": 4.2, ""error"": 1639.2689467499997}]]","[[[3, 12, 1, 5], [1.5, 23.29, 4.6], 0.025190850000111453], [[1, 5, 1, 12], [1.5, 23.21, 4.6], 0.01105325000008861], [[1, 5, 2, 12], [1.5, 23.29, 4.2], 0.4150091499999222]]"
1.5,23.24,5.0,0.7,23.24,5.0,0.7,23.24,5.0,"[{""pair"": [3, 10, 2, 2], ""acc"": 0.7, ""vel"": 23.24, ""pos"": 5.0, ""error"": 0.03444800000092041}, {""pair"": [3, 2, 0, 10], ""acc"": 1.5, ""vel"": 23.24, ""pos"": 5.0, ""error"": 0.03444800000092041}, {""pair"": [2, 2, 0, 10], ""acc"": 1.5, ""vel"": 23.24, ""pos"": 5.0, ""error"": 0.03444800000092041}, {""pair"": [3, 2, 1, 10], ""acc"": 0.7, ""vel"": 23.26, ""pos"": 5.0, ""error"": 0.054448000000923535}, {""pair"": [2, 2, 1, 10], ""acc"": 0.7, ""vel"": 23.26, ""pos"": 5.0, ""error"": 0.054448000000923535}, {""pair"": [3, 2, 2, 10], ""acc"": 0.7, ""vel"": 23.24, ""pos"": 5.1, ""error"": 0.13444800000092005}, {""pair"": [2, 2, 2, 10], ""acc"": 0.7, ""vel"": 23.24, ""pos"": 5.1, ""error"": 0.13444800000092005}]","[[3, 10, 2, 2], [3, 2, 0, 10], [2, 2, 0, 10], [3, 2, 1, 10], [2, 2, 1, 10], [3, 2, 2, 10], [2, 2, 2, 10]]","[[{""pair"": [3, 2, 0, 10], ""acc"": 1.5, ""vel"": 23.24, ""pos"": 5.0, ""error"": 0.03444800000092041}, {""pair"": [3, 2, 0, 10], ""acc"": 1.5, ""vel"": 23.24, ""pos"": 5.0, ""error"": 0.10116800000081394}, {""pair"": [3, 2, 0, 10], ""acc"": 1.5, ""vel"": 23.24, ""pos"": 5.0, ""error"": 0.5011680000008134}], [{""pair"": [3, 2, 1, 10], ""acc"": 0.7, ""vel"": 23.26, ""pos"": 5.0, ""error"": 0.054448000000923535}, {""pair"": [3, 2, 1, 10], ""acc"": 0.7, ""vel"": 23.26, ""pos"": 5.0, ""error"": 0.08116800000081081}, {""pair"": [3, 2, 1, 10], ""acc"": 0.7, ""vel"": 23.26, ""pos"": 5.0, ""error"": 0.4811680000008103}], [{""pair"": [3, 2, 2, 10], ""acc"": 0.7, ""vel"": 23.24, ""pos"": 5.1, ""error"": 0.13444800000092005}, {""pair"": [3, 2, 2, 10], ""acc"": 0.7, ""vel"": 23.24, ""pos"": 5.1, ""error"": 0.20116800000081358}, {""pair"": [3, 2, 2, 10], ""acc"": 0.7, ""vel"": 23.24, ""pos"": 5.1, ""error"": 0.601168000000813}], [{""pair"": [3, 10, 2, 2], ""acc"": 0.7, ""vel"": 23.24, ""pos"": 5.0, ""error"": 0.03444800000092041}, {""pair"": [3, 10, 2, 2], ""acc"": 0.7, ""vel"": 23.24, ""pos"": 5.0, ""error"": 0.10116800000081394}, {""pair"": [3, 10, 2, 2], ""acc"": 0.7, ""vel"": 23.24, ""pos"": 5.0, ""error"": 0.5011680000008134}], [{""pair"": [2, 2, 0, 10], ""acc"": 1.5, ""vel"": 23.24, ""pos"": 5.0, ""error"": 0.03444800000092041}, {""pair"": [2, 2, 0, 10], ""acc"": 1.5, ""vel"": 23.24, ""pos"": 5.0, ""error"": 0.10116800000081394}, {""pair"": [2, 2, 0, 10], ""acc"": 1.5, ""vel"": 23.24, ""pos"": 5.0, ""error"": 0.5011680000008134}], [{""pair"": [2, 2, 1, 10], ""acc"": 0.7, ""vel"": 23.26, ""pos"": 5.0, ""error"": 0.054448000000923535}, {""pair"": [2, 2, 1, 10], ""acc"": 0.7, ""vel"": 23.26, ""pos"": 5.0, ""error"": 0.08116800000081081}, {""pair"": [2, 2, 1, 10], ""acc"": 0.7, ""vel"": 23.26, ""pos"": 5.0, ""error"": 0.4811680000008103}], [{""pair"": [2, 2, 2, 10], ""acc"": 0.7, ""vel"": 23.24, ""pos"": 5.1, ""error"": 0.13444800000092005}, {""pair"": [2, 2, 2, 10], ""acc"": 0.7, ""vel"": 23.24, ""pos"": 5.1, ""error"": 0.20116800000081358}, {""pair"": [2, 2, 2, 10], ""acc"": 0.7, ""vel"": 23.24, ""pos"": 5.1, ""error"": 0.601168000000813}]]","[[[3, 2, 0, 10], [1.5, 23.24, 5.0], 0.03444800000092041], [[3, 2, 1, 10], [0.7, 23.26, 5.0], 0.054448000000923535], [[3, 2, 2, 10], [0.7, 23.24, 5.1], 0.13444800000092005], [[3, 10, 2, 2], [0.7, 23.24, 5.0], 0.03444800000092041], [[2, 2, 0, 10], [1.5, 23.24, 5.0], 0.03444800000092041], [[2, 2, 1, 10], [0.7, 23.26, 5.0], 0.054448000000923535], [[2, 2, 2, 10], [0.7, 23.24, 5.1], 0.13444800000092005]]"
1.5,23.26,5.4,1.5,23.26,5.2,1.5,23.26,5.4,"[{""pair"": [2, 2, 2, 11], ""acc"": 1.5, ""vel"": 23.26, ""pos"": 5.4, ""error"": 0.01020325000008615}, {""pair"": [3, 11, 2, 2], ""acc"": 1.5, ""vel"": 23.26, ""pos"": 5.2, ""error"": 0.2007967499998955}, {""pair"": [2, 2, 0, 11], ""acc"": 3.1, ""vel"": 23.26, ""pos"": 5.2, ""error"": 0.2007967499998955}, {""pair"": [0, 2, 2, 11], ""acc"": 1.5, ""vel"": 28.38, ""pos"": 5.4, ""error"": 5.112578850000096}, {""pair"": [3, 11, 0, 2], ""acc"": 1.5, ""vel"": 28.38, ""pos"": 5.2, ""error"": 5.303621149999905}, {""pair"": [0, 2, 0, 11], ""acc"": 3.1, ""vel"": 28.38, ""pos"": 5.2, ""error"": 5.303621149999905}, {""pair"": [3, 11, 1, 2], ""acc"": 1.5, ""vel"": 23.26, ""pos"": 30.8, ""error"": 25.312918850000102}, {""pair"": [1, 2, 0, 11], ""acc"": 3.1, ""vel"": 23.26, ""pos"": 30.8, ""error"": 25.312918850000102}, {""pair"": [1, 2, 2, 11], ""acc"": 1.5, ""vel"": 23.26, ""pos"": 31.0, ""error"": 25.5129188500001}]","[[2, 2, 2, 11], [3, 11, 2, 2], [2, 2, 0, 11], [0, 2, 2, 11], [3, 11, 0, 2], [0, 2, 0, 11], [3, 11, 1, 2], [1, 2, 0, 11], [1, 2, 2, 11]]","[[{""pair"": [3, 11, 0, 2], ""acc"": 1.5, ""vel"": 28.38, ""pos"": 5.2, ""error"": 5.323281149999908}, {""pair"": [3, 11, 0, 2], ""acc"": 1.5, ""vel"": 28.38, ""pos"": 5.2, ""error"": 5.3097967499999115}, {""pair"": [3, 11, 0, 2], ""acc"": 1.5, ""vel"": 28.38, ""pos"": 5.2, ""error"": 5.3097967499999115}, {""pair"": [3, 11, 0, 2], ""acc"": 1.5, ""vel"": 28.38, ""pos"": 5.2, ""error"": 5.303621149999905}, {""pair"": [3, 11, 0, 2], ""acc"": 1.5, ""vel"": 28.38, ""pos"": 5.2, ""error"": 5.303621149999905}, {""pair"": [3, 11, 0, 2], ""acc"": 1.5, ""vel"": 28.38, ""pos"": 5.2, ""error"": 5.423281149999908}, {""pair"": [3, 11, 0, 2], ""acc"": 1.5, ""vel"": 28.38, ""pos"": 5.2, ""error"": 5.423281149999908}], [{""pair"": [3, 11, 1, 2], ""acc"": 1.5, ""vel"": 23.26, ""pos"": 30.8, ""error"": 25.412918850000104}, {""pair"": [3, 11, 1, 2], ""acc"": 1.5, ""vel"": 23.26, ""pos"": 30.8, ""error"": 25.410203250000087}, {""pair"": [3, 11, 1, 2], ""acc"": 1.5, ""vel"": 23.26, ""pos"": 30.8, ""error"": 25.410203250000087}, {""pair"": [3, 11, 1, 2], ""acc"": 1.5, ""vel"": 23.26, ""pos"": 30.8, ""error"": 25.416378850000093}, {""pair"": [3, 11, 1, 2], ""acc"": 1.5, ""vel"": 23.26, ""pos"": 30.8, ""error"": 25.416378850000093}, {""pair"": [3, 11, 1, 2], ""acc"": 1.5, ""vel"": 23.26, ""pos"": 30.8, ""error"": 25.312918850000102}, {""pair"": [3, 11, 1, 2], ""acc"": 1.5, ""vel"": 23.26, ""pos"": 30.8, ""error"": 25.312918850000102}], [{""pair"": [3, 11, 2, 2], ""acc"": 1.5, ""vel"": 23.26, ""pos"": 5.2, ""error"": 0.20328114999991076}, {""pair"": [3, 11, 2, 2], ""acc"": 1.5, ""vel"": 23.26, ""pos"": 5.2, ""error"": 0.2007967499998955}, {""pair"": [3, 11, 2, 2], ""acc"": 1.5, ""vel"": 23.26, ""pos"": 5.2, ""error"": 0.2007967499998955}, {""pair"": [3, 11, 2, 2], ""acc"": 1.5, ""vel"": 23.26, ""pos"": 5.2, ""error"": 0.20742114999990147}, {""pair"": [3, 11, 2, 2], ""acc"": 1.5, ""vel"": 23.26, ""pos"": 5.2, ""error"": 0.20742114999990147}, {""pair"": [3, 11, 2, 2], ""acc"": 1.5, ""vel"": 23.26, ""pos"": 5.2, ""error"": 0.3032811499999104}, {""pair"": [3, 11, 2, 2], ""acc"": 1.5, ""vel"": 23.26, ""pos"": 5.2, ""error"": 0.3032811499999104}], [{""pair"": [0, 2, 0, 11], ""acc"": 3.1, ""vel"": 28.38, ""pos"": 5.2, ""error"": 5.323281149999908}, {""pair"": [0, 2, 0, 11], ""acc"": 3.1, ""vel"": 28.38, ""pos"": 5.2, ""error"": 5.3097967499999115}, {""pair"": [0, 2, 0, 11], ""acc"": 3.1, ""vel"": 28.38, ""pos"": 5.2, ""error"": 5.3097967499999115}, {""pair"": [0, 2, 0, 11], ""acc"": 3.1, ""vel"": 28.38, ""pos"": 5.2, ""error"": 5.303621149999905}, {""pair"": [0, 2, 0, 11], ""acc"": 3.1, ""vel"": 28.38, ""pos"": 5.2, ""error"": 5.303621149999905}, {""pair"": [0, 2, 0, 11], ""acc"": 3.1, ""vel"": 28.38, ""pos"": 5.2, ""error"": 5.423281149999908}, {""pair"": [0, 2, 0, 11], ""acc"": 3.1, ""vel"": 28.38, ""pos"": 5.2, ""error"": 5.423281149999908}], [{""pair"": [0, 2, 2, 11], ""acc"": 1.5, ""vel"": 28.38, ""pos"": 5.4, ""error"": 5.132918850000099}, {""pair"": [0, 2, 2, 11], ""acc"": 1.5, ""vel"": 28.38, ""pos"": 5.4, ""error"": 5.119203250000102}, {""pair"": [0, 2, 2, 11], ""acc"": 1.5, ""vel"": 28.38, ""pos"": 5.4, ""error"": 5.119203250000102}, {""pair"": [0, 2, 2, 11], ""acc"": 1.5, ""vel"": 28.38, ""pos"": 5.4, ""error"": 5.112578850000096}, {""pair"": [0, 2, 2, 11], ""acc"": 1.5, ""vel"": 28.38, ""pos"": 5.4, ""error"": 5.112578850000096}, {""pair"": [0, 2, 2, 11], ""acc"": 1.5, ""vel"": 28.38, ""pos"": 5.4, ""error"": 5.223281149999908}, {""pair"": [0, 2, 2, 11], ""acc"": 1.5, ""vel"": 28.38, ""pos"": 5.4, ""error"": 5.223281149999908}], [{""pair"": [1, 2, 0, 11], ""acc"": 3.1, ""vel"": 23.26, ""pos"": 30.8, ""error"": 25.412918850000104}, {""pair"": [1, 2, 0, 11], ""acc"": 3.1, ""vel"": 23.26, ""pos"": 30.8, ""error"": 25.410203250000087}, {""pair"": [1, 2, 0, 11], ""acc"": 3.1, ""vel"": 23.26, ""pos"": 30.8, ""error"": 25.410203250000087}, {""pair"": [1, 2, 0, 11], ""acc"": 3.1, ""vel"": 23.26, ""pos"": 30.8, ""error"": 25.416378850000093}, {""pair"": [1, 2, 0, 11], ""acc"": 3.1, ""vel"": 23.26, ""pos"": 30.8, ""error"": 25.416378850000093}, {""pair"": [1, 2, 0, 11], ""acc"": 3.1, ""vel"": 23.26, ""pos"": 30.8, ""error"": 25.312918850000102}, {""pair"": [1, 2, 0, 11], ""acc"": 3.1, ""vel"": 23.26, ""pos"": 30.8, ""error"": 25.312918850000102}], [{""pair"": [1, 2, 2, 11], ""acc"": 1.5, ""vel"": 23.26, ""pos"": 31.0, ""error"": 25.6129188500001}, {""pair"": [1, 2, 2, 11], ""acc"": 1.5, ""vel"": 23.26, ""pos"": 31.0, ""error"": 25.610203250000087}, {""pair"": [1, 2, 2, 11], ""acc"": 1.5, ""vel"": 23.26, ""pos"": 31.0, ""error"": 25.610203250000087}, {""pair"": [1, 2, 2, 11], ""acc"": 1.5, ""vel"": 23.26, ""pos"": 31.0, ""error"": 25.616378850000093}, {""pair"": [1, 2, 2, 11], ""acc"": 1.5, ""vel"": 23.26, ""pos"": 31.0, ""error"": 25.616378850000093}, {""pair"": [1, 2, 2, 11], ""acc"": 1.5, ""vel"": 23.26, ""pos"": 31.0, ""error"": 25.5129188500001}, {""pair"": [1, 2, 2, 11], ""acc"": 1.5, ""vel"": 23.26, ""pos"": 31.0, ""error"": 25.5129188500001}], [{""pair"": [2, 2, 0, 11], ""acc"": 3.1, ""vel"": 23.26, ""pos"": 5.2, ""error"": 0.20328114999991076}, {""pair"": [2, 2, 0, 11], ""acc"": 3.1, ""vel"": 23.26, ""pos"": 5.2, ""error"": 0.2007967499998955}, {""pair"": [2, 2, 0, 11], ""acc"": 3.1, ""vel"": 23.26, ""pos"": 5.2, ""error"": 0.2007967499998955}, {""pair"": [2, 2, 0, 11], ""acc"": 3.1, ""vel"": 23.26, ""pos"": 5.2, ""error"": 0.20742114999990147}, {""pair"": [2, 2, 0, 11], ""acc"": 3.1, ""vel"": 23.26, ""pos"": 5.2, ""error"": 0.20742114999990147}, {""pair"": [2, 2, 0, 11], ""acc"": 3.1, ""vel"": 23.26, ""pos"": 5.2, ""error"": 0.3032811499999104}, {""pair"": [2, 2, 0, 11], ""acc"": 3.1, ""vel"": 23.26, ""pos"": 5.2, ""error"": 0.3032811499999104}], [{""pair"": [2, 2, 2, 11], ""acc"": 1.5, ""vel"": 23.26, ""pos"": 5.4, ""error"": 0.0129188500001014}, {""pair"": [2, 2, 2, 11], ""acc"": 1.5, ""vel"": 23.26, ""pos"": 5.4, ""error"": 0.01020325000008615}, {""pair"": [2, 2, 2, 11], ""acc"": 1.5, ""vel"": 23.26, ""pos"": 5.4, ""error"": 0.01020325000008615}, {""pair"": [2, 2, 2, 11], ""acc"": 1.5, ""vel"": 23.26, ""pos"": 5.4, ""error"": 0.01637885000009298}, {""pair"": [2, 2, 2, 11], ""acc"": 1.5, ""vel"": 23.26, ""pos"": 5.4, ""error"": 0.01637885000009298}, {""pair"": [2, 2, 2, 11], ""acc"": 1.5, ""vel"": 23.26, ""pos"": 5.4, ""error"": 0.10328114999991023}, {""pair"": [2, 2, 2, 11], ""acc"": 1.5, ""vel"": 23.26, ""pos"": 5.4, ""error"": 0.10328114999991023}]]","[[[3, 11, 0, 2], [1.5, 28.38, 5.2], 5.303621149999905], [[3, 11, 1, 2], [1.5, 23.26, 30.8], 25.312918850000102], [[3, 11, 2, 2], [1.5, 23.26, 5.2], 0.2007967499998955], [[0, 2, 0, 11], [3.1, 28.38, 5.2], 5.303621149999905], [[0, 2, 2, 11], [1.5, 28.38, 5.4], 5.112578850000096], [[1, 2, 0, 11], [3.1, 23.26, 30.8], 25.312918850000102], [[1, 2, 2, 11], [1.5, 23.26, 31.0], 25.5129188500001], [[2, 2, 0, 11], [3.1, 23.26, 5.2], 0.2007967499998955], [[2, 2, 2, 11], [1.5, 23.26, 5.4], 0.01020325000008615]]"
1.5,23.29,5.800000000000001,-8.0,23.29,5.8,1.5,23.29,5.8,"[{""pair"": [3, 15, 0, 15], ""acc"": 1.5, ""vel"": 23.29, ""pos"": 5.8, ""error"": 0.008863250000098688}, {""pair"": [0, 15, 2, 15], ""acc"": 1.5, ""vel"": 23.29, ""pos"": 2.6, ""error"": 3.0001367499999083}, {""pair"": [2, 15, 0, 15], ""acc"": 1.5, ""vel"": 23.29, ""pos"": 2.6, ""error"": 3.0001367499999083}]","[[3, 15, 0, 15], [0, 15, 2, 15], [2, 15, 0, 15]]","[[{""pair"": [3, 0, 0, 1], ""acc"": -24.1, ""vel"": 20.73, ""pos"": 5.8, ""error"": 2.55986325000009}, {""pair"": [3, 0, 0, 1], ""acc"": -24.1, ""vel"": 20.73, ""pos"": 5.8, ""error"": 2.75986325000009}, {""pair"": [3, 0, 0, 1], ""acc"": -24.1, ""vel"": 20.73, ""pos"": 5.8, ""error"": 2.7868320500000836}, {""pair"": [3, 0, 0, 1], ""acc"": -24.1, ""vel"": 20.73, ""pos"": 5.8, ""error"": 7.758176749999877}, {""pair"": [3, 0, 0, 1], ""acc"": -24.1, ""vel"": 20.73, ""pos"": 5.8, ""error"": 7.792823250000108}, {""pair"": [3, 0, 0, 1], ""acc"": -24.1, ""vel"": 20.73, ""pos"": 5.8, ""error"": 7.8197920500001015}, {""pair"": [3, 0, 0, 1], ""acc"": -24.1, ""vel"": 20.73, ""pos"": 5.8, ""error"": 27.9511367499999}, {""pair"": [3, 0, 0, 1], ""acc"": -24.1, ""vel"": 20.73, ""pos"": 5.8, ""error"": 27.978567949999892}, {""pair"": [3, 0, 0, 1], ""acc"": -24.1, ""vel"": 20.73, ""pos"": 5.8, ""error"": 28.1511367499999}], [{""pair"": [3, 0, 2, 1], ""acc"": -24.1, ""vel"": 23.29, ""pos"": 5.8, ""error"": 0.008863250000098688}, {""pair"": [3, 0, 2, 1], ""acc"": -24.1, ""vel"": 23.29, ""pos"": 5.8, ""error"": 0.20886325000009887}, {""pair"": [3, 0, 2, 1], ""acc"": -24.1, ""vel"": 23.29, ""pos"": 5.8, ""error"": 0.22683205000008488}, {""pair"": [3, 0, 2, 1], ""acc"": -24.1, ""vel"": 23.29, ""pos"": 5.8, ""error"": 5.198176749999878}, {""pair"": [3, 0, 2, 1], ""acc"": -24.1, ""vel"": 23.29, ""pos"": 5.8, ""error"": 5.232823250000109}, {""pair"": [3, 0, 2, 1], ""acc"": -24.1, ""vel"": 23.29, ""pos"": 5.8, ""error"": 5.259792050000103}, {""pair"": [3, 0, 2, 1], ""acc"": -24.1, ""vel"": 23.29, ""pos"": 5.8, ""error"": 25.40013674999991}, {""pair"": [3, 0, 2, 1], ""acc"": -24.1, ""vel"": 23.29, ""pos"": 5.8, ""error"": 25.418567949999893}, {""pair"": [3, 0, 2, 1], ""acc"": -24.1, ""vel"": 23.29, ""pos"": 5.8, ""error"": 25.60013674999991}], [{""pair"": [3, 1, 0, 0], ""acc"": -24.1, ""vel"": 24.57, ""pos"": 5.8, ""error"": 1.2888632500000998}, {""pair"": [3, 1, 0, 0], ""acc"": -24.1, ""vel"": 24.57, ""pos"": 5.8, ""error"": 1.4888632500001}, {""pair"": [3, 1, 0, 0], ""acc"": -24.1, ""vel"": 24.57, ""pos"": 5.8, ""error"": 1.4614320500001066}, {""pair"": [3, 1, 0, 0], ""acc"": -24.1, ""vel"": 24.57, ""pos"": 5.8, ""error"": 3.918176749999877}, {""pair"": [3, 1, 0, 0], ""acc"": -24.1, ""vel"": 24.57, ""pos"": 5.8, ""error"": 3.952823250000108}, {""pair"": [3, 1, 0, 0], ""acc"": -24.1, ""vel"": 24.57, ""pos"": 5.8, ""error"": 3.9797920500001016}, {""pair"": [3, 1, 0, 0], ""acc"": -24.1, ""vel"": 24.57, ""pos"": 5.8, ""error"": 26.68013674999991}, {""pair"": [3, 1, 0, 0], ""acc"": -24.1, ""vel"": 24.57, ""pos"": 5.8, ""error"": 26.653167949999915}, {""pair"": [3, 1, 0, 0], ""acc"": -24.1, ""vel"": 24.57, ""pos"": 5.8, ""error"": 26.88013674999991}], [{""pair"": [3, 1, 1, 0], ""acc"": -24.1, ""vel"": 23.29, ""pos"": 12.2, ""error"": 6.408863250000098}, {""pair"": [3, 1, 1, 0], ""acc"": -24.1, ""vel"": 23.29, ""pos"": 12.2, ""error"": 6.608863250000098}, {""pair"": [3, 1, 1, 0], ""acc"": -24.1, ""vel"": 23.29, ""pos"": 12.2, ""error"": 6.626832050000084}, {""pair"": [3, 1, 1, 0], ""acc"": -24.1, ""vel"": 23.29, ""pos"": 12.2, ""error"": 11.432823250000109}, {""pair"": [3, 1, 1, 0], ""acc"": -24.1, ""vel"": 23.29, ""pos"": 12.2, ""error"": 11.632823250000108}, {""pair"": [3, 1, 1, 0], ""acc"": -24.1, ""vel"": 23.29, ""pos"": 12.2, ""error"": 11.659792050000103}, {""pair"": [3, 1, 1, 0], ""acc"": -24.1, ""vel"": 23.29, ""pos"": 12.2, ""error"": 19.00013674999991}, {""pair"": [3, 1, 1, 0], ""acc"": -24.1, ""vel"": 23.29, ""pos"": 12.2, ""error"": 19.018567949999895}, {""pair"": [3, 1, 1, 0], ""acc"": -24.1, ""vel"": 23.29, ""pos"": 12.2, ""error"": 19.20013674999991}], [{""pair"": [3, 15, 0, 15], ""acc"": 1.5, ""vel"": 23.29, ""pos"": 5.8, ""error"": 0.008863250000098688}, {""pair"": [3, 15, 0, 15], ""acc"": 1.5, ""vel"": 23.29, ""pos"": 5.8, ""error"": 0.20886325000009887}, {""pair"": [3, 15, 0, 15], ""acc"": 1.5, ""vel"": 23.29, ""pos"": 5.8, ""error"": 0.22683205000008488}, {""pair"": [3, 15, 0, 15], ""acc"": 1.5, ""vel"": 23.29, ""pos"": 5.8, ""error"": 5.198176749999878}, {""pair"": [3, 15, 0, 15], ""acc"": 1.5, ""vel"": 23.29, ""pos"": 5.8, ""error"": 5.232823250000109}, {""pair"": [3, 15, 0, 15], ""acc"": 1.5, ""vel"": 23.29, ""pos"": 5.8, ""error"": 5.259792050000103}, {""pair"": [3, 15, 0, 15], ""acc"": 1.5, ""vel"": 23.29, ""pos"": 5.8, ""error"": 25.40013674999991}, {""pair"": [3, 15, 0, 15], ""acc"": 1.5, ""vel"": 23.29, ""pos"": 5.8, ""error"": 25.418567949999893}, {""pair"": [3, 15, 0, 15], ""acc"": 1.5, ""vel"": 23.29, ""pos"": 5.8, ""error"": 25.60013674999991}], [{""pair"": [3, 15, 2, 15], ""acc"": -24.1, ""vel"": 23.29, ""pos"": 2.6, ""error"": 3.2001367499999085}, {""pair"": [3, 15, 2, 15], ""acc"": -24.1, ""vel"": 23.29, ""pos"": 2.6, ""error"": 3.0001367499999083}, {""pair"": [3, 15, 2, 15], ""acc"": -24.1, ""vel"": 23.29, ""pos"": 2.6, ""error"": 3.0185679499998943}, {""pair"": [3, 15, 2, 15], ""acc"": -24.1, ""vel"": 23.29, ""pos"": 2.6, ""error"": 8.398176749999879}, {""pair"": [3, 15, 2, 15], ""acc"": -24.1, ""vel"": 23.29, ""pos"": 2.6, ""error"": 8.198176749999877}, {""pair"": [3, 15, 2, 15], ""acc"": -24.1, ""vel"": 23.29, ""pos"": 2.6, ""error"": 8.22560794999987}, {""pair"": [3, 15, 2, 15], ""acc"": -24.1, ""vel"": 23.29, ""pos"": 2.6, ""error"": 28.60013674999991}, {""pair"": [3, 15, 2, 15], ""acc"": -24.1, ""vel"": 23.29, ""pos"": 2.6, ""error"": 28.618567949999893}, {""pair"": [3, 15, 2, 15], ""acc"": -24.1, ""vel"": 23.29, ""pos"": 2.6, ""error"": 28.800136749999908}], [{""pair"": [0, 15, 2, 15], ""acc"": 1.5, ""vel"": 23.29, ""pos"": 2.6, ""error"": 3.2001367499999085}, {""pair"": [0, 15, 2, 15], ""acc"": 1.5, ""vel"": 23.29, ""pos"": 2.6, ""error"": 3.0001367499999083}, {""pair"": [0, 15, 2, 15], ""acc"": 1.5, ""vel"": 23.29, ""pos"": 2.6, ""error"": 3.0185679499998943}, {""pair"": [0, 15, 2, 15], ""acc"": 1.5, ""vel"": 23.29, ""pos"": 2.6, ""error"": 8.398176749999879}, {""pair"": [0, 15, 2, 15], ""acc"": 1.5, ""vel"": 23.29, ""pos"": 2.6, ""error"": 8.198176749999877}, {""pair"": [0, 15, 2, 15], ""acc"": 1.5, ""vel"": 23.29, ""pos"": 2.6, ""error"": 8.22560794999987}, {""pair"": [0, 15, 2, 15], ""acc"": 1.5, ""vel"": 23.29, ""pos"": 2.6, ""error"": 28.60013674999991}, {""pair"": [0, 15, 2, 15], ""acc"": 1.5, ""vel"": 23.29, ""pos"": 2.6, ""error"": 28.618567949999893}, {""pair"": [0, 15, 2, 15], ""acc"": 1.5, ""vel"": 23.29, ""pos"": 2.6, ""error"": 28.800136749999908}], [{""pair"": [2, 15, 0, 15], ""acc"": 1.5, ""vel"": 23.29, ""pos"": 2.6, ""error"": 3.2001367499999085}, {""pair"": [2, 15, 0, 15], ""acc"": 1.5, ""vel"": 23.29, ""pos"": 2.6, ""error"": 3.0001367499999083}, {""pair"": [2, 15, 0, 15], ""acc"": 1.5, ""vel"": 23.29, ""pos"": 2.6, ""error"": 3.0185679499998943}, {""pair"": [2, 15, 0, 15], ""acc"": 1.5, ""vel"": 23.29, ""pos"": 2.6, ""error"": 8.398176749999879}, {""pair"": [2, 15, 0, 15], ""acc"": 1.5, ""vel"": 23.29, ""pos"": 2.6, ""error"": 8.198176749999877}, {""pair"": [2, 15, 0, 15], ""acc"": 1.5, ""vel"": 23.29, ""pos"": 2.6, ""error"": 8.22560794999987}, {""pair"": [2, 15, 0, 15], ""acc"": 1.5, ""vel"": 23.29, ""pos"": 2.6, ""error"": 28.60013674999991}, {""pair"": [2, 15, 0, 15], ""acc"": 1.5, ""vel"": 23.29, ""pos"": 2.6, ""error"": 28.618567949999893}, {""pair"": [2, 15, 0, 15], ""acc"": 1.5, ""vel"": 23.29, ""pos"": 2.6, ""error"": 28.800136749999908}], [{""pair"": [0, 0, 0, 1], ""acc"": -24.1, ""vel"": 22.01, ""pos"": 5.8, ""error"": 1.2798632500000888}, {""pair"": [0, 0, 0, 1], ""acc"": -24.1, ""vel"": 22.01, ""pos"": 5.8, ""error"": 1.479863250000089}, {""pair"": [0, 0, 0, 1], ""acc"": -24.1, ""vel"": 22.01, ""pos"": 5.8, ""error"": 1.5068320500000825}, {""pair"": [0, 0, 0, 1], ""acc"": -24.1, ""vel"": 22.01, ""pos"": 5.8, ""error"": 6.478176749999876}, {""pair"": [0, 0, 0, 1], ""acc"": -24.1, ""vel"": 22.01, ""pos"": 5.8, ""error"": 6.512823250000107}, {""pair"": [0, 0, 0, 1], ""acc"": -24.1, ""vel"": 22.01, ""pos"": 5.8, ""error"": 6.5397920500001}, {""pair"": [0, 0, 0, 1], ""acc"": -24.1, ""vel"": 22.01, ""pos"": 5.8, ""error"": 26.6711367499999}, {""pair"": [0, 0, 0, 1], ""acc"": -24.1, ""vel"": 22.01, ""pos"": 5.8, ""error"": 26.69856794999989}, {""pair"": [0, 0, 0, 1], ""acc"": -24.1, ""vel"": 22.01, ""pos"": 5.8, ""error"": 26.8711367499999}], [{""pair"": [0, 0, 2, 1], ""acc"": -24.1, ""vel"": 24.57, ""pos"": 5.8, ""error"": 1.2888632500000998}, {""pair"": [0, 0, 2, 1], ""acc"": -24.1, ""vel"": 24.57, ""pos"": 5.8, ""error"": 1.4888632500001}, {""pair"": [0, 0, 2, 1], ""acc"": -24.1, ""vel"": 24.57, ""pos"": 5.8, ""error"": 1.4614320500001066}, {""pair"": [0, 0, 2, 1], ""acc"": -24.1, ""vel"": 24.57, ""pos"": 5.8, ""error"": 3.918176749999877}, {""pair"": [0, 0, 2, 1], ""acc"": -24.1, ""vel"": 24.57, ""pos"": 5.8, ""error"": 3.952823250000108}, {""pair"": [0, 0, 2, 1], ""acc"": -24.1, ""vel"": 24.57, ""pos"": 5.8, ""error"": 3.9797920500001016}, {""pair"": [0, 0, 2, 1], ""acc"": -24.1, ""vel"": 24.57, ""pos"": 5.8, ""error"": 26.68013674999991}, {""pair"": [0, 0, 2, 1], ""acc"": -24.1, ""vel"": 24.57, ""pos"": 5.8, ""error"": 26.653167949999915}, {""pair"": [0, 0, 2, 1], ""acc"": -24.1, ""vel"": 24.57, ""pos"": 5.8, ""error"": 26.88013674999991}], [{""pair"": [1, 0, 0, 1], ""acc"": -24.1, ""vel"": 20.73, ""pos"": 12.2, ""error"": 8.95986325000009}, {""pair"": [1, 0, 0, 1], ""acc"": -24.1, ""vel"": 20.73, ""pos"": 12.2, ""error"": 9.15986325000009}, {""pair"": [1, 0, 0, 1], ""acc"": -24.1, ""vel"": 20.73, ""pos"": 12.2, ""error"": 9.186832050000083}, {""pair"": [1, 0, 0, 1], ""acc"": -24.1, ""vel"": 20.73, ""pos"": 12.2, ""error"": 13.992823250000107}, {""pair"": [1, 0, 0, 1], ""acc"": -24.1, ""vel"": 20.73, ""pos"": 12.2, ""error"": 14.192823250000107}, {""pair"": [1, 0, 0, 1], ""acc"": -24.1, ""vel"": 20.73, ""pos"": 12.2, ""error"": 14.219792050000102}, {""pair"": [1, 0, 0, 1], ""acc"": -24.1, ""vel"": 20.73, ""pos"": 12.2, ""error"": 21.551136749999902}, {""pair"": [1, 0, 0, 1], ""acc"": -24.1, ""vel"": 20.73, ""pos"": 12.2, ""error"": 21.578567949999893}, {""pair"": [1, 0, 0, 1], ""acc"": -24.1, ""vel"": 20.73, ""pos"": 12.2, ""error"": 21.7511367499999}], [{""pair"": [1, 0, 2, 1], ""acc"": -24.1, ""vel"": 23.29, ""pos"": 12.2, ""error"": 6.408863250000098}, {""pair"": [1, 0, 2, 1], ""acc"": -24.1, ""vel"": 23.29, ""pos"": 12.2, ""error"": 6.608863250000098}, {""pair"": [1, 0, 2, 1], ""acc"": -24.1, ""vel"": 23.29, ""pos"": 12.2, ""error"": 6.626832050000084}, {""pair"": [1, 0, 2, 1], ""acc"": -24.1, ""vel"": 23.29, ""pos"": 12.2, ""error"": 11.432823250000109}, {""pair"": [1, 0, 2, 1], ""acc"": -24.1, ""vel"": 23.29, ""pos"": 12.2, ""error"": 11.632823250000108}, {""pair"": [1, 0, 2, 1], ""acc"": -24.1, ""vel"": 23.29, ""pos"": 12.2, ""error"": 11.659792050000103}, {""pair"": [1, 0, 2, 1], ""acc"": -24.1, ""vel"": 23.29, ""pos"": 12.2, ""error"": 19.00013674999991}, {""pair"": [1, 0, 2, 1], ""acc"": -24.1, ""vel"": 23.29, ""pos"": 12.2, ""error"": 19.018567949999895}, {""pair"": [1, 0, 2, 1], ""acc"": -24.1, ""vel"": 23.29, ""pos"": 12.2, ""error"": 19.20013674999991}]]","[[[3, 0, 0, 1], [-24.1, 20.73, 5.8], 2.55986325000009], [[3, 0, 2, 1], [-24.1, 23.29, 5.8], 0.008863250000098688], [[3, 1, 0, 0], [-24.1, 24.57, 5.8], 1.2888632500000998], [[3, 1, 1, 0], [-24.1, 23.29, 12.2], 6.408863250000098], [[3, 15, 0, 15], [1.5, 23.29, 5.8], 0.008863250000098688], [[3, 15, 2, 15], [-24.1, 23.29, 2.6], 3.0001367499999083], [[0, 15, 2, 15], [1.5, 23.29, 2.6], 3.0001367499999083], [[2, 15, 0, 15], [1.5, 23.29, 2.6], 3.0001367499999083], [[0, 0, 0, 1], [-24.1, 22.01, 5.8], 1.2798632500000888], [[0, 0, 2, 1], [-24.1, 24.57, 5.8], 1.2888632500000998], [[1, 0, 0, 1], [-24.1, 20.73, 12.2], 8.95986325000009], [[1, 0, 2, 1], [-24.1, 23.29, 12.2], 6.408863250000098]]"
1.5,23.31,6.2,1.5,50.0,6.2,1.4,23.31,6.2,"[{""pair"": [0, 7, 0, 5], ""acc"": 1.4, ""vel"": 23.31, ""pos"": 6.2, ""error"": 0.031167999999574647}, {""pair"": [3, 7, 0, 5], ""acc"": 1.5, ""vel"": 23.31, ""pos"": 6.2, ""error"": 0.031167999999574647}, {""pair"": [2, 7, 0, 5], ""acc"": 1.5, ""vel"": 23.31, ""pos"": 6.2, ""error"": 0.031167999999574647}]","[[0, 7, 0, 5], [3, 7, 0, 5], [2, 7, 0, 5]]","[[{""pair"": [3, 7, 0, 5], ""acc"": 1.5, ""vel"": 23.31, ""pos"": 6.2, ""error"": 0.031167999999574647}, {""pair"": [3, 7, 0, 5], ""acc"": 1.5, ""vel"": 23.31, ""pos"": 6.2, ""error"": 3.231167999999574}, {""pair"": [3, 7, 0, 5], ""acc"": 1.5, ""vel"": 23.31, ""pos"": 6.2, ""error"": 3.231167999999574}], [{""pair"": [0, 7, 0, 5], ""acc"": 1.4, ""vel"": 23.31, ""pos"": 6.2, ""error"": 0.031167999999574647}, {""pair"": [0, 7, 0, 5], ""acc"": 1.4, ""vel"": 23.31, ""pos"": 6.2, ""error"": 3.231167999999574}, {""pair"": [0, 7, 0, 5], ""acc"": 1.4, ""vel"": 23.31, ""pos"": 6.2, ""error"": 3.231167999999574}], [{""pair"": [2, 7, 0, 5], ""acc"": 1.5, ""vel"": 23.31, ""pos"": 6.2, ""error"": 0.031167999999574647}, {""pair"": [2, 7, 0, 5], ""acc"": 1.5, ""vel"": 23.31, ""pos"": 6.2, ""error"": 3.231167999999574}, {""pair"": [2, 7, 0, 5], ""acc"": 1.5, ""vel"": 23.31, ""pos"": 6.2, ""error"": 3.231167999999574}]]","[[[3, 7, 0, 5], [1.5, 23.31, 6.2], 0.031167999999574647], [[0, 7, 0, 5], [1.4, 23.31, 6.2], 0.031167999999574647], [[2, 7, 0, 5], [1.5, 23.31, 6.2], 0.031167999999574647]]"
1.5,23.34,6.5,1.5,50.0,9.7,1.5,23.34,6.5,"[{""pair"": [0, 6, 2, 15], ""acc"": 1.5, ""vel"": 23.34, ""pos"": 6.5, ""error"": 0.10098674999991175}, {""pair"": [3, 15, 0, 6], ""acc"": 1.5, ""vel"": 23.34, ""pos"": 9.7, ""error"": 3.108013250000102}]","[[0, 6, 2, 15], [3, 15, 0, 6]]","[[{""pair"": [3, 15, 0, 6], ""acc"": 1.5, ""vel"": 23.34, ""pos"": 9.7, ""error"": 3.109727700000102}, {""pair"": [3, 15, 0, 6], ""acc"": 1.5, ""vel"": 23.34, ""pos"": 9.7, ""error"": 3.108013250000102}, {""pair"": [3, 15, 0, 6], ""acc"": 1.5, ""vel"": 23.34, ""pos"": 9.7, ""error"": 3.108013250000102}], [{""pair"": [0, 6, 2, 15], ""acc"": 1.5, ""vel"": 23.34, ""pos"": 6.5, ""error"": 0.10267229999991123}, {""pair"": [0, 6, 2, 15], ""acc"": 1.5, ""vel"": 23.34, ""pos"": 6.5, ""error"": 0.10098674999991175}, {""pair"": [0, 6, 2, 15], ""acc"": 1.5, ""vel"": 23.34, ""pos"": 6.5, ""error"": 0.10098674999991175}]]","[[[3, 15, 0, 6], [1.5, 23.34, 9.7], 3.108013250000102], [[0, 6, 2, 15], [1.5, 23.34, 6.5], 0.10098674999991175]]"
1.5,23.36,6.9,1.5,24.0,6.9,1.5,23.36,6.9,"[{""pair"": [2, 2, 1, 15], ""acc"": 1.5, ""vel"": 23.36, ""pos"": 6.9, ""error"": 0.008503250000090112}, {""pair"": [3, 15, 2, 2], ""acc"": 1.5, ""vel"": 24.0, ""pos"": 6.9, ""error"": 0.6375032500001021}]","[[2, 2, 1, 15], [3, 15, 2, 2]]","[[{""pair"": [3, 15, 2, 2], ""acc"": 1.5, ""vel"": 24.0, ""pos"": 6.9, ""error"": 0.6375032500001021}, {""pair"": [3, 15, 2, 2], ""acc"": 1.5, ""vel"": 24.0, ""pos"": 6.9, ""error"": 3.831496749999909}], [{""pair"": [2, 2, 1, 15], ""acc"": 1.5, ""vel"": 23.36, ""pos"": 6.9, ""error"": 0.008503250000090112}, {""pair"": [2, 2, 1, 15], ""acc"": 1.5, ""vel"": 23.36, ""pos"": 6.9, ""error"": 3.202496749999897}]]","[[[3, 15, 2, 2], [1.5, 24.0, 6.9], 0.6375032500001021], [[2, 2, 1, 15], [1.5, 23.36, 6.9], 0.008503250000090112]]"
1.5,23.39,7.300000000000001,0.7,23.47,7.3,1.5,23.39,7.3,"[{""pair"": [0, 10, 1, 12], ""acc"": 1.5, ""vel"": 23.39, ""pos"": 7.3, ""error"": 0.03204799999951469}, {""pair"": [3, 11, 1, 10], ""acc"": 0.7, ""vel"": 23.45, ""pos"": 7.3, ""error"": 0.09204799999951341}, {""pair"": [3, 11, 2, 10], ""acc"": 0.7, ""vel"": 23.47, ""pos"": 7.2, ""error"": 0.15995200000042686}]","[[0, 10, 1, 12], [3, 11, 1, 10], [3, 11, 2, 10]]","[[{""pair"": [3, 11, 1, 10], ""acc"": 0.7, ""vel"": 23.45, ""pos"": 7.3, ""error"": 0.09204799999951341}, {""pair"": [3, 11, 1, 10], ""acc"": 0.7, ""vel"": 23.45, ""pos"": 7.3, ""error"": 0.58980799999956}], [{""pair"": [3, 11, 2, 10], ""acc"": 0.7, ""vel"": 23.47, ""pos"": 7.2, ""error"": 0.15995200000042686}, {""pair"": [3, 11, 2, 10], ""acc"": 0.7, ""vel"": 23.47, ""pos"": 7.2, ""error"": 0.6381920000005001}], [{""pair"": [0, 10, 1, 12], ""acc"": 1.5, ""vel"": 23.39, ""pos"": 7.3, ""error"": 0.03204799999951469}, {""pair"": [0, 10, 1, 12], ""acc"": 1.5, ""vel"": 23.39, ""pos"": 7.3, ""error"": 0.6498079999995587}]]","[[[3, 11, 1, 10], [0.7, 23.45, 7.3], 0.09204799999951341], [[3, 11, 2, 10], [0.7, 23.47, 7.2], 0.15995200000042686], [[0, 10, 1, 12], [1.5, 23.39, 7.3], 0.03204799999951469]]"
1.5,23.41,7.7,1.5,23.41,7.7,1.5,23.41,7.7,"[{""pair"": [3, 15, 2, 2], ""acc"": 1.5, ""vel"": 23.41, ""pos"": 7.7, ""error"": 0.3821845999998006}, {""pair"": [3, 2, 1, 15], ""acc"": 1.5, ""vel"": 24.05, ""pos"": 7.7, ""error"": 0.8545845999998152}, {""pair"": [2, 2, 1, 15], ""acc"": 1.5, ""vel"": 24.05, ""pos"": 7.7, ""error"": 0.8545845999998152}, {""pair"": [3, 2, 2, 15], ""acc"": 1.5, ""vel"": 23.41, ""pos"": 10.9, ""error"": 2.834873000000181}, {""pair"": [2, 2, 2, 15], ""acc"": 1.5, ""vel"": 23.41, ""pos"": 10.9, ""error"": 2.834873000000181}]","[[3, 15, 2, 2], [3, 2, 1, 15], [2, 2, 1, 15], [3, 2, 2, 15], [2, 2, 2, 15]]","[[{""pair"": [3, 2, 0, 15], ""acc"": -24.1, ""vel"": 23.41, ""pos"": 7.7, ""error"": 0.4271269999997953}, {""pair"": [3, 2, 0, 15], ""acc"": -24.1, ""vel"": 23.41, ""pos"": 7.7, ""error"": 0.46150459999980153}, {""pair"": [3, 2, 0, 15], ""acc"": -24.1, ""vel"": 23.41, ""pos"": 7.7, ""error"": 0.3821845999998006}], [{""pair"": [3, 2, 1, 15], ""acc"": 1.5, ""vel"": 24.05, ""pos"": 7.7, ""error"": 1.0051269999998196}, {""pair"": [3, 2, 1, 15], ""acc"": 1.5, ""vel"": 24.05, ""pos"": 7.7, ""error"": 0.9739045999998153}, {""pair"": [3, 2, 1, 15], ""acc"": 1.5, ""vel"": 24.05, ""pos"": 7.7, ""error"": 0.8545845999998152}], [{""pair"": [3, 2, 2, 15], ""acc"": 1.5, ""vel"": 23.41, ""pos"": 10.9, ""error"": 2.834873000000181}, {""pair"": [3, 2, 2, 15], ""acc"": 1.5, ""vel"": 23.41, ""pos"": 10.9, ""error"": 2.8660954000001855}, {""pair"": [3, 2, 2, 15], ""acc"": 1.5, ""vel"": 23.41, ""pos"": 10.9, ""error"": 2.9854154000001856}], [{""pair"": [3, 15, 2, 2], ""acc"": 1.5, ""vel"": 23.41, ""pos"": 7.7, ""error"": 0.4271269999997953}, {""pair"": [3, 15, 2, 2], ""acc"": 1.5, ""vel"": 23.41, ""pos"": 7.7, ""error"": 0.46150459999980153}, {""pair"": [3, 15, 2, 2], ""acc"": 1.5, ""vel"": 23.41, ""pos"": 7.7, ""error"": 0.3821845999998006}], [{""pair"": [2, 2, 0, 15], ""acc"": -24.1, ""vel"": 23.41, ""pos"": 7.7, ""error"": 0.4271269999997953}, {""pair"": [2, 2, 0, 15], ""acc"": -24.1, ""vel"": 23.41, ""pos"": 7.7, ""error"": 0.46150459999980153}, {""pair"": [2, 2, 0, 15], ""acc"": -24.1, ""vel"": 23.41, ""pos"": 7.7, ""error"": 0.3821845999998006}], [{""pair"": [2, 2, 1, 15], ""acc"": 1.5, ""vel"": 24.05, ""pos"": 7.7, ""error"": 1.0051269999998196}, {""pair"": [2, 2, 1, 15], ""acc"": 1.5, ""vel"": 24.05, ""pos"": 7.7, ""error"": 0.9739045999998153}, {""pair"": [2, 2, 1, 15], ""acc"": 1.5, ""vel"": 24.05, ""pos"": 7.7, ""error"": 0.8545845999998152}], [{""pair"": [2, 2, 2, 15], ""acc"": 1.5, ""vel"": 23.41, ""pos"": 10.9, ""error"": 2.834873000000181}, {""pair"": [2, 2, 2, 15], ""acc"": 1.5, ""vel"": 23.41, ""pos"": 10.9, ""error"": 2.8660954000001855}, {""pair"": [2, 2, 2, 15], ""acc"": 1.5, ""vel"": 23.41, ""pos"": 10.9, ""error"": 2.9854154000001856}]]","[[[3, 2, 0, 15], [-24.1, 23.41, 7.7], 0.3821845999998006], [[3, 2, 1, 15], [1.5, 24.05, 7.7], 0.8545845999998152], [[3, 2, 2, 15], [1.5, 23.41, 10.9], 2.834873000000181], [[3, 15, 2, 2], [1.5, 23.41, 7.7], 0.3821845999998006], [[2, 2, 0, 15], [-24.1, 23.41, 7.7], 0.3821845999998006], [[2, 2, 1, 15], [1.5, 24.05, 7.7], 0.8545845999998152], [[2, 2, 2, 15], [1.5, 23.41, 10.9], 2.834873000000181]]"
1.5,23.46,8.5,1.5,23.46,827.7,1.5,23.46,8.5,"[{""pair"": [3, 12, 1, 7], ""acc"": 1.5, ""vel"": 23.46, ""pos"": 8.5, ""error"": 0.4512479999995129}, {""pair"": [1, 7, 0, 12], ""acc"": 4.7, ""vel"": 23.46, ""pos"": 8.5, ""error"": 0.4512479999995129}, {""pair"": [3, 12, 0, 7], ""acc"": 1.4, ""vel"": 23.46, ""pos"": 827.7, ""error"": 816.4512479999995}, {""pair"": [0, 7, 0, 12], ""acc"": 4.6, ""vel"": 23.46, ""pos"": 827.7, ""error"": 816.4512479999995}, {""pair"": [3, 7, 0, 12], ""acc"": 4.7, ""vel"": 23.46, ""pos"": 827.7, ""error"": 816.4512479999995}]","[[3, 12, 1, 7], [1, 7, 0, 12], [3, 12, 0, 7], [0, 7, 0, 12], [3, 7, 0, 12]]","[[{""pair"": [3, 7, 0, 12], ""acc"": 4.7, ""vel"": 23.46, ""pos"": 827.7, ""error"": 819.6512479999996}, {""pair"": [3, 7, 0, 12], ""acc"": 4.7, ""vel"": 23.46, ""pos"": 827.7, ""error"": 820.2290079999996}, {""pair"": [3, 7, 0, 12], ""acc"": 4.7, ""vel"": 23.46, ""pos"": 827.7, ""error"": 820.2290079999996}, {""pair"": [3, 7, 0, 12], ""acc"": 4.7, ""vel"": 23.46, ""pos"": 827.7, ""error"": 816.4512479999995}, {""pair"": [3, 7, 0, 12], ""acc"": 4.7, ""vel"": 23.46, ""pos"": 827.7, ""error"": 816.4512479999995}], [{""pair"": [3, 12, 0, 7], ""acc"": 1.4, ""vel"": 23.46, ""pos"": 827.7, ""error"": 819.6512479999996}, {""pair"": [3, 12, 0, 7], ""acc"": 1.4, ""vel"": 23.46, ""pos"": 827.7, ""error"": 820.2290079999996}, {""pair"": [3, 12, 0, 7], ""acc"": 1.4, ""vel"": 23.46, ""pos"": 827.7, ""error"": 820.2290079999996}, {""pair"": [3, 12, 0, 7], ""acc"": 1.4, ""vel"": 23.46, ""pos"": 827.7, ""error"": 816.4512479999995}, {""pair"": [3, 12, 0, 7], ""acc"": 1.4, ""vel"": 23.46, ""pos"": 827.7, ""error"": 816.4512479999995}], [{""pair"": [3, 12, 1, 7], ""acc"": 1.5, ""vel"": 23.46, ""pos"": 8.5, ""error"": 0.4512479999995129}, {""pair"": [3, 12, 1, 7], ""acc"": 1.5, ""vel"": 23.46, ""pos"": 8.5, ""error"": 1.0290079999995587}, {""pair"": [3, 12, 1, 7], ""acc"": 1.5, ""vel"": 23.46, ""pos"": 8.5, ""error"": 1.0290079999995587}, {""pair"": [3, 12, 1, 7], ""acc"": 1.5, ""vel"": 23.46, ""pos"": 8.5, ""error"": 2.800752000000429}, {""pair"": [3, 12, 1, 7], ""acc"": 1.5, ""vel"": 23.46, ""pos"": 8.5, ""error"": 2.800752000000429}], [{""pair"": [0, 7, 0, 12], ""acc"": 4.6, ""vel"": 23.46, ""pos"": 827.7, ""error"": 819.6512479999996}, {""pair"": [0, 7, 0, 12], ""acc"": 4.6, ""vel"": 23.46, ""pos"": 827.7, ""error"": 820.2290079999996}, {""pair"": [0, 7, 0, 12], ""acc"": 4.6, ""vel"": 23.46, ""pos"": 827.7, ""error"": 820.2290079999996}, {""pair"": [0, 7, 0, 12], ""acc"": 4.6, ""vel"": 23.46, ""pos"": 827.7, ""error"": 816.4512479999995}, {""pair"": [0, 7, 0, 12], ""acc"": 4.6, ""vel"": 23.46, ""pos"": 827.7, ""error"": 816.4512479999995}], [{""pair"": [1, 7, 0, 12], ""acc"": 4.7, ""vel"": 23.46, ""pos"": 8.5, ""error"": 0.4512479999995129}, {""pair"": [1, 7, 0, 12], ""acc"": 4.7, ""vel"": 23.46, ""pos"": 8.5, ""error"": 1.0290079999995587}, {""pair"": [1, 7, 0, 12], ""acc"": 4.7, ""vel"": 23.46, ""pos"": 8.5, ""error"": 1.0290079999995587}, {""pair"": [1, 7, 0, 12], ""acc"": 4.7, ""vel"": 23.46, ""pos"": 8.5, ""error"": 2.800752000000429}, {""pair"": [1, 7, 0, 12], ""acc"": 4.7, ""vel"": 23.46, ""pos"": 8.5, ""error"": 2.800752000000429}]]","[[[3, 7, 0, 12], [4.7, 23.46, 827.7], 816.4512479999995], [[3, 12, 0, 7], [1.4, 23.46, 827.7], 816.4512479999995], [[3, 12, 1, 7], [1.5, 23.46, 8.5], 0.4512479999995129], [[0, 7, 0, 12], [4.6, 23.46, 827.7], 816.4512479999995], [[1, 7, 0, 12], [4.7, 23.46, 8.5], 0.4512479999995129]]"
1.5,23.49,8.9,1.5,23.48,8.9,1.5,23.49,8.9,"[{""pair"": [3, 3, 1, 9], ""acc"": 1.5, ""vel"": 23.49, ""pos"": 8.9, ""error"": 0.0054632500000995066}, {""pair"": [2, 3, 1, 9], ""acc"": 1.5, ""vel"": 23.49, ""pos"": 8.9, ""error"": 0.0054632500000995066}, {""pair"": [3, 3, 2, 9], ""acc"": 1.5, ""vel"": 23.48, ""pos"": 8.9, ""error"": 0.0064632500000900706}, {""pair"": [2, 3, 2, 9], ""acc"": 1.5, ""vel"": 23.48, ""pos"": 8.9, ""error"": 0.0064632500000900706}, {""pair"": [0, 3, 2, 9], ""acc"": 1.5, ""vel"": 33.72, ""pos"": 8.9, ""error"": 10.180600850000113}, {""pair"": [0, 3, 1, 9], ""acc"": 1.5, ""vel"": 33.73, ""pos"": 8.9, ""error"": 10.190600850000111}, {""pair"": [1, 3, 1, 9], ""acc"": 1.5, ""vel"": 23.49, ""pos"": 60.1, ""error"": 51.20546325000011}, {""pair"": [1, 3, 2, 9], ""acc"": 1.5, ""vel"": 23.48, ""pos"": 60.1, ""error"": 51.2064632500001}]","[[3, 3, 1, 9], [2, 3, 1, 9], [3, 3, 2, 9], [2, 3, 2, 9], [0, 3, 2, 9], [0, 3, 1, 9], [1, 3, 1, 9], [1, 3, 2, 9]]","[[{""pair"": [3, 3, 1, 9], ""acc"": 1.5, ""vel"": 23.49, ""pos"": 8.9, ""error"": 0.0054632500000995066}, {""pair"": [3, 3, 1, 9], ""acc"": 1.5, ""vel"": 23.49, ""pos"": 8.9, ""error"": 0.05040085000007899}, {""pair"": [3, 3, 1, 9], ""acc"": 1.5, ""vel"": 23.49, ""pos"": 8.9, ""error"": 819.2052223}, {""pair"": [3, 3, 1, 9], ""acc"": 1.5, ""vel"": 23.49, ""pos"": 8.9, ""error"": 819.2476846999999}, {""pair"": [3, 3, 1, 9], ""acc"": 1.5, ""vel"": 23.49, ""pos"": 8.9, ""error"": 819.2493991499999}], [{""pair"": [3, 3, 2, 9], ""acc"": 1.5, ""vel"": 23.48, ""pos"": 8.9, ""error"": 0.0064632500000900706}, {""pair"": [3, 3, 2, 9], ""acc"": 1.5, ""vel"": 23.48, ""pos"": 8.9, ""error"": 0.060400850000077}, {""pair"": [3, 3, 2, 9], ""acc"": 1.5, ""vel"": 23.48, ""pos"": 8.9, ""error"": 819.2028222999999}, {""pair"": [3, 3, 2, 9], ""acc"": 1.5, ""vel"": 23.48, ""pos"": 8.9, ""error"": 819.2576846999999}, {""pair"": [3, 3, 2, 9], ""acc"": 1.5, ""vel"": 23.48, ""pos"": 8.9, ""error"": 819.2593991499999}], [{""pair"": [0, 3, 1, 9], ""acc"": 1.5, ""vel"": 33.73, ""pos"": 8.9, ""error"": 10.245463250000098}, {""pair"": [0, 3, 1, 9], ""acc"": 1.5, ""vel"": 33.73, ""pos"": 8.9, ""error"": 10.190600850000111}, {""pair"": [0, 3, 1, 9], ""acc"": 1.5, ""vel"": 33.73, ""pos"": 8.9, ""error"": 829.4452223}, {""pair"": [0, 3, 1, 9], ""acc"": 1.5, ""vel"": 33.73, ""pos"": 8.9, ""error"": 829.3912847}, {""pair"": [0, 3, 1, 9], ""acc"": 1.5, ""vel"": 33.73, ""pos"": 8.9, ""error"": 829.38959915}], [{""pair"": [0, 3, 2, 9], ""acc"": 1.5, ""vel"": 33.72, ""pos"": 8.9, ""error"": 10.2354632500001}, {""pair"": [0, 3, 2, 9], ""acc"": 1.5, ""vel"": 33.72, ""pos"": 8.9, ""error"": 10.180600850000113}, {""pair"": [0, 3, 2, 9], ""acc"": 1.5, ""vel"": 33.72, ""pos"": 8.9, ""error"": 829.4352223}, {""pair"": [0, 3, 2, 9], ""acc"": 1.5, ""vel"": 33.72, ""pos"": 8.9, ""error"": 829.3812847}, {""pair"": [0, 3, 2, 9], ""acc"": 1.5, ""vel"": 33.72, ""pos"": 8.9, ""error"": 829.37959915}], [{""pair"": [1, 3, 1, 9], ""acc"": 1.5, ""vel"": 23.49, ""pos"": 60.1, ""error"": 51.20546325000011}, {""pair"": [1, 3, 1, 9], ""acc"": 1.5, ""vel"": 23.49, ""pos"": 60.1, ""error"": 51.25040085000008}, {""pair"": [1, 3, 1, 9], ""acc"": 1.5, ""vel"": 23.49, ""pos"": 60.1, ""error"": 768.0052222999999}, {""pair"": [1, 3, 1, 9], ""acc"": 1.5, ""vel"": 23.49, ""pos"": 60.1, ""error"": 768.0476846999999}, {""pair"": [1, 3, 1, 9], ""acc"": 1.5, ""vel"": 23.49, ""pos"": 60.1, ""error"": 768.0493991499999}], [{""pair"": [1, 3, 2, 9], ""acc"": 1.5, ""vel"": 23.48, ""pos"": 60.1, ""error"": 51.2064632500001}, {""pair"": [1, 3, 2, 9], ""acc"": 1.5, ""vel"": 23.48, ""pos"": 60.1, ""error"": 51.26040085000008}, {""pair"": [1, 3, 2, 9], ""acc"": 1.5, ""vel"": 23.48, ""pos"": 60.1, ""error"": 768.0028222999998}, {""pair"": [1, 3, 2, 9], ""acc"": 1.5, ""vel"": 23.48, ""pos"": 60.1, ""error"": 768.0576846999999}, {""pair"": [1, 3, 2, 9], ""acc"": 1.5, ""vel"": 23.48, ""pos"": 60.1, ""error"": 768.0593991499999}], [{""pair"": [2, 3, 1, 9], ""acc"": 1.5, ""vel"": 23.49, ""pos"": 8.9, ""error"": 0.0054632500000995066}, {""pair"": [2, 3, 1, 9], ""acc"": 1.5, ""vel"": 23.49, ""pos"": 8.9, ""error"": 0.05040085000007899}, {""pair"": [2, 3, 1, 9], ""acc"": 1.5, ""vel"": 23.49, ""pos"": 8.9, ""error"": 819.2052223}, {""pair"": [2, 3, 1, 9], ""acc"": 1.5, ""vel"": 23.49, ""pos"": 8.9, ""error"": 819.2476846999999}, {""pair"": [2, 3, 1, 9], ""acc"": 1.5, ""vel"": 23.49, ""pos"": 8.9, ""error"": 819.2493991499999}], [{""pair"": [2, 3, 2, 9], ""acc"": 1.5, ""vel"": 23.48, ""pos"": 8.9, ""error"": 0.0064632500000900706}, {""pair"": [2, 3, 2, 9], ""acc"": 1.5, ""vel"": 23.48, ""pos"": 8.9, ""error"": 0.060400850000077}, {""pair"": [2, 3, 2, 9], ""acc"": 1.5, ""vel"": 23.48, ""pos"": 8.9, ""error"": 819.2028222999999}, {""pair"": [2, 3, 2, 9], ""acc"": 1.5, ""vel"": 23.48, ""pos"": 8.9, ""error"": 819.2576846999999}, {""pair"": [2, 3, 2, 9], ""acc"": 1.5, ""vel"": 23.48, ""pos"": 8.9, ""error"": 819.2593991499999}]]","[[[3, 3, 1, 9], [1.5, 23.49, 8.9], 0.0054632500000995066], [[3, 3, 2, 9], [1.5, 23.48, 8.9], 0.0064632500000900706], [[0, 3, 1, 9], [1.5, 33.73, 8.9], 10.190600850000111], [[0, 3, 2, 9], [1.5, 33.72, 8.9], 10.180600850000113], [[1, 3, 1, 9], [1.5, 23.49, 60.1], 51.20546325000011], [[1, 3, 2, 9], [1.5, 23.48, 60.1], 51.2064632500001], [[2, 3, 1, 9], [1.5, 23.49, 8.9], 0.0054632500000995066], [[2, 3, 2, 9], [1.5, 23.48, 8.9], 0.0064632500000900706]]"
1.5,23.51,9.3,1.1,23.5,9.3,1.1,23.51,9.3,"[{""pair"": [1, 9, 2, 9], ""acc"": 1.1, ""vel"": 23.51, ""pos"": 9.3, ""error"": 0.005123250000103496}, {""pair"": [2, 9, 1, 9], ""acc"": 1.1, ""vel"": 23.51, ""pos"": 9.3, ""error"": 0.005123250000103496}, {""pair"": [0, 9, 1, 9], ""acc"": 1.5, ""vel"": 23.51, ""pos"": 9.3, ""error"": 0.005123250000103496}, {""pair"": [1, 9, 0, 9], ""acc"": 1.5, ""vel"": 23.51, ""pos"": 9.3, ""error"": 0.005123250000103496}, {""pair"": [3, 11, 0, 10], ""acc"": 0.3, ""vel"": 23.5, ""pos"": 9.3, ""error"": 0.006123250000090508}, {""pair"": [0, 9, 2, 9], ""acc"": 1.5, ""vel"": 23.5, ""pos"": 9.3, ""error"": 0.006123250000090508}, {""pair"": [2, 9, 0, 9], ""acc"": 1.5, ""vel"": 23.5, ""pos"": 9.3, ""error"": 0.006123250000090508}, {""pair"": [0, 10, 0, 11], ""acc"": 1.9, ""vel"": 23.5, ""pos"": 9.3, ""error"": 0.006123250000090508}, {""pair"": [3, 10, 0, 11], ""acc"": 2.7, ""vel"": 23.5, ""pos"": 9.3, ""error"": 0.006123250000090508}, {""pair"": [3, 11, 1, 10], ""acc"": 1.1, ""vel"": 23.48, ""pos"": 9.3, ""error"": 0.02612325000009008}, {""pair"": [1, 10, 0, 11], ""acc"": 2.7, ""vel"": 23.48, ""pos"": 9.3, ""error"": 0.02612325000009008}, {""pair"": [3, 11, 2, 10], ""acc"": 1.1, ""vel"": 23.5, ""pos"": 9.2, ""error"": 0.10487674999989949}, {""pair"": [2, 10, 0, 11], ""acc"": 2.7, ""vel"": 23.5, ""pos"": 9.2, ""error"": 0.10487674999989949}, {""pair"": [0, 10, 2, 11], ""acc"": 0.3, ""vel"": 23.5, ""pos"": 9.5, ""error"": 0.2061232500000898}, {""pair"": [3, 10, 2, 11], ""acc"": 1.1, ""vel"": 23.5, ""pos"": 9.5, ""error"": 0.2061232500000898}, {""pair"": [1, 10, 2, 11], ""acc"": 1.1, ""vel"": 23.48, ""pos"": 9.5, ""error"": 0.22612325000008937}]","[[1, 9, 2, 9], [2, 9, 1, 9], [0, 9, 1, 9], [1, 9, 0, 9], [3, 11, 0, 10], [0, 9, 2, 9], [2, 9, 0, 9], [0, 10, 0, 11], [3, 10, 0, 11], [3, 11, 1, 10], [1, 10, 0, 11], [3, 11, 2, 10], [2, 10, 0, 11], [0, 10, 2, 11], [3, 10, 2, 11], [1, 10, 2, 11]]","[[{""pair"": [3, 10, 0, 11], ""acc"": 2.7, ""vel"": 23.5, ""pos"": 9.3, ""error"": 0.015953250000089625}, {""pair"": [3, 10, 0, 11], ""acc"": 2.7, ""vel"": 23.5, ""pos"": 9.3, ""error"": 0.015953250000089625}, {""pair"": [3, 10, 0, 11], ""acc"": 2.7, ""vel"": 23.5, ""pos"": 9.3, ""error"": 0.006123250000090508}, {""pair"": [3, 10, 0, 11], ""acc"": 2.7, ""vel"": 23.5, ""pos"": 9.3, ""error"": 0.006123250000090508}, {""pair"": [3, 10, 0, 11], ""acc"": 2.7, ""vel"": 23.5, ""pos"": 9.3, ""error"": 10.418956749999854}, {""pair"": [3, 10, 0, 11], ""acc"": 2.7, ""vel"": 23.5, ""pos"": 9.3, ""error"": 10.429126749999853}, {""pair"": [3, 10, 0, 11], ""acc"": 2.7, ""vel"": 23.5, ""pos"": 9.3, ""error"": 51.2150467499999}, {""pair"": [3, 10, 0, 11], ""acc"": 2.7, ""vel"": 23.5, ""pos"": 9.3, ""error"": 51.2048767499999}], [{""pair"": [3, 10, 2, 11], ""acc"": 1.1, ""vel"": 23.5, ""pos"": 9.5, ""error"": 0.21595325000008891}, {""pair"": [3, 10, 2, 11], ""acc"": 1.1, ""vel"": 23.5, ""pos"": 9.5, ""error"": 0.21595325000008891}, {""pair"": [3, 10, 2, 11], ""acc"": 1.1, ""vel"": 23.5, ""pos"": 9.5, ""error"": 0.2061232500000898}, {""pair"": [3, 10, 2, 11], ""acc"": 1.1, ""vel"": 23.5, ""pos"": 9.5, ""error"": 0.2061232500000898}, {""pair"": [3, 10, 2, 11], ""acc"": 1.1, ""vel"": 23.5, ""pos"": 9.5, ""error"": 10.27204325000013}, {""pair"": [3, 10, 2, 11], ""acc"": 1.1, ""vel"": 23.5, ""pos"": 9.5, ""error"": 10.281873250000128}, {""pair"": [3, 10, 2, 11], ""acc"": 1.1, ""vel"": 23.5, ""pos"": 9.5, ""error"": 51.0150467499999}, {""pair"": [3, 10, 2, 11], ""acc"": 1.1, ""vel"": 23.5, ""pos"": 9.5, ""error"": 51.004876749999895}], [{""pair"": [3, 11, 0, 10], ""acc"": 0.3, ""vel"": 23.5, ""pos"": 9.3, ""error"": 0.015953250000089625}, {""pair"": [3, 11, 0, 10], ""acc"": 0.3, ""vel"": 23.5, ""pos"": 9.3, ""error"": 0.015953250000089625}, {""pair"": [3, 11, 0, 10], ""acc"": 0.3, ""vel"": 23.5, ""pos"": 9.3, ""error"": 0.006123250000090508}, {""pair"": [3, 11, 0, 10], ""acc"": 0.3, ""vel"": 23.5, ""pos"": 9.3, ""error"": 0.006123250000090508}, {""pair"": [3, 11, 0, 10], ""acc"": 0.3, ""vel"": 23.5, ""pos"": 9.3, ""error"": 10.418956749999854}, {""pair"": [3, 11, 0, 10], ""acc"": 0.3, ""vel"": 23.5, ""pos"": 9.3, ""error"": 10.429126749999853}, {""pair"": [3, 11, 0, 10], ""acc"": 0.3, ""vel"": 23.5, ""pos"": 9.3, ""error"": 51.2150467499999}, {""pair"": [3, 11, 0, 10], ""acc"": 0.3, ""vel"": 23.5, ""pos"": 9.3, ""error"": 51.2048767499999}], [{""pair"": [3, 11, 1, 10], ""acc"": 1.1, ""vel"": 23.48, ""pos"": 9.3, ""error"": 0.0359532500000892}, {""pair"": [3, 11, 1, 10], ""acc"": 1.1, ""vel"": 23.48, ""pos"": 9.3, ""error"": 0.0359532500000892}, {""pair"": [3, 11, 1, 10], ""acc"": 1.1, ""vel"": 23.48, ""pos"": 9.3, ""error"": 0.02612325000009008}, {""pair"": [3, 11, 1, 10], ""acc"": 1.1, ""vel"": 23.48, ""pos"": 9.3, ""error"": 0.02612325000009008}, {""pair"": [3, 11, 1, 10], ""acc"": 1.1, ""vel"": 23.48, ""pos"": 9.3, ""error"": 10.438956749999853}, {""pair"": [3, 11, 1, 10], ""acc"": 1.1, ""vel"": 23.48, ""pos"": 9.3, ""error"": 10.449126749999852}, {""pair"": [3, 11, 1, 10], ""acc"": 1.1, ""vel"": 23.48, ""pos"": 9.3, ""error"": 51.2350467499999}, {""pair"": [3, 11, 1, 10], ""acc"": 1.1, ""vel"": 23.48, ""pos"": 9.3, ""error"": 51.22487674999989}], [{""pair"": [3, 11, 2, 10], ""acc"": 1.1, ""vel"": 23.5, ""pos"": 9.2, ""error"": 0.11504674999989639}, {""pair"": [3, 11, 2, 10], ""acc"": 1.1, ""vel"": 23.5, ""pos"": 9.2, ""error"": 0.11504674999989639}, {""pair"": [3, 11, 2, 10], ""acc"": 1.1, ""vel"": 23.5, ""pos"": 9.2, ""error"": 0.10487674999989949}, {""pair"": [3, 11, 2, 10], ""acc"": 1.1, ""vel"": 23.5, ""pos"": 9.2, ""error"": 0.10487674999989949}, {""pair"": [3, 11, 2, 10], ""acc"": 1.1, ""vel"": 23.5, ""pos"": 9.2, ""error"": 10.518956749999855}, {""pair"": [3, 11, 2, 10], ""acc"": 1.1, ""vel"": 23.5, ""pos"": 9.2, ""error"": 10.529126749999854}, {""pair"": [3, 11, 2, 10], ""acc"": 1.1, ""vel"": 23.5, ""pos"": 9.2, ""error"": 51.315046749999894}, {""pair"": [3, 11, 2, 10], ""acc"": 1.1, ""vel"": 23.5, ""pos"": 9.2, ""error"": 51.304876749999906}], [{""pair"": [0, 9, 1, 9], ""acc"": 1.5, ""vel"": 23.51, ""pos"": 9.3, ""error"": 0.005953250000088062}, {""pair"": [0, 9, 1, 9], ""acc"": 1.5, ""vel"": 23.51, ""pos"": 9.3, ""error"": 0.005953250000088062}, {""pair"": [0, 9, 1, 9], ""acc"": 1.5, ""vel"": 23.51, ""pos"": 9.3, ""error"": 0.005123250000103496}, {""pair"": [0, 9, 1, 9], ""acc"": 1.5, ""vel"": 23.51, ""pos"": 9.3, ""error"": 0.005123250000103496}, {""pair"": [0, 9, 1, 9], ""acc"": 1.5, ""vel"": 23.51, ""pos"": 9.3, ""error"": 10.408956749999852}, {""pair"": [0, 9, 1, 9], ""acc"": 1.5, ""vel"": 23.51, ""pos"": 9.3, ""error"": 10.419126749999851}, {""pair"": [0, 9, 1, 9], ""acc"": 1.5, ""vel"": 23.51, ""pos"": 9.3, ""error"": 51.2050467499999}, {""pair"": [0, 9, 1, 9], ""acc"": 1.5, ""vel"": 23.51, ""pos"": 9.3, ""error"": 51.20387674999991}], [{""pair"": [0, 9, 2, 9], ""acc"": 1.5, ""vel"": 23.5, ""pos"": 9.3, ""error"": 0.015953250000089625}, {""pair"": [0, 9, 2, 9], ""acc"": 1.5, ""vel"": 23.5, ""pos"": 9.3, ""error"": 0.015953250000089625}, {""pair"": [0, 9, 2, 9], ""acc"": 1.5, ""vel"": 23.5, ""pos"": 9.3, ""error"": 0.006123250000090508}, {""pair"": [0, 9, 2, 9], ""acc"": 1.5, ""vel"": 23.5, ""pos"": 9.3, ""error"": 0.006123250000090508}, {""pair"": [0, 9, 2, 9], ""acc"": 1.5, ""vel"": 23.5, ""pos"": 9.3, ""error"": 10.418956749999854}, {""pair"": [0, 9, 2, 9], ""acc"": 1.5, ""vel"": 23.5, ""pos"": 9.3, ""error"": 10.429126749999853}, {""pair"": [0, 9, 2, 9], ""acc"": 1.5, ""vel"": 23.5, ""pos"": 9.3, ""error"": 51.2150467499999}, {""pair"": [0, 9, 2, 9], ""acc"": 1.5, ""vel"": 23.5, ""pos"": 9.3, ""error"": 51.2048767499999}], [{""pair"": [1, 9, 0, 9], ""acc"": 1.5, ""vel"": 23.51, ""pos"": 9.3, ""error"": 0.005953250000088062}, {""pair"": [1, 9, 0, 9], ""acc"": 1.5, ""vel"": 23.51, ""pos"": 9.3, ""error"": 0.005953250000088062}, {""pair"": [1, 9, 0, 9], ""acc"": 1.5, ""vel"": 23.51, ""pos"": 9.3, ""error"": 0.005123250000103496}, {""pair"": [1, 9, 0, 9], ""acc"": 1.5, ""vel"": 23.51, ""pos"": 9.3, ""error"": 0.005123250000103496}, {""pair"": [1, 9, 0, 9], ""acc"": 1.5, ""vel"": 23.51, ""pos"": 9.3, ""error"": 10.408956749999852}, {""pair"": [1, 9, 0, 9], ""acc"": 1.5, ""vel"": 23.51, ""pos"": 9.3, ""error"": 10.419126749999851}, {""pair"": [1, 9, 0, 9], ""acc"": 1.5, ""vel"": 23.51, ""pos"": 9.3, ""error"": 51.2050467499999}, {""pair"": [1, 9, 0, 9], ""acc"": 1.5, ""vel"": 23.51, ""pos"": 9.3, ""error"": 51.20387674999991}], [{""pair"": [1, 9, 2, 9], ""acc"": 1.1, ""vel"": 23.51, ""pos"": 9.3, ""error"": 0.005953250000088062}, {""pair"": [1, 9, 2, 9], ""acc"": 1.1, ""vel"": 23.51, ""pos"": 9.3, ""error"": 0.005953250000088062}, {""pair"": [1, 9, 2, 9], ""acc"": 1.1, ""vel"": 23.51, ""pos"": 9.3, ""error"": 0.005123250000103496}, {""pair"": [1, 9, 2, 9], ""acc"": 1.1, ""vel"": 23.51, ""pos"": 9.3, ""error"": 0.005123250000103496}, {""pair"": [1, 9, 2, 9], ""acc"": 1.1, ""vel"": 23.51, ""pos"": 9.3, ""error"": 10.408956749999852}, {""pair"": [1, 9, 2, 9], ""acc"": 1.1, ""vel"": 23.51, ""pos"": 9.3, ""error"": 10.419126749999851}, {""pair"": [1, 9, 2, 9], ""acc"": 1.1, ""vel"": 23.51, ""pos"": 9.3, ""error"": 51.2050467499999}, {""pair"": [1, 9, 2, 9], ""acc"": 1.1, ""vel"": 23.51, ""pos"": 9.3, ""error"": 51.20387674999991}], [{""pair"": [2, 9, 0, 9], ""acc"": 1.5, ""vel"": 23.5, ""pos"": 9.3, ""error"": 0.015953250000089625}, {""pair"": [2, 9, 0, 9], ""acc"": 1.5, ""vel"": 23.5, ""pos"": 9.3, ""error"": 0.015953250000089625}, {""pair"": [2, 9, 0, 9], ""acc"": 1.5, ""vel"": 23.5, ""pos"": 9.3, ""error"": 0.006123250000090508}, {""pair"": [2, 9, 0, 9], ""acc"": 1.5, ""vel"": 23.5, ""pos"": 9.3, ""error"": 0.006123250000090508}, {""pair"": [2, 9, 0, 9], ""acc"": 1.5, ""vel"": 23.5, ""pos"": 9.3, ""error"": 10.418956749999854}, {""pair"": [2, 9, 0, 9], ""acc"": 1.5, ""vel"": 23.5, ""pos"": 9.3, ""error"": 10.429126749999853}, {""pair"": [2, 9, 0, 9], ""acc"": 1.5, ""vel"": 23.5, ""pos"": 9.3, ""error"": 51.2150467499999}, {""pair"": [2, 9, 0, 9], ""acc"": 1.5, ""vel"": 23.5, ""pos"": 9.3, ""error"": 51.2048767499999}], [{""pair"": [2, 9, 1, 9], ""acc"": 1.1, ""vel"": 23.51, ""pos"": 9.3, ""error"": 0.005953250000088062}, {""pair"": [2, 9, 1, 9], ""acc"": 1.1, ""vel"": 23.51, ""pos"": 9.3, ""error"": 0.005953250000088062}, {""pair"": [2, 9, 1, 9], ""acc"": 1.1, ""vel"": 23.51, ""pos"": 9.3, ""error"": 0.005123250000103496}, {""pair"": [2, 9, 1, 9], ""acc"": 1.1, ""vel"": 23.51, ""pos"": 9.3, ""error"": 0.005123250000103496}, {""pair"": [2, 9, 1, 9], ""acc"": 1.1, ""vel"": 23.51, ""pos"": 9.3, ""error"": 10.408956749999852}, {""pair"": [2, 9, 1, 9], ""acc"": 1.1, ""vel"": 23.51, ""pos"": 9.3, ""error"": 10.419126749999851}, {""pair"": [2, 9, 1, 9], ""acc"": 1.1, ""vel"": 23.51, ""pos"": 9.3, ""error"": 51.2050467499999}, {""pair"": [2, 9, 1, 9], ""acc"": 1.1, ""vel"": 23.51, ""pos"": 9.3, ""error"": 51.20387674999991}], [{""pair"": [0, 10, 0, 11], ""acc"": 1.9, ""vel"": 23.5, ""pos"": 9.3, ""error"": 0.015953250000089625}, {""pair"": [0, 10, 0, 11], ""acc"": 1.9, ""vel"": 23.5, ""pos"": 9.3, ""error"": 0.015953250000089625}, {""pair"": [0, 10, 0, 11], ""acc"": 1.9, ""vel"": 23.5, ""pos"": 9.3, ""error"": 0.006123250000090508}, {""pair"": [0, 10, 0, 11], ""acc"": 1.9, ""vel"": 23.5, ""pos"": 9.3, ""error"": 0.006123250000090508}, {""pair"": [0, 10, 0, 11], ""acc"": 1.9, ""vel"": 23.5, ""pos"": 9.3, ""error"": 10.418956749999854}, {""pair"": [0, 10, 0, 11], ""acc"": 1.9, ""vel"": 23.5, ""pos"": 9.3, ""error"": 10.429126749999853}, {""pair"": [0, 10, 0, 11], ""acc"": 1.9, ""vel"": 23.5, ""pos"": 9.3, ""error"": 51.2150467499999}, {""pair"": [0, 10, 0, 11], ""acc"": 1.9, ""vel"": 23.5, ""pos"": 9.3, ""error"": 51.2048767499999}], [{""pair"": [0, 10, 2, 11], ""acc"": 0.3, ""vel"": 23.5, ""pos"": 9.5, ""error"": 0.21595325000008891}, {""pair"": [0, 10, 2, 11], ""acc"": 0.3, ""vel"": 23.5, ""pos"": 9.5, ""error"": 0.21595325000008891}, {""pair"": [0, 10, 2, 11], ""acc"": 0.3, ""vel"": 23.5, ""pos"": 9.5, ""error"": 0.2061232500000898}, {""pair"": [0, 10, 2, 11], ""acc"": 0.3, ""vel"": 23.5, ""pos"": 9.5, ""error"": 0.2061232500000898}, {""pair"": [0, 10, 2, 11], ""acc"": 0.3, ""vel"": 23.5, ""pos"": 9.5, ""error"": 10.27204325000013}, {""pair"": [0, 10, 2, 11], ""acc"": 0.3, ""vel"": 23.5, ""pos"": 9.5, ""error"": 10.281873250000128}, {""pair"": [0, 10, 2, 11], ""acc"": 0.3, ""vel"": 23.5, ""pos"": 9.5, ""error"": 51.0150467499999}, {""pair"": [0, 10, 2, 11], ""acc"": 0.3, ""vel"": 23.5, ""pos"": 9.5, ""error"": 51.004876749999895}], [{""pair"": [1, 10, 0, 11], ""acc"": 2.7, ""vel"": 23.48, ""pos"": 9.3, ""error"": 0.0359532500000892}, {""pair"": [1, 10, 0, 11], ""acc"": 2.7, ""vel"": 23.48, ""pos"": 9.3, ""error"": 0.0359532500000892}, {""pair"": [1, 10, 0, 11], ""acc"": 2.7, ""vel"": 23.48, ""pos"": 9.3, ""error"": 0.02612325000009008}, {""pair"": [1, 10, 0, 11], ""acc"": 2.7, ""vel"": 23.48, ""pos"": 9.3, ""error"": 0.02612325000009008}, {""pair"": [1, 10, 0, 11], ""acc"": 2.7, ""vel"": 23.48, ""pos"": 9.3, ""error"": 10.438956749999853}, {""pair"": [1, 10, 0, 11], ""acc"": 2.7, ""vel"": 23.48, ""pos"": 9.3, ""error"": 10.449126749999852}, {""pair"": [1, 10, 0, 11], ""acc"": 2.7, ""vel"": 23.48, ""pos"": 9.3, ""error"": 51.2350467499999}, {""pair"": [1, 10, 0, 11], ""acc"": 2.7, ""vel"": 23.48, ""pos"": 9.3, ""error"": 51.22487674999989}], [{""pair"": [1, 10, 2, 11], ""acc"": 1.1, ""vel"": 23.48, ""pos"": 9.5, ""error"": 0.2359532500000885}, {""pair"": [1, 10, 2, 11], ""acc"": 1.1, ""vel"": 23.48, ""pos"": 9.5, ""error"": 0.2359532500000885}, {""pair"": [1, 10, 2, 11], ""acc"": 1.1, ""vel"": 23.48, ""pos"": 9.5, ""error"": 0.22612325000008937}, {""pair"": [1, 10, 2, 11], ""acc"": 1.1, ""vel"": 23.48, ""pos"": 9.5, ""error"": 0.22612325000008937}, {""pair"": [1, 10, 2, 11], ""acc"": 1.1, ""vel"": 23.48, ""pos"": 9.5, ""error"": 10.29204325000013}, {""pair"": [1, 10, 2, 11], ""acc"": 1.1, ""vel"": 23.48, ""pos"": 9.5, ""error"": 10.301873250000128}, {""pair"": [1, 10, 2, 11], ""acc"": 1.1, ""vel"": 23.48, ""pos"": 9.5, ""error"": 51.0350467499999}, {""pair"": [1, 10, 2, 11], ""acc"": 1.1, ""vel"": 23.48, ""pos"": 9.5, ""error"": 51.0248767499999}], [{""pair"": [2, 10, 0, 11], ""acc"": 2.7, ""vel"": 23.5, ""pos"": 9.2, ""error"": 0.11504674999989639}, {""pair"": [2, 10, 0, 11], ""acc"": 2.7, ""vel"": 23.5, ""pos"": 9.2, ""error"": 0.11504674999989639}, {""pair"": [2, 10, 0, 11], ""acc"": 2.7, ""vel"": 23.5, ""pos"": 9.2, ""error"": 0.10487674999989949}, {""pair"": [2, 10, 0, 11], ""acc"": 2.7, ""vel"": 23.5, ""pos"": 9.2, ""error"": 0.10487674999989949}, {""pair"": [2, 10, 0, 11], ""acc"": 2.7, ""vel"": 23.5, ""pos"": 9.2, ""error"": 10.518956749999855}, {""pair"": [2, 10, 0, 11], ""acc"": 2.7, ""vel"": 23.5, ""pos"": 9.2, ""error"": 10.529126749999854}, {""pair"": [2, 10, 0, 11], ""acc"": 2.7, ""vel"": 23.5, ""pos"": 9.2, ""error"": 51.315046749999894}, {""pair"": [2, 10, 0, 11], ""acc"": 2.7, ""vel"": 23.5, ""pos"": 9.2, ""error"": 51.304876749999906}]]","[[[3, 10, 0, 11], [2.7, 23.5, 9.3], 0.006123250000090508], [[3, 10, 2, 11], [1.1, 23.5, 9.5], 0.2061232500000898], [[3, 11, 0, 10], [0.3, 23.5, 9.3], 0.006123250000090508], [[3, 11, 1, 10], [1.1, 23.48, 9.3], 0.02612325000009008], [[3, 11, 2, 10], [1.1, 23.5, 9.2], 0.10487674999989949], [[0, 9, 1, 9], [1.5, 23.51, 9.3], 0.005123250000103496], [[0, 9, 2, 9], [1.5, 23.5, 9.3], 0.006123250000090508], [[1, 9, 0, 9], [1.5, 23.51, 9.3], 0.005123250000103496], [[1, 9, 2, 9], [1.1, 23.51, 9.3], 0.005123250000103496], [[2, 9, 0, 9], [1.5, 23.5, 9.3], 0.006123250000090508], [[2, 9, 1, 9], [1.1, 23.51, 9.3], 0.005123250000103496], [[0, 10, 0, 11], [1.9, 23.5, 9.3], 0.006123250000090508], [[0, 10, 2, 11], [0.3, 23.5, 9.5], 0.2061232500000898], [[1, 10, 0, 11], [2.7, 23.48, 9.3], 0.02612325000009008], [[1, 10, 2, 11], [1.1, 23.48, 9.5], 0.22612325000008937], [[2, 10, 0, 11], [2.7, 23.5, 9.2], 0.10487674999989949]]"
1.5,23.54,9.7,1.3,23.54,112.1,1.3,23.54,9.7,"[{""pair"": [1, 4, 2, 8], ""acc"": 1.3, ""vel"": 23.54, ""pos"": 9.7, ""error"": 0.02685439999959094}, {""pair"": [1, 4, 0, 8], ""acc"": 1.5, ""vel"": 23.54, ""pos"": 9.7, ""error"": 0.02685439999959094}, {""pair"": [2, 4, 2, 8], ""acc"": 1.3, ""vel"": 23.54, ""pos"": 112.1, ""error"": 102.24625919999951}, {""pair"": [2, 4, 0, 8], ""acc"": 1.5, ""vel"": 23.54, ""pos"": 112.1, ""error"": 102.24625919999951}, {""pair"": [0, 4, 2, 8], ""acc"": 1.3, ""vel"": 3.06, ""pos"": 112.1, ""error"": 122.66177919999956}, {""pair"": [0, 4, 0, 8], ""acc"": 1.5, ""vel"": 3.06, ""pos"": 112.1, ""error"": 122.66177919999956}, {""pair"": [1, 4, 1, 8], ""acc"": 1.3, ""vel"": 23.54, ""pos"": 1648.1, ""error"": 1638.2462591999995}, {""pair"": [2, 4, 1, 8], ""acc"": 1.3, ""vel"": 23.54, ""pos"": 1750.5, ""error"": 1740.6462591999996}, {""pair"": [0, 4, 1, 8], ""acc"": 1.3, ""vel"": 3.06, ""pos"": 1750.5, ""error"": 1761.0617791999996}]","[[1, 4, 2, 8], [1, 4, 0, 8], [2, 4, 2, 8], [2, 4, 0, 8], [0, 4, 2, 8], [0, 4, 0, 8], [1, 4, 1, 8], [2, 4, 1, 8], [0, 4, 1, 8]]","[[{""pair"": [0, 4, 0, 8], ""acc"": 1.5, ""vel"": 3.06, ""pos"": 112.1, ""error"": 122.89129919999957}, {""pair"": [0, 4, 0, 8], ""acc"": 1.5, ""vel"": 3.06, ""pos"": 112.1, ""error"": 122.89129919999957}, {""pair"": [0, 4, 0, 8], ""acc"": 1.5, ""vel"": 3.06, ""pos"": 112.1, ""error"": 122.89764799999956}, {""pair"": [0, 4, 0, 8], ""acc"": 1.5, ""vel"": 3.06, ""pos"": 112.1, ""error"": 122.89764799999956}, {""pair"": [0, 4, 0, 8], ""acc"": 1.5, ""vel"": 3.06, ""pos"": 112.1, ""error"": 122.86876159999954}, {""pair"": [0, 4, 0, 8], ""acc"": 1.5, ""vel"": 3.06, ""pos"": 112.1, ""error"": 122.88780799999957}, {""pair"": [0, 4, 0, 8], ""acc"": 1.5, ""vel"": 3.06, ""pos"": 112.1, ""error"": 122.88780799999957}, {""pair"": [0, 4, 0, 8], ""acc"": 1.5, ""vel"": 3.06, ""pos"": 112.1, ""error"": 122.89415679999958}, {""pair"": [0, 4, 0, 8], ""acc"": 1.5, ""vel"": 3.06, ""pos"": 112.1, ""error"": 122.90685439999959}, {""pair"": [0, 4, 0, 8], ""acc"": 1.5, ""vel"": 3.06, ""pos"": 112.1, ""error"": 122.86177919999955}, {""pair"": [0, 4, 0, 8], ""acc"": 1.5, ""vel"": 3.06, ""pos"": 112.1, ""error"": 122.8871743999996}, {""pair"": [0, 4, 0, 8], ""acc"": 1.5, ""vel"": 3.06, ""pos"": 112.1, ""error"": 122.98145919999956}, {""pair"": [0, 4, 0, 8], ""acc"": 1.5, ""vel"": 3.06, ""pos"": 112.1, ""error"": 123.00685439999958}, {""pair"": [0, 4, 0, 8], ""acc"": 1.5, ""vel"": 3.06, ""pos"": 112.1, ""error"": 122.66876159999956}, {""pair"": [0, 4, 0, 8], ""acc"": 1.5, ""vel"": 3.06, ""pos"": 112.1, ""error"": 122.68145919999957}, {""pair"": [0, 4, 0, 8], ""acc"": 1.5, ""vel"": 3.06, ""pos"": 112.1, ""error"": 122.66177919999956}], [{""pair"": [0, 4, 1, 8], ""acc"": 1.3, ""vel"": 3.06, ""pos"": 1750.5, ""error"": 1761.2912991999995}, {""pair"": [0, 4, 1, 8], ""acc"": 1.3, ""vel"": 3.06, ""pos"": 1750.5, ""error"": 1761.2912991999995}, {""pair"": [0, 4, 1, 8], ""acc"": 1.3, ""vel"": 3.06, ""pos"": 1750.5, ""error"": 1761.2976479999995}, {""pair"": [0, 4, 1, 8], ""acc"": 1.3, ""vel"": 3.06, ""pos"": 1750.5, ""error"": 1761.2976479999995}, {""pair"": [0, 4, 1, 8], ""acc"": 1.3, ""vel"": 3.06, ""pos"": 1750.5, ""error"": 1761.2687615999996}, {""pair"": [0, 4, 1, 8], ""acc"": 1.3, ""vel"": 3.06, ""pos"": 1750.5, ""error"": 1761.2878079999996}, {""pair"": [0, 4, 1, 8], ""acc"": 1.3, ""vel"": 3.06, ""pos"": 1750.5, ""error"": 1761.2878079999996}, {""pair"": [0, 4, 1, 8], ""acc"": 1.3, ""vel"": 3.06, ""pos"": 1750.5, ""error"": 1761.2941567999994}, {""pair"": [0, 4, 1, 8], ""acc"": 1.3, ""vel"": 3.06, ""pos"": 1750.5, ""error"": 1761.3068543999996}, {""pair"": [0, 4, 1, 8], ""acc"": 1.3, ""vel"": 3.06, ""pos"": 1750.5, ""error"": 1761.2617791999994}, {""pair"": [0, 4, 1, 8], ""acc"": 1.3, ""vel"": 3.06, ""pos"": 1750.5, ""error"": 1761.2871743999997}, {""pair"": [0, 4, 1, 8], ""acc"": 1.3, ""vel"": 3.06, ""pos"": 1750.5, ""error"": 1761.3814591999994}, {""pair"": [0, 4, 1, 8], ""acc"": 1.3, ""vel"": 3.06, ""pos"": 1750.5, ""error"": 1761.4068543999997}, {""pair"": [0, 4, 1, 8], ""acc"": 1.3, ""vel"": 3.06, ""pos"": 1750.5, ""error"": 1761.0687615999996}, {""pair"": [0, 4, 1, 8], ""acc"": 1.3, ""vel"": 3.06, ""pos"": 1750.5, ""error"": 1761.0814591999995}, {""pair"": [0, 4, 1, 8], ""acc"": 1.3, ""vel"": 3.06, ""pos"": 1750.5, ""error"": 1761.0617791999996}], [{""pair"": [0, 4, 2, 8], ""acc"": 1.3, ""vel"": 3.06, ""pos"": 112.1, ""error"": 122.89129919999957}, {""pair"": [0, 4, 2, 8], ""acc"": 1.3, ""vel"": 3.06, ""pos"": 112.1, ""error"": 122.89129919999957}, {""pair"": [0, 4, 2, 8], ""acc"": 1.3, ""vel"": 3.06, ""pos"": 112.1, ""error"": 122.89764799999956}, {""pair"": [0, 4, 2, 8], ""acc"": 1.3, ""vel"": 3.06, ""pos"": 112.1, ""error"": 122.89764799999956}, {""pair"": [0, 4, 2, 8], ""acc"": 1.3, ""vel"": 3.06, ""pos"": 112.1, ""error"": 122.86876159999954}, {""pair"": [0, 4, 2, 8], ""acc"": 1.3, ""vel"": 3.06, ""pos"": 112.1, ""error"": 122.88780799999957}, {""pair"": [0, 4, 2, 8], ""acc"": 1.3, ""vel"": 3.06, ""pos"": 112.1, ""error"": 122.88780799999957}, {""pair"": [0, 4, 2, 8], ""acc"": 1.3, ""vel"": 3.06, ""pos"": 112.1, ""error"": 122.89415679999958}, {""pair"": [0, 4, 2, 8], ""acc"": 1.3, ""vel"": 3.06, ""pos"": 112.1, ""error"": 122.90685439999959}, {""pair"": [0, 4, 2, 8], ""acc"": 1.3, ""vel"": 3.06, ""pos"": 112.1, ""error"": 122.86177919999955}, {""pair"": [0, 4, 2, 8], ""acc"": 1.3, ""vel"": 3.06, ""pos"": 112.1, ""error"": 122.8871743999996}, {""pair"": [0, 4, 2, 8], ""acc"": 1.3, ""vel"": 3.06, ""pos"": 112.1, ""error"": 122.98145919999956}, {""pair"": [0, 4, 2, 8], ""acc"": 1.3, ""vel"": 3.06, ""pos"": 112.1, ""error"": 123.00685439999958}, {""pair"": [0, 4, 2, 8], ""acc"": 1.3, ""vel"": 3.06, ""pos"": 112.1, ""error"": 122.66876159999956}, {""pair"": [0, 4, 2, 8], ""acc"": 1.3, ""vel"": 3.06, ""pos"": 112.1, ""error"": 122.68145919999957}, {""pair"": [0, 4, 2, 8], ""acc"": 1.3, ""vel"": 3.06, ""pos"": 112.1, ""error"": 122.66177919999956}], [{""pair"": [1, 4, 0, 8], ""acc"": 1.5, ""vel"": 23.54, ""pos"": 9.7, ""error"": 0.036099199999512166}, {""pair"": [1, 4, 0, 8], ""acc"": 1.5, ""vel"": 23.54, ""pos"": 9.7, ""error"": 0.036099199999512166}, {""pair"": [1, 4, 0, 8], ""acc"": 1.5, ""vel"": 23.54, ""pos"": 9.7, ""error"": 0.02964799999950607}, {""pair"": [1, 4, 0, 8], ""acc"": 1.5, ""vel"": 23.54, ""pos"": 9.7, ""error"": 0.02964799999950607}, {""pair"": [1, 4, 0, 8], ""acc"": 1.5, ""vel"": 23.54, ""pos"": 9.7, ""error"": 0.0591615999995323}, {""pair"": [1, 4, 0, 8], ""acc"": 1.5, ""vel"": 23.54, ""pos"": 9.7, ""error"": 0.03980799999950868}, {""pair"": [1, 4, 0, 8], ""acc"": 1.5, ""vel"": 23.54, ""pos"": 9.7, ""error"": 0.03980799999950868}, {""pair"": [1, 4, 0, 8], ""acc"": 1.5, ""vel"": 23.54, ""pos"": 9.7, ""error"": 0.033356799999502584}, {""pair"": [1, 4, 0, 8], ""acc"": 1.5, ""vel"": 23.54, ""pos"": 9.7, ""error"": 0.02685439999959094}, {""pair"": [1, 4, 0, 8], ""acc"": 1.5, ""vel"": 23.54, ""pos"": 9.7, ""error"": 0.06657919999951467}, {""pair"": [1, 4, 0, 8], ""acc"": 1.5, ""vel"": 23.54, ""pos"": 9.7, ""error"": 0.040774399999484956}, {""pair"": [1, 4, 0, 8], ""acc"": 1.5, ""vel"": 23.54, ""pos"": 9.7, ""error"": 0.1462591999995162}, {""pair"": [1, 4, 0, 8], ""acc"": 1.5, ""vel"": 23.54, ""pos"": 9.7, ""error"": 0.12685439999959236}, {""pair"": [1, 4, 0, 8], ""acc"": 1.5, ""vel"": 23.54, ""pos"": 9.7, ""error"": 0.21123840000045213}, {""pair"": [1, 4, 0, 8], ""acc"": 1.5, ""vel"": 23.54, ""pos"": 9.7, ""error"": 0.19854080000043695}, {""pair"": [1, 4, 0, 8], ""acc"": 1.5, ""vel"": 23.54, ""pos"": 9.7, ""error"": 0.2182208000004362}], [{""pair"": [1, 4, 1, 8], ""acc"": 1.3, ""vel"": 23.54, ""pos"": 1648.1, ""error"": 1638.4360991999995}, {""pair"": [1, 4, 1, 8], ""acc"": 1.3, ""vel"": 23.54, ""pos"": 1648.1, ""error"": 1638.4360991999995}, {""pair"": [1, 4, 1, 8], ""acc"": 1.3, ""vel"": 23.54, ""pos"": 1648.1, ""error"": 1638.4296479999994}, {""pair"": [1, 4, 1, 8], ""acc"": 1.3, ""vel"": 23.54, ""pos"": 1648.1, ""error"": 1638.4296479999994}, {""pair"": [1, 4, 1, 8], ""acc"": 1.3, ""vel"": 23.54, ""pos"": 1648.1, ""error"": 1638.4591615999996}, {""pair"": [1, 4, 1, 8], ""acc"": 1.3, ""vel"": 23.54, ""pos"": 1648.1, ""error"": 1638.4398079999996}, {""pair"": [1, 4, 1, 8], ""acc"": 1.3, ""vel"": 23.54, ""pos"": 1648.1, ""error"": 1638.4398079999996}, {""pair"": [1, 4, 1, 8], ""acc"": 1.3, ""vel"": 23.54, ""pos"": 1648.1, ""error"": 1638.4333567999993}, {""pair"": [1, 4, 1, 8], ""acc"": 1.3, ""vel"": 23.54, ""pos"": 1648.1, ""error"": 1638.4268543999995}, {""pair"": [1, 4, 1, 8], ""acc"": 1.3, ""vel"": 23.54, ""pos"": 1648.1, ""error"": 1638.4665791999994}, {""pair"": [1, 4, 1, 8], ""acc"": 1.3, ""vel"": 23.54, ""pos"": 1648.1, ""error"": 1638.4407743999993}, {""pair"": [1, 4, 1, 8], ""acc"": 1.3, ""vel"": 23.54, ""pos"": 1648.1, ""error"": 1638.5462591999994}, {""pair"": [1, 4, 1, 8], ""acc"": 1.3, ""vel"": 23.54, ""pos"": 1648.1, ""error"": 1638.5268543999996}, {""pair"": [1, 4, 1, 8], ""acc"": 1.3, ""vel"": 23.54, ""pos"": 1648.1, ""error"": 1638.2591615999995}, {""pair"": [1, 4, 1, 8], ""acc"": 1.3, ""vel"": 23.54, ""pos"": 1648.1, ""error"": 1638.2462591999995}, {""pair"": [1, 4, 1, 8], ""acc"": 1.3, ""vel"": 23.54, ""pos"": 1648.1, ""error"": 1638.2665791999996}], [{""pair"": [1, 4, 2, 8], ""acc"": 1.3, ""vel"": 23.54, ""pos"": 9.7, ""error"": 0.036099199999512166}, {""pair"": [1, 4, 2, 8], ""acc"": 1.3, ""vel"": 23.54, ""pos"": 9.7, ""error"": 0.036099199999512166}, {""pair"": [1, 4, 2, 8], ""acc"": 1.3, ""vel"": 23.54, ""pos"": 9.7, ""error"": 0.02964799999950607}, {""pair"": [1, 4, 2, 8], ""acc"": 1.3, ""vel"": 23.54, ""pos"": 9.7, ""error"": 0.02964799999950607}, {""pair"": [1, 4, 2, 8], ""acc"": 1.3, ""vel"": 23.54, ""pos"": 9.7, ""error"": 0.0591615999995323}, {""pair"": [1, 4, 2, 8], ""acc"": 1.3, ""vel"": 23.54, ""pos"": 9.7, ""error"": 0.03980799999950868}, {""pair"": [1, 4, 2, 8], ""acc"": 1.3, ""vel"": 23.54, ""pos"": 9.7, ""error"": 0.03980799999950868}, {""pair"": [1, 4, 2, 8], ""acc"": 1.3, ""vel"": 23.54, ""pos"": 9.7, ""error"": 0.033356799999502584}, {""pair"": [1, 4, 2, 8], ""acc"": 1.3, ""vel"": 23.54, ""pos"": 9.7, ""error"": 0.02685439999959094}, {""pair"": [1, 4, 2, 8], ""acc"": 1.3, ""vel"": 23.54, ""pos"": 9.7, ""error"": 0.06657919999951467}, {""pair"": [1, 4, 2, 8], ""acc"": 1.3, ""vel"": 23.54, ""pos"": 9.7, ""error"": 0.040774399999484956}, {""pair"": [1, 4, 2, 8], ""acc"": 1.3, ""vel"": 23.54, ""pos"": 9.7, ""error"": 0.1462591999995162}, {""pair"": [1, 4, 2, 8], ""acc"": 1.3, ""vel"": 23.54, ""pos"": 9.7, ""error"": 0.12685439999959236}, {""pair"": [1, 4, 2, 8], ""acc"": 1.3, ""vel"": 23.54, ""pos"": 9.7, ""error"": 0.21123840000045213}, {""pair"": [1, 4, 2, 8], ""acc"": 1.3, ""vel"": 23.54, ""pos"": 9.7, ""error"": 0.19854080000043695}, {""pair"": [1, 4, 2, 8], ""acc"": 1.3, ""vel"": 23.54, ""pos"": 9.7, ""error"": 0.2182208000004362}], [{""pair"": [2, 4, 0, 8], ""acc"": 1.5, ""vel"": 23.54, ""pos"": 112.1, ""error"": 102.4360991999995}, {""pair"": [2, 4, 0, 8], ""acc"": 1.5, ""vel"": 23.54, ""pos"": 112.1, ""error"": 102.4360991999995}, {""pair"": [2, 4, 0, 8], ""acc"": 1.5, ""vel"": 23.54, ""pos"": 112.1, ""error"": 102.4296479999995}, {""pair"": [2, 4, 0, 8], ""acc"": 1.5, ""vel"": 23.54, ""pos"": 112.1, ""error"": 102.4296479999995}, {""pair"": [2, 4, 0, 8], ""acc"": 1.5, ""vel"": 23.54, ""pos"": 112.1, ""error"": 102.45916159999952}, {""pair"": [2, 4, 0, 8], ""acc"": 1.5, ""vel"": 23.54, ""pos"": 112.1, ""error"": 102.43980799999952}, {""pair"": [2, 4, 0, 8], ""acc"": 1.5, ""vel"": 23.54, ""pos"": 112.1, ""error"": 102.43980799999952}, {""pair"": [2, 4, 0, 8], ""acc"": 1.5, ""vel"": 23.54, ""pos"": 112.1, ""error"": 102.4333567999995}, {""pair"": [2, 4, 0, 8], ""acc"": 1.5, ""vel"": 23.54, ""pos"": 112.1, ""error"": 102.42685439999958}, {""pair"": [2, 4, 0, 8], ""acc"": 1.5, ""vel"": 23.54, ""pos"": 112.1, ""error"": 102.4665791999995}, {""pair"": [2, 4, 0, 8], ""acc"": 1.5, ""vel"": 23.54, ""pos"": 112.1, ""error"": 102.44077439999948}, {""pair"": [2, 4, 0, 8], ""acc"": 1.5, ""vel"": 23.54, ""pos"": 112.1, ""error"": 102.54625919999951}, {""pair"": [2, 4, 0, 8], ""acc"": 1.5, ""vel"": 23.54, ""pos"": 112.1, ""error"": 102.52685439999958}, {""pair"": [2, 4, 0, 8], ""acc"": 1.5, ""vel"": 23.54, ""pos"": 112.1, ""error"": 102.25916159999953}, {""pair"": [2, 4, 0, 8], ""acc"": 1.5, ""vel"": 23.54, ""pos"": 112.1, ""error"": 102.24625919999951}, {""pair"": [2, 4, 0, 8], ""acc"": 1.5, ""vel"": 23.54, ""pos"": 112.1, ""error"": 102.26657919999951}], [{""pair"": [2, 4, 1, 8], ""acc"": 1.3, ""vel"": 23.54, ""pos"": 1750.5, ""error"": 1740.8360991999996}, {""pair"": [2, 4, 1, 8], ""acc"": 1.3, ""vel"": 23.54, ""pos"": 1750.5, ""error"": 1740.8360991999996}, {""pair"": [2, 4, 1, 8], ""acc"": 1.3, ""vel"": 23.54, ""pos"": 1750.5, ""error"": 1740.8296479999995}, {""pair"": [2, 4, 1, 8], ""acc"": 1.3, ""vel"": 23.54, ""pos"": 1750.5, ""error"": 1740.8296479999995}, {""pair"": [2, 4, 1, 8], ""acc"": 1.3, ""vel"": 23.54, ""pos"": 1750.5, ""error"": 1740.8591615999997}, {""pair"": [2, 4, 1, 8], ""acc"": 1.3, ""vel"": 23.54, ""pos"": 1750.5, ""error"": 1740.8398079999997}, {""pair"": [2, 4, 1, 8], ""acc"": 1.3, ""vel"": 23.54, ""pos"": 1750.5, ""error"": 1740.8398079999997}, {""pair"": [2, 4, 1, 8], ""acc"": 1.3, ""vel"": 23.54, ""pos"": 1750.5, ""error"": 1740.8333567999994}, {""pair"": [2, 4, 1, 8], ""acc"": 1.3, ""vel"": 23.54, ""pos"": 1750.5, ""error"": 1740.8268543999995}, {""pair"": [2, 4, 1, 8], ""acc"": 1.3, ""vel"": 23.54, ""pos"": 1750.5, ""error"": 1740.8665791999995}, {""pair"": [2, 4, 1, 8], ""acc"": 1.3, ""vel"": 23.54, ""pos"": 1750.5, ""error"": 1740.8407743999994}, {""pair"": [2, 4, 1, 8], ""acc"": 1.3, ""vel"": 23.54, ""pos"": 1750.5, ""error"": 1740.9462591999995}, {""pair"": [2, 4, 1, 8], ""acc"": 1.3, ""vel"": 23.54, ""pos"": 1750.5, ""error"": 1740.9268543999997}, {""pair"": [2, 4, 1, 8], ""acc"": 1.3, ""vel"": 23.54, ""pos"": 1750.5, ""error"": 1740.6591615999996}, {""pair"": [2, 4, 1, 8], ""acc"": 1.3, ""vel"": 23.54, ""pos"": 1750.5, ""error"": 1740.6462591999996}, {""pair"": [2, 4, 1, 8], ""acc"": 1.3, ""vel"": 23.54, ""pos"": 1750.5, ""error"": 1740.6665791999997}], [{""pair"": [2, 4, 2, 8], ""acc"": 1.3, ""vel"": 23.54, ""pos"": 112.1, ""error"": 102.4360991999995}, {""pair"": [2, 4, 2, 8], ""acc"": 1.3, ""vel"": 23.54, ""pos"": 112.1, ""error"": 102.4360991999995}, {""pair"": [2, 4, 2, 8], ""acc"": 1.3, ""vel"": 23.54, ""pos"": 112.1, ""error"": 102.4296479999995}, {""pair"": [2, 4, 2, 8], ""acc"": 1.3, ""vel"": 23.54, ""pos"": 112.1, ""error"": 102.4296479999995}, {""pair"": [2, 4, 2, 8], ""acc"": 1.3, ""vel"": 23.54, ""pos"": 112.1, ""error"": 102.45916159999952}, {""pair"": [2, 4, 2, 8], ""acc"": 1.3, ""vel"": 23.54, ""pos"": 112.1, ""error"": 102.43980799999952}, {""pair"": [2, 4, 2, 8], ""acc"": 1.3, ""vel"": 23.54, ""pos"": 112.1, ""error"": 102.43980799999952}, {""pair"": [2, 4, 2, 8], ""acc"": 1.3, ""vel"": 23.54, ""pos"": 112.1, ""error"": 102.4333567999995}, {""pair"": [2, 4, 2, 8], ""acc"": 1.3, ""vel"": 23.54, ""pos"": 112.1, ""error"": 102.42685439999958}, {""pair"": [2, 4, 2, 8], ""acc"": 1.3, ""vel"": 23.54, ""pos"": 112.1, ""error"": 102.4665791999995}, {""pair"": [2, 4, 2, 8], ""acc"": 1.3, ""vel"": 23.54, ""pos"": 112.1, ""error"": 102.44077439999948}, {""pair"": [2, 4, 2, 8], ""acc"": 1.3, ""vel"": 23.54, ""pos"": 112.1, ""error"": 102.54625919999951}, {""pair"": [2, 4, 2, 8], ""acc"": 1.3, ""vel"": 23.54, ""pos"": 112.1, ""error"": 102.52685439999958}, {""pair"": [2, 4, 2, 8], ""acc"": 1.3, ""vel"": 23.54, ""pos"": 112.1, ""error"": 102.25916159999953}, {""pair"": [2, 4, 2, 8], ""acc"": 1.3, ""vel"": 23.54, ""pos"": 112.1, ""error"": 102.24625919999951}, {""pair"": [2, 4, 2, 8], ""acc"": 1.3, ""vel"": 23.54, ""pos"": 112.1, ""error"": 102.26657919999951}]]","[[[0, 4, 0, 8], [1.5, 3.06, 112.1], 122.66177919999956], [[0, 4, 1, 8], [1.3, 3.06, 1750.5], 1761.0617791999996], [[0, 4, 2, 8], [1.3, 3.06, 112.1], 122.66177919999956], [[1, 4, 0, 8], [1.5, 23.54, 9.7], 0.02685439999959094], [[1, 4, 1, 8], [1.3, 23.54, 1648.1], 1638.2462591999995], [[1, 4, 2, 8], [1.3, 23.54, 9.7], 0.02685439999959094], [[2, 4, 0, 8], [1.5, 23.54, 112.1], 102.24625919999951], [[2, 4, 1, 8], [1.3, 23.54, 1750.5], 1740.6462591999996], [[2, 4, 2, 8], [1.3, 23.54, 112.1], 102.24625919999951]]"
1.5,23.56,10.1,1.5,23.56,10.1,1.5,23.56,10.1,"[{""pair"": [3, 5, 2, 4], ""acc"": 1.5, ""vel"": 23.56, ""pos"": 10.1, ""error"": 0.0024678499998973535}, {""pair"": [3, 5, 0, 4], ""acc"": 1.5, ""vel"": 3.08, ""pos"": 10.1, ""error"": 20.4824678499999}]","[[3, 5, 2, 4], [3, 5, 0, 4]]","[[{""pair"": [3, 5, 0, 4], ""acc"": 1.5, ""vel"": 3.08, ""pos"": 10.1, ""error"": 20.4824678499999}, {""pair"": [3, 5, 0, 4], ""acc"": 1.5, ""vel"": 3.08, ""pos"": 10.1, ""error"": 20.485896749999895}, {""pair"": [3, 5, 0, 4], ""acc"": 1.5, ""vel"": 3.08, ""pos"": 10.1, ""error"": 122.8824678499999}, {""pair"": [3, 5, 0, 4], ""acc"": 1.5, ""vel"": 3.08, ""pos"": 10.1, ""error"": 122.88589674999992}, {""pair"": [3, 5, 0, 4], ""acc"": 1.5, ""vel"": 3.08, ""pos"": 10.1, ""error"": 102.05430784999999}, {""pair"": [3, 5, 0, 4], ""acc"": 1.5, ""vel"": 3.08, ""pos"": 10.1, ""error"": 102.05773674999999}, {""pair"": [3, 5, 0, 4], ""acc"": 1.5, ""vel"": 3.08, ""pos"": 10.1, ""error"": 1658.8824678499998}, {""pair"": [3, 5, 0, 4], ""acc"": 1.5, ""vel"": 3.08, ""pos"": 10.1, ""error"": 1761.2824678499999}, {""pair"": [3, 5, 0, 4], ""acc"": 1.5, ""vel"": 3.08, ""pos"": 10.1, ""error"": 1740.45430785}], [{""pair"": [3, 5, 2, 4], ""acc"": 1.5, ""vel"": 23.56, ""pos"": 10.1, ""error"": 0.0024678499998973535}, {""pair"": [3, 5, 2, 4], ""acc"": 1.5, ""vel"": 23.56, ""pos"": 10.1, ""error"": 0.005896749999896755}, {""pair"": [3, 5, 2, 4], ""acc"": 1.5, ""vel"": 23.56, ""pos"": 10.1, ""error"": 102.40246784999991}, {""pair"": [3, 5, 2, 4], ""acc"": 1.5, ""vel"": 23.56, ""pos"": 10.1, ""error"": 102.40589674999991}, {""pair"": [3, 5, 2, 4], ""acc"": 1.5, ""vel"": 23.56, ""pos"": 10.1, ""error"": 122.53010785}, {""pair"": [3, 5, 2, 4], ""acc"": 1.5, ""vel"": 23.56, ""pos"": 10.1, ""error"": 122.52673675}, {""pair"": [3, 5, 2, 4], ""acc"": 1.5, ""vel"": 23.56, ""pos"": 10.1, ""error"": 1638.4024678499998}, {""pair"": [3, 5, 2, 4], ""acc"": 1.5, ""vel"": 23.56, ""pos"": 10.1, ""error"": 1740.8024678499999}, {""pair"": [3, 5, 2, 4], ""acc"": 1.5, ""vel"": 23.56, ""pos"": 10.1, ""error"": 1760.9301078500002}]]","[[[3, 5, 0, 4], [1.5, 3.08, 10.1], 20.4824678499999], [[3, 5, 2, 4], [1.5, 23.56, 10.1], 0.0024678499998973535]]"
1.5,23.59,10.5,1.5,28.71,10.5,1.5,23.59,10.5,"[{""pair"": [3, 9, 0, 2], ""acc"": 1.5, ""vel"": 23.59, ""pos"": 10.5, ""error"": 0.005236749999911083}, {""pair"": [0, 2, 2, 9], ""acc"": 1.5, ""vel"": 23.59, ""pos"": 10.5, ""error"": 0.005236749999911083}]","[[3, 9, 0, 2], [0, 2, 2, 9]]","[[{""pair"": [3, 9, 0, 2], ""acc"": 1.5, ""vel"": 23.59, ""pos"": 10.5, ""error"": 0.005236749999911083}, {""pair"": [3, 9, 0, 2], ""acc"": 1.5, ""vel"": 23.59, ""pos"": 10.5, ""error"": 20.831923250000017}], [{""pair"": [0, 2, 2, 9], ""acc"": 1.5, ""vel"": 23.59, ""pos"": 10.5, ""error"": 0.005236749999911083}, {""pair"": [0, 2, 2, 9], ""acc"": 1.5, ""vel"": 23.59, ""pos"": 10.5, ""error"": 20.831923250000017}]]","[[[3, 9, 0, 2], [1.5, 23.59, 10.5], 0.005236749999911083], [[0, 2, 2, 9], [1.5, 23.59, 10.5], 0.005236749999911083]]"
1.4,23.61,10.9,-8.0,23.61,10.9,1.4,23.61,10.9,"[{""pair"": [0, 15, 0, 12], ""acc"": 1.4, ""vel"": 23.61, ""pos"": 10.9, ""error"": 0.02636800000082573}, {""pair"": [3, 12, 0, 15], ""acc"": 4.6, ""vel"": 23.61, ""pos"": 10.9, ""error"": 0.02636800000082573}, {""pair"": [0, 15, 1, 12], ""acc"": 4.6, ""vel"": 23.53, ""pos"": 10.9, ""error"": 0.10636800000082403}, {""pair"": [0, 15, 2, 12], ""acc"": 4.6, ""vel"": 23.61, ""pos"": 10.5, ""error"": 0.3816319999990636}]","[[0, 15, 0, 12], [3, 12, 0, 15], [0, 15, 1, 12], [0, 15, 2, 12]]","[[{""pair"": [3, 12, 0, 15], ""acc"": 4.6, ""vel"": 23.61, ""pos"": 10.9, ""error"": 0.02636800000082573}, {""pair"": [3, 12, 0, 15], ""acc"": 4.6, ""vel"": 23.61, ""pos"": 10.9, ""error"": 0.02636800000082573}], [{""pair"": [3, 12, 2, 15], ""acc"": -21.0, ""vel"": 23.61, ""pos"": 7.7, ""error"": 3.1816319999990634}, {""pair"": [3, 12, 2, 15], ""acc"": -21.0, ""vel"": 23.61, ""pos"": 7.7, ""error"": 3.1816319999990634}], [{""pair"": [0, 15, 0, 12], ""acc"": 1.4, ""vel"": 23.61, ""pos"": 10.9, ""error"": 0.02636800000082573}, {""pair"": [0, 15, 0, 12], ""acc"": 1.4, ""vel"": 23.61, ""pos"": 10.9, ""error"": 0.02636800000082573}], [{""pair"": [0, 15, 1, 12], ""acc"": 4.6, ""vel"": 23.53, ""pos"": 10.9, ""error"": 0.10636800000082403}, {""pair"": [0, 15, 1, 12], ""acc"": 4.6, ""vel"": 23.53, ""pos"": 10.9, ""error"": 0.10636800000082403}], [{""pair"": [0, 15, 2, 12], ""acc"": 4.6, ""vel"": 23.61, ""pos"": 10.5, ""error"": 0.3816319999990636}, {""pair"": [0, 15, 2, 12], ""acc"": 4.6, ""vel"": 23.61, ""pos"": 10.5, ""error"": 0.3816319999990636}], [{""pair"": [2, 15, 0, 12], ""acc"": -24.2, ""vel"": 23.61, ""pos"": 7.7, ""error"": 3.1816319999990634}, {""pair"": [2, 15, 0, 12], ""acc"": -24.2, ""vel"": 23.61, ""pos"": 7.7, ""error"": 3.1816319999990634}], [{""pair"": [2, 15, 1, 12], ""acc"": -21.0, ""vel"": 23.53, ""pos"": 7.7, ""error"": 3.2616319999990617}, {""pair"": [2, 15, 1, 12], ""acc"": -21.0, ""vel"": 23.53, ""pos"": 7.7, ""error"": 3.2616319999990617}], [{""pair"": [2, 15, 2, 12], ""acc"": -21.0, ""vel"": 23.61, ""pos"": 7.3, ""error"": 3.581631999999064}, {""pair"": [2, 15, 2, 12], ""acc"": -21.0, ""vel"": 23.61, ""pos"": 7.3, ""error"": 3.581631999999064}]]","[[[3, 12, 0, 15], [4.6, 23.61, 10.9], 0.02636800000082573], [[3, 12, 2, 15], [-21.0, 23.61, 7.7], 3.1816319999990634], [[0, 15, 0, 12], [1.4, 23.61, 10.9], 0.02636800000082573], [[0, 15, 1, 12], [4.6, 23.53, 10.9], 0.10636800000082403], [[0, 15, 2, 12], [4.6, 23.61, 10.5], 0.3816319999990636], [[2, 15, 0, 12], [-24.2, 23.61, 7.7], 3.1816319999990634], [[2, 15, 1, 12], [-21.0, 23.53, 7.7], 3.2616319999990617], [[2, 15, 2, 12], [-21.0, 23.61, 7.3], 3.581631999999064]]"
1.4,23.63,11.2,0.6,23.63,12.0,0.6,23.63,11.3,"[{""pair"": [2, 13, 2, 10], ""acc"": 0.6, ""vel"": 23.63, ""pos"": 11.3, ""error"": 0.005372299999898189}, {""pair"": [2, 13, 0, 10], ""acc"": 1.4, ""vel"": 23.63, ""pos"": 11.2, ""error"": 0.10537229999989961}, {""pair"": [1, 13, 0, 10], ""acc"": 1.4, ""vel"": 23.47, ""pos"": 12.0, ""error"": 0.8375253000000793}, {""pair"": [1, 13, 2, 10], ""acc"": 0.6, ""vel"": 23.47, ""pos"": 12.1, ""error"": 0.9375253000000789}]","[[2, 13, 2, 10], [2, 13, 0, 10], [1, 13, 0, 10], [1, 13, 2, 10]]","[[{""pair"": [1, 13, 0, 10], ""acc"": 1.4, ""vel"": 23.47, ""pos"": 12.0, ""error"": 0.8622277000000906}, {""pair"": [1, 13, 0, 10], ""acc"": 1.4, ""vel"": 23.47, ""pos"": 12.0, ""error"": 0.9161653000000776}, {""pair"": [1, 13, 0, 10], ""acc"": 1.4, ""vel"": 23.47, ""pos"": 12.0, ""error"": 0.8375253000000793}, {""pair"": [1, 13, 0, 10], ""acc"": 1.4, ""vel"": 23.47, ""pos"": 12.0, ""error"": 1.316165300000078}], [{""pair"": [1, 13, 2, 10], ""acc"": 0.6, ""vel"": 23.47, ""pos"": 12.1, ""error"": 0.9622277000000903}, {""pair"": [1, 13, 2, 10], ""acc"": 0.6, ""vel"": 23.47, ""pos"": 12.1, ""error"": 1.0161653000000772}, {""pair"": [1, 13, 2, 10], ""acc"": 0.6, ""vel"": 23.47, ""pos"": 12.1, ""error"": 0.9375253000000789}, {""pair"": [1, 13, 2, 10], ""acc"": 0.6, ""vel"": 23.47, ""pos"": 12.1, ""error"": 1.4161653000000776}], [{""pair"": [2, 13, 0, 10], ""acc"": 1.4, ""vel"": 23.63, ""pos"": 11.2, ""error"": 0.10537229999989961}, {""pair"": [2, 13, 0, 10], ""acc"": 1.4, ""vel"": 23.63, ""pos"": 11.2, ""error"": 0.1602346999998865}, {""pair"": [2, 13, 0, 10], ""acc"": 1.4, ""vel"": 23.63, ""pos"": 11.2, ""error"": 0.12247469999992155}, {""pair"": [2, 13, 0, 10], ""acc"": 1.4, ""vel"": 23.63, ""pos"": 11.2, ""error"": 0.35616530000007707}], [{""pair"": [2, 13, 2, 10], ""acc"": 0.6, ""vel"": 23.63, ""pos"": 11.3, ""error"": 0.005372299999898189}, {""pair"": [2, 13, 2, 10], ""acc"": 0.6, ""vel"": 23.63, ""pos"": 11.3, ""error"": 0.060234699999885066}, {""pair"": [2, 13, 2, 10], ""acc"": 0.6, ""vel"": 23.63, ""pos"": 11.3, ""error"": 0.022474699999920134}, {""pair"": [2, 13, 2, 10], ""acc"": 0.6, ""vel"": 23.63, ""pos"": 11.3, ""error"": 0.4561653000000785}]]","[[[1, 13, 0, 10], [1.4, 23.47, 12.0], 0.8375253000000793], [[1, 13, 2, 10], [0.6, 23.47, 12.1], 0.9375253000000789], [[2, 13, 0, 10], [1.4, 23.63, 11.2], 0.10537229999989961], [[2, 13, 2, 10], [0.6, 23.63, 11.3], 0.005372299999898189]]"
1.4,23.65,11.6,3.0,23.57,11.6,3.0,23.59,11.7,"[{""pair"": [1, 10, 2, 10], ""acc"": 3.0, ""vel"": 23.59, ""pos"": 11.7, ""error"": 0.3667523000003854}, {""pair"": [2, 10, 1, 10], ""acc"": 3.0, ""vel"": 23.59, ""pos"": 11.7, ""error"": 0.3667523000003854}, {""pair"": [3, 10, 2, 10], ""acc"": 3.0, ""vel"": 23.57, ""pos"": 11.7, ""error"": 0.38675230000038496}, {""pair"": [0, 11, 1, 12], ""acc"": 1.4, ""vel"": 23.65, ""pos"": 11.6, ""error"": 0.4067523000003863}, {""pair"": [1, 11, 1, 12], ""acc"": 3.0, ""vel"": 23.61, ""pos"": 11.6, ""error"": 0.44675230000038546}, {""pair"": [3, 10, 1, 10], ""acc"": 3.0, ""vel"": 23.59, ""pos"": 11.6, ""error"": 0.46675230000038503}, {""pair"": [0, 11, 0, 12], ""acc"": 4.6, ""vel"": 23.57, ""pos"": 11.6, ""error"": 0.4867523000003846}, {""pair"": [1, 11, 0, 12], ""acc"": 6.2, ""vel"": 23.53, ""pos"": 11.6, ""error"": 0.5267523000003838}]","[[1, 10, 2, 10], [2, 10, 1, 10], [3, 10, 2, 10], [0, 11, 1, 12], [1, 11, 1, 12], [3, 10, 1, 10], [0, 11, 0, 12], [1, 11, 0, 12]]","[[{""pair"": [3, 10, 1, 10], ""acc"": 3.0, ""vel"": 23.59, ""pos"": 11.6, ""error"": 0.5399167000003775}, {""pair"": [3, 10, 1, 10], ""acc"": 3.0, ""vel"": 23.59, ""pos"": 11.6, ""error"": 0.46675230000038503}, {""pair"": [3, 10, 1, 10], ""acc"": 3.0, ""vel"": 23.59, ""pos"": 11.6, ""error"": 1.2490723000003445}, {""pair"": [3, 10, 1, 10], ""acc"": 3.0, ""vel"": 23.59, ""pos"": 11.6, ""error"": 1.3750367000003543}], [{""pair"": [3, 10, 2, 10], ""acc"": 3.0, ""vel"": 23.57, ""pos"": 11.7, ""error"": 0.45991670000037743}, {""pair"": [3, 10, 2, 10], ""acc"": 3.0, ""vel"": 23.57, ""pos"": 11.7, ""error"": 0.38675230000038496}, {""pair"": [3, 10, 2, 10], ""acc"": 3.0, ""vel"": 23.57, ""pos"": 11.7, ""error"": 1.1290723000003453}, {""pair"": [3, 10, 2, 10], ""acc"": 3.0, ""vel"": 23.57, ""pos"": 11.7, ""error"": 1.255036700000355}], [{""pair"": [0, 11, 0, 12], ""acc"": 4.6, ""vel"": 23.57, ""pos"": 11.6, ""error"": 0.5599167000003771}, {""pair"": [0, 11, 0, 12], ""acc"": 4.6, ""vel"": 23.57, ""pos"": 11.6, ""error"": 0.4867523000003846}, {""pair"": [0, 11, 0, 12], ""acc"": 4.6, ""vel"": 23.57, ""pos"": 11.6, ""error"": 1.229072300000345}, {""pair"": [0, 11, 0, 12], ""acc"": 4.6, ""vel"": 23.57, ""pos"": 11.6, ""error"": 1.3550367000003547}], [{""pair"": [0, 11, 1, 12], ""acc"": 1.4, ""vel"": 23.65, ""pos"": 11.6, ""error"": 0.48031670000035653}, {""pair"": [0, 11, 1, 12], ""acc"": 1.4, ""vel"": 23.65, ""pos"": 11.6, ""error"": 0.4067523000003863}, {""pair"": [0, 11, 1, 12], ""acc"": 1.4, ""vel"": 23.65, ""pos"": 11.6, ""error"": 1.3090723000003432}, {""pair"": [0, 11, 1, 12], ""acc"": 1.4, ""vel"": 23.65, ""pos"": 11.6, ""error"": 1.435036700000353}], [{""pair"": [1, 11, 0, 12], ""acc"": 6.2, ""vel"": 23.53, ""pos"": 11.6, ""error"": 0.5999167000003762}, {""pair"": [1, 11, 0, 12], ""acc"": 6.2, ""vel"": 23.53, ""pos"": 11.6, ""error"": 0.5267523000003838}, {""pair"": [1, 11, 0, 12], ""acc"": 6.2, ""vel"": 23.53, ""pos"": 11.6, ""error"": 1.1890723000003458}, {""pair"": [1, 11, 0, 12], ""acc"": 6.2, ""vel"": 23.53, ""pos"": 11.6, ""error"": 1.3150367000003556}], [{""pair"": [1, 11, 1, 12], ""acc"": 3.0, ""vel"": 23.61, ""pos"": 11.6, ""error"": 0.5199167000003779}, {""pair"": [1, 11, 1, 12], ""acc"": 3.0, ""vel"": 23.61, ""pos"": 11.6, ""error"": 0.44675230000038546}, {""pair"": [1, 11, 1, 12], ""acc"": 3.0, ""vel"": 23.61, ""pos"": 11.6, ""error"": 1.269072300000344}, {""pair"": [1, 11, 1, 12], ""acc"": 3.0, ""vel"": 23.61, ""pos"": 11.6, ""error"": 1.3950367000003538}], [{""pair"": [1, 10, 2, 10], ""acc"": 3.0, ""vel"": 23.59, ""pos"": 11.7, ""error"": 0.43991670000037786}, {""pair"": [1, 10, 2, 10], ""acc"": 3.0, ""vel"": 23.59, ""pos"": 11.7, ""error"": 0.3667523000003854}, {""pair"": [1, 10, 2, 10], ""acc"": 3.0, ""vel"": 23.59, ""pos"": 11.7, ""error"": 1.1490723000003449}, {""pair"": [1, 10, 2, 10], ""acc"": 3.0, ""vel"": 23.59, ""pos"": 11.7, ""error"": 1.2750367000003546}], [{""pair"": [2, 10, 1, 10], ""acc"": 3.0, ""vel"": 23.59, ""pos"": 11.7, ""error"": 0.43991670000037786}, {""pair"": [2, 10, 1, 10], ""acc"": 3.0, ""vel"": 23.59, ""pos"": 11.7, ""error"": 0.3667523000003854}, {""pair"": [2, 10, 1, 10], ""acc"": 3.0, ""vel"": 23.59, ""pos"": 11.7, ""error"": 1.1490723000003449}, {""pair"": [2, 10, 1, 10], ""acc"": 3.0, ""vel"": 23.59, ""pos"": 11.7, ""error"": 1.2750367000003546}]]","[[[3, 10, 1, 10], [3.0, 23.59, 11.6], 0.46675230000038503], [[3, 10, 2, 10], [3.0, 23.57, 11.7], 0.38675230000038496], [[0, 11, 0, 12], [4.6, 23.57, 11.6], 0.4867523000003846], [[0, 11, 1, 12], [1.4, 23.65, 11.6], 0.4067523000003863], [[1, 11, 0, 12], [6.2, 23.53, 11.6], 0.5267523000003838], [[1, 11, 1, 12], [3.0, 23.61, 11.6], 0.44675230000038546], [[1, 10, 2, 10], [3.0, 23.59, 11.7], 0.3667523000003854], [[2, 10, 1, 10], [3.0, 23.59, 11.7], 0.3667523000003854]]"
1.3,23.7,12.4,0.9,23.7,12.4,0.9,23.71,12.4,"[{""pair"": [3, 2, 1, 9], ""acc"": 0.9, ""vel"": 23.71, ""pos"": 12.4, ""error"": 0.006473999999778712}, {""pair"": [3, 2, 2, 9], ""acc"": 0.9, ""vel"": 23.7, ""pos"": 12.4, ""error"": 0.00730919999981694}, {""pair"": [3, 2, 0, 9], ""acc"": 1.3, ""vel"": 23.7, ""pos"": 12.4, ""error"": 0.00730919999981694}, {""pair"": [0, 2, 2, 9], ""acc"": 0.9, ""vel"": 28.82, ""pos"": 12.4, ""error"": 5.082803599999856}, {""pair"": [0, 2, 0, 9], ""acc"": 1.3, ""vel"": 28.82, ""pos"": 12.4, ""error"": 5.082803599999856}, {""pair"": [0, 2, 1, 9], ""acc"": 0.9, ""vel"": 28.83, ""pos"": 12.4, ""error"": 5.092803599999854}, {""pair"": [1, 2, 2, 9], ""acc"": 0.9, ""vel"": 23.7, ""pos"": 38.0, ""error"": 25.504206000000217}, {""pair"": [1, 2, 0, 9], ""acc"": 1.3, ""vel"": 23.7, ""pos"": 38.0, ""error"": 25.504206000000217}, {""pair"": [1, 2, 1, 9], ""acc"": 0.9, ""vel"": 23.71, ""pos"": 38.0, ""error"": 25.514206000000218}]","[[3, 2, 1, 9], [3, 2, 2, 9], [3, 2, 0, 9], [0, 2, 2, 9], [0, 2, 0, 9], [0, 2, 1, 9], [1, 2, 2, 9], [1, 2, 0, 9], [1, 2, 1, 9]]","[[{""pair"": [3, 2, 0, 9], ""acc"": 1.3, ""vel"": 23.7, ""pos"": 12.4, ""error"": 0.1117939999998292}, {""pair"": [3, 2, 0, 9], ""acc"": 1.3, ""vel"": 23.7, ""pos"": 12.4, ""error"": 0.1117939999998292}, {""pair"": [3, 2, 0, 9], ""acc"": 1.3, ""vel"": 23.7, ""pos"": 12.4, ""error"": 0.13111399999982787}, {""pair"": [3, 2, 0, 9], ""acc"": 1.3, ""vel"": 23.7, ""pos"": 12.4, ""error"": 0.00730919999981694}, {""pair"": [3, 2, 0, 9], ""acc"": 1.3, ""vel"": 23.7, ""pos"": 12.4, ""error"": 0.016473999999780276}, {""pair"": [3, 2, 0, 9], ""acc"": 1.3, ""vel"": 23.7, ""pos"": 12.4, ""error"": 0.011793999999829552}, {""pair"": [3, 2, 0, 9], ""acc"": 1.3, ""vel"": 23.7, ""pos"": 12.4, ""error"": 0.03043879999976795}, {""pair"": [3, 2, 0, 9], ""acc"": 1.3, ""vel"": 23.7, ""pos"": 12.4, ""error"": 0.044403599999757404}], [{""pair"": [3, 2, 1, 9], ""acc"": 0.9, ""vel"": 23.71, ""pos"": 12.4, ""error"": 0.12179399999983076}, {""pair"": [3, 2, 1, 9], ""acc"": 0.9, ""vel"": 23.71, ""pos"": 12.4, ""error"": 0.12179399999983076}, {""pair"": [3, 2, 1, 9], ""acc"": 0.9, ""vel"": 23.71, ""pos"": 12.4, ""error"": 0.14111399999982943}, {""pair"": [3, 2, 1, 9], ""acc"": 0.9, ""vel"": 23.71, ""pos"": 12.4, ""error"": 0.017309199999818503}, {""pair"": [3, 2, 1, 9], ""acc"": 0.9, ""vel"": 23.71, ""pos"": 12.4, ""error"": 0.006473999999778712}, {""pair"": [3, 2, 1, 9], ""acc"": 0.9, ""vel"": 23.71, ""pos"": 12.4, ""error"": 0.021793999999831115}, {""pair"": [3, 2, 1, 9], ""acc"": 0.9, ""vel"": 23.71, ""pos"": 12.4, ""error"": 0.02043879999976639}, {""pair"": [3, 2, 1, 9], ""acc"": 0.9, ""vel"": 23.71, ""pos"": 12.4, ""error"": 0.03440359999975584}], [{""pair"": [3, 2, 2, 9], ""acc"": 0.9, ""vel"": 23.7, ""pos"": 12.4, ""error"": 0.1117939999998292}, {""pair"": [3, 2, 2, 9], ""acc"": 0.9, ""vel"": 23.7, ""pos"": 12.4, ""error"": 0.1117939999998292}, {""pair"": [3, 2, 2, 9], ""acc"": 0.9, ""vel"": 23.7, ""pos"": 12.4, ""error"": 0.13111399999982787}, {""pair"": [3, 2, 2, 9], ""acc"": 0.9, ""vel"": 23.7, ""pos"": 12.4, ""error"": 0.00730919999981694}, {""pair"": [3, 2, 2, 9], ""acc"": 0.9, ""vel"": 23.7, ""pos"": 12.4, ""error"": 0.016473999999780276}, {""pair"": [3, 2, 2, 9], ""acc"": 0.9, ""vel"": 23.7, ""pos"": 12.4, ""error"": 0.011793999999829552}, {""pair"": [3, 2, 2, 9], ""acc"": 0.9, ""vel"": 23.7, ""pos"": 12.4, ""error"": 0.03043879999976795}, {""pair"": [3, 2, 2, 9], ""acc"": 0.9, ""vel"": 23.7, ""pos"": 12.4, ""error"": 0.044403599999757404}], [{""pair"": [0, 2, 0, 9], ""acc"": 1.3, ""vel"": 28.82, ""pos"": 12.4, ""error"": 5.23179399999983}, {""pair"": [0, 2, 0, 9], ""acc"": 1.3, ""vel"": 28.82, ""pos"": 12.4, ""error"": 5.23179399999983}, {""pair"": [0, 2, 0, 9], ""acc"": 1.3, ""vel"": 28.82, ""pos"": 12.4, ""error"": 5.251113999999829}, {""pair"": [0, 2, 0, 9], ""acc"": 1.3, ""vel"": 28.82, ""pos"": 12.4, ""error"": 5.127309199999818}, {""pair"": [0, 2, 0, 9], ""acc"": 1.3, ""vel"": 28.82, ""pos"": 12.4, ""error"": 5.11247399999983}, {""pair"": [0, 2, 0, 9], ""acc"": 1.3, ""vel"": 28.82, ""pos"": 12.4, ""error"": 5.1317939999998305}, {""pair"": [0, 2, 0, 9], ""acc"": 1.3, ""vel"": 28.82, ""pos"": 12.4, ""error"": 5.097638799999842}, {""pair"": [0, 2, 0, 9], ""acc"": 1.3, ""vel"": 28.82, ""pos"": 12.4, ""error"": 5.082803599999856}], [{""pair"": [0, 2, 1, 9], ""acc"": 0.9, ""vel"": 28.83, ""pos"": 12.4, ""error"": 5.241793999999828}, {""pair"": [0, 2, 1, 9], ""acc"": 0.9, ""vel"": 28.83, ""pos"": 12.4, ""error"": 5.241793999999828}, {""pair"": [0, 2, 1, 9], ""acc"": 0.9, ""vel"": 28.83, ""pos"": 12.4, ""error"": 5.261113999999827}, {""pair"": [0, 2, 1, 9], ""acc"": 0.9, ""vel"": 28.83, ""pos"": 12.4, ""error"": 5.137309199999816}, {""pair"": [0, 2, 1, 9], ""acc"": 0.9, ""vel"": 28.83, ""pos"": 12.4, ""error"": 5.122473999999828}, {""pair"": [0, 2, 1, 9], ""acc"": 0.9, ""vel"": 28.83, ""pos"": 12.4, ""error"": 5.141793999999829}, {""pair"": [0, 2, 1, 9], ""acc"": 0.9, ""vel"": 28.83, ""pos"": 12.4, ""error"": 5.10763879999984}, {""pair"": [0, 2, 1, 9], ""acc"": 0.9, ""vel"": 28.83, ""pos"": 12.4, ""error"": 5.092803599999854}], [{""pair"": [0, 2, 2, 9], ""acc"": 0.9, ""vel"": 28.82, ""pos"": 12.4, ""error"": 5.23179399999983}, {""pair"": [0, 2, 2, 9], ""acc"": 0.9, ""vel"": 28.82, ""pos"": 12.4, ""error"": 5.23179399999983}, {""pair"": [0, 2, 2, 9], ""acc"": 0.9, ""vel"": 28.82, ""pos"": 12.4, ""error"": 5.251113999999829}, {""pair"": [0, 2, 2, 9], ""acc"": 0.9, ""vel"": 28.82, ""pos"": 12.4, ""error"": 5.127309199999818}, {""pair"": [0, 2, 2, 9], ""acc"": 0.9, ""vel"": 28.82, ""pos"": 12.4, ""error"": 5.11247399999983}, {""pair"": [0, 2, 2, 9], ""acc"": 0.9, ""vel"": 28.82, ""pos"": 12.4, ""error"": 5.1317939999998305}, {""pair"": [0, 2, 2, 9], ""acc"": 0.9, ""vel"": 28.82, ""pos"": 12.4, ""error"": 5.097638799999842}, {""pair"": [0, 2, 2, 9], ""acc"": 0.9, ""vel"": 28.82, ""pos"": 12.4, ""error"": 5.082803599999856}], [{""pair"": [1, 2, 0, 9], ""acc"": 1.3, ""vel"": 23.7, ""pos"": 38.0, ""error"": 25.504206000000217}, {""pair"": [1, 2, 0, 9], ""acc"": 1.3, ""vel"": 23.7, ""pos"": 38.0, ""error"": 25.504206000000217}, {""pair"": [1, 2, 0, 9], ""acc"": 1.3, ""vel"": 23.7, ""pos"": 38.0, ""error"": 25.52488600000022}, {""pair"": [1, 2, 0, 9], ""acc"": 1.3, ""vel"": 23.7, ""pos"": 38.0, ""error"": 25.597490800000205}, {""pair"": [1, 2, 0, 9], ""acc"": 1.3, ""vel"": 23.7, ""pos"": 38.0, ""error"": 25.60752600000017}, {""pair"": [1, 2, 0, 9], ""acc"": 1.3, ""vel"": 23.7, ""pos"": 38.0, ""error"": 25.604206000000218}, {""pair"": [1, 2, 0, 9], ""acc"": 1.3, ""vel"": 23.7, ""pos"": 38.0, ""error"": 25.62236120000016}, {""pair"": [1, 2, 0, 9], ""acc"": 1.3, ""vel"": 23.7, ""pos"": 38.0, ""error"": 25.637196400000146}], [{""pair"": [1, 2, 1, 9], ""acc"": 0.9, ""vel"": 23.71, ""pos"": 38.0, ""error"": 25.514206000000218}, {""pair"": [1, 2, 1, 9], ""acc"": 0.9, ""vel"": 23.71, ""pos"": 38.0, ""error"": 25.514206000000218}, {""pair"": [1, 2, 1, 9], ""acc"": 0.9, ""vel"": 23.71, ""pos"": 38.0, ""error"": 25.53488600000022}, {""pair"": [1, 2, 1, 9], ""acc"": 0.9, ""vel"": 23.71, ""pos"": 38.0, ""error"": 25.607490800000207}, {""pair"": [1, 2, 1, 9], ""acc"": 0.9, ""vel"": 23.71, ""pos"": 38.0, ""error"": 25.59752600000017}, {""pair"": [1, 2, 1, 9], ""acc"": 0.9, ""vel"": 23.71, ""pos"": 38.0, ""error"": 25.61420600000022}, {""pair"": [1, 2, 1, 9], ""acc"": 0.9, ""vel"": 23.71, ""pos"": 38.0, ""error"": 25.61236120000016}, {""pair"": [1, 2, 1, 9], ""acc"": 0.9, ""vel"": 23.71, ""pos"": 38.0, ""error"": 25.627196400000145}], [{""pair"": [1, 2, 2, 9], ""acc"": 0.9, ""vel"": 23.7, ""pos"": 38.0, ""error"": 25.504206000000217}, {""pair"": [1, 2, 2, 9], ""acc"": 0.9, ""vel"": 23.7, ""pos"": 38.0, ""error"": 25.504206000000217}, {""pair"": [1, 2, 2, 9], ""acc"": 0.9, ""vel"": 23.7, ""pos"": 38.0, ""error"": 25.52488600000022}, {""pair"": [1, 2, 2, 9], ""acc"": 0.9, ""vel"": 23.7, ""pos"": 38.0, ""error"": 25.597490800000205}, {""pair"": [1, 2, 2, 9], ""acc"": 0.9, ""vel"": 23.7, ""pos"": 38.0, ""error"": 25.60752600000017}, {""pair"": [1, 2, 2, 9], ""acc"": 0.9, ""vel"": 23.7, ""pos"": 38.0, ""error"": 25.604206000000218}, {""pair"": [1, 2, 2, 9], ""acc"": 0.9, ""vel"": 23.7, ""pos"": 38.0, ""error"": 25.62236120000016}, {""pair"": [1, 2, 2, 9], ""acc"": 0.9, ""vel"": 23.7, ""pos"": 38.0, ""error"": 25.637196400000146}]]","[[[3, 2, 0, 9], [1.3, 23.7, 12.4], 0.00730919999981694], [[3, 2, 1, 9], [0.9, 23.71, 12.4], 0.006473999999778712], [[3, 2, 2, 9], [0.9, 23.7, 12.4], 0.00730919999981694], [[0, 2, 0, 9], [1.3, 28.82, 12.4], 5.082803599999856], [[0, 2, 1, 9], [0.9, 28.83, 12.4], 5.092803599999854], [[0, 2, 2, 9], [0.9, 28.82, 12.4], 5.082803599999856], [[1, 2, 0, 9], [1.3, 23.7, 38.0], 25.504206000000217], [[1, 2, 1, 9], [0.9, 23.71, 38.0], 25.514206000000218], [[1, 2, 2, 9], [0.9, 23.7, 38.0], 25.504206000000217]]"
1.3,23.74,13.2,1.3,23.74,13.2,1.3,23.74,13.2,"[{""pair"": [3, 13, 2, 1], ""acc"": 1.3, ""vel"": 23.74, ""pos"": 13.2, ""error"": 0.4361247999995168}]","[[3, 13, 2, 1]]","[[{""pair"": [3, 13, 2, 1], ""acc"": 1.3, ""vel"": 23.74, ""pos"": 13.2, ""error"": 0.4361247999995168}, {""pair"": [3, 13, 2, 1], ""acc"": 1.3, ""vel"": 23.74, ""pos"": 13.2, ""error"": 0.4462847999995194}, {""pair"": [3, 13, 2, 1], ""acc"": 1.3, ""vel"": 23.74, ""pos"": 13.2, ""error"": 0.439833599999508}, {""pair"": [3, 13, 2, 1], ""acc"": 1.3, ""vel"": 23.74, ""pos"": 13.2, ""error"": 5.433164799999453}, {""pair"": [3, 13, 2, 1], ""acc"": 1.3, ""vel"": 23.74, ""pos"": 13.2, ""error"": 5.4395135999994615}, {""pair"": [3, 13, 2, 1], ""acc"": 1.3, ""vel"": 23.74, ""pos"": 13.2, ""error"": 5.443004799999452}, {""pair"": [3, 13, 2, 1], ""acc"": 1.3, ""vel"": 23.74, ""pos"": 13.2, ""error"": 25.204915200000453}, {""pair"": [3, 13, 2, 1], ""acc"": 1.3, ""vel"": 23.74, ""pos"": 13.2, ""error"": 25.198566400000438}, {""pair"": [3, 13, 2, 1], ""acc"": 1.3, ""vel"": 23.74, ""pos"": 13.2, ""error"": 25.195075200000446}]]","[[[3, 13, 2, 1], [1.3, 23.74, 13.2], 0.4361247999995168]]"
1.3,23.77,13.6,1.3,23.77,13.6,0.5,23.77,13.6,"[{""pair"": [3, 14, 0, 10], ""acc"": 0.5, ""vel"": 23.77, ""pos"": 13.6, ""error"": 0.011667849999907887}]","[[3, 14, 0, 10]]","[[{""pair"": [3, 14, 0, 10], ""acc"": 0.5, ""vel"": 23.77, ""pos"": 13.6, ""error"": 0.011667849999907887}]]","[[[3, 14, 0, 10], [0.5, 23.77, 13.6], 0.011667849999907887]]"
1.3,23.79,14.0,1.3,23.79,14.0,1.3,23.79,14.0,"[{""pair"": [3, 12, 2, 1], ""acc"": 1.3, ""vel"": 23.79, ""pos"": 14.0, ""error"": 0.015662249999904176}, {""pair"": [3, 1, 0, 12], ""acc"": 4.5, ""vel"": 23.79, ""pos"": 14.0, ""error"": 0.015662249999904176}, {""pair"": [2, 1, 0, 12], ""acc"": 4.5, ""vel"": 23.79, ""pos"": 14.0, ""error"": 0.015662249999904176}]","[[3, 12, 2, 1], [3, 1, 0, 12], [2, 1, 0, 12]]","[[{""pair"": [3, 1, 0, 12], ""acc"": 4.5, ""vel"": 23.79, ""pos"": 14.0, ""error"": 0.015662249999904176}], [{""pair"": [3, 12, 2, 1], ""acc"": 1.3, ""vel"": 23.79, ""pos"": 14.0, ""error"": 0.015662249999904176}], [{""pair"": [2, 1, 0, 12], ""acc"": 4.5, ""vel"": 23.79, ""pos"": 14.0, ""error"": 0.015662249999904176}]]","[[[3, 1, 0, 12], [4.5, 23.79, 14.0], 0.015662249999904176], [[3, 12, 2, 1], [1.3, 23.79, 14.0], 0.015662249999904176], [[2, 1, 0, 12], [4.5, 23.79, 14.0], 0.015662249999904176]]"
1.3,23.81,14.4,1.3,23.97,14.4,0.9,23.81,14.4,"[{""pair"": [1, 13, 0, 9], ""acc"": 0.9, ""vel"": 23.81, ""pos"": 14.4, ""error"": 0.01999359999956063}, {""pair"": [1, 13, 2, 9], ""acc"": 1.3, ""vel"": 23.81, ""pos"": 14.4, ""error"": 0.01999359999956063}, {""pair"": [1, 13, 1, 9], ""acc"": 1.3, ""vel"": 23.8, ""pos"": 14.4, ""error"": 0.02999359999955864}, {""pair"": [3, 13, 1, 9], ""acc"": 1.3, ""vel"": 23.96, ""pos"": 14.4, ""error"": 0.11678399999944844}, {""pair"": [3, 13, 0, 9], ""acc"": 0.9, ""vel"": 23.97, ""pos"": 14.4, ""error"": 0.12678399999944645}, {""pair"": [3, 13, 2, 9], ""acc"": 1.3, ""vel"": 23.97, ""pos"": 14.4, ""error"": 0.12678399999944645}]","[[1, 13, 0, 9], [1, 13, 2, 9], [1, 13, 1, 9], [3, 13, 1, 9], [3, 13, 0, 9], [3, 13, 2, 9]]","[[{""pair"": [3, 13, 0, 9], ""acc"": 0.9, ""vel"": 23.97, ""pos"": 14.4, ""error"": 0.17839359999950766}, {""pair"": [3, 13, 0, 9], ""acc"": 0.9, ""vel"": 23.97, ""pos"": 14.4, ""error"": 0.12678399999944645}, {""pair"": [3, 13, 0, 9], ""acc"": 0.9, ""vel"": 23.97, ""pos"": 14.4, ""error"": 0.12678399999944645}], [{""pair"": [3, 13, 1, 9], ""acc"": 1.3, ""vel"": 23.96, ""pos"": 14.4, ""error"": 0.16839359999950965}, {""pair"": [3, 13, 1, 9], ""acc"": 1.3, ""vel"": 23.96, ""pos"": 14.4, ""error"": 0.11678399999944844}, {""pair"": [3, 13, 1, 9], ""acc"": 1.3, ""vel"": 23.96, ""pos"": 14.4, ""error"": 0.11678399999944844}], [{""pair"": [3, 13, 2, 9], ""acc"": 1.3, ""vel"": 23.97, ""pos"": 14.4, ""error"": 0.17839359999950766}, {""pair"": [3, 13, 2, 9], ""acc"": 1.3, ""vel"": 23.97, ""pos"": 14.4, ""error"": 0.12678399999944645}, {""pair"": [3, 13, 2, 9], ""acc"": 1.3, ""vel"": 23.97, ""pos"": 14.4, ""error"": 0.12678399999944645}], [{""pair"": [1, 13, 0, 9], ""acc"": 0.9, ""vel"": 23.81, ""pos"": 14.4, ""error"": 0.01999359999956063}, {""pair"": [1, 13, 0, 9], ""acc"": 0.9, ""vel"": 23.81, ""pos"": 14.4, ""error"": 0.07078399999962315}, {""pair"": [1, 13, 0, 9], ""acc"": 0.9, ""vel"": 23.81, ""pos"": 14.4, ""error"": 0.07078399999962315}], [{""pair"": [1, 13, 1, 9], ""acc"": 1.3, ""vel"": 23.8, ""pos"": 14.4, ""error"": 0.02999359999955864}, {""pair"": [1, 13, 1, 9], ""acc"": 1.3, ""vel"": 23.8, ""pos"": 14.4, ""error"": 0.08078399999962116}, {""pair"": [1, 13, 1, 9], ""acc"": 1.3, ""vel"": 23.8, ""pos"": 14.4, ""error"": 0.08078399999962116}], [{""pair"": [1, 13, 2, 9], ""acc"": 1.3, ""vel"": 23.81, ""pos"": 14.4, ""error"": 0.01999359999956063}, {""pair"": [1, 13, 2, 9], ""acc"": 1.3, ""vel"": 23.81, ""pos"": 14.4, ""error"": 0.07078399999962315}, {""pair"": [1, 13, 2, 9], ""acc"": 1.3, ""vel"": 23.81, ""pos"": 14.4, ""error"": 0.07078399999962315}]]","[[[3, 13, 0, 9], [0.9, 23.97, 14.4], 0.12678399999944645], [[3, 13, 1, 9], [1.3, 23.96, 14.4], 0.11678399999944844], [[3, 13, 2, 9], [1.3, 23.97, 14.4], 0.12678399999944645], [[1, 13, 0, 9], [0.9, 23.81, 14.4], 0.01999359999956063], [[1, 13, 1, 9], [1.3, 23.8, 14.4], 0.02999359999955864], [[1, 13, 2, 9], [1.3, 23.81, 14.4], 0.01999359999956063]]"
1.3,23.83,14.8,1.3,23.18,14.8,1.3,23.82,14.8,"[{""pair"": [3, 9, 1, 15], ""acc"": 1.3, ""vel"": 23.82, ""pos"": 14.8, ""error"": 0.006887849999897}, {""pair"": [2, 9, 1, 15], ""acc"": 1.3, ""vel"": 23.82, ""pos"": 14.8, ""error"": 0.006887849999897}, {""pair"": [1, 9, 1, 15], ""acc"": 1.3, ""vel"": 23.83, ""pos"": 14.8, ""error"": 0.00705784999989767}, {""pair"": [3, 15, 1, 9], ""acc"": 1.3, ""vel"": 23.19, ""pos"": 14.8, ""error"": 0.636887849999896}, {""pair"": [3, 15, 2, 9], ""acc"": 1.3, ""vel"": 23.18, ""pos"": 14.8, ""error"": 0.6468878499998976}, {""pair"": [1, 9, 2, 15], ""acc"": 1.3, ""vel"": 23.19, ""pos"": 18.0, ""error"": 3.8273121500000915}, {""pair"": [3, 9, 2, 15], ""acc"": 1.3, ""vel"": 23.18, ""pos"": 18.0, ""error"": 3.837312150000093}, {""pair"": [2, 9, 2, 15], ""acc"": 1.3, ""vel"": 23.18, ""pos"": 18.0, ""error"": 3.837312150000093}]","[[3, 9, 1, 15], [2, 9, 1, 15], [1, 9, 1, 15], [3, 15, 1, 9], [3, 15, 2, 9], [1, 9, 2, 15], [3, 9, 2, 15], [2, 9, 2, 15]]","[[{""pair"": [3, 9, 0, 15], ""acc"": -24.3, ""vel"": 23.18, ""pos"": 14.8, ""error"": 0.6502000499998974}, {""pair"": [3, 9, 0, 15], ""acc"": -24.3, ""vel"": 23.18, ""pos"": 14.8, ""error"": 0.6570578499998962}, {""pair"": [3, 9, 0, 15], ""acc"": -24.3, ""vel"": 23.18, ""pos"": 14.8, ""error"": 0.6468878499998976}, {""pair"": [3, 9, 0, 15], ""acc"": -24.3, ""vel"": 23.18, ""pos"": 14.8, ""error"": 0.8096078499998978}, {""pair"": [3, 9, 0, 15], ""acc"": -24.3, ""vel"": 23.18, ""pos"": 14.8, ""error"": 0.8129200499998959}, {""pair"": [3, 9, 0, 15], ""acc"": -24.3, ""vel"": 23.18, ""pos"": 14.8, ""error"": 0.8197778499998947}], [{""pair"": [3, 9, 1, 15], ""acc"": 1.3, ""vel"": 23.82, ""pos"": 14.8, ""error"": 0.010200049999896876}, {""pair"": [3, 9, 1, 15], ""acc"": 1.3, ""vel"": 23.82, ""pos"": 14.8, ""error"": 0.01705784999989568}, {""pair"": [3, 9, 1, 15], ""acc"": 1.3, ""vel"": 23.82, ""pos"": 14.8, ""error"": 0.006887849999897}, {""pair"": [3, 9, 1, 15], ""acc"": 1.3, ""vel"": 23.82, ""pos"": 14.8, ""error"": 0.1696078499998972}, {""pair"": [3, 9, 1, 15], ""acc"": 1.3, ""vel"": 23.82, ""pos"": 14.8, ""error"": 0.1729200499998953}, {""pair"": [3, 9, 1, 15], ""acc"": 1.3, ""vel"": 23.82, ""pos"": 14.8, ""error"": 0.1797778499998941}], [{""pair"": [3, 9, 2, 15], ""acc"": 1.3, ""vel"": 23.18, ""pos"": 18.0, ""error"": 3.8403999500000925}, {""pair"": [3, 9, 2, 15], ""acc"": 1.3, ""vel"": 23.18, ""pos"": 18.0, ""error"": 3.8471421500000904}, {""pair"": [3, 9, 2, 15], ""acc"": 1.3, ""vel"": 23.18, ""pos"": 18.0, ""error"": 3.837312150000093}, {""pair"": [3, 9, 2, 15], ""acc"": 1.3, ""vel"": 23.18, ""pos"": 18.0, ""error"": 3.994592150000093}, {""pair"": [3, 9, 2, 15], ""acc"": 1.3, ""vel"": 23.18, ""pos"": 18.0, ""error"": 3.9976799500000944}, {""pair"": [3, 9, 2, 15], ""acc"": 1.3, ""vel"": 23.18, ""pos"": 18.0, ""error"": 4.004422150000092}], [{""pair"": [3, 15, 1, 9], ""acc"": 1.3, ""vel"": 23.19, ""pos"": 14.8, ""error"": 0.6402000499998959}, {""pair"": [3, 15, 1, 9], ""acc"": 1.3, ""vel"": 23.19, ""pos"": 14.8, ""error"": 0.6470578499998947}, {""pair"": [3, 15, 1, 9], ""acc"": 1.3, ""vel"": 23.19, ""pos"": 14.8, ""error"": 0.636887849999896}, {""pair"": [3, 15, 1, 9], ""acc"": 1.3, ""vel"": 23.19, ""pos"": 14.8, ""error"": 0.7996078499998962}, {""pair"": [3, 15, 1, 9], ""acc"": 1.3, ""vel"": 23.19, ""pos"": 14.8, ""error"": 0.8029200499998943}, {""pair"": [3, 15, 1, 9], ""acc"": 1.3, ""vel"": 23.19, ""pos"": 14.8, ""error"": 0.8097778499998931}], [{""pair"": [3, 15, 2, 9], ""acc"": 1.3, ""vel"": 23.18, ""pos"": 14.8, ""error"": 0.6502000499998974}, {""pair"": [3, 15, 2, 9], ""acc"": 1.3, ""vel"": 23.18, ""pos"": 14.8, ""error"": 0.6570578499998962}, {""pair"": [3, 15, 2, 9], ""acc"": 1.3, ""vel"": 23.18, ""pos"": 14.8, ""error"": 0.6468878499998976}, {""pair"": [3, 15, 2, 9], ""acc"": 1.3, ""vel"": 23.18, ""pos"": 14.8, ""error"": 0.8096078499998978}, {""pair"": [3, 15, 2, 9], ""acc"": 1.3, ""vel"": 23.18, ""pos"": 14.8, ""error"": 0.8129200499998959}, {""pair"": [3, 15, 2, 9], ""acc"": 1.3, ""vel"": 23.18, ""pos"": 14.8, ""error"": 0.8197778499998947}], [{""pair"": [1, 9, 0, 15], ""acc"": -24.3, ""vel"": 23.19, ""pos"": 14.8, ""error"": 0.6402000499998959}, {""pair"": [1, 9, 0, 15], ""acc"": -24.3, ""vel"": 23.19, ""pos"": 14.8, ""error"": 0.6470578499998947}, {""pair"": [1, 9, 0, 15], ""acc"": -24.3, ""vel"": 23.19, ""pos"": 14.8, ""error"": 0.636887849999896}, {""pair"": [1, 9, 0, 15], ""acc"": -24.3, ""vel"": 23.19, ""pos"": 14.8, ""error"": 0.7996078499998962}, {""pair"": [1, 9, 0, 15], ""acc"": -24.3, ""vel"": 23.19, ""pos"": 14.8, ""error"": 0.8029200499998943}, {""pair"": [1, 9, 0, 15], ""acc"": -24.3, ""vel"": 23.19, ""pos"": 14.8, ""error"": 0.8097778499998931}], [{""pair"": [1, 9, 1, 15], ""acc"": 1.3, ""vel"": 23.83, ""pos"": 14.8, ""error"": 0.00960004999990538}, {""pair"": [1, 9, 1, 15], ""acc"": 1.3, ""vel"": 23.83, ""pos"": 14.8, ""error"": 0.00705784999989767}, {""pair"": [1, 9, 1, 15], ""acc"": 1.3, ""vel"": 23.83, ""pos"": 14.8, ""error"": 0.012687849999904799}, {""pair"": [1, 9, 1, 15], ""acc"": 1.3, ""vel"": 23.83, ""pos"": 14.8, ""error"": 0.1596078499998992}, {""pair"": [1, 9, 1, 15], ""acc"": 1.3, ""vel"": 23.83, ""pos"": 14.8, ""error"": 0.1629200499998973}, {""pair"": [1, 9, 1, 15], ""acc"": 1.3, ""vel"": 23.83, ""pos"": 14.8, ""error"": 0.1697778499998961}], [{""pair"": [1, 9, 2, 15], ""acc"": 1.3, ""vel"": 23.19, ""pos"": 18.0, ""error"": 3.830399950000091}, {""pair"": [1, 9, 2, 15], ""acc"": 1.3, ""vel"": 23.19, ""pos"": 18.0, ""error"": 3.837142150000089}, {""pair"": [1, 9, 2, 15], ""acc"": 1.3, ""vel"": 23.19, ""pos"": 18.0, ""error"": 3.8273121500000915}, {""pair"": [1, 9, 2, 15], ""acc"": 1.3, ""vel"": 23.19, ""pos"": 18.0, ""error"": 3.9845921500000916}, {""pair"": [1, 9, 2, 15], ""acc"": 1.3, ""vel"": 23.19, ""pos"": 18.0, ""error"": 3.987679950000093}, {""pair"": [1, 9, 2, 15], ""acc"": 1.3, ""vel"": 23.19, ""pos"": 18.0, ""error"": 3.9944221500000907}], [{""pair"": [2, 9, 0, 15], ""acc"": -24.3, ""vel"": 23.18, ""pos"": 14.8, ""error"": 0.6502000499998974}, {""pair"": [2, 9, 0, 15], ""acc"": -24.3, ""vel"": 23.18, ""pos"": 14.8, ""error"": 0.6570578499998962}, {""pair"": [2, 9, 0, 15], ""acc"": -24.3, ""vel"": 23.18, ""pos"": 14.8, ""error"": 0.6468878499998976}, {""pair"": [2, 9, 0, 15], ""acc"": -24.3, ""vel"": 23.18, ""pos"": 14.8, ""error"": 0.8096078499998978}, {""pair"": [2, 9, 0, 15], ""acc"": -24.3, ""vel"": 23.18, ""pos"": 14.8, ""error"": 0.8129200499998959}, {""pair"": [2, 9, 0, 15], ""acc"": -24.3, ""vel"": 23.18, ""pos"": 14.8, ""error"": 0.8197778499998947}], [{""pair"": [2, 9, 1, 15], ""acc"": 1.3, ""vel"": 23.82, ""pos"": 14.8, ""error"": 0.010200049999896876}, {""pair"": [2, 9, 1, 15], ""acc"": 1.3, ""vel"": 23.82, ""pos"": 14.8, ""error"": 0.01705784999989568}, {""pair"": [2, 9, 1, 15], ""acc"": 1.3, ""vel"": 23.82, ""pos"": 14.8, ""error"": 0.006887849999897}, {""pair"": [2, 9, 1, 15], ""acc"": 1.3, ""vel"": 23.82, ""pos"": 14.8, ""error"": 0.1696078499998972}, {""pair"": [2, 9, 1, 15], ""acc"": 1.3, ""vel"": 23.82, ""pos"": 14.8, ""error"": 0.1729200499998953}, {""pair"": [2, 9, 1, 15], ""acc"": 1.3, ""vel"": 23.82, ""pos"": 14.8, ""error"": 0.1797778499998941}], [{""pair"": [2, 9, 2, 15], ""acc"": 1.3, ""vel"": 23.18, ""pos"": 18.0, ""error"": 3.8403999500000925}, {""pair"": [2, 9, 2, 15], ""acc"": 1.3, ""vel"": 23.18, ""pos"": 18.0, ""error"": 3.8471421500000904}, {""pair"": [2, 9, 2, 15], ""acc"": 1.3, ""vel"": 23.18, ""pos"": 18.0, ""error"": 3.837312150000093}, {""pair"": [2, 9, 2, 15], ""acc"": 1.3, ""vel"": 23.18, ""pos"": 18.0, ""error"": 3.994592150000093}, {""pair"": [2, 9, 2, 15], ""acc"": 1.3, ""vel"": 23.18, ""pos"": 18.0, ""error"": 3.9976799500000944}, {""pair"": [2, 9, 2, 15], ""acc"": 1.3, ""vel"": 23.18, ""pos"": 18.0, ""error"": 4.004422150000092}]]","[[[3, 9, 0, 15], [-24.3, 23.18, 14.8], 0.6468878499998976], [[3, 9, 1, 15], [1.3, 23.82, 14.8], 0.006887849999897], [[3, 9, 2, 15], [1.3, 23.18, 18.0], 3.837312150000093], [[3, 15, 1, 9], [1.3, 23.19, 14.8], 0.636887849999896], [[3, 15, 2, 9], [1.3, 23.18, 14.8], 0.6468878499998976], [[1, 9, 0, 15], [-24.3, 23.19, 14.8], 0.636887849999896], [[1, 9, 1, 15], [1.3, 23.83, 14.8], 0.00705784999989767], [[1, 9, 2, 15], [1.3, 23.19, 18.0], 3.8273121500000915], [[2, 9, 0, 15], [-24.3, 23.18, 14.8], 0.6468878499998976], [[2, 9, 1, 15], [1.3, 23.82, 14.8], 0.006887849999897], [[2, 9, 2, 15], [1.3, 23.18, 18.0], 3.837312150000093]]"
1.3,23.86,15.2,1.3,23.9,834.4,1.3,23.86,15.2,"[{""pair"": [1, 7, 1, 11], ""acc"": 1.3, ""vel"": 23.86, ""pos"": 15.2, ""error"": 0.01319784999991036}, {""pair"": [0, 7, 1, 11], ""acc"": 1.2, ""vel"": 23.86, ""pos"": 834.4, ""error"": 816.6534821500002}]","[[1, 7, 1, 11], [0, 7, 1, 11]]","[[{""pair"": [0, 7, 1, 11], ""acc"": 1.2, ""vel"": 23.86, ""pos"": 834.4, ""error"": 819.2127721500001}, {""pair"": [0, 7, 1, 11], ""acc"": 1.2, ""vel"": 23.86, ""pos"": 834.4, ""error"": 819.2127721500001}, {""pair"": [0, 7, 1, 11], ""acc"": 1.2, ""vel"": 23.86, ""pos"": 834.4, ""error"": 819.2026021500001}, {""pair"": [0, 7, 1, 11], ""acc"": 1.2, ""vel"": 23.86, ""pos"": 834.4, ""error"": 819.8534821500001}, {""pair"": [0, 7, 1, 11], ""acc"": 1.2, ""vel"": 23.86, ""pos"": 834.4, ""error"": 819.8636521500001}, {""pair"": [0, 7, 1, 11], ""acc"": 1.2, ""vel"": 23.86, ""pos"": 834.4, ""error"": 816.6534821500002}, {""pair"": [0, 7, 1, 11], ""acc"": 1.2, ""vel"": 23.86, ""pos"": 834.4, ""error"": 816.6636521500001}, {""pair"": [0, 7, 1, 11], ""acc"": 1.2, ""vel"": 23.86, ""pos"": 834.4, ""error"": 816.6636521500001}], [{""pair"": [1, 7, 1, 11], ""acc"": 1.3, ""vel"": 23.86, ""pos"": 15.2, ""error"": 0.0230278499999077}, {""pair"": [1, 7, 1, 11], ""acc"": 1.3, ""vel"": 23.86, ""pos"": 15.2, ""error"": 0.0230278499999077}, {""pair"": [1, 7, 1, 11], ""acc"": 1.3, ""vel"": 23.86, ""pos"": 15.2, ""error"": 0.01319784999991036}, {""pair"": [1, 7, 1, 11], ""acc"": 1.3, ""vel"": 23.86, ""pos"": 15.2, ""error"": 0.653482150000098}, {""pair"": [1, 7, 1, 11], ""acc"": 1.3, ""vel"": 23.86, ""pos"": 15.2, ""error"": 0.6636521500000985}, {""pair"": [1, 7, 1, 11], ""acc"": 1.3, ""vel"": 23.86, ""pos"": 15.2, ""error"": 3.842317849999908}, {""pair"": [1, 7, 1, 11], ""acc"": 1.3, ""vel"": 23.86, ""pos"": 15.2, ""error"": 3.852147849999909}, {""pair"": [1, 7, 1, 11], ""acc"": 1.3, ""vel"": 23.86, ""pos"": 15.2, ""error"": 3.852147849999909}]]","[[[0, 7, 1, 11], [1.2, 23.86, 834.4], 816.6534821500002], [[1, 7, 1, 11], [1.3, 23.86, 15.2], 0.01319784999991036]]"
1.3,23.88,15.6,1.3,23.88,15.6,1.2,23.88,15.6,"[{""pair"": [3, 12, 0, 7], ""acc"": 1.2, ""vel"": 23.88, ""pos"": 15.6, ""error"": 0.01887359999955862}, {""pair"": [3, 12, 2, 7], ""acc"": 1.3, ""vel"": 23.88, ""pos"": 15.6, ""error"": 0.01887359999955862}, {""pair"": [0, 7, 2, 12], ""acc"": 1.2, ""vel"": 23.88, ""pos"": 15.2, ""error"": 0.38272640000049485}, {""pair"": [2, 7, 2, 12], ""acc"": 1.3, ""vel"": 23.88, ""pos"": 15.2, ""error"": 0.38272640000049485}]","[[3, 12, 0, 7], [3, 12, 2, 7], [0, 7, 2, 12], [2, 7, 2, 12]]","[[{""pair"": [3, 12, 0, 7], ""acc"": 1.2, ""vel"": 23.88, ""pos"": 15.6, ""error"": 0.01887359999955862}, {""pair"": [3, 12, 0, 7], ""acc"": 1.2, ""vel"": 23.88, ""pos"": 15.6, ""error"": 819.1827136000004}], [{""pair"": [3, 12, 2, 7], ""acc"": 1.3, ""vel"": 23.88, ""pos"": 15.6, ""error"": 0.01887359999955862}, {""pair"": [3, 12, 2, 7], ""acc"": 1.3, ""vel"": 23.88, ""pos"": 15.6, ""error"": 819.1827136000004}], [{""pair"": [0, 7, 2, 12], ""acc"": 1.2, ""vel"": 23.88, ""pos"": 15.2, ""error"": 0.38272640000049485}, {""pair"": [0, 7, 2, 12], ""acc"": 1.2, ""vel"": 23.88, ""pos"": 15.2, ""error"": 819.5827136000004}], [{""pair"": [2, 7, 2, 12], ""acc"": 1.3, ""vel"": 23.88, ""pos"": 15.2, ""error"": 0.38272640000049485}, {""pair"": [2, 7, 2, 12], ""acc"": 1.3, ""vel"": 23.88, ""pos"": 15.2, ""error"": 819.5827136000004}]]","[[[3, 12, 0, 7], [1.2, 23.88, 15.6], 0.01887359999955862], [[3, 12, 2, 7], [1.3, 23.88, 15.6], 0.01887359999955862], [[0, 7, 2, 12], [1.2, 23.88, 15.2], 0.38272640000049485], [[2, 7, 2, 12], [1.3, 23.88, 15.2], 0.38272640000049485]]"
1.3,23.9,16.0,1.3,29.02,16.0,1.3,23.9,16.0,"[{""pair"": [0, 2, 2, 8], ""acc"": 1.3, ""vel"": 23.9, ""pos"": 16.0, ""error"": 0.006533399999899103}, {""pair"": [3, 2, 2, 8], ""acc"": 1.3, ""vel"": 29.02, ""pos"": 16.0, ""error"": 5.124047849999908}, {""pair"": [2, 2, 2, 8], ""acc"": 1.3, ""vel"": 29.02, ""pos"": 16.0, ""error"": 5.124047849999908}]","[[0, 2, 2, 8], [3, 2, 2, 8], [2, 2, 2, 8]]","[[{""pair"": [3, 2, 2, 8], ""acc"": 1.3, ""vel"": 29.02, ""pos"": 16.0, ""error"": 5.125733399999909}, {""pair"": [3, 2, 2, 8], ""acc"": 1.3, ""vel"": 29.02, ""pos"": 16.0, ""error"": 5.124047849999908}, {""pair"": [3, 2, 2, 8], ""acc"": 1.3, ""vel"": 29.02, ""pos"": 16.0, ""error"": 5.513466600000104}, {""pair"": [3, 2, 2, 8], ""acc"": 1.3, ""vel"": 29.02, ""pos"": 16.0, ""error"": 5.511752150000104}], [{""pair"": [0, 2, 2, 8], ""acc"": 1.3, ""vel"": 23.9, ""pos"": 16.0, ""error"": 0.006533399999899103}, {""pair"": [0, 2, 2, 8], ""acc"": 1.3, ""vel"": 23.9, ""pos"": 16.0, ""error"": 0.008247849999897028}, {""pair"": [0, 2, 2, 8], ""acc"": 1.3, ""vel"": 23.9, ""pos"": 16.0, ""error"": 0.39426660000009406}, {""pair"": [0, 2, 2, 8], ""acc"": 1.3, ""vel"": 23.9, ""pos"": 16.0, ""error"": 0.39595215000009354}], [{""pair"": [2, 2, 2, 8], ""acc"": 1.3, ""vel"": 29.02, ""pos"": 16.0, ""error"": 5.125733399999909}, {""pair"": [2, 2, 2, 8], ""acc"": 1.3, ""vel"": 29.02, ""pos"": 16.0, ""error"": 5.124047849999908}, {""pair"": [2, 2, 2, 8], ""acc"": 1.3, ""vel"": 29.02, ""pos"": 16.0, ""error"": 5.513466600000104}, {""pair"": [2, 2, 2, 8], ""acc"": 1.3, ""vel"": 29.02, ""pos"": 16.0, ""error"": 5.511752150000104}]]","[[[3, 2, 2, 8], [1.3, 29.02, 16.0], 5.124047849999908], [[0, 2, 2, 8], [1.3, 23.9, 16.0], 0.006533399999899103], [[2, 2, 2, 8], [1.3, 29.02, 16.0], 5.124047849999908]]"
1.3,23.92,16.400000000000002,1.3,23.93,426.0,0.9,23.93,16.4,"[{""pair"": [1, 6, 0, 9], ""acc"": 0.9, ""vel"": 23.93, ""pos"": 16.4, ""error"": 0.4023078499989552}, {""pair"": [3, 9, 1, 6], ""acc"": 1.3, ""vel"": 23.93, ""pos"": 16.4, ""error"": 0.4023078499989552}, {""pair"": [1, 6, 1, 9], ""acc"": 1.3, ""vel"": 23.92, ""pos"": 16.4, ""error"": 0.4123078499989532}, {""pair"": [3, 6, 0, 9], ""acc"": 0.9, ""vel"": 23.93, ""pos"": 426.0, ""error"": 409.22349215000094}, {""pair"": [3, 6, 1, 9], ""acc"": 1.3, ""vel"": 23.92, ""pos"": 426.0, ""error"": 409.2334921500009}]","[[1, 6, 0, 9], [3, 9, 1, 6], [1, 6, 1, 9], [3, 6, 0, 9], [3, 6, 1, 9]]","[[{""pair"": [3, 6, 0, 9], ""acc"": 0.9, ""vel"": 23.93, ""pos"": 426.0, ""error"": 409.22349215000094}, {""pair"": [3, 6, 0, 9], ""acc"": 0.9, ""vel"": 23.93, ""pos"": 426.0, ""error"": 414.17453215000114}, {""pair"": [3, 6, 0, 9], ""acc"": 0.9, ""vel"": 23.93, ""pos"": 426.0, ""error"": 414.17453215000114}], [{""pair"": [3, 6, 1, 9], ""acc"": 1.3, ""vel"": 23.92, ""pos"": 426.0, ""error"": 409.2334921500009}, {""pair"": [3, 6, 1, 9], ""acc"": 1.3, ""vel"": 23.92, ""pos"": 426.0, ""error"": 414.18453215000113}, {""pair"": [3, 6, 1, 9], ""acc"": 1.3, ""vel"": 23.92, ""pos"": 426.0, ""error"": 414.18453215000113}], [{""pair"": [3, 9, 1, 6], ""acc"": 1.3, ""vel"": 23.93, ""pos"": 16.4, ""error"": 0.4023078499989552}, {""pair"": [3, 9, 1, 6], ""acc"": 1.3, ""vel"": 23.93, ""pos"": 16.4, ""error"": 5.691267849998745}, {""pair"": [3, 9, 1, 6], ""acc"": 1.3, ""vel"": 23.93, ""pos"": 16.4, ""error"": 5.691267849998745}], [{""pair"": [1, 6, 0, 9], ""acc"": 0.9, ""vel"": 23.93, ""pos"": 16.4, ""error"": 0.4023078499989552}, {""pair"": [1, 6, 0, 9], ""acc"": 0.9, ""vel"": 23.93, ""pos"": 16.4, ""error"": 5.691267849998745}, {""pair"": [1, 6, 0, 9], ""acc"": 0.9, ""vel"": 23.93, ""pos"": 16.4, ""error"": 5.691267849998745}], [{""pair"": [1, 6, 1, 9], ""acc"": 1.3, ""vel"": 23.92, ""pos"": 16.4, ""error"": 0.4123078499989532}, {""pair"": [1, 6, 1, 9], ""acc"": 1.3, ""vel"": 23.92, ""pos"": 16.4, ""error"": 5.701267849998743}, {""pair"": [1, 6, 1, 9], ""acc"": 1.3, ""vel"": 23.92, ""pos"": 16.4, ""error"": 5.701267849998743}]]","[[[3, 6, 0, 9], [0.9, 23.93, 426.0], 409.22349215000094], [[3, 6, 1, 9], [1.3, 23.92, 426.0], 409.2334921500009], [[3, 9, 1, 6], [1.3, 23.93, 16.4], 0.4023078499989552], [[1, 6, 0, 9], [0.9, 23.93, 16.4], 0.4023078499989552], [[1, 6, 1, 9], [1.3, 23.92, 16.4], 0.4123078499989532]]"
1.3,23.97,17.2,1.3,23.89,17.2,1.3,23.97,17.2,"[{""pair"": [3, 2, 1, 12], ""acc"": 1.3, ""vel"": 23.97, ""pos"": 17.2, ""error"": 0.4109021500001049}, {""pair"": [3, 2, 0, 12], ""acc"": 4.5, ""vel"": 23.89, ""pos"": 17.2, ""error"": 0.44527215000009335}]","[[3, 2, 1, 12], [3, 2, 0, 12]]","[[{""pair"": [3, 2, 0, 12], ""acc"": 4.5, ""vel"": 23.89, ""pos"": 17.2, ""error"": 0.4483599500000963}, {""pair"": [3, 2, 0, 12], ""acc"": 4.5, ""vel"": 23.89, ""pos"": 17.2, ""error"": 0.45510215000009424}, {""pair"": [3, 2, 0, 12], ""acc"": 4.5, ""vel"": 23.89, ""pos"": 17.2, ""error"": 0.44527215000009335}, {""pair"": [3, 2, 0, 12], ""acc"": 4.5, ""vel"": 23.89, ""pos"": 17.2, ""error"": 409.2622400499999}, {""pair"": [3, 2, 0, 12], ""acc"": 4.5, ""vel"": 23.89, ""pos"": 17.2, ""error"": 409.2589278499999}], [{""pair"": [3, 2, 1, 12], ""acc"": 1.3, ""vel"": 23.97, ""pos"": 17.2, ""error"": 0.4177599500001037}, {""pair"": [3, 2, 1, 12], ""acc"": 1.3, ""vel"": 23.97, ""pos"": 17.2, ""error"": 0.4109021500001049}, {""pair"": [3, 2, 1, 12], ""acc"": 1.3, ""vel"": 23.97, ""pos"": 17.2, ""error"": 0.4210721500001}, {""pair"": [3, 2, 1, 12], ""acc"": 1.3, ""vel"": 23.97, ""pos"": 17.2, ""error"": 409.2316400499999}, {""pair"": [3, 2, 1, 12], ""acc"": 1.3, ""vel"": 23.97, ""pos"": 17.2, ""error"": 409.2347278499999}]]","[[[3, 2, 0, 12], [4.5, 23.89, 17.2], 0.44527215000009335], [[3, 2, 1, 12], [1.3, 23.97, 17.2], 0.4109021500001049]]"
1.3,23.99,17.6,1.3,34.23,1656.0,1.3,23.99,17.6,"[{""pair"": [0, 3, 1, 8], ""acc"": 1.3, ""vel"": 23.99, ""pos"": 17.6, ""error"": 0.009777849999895949}, {""pair"": [3, 3, 1, 8], ""acc"": 1.3, ""vel"": 34.23, ""pos"": 17.6, ""error"": 10.245577849999904}, {""pair"": [2, 3, 1, 8], ""acc"": 1.3, ""vel"": 34.23, ""pos"": 17.6, ""error"": 10.245577849999904}]","[[0, 3, 1, 8], [3, 3, 1, 8], [2, 3, 1, 8]]","[[{""pair"": [3, 3, 1, 8], ""acc"": 1.3, ""vel"": 34.23, ""pos"": 17.6, ""error"": 10.245577849999904}, {""pair"": [3, 3, 1, 8], ""acc"": 1.3, ""vel"": 34.23, ""pos"": 17.6, ""error"": 10.270280249999914}], [{""pair"": [0, 3, 1, 8], ""acc"": 1.3, ""vel"": 23.99, ""pos"": 17.6, ""error"": 0.009777849999895949}, {""pair"": [0, 3, 1, 8], ""acc"": 1.3, ""vel"": 23.99, ""pos"": 17.6, ""error"": 0.0302802499999153}], [{""pair"": [2, 3, 1, 8], ""acc"": 1.3, ""vel"": 34.23, ""pos"": 17.6, ""error"": 10.245577849999904}, {""pair"": [2, 3, 1, 8], ""acc"": 1.3, ""vel"": 34.23, ""pos"": 17.6, ""error"": 10.270280249999914}]]","[[[3, 3, 1, 8], [1.3, 34.23, 17.6], 10.245577849999904], [[0, 3, 1, 8], [1.3, 23.99, 17.6], 0.009777849999895949], [[2, 3, 1, 8], [1.3, 34.23, 17.6], 10.245577849999904]]"
1.3,24.01,18.0,1.3,34.25,427.6,1.3,24.01,18.0,"[{""pair"": [0, 3, 1, 6], ""acc"": 1.3, ""vel"": 24.01, ""pos"": 18.0, ""error"": 0.0167935999995521}, {""pair"": [3, 3, 1, 6], ""acc"": 1.3, ""vel"": 34.25, ""pos"": 18.0, ""error"": 0.14864640000068974}, {""pair"": [2, 3, 1, 6], ""acc"": 1.3, ""vel"": 34.25, ""pos"": 18.0, ""error"": 0.14864640000068974}, {""pair"": [3, 6, 2, 3], ""acc"": 1.3, ""vel"": 34.25, ""pos"": 427.6, ""error"": 409.4529535999994}, {""pair"": [3, 6, 0, 3], ""acc"": 1.3, ""vel"": 24.01, ""pos"": 427.6, ""error"": 409.6167935999996}]","[[0, 3, 1, 6], [3, 3, 1, 6], [2, 3, 1, 6], [3, 6, 2, 3], [3, 6, 0, 3]]","[[{""pair"": [3, 3, 1, 6], ""acc"": 1.3, ""vel"": 34.25, ""pos"": 18.0, ""error"": 10.255193599999505}, {""pair"": [3, 3, 1, 6], ""acc"": 1.3, ""vel"": 34.25, ""pos"": 18.0, ""error"": 0.14864640000068974}, {""pair"": [3, 3, 1, 6], ""acc"": 1.3, ""vel"": 34.25, ""pos"": 18.0, ""error"": 0.14864640000068974}], [{""pair"": [3, 6, 0, 3], ""acc"": 1.3, ""vel"": 24.01, ""pos"": 427.6, ""error"": 409.6167935999996}, {""pair"": [3, 6, 0, 3], ""acc"": 1.3, ""vel"": 24.01, ""pos"": 427.6, ""error"": 419.6929535999994}, {""pair"": [3, 6, 0, 3], ""acc"": 1.3, ""vel"": 24.01, ""pos"": 427.6, ""error"": 419.6929535999994}], [{""pair"": [3, 6, 2, 3], ""acc"": 1.3, ""vel"": 34.25, ""pos"": 427.6, ""error"": 419.85519359999955}, {""pair"": [3, 6, 2, 3], ""acc"": 1.3, ""vel"": 34.25, ""pos"": 427.6, ""error"": 409.4529535999994}, {""pair"": [3, 6, 2, 3], ""acc"": 1.3, ""vel"": 34.25, ""pos"": 427.6, ""error"": 409.4529535999994}], [{""pair"": [0, 3, 1, 6], ""acc"": 1.3, ""vel"": 24.01, ""pos"": 18.0, ""error"": 0.0167935999995521}, {""pair"": [0, 3, 1, 6], ""acc"": 1.3, ""vel"": 24.01, ""pos"": 18.0, ""error"": 10.388646400000688}, {""pair"": [0, 3, 1, 6], ""acc"": 1.3, ""vel"": 24.01, ""pos"": 18.0, ""error"": 10.388646400000688}], [{""pair"": [2, 3, 1, 6], ""acc"": 1.3, ""vel"": 34.25, ""pos"": 18.0, ""error"": 10.255193599999505}, {""pair"": [2, 3, 1, 6], ""acc"": 1.3, ""vel"": 34.25, ""pos"": 18.0, ""error"": 0.14864640000068974}, {""pair"": [2, 3, 1, 6], ""acc"": 1.3, ""vel"": 34.25, ""pos"": 18.0, ""error"": 0.14864640000068974}]]","[[[3, 3, 1, 6], [1.3, 34.25, 18.0], 0.14864640000068974], [[3, 6, 0, 3], [1.3, 24.01, 427.6], 409.6167935999996], [[3, 6, 2, 3], [1.3, 34.25, 427.6], 409.4529535999994], [[0, 3, 1, 6], [1.3, 24.01, 18.0], 0.0167935999995521], [[2, 3, 1, 6], [1.3, 34.25, 18.0], 0.14864640000068974]]"
1.3,24.03,18.4,8.0,24.03,18.6,1.3,24.03,18.4,"[{""pair"": [2, 11, 0, 14], ""acc"": 1.3, ""vel"": 24.03, ""pos"": 18.4, ""error"": 0.010457849999898627}]","[[2, 11, 0, 14]]","[[{""pair"": [2, 11, 0, 14], ""acc"": 1.3, ""vel"": 24.03, ""pos"": 18.4, ""error"": 0.010457849999898627}, {""pair"": [2, 11, 0, 14], ""acc"": 1.3, ""vel"": 24.03, ""pos"": 18.4, ""error"": 10.424537849999854}, {""pair"": [2, 11, 0, 14], ""acc"": 1.3, ""vel"": 24.03, ""pos"": 18.4, ""error"": 10.424537849999854}, {""pair"": [2, 11, 0, 14], ""acc"": 1.3, ""vel"": 24.03, ""pos"": 18.4, ""error"": 420.0245378499999}, {""pair"": [2, 11, 0, 14], ""acc"": 1.3, ""vel"": 24.03, ""pos"": 18.4, ""error"": 409.61045784999993}], [{""pair"": [2, 11, 1, 14], ""acc"": 14.1, ""vel"": 23.71, ""pos"": 18.4, ""error"": 0.3304578499998989}, {""pair"": [2, 11, 1, 14], ""acc"": 14.1, ""vel"": 23.71, ""pos"": 18.4, ""error"": 10.744537849999855}, {""pair"": [2, 11, 1, 14], ""acc"": 14.1, ""vel"": 23.71, ""pos"": 18.4, ""error"": 10.744537849999855}, {""pair"": [2, 11, 1, 14], ""acc"": 14.1, ""vel"": 23.71, ""pos"": 18.4, ""error"": 420.3445378499999}, {""pair"": [2, 11, 1, 14], ""acc"": 14.1, ""vel"": 23.71, ""pos"": 18.4, ""error"": 409.9304578499999}], [{""pair"": [2, 11, 2, 14], ""acc"": 14.1, ""vel"": 24.03, ""pos"": 16.8, ""error"": 1.6104578499998965}, {""pair"": [2, 11, 2, 14], ""acc"": 14.1, ""vel"": 24.03, ""pos"": 16.8, ""error"": 12.024537849999852}, {""pair"": [2, 11, 2, 14], ""acc"": 14.1, ""vel"": 24.03, ""pos"": 16.8, ""error"": 12.024537849999852}, {""pair"": [2, 11, 2, 14], ""acc"": 14.1, ""vel"": 24.03, ""pos"": 16.8, ""error"": 421.62453784999985}, {""pair"": [2, 11, 2, 14], ""acc"": 14.1, ""vel"": 24.03, ""pos"": 16.8, ""error"": 411.2104578499999}]]","[[[2, 11, 0, 14], [1.3, 24.03, 18.4], 0.010457849999898627], [[2, 11, 1, 14], [14.1, 23.71, 18.4], 0.3304578499998989], [[2, 11, 2, 14], [14.1, 24.03, 16.8], 1.6104578499998965]]"
1.3,24.06,18.8,1.3,24.06,18.8,1.3,24.06,18.8,"[{""pair"": [3, 13, 2, 0], ""acc"": 1.3, ""vel"": 24.06, ""pos"": 18.8, ""error"": 0.01659784999990066}, {""pair"": [2, 0, 0, 13], ""acc"": 7.7, ""vel"": 24.06, ""pos"": 18.8, ""error"": 0.01659784999990066}, {""pair"": [2, 0, 1, 13], ""acc"": 1.3, ""vel"": 24.22, ""pos"": 18.8, ""error"": 0.1765978499999008}]","[[3, 13, 2, 0], [2, 0, 0, 13], [2, 0, 1, 13]]","[[{""pair"": [3, 13, 2, 0], ""acc"": 1.3, ""vel"": 24.06, ""pos"": 18.8, ""error"": 0.01659784999990066}], [{""pair"": [2, 0, 0, 13], ""acc"": 7.7, ""vel"": 24.06, ""pos"": 18.8, ""error"": 0.01659784999990066}], [{""pair"": [2, 0, 1, 13], ""acc"": 1.3, ""vel"": 24.22, ""pos"": 18.8, ""error"": 0.1765978499999008}]]","[[[3, 13, 2, 0], [1.3, 24.06, 18.8], 0.01659784999990066], [[2, 0, 0, 13], [7.7, 24.06, 18.8], 0.01659784999990066], [[2, 0, 1, 13], [1.3, 24.22, 18.8], 0.1765978499999008]]"
1.3,24.08,19.200000000000003,0.5,24.08,22.4,0.5,24.08,19.2,"[{""pair"": [3, 10, 2, 15], ""acc"": 0.5, ""vel"": 24.08, ""pos"": 19.2, ""error"": 0.015673599999551868}, {""pair"": [2, 15, 0, 10], ""acc"": 1.3, ""vel"": 24.08, ""pos"": 19.2, ""error"": 0.015673599999551868}, {""pair"": [2, 15, 1, 10], ""acc"": 0.5, ""vel"": 24.1, ""pos"": 19.2, ""error"": 0.03407359999950188}, {""pair"": [2, 15, 2, 10], ""acc"": 0.5, ""vel"": 24.08, ""pos"": 19.3, ""error"": 0.11567359999955329}, {""pair"": [1, 15, 1, 10], ""acc"": 0.5, ""vel"": 23.46, ""pos"": 22.4, ""error"": 3.8356735999995486}, {""pair"": [3, 10, 1, 15], ""acc"": 0.5, ""vel"": 23.44, ""pos"": 22.4, ""error"": 3.855673599999548}, {""pair"": [1, 15, 0, 10], ""acc"": 1.3, ""vel"": 23.44, ""pos"": 22.4, ""error"": 3.855673599999548}, {""pair"": [1, 15, 2, 10], ""acc"": 0.5, ""vel"": 23.44, ""pos"": 22.5, ""error"": 3.9556735999995496}]","[[3, 10, 2, 15], [2, 15, 0, 10], [2, 15, 1, 10], [2, 15, 2, 10], [1, 15, 1, 10], [3, 10, 1, 15], [1, 15, 0, 10], [1, 15, 2, 10]]","[[{""pair"": [3, 10, 1, 15], ""acc"": 0.5, ""vel"": 23.44, ""pos"": 22.4, ""error"": 3.855673599999548}, {""pair"": [3, 10, 1, 15], ""acc"": 0.5, ""vel"": 23.44, ""pos"": 22.4, ""error"": 3.9572543999996697}, {""pair"": [3, 10, 1, 15], ""acc"": 0.5, ""vel"": 23.44, ""pos"": 22.4, ""error"": 4.013113599999546}], [{""pair"": [3, 10, 2, 15], ""acc"": 0.5, ""vel"": 24.08, ""pos"": 19.2, ""error"": 0.015673599999551868}, {""pair"": [3, 10, 2, 15], ""acc"": 0.5, ""vel"": 24.08, ""pos"": 19.2, ""error"": 0.11725439999967335}, {""pair"": [3, 10, 2, 15], ""acc"": 0.5, ""vel"": 24.08, ""pos"": 19.2, ""error"": 0.17311359999954945}], [{""pair"": [1, 15, 0, 10], ""acc"": 1.3, ""vel"": 23.44, ""pos"": 22.4, ""error"": 3.855673599999548}, {""pair"": [1, 15, 0, 10], ""acc"": 1.3, ""vel"": 23.44, ""pos"": 22.4, ""error"": 3.9572543999996697}, {""pair"": [1, 15, 0, 10], ""acc"": 1.3, ""vel"": 23.44, ""pos"": 22.4, ""error"": 4.013113599999546}], [{""pair"": [1, 15, 1, 10], ""acc"": 0.5, ""vel"": 23.46, ""pos"": 22.4, ""error"": 3.8356735999995486}, {""pair"": [1, 15, 1, 10], ""acc"": 0.5, ""vel"": 23.46, ""pos"": 22.4, ""error"": 3.93725439999967}, {""pair"": [1, 15, 1, 10], ""acc"": 0.5, ""vel"": 23.46, ""pos"": 22.4, ""error"": 3.993113599999546}], [{""pair"": [1, 15, 2, 10], ""acc"": 0.5, ""vel"": 23.44, ""pos"": 22.5, ""error"": 3.9556735999995496}, {""pair"": [1, 15, 2, 10], ""acc"": 0.5, ""vel"": 23.44, ""pos"": 22.5, ""error"": 4.057254399999671}, {""pair"": [1, 15, 2, 10], ""acc"": 0.5, ""vel"": 23.44, ""pos"": 22.5, ""error"": 4.113113599999547}], [{""pair"": [2, 15, 0, 10], ""acc"": 1.3, ""vel"": 24.08, ""pos"": 19.2, ""error"": 0.015673599999551868}, {""pair"": [2, 15, 0, 10], ""acc"": 1.3, ""vel"": 24.08, ""pos"": 19.2, ""error"": 0.11725439999967335}, {""pair"": [2, 15, 0, 10], ""acc"": 1.3, ""vel"": 24.08, ""pos"": 19.2, ""error"": 0.17311359999954945}], [{""pair"": [2, 15, 1, 10], ""acc"": 0.5, ""vel"": 24.1, ""pos"": 19.2, ""error"": 0.03407359999950188}, {""pair"": [2, 15, 1, 10], ""acc"": 0.5, ""vel"": 24.1, ""pos"": 19.2, ""error"": 0.09725439999967023}, {""pair"": [2, 15, 1, 10], ""acc"": 0.5, ""vel"": 24.1, ""pos"": 19.2, ""error"": 0.15311359999954632}], [{""pair"": [2, 15, 2, 10], ""acc"": 0.5, ""vel"": 24.08, ""pos"": 19.3, ""error"": 0.11567359999955329}, {""pair"": [2, 15, 2, 10], ""acc"": 0.5, ""vel"": 24.08, ""pos"": 19.3, ""error"": 0.21725439999967477}, {""pair"": [2, 15, 2, 10], ""acc"": 0.5, ""vel"": 24.08, ""pos"": 19.3, ""error"": 0.27311359999955087}]]","[[[3, 10, 1, 15], [0.5, 23.44, 22.4], 3.855673599999548], [[3, 10, 2, 15], [0.5, 24.08, 19.2], 0.015673599999551868], [[1, 15, 0, 10], [1.3, 23.44, 22.4], 3.855673599999548], [[1, 15, 1, 10], [0.5, 23.46, 22.4], 3.8356735999995486], [[1, 15, 2, 10], [0.5, 23.44, 22.5], 3.9556735999995496], [[2, 15, 0, 10], [1.3, 24.08, 19.2], 0.015673599999551868], [[2, 15, 1, 10], [0.5, 24.1, 19.2], 0.03407359999950188], [[2, 15, 2, 10], [0.5, 24.08, 19.3], 0.11567359999955329]]"
1.3,24.1,19.6,1.3,24.1,6.8,0.5,24.09,19.6,"[{""pair"": [0, 0, 0, 0], ""acc"": 0.5, ""vel"": 24.09, ""pos"": 19.6, ""error"": 0}]","[[0, 0, 0, 0]]",[],"[[[0, 0, 0, 0], [0.5, 24.09, 19.6], 0]]"
1.3,24.12,20.0,1.3,34.36,20.0,1.3,24.12,20.0,"[{""pair"": [0, 3, 2, 8], ""acc"": 1.3, ""vel"": 24.12, ""pos"": 20.0, ""error"": 0.031102249999904075}, {""pair"": [2, 3, 2, 8], ""acc"": 1.3, ""vel"": 34.36, ""pos"": 20.0, ""error"": 10.271102249999903}]","[[0, 3, 2, 8], [2, 3, 2, 8]]","[[{""pair"": [0, 3, 2, 8], ""acc"": 1.3, ""vel"": 24.12, ""pos"": 20.0, ""error"": 0.031102249999904075}], [{""pair"": [2, 3, 2, 8], ""acc"": 1.3, ""vel"": 34.36, ""pos"": 20.0, ""error"": 10.271102249999903}]]","[[[0, 3, 2, 8], [1.3, 24.12, 20.0], 0.031102249999904075], [[2, 3, 2, 8], [1.3, 34.36, 20.0], 10.271102249999903]]"
1.3,24.14,20.4,2.9,24.14,20.4,2.9,24.14,20.4,"[{""pair"": [0, 0, 0, 0], ""acc"": 2.9, ""vel"": 24.14, ""pos"": 20.4, ""error"": 0.014713599999552684}]","[[0, 0, 0, 0]]",[],"[[[0, 0, 0, 0], [2.9, 24.14, 20.4], 0]]"
