Quantized_Prec_Acc,Quantized_Prec_Vel,Quantized_Prec_Pos,Received_Prec_Acc,Received_Prec_Vel,Received_Prec_Pos,Mitigated_Prec_Acc,Mitigated_Prec_Vel,Mitigated_Prec_Pos,Miti_List,Perfect_Candidate_List,Miti_List_2D,All_Corrections
1.5,22.9,0.0,1.5,22.9,204.8,1.5,22.9,0.0,"[{""pair"": [3, 2, 1, 5], ""acc"": 1.5, ""vel"": 22.9, ""pos"": 0.0, ""error"": 0}, {""pair"": [3, 5, 2, 2], ""acc"": 1.5, ""vel"": 22.9, ""pos"": 204.8, ""error"": 0}, {""pair"": [2, 2, 1, 5], ""acc"": 1.5, ""vel"": 22.9, ""pos"": 0.0, ""error"": 0}]","[[3, 2, 1, 5], [3, 5, 2, 2], [2, 2, 1, 5]]",[],"[[[3, 2, 1, 5], [1.5, 22.9, 0.0], 0], [[3, 5, 2, 2], [1.5, 22.9, 204.8], 0], [[2, 2, 1, 5], [1.5, 22.9, 0.0], 0]]"
1.5,22.93,0.4,1.5,22.93,0.4,1.5,22.93,0.4,"[{""pair"": [3, 0, 2, 2], ""acc"": 1.5, ""vel"": 22.93, ""pos"": 0.4, ""error"": 0.0394079999995236}, {""pair"": [3, 2, 2, 0], ""acc"": 1.5, ""vel"": 22.93, ""pos"": 0.4, ""error"": 0.0394079999995236}, {""pair"": [2, 0, 2, 2], ""acc"": 1.5, ""vel"": 22.93, ""pos"": 0.4, ""error"": 0.0394079999995236}, {""pair"": [3, 2, 1, 0], ""acc"": 1.5, ""vel"": 22.93, ""pos"": 6.8, ""error"": 6.439407999999523}, {""pair"": [1, 0, 2, 2], ""acc"": 1.5, ""vel"": 22.93, ""pos"": 6.8, ""error"": 6.439407999999523}]","[[3, 0, 2, 2], [3, 2, 2, 0], [2, 0, 2, 2], [3, 2, 1, 0], [1, 0, 2, 2]]","[[{""pair"": [3, 0, 2, 2], ""acc"": 1.5, ""vel"": 22.93, ""pos"": 0.4, ""error"": 0.0394079999995236}, {""pair"": [3, 0, 2, 2], ""acc"": 1.5, ""vel"": 22.93, ""pos"": 0.4, ""error"": 204.77259200000043}, {""pair"": [3, 0, 2, 2], ""acc"": 1.5, ""vel"": 22.93, ""pos"": 0.4, ""error"": 0.0394079999995236}], [{""pair"": [3, 2, 1, 0], ""acc"": 1.5, ""vel"": 22.93, ""pos"": 6.8, ""error"": 6.439407999999523}, {""pair"": [3, 2, 1, 0], ""acc"": 1.5, ""vel"": 22.93, ""pos"": 6.8, ""error"": 198.37259200000042}, {""pair"": [3, 2, 1, 0], ""acc"": 1.5, ""vel"": 22.93, ""pos"": 6.8, ""error"": 6.439407999999523}], [{""pair"": [3, 2, 2, 0], ""acc"": 1.5, ""vel"": 22.93, ""pos"": 0.4, ""error"": 0.0394079999995236}, {""pair"": [3, 2, 2, 0], ""acc"": 1.5, ""vel"": 22.93, ""pos"": 0.4, ""error"": 204.77259200000043}, {""pair"": [3, 2, 2, 0], ""acc"": 1.5, ""vel"": 22.93, ""pos"": 0.4, ""error"": 0.0394079999995236}], [{""pair"": [1, 0, 2, 2], ""acc"": 1.5, ""vel"": 22.93, ""pos"": 6.8, ""error"": 6.439407999999523}, {""pair"": [1, 0, 2, 2], ""acc"": 1.5, ""vel"": 22.93, ""pos"": 6.8, ""error"": 198.37259200000042}, {""pair"": [1, 0, 2, 2], ""acc"": 1.5, ""vel"": 22.93, ""pos"": 6.8, ""error"": 6.439407999999523}], [{""pair"": [2, 0, 2, 2], ""acc"": 1.5, ""vel"": 22.93, ""pos"": 0.4, ""error"": 0.0394079999995236}, {""pair"": [2, 0, 2, 2], ""acc"": 1.5, ""vel"": 22.93, ""pos"": 0.4, ""error"": 204.77259200000043}, {""pair"": [2, 0, 2, 2], ""acc"": 1.5, ""vel"": 22.93, ""pos"": 0.4, ""error"": 0.0394079999995236}]]","[[[3, 0, 2, 2], [1.5, 22.93, 0.4], 0.0394079999995236], [[3, 2, 1, 0], [1.5, 22.93, 6.8], 6.439407999999523], [[3, 2, 2, 0], [1.5, 22.93, 0.4], 0.0394079999995236], [[1, 0, 2, 2], [1.5, 22.93, 6.8], 6.439407999999523], [[2, 0, 2, 2], [1.5, 22.93, 0.4], 0.0394079999995236]]"
1.5,22.96,0.8,1.5,22.8,0.8,1.5,22.96,0.8,"[{""pair"": [3, 2, 1, 13], ""acc"": 1.5, ""vel"": 22.96, ""pos"": 0.8, ""error"": 0.014473250000101245}, {""pair"": [3, 2, 0, 13], ""acc"": 7.9, ""vel"": 22.8, ""pos"": 0.8, ""error"": 0.16547325000008684}]","[[3, 2, 1, 13], [3, 2, 0, 13]]","[[{""pair"": [3, 2, 0, 13], ""acc"": 7.9, ""vel"": 22.8, ""pos"": 0.8, ""error"": 0.16547325000008684}, {""pair"": [3, 2, 0, 13], ""acc"": 7.9, ""vel"": 22.8, ""pos"": 0.8, ""error"": 0.16547325000008684}, {""pair"": [3, 2, 0, 13], ""acc"": 7.9, ""vel"": 22.8, ""pos"": 0.8, ""error"": 0.16547325000008684}, {""pair"": [3, 2, 0, 13], ""acc"": 7.9, ""vel"": 22.8, ""pos"": 0.8, ""error"": 6.545526749999899}, {""pair"": [3, 2, 0, 13], ""acc"": 7.9, ""vel"": 22.8, ""pos"": 0.8, ""error"": 6.545526749999899}], [{""pair"": [3, 2, 1, 13], ""acc"": 1.5, ""vel"": 22.96, ""pos"": 0.8, ""error"": 0.014473250000101245}, {""pair"": [3, 2, 1, 13], ""acc"": 1.5, ""vel"": 22.96, ""pos"": 0.8, ""error"": 0.014473250000101245}, {""pair"": [3, 2, 1, 13], ""acc"": 1.5, ""vel"": 22.96, ""pos"": 0.8, ""error"": 0.014473250000101245}, {""pair"": [3, 2, 1, 13], ""acc"": 1.5, ""vel"": 22.96, ""pos"": 0.8, ""error"": 6.394526749999914}, {""pair"": [3, 2, 1, 13], ""acc"": 1.5, ""vel"": 22.96, ""pos"": 0.8, ""error"": 6.394526749999914}]]","[[[3, 2, 0, 13], [7.9, 22.8, 0.8], 0.16547325000008684], [[3, 2, 1, 13], [1.5, 22.96, 0.8], 0.014473250000101245]]"
1.5,22.98,1.1,1.5,22.98,1.1,1.1,22.98,1.1,"[{""pair"": [2, 6, 0, 9], ""acc"": 1.1, ""vel"": 22.98, ""pos"": 1.1, ""error"": 0.0960367499999002}, {""pair"": [3, 9, 2, 6], ""acc"": 1.5, ""vel"": 22.98, ""pos"": 1.1, ""error"": 0.0960367499999002}]","[[2, 6, 0, 9], [3, 9, 2, 6]]","[[{""pair"": [3, 9, 2, 6], ""acc"": 1.5, ""vel"": 22.98, ""pos"": 1.1, ""error"": 0.0960367499999002}, {""pair"": [3, 9, 2, 6], ""acc"": 1.5, ""vel"": 22.98, ""pos"": 1.1, ""error"": 0.13444154999993807}], [{""pair"": [2, 6, 0, 9], ""acc"": 1.1, ""vel"": 22.98, ""pos"": 1.1, ""error"": 0.0960367499999002}, {""pair"": [2, 6, 0, 9], ""acc"": 1.1, ""vel"": 22.98, ""pos"": 1.1, ""error"": 0.13444154999993807}]]","[[[3, 9, 2, 6], [1.5, 22.98, 1.1], 0.0960367499999002], [[2, 6, 0, 9], [1.1, 22.98, 1.1], 0.0960367499999002]]"
1.5,23.01,1.5,1.5,23.01,14.3,1.5,23.01,1.5,"[{""pair"": [1, 1, 2, 6], ""acc"": 1.5, ""vel"": 23.01, ""pos"": 1.5, ""error"": 0.03812799999952188}]","[[1, 1, 2, 6]]","[[{""pair"": [1, 1, 2, 6], ""acc"": 1.5, ""vel"": 23.01, ""pos"": 1.5, ""error"": 0.04457919999952842}, {""pair"": [1, 1, 2, 6], ""acc"": 1.5, ""vel"": 23.01, ""pos"": 1.5, ""error"": 0.03812799999952188}]]","[[[1, 1, 2, 6], [1.5, 23.01, 1.5], 0.03812799999952188]]"
1.5,23.03,1.9,1.5,25.59,1.9,1.5,23.03,1.9,"[{""pair"": [3, 4, 0, 1], ""acc"": 1.5, ""vel"": 23.03, ""pos"": 1.9, ""error"": 0.014113250000088451}, {""pair"": [0, 1, 2, 4], ""acc"": 1.5, ""vel"": 23.03, ""pos"": 1.9, ""error"": 0.014113250000088451}, {""pair"": [3, 1, 2, 4], ""acc"": 1.5, ""vel"": 25.59, ""pos"": 1.9, ""error"": 2.5631132500000984}, {""pair"": [3, 1, 0, 4], ""acc"": 1.5, ""vel"": 5.11, ""pos"": 1.9, ""error"": 17.93411325000009}, {""pair"": [0, 1, 0, 4], ""acc"": 1.5, ""vel"": 2.55, ""pos"": 1.9, ""error"": 20.49411325000009}]","[[3, 4, 0, 1], [0, 1, 2, 4], [3, 1, 2, 4], [3, 1, 0, 4], [0, 1, 0, 4]]","[[{""pair"": [3, 1, 0, 4], ""acc"": 1.5, ""vel"": 5.11, ""pos"": 1.9, ""error"": 17.93411325000009}], [{""pair"": [3, 1, 2, 4], ""acc"": 1.5, ""vel"": 25.59, ""pos"": 1.9, ""error"": 2.5631132500000984}], [{""pair"": [3, 4, 0, 1], ""acc"": 1.5, ""vel"": 23.03, ""pos"": 1.9, ""error"": 0.014113250000088451}], [{""pair"": [0, 1, 0, 4], ""acc"": 1.5, ""vel"": 2.55, ""pos"": 1.9, ""error"": 20.49411325000009}], [{""pair"": [0, 1, 2, 4], ""acc"": 1.5, ""vel"": 23.03, ""pos"": 1.9, ""error"": 0.014113250000088451}]]","[[[3, 1, 0, 4], [1.5, 5.11, 1.9], 17.93411325000009], [[3, 1, 2, 4], [1.5, 25.59, 1.9], 2.5631132500000984], [[3, 4, 0, 1], [1.5, 23.03, 1.9], 0.014113250000088451], [[0, 1, 0, 4], [1.5, 2.55, 1.9], 20.49411325000009], [[0, 1, 2, 4], [1.5, 23.03, 1.9], 0.014113250000088451]]"
1.5,23.06,2.3000000000000003,1.5,23.04,2.3,1.5,23.06,2.3,"[{""pair"": [3, 14, 1, 10], ""acc"": 1.5, ""vel"": 23.06, ""pos"": 2.3, ""error"": 0.012773250000098102}, {""pair"": [3, 10, 1, 14], ""acc"": 1.5, ""vel"": 23.36, ""pos"": 2.3, ""error"": 0.3127732500000988}, {""pair"": [1, 10, 1, 14], ""acc"": 1.5, ""vel"": 23.38, ""pos"": 2.3, ""error"": 0.3327732500000984}]","[[3, 14, 1, 10], [3, 10, 1, 14], [1, 10, 1, 14]]","[[{""pair"": [3, 10, 0, 14], ""acc"": 14.3, ""vel"": 23.04, ""pos"": 2.3, ""error"": 0.02377325000009023}, {""pair"": [3, 10, 0, 14], ""acc"": 14.3, ""vel"": 23.04, ""pos"": 2.3, ""error"": 0.02377325000009023}, {""pair"": [3, 10, 0, 14], ""acc"": 14.3, ""vel"": 23.04, ""pos"": 2.3, ""error"": 2.61074674999989}, {""pair"": [3, 10, 0, 14], ""acc"": 14.3, ""vel"": 23.04, ""pos"": 2.3, ""error"": 18.21741325000003}, {""pair"": [3, 10, 0, 14], ""acc"": 14.3, ""vel"": 23.04, ""pos"": 2.3, ""error"": 20.820933250000014}], [{""pair"": [3, 10, 1, 14], ""acc"": 1.5, ""vel"": 23.36, ""pos"": 2.3, ""error"": 0.3127732500000988}, {""pair"": [3, 10, 1, 14], ""acc"": 1.5, ""vel"": 23.36, ""pos"": 2.3, ""error"": 0.3127732500000988}, {""pair"": [3, 10, 1, 14], ""acc"": 1.5, ""vel"": 23.36, ""pos"": 2.3, ""error"": 2.2907467499998897}, {""pair"": [3, 10, 1, 14], ""acc"": 1.5, ""vel"": 23.36, ""pos"": 2.3, ""error"": 18.53741325000003}, {""pair"": [3, 10, 1, 14], ""acc"": 1.5, ""vel"": 23.36, ""pos"": 2.3, ""error"": 21.140933250000014}], [{""pair"": [3, 14, 1, 10], ""acc"": 1.5, ""vel"": 23.06, ""pos"": 2.3, ""error"": 0.012773250000098102}, {""pair"": [3, 14, 1, 10], ""acc"": 1.5, ""vel"": 23.06, ""pos"": 2.3, ""error"": 0.012773250000098102}, {""pair"": [3, 14, 1, 10], ""acc"": 1.5, ""vel"": 23.06, ""pos"": 2.3, ""error"": 2.5907467499998904}, {""pair"": [3, 14, 1, 10], ""acc"": 1.5, ""vel"": 23.06, ""pos"": 2.3, ""error"": 18.237413250000028}, {""pair"": [3, 14, 1, 10], ""acc"": 1.5, ""vel"": 23.06, ""pos"": 2.3, ""error"": 20.840933250000013}], [{""pair"": [1, 10, 0, 14], ""acc"": 14.3, ""vel"": 23.06, ""pos"": 2.3, ""error"": 0.012773250000098102}, {""pair"": [1, 10, 0, 14], ""acc"": 14.3, ""vel"": 23.06, ""pos"": 2.3, ""error"": 0.012773250000098102}, {""pair"": [1, 10, 0, 14], ""acc"": 14.3, ""vel"": 23.06, ""pos"": 2.3, ""error"": 2.5907467499998904}, {""pair"": [1, 10, 0, 14], ""acc"": 14.3, ""vel"": 23.06, ""pos"": 2.3, ""error"": 18.237413250000028}, {""pair"": [1, 10, 0, 14], ""acc"": 14.3, ""vel"": 23.06, ""pos"": 2.3, ""error"": 20.840933250000013}], [{""pair"": [1, 10, 1, 14], ""acc"": 1.5, ""vel"": 23.38, ""pos"": 2.3, ""error"": 0.3327732500000984}, {""pair"": [1, 10, 1, 14], ""acc"": 1.5, ""vel"": 23.38, ""pos"": 2.3, ""error"": 0.3327732500000984}, {""pair"": [1, 10, 1, 14], ""acc"": 1.5, ""vel"": 23.38, ""pos"": 2.3, ""error"": 2.27074674999989}, {""pair"": [1, 10, 1, 14], ""acc"": 1.5, ""vel"": 23.38, ""pos"": 2.3, ""error"": 18.557413250000028}, {""pair"": [1, 10, 1, 14], ""acc"": 1.5, ""vel"": 23.38, ""pos"": 2.3, ""error"": 21.160933250000014}]]","[[[3, 10, 0, 14], [14.3, 23.04, 2.3], 0.02377325000009023], [[3, 10, 1, 14], [1.5, 23.36, 2.3], 0.3127732500000988], [[3, 14, 1, 10], [1.5, 23.06, 2.3], 0.012773250000098102], [[1, 10, 0, 14], [14.3, 23.06, 2.3], 0.012773250000098102], [[1, 10, 1, 14], [1.5, 23.38, 2.3], 0.3327732500000984]]"
1.5,23.08,2.7,1.5,23.08,2.7,1.1,23.08,2.7,"[{""pair"": [3, 13, 0, 9], ""acc"": 1.1, ""vel"": 23.08, ""pos"": 2.7, ""error"": 0.03484799999957877}, {""pair"": [3, 13, 2, 9], ""acc"": 1.5, ""vel"": 23.08, ""pos"": 2.7, ""error"": 0.03484799999957877}, {""pair"": [0, 9, 2, 13], ""acc"": 1.1, ""vel"": 23.08, ""pos"": 1.9, ""error"": 0.773152000000481}, {""pair"": [2, 9, 2, 13], ""acc"": 1.5, ""vel"": 23.08, ""pos"": 1.9, ""error"": 0.773152000000481}]","[[3, 13, 0, 9], [3, 13, 2, 9], [0, 9, 2, 13], [2, 9, 2, 13]]","[[{""pair"": [3, 13, 0, 9], ""acc"": 1.1, ""vel"": 23.08, ""pos"": 2.7, ""error"": 0.03484799999957877}, {""pair"": [3, 13, 0, 9], ""acc"": 1.1, ""vel"": 23.08, ""pos"": 2.7, ""error"": 0.33004799999957335}, {""pair"": [3, 13, 0, 9], ""acc"": 1.1, ""vel"": 23.08, ""pos"": 2.7, ""error"": 0.3497279999995726}], [{""pair"": [3, 13, 2, 9], ""acc"": 1.5, ""vel"": 23.08, ""pos"": 2.7, ""error"": 0.03484799999957877}, {""pair"": [3, 13, 2, 9], ""acc"": 1.5, ""vel"": 23.08, ""pos"": 2.7, ""error"": 0.33004799999957335}, {""pair"": [3, 13, 2, 9], ""acc"": 1.5, ""vel"": 23.08, ""pos"": 2.7, ""error"": 0.3497279999995726}], [{""pair"": [0, 9, 2, 13], ""acc"": 1.1, ""vel"": 23.08, ""pos"": 1.9, ""error"": 0.773152000000481}, {""pair"": [0, 9, 2, 13], ""acc"": 1.1, ""vel"": 23.08, ""pos"": 1.9, ""error"": 1.0779520000004879}, {""pair"": [0, 9, 2, 13], ""acc"": 1.1, ""vel"": 23.08, ""pos"": 1.9, ""error"": 1.0982720000004877}], [{""pair"": [2, 9, 2, 13], ""acc"": 1.5, ""vel"": 23.08, ""pos"": 1.9, ""error"": 0.773152000000481}, {""pair"": [2, 9, 2, 13], ""acc"": 1.5, ""vel"": 23.08, ""pos"": 1.9, ""error"": 1.0779520000004879}, {""pair"": [2, 9, 2, 13], ""acc"": 1.5, ""vel"": 23.08, ""pos"": 1.9, ""error"": 1.0982720000004877}]]","[[[3, 13, 0, 9], [1.1, 23.08, 2.7], 0.03484799999957877], [[3, 13, 2, 9], [1.5, 23.08, 2.7], 0.03484799999957877], [[0, 9, 2, 13], [1.1, 23.08, 1.9], 0.773152000000481], [[2, 9, 2, 13], [1.5, 23.08, 1.9], 0.773152000000481]]"
1.5,23.11,3.1,1.5,23.11,2.9,1.5,23.11,3.1,"[{""pair"": [3, 3, 2, 11], ""acc"": 1.5, ""vel"": 23.11, ""pos"": 3.1, ""error"": 0.01192325000010186}, {""pair"": [3, 3, 0, 11], ""acc"": 3.1, ""vel"": 23.11, ""pos"": 2.9, ""error"": 0.19707674999991287}, {""pair"": [0, 3, 2, 11], ""acc"": 1.5, ""vel"": 33.35, ""pos"": 3.1, ""error"": 10.251923250000104}, {""pair"": [0, 3, 0, 11], ""acc"": 3.1, ""vel"": 33.35, ""pos"": 2.9, ""error"": 10.437076749999914}, {""pair"": [1, 3, 0, 11], ""acc"": 3.1, ""vel"": 23.11, ""pos"": 54.1, ""error"": 51.0119232500001}, {""pair"": [1, 3, 2, 11], ""acc"": 1.5, ""vel"": 23.11, ""pos"": 54.3, ""error"": 51.2119232500001}]","[[3, 3, 2, 11], [3, 3, 0, 11], [0, 3, 2, 11], [0, 3, 0, 11], [1, 3, 0, 11], [1, 3, 2, 11]]","[[{""pair"": [3, 3, 0, 11], ""acc"": 3.1, ""vel"": 23.11, ""pos"": 2.9, ""error"": 0.20381894999991124}, {""pair"": [3, 3, 0, 11], ""acc"": 3.1, ""vel"": 23.11, ""pos"": 2.9, ""error"": 0.19707674999991287}, {""pair"": [3, 3, 0, 11], ""acc"": 3.1, ""vel"": 23.11, ""pos"": 2.9, ""error"": 0.6187810500001003}, {""pair"": [3, 3, 0, 11], ""acc"": 3.1, ""vel"": 23.11, ""pos"": 2.9, ""error"": 0.611923250000102}], [{""pair"": [3, 3, 2, 11], ""acc"": 1.5, ""vel"": 23.11, ""pos"": 3.1, ""error"": 0.01878105000010022}, {""pair"": [3, 3, 2, 11], ""acc"": 1.5, ""vel"": 23.11, ""pos"": 3.1, ""error"": 0.01192325000010186}, {""pair"": [3, 3, 2, 11], ""acc"": 1.5, ""vel"": 23.11, ""pos"": 3.1, ""error"": 0.8187810500001005}, {""pair"": [3, 3, 2, 11], ""acc"": 1.5, ""vel"": 23.11, ""pos"": 3.1, ""error"": 0.8119232500001021}], [{""pair"": [0, 3, 0, 11], ""acc"": 3.1, ""vel"": 33.35, ""pos"": 2.9, ""error"": 10.443818949999914}, {""pair"": [0, 3, 0, 11], ""acc"": 3.1, ""vel"": 33.35, ""pos"": 2.9, ""error"": 10.437076749999914}, {""pair"": [0, 3, 0, 11], ""acc"": 3.1, ""vel"": 33.35, ""pos"": 2.9, ""error"": 10.858781050000102}, {""pair"": [0, 3, 0, 11], ""acc"": 3.1, ""vel"": 33.35, ""pos"": 2.9, ""error"": 10.851923250000103}], [{""pair"": [0, 3, 2, 11], ""acc"": 1.5, ""vel"": 33.35, ""pos"": 3.1, ""error"": 10.258781050000103}, {""pair"": [0, 3, 2, 11], ""acc"": 1.5, ""vel"": 33.35, ""pos"": 3.1, ""error"": 10.251923250000104}, {""pair"": [0, 3, 2, 11], ""acc"": 1.5, ""vel"": 33.35, ""pos"": 3.1, ""error"": 11.058781050000103}, {""pair"": [0, 3, 2, 11], ""acc"": 1.5, ""vel"": 33.35, ""pos"": 3.1, ""error"": 11.051923250000105}], [{""pair"": [1, 3, 0, 11], ""acc"": 3.1, ""vel"": 23.11, ""pos"": 54.1, ""error"": 51.0187810500001}, {""pair"": [1, 3, 0, 11], ""acc"": 3.1, ""vel"": 23.11, ""pos"": 54.1, ""error"": 51.0119232500001}, {""pair"": [1, 3, 0, 11], ""acc"": 3.1, ""vel"": 23.11, ""pos"": 54.1, ""error"": 51.818781050000105}, {""pair"": [1, 3, 0, 11], ""acc"": 3.1, ""vel"": 23.11, ""pos"": 54.1, ""error"": 51.811923250000106}], [{""pair"": [1, 3, 2, 11], ""acc"": 1.5, ""vel"": 23.11, ""pos"": 54.3, ""error"": 51.218781050000096}, {""pair"": [1, 3, 2, 11], ""acc"": 1.5, ""vel"": 23.11, ""pos"": 54.3, ""error"": 51.2119232500001}, {""pair"": [1, 3, 2, 11], ""acc"": 1.5, ""vel"": 23.11, ""pos"": 54.3, ""error"": 52.0187810500001}, {""pair"": [1, 3, 2, 11], ""acc"": 1.5, ""vel"": 23.11, ""pos"": 54.3, ""error"": 52.0119232500001}]]","[[[3, 3, 0, 11], [3.1, 23.11, 2.9], 0.19707674999991287], [[3, 3, 2, 11], [1.5, 23.11, 3.1], 0.01192325000010186], [[0, 3, 0, 11], [3.1, 33.35, 2.9], 10.437076749999914], [[0, 3, 2, 11], [1.5, 33.35, 3.1], 10.251923250000104], [[1, 3, 0, 11], [3.1, 23.11, 54.1], 51.0119232500001], [[1, 3, 2, 11], [1.5, 23.11, 54.3], 51.2119232500001]]"
1.5,23.13,3.5,1.5,23.13,9.9,1.5,23.13,3.5,"[{""pair"": [3, 1, 1, 0], ""acc"": 1.5, ""vel"": 23.13, ""pos"": 3.5, ""error"": 0.012413250000089082}, {""pair"": [1, 0, 2, 1], ""acc"": 1.5, ""vel"": 23.13, ""pos"": 3.5, ""error"": 0.012413250000089082}, {""pair"": [3, 0, 2, 1], ""acc"": 1.5, ""vel"": 23.13, ""pos"": 9.9, ""error"": 6.412413250000089}, {""pair"": [3, 1, 2, 0], ""acc"": 1.5, ""vel"": 23.13, ""pos"": 9.9, ""error"": 6.412413250000089}, {""pair"": [2, 0, 2, 1], ""acc"": 1.5, ""vel"": 23.13, ""pos"": 9.9, ""error"": 6.412413250000089}, {""pair"": [1, 0, 1, 1], ""acc"": 1.5, ""vel"": 23.13, ""pos"": 16.3, ""error"": 12.81241325000009}, {""pair"": [3, 0, 1, 1], ""acc"": 1.5, ""vel"": 23.13, ""pos"": 22.7, ""error"": 19.21241325000009}, {""pair"": [2, 0, 1, 1], ""acc"": 1.5, ""vel"": 23.13, ""pos"": 22.7, ""error"": 19.21241325000009}]","[[3, 1, 1, 0], [1, 0, 2, 1], [3, 0, 2, 1], [3, 1, 2, 0], [2, 0, 2, 1], [1, 0, 1, 1], [3, 0, 1, 1], [2, 0, 1, 1]]","[[{""pair"": [3, 0, 1, 1], ""acc"": 1.5, ""vel"": 23.13, ""pos"": 22.7, ""error"": 19.21241325000009}, {""pair"": [3, 0, 1, 1], ""acc"": 1.5, ""vel"": 23.13, ""pos"": 22.7, ""error"": 19.43938205000008}, {""pair"": [3, 0, 1, 1], ""acc"": 1.5, ""vel"": 23.13, ""pos"": 22.7, ""error"": 29.27833325000013}, {""pair"": [3, 0, 1, 1], ""acc"": 1.5, ""vel"": 23.13, ""pos"": 22.7, ""error"": 29.505302050000125}, {""pair"": [3, 0, 1, 1], ""acc"": 1.5, ""vel"": 23.13, ""pos"": 22.7, ""error"": 31.826017949999894}, {""pair"": [3, 0, 1, 1], ""acc"": 1.5, ""vel"": 23.13, ""pos"": 22.7, ""error"": 31.998586749999895}], [{""pair"": [3, 0, 2, 1], ""acc"": 1.5, ""vel"": 23.13, ""pos"": 9.9, ""error"": 6.412413250000089}, {""pair"": [3, 0, 2, 1], ""acc"": 1.5, ""vel"": 23.13, ""pos"": 9.9, ""error"": 6.6393820500000835}, {""pair"": [3, 0, 2, 1], ""acc"": 1.5, ""vel"": 23.13, ""pos"": 9.9, ""error"": 16.478333250000134}, {""pair"": [3, 0, 2, 1], ""acc"": 1.5, ""vel"": 23.13, ""pos"": 9.9, ""error"": 16.705302050000128}, {""pair"": [3, 0, 2, 1], ""acc"": 1.5, ""vel"": 23.13, ""pos"": 9.9, ""error"": 44.62601794999989}, {""pair"": [3, 0, 2, 1], ""acc"": 1.5, ""vel"": 23.13, ""pos"": 9.9, ""error"": 44.7985867499999}], [{""pair"": [3, 1, 1, 0], ""acc"": 1.5, ""vel"": 23.13, ""pos"": 3.5, ""error"": 0.012413250000089082}, {""pair"": [3, 1, 1, 0], ""acc"": 1.5, ""vel"": 23.13, ""pos"": 3.5, ""error"": 0.23938205000008272}, {""pair"": [3, 1, 1, 0], ""acc"": 1.5, ""vel"": 23.13, ""pos"": 3.5, ""error"": 10.41266674999986}, {""pair"": [3, 1, 1, 0], ""acc"": 1.5, ""vel"": 23.13, ""pos"": 3.5, ""error"": 10.305302050000126}, {""pair"": [3, 1, 1, 0], ""acc"": 1.5, ""vel"": 23.13, ""pos"": 3.5, ""error"": 51.0260179499999}, {""pair"": [3, 1, 1, 0], ""acc"": 1.5, ""vel"": 23.13, ""pos"": 3.5, ""error"": 51.19858674999989}], [{""pair"": [3, 1, 2, 0], ""acc"": 1.5, ""vel"": 23.13, ""pos"": 9.9, ""error"": 6.412413250000089}, {""pair"": [3, 1, 2, 0], ""acc"": 1.5, ""vel"": 23.13, ""pos"": 9.9, ""error"": 6.6393820500000835}, {""pair"": [3, 1, 2, 0], ""acc"": 1.5, ""vel"": 23.13, ""pos"": 9.9, ""error"": 16.478333250000134}, {""pair"": [3, 1, 2, 0], ""acc"": 1.5, ""vel"": 23.13, ""pos"": 9.9, ""error"": 16.705302050000128}, {""pair"": [3, 1, 2, 0], ""acc"": 1.5, ""vel"": 23.13, ""pos"": 9.9, ""error"": 44.62601794999989}, {""pair"": [3, 1, 2, 0], ""acc"": 1.5, ""vel"": 23.13, ""pos"": 9.9, ""error"": 44.7985867499999}], [{""pair"": [0, 15, 1, 15], ""acc"": -24.1, ""vel"": 23.77, ""pos"": 9.9, ""error"": 7.041413250000101}, {""pair"": [0, 15, 1, 15], ""acc"": -24.1, ""vel"": 23.77, ""pos"": 9.9, ""error"": 7.213982050000109}, {""pair"": [0, 15, 1, 15], ""acc"": -24.1, ""vel"": 23.77, ""pos"": 9.9, ""error"": 15.838333250000133}, {""pair"": [0, 15, 1, 15], ""acc"": -24.1, ""vel"": 23.77, ""pos"": 9.9, ""error"": 16.065302050000128}, {""pair"": [0, 15, 1, 15], ""acc"": -24.1, ""vel"": 23.77, ""pos"": 9.9, ""error"": 45.20061794999992}, {""pair"": [0, 15, 1, 15], ""acc"": -24.1, ""vel"": 23.77, ""pos"": 9.9, ""error"": 45.427586749999904}], [{""pair"": [1, 15, 0, 15], ""acc"": -24.1, ""vel"": 23.77, ""pos"": 9.9, ""error"": 7.041413250000101}, {""pair"": [1, 15, 0, 15], ""acc"": -24.1, ""vel"": 23.77, ""pos"": 9.9, ""error"": 7.213982050000109}, {""pair"": [1, 15, 0, 15], ""acc"": -24.1, ""vel"": 23.77, ""pos"": 9.9, ""error"": 15.838333250000133}, {""pair"": [1, 15, 0, 15], ""acc"": -24.1, ""vel"": 23.77, ""pos"": 9.9, ""error"": 16.065302050000128}, {""pair"": [1, 15, 0, 15], ""acc"": -24.1, ""vel"": 23.77, ""pos"": 9.9, ""error"": 45.20061794999992}, {""pair"": [1, 15, 0, 15], ""acc"": -24.1, ""vel"": 23.77, ""pos"": 9.9, ""error"": 45.427586749999904}], [{""pair"": [1, 0, 1, 1], ""acc"": 1.5, ""vel"": 23.13, ""pos"": 16.3, ""error"": 12.81241325000009}, {""pair"": [1, 0, 1, 1], ""acc"": 1.5, ""vel"": 23.13, ""pos"": 16.3, ""error"": 13.039382050000084}, {""pair"": [1, 0, 1, 1], ""acc"": 1.5, ""vel"": 23.13, ""pos"": 16.3, ""error"": 22.878333250000132}, {""pair"": [1, 0, 1, 1], ""acc"": 1.5, ""vel"": 23.13, ""pos"": 16.3, ""error"": 23.105302050000127}, {""pair"": [1, 0, 1, 1], ""acc"": 1.5, ""vel"": 23.13, ""pos"": 16.3, ""error"": 38.2260179499999}, {""pair"": [1, 0, 1, 1], ""acc"": 1.5, ""vel"": 23.13, ""pos"": 16.3, ""error"": 38.39858674999989}], [{""pair"": [1, 0, 2, 1], ""acc"": 1.5, ""vel"": 23.13, ""pos"": 3.5, ""error"": 0.012413250000089082}, {""pair"": [1, 0, 2, 1], ""acc"": 1.5, ""vel"": 23.13, ""pos"": 3.5, ""error"": 0.23938205000008272}, {""pair"": [1, 0, 2, 1], ""acc"": 1.5, ""vel"": 23.13, ""pos"": 3.5, ""error"": 10.41266674999986}, {""pair"": [1, 0, 2, 1], ""acc"": 1.5, ""vel"": 23.13, ""pos"": 3.5, ""error"": 10.305302050000126}, {""pair"": [1, 0, 2, 1], ""acc"": 1.5, ""vel"": 23.13, ""pos"": 3.5, ""error"": 51.0260179499999}, {""pair"": [1, 0, 2, 1], ""acc"": 1.5, ""vel"": 23.13, ""pos"": 3.5, ""error"": 51.19858674999989}], [{""pair"": [2, 0, 1, 1], ""acc"": 1.5, ""vel"": 23.13, ""pos"": 22.7, ""error"": 19.21241325000009}, {""pair"": [2, 0, 1, 1], ""acc"": 1.5, ""vel"": 23.13, ""pos"": 22.7, ""error"": 19.43938205000008}, {""pair"": [2, 0, 1, 1], ""acc"": 1.5, ""vel"": 23.13, ""pos"": 22.7, ""error"": 29.27833325000013}, {""pair"": [2, 0, 1, 1], ""acc"": 1.5, ""vel"": 23.13, ""pos"": 22.7, ""error"": 29.505302050000125}, {""pair"": [2, 0, 1, 1], ""acc"": 1.5, ""vel"": 23.13, ""pos"": 22.7, ""error"": 31.826017949999894}, {""pair"": [2, 0, 1, 1], ""acc"": 1.5, ""vel"": 23.13, ""pos"": 22.7, ""error"": 31.998586749999895}], [{""pair"": [2, 0, 2, 1], ""acc"": 1.5, ""vel"": 23.13, ""pos"": 9.9, ""error"": 6.412413250000089}, {""pair"": [2, 0, 2, 1], ""acc"": 1.5, ""vel"": 23.13, ""pos"": 9.9, ""error"": 6.6393820500000835}, {""pair"": [2, 0, 2, 1], ""acc"": 1.5, ""vel"": 23.13, ""pos"": 9.9, ""error"": 16.478333250000134}, {""pair"": [2, 0, 2, 1], ""acc"": 1.5, ""vel"": 23.13, ""pos"": 9.9, ""error"": 16.705302050000128}, {""pair"": [2, 0, 2, 1], ""acc"": 1.5, ""vel"": 23.13, ""pos"": 9.9, ""error"": 44.62601794999989}, {""pair"": [2, 0, 2, 1], ""acc"": 1.5, ""vel"": 23.13, ""pos"": 9.9, ""error"": 44.7985867499999}]]","[[[3, 0, 1, 1], [1.5, 23.13, 22.7], 19.21241325000009], [[3, 0, 2, 1], [1.5, 23.13, 9.9], 6.412413250000089], [[3, 1, 1, 0], [1.5, 23.13, 3.5], 0.012413250000089082], [[3, 1, 2, 0], [1.5, 23.13, 9.9], 6.412413250000089], [[0, 15, 1, 15], [-24.1, 23.77, 9.9], 7.041413250000101], [[1, 15, 0, 15], [-24.1, 23.77, 9.9], 7.041413250000101], [[1, 0, 1, 1], [1.5, 23.13, 16.3], 12.81241325000009], [[1, 0, 2, 1], [1.5, 23.13, 3.5], 0.012413250000089082], [[2, 0, 1, 1], [1.5, 23.13, 22.7], 19.21241325000009], [[2, 0, 2, 1], [1.5, 23.13, 9.9], 6.412413250000089]]"
1.5,23.16,3.8,1.5,24.44,1642.2,1.5,23.16,3.8,"[{""pair"": [0, 0, 1, 8], ""acc"": 1.5, ""vel"": 23.16, ""pos"": 3.8, ""error"": 0.07627200000042489}, {""pair"": [0, 0, 0, 8], ""acc"": 1.3, ""vel"": 23.16, ""pos"": 1642.2, ""error"": 1619.1357279999997}, {""pair"": [3, 8, 0, 0], ""acc"": 1.5, ""vel"": 23.16, ""pos"": 1642.2, ""error"": 1619.1357279999997}]","[[0, 0, 1, 8], [0, 0, 0, 8], [3, 8, 0, 0]]","[[{""pair"": [3, 8, 0, 0], ""acc"": 1.5, ""vel"": 23.16, ""pos"": 1642.2, ""error"": 1638.3357279999996}, {""pair"": [3, 8, 0, 0], ""acc"": 1.5, ""vel"": 23.16, ""pos"": 1642.2, ""error"": 1638.3357279999996}, {""pair"": [3, 8, 0, 0], ""acc"": 1.5, ""vel"": 23.16, ""pos"": 1642.2, ""error"": 1631.9357279999995}, {""pair"": [3, 8, 0, 0], ""acc"": 1.5, ""vel"": 23.16, ""pos"": 1642.2, ""error"": 1631.9357279999995}, {""pair"": [3, 8, 0, 0], ""acc"": 1.5, ""vel"": 23.16, ""pos"": 1642.2, ""error"": 1631.9357279999995}, {""pair"": [3, 8, 0, 0], ""acc"": 1.5, ""vel"": 23.16, ""pos"": 1642.2, ""error"": 1625.5357279999994}, {""pair"": [3, 8, 0, 0], ""acc"": 1.5, ""vel"": 23.16, ""pos"": 1642.2, ""error"": 1619.1357279999997}, {""pair"": [3, 8, 0, 0], ""acc"": 1.5, ""vel"": 23.16, ""pos"": 1642.2, ""error"": 1619.1357279999997}], [{""pair"": [0, 0, 0, 8], ""acc"": 1.3, ""vel"": 23.16, ""pos"": 1642.2, ""error"": 1638.3357279999996}, {""pair"": [0, 0, 0, 8], ""acc"": 1.3, ""vel"": 23.16, ""pos"": 1642.2, ""error"": 1638.3357279999996}, {""pair"": [0, 0, 0, 8], ""acc"": 1.3, ""vel"": 23.16, ""pos"": 1642.2, ""error"": 1631.9357279999995}, {""pair"": [0, 0, 0, 8], ""acc"": 1.3, ""vel"": 23.16, ""pos"": 1642.2, ""error"": 1631.9357279999995}, {""pair"": [0, 0, 0, 8], ""acc"": 1.3, ""vel"": 23.16, ""pos"": 1642.2, ""error"": 1631.9357279999995}, {""pair"": [0, 0, 0, 8], ""acc"": 1.3, ""vel"": 23.16, ""pos"": 1642.2, ""error"": 1625.5357279999994}, {""pair"": [0, 0, 0, 8], ""acc"": 1.3, ""vel"": 23.16, ""pos"": 1642.2, ""error"": 1619.1357279999997}, {""pair"": [0, 0, 0, 8], ""acc"": 1.3, ""vel"": 23.16, ""pos"": 1642.2, ""error"": 1619.1357279999997}], [{""pair"": [0, 0, 1, 8], ""acc"": 1.5, ""vel"": 23.16, ""pos"": 3.8, ""error"": 0.07627200000042489}, {""pair"": [0, 0, 1, 8], ""acc"": 1.5, ""vel"": 23.16, ""pos"": 3.8, ""error"": 0.07627200000042489}, {""pair"": [0, 0, 1, 8], ""acc"": 1.5, ""vel"": 23.16, ""pos"": 3.8, ""error"": 6.476272000000425}, {""pair"": [0, 0, 1, 8], ""acc"": 1.5, ""vel"": 23.16, ""pos"": 3.8, ""error"": 6.476272000000425}, {""pair"": [0, 0, 1, 8], ""acc"": 1.5, ""vel"": 23.16, ""pos"": 3.8, ""error"": 6.476272000000425}, {""pair"": [0, 0, 1, 8], ""acc"": 1.5, ""vel"": 23.16, ""pos"": 3.8, ""error"": 12.876272000000426}, {""pair"": [0, 0, 1, 8], ""acc"": 1.5, ""vel"": 23.16, ""pos"": 3.8, ""error"": 19.276272000000425}, {""pair"": [0, 0, 1, 8], ""acc"": 1.5, ""vel"": 23.16, ""pos"": 3.8, ""error"": 19.276272000000425}]]","[[[3, 8, 0, 0], [1.5, 23.16, 1642.2], 1619.1357279999997], [[0, 0, 0, 8], [1.3, 23.16, 1642.2], 1619.1357279999997], [[0, 0, 1, 8], [1.5, 23.16, 3.8], 0.07627200000042489]]"
1.5,23.19,4.2,1.5,24.47,4.2,1.4,23.19,4.2,"[{""pair"": [0, 0, 0, 7], ""acc"": 1.4, ""vel"": 23.19, ""pos"": 4.2, ""error"": 0.01056325000010272}, {""pair"": [3, 7, 0, 0], ""acc"": 1.5, ""vel"": 23.19, ""pos"": 4.2, ""error"": 0.01056325000010272}, {""pair"": [0, 0, 2, 7], ""acc"": 1.5, ""vel"": 23.19, ""pos"": 4.2, ""error"": 0.01056325000010272}, {""pair"": [3, 0, 0, 7], ""acc"": 1.4, ""vel"": 24.47, ""pos"": 4.2, ""error"": 1.2905632500001003}, {""pair"": [2, 0, 0, 7], ""acc"": 1.4, ""vel"": 24.47, ""pos"": 4.2, ""error"": 1.2905632500001003}, {""pair"": [3, 0, 2, 7], ""acc"": 1.5, ""vel"": 24.47, ""pos"": 4.2, ""error"": 1.2905632500001003}, {""pair"": [3, 7, 2, 0], ""acc"": 1.5, ""vel"": 24.47, ""pos"": 4.2, ""error"": 1.2905632500001003}, {""pair"": [2, 0, 2, 7], ""acc"": 1.5, ""vel"": 24.47, ""pos"": 4.2, ""error"": 1.2905632500001003}]","[[0, 0, 0, 7], [3, 7, 0, 0], [0, 0, 2, 7], [3, 0, 0, 7], [2, 0, 0, 7], [3, 0, 2, 7], [3, 7, 2, 0], [2, 0, 2, 7]]","[[{""pair"": [3, 0, 0, 7], ""acc"": 1.4, ""vel"": 24.47, ""pos"": 4.2, ""error"": 1.2905632500001003}, {""pair"": [3, 0, 0, 7], ""acc"": 1.4, ""vel"": 24.47, ""pos"": 4.2, ""error"": 1639.6818078499998}, {""pair"": [3, 0, 0, 7], ""acc"": 1.4, ""vel"": 24.47, ""pos"": 4.2, ""error"": 1639.6784367499997}], [{""pair"": [3, 0, 2, 7], ""acc"": 1.5, ""vel"": 24.47, ""pos"": 4.2, ""error"": 1.2905632500001003}, {""pair"": [3, 0, 2, 7], ""acc"": 1.5, ""vel"": 24.47, ""pos"": 4.2, ""error"": 1639.6818078499998}, {""pair"": [3, 0, 2, 7], ""acc"": 1.5, ""vel"": 24.47, ""pos"": 4.2, ""error"": 1639.6784367499997}], [{""pair"": [3, 7, 0, 0], ""acc"": 1.5, ""vel"": 23.19, ""pos"": 4.2, ""error"": 0.01056325000010272}, {""pair"": [3, 7, 0, 0], ""acc"": 1.5, ""vel"": 23.19, ""pos"": 4.2, ""error"": 1638.4018078499998}, {""pair"": [3, 7, 0, 0], ""acc"": 1.5, ""vel"": 23.19, ""pos"": 4.2, ""error"": 1638.3984367499997}], [{""pair"": [3, 7, 2, 0], ""acc"": 1.5, ""vel"": 24.47, ""pos"": 4.2, ""error"": 1.2905632500001003}, {""pair"": [3, 7, 2, 0], ""acc"": 1.5, ""vel"": 24.47, ""pos"": 4.2, ""error"": 1639.6818078499998}, {""pair"": [3, 7, 2, 0], ""acc"": 1.5, ""vel"": 24.47, ""pos"": 4.2, ""error"": 1639.6784367499997}], [{""pair"": [0, 0, 0, 7], ""acc"": 1.4, ""vel"": 23.19, ""pos"": 4.2, ""error"": 0.01056325000010272}, {""pair"": [0, 0, 0, 7], ""acc"": 1.4, ""vel"": 23.19, ""pos"": 4.2, ""error"": 1638.4018078499998}, {""pair"": [0, 0, 0, 7], ""acc"": 1.4, ""vel"": 23.19, ""pos"": 4.2, ""error"": 1638.3984367499997}], [{""pair"": [0, 0, 2, 7], ""acc"": 1.5, ""vel"": 23.19, ""pos"": 4.2, ""error"": 0.01056325000010272}, {""pair"": [0, 0, 2, 7], ""acc"": 1.5, ""vel"": 23.19, ""pos"": 4.2, ""error"": 1638.4018078499998}, {""pair"": [0, 0, 2, 7], ""acc"": 1.5, ""vel"": 23.19, ""pos"": 4.2, ""error"": 1638.3984367499997}], [{""pair"": [2, 0, 0, 7], ""acc"": 1.4, ""vel"": 24.47, ""pos"": 4.2, ""error"": 1.2905632500001003}, {""pair"": [2, 0, 0, 7], ""acc"": 1.4, ""vel"": 24.47, ""pos"": 4.2, ""error"": 1639.6818078499998}, {""pair"": [2, 0, 0, 7], ""acc"": 1.4, ""vel"": 24.47, ""pos"": 4.2, ""error"": 1639.6784367499997}], [{""pair"": [2, 0, 2, 7], ""acc"": 1.5, ""vel"": 24.47, ""pos"": 4.2, ""error"": 1.2905632500001003}, {""pair"": [2, 0, 2, 7], ""acc"": 1.5, ""vel"": 24.47, ""pos"": 4.2, ""error"": 1639.6818078499998}, {""pair"": [2, 0, 2, 7], ""acc"": 1.5, ""vel"": 24.47, ""pos"": 4.2, ""error"": 1639.6784367499997}]]","[[[3, 0, 0, 7], [1.4, 24.47, 4.2], 1.2905632500001003], [[3, 0, 2, 7], [1.5, 24.47, 4.2], 1.2905632500001003], [[3, 7, 0, 0], [1.5, 23.19, 4.2], 0.01056325000010272], [[3, 7, 2, 0], [1.5, 24.47, 4.2], 1.2905632500001003], [[0, 0, 0, 7], [1.4, 23.19, 4.2], 0.01056325000010272], [[0, 0, 2, 7], [1.5, 23.19, 4.2], 0.01056325000010272], [[2, 0, 0, 7], [1.4, 24.47, 4.2], 1.2905632500001003], [[2, 0, 2, 7], [1.5, 24.47, 4.2], 1.2905632500001003]]"
1.5,23.21,4.6000000000000005,1.5,23.21,17.4,1.5,23.21,4.6,"[{""pair"": [3, 4, 1, 1], ""acc"": 1.5, ""vel"": 23.21, ""pos"": 4.6, ""error"": 0.00936770000008913}, {""pair"": [1, 1, 2, 4], ""acc"": 1.5, ""vel"": 23.21, ""pos"": 4.6, ""error"": 0.00936770000008913}, {""pair"": [3, 4, 0, 1], ""acc"": 1.5, ""vel"": 20.65, ""pos"": 17.4, ""error"": 15.36936770000009}, {""pair"": [0, 1, 2, 4], ""acc"": 1.5, ""vel"": 20.65, ""pos"": 17.4, ""error"": 15.36936770000009}, {""pair"": [1, 1, 1, 4], ""acc"": 1.5, ""vel"": 23.21, ""pos"": 107.0, ""error"": 102.40936770000009}, {""pair"": [0, 1, 1, 4], ""acc"": 1.5, ""vel"": 20.65, ""pos"": 119.8, ""error"": 117.76936770000009}]","[[3, 4, 1, 1], [1, 1, 2, 4], [3, 4, 0, 1], [0, 1, 2, 4], [1, 1, 1, 4], [0, 1, 1, 4]]","[[{""pair"": [3, 4, 0, 1], ""acc"": 1.5, ""vel"": 20.65, ""pos"": 17.4, ""error"": 15.36936770000009}, {""pair"": [3, 4, 0, 1], ""acc"": 1.5, ""vel"": 20.65, ""pos"": 17.4, ""error"": 15.37105325000009}, {""pair"": [3, 4, 0, 1], ""acc"": 1.5, ""vel"": 20.65, ""pos"": 17.4, ""error"": 15.37105325000009}, {""pair"": [3, 4, 0, 1], ""acc"": 1.5, ""vel"": 20.65, ""pos"": 17.4, ""error"": 16.627607700000095}, {""pair"": [3, 4, 0, 1], ""acc"": 1.5, ""vel"": 20.65, ""pos"": 17.4, ""error"": 16.627607700000095}, {""pair"": [3, 4, 0, 1], ""acc"": 1.5, ""vel"": 20.65, ""pos"": 17.4, ""error"": 16.629293250000092}, {""pair"": [3, 4, 0, 1], ""acc"": 1.5, ""vel"": 20.65, ""pos"": 17.4, ""error"": 16.629293250000092}, {""pair"": [3, 4, 0, 1], ""acc"": 1.5, ""vel"": 20.65, ""pos"": 17.4, ""error"": 16.629293250000092}], [{""pair"": [3, 4, 1, 1], ""acc"": 1.5, ""vel"": 23.21, ""pos"": 4.6, ""error"": 0.00936770000008913}, {""pair"": [3, 4, 1, 1], ""acc"": 1.5, ""vel"": 23.21, ""pos"": 4.6, ""error"": 0.01105325000008861}, {""pair"": [3, 4, 1, 1], ""acc"": 1.5, ""vel"": 23.21, ""pos"": 4.6, ""error"": 0.01105325000008861}, {""pair"": [3, 4, 1, 1], ""acc"": 1.5, ""vel"": 23.21, ""pos"": 4.6, ""error"": 1.299992299999892}, {""pair"": [3, 4, 1, 1], ""acc"": 1.5, ""vel"": 23.21, ""pos"": 4.6, ""error"": 1.299992299999892}, {""pair"": [3, 4, 1, 1], ""acc"": 1.5, ""vel"": 23.21, ""pos"": 4.6, ""error"": 1.3017067499998918}, {""pair"": [3, 4, 1, 1], ""acc"": 1.5, ""vel"": 23.21, ""pos"": 4.6, ""error"": 1.3017067499998918}, {""pair"": [3, 4, 1, 1], ""acc"": 1.5, ""vel"": 23.21, ""pos"": 4.6, ""error"": 1.3017067499998918}], [{""pair"": [0, 1, 1, 4], ""acc"": 1.5, ""vel"": 20.65, ""pos"": 119.8, ""error"": 117.76936770000009}, {""pair"": [0, 1, 1, 4], ""acc"": 1.5, ""vel"": 20.65, ""pos"": 119.8, ""error"": 117.7710532500001}, {""pair"": [0, 1, 1, 4], ""acc"": 1.5, ""vel"": 20.65, ""pos"": 119.8, ""error"": 117.7710532500001}, {""pair"": [0, 1, 1, 4], ""acc"": 1.5, ""vel"": 20.65, ""pos"": 119.8, ""error"": 119.02760770000009}, {""pair"": [0, 1, 1, 4], ""acc"": 1.5, ""vel"": 20.65, ""pos"": 119.8, ""error"": 119.02760770000009}, {""pair"": [0, 1, 1, 4], ""acc"": 1.5, ""vel"": 20.65, ""pos"": 119.8, ""error"": 119.02929325000008}, {""pair"": [0, 1, 1, 4], ""acc"": 1.5, ""vel"": 20.65, ""pos"": 119.8, ""error"": 119.02929325000008}, {""pair"": [0, 1, 1, 4], ""acc"": 1.5, ""vel"": 20.65, ""pos"": 119.8, ""error"": 119.02929325000008}], [{""pair"": [0, 1, 2, 4], ""acc"": 1.5, ""vel"": 20.65, ""pos"": 17.4, ""error"": 15.36936770000009}, {""pair"": [0, 1, 2, 4], ""acc"": 1.5, ""vel"": 20.65, ""pos"": 17.4, ""error"": 15.37105325000009}, {""pair"": [0, 1, 2, 4], ""acc"": 1.5, ""vel"": 20.65, ""pos"": 17.4, ""error"": 15.37105325000009}, {""pair"": [0, 1, 2, 4], ""acc"": 1.5, ""vel"": 20.65, ""pos"": 17.4, ""error"": 16.627607700000095}, {""pair"": [0, 1, 2, 4], ""acc"": 1.5, ""vel"": 20.65, ""pos"": 17.4, ""error"": 16.627607700000095}, {""pair"": [0, 1, 2, 4], ""acc"": 1.5, ""vel"": 20.65, ""pos"": 17.4, ""error"": 16.629293250000092}, {""pair"": [0, 1, 2, 4], ""acc"": 1.5, ""vel"": 20.65, ""pos"": 17.4, ""error"": 16.629293250000092}, {""pair"": [0, 1, 2, 4], ""acc"": 1.5, ""vel"": 20.65, ""pos"": 17.4, ""error"": 16.629293250000092}], [{""pair"": [1, 1, 1, 4], ""acc"": 1.5, ""vel"": 23.21, ""pos"": 107.0, ""error"": 102.40936770000009}, {""pair"": [1, 1, 1, 4], ""acc"": 1.5, ""vel"": 23.21, ""pos"": 107.0, ""error"": 102.4110532500001}, {""pair"": [1, 1, 1, 4], ""acc"": 1.5, ""vel"": 23.21, ""pos"": 107.0, ""error"": 102.4110532500001}, {""pair"": [1, 1, 1, 4], ""acc"": 1.5, ""vel"": 23.21, ""pos"": 107.0, ""error"": 103.6676077000001}, {""pair"": [1, 1, 1, 4], ""acc"": 1.5, ""vel"": 23.21, ""pos"": 107.0, ""error"": 103.6676077000001}, {""pair"": [1, 1, 1, 4], ""acc"": 1.5, ""vel"": 23.21, ""pos"": 107.0, ""error"": 103.6692932500001}, {""pair"": [1, 1, 1, 4], ""acc"": 1.5, ""vel"": 23.21, ""pos"": 107.0, ""error"": 103.6692932500001}, {""pair"": [1, 1, 1, 4], ""acc"": 1.5, ""vel"": 23.21, ""pos"": 107.0, ""error"": 103.6692932500001}], [{""pair"": [1, 1, 2, 4], ""acc"": 1.5, ""vel"": 23.21, ""pos"": 4.6, ""error"": 0.00936770000008913}, {""pair"": [1, 1, 2, 4], ""acc"": 1.5, ""vel"": 23.21, ""pos"": 4.6, ""error"": 0.01105325000008861}, {""pair"": [1, 1, 2, 4], ""acc"": 1.5, ""vel"": 23.21, ""pos"": 4.6, ""error"": 0.01105325000008861}, {""pair"": [1, 1, 2, 4], ""acc"": 1.5, ""vel"": 23.21, ""pos"": 4.6, ""error"": 1.299992299999892}, {""pair"": [1, 1, 2, 4], ""acc"": 1.5, ""vel"": 23.21, ""pos"": 4.6, ""error"": 1.299992299999892}, {""pair"": [1, 1, 2, 4], ""acc"": 1.5, ""vel"": 23.21, ""pos"": 4.6, ""error"": 1.3017067499998918}, {""pair"": [1, 1, 2, 4], ""acc"": 1.5, ""vel"": 23.21, ""pos"": 4.6, ""error"": 1.3017067499998918}, {""pair"": [1, 1, 2, 4], ""acc"": 1.5, ""vel"": 23.21, ""pos"": 4.6, ""error"": 1.3017067499998918}]]","[[[3, 4, 0, 1], [1.5, 20.65, 17.4], 15.36936770000009], [[3, 4, 1, 1], [1.5, 23.21, 4.6], 0.00936770000008913], [[0, 1, 1, 4], [1.5, 20.65, 119.8], 117.76936770000009], [[0, 1, 2, 4], [1.5, 20.65, 17.4], 15.36936770000009], [[1, 1, 1, 4], [1.5, 23.21, 107.0], 102.40936770000009], [[1, 1, 2, 4], [1.5, 23.21, 4.6], 0.00936770000008913]]"
1.5,23.24,5.0,3.1,23.24,1.8,1.5,23.24,5.0,"[{""pair"": [0, 11, 2, 15], ""acc"": 1.5, ""vel"": 23.24, ""pos"": 5.0, ""error"": 0.03444800000092041}, {""pair"": [3, 11, 2, 15], ""acc"": 3.1, ""vel"": 23.24, ""pos"": 5.0, ""error"": 0.03444800000092041}, {""pair"": [1, 11, 2, 15], ""acc"": 3.1, ""vel"": 23.2, ""pos"": 5.0, ""error"": 0.06244800000081252}, {""pair"": [2, 11, 2, 15], ""acc"": 3.1, ""vel"": 23.24, ""pos"": 4.8, ""error"": 0.1775519999991868}, {""pair"": [3, 15, 0, 11], ""acc"": 1.5, ""vel"": 23.24, ""pos"": 1.8, ""error"": 3.177551999999187}, {""pair"": [3, 15, 1, 11], ""acc"": 3.1, ""vel"": 23.2, ""pos"": 1.8, ""error"": 3.205551999999079}, {""pair"": [3, 15, 2, 11], ""acc"": 3.1, ""vel"": 23.24, ""pos"": 1.6, ""error"": 3.3775519999991865}, {""pair"": [1, 11, 1, 15], ""acc"": 3.1, ""vel"": 23.84, ""pos"": 1.8, ""error"": 3.7775519999991882}, {""pair"": [0, 11, 1, 15], ""acc"": 1.5, ""vel"": 23.88, ""pos"": 1.8, ""error"": 3.8175519999991874}, {""pair"": [3, 11, 1, 15], ""acc"": 3.1, ""vel"": 23.88, ""pos"": 1.8, ""error"": 3.8175519999991874}, {""pair"": [2, 11, 1, 15], ""acc"": 3.1, ""vel"": 23.88, ""pos"": 1.6, ""error"": 4.017551999999187}]","[[0, 11, 2, 15], [3, 11, 2, 15], [1, 11, 2, 15], [2, 11, 2, 15], [3, 15, 0, 11], [3, 15, 1, 11], [3, 15, 2, 11], [1, 11, 1, 15], [0, 11, 1, 15], [3, 11, 1, 15], [2, 11, 1, 15]]","[[{""pair"": [3, 11, 0, 15], ""acc"": -22.5, ""vel"": 23.24, ""pos"": 1.8, ""error"": 3.177551999999187}, {""pair"": [3, 11, 0, 15], ""acc"": -22.5, ""vel"": 23.24, ""pos"": 1.8, ""error"": 3.177551999999187}, {""pair"": [3, 11, 0, 15], ""acc"": -22.5, ""vel"": 23.24, ""pos"": 1.8, ""error"": 18.496591999999282}, {""pair"": [3, 11, 0, 15], ""acc"": -22.5, ""vel"": 23.24, ""pos"": 1.8, ""error"": 18.496591999999282}, {""pair"": [3, 11, 0, 15], ""acc"": -22.5, ""vel"": 23.24, ""pos"": 1.8, ""error"": 105.57755199999919}, {""pair"": [3, 11, 0, 15], ""acc"": -22.5, ""vel"": 23.24, ""pos"": 1.8, ""error"": 120.89659199999929}], [{""pair"": [3, 11, 1, 15], ""acc"": 3.1, ""vel"": 23.88, ""pos"": 1.8, ""error"": 3.8175519999991874}, {""pair"": [3, 11, 1, 15], ""acc"": 3.1, ""vel"": 23.88, ""pos"": 1.8, ""error"": 3.8175519999991874}, {""pair"": [3, 11, 1, 15], ""acc"": 3.1, ""vel"": 23.88, ""pos"": 1.8, ""error"": 19.136591999999283}, {""pair"": [3, 11, 1, 15], ""acc"": 3.1, ""vel"": 23.88, ""pos"": 1.8, ""error"": 19.136591999999283}, {""pair"": [3, 11, 1, 15], ""acc"": 3.1, ""vel"": 23.88, ""pos"": 1.8, ""error"": 106.21755199999919}, {""pair"": [3, 11, 1, 15], ""acc"": 3.1, ""vel"": 23.88, ""pos"": 1.8, ""error"": 121.53659199999929}], [{""pair"": [3, 11, 2, 15], ""acc"": 3.1, ""vel"": 23.24, ""pos"": 5.0, ""error"": 0.03444800000092041}, {""pair"": [3, 11, 2, 15], ""acc"": 3.1, ""vel"": 23.24, ""pos"": 5.0, ""error"": 0.03444800000092041}, {""pair"": [3, 11, 2, 15], ""acc"": 3.1, ""vel"": 23.24, ""pos"": 5.0, ""error"": 15.296591999999283}, {""pair"": [3, 11, 2, 15], ""acc"": 3.1, ""vel"": 23.24, ""pos"": 5.0, ""error"": 15.296591999999283}, {""pair"": [3, 11, 2, 15], ""acc"": 3.1, ""vel"": 23.24, ""pos"": 5.0, ""error"": 102.37755199999918}, {""pair"": [3, 11, 2, 15], ""acc"": 3.1, ""vel"": 23.24, ""pos"": 5.0, ""error"": 117.69659199999928}], [{""pair"": [3, 15, 0, 11], ""acc"": 1.5, ""vel"": 23.24, ""pos"": 1.8, ""error"": 3.177551999999187}, {""pair"": [3, 15, 0, 11], ""acc"": 1.5, ""vel"": 23.24, ""pos"": 1.8, ""error"": 3.177551999999187}, {""pair"": [3, 15, 0, 11], ""acc"": 1.5, ""vel"": 23.24, ""pos"": 1.8, ""error"": 18.496591999999282}, {""pair"": [3, 15, 0, 11], ""acc"": 1.5, ""vel"": 23.24, ""pos"": 1.8, ""error"": 18.496591999999282}, {""pair"": [3, 15, 0, 11], ""acc"": 1.5, ""vel"": 23.24, ""pos"": 1.8, ""error"": 105.57755199999919}, {""pair"": [3, 15, 0, 11], ""acc"": 1.5, ""vel"": 23.24, ""pos"": 1.8, ""error"": 120.89659199999929}], [{""pair"": [3, 15, 1, 11], ""acc"": 3.1, ""vel"": 23.2, ""pos"": 1.8, ""error"": 3.205551999999079}, {""pair"": [3, 15, 1, 11], ""acc"": 3.1, ""vel"": 23.2, ""pos"": 1.8, ""error"": 3.205551999999079}, {""pair"": [3, 15, 1, 11], ""acc"": 3.1, ""vel"": 23.2, ""pos"": 1.8, ""error"": 18.456591999999283}, {""pair"": [3, 15, 1, 11], ""acc"": 3.1, ""vel"": 23.2, ""pos"": 1.8, ""error"": 18.456591999999283}, {""pair"": [3, 15, 1, 11], ""acc"": 3.1, ""vel"": 23.2, ""pos"": 1.8, ""error"": 105.60555199999908}, {""pair"": [3, 15, 1, 11], ""acc"": 3.1, ""vel"": 23.2, ""pos"": 1.8, ""error"": 120.85659199999928}], [{""pair"": [3, 15, 2, 11], ""acc"": 3.1, ""vel"": 23.24, ""pos"": 1.6, ""error"": 3.3775519999991865}, {""pair"": [3, 15, 2, 11], ""acc"": 3.1, ""vel"": 23.24, ""pos"": 1.6, ""error"": 3.3775519999991865}, {""pair"": [3, 15, 2, 11], ""acc"": 3.1, ""vel"": 23.24, ""pos"": 1.6, ""error"": 18.69659199999928}, {""pair"": [3, 15, 2, 11], ""acc"": 3.1, ""vel"": 23.24, ""pos"": 1.6, ""error"": 18.69659199999928}, {""pair"": [3, 15, 2, 11], ""acc"": 3.1, ""vel"": 23.24, ""pos"": 1.6, ""error"": 105.77755199999919}, {""pair"": [3, 15, 2, 11], ""acc"": 3.1, ""vel"": 23.24, ""pos"": 1.6, ""error"": 121.09659199999929}], [{""pair"": [0, 11, 0, 15], ""acc"": -24.1, ""vel"": 23.24, ""pos"": 1.8, ""error"": 3.177551999999187}, {""pair"": [0, 11, 0, 15], ""acc"": -24.1, ""vel"": 23.24, ""pos"": 1.8, ""error"": 3.177551999999187}, {""pair"": [0, 11, 0, 15], ""acc"": -24.1, ""vel"": 23.24, ""pos"": 1.8, ""error"": 18.496591999999282}, {""pair"": [0, 11, 0, 15], ""acc"": -24.1, ""vel"": 23.24, ""pos"": 1.8, ""error"": 18.496591999999282}, {""pair"": [0, 11, 0, 15], ""acc"": -24.1, ""vel"": 23.24, ""pos"": 1.8, ""error"": 105.57755199999919}, {""pair"": [0, 11, 0, 15], ""acc"": -24.1, ""vel"": 23.24, ""pos"": 1.8, ""error"": 120.89659199999929}], [{""pair"": [0, 11, 1, 15], ""acc"": 1.5, ""vel"": 23.88, ""pos"": 1.8, ""error"": 3.8175519999991874}, {""pair"": [0, 11, 1, 15], ""acc"": 1.5, ""vel"": 23.88, ""pos"": 1.8, ""error"": 3.8175519999991874}, {""pair"": [0, 11, 1, 15], ""acc"": 1.5, ""vel"": 23.88, ""pos"": 1.8, ""error"": 19.136591999999283}, {""pair"": [0, 11, 1, 15], ""acc"": 1.5, ""vel"": 23.88, ""pos"": 1.8, ""error"": 19.136591999999283}, {""pair"": [0, 11, 1, 15], ""acc"": 1.5, ""vel"": 23.88, ""pos"": 1.8, ""error"": 106.21755199999919}, {""pair"": [0, 11, 1, 15], ""acc"": 1.5, ""vel"": 23.88, ""pos"": 1.8, ""error"": 121.53659199999929}], [{""pair"": [0, 11, 2, 15], ""acc"": 1.5, ""vel"": 23.24, ""pos"": 5.0, ""error"": 0.03444800000092041}, {""pair"": [0, 11, 2, 15], ""acc"": 1.5, ""vel"": 23.24, ""pos"": 5.0, ""error"": 0.03444800000092041}, {""pair"": [0, 11, 2, 15], ""acc"": 1.5, ""vel"": 23.24, ""pos"": 5.0, ""error"": 15.296591999999283}, {""pair"": [0, 11, 2, 15], ""acc"": 1.5, ""vel"": 23.24, ""pos"": 5.0, ""error"": 15.296591999999283}, {""pair"": [0, 11, 2, 15], ""acc"": 1.5, ""vel"": 23.24, ""pos"": 5.0, ""error"": 102.37755199999918}, {""pair"": [0, 11, 2, 15], ""acc"": 1.5, ""vel"": 23.24, ""pos"": 5.0, ""error"": 117.69659199999928}], [{""pair"": [1, 11, 0, 15], ""acc"": -22.5, ""vel"": 23.2, ""pos"": 1.8, ""error"": 3.205551999999079}, {""pair"": [1, 11, 0, 15], ""acc"": -22.5, ""vel"": 23.2, ""pos"": 1.8, ""error"": 3.205551999999079}, {""pair"": [1, 11, 0, 15], ""acc"": -22.5, ""vel"": 23.2, ""pos"": 1.8, ""error"": 18.456591999999283}, {""pair"": [1, 11, 0, 15], ""acc"": -22.5, ""vel"": 23.2, ""pos"": 1.8, ""error"": 18.456591999999283}, {""pair"": [1, 11, 0, 15], ""acc"": -22.5, ""vel"": 23.2, ""pos"": 1.8, ""error"": 105.60555199999908}, {""pair"": [1, 11, 0, 15], ""acc"": -22.5, ""vel"": 23.2, ""pos"": 1.8, ""error"": 120.85659199999928}], [{""pair"": [1, 11, 1, 15], ""acc"": 3.1, ""vel"": 23.84, ""pos"": 1.8, ""error"": 3.7775519999991882}, {""pair"": [1, 11, 1, 15], ""acc"": 3.1, ""vel"": 23.84, ""pos"": 1.8, ""error"": 3.7775519999991882}, {""pair"": [1, 11, 1, 15], ""acc"": 3.1, ""vel"": 23.84, ""pos"": 1.8, ""error"": 19.096591999999283}, {""pair"": [1, 11, 1, 15], ""acc"": 3.1, ""vel"": 23.84, ""pos"": 1.8, ""error"": 19.096591999999283}, {""pair"": [1, 11, 1, 15], ""acc"": 3.1, ""vel"": 23.84, ""pos"": 1.8, ""error"": 106.17755199999918}, {""pair"": [1, 11, 1, 15], ""acc"": 3.1, ""vel"": 23.84, ""pos"": 1.8, ""error"": 121.49659199999928}], [{""pair"": [1, 11, 2, 15], ""acc"": 3.1, ""vel"": 23.2, ""pos"": 5.0, ""error"": 0.06244800000081252}, {""pair"": [1, 11, 2, 15], ""acc"": 3.1, ""vel"": 23.2, ""pos"": 5.0, ""error"": 0.06244800000081252}, {""pair"": [1, 11, 2, 15], ""acc"": 3.1, ""vel"": 23.2, ""pos"": 5.0, ""error"": 15.256591999999284}, {""pair"": [1, 11, 2, 15], ""acc"": 3.1, ""vel"": 23.2, ""pos"": 5.0, ""error"": 15.256591999999284}, {""pair"": [1, 11, 2, 15], ""acc"": 3.1, ""vel"": 23.2, ""pos"": 5.0, ""error"": 102.40555199999908}, {""pair"": [1, 11, 2, 15], ""acc"": 3.1, ""vel"": 23.2, ""pos"": 5.0, ""error"": 117.65659199999928}], [{""pair"": [2, 11, 0, 15], ""acc"": -22.5, ""vel"": 23.24, ""pos"": 1.6, ""error"": 3.3775519999991865}, {""pair"": [2, 11, 0, 15], ""acc"": -22.5, ""vel"": 23.24, ""pos"": 1.6, ""error"": 3.3775519999991865}, {""pair"": [2, 11, 0, 15], ""acc"": -22.5, ""vel"": 23.24, ""pos"": 1.6, ""error"": 18.69659199999928}, {""pair"": [2, 11, 0, 15], ""acc"": -22.5, ""vel"": 23.24, ""pos"": 1.6, ""error"": 18.69659199999928}, {""pair"": [2, 11, 0, 15], ""acc"": -22.5, ""vel"": 23.24, ""pos"": 1.6, ""error"": 105.77755199999919}, {""pair"": [2, 11, 0, 15], ""acc"": -22.5, ""vel"": 23.24, ""pos"": 1.6, ""error"": 121.09659199999929}], [{""pair"": [2, 11, 1, 15], ""acc"": 3.1, ""vel"": 23.88, ""pos"": 1.6, ""error"": 4.017551999999187}, {""pair"": [2, 11, 1, 15], ""acc"": 3.1, ""vel"": 23.88, ""pos"": 1.6, ""error"": 4.017551999999187}, {""pair"": [2, 11, 1, 15], ""acc"": 3.1, ""vel"": 23.88, ""pos"": 1.6, ""error"": 19.336591999999282}, {""pair"": [2, 11, 1, 15], ""acc"": 3.1, ""vel"": 23.88, ""pos"": 1.6, ""error"": 19.336591999999282}, {""pair"": [2, 11, 1, 15], ""acc"": 3.1, ""vel"": 23.88, ""pos"": 1.6, ""error"": 106.41755199999919}, {""pair"": [2, 11, 1, 15], ""acc"": 3.1, ""vel"": 23.88, ""pos"": 1.6, ""error"": 121.73659199999929}], [{""pair"": [2, 11, 2, 15], ""acc"": 3.1, ""vel"": 23.24, ""pos"": 4.8, ""error"": 0.1775519999991868}, {""pair"": [2, 11, 2, 15], ""acc"": 3.1, ""vel"": 23.24, ""pos"": 4.8, ""error"": 0.1775519999991868}, {""pair"": [2, 11, 2, 15], ""acc"": 3.1, ""vel"": 23.24, ""pos"": 4.8, ""error"": 15.496591999999282}, {""pair"": [2, 11, 2, 15], ""acc"": 3.1, ""vel"": 23.24, ""pos"": 4.8, ""error"": 15.496591999999282}, {""pair"": [2, 11, 2, 15], ""acc"": 3.1, ""vel"": 23.24, ""pos"": 4.8, ""error"": 102.57755199999919}, {""pair"": [2, 11, 2, 15], ""acc"": 3.1, ""vel"": 23.24, ""pos"": 4.8, ""error"": 117.89659199999929}]]","[[[3, 11, 0, 15], [-22.5, 23.24, 1.8], 3.177551999999187], [[3, 11, 1, 15], [3.1, 23.88, 1.8], 3.8175519999991874], [[3, 11, 2, 15], [3.1, 23.24, 5.0], 0.03444800000092041], [[3, 15, 0, 11], [1.5, 23.24, 1.8], 3.177551999999187], [[3, 15, 1, 11], [3.1, 23.2, 1.8], 3.205551999999079], [[3, 15, 2, 11], [3.1, 23.24, 1.6], 3.3775519999991865], [[0, 11, 0, 15], [-24.1, 23.24, 1.8], 3.177551999999187], [[0, 11, 1, 15], [1.5, 23.88, 1.8], 3.8175519999991874], [[0, 11, 2, 15], [1.5, 23.24, 5.0], 0.03444800000092041], [[1, 11, 0, 15], [-22.5, 23.2, 1.8], 3.205551999999079], [[1, 11, 1, 15], [3.1, 23.84, 1.8], 3.7775519999991882], [[1, 11, 2, 15], [3.1, 23.2, 5.0], 0.06244800000081252], [[2, 11, 0, 15], [-22.5, 23.24, 1.6], 3.3775519999991865], [[2, 11, 1, 15], [3.1, 23.88, 1.6], 4.017551999999187], [[2, 11, 2, 15], [3.1, 23.24, 4.8], 0.1775519999991868]]"
1.5,23.26,5.4,1.5,23.26,6.2,1.5,23.26,5.4,"[{""pair"": [3, 2, 2, 13], ""acc"": 1.5, ""vel"": 23.26, ""pos"": 5.4, ""error"": 0.01020325000008615}, {""pair"": [3, 2, 1, 13], ""acc"": 1.5, ""vel"": 23.1, ""pos"": 6.2, ""error"": 0.9578520500000804}, {""pair"": [0, 2, 2, 13], ""acc"": 1.5, ""vel"": 28.38, ""pos"": 5.4, ""error"": 5.091772050000109}, {""pair"": [0, 2, 1, 13], ""acc"": 1.5, ""vel"": 28.22, ""pos"": 6.2, ""error"": 5.731772050000108}, {""pair"": [3, 13, 0, 2], ""acc"": 1.5, ""vel"": 28.38, ""pos"": 6.2, ""error"": 5.8917720500001085}, {""pair"": [1, 2, 2, 13], ""acc"": 1.5, ""vel"": 23.26, ""pos"": 31.0, ""error"": 25.610203250000087}, {""pair"": [3, 13, 1, 2], ""acc"": 1.5, ""vel"": 23.26, ""pos"": 31.8, ""error"": 26.410203250000087}, {""pair"": [1, 2, 1, 13], ""acc"": 1.5, ""vel"": 23.1, ""pos"": 31.8, ""error"": 26.557852050000083}]","[[3, 2, 2, 13], [3, 2, 1, 13], [0, 2, 2, 13], [0, 2, 1, 13], [3, 13, 0, 2], [1, 2, 2, 13], [3, 13, 1, 2], [1, 2, 1, 13]]","[[{""pair"": [3, 2, 1, 13], ""acc"": 1.5, ""vel"": 23.1, ""pos"": 6.2, ""error"": 0.9702032500000861}, {""pair"": [3, 2, 1, 13], ""acc"": 1.5, ""vel"": 23.1, ""pos"": 6.2, ""error"": 0.9971720500000796}, {""pair"": [3, 2, 1, 13], ""acc"": 1.5, ""vel"": 23.1, ""pos"": 6.2, ""error"": 0.9578520500000804}, {""pair"": [3, 2, 1, 13], ""acc"": 1.5, ""vel"": 23.1, ""pos"": 6.2, ""error"": 1.1971720500000798}, {""pair"": [3, 2, 1, 13], ""acc"": 1.5, ""vel"": 23.1, ""pos"": 6.2, ""error"": 4.170203250000086}, {""pair"": [3, 2, 1, 13], ""acc"": 1.5, ""vel"": 23.1, ""pos"": 6.2, ""error"": 4.157852050000081}, {""pair"": [3, 2, 1, 13], ""acc"": 1.5, ""vel"": 23.1, ""pos"": 6.2, ""error"": 4.39717205000008}, {""pair"": [3, 2, 1, 13], ""acc"": 1.5, ""vel"": 23.1, ""pos"": 6.2, ""error"": 4.786972050000084}, {""pair"": [3, 2, 1, 13], ""acc"": 1.5, ""vel"": 23.1, ""pos"": 6.2, ""error"": 4.799323250000089}, {""pair"": [3, 2, 1, 13], ""acc"": 1.5, ""vel"": 23.1, ""pos"": 6.2, ""error"": 4.826292050000083}, {""pair"": [3, 2, 1, 13], ""acc"": 1.5, ""vel"": 23.1, ""pos"": 6.2, ""error"": 5.026292050000083}], [{""pair"": [3, 2, 2, 13], ""acc"": 1.5, ""vel"": 23.26, ""pos"": 5.4, ""error"": 0.01020325000008615}, {""pair"": [3, 2, 2, 13], ""acc"": 1.5, ""vel"": 23.26, ""pos"": 5.4, ""error"": 0.037172050000079615}, {""pair"": [3, 2, 2, 13], ""acc"": 1.5, ""vel"": 23.26, ""pos"": 5.4, ""error"": 0.012452050000110404}, {""pair"": [3, 2, 2, 13], ""acc"": 1.5, ""vel"": 23.26, ""pos"": 5.4, ""error"": 0.2371720500000798}, {""pair"": [3, 2, 2, 13], ""acc"": 1.5, ""vel"": 23.26, ""pos"": 5.4, ""error"": 3.2102032500000863}, {""pair"": [3, 2, 2, 13], ""acc"": 1.5, ""vel"": 23.26, ""pos"": 5.4, ""error"": 3.2124520500001106}, {""pair"": [3, 2, 2, 13], ""acc"": 1.5, ""vel"": 23.26, ""pos"": 5.4, ""error"": 3.43717205000008}, {""pair"": [3, 2, 2, 13], ""acc"": 1.5, ""vel"": 23.26, ""pos"": 5.4, ""error"": 3.8269720500000837}, {""pair"": [3, 2, 2, 13], ""acc"": 1.5, ""vel"": 23.26, ""pos"": 5.4, ""error"": 3.8393232500000893}, {""pair"": [3, 2, 2, 13], ""acc"": 1.5, ""vel"": 23.26, ""pos"": 5.4, ""error"": 3.866292050000083}, {""pair"": [3, 2, 2, 13], ""acc"": 1.5, ""vel"": 23.26, ""pos"": 5.4, ""error"": 4.066292050000083}], [{""pair"": [3, 13, 0, 2], ""acc"": 1.5, ""vel"": 28.38, ""pos"": 6.2, ""error"": 5.919203250000102}, {""pair"": [3, 13, 0, 2], ""acc"": 1.5, ""vel"": 28.38, ""pos"": 6.2, ""error"": 5.8917720500001085}, {""pair"": [3, 13, 0, 2], ""acc"": 1.5, ""vel"": 28.38, ""pos"": 6.2, ""error"": 5.932452050000108}, {""pair"": [3, 13, 0, 2], ""acc"": 1.5, ""vel"": 28.38, ""pos"": 6.2, ""error"": 6.091772050000109}, {""pair"": [3, 13, 0, 2], ""acc"": 1.5, ""vel"": 28.38, ""pos"": 6.2, ""error"": 9.119203250000101}, {""pair"": [3, 13, 0, 2], ""acc"": 1.5, ""vel"": 28.38, ""pos"": 6.2, ""error"": 9.132452050000108}, {""pair"": [3, 13, 0, 2], ""acc"": 1.5, ""vel"": 28.38, ""pos"": 6.2, ""error"": 9.291772050000109}, {""pair"": [3, 13, 0, 2], ""acc"": 1.5, ""vel"": 28.38, ""pos"": 6.2, ""error"": 8.48157205000011}, {""pair"": [3, 13, 0, 2], ""acc"": 1.5, ""vel"": 28.38, ""pos"": 6.2, ""error"": 8.468323250000104}, {""pair"": [3, 13, 0, 2], ""acc"": 1.5, ""vel"": 28.38, ""pos"": 6.2, ""error"": 8.44089205000011}, {""pair"": [3, 13, 0, 2], ""acc"": 1.5, ""vel"": 28.38, ""pos"": 6.2, ""error"": 8.640892050000112}], [{""pair"": [3, 13, 1, 2], ""acc"": 1.5, ""vel"": 23.26, ""pos"": 31.8, ""error"": 26.410203250000087}, {""pair"": [3, 13, 1, 2], ""acc"": 1.5, ""vel"": 23.26, ""pos"": 31.8, ""error"": 26.43717205000008}, {""pair"": [3, 13, 1, 2], ""acc"": 1.5, ""vel"": 23.26, ""pos"": 31.8, ""error"": 26.412452050000113}, {""pair"": [3, 13, 1, 2], ""acc"": 1.5, ""vel"": 23.26, ""pos"": 31.8, ""error"": 26.637172050000082}, {""pair"": [3, 13, 1, 2], ""acc"": 1.5, ""vel"": 23.26, ""pos"": 31.8, ""error"": 29.610203250000087}, {""pair"": [3, 13, 1, 2], ""acc"": 1.5, ""vel"": 23.26, ""pos"": 31.8, ""error"": 29.612452050000112}, {""pair"": [3, 13, 1, 2], ""acc"": 1.5, ""vel"": 23.26, ""pos"": 31.8, ""error"": 29.83717205000008}, {""pair"": [3, 13, 1, 2], ""acc"": 1.5, ""vel"": 23.26, ""pos"": 31.8, ""error"": 30.226972050000086}, {""pair"": [3, 13, 1, 2], ""acc"": 1.5, ""vel"": 23.26, ""pos"": 31.8, ""error"": 30.23932325000009}, {""pair"": [3, 13, 1, 2], ""acc"": 1.5, ""vel"": 23.26, ""pos"": 31.8, ""error"": 30.266292050000082}, {""pair"": [3, 13, 1, 2], ""acc"": 1.5, ""vel"": 23.26, ""pos"": 31.8, ""error"": 30.466292050000085}], [{""pair"": [0, 2, 1, 13], ""acc"": 1.5, ""vel"": 28.22, ""pos"": 6.2, ""error"": 5.759203250000102}, {""pair"": [0, 2, 1, 13], ""acc"": 1.5, ""vel"": 28.22, ""pos"": 6.2, ""error"": 5.731772050000108}, {""pair"": [0, 2, 1, 13], ""acc"": 1.5, ""vel"": 28.22, ""pos"": 6.2, ""error"": 5.7724520500001075}, {""pair"": [0, 2, 1, 13], ""acc"": 1.5, ""vel"": 28.22, ""pos"": 6.2, ""error"": 5.9317720500001085}, {""pair"": [0, 2, 1, 13], ""acc"": 1.5, ""vel"": 28.22, ""pos"": 6.2, ""error"": 8.959203250000101}, {""pair"": [0, 2, 1, 13], ""acc"": 1.5, ""vel"": 28.22, ""pos"": 6.2, ""error"": 8.972452050000108}, {""pair"": [0, 2, 1, 13], ""acc"": 1.5, ""vel"": 28.22, ""pos"": 6.2, ""error"": 9.131772050000109}, {""pair"": [0, 2, 1, 13], ""acc"": 1.5, ""vel"": 28.22, ""pos"": 6.2, ""error"": 8.32157205000011}, {""pair"": [0, 2, 1, 13], ""acc"": 1.5, ""vel"": 28.22, ""pos"": 6.2, ""error"": 8.308323250000104}, {""pair"": [0, 2, 1, 13], ""acc"": 1.5, ""vel"": 28.22, ""pos"": 6.2, ""error"": 8.28089205000011}, {""pair"": [0, 2, 1, 13], ""acc"": 1.5, ""vel"": 28.22, ""pos"": 6.2, ""error"": 8.480892050000111}], [{""pair"": [0, 2, 2, 13], ""acc"": 1.5, ""vel"": 28.38, ""pos"": 5.4, ""error"": 5.119203250000102}, {""pair"": [0, 2, 2, 13], ""acc"": 1.5, ""vel"": 28.38, ""pos"": 5.4, ""error"": 5.091772050000109}, {""pair"": [0, 2, 2, 13], ""acc"": 1.5, ""vel"": 28.38, ""pos"": 5.4, ""error"": 5.132452050000108}, {""pair"": [0, 2, 2, 13], ""acc"": 1.5, ""vel"": 28.38, ""pos"": 5.4, ""error"": 5.291772050000109}, {""pair"": [0, 2, 2, 13], ""acc"": 1.5, ""vel"": 28.38, ""pos"": 5.4, ""error"": 8.319203250000102}, {""pair"": [0, 2, 2, 13], ""acc"": 1.5, ""vel"": 28.38, ""pos"": 5.4, ""error"": 8.332452050000107}, {""pair"": [0, 2, 2, 13], ""acc"": 1.5, ""vel"": 28.38, ""pos"": 5.4, ""error"": 8.491772050000108}, {""pair"": [0, 2, 2, 13], ""acc"": 1.5, ""vel"": 28.38, ""pos"": 5.4, ""error"": 7.68157205000011}, {""pair"": [0, 2, 2, 13], ""acc"": 1.5, ""vel"": 28.38, ""pos"": 5.4, ""error"": 7.668323250000104}, {""pair"": [0, 2, 2, 13], ""acc"": 1.5, ""vel"": 28.38, ""pos"": 5.4, ""error"": 7.640892050000111}, {""pair"": [0, 2, 2, 13], ""acc"": 1.5, ""vel"": 28.38, ""pos"": 5.4, ""error"": 7.840892050000111}], [{""pair"": [1, 2, 1, 13], ""acc"": 1.5, ""vel"": 23.1, ""pos"": 31.8, ""error"": 26.570203250000088}, {""pair"": [1, 2, 1, 13], ""acc"": 1.5, ""vel"": 23.1, ""pos"": 31.8, ""error"": 26.59717205000008}, {""pair"": [1, 2, 1, 13], ""acc"": 1.5, ""vel"": 23.1, ""pos"": 31.8, ""error"": 26.557852050000083}, {""pair"": [1, 2, 1, 13], ""acc"": 1.5, ""vel"": 23.1, ""pos"": 31.8, ""error"": 26.797172050000082}, {""pair"": [1, 2, 1, 13], ""acc"": 1.5, ""vel"": 23.1, ""pos"": 31.8, ""error"": 29.770203250000087}, {""pair"": [1, 2, 1, 13], ""acc"": 1.5, ""vel"": 23.1, ""pos"": 31.8, ""error"": 29.757852050000082}, {""pair"": [1, 2, 1, 13], ""acc"": 1.5, ""vel"": 23.1, ""pos"": 31.8, ""error"": 29.99717205000008}, {""pair"": [1, 2, 1, 13], ""acc"": 1.5, ""vel"": 23.1, ""pos"": 31.8, ""error"": 30.386972050000086}, {""pair"": [1, 2, 1, 13], ""acc"": 1.5, ""vel"": 23.1, ""pos"": 31.8, ""error"": 30.39932325000009}, {""pair"": [1, 2, 1, 13], ""acc"": 1.5, ""vel"": 23.1, ""pos"": 31.8, ""error"": 30.426292050000082}, {""pair"": [1, 2, 1, 13], ""acc"": 1.5, ""vel"": 23.1, ""pos"": 31.8, ""error"": 30.626292050000085}], [{""pair"": [1, 2, 2, 13], ""acc"": 1.5, ""vel"": 23.26, ""pos"": 31.0, ""error"": 25.610203250000087}, {""pair"": [1, 2, 2, 13], ""acc"": 1.5, ""vel"": 23.26, ""pos"": 31.0, ""error"": 25.63717205000008}, {""pair"": [1, 2, 2, 13], ""acc"": 1.5, ""vel"": 23.26, ""pos"": 31.0, ""error"": 25.61245205000011}, {""pair"": [1, 2, 2, 13], ""acc"": 1.5, ""vel"": 23.26, ""pos"": 31.0, ""error"": 25.837172050000078}, {""pair"": [1, 2, 2, 13], ""acc"": 1.5, ""vel"": 23.26, ""pos"": 31.0, ""error"": 28.810203250000086}, {""pair"": [1, 2, 2, 13], ""acc"": 1.5, ""vel"": 23.26, ""pos"": 31.0, ""error"": 28.81245205000011}, {""pair"": [1, 2, 2, 13], ""acc"": 1.5, ""vel"": 23.26, ""pos"": 31.0, ""error"": 29.03717205000008}, {""pair"": [1, 2, 2, 13], ""acc"": 1.5, ""vel"": 23.26, ""pos"": 31.0, ""error"": 29.42697205000008}, {""pair"": [1, 2, 2, 13], ""acc"": 1.5, ""vel"": 23.26, ""pos"": 31.0, ""error"": 29.43932325000009}, {""pair"": [1, 2, 2, 13], ""acc"": 1.5, ""vel"": 23.26, ""pos"": 31.0, ""error"": 29.46629205000008}, {""pair"": [1, 2, 2, 13], ""acc"": 1.5, ""vel"": 23.26, ""pos"": 31.0, ""error"": 29.66629205000008}]]","[[[3, 2, 1, 13], [1.5, 23.1, 6.2], 0.9578520500000804], [[3, 2, 2, 13], [1.5, 23.26, 5.4], 0.01020325000008615], [[3, 13, 0, 2], [1.5, 28.38, 6.2], 5.8917720500001085], [[3, 13, 1, 2], [1.5, 23.26, 31.8], 26.410203250000087], [[0, 2, 1, 13], [1.5, 28.22, 6.2], 5.731772050000108], [[0, 2, 2, 13], [1.5, 28.38, 5.4], 5.091772050000109], [[1, 2, 1, 13], [1.5, 23.1, 31.8], 26.557852050000083], [[1, 2, 2, 13], [1.5, 23.26, 31.0], 25.610203250000087]]"
1.5,23.29,5.800000000000001,3.1,23.29,5.8,1.5,23.29,5.8,"[{""pair"": [3, 12, 0, 11], ""acc"": 1.5, ""vel"": 23.29, ""pos"": 5.8, ""error"": 0.008863250000098688}, {""pair"": [0, 11, 0, 12], ""acc"": 4.7, ""vel"": 23.29, ""pos"": 5.8, ""error"": 0.008863250000098688}, {""pair"": [3, 11, 0, 12], ""acc"": 6.3, ""vel"": 23.29, ""pos"": 5.8, ""error"": 0.008863250000098688}, {""pair"": [1, 10, 2, 10], ""acc"": 3.1, ""vel"": 23.31, ""pos"": 5.9, ""error"": 0.1288632500000988}, {""pair"": [2, 10, 1, 10], ""acc"": 3.1, ""vel"": 23.31, ""pos"": 5.9, ""error"": 0.1288632500000988}, {""pair"": [3, 12, 2, 11], ""acc"": 3.1, ""vel"": 23.29, ""pos"": 5.6, ""error"": 0.20013674999990894}, {""pair"": [2, 11, 0, 12], ""acc"": 6.3, ""vel"": 23.29, ""pos"": 5.6, ""error"": 0.20013674999990894}, {""pair"": [2, 11, 2, 12], ""acc"": 3.1, ""vel"": 23.29, ""pos"": 6.0, ""error"": 0.20886325000009887}, {""pair"": [0, 11, 2, 12], ""acc"": 1.5, ""vel"": 23.29, ""pos"": 6.2, ""error"": 0.40886325000009904}, {""pair"": [3, 11, 2, 12], ""acc"": 3.1, ""vel"": 23.29, ""pos"": 6.2, ""error"": 0.40886325000009904}]","[[3, 12, 0, 11], [0, 11, 0, 12], [3, 11, 0, 12], [1, 10, 2, 10], [2, 10, 1, 10], [3, 12, 2, 11], [2, 11, 0, 12], [2, 11, 2, 12], [0, 11, 2, 12], [3, 11, 2, 12]]","[[{""pair"": [3, 11, 0, 12], ""acc"": 6.3, ""vel"": 23.29, ""pos"": 5.8, ""error"": 0.008863250000098688}, {""pair"": [3, 11, 0, 12], ""acc"": 6.3, ""vel"": 23.29, ""pos"": 5.8, ""error"": 0.9574167499999096}, {""pair"": [3, 11, 0, 12], ""acc"": 6.3, ""vel"": 23.29, ""pos"": 5.8, ""error"": 5.198176749999878}, {""pair"": [3, 11, 0, 12], ""acc"": 6.3, ""vel"": 23.29, ""pos"": 5.8, ""error"": 5.835456749999878}, {""pair"": [3, 11, 0, 12], ""acc"": 6.3, ""vel"": 23.29, ""pos"": 5.8, ""error"": 5.998176749999878}, {""pair"": [3, 11, 0, 12], ""acc"": 6.3, ""vel"": 23.29, ""pos"": 5.8, ""error"": 25.60013674999991}, {""pair"": [3, 11, 0, 12], ""acc"": 6.3, ""vel"": 23.29, ""pos"": 5.8, ""error"": 26.40013674999991}, {""pair"": [3, 11, 0, 12], ""acc"": 6.3, ""vel"": 23.29, ""pos"": 5.8, ""error"": 26.557416749999906}], [{""pair"": [3, 11, 2, 12], ""acc"": 3.1, ""vel"": 23.29, ""pos"": 6.2, ""error"": 0.40886325000009904}, {""pair"": [3, 11, 2, 12], ""acc"": 3.1, ""vel"": 23.29, ""pos"": 6.2, ""error"": 0.5574167499999092}, {""pair"": [3, 11, 2, 12], ""acc"": 3.1, ""vel"": 23.29, ""pos"": 6.2, ""error"": 5.4328232500001095}, {""pair"": [3, 11, 2, 12], ""acc"": 3.1, ""vel"": 23.29, ""pos"": 6.2, ""error"": 5.435456749999878}, {""pair"": [3, 11, 2, 12], ""acc"": 3.1, ""vel"": 23.29, ""pos"": 6.2, ""error"": 5.598176749999878}, {""pair"": [3, 11, 2, 12], ""acc"": 3.1, ""vel"": 23.29, ""pos"": 6.2, ""error"": 25.20013674999991}, {""pair"": [3, 11, 2, 12], ""acc"": 3.1, ""vel"": 23.29, ""pos"": 6.2, ""error"": 26.00013674999991}, {""pair"": [3, 11, 2, 12], ""acc"": 3.1, ""vel"": 23.29, ""pos"": 6.2, ""error"": 26.157416749999907}], [{""pair"": [3, 12, 0, 11], ""acc"": 1.5, ""vel"": 23.29, ""pos"": 5.8, ""error"": 0.008863250000098688}, {""pair"": [3, 12, 0, 11], ""acc"": 1.5, ""vel"": 23.29, ""pos"": 5.8, ""error"": 0.9574167499999096}, {""pair"": [3, 12, 0, 11], ""acc"": 1.5, ""vel"": 23.29, ""pos"": 5.8, ""error"": 5.198176749999878}, {""pair"": [3, 12, 0, 11], ""acc"": 1.5, ""vel"": 23.29, ""pos"": 5.8, ""error"": 5.835456749999878}, {""pair"": [3, 12, 0, 11], ""acc"": 1.5, ""vel"": 23.29, ""pos"": 5.8, ""error"": 5.998176749999878}, {""pair"": [3, 12, 0, 11], ""acc"": 1.5, ""vel"": 23.29, ""pos"": 5.8, ""error"": 25.60013674999991}, {""pair"": [3, 12, 0, 11], ""acc"": 1.5, ""vel"": 23.29, ""pos"": 5.8, ""error"": 26.40013674999991}, {""pair"": [3, 12, 0, 11], ""acc"": 1.5, ""vel"": 23.29, ""pos"": 5.8, ""error"": 26.557416749999906}], [{""pair"": [3, 12, 2, 11], ""acc"": 3.1, ""vel"": 23.29, ""pos"": 5.6, ""error"": 0.20013674999990894}, {""pair"": [3, 12, 2, 11], ""acc"": 3.1, ""vel"": 23.29, ""pos"": 5.6, ""error"": 1.1574167499999097}, {""pair"": [3, 12, 2, 11], ""acc"": 3.1, ""vel"": 23.29, ""pos"": 5.6, ""error"": 5.3981767499998785}, {""pair"": [3, 12, 2, 11], ""acc"": 3.1, ""vel"": 23.29, ""pos"": 5.6, ""error"": 6.035456749999878}, {""pair"": [3, 12, 2, 11], ""acc"": 3.1, ""vel"": 23.29, ""pos"": 5.6, ""error"": 6.198176749999878}, {""pair"": [3, 12, 2, 11], ""acc"": 3.1, ""vel"": 23.29, ""pos"": 5.6, ""error"": 25.80013674999991}, {""pair"": [3, 12, 2, 11], ""acc"": 3.1, ""vel"": 23.29, ""pos"": 5.6, ""error"": 26.60013674999991}, {""pair"": [3, 12, 2, 11], ""acc"": 3.1, ""vel"": 23.29, ""pos"": 5.6, ""error"": 26.757416749999905}], [{""pair"": [1, 10, 2, 10], ""acc"": 3.1, ""vel"": 23.31, ""pos"": 5.9, ""error"": 0.1288632500000988}, {""pair"": [1, 10, 2, 10], ""acc"": 3.1, ""vel"": 23.31, ""pos"": 5.9, ""error"": 0.8774167499999086}, {""pair"": [1, 10, 2, 10], ""acc"": 3.1, ""vel"": 23.31, ""pos"": 5.9, ""error"": 5.11282325000011}, {""pair"": [1, 10, 2, 10], ""acc"": 3.1, ""vel"": 23.31, ""pos"": 5.9, ""error"": 5.715456749999878}, {""pair"": [1, 10, 2, 10], ""acc"": 3.1, ""vel"": 23.31, ""pos"": 5.9, ""error"": 5.878176749999878}, {""pair"": [1, 10, 2, 10], ""acc"": 3.1, ""vel"": 23.31, ""pos"": 5.9, ""error"": 25.520136749999907}, {""pair"": [1, 10, 2, 10], ""acc"": 3.1, ""vel"": 23.31, ""pos"": 5.9, ""error"": 26.32013674999991}, {""pair"": [1, 10, 2, 10], ""acc"": 3.1, ""vel"": 23.31, ""pos"": 5.9, ""error"": 26.477416749999907}], [{""pair"": [2, 10, 1, 10], ""acc"": 3.1, ""vel"": 23.31, ""pos"": 5.9, ""error"": 0.1288632500000988}, {""pair"": [2, 10, 1, 10], ""acc"": 3.1, ""vel"": 23.31, ""pos"": 5.9, ""error"": 0.8774167499999086}, {""pair"": [2, 10, 1, 10], ""acc"": 3.1, ""vel"": 23.31, ""pos"": 5.9, ""error"": 5.11282325000011}, {""pair"": [2, 10, 1, 10], ""acc"": 3.1, ""vel"": 23.31, ""pos"": 5.9, ""error"": 5.715456749999878}, {""pair"": [2, 10, 1, 10], ""acc"": 3.1, ""vel"": 23.31, ""pos"": 5.9, ""error"": 5.878176749999878}, {""pair"": [2, 10, 1, 10], ""acc"": 3.1, ""vel"": 23.31, ""pos"": 5.9, ""error"": 25.520136749999907}, {""pair"": [2, 10, 1, 10], ""acc"": 3.1, ""vel"": 23.31, ""pos"": 5.9, ""error"": 26.32013674999991}, {""pair"": [2, 10, 1, 10], ""acc"": 3.1, ""vel"": 23.31, ""pos"": 5.9, ""error"": 26.477416749999907}], [{""pair"": [0, 11, 0, 12], ""acc"": 4.7, ""vel"": 23.29, ""pos"": 5.8, ""error"": 0.008863250000098688}, {""pair"": [0, 11, 0, 12], ""acc"": 4.7, ""vel"": 23.29, ""pos"": 5.8, ""error"": 0.9574167499999096}, {""pair"": [0, 11, 0, 12], ""acc"": 4.7, ""vel"": 23.29, ""pos"": 5.8, ""error"": 5.198176749999878}, {""pair"": [0, 11, 0, 12], ""acc"": 4.7, ""vel"": 23.29, ""pos"": 5.8, ""error"": 5.835456749999878}, {""pair"": [0, 11, 0, 12], ""acc"": 4.7, ""vel"": 23.29, ""pos"": 5.8, ""error"": 5.998176749999878}, {""pair"": [0, 11, 0, 12], ""acc"": 4.7, ""vel"": 23.29, ""pos"": 5.8, ""error"": 25.60013674999991}, {""pair"": [0, 11, 0, 12], ""acc"": 4.7, ""vel"": 23.29, ""pos"": 5.8, ""error"": 26.40013674999991}, {""pair"": [0, 11, 0, 12], ""acc"": 4.7, ""vel"": 23.29, ""pos"": 5.8, ""error"": 26.557416749999906}], [{""pair"": [0, 11, 2, 12], ""acc"": 1.5, ""vel"": 23.29, ""pos"": 6.2, ""error"": 0.40886325000009904}, {""pair"": [0, 11, 2, 12], ""acc"": 1.5, ""vel"": 23.29, ""pos"": 6.2, ""error"": 0.5574167499999092}, {""pair"": [0, 11, 2, 12], ""acc"": 1.5, ""vel"": 23.29, ""pos"": 6.2, ""error"": 5.4328232500001095}, {""pair"": [0, 11, 2, 12], ""acc"": 1.5, ""vel"": 23.29, ""pos"": 6.2, ""error"": 5.435456749999878}, {""pair"": [0, 11, 2, 12], ""acc"": 1.5, ""vel"": 23.29, ""pos"": 6.2, ""error"": 5.598176749999878}, {""pair"": [0, 11, 2, 12], ""acc"": 1.5, ""vel"": 23.29, ""pos"": 6.2, ""error"": 25.20013674999991}, {""pair"": [0, 11, 2, 12], ""acc"": 1.5, ""vel"": 23.29, ""pos"": 6.2, ""error"": 26.00013674999991}, {""pair"": [0, 11, 2, 12], ""acc"": 1.5, ""vel"": 23.29, ""pos"": 6.2, ""error"": 26.157416749999907}], [{""pair"": [2, 11, 0, 12], ""acc"": 6.3, ""vel"": 23.29, ""pos"": 5.6, ""error"": 0.20013674999990894}, {""pair"": [2, 11, 0, 12], ""acc"": 6.3, ""vel"": 23.29, ""pos"": 5.6, ""error"": 1.1574167499999097}, {""pair"": [2, 11, 0, 12], ""acc"": 6.3, ""vel"": 23.29, ""pos"": 5.6, ""error"": 5.3981767499998785}, {""pair"": [2, 11, 0, 12], ""acc"": 6.3, ""vel"": 23.29, ""pos"": 5.6, ""error"": 6.035456749999878}, {""pair"": [2, 11, 0, 12], ""acc"": 6.3, ""vel"": 23.29, ""pos"": 5.6, ""error"": 6.198176749999878}, {""pair"": [2, 11, 0, 12], ""acc"": 6.3, ""vel"": 23.29, ""pos"": 5.6, ""error"": 25.80013674999991}, {""pair"": [2, 11, 0, 12], ""acc"": 6.3, ""vel"": 23.29, ""pos"": 5.6, ""error"": 26.60013674999991}, {""pair"": [2, 11, 0, 12], ""acc"": 6.3, ""vel"": 23.29, ""pos"": 5.6, ""error"": 26.757416749999905}], [{""pair"": [2, 11, 2, 12], ""acc"": 3.1, ""vel"": 23.29, ""pos"": 6.0, ""error"": 0.20886325000009887}, {""pair"": [2, 11, 2, 12], ""acc"": 3.1, ""vel"": 23.29, ""pos"": 6.0, ""error"": 0.7574167499999094}, {""pair"": [2, 11, 2, 12], ""acc"": 3.1, ""vel"": 23.29, ""pos"": 6.0, ""error"": 5.232823250000109}, {""pair"": [2, 11, 2, 12], ""acc"": 3.1, ""vel"": 23.29, ""pos"": 6.0, ""error"": 5.635456749999878}, {""pair"": [2, 11, 2, 12], ""acc"": 3.1, ""vel"": 23.29, ""pos"": 6.0, ""error"": 5.798176749999878}, {""pair"": [2, 11, 2, 12], ""acc"": 3.1, ""vel"": 23.29, ""pos"": 6.0, ""error"": 25.40013674999991}, {""pair"": [2, 11, 2, 12], ""acc"": 3.1, ""vel"": 23.29, ""pos"": 6.0, ""error"": 26.20013674999991}, {""pair"": [2, 11, 2, 12], ""acc"": 3.1, ""vel"": 23.29, ""pos"": 6.0, ""error"": 26.357416749999906}]]","[[[3, 11, 0, 12], [6.3, 23.29, 5.8], 0.008863250000098688], [[3, 11, 2, 12], [3.1, 23.29, 6.2], 0.40886325000009904], [[3, 12, 0, 11], [1.5, 23.29, 5.8], 0.008863250000098688], [[3, 12, 2, 11], [3.1, 23.29, 5.6], 0.20013674999990894], [[1, 10, 2, 10], [3.1, 23.31, 5.9], 0.1288632500000988], [[2, 10, 1, 10], [3.1, 23.31, 5.9], 0.1288632500000988], [[0, 11, 0, 12], [4.7, 23.29, 5.8], 0.008863250000098688], [[0, 11, 2, 12], [1.5, 23.29, 6.2], 0.40886325000009904], [[2, 11, 0, 12], [6.3, 23.29, 5.6], 0.20013674999990894], [[2, 11, 2, 12], [3.1, 23.29, 6.0], 0.20886325000009887]]"
1.5,23.31,6.2,1.5,23.31,6.2,1.5,23.31,6.2,"[{""pair"": [3, 14, 2, 4], ""acc"": 1.5, ""vel"": 23.31, ""pos"": 6.2, ""error"": 0.031167999999574647}, {""pair"": [2, 4, 2, 14], ""acc"": 1.5, ""vel"": 23.31, ""pos"": 4.6, ""error"": 1.4026368000005185}, {""pair"": [1, 4, 2, 14], ""acc"": 1.5, ""vel"": 23.31, ""pos"": 107.0, ""error"": 100.43116799999957}, {""pair"": [3, 14, 1, 4], ""acc"": 1.5, ""vel"": 23.31, ""pos"": 108.6, ""error"": 102.03116799999957}]","[[3, 14, 2, 4], [2, 4, 2, 14], [1, 4, 2, 14], [3, 14, 1, 4]]","[[{""pair"": [3, 14, 1, 4], ""acc"": 1.5, ""vel"": 23.31, ""pos"": 108.6, ""error"": 102.43116799999957}, {""pair"": [3, 14, 1, 4], ""acc"": 1.5, ""vel"": 23.31, ""pos"": 108.6, ""error"": 102.48195839999963}, {""pair"": [3, 14, 1, 4], ""acc"": 1.5, ""vel"": 23.31, ""pos"": 108.6, ""error"": 102.50735359999966}, {""pair"": [3, 14, 1, 4], ""acc"": 1.5, ""vel"": 23.31, ""pos"": 108.6, ""error"": 102.3762431999996}, {""pair"": [3, 14, 1, 4], ""acc"": 1.5, ""vel"": 23.31, ""pos"": 108.6, ""error"": 102.3762431999996}, {""pair"": [3, 14, 1, 4], ""acc"": 1.5, ""vel"": 23.31, ""pos"": 108.6, ""error"": 102.6565631999996}, {""pair"": [3, 14, 1, 4], ""acc"": 1.5, ""vel"": 23.31, ""pos"": 108.6, ""error"": 102.70735359999966}, {""pair"": [3, 14, 1, 4], ""acc"": 1.5, ""vel"": 23.31, ""pos"": 108.6, ""error"": 102.2565631999996}, {""pair"": [3, 14, 1, 4], ""acc"": 1.5, ""vel"": 23.31, ""pos"": 108.6, ""error"": 102.03116799999957}, {""pair"": [3, 14, 1, 4], ""acc"": 1.5, ""vel"": 23.31, ""pos"": 108.6, ""error"": 102.0565631999996}], [{""pair"": [3, 14, 2, 4], ""acc"": 1.5, ""vel"": 23.31, ""pos"": 6.2, ""error"": 0.031167999999574647}, {""pair"": [3, 14, 2, 4], ""acc"": 1.5, ""vel"": 23.31, ""pos"": 6.2, ""error"": 0.08195839999963539}, {""pair"": [3, 14, 2, 4], ""acc"": 1.5, ""vel"": 23.31, ""pos"": 6.2, ""error"": 0.10735359999966754}, {""pair"": [3, 14, 2, 4], ""acc"": 1.5, ""vel"": 23.31, ""pos"": 6.2, ""error"": 0.12295680000051856}, {""pair"": [3, 14, 2, 4], ""acc"": 1.5, ""vel"": 23.31, ""pos"": 6.2, ""error"": 0.12295680000051856}, {""pair"": [3, 14, 2, 4], ""acc"": 1.5, ""vel"": 23.31, ""pos"": 6.2, ""error"": 0.256563199999607}, {""pair"": [3, 14, 2, 4], ""acc"": 1.5, ""vel"": 23.31, ""pos"": 6.2, ""error"": 0.3073535999996677}, {""pair"": [3, 14, 2, 4], ""acc"": 1.5, ""vel"": 23.31, ""pos"": 6.2, ""error"": 0.2026368000005183}, {""pair"": [3, 14, 2, 4], ""acc"": 1.5, ""vel"": 23.31, ""pos"": 6.2, ""error"": 0.3768320000004852}, {""pair"": [3, 14, 2, 4], ""acc"": 1.5, ""vel"": 23.31, ""pos"": 6.2, ""error"": 0.4026368000005185}], [{""pair"": [1, 4, 2, 14], ""acc"": 1.5, ""vel"": 23.31, ""pos"": 107.0, ""error"": 100.83116799999958}, {""pair"": [1, 4, 2, 14], ""acc"": 1.5, ""vel"": 23.31, ""pos"": 107.0, ""error"": 100.88195839999963}, {""pair"": [1, 4, 2, 14], ""acc"": 1.5, ""vel"": 23.31, ""pos"": 107.0, ""error"": 100.90735359999967}, {""pair"": [1, 4, 2, 14], ""acc"": 1.5, ""vel"": 23.31, ""pos"": 107.0, ""error"": 100.77624319999961}, {""pair"": [1, 4, 2, 14], ""acc"": 1.5, ""vel"": 23.31, ""pos"": 107.0, ""error"": 100.77624319999961}, {""pair"": [1, 4, 2, 14], ""acc"": 1.5, ""vel"": 23.31, ""pos"": 107.0, ""error"": 101.0565631999996}, {""pair"": [1, 4, 2, 14], ""acc"": 1.5, ""vel"": 23.31, ""pos"": 107.0, ""error"": 101.10735359999967}, {""pair"": [1, 4, 2, 14], ""acc"": 1.5, ""vel"": 23.31, ""pos"": 107.0, ""error"": 100.65656319999961}, {""pair"": [1, 4, 2, 14], ""acc"": 1.5, ""vel"": 23.31, ""pos"": 107.0, ""error"": 100.43116799999957}, {""pair"": [1, 4, 2, 14], ""acc"": 1.5, ""vel"": 23.31, ""pos"": 107.0, ""error"": 100.45656319999961}], [{""pair"": [2, 4, 2, 14], ""acc"": 1.5, ""vel"": 23.31, ""pos"": 4.6, ""error"": 1.5768320000004854}, {""pair"": [2, 4, 2, 14], ""acc"": 1.5, ""vel"": 23.31, ""pos"": 4.6, ""error"": 1.6284416000005484}, {""pair"": [2, 4, 2, 14], ""acc"": 1.5, ""vel"": 23.31, ""pos"": 4.6, ""error"": 1.6542464000005817}, {""pair"": [2, 4, 2, 14], ""acc"": 1.5, ""vel"": 23.31, ""pos"": 4.6, ""error"": 1.722956800000519}, {""pair"": [2, 4, 2, 14], ""acc"": 1.5, ""vel"": 23.31, ""pos"": 4.6, ""error"": 1.722956800000519}, {""pair"": [2, 4, 2, 14], ""acc"": 1.5, ""vel"": 23.31, ""pos"": 4.6, ""error"": 1.4026368000005185}, {""pair"": [2, 4, 2, 14], ""acc"": 1.5, ""vel"": 23.31, ""pos"": 4.6, ""error"": 1.4542464000005815}, {""pair"": [2, 4, 2, 14], ""acc"": 1.5, ""vel"": 23.31, ""pos"": 4.6, ""error"": 1.8026368000005188}, {""pair"": [2, 4, 2, 14], ""acc"": 1.5, ""vel"": 23.31, ""pos"": 4.6, ""error"": 1.9768320000004858}, {""pair"": [2, 4, 2, 14], ""acc"": 1.5, ""vel"": 23.31, ""pos"": 4.6, ""error"": 2.002636800000519}]]","[[[3, 14, 1, 4], [1.5, 23.31, 108.6], 102.03116799999957], [[3, 14, 2, 4], [1.5, 23.31, 6.2], 0.031167999999574647], [[1, 4, 2, 14], [1.5, 23.31, 107.0], 100.43116799999957], [[2, 4, 2, 14], [1.5, 23.31, 4.6], 1.4026368000005185]]"
1.5,23.34,6.5,1.5,2.86,6.5,1.5,23.34,6.5,"[{""pair"": [3, 1, 0, 4], ""acc"": 1.5, ""vel"": 23.34, ""pos"": 6.5, ""error"": 0.10098674999991175}, {""pair"": [2, 1, 0, 4], ""acc"": 1.5, ""vel"": 23.34, ""pos"": 6.5, ""error"": 0.10098674999991175}, {""pair"": [1, 1, 0, 4], ""acc"": 1.5, ""vel"": 23.34, ""pos"": 19.3, ""error"": 12.708013250000104}, {""pair"": [3, 1, 1, 4], ""acc"": 1.5, ""vel"": 2.86, ""pos"": 108.9, ""error"": 20.57198674999989}, {""pair"": [2, 1, 1, 4], ""acc"": 1.5, ""vel"": 2.86, ""pos"": 108.9, ""error"": 20.57198674999989}, {""pair"": [1, 1, 1, 4], ""acc"": 1.5, ""vel"": 2.86, ""pos"": 121.7, ""error"": 33.1790132500001}]","[[3, 1, 0, 4], [2, 1, 0, 4], [1, 1, 0, 4], [3, 1, 1, 4], [2, 1, 1, 4], [1, 1, 1, 4]]","[[{""pair"": [3, 1, 0, 4], ""acc"": 1.5, ""vel"": 23.34, ""pos"": 6.5, ""error"": 0.10098674999991175}, {""pair"": [3, 1, 0, 4], ""acc"": 1.5, ""vel"": 23.34, ""pos"": 6.5, ""error"": 1.5080132500001033}, {""pair"": [3, 1, 0, 4], ""acc"": 1.5, ""vel"": 23.34, ""pos"": 6.5, ""error"": 100.90098674999992}, {""pair"": [3, 1, 0, 4], ""acc"": 1.5, ""vel"": 23.34, ""pos"": 6.5, ""error"": 102.50098674999991}], [{""pair"": [3, 1, 1, 4], ""acc"": 1.5, ""vel"": 2.86, ""pos"": 108.9, ""error"": 122.77901325000009}, {""pair"": [3, 1, 1, 4], ""acc"": 1.5, ""vel"": 2.86, ""pos"": 108.9, ""error"": 124.3790132500001}, {""pair"": [3, 1, 1, 4], ""acc"": 1.5, ""vel"": 2.86, ""pos"": 108.9, ""error"": 21.97901325000009}, {""pair"": [3, 1, 1, 4], ""acc"": 1.5, ""vel"": 2.86, ""pos"": 108.9, ""error"": 20.57198674999989}], [{""pair"": [1, 1, 0, 4], ""acc"": 1.5, ""vel"": 23.34, ""pos"": 19.3, ""error"": 12.708013250000104}, {""pair"": [1, 1, 0, 4], ""acc"": 1.5, ""vel"": 23.34, ""pos"": 19.3, ""error"": 14.308013250000105}, {""pair"": [1, 1, 0, 4], ""acc"": 1.5, ""vel"": 23.34, ""pos"": 19.3, ""error"": 88.10098674999992}, {""pair"": [1, 1, 0, 4], ""acc"": 1.5, ""vel"": 23.34, ""pos"": 19.3, ""error"": 89.70098674999991}], [{""pair"": [1, 1, 1, 4], ""acc"": 1.5, ""vel"": 2.86, ""pos"": 121.7, ""error"": 135.5790132500001}, {""pair"": [1, 1, 1, 4], ""acc"": 1.5, ""vel"": 2.86, ""pos"": 121.7, ""error"": 137.17901325000008}, {""pair"": [1, 1, 1, 4], ""acc"": 1.5, ""vel"": 2.86, ""pos"": 121.7, ""error"": 34.77901325000009}, {""pair"": [1, 1, 1, 4], ""acc"": 1.5, ""vel"": 2.86, ""pos"": 121.7, ""error"": 33.1790132500001}], [{""pair"": [2, 1, 0, 4], ""acc"": 1.5, ""vel"": 23.34, ""pos"": 6.5, ""error"": 0.10098674999991175}, {""pair"": [2, 1, 0, 4], ""acc"": 1.5, ""vel"": 23.34, ""pos"": 6.5, ""error"": 1.5080132500001033}, {""pair"": [2, 1, 0, 4], ""acc"": 1.5, ""vel"": 23.34, ""pos"": 6.5, ""error"": 100.90098674999992}, {""pair"": [2, 1, 0, 4], ""acc"": 1.5, ""vel"": 23.34, ""pos"": 6.5, ""error"": 102.50098674999991}], [{""pair"": [2, 1, 1, 4], ""acc"": 1.5, ""vel"": 2.86, ""pos"": 108.9, ""error"": 122.77901325000009}, {""pair"": [2, 1, 1, 4], ""acc"": 1.5, ""vel"": 2.86, ""pos"": 108.9, ""error"": 124.3790132500001}, {""pair"": [2, 1, 1, 4], ""acc"": 1.5, ""vel"": 2.86, ""pos"": 108.9, ""error"": 21.97901325000009}, {""pair"": [2, 1, 1, 4], ""acc"": 1.5, ""vel"": 2.86, ""pos"": 108.9, ""error"": 20.57198674999989}]]","[[[3, 1, 0, 4], [1.5, 23.34, 6.5], 0.10098674999991175], [[3, 1, 1, 4], [1.5, 2.86, 108.9], 20.57198674999989], [[1, 1, 0, 4], [1.5, 23.34, 19.3], 12.708013250000104], [[1, 1, 1, 4], [1.5, 2.86, 121.7], 33.1790132500001], [[2, 1, 0, 4], [1.5, 23.34, 6.5], 0.10098674999991175], [[2, 1, 1, 4], [1.5, 2.86, 108.9], 20.57198674999989]]"
1.5,23.36,6.9,1.5,28.48,6.9,1.4,23.36,6.9,"[{""pair"": [0, 2, 0, 7], ""acc"": 1.4, ""vel"": 23.36, ""pos"": 6.9, ""error"": 0.008503250000090112}, {""pair"": [3, 7, 0, 2], ""acc"": 1.5, ""vel"": 23.36, ""pos"": 6.9, ""error"": 0.008503250000090112}, {""pair"": [0, 2, 2, 7], ""acc"": 1.5, ""vel"": 23.36, ""pos"": 6.9, ""error"": 0.008503250000090112}]","[[0, 2, 0, 7], [3, 7, 0, 2], [0, 2, 2, 7]]","[[{""pair"": [3, 7, 0, 2], ""acc"": 1.5, ""vel"": 23.36, ""pos"": 6.9, ""error"": 0.008503250000090112}, {""pair"": [3, 7, 0, 2], ""acc"": 1.5, ""vel"": 23.36, ""pos"": 6.9, ""error"": 0.008503250000090112}, {""pair"": [3, 7, 0, 2], ""acc"": 1.5, ""vel"": 23.36, ""pos"": 6.9, ""error"": 12.802496749999898}, {""pair"": [3, 7, 0, 2], ""acc"": 1.5, ""vel"": 23.36, ""pos"": 6.9, ""error"": 122.52333675}, {""pair"": [3, 7, 0, 2], ""acc"": 1.5, ""vel"": 23.36, ""pos"": 6.9, ""error"": 122.52333675}, {""pair"": [3, 7, 0, 2], ""acc"": 1.5, ""vel"": 23.36, ""pos"": 6.9, ""error"": 135.32333675}], [{""pair"": [0, 2, 0, 7], ""acc"": 1.4, ""vel"": 23.36, ""pos"": 6.9, ""error"": 0.008503250000090112}, {""pair"": [0, 2, 0, 7], ""acc"": 1.4, ""vel"": 23.36, ""pos"": 6.9, ""error"": 0.008503250000090112}, {""pair"": [0, 2, 0, 7], ""acc"": 1.4, ""vel"": 23.36, ""pos"": 6.9, ""error"": 12.802496749999898}, {""pair"": [0, 2, 0, 7], ""acc"": 1.4, ""vel"": 23.36, ""pos"": 6.9, ""error"": 122.52333675}, {""pair"": [0, 2, 0, 7], ""acc"": 1.4, ""vel"": 23.36, ""pos"": 6.9, ""error"": 122.52333675}, {""pair"": [0, 2, 0, 7], ""acc"": 1.4, ""vel"": 23.36, ""pos"": 6.9, ""error"": 135.32333675}], [{""pair"": [0, 2, 2, 7], ""acc"": 1.5, ""vel"": 23.36, ""pos"": 6.9, ""error"": 0.008503250000090112}, {""pair"": [0, 2, 2, 7], ""acc"": 1.5, ""vel"": 23.36, ""pos"": 6.9, ""error"": 0.008503250000090112}, {""pair"": [0, 2, 2, 7], ""acc"": 1.5, ""vel"": 23.36, ""pos"": 6.9, ""error"": 12.802496749999898}, {""pair"": [0, 2, 2, 7], ""acc"": 1.5, ""vel"": 23.36, ""pos"": 6.9, ""error"": 122.52333675}, {""pair"": [0, 2, 2, 7], ""acc"": 1.5, ""vel"": 23.36, ""pos"": 6.9, ""error"": 122.52333675}, {""pair"": [0, 2, 2, 7], ""acc"": 1.5, ""vel"": 23.36, ""pos"": 6.9, ""error"": 135.32333675}]]","[[[3, 7, 0, 2], [1.5, 23.36, 6.9], 0.008503250000090112], [[0, 2, 0, 7], [1.4, 23.36, 6.9], 0.008503250000090112], [[0, 2, 2, 7], [1.5, 23.36, 6.9], 0.008503250000090112]]"
1.5,23.39,7.300000000000001,1.5,23.07,7.3,1.5,23.39,7.3,"[{""pair"": [3, 9, 1, 14], ""acc"": 1.5, ""vel"": 23.39, ""pos"": 7.3, ""error"": 0.03204799999951469}, {""pair"": [1, 14, 2, 9], ""acc"": 1.5, ""vel"": 23.39, ""pos"": 7.3, ""error"": 0.03204799999951469}, {""pair"": [3, 9, 2, 14], ""acc"": 1.5, ""vel"": 23.07, ""pos"": 8.9, ""error"": 1.938460799999568}, {""pair"": [2, 14, 2, 9], ""acc"": 1.5, ""vel"": 23.07, ""pos"": 8.9, ""error"": 1.938460799999568}]","[[3, 9, 1, 14], [1, 14, 2, 9], [3, 9, 2, 14], [2, 14, 2, 9]]","[[{""pair"": [3, 9, 0, 14], ""acc"": 14.3, ""vel"": 23.07, ""pos"": 7.3, ""error"": 0.33846079999956746}, {""pair"": [3, 9, 0, 14], ""acc"": 14.3, ""vel"": 23.07, ""pos"": 7.3, ""error"": 0.34004799999957136}, {""pair"": [3, 9, 0, 14], ""acc"": 14.3, ""vel"": 23.07, ""pos"": 7.3, ""error"": 0.34004799999957136}], [{""pair"": [3, 9, 1, 14], ""acc"": 1.5, ""vel"": 23.39, ""pos"": 7.3, ""error"": 0.03366079999951754}, {""pair"": [3, 9, 1, 14], ""acc"": 1.5, ""vel"": 23.39, ""pos"": 7.3, ""error"": 0.03204799999951469}, {""pair"": [3, 9, 1, 14], ""acc"": 1.5, ""vel"": 23.39, ""pos"": 7.3, ""error"": 0.03204799999951469}], [{""pair"": [3, 9, 2, 14], ""acc"": 1.5, ""vel"": 23.07, ""pos"": 8.9, ""error"": 1.938460799999568}, {""pair"": [3, 9, 2, 14], ""acc"": 1.5, ""vel"": 23.07, ""pos"": 8.9, ""error"": 1.940047999999572}, {""pair"": [3, 9, 2, 14], ""acc"": 1.5, ""vel"": 23.07, ""pos"": 8.9, ""error"": 1.940047999999572}], [{""pair"": [0, 14, 2, 9], ""acc"": 14.3, ""vel"": 23.07, ""pos"": 7.3, ""error"": 0.33846079999956746}, {""pair"": [0, 14, 2, 9], ""acc"": 14.3, ""vel"": 23.07, ""pos"": 7.3, ""error"": 0.34004799999957136}, {""pair"": [0, 14, 2, 9], ""acc"": 14.3, ""vel"": 23.07, ""pos"": 7.3, ""error"": 0.34004799999957136}], [{""pair"": [1, 14, 2, 9], ""acc"": 1.5, ""vel"": 23.39, ""pos"": 7.3, ""error"": 0.03366079999951754}, {""pair"": [1, 14, 2, 9], ""acc"": 1.5, ""vel"": 23.39, ""pos"": 7.3, ""error"": 0.03204799999951469}, {""pair"": [1, 14, 2, 9], ""acc"": 1.5, ""vel"": 23.39, ""pos"": 7.3, ""error"": 0.03204799999951469}], [{""pair"": [2, 14, 2, 9], ""acc"": 1.5, ""vel"": 23.07, ""pos"": 8.9, ""error"": 1.938460799999568}, {""pair"": [2, 14, 2, 9], ""acc"": 1.5, ""vel"": 23.07, ""pos"": 8.9, ""error"": 1.940047999999572}, {""pair"": [2, 14, 2, 9], ""acc"": 1.5, ""vel"": 23.07, ""pos"": 8.9, ""error"": 1.940047999999572}]]","[[[3, 9, 0, 14], [14.3, 23.07, 7.3], 0.33846079999956746], [[3, 9, 1, 14], [1.5, 23.39, 7.3], 0.03204799999951469], [[3, 9, 2, 14], [1.5, 23.07, 8.9], 1.938460799999568], [[0, 14, 2, 9], [14.3, 23.07, 7.3], 0.33846079999956746], [[1, 14, 2, 9], [1.5, 23.39, 7.3], 0.03204799999951469], [[2, 14, 2, 9], [1.5, 23.07, 8.9], 1.938460799999568]]"
1.5,23.41,7.7,1.5,23.43,7.7,1.5,23.43,7.9,"[{""pair"": [3, 12, 2, 11], ""acc"": 1.5, ""vel"": 23.43, ""pos"": 7.9, ""error"": 0.20712699999979556}, {""pair"": [3, 10, 0, 10], ""acc"": 0.7, ""vel"": 23.43, ""pos"": 7.7, ""error"": 0.40712699999979574}, {""pair"": [3, 12, 0, 11], ""acc"": 3.1, ""vel"": 23.43, ""pos"": 7.7, ""error"": 0.40712699999979574}, {""pair"": [0, 10, 1, 10], ""acc"": 0.7, ""vel"": 23.41, ""pos"": 7.7, ""error"": 0.4271269999997953}, {""pair"": [1, 10, 0, 10], ""acc"": 0.7, ""vel"": 23.41, ""pos"": 7.7, ""error"": 0.4271269999997953}, {""pair"": [3, 10, 1, 10], ""acc"": 1.5, ""vel"": 23.41, ""pos"": 7.7, ""error"": 0.4271269999997953}, {""pair"": [0, 10, 2, 10], ""acc"": 0.7, ""vel"": 23.43, ""pos"": 7.6, ""error"": 0.5071269999997963}, {""pair"": [2, 10, 0, 10], ""acc"": 0.7, ""vel"": 23.43, ""pos"": 7.6, ""error"": 0.5071269999997963}, {""pair"": [3, 10, 2, 10], ""acc"": 1.5, ""vel"": 23.43, ""pos"": 7.6, ""error"": 0.5071269999997963}, {""pair"": [1, 10, 2, 10], ""acc"": 1.5, ""vel"": 23.41, ""pos"": 7.6, ""error"": 0.5271269999997958}, {""pair"": [2, 10, 1, 10], ""acc"": 1.5, ""vel"": 23.41, ""pos"": 7.6, ""error"": 0.5271269999997958}, {""pair"": [2, 11, 2, 12], ""acc"": 1.5, ""vel"": 23.43, ""pos"": 7.5, ""error"": 0.6071269999997959}, {""pair"": [0, 11, 2, 12], ""acc"": 3.1, ""vel"": 23.43, ""pos"": 7.3, ""error"": 0.8071269999997961}]","[[3, 12, 2, 11], [3, 10, 0, 10], [3, 12, 0, 11], [0, 10, 1, 10], [1, 10, 0, 10], [3, 10, 1, 10], [0, 10, 2, 10], [2, 10, 0, 10], [3, 10, 2, 10], [1, 10, 2, 10], [2, 10, 1, 10], [2, 11, 2, 12], [0, 11, 2, 12]]","[[{""pair"": [3, 12, 0, 11], ""acc"": 3.1, ""vel"": 23.43, ""pos"": 7.7, ""error"": 0.40712699999979574}, {""pair"": [3, 12, 0, 11], ""acc"": 3.1, ""vel"": 23.43, ""pos"": 7.7, ""error"": 0.40712699999979574}, {""pair"": [3, 12, 0, 11], ""acc"": 3.1, ""vel"": 23.43, ""pos"": 7.7, ""error"": 2.294246999999822}, {""pair"": [3, 12, 0, 11], ""acc"": 3.1, ""vel"": 23.43, ""pos"": 7.7, ""error"": 2.294246999999822}], [{""pair"": [3, 12, 2, 11], ""acc"": 1.5, ""vel"": 23.43, ""pos"": 7.9, ""error"": 0.20712699999979556}, {""pair"": [3, 12, 2, 11], ""acc"": 1.5, ""vel"": 23.43, ""pos"": 7.9, ""error"": 0.20712699999979556}, {""pair"": [3, 12, 2, 11], ""acc"": 1.5, ""vel"": 23.43, ""pos"": 7.9, ""error"": 2.0942469999998217}, {""pair"": [3, 12, 2, 11], ""acc"": 1.5, ""vel"": 23.43, ""pos"": 7.9, ""error"": 2.0942469999998217}], [{""pair"": [3, 10, 0, 10], ""acc"": 0.7, ""vel"": 23.43, ""pos"": 7.7, ""error"": 0.40712699999979574}, {""pair"": [3, 10, 0, 10], ""acc"": 0.7, ""vel"": 23.43, ""pos"": 7.7, ""error"": 0.40712699999979574}, {""pair"": [3, 10, 0, 10], ""acc"": 0.7, ""vel"": 23.43, ""pos"": 7.7, ""error"": 2.294246999999822}, {""pair"": [3, 10, 0, 10], ""acc"": 0.7, ""vel"": 23.43, ""pos"": 7.7, ""error"": 2.294246999999822}], [{""pair"": [3, 10, 1, 10], ""acc"": 1.5, ""vel"": 23.41, ""pos"": 7.7, ""error"": 0.4271269999997953}, {""pair"": [3, 10, 1, 10], ""acc"": 1.5, ""vel"": 23.41, ""pos"": 7.7, ""error"": 0.4271269999997953}, {""pair"": [3, 10, 1, 10], ""acc"": 1.5, ""vel"": 23.41, ""pos"": 7.7, ""error"": 2.2742469999998223}, {""pair"": [3, 10, 1, 10], ""acc"": 1.5, ""vel"": 23.41, ""pos"": 7.7, ""error"": 2.2742469999998223}], [{""pair"": [3, 10, 2, 10], ""acc"": 1.5, ""vel"": 23.43, ""pos"": 7.6, ""error"": 0.5071269999997963}, {""pair"": [3, 10, 2, 10], ""acc"": 1.5, ""vel"": 23.43, ""pos"": 7.6, ""error"": 0.5071269999997963}, {""pair"": [3, 10, 2, 10], ""acc"": 1.5, ""vel"": 23.43, ""pos"": 7.6, ""error"": 2.3942469999998224}, {""pair"": [3, 10, 2, 10], ""acc"": 1.5, ""vel"": 23.43, ""pos"": 7.6, ""error"": 2.3942469999998224}], [{""pair"": [0, 11, 2, 12], ""acc"": 3.1, ""vel"": 23.43, ""pos"": 7.3, ""error"": 0.8071269999997961}, {""pair"": [0, 11, 2, 12], ""acc"": 3.1, ""vel"": 23.43, ""pos"": 7.3, ""error"": 0.8071269999997961}, {""pair"": [0, 11, 2, 12], ""acc"": 3.1, ""vel"": 23.43, ""pos"": 7.3, ""error"": 2.694246999999822}, {""pair"": [0, 11, 2, 12], ""acc"": 3.1, ""vel"": 23.43, ""pos"": 7.3, ""error"": 2.694246999999822}], [{""pair"": [2, 11, 2, 12], ""acc"": 1.5, ""vel"": 23.43, ""pos"": 7.5, ""error"": 0.6071269999997959}, {""pair"": [2, 11, 2, 12], ""acc"": 1.5, ""vel"": 23.43, ""pos"": 7.5, ""error"": 0.6071269999997959}, {""pair"": [2, 11, 2, 12], ""acc"": 1.5, ""vel"": 23.43, ""pos"": 7.5, ""error"": 2.494246999999822}, {""pair"": [2, 11, 2, 12], ""acc"": 1.5, ""vel"": 23.43, ""pos"": 7.5, ""error"": 2.494246999999822}], [{""pair"": [0, 10, 1, 10], ""acc"": 0.7, ""vel"": 23.41, ""pos"": 7.7, ""error"": 0.4271269999997953}, {""pair"": [0, 10, 1, 10], ""acc"": 0.7, ""vel"": 23.41, ""pos"": 7.7, ""error"": 0.4271269999997953}, {""pair"": [0, 10, 1, 10], ""acc"": 0.7, ""vel"": 23.41, ""pos"": 7.7, ""error"": 2.2742469999998223}, {""pair"": [0, 10, 1, 10], ""acc"": 0.7, ""vel"": 23.41, ""pos"": 7.7, ""error"": 2.2742469999998223}], [{""pair"": [0, 10, 2, 10], ""acc"": 0.7, ""vel"": 23.43, ""pos"": 7.6, ""error"": 0.5071269999997963}, {""pair"": [0, 10, 2, 10], ""acc"": 0.7, ""vel"": 23.43, ""pos"": 7.6, ""error"": 0.5071269999997963}, {""pair"": [0, 10, 2, 10], ""acc"": 0.7, ""vel"": 23.43, ""pos"": 7.6, ""error"": 2.3942469999998224}, {""pair"": [0, 10, 2, 10], ""acc"": 0.7, ""vel"": 23.43, ""pos"": 7.6, ""error"": 2.3942469999998224}], [{""pair"": [1, 10, 0, 10], ""acc"": 0.7, ""vel"": 23.41, ""pos"": 7.7, ""error"": 0.4271269999997953}, {""pair"": [1, 10, 0, 10], ""acc"": 0.7, ""vel"": 23.41, ""pos"": 7.7, ""error"": 0.4271269999997953}, {""pair"": [1, 10, 0, 10], ""acc"": 0.7, ""vel"": 23.41, ""pos"": 7.7, ""error"": 2.2742469999998223}, {""pair"": [1, 10, 0, 10], ""acc"": 0.7, ""vel"": 23.41, ""pos"": 7.7, ""error"": 2.2742469999998223}], [{""pair"": [1, 10, 2, 10], ""acc"": 1.5, ""vel"": 23.41, ""pos"": 7.6, ""error"": 0.5271269999997958}, {""pair"": [1, 10, 2, 10], ""acc"": 1.5, ""vel"": 23.41, ""pos"": 7.6, ""error"": 0.5271269999997958}, {""pair"": [1, 10, 2, 10], ""acc"": 1.5, ""vel"": 23.41, ""pos"": 7.6, ""error"": 2.374246999999823}, {""pair"": [1, 10, 2, 10], ""acc"": 1.5, ""vel"": 23.41, ""pos"": 7.6, ""error"": 2.374246999999823}], [{""pair"": [2, 10, 0, 10], ""acc"": 0.7, ""vel"": 23.43, ""pos"": 7.6, ""error"": 0.5071269999997963}, {""pair"": [2, 10, 0, 10], ""acc"": 0.7, ""vel"": 23.43, ""pos"": 7.6, ""error"": 0.5071269999997963}, {""pair"": [2, 10, 0, 10], ""acc"": 0.7, ""vel"": 23.43, ""pos"": 7.6, ""error"": 2.3942469999998224}, {""pair"": [2, 10, 0, 10], ""acc"": 0.7, ""vel"": 23.43, ""pos"": 7.6, ""error"": 2.3942469999998224}], [{""pair"": [2, 10, 1, 10], ""acc"": 1.5, ""vel"": 23.41, ""pos"": 7.6, ""error"": 0.5271269999997958}, {""pair"": [2, 10, 1, 10], ""acc"": 1.5, ""vel"": 23.41, ""pos"": 7.6, ""error"": 0.5271269999997958}, {""pair"": [2, 10, 1, 10], ""acc"": 1.5, ""vel"": 23.41, ""pos"": 7.6, ""error"": 2.374246999999823}, {""pair"": [2, 10, 1, 10], ""acc"": 1.5, ""vel"": 23.41, ""pos"": 7.6, ""error"": 2.374246999999823}]]","[[[3, 12, 0, 11], [3.1, 23.43, 7.7], 0.40712699999979574], [[3, 12, 2, 11], [1.5, 23.43, 7.9], 0.20712699999979556], [[3, 10, 0, 10], [0.7, 23.43, 7.7], 0.40712699999979574], [[3, 10, 1, 10], [1.5, 23.41, 7.7], 0.4271269999997953], [[3, 10, 2, 10], [1.5, 23.43, 7.6], 0.5071269999997963], [[0, 11, 2, 12], [3.1, 23.43, 7.3], 0.8071269999997961], [[2, 11, 2, 12], [1.5, 23.43, 7.5], 0.6071269999997959], [[0, 10, 1, 10], [0.7, 23.41, 7.7], 0.4271269999997953], [[0, 10, 2, 10], [0.7, 23.43, 7.6], 0.5071269999997963], [[1, 10, 0, 10], [0.7, 23.41, 7.7], 0.4271269999997953], [[1, 10, 2, 10], [1.5, 23.41, 7.6], 0.5271269999997958], [[2, 10, 0, 10], [0.7, 23.43, 7.6], 0.5071269999997963], [[2, 10, 1, 10], [1.5, 23.41, 7.6], 0.5271269999997958]]"
1.5,23.46,8.5,1.5,33.7,8.5,1.5,23.45,8.3,"[{""pair"": [0, 0, 0, 0], ""acc"": 1.5, ""vel"": 23.45, ""pos"": 8.3, ""error"": 0}]","[[0, 0, 0, 0]]",[],"[[[0, 0, 0, 0], [1.5, 23.45, 8.3], 0]]"
1.5,23.49,8.9,1.5,23.49,111.3,1.5,23.49,8.9,"[{""pair"": [3, 5, 1, 4], ""acc"": 1.5, ""vel"": 23.49, ""pos"": 8.9, ""error"": 0.21563325000010103}, {""pair"": [3, 5, 2, 4], ""acc"": 1.5, ""vel"": 23.49, ""pos"": 111.3, ""error"": 102.61563325000009}, {""pair"": [3, 5, 0, 4], ""acc"": 1.5, ""vel"": 3.01, ""pos"": 111.3, ""error"": 123.06663325000008}]","[[3, 5, 1, 4], [3, 5, 2, 4], [3, 5, 0, 4]]","[[{""pair"": [3, 5, 0, 4], ""acc"": 1.5, ""vel"": 3.01, ""pos"": 111.3, ""error"": 123.06663325000008}], [{""pair"": [3, 5, 1, 4], ""acc"": 1.5, ""vel"": 23.49, ""pos"": 8.9, ""error"": 0.21563325000010103}], [{""pair"": [3, 5, 2, 4], ""acc"": 1.5, ""vel"": 23.49, ""pos"": 111.3, ""error"": 102.61563325000009}]]","[[[3, 5, 0, 4], [1.5, 3.01, 111.3], 123.06663325000008], [[3, 5, 1, 4], [1.5, 23.49, 8.9], 0.21563325000010103], [[3, 5, 2, 4], [1.5, 23.49, 111.3], 102.61563325000009]]"
1.5,23.51,9.3,1.5,23.51,9.3,1.5,23.51,9.3,"[{""pair"": [3, 14, 2, 3], ""acc"": 1.5, ""vel"": 23.51, ""pos"": 9.3, ""error"": 0.005953250000088062}]","[[3, 14, 2, 3]]","[[{""pair"": [3, 3, 0, 14], ""acc"": 14.3, ""vel"": 23.51, ""pos"": 9.3, ""error"": 0.005953250000088062}, {""pair"": [3, 3, 0, 14], ""acc"": 14.3, ""vel"": 23.51, ""pos"": 9.3, ""error"": 102.40504674999991}, {""pair"": [3, 3, 0, 14], ""acc"": 14.3, ""vel"": 23.51, ""pos"": 9.3, ""error"": 122.52588675}], [{""pair"": [3, 14, 2, 3], ""acc"": 1.5, ""vel"": 23.51, ""pos"": 9.3, ""error"": 0.005953250000088062}, {""pair"": [3, 14, 2, 3], ""acc"": 1.5, ""vel"": 23.51, ""pos"": 9.3, ""error"": 102.40504674999991}, {""pair"": [3, 14, 2, 3], ""acc"": 1.5, ""vel"": 23.51, ""pos"": 9.3, ""error"": 122.52588675}], [{""pair"": [2, 3, 0, 14], ""acc"": 14.3, ""vel"": 23.51, ""pos"": 9.3, ""error"": 0.005953250000088062}, {""pair"": [2, 3, 0, 14], ""acc"": 14.3, ""vel"": 23.51, ""pos"": 9.3, ""error"": 102.40504674999991}, {""pair"": [2, 3, 0, 14], ""acc"": 14.3, ""vel"": 23.51, ""pos"": 9.3, ""error"": 122.52588675}]]","[[[3, 3, 0, 14], [14.3, 23.51, 9.3], 0.005953250000088062], [[3, 14, 2, 3], [1.5, 23.51, 9.3], 0.005953250000088062], [[2, 3, 0, 14], [14.3, 23.51, 9.3], 0.005953250000088062]]"
1.5,23.54,9.7,3.1,23.54,419.3,1.5,23.54,9.7,"[{""pair"": [1, 6, 0, 11], ""acc"": 1.5, ""vel"": 23.54, ""pos"": 9.7, ""error"": 0.02964799999950607}]","[[1, 6, 0, 11]]","[[{""pair"": [1, 6, 0, 11], ""acc"": 1.5, ""vel"": 23.54, ""pos"": 9.7, ""error"": 0.02964799999950607}]]","[[[1, 6, 0, 11], [1.5, 23.54, 9.7], 0.02964799999950607]]"
1.5,23.56,10.1,1.5,24.2,10.1,1.5,23.56,10.1,"[{""pair"": [3, 8, 1, 15], ""acc"": 1.5, ""vel"": 23.56, ""pos"": 10.1, ""error"": 0.005896749999896755}, {""pair"": [1, 15, 2, 8], ""acc"": 1.5, ""vel"": 23.56, ""pos"": 10.1, ""error"": 0.005896749999896755}, {""pair"": [3, 8, 2, 15], ""acc"": 1.5, ""vel"": 24.2, ""pos"": 6.9, ""error"": 3.834896749999908}, {""pair"": [2, 15, 2, 8], ""acc"": 1.5, ""vel"": 24.2, ""pos"": 6.9, ""error"": 3.834896749999908}, {""pair"": [2, 15, 1, 8], ""acc"": 1.5, ""vel"": 24.2, ""pos"": 1645.3, ""error"": 1635.8341032500002}, {""pair"": [1, 15, 1, 8], ""acc"": 1.5, ""vel"": 23.56, ""pos"": 1648.5, ""error"": 1638.4051032500001}]","[[3, 8, 1, 15], [1, 15, 2, 8], [3, 8, 2, 15], [2, 15, 2, 8], [2, 15, 1, 8], [1, 15, 1, 8]]","[[{""pair"": [3, 8, 1, 15], ""acc"": 1.5, ""vel"": 23.56, ""pos"": 10.1, ""error"": 0.005896749999896755}], [{""pair"": [3, 8, 2, 15], ""acc"": 1.5, ""vel"": 24.2, ""pos"": 6.9, ""error"": 3.834896749999908}], [{""pair"": [1, 15, 1, 8], ""acc"": 1.5, ""vel"": 23.56, ""pos"": 1648.5, ""error"": 1638.4051032500001}], [{""pair"": [1, 15, 2, 8], ""acc"": 1.5, ""vel"": 23.56, ""pos"": 10.1, ""error"": 0.005896749999896755}], [{""pair"": [2, 15, 1, 8], ""acc"": 1.5, ""vel"": 24.2, ""pos"": 1645.3, ""error"": 1635.8341032500002}], [{""pair"": [2, 15, 2, 8], ""acc"": 1.5, ""vel"": 24.2, ""pos"": 6.9, ""error"": 3.834896749999908}]]","[[[3, 8, 1, 15], [1.5, 23.56, 10.1], 0.005896749999896755], [[3, 8, 2, 15], [1.5, 24.2, 6.9], 3.834896749999908], [[1, 15, 1, 8], [1.5, 23.56, 1648.5], 1638.4051032500001], [[1, 15, 2, 8], [1.5, 23.56, 10.1], 0.005896749999896755], [[2, 15, 1, 8], [1.5, 24.2, 1645.3], 1635.8341032500002], [[2, 15, 2, 8], [1.5, 24.2, 6.9], 3.834896749999908]]"
1.5,23.59,10.5,1.5,24.87,10.5,1.4,23.59,10.5,"[{""pair"": [0, 0, 0, 7], ""acc"": 1.4, ""vel"": 23.59, ""pos"": 10.5, ""error"": 0.005236749999911083}, {""pair"": [3, 7, 0, 0], ""acc"": 1.5, ""vel"": 23.59, ""pos"": 10.5, ""error"": 0.005236749999911083}, {""pair"": [0, 0, 2, 7], ""acc"": 1.5, ""vel"": 23.59, ""pos"": 10.5, ""error"": 0.005236749999911083}, {""pair"": [3, 0, 0, 7], ""acc"": 1.4, ""vel"": 24.87, ""pos"": 10.5, ""error"": 1.2852367499999122}, {""pair"": [3, 0, 2, 7], ""acc"": 1.5, ""vel"": 24.87, ""pos"": 10.5, ""error"": 1.2852367499999122}, {""pair"": [1, 0, 0, 7], ""acc"": 1.4, ""vel"": 24.87, ""pos"": 4.1, ""error"": 3.8561167499999094}, {""pair"": [3, 7, 1, 0], ""acc"": 1.5, ""vel"": 24.87, ""pos"": 4.1, ""error"": 3.8561167499999094}, {""pair"": [1, 0, 2, 7], ""acc"": 1.5, ""vel"": 24.87, ""pos"": 4.1, ""error"": 3.8561167499999094}]","[[0, 0, 0, 7], [3, 7, 0, 0], [0, 0, 2, 7], [3, 0, 0, 7], [3, 0, 2, 7], [1, 0, 0, 7], [3, 7, 1, 0], [1, 0, 2, 7]]","[[{""pair"": [3, 0, 0, 7], ""acc"": 1.4, ""vel"": 24.87, ""pos"": 10.5, ""error"": 1.2852367499999122}, {""pair"": [3, 0, 0, 7], ""acc"": 1.4, ""vel"": 24.87, ""pos"": 10.5, ""error"": 1.2852367499999122}, {""pair"": [3, 0, 0, 7], ""acc"": 1.4, ""vel"": 24.87, ""pos"": 10.5, ""error"": 3.8328832500001067}, {""pair"": [3, 0, 0, 7], ""acc"": 1.4, ""vel"": 24.87, ""pos"": 10.5, ""error"": 3.8328832500001067}, {""pair"": [3, 0, 0, 7], ""acc"": 1.4, ""vel"": 24.87, ""pos"": 10.5, ""error"": 1635.85611675}, {""pair"": [3, 0, 0, 7], ""acc"": 1.4, ""vel"": 24.87, ""pos"": 10.5, ""error"": 1639.6852367499998}], [{""pair"": [3, 0, 2, 7], ""acc"": 1.5, ""vel"": 24.87, ""pos"": 10.5, ""error"": 1.2852367499999122}, {""pair"": [3, 0, 2, 7], ""acc"": 1.5, ""vel"": 24.87, ""pos"": 10.5, ""error"": 1.2852367499999122}, {""pair"": [3, 0, 2, 7], ""acc"": 1.5, ""vel"": 24.87, ""pos"": 10.5, ""error"": 3.8328832500001067}, {""pair"": [3, 0, 2, 7], ""acc"": 1.5, ""vel"": 24.87, ""pos"": 10.5, ""error"": 3.8328832500001067}, {""pair"": [3, 0, 2, 7], ""acc"": 1.5, ""vel"": 24.87, ""pos"": 10.5, ""error"": 1635.85611675}, {""pair"": [3, 0, 2, 7], ""acc"": 1.5, ""vel"": 24.87, ""pos"": 10.5, ""error"": 1639.6852367499998}], [{""pair"": [3, 7, 0, 0], ""acc"": 1.5, ""vel"": 23.59, ""pos"": 10.5, ""error"": 0.005236749999911083}, {""pair"": [3, 7, 0, 0], ""acc"": 1.5, ""vel"": 23.59, ""pos"": 10.5, ""error"": 0.005236749999911083}, {""pair"": [3, 7, 0, 0], ""acc"": 1.5, ""vel"": 23.59, ""pos"": 10.5, ""error"": 3.823883250000092}, {""pair"": [3, 7, 0, 0], ""acc"": 1.5, ""vel"": 23.59, ""pos"": 10.5, ""error"": 3.823883250000092}, {""pair"": [3, 7, 0, 0], ""acc"": 1.5, ""vel"": 23.59, ""pos"": 10.5, ""error"": 1635.84711675}, {""pair"": [3, 7, 0, 0], ""acc"": 1.5, ""vel"": 23.59, ""pos"": 10.5, ""error"": 1638.4052367499999}], [{""pair"": [3, 7, 1, 0], ""acc"": 1.5, ""vel"": 24.87, ""pos"": 4.1, ""error"": 7.685236749999913}, {""pair"": [3, 7, 1, 0], ""acc"": 1.5, ""vel"": 24.87, ""pos"": 4.1, ""error"": 7.685236749999913}, {""pair"": [3, 7, 1, 0], ""acc"": 1.5, ""vel"": 24.87, ""pos"": 4.1, ""error"": 3.8561167499999094}, {""pair"": [3, 7, 1, 0], ""acc"": 1.5, ""vel"": 24.87, ""pos"": 4.1, ""error"": 3.8561167499999094}, {""pair"": [3, 7, 1, 0], ""acc"": 1.5, ""vel"": 24.87, ""pos"": 4.1, ""error"": 1642.25611675}, {""pair"": [3, 7, 1, 0], ""acc"": 1.5, ""vel"": 24.87, ""pos"": 4.1, ""error"": 1646.08523675}], [{""pair"": [0, 0, 0, 7], ""acc"": 1.4, ""vel"": 23.59, ""pos"": 10.5, ""error"": 0.005236749999911083}, {""pair"": [0, 0, 0, 7], ""acc"": 1.4, ""vel"": 23.59, ""pos"": 10.5, ""error"": 0.005236749999911083}, {""pair"": [0, 0, 0, 7], ""acc"": 1.4, ""vel"": 23.59, ""pos"": 10.5, ""error"": 3.823883250000092}, {""pair"": [0, 0, 0, 7], ""acc"": 1.4, ""vel"": 23.59, ""pos"": 10.5, ""error"": 3.823883250000092}, {""pair"": [0, 0, 0, 7], ""acc"": 1.4, ""vel"": 23.59, ""pos"": 10.5, ""error"": 1635.84711675}, {""pair"": [0, 0, 0, 7], ""acc"": 1.4, ""vel"": 23.59, ""pos"": 10.5, ""error"": 1638.4052367499999}], [{""pair"": [0, 0, 2, 7], ""acc"": 1.5, ""vel"": 23.59, ""pos"": 10.5, ""error"": 0.005236749999911083}, {""pair"": [0, 0, 2, 7], ""acc"": 1.5, ""vel"": 23.59, ""pos"": 10.5, ""error"": 0.005236749999911083}, {""pair"": [0, 0, 2, 7], ""acc"": 1.5, ""vel"": 23.59, ""pos"": 10.5, ""error"": 3.823883250000092}, {""pair"": [0, 0, 2, 7], ""acc"": 1.5, ""vel"": 23.59, ""pos"": 10.5, ""error"": 3.823883250000092}, {""pair"": [0, 0, 2, 7], ""acc"": 1.5, ""vel"": 23.59, ""pos"": 10.5, ""error"": 1635.84711675}, {""pair"": [0, 0, 2, 7], ""acc"": 1.5, ""vel"": 23.59, ""pos"": 10.5, ""error"": 1638.4052367499999}], [{""pair"": [1, 0, 0, 7], ""acc"": 1.4, ""vel"": 24.87, ""pos"": 4.1, ""error"": 7.685236749999913}, {""pair"": [1, 0, 0, 7], ""acc"": 1.4, ""vel"": 24.87, ""pos"": 4.1, ""error"": 7.685236749999913}, {""pair"": [1, 0, 0, 7], ""acc"": 1.4, ""vel"": 24.87, ""pos"": 4.1, ""error"": 3.8561167499999094}, {""pair"": [1, 0, 0, 7], ""acc"": 1.4, ""vel"": 24.87, ""pos"": 4.1, ""error"": 3.8561167499999094}, {""pair"": [1, 0, 0, 7], ""acc"": 1.4, ""vel"": 24.87, ""pos"": 4.1, ""error"": 1642.25611675}, {""pair"": [1, 0, 0, 7], ""acc"": 1.4, ""vel"": 24.87, ""pos"": 4.1, ""error"": 1646.08523675}], [{""pair"": [1, 0, 2, 7], ""acc"": 1.5, ""vel"": 24.87, ""pos"": 4.1, ""error"": 7.685236749999913}, {""pair"": [1, 0, 2, 7], ""acc"": 1.5, ""vel"": 24.87, ""pos"": 4.1, ""error"": 7.685236749999913}, {""pair"": [1, 0, 2, 7], ""acc"": 1.5, ""vel"": 24.87, ""pos"": 4.1, ""error"": 3.8561167499999094}, {""pair"": [1, 0, 2, 7], ""acc"": 1.5, ""vel"": 24.87, ""pos"": 4.1, ""error"": 3.8561167499999094}, {""pair"": [1, 0, 2, 7], ""acc"": 1.5, ""vel"": 24.87, ""pos"": 4.1, ""error"": 1642.25611675}, {""pair"": [1, 0, 2, 7], ""acc"": 1.5, ""vel"": 24.87, ""pos"": 4.1, ""error"": 1646.08523675}]]","[[[3, 0, 0, 7], [1.4, 24.87, 10.5], 1.2852367499999122], [[3, 0, 2, 7], [1.5, 24.87, 10.5], 1.2852367499999122], [[3, 7, 0, 0], [1.5, 23.59, 10.5], 0.005236749999911083], [[3, 7, 1, 0], [1.5, 24.87, 4.1], 3.8561167499999094], [[0, 0, 0, 7], [1.4, 23.59, 10.5], 0.005236749999911083], [[0, 0, 2, 7], [1.5, 23.59, 10.5], 0.005236749999911083], [[1, 0, 0, 7], [1.4, 24.87, 4.1], 3.8561167499999094], [[1, 0, 2, 7], [1.5, 24.87, 4.1], 3.8561167499999094]]"
1.4,23.61,10.9,4.6,23.61,10.9,1.2,23.61,10.9,"[{""pair"": [0, 8, 0, 12], ""acc"": 1.2, ""vel"": 23.61, ""pos"": 10.9, ""error"": 0.02478080000082805}, {""pair"": [2, 8, 0, 12], ""acc"": 1.4, ""vel"": 23.61, ""pos"": 10.9, ""error"": 0.02478080000082805}, {""pair"": [3, 12, 0, 8], ""acc"": 4.4, ""vel"": 23.61, ""pos"": 10.9, ""error"": 0.02478080000082805}, {""pair"": [3, 12, 2, 8], ""acc"": 4.6, ""vel"": 23.61, ""pos"": 10.9, ""error"": 0.02478080000082805}, {""pair"": [0, 8, 1, 12], ""acc"": 4.4, ""vel"": 23.53, ""pos"": 10.9, ""error"": 0.10478080000082635}, {""pair"": [2, 8, 1, 12], ""acc"": 4.6, ""vel"": 23.53, ""pos"": 10.9, ""error"": 0.10478080000082635}, {""pair"": [0, 8, 2, 12], ""acc"": 4.4, ""vel"": 23.61, ""pos"": 10.5, ""error"": 0.38001919999906875}, {""pair"": [2, 8, 2, 12], ""acc"": 4.6, ""vel"": 23.61, ""pos"": 10.5, ""error"": 0.38001919999906875}]","[[0, 8, 0, 12], [2, 8, 0, 12], [3, 12, 0, 8], [3, 12, 2, 8], [0, 8, 1, 12], [2, 8, 1, 12], [0, 8, 2, 12], [2, 8, 2, 12]]","[[{""pair"": [3, 12, 0, 8], ""acc"": 4.4, ""vel"": 23.61, ""pos"": 10.9, ""error"": 0.02478080000082805}, {""pair"": [3, 12, 0, 8], ""acc"": 4.4, ""vel"": 23.61, ""pos"": 10.9, ""error"": 0.02636800000082573}, {""pair"": [3, 12, 0, 8], ""acc"": 4.4, ""vel"": 23.61, ""pos"": 10.9, ""error"": 0.02636800000082573}, {""pair"": [3, 12, 0, 8], ""acc"": 4.4, ""vel"": 23.61, ""pos"": 10.9, ""error"": 1.284300800000878}, {""pair"": [3, 12, 0, 8], ""acc"": 4.4, ""vel"": 23.61, ""pos"": 10.9, ""error"": 1.2858880000008757}, {""pair"": [3, 12, 0, 8], ""acc"": 4.4, ""vel"": 23.61, ""pos"": 10.9, ""error"": 7.684300800000878}, {""pair"": [3, 12, 0, 8], ""acc"": 4.4, ""vel"": 23.61, ""pos"": 10.9, ""error"": 7.685888000000874}, {""pair"": [3, 12, 0, 8], ""acc"": 4.4, ""vel"": 23.61, ""pos"": 10.9, ""error"": 7.685888000000874}], [{""pair"": [3, 12, 2, 8], ""acc"": 4.6, ""vel"": 23.61, ""pos"": 10.9, ""error"": 0.02478080000082805}, {""pair"": [3, 12, 2, 8], ""acc"": 4.6, ""vel"": 23.61, ""pos"": 10.9, ""error"": 0.02636800000082573}, {""pair"": [3, 12, 2, 8], ""acc"": 4.6, ""vel"": 23.61, ""pos"": 10.9, ""error"": 0.02636800000082573}, {""pair"": [3, 12, 2, 8], ""acc"": 4.6, ""vel"": 23.61, ""pos"": 10.9, ""error"": 1.284300800000878}, {""pair"": [3, 12, 2, 8], ""acc"": 4.6, ""vel"": 23.61, ""pos"": 10.9, ""error"": 1.2858880000008757}, {""pair"": [3, 12, 2, 8], ""acc"": 4.6, ""vel"": 23.61, ""pos"": 10.9, ""error"": 7.684300800000878}, {""pair"": [3, 12, 2, 8], ""acc"": 4.6, ""vel"": 23.61, ""pos"": 10.9, ""error"": 7.685888000000874}, {""pair"": [3, 12, 2, 8], ""acc"": 4.6, ""vel"": 23.61, ""pos"": 10.9, ""error"": 7.685888000000874}], [{""pair"": [0, 8, 0, 12], ""acc"": 1.2, ""vel"": 23.61, ""pos"": 10.9, ""error"": 0.02478080000082805}, {""pair"": [0, 8, 0, 12], ""acc"": 1.2, ""vel"": 23.61, ""pos"": 10.9, ""error"": 0.02636800000082573}, {""pair"": [0, 8, 0, 12], ""acc"": 1.2, ""vel"": 23.61, ""pos"": 10.9, ""error"": 0.02636800000082573}, {""pair"": [0, 8, 0, 12], ""acc"": 1.2, ""vel"": 23.61, ""pos"": 10.9, ""error"": 1.284300800000878}, {""pair"": [0, 8, 0, 12], ""acc"": 1.2, ""vel"": 23.61, ""pos"": 10.9, ""error"": 1.2858880000008757}, {""pair"": [0, 8, 0, 12], ""acc"": 1.2, ""vel"": 23.61, ""pos"": 10.9, ""error"": 7.684300800000878}, {""pair"": [0, 8, 0, 12], ""acc"": 1.2, ""vel"": 23.61, ""pos"": 10.9, ""error"": 7.685888000000874}, {""pair"": [0, 8, 0, 12], ""acc"": 1.2, ""vel"": 23.61, ""pos"": 10.9, ""error"": 7.685888000000874}], [{""pair"": [0, 8, 1, 12], ""acc"": 4.4, ""vel"": 23.53, ""pos"": 10.9, ""error"": 0.10478080000082635}, {""pair"": [0, 8, 1, 12], ""acc"": 4.4, ""vel"": 23.53, ""pos"": 10.9, ""error"": 0.10636800000082403}, {""pair"": [0, 8, 1, 12], ""acc"": 4.4, ""vel"": 23.53, ""pos"": 10.9, ""error"": 0.10636800000082403}, {""pair"": [0, 8, 1, 12], ""acc"": 4.4, ""vel"": 23.53, ""pos"": 10.9, ""error"": 1.3643008000008763}, {""pair"": [0, 8, 1, 12], ""acc"": 4.4, ""vel"": 23.53, ""pos"": 10.9, ""error"": 1.365888000000874}, {""pair"": [0, 8, 1, 12], ""acc"": 4.4, ""vel"": 23.53, ""pos"": 10.9, ""error"": 7.764300800000877}, {""pair"": [0, 8, 1, 12], ""acc"": 4.4, ""vel"": 23.53, ""pos"": 10.9, ""error"": 7.7658880000008725}, {""pair"": [0, 8, 1, 12], ""acc"": 4.4, ""vel"": 23.53, ""pos"": 10.9, ""error"": 7.7658880000008725}], [{""pair"": [0, 8, 2, 12], ""acc"": 4.4, ""vel"": 23.61, ""pos"": 10.5, ""error"": 0.38001919999906875}, {""pair"": [0, 8, 2, 12], ""acc"": 4.4, ""vel"": 23.61, ""pos"": 10.5, ""error"": 0.3816319999990636}, {""pair"": [0, 8, 2, 12], ""acc"": 4.4, ""vel"": 23.61, ""pos"": 10.5, ""error"": 0.3816319999990636}, {""pair"": [0, 8, 2, 12], ""acc"": 4.4, ""vel"": 23.61, ""pos"": 10.5, ""error"": 1.680499199999021}, {""pair"": [0, 8, 2, 12], ""acc"": 4.4, ""vel"": 23.61, ""pos"": 10.5, ""error"": 1.682111999999016}, {""pair"": [0, 8, 2, 12], ""acc"": 4.4, ""vel"": 23.61, ""pos"": 10.5, ""error"": 7.284300800000878}, {""pair"": [0, 8, 2, 12], ""acc"": 4.4, ""vel"": 23.61, ""pos"": 10.5, ""error"": 7.285888000000874}, {""pair"": [0, 8, 2, 12], ""acc"": 4.4, ""vel"": 23.61, ""pos"": 10.5, ""error"": 7.285888000000874}], [{""pair"": [2, 8, 0, 12], ""acc"": 1.4, ""vel"": 23.61, ""pos"": 10.9, ""error"": 0.02478080000082805}, {""pair"": [2, 8, 0, 12], ""acc"": 1.4, ""vel"": 23.61, ""pos"": 10.9, ""error"": 0.02636800000082573}, {""pair"": [2, 8, 0, 12], ""acc"": 1.4, ""vel"": 23.61, ""pos"": 10.9, ""error"": 0.02636800000082573}, {""pair"": [2, 8, 0, 12], ""acc"": 1.4, ""vel"": 23.61, ""pos"": 10.9, ""error"": 1.284300800000878}, {""pair"": [2, 8, 0, 12], ""acc"": 1.4, ""vel"": 23.61, ""pos"": 10.9, ""error"": 1.2858880000008757}, {""pair"": [2, 8, 0, 12], ""acc"": 1.4, ""vel"": 23.61, ""pos"": 10.9, ""error"": 7.684300800000878}, {""pair"": [2, 8, 0, 12], ""acc"": 1.4, ""vel"": 23.61, ""pos"": 10.9, ""error"": 7.685888000000874}, {""pair"": [2, 8, 0, 12], ""acc"": 1.4, ""vel"": 23.61, ""pos"": 10.9, ""error"": 7.685888000000874}], [{""pair"": [2, 8, 1, 12], ""acc"": 4.6, ""vel"": 23.53, ""pos"": 10.9, ""error"": 0.10478080000082635}, {""pair"": [2, 8, 1, 12], ""acc"": 4.6, ""vel"": 23.53, ""pos"": 10.9, ""error"": 0.10636800000082403}, {""pair"": [2, 8, 1, 12], ""acc"": 4.6, ""vel"": 23.53, ""pos"": 10.9, ""error"": 0.10636800000082403}, {""pair"": [2, 8, 1, 12], ""acc"": 4.6, ""vel"": 23.53, ""pos"": 10.9, ""error"": 1.3643008000008763}, {""pair"": [2, 8, 1, 12], ""acc"": 4.6, ""vel"": 23.53, ""pos"": 10.9, ""error"": 1.365888000000874}, {""pair"": [2, 8, 1, 12], ""acc"": 4.6, ""vel"": 23.53, ""pos"": 10.9, ""error"": 7.764300800000877}, {""pair"": [2, 8, 1, 12], ""acc"": 4.6, ""vel"": 23.53, ""pos"": 10.9, ""error"": 7.7658880000008725}, {""pair"": [2, 8, 1, 12], ""acc"": 4.6, ""vel"": 23.53, ""pos"": 10.9, ""error"": 7.7658880000008725}], [{""pair"": [2, 8, 2, 12], ""acc"": 4.6, ""vel"": 23.61, ""pos"": 10.5, ""error"": 0.38001919999906875}, {""pair"": [2, 8, 2, 12], ""acc"": 4.6, ""vel"": 23.61, ""pos"": 10.5, ""error"": 0.3816319999990636}, {""pair"": [2, 8, 2, 12], ""acc"": 4.6, ""vel"": 23.61, ""pos"": 10.5, ""error"": 0.3816319999990636}, {""pair"": [2, 8, 2, 12], ""acc"": 4.6, ""vel"": 23.61, ""pos"": 10.5, ""error"": 1.680499199999021}, {""pair"": [2, 8, 2, 12], ""acc"": 4.6, ""vel"": 23.61, ""pos"": 10.5, ""error"": 1.682111999999016}, {""pair"": [2, 8, 2, 12], ""acc"": 4.6, ""vel"": 23.61, ""pos"": 10.5, ""error"": 7.284300800000878}, {""pair"": [2, 8, 2, 12], ""acc"": 4.6, ""vel"": 23.61, ""pos"": 10.5, ""error"": 7.285888000000874}, {""pair"": [2, 8, 2, 12], ""acc"": 4.6, ""vel"": 23.61, ""pos"": 10.5, ""error"": 7.285888000000874}]]","[[[3, 12, 0, 8], [4.4, 23.61, 10.9], 0.02478080000082805], [[3, 12, 2, 8], [4.6, 23.61, 10.9], 0.02478080000082805], [[0, 8, 0, 12], [1.2, 23.61, 10.9], 0.02478080000082805], [[0, 8, 1, 12], [4.4, 23.53, 10.9], 0.10478080000082635], [[0, 8, 2, 12], [4.4, 23.61, 10.5], 0.38001919999906875], [[2, 8, 0, 12], [1.4, 23.61, 10.9], 0.02478080000082805], [[2, 8, 1, 12], [4.6, 23.53, 10.9], 0.10478080000082635], [[2, 8, 2, 12], [4.6, 23.61, 10.5], 0.38001919999906875]]"
1.4,23.63,11.2,1.4,23.63,12.0,1.4,23.63,11.2,"[{""pair"": [2, 13, 2, 7], ""acc"": 1.4, ""vel"": 23.63, ""pos"": 11.2, ""error"": 0.10194339999990021}, {""pair"": [1, 13, 2, 7], ""acc"": 1.4, ""vel"": 23.47, ""pos"": 12.0, ""error"": 0.8341542000000803}]","[[2, 13, 2, 7], [1, 13, 2, 7]]","[[{""pair"": [1, 13, 2, 7], ""acc"": 1.4, ""vel"": 23.47, ""pos"": 12.0, ""error"": 0.8588566000000917}, {""pair"": [1, 13, 2, 7], ""acc"": 1.4, ""vel"": 23.47, ""pos"": 12.0, ""error"": 0.8622277000000906}, {""pair"": [1, 13, 2, 7], ""acc"": 1.4, ""vel"": 23.47, ""pos"": 12.0, ""error"": 0.9127942000000786}, {""pair"": [1, 13, 2, 7], ""acc"": 1.4, ""vel"": 23.47, ""pos"": 12.0, ""error"": 0.9161653000000776}, {""pair"": [1, 13, 2, 7], ""acc"": 1.4, ""vel"": 23.47, ""pos"": 12.0, ""error"": 0.8341542000000803}, {""pair"": [1, 13, 2, 7], ""acc"": 1.4, ""vel"": 23.47, ""pos"": 12.0, ""error"": 0.8375253000000793}, {""pair"": [1, 13, 2, 7], ""acc"": 1.4, ""vel"": 23.47, ""pos"": 12.0, ""error"": 1.312794200000079}, {""pair"": [1, 13, 2, 7], ""acc"": 1.4, ""vel"": 23.47, ""pos"": 12.0, ""error"": 1.316165300000078}], [{""pair"": [2, 13, 2, 7], ""acc"": 1.4, ""vel"": 23.63, ""pos"": 11.2, ""error"": 0.10194339999990021}, {""pair"": [2, 13, 2, 7], ""acc"": 1.4, ""vel"": 23.63, ""pos"": 11.2, ""error"": 0.10537229999989961}, {""pair"": [2, 13, 2, 7], ""acc"": 1.4, ""vel"": 23.63, ""pos"": 11.2, ""error"": 0.15680579999988709}, {""pair"": [2, 13, 2, 7], ""acc"": 1.4, ""vel"": 23.63, ""pos"": 11.2, ""error"": 0.1602346999998865}, {""pair"": [2, 13, 2, 7], ""acc"": 1.4, ""vel"": 23.63, ""pos"": 11.2, ""error"": 0.12584579999992052}, {""pair"": [2, 13, 2, 7], ""acc"": 1.4, ""vel"": 23.63, ""pos"": 11.2, ""error"": 0.12247469999992155}, {""pair"": [2, 13, 2, 7], ""acc"": 1.4, ""vel"": 23.63, ""pos"": 11.2, ""error"": 0.3527942000000781}, {""pair"": [2, 13, 2, 7], ""acc"": 1.4, ""vel"": 23.63, ""pos"": 11.2, ""error"": 0.35616530000007707}]]","[[[1, 13, 2, 7], [1.4, 23.47, 12.0], 0.8341542000000803], [[2, 13, 2, 7], [1.4, 23.63, 11.2], 0.10194339999990021]]"
1.4,23.65,11.6,1.4,23.65,421.2,1.4,23.65,11.6,"[{""pair"": [3, 14, 1, 6], ""acc"": 1.4, ""vel"": 23.65, ""pos"": 11.6, ""error"": 0.4067523000003863}]","[[3, 14, 1, 6]]","[[{""pair"": [3, 14, 1, 6], ""acc"": 1.4, ""vel"": 23.65, ""pos"": 11.6, ""error"": 0.4067523000003863}, {""pair"": [3, 14, 1, 6], ""acc"": 1.4, ""vel"": 23.65, ""pos"": 11.6, ""error"": 1.3090723000003432}], [{""pair"": [1, 6, 0, 14], ""acc"": 14.2, ""vel"": 23.65, ""pos"": 11.6, ""error"": 0.4067523000003863}, {""pair"": [1, 6, 0, 14], ""acc"": 14.2, ""vel"": 23.65, ""pos"": 11.6, ""error"": 1.3090723000003432}]]","[[[3, 14, 1, 6], [1.4, 23.65, 11.6], 0.4067523000003863], [[1, 6, 0, 14], [14.2, 23.65, 11.6], 0.4067523000003863]]"
1.3,23.7,12.4,1.3,33.94,12.4,1.3,23.7,12.4,"[{""pair"": [3, 9, 0, 3], ""acc"": 1.3, ""vel"": 23.7, ""pos"": 12.4, ""error"": 0.00730919999981694}, {""pair"": [0, 3, 2, 9], ""acc"": 1.3, ""vel"": 23.7, ""pos"": 12.4, ""error"": 0.00730919999981694}, {""pair"": [0, 3, 1, 9], ""acc"": 1.3, ""vel"": 23.71, ""pos"": 12.4, ""error"": 0.017309199999818503}, {""pair"": [3, 9, 2, 3], ""acc"": 1.3, ""vel"": 33.94, ""pos"": 12.4, ""error"": 10.247309199999815}, {""pair"": [2, 3, 2, 9], ""acc"": 1.3, ""vel"": 33.94, ""pos"": 12.4, ""error"": 10.247309199999815}, {""pair"": [2, 3, 1, 9], ""acc"": 1.3, ""vel"": 33.95, ""pos"": 12.4, ""error"": 10.25730919999982}]","[[3, 9, 0, 3], [0, 3, 2, 9], [0, 3, 1, 9], [3, 9, 2, 3], [2, 3, 2, 9], [2, 3, 1, 9]]","[[{""pair"": [3, 9, 0, 3], ""acc"": 1.3, ""vel"": 23.7, ""pos"": 12.4, ""error"": 0.00730919999981694}], [{""pair"": [3, 9, 2, 3], ""acc"": 1.3, ""vel"": 33.94, ""pos"": 12.4, ""error"": 10.247309199999815}], [{""pair"": [0, 3, 1, 9], ""acc"": 1.3, ""vel"": 23.71, ""pos"": 12.4, ""error"": 0.017309199999818503}], [{""pair"": [0, 3, 2, 9], ""acc"": 1.3, ""vel"": 23.7, ""pos"": 12.4, ""error"": 0.00730919999981694}], [{""pair"": [2, 3, 1, 9], ""acc"": 1.3, ""vel"": 33.95, ""pos"": 12.4, ""error"": 10.25730919999982}], [{""pair"": [2, 3, 2, 9], ""acc"": 1.3, ""vel"": 33.94, ""pos"": 12.4, ""error"": 10.247309199999815}]]","[[[3, 9, 0, 3], [1.3, 23.7, 12.4], 0.00730919999981694], [[3, 9, 2, 3], [1.3, 33.94, 12.4], 10.247309199999815], [[0, 3, 1, 9], [1.3, 23.71, 12.4], 0.017309199999818503], [[0, 3, 2, 9], [1.3, 23.7, 12.4], 0.00730919999981694], [[2, 3, 1, 9], [1.3, 33.95, 12.4], 10.25730919999982], [[2, 3, 2, 9], [1.3, 33.94, 12.4], 10.247309199999815]]"
1.3,23.74,13.2,1.3,23.74,13.2,1.3,23.74,13.2,"[{""pair"": [3, 4, 2, 5], ""acc"": 1.3, ""vel"": 23.74, ""pos"": 13.2, ""error"": 0.4296735999995054}, {""pair"": [2, 4, 2, 5], ""acc"": 1.3, ""vel"": 23.74, ""pos"": 13.2, ""error"": 0.4296735999995054}, {""pair"": [1, 4, 2, 5], ""acc"": 1.3, ""vel"": 23.74, ""pos"": 115.6, ""error"": 102.8296735999995}]","[[3, 4, 2, 5], [2, 4, 2, 5], [1, 4, 2, 5]]","[[{""pair"": [3, 4, 2, 5], ""acc"": 1.3, ""vel"": 23.74, ""pos"": 13.2, ""error"": 0.439833599999508}, {""pair"": [3, 4, 2, 5], ""acc"": 1.3, ""vel"": 23.74, ""pos"": 13.2, ""error"": 0.439833599999508}, {""pair"": [3, 4, 2, 5], ""acc"": 1.3, ""vel"": 23.74, ""pos"": 13.2, ""error"": 0.4296735999995054}, {""pair"": [3, 4, 2, 5], ""acc"": 1.3, ""vel"": 23.74, ""pos"": 13.2, ""error"": 10.477593599999356}, {""pair"": [3, 4, 2, 5], ""acc"": 1.3, ""vel"": 23.74, ""pos"": 13.2, ""error"": 10.477593599999356}, {""pair"": [3, 4, 2, 5], ""acc"": 1.3, ""vel"": 23.74, ""pos"": 13.2, ""error"": 10.487433599999362}], [{""pair"": [1, 4, 2, 5], ""acc"": 1.3, ""vel"": 23.74, ""pos"": 115.6, ""error"": 102.8398335999995}, {""pair"": [1, 4, 2, 5], ""acc"": 1.3, ""vel"": 23.74, ""pos"": 115.6, ""error"": 102.8398335999995}, {""pair"": [1, 4, 2, 5], ""acc"": 1.3, ""vel"": 23.74, ""pos"": 115.6, ""error"": 102.8296735999995}, {""pair"": [1, 4, 2, 5], ""acc"": 1.3, ""vel"": 23.74, ""pos"": 115.6, ""error"": 112.87759359999936}, {""pair"": [1, 4, 2, 5], ""acc"": 1.3, ""vel"": 23.74, ""pos"": 115.6, ""error"": 112.87759359999936}, {""pair"": [1, 4, 2, 5], ""acc"": 1.3, ""vel"": 23.74, ""pos"": 115.6, ""error"": 112.88743359999935}], [{""pair"": [2, 4, 2, 5], ""acc"": 1.3, ""vel"": 23.74, ""pos"": 13.2, ""error"": 0.439833599999508}, {""pair"": [2, 4, 2, 5], ""acc"": 1.3, ""vel"": 23.74, ""pos"": 13.2, ""error"": 0.439833599999508}, {""pair"": [2, 4, 2, 5], ""acc"": 1.3, ""vel"": 23.74, ""pos"": 13.2, ""error"": 0.4296735999995054}, {""pair"": [2, 4, 2, 5], ""acc"": 1.3, ""vel"": 23.74, ""pos"": 13.2, ""error"": 10.477593599999356}, {""pair"": [2, 4, 2, 5], ""acc"": 1.3, ""vel"": 23.74, ""pos"": 13.2, ""error"": 10.477593599999356}, {""pair"": [2, 4, 2, 5], ""acc"": 1.3, ""vel"": 23.74, ""pos"": 13.2, ""error"": 10.487433599999362}]]","[[[3, 4, 2, 5], [1.3, 23.74, 13.2], 0.4296735999995054], [[1, 4, 2, 5], [1.3, 23.74, 115.6], 102.8296735999995], [[2, 4, 2, 5], [1.3, 23.74, 13.2], 0.4296735999995054]]"
1.3,23.77,13.6,1.3,3.29,13.6,1.3,23.77,13.6,"[{""pair"": [3, 6, 0, 4], ""acc"": 1.3, ""vel"": 23.77, ""pos"": 13.6, ""error"": 0.011667849999907887}, {""pair"": [3, 6, 2, 4], ""acc"": 1.3, ""vel"": 3.29, ""pos"": 13.6, ""error"": 20.475867849999894}, {""pair"": [3, 6, 1, 4], ""acc"": 1.3, ""vel"": 3.29, ""pos"": 116.0, ""error"": 20.475867849999897}]","[[3, 6, 0, 4], [3, 6, 2, 4], [3, 6, 1, 4]]","[[{""pair"": [3, 6, 0, 4], ""acc"": 1.3, ""vel"": 23.77, ""pos"": 13.6, ""error"": 0.011667849999907887}, {""pair"": [3, 6, 0, 4], ""acc"": 1.3, ""vel"": 23.77, ""pos"": 13.6, ""error"": 0.011667849999907887}, {""pair"": [3, 6, 0, 4], ""acc"": 1.3, ""vel"": 23.77, ""pos"": 13.6, ""error"": 102.41166784999992}], [{""pair"": [3, 6, 1, 4], ""acc"": 1.3, ""vel"": 3.29, ""pos"": 116.0, ""error"": 122.8683321500001}, {""pair"": [3, 6, 1, 4], ""acc"": 1.3, ""vel"": 3.29, ""pos"": 116.0, ""error"": 122.8683321500001}, {""pair"": [3, 6, 1, 4], ""acc"": 1.3, ""vel"": 3.29, ""pos"": 116.0, ""error"": 20.475867849999897}], [{""pair"": [3, 6, 2, 4], ""acc"": 1.3, ""vel"": 3.29, ""pos"": 13.6, ""error"": 20.475867849999894}, {""pair"": [3, 6, 2, 4], ""acc"": 1.3, ""vel"": 3.29, ""pos"": 13.6, ""error"": 20.475867849999894}, {""pair"": [3, 6, 2, 4], ""acc"": 1.3, ""vel"": 3.29, ""pos"": 13.6, ""error"": 122.8758678499999}]]","[[[3, 6, 0, 4], [1.3, 23.77, 13.6], 0.011667849999907887], [[3, 6, 1, 4], [1.3, 3.29, 116.0], 20.475867849999897], [[3, 6, 2, 4], [1.3, 3.29, 13.6], 20.475867849999894]]"
1.3,23.79,14.0,1.3,23.76,14.0,1.3,23.79,14.0,"[{""pair"": [1, 9, 1, 10], ""acc"": 1.3, ""vel"": 23.79, ""pos"": 14.0, ""error"": 0.0063778499998967675}, {""pair"": [0, 9, 1, 11], ""acc"": 0.9, ""vel"": 23.8, ""pos"": 14.0, ""error"": 0.012177849999908119}, {""pair"": [3, 9, 1, 10], ""acc"": 1.3, ""vel"": 23.78, ""pos"": 14.0, ""error"": 0.016377849999894778}, {""pair"": [2, 9, 1, 10], ""acc"": 1.3, ""vel"": 23.78, ""pos"": 14.0, ""error"": 0.016377849999894778}, {""pair"": [3, 11, 0, 9], ""acc"": 0.9, ""vel"": 23.76, ""pos"": 14.0, ""error"": 0.03637784999989435}, {""pair"": [0, 9, 0, 11], ""acc"": 2.5, ""vel"": 23.76, ""pos"": 14.0, ""error"": 0.03637784999989435}, {""pair"": [1, 9, 2, 10], ""acc"": 1.3, ""vel"": 23.77, ""pos"": 14.1, ""error"": 0.11782215000009266}, {""pair"": [3, 9, 2, 10], ""acc"": 1.3, ""vel"": 23.76, ""pos"": 14.1, ""error"": 0.12782215000009067}, {""pair"": [2, 9, 2, 10], ""acc"": 1.3, ""vel"": 23.76, ""pos"": 14.1, ""error"": 0.12782215000009067}, {""pair"": [0, 9, 2, 11], ""acc"": 0.9, ""vel"": 23.76, ""pos"": 14.2, ""error"": 0.22782215000009032}]","[[1, 9, 1, 10], [0, 9, 1, 11], [3, 9, 1, 10], [2, 9, 1, 10], [3, 11, 0, 9], [0, 9, 0, 11], [1, 9, 2, 10], [3, 9, 2, 10], [2, 9, 2, 10], [0, 9, 2, 11]]","[[{""pair"": [3, 9, 1, 10], ""acc"": 1.3, ""vel"": 23.78, ""pos"": 14.0, ""error"": 0.016377849999894778}, {""pair"": [3, 9, 1, 10], ""acc"": 1.3, ""vel"": 23.78, ""pos"": 14.0, ""error"": 20.81178215000002}, {""pair"": [3, 9, 1, 10], ""acc"": 1.3, ""vel"": 23.78, ""pos"": 14.0, ""error"": 122.52401785}], [{""pair"": [3, 9, 2, 10], ""acc"": 1.3, ""vel"": 23.76, ""pos"": 14.1, ""error"": 0.12782215000009067}, {""pair"": [3, 9, 2, 10], ""acc"": 1.3, ""vel"": 23.76, ""pos"": 14.1, ""error"": 20.891782150000022}, {""pair"": [3, 9, 2, 10], ""acc"": 1.3, ""vel"": 23.76, ""pos"": 14.1, ""error"": 122.40401785}], [{""pair"": [3, 11, 0, 9], ""acc"": 0.9, ""vel"": 23.76, ""pos"": 14.0, ""error"": 0.03637784999989435}, {""pair"": [3, 11, 0, 9], ""acc"": 0.9, ""vel"": 23.76, ""pos"": 14.0, ""error"": 20.791782150000024}, {""pair"": [3, 11, 0, 9], ""acc"": 0.9, ""vel"": 23.76, ""pos"": 14.0, ""error"": 122.50401785}], [{""pair"": [0, 9, 0, 11], ""acc"": 2.5, ""vel"": 23.76, ""pos"": 14.0, ""error"": 0.03637784999989435}, {""pair"": [0, 9, 0, 11], ""acc"": 2.5, ""vel"": 23.76, ""pos"": 14.0, ""error"": 20.791782150000024}, {""pair"": [0, 9, 0, 11], ""acc"": 2.5, ""vel"": 23.76, ""pos"": 14.0, ""error"": 122.50401785}], [{""pair"": [0, 9, 1, 11], ""acc"": 0.9, ""vel"": 23.8, ""pos"": 14.0, ""error"": 0.012177849999908119}, {""pair"": [0, 9, 1, 11], ""acc"": 0.9, ""vel"": 23.8, ""pos"": 14.0, ""error"": 20.831782150000024}, {""pair"": [0, 9, 1, 11], ""acc"": 0.9, ""vel"": 23.8, ""pos"": 14.0, ""error"": 122.54401785}], [{""pair"": [0, 9, 2, 11], ""acc"": 0.9, ""vel"": 23.76, ""pos"": 14.2, ""error"": 0.22782215000009032}, {""pair"": [0, 9, 2, 11], ""acc"": 0.9, ""vel"": 23.76, ""pos"": 14.2, ""error"": 20.99178215000002}, {""pair"": [0, 9, 2, 11], ""acc"": 0.9, ""vel"": 23.76, ""pos"": 14.2, ""error"": 122.30401785}], [{""pair"": [1, 9, 1, 10], ""acc"": 1.3, ""vel"": 23.79, ""pos"": 14.0, ""error"": 0.0063778499998967675}, {""pair"": [1, 9, 1, 10], ""acc"": 1.3, ""vel"": 23.79, ""pos"": 14.0, ""error"": 20.82178215000002}, {""pair"": [1, 9, 1, 10], ""acc"": 1.3, ""vel"": 23.79, ""pos"": 14.0, ""error"": 122.53401785}], [{""pair"": [1, 9, 2, 10], ""acc"": 1.3, ""vel"": 23.77, ""pos"": 14.1, ""error"": 0.11782215000009266}, {""pair"": [1, 9, 2, 10], ""acc"": 1.3, ""vel"": 23.77, ""pos"": 14.1, ""error"": 20.90178215000002}, {""pair"": [1, 9, 2, 10], ""acc"": 1.3, ""vel"": 23.77, ""pos"": 14.1, ""error"": 122.41401785000001}], [{""pair"": [2, 9, 1, 10], ""acc"": 1.3, ""vel"": 23.78, ""pos"": 14.0, ""error"": 0.016377849999894778}, {""pair"": [2, 9, 1, 10], ""acc"": 1.3, ""vel"": 23.78, ""pos"": 14.0, ""error"": 20.81178215000002}, {""pair"": [2, 9, 1, 10], ""acc"": 1.3, ""vel"": 23.78, ""pos"": 14.0, ""error"": 122.52401785}], [{""pair"": [2, 9, 2, 10], ""acc"": 1.3, ""vel"": 23.76, ""pos"": 14.1, ""error"": 0.12782215000009067}, {""pair"": [2, 9, 2, 10], ""acc"": 1.3, ""vel"": 23.76, ""pos"": 14.1, ""error"": 20.891782150000022}, {""pair"": [2, 9, 2, 10], ""acc"": 1.3, ""vel"": 23.76, ""pos"": 14.1, ""error"": 122.40401785}]]","[[[3, 9, 1, 10], [1.3, 23.78, 14.0], 0.016377849999894778], [[3, 9, 2, 10], [1.3, 23.76, 14.1], 0.12782215000009067], [[3, 11, 0, 9], [0.9, 23.76, 14.0], 0.03637784999989435], [[0, 9, 0, 11], [2.5, 23.76, 14.0], 0.03637784999989435], [[0, 9, 1, 11], [0.9, 23.8, 14.0], 0.012177849999908119], [[0, 9, 2, 11], [0.9, 23.76, 14.2], 0.22782215000009032], [[1, 9, 1, 10], [1.3, 23.79, 14.0], 0.0063778499998967675], [[1, 9, 2, 10], [1.3, 23.77, 14.1], 0.11782215000009266], [[2, 9, 1, 10], [1.3, 23.78, 14.0], 0.016377849999894778], [[2, 9, 2, 10], [1.3, 23.76, 14.1], 0.12782215000009067]]"
1.3,23.81,14.4,1.3,23.81,219.2,0.5,23.81,14.4,"[{""pair"": [1, 5, 0, 10], ""acc"": 0.5, ""vel"": 23.81, ""pos"": 14.4, ""error"": 0.01999359999956063}, {""pair"": [3, 10, 1, 5], ""acc"": 1.3, ""vel"": 23.81, ""pos"": 14.4, ""error"": 0.01999359999956063}, {""pair"": [2, 5, 0, 10], ""acc"": 0.5, ""vel"": 23.81, ""pos"": 219.2, ""error"": 204.6553247999995}, {""pair"": [3, 10, 2, 5], ""acc"": 1.3, ""vel"": 23.81, ""pos"": 219.2, ""error"": 204.6553247999995}]","[[1, 5, 0, 10], [3, 10, 1, 5], [2, 5, 0, 10], [3, 10, 2, 5]]","[[{""pair"": [3, 10, 1, 5], ""acc"": 1.3, ""vel"": 23.81, ""pos"": 14.4, ""error"": 0.01999359999956063}, {""pair"": [3, 10, 1, 5], ""acc"": 1.3, ""vel"": 23.81, ""pos"": 14.4, ""error"": 0.023484799999552664}, {""pair"": [3, 10, 1, 5], ""acc"": 1.3, ""vel"": 23.81, ""pos"": 14.4, ""error"": 0.028553599999504797}, {""pair"": [3, 10, 1, 5], ""acc"": 1.3, ""vel"": 23.81, ""pos"": 14.4, ""error"": 0.028553599999504797}, {""pair"": [3, 10, 1, 5], ""acc"": 1.3, ""vel"": 23.81, ""pos"": 14.4, ""error"": 0.05532479999951612}, {""pair"": [3, 10, 1, 5], ""acc"": 1.3, ""vel"": 23.81, ""pos"": 14.4, ""error"": 0.02951999999948285}, {""pair"": [3, 10, 1, 5], ""acc"": 1.3, ""vel"": 23.81, ""pos"": 14.4, ""error"": 0.09968640000043827}, {""pair"": [3, 10, 1, 5], ""acc"": 1.3, ""vel"": 23.81, ""pos"": 14.4, ""error"": 0.10952640000043701}, {""pair"": [3, 10, 1, 5], ""acc"": 1.3, ""vel"": 23.81, ""pos"": 14.4, ""error"": 0.10952640000043701}, {""pair"": [3, 10, 1, 5], ""acc"": 1.3, ""vel"": 23.81, ""pos"": 14.4, ""error"": 0.21587520000044513}], [{""pair"": [3, 10, 2, 5], ""acc"": 1.3, ""vel"": 23.81, ""pos"": 219.2, ""error"": 204.81999359999955}, {""pair"": [3, 10, 2, 5], ""acc"": 1.3, ""vel"": 23.81, ""pos"": 219.2, ""error"": 204.82348479999956}, {""pair"": [3, 10, 2, 5], ""acc"": 1.3, ""vel"": 23.81, ""pos"": 219.2, ""error"": 204.82855359999948}, {""pair"": [3, 10, 2, 5], ""acc"": 1.3, ""vel"": 23.81, ""pos"": 219.2, ""error"": 204.82855359999948}, {""pair"": [3, 10, 2, 5], ""acc"": 1.3, ""vel"": 23.81, ""pos"": 219.2, ""error"": 204.85532479999952}, {""pair"": [3, 10, 2, 5], ""acc"": 1.3, ""vel"": 23.81, ""pos"": 219.2, ""error"": 204.8295199999995}, {""pair"": [3, 10, 2, 5], ""acc"": 1.3, ""vel"": 23.81, ""pos"": 219.2, ""error"": 204.7387135999995}, {""pair"": [3, 10, 2, 5], ""acc"": 1.3, ""vel"": 23.81, ""pos"": 219.2, ""error"": 204.74887359999948}, {""pair"": [3, 10, 2, 5], ""acc"": 1.3, ""vel"": 23.81, ""pos"": 219.2, ""error"": 204.74887359999948}, {""pair"": [3, 10, 2, 5], ""acc"": 1.3, ""vel"": 23.81, ""pos"": 219.2, ""error"": 204.6553247999995}], [{""pair"": [1, 5, 0, 10], ""acc"": 0.5, ""vel"": 23.81, ""pos"": 14.4, ""error"": 0.01999359999956063}, {""pair"": [1, 5, 0, 10], ""acc"": 0.5, ""vel"": 23.81, ""pos"": 14.4, ""error"": 0.023484799999552664}, {""pair"": [1, 5, 0, 10], ""acc"": 0.5, ""vel"": 23.81, ""pos"": 14.4, ""error"": 0.028553599999504797}, {""pair"": [1, 5, 0, 10], ""acc"": 0.5, ""vel"": 23.81, ""pos"": 14.4, ""error"": 0.028553599999504797}, {""pair"": [1, 5, 0, 10], ""acc"": 0.5, ""vel"": 23.81, ""pos"": 14.4, ""error"": 0.05532479999951612}, {""pair"": [1, 5, 0, 10], ""acc"": 0.5, ""vel"": 23.81, ""pos"": 14.4, ""error"": 0.02951999999948285}, {""pair"": [1, 5, 0, 10], ""acc"": 0.5, ""vel"": 23.81, ""pos"": 14.4, ""error"": 0.09968640000043827}, {""pair"": [1, 5, 0, 10], ""acc"": 0.5, ""vel"": 23.81, ""pos"": 14.4, ""error"": 0.10952640000043701}, {""pair"": [1, 5, 0, 10], ""acc"": 0.5, ""vel"": 23.81, ""pos"": 14.4, ""error"": 0.10952640000043701}, {""pair"": [1, 5, 0, 10], ""acc"": 0.5, ""vel"": 23.81, ""pos"": 14.4, ""error"": 0.21587520000044513}], [{""pair"": [2, 5, 0, 10], ""acc"": 0.5, ""vel"": 23.81, ""pos"": 219.2, ""error"": 204.81999359999955}, {""pair"": [2, 5, 0, 10], ""acc"": 0.5, ""vel"": 23.81, ""pos"": 219.2, ""error"": 204.82348479999956}, {""pair"": [2, 5, 0, 10], ""acc"": 0.5, ""vel"": 23.81, ""pos"": 219.2, ""error"": 204.82855359999948}, {""pair"": [2, 5, 0, 10], ""acc"": 0.5, ""vel"": 23.81, ""pos"": 219.2, ""error"": 204.82855359999948}, {""pair"": [2, 5, 0, 10], ""acc"": 0.5, ""vel"": 23.81, ""pos"": 219.2, ""error"": 204.85532479999952}, {""pair"": [2, 5, 0, 10], ""acc"": 0.5, ""vel"": 23.81, ""pos"": 219.2, ""error"": 204.8295199999995}, {""pair"": [2, 5, 0, 10], ""acc"": 0.5, ""vel"": 23.81, ""pos"": 219.2, ""error"": 204.7387135999995}, {""pair"": [2, 5, 0, 10], ""acc"": 0.5, ""vel"": 23.81, ""pos"": 219.2, ""error"": 204.74887359999948}, {""pair"": [2, 5, 0, 10], ""acc"": 0.5, ""vel"": 23.81, ""pos"": 219.2, ""error"": 204.74887359999948}, {""pair"": [2, 5, 0, 10], ""acc"": 0.5, ""vel"": 23.81, ""pos"": 219.2, ""error"": 204.6553247999995}]]","[[[3, 10, 1, 5], [1.3, 23.81, 14.4], 0.01999359999956063], [[3, 10, 2, 5], [1.3, 23.81, 219.2], 204.6553247999995], [[1, 5, 0, 10], [0.5, 23.81, 14.4], 0.01999359999956063], [[2, 5, 0, 10], [0.5, 23.81, 219.2], 204.6553247999995]]"
1.3,23.83,14.8,-8.0,23.83,14.8,1.3,23.82,14.8,"[{""pair"": [0, 15, 1, 9], ""acc"": 1.3, ""vel"": 23.82, ""pos"": 14.8, ""error"": 0.006342249999907068}, {""pair"": [0, 15, 0, 9], ""acc"": 0.9, ""vel"": 23.83, ""pos"": 14.8, ""error"": 0.00705784999989767}, {""pair"": [0, 15, 2, 9], ""acc"": 1.3, ""vel"": 23.83, ""pos"": 14.8, ""error"": 0.00705784999989767}]","[[0, 15, 1, 9], [0, 15, 0, 9], [0, 15, 2, 9]]","[[{""pair"": [0, 15, 0, 9], ""acc"": 0.9, ""vel"": 23.83, ""pos"": 14.8, ""error"": 0.01634224999990508}, {""pair"": [0, 15, 0, 9], ""acc"": 0.9, ""vel"": 23.83, ""pos"": 14.8, ""error"": 0.00705784999989767}, {""pair"": [0, 15, 0, 9], ""acc"": 0.9, ""vel"": 23.83, ""pos"": 14.8, ""error"": 204.81634224999988}, {""pair"": [0, 15, 0, 9], ""acc"": 0.9, ""vel"": 23.83, ""pos"": 14.8, ""error"": 204.80705784999986}], [{""pair"": [0, 15, 1, 9], ""acc"": 1.3, ""vel"": 23.82, ""pos"": 14.8, ""error"": 0.006342249999907068}, {""pair"": [0, 15, 1, 9], ""acc"": 1.3, ""vel"": 23.82, ""pos"": 14.8, ""error"": 0.01705784999989568}, {""pair"": [0, 15, 1, 9], ""acc"": 1.3, ""vel"": 23.82, ""pos"": 14.8, ""error"": 204.80634224999986}, {""pair"": [0, 15, 1, 9], ""acc"": 1.3, ""vel"": 23.82, ""pos"": 14.8, ""error"": 204.81705784999988}], [{""pair"": [0, 15, 2, 9], ""acc"": 1.3, ""vel"": 23.83, ""pos"": 14.8, ""error"": 0.01634224999990508}, {""pair"": [0, 15, 2, 9], ""acc"": 1.3, ""vel"": 23.83, ""pos"": 14.8, ""error"": 0.00705784999989767}, {""pair"": [0, 15, 2, 9], ""acc"": 1.3, ""vel"": 23.83, ""pos"": 14.8, ""error"": 204.81634224999988}, {""pair"": [0, 15, 2, 9], ""acc"": 1.3, ""vel"": 23.83, ""pos"": 14.8, ""error"": 204.80705784999986}], [{""pair"": [1, 15, 0, 9], ""acc"": -24.7, ""vel"": 23.19, ""pos"": 14.8, ""error"": 0.6333422499998989}, {""pair"": [1, 15, 0, 9], ""acc"": -24.7, ""vel"": 23.19, ""pos"": 14.8, ""error"": 0.6470578499998947}, {""pair"": [1, 15, 0, 9], ""acc"": -24.7, ""vel"": 23.19, ""pos"": 14.8, ""error"": 205.43334224999987}, {""pair"": [1, 15, 0, 9], ""acc"": -24.7, ""vel"": 23.19, ""pos"": 14.8, ""error"": 205.44705784999988}], [{""pair"": [1, 15, 1, 9], ""acc"": -24.3, ""vel"": 23.18, ""pos"": 14.8, ""error"": 0.6433422499999004}, {""pair"": [1, 15, 1, 9], ""acc"": -24.3, ""vel"": 23.18, ""pos"": 14.8, ""error"": 0.6570578499998962}, {""pair"": [1, 15, 1, 9], ""acc"": -24.3, ""vel"": 23.18, ""pos"": 14.8, ""error"": 205.44334224999986}, {""pair"": [1, 15, 1, 9], ""acc"": -24.3, ""vel"": 23.18, ""pos"": 14.8, ""error"": 205.45705784999987}], [{""pair"": [1, 15, 2, 9], ""acc"": -24.3, ""vel"": 23.19, ""pos"": 14.8, ""error"": 0.6333422499998989}, {""pair"": [1, 15, 2, 9], ""acc"": -24.3, ""vel"": 23.19, ""pos"": 14.8, ""error"": 0.6470578499998947}, {""pair"": [1, 15, 2, 9], ""acc"": -24.3, ""vel"": 23.19, ""pos"": 14.8, ""error"": 205.43334224999987}, {""pair"": [1, 15, 2, 9], ""acc"": -24.3, ""vel"": 23.19, ""pos"": 14.8, ""error"": 205.44705784999988}]]","[[[0, 15, 0, 9], [0.9, 23.83, 14.8], 0.00705784999989767], [[0, 15, 1, 9], [1.3, 23.82, 14.8], 0.006342249999907068], [[0, 15, 2, 9], [1.3, 23.83, 14.8], 0.00705784999989767], [[1, 15, 0, 9], [-24.7, 23.19, 14.8], 0.6333422499998989], [[1, 15, 1, 9], [-24.3, 23.18, 14.8], 0.6433422499999004], [[1, 15, 2, 9], [-24.3, 23.19, 14.8], 0.6333422499998989]]"
1.3,23.86,15.2,1.3,23.86,1653.6,1.3,23.86,15.2,"[{""pair"": [3, 3, 1, 8], ""acc"": 1.3, ""vel"": 23.86, ""pos"": 15.2, ""error"": 0.01319784999991036}, {""pair"": [2, 3, 1, 8], ""acc"": 1.3, ""vel"": 23.86, ""pos"": 15.2, ""error"": 0.01319784999991036}, {""pair"": [0, 3, 1, 8], ""acc"": 1.3, ""vel"": 34.1, ""pos"": 15.2, ""error"": 10.253197849999912}, {""pair"": [1, 3, 1, 8], ""acc"": 1.3, ""vel"": 23.86, ""pos"": 66.4, ""error"": 51.20260215000011}]","[[3, 3, 1, 8], [2, 3, 1, 8], [0, 3, 1, 8], [1, 3, 1, 8]]","[[{""pair"": [3, 3, 1, 8], ""acc"": 1.3, ""vel"": 23.86, ""pos"": 15.2, ""error"": 0.0230278499999077}, {""pair"": [3, 3, 1, 8], ""acc"": 1.3, ""vel"": 23.86, ""pos"": 15.2, ""error"": 0.019940049999908283}, {""pair"": [3, 3, 1, 8], ""acc"": 1.3, ""vel"": 23.86, ""pos"": 15.2, ""error"": 0.01319784999991036}], [{""pair"": [0, 3, 1, 8], ""acc"": 1.3, ""vel"": 34.1, ""pos"": 15.2, ""error"": 10.26302784999991}, {""pair"": [0, 3, 1, 8], ""acc"": 1.3, ""vel"": 34.1, ""pos"": 15.2, ""error"": 10.25994004999991}, {""pair"": [0, 3, 1, 8], ""acc"": 1.3, ""vel"": 34.1, ""pos"": 15.2, ""error"": 10.253197849999912}], [{""pair"": [1, 3, 1, 8], ""acc"": 1.3, ""vel"": 23.86, ""pos"": 66.4, ""error"": 51.212772150000106}, {""pair"": [1, 3, 1, 8], ""acc"": 1.3, ""vel"": 23.86, ""pos"": 66.4, ""error"": 51.20945995000011}, {""pair"": [1, 3, 1, 8], ""acc"": 1.3, ""vel"": 23.86, ""pos"": 66.4, ""error"": 51.20260215000011}], [{""pair"": [2, 3, 1, 8], ""acc"": 1.3, ""vel"": 23.86, ""pos"": 15.2, ""error"": 0.0230278499999077}, {""pair"": [2, 3, 1, 8], ""acc"": 1.3, ""vel"": 23.86, ""pos"": 15.2, ""error"": 0.019940049999908283}, {""pair"": [2, 3, 1, 8], ""acc"": 1.3, ""vel"": 23.86, ""pos"": 15.2, ""error"": 0.01319784999991036}]]","[[[3, 3, 1, 8], [1.3, 23.86, 15.2], 0.01319784999991036], [[0, 3, 1, 8], [1.3, 34.1, 15.2], 10.253197849999912], [[1, 3, 1, 8], [1.3, 23.86, 66.4], 51.20260215000011], [[2, 3, 1, 8], [1.3, 23.86, 15.2], 0.01319784999991036]]"
1.3,23.88,15.6,1.3,23.88,15.6,1.3,23.88,15.6,"[{""pair"": [3, 12, 2, 6], ""acc"": 1.3, ""vel"": 23.88, ""pos"": 15.6, ""error"": 0.01887359999955862}, {""pair"": [3, 6, 2, 12], ""acc"": 1.3, ""vel"": 23.88, ""pos"": 15.2, ""error"": 0.38272640000049485}, {""pair"": [2, 6, 2, 12], ""acc"": 1.3, ""vel"": 23.88, ""pos"": 15.2, ""error"": 0.38272640000049485}]","[[3, 12, 2, 6], [3, 6, 2, 12], [2, 6, 2, 12]]","[[{""pair"": [3, 6, 2, 12], ""acc"": 1.3, ""vel"": 23.88, ""pos"": 15.2, ""error"": 0.38272640000049485}, {""pair"": [3, 6, 2, 12], ""acc"": 1.3, ""vel"": 23.88, ""pos"": 15.2, ""error"": 0.38272640000049485}, {""pair"": [3, 6, 2, 12], ""acc"": 1.3, ""vel"": 23.88, ""pos"": 15.2, ""error"": 10.786566400000693}, {""pair"": [3, 6, 2, 12], ""acc"": 1.3, ""vel"": 23.88, ""pos"": 15.2, ""error"": 51.582726400000496}], [{""pair"": [3, 12, 2, 6], ""acc"": 1.3, ""vel"": 23.88, ""pos"": 15.6, ""error"": 0.01887359999955862}, {""pair"": [3, 12, 2, 6], ""acc"": 1.3, ""vel"": 23.88, ""pos"": 15.6, ""error"": 0.01887359999955862}, {""pair"": [3, 12, 2, 6], ""acc"": 1.3, ""vel"": 23.88, ""pos"": 15.6, ""error"": 10.386566400000692}, {""pair"": [3, 12, 2, 6], ""acc"": 1.3, ""vel"": 23.88, ""pos"": 15.6, ""error"": 51.1827264000005}], [{""pair"": [2, 6, 2, 12], ""acc"": 1.3, ""vel"": 23.88, ""pos"": 15.2, ""error"": 0.38272640000049485}, {""pair"": [2, 6, 2, 12], ""acc"": 1.3, ""vel"": 23.88, ""pos"": 15.2, ""error"": 0.38272640000049485}, {""pair"": [2, 6, 2, 12], ""acc"": 1.3, ""vel"": 23.88, ""pos"": 15.2, ""error"": 10.786566400000693}, {""pair"": [2, 6, 2, 12], ""acc"": 1.3, ""vel"": 23.88, ""pos"": 15.2, ""error"": 51.582726400000496}]]","[[[3, 6, 2, 12], [1.3, 23.88, 15.2], 0.38272640000049485], [[3, 12, 2, 6], [1.3, 23.88, 15.6], 0.01887359999955862], [[2, 6, 2, 12], [1.3, 23.88, 15.2], 0.38272640000049485]]"
1.3,23.9,16.0,1.5,23.9,22.4,1.3,23.9,16.0,"[{""pair"": [1, 0, 0, 8], ""acc"": 1.3, ""vel"": 23.9, ""pos"": 16.0, ""error"": 0.008247849999897028}]","[[1, 0, 0, 8]]","[[{""pair"": [1, 0, 0, 8], ""acc"": 1.3, ""vel"": 23.9, ""pos"": 16.0, ""error"": 0.008247849999897028}, {""pair"": [1, 0, 0, 8], ""acc"": 1.3, ""vel"": 23.9, ""pos"": 16.0, ""error"": 0.39595215000009354}, {""pair"": [1, 0, 0, 8], ""acc"": 1.3, ""vel"": 23.9, ""pos"": 16.0, ""error"": 0.39595215000009354}]]","[[[1, 0, 0, 8], [1.3, 23.9, 16.0], 0.008247849999897028]]"
1.3,23.92,16.400000000000002,1.3,23.92,16.4,1.3,23.92,16.4,"[{""pair"": [3, 2, 2, 8], ""acc"": 1.3, ""vel"": 23.92, ""pos"": 16.4, ""error"": 0.4123078499989532}, {""pair"": [2, 2, 2, 8], ""acc"": 1.3, ""vel"": 23.92, ""pos"": 16.4, ""error"": 0.4123078499989532}, {""pair"": [0, 2, 2, 8], ""acc"": 1.3, ""vel"": 29.04, ""pos"": 16.4, ""error"": 5.4865078499990645}, {""pair"": [1, 2, 2, 8], ""acc"": 1.3, ""vel"": 23.92, ""pos"": 42.0, ""error"": 25.233492150000934}]","[[3, 2, 2, 8], [2, 2, 2, 8], [0, 2, 2, 8], [1, 2, 2, 8]]","[[{""pair"": [3, 2, 2, 8], ""acc"": 1.3, ""vel"": 23.92, ""pos"": 16.4, ""error"": 0.4123078499989532}], [{""pair"": [0, 2, 2, 8], ""acc"": 1.3, ""vel"": 29.04, ""pos"": 16.4, ""error"": 5.4865078499990645}], [{""pair"": [1, 2, 2, 8], ""acc"": 1.3, ""vel"": 23.92, ""pos"": 42.0, ""error"": 25.233492150000934}], [{""pair"": [2, 2, 2, 8], ""acc"": 1.3, ""vel"": 23.92, ""pos"": 16.4, ""error"": 0.4123078499989532}]]","[[[3, 2, 2, 8], [1.3, 23.92, 16.4], 0.4123078499989532], [[0, 2, 2, 8], [1.3, 29.04, 16.4], 5.4865078499990645], [[1, 2, 2, 8], [1.3, 23.92, 42.0], 25.233492150000934], [[2, 2, 2, 8], [1.3, 23.92, 16.4], 0.4123078499989532]]"
1.3,23.97,17.2,1.3,23.97,18.8,1.3,23.97,17.2,"[{""pair"": [3, 4, 2, 14], ""acc"": 1.3, ""vel"": 23.97, ""pos"": 17.2, ""error"": 0.4210721500001}, {""pair"": [2, 4, 2, 14], ""acc"": 1.3, ""vel"": 23.97, ""pos"": 17.2, ""error"": 0.4210721500001}, {""pair"": [3, 14, 2, 4], ""acc"": 1.3, ""vel"": 23.97, ""pos"": 18.8, ""error"": 2.0210721500001014}, {""pair"": [1, 4, 2, 14], ""acc"": 1.3, ""vel"": 23.97, ""pos"": 119.6, ""error"": 77.2210721500001}, {""pair"": [3, 14, 1, 4], ""acc"": 1.3, ""vel"": 23.97, ""pos"": 121.2, ""error"": 78.82107215000009}]","[[3, 4, 2, 14], [2, 4, 2, 14], [3, 14, 2, 4], [1, 4, 2, 14], [3, 14, 1, 4]]","[[{""pair"": [3, 4, 2, 14], ""acc"": 1.3, ""vel"": 23.97, ""pos"": 17.2, ""error"": 0.4210721500001}, {""pair"": [3, 4, 2, 14], ""acc"": 1.3, ""vel"": 23.97, ""pos"": 17.2, ""error"": 0.4210721500001}, {""pair"": [3, 4, 2, 14], ""acc"": 1.3, ""vel"": 23.97, ""pos"": 17.2, ""error"": 5.398232150000116}, {""pair"": [3, 4, 2, 14], ""acc"": 1.3, ""vel"": 23.97, ""pos"": 17.2, ""error"": 25.23472784999991}], [{""pair"": [3, 14, 1, 4], ""acc"": 1.3, ""vel"": 23.97, ""pos"": 121.2, ""error"": 104.4210721500001}, {""pair"": [3, 14, 1, 4], ""acc"": 1.3, ""vel"": 23.97, ""pos"": 121.2, ""error"": 104.4210721500001}, {""pair"": [3, 14, 1, 4], ""acc"": 1.3, ""vel"": 23.97, ""pos"": 121.2, ""error"": 109.39823215000013}, {""pair"": [3, 14, 1, 4], ""acc"": 1.3, ""vel"": 23.97, ""pos"": 121.2, ""error"": 78.82107215000009}], [{""pair"": [3, 14, 2, 4], ""acc"": 1.3, ""vel"": 23.97, ""pos"": 18.8, ""error"": 2.0210721500001014}, {""pair"": [3, 14, 2, 4], ""acc"": 1.3, ""vel"": 23.97, ""pos"": 18.8, ""error"": 2.0210721500001014}, {""pair"": [3, 14, 2, 4], ""acc"": 1.3, ""vel"": 23.97, ""pos"": 18.8, ""error"": 6.998232150000117}, {""pair"": [3, 14, 2, 4], ""acc"": 1.3, ""vel"": 23.97, ""pos"": 18.8, ""error"": 23.63472784999991}], [{""pair"": [1, 4, 2, 14], ""acc"": 1.3, ""vel"": 23.97, ""pos"": 119.6, ""error"": 102.82107215000009}, {""pair"": [1, 4, 2, 14], ""acc"": 1.3, ""vel"": 23.97, ""pos"": 119.6, ""error"": 102.82107215000009}, {""pair"": [1, 4, 2, 14], ""acc"": 1.3, ""vel"": 23.97, ""pos"": 119.6, ""error"": 107.7982321500001}, {""pair"": [1, 4, 2, 14], ""acc"": 1.3, ""vel"": 23.97, ""pos"": 119.6, ""error"": 77.2210721500001}], [{""pair"": [2, 4, 2, 14], ""acc"": 1.3, ""vel"": 23.97, ""pos"": 17.2, ""error"": 0.4210721500001}, {""pair"": [2, 4, 2, 14], ""acc"": 1.3, ""vel"": 23.97, ""pos"": 17.2, ""error"": 0.4210721500001}, {""pair"": [2, 4, 2, 14], ""acc"": 1.3, ""vel"": 23.97, ""pos"": 17.2, ""error"": 5.398232150000116}, {""pair"": [2, 4, 2, 14], ""acc"": 1.3, ""vel"": 23.97, ""pos"": 17.2, ""error"": 25.23472784999991}]]","[[[3, 4, 2, 14], [1.3, 23.97, 17.2], 0.4210721500001], [[3, 14, 1, 4], [1.3, 23.97, 121.2], 78.82107215000009], [[3, 14, 2, 4], [1.3, 23.97, 18.8], 2.0210721500001014], [[1, 4, 2, 14], [1.3, 23.97, 119.6], 77.2210721500001], [[2, 4, 2, 14], [1.3, 23.97, 17.2], 0.4210721500001]]"
1.3,23.99,17.6,1.3,23.99,16.0,1.3,23.99,17.6,"[{""pair"": [2, 8, 2, 14], ""acc"": 1.3, ""vel"": 23.99, ""pos"": 17.6, ""error"": 0.009777849999895949}, {""pair"": [3, 14, 2, 8], ""acc"": 1.3, ""vel"": 23.99, ""pos"": 16.0, ""error"": 1.6097778499998974}, {""pair"": [2, 8, 1, 14], ""acc"": 1.3, ""vel"": 24.31, ""pos"": 16.0, ""error"": 1.9255778499999074}]","[[2, 8, 2, 14], [3, 14, 2, 8], [2, 8, 1, 14]]","[[{""pair"": [3, 14, 2, 8], ""acc"": 1.3, ""vel"": 23.99, ""pos"": 16.0, ""error"": 1.6097778499998974}, {""pair"": [3, 14, 2, 8], ""acc"": 1.3, ""vel"": 23.99, ""pos"": 16.0, ""error"": 1.6097778499998974}, {""pair"": [3, 14, 2, 8], ""acc"": 1.3, ""vel"": 23.99, ""pos"": 16.0, ""error"": 3.209777849999899}, {""pair"": [3, 14, 2, 8], ""acc"": 1.3, ""vel"": 23.99, ""pos"": 16.0, ""error"": 104.00977784999989}, {""pair"": [3, 14, 2, 8], ""acc"": 1.3, ""vel"": 23.99, ""pos"": 16.0, ""error"": 105.6097778499999}], [{""pair"": [2, 8, 0, 14], ""acc"": 14.1, ""vel"": 23.99, ""pos"": 16.0, ""error"": 1.6097778499998974}, {""pair"": [2, 8, 0, 14], ""acc"": 14.1, ""vel"": 23.99, ""pos"": 16.0, ""error"": 1.6097778499998974}, {""pair"": [2, 8, 0, 14], ""acc"": 14.1, ""vel"": 23.99, ""pos"": 16.0, ""error"": 3.209777849999899}, {""pair"": [2, 8, 0, 14], ""acc"": 14.1, ""vel"": 23.99, ""pos"": 16.0, ""error"": 104.00977784999989}, {""pair"": [2, 8, 0, 14], ""acc"": 14.1, ""vel"": 23.99, ""pos"": 16.0, ""error"": 105.6097778499999}], [{""pair"": [2, 8, 1, 14], ""acc"": 1.3, ""vel"": 24.31, ""pos"": 16.0, ""error"": 1.9255778499999074}, {""pair"": [2, 8, 1, 14], ""acc"": 1.3, ""vel"": 24.31, ""pos"": 16.0, ""error"": 1.9255778499999074}, {""pair"": [2, 8, 1, 14], ""acc"": 1.3, ""vel"": 24.31, ""pos"": 16.0, ""error"": 3.525577849999909}, {""pair"": [2, 8, 1, 14], ""acc"": 1.3, ""vel"": 24.31, ""pos"": 16.0, ""error"": 104.3255778499999}, {""pair"": [2, 8, 1, 14], ""acc"": 1.3, ""vel"": 24.31, ""pos"": 16.0, ""error"": 105.92557784999991}], [{""pair"": [2, 8, 2, 14], ""acc"": 1.3, ""vel"": 23.99, ""pos"": 17.6, ""error"": 0.009777849999895949}, {""pair"": [2, 8, 2, 14], ""acc"": 1.3, ""vel"": 23.99, ""pos"": 17.6, ""error"": 0.009777849999895949}, {""pair"": [2, 8, 2, 14], ""acc"": 1.3, ""vel"": 23.99, ""pos"": 17.6, ""error"": 1.6097778499998974}, {""pair"": [2, 8, 2, 14], ""acc"": 1.3, ""vel"": 23.99, ""pos"": 17.6, ""error"": 102.40977784999988}, {""pair"": [2, 8, 2, 14], ""acc"": 1.3, ""vel"": 23.99, ""pos"": 17.6, ""error"": 104.0097778499999}]]","[[[3, 14, 2, 8], [1.3, 23.99, 16.0], 1.6097778499998974], [[2, 8, 0, 14], [14.1, 23.99, 16.0], 1.6097778499998974], [[2, 8, 1, 14], [1.3, 24.31, 16.0], 1.9255778499999074], [[2, 8, 2, 14], [1.3, 23.99, 17.6], 0.009777849999895949]]"
1.3,24.01,18.0,1.3,24.08,18.0,1.3,24.01,18.0,"[{""pair"": [1, 9, 1, 12], ""acc"": 1.3, ""vel"": 24.01, ""pos"": 18.0, ""error"": 0.0167935999995521}, {""pair"": [3, 9, 1, 12], ""acc"": 1.3, ""vel"": 24.0, ""pos"": 18.0, ""error"": 0.026793599999553663}, {""pair"": [2, 9, 1, 12], ""acc"": 1.3, ""vel"": 24.0, ""pos"": 18.0, ""error"": 0.026793599999553663}, {""pair"": [3, 9, 2, 12], ""acc"": 1.3, ""vel"": 24.08, ""pos"": 17.6, ""error"": 0.4532064000004432}, {""pair"": [2, 9, 2, 12], ""acc"": 1.3, ""vel"": 24.08, ""pos"": 17.6, ""error"": 0.4532064000004432}, {""pair"": [1, 9, 2, 12], ""acc"": 1.3, ""vel"": 24.09, ""pos"": 17.6, ""error"": 0.4632064000004448}]","[[1, 9, 1, 12], [3, 9, 1, 12], [2, 9, 1, 12], [3, 9, 2, 12], [2, 9, 2, 12], [1, 9, 2, 12]]","[[{""pair"": [3, 9, 1, 12], ""acc"": 1.3, ""vel"": 24.0, ""pos"": 18.0, ""error"": 0.026793599999553663}, {""pair"": [3, 9, 1, 12], ""acc"": 1.3, ""vel"": 24.0, ""pos"": 18.0, ""error"": 1.626793599999555}, {""pair"": [3, 9, 1, 12], ""acc"": 1.3, ""vel"": 24.0, ""pos"": 18.0, ""error"": 1.9416735999995467}], [{""pair"": [3, 9, 2, 12], ""acc"": 1.3, ""vel"": 24.08, ""pos"": 17.6, ""error"": 0.4532064000004432}, {""pair"": [3, 9, 2, 12], ""acc"": 1.3, ""vel"": 24.08, ""pos"": 17.6, ""error"": 1.2851935999995057}, {""pair"": [3, 9, 2, 12], ""acc"": 1.3, ""vel"": 24.08, ""pos"": 17.6, ""error"": 1.4616735999995498}], [{""pair"": [1, 9, 1, 12], ""acc"": 1.3, ""vel"": 24.01, ""pos"": 18.0, ""error"": 0.0167935999995521}, {""pair"": [1, 9, 1, 12], ""acc"": 1.3, ""vel"": 24.01, ""pos"": 18.0, ""error"": 1.6167935999995535}, {""pair"": [1, 9, 1, 12], ""acc"": 1.3, ""vel"": 24.01, ""pos"": 18.0, ""error"": 1.9316735999995451}], [{""pair"": [1, 9, 2, 12], ""acc"": 1.3, ""vel"": 24.09, ""pos"": 17.6, ""error"": 0.4632064000004448}, {""pair"": [1, 9, 2, 12], ""acc"": 1.3, ""vel"": 24.09, ""pos"": 17.6, ""error"": 1.2951935999995072}, {""pair"": [1, 9, 2, 12], ""acc"": 1.3, ""vel"": 24.09, ""pos"": 17.6, ""error"": 1.4516735999995483}], [{""pair"": [2, 9, 1, 12], ""acc"": 1.3, ""vel"": 24.0, ""pos"": 18.0, ""error"": 0.026793599999553663}, {""pair"": [2, 9, 1, 12], ""acc"": 1.3, ""vel"": 24.0, ""pos"": 18.0, ""error"": 1.626793599999555}, {""pair"": [2, 9, 1, 12], ""acc"": 1.3, ""vel"": 24.0, ""pos"": 18.0, ""error"": 1.9416735999995467}], [{""pair"": [2, 9, 2, 12], ""acc"": 1.3, ""vel"": 24.08, ""pos"": 17.6, ""error"": 0.4532064000004432}, {""pair"": [2, 9, 2, 12], ""acc"": 1.3, ""vel"": 24.08, ""pos"": 17.6, ""error"": 1.2851935999995057}, {""pair"": [2, 9, 2, 12], ""acc"": 1.3, ""vel"": 24.08, ""pos"": 17.6, ""error"": 1.4616735999995498}]]","[[[3, 9, 1, 12], [1.3, 24.0, 18.0], 0.026793599999553663], [[3, 9, 2, 12], [1.3, 24.08, 17.6], 0.4532064000004432], [[1, 9, 1, 12], [1.3, 24.01, 18.0], 0.0167935999995521], [[1, 9, 2, 12], [1.3, 24.09, 17.6], 0.4632064000004448], [[2, 9, 1, 12], [1.3, 24.0, 18.0], 0.026793599999553663], [[2, 9, 2, 12], [1.3, 24.08, 17.6], 0.4532064000004432]]"
1.3,24.03,18.4,0.5,24.03,16.8,1.3,24.03,18.4,"[{""pair"": [0, 10, 2, 14], ""acc"": 1.3, ""vel"": 24.03, ""pos"": 18.4, ""error"": 0.010457849999898627}, {""pair"": [2, 10, 2, 14], ""acc"": 0.5, ""vel"": 24.03, ""pos"": 18.5, ""error"": 0.093742150000093}, {""pair"": [3, 14, 2, 10], ""acc"": 0.5, ""vel"": 24.03, ""pos"": 16.9, ""error"": 1.1816478499998944}, {""pair"": [3, 14, 0, 10], ""acc"": 1.3, ""vel"": 24.03, ""pos"": 16.8, ""error"": 1.2816478499998922}]","[[0, 10, 2, 14], [2, 10, 2, 14], [3, 14, 2, 10], [3, 14, 0, 10]]","[[{""pair"": [3, 14, 0, 10], ""acc"": 1.3, ""vel"": 24.03, ""pos"": 16.8, ""error"": 1.6104578499998965}, {""pair"": [3, 14, 0, 10], ""acc"": 1.3, ""vel"": 24.03, ""pos"": 16.8, ""error"": 1.6160878499999072}, {""pair"": [3, 14, 0, 10], ""acc"": 1.3, ""vel"": 24.03, ""pos"": 16.8, ""error"": 1.6160878499999072}, {""pair"": [3, 14, 0, 10], ""acc"": 1.3, ""vel"": 24.03, ""pos"": 16.8, ""error"": 1.2816478499998922}, {""pair"": [3, 14, 0, 10], ""acc"": 1.3, ""vel"": 24.03, ""pos"": 16.8, ""error"": 1.2816478499998922}, {""pair"": [3, 14, 0, 10], ""acc"": 1.3, ""vel"": 24.03, ""pos"": 16.8, ""error"": 1.2918178499998945}], [{""pair"": [3, 14, 2, 10], ""acc"": 0.5, ""vel"": 24.03, ""pos"": 16.9, ""error"": 1.5104578499998986}, {""pair"": [3, 14, 2, 10], ""acc"": 0.5, ""vel"": 24.03, ""pos"": 16.9, ""error"": 1.5160878499999093}, {""pair"": [3, 14, 2, 10], ""acc"": 0.5, ""vel"": 24.03, ""pos"": 16.9, ""error"": 1.5160878499999093}, {""pair"": [3, 14, 2, 10], ""acc"": 0.5, ""vel"": 24.03, ""pos"": 16.9, ""error"": 1.1816478499998944}, {""pair"": [3, 14, 2, 10], ""acc"": 0.5, ""vel"": 24.03, ""pos"": 16.9, ""error"": 1.1816478499998944}, {""pair"": [3, 14, 2, 10], ""acc"": 0.5, ""vel"": 24.03, ""pos"": 16.9, ""error"": 1.1918178499998966}], [{""pair"": [0, 10, 0, 14], ""acc"": 14.1, ""vel"": 24.03, ""pos"": 16.8, ""error"": 1.6104578499998965}, {""pair"": [0, 10, 0, 14], ""acc"": 14.1, ""vel"": 24.03, ""pos"": 16.8, ""error"": 1.6160878499999072}, {""pair"": [0, 10, 0, 14], ""acc"": 14.1, ""vel"": 24.03, ""pos"": 16.8, ""error"": 1.6160878499999072}, {""pair"": [0, 10, 0, 14], ""acc"": 14.1, ""vel"": 24.03, ""pos"": 16.8, ""error"": 1.2816478499998922}, {""pair"": [0, 10, 0, 14], ""acc"": 14.1, ""vel"": 24.03, ""pos"": 16.8, ""error"": 1.2816478499998922}, {""pair"": [0, 10, 0, 14], ""acc"": 14.1, ""vel"": 24.03, ""pos"": 16.8, ""error"": 1.2918178499998945}], [{""pair"": [0, 10, 2, 14], ""acc"": 1.3, ""vel"": 24.03, ""pos"": 18.4, ""error"": 0.010457849999898627}, {""pair"": [0, 10, 2, 14], ""acc"": 1.3, ""vel"": 24.03, ""pos"": 18.4, ""error"": 0.01608784999990931}, {""pair"": [0, 10, 2, 14], ""acc"": 1.3, ""vel"": 24.03, ""pos"": 18.4, ""error"": 0.01608784999990931}, {""pair"": [0, 10, 2, 14], ""acc"": 1.3, ""vel"": 24.03, ""pos"": 18.4, ""error"": 0.4625521500000893}, {""pair"": [0, 10, 2, 14], ""acc"": 1.3, ""vel"": 24.03, ""pos"": 18.4, ""error"": 0.4625521500000893}, {""pair"": [0, 10, 2, 14], ""acc"": 1.3, ""vel"": 24.03, ""pos"": 18.4, ""error"": 0.4723821500000902}], [{""pair"": [2, 10, 0, 14], ""acc"": 13.3, ""vel"": 24.03, ""pos"": 16.9, ""error"": 1.5104578499998986}, {""pair"": [2, 10, 0, 14], ""acc"": 13.3, ""vel"": 24.03, ""pos"": 16.9, ""error"": 1.5160878499999093}, {""pair"": [2, 10, 0, 14], ""acc"": 13.3, ""vel"": 24.03, ""pos"": 16.9, ""error"": 1.5160878499999093}, {""pair"": [2, 10, 0, 14], ""acc"": 13.3, ""vel"": 24.03, ""pos"": 16.9, ""error"": 1.1816478499998944}, {""pair"": [2, 10, 0, 14], ""acc"": 13.3, ""vel"": 24.03, ""pos"": 16.9, ""error"": 1.1816478499998944}, {""pair"": [2, 10, 0, 14], ""acc"": 13.3, ""vel"": 24.03, ""pos"": 16.9, ""error"": 1.1918178499998966}], [{""pair"": [2, 10, 2, 14], ""acc"": 0.5, ""vel"": 24.03, ""pos"": 18.5, ""error"": 0.093742150000093}, {""pair"": [2, 10, 2, 14], ""acc"": 0.5, ""vel"": 24.03, ""pos"": 18.5, ""error"": 0.09971215000010503}, {""pair"": [2, 10, 2, 14], ""acc"": 0.5, ""vel"": 24.03, ""pos"": 18.5, ""error"": 0.09971215000010503}, {""pair"": [2, 10, 2, 14], ""acc"": 0.5, ""vel"": 24.03, ""pos"": 18.5, ""error"": 0.5625521500000907}, {""pair"": [2, 10, 2, 14], ""acc"": 0.5, ""vel"": 24.03, ""pos"": 18.5, ""error"": 0.5625521500000907}, {""pair"": [2, 10, 2, 14], ""acc"": 0.5, ""vel"": 24.03, ""pos"": 18.5, ""error"": 0.5723821500000916}]]","[[[3, 14, 0, 10], [1.3, 24.03, 16.8], 1.2816478499998922], [[3, 14, 2, 10], [0.5, 24.03, 16.9], 1.1816478499998944], [[0, 10, 0, 14], [14.1, 24.03, 16.8], 1.2816478499998922], [[0, 10, 2, 14], [1.3, 24.03, 18.4], 0.010457849999898627], [[2, 10, 0, 14], [13.3, 24.03, 16.9], 1.1816478499998944], [[2, 10, 2, 14], [0.5, 24.03, 18.5], 0.093742150000093]]"
1.3,24.06,18.8,1.3,24.06,15.6,1.3,24.06,18.8,"[{""pair"": [3, 11, 2, 15], ""acc"": 1.3, ""vel"": 24.06, ""pos"": 18.8, ""error"": 0.01659784999990066}, {""pair"": [0, 11, 2, 15], ""acc"": 2.9, ""vel"": 24.06, ""pos"": 18.8, ""error"": 0.01659784999990066}, {""pair"": [2, 11, 2, 15], ""acc"": 1.3, ""vel"": 24.06, ""pos"": 19.0, ""error"": 0.11291775000010063}, {""pair"": [3, 15, 2, 11], ""acc"": 1.3, ""vel"": 24.06, ""pos"": 15.8, ""error"": 1.4165978499999028}, {""pair"": [3, 15, 0, 11], ""acc"": 2.9, ""vel"": 24.06, ""pos"": 15.6, ""error"": 1.6165978499999039}]","[[3, 11, 2, 15], [0, 11, 2, 15], [2, 11, 2, 15], [3, 15, 2, 11], [3, 15, 0, 11]]","[[{""pair"": [3, 11, 0, 15], ""acc"": -24.3, ""vel"": 24.06, ""pos"": 15.6, ""error"": 3.2165978499999017}, {""pair"": [3, 11, 0, 15], ""acc"": -24.3, ""vel"": 24.06, ""pos"": 15.6, ""error"": 3.330082249999899}, {""pair"": [3, 11, 0, 15], ""acc"": -24.3, ""vel"": 24.06, ""pos"": 15.6, ""error"": 1.7300822499998976}, {""pair"": [3, 11, 0, 15], ""acc"": -24.3, ""vel"": 24.06, ""pos"": 15.6, ""error"": 1.6165978499999039}], [{""pair"": [3, 11, 2, 15], ""acc"": 1.3, ""vel"": 24.06, ""pos"": 18.8, ""error"": 0.01659784999990066}, {""pair"": [3, 11, 2, 15], ""acc"": 1.3, ""vel"": 24.06, ""pos"": 18.8, ""error"": 0.13008224999989793}, {""pair"": [3, 11, 2, 15], ""acc"": 1.3, ""vel"": 24.06, ""pos"": 18.8, ""error"": 1.5129177500001028}, {""pair"": [3, 11, 2, 15], ""acc"": 1.3, ""vel"": 24.06, ""pos"": 18.8, ""error"": 1.599202150000103}], [{""pair"": [3, 15, 0, 11], ""acc"": 2.9, ""vel"": 24.06, ""pos"": 15.6, ""error"": 3.2165978499999017}, {""pair"": [3, 15, 0, 11], ""acc"": 2.9, ""vel"": 24.06, ""pos"": 15.6, ""error"": 3.330082249999899}, {""pair"": [3, 15, 0, 11], ""acc"": 2.9, ""vel"": 24.06, ""pos"": 15.6, ""error"": 1.7300822499998976}, {""pair"": [3, 15, 0, 11], ""acc"": 2.9, ""vel"": 24.06, ""pos"": 15.6, ""error"": 1.6165978499999039}], [{""pair"": [3, 15, 2, 11], ""acc"": 1.3, ""vel"": 24.06, ""pos"": 15.8, ""error"": 3.0165978499999007}, {""pair"": [3, 15, 2, 11], ""acc"": 1.3, ""vel"": 24.06, ""pos"": 15.8, ""error"": 3.130082249999898}, {""pair"": [3, 15, 2, 11], ""acc"": 1.3, ""vel"": 24.06, ""pos"": 15.8, ""error"": 1.5300822499998965}, {""pair"": [3, 15, 2, 11], ""acc"": 1.3, ""vel"": 24.06, ""pos"": 15.8, ""error"": 1.4165978499999028}], [{""pair"": [0, 11, 0, 15], ""acc"": -22.7, ""vel"": 24.06, ""pos"": 15.6, ""error"": 3.2165978499999017}, {""pair"": [0, 11, 0, 15], ""acc"": -22.7, ""vel"": 24.06, ""pos"": 15.6, ""error"": 3.330082249999899}, {""pair"": [0, 11, 0, 15], ""acc"": -22.7, ""vel"": 24.06, ""pos"": 15.6, ""error"": 1.7300822499998976}, {""pair"": [0, 11, 0, 15], ""acc"": -22.7, ""vel"": 24.06, ""pos"": 15.6, ""error"": 1.6165978499999039}], [{""pair"": [0, 11, 2, 15], ""acc"": 2.9, ""vel"": 24.06, ""pos"": 18.8, ""error"": 0.01659784999990066}, {""pair"": [0, 11, 2, 15], ""acc"": 2.9, ""vel"": 24.06, ""pos"": 18.8, ""error"": 0.13008224999989793}, {""pair"": [0, 11, 2, 15], ""acc"": 2.9, ""vel"": 24.06, ""pos"": 18.8, ""error"": 1.5129177500001028}, {""pair"": [0, 11, 2, 15], ""acc"": 2.9, ""vel"": 24.06, ""pos"": 18.8, ""error"": 1.599202150000103}], [{""pair"": [2, 11, 0, 15], ""acc"": -24.3, ""vel"": 24.06, ""pos"": 15.8, ""error"": 3.0165978499999007}, {""pair"": [2, 11, 0, 15], ""acc"": -24.3, ""vel"": 24.06, ""pos"": 15.8, ""error"": 3.130082249999898}, {""pair"": [2, 11, 0, 15], ""acc"": -24.3, ""vel"": 24.06, ""pos"": 15.8, ""error"": 1.5300822499998965}, {""pair"": [2, 11, 0, 15], ""acc"": -24.3, ""vel"": 24.06, ""pos"": 15.8, ""error"": 1.4165978499999028}], [{""pair"": [2, 11, 2, 15], ""acc"": 1.3, ""vel"": 24.06, ""pos"": 19.0, ""error"": 0.19920215000010444}, {""pair"": [2, 11, 2, 15], ""acc"": 1.3, ""vel"": 24.06, ""pos"": 19.0, ""error"": 0.11291775000010063}, {""pair"": [2, 11, 2, 15], ""acc"": 1.3, ""vel"": 24.06, ""pos"": 19.0, ""error"": 1.712917750000102}, {""pair"": [2, 11, 2, 15], ""acc"": 1.3, ""vel"": 24.06, ""pos"": 19.0, ""error"": 1.7992021500001023}]]","[[[3, 11, 0, 15], [-24.3, 24.06, 15.6], 1.6165978499999039], [[3, 11, 2, 15], [1.3, 24.06, 18.8], 0.01659784999990066], [[3, 15, 0, 11], [2.9, 24.06, 15.6], 1.6165978499999039], [[3, 15, 2, 11], [1.3, 24.06, 15.8], 1.4165978499999028], [[0, 11, 0, 15], [-22.7, 24.06, 15.6], 1.6165978499999039], [[0, 11, 2, 15], [2.9, 24.06, 18.8], 0.01659784999990066], [[2, 11, 0, 15], [-24.3, 24.06, 15.8], 1.4165978499999028], [[2, 11, 2, 15], [1.3, 24.06, 19.0], 0.11291775000010063]]"
1.3,24.08,19.200000000000003,1.3,24.08,70.4,1.3,24.08,19.2,"[{""pair"": [3, 1, 1, 3], ""acc"": 1.3, ""vel"": 24.08, ""pos"": 19.2, ""error"": 0.015673599999551868}, {""pair"": [0, 1, 1, 3], ""acc"": 1.3, ""vel"": 21.52, ""pos"": 19.2, ""error"": 2.5756735999995506}, {""pair"": [1, 1, 1, 3], ""acc"": 1.3, ""vel"": 24.08, ""pos"": 6.4, ""error"": 9.611731200000527}, {""pair"": [1, 1, 2, 3], ""acc"": 1.3, ""vel"": 24.08, ""pos"": 57.6, ""error"": 38.215673599999555}, {""pair"": [3, 1, 2, 3], ""acc"": 1.3, ""vel"": 24.08, ""pos"": 70.4, ""error"": 51.01567359999956}, {""pair"": [0, 1, 2, 3], ""acc"": 1.3, ""vel"": 21.52, ""pos"": 70.4, ""error"": 53.57567359999956}]","[[3, 1, 1, 3], [0, 1, 1, 3], [1, 1, 1, 3], [1, 1, 2, 3], [3, 1, 2, 3], [0, 1, 2, 3]]","[[{""pair"": [3, 1, 1, 3], ""acc"": 1.3, ""vel"": 24.08, ""pos"": 19.2, ""error"": 0.015673599999551868}, {""pair"": [3, 1, 1, 3], ""acc"": 1.3, ""vel"": 24.08, ""pos"": 19.2, ""error"": 0.04106879999958224}, {""pair"": [3, 1, 1, 3], ""acc"": 1.3, ""vel"": 24.08, ""pos"": 19.2, ""error"": 0.18592640000050054}, {""pair"": [3, 1, 1, 3], ""acc"": 1.3, ""vel"": 24.08, ""pos"": 19.2, ""error"": 3.015673599999552}, {""pair"": [3, 1, 1, 3], ""acc"": 1.3, ""vel"": 24.08, ""pos"": 19.2, ""error"": 3.2410687999995833}], [{""pair"": [3, 1, 2, 3], ""acc"": 1.3, ""vel"": 24.08, ""pos"": 70.4, ""error"": 51.21567359999956}, {""pair"": [3, 1, 2, 3], ""acc"": 1.3, ""vel"": 24.08, ""pos"": 70.4, ""error"": 51.24106879999958}, {""pair"": [3, 1, 2, 3], ""acc"": 1.3, ""vel"": 24.08, ""pos"": 70.4, ""error"": 51.01567359999956}, {""pair"": [3, 1, 2, 3], ""acc"": 1.3, ""vel"": 24.08, ""pos"": 70.4, ""error"": 54.21567359999956}, {""pair"": [3, 1, 2, 3], ""acc"": 1.3, ""vel"": 24.08, ""pos"": 70.4, ""error"": 54.441068799999584}], [{""pair"": [0, 1, 1, 3], ""acc"": 1.3, ""vel"": 21.52, ""pos"": 19.2, ""error"": 2.5756735999995506}, {""pair"": [0, 1, 1, 3], ""acc"": 1.3, ""vel"": 21.52, ""pos"": 19.2, ""error"": 2.601068799999581}, {""pair"": [0, 1, 1, 3], ""acc"": 1.3, ""vel"": 21.52, ""pos"": 19.2, ""error"": 2.7459264000004993}, {""pair"": [0, 1, 1, 3], ""acc"": 1.3, ""vel"": 21.52, ""pos"": 19.2, ""error"": 5.575673599999551}, {""pair"": [0, 1, 1, 3], ""acc"": 1.3, ""vel"": 21.52, ""pos"": 19.2, ""error"": 5.801068799999582}], [{""pair"": [0, 1, 2, 3], ""acc"": 1.3, ""vel"": 21.52, ""pos"": 70.4, ""error"": 53.775673599999564}, {""pair"": [0, 1, 2, 3], ""acc"": 1.3, ""vel"": 21.52, ""pos"": 70.4, ""error"": 53.801068799999584}, {""pair"": [0, 1, 2, 3], ""acc"": 1.3, ""vel"": 21.52, ""pos"": 70.4, ""error"": 53.57567359999956}, {""pair"": [0, 1, 2, 3], ""acc"": 1.3, ""vel"": 21.52, ""pos"": 70.4, ""error"": 56.775673599999564}, {""pair"": [0, 1, 2, 3], ""acc"": 1.3, ""vel"": 21.52, ""pos"": 70.4, ""error"": 57.00106879999959}], [{""pair"": [1, 1, 1, 3], ""acc"": 1.3, ""vel"": 24.08, ""pos"": 6.4, ""error"": 12.7859264000005}, {""pair"": [1, 1, 1, 3], ""acc"": 1.3, ""vel"": 24.08, ""pos"": 6.4, ""error"": 12.811731200000528}, {""pair"": [1, 1, 1, 3], ""acc"": 1.3, ""vel"": 24.08, ""pos"": 6.4, ""error"": 12.9859264000005}, {""pair"": [1, 1, 1, 3], ""acc"": 1.3, ""vel"": 24.08, ""pos"": 6.4, ""error"": 9.7859264000005}, {""pair"": [1, 1, 1, 3], ""acc"": 1.3, ""vel"": 24.08, ""pos"": 6.4, ""error"": 9.611731200000527}], [{""pair"": [1, 1, 2, 3], ""acc"": 1.3, ""vel"": 24.08, ""pos"": 57.6, ""error"": 38.41567359999955}, {""pair"": [1, 1, 2, 3], ""acc"": 1.3, ""vel"": 24.08, ""pos"": 57.6, ""error"": 38.441068799999584}, {""pair"": [1, 1, 2, 3], ""acc"": 1.3, ""vel"": 24.08, ""pos"": 57.6, ""error"": 38.215673599999555}, {""pair"": [1, 1, 2, 3], ""acc"": 1.3, ""vel"": 24.08, ""pos"": 57.6, ""error"": 41.41567359999955}, {""pair"": [1, 1, 2, 3], ""acc"": 1.3, ""vel"": 24.08, ""pos"": 57.6, ""error"": 41.64106879999959}]]","[[[3, 1, 1, 3], [1.3, 24.08, 19.2], 0.015673599999551868], [[3, 1, 2, 3], [1.3, 24.08, 70.4], 51.01567359999956], [[0, 1, 1, 3], [1.3, 21.52, 19.2], 2.5756735999995506], [[0, 1, 2, 3], [1.3, 21.52, 70.4], 53.57567359999956], [[1, 1, 1, 3], [1.3, 24.08, 6.4], 9.611731200000527], [[1, 1, 2, 3], [1.3, 24.08, 57.6], 38.215673599999555]]"
1.3,24.1,19.6,1.3,24.1,429.2,1.2,24.1,19.6,"[{""pair"": [1, 6, 0, 7], ""acc"": 1.2, ""vel"": 24.1, ""pos"": 19.6, ""error"": 0.011647849999889104}, {""pair"": [1, 6, 2, 7], ""acc"": 1.3, ""vel"": 24.1, ""pos"": 19.6, ""error"": 0.011647849999889104}, {""pair"": [3, 6, 0, 7], ""acc"": 1.2, ""vel"": 24.1, ""pos"": 429.2, ""error"": 358.3925521500001}, {""pair"": [3, 6, 2, 7], ""acc"": 1.3, ""vel"": 24.1, ""pos"": 429.2, ""error"": 358.3925521500001}]","[[1, 6, 0, 7], [1, 6, 2, 7], [3, 6, 0, 7], [3, 6, 2, 7]]","[[{""pair"": [3, 6, 0, 7], ""acc"": 1.2, ""vel"": 24.1, ""pos"": 429.2, ""error"": 409.5925521500001}, {""pair"": [3, 6, 0, 7], ""acc"": 1.2, ""vel"": 24.1, ""pos"": 429.2, ""error"": 412.1918721500001}, {""pair"": [3, 6, 0, 7], ""acc"": 1.2, ""vel"": 24.1, ""pos"": 429.2, ""error"": 422.3925521500001}, {""pair"": [3, 6, 0, 7], ""acc"": 1.2, ""vel"": 24.1, ""pos"": 429.2, ""error"": 371.19255215000004}, {""pair"": [3, 6, 0, 7], ""acc"": 1.2, ""vel"": 24.1, ""pos"": 429.2, ""error"": 358.3925521500001}, {""pair"": [3, 6, 0, 7], ""acc"": 1.2, ""vel"": 24.1, ""pos"": 429.2, ""error"": 360.99187215000006}], [{""pair"": [3, 6, 2, 7], ""acc"": 1.3, ""vel"": 24.1, ""pos"": 429.2, ""error"": 409.5925521500001}, {""pair"": [3, 6, 2, 7], ""acc"": 1.3, ""vel"": 24.1, ""pos"": 429.2, ""error"": 412.1918721500001}, {""pair"": [3, 6, 2, 7], ""acc"": 1.3, ""vel"": 24.1, ""pos"": 429.2, ""error"": 422.3925521500001}, {""pair"": [3, 6, 2, 7], ""acc"": 1.3, ""vel"": 24.1, ""pos"": 429.2, ""error"": 371.19255215000004}, {""pair"": [3, 6, 2, 7], ""acc"": 1.3, ""vel"": 24.1, ""pos"": 429.2, ""error"": 358.3925521500001}, {""pair"": [3, 6, 2, 7], ""acc"": 1.3, ""vel"": 24.1, ""pos"": 429.2, ""error"": 360.99187215000006}], [{""pair"": [1, 6, 0, 7], ""acc"": 1.2, ""vel"": 24.1, ""pos"": 19.6, ""error"": 0.011647849999889104}, {""pair"": [1, 6, 0, 7], ""acc"": 1.2, ""vel"": 24.1, ""pos"": 19.6, ""error"": 2.5918721500000963}, {""pair"": [1, 6, 0, 7], ""acc"": 1.2, ""vel"": 24.1, ""pos"": 19.6, ""error"": 12.792552150000091}, {""pair"": [1, 6, 0, 7], ""acc"": 1.2, ""vel"": 24.1, ""pos"": 19.6, ""error"": 38.411647849999895}, {""pair"": [1, 6, 0, 7], ""acc"": 1.2, ""vel"": 24.1, ""pos"": 19.6, ""error"": 51.211647849999906}, {""pair"": [1, 6, 0, 7], ""acc"": 1.2, ""vel"": 24.1, ""pos"": 19.6, ""error"": 53.723927849999924}], [{""pair"": [1, 6, 2, 7], ""acc"": 1.3, ""vel"": 24.1, ""pos"": 19.6, ""error"": 0.011647849999889104}, {""pair"": [1, 6, 2, 7], ""acc"": 1.3, ""vel"": 24.1, ""pos"": 19.6, ""error"": 2.5918721500000963}, {""pair"": [1, 6, 2, 7], ""acc"": 1.3, ""vel"": 24.1, ""pos"": 19.6, ""error"": 12.792552150000091}, {""pair"": [1, 6, 2, 7], ""acc"": 1.3, ""vel"": 24.1, ""pos"": 19.6, ""error"": 38.411647849999895}, {""pair"": [1, 6, 2, 7], ""acc"": 1.3, ""vel"": 24.1, ""pos"": 19.6, ""error"": 51.211647849999906}, {""pair"": [1, 6, 2, 7], ""acc"": 1.3, ""vel"": 24.1, ""pos"": 19.6, ""error"": 53.723927849999924}]]","[[[3, 6, 0, 7], [1.2, 24.1, 429.2], 358.3925521500001], [[3, 6, 2, 7], [1.3, 24.1, 429.2], 358.3925521500001], [[1, 6, 0, 7], [1.2, 24.1, 19.6], 0.011647849999889104], [[1, 6, 2, 7], [1.3, 24.1, 19.6], 0.011647849999889104]]"
1.3,24.12,20.0,1.3,24.12,13.6,1.3,24.12,20.0,"[{""pair"": [3, 0, 1, 0], ""acc"": 1.3, ""vel"": 24.12, ""pos"": 20.0, ""error"": 0.010273399999899624}, {""pair"": [1, 0, 2, 0], ""acc"": 1.3, ""vel"": 24.12, ""pos"": 20.0, ""error"": 0.010273399999899624}, {""pair"": [2, 0, 1, 0], ""acc"": 1.3, ""vel"": 24.12, ""pos"": 20.0, ""error"": 0.010273399999899624}, {""pair"": [0, 0, 1, 0], ""acc"": 1.3, ""vel"": 25.4, ""pos"": 20.0, ""error"": 1.287787849999905}, {""pair"": [1, 0, 0, 0], ""acc"": 1.3, ""vel"": 25.4, ""pos"": 20.0, ""error"": 1.287787849999905}, {""pair"": [3, 2, 2, 1], ""acc"": 1.3, ""vel"": 24.12, ""pos"": 13.6, ""error"": 6.4102733999999}, {""pair"": [3, 0, 2, 0], ""acc"": 1.3, ""vel"": 24.12, ""pos"": 13.6, ""error"": 6.4102733999999}, {""pair"": [3, 0, 0, 0], ""acc"": 1.3, ""vel"": 25.4, ""pos"": 13.6, ""error"": 7.687787849999905}, {""pair"": [0, 0, 2, 0], ""acc"": 1.3, ""vel"": 25.4, ""pos"": 13.6, ""error"": 7.687787849999905}, {""pair"": [2, 0, 0, 0], ""acc"": 1.3, ""vel"": 25.4, ""pos"": 13.6, ""error"": 7.687787849999905}, {""pair"": [0, 1, 0, 2], ""acc"": 1.3, ""vel"": 26.68, ""pos"": 13.6, ""error"": 8.967787849999906}, {""pair"": [3, 2, 0, 1], ""acc"": 1.3, ""vel"": 21.56, ""pos"": 13.6, ""error"": 8.970273399999902}, {""pair"": [3, 1, 0, 2], ""acc"": 1.3, ""vel"": 29.24, ""pos"": 13.6, ""error"": 11.527787849999905}, {""pair"": [3, 1, 1, 2], ""acc"": 1.3, ""vel"": 24.12, ""pos"": 39.2, ""error"": 19.190526600000094}, {""pair"": [3, 2, 1, 1], ""acc"": 1.3, ""vel"": 24.12, ""pos"": 0.8, ""error"": 19.2102733999999}, {""pair"": [0, 1, 1, 2], ""acc"": 1.3, ""vel"": 21.56, ""pos"": 39.2, ""error"": 21.750526600000097}]","[[3, 0, 1, 0], [1, 0, 2, 0], [2, 0, 1, 0], [0, 0, 1, 0], [1, 0, 0, 0], [3, 2, 2, 1], [3, 0, 2, 0], [3, 0, 0, 0], [0, 0, 2, 0], [2, 0, 0, 0], [0, 1, 0, 2], [3, 2, 0, 1], [3, 1, 0, 2], [3, 1, 1, 2], [3, 2, 1, 1], [0, 1, 1, 2]]","[[{""pair"": [3, 1, 0, 2], ""acc"": 1.3, ""vel"": 29.24, ""pos"": 13.6, ""error"": 11.529473399999906}, {""pair"": [3, 1, 0, 2], ""acc"": 1.3, ""vel"": 29.24, ""pos"": 13.6, ""error"": 11.527787849999905}, {""pair"": [3, 1, 0, 2], ""acc"": 1.3, ""vel"": 29.24, ""pos"": 13.6, ""error"": 421.1294733999998}, {""pair"": [3, 1, 0, 2], ""acc"": 1.3, ""vel"": 29.24, ""pos"": 13.6, ""error"": 421.12778784999983}], [{""pair"": [3, 1, 1, 2], ""acc"": 1.3, ""vel"": 24.12, ""pos"": 39.2, ""error"": 19.190526600000094}, {""pair"": [3, 1, 1, 2], ""acc"": 1.3, ""vel"": 24.12, ""pos"": 39.2, ""error"": 19.192212150000096}, {""pair"": [3, 1, 1, 2], ""acc"": 1.3, ""vel"": 24.12, ""pos"": 39.2, ""error"": 390.4102733999999}, {""pair"": [3, 1, 1, 2], ""acc"": 1.3, ""vel"": 24.12, ""pos"": 39.2, ""error"": 390.41198784999983}], [{""pair"": [3, 2, 0, 1], ""acc"": 1.3, ""vel"": 21.56, ""pos"": 13.6, ""error"": 8.970273399999902}, {""pair"": [3, 2, 0, 1], ""acc"": 1.3, ""vel"": 21.56, ""pos"": 13.6, ""error"": 8.9719878499999}, {""pair"": [3, 2, 0, 1], ""acc"": 1.3, ""vel"": 21.56, ""pos"": 13.6, ""error"": 418.57027339999985}, {""pair"": [3, 2, 0, 1], ""acc"": 1.3, ""vel"": 21.56, ""pos"": 13.6, ""error"": 418.5719878499998}], [{""pair"": [3, 2, 1, 1], ""acc"": 1.3, ""vel"": 24.12, ""pos"": 0.8, ""error"": 19.2102733999999}, {""pair"": [3, 2, 1, 1], ""acc"": 1.3, ""vel"": 24.12, ""pos"": 0.8, ""error"": 19.211987849999897}, {""pair"": [3, 2, 1, 1], ""acc"": 1.3, ""vel"": 24.12, ""pos"": 0.8, ""error"": 428.81027339999986}, {""pair"": [3, 2, 1, 1], ""acc"": 1.3, ""vel"": 24.12, ""pos"": 0.8, ""error"": 428.8119878499998}], [{""pair"": [3, 2, 2, 1], ""acc"": 1.3, ""vel"": 24.12, ""pos"": 13.6, ""error"": 6.4102733999999}, {""pair"": [3, 2, 2, 1], ""acc"": 1.3, ""vel"": 24.12, ""pos"": 13.6, ""error"": 6.411987849999898}, {""pair"": [3, 2, 2, 1], ""acc"": 1.3, ""vel"": 24.12, ""pos"": 13.6, ""error"": 416.01027339999985}, {""pair"": [3, 2, 2, 1], ""acc"": 1.3, ""vel"": 24.12, ""pos"": 13.6, ""error"": 416.0119878499998}], [{""pair"": [3, 0, 0, 0], ""acc"": 1.3, ""vel"": 25.4, ""pos"": 13.6, ""error"": 7.6894733999999065}, {""pair"": [3, 0, 0, 0], ""acc"": 1.3, ""vel"": 25.4, ""pos"": 13.6, ""error"": 7.687787849999905}, {""pair"": [3, 0, 0, 0], ""acc"": 1.3, ""vel"": 25.4, ""pos"": 13.6, ""error"": 417.28947339999985}, {""pair"": [3, 0, 0, 0], ""acc"": 1.3, ""vel"": 25.4, ""pos"": 13.6, ""error"": 417.2877878499998}], [{""pair"": [3, 0, 1, 0], ""acc"": 1.3, ""vel"": 24.12, ""pos"": 20.0, ""error"": 0.010273399999899624}, {""pair"": [3, 0, 1, 0], ""acc"": 1.3, ""vel"": 24.12, ""pos"": 20.0, ""error"": 0.011987849999897549}, {""pair"": [3, 0, 1, 0], ""acc"": 1.3, ""vel"": 24.12, ""pos"": 20.0, ""error"": 409.61027339999987}, {""pair"": [3, 0, 1, 0], ""acc"": 1.3, ""vel"": 24.12, ""pos"": 20.0, ""error"": 409.6119878499998}], [{""pair"": [3, 0, 2, 0], ""acc"": 1.3, ""vel"": 24.12, ""pos"": 13.6, ""error"": 6.4102733999999}, {""pair"": [3, 0, 2, 0], ""acc"": 1.3, ""vel"": 24.12, ""pos"": 13.6, ""error"": 6.411987849999898}, {""pair"": [3, 0, 2, 0], ""acc"": 1.3, ""vel"": 24.12, ""pos"": 13.6, ""error"": 416.01027339999985}, {""pair"": [3, 0, 2, 0], ""acc"": 1.3, ""vel"": 24.12, ""pos"": 13.6, ""error"": 416.0119878499998}], [{""pair"": [0, 0, 1, 0], ""acc"": 1.3, ""vel"": 25.4, ""pos"": 20.0, ""error"": 1.2894733999999062}, {""pair"": [0, 0, 1, 0], ""acc"": 1.3, ""vel"": 25.4, ""pos"": 20.0, ""error"": 1.287787849999905}, {""pair"": [0, 0, 1, 0], ""acc"": 1.3, ""vel"": 25.4, ""pos"": 20.0, ""error"": 410.8894733999999}, {""pair"": [0, 0, 1, 0], ""acc"": 1.3, ""vel"": 25.4, ""pos"": 20.0, ""error"": 410.8877878499998}], [{""pair"": [0, 0, 2, 0], ""acc"": 1.3, ""vel"": 25.4, ""pos"": 13.6, ""error"": 7.6894733999999065}, {""pair"": [0, 0, 2, 0], ""acc"": 1.3, ""vel"": 25.4, ""pos"": 13.6, ""error"": 7.687787849999905}, {""pair"": [0, 0, 2, 0], ""acc"": 1.3, ""vel"": 25.4, ""pos"": 13.6, ""error"": 417.28947339999985}, {""pair"": [0, 0, 2, 0], ""acc"": 1.3, ""vel"": 25.4, ""pos"": 13.6, ""error"": 417.2877878499998}], [{""pair"": [1, 0, 0, 0], ""acc"": 1.3, ""vel"": 25.4, ""pos"": 20.0, ""error"": 1.2894733999999062}, {""pair"": [1, 0, 0, 0], ""acc"": 1.3, ""vel"": 25.4, ""pos"": 20.0, ""error"": 1.287787849999905}, {""pair"": [1, 0, 0, 0], ""acc"": 1.3, ""vel"": 25.4, ""pos"": 20.0, ""error"": 410.8894733999999}, {""pair"": [1, 0, 0, 0], ""acc"": 1.3, ""vel"": 25.4, ""pos"": 20.0, ""error"": 410.8877878499998}], [{""pair"": [1, 0, 2, 0], ""acc"": 1.3, ""vel"": 24.12, ""pos"": 20.0, ""error"": 0.010273399999899624}, {""pair"": [1, 0, 2, 0], ""acc"": 1.3, ""vel"": 24.12, ""pos"": 20.0, ""error"": 0.011987849999897549}, {""pair"": [1, 0, 2, 0], ""acc"": 1.3, ""vel"": 24.12, ""pos"": 20.0, ""error"": 409.61027339999987}, {""pair"": [1, 0, 2, 0], ""acc"": 1.3, ""vel"": 24.12, ""pos"": 20.0, ""error"": 409.6119878499998}], [{""pair"": [2, 0, 0, 0], ""acc"": 1.3, ""vel"": 25.4, ""pos"": 13.6, ""error"": 7.6894733999999065}, {""pair"": [2, 0, 0, 0], ""acc"": 1.3, ""vel"": 25.4, ""pos"": 13.6, ""error"": 7.687787849999905}, {""pair"": [2, 0, 0, 0], ""acc"": 1.3, ""vel"": 25.4, ""pos"": 13.6, ""error"": 417.28947339999985}, {""pair"": [2, 0, 0, 0], ""acc"": 1.3, ""vel"": 25.4, ""pos"": 13.6, ""error"": 417.2877878499998}], [{""pair"": [2, 0, 1, 0], ""acc"": 1.3, ""vel"": 24.12, ""pos"": 20.0, ""error"": 0.010273399999899624}, {""pair"": [2, 0, 1, 0], ""acc"": 1.3, ""vel"": 24.12, ""pos"": 20.0, ""error"": 0.011987849999897549}, {""pair"": [2, 0, 1, 0], ""acc"": 1.3, ""vel"": 24.12, ""pos"": 20.0, ""error"": 409.61027339999987}, {""pair"": [2, 0, 1, 0], ""acc"": 1.3, ""vel"": 24.12, ""pos"": 20.0, ""error"": 409.6119878499998}], [{""pair"": [0, 1, 0, 2], ""acc"": 1.3, ""vel"": 26.68, ""pos"": 13.6, ""error"": 8.969473399999908}, {""pair"": [0, 1, 0, 2], ""acc"": 1.3, ""vel"": 26.68, ""pos"": 13.6, ""error"": 8.967787849999906}, {""pair"": [0, 1, 0, 2], ""acc"": 1.3, ""vel"": 26.68, ""pos"": 13.6, ""error"": 418.5694733999998}, {""pair"": [0, 1, 0, 2], ""acc"": 1.3, ""vel"": 26.68, ""pos"": 13.6, ""error"": 418.56778784999983}], [{""pair"": [0, 1, 1, 2], ""acc"": 1.3, ""vel"": 21.56, ""pos"": 39.2, ""error"": 21.750526600000097}, {""pair"": [0, 1, 1, 2], ""acc"": 1.3, ""vel"": 21.56, ""pos"": 39.2, ""error"": 21.752212150000098}, {""pair"": [0, 1, 1, 2], ""acc"": 1.3, ""vel"": 21.56, ""pos"": 39.2, ""error"": 392.9702733999999}, {""pair"": [0, 1, 1, 2], ""acc"": 1.3, ""vel"": 21.56, ""pos"": 39.2, ""error"": 392.97198784999983}]]","[[[3, 1, 0, 2], [1.3, 29.24, 13.6], 11.527787849999905], [[3, 1, 1, 2], [1.3, 24.12, 39.2], 19.190526600000094], [[3, 2, 0, 1], [1.3, 21.56, 13.6], 8.970273399999902], [[3, 2, 1, 1], [1.3, 24.12, 0.8], 19.2102733999999], [[3, 2, 2, 1], [1.3, 24.12, 13.6], 6.4102733999999], [[3, 0, 0, 0], [1.3, 25.4, 13.6], 7.687787849999905], [[3, 0, 1, 0], [1.3, 24.12, 20.0], 0.010273399999899624], [[3, 0, 2, 0], [1.3, 24.12, 13.6], 6.4102733999999], [[0, 0, 1, 0], [1.3, 25.4, 20.0], 1.287787849999905], [[0, 0, 2, 0], [1.3, 25.4, 13.6], 7.687787849999905], [[1, 0, 0, 0], [1.3, 25.4, 20.0], 1.287787849999905], [[1, 0, 2, 0], [1.3, 24.12, 20.0], 0.010273399999899624], [[2, 0, 0, 0], [1.3, 25.4, 13.6], 7.687787849999905], [[2, 0, 1, 0], [1.3, 24.12, 20.0], 0.010273399999899624], [[0, 1, 0, 2], [1.3, 26.68, 13.6], 8.967787849999906], [[0, 1, 1, 2], [1.3, 21.56, 39.2], 21.750526600000097]]"
1.3,24.14,20.4,1.3,3.66,20.4,1.3,24.14,20.4,"[{""pair"": [3, 5, 0, 4], ""acc"": 1.3, ""vel"": 24.14, ""pos"": 20.4, ""error"": 0.014713599999552684}, {""pair"": [3, 4, 2, 6], ""acc"": 1.3, ""vel"": 3.66, ""pos"": 20.4, ""error"": 20.494713599999553}, {""pair"": [2, 4, 2, 6], ""acc"": 1.3, ""vel"": 3.66, ""pos"": 20.4, ""error"": 20.494713599999553}, {""pair"": [0, 5, 0, 4], ""acc"": 1.3, ""vel"": 65.1, ""pos"": 20.4, ""error"": 39.68576640000046}, {""pair"": [3, 4, 0, 6], ""acc"": 1.3, ""vel"": 85.58, ""pos"": 20.4, ""error"": 60.165766400000464}, {""pair"": [2, 4, 0, 6], ""acc"": 1.3, ""vel"": 85.58, ""pos"": 20.4, ""error"": 60.165766400000464}, {""pair"": [3, 5, 1, 4], ""acc"": 1.3, ""vel"": 3.66, ""pos"": 122.8, ""error"": 101.1756735999996}, {""pair"": [0, 5, 1, 4], ""acc"": 1.3, ""vel"": 44.62, ""pos"": 122.8, ""error"": 103.69311359999949}, {""pair"": [1, 5, 0, 4], ""acc"": 1.3, ""vel"": 24.14, ""pos"": 225.2, ""error"": 185.61471359999953}, {""pair"": [1, 5, 1, 4], ""acc"": 1.3, ""vel"": 3.66, ""pos"": 327.6, ""error"": 305.97567359999965}, {""pair"": [3, 4, 1, 6], ""acc"": 1.3, ""vel"": 3.66, ""pos"": 430.0, ""error"": 408.37567359999963}, {""pair"": [2, 4, 1, 6], ""acc"": 1.3, ""vel"": 3.66, ""pos"": 430.0, ""error"": 408.37567359999963}]","[[3, 5, 0, 4], [3, 4, 2, 6], [2, 4, 2, 6], [0, 5, 0, 4], [3, 4, 0, 6], [2, 4, 0, 6], [3, 5, 1, 4], [0, 5, 1, 4], [1, 5, 0, 4], [1, 5, 1, 4], [3, 4, 1, 6], [2, 4, 1, 6]]","[[{""pair"": [3, 5, 0, 4], ""acc"": 1.3, ""vel"": 24.14, ""pos"": 20.4, ""error"": 0.014713599999552684}, {""pair"": [3, 5, 0, 4], ""acc"": 1.3, ""vel"": 24.14, ""pos"": 20.4, ""error"": 0.014713599999552684}, {""pair"": [3, 5, 0, 4], ""acc"": 1.3, ""vel"": 24.14, ""pos"": 20.4, ""error"": 0.014713599999552684}, {""pair"": [3, 5, 0, 4], ""acc"": 1.3, ""vel"": 24.14, ""pos"": 20.4, ""error"": 1.287366400000522}, {""pair"": [3, 5, 0, 4], ""acc"": 1.3, ""vel"": 24.14, ""pos"": 20.4, ""error"": 1.287366400000522}, {""pair"": [3, 5, 0, 4], ""acc"": 1.3, ""vel"": 24.14, ""pos"": 20.4, ""error"": 6.414713599999553}, {""pair"": [3, 5, 0, 4], ""acc"": 1.3, ""vel"": 24.14, ""pos"": 20.4, ""error"": 6.414713599999553}, {""pair"": [3, 5, 0, 4], ""acc"": 1.3, ""vel"": 24.14, ""pos"": 20.4, ""error"": 7.674233599999525}, {""pair"": [3, 5, 0, 4], ""acc"": 1.3, ""vel"": 24.14, ""pos"": 20.4, ""error"": 7.674233599999525}, {""pair"": [3, 5, 0, 4], ""acc"": 1.3, ""vel"": 24.14, ""pos"": 20.4, ""error"": 7.674233599999525}, {""pair"": [3, 5, 0, 4], ""acc"": 1.3, ""vel"": 24.14, ""pos"": 20.4, ""error"": 8.933753599999502}, {""pair"": [3, 5, 0, 4], ""acc"": 1.3, ""vel"": 24.14, ""pos"": 20.4, ""error"": 9.014073599999552}, {""pair"": [3, 5, 0, 4], ""acc"": 1.3, ""vel"": 24.14, ""pos"": 20.4, ""error"": 11.45279359999945}, {""pair"": [3, 5, 0, 4], ""acc"": 1.3, ""vel"": 24.14, ""pos"": 20.4, ""error"": 19.186886400000503}, {""pair"": [3, 5, 0, 4], ""acc"": 1.3, ""vel"": 24.14, ""pos"": 20.4, ""error"": 19.214713599999552}, {""pair"": [3, 5, 0, 4], ""acc"": 1.3, ""vel"": 24.14, ""pos"": 20.4, ""error"": 21.704326400000397}], [{""pair"": [3, 5, 1, 4], ""acc"": 1.3, ""vel"": 3.66, ""pos"": 122.8, ""error"": 122.89471359999955}, {""pair"": [3, 5, 1, 4], ""acc"": 1.3, ""vel"": 3.66, ""pos"": 122.8, ""error"": 122.89471359999955}, {""pair"": [3, 5, 1, 4], ""acc"": 1.3, ""vel"": 3.66, ""pos"": 122.8, ""error"": 122.89471359999955}, {""pair"": [3, 5, 1, 4], ""acc"": 1.3, ""vel"": 3.66, ""pos"": 122.8, ""error"": 124.15423359999951}, {""pair"": [3, 5, 1, 4], ""acc"": 1.3, ""vel"": 3.66, ""pos"": 122.8, ""error"": 124.15423359999951}, {""pair"": [3, 5, 1, 4], ""acc"": 1.3, ""vel"": 3.66, ""pos"": 122.8, ""error"": 129.29471359999954}, {""pair"": [3, 5, 1, 4], ""acc"": 1.3, ""vel"": 3.66, ""pos"": 122.8, ""error"": 129.29471359999954}, {""pair"": [3, 5, 1, 4], ""acc"": 1.3, ""vel"": 3.66, ""pos"": 122.8, ""error"": 130.55423359999952}, {""pair"": [3, 5, 1, 4], ""acc"": 1.3, ""vel"": 3.66, ""pos"": 122.8, ""error"": 130.55423359999952}, {""pair"": [3, 5, 1, 4], ""acc"": 1.3, ""vel"": 3.66, ""pos"": 122.8, ""error"": 130.55423359999952}, {""pair"": [3, 5, 1, 4], ""acc"": 1.3, ""vel"": 3.66, ""pos"": 122.8, ""error"": 131.8137535999995}, {""pair"": [3, 5, 1, 4], ""acc"": 1.3, ""vel"": 3.66, ""pos"": 122.8, ""error"": 126.7756735999996}, {""pair"": [3, 5, 1, 4], ""acc"": 1.3, ""vel"": 3.66, ""pos"": 122.8, ""error"": 134.33279359999946}, {""pair"": [3, 5, 1, 4], ""acc"": 1.3, ""vel"": 3.66, ""pos"": 122.8, ""error"": 103.69471359999956}, {""pair"": [3, 5, 1, 4], ""acc"": 1.3, ""vel"": 3.66, ""pos"": 122.8, ""error"": 142.09471359999955}, {""pair"": [3, 5, 1, 4], ""acc"": 1.3, ""vel"": 3.66, ""pos"": 122.8, ""error"": 101.1756735999996}], [{""pair"": [0, 5, 0, 4], ""acc"": 1.3, ""vel"": 65.1, ""pos"": 20.4, ""error"": 40.97311359999949}, {""pair"": [0, 5, 0, 4], ""acc"": 1.3, ""vel"": 65.1, ""pos"": 20.4, ""error"": 40.97311359999949}, {""pair"": [0, 5, 0, 4], ""acc"": 1.3, ""vel"": 65.1, ""pos"": 20.4, ""error"": 40.97311359999949}, {""pair"": [0, 5, 0, 4], ""acc"": 1.3, ""vel"": 65.1, ""pos"": 20.4, ""error"": 39.68576640000046}, {""pair"": [0, 5, 0, 4], ""acc"": 1.3, ""vel"": 65.1, ""pos"": 20.4, ""error"": 39.68576640000046}, {""pair"": [0, 5, 0, 4], ""acc"": 1.3, ""vel"": 65.1, ""pos"": 20.4, ""error"": 47.37311359999949}, {""pair"": [0, 5, 0, 4], ""acc"": 1.3, ""vel"": 65.1, ""pos"": 20.4, ""error"": 47.37311359999949}, {""pair"": [0, 5, 0, 4], ""acc"": 1.3, ""vel"": 65.1, ""pos"": 20.4, ""error"": 46.07263359999946}, {""pair"": [0, 5, 0, 4], ""acc"": 1.3, ""vel"": 65.1, ""pos"": 20.4, ""error"": 46.07263359999946}, {""pair"": [0, 5, 0, 4], ""acc"": 1.3, ""vel"": 65.1, ""pos"": 20.4, ""error"": 46.07263359999946}, {""pair"": [0, 5, 0, 4], ""acc"": 1.3, ""vel"": 65.1, ""pos"": 20.4, ""error"": 44.77215359999944}, {""pair"": [0, 5, 0, 4], ""acc"": 1.3, ""vel"": 65.1, ""pos"": 20.4, ""error"": 49.97407359999954}, {""pair"": [0, 5, 0, 4], ""acc"": 1.3, ""vel"": 65.1, ""pos"": 20.4, ""error"": 42.1711935999994}, {""pair"": [0, 5, 0, 4], ""acc"": 1.3, ""vel"": 65.1, ""pos"": 20.4, ""error"": 60.145286400000444}, {""pair"": [0, 5, 0, 4], ""acc"": 1.3, ""vel"": 65.1, ""pos"": 20.4, ""error"": 60.173113599999496}, {""pair"": [0, 5, 0, 4], ""acc"": 1.3, ""vel"": 65.1, ""pos"": 20.4, ""error"": 62.66432640000039}], [{""pair"": [0, 5, 1, 4], ""acc"": 1.3, ""vel"": 44.62, ""pos"": 122.8, ""error"": 122.89311359999948}, {""pair"": [0, 5, 1, 4], ""acc"": 1.3, ""vel"": 44.62, ""pos"": 122.8, ""error"": 122.89311359999948}, {""pair"": [0, 5, 1, 4], ""acc"": 1.3, ""vel"": 44.62, ""pos"": 122.8, ""error"": 122.89311359999948}, {""pair"": [0, 5, 1, 4], ""acc"": 1.3, ""vel"": 44.62, ""pos"": 122.8, ""error"": 121.59263359999947}, {""pair"": [0, 5, 1, 4], ""acc"": 1.3, ""vel"": 44.62, ""pos"": 122.8, ""error"": 121.59263359999947}, {""pair"": [0, 5, 1, 4], ""acc"": 1.3, ""vel"": 44.62, ""pos"": 122.8, ""error"": 129.2931135999995}, {""pair"": [0, 5, 1, 4], ""acc"": 1.3, ""vel"": 44.62, ""pos"": 122.8, ""error"": 129.2931135999995}, {""pair"": [0, 5, 1, 4], ""acc"": 1.3, ""vel"": 44.62, ""pos"": 122.8, ""error"": 127.99263359999948}, {""pair"": [0, 5, 1, 4], ""acc"": 1.3, ""vel"": 44.62, ""pos"": 122.8, ""error"": 127.99263359999948}, {""pair"": [0, 5, 1, 4], ""acc"": 1.3, ""vel"": 44.62, ""pos"": 122.8, ""error"": 127.99263359999948}, {""pair"": [0, 5, 1, 4], ""acc"": 1.3, ""vel"": 44.62, ""pos"": 122.8, ""error"": 126.69215359999946}, {""pair"": [0, 5, 1, 4], ""acc"": 1.3, ""vel"": 44.62, ""pos"": 122.8, ""error"": 131.89407359999956}, {""pair"": [0, 5, 1, 4], ""acc"": 1.3, ""vel"": 44.62, ""pos"": 122.8, ""error"": 124.0911935999994}, {""pair"": [0, 5, 1, 4], ""acc"": 1.3, ""vel"": 44.62, ""pos"": 122.8, ""error"": 103.69311359999949}, {""pair"": [0, 5, 1, 4], ""acc"": 1.3, ""vel"": 44.62, ""pos"": 122.8, ""error"": 142.0931135999995}, {""pair"": [0, 5, 1, 4], ""acc"": 1.3, ""vel"": 44.62, ""pos"": 122.8, ""error"": 106.29407359999954}], [{""pair"": [1, 5, 0, 4], ""acc"": 1.3, ""vel"": 24.14, ""pos"": 225.2, ""error"": 204.81471359999955}, {""pair"": [1, 5, 0, 4], ""acc"": 1.3, ""vel"": 24.14, ""pos"": 225.2, ""error"": 204.81471359999955}, {""pair"": [1, 5, 0, 4], ""acc"": 1.3, ""vel"": 24.14, ""pos"": 225.2, ""error"": 204.81471359999955}, {""pair"": [1, 5, 0, 4], ""acc"": 1.3, ""vel"": 24.14, ""pos"": 225.2, ""error"": 206.07423359999953}, {""pair"": [1, 5, 0, 4], ""acc"": 1.3, ""vel"": 24.14, ""pos"": 225.2, ""error"": 206.07423359999953}, {""pair"": [1, 5, 0, 4], ""acc"": 1.3, ""vel"": 24.14, ""pos"": 225.2, ""error"": 211.21471359999956}, {""pair"": [1, 5, 0, 4], ""acc"": 1.3, ""vel"": 24.14, ""pos"": 225.2, ""error"": 211.21471359999956}, {""pair"": [1, 5, 0, 4], ""acc"": 1.3, ""vel"": 24.14, ""pos"": 225.2, ""error"": 212.4742335999995}, {""pair"": [1, 5, 0, 4], ""acc"": 1.3, ""vel"": 24.14, ""pos"": 225.2, ""error"": 212.4742335999995}, {""pair"": [1, 5, 0, 4], ""acc"": 1.3, ""vel"": 24.14, ""pos"": 225.2, ""error"": 212.4742335999995}, {""pair"": [1, 5, 0, 4], ""acc"": 1.3, ""vel"": 24.14, ""pos"": 225.2, ""error"": 213.7337535999995}, {""pair"": [1, 5, 0, 4], ""acc"": 1.3, ""vel"": 24.14, ""pos"": 225.2, ""error"": 213.81407359999955}, {""pair"": [1, 5, 0, 4], ""acc"": 1.3, ""vel"": 24.14, ""pos"": 225.2, ""error"": 216.25279359999945}, {""pair"": [1, 5, 0, 4], ""acc"": 1.3, ""vel"": 24.14, ""pos"": 225.2, ""error"": 185.61471359999953}, {""pair"": [1, 5, 0, 4], ""acc"": 1.3, ""vel"": 24.14, ""pos"": 225.2, ""error"": 224.01471359999954}, {""pair"": [1, 5, 0, 4], ""acc"": 1.3, ""vel"": 24.14, ""pos"": 225.2, ""error"": 188.21407359999955}], [{""pair"": [1, 5, 1, 4], ""acc"": 1.3, ""vel"": 3.66, ""pos"": 327.6, ""error"": 327.6947135999996}, {""pair"": [1, 5, 1, 4], ""acc"": 1.3, ""vel"": 3.66, ""pos"": 327.6, ""error"": 327.6947135999996}, {""pair"": [1, 5, 1, 4], ""acc"": 1.3, ""vel"": 3.66, ""pos"": 327.6, ""error"": 327.6947135999996}, {""pair"": [1, 5, 1, 4], ""acc"": 1.3, ""vel"": 3.66, ""pos"": 327.6, ""error"": 328.95423359999955}, {""pair"": [1, 5, 1, 4], ""acc"": 1.3, ""vel"": 3.66, ""pos"": 327.6, ""error"": 328.95423359999955}, {""pair"": [1, 5, 1, 4], ""acc"": 1.3, ""vel"": 3.66, ""pos"": 327.6, ""error"": 334.0947135999996}, {""pair"": [1, 5, 1, 4], ""acc"": 1.3, ""vel"": 3.66, ""pos"": 327.6, ""error"": 334.0947135999996}, {""pair"": [1, 5, 1, 4], ""acc"": 1.3, ""vel"": 3.66, ""pos"": 327.6, ""error"": 335.35423359999953}, {""pair"": [1, 5, 1, 4], ""acc"": 1.3, ""vel"": 3.66, ""pos"": 327.6, ""error"": 335.35423359999953}, {""pair"": [1, 5, 1, 4], ""acc"": 1.3, ""vel"": 3.66, ""pos"": 327.6, ""error"": 335.35423359999953}, {""pair"": [1, 5, 1, 4], ""acc"": 1.3, ""vel"": 3.66, ""pos"": 327.6, ""error"": 336.61375359999954}, {""pair"": [1, 5, 1, 4], ""acc"": 1.3, ""vel"": 3.66, ""pos"": 327.6, ""error"": 331.5756735999996}, {""pair"": [1, 5, 1, 4], ""acc"": 1.3, ""vel"": 3.66, ""pos"": 327.6, ""error"": 339.1327935999995}, {""pair"": [1, 5, 1, 4], ""acc"": 1.3, ""vel"": 3.66, ""pos"": 327.6, ""error"": 308.4947135999996}, {""pair"": [1, 5, 1, 4], ""acc"": 1.3, ""vel"": 3.66, ""pos"": 327.6, ""error"": 346.8947135999996}, {""pair"": [1, 5, 1, 4], ""acc"": 1.3, ""vel"": 3.66, ""pos"": 327.6, ""error"": 305.97567359999965}], [{""pair"": [3, 4, 0, 6], ""acc"": 1.3, ""vel"": 85.58, ""pos"": 20.4, ""error"": 61.4531135999995}, {""pair"": [3, 4, 0, 6], ""acc"": 1.3, ""vel"": 85.58, ""pos"": 20.4, ""error"": 61.4531135999995}, {""pair"": [3, 4, 0, 6], ""acc"": 1.3, ""vel"": 85.58, ""pos"": 20.4, ""error"": 61.4531135999995}, {""pair"": [3, 4, 0, 6], ""acc"": 1.3, ""vel"": 85.58, ""pos"": 20.4, ""error"": 60.165766400000464}, {""pair"": [3, 4, 0, 6], ""acc"": 1.3, ""vel"": 85.58, ""pos"": 20.4, ""error"": 60.165766400000464}, {""pair"": [3, 4, 0, 6], ""acc"": 1.3, ""vel"": 85.58, ""pos"": 20.4, ""error"": 67.8531135999995}, {""pair"": [3, 4, 0, 6], ""acc"": 1.3, ""vel"": 85.58, ""pos"": 20.4, ""error"": 67.8531135999995}, {""pair"": [3, 4, 0, 6], ""acc"": 1.3, ""vel"": 85.58, ""pos"": 20.4, ""error"": 66.55263359999947}, {""pair"": [3, 4, 0, 6], ""acc"": 1.3, ""vel"": 85.58, ""pos"": 20.4, ""error"": 66.55263359999947}, {""pair"": [3, 4, 0, 6], ""acc"": 1.3, ""vel"": 85.58, ""pos"": 20.4, ""error"": 66.55263359999947}, {""pair"": [3, 4, 0, 6], ""acc"": 1.3, ""vel"": 85.58, ""pos"": 20.4, ""error"": 65.25215359999945}, {""pair"": [3, 4, 0, 6], ""acc"": 1.3, ""vel"": 85.58, ""pos"": 20.4, ""error"": 70.45407359999955}, {""pair"": [3, 4, 0, 6], ""acc"": 1.3, ""vel"": 85.58, ""pos"": 20.4, ""error"": 62.6511935999994}, {""pair"": [3, 4, 0, 6], ""acc"": 1.3, ""vel"": 85.58, ""pos"": 20.4, ""error"": 80.62528640000045}, {""pair"": [3, 4, 0, 6], ""acc"": 1.3, ""vel"": 85.58, ""pos"": 20.4, ""error"": 80.6531135999995}, {""pair"": [3, 4, 0, 6], ""acc"": 1.3, ""vel"": 85.58, ""pos"": 20.4, ""error"": 83.1443264000004}], [{""pair"": [3, 4, 1, 6], ""acc"": 1.3, ""vel"": 3.66, ""pos"": 430.0, ""error"": 430.0947135999996}, {""pair"": [3, 4, 1, 6], ""acc"": 1.3, ""vel"": 3.66, ""pos"": 430.0, ""error"": 430.0947135999996}, {""pair"": [3, 4, 1, 6], ""acc"": 1.3, ""vel"": 3.66, ""pos"": 430.0, ""error"": 430.0947135999996}, {""pair"": [3, 4, 1, 6], ""acc"": 1.3, ""vel"": 3.66, ""pos"": 430.0, ""error"": 431.35423359999953}, {""pair"": [3, 4, 1, 6], ""acc"": 1.3, ""vel"": 3.66, ""pos"": 430.0, ""error"": 431.35423359999953}, {""pair"": [3, 4, 1, 6], ""acc"": 1.3, ""vel"": 3.66, ""pos"": 430.0, ""error"": 436.49471359999956}, {""pair"": [3, 4, 1, 6], ""acc"": 1.3, ""vel"": 3.66, ""pos"": 430.0, ""error"": 436.49471359999956}, {""pair"": [3, 4, 1, 6], ""acc"": 1.3, ""vel"": 3.66, ""pos"": 430.0, ""error"": 437.7542335999995}, {""pair"": [3, 4, 1, 6], ""acc"": 1.3, ""vel"": 3.66, ""pos"": 430.0, ""error"": 437.7542335999995}, {""pair"": [3, 4, 1, 6], ""acc"": 1.3, ""vel"": 3.66, ""pos"": 430.0, ""error"": 437.7542335999995}, {""pair"": [3, 4, 1, 6], ""acc"": 1.3, ""vel"": 3.66, ""pos"": 430.0, ""error"": 439.0137535999995}, {""pair"": [3, 4, 1, 6], ""acc"": 1.3, ""vel"": 3.66, ""pos"": 430.0, ""error"": 433.9756735999996}, {""pair"": [3, 4, 1, 6], ""acc"": 1.3, ""vel"": 3.66, ""pos"": 430.0, ""error"": 441.5327935999995}, {""pair"": [3, 4, 1, 6], ""acc"": 1.3, ""vel"": 3.66, ""pos"": 430.0, ""error"": 410.8947135999996}, {""pair"": [3, 4, 1, 6], ""acc"": 1.3, ""vel"": 3.66, ""pos"": 430.0, ""error"": 449.29471359999957}, {""pair"": [3, 4, 1, 6], ""acc"": 1.3, ""vel"": 3.66, ""pos"": 430.0, ""error"": 408.37567359999963}], [{""pair"": [3, 4, 2, 6], ""acc"": 1.3, ""vel"": 3.66, ""pos"": 20.4, ""error"": 20.494713599999553}, {""pair"": [3, 4, 2, 6], ""acc"": 1.3, ""vel"": 3.66, ""pos"": 20.4, ""error"": 20.494713599999553}, {""pair"": [3, 4, 2, 6], ""acc"": 1.3, ""vel"": 3.66, ""pos"": 20.4, ""error"": 20.494713599999553}, {""pair"": [3, 4, 2, 6], ""acc"": 1.3, ""vel"": 3.66, ""pos"": 20.4, ""error"": 21.767366400000522}, {""pair"": [3, 4, 2, 6], ""acc"": 1.3, ""vel"": 3.66, ""pos"": 20.4, ""error"": 21.767366400000522}, {""pair"": [3, 4, 2, 6], ""acc"": 1.3, ""vel"": 3.66, ""pos"": 20.4, ""error"": 26.894713599999555}, {""pair"": [3, 4, 2, 6], ""acc"": 1.3, ""vel"": 3.66, ""pos"": 20.4, ""error"": 26.894713599999555}, {""pair"": [3, 4, 2, 6], ""acc"": 1.3, ""vel"": 3.66, ""pos"": 20.4, ""error"": 28.154233599999525}, {""pair"": [3, 4, 2, 6], ""acc"": 1.3, ""vel"": 3.66, ""pos"": 20.4, ""error"": 28.154233599999525}, {""pair"": [3, 4, 2, 6], ""acc"": 1.3, ""vel"": 3.66, ""pos"": 20.4, ""error"": 28.154233599999525}, {""pair"": [3, 4, 2, 6], ""acc"": 1.3, ""vel"": 3.66, ""pos"": 20.4, ""error"": 29.413753599999502}, {""pair"": [3, 4, 2, 6], ""acc"": 1.3, ""vel"": 3.66, ""pos"": 20.4, ""error"": 24.3756735999996}, {""pair"": [3, 4, 2, 6], ""acc"": 1.3, ""vel"": 3.66, ""pos"": 20.4, ""error"": 31.93279359999945}, {""pair"": [3, 4, 2, 6], ""acc"": 1.3, ""vel"": 3.66, ""pos"": 20.4, ""error"": 39.66688640000051}, {""pair"": [3, 4, 2, 6], ""acc"": 1.3, ""vel"": 3.66, ""pos"": 20.4, ""error"": 39.69471359999955}, {""pair"": [3, 4, 2, 6], ""acc"": 1.3, ""vel"": 3.66, ""pos"": 20.4, ""error"": 37.06592640000045}], [{""pair"": [2, 4, 0, 6], ""acc"": 1.3, ""vel"": 85.58, ""pos"": 20.4, ""error"": 61.4531135999995}, {""pair"": [2, 4, 0, 6], ""acc"": 1.3, ""vel"": 85.58, ""pos"": 20.4, ""error"": 61.4531135999995}, {""pair"": [2, 4, 0, 6], ""acc"": 1.3, ""vel"": 85.58, ""pos"": 20.4, ""error"": 61.4531135999995}, {""pair"": [2, 4, 0, 6], ""acc"": 1.3, ""vel"": 85.58, ""pos"": 20.4, ""error"": 60.165766400000464}, {""pair"": [2, 4, 0, 6], ""acc"": 1.3, ""vel"": 85.58, ""pos"": 20.4, ""error"": 60.165766400000464}, {""pair"": [2, 4, 0, 6], ""acc"": 1.3, ""vel"": 85.58, ""pos"": 20.4, ""error"": 67.8531135999995}, {""pair"": [2, 4, 0, 6], ""acc"": 1.3, ""vel"": 85.58, ""pos"": 20.4, ""error"": 67.8531135999995}, {""pair"": [2, 4, 0, 6], ""acc"": 1.3, ""vel"": 85.58, ""pos"": 20.4, ""error"": 66.55263359999947}, {""pair"": [2, 4, 0, 6], ""acc"": 1.3, ""vel"": 85.58, ""pos"": 20.4, ""error"": 66.55263359999947}, {""pair"": [2, 4, 0, 6], ""acc"": 1.3, ""vel"": 85.58, ""pos"": 20.4, ""error"": 66.55263359999947}, {""pair"": [2, 4, 0, 6], ""acc"": 1.3, ""vel"": 85.58, ""pos"": 20.4, ""error"": 65.25215359999945}, {""pair"": [2, 4, 0, 6], ""acc"": 1.3, ""vel"": 85.58, ""pos"": 20.4, ""error"": 70.45407359999955}, {""pair"": [2, 4, 0, 6], ""acc"": 1.3, ""vel"": 85.58, ""pos"": 20.4, ""error"": 62.6511935999994}, {""pair"": [2, 4, 0, 6], ""acc"": 1.3, ""vel"": 85.58, ""pos"": 20.4, ""error"": 80.62528640000045}, {""pair"": [2, 4, 0, 6], ""acc"": 1.3, ""vel"": 85.58, ""pos"": 20.4, ""error"": 80.6531135999995}, {""pair"": [2, 4, 0, 6], ""acc"": 1.3, ""vel"": 85.58, ""pos"": 20.4, ""error"": 83.1443264000004}], [{""pair"": [2, 4, 1, 6], ""acc"": 1.3, ""vel"": 3.66, ""pos"": 430.0, ""error"": 430.0947135999996}, {""pair"": [2, 4, 1, 6], ""acc"": 1.3, ""vel"": 3.66, ""pos"": 430.0, ""error"": 430.0947135999996}, {""pair"": [2, 4, 1, 6], ""acc"": 1.3, ""vel"": 3.66, ""pos"": 430.0, ""error"": 430.0947135999996}, {""pair"": [2, 4, 1, 6], ""acc"": 1.3, ""vel"": 3.66, ""pos"": 430.0, ""error"": 431.35423359999953}, {""pair"": [2, 4, 1, 6], ""acc"": 1.3, ""vel"": 3.66, ""pos"": 430.0, ""error"": 431.35423359999953}, {""pair"": [2, 4, 1, 6], ""acc"": 1.3, ""vel"": 3.66, ""pos"": 430.0, ""error"": 436.49471359999956}, {""pair"": [2, 4, 1, 6], ""acc"": 1.3, ""vel"": 3.66, ""pos"": 430.0, ""error"": 436.49471359999956}, {""pair"": [2, 4, 1, 6], ""acc"": 1.3, ""vel"": 3.66, ""pos"": 430.0, ""error"": 437.7542335999995}, {""pair"": [2, 4, 1, 6], ""acc"": 1.3, ""vel"": 3.66, ""pos"": 430.0, ""error"": 437.7542335999995}, {""pair"": [2, 4, 1, 6], ""acc"": 1.3, ""vel"": 3.66, ""pos"": 430.0, ""error"": 437.7542335999995}, {""pair"": [2, 4, 1, 6], ""acc"": 1.3, ""vel"": 3.66, ""pos"": 430.0, ""error"": 439.0137535999995}, {""pair"": [2, 4, 1, 6], ""acc"": 1.3, ""vel"": 3.66, ""pos"": 430.0, ""error"": 433.9756735999996}, {""pair"": [2, 4, 1, 6], ""acc"": 1.3, ""vel"": 3.66, ""pos"": 430.0, ""error"": 441.5327935999995}, {""pair"": [2, 4, 1, 6], ""acc"": 1.3, ""vel"": 3.66, ""pos"": 430.0, ""error"": 410.8947135999996}, {""pair"": [2, 4, 1, 6], ""acc"": 1.3, ""vel"": 3.66, ""pos"": 430.0, ""error"": 449.29471359999957}, {""pair"": [2, 4, 1, 6], ""acc"": 1.3, ""vel"": 3.66, ""pos"": 430.0, ""error"": 408.37567359999963}], [{""pair"": [2, 4, 2, 6], ""acc"": 1.3, ""vel"": 3.66, ""pos"": 20.4, ""error"": 20.494713599999553}, {""pair"": [2, 4, 2, 6], ""acc"": 1.3, ""vel"": 3.66, ""pos"": 20.4, ""error"": 20.494713599999553}, {""pair"": [2, 4, 2, 6], ""acc"": 1.3, ""vel"": 3.66, ""pos"": 20.4, ""error"": 20.494713599999553}, {""pair"": [2, 4, 2, 6], ""acc"": 1.3, ""vel"": 3.66, ""pos"": 20.4, ""error"": 21.767366400000522}, {""pair"": [2, 4, 2, 6], ""acc"": 1.3, ""vel"": 3.66, ""pos"": 20.4, ""error"": 21.767366400000522}, {""pair"": [2, 4, 2, 6], ""acc"": 1.3, ""vel"": 3.66, ""pos"": 20.4, ""error"": 26.894713599999555}, {""pair"": [2, 4, 2, 6], ""acc"": 1.3, ""vel"": 3.66, ""pos"": 20.4, ""error"": 26.894713599999555}, {""pair"": [2, 4, 2, 6], ""acc"": 1.3, ""vel"": 3.66, ""pos"": 20.4, ""error"": 28.154233599999525}, {""pair"": [2, 4, 2, 6], ""acc"": 1.3, ""vel"": 3.66, ""pos"": 20.4, ""error"": 28.154233599999525}, {""pair"": [2, 4, 2, 6], ""acc"": 1.3, ""vel"": 3.66, ""pos"": 20.4, ""error"": 28.154233599999525}, {""pair"": [2, 4, 2, 6], ""acc"": 1.3, ""vel"": 3.66, ""pos"": 20.4, ""error"": 29.413753599999502}, {""pair"": [2, 4, 2, 6], ""acc"": 1.3, ""vel"": 3.66, ""pos"": 20.4, ""error"": 24.3756735999996}, {""pair"": [2, 4, 2, 6], ""acc"": 1.3, ""vel"": 3.66, ""pos"": 20.4, ""error"": 31.93279359999945}, {""pair"": [2, 4, 2, 6], ""acc"": 1.3, ""vel"": 3.66, ""pos"": 20.4, ""error"": 39.66688640000051}, {""pair"": [2, 4, 2, 6], ""acc"": 1.3, ""vel"": 3.66, ""pos"": 20.4, ""error"": 39.69471359999955}, {""pair"": [2, 4, 2, 6], ""acc"": 1.3, ""vel"": 3.66, ""pos"": 20.4, ""error"": 37.06592640000045}]]","[[[3, 5, 0, 4], [1.3, 24.14, 20.4], 0.014713599999552684], [[3, 5, 1, 4], [1.3, 3.66, 122.8], 101.1756735999996], [[0, 5, 0, 4], [1.3, 65.1, 20.4], 39.68576640000046], [[0, 5, 1, 4], [1.3, 44.62, 122.8], 103.69311359999949], [[1, 5, 0, 4], [1.3, 24.14, 225.2], 185.61471359999953], [[1, 5, 1, 4], [1.3, 3.66, 327.6], 305.97567359999965], [[3, 4, 0, 6], [1.3, 85.58, 20.4], 60.165766400000464], [[3, 4, 1, 6], [1.3, 3.66, 430.0], 408.37567359999963], [[3, 4, 2, 6], [1.3, 3.66, 20.4], 20.494713599999553], [[2, 4, 0, 6], [1.3, 85.58, 20.4], 60.165766400000464], [[2, 4, 1, 6], [1.3, 3.66, 430.0], 408.37567359999963], [[2, 4, 2, 6], [1.3, 3.66, 20.4], 20.494713599999553]]"
1.3,24.17,20.8,1.3,24.17,46.4,1.3,24.17,20.8,"[{""pair"": [3, 6, 1, 2], ""acc"": 1.3, ""vel"": 24.17, ""pos"": 20.8, ""error"": 0.018467849999904473}, {""pair"": [1, 2, 2, 6], ""acc"": 1.3, ""vel"": 24.17, ""pos"": 20.8, ""error"": 0.018467849999904473}, {""pair"": [1, 2, 1, 6], ""acc"": 1.3, ""vel"": 24.17, ""pos"": 430.4, ""error"": 20.82549215000004}, {""pair"": [1, 2, 0, 6], ""acc"": 1.3, ""vel"": 106.09, ""pos"": 20.8, ""error"": 21.542947849999656}]","[[3, 6, 1, 2], [1, 2, 2, 6], [1, 2, 1, 6], [1, 2, 0, 6]]","[[{""pair"": [3, 6, 1, 2], ""acc"": 1.3, ""vel"": 24.17, ""pos"": 20.8, ""error"": 0.018467849999904473}, {""pair"": [3, 6, 1, 2], ""acc"": 1.3, ""vel"": 24.17, ""pos"": 20.8, ""error"": 20.825492150000024}, {""pair"": [3, 6, 1, 2], ""acc"": 1.3, ""vel"": 24.17, ""pos"": 20.8, ""error"": 20.825492150000024}, {""pair"": [3, 6, 1, 2], ""acc"": 1.3, ""vel"": 24.17, ""pos"": 20.8, ""error"": 41.65898784999972}, {""pair"": [3, 6, 1, 2], ""acc"": 1.3, ""vel"": 24.17, ""pos"": 20.8, ""error"": 62.48714784999964}, {""pair"": [3, 6, 1, 2], ""acc"": 1.3, ""vel"": 24.17, ""pos"": 20.8, ""error"": 62.48714784999964}, {""pair"": [3, 6, 1, 2], ""acc"": 1.3, ""vel"": 24.17, ""pos"": 20.8, ""error"": 122.55030785}, {""pair"": [3, 6, 1, 2], ""acc"": 1.3, ""vel"": 24.17, ""pos"": 20.8, ""error"": 123.2308278499998}, {""pair"": [3, 6, 1, 2], ""acc"": 1.3, ""vel"": 24.17, ""pos"": 20.8, ""error"": 204.81846784999988}, {""pair"": [3, 6, 1, 2], ""acc"": 1.3, ""vel"": 24.17, ""pos"": 20.8, ""error"": 327.35030785}, {""pair"": [3, 6, 1, 2], ""acc"": 1.3, ""vel"": 24.17, ""pos"": 20.8, ""error"": 429.75030784999996}, {""pair"": [3, 6, 1, 2], ""acc"": 1.3, ""vel"": 24.17, ""pos"": 20.8, ""error"": 429.75030784999996}], [{""pair"": [1, 2, 0, 6], ""acc"": 1.3, ""vel"": 106.09, ""pos"": 20.8, ""error"": 81.93846784999991}, {""pair"": [1, 2, 0, 6], ""acc"": 1.3, ""vel"": 106.09, ""pos"": 20.8, ""error"": 102.74549215000003}, {""pair"": [1, 2, 0, 6], ""acc"": 1.3, ""vel"": 106.09, ""pos"": 20.8, ""error"": 102.74549215000003}, {""pair"": [1, 2, 0, 6], ""acc"": 1.3, ""vel"": 106.09, ""pos"": 20.8, ""error"": 41.674787849999746}, {""pair"": [1, 2, 0, 6], ""acc"": 1.3, ""vel"": 106.09, ""pos"": 20.8, ""error"": 21.542947849999656}, {""pair"": [1, 2, 0, 6], ""acc"": 1.3, ""vel"": 106.09, ""pos"": 20.8, ""error"": 21.542947849999656}, {""pair"": [1, 2, 0, 6], ""acc"": 1.3, ""vel"": 106.09, ""pos"": 20.8, ""error"": 204.47030784999998}, {""pair"": [1, 2, 0, 6], ""acc"": 1.3, ""vel"": 106.09, ""pos"": 20.8, ""error"": 164.20662784999982}, {""pair"": [1, 2, 0, 6], ""acc"": 1.3, ""vel"": 106.09, ""pos"": 20.8, ""error"": 286.7384678499999}, {""pair"": [1, 2, 0, 6], ""acc"": 1.3, ""vel"": 106.09, ""pos"": 20.8, ""error"": 409.27030785}, {""pair"": [1, 2, 0, 6], ""acc"": 1.3, ""vel"": 106.09, ""pos"": 20.8, ""error"": 511.67030785}, {""pair"": [1, 2, 0, 6], ""acc"": 1.3, ""vel"": 106.09, ""pos"": 20.8, ""error"": 511.67030785}], [{""pair"": [1, 2, 1, 6], ""acc"": 1.3, ""vel"": 24.17, ""pos"": 430.4, ""error"": 409.5973321500001}, {""pair"": [1, 2, 1, 6], ""acc"": 1.3, ""vel"": 24.17, ""pos"": 430.4, ""error"": 430.42549215}, {""pair"": [1, 2, 1, 6], ""acc"": 1.3, ""vel"": 24.17, ""pos"": 430.4, ""error"": 430.42549215}, {""pair"": [1, 2, 1, 6], ""acc"": 1.3, ""vel"": 24.17, ""pos"": 430.4, ""error"": 449.84521215000024}, {""pair"": [1, 2, 1, 6], ""acc"": 1.3, ""vel"": 24.17, ""pos"": 430.4, ""error"": 469.9770521500003}, {""pair"": [1, 2, 1, 6], ""acc"": 1.3, ""vel"": 24.17, ""pos"": 430.4, ""error"": 469.9770521500003}, {""pair"": [1, 2, 1, 6], ""acc"": 1.3, ""vel"": 24.17, ""pos"": 430.4, ""error"": 328.02549215000005}, {""pair"": [1, 2, 1, 6], ""acc"": 1.3, ""vel"": 24.17, ""pos"": 430.4, ""error"": 327.3133721500002}, {""pair"": [1, 2, 1, 6], ""acc"": 1.3, ""vel"": 24.17, ""pos"": 430.4, ""error"": 204.7973321500001}, {""pair"": [1, 2, 1, 6], ""acc"": 1.3, ""vel"": 24.17, ""pos"": 430.4, ""error"": 123.22549215000002}, {""pair"": [1, 2, 1, 6], ""acc"": 1.3, ""vel"": 24.17, ""pos"": 430.4, ""error"": 20.82549215000004}, {""pair"": [1, 2, 1, 6], ""acc"": 1.3, ""vel"": 24.17, ""pos"": 430.4, ""error"": 20.82549215000004}], [{""pair"": [1, 2, 2, 6], ""acc"": 1.3, ""vel"": 24.17, ""pos"": 20.8, ""error"": 0.018467849999904473}, {""pair"": [1, 2, 2, 6], ""acc"": 1.3, ""vel"": 24.17, ""pos"": 20.8, ""error"": 20.825492150000024}, {""pair"": [1, 2, 2, 6], ""acc"": 1.3, ""vel"": 24.17, ""pos"": 20.8, ""error"": 20.825492150000024}, {""pair"": [1, 2, 2, 6], ""acc"": 1.3, ""vel"": 24.17, ""pos"": 20.8, ""error"": 41.65898784999972}, {""pair"": [1, 2, 2, 6], ""acc"": 1.3, ""vel"": 24.17, ""pos"": 20.8, ""error"": 62.48714784999964}, {""pair"": [1, 2, 2, 6], ""acc"": 1.3, ""vel"": 24.17, ""pos"": 20.8, ""error"": 62.48714784999964}, {""pair"": [1, 2, 2, 6], ""acc"": 1.3, ""vel"": 24.17, ""pos"": 20.8, ""error"": 122.55030785}, {""pair"": [1, 2, 2, 6], ""acc"": 1.3, ""vel"": 24.17, ""pos"": 20.8, ""error"": 123.2308278499998}, {""pair"": [1, 2, 2, 6], ""acc"": 1.3, ""vel"": 24.17, ""pos"": 20.8, ""error"": 204.81846784999988}, {""pair"": [1, 2, 2, 6], ""acc"": 1.3, ""vel"": 24.17, ""pos"": 20.8, ""error"": 327.35030785}, {""pair"": [1, 2, 2, 6], ""acc"": 1.3, ""vel"": 24.17, ""pos"": 20.8, ""error"": 429.75030784999996}, {""pair"": [1, 2, 2, 6], ""acc"": 1.3, ""vel"": 24.17, ""pos"": 20.8, ""error"": 429.75030784999996}]]","[[[3, 6, 1, 2], [1.3, 24.17, 20.8], 0.018467849999904473], [[1, 2, 0, 6], [1.3, 106.09, 20.8], 21.542947849999656], [[1, 2, 1, 6], [1.3, 24.17, 430.4], 20.82549215000004], [[1, 2, 2, 6], [1.3, 24.17, 20.8], 0.018467849999904473]]"
1.3,24.19,21.200000000000003,1.3,24.19,14.8,1.3,24.19,21.2,"[{""pair"": [3, 12, 1, 0], ""acc"": 1.3, ""vel"": 24.19, ""pos"": 21.2, ""error"": 0.013177849999898683}, {""pair"": [1, 0, 2, 12], ""acc"": 1.3, ""vel"": 24.19, ""pos"": 20.8, ""error"": 0.41317784999989726}, {""pair"": [3, 12, 2, 0], ""acc"": 1.3, ""vel"": 24.19, ""pos"": 14.8, ""error"": 6.413177849999897}, {""pair"": [2, 0, 2, 12], ""acc"": 1.3, ""vel"": 24.19, ""pos"": 14.4, ""error"": 6.813177849999898}, {""pair"": [3, 12, 0, 0], ""acc"": 1.3, ""vel"": 25.47, ""pos"": 14.8, ""error"": 7.688977849999905}, {""pair"": [0, 0, 2, 12], ""acc"": 1.3, ""vel"": 25.47, ""pos"": 14.4, ""error"": 8.088977849999905}]","[[3, 12, 1, 0], [1, 0, 2, 12], [3, 12, 2, 0], [2, 0, 2, 12], [3, 12, 0, 0], [0, 0, 2, 12]]","[[{""pair"": [3, 12, 0, 0], ""acc"": 1.3, ""vel"": 25.47, ""pos"": 14.8, ""error"": 7.688977849999905}, {""pair"": [3, 12, 0, 0], ""acc"": 1.3, ""vel"": 25.47, ""pos"": 14.8, ""error"": 7.688977849999905}, {""pair"": [3, 12, 0, 0], ""acc"": 1.3, ""vel"": 25.47, ""pos"": 14.8, ""error"": 417.2889778499998}, {""pair"": [3, 12, 0, 0], ""acc"": 1.3, ""vel"": 25.47, ""pos"": 14.8, ""error"": 88.44581784999957}], [{""pair"": [3, 12, 1, 0], ""acc"": 1.3, ""vel"": 24.19, ""pos"": 21.2, ""error"": 0.013177849999898683}, {""pair"": [3, 12, 1, 0], ""acc"": 1.3, ""vel"": 24.19, ""pos"": 21.2, ""error"": 0.013177849999898683}, {""pair"": [3, 12, 1, 0], ""acc"": 1.3, ""vel"": 24.19, ""pos"": 21.2, ""error"": 409.61317784999983}, {""pair"": [3, 12, 1, 0], ""acc"": 1.3, ""vel"": 24.19, ""pos"": 21.2, ""error"": 83.32581784999957}], [{""pair"": [3, 12, 2, 0], ""acc"": 1.3, ""vel"": 24.19, ""pos"": 14.8, ""error"": 6.413177849999897}, {""pair"": [3, 12, 2, 0], ""acc"": 1.3, ""vel"": 24.19, ""pos"": 14.8, ""error"": 6.413177849999897}, {""pair"": [3, 12, 2, 0], ""acc"": 1.3, ""vel"": 24.19, ""pos"": 14.8, ""error"": 416.0131778499998}, {""pair"": [3, 12, 2, 0], ""acc"": 1.3, ""vel"": 24.19, ""pos"": 14.8, ""error"": 89.72581784999957}], [{""pair"": [0, 0, 2, 12], ""acc"": 1.3, ""vel"": 25.47, ""pos"": 14.4, ""error"": 8.088977849999905}, {""pair"": [0, 0, 2, 12], ""acc"": 1.3, ""vel"": 25.47, ""pos"": 14.4, ""error"": 8.088977849999905}, {""pair"": [0, 0, 2, 12], ""acc"": 1.3, ""vel"": 25.47, ""pos"": 14.4, ""error"": 417.68897784999984}, {""pair"": [0, 0, 2, 12], ""acc"": 1.3, ""vel"": 25.47, ""pos"": 14.4, ""error"": 88.84581784999956}], [{""pair"": [1, 0, 2, 12], ""acc"": 1.3, ""vel"": 24.19, ""pos"": 20.8, ""error"": 0.41317784999989726}, {""pair"": [1, 0, 2, 12], ""acc"": 1.3, ""vel"": 24.19, ""pos"": 20.8, ""error"": 0.41317784999989726}, {""pair"": [1, 0, 2, 12], ""acc"": 1.3, ""vel"": 24.19, ""pos"": 20.8, ""error"": 410.0131778499998}, {""pair"": [1, 0, 2, 12], ""acc"": 1.3, ""vel"": 24.19, ""pos"": 20.8, ""error"": 83.72581784999957}], [{""pair"": [2, 0, 2, 12], ""acc"": 1.3, ""vel"": 24.19, ""pos"": 14.4, ""error"": 6.813177849999898}, {""pair"": [2, 0, 2, 12], ""acc"": 1.3, ""vel"": 24.19, ""pos"": 14.4, ""error"": 6.813177849999898}, {""pair"": [2, 0, 2, 12], ""acc"": 1.3, ""vel"": 24.19, ""pos"": 14.4, ""error"": 416.41317784999984}, {""pair"": [2, 0, 2, 12], ""acc"": 1.3, ""vel"": 24.19, ""pos"": 14.4, ""error"": 90.12581784999956}]]","[[[3, 12, 0, 0], [1.3, 25.47, 14.8], 7.688977849999905], [[3, 12, 1, 0], [1.3, 24.19, 21.2], 0.013177849999898683], [[3, 12, 2, 0], [1.3, 24.19, 14.8], 6.413177849999897], [[0, 0, 2, 12], [1.3, 25.47, 14.4], 8.088977849999905], [[1, 0, 2, 12], [1.3, 24.19, 20.8], 0.41317784999989726], [[2, 0, 2, 12], [1.3, 24.19, 14.4], 6.813177849999898]]"
1.3,24.21,21.6,1.3,29.33,8.8,1.3,24.21,21.6,"[{""pair"": [1, 1, 0, 2], ""acc"": 1.3, ""vel"": 24.21, ""pos"": 21.6, ""error"": 0.013593599999556005}, {""pair"": [3, 2, 1, 1], ""acc"": 1.3, ""vel"": 29.33, ""pos"": 21.6, ""error"": 5.1319935999995}, {""pair"": [3, 1, 0, 2], ""acc"": 1.3, ""vel"": 24.21, ""pos"": 8.8, ""error"": 5.988006400000501}, {""pair"": [3, 0, 2, 0], ""acc"": 1.3, ""vel"": 29.33, ""pos"": 8.8, ""error"": 9.846886400000471}, {""pair"": [3, 0, 1, 0], ""acc"": 1.3, ""vel"": 29.33, ""pos"": 2.4, ""error"": 16.24688640000047}, {""pair"": [1, 0, 2, 0], ""acc"": 1.3, ""vel"": 29.33, ""pos"": 2.4, ""error"": 16.24688640000047}, {""pair"": [2, 0, 1, 0], ""acc"": 1.3, ""vel"": 29.33, ""pos"": 2.4, ""error"": 16.24688640000047}]","[[1, 1, 0, 2], [3, 2, 1, 1], [3, 1, 0, 2], [3, 0, 2, 0], [3, 0, 1, 0], [1, 0, 2, 0], [2, 0, 1, 0]]","[[{""pair"": [3, 1, 0, 2], ""acc"": 1.3, ""vel"": 24.21, ""pos"": 8.8, ""error"": 12.788006400000498}, {""pair"": [3, 1, 0, 2], ""acc"": 1.3, ""vel"": 24.21, ""pos"": 8.8, ""error"": 12.3880064000005}, {""pair"": [3, 1, 0, 2], ""acc"": 1.3, ""vel"": 24.21, ""pos"": 8.8, ""error"": 6.388006400000501}, {""pair"": [3, 1, 0, 2], ""acc"": 1.3, ""vel"": 24.21, ""pos"": 8.8, ""error"": 5.988006400000501}, {""pair"": [3, 1, 0, 2], ""acc"": 1.3, ""vel"": 24.21, ""pos"": 8.8, ""error"": 7.688486400000523}, {""pair"": [3, 1, 0, 2], ""acc"": 1.3, ""vel"": 24.21, ""pos"": 8.8, ""error"": 7.288486400000522}], [{""pair"": [3, 2, 1, 1], ""acc"": 1.3, ""vel"": 29.33, ""pos"": 21.6, ""error"": 5.1319935999995}, {""pair"": [3, 2, 1, 1], ""acc"": 1.3, ""vel"": 29.33, ""pos"": 21.6, ""error"": 5.531993599999499}, {""pair"": [3, 2, 1, 1], ""acc"": 1.3, ""vel"": 29.33, ""pos"": 21.6, ""error"": 11.531993599999497}, {""pair"": [3, 2, 1, 1], ""acc"": 1.3, ""vel"": 29.33, ""pos"": 21.6, ""error"": 11.931993599999497}, {""pair"": [3, 2, 1, 1], ""acc"": 1.3, ""vel"": 29.33, ""pos"": 21.6, ""error"": 10.231513599999476}, {""pair"": [3, 2, 1, 1], ""acc"": 1.3, ""vel"": 29.33, ""pos"": 21.6, ""error"": 10.631513599999476}], [{""pair"": [3, 0, 1, 0], ""acc"": 1.3, ""vel"": 29.33, ""pos"": 2.4, ""error"": 24.306406400000444}, {""pair"": [3, 0, 1, 0], ""acc"": 1.3, ""vel"": 29.33, ""pos"": 2.4, ""error"": 23.906406400000446}, {""pair"": [3, 0, 1, 0], ""acc"": 1.3, ""vel"": 29.33, ""pos"": 2.4, ""error"": 17.906406400000446}, {""pair"": [3, 0, 1, 0], ""acc"": 1.3, ""vel"": 29.33, ""pos"": 2.4, ""error"": 17.506406400000444}, {""pair"": [3, 0, 1, 0], ""acc"": 1.3, ""vel"": 29.33, ""pos"": 2.4, ""error"": 16.646886400000472}, {""pair"": [3, 0, 1, 0], ""acc"": 1.3, ""vel"": 29.33, ""pos"": 2.4, ""error"": 16.24688640000047}], [{""pair"": [3, 0, 2, 0], ""acc"": 1.3, ""vel"": 29.33, ""pos"": 8.8, ""error"": 17.906406400000442}, {""pair"": [3, 0, 2, 0], ""acc"": 1.3, ""vel"": 29.33, ""pos"": 8.8, ""error"": 17.506406400000444}, {""pair"": [3, 0, 2, 0], ""acc"": 1.3, ""vel"": 29.33, ""pos"": 8.8, ""error"": 11.506406400000445}, {""pair"": [3, 0, 2, 0], ""acc"": 1.3, ""vel"": 29.33, ""pos"": 8.8, ""error"": 11.106406400000445}, {""pair"": [3, 0, 2, 0], ""acc"": 1.3, ""vel"": 29.33, ""pos"": 8.8, ""error"": 10.246886400000472}, {""pair"": [3, 0, 2, 0], ""acc"": 1.3, ""vel"": 29.33, ""pos"": 8.8, ""error"": 9.846886400000471}], [{""pair"": [1, 0, 2, 0], ""acc"": 1.3, ""vel"": 29.33, ""pos"": 2.4, ""error"": 24.306406400000444}, {""pair"": [1, 0, 2, 0], ""acc"": 1.3, ""vel"": 29.33, ""pos"": 2.4, ""error"": 23.906406400000446}, {""pair"": [1, 0, 2, 0], ""acc"": 1.3, ""vel"": 29.33, ""pos"": 2.4, ""error"": 17.906406400000446}, {""pair"": [1, 0, 2, 0], ""acc"": 1.3, ""vel"": 29.33, ""pos"": 2.4, ""error"": 17.506406400000444}, {""pair"": [1, 0, 2, 0], ""acc"": 1.3, ""vel"": 29.33, ""pos"": 2.4, ""error"": 16.646886400000472}, {""pair"": [1, 0, 2, 0], ""acc"": 1.3, ""vel"": 29.33, ""pos"": 2.4, ""error"": 16.24688640000047}], [{""pair"": [2, 0, 1, 0], ""acc"": 1.3, ""vel"": 29.33, ""pos"": 2.4, ""error"": 24.306406400000444}, {""pair"": [2, 0, 1, 0], ""acc"": 1.3, ""vel"": 29.33, ""pos"": 2.4, ""error"": 23.906406400000446}, {""pair"": [2, 0, 1, 0], ""acc"": 1.3, ""vel"": 29.33, ""pos"": 2.4, ""error"": 17.906406400000446}, {""pair"": [2, 0, 1, 0], ""acc"": 1.3, ""vel"": 29.33, ""pos"": 2.4, ""error"": 17.506406400000444}, {""pair"": [2, 0, 1, 0], ""acc"": 1.3, ""vel"": 29.33, ""pos"": 2.4, ""error"": 16.646886400000472}, {""pair"": [2, 0, 1, 0], ""acc"": 1.3, ""vel"": 29.33, ""pos"": 2.4, ""error"": 16.24688640000047}], [{""pair"": [1, 1, 0, 2], ""acc"": 1.3, ""vel"": 24.21, ""pos"": 21.6, ""error"": 0.013593599999556005}, {""pair"": [1, 1, 0, 2], ""acc"": 1.3, ""vel"": 24.21, ""pos"": 21.6, ""error"": 0.4135935999995546}, {""pair"": [1, 1, 0, 2], ""acc"": 1.3, ""vel"": 24.21, ""pos"": 21.6, ""error"": 6.413593599999553}, {""pair"": [1, 1, 0, 2], ""acc"": 1.3, ""vel"": 24.21, ""pos"": 21.6, ""error"": 6.813593599999553}, {""pair"": [1, 1, 0, 2], ""acc"": 1.3, ""vel"": 24.21, ""pos"": 21.6, ""error"": 7.673113599999526}, {""pair"": [1, 1, 0, 2], ""acc"": 1.3, ""vel"": 24.21, ""pos"": 21.6, ""error"": 8.073113599999527}]]","[[[3, 1, 0, 2], [1.3, 24.21, 8.8], 5.988006400000501], [[3, 2, 1, 1], [1.3, 29.33, 21.6], 5.1319935999995], [[3, 0, 1, 0], [1.3, 29.33, 2.4], 16.24688640000047], [[3, 0, 2, 0], [1.3, 29.33, 8.8], 9.846886400000471], [[1, 0, 2, 0], [1.3, 29.33, 2.4], 16.24688640000047], [[2, 0, 1, 0], [1.3, 29.33, 2.4], 16.24688640000047], [[1, 1, 0, 2], [1.3, 24.21, 21.6], 0.013593599999556005]]"
1.3,24.23,22.0,1.3,23.87,22.0,1.3,24.23,22.0,"[{""pair"": [1, 11, 1, 14], ""acc"": 1.3, ""vel"": 24.23, ""pos"": 22.0, ""error"": 0.013857849999897809}, {""pair"": [0, 11, 1, 14], ""acc"": 2.9, ""vel"": 24.19, ""pos"": 22.0, ""error"": 0.053857849999896956}, {""pair"": [2, 11, 1, 14], ""acc"": 1.3, ""vel"": 24.19, ""pos"": 22.2, ""error"": 0.23034215000009084}]","[[1, 11, 1, 14], [0, 11, 1, 14], [2, 11, 1, 14]]","[[{""pair"": [0, 11, 0, 14], ""acc"": 15.7, ""vel"": 23.87, ""pos"": 22.0, ""error"": 0.37385784999989724}, {""pair"": [0, 11, 0, 14], ""acc"": 15.7, ""vel"": 23.87, ""pos"": 22.0, ""error"": 5.580897849999872}, {""pair"": [0, 11, 0, 14], ""acc"": 15.7, ""vel"": 23.87, ""pos"": 22.0, ""error"": 13.150342150000093}, {""pair"": [0, 11, 0, 14], ""acc"": 15.7, ""vel"": 23.87, ""pos"": 22.0, ""error"": 18.18330215000011}, {""pair"": [0, 11, 0, 14], ""acc"": 15.7, ""vel"": 23.87, ""pos"": 22.0, ""error"": 24.58330215000011}, {""pair"": [0, 11, 0, 14], ""acc"": 15.7, ""vel"": 23.87, ""pos"": 22.0, ""error"": 24.58330215000011}, {""pair"": [0, 11, 0, 14], ""acc"": 15.7, ""vel"": 23.87, ""pos"": 22.0, ""error"": 24.58330215000011}], [{""pair"": [0, 11, 1, 14], ""acc"": 2.9, ""vel"": 24.19, ""pos"": 22.0, ""error"": 0.053857849999896956}, {""pair"": [0, 11, 1, 14], ""acc"": 2.9, ""vel"": 24.19, ""pos"": 22.0, ""error"": 5.260897849999871}, {""pair"": [0, 11, 1, 14], ""acc"": 2.9, ""vel"": 24.19, ""pos"": 22.0, ""error"": 12.830342150000092}, {""pair"": [0, 11, 1, 14], ""acc"": 2.9, ""vel"": 24.19, ""pos"": 22.0, ""error"": 17.86330215000011}, {""pair"": [0, 11, 1, 14], ""acc"": 2.9, ""vel"": 24.19, ""pos"": 22.0, ""error"": 24.26330215000011}, {""pair"": [0, 11, 1, 14], ""acc"": 2.9, ""vel"": 24.19, ""pos"": 22.0, ""error"": 24.26330215000011}, {""pair"": [0, 11, 1, 14], ""acc"": 2.9, ""vel"": 24.19, ""pos"": 22.0, ""error"": 24.26330215000011}], [{""pair"": [1, 11, 0, 14], ""acc"": 14.1, ""vel"": 23.91, ""pos"": 22.0, ""error"": 0.3338578499998981}, {""pair"": [1, 11, 0, 14], ""acc"": 14.1, ""vel"": 23.91, ""pos"": 22.0, ""error"": 5.5408978499998724}, {""pair"": [1, 11, 0, 14], ""acc"": 14.1, ""vel"": 23.91, ""pos"": 22.0, ""error"": 13.110342150000093}, {""pair"": [1, 11, 0, 14], ""acc"": 14.1, ""vel"": 23.91, ""pos"": 22.0, ""error"": 18.14330215000011}, {""pair"": [1, 11, 0, 14], ""acc"": 14.1, ""vel"": 23.91, ""pos"": 22.0, ""error"": 24.543302150000113}, {""pair"": [1, 11, 0, 14], ""acc"": 14.1, ""vel"": 23.91, ""pos"": 22.0, ""error"": 24.543302150000113}, {""pair"": [1, 11, 0, 14], ""acc"": 14.1, ""vel"": 23.91, ""pos"": 22.0, ""error"": 24.543302150000113}], [{""pair"": [1, 11, 1, 14], ""acc"": 1.3, ""vel"": 24.23, ""pos"": 22.0, ""error"": 0.013857849999897809}, {""pair"": [1, 11, 1, 14], ""acc"": 1.3, ""vel"": 24.23, ""pos"": 22.0, ""error"": 5.220897849999872}, {""pair"": [1, 11, 1, 14], ""acc"": 1.3, ""vel"": 24.23, ""pos"": 22.0, ""error"": 12.790342150000093}, {""pair"": [1, 11, 1, 14], ""acc"": 1.3, ""vel"": 24.23, ""pos"": 22.0, ""error"": 17.82330215000011}, {""pair"": [1, 11, 1, 14], ""acc"": 1.3, ""vel"": 24.23, ""pos"": 22.0, ""error"": 24.223302150000112}, {""pair"": [1, 11, 1, 14], ""acc"": 1.3, ""vel"": 24.23, ""pos"": 22.0, ""error"": 24.223302150000112}, {""pair"": [1, 11, 1, 14], ""acc"": 1.3, ""vel"": 24.23, ""pos"": 22.0, ""error"": 24.223302150000112}], [{""pair"": [2, 11, 0, 14], ""acc"": 14.1, ""vel"": 23.87, ""pos"": 22.2, ""error"": 0.5503421500000911}, {""pair"": [2, 11, 0, 14], ""acc"": 14.1, ""vel"": 23.87, ""pos"": 22.2, ""error"": 5.583302150000112}, {""pair"": [2, 11, 0, 14], ""acc"": 14.1, ""vel"": 23.87, ""pos"": 22.2, ""error"": 13.350342150000092}, {""pair"": [2, 11, 0, 14], ""acc"": 14.1, ""vel"": 23.87, ""pos"": 22.2, ""error"": 18.383302150000112}, {""pair"": [2, 11, 0, 14], ""acc"": 14.1, ""vel"": 23.87, ""pos"": 22.2, ""error"": 24.78330215000011}, {""pair"": [2, 11, 0, 14], ""acc"": 14.1, ""vel"": 23.87, ""pos"": 22.2, ""error"": 24.78330215000011}, {""pair"": [2, 11, 0, 14], ""acc"": 14.1, ""vel"": 23.87, ""pos"": 22.2, ""error"": 24.78330215000011}], [{""pair"": [2, 11, 1, 14], ""acc"": 1.3, ""vel"": 24.19, ""pos"": 22.2, ""error"": 0.23034215000009084}, {""pair"": [2, 11, 1, 14], ""acc"": 1.3, ""vel"": 24.19, ""pos"": 22.2, ""error"": 5.263302150000111}, {""pair"": [2, 11, 1, 14], ""acc"": 1.3, ""vel"": 24.19, ""pos"": 22.2, ""error"": 13.030342150000092}, {""pair"": [2, 11, 1, 14], ""acc"": 1.3, ""vel"": 24.19, ""pos"": 22.2, ""error"": 18.063302150000112}, {""pair"": [2, 11, 1, 14], ""acc"": 1.3, ""vel"": 24.19, ""pos"": 22.2, ""error"": 24.46330215000011}, {""pair"": [2, 11, 1, 14], ""acc"": 1.3, ""vel"": 24.19, ""pos"": 22.2, ""error"": 24.46330215000011}, {""pair"": [2, 11, 1, 14], ""acc"": 1.3, ""vel"": 24.19, ""pos"": 22.2, ""error"": 24.46330215000011}]]","[[[0, 11, 0, 14], [15.7, 23.87, 22.0], 0.37385784999989724], [[0, 11, 1, 14], [2.9, 24.19, 22.0], 0.053857849999896956], [[1, 11, 0, 14], [14.1, 23.91, 22.0], 0.3338578499998981], [[1, 11, 1, 14], [1.3, 24.23, 22.0], 0.013857849999897809], [[2, 11, 0, 14], [14.1, 23.87, 22.2], 0.5503421500000911], [[2, 11, 1, 14], [1.3, 24.19, 22.2], 0.23034215000009084]]"
1.3,24.25,22.4,1.3,50.0,22.4,1.2,24.25,22.4,"[{""pair"": [0, 6, 0, 7], ""acc"": 1.2, ""vel"": 24.25, ""pos"": 22.4, ""error"": 0.014197849999895595}, {""pair"": [3, 7, 0, 6], ""acc"": 1.3, ""vel"": 24.25, ""pos"": 22.4, ""error"": 0.014197849999895595}, {""pair"": [3, 6, 0, 7], ""acc"": 1.2, ""vel"": 106.17, ""pos"": 22.4, ""error"": 81.9299978499999}]","[[0, 6, 0, 7], [3, 7, 0, 6], [3, 6, 0, 7]]","[[{""pair"": [3, 6, 0, 7], ""acc"": 1.2, ""vel"": 106.17, ""pos"": 22.4, ""error"": 81.9299978499999}, {""pair"": [3, 6, 0, 7], ""acc"": 1.2, ""vel"": 106.17, ""pos"": 22.4, ""error"": 81.94234904999992}, {""pair"": [3, 6, 0, 7], ""acc"": 1.2, ""vel"": 106.17, ""pos"": 22.4, ""error"": 82.16931784999991}], [{""pair"": [3, 7, 0, 6], ""acc"": 1.3, ""vel"": 24.25, ""pos"": 22.4, ""error"": 0.014197849999895595}, {""pair"": [3, 7, 0, 6], ""acc"": 1.3, ""vel"": 24.25, ""pos"": 22.4, ""error"": 0.022349049999913717}, {""pair"": [3, 7, 0, 6], ""acc"": 1.3, ""vel"": 24.25, ""pos"": 22.4, ""error"": 0.2493178499999047}], [{""pair"": [0, 6, 0, 7], ""acc"": 1.2, ""vel"": 24.25, ""pos"": 22.4, ""error"": 0.014197849999895595}, {""pair"": [0, 6, 0, 7], ""acc"": 1.2, ""vel"": 24.25, ""pos"": 22.4, ""error"": 0.022349049999913717}, {""pair"": [0, 6, 0, 7], ""acc"": 1.2, ""vel"": 24.25, ""pos"": 22.4, ""error"": 0.2493178499999047}]]","[[[3, 6, 0, 7], [1.2, 106.17, 22.4], 81.9299978499999], [[3, 7, 0, 6], [1.3, 24.25, 22.4], 0.014197849999895595], [[0, 6, 0, 7], [1.2, 24.25, 22.4], 0.014197849999895595]]"
1.3,24.28,22.8,1.2,24.28,19.6,1.2,24.28,22.8,"[{""pair"": [3, 7, 2, 15], ""acc"": 1.2, ""vel"": 24.28, ""pos"": 22.8, ""error"": 0.4105033999989409}, {""pair"": [2, 15, 2, 7], ""acc"": 1.2, ""vel"": 24.28, ""pos"": 22.8, ""error"": 0.4105033999989409}, {""pair"": [2, 15, 0, 7], ""acc"": 1.3, ""vel"": 24.28, ""pos"": 22.8, ""error"": 0.4105033999989409}, {""pair"": [2, 15, 1, 7], ""acc"": 1.2, ""vel"": 24.28, ""pos"": 842.0, ""error"": 818.808696600001}]","[[3, 7, 2, 15], [2, 15, 2, 7], [2, 15, 0, 7], [2, 15, 1, 7]]","[[{""pair"": [3, 7, 0, 15], ""acc"": -24.4, ""vel"": 24.28, ""pos"": 19.6, ""error"": 3.61050339999894}, {""pair"": [3, 7, 0, 15], ""acc"": -24.4, ""vel"": 24.28, ""pos"": 19.6, ""error"": 3.6138578499989364}, {""pair"": [3, 7, 0, 15], ""acc"": -24.4, ""vel"": 24.28, ""pos"": 19.6, ""error"": 88.23386339999556}], [{""pair"": [3, 7, 2, 15], ""acc"": 1.2, ""vel"": 24.28, ""pos"": 22.8, ""error"": 0.4105033999989409}, {""pair"": [3, 7, 2, 15], ""acc"": 1.2, ""vel"": 24.28, ""pos"": 22.8, ""error"": 0.41385784999893716}, {""pair"": [3, 7, 2, 15], ""acc"": 1.2, ""vel"": 24.28, ""pos"": 22.8, ""error"": 85.03386339999555}], [{""pair"": [0, 15, 0, 7], ""acc"": -24.3, ""vel"": 24.28, ""pos"": 19.6, ""error"": 3.61050339999894}, {""pair"": [0, 15, 0, 7], ""acc"": -24.3, ""vel"": 24.28, ""pos"": 19.6, ""error"": 3.6138578499989364}, {""pair"": [0, 15, 0, 7], ""acc"": -24.3, ""vel"": 24.28, ""pos"": 19.6, ""error"": 88.23386339999556}], [{""pair"": [0, 15, 1, 7], ""acc"": -24.4, ""vel"": 24.28, ""pos"": 838.8, ""error"": 815.6086966000009}, {""pair"": [0, 15, 1, 7], ""acc"": -24.4, ""vel"": 24.28, ""pos"": 838.8, ""error"": 815.6119421500009}, {""pair"": [0, 15, 1, 7], ""acc"": -24.4, ""vel"": 24.28, ""pos"": 838.8, ""error"": 894.8253366000043}], [{""pair"": [0, 15, 2, 7], ""acc"": -24.4, ""vel"": 24.28, ""pos"": 19.6, ""error"": 3.61050339999894}, {""pair"": [0, 15, 2, 7], ""acc"": -24.4, ""vel"": 24.28, ""pos"": 19.6, ""error"": 3.6138578499989364}, {""pair"": [0, 15, 2, 7], ""acc"": -24.4, ""vel"": 24.28, ""pos"": 19.6, ""error"": 88.23386339999556}], [{""pair"": [2, 15, 0, 7], ""acc"": 1.3, ""vel"": 24.28, ""pos"": 22.8, ""error"": 0.4105033999989409}, {""pair"": [2, 15, 0, 7], ""acc"": 1.3, ""vel"": 24.28, ""pos"": 22.8, ""error"": 0.41385784999893716}, {""pair"": [2, 15, 0, 7], ""acc"": 1.3, ""vel"": 24.28, ""pos"": 22.8, ""error"": 85.03386339999555}], [{""pair"": [2, 15, 1, 7], ""acc"": 1.2, ""vel"": 24.28, ""pos"": 842.0, ""error"": 818.808696600001}, {""pair"": [2, 15, 1, 7], ""acc"": 1.2, ""vel"": 24.28, ""pos"": 842.0, ""error"": 818.811942150001}, {""pair"": [2, 15, 1, 7], ""acc"": 1.2, ""vel"": 24.28, ""pos"": 842.0, ""error"": 898.0253366000044}], [{""pair"": [2, 15, 2, 7], ""acc"": 1.2, ""vel"": 24.28, ""pos"": 22.8, ""error"": 0.4105033999989409}, {""pair"": [2, 15, 2, 7], ""acc"": 1.2, ""vel"": 24.28, ""pos"": 22.8, ""error"": 0.41385784999893716}, {""pair"": [2, 15, 2, 7], ""acc"": 1.2, ""vel"": 24.28, ""pos"": 22.8, ""error"": 85.03386339999555}]]","[[[3, 7, 0, 15], [-24.4, 24.28, 19.6], 3.61050339999894], [[3, 7, 2, 15], [1.2, 24.28, 22.8], 0.4105033999989409], [[0, 15, 0, 7], [-24.3, 24.28, 19.6], 3.61050339999894], [[0, 15, 1, 7], [-24.4, 24.28, 838.8], 815.6086966000009], [[0, 15, 2, 7], [-24.4, 24.28, 19.6], 3.61050339999894], [[2, 15, 0, 7], [1.3, 24.28, 22.8], 0.4105033999989409], [[2, 15, 1, 7], [1.2, 24.28, 842.0], 818.808696600001], [[2, 15, 2, 7], [1.2, 24.28, 22.8], 0.4105033999989409]]"
1.3,24.32,23.6,1.3,24.32,23.6,1.2,24.32,23.6,"[{""pair"": [3, 6, 0, 7], ""acc"": 1.2, ""vel"": 24.32, ""pos"": 23.6, ""error"": 0.4049521500001063}, {""pair"": [2, 6, 0, 7], ""acc"": 1.2, ""vel"": 24.32, ""pos"": 23.6, ""error"": 0.4049521500001063}, {""pair"": [3, 7, 2, 6], ""acc"": 1.3, ""vel"": 24.32, ""pos"": 23.6, ""error"": 0.4049521500001063}]","[[3, 6, 0, 7], [2, 6, 0, 7], [3, 7, 2, 6]]","[[{""pair"": [3, 6, 0, 7], ""acc"": 1.2, ""vel"": 24.32, ""pos"": 23.6, ""error"": 0.40666660000010424}, {""pair"": [3, 6, 0, 7], ""acc"": 1.2, ""vel"": 24.32, ""pos"": 23.6, ""error"": 0.40666660000010424}, {""pair"": [3, 6, 0, 7], ""acc"": 1.2, ""vel"": 24.32, ""pos"": 23.6, ""error"": 0.4049521500001063}, {""pair"": [3, 6, 0, 7], ""acc"": 1.2, ""vel"": 24.32, ""pos"": 23.6, ""error"": 818.8325333999999}], [{""pair"": [3, 7, 2, 6], ""acc"": 1.3, ""vel"": 24.32, ""pos"": 23.6, ""error"": 0.40666660000010424}, {""pair"": [3, 7, 2, 6], ""acc"": 1.3, ""vel"": 24.32, ""pos"": 23.6, ""error"": 0.40666660000010424}, {""pair"": [3, 7, 2, 6], ""acc"": 1.3, ""vel"": 24.32, ""pos"": 23.6, ""error"": 0.4049521500001063}, {""pair"": [3, 7, 2, 6], ""acc"": 1.3, ""vel"": 24.32, ""pos"": 23.6, ""error"": 818.8325333999999}], [{""pair"": [2, 6, 0, 7], ""acc"": 1.2, ""vel"": 24.32, ""pos"": 23.6, ""error"": 0.40666660000010424}, {""pair"": [2, 6, 0, 7], ""acc"": 1.2, ""vel"": 24.32, ""pos"": 23.6, ""error"": 0.40666660000010424}, {""pair"": [2, 6, 0, 7], ""acc"": 1.2, ""vel"": 24.32, ""pos"": 23.6, ""error"": 0.4049521500001063}, {""pair"": [2, 6, 0, 7], ""acc"": 1.2, ""vel"": 24.32, ""pos"": 23.6, ""error"": 818.8325333999999}]]","[[[3, 6, 0, 7], [1.2, 24.32, 23.6], 0.4049521500001063], [[3, 7, 2, 6], [1.3, 24.32, 23.6], 0.4049521500001063], [[2, 6, 0, 7], [1.2, 24.32, 23.6], 0.4049521500001063]]"
1.3,24.34,24.1,1.3,24.34,843.3,1.3,24.34,24.1,"[{""pair"": [3, 15, 1, 7], ""acc"": 1.3, ""vel"": 24.34, ""pos"": 24.1, ""error"": 0.1115135999995509}, {""pair"": [1, 7, 2, 15], ""acc"": 1.3, ""vel"": 24.34, ""pos"": 20.9, ""error"": 3.090073600000455}, {""pair"": [0, 7, 2, 15], ""acc"": 1.2, ""vel"": 24.34, ""pos"": 840.1, ""error"": 816.1115135999996}, {""pair"": [3, 15, 0, 7], ""acc"": 1.2, ""vel"": 24.34, ""pos"": 843.3, ""error"": 819.3115135999996}]","[[3, 15, 1, 7], [1, 7, 2, 15], [0, 7, 2, 15], [3, 15, 0, 7]]","[[{""pair"": [3, 15, 0, 7], ""acc"": 1.2, ""vel"": 24.34, ""pos"": 843.3, ""error"": 819.3115263999995}, {""pair"": [3, 15, 0, 7], ""acc"": 1.2, ""vel"": 24.34, ""pos"": 843.3, ""error"": 819.3115263999995}, {""pair"": [3, 15, 0, 7], ""acc"": 1.2, ""vel"": 24.34, ""pos"": 843.3, ""error"": 819.3115135999996}], [{""pair"": [3, 15, 1, 7], ""acc"": 1.3, ""vel"": 24.34, ""pos"": 24.1, ""error"": 0.11152639999950154}, {""pair"": [3, 15, 1, 7], ""acc"": 1.3, ""vel"": 24.34, ""pos"": 24.1, ""error"": 0.11152639999950154}, {""pair"": [3, 15, 1, 7], ""acc"": 1.3, ""vel"": 24.34, ""pos"": 24.1, ""error"": 0.1115135999995509}], [{""pair"": [0, 7, 2, 15], ""acc"": 1.2, ""vel"": 24.34, ""pos"": 840.1, ""error"": 816.1115263999995}, {""pair"": [0, 7, 2, 15], ""acc"": 1.2, ""vel"": 24.34, ""pos"": 840.1, ""error"": 816.1115263999995}, {""pair"": [0, 7, 2, 15], ""acc"": 1.2, ""vel"": 24.34, ""pos"": 840.1, ""error"": 816.1115135999996}], [{""pair"": [1, 7, 2, 15], ""acc"": 1.3, ""vel"": 24.34, ""pos"": 20.9, ""error"": 3.090073600000455}, {""pair"": [1, 7, 2, 15], ""acc"": 1.3, ""vel"": 24.34, ""pos"": 20.9, ""error"": 3.090073600000455}, {""pair"": [1, 7, 2, 15], ""acc"": 1.3, ""vel"": 24.34, ""pos"": 20.9, ""error"": 3.090086400000505}]]","[[[3, 15, 0, 7], [1.2, 24.34, 843.3], 819.3115135999996], [[3, 15, 1, 7], [1.3, 24.34, 24.1], 0.1115135999995509], [[0, 7, 2, 15], [1.2, 24.34, 840.1], 816.1115135999996], [[1, 7, 2, 15], [1.3, 24.34, 20.9], 3.090073600000455]]"
1.3,24.37,24.4,1.3,24.37,75.6,1.3,24.37,24.4,"[{""pair"": [3, 12, 1, 3], ""acc"": 1.3, ""vel"": 24.37, ""pos"": 24.4, ""error"": 0.12186784999990863}, {""pair"": [1, 3, 2, 12], ""acc"": 1.3, ""vel"": 24.37, ""pos"": 24.0, ""error"": 0.5218678499999072}, {""pair"": [2, 3, 2, 12], ""acc"": 1.3, ""vel"": 24.37, ""pos"": 75.2, ""error"": 50.69393215000011}, {""pair"": [3, 12, 2, 3], ""acc"": 1.3, ""vel"": 24.37, ""pos"": 75.6, ""error"": 51.0939321500001}]","[[3, 12, 1, 3], [1, 3, 2, 12], [2, 3, 2, 12], [3, 12, 2, 3]]","[[{""pair"": [3, 12, 1, 3], ""acc"": 1.3, ""vel"": 24.37, ""pos"": 24.4, ""error"": 0.12186784999990863}, {""pair"": [3, 12, 1, 3], ""acc"": 1.3, ""vel"": 24.37, ""pos"": 24.4, ""error"": 3.093932150000107}, {""pair"": [3, 12, 1, 3], ""acc"": 1.3, ""vel"": 24.37, ""pos"": 24.4, ""error"": 816.1235533999999}, {""pair"": [3, 12, 1, 3], ""acc"": 1.3, ""vel"": 24.37, ""pos"": 24.4, ""error"": 819.3235533999998}], [{""pair"": [3, 12, 2, 3], ""acc"": 1.3, ""vel"": 24.37, ""pos"": 75.6, ""error"": 51.0939321500001}, {""pair"": [3, 12, 2, 3], ""acc"": 1.3, ""vel"": 24.37, ""pos"": 75.6, ""error"": 54.2939321500001}, {""pair"": [3, 12, 2, 3], ""acc"": 1.3, ""vel"": 24.37, ""pos"": 75.6, ""error"": 764.9235533999998}, {""pair"": [3, 12, 2, 3], ""acc"": 1.3, ""vel"": 24.37, ""pos"": 75.6, ""error"": 768.1235533999998}], [{""pair"": [1, 3, 2, 12], ""acc"": 1.3, ""vel"": 24.37, ""pos"": 24.0, ""error"": 0.5218678499999072}, {""pair"": [1, 3, 2, 12], ""acc"": 1.3, ""vel"": 24.37, ""pos"": 24.0, ""error"": 2.6939321500001085}, {""pair"": [1, 3, 2, 12], ""acc"": 1.3, ""vel"": 24.37, ""pos"": 24.0, ""error"": 816.5235533999999}, {""pair"": [1, 3, 2, 12], ""acc"": 1.3, ""vel"": 24.37, ""pos"": 24.0, ""error"": 819.7235533999998}], [{""pair"": [2, 3, 2, 12], ""acc"": 1.3, ""vel"": 24.37, ""pos"": 75.2, ""error"": 50.69393215000011}, {""pair"": [2, 3, 2, 12], ""acc"": 1.3, ""vel"": 24.37, ""pos"": 75.2, ""error"": 53.89393215000011}, {""pair"": [2, 3, 2, 12], ""acc"": 1.3, ""vel"": 24.37, ""pos"": 75.2, ""error"": 765.3235533999998}, {""pair"": [2, 3, 2, 12], ""acc"": 1.3, ""vel"": 24.37, ""pos"": 75.2, ""error"": 768.5235533999997}]]","[[[3, 12, 1, 3], [1.3, 24.37, 24.4], 0.12186784999990863], [[3, 12, 2, 3], [1.3, 24.37, 75.6], 51.0939321500001], [[1, 3, 2, 12], [1.3, 24.37, 24.0], 0.5218678499999072], [[2, 3, 2, 12], [1.3, 24.37, 75.2], 50.69393215000011]]"
1.3,24.39,24.9,1.3,24.47,24.9,1.3,24.39,24.9,"[{""pair"": [3, 0, 1, 12], ""acc"": 1.3, ""vel"": 24.39, ""pos"": 24.9, ""error"": 0.08762215000009377}, {""pair"": [0, 0, 1, 12], ""acc"": 1.3, ""vel"": 23.11, ""pos"": 24.9, ""error"": 1.367622150000095}, {""pair"": [1, 0, 1, 12], ""acc"": 1.3, ""vel"": 24.39, ""pos"": 18.5, ""error"": 5.916577849999896}]","[[3, 0, 1, 12], [0, 0, 1, 12], [1, 0, 1, 12]]","[[{""pair"": [3, 0, 1, 12], ""acc"": 1.3, ""vel"": 24.39, ""pos"": 24.9, ""error"": 0.08762215000009377}, {""pair"": [3, 0, 1, 12], ""acc"": 1.3, ""vel"": 24.39, ""pos"": 24.9, ""error"": 0.48762215000009235}, {""pair"": [3, 0, 1, 12], ""acc"": 1.3, ""vel"": 24.39, ""pos"": 24.9, ""error"": 50.716577849999894}, {""pair"": [3, 0, 1, 12], ""acc"": 1.3, ""vel"": 24.39, ""pos"": 24.9, ""error"": 51.116577849999885}], [{""pair"": [0, 0, 1, 12], ""acc"": 1.3, ""vel"": 23.11, ""pos"": 24.9, ""error"": 1.367622150000095}, {""pair"": [0, 0, 1, 12], ""acc"": 1.3, ""vel"": 23.11, ""pos"": 24.9, ""error"": 1.7676221500000935}, {""pair"": [0, 0, 1, 12], ""acc"": 1.3, ""vel"": 23.11, ""pos"": 24.9, ""error"": 51.996577849999895}, {""pair"": [0, 0, 1, 12], ""acc"": 1.3, ""vel"": 23.11, ""pos"": 24.9, ""error"": 52.396577849999886}], [{""pair"": [1, 0, 1, 12], ""acc"": 1.3, ""vel"": 24.39, ""pos"": 18.5, ""error"": 6.316577849999895}, {""pair"": [1, 0, 1, 12], ""acc"": 1.3, ""vel"": 24.39, ""pos"": 18.5, ""error"": 5.916577849999896}, {""pair"": [1, 0, 1, 12], ""acc"": 1.3, ""vel"": 24.39, ""pos"": 18.5, ""error"": 57.1165778499999}, {""pair"": [1, 0, 1, 12], ""acc"": 1.3, ""vel"": 24.39, ""pos"": 18.5, ""error"": 57.51657784999989}]]","[[[3, 0, 1, 12], [1.3, 24.39, 24.9], 0.08762215000009377], [[0, 0, 1, 12], [1.3, 23.11, 24.9], 1.367622150000095], [[1, 0, 1, 12], [1.3, 24.39, 18.5], 5.916577849999896]]"
1.3,24.41,25.3,1.3,24.41,25.3,1.3,24.41,25.3,"[{""pair"": [3, 1, 2, 3], ""acc"": 1.3, ""vel"": 24.41, ""pos"": 25.3, ""error"": 0.010393599999549252}, {""pair"": [3, 3, 2, 1], ""acc"": 1.3, ""vel"": 24.41, ""pos"": 25.3, ""error"": 0.010393599999549252}, {""pair"": [2, 1, 2, 3], ""acc"": 1.3, ""vel"": 24.41, ""pos"": 25.3, ""error"": 0.010393599999549252}, {""pair"": [3, 1, 0, 3], ""acc"": 1.3, ""vel"": 34.65, ""pos"": 25.3, ""error"": 10.248793599999495}, {""pair"": [2, 1, 0, 3], ""acc"": 1.3, ""vel"": 34.65, ""pos"": 25.3, ""error"": 10.248793599999495}, {""pair"": [3, 1, 1, 3], ""acc"": 1.3, ""vel"": 24.41, ""pos"": 76.5, ""error"": 51.21039359999955}, {""pair"": [2, 1, 1, 3], ""acc"": 1.3, ""vel"": 24.41, ""pos"": 76.5, ""error"": 51.21039359999955}]","[[3, 1, 2, 3], [3, 3, 2, 1], [2, 1, 2, 3], [3, 1, 0, 3], [2, 1, 0, 3], [3, 1, 1, 3], [2, 1, 1, 3]]","[[{""pair"": [3, 1, 0, 3], ""acc"": 1.3, ""vel"": 34.65, ""pos"": 25.3, ""error"": 10.248793599999495}, {""pair"": [3, 1, 0, 3], ""acc"": 1.3, ""vel"": 34.65, ""pos"": 25.3, ""error"": 11.549273599999523}, {""pair"": [3, 1, 0, 3], ""acc"": 1.3, ""vel"": 34.65, ""pos"": 25.3, ""error"": 16.648793599999493}], [{""pair"": [3, 1, 1, 3], ""acc"": 1.3, ""vel"": 24.41, ""pos"": 76.5, ""error"": 51.21039359999955}, {""pair"": [3, 1, 1, 3], ""acc"": 1.3, ""vel"": 24.41, ""pos"": 76.5, ""error"": 52.509273599999524}, {""pair"": [3, 1, 1, 3], ""acc"": 1.3, ""vel"": 24.41, ""pos"": 76.5, ""error"": 57.61039359999955}], [{""pair"": [3, 1, 2, 3], ""acc"": 1.3, ""vel"": 24.41, ""pos"": 25.3, ""error"": 0.010393599999549252}, {""pair"": [3, 1, 2, 3], ""acc"": 1.3, ""vel"": 24.41, ""pos"": 25.3, ""error"": 1.3092735999995249}, {""pair"": [3, 1, 2, 3], ""acc"": 1.3, ""vel"": 24.41, ""pos"": 25.3, ""error"": 6.410393599999548}], [{""pair"": [3, 3, 2, 1], ""acc"": 1.3, ""vel"": 24.41, ""pos"": 25.3, ""error"": 0.010393599999549252}, {""pair"": [3, 3, 2, 1], ""acc"": 1.3, ""vel"": 24.41, ""pos"": 25.3, ""error"": 1.3092735999995249}, {""pair"": [3, 3, 2, 1], ""acc"": 1.3, ""vel"": 24.41, ""pos"": 25.3, ""error"": 6.410393599999548}], [{""pair"": [2, 1, 0, 3], ""acc"": 1.3, ""vel"": 34.65, ""pos"": 25.3, ""error"": 10.248793599999495}, {""pair"": [2, 1, 0, 3], ""acc"": 1.3, ""vel"": 34.65, ""pos"": 25.3, ""error"": 11.549273599999523}, {""pair"": [2, 1, 0, 3], ""acc"": 1.3, ""vel"": 34.65, ""pos"": 25.3, ""error"": 16.648793599999493}], [{""pair"": [2, 1, 1, 3], ""acc"": 1.3, ""vel"": 24.41, ""pos"": 76.5, ""error"": 51.21039359999955}, {""pair"": [2, 1, 1, 3], ""acc"": 1.3, ""vel"": 24.41, ""pos"": 76.5, ""error"": 52.509273599999524}, {""pair"": [2, 1, 1, 3], ""acc"": 1.3, ""vel"": 24.41, ""pos"": 76.5, ""error"": 57.61039359999955}], [{""pair"": [2, 1, 2, 3], ""acc"": 1.3, ""vel"": 24.41, ""pos"": 25.3, ""error"": 0.010393599999549252}, {""pair"": [2, 1, 2, 3], ""acc"": 1.3, ""vel"": 24.41, ""pos"": 25.3, ""error"": 1.3092735999995249}, {""pair"": [2, 1, 2, 3], ""acc"": 1.3, ""vel"": 24.41, ""pos"": 25.3, ""error"": 6.410393599999548}]]","[[[3, 1, 0, 3], [1.3, 34.65, 25.3], 10.248793599999495], [[3, 1, 1, 3], [1.3, 24.41, 76.5], 51.21039359999955], [[3, 1, 2, 3], [1.3, 24.41, 25.3], 0.010393599999549252], [[3, 3, 2, 1], [1.3, 24.41, 25.3], 0.010393599999549252], [[2, 1, 0, 3], [1.3, 34.65, 25.3], 10.248793599999495], [[2, 1, 1, 3], [1.3, 24.41, 76.5], 51.21039359999955], [[2, 1, 2, 3], [1.3, 24.41, 25.3], 0.010393599999549252]]"
1.3,24.43,25.700000000000003,7.7,24.43,25.7,1.3,24.43,25.7,"[{""pair"": [3, 4, 0, 13], ""acc"": 1.3, ""vel"": 24.43, ""pos"": 25.7, ""error"": 0.01725784999989699}, {""pair"": [2, 4, 0, 13], ""acc"": 1.3, ""vel"": 24.43, ""pos"": 25.7, ""error"": 0.01725784999989699}, {""pair"": [3, 13, 2, 4], ""acc"": 7.7, ""vel"": 24.43, ""pos"": 25.7, ""error"": 0.01725784999989699}, {""pair"": [0, 4, 0, 13], ""acc"": 1.3, ""vel"": 3.95, ""pos"": 25.7, ""error"": 20.497257849999897}, {""pair"": [3, 13, 0, 4], ""acc"": 7.7, ""vel"": 3.95, ""pos"": 25.7, ""error"": 20.497257849999897}]","[[3, 4, 0, 13], [2, 4, 0, 13], [3, 13, 2, 4], [0, 4, 0, 13], [3, 13, 0, 4]]","[[{""pair"": [3, 4, 0, 13], ""acc"": 1.3, ""vel"": 24.43, ""pos"": 25.7, ""error"": 0.01725784999989699}, {""pair"": [3, 4, 0, 13], ""acc"": 1.3, ""vel"": 24.43, ""pos"": 25.7, ""error"": 0.01725784999989699}, {""pair"": [3, 4, 0, 13], ""acc"": 1.3, ""vel"": 24.43, ""pos"": 25.7, ""error"": 0.01725784999989699}, {""pair"": [3, 4, 0, 13], ""acc"": 1.3, ""vel"": 24.43, ""pos"": 25.7, ""error"": 10.431337849999853}, {""pair"": [3, 4, 0, 13], ""acc"": 1.3, ""vel"": 24.43, ""pos"": 25.7, ""error"": 10.431337849999853}, {""pair"": [3, 4, 0, 13], ""acc"": 1.3, ""vel"": 24.43, ""pos"": 25.7, ""error"": 51.217257849999896}, {""pair"": [3, 4, 0, 13], ""acc"": 1.3, ""vel"": 24.43, ""pos"": 25.7, ""error"": 51.217257849999896}], [{""pair"": [3, 13, 0, 4], ""acc"": 7.7, ""vel"": 3.95, ""pos"": 25.7, ""error"": 20.497257849999897}, {""pair"": [3, 13, 0, 4], ""acc"": 7.7, ""vel"": 3.95, ""pos"": 25.7, ""error"": 20.497257849999897}, {""pair"": [3, 13, 0, 4], ""acc"": 7.7, ""vel"": 3.95, ""pos"": 25.7, ""error"": 20.497257849999897}, {""pair"": [3, 13, 0, 4], ""acc"": 7.7, ""vel"": 3.95, ""pos"": 25.7, ""error"": 30.911337849999853}, {""pair"": [3, 13, 0, 4], ""acc"": 7.7, ""vel"": 3.95, ""pos"": 25.7, ""error"": 30.911337849999853}, {""pair"": [3, 13, 0, 4], ""acc"": 7.7, ""vel"": 3.95, ""pos"": 25.7, ""error"": 71.69725784999989}, {""pair"": [3, 13, 0, 4], ""acc"": 7.7, ""vel"": 3.95, ""pos"": 25.7, ""error"": 71.69725784999989}], [{""pair"": [3, 13, 2, 4], ""acc"": 7.7, ""vel"": 24.43, ""pos"": 25.7, ""error"": 0.01725784999989699}, {""pair"": [3, 13, 2, 4], ""acc"": 7.7, ""vel"": 24.43, ""pos"": 25.7, ""error"": 0.01725784999989699}, {""pair"": [3, 13, 2, 4], ""acc"": 7.7, ""vel"": 24.43, ""pos"": 25.7, ""error"": 0.01725784999989699}, {""pair"": [3, 13, 2, 4], ""acc"": 7.7, ""vel"": 24.43, ""pos"": 25.7, ""error"": 10.431337849999853}, {""pair"": [3, 13, 2, 4], ""acc"": 7.7, ""vel"": 24.43, ""pos"": 25.7, ""error"": 10.431337849999853}, {""pair"": [3, 13, 2, 4], ""acc"": 7.7, ""vel"": 24.43, ""pos"": 25.7, ""error"": 51.217257849999896}, {""pair"": [3, 13, 2, 4], ""acc"": 7.7, ""vel"": 24.43, ""pos"": 25.7, ""error"": 51.217257849999896}], [{""pair"": [0, 4, 0, 13], ""acc"": 1.3, ""vel"": 3.95, ""pos"": 25.7, ""error"": 20.497257849999897}, {""pair"": [0, 4, 0, 13], ""acc"": 1.3, ""vel"": 3.95, ""pos"": 25.7, ""error"": 20.497257849999897}, {""pair"": [0, 4, 0, 13], ""acc"": 1.3, ""vel"": 3.95, ""pos"": 25.7, ""error"": 20.497257849999897}, {""pair"": [0, 4, 0, 13], ""acc"": 1.3, ""vel"": 3.95, ""pos"": 25.7, ""error"": 30.911337849999853}, {""pair"": [0, 4, 0, 13], ""acc"": 1.3, ""vel"": 3.95, ""pos"": 25.7, ""error"": 30.911337849999853}, {""pair"": [0, 4, 0, 13], ""acc"": 1.3, ""vel"": 3.95, ""pos"": 25.7, ""error"": 71.69725784999989}, {""pair"": [0, 4, 0, 13], ""acc"": 1.3, ""vel"": 3.95, ""pos"": 25.7, ""error"": 71.69725784999989}], [{""pair"": [2, 4, 0, 13], ""acc"": 1.3, ""vel"": 24.43, ""pos"": 25.7, ""error"": 0.01725784999989699}, {""pair"": [2, 4, 0, 13], ""acc"": 1.3, ""vel"": 24.43, ""pos"": 25.7, ""error"": 0.01725784999989699}, {""pair"": [2, 4, 0, 13], ""acc"": 1.3, ""vel"": 24.43, ""pos"": 25.7, ""error"": 0.01725784999989699}, {""pair"": [2, 4, 0, 13], ""acc"": 1.3, ""vel"": 24.43, ""pos"": 25.7, ""error"": 10.431337849999853}, {""pair"": [2, 4, 0, 13], ""acc"": 1.3, ""vel"": 24.43, ""pos"": 25.7, ""error"": 10.431337849999853}, {""pair"": [2, 4, 0, 13], ""acc"": 1.3, ""vel"": 24.43, ""pos"": 25.7, ""error"": 51.217257849999896}, {""pair"": [2, 4, 0, 13], ""acc"": 1.3, ""vel"": 24.43, ""pos"": 25.7, ""error"": 51.217257849999896}]]","[[[3, 4, 0, 13], [1.3, 24.43, 25.7], 0.01725784999989699], [[3, 13, 0, 4], [7.7, 3.95, 25.7], 20.497257849999897], [[3, 13, 2, 4], [7.7, 24.43, 25.7], 0.01725784999989699], [[0, 4, 0, 13], [1.3, 3.95, 25.7], 20.497257849999897], [[2, 4, 0, 13], [1.3, 24.43, 25.7], 0.01725784999989699]]"
1.3,24.46,26.1,1.3,24.46,26.9,1.2,24.46,26.1,"[{""pair"": [2, 13, 0, 7], ""acc"": 1.2, ""vel"": 24.46, ""pos"": 26.1, ""error"": 0.023397849999902576}, {""pair"": [3, 7, 2, 13], ""acc"": 1.3, ""vel"": 24.46, ""pos"": 26.1, ""error"": 0.023397849999902576}]","[[2, 13, 0, 7], [3, 7, 2, 13]]","[[{""pair"": [3, 7, 2, 13], ""acc"": 1.3, ""vel"": 24.46, ""pos"": 26.1, ""error"": 0.023397849999902576}, {""pair"": [3, 7, 2, 13], ""acc"": 1.3, ""vel"": 24.46, ""pos"": 26.1, ""error"": 0.023397849999902576}, {""pair"": [3, 7, 2, 13], ""acc"": 1.3, ""vel"": 24.46, ""pos"": 26.1, ""error"": 0.11732264999986342}, {""pair"": [3, 7, 2, 13], ""acc"": 1.3, ""vel"": 24.46, ""pos"": 26.1, ""error"": 20.820562150000026}, {""pair"": [3, 7, 2, 13], ""acc"": 1.3, ""vel"": 24.46, ""pos"": 26.1, ""error"": 20.71083735000005}], [{""pair"": [2, 13, 0, 7], ""acc"": 1.2, ""vel"": 24.46, ""pos"": 26.1, ""error"": 0.023397849999902576}, {""pair"": [2, 13, 0, 7], ""acc"": 1.2, ""vel"": 24.46, ""pos"": 26.1, ""error"": 0.023397849999902576}, {""pair"": [2, 13, 0, 7], ""acc"": 1.2, ""vel"": 24.46, ""pos"": 26.1, ""error"": 0.11732264999986342}, {""pair"": [2, 13, 0, 7], ""acc"": 1.2, ""vel"": 24.46, ""pos"": 26.1, ""error"": 20.820562150000026}, {""pair"": [2, 13, 0, 7], ""acc"": 1.2, ""vel"": 24.46, ""pos"": 26.1, ""error"": 20.71083735000005}]]","[[[3, 7, 2, 13], [1.3, 24.46, 26.1], 0.023397849999902576], [[2, 13, 0, 7], [1.2, 24.46, 26.1], 0.023397849999902576]]"
1.4,24.48,26.5,4.6,24.48,32.9,1.4,24.48,26.5,"[{""pair"": [1, 0, 0, 12], ""acc"": 1.4, ""vel"": 24.48, ""pos"": 26.5, ""error"": 0.009273599999545468}, {""pair"": [3, 12, 1, 0], ""acc"": 4.6, ""vel"": 24.48, ""pos"": 26.5, ""error"": 0.009273599999545468}, {""pair"": [3, 0, 0, 12], ""acc"": 1.4, ""vel"": 24.48, ""pos"": 32.9, ""error"": 6.409273599999544}, {""pair"": [0, 0, 0, 12], ""acc"": 1.4, ""vel"": 23.2, ""pos"": 32.9, ""error"": 7.687686399999542}, {""pair"": [3, 12, 0, 0], ""acc"": 4.6, ""vel"": 23.2, ""pos"": 32.9, ""error"": 7.687686399999542}]","[[1, 0, 0, 12], [3, 12, 1, 0], [3, 0, 0, 12], [0, 0, 0, 12], [3, 12, 0, 0]]","[[{""pair"": [3, 0, 0, 12], ""acc"": 1.4, ""vel"": 24.48, ""pos"": 32.9, ""error"": 6.409286399999495}, {""pair"": [3, 0, 0, 12], ""acc"": 1.4, ""vel"": 24.48, ""pos"": 32.9, ""error"": 6.409273599999544}], [{""pair"": [3, 12, 0, 0], ""acc"": 4.6, ""vel"": 23.2, ""pos"": 32.9, ""error"": 7.687686399999542}, {""pair"": [3, 12, 0, 0], ""acc"": 4.6, ""vel"": 23.2, ""pos"": 32.9, ""error"": 7.689273599999545}], [{""pair"": [3, 12, 1, 0], ""acc"": 4.6, ""vel"": 24.48, ""pos"": 26.5, ""error"": 0.009286399999496098}, {""pair"": [3, 12, 1, 0], ""acc"": 4.6, ""vel"": 24.48, ""pos"": 26.5, ""error"": 0.009273599999545468}], [{""pair"": [0, 0, 0, 12], ""acc"": 1.4, ""vel"": 23.2, ""pos"": 32.9, ""error"": 7.687686399999542}, {""pair"": [0, 0, 0, 12], ""acc"": 1.4, ""vel"": 23.2, ""pos"": 32.9, ""error"": 7.689273599999545}], [{""pair"": [1, 0, 0, 12], ""acc"": 1.4, ""vel"": 24.48, ""pos"": 26.5, ""error"": 0.009286399999496098}, {""pair"": [1, 0, 0, 12], ""acc"": 1.4, ""vel"": 24.48, ""pos"": 26.5, ""error"": 0.009273599999545468}]]","[[[3, 0, 0, 12], [1.4, 24.48, 32.9], 6.409273599999544], [[3, 12, 0, 0], [4.6, 23.2, 32.9], 7.687686399999542], [[3, 12, 1, 0], [4.6, 24.48, 26.5], 0.009273599999545468], [[0, 0, 0, 12], [1.4, 23.2, 32.9], 7.687686399999542], [[1, 0, 0, 12], [1.4, 24.48, 26.5], 0.009273599999545468]]"
1.4,24.5,26.9,1.4,23.22,26.9,1.4,23.22,33.3,"[{""pair"": [3, 6, 1, 0], ""acc"": 1.4, ""vel"": 23.22, ""pos"": 33.3, ""error"": 0.009197700000090236}, {""pair"": [1, 0, 2, 6], ""acc"": 1.4, ""vel"": 23.22, ""pos"": 33.3, ""error"": 0.009197700000090236}, {""pair"": [3, 6, 0, 0], ""acc"": 1.4, ""vel"": 24.5, ""pos"": 26.9, ""error"": 0.02016229999989605}, {""pair"": [0, 0, 2, 6], ""acc"": 1.4, ""vel"": 24.5, ""pos"": 26.9, ""error"": 0.02016229999989605}, {""pair"": [3, 0, 2, 6], ""acc"": 1.4, ""vel"": 23.22, ""pos"": 26.9, ""error"": 1.3001622999998972}]","[[3, 6, 1, 0], [1, 0, 2, 6], [3, 6, 0, 0], [0, 0, 2, 6], [3, 0, 2, 6]]","[[{""pair"": [3, 0, 2, 6], ""acc"": 1.4, ""vel"": 23.22, ""pos"": 26.9, ""error"": 1.3001622999998972}, {""pair"": [3, 0, 2, 6], ""acc"": 1.4, ""vel"": 23.22, ""pos"": 26.9, ""error"": 1.3550246999998805}, {""pair"": [3, 0, 2, 6], ""acc"": 1.4, ""vel"": 23.22, ""pos"": 26.9, ""error"": 7.700162299999892}, {""pair"": [3, 0, 2, 6], ""acc"": 1.4, ""vel"": 23.22, ""pos"": 26.9, ""error"": 6.398402299999898}, {""pair"": [3, 0, 2, 6], ""acc"": 1.4, ""vel"": 23.22, ""pos"": 26.9, ""error"": 6.453264699999888}], [{""pair"": [3, 6, 0, 0], ""acc"": 1.4, ""vel"": 24.5, ""pos"": 26.9, ""error"": 0.02016229999989605}, {""pair"": [3, 6, 0, 0], ""acc"": 1.4, ""vel"": 24.5, ""pos"": 26.9, ""error"": 0.07502469999987937}, {""pair"": [3, 6, 0, 0], ""acc"": 1.4, ""vel"": 24.5, ""pos"": 26.9, ""error"": 6.420162299999891}, {""pair"": [3, 6, 0, 0], ""acc"": 1.4, ""vel"": 24.5, ""pos"": 26.9, ""error"": 7.6708022999999095}, {""pair"": [3, 6, 0, 0], ""acc"": 1.4, ""vel"": 24.5, ""pos"": 26.9, ""error"": 7.616864699999926}], [{""pair"": [3, 6, 1, 0], ""acc"": 1.4, ""vel"": 23.22, ""pos"": 33.3, ""error"": 7.667437700000093}, {""pair"": [3, 6, 1, 0], ""acc"": 1.4, ""vel"": 23.22, ""pos"": 33.3, ""error"": 7.7213753000000835}, {""pair"": [3, 6, 1, 0], ""acc"": 1.4, ""vel"": 23.22, ""pos"": 33.3, ""error"": 1.3001622999998936}, {""pair"": [3, 6, 1, 0], ""acc"": 1.4, ""vel"": 23.22, ""pos"": 33.3, ""error"": 0.009197700000090236}, {""pair"": [3, 6, 1, 0], ""acc"": 1.4, ""vel"": 23.22, ""pos"": 33.3, ""error"": 0.06313530000007361}], [{""pair"": [0, 0, 2, 6], ""acc"": 1.4, ""vel"": 24.5, ""pos"": 26.9, ""error"": 0.02016229999989605}, {""pair"": [0, 0, 2, 6], ""acc"": 1.4, ""vel"": 24.5, ""pos"": 26.9, ""error"": 0.07502469999987937}, {""pair"": [0, 0, 2, 6], ""acc"": 1.4, ""vel"": 24.5, ""pos"": 26.9, ""error"": 6.420162299999891}, {""pair"": [0, 0, 2, 6], ""acc"": 1.4, ""vel"": 24.5, ""pos"": 26.9, ""error"": 7.6708022999999095}, {""pair"": [0, 0, 2, 6], ""acc"": 1.4, ""vel"": 24.5, ""pos"": 26.9, ""error"": 7.616864699999926}], [{""pair"": [1, 0, 2, 6], ""acc"": 1.4, ""vel"": 23.22, ""pos"": 33.3, ""error"": 7.667437700000093}, {""pair"": [1, 0, 2, 6], ""acc"": 1.4, ""vel"": 23.22, ""pos"": 33.3, ""error"": 7.7213753000000835}, {""pair"": [1, 0, 2, 6], ""acc"": 1.4, ""vel"": 23.22, ""pos"": 33.3, ""error"": 1.3001622999998936}, {""pair"": [1, 0, 2, 6], ""acc"": 1.4, ""vel"": 23.22, ""pos"": 33.3, ""error"": 0.009197700000090236}, {""pair"": [1, 0, 2, 6], ""acc"": 1.4, ""vel"": 23.22, ""pos"": 33.3, ""error"": 0.06313530000007361}]]","[[[3, 0, 2, 6], [1.4, 23.22, 26.9], 1.3001622999998972], [[3, 6, 0, 0], [1.4, 24.5, 26.9], 0.02016229999989605], [[3, 6, 1, 0], [1.4, 23.22, 33.3], 0.009197700000090236], [[0, 0, 2, 6], [1.4, 24.5, 26.9], 0.02016229999989605], [[1, 0, 2, 6], [1.4, 23.22, 33.3], 0.009197700000090236]]"
1.4,24.52,27.3,1.5,24.53,27.3,1.4,24.52,27.3,"[{""pair"": [0, 7, 1, 9], ""acc"": 1.4, ""vel"": 24.52, ""pos"": 27.3, ""error"": 0.020502299999893836}, {""pair"": [3, 7, 1, 9], ""acc"": 1.5, ""vel"": 24.52, ""pos"": 27.3, ""error"": 0.020502299999893836}, {""pair"": [0, 7, 0, 9], ""acc"": 1.0, ""vel"": 24.53, ""pos"": 27.3, ""error"": 0.022902299999906006}, {""pair"": [3, 7, 0, 9], ""acc"": 1.1, ""vel"": 24.53, ""pos"": 27.3, ""error"": 0.022902299999906006}]","[[0, 7, 1, 9], [3, 7, 1, 9], [0, 7, 0, 9], [3, 7, 0, 9]]","[[{""pair"": [3, 7, 0, 9], ""acc"": 1.1, ""vel"": 24.53, ""pos"": 27.3, ""error"": 7.681142299999909}, {""pair"": [3, 7, 0, 9], ""acc"": 1.1, ""vel"": 24.53, ""pos"": 27.3, ""error"": 7.681142299999909}, {""pair"": [3, 7, 0, 9], ""acc"": 1.1, ""vel"": 24.53, ""pos"": 27.3, ""error"": 0.022902299999906006}, {""pair"": [3, 7, 0, 9], ""acc"": 1.1, ""vel"": 24.53, ""pos"": 27.3, ""error"": 0.022902299999906006}, {""pair"": [3, 7, 0, 9], ""acc"": 1.1, ""vel"": 24.53, ""pos"": 27.3, ""error"": 1.2912577000001022}], [{""pair"": [3, 7, 1, 9], ""acc"": 1.5, ""vel"": 24.52, ""pos"": 27.3, ""error"": 7.671142299999907}, {""pair"": [3, 7, 1, 9], ""acc"": 1.5, ""vel"": 24.52, ""pos"": 27.3, ""error"": 7.671142299999907}, {""pair"": [3, 7, 1, 9], ""acc"": 1.5, ""vel"": 24.52, ""pos"": 27.3, ""error"": 0.020502299999893836}, {""pair"": [3, 7, 1, 9], ""acc"": 1.5, ""vel"": 24.52, ""pos"": 27.3, ""error"": 0.020502299999893836}, {""pair"": [3, 7, 1, 9], ""acc"": 1.5, ""vel"": 24.52, ""pos"": 27.3, ""error"": 1.2812577000001006}], [{""pair"": [0, 7, 0, 9], ""acc"": 1.0, ""vel"": 24.53, ""pos"": 27.3, ""error"": 7.681142299999909}, {""pair"": [0, 7, 0, 9], ""acc"": 1.0, ""vel"": 24.53, ""pos"": 27.3, ""error"": 7.681142299999909}, {""pair"": [0, 7, 0, 9], ""acc"": 1.0, ""vel"": 24.53, ""pos"": 27.3, ""error"": 0.022902299999906006}, {""pair"": [0, 7, 0, 9], ""acc"": 1.0, ""vel"": 24.53, ""pos"": 27.3, ""error"": 0.022902299999906006}, {""pair"": [0, 7, 0, 9], ""acc"": 1.0, ""vel"": 24.53, ""pos"": 27.3, ""error"": 1.2912577000001022}], [{""pair"": [0, 7, 1, 9], ""acc"": 1.4, ""vel"": 24.52, ""pos"": 27.3, ""error"": 7.671142299999907}, {""pair"": [0, 7, 1, 9], ""acc"": 1.4, ""vel"": 24.52, ""pos"": 27.3, ""error"": 7.671142299999907}, {""pair"": [0, 7, 1, 9], ""acc"": 1.4, ""vel"": 24.52, ""pos"": 27.3, ""error"": 0.020502299999893836}, {""pair"": [0, 7, 1, 9], ""acc"": 1.4, ""vel"": 24.52, ""pos"": 27.3, ""error"": 0.020502299999893836}, {""pair"": [0, 7, 1, 9], ""acc"": 1.4, ""vel"": 24.52, ""pos"": 27.3, ""error"": 1.2812577000001006}]]","[[[3, 7, 0, 9], [1.1, 24.53, 27.3], 0.022902299999906006], [[3, 7, 1, 9], [1.5, 24.52, 27.3], 0.020502299999893836], [[0, 7, 0, 9], [1.0, 24.53, 27.3], 0.022902299999906006], [[0, 7, 1, 9], [1.4, 24.52, 27.3], 0.020502299999893836]]"
1.4,24.55,27.700000000000003,1.4,24.55,245.3,1.4,24.55,27.7,"[{""pair"": [1, 1, 1, 5], ""acc"": 1.4, ""vel"": 24.55, ""pos"": 27.7, ""error"": 0.009779199999496058}, {""pair"": [3, 1, 1, 5], ""acc"": 1.4, ""vel"": 24.55, ""pos"": 40.5, ""error"": 12.809779199999497}, {""pair"": [0, 1, 1, 5], ""acc"": 1.4, ""vel"": 21.99, ""pos"": 40.5, ""error"": 15.359900799999544}]","[[1, 1, 1, 5], [3, 1, 1, 5], [0, 1, 1, 5]]","[[{""pair"": [3, 1, 1, 5], ""acc"": 1.4, ""vel"": 24.55, ""pos"": 40.5, ""error"": 12.815100799999492}, {""pair"": [3, 1, 1, 5], ""acc"": 1.4, ""vel"": 24.55, ""pos"": 40.5, ""error"": 12.813487999999488}, {""pair"": [3, 1, 1, 5], ""acc"": 1.4, ""vel"": 24.55, ""pos"": 40.5, ""error"": 12.8113919999995}, {""pair"": [3, 1, 1, 5], ""acc"": 1.4, ""vel"": 24.55, ""pos"": 40.5, ""error"": 12.809779199999497}], [{""pair"": [0, 1, 1, 5], ""acc"": 1.4, ""vel"": 21.99, ""pos"": 40.5, ""error"": 15.359900799999544}, {""pair"": [0, 1, 1, 5], ""acc"": 1.4, ""vel"": 21.99, ""pos"": 40.5, ""error"": 15.361487999999547}, {""pair"": [0, 1, 1, 5], ""acc"": 1.4, ""vel"": 21.99, ""pos"": 40.5, ""error"": 15.363391999999543}, {""pair"": [0, 1, 1, 5], ""acc"": 1.4, ""vel"": 21.99, ""pos"": 40.5, ""error"": 15.364979199999546}], [{""pair"": [1, 1, 1, 5], ""acc"": 1.4, ""vel"": 24.55, ""pos"": 27.7, ""error"": 0.015100799999490988}, {""pair"": [1, 1, 1, 5], ""acc"": 1.4, ""vel"": 24.55, ""pos"": 27.7, ""error"": 0.013487999999487243}, {""pair"": [1, 1, 1, 5], ""acc"": 1.4, ""vel"": 24.55, ""pos"": 27.7, ""error"": 0.011391999999499802}, {""pair"": [1, 1, 1, 5], ""acc"": 1.4, ""vel"": 24.55, ""pos"": 27.7, ""error"": 0.009779199999496058}]]","[[[3, 1, 1, 5], [1.4, 24.55, 40.5], 12.809779199999497], [[0, 1, 1, 5], [1.4, 21.99, 40.5], 15.359900799999544], [[1, 1, 1, 5], [1.4, 24.55, 27.7], 0.009779199999496058]]"
1.4,24.57,28.1,1.4,24.61,232.9,1.4,24.57,28.1,"[{""pair"": [1, 5, 1, 11], ""acc"": 1.4, ""vel"": 24.57, ""pos"": 28.1, ""error"": 0.02135229999989363}]","[[1, 5, 1, 11]]","[[{""pair"": [1, 5, 1, 11], ""acc"": 1.4, ""vel"": 24.57, ""pos"": 28.1, ""error"": 0.02135229999989363}, {""pair"": [1, 5, 1, 11], ""acc"": 1.4, ""vel"": 24.57, ""pos"": 28.1, ""error"": 12.82135229999989}, {""pair"": [1, 5, 1, 11], ""acc"": 1.4, ""vel"": 24.57, ""pos"": 28.1, ""error"": 15.330232299999917}]]","[[[1, 5, 1, 11], [1.4, 24.57, 28.1], 0.02135229999989363]]"
1.4,24.59,28.5,1.4,34.67,28.5,1.4,24.59,28.5,"[{""pair"": [0, 3, 1, 13], ""acc"": 1.4, ""vel"": 24.59, ""pos"": 28.5, ""error"": 0.021692299999898523}, {""pair"": [3, 13, 0, 3], ""acc"": 1.4, ""vel"": 24.43, ""pos"": 28.5, ""error"": 0.18169229999989867}, {""pair"": [0, 3, 0, 13], ""acc"": 7.8, ""vel"": 24.43, ""pos"": 28.5, ""error"": 0.18169229999989867}, {""pair"": [3, 3, 0, 13], ""acc"": 7.8, ""vel"": 34.67, ""pos"": 28.5, ""error"": 10.094092299999911}, {""pair"": [3, 3, 1, 13], ""acc"": 1.4, ""vel"": 34.83, ""pos"": 28.5, ""error"": 10.254092299999908}]","[[0, 3, 1, 13], [3, 13, 0, 3], [0, 3, 0, 13], [3, 3, 0, 13], [3, 3, 1, 13]]","[[{""pair"": [3, 3, 0, 13], ""acc"": 7.8, ""vel"": 34.67, ""pos"": 28.5, ""error"": 10.094092299999911}], [{""pair"": [3, 3, 1, 13], ""acc"": 1.4, ""vel"": 34.83, ""pos"": 28.5, ""error"": 10.254092299999908}], [{""pair"": [3, 13, 0, 3], ""acc"": 1.4, ""vel"": 24.43, ""pos"": 28.5, ""error"": 0.18169229999989867}], [{""pair"": [0, 3, 0, 13], ""acc"": 7.8, ""vel"": 24.43, ""pos"": 28.5, ""error"": 0.18169229999989867}], [{""pair"": [0, 3, 1, 13], ""acc"": 1.4, ""vel"": 24.59, ""pos"": 28.5, ""error"": 0.021692299999898523}]]","[[[3, 3, 0, 13], [7.8, 34.67, 28.5], 10.094092299999911], [[3, 3, 1, 13], [1.4, 34.83, 28.5], 10.254092299999908], [[3, 13, 0, 3], [1.4, 24.43, 28.5], 0.18169229999989867], [[0, 3, 0, 13], [7.8, 24.43, 28.5], 0.18169229999989867], [[0, 3, 1, 13], [1.4, 24.59, 28.5], 0.021692299999898523]]"
1.4,24.61,28.9,3.0,22.05,28.9,1.4,24.61,28.9,"[{""pair"": [0, 1, 0, 11], ""acc"": 1.4, ""vel"": 24.61, ""pos"": 28.9, ""error"": 0.008780800000867117}, {""pair"": [3, 11, 0, 1], ""acc"": 3.0, ""vel"": 24.61, ""pos"": 28.9, ""error"": 0.008780800000867117}, {""pair"": [0, 1, 1, 11], ""acc"": 3.0, ""vel"": 24.57, ""pos"": 28.9, ""error"": 0.023321600001203535}, {""pair"": [2, 1, 0, 11], ""acc"": 1.4, ""vel"": 22.05, ""pos"": 28.9, ""error"": 2.4113408000008576}, {""pair"": [3, 11, 2, 1], ""acc"": 3.0, ""vel"": 22.05, ""pos"": 28.9, ""error"": 2.4113408000008576}, {""pair"": [2, 1, 1, 11], ""acc"": 3.0, ""vel"": 22.01, ""pos"": 28.9, ""error"": 2.4513408000008567}, {""pair"": [1, 1, 0, 11], ""acc"": 1.4, ""vel"": 22.05, ""pos"": 41.7, ""error"": 15.211340800000862}, {""pair"": [3, 11, 1, 1], ""acc"": 3.0, ""vel"": 22.05, ""pos"": 41.7, ""error"": 15.211340800000862}, {""pair"": [1, 1, 1, 11], ""acc"": 3.0, ""vel"": 22.01, ""pos"": 41.7, ""error"": 15.251340800000861}]","[[0, 1, 0, 11], [3, 11, 0, 1], [0, 1, 1, 11], [2, 1, 0, 11], [3, 11, 2, 1], [2, 1, 1, 11], [1, 1, 0, 11], [3, 11, 1, 1], [1, 1, 1, 11]]","[[{""pair"": [3, 11, 0, 1], ""acc"": 3.0, ""vel"": 24.61, ""pos"": 28.9, ""error"": 0.008780800000867117}, {""pair"": [3, 11, 0, 1], ""acc"": 3.0, ""vel"": 24.61, ""pos"": 28.9, ""error"": 0.16654080000096272}, {""pair"": [3, 11, 0, 1], ""acc"": 3.0, ""vel"": 24.61, ""pos"": 28.9, ""error"": 0.06332160000120268}, {""pair"": [3, 11, 0, 1], ""acc"": 3.0, ""vel"": 24.61, ""pos"": 28.9, ""error"": 10.340518399998416}, {""pair"": [3, 11, 0, 1], ""acc"": 3.0, ""vel"": 24.61, ""pos"": 28.9, ""error"": 10.399859199998648}], [{""pair"": [3, 11, 1, 1], ""acc"": 3.0, ""vel"": 22.05, ""pos"": 41.7, ""error"": 15.36878080000087}, {""pair"": [3, 11, 1, 1], ""acc"": 3.0, ""vel"": 22.05, ""pos"": 41.7, ""error"": 15.211340800000862}, {""pair"": [3, 11, 1, 1], ""acc"": 3.0, ""vel"": 22.05, ""pos"": 41.7, ""error"": 15.312921600000625}, {""pair"": [3, 11, 1, 1], ""acc"": 3.0, ""vel"": 22.05, ""pos"": 41.7, ""error"": 25.38908160000101}, {""pair"": [3, 11, 1, 1], ""acc"": 3.0, ""vel"": 22.05, ""pos"": 41.7, ""error"": 25.44494080000125}], [{""pair"": [3, 11, 2, 1], ""acc"": 3.0, ""vel"": 22.05, ""pos"": 28.9, ""error"": 2.568780800000866}, {""pair"": [3, 11, 2, 1], ""acc"": 3.0, ""vel"": 22.05, ""pos"": 28.9, ""error"": 2.4113408000008576}, {""pair"": [3, 11, 2, 1], ""acc"": 3.0, ""vel"": 22.05, ""pos"": 28.9, ""error"": 2.5129216000006203}, {""pair"": [3, 11, 2, 1], ""acc"": 3.0, ""vel"": 22.05, ""pos"": 28.9, ""error"": 12.900518399998415}, {""pair"": [3, 11, 2, 1], ""acc"": 3.0, ""vel"": 22.05, ""pos"": 28.9, ""error"": 12.959859199998647}], [{""pair"": [0, 1, 0, 11], ""acc"": 1.4, ""vel"": 24.61, ""pos"": 28.9, ""error"": 0.008780800000867117}, {""pair"": [0, 1, 0, 11], ""acc"": 1.4, ""vel"": 24.61, ""pos"": 28.9, ""error"": 0.16654080000096272}, {""pair"": [0, 1, 0, 11], ""acc"": 1.4, ""vel"": 24.61, ""pos"": 28.9, ""error"": 0.06332160000120268}, {""pair"": [0, 1, 0, 11], ""acc"": 1.4, ""vel"": 24.61, ""pos"": 28.9, ""error"": 10.340518399998416}, {""pair"": [0, 1, 0, 11], ""acc"": 1.4, ""vel"": 24.61, ""pos"": 28.9, ""error"": 10.399859199998648}], [{""pair"": [0, 1, 1, 11], ""acc"": 3.0, ""vel"": 24.57, ""pos"": 28.9, ""error"": 0.048780800000866265}, {""pair"": [0, 1, 1, 11], ""acc"": 3.0, ""vel"": 24.57, ""pos"": 28.9, ""error"": 0.12654080000096357}, {""pair"": [0, 1, 1, 11], ""acc"": 3.0, ""vel"": 24.57, ""pos"": 28.9, ""error"": 0.023321600001203535}, {""pair"": [0, 1, 1, 11], ""acc"": 3.0, ""vel"": 24.57, ""pos"": 28.9, ""error"": 10.380518399998415}, {""pair"": [0, 1, 1, 11], ""acc"": 3.0, ""vel"": 24.57, ""pos"": 28.9, ""error"": 10.439859199998647}], [{""pair"": [1, 1, 0, 11], ""acc"": 1.4, ""vel"": 22.05, ""pos"": 41.7, ""error"": 15.36878080000087}, {""pair"": [1, 1, 0, 11], ""acc"": 1.4, ""vel"": 22.05, ""pos"": 41.7, ""error"": 15.211340800000862}, {""pair"": [1, 1, 0, 11], ""acc"": 1.4, ""vel"": 22.05, ""pos"": 41.7, ""error"": 15.312921600000625}, {""pair"": [1, 1, 0, 11], ""acc"": 1.4, ""vel"": 22.05, ""pos"": 41.7, ""error"": 25.38908160000101}, {""pair"": [1, 1, 0, 11], ""acc"": 1.4, ""vel"": 22.05, ""pos"": 41.7, ""error"": 25.44494080000125}], [{""pair"": [1, 1, 1, 11], ""acc"": 3.0, ""vel"": 22.01, ""pos"": 41.7, ""error"": 15.40878080000087}, {""pair"": [1, 1, 1, 11], ""acc"": 3.0, ""vel"": 22.01, ""pos"": 41.7, ""error"": 15.251340800000861}, {""pair"": [1, 1, 1, 11], ""acc"": 3.0, ""vel"": 22.01, ""pos"": 41.7, ""error"": 15.352921600000624}, {""pair"": [1, 1, 1, 11], ""acc"": 3.0, ""vel"": 22.01, ""pos"": 41.7, ""error"": 25.42908160000101}, {""pair"": [1, 1, 1, 11], ""acc"": 3.0, ""vel"": 22.01, ""pos"": 41.7, ""error"": 25.484940800001247}], [{""pair"": [2, 1, 0, 11], ""acc"": 1.4, ""vel"": 22.05, ""pos"": 28.9, ""error"": 2.568780800000866}, {""pair"": [2, 1, 0, 11], ""acc"": 1.4, ""vel"": 22.05, ""pos"": 28.9, ""error"": 2.4113408000008576}, {""pair"": [2, 1, 0, 11], ""acc"": 1.4, ""vel"": 22.05, ""pos"": 28.9, ""error"": 2.5129216000006203}, {""pair"": [2, 1, 0, 11], ""acc"": 1.4, ""vel"": 22.05, ""pos"": 28.9, ""error"": 12.900518399998415}, {""pair"": [2, 1, 0, 11], ""acc"": 1.4, ""vel"": 22.05, ""pos"": 28.9, ""error"": 12.959859199998647}], [{""pair"": [2, 1, 1, 11], ""acc"": 3.0, ""vel"": 22.01, ""pos"": 28.9, ""error"": 2.608780800000865}, {""pair"": [2, 1, 1, 11], ""acc"": 3.0, ""vel"": 22.01, ""pos"": 28.9, ""error"": 2.4513408000008567}, {""pair"": [2, 1, 1, 11], ""acc"": 3.0, ""vel"": 22.01, ""pos"": 28.9, ""error"": 2.5529216000006194}, {""pair"": [2, 1, 1, 11], ""acc"": 3.0, ""vel"": 22.01, ""pos"": 28.9, ""error"": 12.940518399998414}, {""pair"": [2, 1, 1, 11], ""acc"": 3.0, ""vel"": 22.01, ""pos"": 28.9, ""error"": 12.999859199998646}]]","[[[3, 11, 0, 1], [3.0, 24.61, 28.9], 0.008780800000867117], [[3, 11, 1, 1], [3.0, 22.05, 41.7], 15.211340800000862], [[3, 11, 2, 1], [3.0, 22.05, 28.9], 2.4113408000008576], [[0, 1, 0, 11], [1.4, 24.61, 28.9], 0.008780800000867117], [[0, 1, 1, 11], [3.0, 24.57, 28.9], 0.023321600001203535], [[1, 1, 0, 11], [1.4, 22.05, 41.7], 15.211340800000862], [[1, 1, 1, 11], [3.0, 22.01, 41.7], 15.251340800000861], [[2, 1, 0, 11], [1.4, 22.05, 28.9], 2.4113408000008576], [[2, 1, 1, 11], [3.0, 22.01, 28.9], 2.4513408000008567]]"
1.4,24.64,29.3,1.4,24.64,29.3,1.4,106.56,29.3,"[{""pair"": [3, 11, 0, 6], ""acc"": 1.4, ""vel"": 106.56, ""pos"": 29.3, ""error"": 81.9178034999999}, {""pair"": [3, 11, 1, 6], ""acc"": 1.4, ""vel"": 24.64, ""pos"": 438.9, ""error"": 399.36371650000007}]","[[3, 11, 0, 6], [3, 11, 1, 6]]","[[{""pair"": [3, 11, 0, 6], ""acc"": 1.4, ""vel"": 106.56, ""pos"": 29.3, ""error"": 81.94477229999991}, {""pair"": [3, 11, 0, 6], ""acc"": 1.4, ""vel"": 106.56, ""pos"": 29.3, ""error"": 81.9178034999999}, {""pair"": [3, 11, 0, 6], ""acc"": 1.4, ""vel"": 106.56, ""pos"": 29.3, ""error"": 81.95712349999992}, {""pair"": [3, 11, 0, 6], ""acc"": 1.4, ""vel"": 106.56, ""pos"": 29.3, ""error"": 84.5111477000001}, {""pair"": [3, 11, 0, 6], ""acc"": 1.4, ""vel"": 106.56, ""pos"": 29.3, ""error"": 84.48371650000011}, {""pair"": [3, 11, 0, 6], ""acc"": 1.4, ""vel"": 106.56, ""pos"": 29.3, ""error"": 84.52439650000011}, {""pair"": [3, 11, 0, 6], ""acc"": 1.4, ""vel"": 106.56, ""pos"": 29.3, ""error"": 97.26125229999992}, {""pair"": [3, 11, 0, 6], ""acc"": 1.4, ""vel"": 106.56, ""pos"": 29.3, ""error"": 97.23428349999993}, {""pair"": [3, 11, 0, 6], ""acc"": 1.4, ""vel"": 106.56, ""pos"": 29.3, ""error"": 97.27360349999992}], [{""pair"": [3, 11, 1, 6], ""acc"": 1.4, ""vel"": 24.64, ""pos"": 438.9, ""error"": 409.5876277000001}, {""pair"": [3, 11, 1, 6], ""acc"": 1.4, ""vel"": 24.64, ""pos"": 438.9, ""error"": 409.6021965000001}, {""pair"": [3, 11, 1, 6], ""acc"": 1.4, ""vel"": 24.64, ""pos"": 438.9, ""error"": 409.6008765000001}, {""pair"": [3, 11, 1, 6], ""acc"": 1.4, ""vel"": 24.64, ""pos"": 438.9, ""error"": 412.19114770000004}, {""pair"": [3, 11, 1, 6], ""acc"": 1.4, ""vel"": 24.64, ""pos"": 438.9, ""error"": 412.1637165000001}, {""pair"": [3, 11, 1, 6], ""acc"": 1.4, ""vel"": 24.64, ""pos"": 438.9, ""error"": 412.2043965000001}, {""pair"": [3, 11, 1, 6], ""acc"": 1.4, ""vel"": 24.64, ""pos"": 438.9, ""error"": 399.39114770000003}, {""pair"": [3, 11, 1, 6], ""acc"": 1.4, ""vel"": 24.64, ""pos"": 438.9, ""error"": 399.36371650000007}, {""pair"": [3, 11, 1, 6], ""acc"": 1.4, ""vel"": 24.64, ""pos"": 438.9, ""error"": 399.4043965000001}]]","[[[3, 11, 0, 6], [1.4, 106.56, 29.3], 81.9178034999999], [[3, 11, 1, 6], [1.4, 24.64, 438.9], 399.36371650000007]]"
1.3,24.66,29.8,1.3,24.66,29.8,1.3,24.66,29.8,"[{""pair"": [3, 0, 2, 3], ""acc"": 1.3, ""vel"": 24.66, ""pos"": 29.8, ""error"": 83.23552229999956}, {""pair"": [3, 3, 2, 0], ""acc"": 1.3, ""vel"": 24.66, ""pos"": 29.8, ""error"": 83.23552229999956}, {""pair"": [2, 0, 2, 3], ""acc"": 1.3, ""vel"": 24.66, ""pos"": 29.8, ""error"": 83.23552229999956}, {""pair"": [3, 3, 0, 0], ""acc"": 1.3, ""vel"": 23.38, ""pos"": 29.8, ""error"": 84.51552229999956}, {""pair"": [0, 0, 2, 3], ""acc"": 1.3, ""vel"": 23.38, ""pos"": 29.8, ""error"": 84.51552229999956}]","[[3, 0, 2, 3], [3, 3, 2, 0], [2, 0, 2, 3], [3, 3, 0, 0], [0, 0, 2, 3]]","[[{""pair"": [3, 0, 2, 3], ""acc"": 1.3, ""vel"": 24.66, ""pos"": 29.8, ""error"": 83.23552229999956}, {""pair"": [3, 0, 2, 3], ""acc"": 1.3, ""vel"": 24.66, ""pos"": 29.8, ""error"": 409.5228822999999}], [{""pair"": [3, 3, 0, 0], ""acc"": 1.3, ""vel"": 23.38, ""pos"": 29.8, ""error"": 84.51552229999956}, {""pair"": [3, 3, 0, 0], ""acc"": 1.3, ""vel"": 23.38, ""pos"": 29.8, ""error"": 410.80288229999985}], [{""pair"": [3, 3, 2, 0], ""acc"": 1.3, ""vel"": 24.66, ""pos"": 29.8, ""error"": 83.23552229999956}, {""pair"": [3, 3, 2, 0], ""acc"": 1.3, ""vel"": 24.66, ""pos"": 29.8, ""error"": 409.5228822999999}], [{""pair"": [0, 0, 2, 3], ""acc"": 1.3, ""vel"": 23.38, ""pos"": 29.8, ""error"": 84.51552229999956}, {""pair"": [0, 0, 2, 3], ""acc"": 1.3, ""vel"": 23.38, ""pos"": 29.8, ""error"": 410.80288229999985}], [{""pair"": [2, 0, 2, 3], ""acc"": 1.3, ""vel"": 24.66, ""pos"": 29.8, ""error"": 83.23552229999956}, {""pair"": [2, 0, 2, 3], ""acc"": 1.3, ""vel"": 24.66, ""pos"": 29.8, ""error"": 409.5228822999999}]]","[[[3, 0, 2, 3], [1.3, 24.66, 29.8], 83.23552229999956], [[3, 3, 0, 0], [1.3, 23.38, 29.8], 84.51552229999956], [[3, 3, 2, 0], [1.3, 24.66, 29.8], 83.23552229999956], [[0, 0, 2, 3], [1.3, 23.38, 29.8], 84.51552229999956], [[2, 0, 2, 3], [1.3, 24.66, 29.8], 83.23552229999956]]"
1.3,24.68,30.200000000000003,1.3,24.68,439.8,1.3,24.68,30.2,"[{""pair"": [3, 12, 1, 6], ""acc"": 1.3, ""vel"": 24.68, ""pos"": 30.2, ""error"": 0.006073599999542267}, {""pair"": [1, 6, 0, 12], ""acc"": 4.5, ""vel"": 24.68, ""pos"": 30.2, ""error"": 0.006073599999542267}, {""pair"": [1, 6, 1, 12], ""acc"": 1.3, ""vel"": 24.76, ""pos"": 30.2, ""error"": 0.084473599999491}, {""pair"": [3, 12, 2, 6], ""acc"": 1.3, ""vel"": 24.68, ""pos"": 439.8, ""error"": 409.60607359999955}, {""pair"": [3, 6, 0, 12], ""acc"": 4.5, ""vel"": 24.68, ""pos"": 439.8, ""error"": 409.60607359999955}, {""pair"": [2, 6, 0, 12], ""acc"": 4.5, ""vel"": 24.68, ""pos"": 439.8, ""error"": 409.60607359999955}, {""pair"": [3, 6, 1, 12], ""acc"": 1.3, ""vel"": 24.76, ""pos"": 439.8, ""error"": 409.6844735999995}, {""pair"": [2, 6, 1, 12], ""acc"": 1.3, ""vel"": 24.76, ""pos"": 439.8, ""error"": 409.6844735999995}]","[[3, 12, 1, 6], [1, 6, 0, 12], [1, 6, 1, 12], [3, 12, 2, 6], [3, 6, 0, 12], [2, 6, 0, 12], [3, 6, 1, 12], [2, 6, 1, 12]]","[[{""pair"": [3, 6, 0, 12], ""acc"": 4.5, ""vel"": 24.68, ""pos"": 439.8, ""error"": 409.60607359999955}, {""pair"": [3, 6, 0, 12], ""acc"": 4.5, ""vel"": 24.68, ""pos"": 439.8, ""error"": 409.60607359999955}, {""pair"": [3, 6, 0, 12], ""acc"": 4.5, ""vel"": 24.68, ""pos"": 439.8, ""error"": 409.60607359999955}, {""pair"": [3, 6, 0, 12], ""acc"": 4.5, ""vel"": 24.68, ""pos"": 439.8, ""error"": 410.90495359999954}, {""pair"": [3, 6, 0, 12], ""acc"": 4.5, ""vel"": 24.68, ""pos"": 439.8, ""error"": 410.90495359999954}], [{""pair"": [3, 6, 1, 12], ""acc"": 1.3, ""vel"": 24.76, ""pos"": 439.8, ""error"": 409.6844735999995}, {""pair"": [3, 6, 1, 12], ""acc"": 1.3, ""vel"": 24.76, ""pos"": 439.8, ""error"": 409.6844735999995}, {""pair"": [3, 6, 1, 12], ""acc"": 1.3, ""vel"": 24.76, ""pos"": 439.8, ""error"": 409.6844735999995}, {""pair"": [3, 6, 1, 12], ""acc"": 1.3, ""vel"": 24.76, ""pos"": 439.8, ""error"": 410.9849535999995}, {""pair"": [3, 6, 1, 12], ""acc"": 1.3, ""vel"": 24.76, ""pos"": 439.8, ""error"": 410.9849535999995}], [{""pair"": [3, 12, 1, 6], ""acc"": 1.3, ""vel"": 24.68, ""pos"": 30.2, ""error"": 0.006073599999542267}, {""pair"": [3, 12, 1, 6], ""acc"": 1.3, ""vel"": 24.68, ""pos"": 30.2, ""error"": 0.006073599999542267}, {""pair"": [3, 12, 1, 6], ""acc"": 1.3, ""vel"": 24.68, ""pos"": 30.2, ""error"": 0.006073599999542267}, {""pair"": [3, 12, 1, 6], ""acc"": 1.3, ""vel"": 24.68, ""pos"": 30.2, ""error"": 1.3049535999995143}, {""pair"": [3, 12, 1, 6], ""acc"": 1.3, ""vel"": 24.68, ""pos"": 30.2, ""error"": 1.3049535999995143}], [{""pair"": [3, 12, 2, 6], ""acc"": 1.3, ""vel"": 24.68, ""pos"": 439.8, ""error"": 409.60607359999955}, {""pair"": [3, 12, 2, 6], ""acc"": 1.3, ""vel"": 24.68, ""pos"": 439.8, ""error"": 409.60607359999955}, {""pair"": [3, 12, 2, 6], ""acc"": 1.3, ""vel"": 24.68, ""pos"": 439.8, ""error"": 409.60607359999955}, {""pair"": [3, 12, 2, 6], ""acc"": 1.3, ""vel"": 24.68, ""pos"": 439.8, ""error"": 410.90495359999954}, {""pair"": [3, 12, 2, 6], ""acc"": 1.3, ""vel"": 24.68, ""pos"": 439.8, ""error"": 410.90495359999954}], [{""pair"": [1, 6, 0, 12], ""acc"": 4.5, ""vel"": 24.68, ""pos"": 30.2, ""error"": 0.006073599999542267}, {""pair"": [1, 6, 0, 12], ""acc"": 4.5, ""vel"": 24.68, ""pos"": 30.2, ""error"": 0.006073599999542267}, {""pair"": [1, 6, 0, 12], ""acc"": 4.5, ""vel"": 24.68, ""pos"": 30.2, ""error"": 0.006073599999542267}, {""pair"": [1, 6, 0, 12], ""acc"": 4.5, ""vel"": 24.68, ""pos"": 30.2, ""error"": 1.3049535999995143}, {""pair"": [1, 6, 0, 12], ""acc"": 4.5, ""vel"": 24.68, ""pos"": 30.2, ""error"": 1.3049535999995143}], [{""pair"": [1, 6, 1, 12], ""acc"": 1.3, ""vel"": 24.76, ""pos"": 30.2, ""error"": 0.084473599999491}, {""pair"": [1, 6, 1, 12], ""acc"": 1.3, ""vel"": 24.76, ""pos"": 30.2, ""error"": 0.084473599999491}, {""pair"": [1, 6, 1, 12], ""acc"": 1.3, ""vel"": 24.76, ""pos"": 30.2, ""error"": 0.084473599999491}, {""pair"": [1, 6, 1, 12], ""acc"": 1.3, ""vel"": 24.76, ""pos"": 30.2, ""error"": 1.3849535999995162}, {""pair"": [1, 6, 1, 12], ""acc"": 1.3, ""vel"": 24.76, ""pos"": 30.2, ""error"": 1.3849535999995162}], [{""pair"": [2, 6, 0, 12], ""acc"": 4.5, ""vel"": 24.68, ""pos"": 439.8, ""error"": 409.60607359999955}, {""pair"": [2, 6, 0, 12], ""acc"": 4.5, ""vel"": 24.68, ""pos"": 439.8, ""error"": 409.60607359999955}, {""pair"": [2, 6, 0, 12], ""acc"": 4.5, ""vel"": 24.68, ""pos"": 439.8, ""error"": 409.60607359999955}, {""pair"": [2, 6, 0, 12], ""acc"": 4.5, ""vel"": 24.68, ""pos"": 439.8, ""error"": 410.90495359999954}, {""pair"": [2, 6, 0, 12], ""acc"": 4.5, ""vel"": 24.68, ""pos"": 439.8, ""error"": 410.90495359999954}], [{""pair"": [2, 6, 1, 12], ""acc"": 1.3, ""vel"": 24.76, ""pos"": 439.8, ""error"": 409.6844735999995}, {""pair"": [2, 6, 1, 12], ""acc"": 1.3, ""vel"": 24.76, ""pos"": 439.8, ""error"": 409.6844735999995}, {""pair"": [2, 6, 1, 12], ""acc"": 1.3, ""vel"": 24.76, ""pos"": 439.8, ""error"": 409.6844735999995}, {""pair"": [2, 6, 1, 12], ""acc"": 1.3, ""vel"": 24.76, ""pos"": 439.8, ""error"": 410.9849535999995}, {""pair"": [2, 6, 1, 12], ""acc"": 1.3, ""vel"": 24.76, ""pos"": 439.8, ""error"": 410.9849535999995}]]","[[[3, 6, 0, 12], [4.5, 24.68, 439.8], 409.60607359999955], [[3, 6, 1, 12], [1.3, 24.76, 439.8], 409.6844735999995], [[3, 12, 1, 6], [1.3, 24.68, 30.2], 0.006073599999542267], [[3, 12, 2, 6], [1.3, 24.68, 439.8], 409.60607359999955], [[1, 6, 0, 12], [4.5, 24.68, 30.2], 0.006073599999542267], [[1, 6, 1, 12], [1.3, 24.76, 30.2], 0.084473599999491], [[2, 6, 0, 12], [4.5, 24.68, 439.8], 409.60607359999955], [[2, 6, 1, 12], [1.3, 24.76, 439.8], 409.6844735999995]]"
1.3,24.7,30.6,7.7,24.71,30.6,1.3,24.7,30.6,"[{""pair"": [1, 9, 0, 13], ""acc"": 1.3, ""vel"": 24.7, ""pos"": 30.6, ""error"": 0.0218478499998902}, {""pair"": [3, 13, 1, 9], ""acc"": 7.7, ""vel"": 24.7, ""pos"": 30.6, ""error"": 0.0218478499998902}, {""pair"": [0, 9, 0, 13], ""acc"": 0.9, ""vel"": 24.71, ""pos"": 30.6, ""error"": 0.027647849999901553}, {""pair"": [3, 9, 0, 13], ""acc"": 1.3, ""vel"": 24.71, ""pos"": 30.6, ""error"": 0.027647849999901553}, {""pair"": [3, 13, 0, 9], ""acc"": 7.3, ""vel"": 24.71, ""pos"": 30.6, ""error"": 0.027647849999901553}]","[[1, 9, 0, 13], [3, 13, 1, 9], [0, 9, 0, 13], [3, 9, 0, 13], [3, 13, 0, 9]]","[[{""pair"": [3, 9, 0, 13], ""acc"": 1.3, ""vel"": 24.71, ""pos"": 30.6, ""error"": 0.027647849999901553}, {""pair"": [3, 9, 0, 13], ""acc"": 1.3, ""vel"": 24.71, ""pos"": 30.6, ""error"": 0.06671024999987551}, {""pair"": [3, 9, 0, 13], ""acc"": 1.3, ""vel"": 24.71, ""pos"": 30.6, ""error"": 0.09320784999989229}, {""pair"": [3, 9, 0, 13], ""acc"": 1.3, ""vel"": 24.71, ""pos"": 30.6, ""error"": 409.62764784999985}, {""pair"": [3, 9, 0, 13], ""acc"": 1.3, ""vel"": 24.71, ""pos"": 30.6, ""error"": 409.6667102499998}, {""pair"": [3, 9, 0, 13], ""acc"": 1.3, ""vel"": 24.71, ""pos"": 30.6, ""error"": 409.6667102499998}, {""pair"": [3, 9, 0, 13], ""acc"": 1.3, ""vel"": 24.71, ""pos"": 30.6, ""error"": 409.69320784999985}, {""pair"": [3, 9, 0, 13], ""acc"": 1.3, ""vel"": 24.71, ""pos"": 30.6, ""error"": 409.69320784999985}], [{""pair"": [3, 13, 0, 9], ""acc"": 7.3, ""vel"": 24.71, ""pos"": 30.6, ""error"": 0.027647849999901553}, {""pair"": [3, 13, 0, 9], ""acc"": 7.3, ""vel"": 24.71, ""pos"": 30.6, ""error"": 0.06671024999987551}, {""pair"": [3, 13, 0, 9], ""acc"": 7.3, ""vel"": 24.71, ""pos"": 30.6, ""error"": 0.09320784999989229}, {""pair"": [3, 13, 0, 9], ""acc"": 7.3, ""vel"": 24.71, ""pos"": 30.6, ""error"": 409.62764784999985}, {""pair"": [3, 13, 0, 9], ""acc"": 7.3, ""vel"": 24.71, ""pos"": 30.6, ""error"": 409.6667102499998}, {""pair"": [3, 13, 0, 9], ""acc"": 7.3, ""vel"": 24.71, ""pos"": 30.6, ""error"": 409.6667102499998}, {""pair"": [3, 13, 0, 9], ""acc"": 7.3, ""vel"": 24.71, ""pos"": 30.6, ""error"": 409.69320784999985}, {""pair"": [3, 13, 0, 9], ""acc"": 7.3, ""vel"": 24.71, ""pos"": 30.6, ""error"": 409.69320784999985}], [{""pair"": [3, 13, 1, 9], ""acc"": 7.7, ""vel"": 24.7, ""pos"": 30.6, ""error"": 0.0218478499998902}, {""pair"": [3, 13, 1, 9], ""acc"": 7.7, ""vel"": 24.7, ""pos"": 30.6, ""error"": 0.07671024999987708}, {""pair"": [3, 13, 1, 9], ""acc"": 7.7, ""vel"": 24.7, ""pos"": 30.6, ""error"": 0.10320784999989385}, {""pair"": [3, 13, 1, 9], ""acc"": 7.7, ""vel"": 24.7, ""pos"": 30.6, ""error"": 409.6218478499998}, {""pair"": [3, 13, 1, 9], ""acc"": 7.7, ""vel"": 24.7, ""pos"": 30.6, ""error"": 409.6767102499998}, {""pair"": [3, 13, 1, 9], ""acc"": 7.7, ""vel"": 24.7, ""pos"": 30.6, ""error"": 409.6767102499998}, {""pair"": [3, 13, 1, 9], ""acc"": 7.7, ""vel"": 24.7, ""pos"": 30.6, ""error"": 409.7032078499999}, {""pair"": [3, 13, 1, 9], ""acc"": 7.7, ""vel"": 24.7, ""pos"": 30.6, ""error"": 409.7032078499999}], [{""pair"": [0, 9, 0, 13], ""acc"": 0.9, ""vel"": 24.71, ""pos"": 30.6, ""error"": 0.027647849999901553}, {""pair"": [0, 9, 0, 13], ""acc"": 0.9, ""vel"": 24.71, ""pos"": 30.6, ""error"": 0.06671024999987551}, {""pair"": [0, 9, 0, 13], ""acc"": 0.9, ""vel"": 24.71, ""pos"": 30.6, ""error"": 0.09320784999989229}, {""pair"": [0, 9, 0, 13], ""acc"": 0.9, ""vel"": 24.71, ""pos"": 30.6, ""error"": 409.62764784999985}, {""pair"": [0, 9, 0, 13], ""acc"": 0.9, ""vel"": 24.71, ""pos"": 30.6, ""error"": 409.6667102499998}, {""pair"": [0, 9, 0, 13], ""acc"": 0.9, ""vel"": 24.71, ""pos"": 30.6, ""error"": 409.6667102499998}, {""pair"": [0, 9, 0, 13], ""acc"": 0.9, ""vel"": 24.71, ""pos"": 30.6, ""error"": 409.69320784999985}, {""pair"": [0, 9, 0, 13], ""acc"": 0.9, ""vel"": 24.71, ""pos"": 30.6, ""error"": 409.69320784999985}], [{""pair"": [1, 9, 0, 13], ""acc"": 1.3, ""vel"": 24.7, ""pos"": 30.6, ""error"": 0.0218478499998902}, {""pair"": [1, 9, 0, 13], ""acc"": 1.3, ""vel"": 24.7, ""pos"": 30.6, ""error"": 0.07671024999987708}, {""pair"": [1, 9, 0, 13], ""acc"": 1.3, ""vel"": 24.7, ""pos"": 30.6, ""error"": 0.10320784999989385}, {""pair"": [1, 9, 0, 13], ""acc"": 1.3, ""vel"": 24.7, ""pos"": 30.6, ""error"": 409.6218478499998}, {""pair"": [1, 9, 0, 13], ""acc"": 1.3, ""vel"": 24.7, ""pos"": 30.6, ""error"": 409.6767102499998}, {""pair"": [1, 9, 0, 13], ""acc"": 1.3, ""vel"": 24.7, ""pos"": 30.6, ""error"": 409.6767102499998}, {""pair"": [1, 9, 0, 13], ""acc"": 1.3, ""vel"": 24.7, ""pos"": 30.6, ""error"": 409.7032078499999}, {""pair"": [1, 9, 0, 13], ""acc"": 1.3, ""vel"": 24.7, ""pos"": 30.6, ""error"": 409.7032078499999}]]","[[[3, 9, 0, 13], [1.3, 24.71, 30.6], 0.027647849999901553], [[3, 13, 0, 9], [7.3, 24.71, 30.6], 0.027647849999901553], [[3, 13, 1, 9], [7.7, 24.7, 30.6], 0.0218478499998902], [[0, 9, 0, 13], [0.9, 24.71, 30.6], 0.027647849999901553], [[1, 9, 0, 13], [1.3, 24.7, 30.6], 0.0218478499998902]]"
1.3,24.73,31.0,1.3,24.73,31.0,1.3,24.73,31.0,"[{""pair"": [3, 0, 2, 5], ""acc"": 1.3, ""vel"": 24.73, ""pos"": 31.0, ""error"": 0.022357849999895762}, {""pair"": [2, 0, 2, 5], ""acc"": 1.3, ""vel"": 24.73, ""pos"": 31.0, ""error"": 0.022357849999895762}, {""pair"": [1, 0, 2, 5], ""acc"": 1.3, ""vel"": 24.73, ""pos"": 37.4, ""error"": 6.381842150000093}]","[[3, 0, 2, 5], [2, 0, 2, 5], [1, 0, 2, 5]]","[[{""pair"": [3, 0, 2, 5], ""acc"": 1.3, ""vel"": 24.73, ""pos"": 31.0, ""error"": 0.027987849999906445}, {""pair"": [3, 0, 2, 5], ""acc"": 1.3, ""vel"": 24.73, ""pos"": 31.0, ""error"": 0.12191264999986728}, {""pair"": [3, 0, 2, 5], ""acc"": 1.3, ""vel"": 24.73, ""pos"": 31.0, ""error"": 0.024900049999903473}, {""pair"": [3, 0, 2, 5], ""acc"": 1.3, ""vel"": 24.73, ""pos"": 31.0, ""error"": 0.022357849999895762}, {""pair"": [3, 0, 2, 5], ""acc"": 1.3, ""vel"": 24.73, ""pos"": 31.0, ""error"": 0.1252248499998707}], [{""pair"": [1, 0, 2, 5], ""acc"": 1.3, ""vel"": 24.73, ""pos"": 37.4, ""error"": 6.387812150000105}, {""pair"": [1, 0, 2, 5], ""acc"": 1.3, ""vel"": 24.73, ""pos"": 37.4, ""error"": 6.479887350000066}, {""pair"": [1, 0, 2, 5], ""acc"": 1.3, ""vel"": 24.73, ""pos"": 37.4, ""error"": 6.384499950000102}, {""pair"": [1, 0, 2, 5], ""acc"": 1.3, ""vel"": 24.73, ""pos"": 37.4, ""error"": 6.381842150000093}, {""pair"": [1, 0, 2, 5], ""acc"": 1.3, ""vel"": 24.73, ""pos"": 37.4, ""error"": 6.482975150000069}], [{""pair"": [2, 0, 2, 5], ""acc"": 1.3, ""vel"": 24.73, ""pos"": 31.0, ""error"": 0.027987849999906445}, {""pair"": [2, 0, 2, 5], ""acc"": 1.3, ""vel"": 24.73, ""pos"": 31.0, ""error"": 0.12191264999986728}, {""pair"": [2, 0, 2, 5], ""acc"": 1.3, ""vel"": 24.73, ""pos"": 31.0, ""error"": 0.024900049999903473}, {""pair"": [2, 0, 2, 5], ""acc"": 1.3, ""vel"": 24.73, ""pos"": 31.0, ""error"": 0.022357849999895762}, {""pair"": [2, 0, 2, 5], ""acc"": 1.3, ""vel"": 24.73, ""pos"": 31.0, ""error"": 0.1252248499998707}]]","[[[3, 0, 2, 5], [1.3, 24.73, 31.0], 0.022357849999895762], [[1, 0, 2, 5], [1.3, 24.73, 37.4], 6.381842150000093], [[2, 0, 2, 5], [1.3, 24.73, 31.0], 0.022357849999895762]]"
1.3,24.75,31.4,1.2,24.75,31.4,1.2,24.75,31.4,"[{""pair"": [3, 0, 2, 7], ""acc"": 1.2, ""vel"": 24.75, ""pos"": 31.4, ""error"": 0.0049535999995420354}, {""pair"": [3, 0, 0, 7], ""acc"": 1.3, ""vel"": 24.75, ""pos"": 31.4, ""error"": 0.0049535999995420354}, {""pair"": [3, 7, 0, 0], ""acc"": 1.2, ""vel"": 23.47, ""pos"": 31.4, ""error"": 1.2849535999995432}, {""pair"": [0, 0, 2, 7], ""acc"": 1.2, ""vel"": 23.47, ""pos"": 31.4, ""error"": 1.2849535999995432}, {""pair"": [0, 0, 0, 7], ""acc"": 1.3, ""vel"": 23.47, ""pos"": 31.4, ""error"": 1.2849535999995432}, {""pair"": [3, 0, 1, 7], ""acc"": 1.2, ""vel"": 24.75, ""pos"": 850.6, ""error"": 812.8049535999995}, {""pair"": [0, 0, 1, 7], ""acc"": 1.2, ""vel"": 23.47, ""pos"": 850.6, ""error"": 814.0849535999995}]","[[3, 0, 2, 7], [3, 0, 0, 7], [3, 7, 0, 0], [0, 0, 2, 7], [0, 0, 0, 7], [3, 0, 1, 7], [0, 0, 1, 7]]","[[{""pair"": [3, 0, 0, 7], ""acc"": 1.3, ""vel"": 24.75, ""pos"": 31.4, ""error"": 0.0049535999995420354}, {""pair"": [3, 0, 0, 7], ""acc"": 1.3, ""vel"": 24.75, ""pos"": 31.4, ""error"": 0.0049535999995420354}, {""pair"": [3, 0, 0, 7], ""acc"": 1.3, ""vel"": 24.75, ""pos"": 31.4, ""error"": 6.396646400000506}], [{""pair"": [3, 0, 1, 7], ""acc"": 1.2, ""vel"": 24.75, ""pos"": 850.6, ""error"": 819.2049535999996}, {""pair"": [3, 0, 1, 7], ""acc"": 1.2, ""vel"": 24.75, ""pos"": 850.6, ""error"": 819.2049535999996}, {""pair"": [3, 0, 1, 7], ""acc"": 1.2, ""vel"": 24.75, ""pos"": 850.6, ""error"": 812.8049535999995}], [{""pair"": [3, 0, 2, 7], ""acc"": 1.2, ""vel"": 24.75, ""pos"": 31.4, ""error"": 0.0049535999995420354}, {""pair"": [3, 0, 2, 7], ""acc"": 1.2, ""vel"": 24.75, ""pos"": 31.4, ""error"": 0.0049535999995420354}, {""pair"": [3, 0, 2, 7], ""acc"": 1.2, ""vel"": 24.75, ""pos"": 31.4, ""error"": 6.396646400000506}], [{""pair"": [3, 7, 0, 0], ""acc"": 1.2, ""vel"": 23.47, ""pos"": 31.4, ""error"": 1.2849535999995432}, {""pair"": [3, 7, 0, 0], ""acc"": 1.2, ""vel"": 23.47, ""pos"": 31.4, ""error"": 1.2849535999995432}, {""pair"": [3, 7, 0, 0], ""acc"": 1.2, ""vel"": 23.47, ""pos"": 31.4, ""error"": 7.676646400000507}], [{""pair"": [0, 0, 0, 7], ""acc"": 1.3, ""vel"": 23.47, ""pos"": 31.4, ""error"": 1.2849535999995432}, {""pair"": [0, 0, 0, 7], ""acc"": 1.3, ""vel"": 23.47, ""pos"": 31.4, ""error"": 1.2849535999995432}, {""pair"": [0, 0, 0, 7], ""acc"": 1.3, ""vel"": 23.47, ""pos"": 31.4, ""error"": 7.676646400000507}], [{""pair"": [0, 0, 1, 7], ""acc"": 1.2, ""vel"": 23.47, ""pos"": 850.6, ""error"": 820.4849535999996}, {""pair"": [0, 0, 1, 7], ""acc"": 1.2, ""vel"": 23.47, ""pos"": 850.6, ""error"": 820.4849535999996}, {""pair"": [0, 0, 1, 7], ""acc"": 1.2, ""vel"": 23.47, ""pos"": 850.6, ""error"": 814.0849535999995}], [{""pair"": [0, 0, 2, 7], ""acc"": 1.2, ""vel"": 23.47, ""pos"": 31.4, ""error"": 1.2849535999995432}, {""pair"": [0, 0, 2, 7], ""acc"": 1.2, ""vel"": 23.47, ""pos"": 31.4, ""error"": 1.2849535999995432}, {""pair"": [0, 0, 2, 7], ""acc"": 1.2, ""vel"": 23.47, ""pos"": 31.4, ""error"": 7.676646400000507}]]","[[[3, 0, 0, 7], [1.3, 24.75, 31.4], 0.0049535999995420354], [[3, 0, 1, 7], [1.2, 24.75, 850.6], 812.8049535999995], [[3, 0, 2, 7], [1.2, 24.75, 31.4], 0.0049535999995420354], [[3, 7, 0, 0], [1.2, 23.47, 31.4], 1.2849535999995432], [[0, 0, 0, 7], [1.3, 23.47, 31.4], 1.2849535999995432], [[0, 0, 1, 7], [1.2, 23.47, 850.6], 814.0849535999995], [[0, 0, 2, 7], [1.2, 23.47, 31.4], 1.2849535999995432]]"
1.3,24.77,31.8,1.3,24.77,31.8,0.9,24.77,31.8,"[{""pair"": [3, 4, 0, 9], ""acc"": 0.9, ""vel"": 24.77, ""pos"": 31.8, ""error"": 0.02132339999989341}, {""pair"": [2, 4, 0, 9], ""acc"": 0.9, ""vel"": 24.77, ""pos"": 31.8, ""error"": 0.02132339999989341}, {""pair"": [3, 4, 2, 9], ""acc"": 1.3, ""vel"": 24.77, ""pos"": 31.8, ""error"": 0.02132339999989341}, {""pair"": [2, 4, 2, 9], ""acc"": 1.3, ""vel"": 24.77, ""pos"": 31.8, ""error"": 0.02132339999989341}, {""pair"": [3, 4, 1, 9], ""acc"": 1.3, ""vel"": 24.76, ""pos"": 31.8, ""error"": 0.03132339999989142}, {""pair"": [2, 4, 1, 9], ""acc"": 1.3, ""vel"": 24.76, ""pos"": 31.8, ""error"": 0.03132339999989142}, {""pair"": [1, 4, 0, 9], ""acc"": 0.9, ""vel"": 24.77, ""pos"": 134.2, ""error"": 102.37947660000009}, {""pair"": [1, 4, 2, 9], ""acc"": 1.3, ""vel"": 24.77, ""pos"": 134.2, ""error"": 102.37947660000009}, {""pair"": [1, 4, 1, 9], ""acc"": 1.3, ""vel"": 24.76, ""pos"": 134.2, ""error"": 102.38947660000008}]","[[3, 4, 0, 9], [2, 4, 0, 9], [3, 4, 2, 9], [2, 4, 2, 9], [3, 4, 1, 9], [2, 4, 1, 9], [1, 4, 0, 9], [1, 4, 2, 9], [1, 4, 1, 9]]","[[{""pair"": [3, 4, 0, 9], ""acc"": 0.9, ""vel"": 24.77, ""pos"": 31.8, ""error"": 0.02132339999989341}, {""pair"": [3, 4, 0, 9], ""acc"": 0.9, ""vel"": 24.77, ""pos"": 31.8, ""error"": 0.023037849999891336}, {""pair"": [3, 4, 0, 9], ""acc"": 0.9, ""vel"": 24.77, ""pos"": 31.8, ""error"": 1.280436600000101}, {""pair"": [3, 4, 0, 9], ""acc"": 0.9, ""vel"": 24.77, ""pos"": 31.8, ""error"": 1.280436600000101}, {""pair"": [3, 4, 0, 9], ""acc"": 0.9, ""vel"": 24.77, ""pos"": 31.8, ""error"": 1.2787221500001031}, {""pair"": [3, 4, 0, 9], ""acc"": 0.9, ""vel"": 24.77, ""pos"": 31.8, ""error"": 819.2213234}, {""pair"": [3, 4, 0, 9], ""acc"": 0.9, ""vel"": 24.77, ""pos"": 31.8, ""error"": 820.4787633999999}], [{""pair"": [3, 4, 1, 9], ""acc"": 1.3, ""vel"": 24.76, ""pos"": 31.8, ""error"": 0.03132339999989142}, {""pair"": [3, 4, 1, 9], ""acc"": 1.3, ""vel"": 24.76, ""pos"": 31.8, ""error"": 0.033037849999889346}, {""pair"": [3, 4, 1, 9], ""acc"": 1.3, ""vel"": 24.76, ""pos"": 31.8, ""error"": 1.270436600000103}, {""pair"": [3, 4, 1, 9], ""acc"": 1.3, ""vel"": 24.76, ""pos"": 31.8, ""error"": 1.270436600000103}, {""pair"": [3, 4, 1, 9], ""acc"": 1.3, ""vel"": 24.76, ""pos"": 31.8, ""error"": 1.2687221500001051}, {""pair"": [3, 4, 1, 9], ""acc"": 1.3, ""vel"": 24.76, ""pos"": 31.8, ""error"": 819.2313234}, {""pair"": [3, 4, 1, 9], ""acc"": 1.3, ""vel"": 24.76, ""pos"": 31.8, ""error"": 820.4687634}], [{""pair"": [3, 4, 2, 9], ""acc"": 1.3, ""vel"": 24.77, ""pos"": 31.8, ""error"": 0.02132339999989341}, {""pair"": [3, 4, 2, 9], ""acc"": 1.3, ""vel"": 24.77, ""pos"": 31.8, ""error"": 0.023037849999891336}, {""pair"": [3, 4, 2, 9], ""acc"": 1.3, ""vel"": 24.77, ""pos"": 31.8, ""error"": 1.280436600000101}, {""pair"": [3, 4, 2, 9], ""acc"": 1.3, ""vel"": 24.77, ""pos"": 31.8, ""error"": 1.280436600000101}, {""pair"": [3, 4, 2, 9], ""acc"": 1.3, ""vel"": 24.77, ""pos"": 31.8, ""error"": 1.2787221500001031}, {""pair"": [3, 4, 2, 9], ""acc"": 1.3, ""vel"": 24.77, ""pos"": 31.8, ""error"": 819.2213234}, {""pair"": [3, 4, 2, 9], ""acc"": 1.3, ""vel"": 24.77, ""pos"": 31.8, ""error"": 820.4787633999999}], [{""pair"": [1, 4, 0, 9], ""acc"": 0.9, ""vel"": 24.77, ""pos"": 134.2, ""error"": 102.37947660000009}, {""pair"": [1, 4, 0, 9], ""acc"": 0.9, ""vel"": 24.77, ""pos"": 134.2, ""error"": 102.3811621500001}, {""pair"": [1, 4, 0, 9], ""acc"": 0.9, ""vel"": 24.77, ""pos"": 134.2, ""error"": 103.68043660000008}, {""pair"": [1, 4, 0, 9], ""acc"": 0.9, ""vel"": 24.77, ""pos"": 134.2, ""error"": 103.68043660000008}, {""pair"": [1, 4, 0, 9], ""acc"": 0.9, ""vel"": 24.77, ""pos"": 134.2, ""error"": 103.67872215000008}, {""pair"": [1, 4, 0, 9], ""acc"": 0.9, ""vel"": 24.77, ""pos"": 134.2, ""error"": 716.8213233999999}, {""pair"": [1, 4, 0, 9], ""acc"": 0.9, ""vel"": 24.77, ""pos"": 134.2, ""error"": 718.0787634}], [{""pair"": [1, 4, 1, 9], ""acc"": 1.3, ""vel"": 24.76, ""pos"": 134.2, ""error"": 102.38947660000008}, {""pair"": [1, 4, 1, 9], ""acc"": 1.3, ""vel"": 24.76, ""pos"": 134.2, ""error"": 102.39116215000008}, {""pair"": [1, 4, 1, 9], ""acc"": 1.3, ""vel"": 24.76, ""pos"": 134.2, ""error"": 103.67043660000009}, {""pair"": [1, 4, 1, 9], ""acc"": 1.3, ""vel"": 24.76, ""pos"": 134.2, ""error"": 103.67043660000009}, {""pair"": [1, 4, 1, 9], ""acc"": 1.3, ""vel"": 24.76, ""pos"": 134.2, ""error"": 103.6687221500001}, {""pair"": [1, 4, 1, 9], ""acc"": 1.3, ""vel"": 24.76, ""pos"": 134.2, ""error"": 716.8313233999999}, {""pair"": [1, 4, 1, 9], ""acc"": 1.3, ""vel"": 24.76, ""pos"": 134.2, ""error"": 718.0687634}], [{""pair"": [1, 4, 2, 9], ""acc"": 1.3, ""vel"": 24.77, ""pos"": 134.2, ""error"": 102.37947660000009}, {""pair"": [1, 4, 2, 9], ""acc"": 1.3, ""vel"": 24.77, ""pos"": 134.2, ""error"": 102.3811621500001}, {""pair"": [1, 4, 2, 9], ""acc"": 1.3, ""vel"": 24.77, ""pos"": 134.2, ""error"": 103.68043660000008}, {""pair"": [1, 4, 2, 9], ""acc"": 1.3, ""vel"": 24.77, ""pos"": 134.2, ""error"": 103.68043660000008}, {""pair"": [1, 4, 2, 9], ""acc"": 1.3, ""vel"": 24.77, ""pos"": 134.2, ""error"": 103.67872215000008}, {""pair"": [1, 4, 2, 9], ""acc"": 1.3, ""vel"": 24.77, ""pos"": 134.2, ""error"": 716.8213233999999}, {""pair"": [1, 4, 2, 9], ""acc"": 1.3, ""vel"": 24.77, ""pos"": 134.2, ""error"": 718.0787634}], [{""pair"": [2, 4, 0, 9], ""acc"": 0.9, ""vel"": 24.77, ""pos"": 31.8, ""error"": 0.02132339999989341}, {""pair"": [2, 4, 0, 9], ""acc"": 0.9, ""vel"": 24.77, ""pos"": 31.8, ""error"": 0.023037849999891336}, {""pair"": [2, 4, 0, 9], ""acc"": 0.9, ""vel"": 24.77, ""pos"": 31.8, ""error"": 1.280436600000101}, {""pair"": [2, 4, 0, 9], ""acc"": 0.9, ""vel"": 24.77, ""pos"": 31.8, ""error"": 1.280436600000101}, {""pair"": [2, 4, 0, 9], ""acc"": 0.9, ""vel"": 24.77, ""pos"": 31.8, ""error"": 1.2787221500001031}, {""pair"": [2, 4, 0, 9], ""acc"": 0.9, ""vel"": 24.77, ""pos"": 31.8, ""error"": 819.2213234}, {""pair"": [2, 4, 0, 9], ""acc"": 0.9, ""vel"": 24.77, ""pos"": 31.8, ""error"": 820.4787633999999}], [{""pair"": [2, 4, 1, 9], ""acc"": 1.3, ""vel"": 24.76, ""pos"": 31.8, ""error"": 0.03132339999989142}, {""pair"": [2, 4, 1, 9], ""acc"": 1.3, ""vel"": 24.76, ""pos"": 31.8, ""error"": 0.033037849999889346}, {""pair"": [2, 4, 1, 9], ""acc"": 1.3, ""vel"": 24.76, ""pos"": 31.8, ""error"": 1.270436600000103}, {""pair"": [2, 4, 1, 9], ""acc"": 1.3, ""vel"": 24.76, ""pos"": 31.8, ""error"": 1.270436600000103}, {""pair"": [2, 4, 1, 9], ""acc"": 1.3, ""vel"": 24.76, ""pos"": 31.8, ""error"": 1.2687221500001051}, {""pair"": [2, 4, 1, 9], ""acc"": 1.3, ""vel"": 24.76, ""pos"": 31.8, ""error"": 819.2313234}, {""pair"": [2, 4, 1, 9], ""acc"": 1.3, ""vel"": 24.76, ""pos"": 31.8, ""error"": 820.4687634}], [{""pair"": [2, 4, 2, 9], ""acc"": 1.3, ""vel"": 24.77, ""pos"": 31.8, ""error"": 0.02132339999989341}, {""pair"": [2, 4, 2, 9], ""acc"": 1.3, ""vel"": 24.77, ""pos"": 31.8, ""error"": 0.023037849999891336}, {""pair"": [2, 4, 2, 9], ""acc"": 1.3, ""vel"": 24.77, ""pos"": 31.8, ""error"": 1.280436600000101}, {""pair"": [2, 4, 2, 9], ""acc"": 1.3, ""vel"": 24.77, ""pos"": 31.8, ""error"": 1.280436600000101}, {""pair"": [2, 4, 2, 9], ""acc"": 1.3, ""vel"": 24.77, ""pos"": 31.8, ""error"": 1.2787221500001031}, {""pair"": [2, 4, 2, 9], ""acc"": 1.3, ""vel"": 24.77, ""pos"": 31.8, ""error"": 819.2213234}, {""pair"": [2, 4, 2, 9], ""acc"": 1.3, ""vel"": 24.77, ""pos"": 31.8, ""error"": 820.4787633999999}]]","[[[3, 4, 0, 9], [0.9, 24.77, 31.8], 0.02132339999989341], [[3, 4, 1, 9], [1.3, 24.76, 31.8], 0.03132339999989142], [[3, 4, 2, 9], [1.3, 24.77, 31.8], 0.02132339999989341], [[1, 4, 0, 9], [0.9, 24.77, 134.2], 102.37947660000009], [[1, 4, 1, 9], [1.3, 24.76, 134.2], 102.38947660000008], [[1, 4, 2, 9], [1.3, 24.77, 134.2], 102.37947660000009], [[2, 4, 0, 9], [0.9, 24.77, 31.8], 0.02132339999989341], [[2, 4, 1, 9], [1.3, 24.76, 31.8], 0.03132339999989142], [[2, 4, 2, 9], [1.3, 24.77, 31.8], 0.02132339999989341]]"
1.3,24.79,32.2,1.3,4.31,32.2,1.3,24.79,32.2,"[{""pair"": [3, 3, 0, 4], ""acc"": 1.3, ""vel"": 24.79, ""pos"": 32.2, ""error"": 0.023377849999892675}, {""pair"": [2, 3, 0, 4], ""acc"": 1.3, ""vel"": 24.79, ""pos"": 32.2, ""error"": 0.023377849999892675}, {""pair"": [0, 3, 2, 4], ""acc"": 1.3, ""vel"": 14.55, ""pos"": 32.2, ""error"": 10.253207849999896}, {""pair"": [0, 3, 1, 4], ""acc"": 1.3, ""vel"": 14.55, ""pos"": 134.6, ""error"": 10.253207849999903}, {""pair"": [0, 3, 0, 4], ""acc"": 1.3, ""vel"": 35.03, ""pos"": 32.2, ""error"": 10.259177849999904}, {""pair"": [3, 3, 2, 4], ""acc"": 1.3, ""vel"": 4.31, ""pos"": 32.2, ""error"": 20.493207849999898}, {""pair"": [2, 3, 2, 4], ""acc"": 1.3, ""vel"": 4.31, ""pos"": 32.2, ""error"": 20.493207849999898}, {""pair"": [3, 3, 1, 4], ""acc"": 1.3, ""vel"": 4.31, ""pos"": 134.6, ""error"": 20.493207849999905}, {""pair"": [2, 3, 1, 4], ""acc"": 1.3, ""vel"": 4.31, ""pos"": 134.6, ""error"": 20.493207849999905}, {""pair"": [1, 3, 0, 4], ""acc"": 1.3, ""vel"": 24.79, ""pos"": 83.4, ""error"": 51.1808221500001}, {""pair"": [1, 3, 2, 4], ""acc"": 1.3, ""vel"": 4.31, ""pos"": 83.4, ""error"": 71.65099215000009}, {""pair"": [1, 3, 1, 4], ""acc"": 1.3, ""vel"": 4.31, ""pos"": 185.8, ""error"": 71.6509921500001}]","[[3, 3, 0, 4], [2, 3, 0, 4], [0, 3, 2, 4], [0, 3, 1, 4], [0, 3, 0, 4], [3, 3, 2, 4], [2, 3, 2, 4], [3, 3, 1, 4], [2, 3, 1, 4], [1, 3, 0, 4], [1, 3, 2, 4], [1, 3, 1, 4]]","[[{""pair"": [3, 3, 0, 4], ""acc"": 1.3, ""vel"": 24.79, ""pos"": 32.2, ""error"": 0.025920049999900385}, {""pair"": [3, 3, 0, 4], ""acc"": 1.3, ""vel"": 24.79, ""pos"": 32.2, ""error"": 0.025920049999900385}, {""pair"": [3, 3, 0, 4], ""acc"": 1.3, ""vel"": 24.79, ""pos"": 32.2, ""error"": 0.023377849999892675}, {""pair"": [3, 3, 0, 4], ""acc"": 1.3, ""vel"": 24.79, ""pos"": 32.2, ""error"": 0.023377849999892675}, {""pair"": [3, 3, 0, 4], ""acc"": 1.3, ""vel"": 24.79, ""pos"": 32.2, ""error"": 0.029007849999903357}, {""pair"": [3, 3, 0, 4], ""acc"": 1.3, ""vel"": 24.79, ""pos"": 32.2, ""error"": 0.029007849999903357}, {""pair"": [3, 3, 0, 4], ""acc"": 1.3, ""vel"": 24.79, ""pos"": 32.2, ""error"": 102.42592004999989}, {""pair"": [3, 3, 0, 4], ""acc"": 1.3, ""vel"": 24.79, ""pos"": 32.2, ""error"": 102.4233778499999}, {""pair"": [3, 3, 0, 4], ""acc"": 1.3, ""vel"": 24.79, ""pos"": 32.2, ""error"": 102.4290078499999}], [{""pair"": [3, 3, 1, 4], ""acc"": 1.3, ""vel"": 4.31, ""pos"": 134.6, ""error"": 122.85407995000008}, {""pair"": [3, 3, 1, 4], ""acc"": 1.3, ""vel"": 4.31, ""pos"": 134.6, ""error"": 122.85407995000008}, {""pair"": [3, 3, 1, 4], ""acc"": 1.3, ""vel"": 4.31, ""pos"": 134.6, ""error"": 122.8608221500001}, {""pair"": [3, 3, 1, 4], ""acc"": 1.3, ""vel"": 4.31, ""pos"": 134.6, ""error"": 122.8608221500001}, {""pair"": [3, 3, 1, 4], ""acc"": 1.3, ""vel"": 4.31, ""pos"": 134.6, ""error"": 122.8509921500001}, {""pair"": [3, 3, 1, 4], ""acc"": 1.3, ""vel"": 4.31, ""pos"": 134.6, ""error"": 122.8509921500001}, {""pair"": [3, 3, 1, 4], ""acc"": 1.3, ""vel"": 4.31, ""pos"": 134.6, ""error"": 20.496520049999894}, {""pair"": [3, 3, 1, 4], ""acc"": 1.3, ""vel"": 4.31, ""pos"": 134.6, ""error"": 20.5033778499999}, {""pair"": [3, 3, 1, 4], ""acc"": 1.3, ""vel"": 4.31, ""pos"": 134.6, ""error"": 20.493207849999905}], [{""pair"": [3, 3, 2, 4], ""acc"": 1.3, ""vel"": 4.31, ""pos"": 32.2, ""error"": 20.496520049999894}, {""pair"": [3, 3, 2, 4], ""acc"": 1.3, ""vel"": 4.31, ""pos"": 32.2, ""error"": 20.496520049999894}, {""pair"": [3, 3, 2, 4], ""acc"": 1.3, ""vel"": 4.31, ""pos"": 32.2, ""error"": 20.503377849999893}, {""pair"": [3, 3, 2, 4], ""acc"": 1.3, ""vel"": 4.31, ""pos"": 32.2, ""error"": 20.503377849999893}, {""pair"": [3, 3, 2, 4], ""acc"": 1.3, ""vel"": 4.31, ""pos"": 32.2, ""error"": 20.493207849999898}, {""pair"": [3, 3, 2, 4], ""acc"": 1.3, ""vel"": 4.31, ""pos"": 32.2, ""error"": 20.493207849999898}, {""pair"": [3, 3, 2, 4], ""acc"": 1.3, ""vel"": 4.31, ""pos"": 32.2, ""error"": 122.89652004999988}, {""pair"": [3, 3, 2, 4], ""acc"": 1.3, ""vel"": 4.31, ""pos"": 32.2, ""error"": 122.90337784999988}, {""pair"": [3, 3, 2, 4], ""acc"": 1.3, ""vel"": 4.31, ""pos"": 32.2, ""error"": 122.8932078499999}], [{""pair"": [0, 3, 0, 4], ""acc"": 1.3, ""vel"": 35.03, ""pos"": 32.2, ""error"": 10.265920049999902}, {""pair"": [0, 3, 0, 4], ""acc"": 1.3, ""vel"": 35.03, ""pos"": 32.2, ""error"": 10.265920049999902}, {""pair"": [0, 3, 0, 4], ""acc"": 1.3, ""vel"": 35.03, ""pos"": 32.2, ""error"": 10.259177849999904}, {""pair"": [0, 3, 0, 4], ""acc"": 1.3, ""vel"": 35.03, ""pos"": 32.2, ""error"": 10.259177849999904}, {""pair"": [0, 3, 0, 4], ""acc"": 1.3, ""vel"": 35.03, ""pos"": 32.2, ""error"": 10.269007849999905}, {""pair"": [0, 3, 0, 4], ""acc"": 1.3, ""vel"": 35.03, ""pos"": 32.2, ""error"": 10.269007849999905}, {""pair"": [0, 3, 0, 4], ""acc"": 1.3, ""vel"": 35.03, ""pos"": 32.2, ""error"": 112.6659200499999}, {""pair"": [0, 3, 0, 4], ""acc"": 1.3, ""vel"": 35.03, ""pos"": 32.2, ""error"": 112.6591778499999}, {""pair"": [0, 3, 0, 4], ""acc"": 1.3, ""vel"": 35.03, ""pos"": 32.2, ""error"": 112.6690078499999}], [{""pair"": [0, 3, 1, 4], ""acc"": 1.3, ""vel"": 14.55, ""pos"": 134.6, ""error"": 112.61407995000009}, {""pair"": [0, 3, 1, 4], ""acc"": 1.3, ""vel"": 14.55, ""pos"": 134.6, ""error"": 112.61407995000009}, {""pair"": [0, 3, 1, 4], ""acc"": 1.3, ""vel"": 14.55, ""pos"": 134.6, ""error"": 112.6208221500001}, {""pair"": [0, 3, 1, 4], ""acc"": 1.3, ""vel"": 14.55, ""pos"": 134.6, ""error"": 112.6208221500001}, {""pair"": [0, 3, 1, 4], ""acc"": 1.3, ""vel"": 14.55, ""pos"": 134.6, ""error"": 112.6109921500001}, {""pair"": [0, 3, 1, 4], ""acc"": 1.3, ""vel"": 14.55, ""pos"": 134.6, ""error"": 112.6109921500001}, {""pair"": [0, 3, 1, 4], ""acc"": 1.3, ""vel"": 14.55, ""pos"": 134.6, ""error"": 10.256520049999892}, {""pair"": [0, 3, 1, 4], ""acc"": 1.3, ""vel"": 14.55, ""pos"": 134.6, ""error"": 10.263377849999898}, {""pair"": [0, 3, 1, 4], ""acc"": 1.3, ""vel"": 14.55, ""pos"": 134.6, ""error"": 10.253207849999903}], [{""pair"": [0, 3, 2, 4], ""acc"": 1.3, ""vel"": 14.55, ""pos"": 32.2, ""error"": 10.256520049999892}, {""pair"": [0, 3, 2, 4], ""acc"": 1.3, ""vel"": 14.55, ""pos"": 32.2, ""error"": 10.256520049999892}, {""pair"": [0, 3, 2, 4], ""acc"": 1.3, ""vel"": 14.55, ""pos"": 32.2, ""error"": 10.263377849999891}, {""pair"": [0, 3, 2, 4], ""acc"": 1.3, ""vel"": 14.55, ""pos"": 32.2, ""error"": 10.263377849999891}, {""pair"": [0, 3, 2, 4], ""acc"": 1.3, ""vel"": 14.55, ""pos"": 32.2, ""error"": 10.253207849999896}, {""pair"": [0, 3, 2, 4], ""acc"": 1.3, ""vel"": 14.55, ""pos"": 32.2, ""error"": 10.253207849999896}, {""pair"": [0, 3, 2, 4], ""acc"": 1.3, ""vel"": 14.55, ""pos"": 32.2, ""error"": 112.65652004999988}, {""pair"": [0, 3, 2, 4], ""acc"": 1.3, ""vel"": 14.55, ""pos"": 32.2, ""error"": 112.66337784999989}, {""pair"": [0, 3, 2, 4], ""acc"": 1.3, ""vel"": 14.55, ""pos"": 32.2, ""error"": 112.65320784999989}], [{""pair"": [1, 3, 0, 4], ""acc"": 1.3, ""vel"": 24.79, ""pos"": 83.4, ""error"": 51.183479950000105}, {""pair"": [1, 3, 0, 4], ""acc"": 1.3, ""vel"": 24.79, ""pos"": 83.4, ""error"": 51.183479950000105}, {""pair"": [1, 3, 0, 4], ""acc"": 1.3, ""vel"": 24.79, ""pos"": 83.4, ""error"": 51.1808221500001}, {""pair"": [1, 3, 0, 4], ""acc"": 1.3, ""vel"": 24.79, ""pos"": 83.4, ""error"": 51.1808221500001}, {""pair"": [1, 3, 0, 4], ""acc"": 1.3, ""vel"": 24.79, ""pos"": 83.4, ""error"": 51.1867921500001}, {""pair"": [1, 3, 0, 4], ""acc"": 1.3, ""vel"": 24.79, ""pos"": 83.4, ""error"": 51.1867921500001}, {""pair"": [1, 3, 0, 4], ""acc"": 1.3, ""vel"": 24.79, ""pos"": 83.4, ""error"": 51.225920049999885}, {""pair"": [1, 3, 0, 4], ""acc"": 1.3, ""vel"": 24.79, ""pos"": 83.4, ""error"": 51.22337784999989}, {""pair"": [1, 3, 0, 4], ""acc"": 1.3, ""vel"": 24.79, ""pos"": 83.4, ""error"": 51.2290078499999}], [{""pair"": [1, 3, 1, 4], ""acc"": 1.3, ""vel"": 4.31, ""pos"": 185.8, ""error"": 174.05407995000013}, {""pair"": [1, 3, 1, 4], ""acc"": 1.3, ""vel"": 4.31, ""pos"": 185.8, ""error"": 174.05407995000013}, {""pair"": [1, 3, 1, 4], ""acc"": 1.3, ""vel"": 4.31, ""pos"": 185.8, ""error"": 174.06082215000012}, {""pair"": [1, 3, 1, 4], ""acc"": 1.3, ""vel"": 4.31, ""pos"": 185.8, ""error"": 174.06082215000012}, {""pair"": [1, 3, 1, 4], ""acc"": 1.3, ""vel"": 4.31, ""pos"": 185.8, ""error"": 174.05099215000013}, {""pair"": [1, 3, 1, 4], ""acc"": 1.3, ""vel"": 4.31, ""pos"": 185.8, ""error"": 174.05099215000013}, {""pair"": [1, 3, 1, 4], ""acc"": 1.3, ""vel"": 4.31, ""pos"": 185.8, ""error"": 71.65407995000012}, {""pair"": [1, 3, 1, 4], ""acc"": 1.3, ""vel"": 4.31, ""pos"": 185.8, ""error"": 71.66082215000012}, {""pair"": [1, 3, 1, 4], ""acc"": 1.3, ""vel"": 4.31, ""pos"": 185.8, ""error"": 71.6509921500001}], [{""pair"": [1, 3, 2, 4], ""acc"": 1.3, ""vel"": 4.31, ""pos"": 83.4, ""error"": 71.6540799500001}, {""pair"": [1, 3, 2, 4], ""acc"": 1.3, ""vel"": 4.31, ""pos"": 83.4, ""error"": 71.6540799500001}, {""pair"": [1, 3, 2, 4], ""acc"": 1.3, ""vel"": 4.31, ""pos"": 83.4, ""error"": 71.6608221500001}, {""pair"": [1, 3, 2, 4], ""acc"": 1.3, ""vel"": 4.31, ""pos"": 83.4, ""error"": 71.6608221500001}, {""pair"": [1, 3, 2, 4], ""acc"": 1.3, ""vel"": 4.31, ""pos"": 83.4, ""error"": 71.65099215000009}, {""pair"": [1, 3, 2, 4], ""acc"": 1.3, ""vel"": 4.31, ""pos"": 83.4, ""error"": 71.65099215000009}, {""pair"": [1, 3, 2, 4], ""acc"": 1.3, ""vel"": 4.31, ""pos"": 83.4, ""error"": 71.69652004999989}, {""pair"": [1, 3, 2, 4], ""acc"": 1.3, ""vel"": 4.31, ""pos"": 83.4, ""error"": 71.7033778499999}, {""pair"": [1, 3, 2, 4], ""acc"": 1.3, ""vel"": 4.31, ""pos"": 83.4, ""error"": 71.6932078499999}], [{""pair"": [2, 3, 0, 4], ""acc"": 1.3, ""vel"": 24.79, ""pos"": 32.2, ""error"": 0.025920049999900385}, {""pair"": [2, 3, 0, 4], ""acc"": 1.3, ""vel"": 24.79, ""pos"": 32.2, ""error"": 0.025920049999900385}, {""pair"": [2, 3, 0, 4], ""acc"": 1.3, ""vel"": 24.79, ""pos"": 32.2, ""error"": 0.023377849999892675}, {""pair"": [2, 3, 0, 4], ""acc"": 1.3, ""vel"": 24.79, ""pos"": 32.2, ""error"": 0.023377849999892675}, {""pair"": [2, 3, 0, 4], ""acc"": 1.3, ""vel"": 24.79, ""pos"": 32.2, ""error"": 0.029007849999903357}, {""pair"": [2, 3, 0, 4], ""acc"": 1.3, ""vel"": 24.79, ""pos"": 32.2, ""error"": 0.029007849999903357}, {""pair"": [2, 3, 0, 4], ""acc"": 1.3, ""vel"": 24.79, ""pos"": 32.2, ""error"": 102.42592004999989}, {""pair"": [2, 3, 0, 4], ""acc"": 1.3, ""vel"": 24.79, ""pos"": 32.2, ""error"": 102.4233778499999}, {""pair"": [2, 3, 0, 4], ""acc"": 1.3, ""vel"": 24.79, ""pos"": 32.2, ""error"": 102.4290078499999}], [{""pair"": [2, 3, 1, 4], ""acc"": 1.3, ""vel"": 4.31, ""pos"": 134.6, ""error"": 122.85407995000008}, {""pair"": [2, 3, 1, 4], ""acc"": 1.3, ""vel"": 4.31, ""pos"": 134.6, ""error"": 122.85407995000008}, {""pair"": [2, 3, 1, 4], ""acc"": 1.3, ""vel"": 4.31, ""pos"": 134.6, ""error"": 122.8608221500001}, {""pair"": [2, 3, 1, 4], ""acc"": 1.3, ""vel"": 4.31, ""pos"": 134.6, ""error"": 122.8608221500001}, {""pair"": [2, 3, 1, 4], ""acc"": 1.3, ""vel"": 4.31, ""pos"": 134.6, ""error"": 122.8509921500001}, {""pair"": [2, 3, 1, 4], ""acc"": 1.3, ""vel"": 4.31, ""pos"": 134.6, ""error"": 122.8509921500001}, {""pair"": [2, 3, 1, 4], ""acc"": 1.3, ""vel"": 4.31, ""pos"": 134.6, ""error"": 20.496520049999894}, {""pair"": [2, 3, 1, 4], ""acc"": 1.3, ""vel"": 4.31, ""pos"": 134.6, ""error"": 20.5033778499999}, {""pair"": [2, 3, 1, 4], ""acc"": 1.3, ""vel"": 4.31, ""pos"": 134.6, ""error"": 20.493207849999905}], [{""pair"": [2, 3, 2, 4], ""acc"": 1.3, ""vel"": 4.31, ""pos"": 32.2, ""error"": 20.496520049999894}, {""pair"": [2, 3, 2, 4], ""acc"": 1.3, ""vel"": 4.31, ""pos"": 32.2, ""error"": 20.496520049999894}, {""pair"": [2, 3, 2, 4], ""acc"": 1.3, ""vel"": 4.31, ""pos"": 32.2, ""error"": 20.503377849999893}, {""pair"": [2, 3, 2, 4], ""acc"": 1.3, ""vel"": 4.31, ""pos"": 32.2, ""error"": 20.503377849999893}, {""pair"": [2, 3, 2, 4], ""acc"": 1.3, ""vel"": 4.31, ""pos"": 32.2, ""error"": 20.493207849999898}, {""pair"": [2, 3, 2, 4], ""acc"": 1.3, ""vel"": 4.31, ""pos"": 32.2, ""error"": 20.493207849999898}, {""pair"": [2, 3, 2, 4], ""acc"": 1.3, ""vel"": 4.31, ""pos"": 32.2, ""error"": 122.89652004999988}, {""pair"": [2, 3, 2, 4], ""acc"": 1.3, ""vel"": 4.31, ""pos"": 32.2, ""error"": 122.90337784999988}, {""pair"": [2, 3, 2, 4], ""acc"": 1.3, ""vel"": 4.31, ""pos"": 32.2, ""error"": 122.8932078499999}]]","[[[3, 3, 0, 4], [1.3, 24.79, 32.2], 0.023377849999892675], [[3, 3, 1, 4], [1.3, 4.31, 134.6], 20.493207849999905], [[3, 3, 2, 4], [1.3, 4.31, 32.2], 20.493207849999898], [[0, 3, 0, 4], [1.3, 35.03, 32.2], 10.259177849999904], [[0, 3, 1, 4], [1.3, 14.55, 134.6], 10.253207849999903], [[0, 3, 2, 4], [1.3, 14.55, 32.2], 10.253207849999896], [[1, 3, 0, 4], [1.3, 24.79, 83.4], 51.1808221500001], [[1, 3, 1, 4], [1.3, 4.31, 185.8], 71.6509921500001], [[1, 3, 2, 4], [1.3, 4.31, 83.4], 71.65099215000009], [[2, 3, 0, 4], [1.3, 24.79, 32.2], 0.023377849999892675], [[2, 3, 1, 4], [1.3, 4.31, 134.6], 20.493207849999905], [[2, 3, 2, 4], [1.3, 4.31, 32.2], 20.493207849999898]]"
1.3,24.82,32.7,1.3,24.82,33.5,1.3,24.82,32.7,"[{""pair"": [3, 4, 2, 13], ""acc"": 1.3, ""vel"": 24.82, ""pos"": 32.7, ""error"": 0.11239359999948917}, {""pair"": [2, 4, 2, 13], ""acc"": 1.3, ""vel"": 24.82, ""pos"": 32.7, ""error"": 0.11239359999948917}, {""pair"": [0, 4, 2, 13], ""acc"": 1.3, ""vel"": 4.34, ""pos"": 32.7, ""error"": 0.44007359999989504}, {""pair"": [3, 13, 2, 4], ""acc"": 1.3, ""vel"": 24.82, ""pos"": 33.5, ""error"": 0.9123935999994863}, {""pair"": [3, 4, 1, 13], ""acc"": 1.3, ""vel"": 24.66, ""pos"": 33.5, ""error"": 1.0539935999995365}, {""pair"": [2, 4, 1, 13], ""acc"": 1.3, ""vel"": 24.66, ""pos"": 33.5, ""error"": 1.0539935999995365}, {""pair"": [3, 13, 0, 4], ""acc"": 1.3, ""vel"": 4.34, ""pos"": 33.5, ""error"": 1.2400735999998922}, {""pair"": [0, 4, 1, 13], ""acc"": 1.3, ""vel"": 4.18, ""pos"": 33.5, ""error"": 1.3816735999999423}]","[[3, 4, 2, 13], [2, 4, 2, 13], [0, 4, 2, 13], [3, 13, 2, 4], [3, 4, 1, 13], [2, 4, 1, 13], [3, 13, 0, 4], [0, 4, 1, 13]]","[[{""pair"": [3, 4, 1, 13], ""acc"": 1.3, ""vel"": 24.66, ""pos"": 33.5, ""error"": 1.0539935999995365}, {""pair"": [3, 4, 1, 13], ""acc"": 1.3, ""vel"": 24.66, ""pos"": 33.5, ""error"": 1.0539935999995365}, {""pair"": [3, 4, 1, 13], ""acc"": 1.3, ""vel"": 24.66, ""pos"": 33.5, ""error"": 11.156233599999691}, {""pair"": [3, 4, 1, 13], ""acc"": 1.3, ""vel"": 24.66, ""pos"": 33.5, ""error"": 111.42216640000026}, {""pair"": [3, 4, 1, 13], ""acc"": 1.3, ""vel"": 24.66, ""pos"": 33.5, ""error"": 11.130153599999336}, {""pair"": [3, 4, 1, 13], ""acc"": 1.3, ""vel"": 24.66, ""pos"": 33.5, ""error"": 21.560073599999892}, {""pair"": [3, 4, 1, 13], ""acc"": 1.3, ""vel"": 24.66, ""pos"": 33.5, ""error"": 21.560073599999892}, {""pair"": [3, 4, 1, 13], ""acc"": 1.3, ""vel"": 24.66, ""pos"": 33.5, ""error"": 121.49832640000007}, {""pair"": [3, 4, 1, 13], ""acc"": 1.3, ""vel"": 24.66, ""pos"": 33.5, ""error"": 121.49832640000007}, {""pair"": [3, 4, 1, 13], ""acc"": 1.3, ""vel"": 24.66, ""pos"": 33.5, ""error"": 50.44760640000052}, {""pair"": [3, 4, 1, 13], ""acc"": 1.3, ""vel"": 24.66, ""pos"": 33.5, ""error"": 70.29832640000006}, {""pair"": [3, 4, 1, 13], ""acc"": 1.3, ""vel"": 24.66, ""pos"": 33.5, ""error"": 172.6983264000001}], [{""pair"": [3, 4, 2, 13], ""acc"": 1.3, ""vel"": 24.82, ""pos"": 32.7, ""error"": 0.11239359999948917}, {""pair"": [3, 4, 2, 13], ""acc"": 1.3, ""vel"": 24.82, ""pos"": 32.7, ""error"": 0.11239359999948917}, {""pair"": [3, 4, 2, 13], ""acc"": 1.3, ""vel"": 24.82, ""pos"": 32.7, ""error"": 10.516233599999694}, {""pair"": [3, 4, 2, 13], ""acc"": 1.3, ""vel"": 24.82, ""pos"": 32.7, ""error"": 112.38216640000026}, {""pair"": [3, 4, 2, 13], ""acc"": 1.3, ""vel"": 24.82, ""pos"": 32.7, ""error"": 10.291446400000709}, {""pair"": [3, 4, 2, 13], ""acc"": 1.3, ""vel"": 24.82, ""pos"": 32.7, ""error"": 20.920073599999895}, {""pair"": [3, 4, 2, 13], ""acc"": 1.3, ""vel"": 24.82, ""pos"": 32.7, ""error"": 20.920073599999895}, {""pair"": [3, 4, 2, 13], ""acc"": 1.3, ""vel"": 24.82, ""pos"": 32.7, ""error"": 122.45832640000006}, {""pair"": [3, 4, 2, 13], ""acc"": 1.3, ""vel"": 24.82, ""pos"": 32.7, ""error"": 122.45832640000006}, {""pair"": [3, 4, 2, 13], ""acc"": 1.3, ""vel"": 24.82, ""pos"": 32.7, ""error"": 51.10600640000047}, {""pair"": [3, 4, 2, 13], ""acc"": 1.3, ""vel"": 24.82, ""pos"": 32.7, ""error"": 71.25832640000007}, {""pair"": [3, 4, 2, 13], ""acc"": 1.3, ""vel"": 24.82, ""pos"": 32.7, ""error"": 173.65832640000008}], [{""pair"": [3, 13, 0, 4], ""acc"": 1.3, ""vel"": 4.34, ""pos"": 33.5, ""error"": 21.373993599999537}, {""pair"": [3, 13, 0, 4], ""acc"": 1.3, ""vel"": 4.34, ""pos"": 33.5, ""error"": 21.373993599999537}, {""pair"": [3, 13, 0, 4], ""acc"": 1.3, ""vel"": 4.34, ""pos"": 33.5, ""error"": 11.297833599999745}, {""pair"": [3, 13, 0, 4], ""acc"": 1.3, ""vel"": 4.34, ""pos"": 33.5, ""error"": 111.56376640000032}, {""pair"": [3, 13, 0, 4], ""acc"": 1.3, ""vel"": 4.34, ""pos"": 33.5, ""error"": 31.450153599999336}, {""pair"": [3, 13, 0, 4], ""acc"": 1.3, ""vel"": 4.34, ""pos"": 33.5, ""error"": 1.2400735999998922}, {""pair"": [3, 13, 0, 4], ""acc"": 1.3, ""vel"": 4.34, ""pos"": 33.5, ""error"": 1.2400735999998922}, {""pair"": [3, 13, 0, 4], ""acc"": 1.3, ""vel"": 4.34, ""pos"": 33.5, ""error"": 101.17832640000007}, {""pair"": [3, 13, 0, 4], ""acc"": 1.3, ""vel"": 4.34, ""pos"": 33.5, ""error"": 101.17832640000007}, {""pair"": [3, 13, 0, 4], ""acc"": 1.3, ""vel"": 4.34, ""pos"": 33.5, ""error"": 70.76760640000052}, {""pair"": [3, 13, 0, 4], ""acc"": 1.3, ""vel"": 4.34, ""pos"": 33.5, ""error"": 49.97832640000007}, {""pair"": [3, 13, 0, 4], ""acc"": 1.3, ""vel"": 4.34, ""pos"": 33.5, ""error"": 152.37832640000008}], [{""pair"": [3, 13, 2, 4], ""acc"": 1.3, ""vel"": 24.82, ""pos"": 33.5, ""error"": 0.9123935999994863}, {""pair"": [3, 13, 2, 4], ""acc"": 1.3, ""vel"": 24.82, ""pos"": 33.5, ""error"": 0.9123935999994863}, {""pair"": [3, 13, 2, 4], ""acc"": 1.3, ""vel"": 24.82, ""pos"": 33.5, ""error"": 11.316233599999691}, {""pair"": [3, 13, 2, 4], ""acc"": 1.3, ""vel"": 24.82, ""pos"": 33.5, ""error"": 111.58216640000026}, {""pair"": [3, 13, 2, 4], ""acc"": 1.3, ""vel"": 24.82, ""pos"": 33.5, ""error"": 10.970153599999335}, {""pair"": [3, 13, 2, 4], ""acc"": 1.3, ""vel"": 24.82, ""pos"": 33.5, ""error"": 21.720073599999893}, {""pair"": [3, 13, 2, 4], ""acc"": 1.3, ""vel"": 24.82, ""pos"": 33.5, ""error"": 21.720073599999893}, {""pair"": [3, 13, 2, 4], ""acc"": 1.3, ""vel"": 24.82, ""pos"": 33.5, ""error"": 121.65832640000008}, {""pair"": [3, 13, 2, 4], ""acc"": 1.3, ""vel"": 24.82, ""pos"": 33.5, ""error"": 121.65832640000008}, {""pair"": [3, 13, 2, 4], ""acc"": 1.3, ""vel"": 24.82, ""pos"": 33.5, ""error"": 50.30600640000047}, {""pair"": [3, 13, 2, 4], ""acc"": 1.3, ""vel"": 24.82, ""pos"": 33.5, ""error"": 70.45832640000006}, {""pair"": [3, 13, 2, 4], ""acc"": 1.3, ""vel"": 24.82, ""pos"": 33.5, ""error"": 172.8583264000001}], [{""pair"": [0, 4, 1, 13], ""acc"": 1.3, ""vel"": 4.18, ""pos"": 33.5, ""error"": 21.533993599999537}, {""pair"": [0, 4, 1, 13], ""acc"": 1.3, ""vel"": 4.18, ""pos"": 33.5, ""error"": 21.533993599999537}, {""pair"": [0, 4, 1, 13], ""acc"": 1.3, ""vel"": 4.18, ""pos"": 33.5, ""error"": 11.457833599999745}, {""pair"": [0, 4, 1, 13], ""acc"": 1.3, ""vel"": 4.18, ""pos"": 33.5, ""error"": 111.72376640000032}, {""pair"": [0, 4, 1, 13], ""acc"": 1.3, ""vel"": 4.18, ""pos"": 33.5, ""error"": 31.610153599999336}, {""pair"": [0, 4, 1, 13], ""acc"": 1.3, ""vel"": 4.18, ""pos"": 33.5, ""error"": 1.3816735999999423}, {""pair"": [0, 4, 1, 13], ""acc"": 1.3, ""vel"": 4.18, ""pos"": 33.5, ""error"": 1.3816735999999423}, {""pair"": [0, 4, 1, 13], ""acc"": 1.3, ""vel"": 4.18, ""pos"": 33.5, ""error"": 101.31992640000013}, {""pair"": [0, 4, 1, 13], ""acc"": 1.3, ""vel"": 4.18, ""pos"": 33.5, ""error"": 101.31992640000013}, {""pair"": [0, 4, 1, 13], ""acc"": 1.3, ""vel"": 4.18, ""pos"": 33.5, ""error"": 70.92760640000051}, {""pair"": [0, 4, 1, 13], ""acc"": 1.3, ""vel"": 4.18, ""pos"": 33.5, ""error"": 50.11992640000012}, {""pair"": [0, 4, 1, 13], ""acc"": 1.3, ""vel"": 4.18, ""pos"": 33.5, ""error"": 152.51992640000014}], [{""pair"": [0, 4, 2, 13], ""acc"": 1.3, ""vel"": 4.34, ""pos"": 32.7, ""error"": 20.57399359999954}, {""pair"": [0, 4, 2, 13], ""acc"": 1.3, ""vel"": 4.34, ""pos"": 32.7, ""error"": 20.57399359999954}, {""pair"": [0, 4, 2, 13], ""acc"": 1.3, ""vel"": 4.34, ""pos"": 32.7, ""error"": 10.497833599999748}, {""pair"": [0, 4, 2, 13], ""acc"": 1.3, ""vel"": 4.34, ""pos"": 32.7, ""error"": 112.36376640000032}, {""pair"": [0, 4, 2, 13], ""acc"": 1.3, ""vel"": 4.34, ""pos"": 32.7, ""error"": 30.77144640000071}, {""pair"": [0, 4, 2, 13], ""acc"": 1.3, ""vel"": 4.34, ""pos"": 32.7, ""error"": 0.44007359999989504}, {""pair"": [0, 4, 2, 13], ""acc"": 1.3, ""vel"": 4.34, ""pos"": 32.7, ""error"": 0.44007359999989504}, {""pair"": [0, 4, 2, 13], ""acc"": 1.3, ""vel"": 4.34, ""pos"": 32.7, ""error"": 101.97832640000007}, {""pair"": [0, 4, 2, 13], ""acc"": 1.3, ""vel"": 4.34, ""pos"": 32.7, ""error"": 101.97832640000007}, {""pair"": [0, 4, 2, 13], ""acc"": 1.3, ""vel"": 4.34, ""pos"": 32.7, ""error"": 71.56760640000051}, {""pair"": [0, 4, 2, 13], ""acc"": 1.3, ""vel"": 4.34, ""pos"": 32.7, ""error"": 50.77832640000007}, {""pair"": [0, 4, 2, 13], ""acc"": 1.3, ""vel"": 4.34, ""pos"": 32.7, ""error"": 153.17832640000006}], [{""pair"": [2, 4, 1, 13], ""acc"": 1.3, ""vel"": 24.66, ""pos"": 33.5, ""error"": 1.0539935999995365}, {""pair"": [2, 4, 1, 13], ""acc"": 1.3, ""vel"": 24.66, ""pos"": 33.5, ""error"": 1.0539935999995365}, {""pair"": [2, 4, 1, 13], ""acc"": 1.3, ""vel"": 24.66, ""pos"": 33.5, ""error"": 11.156233599999691}, {""pair"": [2, 4, 1, 13], ""acc"": 1.3, ""vel"": 24.66, ""pos"": 33.5, ""error"": 111.42216640000026}, {""pair"": [2, 4, 1, 13], ""acc"": 1.3, ""vel"": 24.66, ""pos"": 33.5, ""error"": 11.130153599999336}, {""pair"": [2, 4, 1, 13], ""acc"": 1.3, ""vel"": 24.66, ""pos"": 33.5, ""error"": 21.560073599999892}, {""pair"": [2, 4, 1, 13], ""acc"": 1.3, ""vel"": 24.66, ""pos"": 33.5, ""error"": 21.560073599999892}, {""pair"": [2, 4, 1, 13], ""acc"": 1.3, ""vel"": 24.66, ""pos"": 33.5, ""error"": 121.49832640000007}, {""pair"": [2, 4, 1, 13], ""acc"": 1.3, ""vel"": 24.66, ""pos"": 33.5, ""error"": 121.49832640000007}, {""pair"": [2, 4, 1, 13], ""acc"": 1.3, ""vel"": 24.66, ""pos"": 33.5, ""error"": 50.44760640000052}, {""pair"": [2, 4, 1, 13], ""acc"": 1.3, ""vel"": 24.66, ""pos"": 33.5, ""error"": 70.29832640000006}, {""pair"": [2, 4, 1, 13], ""acc"": 1.3, ""vel"": 24.66, ""pos"": 33.5, ""error"": 172.6983264000001}], [{""pair"": [2, 4, 2, 13], ""acc"": 1.3, ""vel"": 24.82, ""pos"": 32.7, ""error"": 0.11239359999948917}, {""pair"": [2, 4, 2, 13], ""acc"": 1.3, ""vel"": 24.82, ""pos"": 32.7, ""error"": 0.11239359999948917}, {""pair"": [2, 4, 2, 13], ""acc"": 1.3, ""vel"": 24.82, ""pos"": 32.7, ""error"": 10.516233599999694}, {""pair"": [2, 4, 2, 13], ""acc"": 1.3, ""vel"": 24.82, ""pos"": 32.7, ""error"": 112.38216640000026}, {""pair"": [2, 4, 2, 13], ""acc"": 1.3, ""vel"": 24.82, ""pos"": 32.7, ""error"": 10.291446400000709}, {""pair"": [2, 4, 2, 13], ""acc"": 1.3, ""vel"": 24.82, ""pos"": 32.7, ""error"": 20.920073599999895}, {""pair"": [2, 4, 2, 13], ""acc"": 1.3, ""vel"": 24.82, ""pos"": 32.7, ""error"": 20.920073599999895}, {""pair"": [2, 4, 2, 13], ""acc"": 1.3, ""vel"": 24.82, ""pos"": 32.7, ""error"": 122.45832640000006}, {""pair"": [2, 4, 2, 13], ""acc"": 1.3, ""vel"": 24.82, ""pos"": 32.7, ""error"": 122.45832640000006}, {""pair"": [2, 4, 2, 13], ""acc"": 1.3, ""vel"": 24.82, ""pos"": 32.7, ""error"": 51.10600640000047}, {""pair"": [2, 4, 2, 13], ""acc"": 1.3, ""vel"": 24.82, ""pos"": 32.7, ""error"": 71.25832640000007}, {""pair"": [2, 4, 2, 13], ""acc"": 1.3, ""vel"": 24.82, ""pos"": 32.7, ""error"": 173.65832640000008}]]","[[[3, 4, 1, 13], [1.3, 24.66, 33.5], 1.0539935999995365], [[3, 4, 2, 13], [1.3, 24.82, 32.7], 0.11239359999948917], [[3, 13, 0, 4], [1.3, 4.34, 33.5], 1.2400735999998922], [[3, 13, 2, 4], [1.3, 24.82, 33.5], 0.9123935999994863], [[0, 4, 1, 13], [1.3, 4.18, 33.5], 1.3816735999999423], [[0, 4, 2, 13], [1.3, 4.34, 32.7], 0.44007359999989504], [[2, 4, 1, 13], [1.3, 24.66, 33.5], 1.0539935999995365], [[2, 4, 2, 13], [1.3, 24.82, 32.7], 0.11239359999948917]]"
1.3,24.84,33.1,2.1,24.84,33.1,1.3,24.84,33.1,"[{""pair"": [0, 10, 0, 11], ""acc"": 1.3, ""vel"": 24.84, ""pos"": 33.1, ""error"": 0.024227849999899576}, {""pair"": [3, 9, 0, 9], ""acc"": 1.7, ""vel"": 24.84, ""pos"": 33.1, ""error"": 0.024227849999899576}, {""pair"": [1, 10, 0, 11], ""acc"": 0.5, ""vel"": 24.86, ""pos"": 33.1, ""error"": 0.04002784999990894}, {""pair"": [1, 10, 1, 11], ""acc"": 2.1, ""vel"": 24.82, ""pos"": 33.1, ""error"": 0.04422784999989915}, {""pair"": [0, 10, 1, 11], ""acc"": 2.9, ""vel"": 24.8, ""pos"": 33.1, ""error"": 0.06422784999989872}, {""pair"": [0, 10, 2, 11], ""acc"": 2.9, ""vel"": 24.84, ""pos"": 32.9, ""error"": 0.22422784999990242}, {""pair"": [1, 10, 2, 11], ""acc"": 2.1, ""vel"": 24.86, ""pos"": 32.9, ""error"": 0.24002784999991178}]","[[0, 10, 0, 11], [3, 9, 0, 9], [1, 10, 0, 11], [1, 10, 1, 11], [0, 10, 1, 11], [0, 10, 2, 11], [1, 10, 2, 11]]","[[{""pair"": [3, 9, 0, 9], ""acc"": 1.7, ""vel"": 24.84, ""pos"": 33.1, ""error"": 0.024227849999899576}, {""pair"": [3, 9, 0, 9], ""acc"": 1.7, ""vel"": 24.84, ""pos"": 33.1, ""error"": 0.024227849999899576}, {""pair"": [3, 9, 0, 9], ""acc"": 1.7, ""vel"": 24.84, ""pos"": 33.1, ""error"": 20.803932150000016}, {""pair"": [3, 9, 0, 9], ""acc"": 1.7, ""vel"": 24.84, ""pos"": 33.1, ""error"": 0.8242278499998967}, {""pair"": [3, 9, 0, 9], ""acc"": 1.7, ""vel"": 24.84, ""pos"": 33.1, ""error"": 0.977307849999903}, {""pair"": [3, 9, 0, 9], ""acc"": 1.7, ""vel"": 24.84, ""pos"": 33.1, ""error"": 0.977307849999903}, {""pair"": [3, 9, 0, 9], ""acc"": 1.7, ""vel"": 24.84, ""pos"": 33.1, ""error"": 20.951867849999992}, {""pair"": [3, 9, 0, 9], ""acc"": 1.7, ""vel"": 24.84, ""pos"": 33.1, ""error"": 21.10914784999999}], [{""pair"": [0, 10, 0, 11], ""acc"": 1.3, ""vel"": 24.84, ""pos"": 33.1, ""error"": 0.024227849999899576}, {""pair"": [0, 10, 0, 11], ""acc"": 1.3, ""vel"": 24.84, ""pos"": 33.1, ""error"": 0.024227849999899576}, {""pair"": [0, 10, 0, 11], ""acc"": 1.3, ""vel"": 24.84, ""pos"": 33.1, ""error"": 20.803932150000016}, {""pair"": [0, 10, 0, 11], ""acc"": 1.3, ""vel"": 24.84, ""pos"": 33.1, ""error"": 0.8242278499998967}, {""pair"": [0, 10, 0, 11], ""acc"": 1.3, ""vel"": 24.84, ""pos"": 33.1, ""error"": 0.977307849999903}, {""pair"": [0, 10, 0, 11], ""acc"": 1.3, ""vel"": 24.84, ""pos"": 33.1, ""error"": 0.977307849999903}, {""pair"": [0, 10, 0, 11], ""acc"": 1.3, ""vel"": 24.84, ""pos"": 33.1, ""error"": 20.951867849999992}, {""pair"": [0, 10, 0, 11], ""acc"": 1.3, ""vel"": 24.84, ""pos"": 33.1, ""error"": 21.10914784999999}], [{""pair"": [0, 10, 1, 11], ""acc"": 2.9, ""vel"": 24.8, ""pos"": 33.1, ""error"": 0.06422784999989872}, {""pair"": [0, 10, 1, 11], ""acc"": 2.9, ""vel"": 24.8, ""pos"": 33.1, ""error"": 0.06422784999989872}, {""pair"": [0, 10, 1, 11], ""acc"": 2.9, ""vel"": 24.8, ""pos"": 33.1, ""error"": 20.763932150000016}, {""pair"": [0, 10, 1, 11], ""acc"": 2.9, ""vel"": 24.8, ""pos"": 33.1, ""error"": 0.8642278499998959}, {""pair"": [0, 10, 1, 11], ""acc"": 2.9, ""vel"": 24.8, ""pos"": 33.1, ""error"": 0.9373078499999039}, {""pair"": [0, 10, 1, 11], ""acc"": 2.9, ""vel"": 24.8, ""pos"": 33.1, ""error"": 0.9373078499999039}, {""pair"": [0, 10, 1, 11], ""acc"": 2.9, ""vel"": 24.8, ""pos"": 33.1, ""error"": 20.911867849999993}, {""pair"": [0, 10, 1, 11], ""acc"": 2.9, ""vel"": 24.8, ""pos"": 33.1, ""error"": 21.06914784999999}], [{""pair"": [0, 10, 2, 11], ""acc"": 2.9, ""vel"": 24.84, ""pos"": 32.9, ""error"": 0.22422784999990242}, {""pair"": [0, 10, 2, 11], ""acc"": 2.9, ""vel"": 24.84, ""pos"": 32.9, ""error"": 0.22422784999990242}, {""pair"": [0, 10, 2, 11], ""acc"": 2.9, ""vel"": 24.84, ""pos"": 32.9, ""error"": 20.603932150000013}, {""pair"": [0, 10, 2, 11], ""acc"": 2.9, ""vel"": 24.84, ""pos"": 32.9, ""error"": 1.0242278499998996}, {""pair"": [0, 10, 2, 11], ""acc"": 2.9, ""vel"": 24.84, ""pos"": 32.9, ""error"": 1.177307849999906}, {""pair"": [0, 10, 2, 11], ""acc"": 2.9, ""vel"": 24.84, ""pos"": 32.9, ""error"": 1.177307849999906}, {""pair"": [0, 10, 2, 11], ""acc"": 2.9, ""vel"": 24.84, ""pos"": 32.9, ""error"": 21.151867849999995}, {""pair"": [0, 10, 2, 11], ""acc"": 2.9, ""vel"": 24.84, ""pos"": 32.9, ""error"": 21.30914784999999}], [{""pair"": [1, 10, 0, 11], ""acc"": 0.5, ""vel"": 24.86, ""pos"": 33.1, ""error"": 0.04002784999990894}, {""pair"": [1, 10, 0, 11], ""acc"": 0.5, ""vel"": 24.86, ""pos"": 33.1, ""error"": 0.04002784999990894}, {""pair"": [1, 10, 0, 11], ""acc"": 0.5, ""vel"": 24.86, ""pos"": 33.1, ""error"": 20.823932150000015}, {""pair"": [1, 10, 0, 11], ""acc"": 0.5, ""vel"": 24.86, ""pos"": 33.1, ""error"": 0.8400278499999061}, {""pair"": [1, 10, 0, 11], ""acc"": 0.5, ""vel"": 24.86, ""pos"": 33.1, ""error"": 0.9973078499999026}, {""pair"": [1, 10, 0, 11], ""acc"": 0.5, ""vel"": 24.86, ""pos"": 33.1, ""error"": 0.9973078499999026}, {""pair"": [1, 10, 0, 11], ""acc"": 0.5, ""vel"": 24.86, ""pos"": 33.1, ""error"": 20.97186784999999}, {""pair"": [1, 10, 0, 11], ""acc"": 0.5, ""vel"": 24.86, ""pos"": 33.1, ""error"": 21.12914784999999}], [{""pair"": [1, 10, 1, 11], ""acc"": 2.1, ""vel"": 24.82, ""pos"": 33.1, ""error"": 0.04422784999989915}, {""pair"": [1, 10, 1, 11], ""acc"": 2.1, ""vel"": 24.82, ""pos"": 33.1, ""error"": 0.04422784999989915}, {""pair"": [1, 10, 1, 11], ""acc"": 2.1, ""vel"": 24.82, ""pos"": 33.1, ""error"": 20.783932150000016}, {""pair"": [1, 10, 1, 11], ""acc"": 2.1, ""vel"": 24.82, ""pos"": 33.1, ""error"": 0.8442278499998963}, {""pair"": [1, 10, 1, 11], ""acc"": 2.1, ""vel"": 24.82, ""pos"": 33.1, ""error"": 0.9573078499999035}, {""pair"": [1, 10, 1, 11], ""acc"": 2.1, ""vel"": 24.82, ""pos"": 33.1, ""error"": 0.9573078499999035}, {""pair"": [1, 10, 1, 11], ""acc"": 2.1, ""vel"": 24.82, ""pos"": 33.1, ""error"": 20.931867849999993}, {""pair"": [1, 10, 1, 11], ""acc"": 2.1, ""vel"": 24.82, ""pos"": 33.1, ""error"": 21.08914784999999}], [{""pair"": [1, 10, 2, 11], ""acc"": 2.1, ""vel"": 24.86, ""pos"": 32.9, ""error"": 0.24002784999991178}, {""pair"": [1, 10, 2, 11], ""acc"": 2.1, ""vel"": 24.86, ""pos"": 32.9, ""error"": 0.24002784999991178}, {""pair"": [1, 10, 2, 11], ""acc"": 2.1, ""vel"": 24.86, ""pos"": 32.9, ""error"": 20.623932150000012}, {""pair"": [1, 10, 2, 11], ""acc"": 2.1, ""vel"": 24.86, ""pos"": 32.9, ""error"": 1.040027849999909}, {""pair"": [1, 10, 2, 11], ""acc"": 2.1, ""vel"": 24.86, ""pos"": 32.9, ""error"": 1.1973078499999055}, {""pair"": [1, 10, 2, 11], ""acc"": 2.1, ""vel"": 24.86, ""pos"": 32.9, ""error"": 1.1973078499999055}, {""pair"": [1, 10, 2, 11], ""acc"": 2.1, ""vel"": 24.86, ""pos"": 32.9, ""error"": 21.171867849999995}, {""pair"": [1, 10, 2, 11], ""acc"": 2.1, ""vel"": 24.86, ""pos"": 32.9, ""error"": 21.32914784999999}]]","[[[3, 9, 0, 9], [1.7, 24.84, 33.1], 0.024227849999899576], [[0, 10, 0, 11], [1.3, 24.84, 33.1], 0.024227849999899576], [[0, 10, 1, 11], [2.9, 24.8, 33.1], 0.06422784999989872], [[0, 10, 2, 11], [2.9, 24.84, 32.9], 0.22422784999990242], [[1, 10, 0, 11], [0.5, 24.86, 33.1], 0.04002784999990894], [[1, 10, 1, 11], [2.1, 24.82, 33.1], 0.04422784999989915], [[1, 10, 2, 11], [2.1, 24.86, 32.9], 0.24002784999991178]]"
1.3,24.86,33.5,1.3,50.0,33.5,1.3,24.86,33.5,"[{""pair"": [3, 11, 0, 6], ""acc"": 1.3, ""vel"": 24.86, ""pos"": 33.5, ""error"": 0.024567849999900915}, {""pair"": [0, 6, 1, 11], ""acc"": 1.3, ""vel"": 24.82, ""pos"": 33.5, ""error"": 0.051319049999886346}, {""pair"": [0, 6, 2, 11], ""acc"": 1.3, ""vel"": 24.86, ""pos"": 33.3, ""error"": 0.051999049999889024}, {""pair"": [3, 6, 1, 11], ""acc"": 1.3, ""vel"": 106.74, ""pos"": 33.5, ""error"": 81.8936256499999}, {""pair"": [2, 6, 1, 11], ""acc"": 1.3, ""vel"": 106.74, ""pos"": 33.5, ""error"": 81.8936256499999}, {""pair"": [3, 6, 2, 11], ""acc"": 1.3, ""vel"": 106.78, ""pos"": 33.3, ""error"": 81.9072234499999}, {""pair"": [2, 6, 2, 11], ""acc"": 1.3, ""vel"": 106.78, ""pos"": 33.3, ""error"": 81.9072234499999}, {""pair"": [3, 11, 2, 6], ""acc"": 1.3, ""vel"": 106.78, ""pos"": 33.5, ""error"": 81.9336256499999}]","[[3, 11, 0, 6], [0, 6, 1, 11], [0, 6, 2, 11], [3, 6, 1, 11], [2, 6, 1, 11], [3, 6, 2, 11], [2, 6, 2, 11], [3, 11, 2, 6]]","[[{""pair"": [3, 6, 1, 11], ""acc"": 1.3, ""vel"": 106.74, ""pos"": 33.5, ""error"": 81.9003678499999}, {""pair"": [3, 6, 1, 11], ""acc"": 1.3, ""vel"": 106.74, ""pos"": 33.5, ""error"": 81.8936256499999}, {""pair"": [3, 6, 1, 11], ""acc"": 1.3, ""vel"": 106.74, ""pos"": 33.5, ""error"": 81.89419224999989}, {""pair"": [3, 6, 1, 11], ""acc"": 1.3, ""vel"": 106.74, ""pos"": 33.5, ""error"": 81.9065434499999}, {""pair"": [3, 6, 1, 11], ""acc"": 1.3, ""vel"": 106.74, ""pos"": 33.5, ""error"": 81.91271904999991}, {""pair"": [3, 6, 1, 11], ""acc"": 1.3, ""vel"": 106.74, ""pos"": 33.5, ""error"": 82.0280009500001}, {""pair"": [3, 6, 1, 11], ""acc"": 1.3, ""vel"": 106.74, ""pos"": 33.5, ""error"": 82.02137655000011}], [{""pair"": [3, 6, 2, 11], ""acc"": 1.3, ""vel"": 106.78, ""pos"": 33.3, ""error"": 82.1403678499999}, {""pair"": [3, 6, 2, 11], ""acc"": 1.3, ""vel"": 106.78, ""pos"": 33.3, ""error"": 82.13362564999991}, {""pair"": [3, 6, 2, 11], ""acc"": 1.3, ""vel"": 106.78, ""pos"": 33.3, ""error"": 82.1341922499999}, {""pair"": [3, 6, 2, 11], ""acc"": 1.3, ""vel"": 106.78, ""pos"": 33.3, ""error"": 82.14654344999991}, {""pair"": [3, 6, 2, 11], ""acc"": 1.3, ""vel"": 106.78, ""pos"": 33.3, ""error"": 82.15271904999992}, {""pair"": [3, 6, 2, 11], ""acc"": 1.3, ""vel"": 106.78, ""pos"": 33.3, ""error"": 81.91339904999991}, {""pair"": [3, 6, 2, 11], ""acc"": 1.3, ""vel"": 106.78, ""pos"": 33.3, ""error"": 81.9072234499999}], [{""pair"": [3, 11, 0, 6], ""acc"": 1.3, ""vel"": 24.86, ""pos"": 33.5, ""error"": 0.024567849999900915}, {""pair"": [3, 11, 0, 6], ""acc"": 1.3, ""vel"": 24.86, ""pos"": 33.5, ""error"": 0.03142564999989261}, {""pair"": [3, 11, 0, 6], ""acc"": 1.3, ""vel"": 24.86, ""pos"": 33.5, ""error"": 0.031192249999897115}, {""pair"": [3, 11, 0, 6], ""acc"": 1.3, ""vel"": 24.86, ""pos"": 33.5, ""error"": 0.026543449999905988}, {""pair"": [3, 11, 0, 6], ""acc"": 1.3, ""vel"": 24.86, ""pos"": 33.5, ""error"": 0.03271904999990838}, {""pair"": [3, 11, 0, 6], ""acc"": 1.3, ""vel"": 24.86, ""pos"": 33.5, ""error"": 0.20660095000009093}, {""pair"": [3, 11, 0, 6], ""acc"": 1.3, ""vel"": 24.86, ""pos"": 33.5, ""error"": 0.21277655000010043}], [{""pair"": [3, 11, 2, 6], ""acc"": 1.3, ""vel"": 106.78, ""pos"": 33.5, ""error"": 81.94036784999992}, {""pair"": [3, 11, 2, 6], ""acc"": 1.3, ""vel"": 106.78, ""pos"": 33.5, ""error"": 81.9336256499999}, {""pair"": [3, 11, 2, 6], ""acc"": 1.3, ""vel"": 106.78, ""pos"": 33.5, ""error"": 81.93419224999991}, {""pair"": [3, 11, 2, 6], ""acc"": 1.3, ""vel"": 106.78, ""pos"": 33.5, ""error"": 81.94654344999992}, {""pair"": [3, 11, 2, 6], ""acc"": 1.3, ""vel"": 106.78, ""pos"": 33.5, ""error"": 81.95271904999991}, {""pair"": [3, 11, 2, 6], ""acc"": 1.3, ""vel"": 106.78, ""pos"": 33.5, ""error"": 82.06800095000011}, {""pair"": [3, 11, 2, 6], ""acc"": 1.3, ""vel"": 106.78, ""pos"": 33.5, ""error"": 82.06137655000012}], [{""pair"": [0, 6, 1, 11], ""acc"": 1.3, ""vel"": 24.82, ""pos"": 33.5, ""error"": 0.06456784999990006}, {""pair"": [0, 6, 1, 11], ""acc"": 1.3, ""vel"": 24.82, ""pos"": 33.5, ""error"": 0.07142564999989176}, {""pair"": [0, 6, 1, 11], ""acc"": 1.3, ""vel"": 24.82, ""pos"": 33.5, ""error"": 0.07119224999989626}, {""pair"": [0, 6, 1, 11], ""acc"": 1.3, ""vel"": 24.82, ""pos"": 33.5, ""error"": 0.05794344999988965}, {""pair"": [0, 6, 1, 11], ""acc"": 1.3, ""vel"": 24.82, ""pos"": 33.5, ""error"": 0.051319049999886346}, {""pair"": [0, 6, 1, 11], ""acc"": 1.3, ""vel"": 24.82, ""pos"": 33.5, ""error"": 0.24660095000009008}, {""pair"": [0, 6, 1, 11], ""acc"": 1.3, ""vel"": 24.82, ""pos"": 33.5, ""error"": 0.2527765500000996}], [{""pair"": [0, 6, 2, 11], ""acc"": 1.3, ""vel"": 24.86, ""pos"": 33.3, ""error"": 0.22456784999990376}, {""pair"": [0, 6, 2, 11], ""acc"": 1.3, ""vel"": 24.86, ""pos"": 33.3, ""error"": 0.23142564999989546}, {""pair"": [0, 6, 2, 11], ""acc"": 1.3, ""vel"": 24.86, ""pos"": 33.3, ""error"": 0.23119224999989996}, {""pair"": [0, 6, 2, 11], ""acc"": 1.3, ""vel"": 24.86, ""pos"": 33.3, ""error"": 0.22654344999990883}, {""pair"": [0, 6, 2, 11], ""acc"": 1.3, ""vel"": 24.86, ""pos"": 33.3, ""error"": 0.23271904999991122}, {""pair"": [0, 6, 2, 11], ""acc"": 1.3, ""vel"": 24.86, ""pos"": 33.3, ""error"": 0.051999049999889024}, {""pair"": [0, 6, 2, 11], ""acc"": 1.3, ""vel"": 24.86, ""pos"": 33.3, ""error"": 0.058623449999885224}], [{""pair"": [2, 6, 1, 11], ""acc"": 1.3, ""vel"": 106.74, ""pos"": 33.5, ""error"": 81.9003678499999}, {""pair"": [2, 6, 1, 11], ""acc"": 1.3, ""vel"": 106.74, ""pos"": 33.5, ""error"": 81.8936256499999}, {""pair"": [2, 6, 1, 11], ""acc"": 1.3, ""vel"": 106.74, ""pos"": 33.5, ""error"": 81.89419224999989}, {""pair"": [2, 6, 1, 11], ""acc"": 1.3, ""vel"": 106.74, ""pos"": 33.5, ""error"": 81.9065434499999}, {""pair"": [2, 6, 1, 11], ""acc"": 1.3, ""vel"": 106.74, ""pos"": 33.5, ""error"": 81.91271904999991}, {""pair"": [2, 6, 1, 11], ""acc"": 1.3, ""vel"": 106.74, ""pos"": 33.5, ""error"": 82.0280009500001}, {""pair"": [2, 6, 1, 11], ""acc"": 1.3, ""vel"": 106.74, ""pos"": 33.5, ""error"": 82.02137655000011}], [{""pair"": [2, 6, 2, 11], ""acc"": 1.3, ""vel"": 106.78, ""pos"": 33.3, ""error"": 82.1403678499999}, {""pair"": [2, 6, 2, 11], ""acc"": 1.3, ""vel"": 106.78, ""pos"": 33.3, ""error"": 82.13362564999991}, {""pair"": [2, 6, 2, 11], ""acc"": 1.3, ""vel"": 106.78, ""pos"": 33.3, ""error"": 82.1341922499999}, {""pair"": [2, 6, 2, 11], ""acc"": 1.3, ""vel"": 106.78, ""pos"": 33.3, ""error"": 82.14654344999991}, {""pair"": [2, 6, 2, 11], ""acc"": 1.3, ""vel"": 106.78, ""pos"": 33.3, ""error"": 82.15271904999992}, {""pair"": [2, 6, 2, 11], ""acc"": 1.3, ""vel"": 106.78, ""pos"": 33.3, ""error"": 81.91339904999991}, {""pair"": [2, 6, 2, 11], ""acc"": 1.3, ""vel"": 106.78, ""pos"": 33.3, ""error"": 81.9072234499999}]]","[[[3, 6, 1, 11], [1.3, 106.74, 33.5], 81.8936256499999], [[3, 6, 2, 11], [1.3, 106.78, 33.3], 81.9072234499999], [[3, 11, 0, 6], [1.3, 24.86, 33.5], 0.024567849999900915], [[3, 11, 2, 6], [1.3, 106.78, 33.5], 81.9336256499999], [[0, 6, 1, 11], [1.3, 24.82, 33.5], 0.051319049999886346], [[0, 6, 2, 11], [1.3, 24.86, 33.3], 0.051999049999889024], [[2, 6, 1, 11], [1.3, 106.74, 33.5], 81.8936256499999], [[2, 6, 2, 11], [1.3, 106.78, 33.3], 81.9072234499999]]"
1.3,24.88,33.9,1.3,24.89,33.9,1.3,24.88,33.9,"[{""pair"": [3, 3, 1, 9], ""acc"": 1.3, ""vel"": 24.88, ""pos"": 33.9, ""error"": 0.002873599999539067}, {""pair"": [2, 3, 1, 9], ""acc"": 1.3, ""vel"": 24.88, ""pos"": 33.9, ""error"": 0.002873599999539067}, {""pair"": [3, 3, 0, 9], ""acc"": 0.9, ""vel"": 24.89, ""pos"": 33.9, ""error"": 0.011273599999487516}, {""pair"": [2, 3, 0, 9], ""acc"": 0.9, ""vel"": 24.89, ""pos"": 33.9, ""error"": 0.011273599999487516}, {""pair"": [3, 9, 2, 3], ""acc"": 1.3, ""vel"": 24.89, ""pos"": 33.9, ""error"": 0.011273599999487516}]","[[3, 3, 1, 9], [2, 3, 1, 9], [3, 3, 0, 9], [2, 3, 0, 9], [3, 9, 2, 3]]","[[{""pair"": [3, 3, 0, 9], ""acc"": 0.9, ""vel"": 24.89, ""pos"": 33.9, ""error"": 0.011273599999487516}, {""pair"": [3, 3, 0, 9], ""acc"": 0.9, ""vel"": 24.89, ""pos"": 33.9, ""error"": 0.051913599999490856}, {""pair"": [3, 3, 0, 9], ""acc"": 0.9, ""vel"": 24.89, ""pos"": 33.9, ""error"": 0.21127359999949036}, {""pair"": [3, 3, 0, 9], ""acc"": 0.9, ""vel"": 24.89, ""pos"": 33.9, ""error"": 83.1788064000021}, {""pair"": [3, 3, 0, 9], ""acc"": 0.9, ""vel"": 24.89, ""pos"": 33.9, ""error"": 83.1788064000021}, {""pair"": [3, 3, 0, 9], ""acc"": 0.9, ""vel"": 24.89, ""pos"": 33.9, ""error"": 83.01944640000211}, {""pair"": [3, 3, 0, 9], ""acc"": 0.9, ""vel"": 24.89, ""pos"": 33.9, ""error"": 83.01944640000211}, {""pair"": [3, 3, 0, 9], ""acc"": 0.9, ""vel"": 24.89, ""pos"": 33.9, ""error"": 83.21944640000211}], [{""pair"": [3, 3, 1, 9], ""acc"": 1.3, ""vel"": 24.88, ""pos"": 33.9, ""error"": 0.002873599999539067}, {""pair"": [3, 3, 1, 9], ""acc"": 1.3, ""vel"": 24.88, ""pos"": 33.9, ""error"": 0.04191359999948929}, {""pair"": [3, 3, 1, 9], ""acc"": 1.3, ""vel"": 24.88, ""pos"": 33.9, ""error"": 0.2028735999995419}, {""pair"": [3, 3, 1, 9], ""acc"": 1.3, ""vel"": 24.88, ""pos"": 33.9, ""error"": 83.18880640000211}, {""pair"": [3, 3, 1, 9], ""acc"": 1.3, ""vel"": 24.88, ""pos"": 33.9, ""error"": 83.18880640000211}, {""pair"": [3, 3, 1, 9], ""acc"": 1.3, ""vel"": 24.88, ""pos"": 33.9, ""error"": 83.02944640000212}, {""pair"": [3, 3, 1, 9], ""acc"": 1.3, ""vel"": 24.88, ""pos"": 33.9, ""error"": 83.02944640000212}, {""pair"": [3, 3, 1, 9], ""acc"": 1.3, ""vel"": 24.88, ""pos"": 33.9, ""error"": 83.22944640000212}], [{""pair"": [3, 9, 2, 3], ""acc"": 1.3, ""vel"": 24.89, ""pos"": 33.9, ""error"": 0.011273599999487516}, {""pair"": [3, 9, 2, 3], ""acc"": 1.3, ""vel"": 24.89, ""pos"": 33.9, ""error"": 0.051913599999490856}, {""pair"": [3, 9, 2, 3], ""acc"": 1.3, ""vel"": 24.89, ""pos"": 33.9, ""error"": 0.21127359999949036}, {""pair"": [3, 9, 2, 3], ""acc"": 1.3, ""vel"": 24.89, ""pos"": 33.9, ""error"": 83.1788064000021}, {""pair"": [3, 9, 2, 3], ""acc"": 1.3, ""vel"": 24.89, ""pos"": 33.9, ""error"": 83.1788064000021}, {""pair"": [3, 9, 2, 3], ""acc"": 1.3, ""vel"": 24.89, ""pos"": 33.9, ""error"": 83.01944640000211}, {""pair"": [3, 9, 2, 3], ""acc"": 1.3, ""vel"": 24.89, ""pos"": 33.9, ""error"": 83.01944640000211}, {""pair"": [3, 9, 2, 3], ""acc"": 1.3, ""vel"": 24.89, ""pos"": 33.9, ""error"": 83.21944640000211}], [{""pair"": [2, 3, 0, 9], ""acc"": 0.9, ""vel"": 24.89, ""pos"": 33.9, ""error"": 0.011273599999487516}, {""pair"": [2, 3, 0, 9], ""acc"": 0.9, ""vel"": 24.89, ""pos"": 33.9, ""error"": 0.051913599999490856}, {""pair"": [2, 3, 0, 9], ""acc"": 0.9, ""vel"": 24.89, ""pos"": 33.9, ""error"": 0.21127359999949036}, {""pair"": [2, 3, 0, 9], ""acc"": 0.9, ""vel"": 24.89, ""pos"": 33.9, ""error"": 83.1788064000021}, {""pair"": [2, 3, 0, 9], ""acc"": 0.9, ""vel"": 24.89, ""pos"": 33.9, ""error"": 83.1788064000021}, {""pair"": [2, 3, 0, 9], ""acc"": 0.9, ""vel"": 24.89, ""pos"": 33.9, ""error"": 83.01944640000211}, {""pair"": [2, 3, 0, 9], ""acc"": 0.9, ""vel"": 24.89, ""pos"": 33.9, ""error"": 83.01944640000211}, {""pair"": [2, 3, 0, 9], ""acc"": 0.9, ""vel"": 24.89, ""pos"": 33.9, ""error"": 83.21944640000211}], [{""pair"": [2, 3, 1, 9], ""acc"": 1.3, ""vel"": 24.88, ""pos"": 33.9, ""error"": 0.002873599999539067}, {""pair"": [2, 3, 1, 9], ""acc"": 1.3, ""vel"": 24.88, ""pos"": 33.9, ""error"": 0.04191359999948929}, {""pair"": [2, 3, 1, 9], ""acc"": 1.3, ""vel"": 24.88, ""pos"": 33.9, ""error"": 0.2028735999995419}, {""pair"": [2, 3, 1, 9], ""acc"": 1.3, ""vel"": 24.88, ""pos"": 33.9, ""error"": 83.18880640000211}, {""pair"": [2, 3, 1, 9], ""acc"": 1.3, ""vel"": 24.88, ""pos"": 33.9, ""error"": 83.18880640000211}, {""pair"": [2, 3, 1, 9], ""acc"": 1.3, ""vel"": 24.88, ""pos"": 33.9, ""error"": 83.02944640000212}, {""pair"": [2, 3, 1, 9], ""acc"": 1.3, ""vel"": 24.88, ""pos"": 33.9, ""error"": 83.02944640000212}, {""pair"": [2, 3, 1, 9], ""acc"": 1.3, ""vel"": 24.88, ""pos"": 33.9, ""error"": 83.22944640000212}]]","[[[3, 3, 0, 9], [0.9, 24.89, 33.9], 0.011273599999487516], [[3, 3, 1, 9], [1.3, 24.88, 33.9], 0.002873599999539067], [[3, 9, 2, 3], [1.3, 24.89, 33.9], 0.011273599999487516], [[2, 3, 0, 9], [0.9, 24.89, 33.9], 0.011273599999487516], [[2, 3, 1, 9], [1.3, 24.88, 33.9], 0.002873599999539067]]"
1.3,24.9,34.300000000000004,1.3,24.74,34.3,1.3,24.9,34.3,"[{""pair"": [3, 12, 1, 13], ""acc"": 1.3, ""vel"": 24.9, ""pos"": 34.3, ""error"": 0.025247849999896488}, {""pair"": [1, 12, 1, 13], ""acc"": 1.3, ""vel"": 24.82, ""pos"": 34.3, ""error"": 0.10524784999989478}, {""pair"": [0, 11, 1, 11], ""acc"": 2.9, ""vel"": 24.78, ""pos"": 34.3, ""error"": 0.14524784999989393}, {""pair"": [1, 11, 0, 11], ""acc"": 2.9, ""vel"": 24.78, ""pos"": 34.3, ""error"": 0.14524784999989393}, {""pair"": [3, 12, 0, 13], ""acc"": 7.7, ""vel"": 24.74, ""pos"": 34.3, ""error"": 0.18524784999989663}, {""pair"": [1, 12, 0, 13], ""acc"": 7.7, ""vel"": 24.66, ""pos"": 34.3, ""error"": 0.2652478499998949}, {""pair"": [2, 12, 1, 13], ""acc"": 1.3, ""vel"": 24.9, ""pos"": 33.9, ""error"": 0.42524784999989507}, {""pair"": [2, 12, 2, 13], ""acc"": 1.3, ""vel"": 24.74, ""pos"": 34.7, ""error"": 0.5389521500000996}, {""pair"": [2, 12, 0, 13], ""acc"": 7.7, ""vel"": 24.74, ""pos"": 33.9, ""error"": 0.5852478499998952}, {""pair"": [3, 12, 2, 13], ""acc"": 1.3, ""vel"": 24.74, ""pos"": 35.1, ""error"": 0.9389521500000981}, {""pair"": [1, 12, 2, 13], ""acc"": 1.3, ""vel"": 24.66, ""pos"": 35.1, ""error"": 1.0189521500000964}]","[[3, 12, 1, 13], [1, 12, 1, 13], [0, 11, 1, 11], [1, 11, 0, 11], [3, 12, 0, 13], [1, 12, 0, 13], [2, 12, 1, 13], [2, 12, 2, 13], [2, 12, 0, 13], [3, 12, 2, 13], [1, 12, 2, 13]]","[[{""pair"": [3, 12, 0, 13], ""acc"": 7.7, ""vel"": 24.74, ""pos"": 34.3, ""error"": 0.18524784999989663}, {""pair"": [3, 12, 0, 13], ""acc"": 7.7, ""vel"": 24.74, ""pos"": 34.3, ""error"": 0.18524784999989663}, {""pair"": [3, 12, 0, 13], ""acc"": 7.7, ""vel"": 24.74, ""pos"": 34.3, ""error"": 0.1885600499999036}, {""pair"": [3, 12, 0, 13], ""acc"": 7.7, ""vel"": 24.74, ""pos"": 34.3, ""error"": 0.1885600499999036}, {""pair"": [3, 12, 0, 13], ""acc"": 7.7, ""vel"": 24.74, ""pos"": 34.3, ""error"": 0.19541784999990242}], [{""pair"": [3, 12, 1, 13], ""acc"": 1.3, ""vel"": 24.9, ""pos"": 34.3, ""error"": 0.025247849999896488}, {""pair"": [3, 12, 1, 13], ""acc"": 1.3, ""vel"": 24.9, ""pos"": 34.3, ""error"": 0.025247849999896488}, {""pair"": [3, 12, 1, 13], ""acc"": 1.3, ""vel"": 24.9, ""pos"": 34.3, ""error"": 0.02856004999990347}, {""pair"": [3, 12, 1, 13], ""acc"": 1.3, ""vel"": 24.9, ""pos"": 34.3, ""error"": 0.02856004999990347}, {""pair"": [3, 12, 1, 13], ""acc"": 1.3, ""vel"": 24.9, ""pos"": 34.3, ""error"": 0.03541784999990227}], [{""pair"": [3, 12, 2, 13], ""acc"": 1.3, ""vel"": 24.74, ""pos"": 35.1, ""error"": 0.9389521500000981}, {""pair"": [3, 12, 2, 13], ""acc"": 1.3, ""vel"": 24.74, ""pos"": 35.1, ""error"": 0.9389521500000981}, {""pair"": [3, 12, 2, 13], ""acc"": 1.3, ""vel"": 24.74, ""pos"": 35.1, ""error"": 0.9420399500000975}, {""pair"": [3, 12, 2, 13], ""acc"": 1.3, ""vel"": 24.74, ""pos"": 35.1, ""error"": 0.9420399500000975}, {""pair"": [3, 12, 2, 13], ""acc"": 1.3, ""vel"": 24.74, ""pos"": 35.1, ""error"": 0.9487821500000955}], [{""pair"": [0, 11, 1, 11], ""acc"": 2.9, ""vel"": 24.78, ""pos"": 34.3, ""error"": 0.14524784999989393}, {""pair"": [0, 11, 1, 11], ""acc"": 2.9, ""vel"": 24.78, ""pos"": 34.3, ""error"": 0.14524784999989393}, {""pair"": [0, 11, 1, 11], ""acc"": 2.9, ""vel"": 24.78, ""pos"": 34.3, ""error"": 0.1485600499999009}, {""pair"": [0, 11, 1, 11], ""acc"": 2.9, ""vel"": 24.78, ""pos"": 34.3, ""error"": 0.1485600499999009}, {""pair"": [0, 11, 1, 11], ""acc"": 2.9, ""vel"": 24.78, ""pos"": 34.3, ""error"": 0.15541784999989972}], [{""pair"": [1, 11, 0, 11], ""acc"": 2.9, ""vel"": 24.78, ""pos"": 34.3, ""error"": 0.14524784999989393}, {""pair"": [1, 11, 0, 11], ""acc"": 2.9, ""vel"": 24.78, ""pos"": 34.3, ""error"": 0.14524784999989393}, {""pair"": [1, 11, 0, 11], ""acc"": 2.9, ""vel"": 24.78, ""pos"": 34.3, ""error"": 0.1485600499999009}, {""pair"": [1, 11, 0, 11], ""acc"": 2.9, ""vel"": 24.78, ""pos"": 34.3, ""error"": 0.1485600499999009}, {""pair"": [1, 11, 0, 11], ""acc"": 2.9, ""vel"": 24.78, ""pos"": 34.3, ""error"": 0.15541784999989972}], [{""pair"": [1, 12, 0, 13], ""acc"": 7.7, ""vel"": 24.66, ""pos"": 34.3, ""error"": 0.2652478499998949}, {""pair"": [1, 12, 0, 13], ""acc"": 7.7, ""vel"": 24.66, ""pos"": 34.3, ""error"": 0.2652478499998949}, {""pair"": [1, 12, 0, 13], ""acc"": 7.7, ""vel"": 24.66, ""pos"": 34.3, ""error"": 0.2685600499999019}, {""pair"": [1, 12, 0, 13], ""acc"": 7.7, ""vel"": 24.66, ""pos"": 34.3, ""error"": 0.2685600499999019}, {""pair"": [1, 12, 0, 13], ""acc"": 7.7, ""vel"": 24.66, ""pos"": 34.3, ""error"": 0.2754178499999007}], [{""pair"": [1, 12, 1, 13], ""acc"": 1.3, ""vel"": 24.82, ""pos"": 34.3, ""error"": 0.10524784999989478}, {""pair"": [1, 12, 1, 13], ""acc"": 1.3, ""vel"": 24.82, ""pos"": 34.3, ""error"": 0.10524784999989478}, {""pair"": [1, 12, 1, 13], ""acc"": 1.3, ""vel"": 24.82, ""pos"": 34.3, ""error"": 0.10856004999990176}, {""pair"": [1, 12, 1, 13], ""acc"": 1.3, ""vel"": 24.82, ""pos"": 34.3, ""error"": 0.10856004999990176}, {""pair"": [1, 12, 1, 13], ""acc"": 1.3, ""vel"": 24.82, ""pos"": 34.3, ""error"": 0.11541784999990057}], [{""pair"": [1, 12, 2, 13], ""acc"": 1.3, ""vel"": 24.66, ""pos"": 35.1, ""error"": 1.0189521500000964}, {""pair"": [1, 12, 2, 13], ""acc"": 1.3, ""vel"": 24.66, ""pos"": 35.1, ""error"": 1.0189521500000964}, {""pair"": [1, 12, 2, 13], ""acc"": 1.3, ""vel"": 24.66, ""pos"": 35.1, ""error"": 1.0220399500000958}, {""pair"": [1, 12, 2, 13], ""acc"": 1.3, ""vel"": 24.66, ""pos"": 35.1, ""error"": 1.0220399500000958}, {""pair"": [1, 12, 2, 13], ""acc"": 1.3, ""vel"": 24.66, ""pos"": 35.1, ""error"": 1.0287821500000938}], [{""pair"": [2, 12, 0, 13], ""acc"": 7.7, ""vel"": 24.74, ""pos"": 33.9, ""error"": 0.5852478499998952}, {""pair"": [2, 12, 0, 13], ""acc"": 7.7, ""vel"": 24.74, ""pos"": 33.9, ""error"": 0.5852478499998952}, {""pair"": [2, 12, 0, 13], ""acc"": 7.7, ""vel"": 24.74, ""pos"": 33.9, ""error"": 0.5885600499999022}, {""pair"": [2, 12, 0, 13], ""acc"": 7.7, ""vel"": 24.74, ""pos"": 33.9, ""error"": 0.5885600499999022}, {""pair"": [2, 12, 0, 13], ""acc"": 7.7, ""vel"": 24.74, ""pos"": 33.9, ""error"": 0.595417849999901}], [{""pair"": [2, 12, 1, 13], ""acc"": 1.3, ""vel"": 24.9, ""pos"": 33.9, ""error"": 0.42524784999989507}, {""pair"": [2, 12, 1, 13], ""acc"": 1.3, ""vel"": 24.9, ""pos"": 33.9, ""error"": 0.42524784999989507}, {""pair"": [2, 12, 1, 13], ""acc"": 1.3, ""vel"": 24.9, ""pos"": 33.9, ""error"": 0.42856004999990205}, {""pair"": [2, 12, 1, 13], ""acc"": 1.3, ""vel"": 24.9, ""pos"": 33.9, ""error"": 0.42856004999990205}, {""pair"": [2, 12, 1, 13], ""acc"": 1.3, ""vel"": 24.9, ""pos"": 33.9, ""error"": 0.43541784999990085}], [{""pair"": [2, 12, 2, 13], ""acc"": 1.3, ""vel"": 24.74, ""pos"": 34.7, ""error"": 0.5389521500000996}, {""pair"": [2, 12, 2, 13], ""acc"": 1.3, ""vel"": 24.74, ""pos"": 34.7, ""error"": 0.5389521500000996}, {""pair"": [2, 12, 2, 13], ""acc"": 1.3, ""vel"": 24.74, ""pos"": 34.7, ""error"": 0.542039950000099}, {""pair"": [2, 12, 2, 13], ""acc"": 1.3, ""vel"": 24.74, ""pos"": 34.7, ""error"": 0.542039950000099}, {""pair"": [2, 12, 2, 13], ""acc"": 1.3, ""vel"": 24.74, ""pos"": 34.7, ""error"": 0.5487821500000969}]]","[[[3, 12, 0, 13], [7.7, 24.74, 34.3], 0.18524784999989663], [[3, 12, 1, 13], [1.3, 24.9, 34.3], 0.025247849999896488], [[3, 12, 2, 13], [1.3, 24.74, 35.1], 0.9389521500000981], [[0, 11, 1, 11], [2.9, 24.78, 34.3], 0.14524784999989393], [[1, 11, 0, 11], [2.9, 24.78, 34.3], 0.14524784999989393], [[1, 12, 0, 13], [7.7, 24.66, 34.3], 0.2652478499998949], [[1, 12, 1, 13], [1.3, 24.82, 34.3], 0.10524784999989478], [[1, 12, 2, 13], [1.3, 24.66, 35.1], 1.0189521500000964], [[2, 12, 0, 13], [7.7, 24.74, 33.9], 0.5852478499998952], [[2, 12, 1, 13], [1.3, 24.9, 33.9], 0.42524784999989507], [[2, 12, 2, 13], [1.3, 24.74, 34.7], 0.5389521500000996]]"
1.4,24.93,34.7,1.4,24.92,34.7,1.2,24.92,34.7,"[{""pair"": [3, 10, 0, 8], ""acc"": 1.2, ""vel"": 24.92, ""pos"": 34.7, ""error"": 0.02558784999988717}, {""pair"": [3, 8, 2, 9], ""acc"": 1.4, ""vel"": 24.92, ""pos"": 34.7, ""error"": 0.02558784999988717}, {""pair"": [2, 8, 2, 9], ""acc"": 1.4, ""vel"": 24.92, ""pos"": 34.7, ""error"": 0.02558784999988717}, {""pair"": [3, 8, 1, 9], ""acc"": 1.4, ""vel"": 24.93, ""pos"": 34.7, ""error"": 0.03138784999990207}, {""pair"": [2, 8, 1, 9], ""acc"": 1.4, ""vel"": 24.93, ""pos"": 34.7, ""error"": 0.03138784999990207}, {""pair"": [0, 8, 1, 10], ""acc"": 1.2, ""vel"": 24.94, ""pos"": 34.7, ""error"": 0.041387849999903636}, {""pair"": [1, 8, 2, 9], ""acc"": 1.4, ""vel"": 24.92, ""pos"": 1673.1, ""error"": 1637.73713215}, {""pair"": [1, 8, 1, 9], ""acc"": 1.4, ""vel"": 24.93, ""pos"": 1673.1, ""error"": 1637.74713215}]","[[3, 10, 0, 8], [3, 8, 2, 9], [2, 8, 2, 9], [3, 8, 1, 9], [2, 8, 1, 9], [0, 8, 1, 10], [1, 8, 2, 9], [1, 8, 1, 9]]","[[{""pair"": [3, 8, 1, 9], ""acc"": 1.4, ""vel"": 24.93, ""pos"": 34.7, ""error"": 0.03138784999990207}, {""pair"": [3, 8, 1, 9], ""acc"": 1.4, ""vel"": 24.93, ""pos"": 34.7, ""error"": 0.11002784999990212}, {""pair"": [3, 8, 1, 9], ""acc"": 1.4, ""vel"": 24.93, ""pos"": 34.7, ""error"": 0.12237904999989979}, {""pair"": [3, 8, 1, 9], ""acc"": 1.4, ""vel"": 24.93, ""pos"": 34.7, ""error"": 0.12237904999989979}, {""pair"": [3, 8, 1, 9], ""acc"": 1.4, ""vel"": 24.93, ""pos"": 34.7, ""error"": 0.08079264999992475}, {""pair"": [3, 8, 1, 9], ""acc"": 1.4, ""vel"": 24.93, ""pos"": 34.7, ""error"": 0.15943264999991769}, {""pair"": [3, 8, 1, 9], ""acc"": 1.4, ""vel"": 24.93, ""pos"": 34.7, ""error"": 0.3844121500001094}, {""pair"": [3, 8, 1, 9], ""acc"": 1.4, ""vel"": 24.93, ""pos"": 34.7, ""error"": 0.5886678499999114}, {""pair"": [3, 8, 1, 9], ""acc"": 1.4, ""vel"": 24.93, ""pos"": 34.7, ""error"": 0.4374073500001394}, {""pair"": [3, 8, 1, 9], ""acc"": 1.4, ""vel"": 24.93, ""pos"": 34.7, ""error"": 0.98866784999991}, {""pair"": [3, 8, 1, 9], ""acc"": 1.4, ""vel"": 24.93, ""pos"": 34.7, ""error"": 1.067307849999903}], [{""pair"": [3, 8, 2, 9], ""acc"": 1.4, ""vel"": 24.92, ""pos"": 34.7, ""error"": 0.02558784999988717}, {""pair"": [3, 8, 2, 9], ""acc"": 1.4, ""vel"": 24.92, ""pos"": 34.7, ""error"": 0.1000278499999041}, {""pair"": [3, 8, 2, 9], ""acc"": 1.4, ""vel"": 24.92, ""pos"": 34.7, ""error"": 0.11237904999990178}, {""pair"": [3, 8, 2, 9], ""acc"": 1.4, ""vel"": 24.92, ""pos"": 34.7, ""error"": 0.11237904999990178}, {""pair"": [3, 8, 2, 9], ""acc"": 1.4, ""vel"": 24.92, ""pos"": 34.7, ""error"": 0.07079264999992674}, {""pair"": [3, 8, 2, 9], ""acc"": 1.4, ""vel"": 24.92, ""pos"": 34.7, ""error"": 0.14943264999991968}, {""pair"": [3, 8, 2, 9], ""acc"": 1.4, ""vel"": 24.92, ""pos"": 34.7, ""error"": 0.3786121500000945}, {""pair"": [3, 8, 2, 9], ""acc"": 1.4, ""vel"": 24.92, ""pos"": 34.7, ""error"": 0.5786678499999134}, {""pair"": [3, 8, 2, 9], ""acc"": 1.4, ""vel"": 24.92, ""pos"": 34.7, ""error"": 0.4274073500001414}, {""pair"": [3, 8, 2, 9], ""acc"": 1.4, ""vel"": 24.92, ""pos"": 34.7, ""error"": 0.978667849999912}, {""pair"": [3, 8, 2, 9], ""acc"": 1.4, ""vel"": 24.92, ""pos"": 34.7, ""error"": 1.057307849999905}], [{""pair"": [3, 10, 0, 8], ""acc"": 1.2, ""vel"": 24.92, ""pos"": 34.7, ""error"": 0.02558784999988717}, {""pair"": [3, 10, 0, 8], ""acc"": 1.2, ""vel"": 24.92, ""pos"": 34.7, ""error"": 0.1000278499999041}, {""pair"": [3, 10, 0, 8], ""acc"": 1.2, ""vel"": 24.92, ""pos"": 34.7, ""error"": 0.11237904999990178}, {""pair"": [3, 10, 0, 8], ""acc"": 1.2, ""vel"": 24.92, ""pos"": 34.7, ""error"": 0.11237904999990178}, {""pair"": [3, 10, 0, 8], ""acc"": 1.2, ""vel"": 24.92, ""pos"": 34.7, ""error"": 0.07079264999992674}, {""pair"": [3, 10, 0, 8], ""acc"": 1.2, ""vel"": 24.92, ""pos"": 34.7, ""error"": 0.14943264999991968}, {""pair"": [3, 10, 0, 8], ""acc"": 1.2, ""vel"": 24.92, ""pos"": 34.7, ""error"": 0.3786121500000945}, {""pair"": [3, 10, 0, 8], ""acc"": 1.2, ""vel"": 24.92, ""pos"": 34.7, ""error"": 0.5786678499999134}, {""pair"": [3, 10, 0, 8], ""acc"": 1.2, ""vel"": 24.92, ""pos"": 34.7, ""error"": 0.4274073500001414}, {""pair"": [3, 10, 0, 8], ""acc"": 1.2, ""vel"": 24.92, ""pos"": 34.7, ""error"": 0.978667849999912}, {""pair"": [3, 10, 0, 8], ""acc"": 1.2, ""vel"": 24.92, ""pos"": 34.7, ""error"": 1.057307849999905}], [{""pair"": [0, 8, 1, 10], ""acc"": 1.2, ""vel"": 24.94, ""pos"": 34.7, ""error"": 0.041387849999903636}, {""pair"": [0, 8, 1, 10], ""acc"": 1.2, ""vel"": 24.94, ""pos"": 34.7, ""error"": 0.12002784999990368}, {""pair"": [0, 8, 1, 10], ""acc"": 1.2, ""vel"": 24.94, ""pos"": 34.7, ""error"": 0.13237904999990135}, {""pair"": [0, 8, 1, 10], ""acc"": 1.2, ""vel"": 24.94, ""pos"": 34.7, ""error"": 0.13237904999990135}, {""pair"": [0, 8, 1, 10], ""acc"": 1.2, ""vel"": 24.94, ""pos"": 34.7, ""error"": 0.09079264999992631}, {""pair"": [0, 8, 1, 10], ""acc"": 1.2, ""vel"": 24.94, ""pos"": 34.7, ""error"": 0.16943264999991925}, {""pair"": [0, 8, 1, 10], ""acc"": 1.2, ""vel"": 24.94, ""pos"": 34.7, ""error"": 0.394412150000111}, {""pair"": [0, 8, 1, 10], ""acc"": 1.2, ""vel"": 24.94, ""pos"": 34.7, ""error"": 0.598667849999913}, {""pair"": [0, 8, 1, 10], ""acc"": 1.2, ""vel"": 24.94, ""pos"": 34.7, ""error"": 0.447407350000141}, {""pair"": [0, 8, 1, 10], ""acc"": 1.2, ""vel"": 24.94, ""pos"": 34.7, ""error"": 0.9986678499999115}, {""pair"": [0, 8, 1, 10], ""acc"": 1.2, ""vel"": 24.94, ""pos"": 34.7, ""error"": 1.0773078499999045}], [{""pair"": [1, 8, 1, 9], ""acc"": 1.4, ""vel"": 24.93, ""pos"": 1673.1, ""error"": 1638.3844121500001}, {""pair"": [1, 8, 1, 9], ""acc"": 1.4, ""vel"": 24.93, ""pos"": 1673.1, ""error"": 1638.46577215}, {""pair"": [1, 8, 1, 9], ""acc"": 1.4, ""vel"": 24.93, ""pos"": 1673.1, ""error"": 1638.47902095}, {""pair"": [1, 8, 1, 9], ""acc"": 1.4, ""vel"": 24.93, ""pos"": 1673.1, ""error"": 1638.47902095}, {""pair"": [1, 8, 1, 9], ""acc"": 1.4, ""vel"": 24.93, ""pos"": 1673.1, ""error"": 1638.43740735}, {""pair"": [1, 8, 1, 9], ""acc"": 1.4, ""vel"": 24.93, ""pos"": 1673.1, ""error"": 1638.5187673500002}, {""pair"": [1, 8, 1, 9], ""acc"": 1.4, ""vel"": 24.93, ""pos"": 1673.1, ""error"": 1638.78441215}, {""pair"": [1, 8, 1, 9], ""acc"": 1.4, ""vel"": 24.93, ""pos"": 1673.1, ""error"": 1638.1471321499998}, {""pair"": [1, 8, 1, 9], ""acc"": 1.4, ""vel"": 24.93, ""pos"": 1673.1, ""error"": 1638.83740735}, {""pair"": [1, 8, 1, 9], ""acc"": 1.4, ""vel"": 24.93, ""pos"": 1673.1, ""error"": 1637.74713215}, {""pair"": [1, 8, 1, 9], ""acc"": 1.4, ""vel"": 24.93, ""pos"": 1673.1, ""error"": 1637.82849215}], [{""pair"": [1, 8, 2, 9], ""acc"": 1.4, ""vel"": 24.92, ""pos"": 1673.1, ""error"": 1638.37861215}, {""pair"": [1, 8, 2, 9], ""acc"": 1.4, ""vel"": 24.92, ""pos"": 1673.1, ""error"": 1638.45577215}, {""pair"": [1, 8, 2, 9], ""acc"": 1.4, ""vel"": 24.92, ""pos"": 1673.1, ""error"": 1638.46902095}, {""pair"": [1, 8, 2, 9], ""acc"": 1.4, ""vel"": 24.92, ""pos"": 1673.1, ""error"": 1638.46902095}, {""pair"": [1, 8, 2, 9], ""acc"": 1.4, ""vel"": 24.92, ""pos"": 1673.1, ""error"": 1638.42740735}, {""pair"": [1, 8, 2, 9], ""acc"": 1.4, ""vel"": 24.92, ""pos"": 1673.1, ""error"": 1638.5087673500002}, {""pair"": [1, 8, 2, 9], ""acc"": 1.4, ""vel"": 24.92, ""pos"": 1673.1, ""error"": 1638.7786121499998}, {""pair"": [1, 8, 2, 9], ""acc"": 1.4, ""vel"": 24.92, ""pos"": 1673.1, ""error"": 1638.1371321499998}, {""pair"": [1, 8, 2, 9], ""acc"": 1.4, ""vel"": 24.92, ""pos"": 1673.1, ""error"": 1638.82740735}, {""pair"": [1, 8, 2, 9], ""acc"": 1.4, ""vel"": 24.92, ""pos"": 1673.1, ""error"": 1637.73713215}, {""pair"": [1, 8, 2, 9], ""acc"": 1.4, ""vel"": 24.92, ""pos"": 1673.1, ""error"": 1637.81849215}], [{""pair"": [2, 8, 1, 9], ""acc"": 1.4, ""vel"": 24.93, ""pos"": 34.7, ""error"": 0.03138784999990207}, {""pair"": [2, 8, 1, 9], ""acc"": 1.4, ""vel"": 24.93, ""pos"": 34.7, ""error"": 0.11002784999990212}, {""pair"": [2, 8, 1, 9], ""acc"": 1.4, ""vel"": 24.93, ""pos"": 34.7, ""error"": 0.12237904999989979}, {""pair"": [2, 8, 1, 9], ""acc"": 1.4, ""vel"": 24.93, ""pos"": 34.7, ""error"": 0.12237904999989979}, {""pair"": [2, 8, 1, 9], ""acc"": 1.4, ""vel"": 24.93, ""pos"": 34.7, ""error"": 0.08079264999992475}, {""pair"": [2, 8, 1, 9], ""acc"": 1.4, ""vel"": 24.93, ""pos"": 34.7, ""error"": 0.15943264999991769}, {""pair"": [2, 8, 1, 9], ""acc"": 1.4, ""vel"": 24.93, ""pos"": 34.7, ""error"": 0.3844121500001094}, {""pair"": [2, 8, 1, 9], ""acc"": 1.4, ""vel"": 24.93, ""pos"": 34.7, ""error"": 0.5886678499999114}, {""pair"": [2, 8, 1, 9], ""acc"": 1.4, ""vel"": 24.93, ""pos"": 34.7, ""error"": 0.4374073500001394}, {""pair"": [2, 8, 1, 9], ""acc"": 1.4, ""vel"": 24.93, ""pos"": 34.7, ""error"": 0.98866784999991}, {""pair"": [2, 8, 1, 9], ""acc"": 1.4, ""vel"": 24.93, ""pos"": 34.7, ""error"": 1.067307849999903}], [{""pair"": [2, 8, 2, 9], ""acc"": 1.4, ""vel"": 24.92, ""pos"": 34.7, ""error"": 0.02558784999988717}, {""pair"": [2, 8, 2, 9], ""acc"": 1.4, ""vel"": 24.92, ""pos"": 34.7, ""error"": 0.1000278499999041}, {""pair"": [2, 8, 2, 9], ""acc"": 1.4, ""vel"": 24.92, ""pos"": 34.7, ""error"": 0.11237904999990178}, {""pair"": [2, 8, 2, 9], ""acc"": 1.4, ""vel"": 24.92, ""pos"": 34.7, ""error"": 0.11237904999990178}, {""pair"": [2, 8, 2, 9], ""acc"": 1.4, ""vel"": 24.92, ""pos"": 34.7, ""error"": 0.07079264999992674}, {""pair"": [2, 8, 2, 9], ""acc"": 1.4, ""vel"": 24.92, ""pos"": 34.7, ""error"": 0.14943264999991968}, {""pair"": [2, 8, 2, 9], ""acc"": 1.4, ""vel"": 24.92, ""pos"": 34.7, ""error"": 0.3786121500000945}, {""pair"": [2, 8, 2, 9], ""acc"": 1.4, ""vel"": 24.92, ""pos"": 34.7, ""error"": 0.5786678499999134}, {""pair"": [2, 8, 2, 9], ""acc"": 1.4, ""vel"": 24.92, ""pos"": 34.7, ""error"": 0.4274073500001414}, {""pair"": [2, 8, 2, 9], ""acc"": 1.4, ""vel"": 24.92, ""pos"": 34.7, ""error"": 0.978667849999912}, {""pair"": [2, 8, 2, 9], ""acc"": 1.4, ""vel"": 24.92, ""pos"": 34.7, ""error"": 1.057307849999905}]]","[[[3, 8, 1, 9], [1.4, 24.93, 34.7], 0.03138784999990207], [[3, 8, 2, 9], [1.4, 24.92, 34.7], 0.02558784999988717], [[3, 10, 0, 8], [1.2, 24.92, 34.7], 0.02558784999988717], [[0, 8, 1, 10], [1.2, 24.94, 34.7], 0.041387849999903636], [[1, 8, 1, 9], [1.4, 24.93, 1673.1], 1637.74713215], [[1, 8, 2, 9], [1.4, 24.92, 1673.1], 1637.73713215], [[2, 8, 1, 9], [1.4, 24.93, 34.7], 0.03138784999990207], [[2, 8, 2, 9], [1.4, 24.92, 34.7], 0.02558784999988717]]"
1.5,24.95,35.1,1.5,24.86,35.1,1.5,24.94,35.1,"[{""pair"": [1, 12, 2, 9], ""acc"": 1.5, ""vel"": 24.94, ""pos"": 35.1, ""error"": 0.001926400000971995}, {""pair"": [1, 12, 1, 9], ""acc"": 1.5, ""vel"": 24.95, ""pos"": 35.1, ""error"": 0.0033408000008812166}, {""pair"": [0, 12, 1, 9], ""acc"": 4.7, ""vel"": 24.87, ""pos"": 35.1, ""error"": 0.07032640000088364}, {""pair"": [0, 12, 2, 9], ""acc"": 4.7, ""vel"": 24.86, ""pos"": 35.1, ""error"": 0.0803264000008852}]","[[1, 12, 2, 9], [1, 12, 1, 9], [0, 12, 1, 9], [0, 12, 2, 9]]","[[{""pair"": [0, 12, 1, 9], ""acc"": 4.7, ""vel"": 24.87, ""pos"": 35.1, ""error"": 0.07032640000088364}, {""pair"": [0, 12, 1, 9], ""acc"": 4.7, ""vel"": 24.87, ""pos"": 35.1, ""error"": 0.07350080000087544}, {""pair"": [0, 12, 1, 9], ""acc"": 4.7, ""vel"": 24.87, ""pos"": 35.1, ""error"": 0.07350080000087544}, {""pair"": [0, 12, 1, 9], ""acc"": 4.7, ""vel"": 24.87, ""pos"": 35.1, ""error"": 0.08334080000087951}, {""pair"": [0, 12, 1, 9], ""acc"": 4.7, ""vel"": 24.87, ""pos"": 35.1, ""error"": 0.08334080000087951}, {""pair"": [0, 12, 1, 9], ""acc"": 4.7, ""vel"": 24.87, ""pos"": 35.1, ""error"": 0.09000640000088822}, {""pair"": [0, 12, 1, 9], ""acc"": 4.7, ""vel"": 24.87, ""pos"": 35.1, ""error"": 1638.471299199999}, {""pair"": [0, 12, 1, 9], ""acc"": 4.7, ""vel"": 24.87, ""pos"": 35.1, ""error"": 1638.481459199999}], [{""pair"": [0, 12, 2, 9], ""acc"": 4.7, ""vel"": 24.86, ""pos"": 35.1, ""error"": 0.0803264000008852}, {""pair"": [0, 12, 2, 9], ""acc"": 4.7, ""vel"": 24.86, ""pos"": 35.1, ""error"": 0.083500800000877}, {""pair"": [0, 12, 2, 9], ""acc"": 4.7, ""vel"": 24.86, ""pos"": 35.1, ""error"": 0.083500800000877}, {""pair"": [0, 12, 2, 9], ""acc"": 4.7, ""vel"": 24.86, ""pos"": 35.1, ""error"": 0.09334080000088107}, {""pair"": [0, 12, 2, 9], ""acc"": 4.7, ""vel"": 24.86, ""pos"": 35.1, ""error"": 0.09334080000088107}, {""pair"": [0, 12, 2, 9], ""acc"": 4.7, ""vel"": 24.86, ""pos"": 35.1, ""error"": 0.10000640000088978}, {""pair"": [0, 12, 2, 9], ""acc"": 4.7, ""vel"": 24.86, ""pos"": 35.1, ""error"": 1638.481299199999}, {""pair"": [0, 12, 2, 9], ""acc"": 4.7, ""vel"": 24.86, ""pos"": 35.1, ""error"": 1638.491459199999}], [{""pair"": [1, 12, 1, 9], ""acc"": 1.5, ""vel"": 24.95, ""pos"": 35.1, ""error"": 0.011926400000970006}, {""pair"": [1, 12, 1, 9], ""acc"": 1.5, ""vel"": 24.95, ""pos"": 35.1, ""error"": 0.008700800000976727}, {""pair"": [1, 12, 1, 9], ""acc"": 1.5, ""vel"": 24.95, ""pos"": 35.1, ""error"": 0.008700800000976727}, {""pair"": [1, 12, 1, 9], ""acc"": 1.5, ""vel"": 24.95, ""pos"": 35.1, ""error"": 0.0033408000008812166}, {""pair"": [1, 12, 1, 9], ""acc"": 1.5, ""vel"": 24.95, ""pos"": 35.1, ""error"": 0.0033408000008812166}, {""pair"": [1, 12, 1, 9], ""acc"": 1.5, ""vel"": 24.95, ""pos"": 35.1, ""error"": 0.010006400000889926}, {""pair"": [1, 12, 1, 9], ""acc"": 1.5, ""vel"": 24.95, ""pos"": 35.1, ""error"": 1638.4064991999992}, {""pair"": [1, 12, 1, 9], ""acc"": 1.5, ""vel"": 24.95, ""pos"": 35.1, ""error"": 1638.401459199999}], [{""pair"": [1, 12, 2, 9], ""acc"": 1.5, ""vel"": 24.94, ""pos"": 35.1, ""error"": 0.001926400000971995}, {""pair"": [1, 12, 2, 9], ""acc"": 1.5, ""vel"": 24.94, ""pos"": 35.1, ""error"": 0.0035008000008751594}, {""pair"": [1, 12, 2, 9], ""acc"": 1.5, ""vel"": 24.94, ""pos"": 35.1, ""error"": 0.0035008000008751594}, {""pair"": [1, 12, 2, 9], ""acc"": 1.5, ""vel"": 24.94, ""pos"": 35.1, ""error"": 0.013340800000879227}, {""pair"": [1, 12, 2, 9], ""acc"": 1.5, ""vel"": 24.94, ""pos"": 35.1, ""error"": 0.013340800000879227}, {""pair"": [1, 12, 2, 9], ""acc"": 1.5, ""vel"": 24.94, ""pos"": 35.1, ""error"": 0.020006400000887936}, {""pair"": [1, 12, 2, 9], ""acc"": 1.5, ""vel"": 24.94, ""pos"": 35.1, ""error"": 1638.401299199999}, {""pair"": [1, 12, 2, 9], ""acc"": 1.5, ""vel"": 24.94, ""pos"": 35.1, ""error"": 1638.411459199999}]]","[[[0, 12, 1, 9], [4.7, 24.87, 35.1], 0.07032640000088364], [[0, 12, 2, 9], [4.7, 24.86, 35.1], 0.0803264000008852], [[1, 12, 1, 9], [1.5, 24.95, 35.1], 0.0033408000008812166], [[1, 12, 2, 9], [1.5, 24.94, 35.1], 0.001926400000971995]]"
1.5,24.98,35.5,1.5,24.98,35.5,1.5,24.98,35.5,"[{""pair"": [3, 14, 2, 6], ""acc"": 1.5, ""vel"": 24.98, ""pos"": 35.5, ""error"": 0.02886674999990646}, {""pair"": [3, 14, 0, 6], ""acc"": 1.5, ""vel"": 106.9, ""pos"": 35.5, ""error"": 81.94886674999991}, {""pair"": [3, 14, 1, 6], ""acc"": 1.5, ""vel"": 24.98, ""pos"": 445.1, ""error"": 409.58013325000013}]","[[3, 14, 2, 6], [3, 14, 0, 6], [3, 14, 1, 6]]","[[{""pair"": [3, 14, 0, 6], ""acc"": 1.5, ""vel"": 106.9, ""pos"": 35.5, ""error"": 81.95869674999992}, {""pair"": [3, 14, 0, 6], ""acc"": 1.5, ""vel"": 106.9, ""pos"": 35.5, ""error"": 81.94886674999991}, {""pair"": [3, 14, 0, 6], ""acc"": 1.5, ""vel"": 106.9, ""pos"": 35.5, ""error"": 81.97356914999992}, {""pair"": [3, 14, 0, 6], ""acc"": 1.5, ""vel"": 106.9, ""pos"": 35.5, ""error"": 81.98339914999991}], [{""pair"": [3, 14, 1, 6], ""acc"": 1.5, ""vel"": 24.98, ""pos"": 445.1, ""error"": 409.59030325000015}, {""pair"": [3, 14, 1, 6], ""acc"": 1.5, ""vel"": 24.98, ""pos"": 445.1, ""error"": 409.58013325000013}, {""pair"": [3, 14, 1, 6], ""acc"": 1.5, ""vel"": 24.98, ""pos"": 445.1, ""error"": 409.60663085000016}, {""pair"": [3, 14, 1, 6], ""acc"": 1.5, ""vel"": 24.98, ""pos"": 445.1, ""error"": 409.6168008500001}], [{""pair"": [3, 14, 2, 6], ""acc"": 1.5, ""vel"": 24.98, ""pos"": 35.5, ""error"": 0.038696749999907354}, {""pair"": [3, 14, 2, 6], ""acc"": 1.5, ""vel"": 24.98, ""pos"": 35.5, ""error"": 0.02886674999990646}, {""pair"": [3, 14, 2, 6], ""acc"": 1.5, ""vel"": 24.98, ""pos"": 35.5, ""error"": 0.05356914999991602}, {""pair"": [3, 14, 2, 6], ""acc"": 1.5, ""vel"": 24.98, ""pos"": 35.5, ""error"": 0.06339914999991336}]]","[[[3, 14, 0, 6], [1.5, 106.9, 35.5], 81.94886674999991], [[3, 14, 1, 6], [1.5, 24.98, 445.1], 409.58013325000013], [[3, 14, 2, 6], [1.5, 24.98, 35.5], 0.02886674999990646]]"
1.6,25.01,36.0,1.6,25.01,1674.4,1.6,25.01,445.6,"[{""pair"": [1, 6, 1, 8], ""acc"": 1.6, ""vel"": 25.01, ""pos"": 445.6, ""error"": 0.07962325000011106}, {""pair"": [2, 6, 1, 8], ""acc"": 1.6, ""vel"": 25.01, ""pos"": 36.0, ""error"": 0.07962325000011106}, {""pair"": [0, 6, 1, 8], ""acc"": 1.6, ""vel"": 106.93, ""pos"": 36.0, ""error"": 1.3220167499995696}]","[[1, 6, 1, 8], [2, 6, 1, 8], [0, 6, 1, 8]]","[[{""pair"": [0, 6, 1, 8], ""acc"": 1.6, ""vel"": 106.93, ""pos"": 36.0, ""error"": 81.99962325000011}, {""pair"": [0, 6, 1, 8], ""acc"": 1.6, ""vel"": 106.93, ""pos"": 36.0, ""error"": 1.3220167499995696}, {""pair"": [0, 6, 1, 8], ""acc"": 1.6, ""vel"": 106.93, ""pos"": 36.0, ""error"": 491.44937674999994}], [{""pair"": [1, 6, 1, 8], ""acc"": 1.6, ""vel"": 25.01, ""pos"": 445.6, ""error"": 409.67962325000013}, {""pair"": [1, 6, 1, 8], ""acc"": 1.6, ""vel"": 25.01, ""pos"": 445.6, ""error"": 490.19798325000045}, {""pair"": [1, 6, 1, 8], ""acc"": 1.6, ""vel"": 25.01, ""pos"": 445.6, ""error"": 0.07962325000011106}], [{""pair"": [2, 6, 1, 8], ""acc"": 1.6, ""vel"": 25.01, ""pos"": 36.0, ""error"": 0.07962325000011106}, {""pair"": [2, 6, 1, 8], ""acc"": 1.6, ""vel"": 25.01, ""pos"": 36.0, ""error"": 83.23301674999956}, {""pair"": [2, 6, 1, 8], ""acc"": 1.6, ""vel"": 25.01, ""pos"": 36.0, ""error"": 409.5293767499999}]]","[[[0, 6, 1, 8], [1.6, 106.93, 36.0], 1.3220167499995696], [[1, 6, 1, 8], [1.6, 25.01, 445.6], 0.07962325000011106], [[2, 6, 1, 8], [1.6, 25.01, 36.0], 0.07962325000011106]]"
1.6,25.03,36.4,1.6,25.03,292.4,1.6,25.03,36.4,"[{""pair"": [1, 5, 1, 3], ""acc"": 1.6, ""vel"": 25.03, ""pos"": 36.4, ""error"": 0.0059648000005232404}]","[[1, 5, 1, 3]]","[[{""pair"": [1, 5, 1, 3], ""acc"": 1.6, ""vel"": 25.03, ""pos"": 36.4, ""error"": 409.60596480000055}, {""pair"": [1, 5, 1, 3], ""acc"": 1.6, ""vel"": 25.03, ""pos"": 36.4, ""error"": 0.0059648000005232404}, {""pair"": [1, 5, 1, 3], ""acc"": 1.6, ""vel"": 25.03, ""pos"": 36.4, ""error"": 83.23668480000212}]]","[[[1, 5, 1, 3], [1.6, 25.03, 36.4], 0.0059648000005232404]]"
1.5,25.06,36.8,1.5,25.06,36.8,1.5,25.06,36.8,"[{""pair"": [3, 11, 2, 0], ""acc"": 1.5, ""vel"": 25.06, ""pos"": 36.8, ""error"": 0.028541199999903455}, {""pair"": [3, 11, 0, 0], ""acc"": 1.5, ""vel"": 23.78, ""pos"": 36.8, ""error"": 1.3029411999998928}, {""pair"": [3, 11, 1, 0], ""acc"": 1.5, ""vel"": 25.06, ""pos"": 30.4, ""error"": 6.428541199999902}]","[[3, 11, 2, 0], [3, 11, 0, 0], [3, 11, 1, 0]]","[[{""pair"": [3, 11, 0, 0], ""acc"": 1.5, ""vel"": 23.78, ""pos"": 36.8, ""error"": 1.3029411999998928}], [{""pair"": [3, 11, 1, 0], ""acc"": 1.5, ""vel"": 25.06, ""pos"": 30.4, ""error"": 6.428541199999902}], [{""pair"": [3, 11, 2, 0], ""acc"": 1.5, ""vel"": 25.06, ""pos"": 36.8, ""error"": 0.028541199999903455}]]","[[[3, 11, 0, 0], [1.5, 23.78, 36.8], 1.3029411999998928], [[3, 11, 1, 0], [1.5, 25.06, 30.4], 6.428541199999902], [[3, 11, 2, 0], [1.5, 25.06, 36.8], 0.028541199999903455]]"
1.4,25.08,37.2,1.4,25.2,37.2,1.4,25.08,37.2,"[{""pair"": [1, 11, 1, 13], ""acc"": 1.4, ""vel"": 25.08, ""pos"": 37.2, ""error"": 0.031736749999883074}, {""pair"": [3, 11, 1, 13], ""acc"": 1.4, ""vel"": 25.04, ""pos"": 37.2, ""error"": 0.07173674999988222}, {""pair"": [0, 11, 1, 13], ""acc"": 3.0, ""vel"": 25.04, ""pos"": 37.2, ""error"": 0.07173674999988222}, {""pair"": [2, 11, 1, 13], ""acc"": 1.4, ""vel"": 25.04, ""pos"": 37.4, ""error"": 0.21926325000010038}]","[[1, 11, 1, 13], [3, 11, 1, 13], [0, 11, 1, 13], [2, 11, 1, 13]]","[[{""pair"": [3, 11, 1, 13], ""acc"": 1.4, ""vel"": 25.04, ""pos"": 37.2, ""error"": 0.07173674999988222}, {""pair"": [3, 11, 1, 13], ""acc"": 1.4, ""vel"": 25.04, ""pos"": 37.2, ""error"": 1.2389767499998996}, {""pair"": [3, 11, 1, 13], ""acc"": 1.4, ""vel"": 25.04, ""pos"": 37.2, ""error"": 6.4192632500001}], [{""pair"": [0, 11, 1, 13], ""acc"": 3.0, ""vel"": 25.04, ""pos"": 37.2, ""error"": 0.07173674999988222}, {""pair"": [0, 11, 1, 13], ""acc"": 3.0, ""vel"": 25.04, ""pos"": 37.2, ""error"": 1.2389767499998996}, {""pair"": [0, 11, 1, 13], ""acc"": 3.0, ""vel"": 25.04, ""pos"": 37.2, ""error"": 6.4192632500001}], [{""pair"": [1, 11, 1, 13], ""acc"": 1.4, ""vel"": 25.08, ""pos"": 37.2, ""error"": 0.031736749999883074}, {""pair"": [1, 11, 1, 13], ""acc"": 1.4, ""vel"": 25.08, ""pos"": 37.2, ""error"": 1.2789767499998987}, {""pair"": [1, 11, 1, 13], ""acc"": 1.4, ""vel"": 25.08, ""pos"": 37.2, ""error"": 6.3792632500001005}], [{""pair"": [2, 11, 1, 13], ""acc"": 1.4, ""vel"": 25.04, ""pos"": 37.4, ""error"": 0.21926325000010038}, {""pair"": [2, 11, 1, 13], ""acc"": 1.4, ""vel"": 25.04, ""pos"": 37.4, ""error"": 1.4300232500001044}, {""pair"": [2, 11, 1, 13], ""acc"": 1.4, ""vel"": 25.04, ""pos"": 37.4, ""error"": 6.619263250000095}]]","[[[3, 11, 1, 13], [1.4, 25.04, 37.2], 0.07173674999988222], [[0, 11, 1, 13], [3.0, 25.04, 37.2], 0.07173674999988222], [[1, 11, 1, 13], [1.4, 25.08, 37.2], 0.031736749999883074], [[2, 11, 1, 13], [1.4, 25.04, 37.4], 0.21926325000010038]]"
1.4,25.1,37.6,1.4,25.1,855.2,1.4,25.1,37.6,"[{""pair"": [1, 7, 2, 14], ""acc"": 1.4, ""vel"": 25.1, ""pos"": 37.6, ""error"": 0.0038592000005124305}, {""pair"": [3, 14, 1, 7], ""acc"": 1.4, ""vel"": 25.1, ""pos"": 36.0, ""error"": 1.6038592000005139}, {""pair"": [1, 7, 1, 14], ""acc"": 1.4, ""vel"": 25.42, ""pos"": 36.0, ""error"": 1.9190592000004685}, {""pair"": [3, 7, 1, 14], ""acc"": 1.4, ""vel"": 25.42, ""pos"": 855.2, ""error"": 817.7567807999995}, {""pair"": [3, 7, 2, 14], ""acc"": 1.4, ""vel"": 25.1, ""pos"": 856.8, ""error"": 819.0367807999995}]","[[1, 7, 2, 14], [3, 14, 1, 7], [1, 7, 1, 14], [3, 7, 1, 14], [3, 7, 2, 14]]","[[{""pair"": [3, 7, 0, 14], ""acc"": 14.2, ""vel"": 25.1, ""pos"": 855.2, ""error"": 817.6009407999995}, {""pair"": [3, 7, 0, 14], ""acc"": 14.2, ""vel"": 25.1, ""pos"": 855.2, ""error"": 817.6367807999995}, {""pair"": [3, 7, 0, 14], ""acc"": 14.2, ""vel"": 25.1, ""pos"": 855.2, ""error"": 817.6109759999995}, {""pair"": [3, 7, 0, 14], ""acc"": 14.2, ""vel"": 25.1, ""pos"": 855.2, ""error"": 817.4367807999996}], [{""pair"": [3, 7, 1, 14], ""acc"": 1.4, ""vel"": 25.42, ""pos"": 855.2, ""error"": 817.9161407999995}, {""pair"": [3, 7, 1, 14], ""acc"": 1.4, ""vel"": 25.42, ""pos"": 855.2, ""error"": 817.9567807999995}, {""pair"": [3, 7, 1, 14], ""acc"": 1.4, ""vel"": 25.42, ""pos"": 855.2, ""error"": 817.9309759999995}, {""pair"": [3, 7, 1, 14], ""acc"": 1.4, ""vel"": 25.42, ""pos"": 855.2, ""error"": 817.7567807999995}], [{""pair"": [3, 7, 2, 14], ""acc"": 1.4, ""vel"": 25.1, ""pos"": 856.8, ""error"": 819.2009407999994}, {""pair"": [3, 7, 2, 14], ""acc"": 1.4, ""vel"": 25.1, ""pos"": 856.8, ""error"": 819.2367807999995}, {""pair"": [3, 7, 2, 14], ""acc"": 1.4, ""vel"": 25.1, ""pos"": 856.8, ""error"": 819.2109759999994}, {""pair"": [3, 7, 2, 14], ""acc"": 1.4, ""vel"": 25.1, ""pos"": 856.8, ""error"": 819.0367807999995}], [{""pair"": [3, 14, 1, 7], ""acc"": 1.4, ""vel"": 25.1, ""pos"": 36.0, ""error"": 1.6038592000005139}, {""pair"": [3, 14, 1, 7], ""acc"": 1.4, ""vel"": 25.1, ""pos"": 36.0, ""error"": 1.6384192000004703}, {""pair"": [3, 14, 1, 7], ""acc"": 1.4, ""vel"": 25.1, ""pos"": 36.0, ""error"": 1.6130240000004434}, {""pair"": [3, 14, 1, 7], ""acc"": 1.4, ""vel"": 25.1, ""pos"": 36.0, ""error"": 1.838419200000466}], [{""pair"": [1, 7, 0, 14], ""acc"": 14.2, ""vel"": 25.1, ""pos"": 36.0, ""error"": 1.6038592000005139}, {""pair"": [1, 7, 0, 14], ""acc"": 14.2, ""vel"": 25.1, ""pos"": 36.0, ""error"": 1.6384192000004703}, {""pair"": [1, 7, 0, 14], ""acc"": 14.2, ""vel"": 25.1, ""pos"": 36.0, ""error"": 1.6130240000004434}, {""pair"": [1, 7, 0, 14], ""acc"": 14.2, ""vel"": 25.1, ""pos"": 36.0, ""error"": 1.838419200000466}], [{""pair"": [1, 7, 1, 14], ""acc"": 1.4, ""vel"": 25.42, ""pos"": 36.0, ""error"": 1.9190592000004685}, {""pair"": [1, 7, 1, 14], ""acc"": 1.4, ""vel"": 25.42, ""pos"": 36.0, ""error"": 1.9584192000004705}, {""pair"": [1, 7, 1, 14], ""acc"": 1.4, ""vel"": 25.42, ""pos"": 36.0, ""error"": 1.9330240000004437}, {""pair"": [1, 7, 1, 14], ""acc"": 1.4, ""vel"": 25.42, ""pos"": 36.0, ""error"": 2.1584192000004663}], [{""pair"": [1, 7, 2, 14], ""acc"": 1.4, ""vel"": 25.1, ""pos"": 37.6, ""error"": 0.0038592000005124305}, {""pair"": [1, 7, 2, 14], ""acc"": 1.4, ""vel"": 25.1, ""pos"": 37.6, ""error"": 0.038419200000468834}, {""pair"": [1, 7, 2, 14], ""acc"": 1.4, ""vel"": 25.1, ""pos"": 37.6, ""error"": 0.013024000000442015}, {""pair"": [1, 7, 2, 14], ""acc"": 1.4, ""vel"": 25.1, ""pos"": 37.6, ""error"": 0.23841920000046457}]]","[[[3, 7, 0, 14], [14.2, 25.1, 855.2], 817.4367807999996], [[3, 7, 1, 14], [1.4, 25.42, 855.2], 817.7567807999995], [[3, 7, 2, 14], [1.4, 25.1, 856.8], 819.0367807999995], [[3, 14, 1, 7], [1.4, 25.1, 36.0], 1.6038592000005139], [[1, 7, 0, 14], [14.2, 25.1, 36.0], 1.6038592000005139], [[1, 7, 1, 14], [1.4, 25.42, 36.0], 1.9190592000004685], [[1, 7, 2, 14], [1.4, 25.1, 37.6], 0.0038592000005124305]]"
1.3,25.12,38.0,1.3,25.12,38.0,1.3,25.12,38.0,"[{""pair"": [3, 15, 2, 8], ""acc"": 1.3, ""vel"": 25.12, ""pos"": 38.0, ""error"": 0.03070229999989138}]","[[3, 15, 2, 8]]","[[{""pair"": [3, 15, 2, 8], ""acc"": 1.3, ""vel"": 25.12, ""pos"": 38.0, ""error"": 0.03070229999989138}, {""pair"": [3, 15, 2, 8], ""acc"": 1.3, ""vel"": 25.12, ""pos"": 38.0, ""error"": 1.5768977000000994}, {""pair"": [3, 15, 2, 8], ""acc"": 1.3, ""vel"": 25.12, ""pos"": 38.0, ""error"": 1.8914577000000996}, {""pair"": [3, 15, 2, 8], ""acc"": 1.3, ""vel"": 25.12, ""pos"": 38.0, ""error"": 817.9561422999999}, {""pair"": [3, 15, 2, 8], ""acc"": 1.3, ""vel"": 25.12, ""pos"": 38.0, ""error"": 819.2307022999997}], [{""pair"": [2, 8, 0, 15], ""acc"": -24.3, ""vel"": 25.12, ""pos"": 38.0, ""error"": 0.03070229999989138}, {""pair"": [2, 8, 0, 15], ""acc"": -24.3, ""vel"": 25.12, ""pos"": 38.0, ""error"": 1.5768977000000994}, {""pair"": [2, 8, 0, 15], ""acc"": -24.3, ""vel"": 25.12, ""pos"": 38.0, ""error"": 1.8914577000000996}, {""pair"": [2, 8, 0, 15], ""acc"": -24.3, ""vel"": 25.12, ""pos"": 38.0, ""error"": 817.9561422999999}, {""pair"": [2, 8, 0, 15], ""acc"": -24.3, ""vel"": 25.12, ""pos"": 38.0, ""error"": 819.2307022999997}]]","[[[3, 15, 2, 8], [1.3, 25.12, 38.0], 0.03070229999989138], [[2, 8, 0, 15], [-24.3, 25.12, 38.0], 0.03070229999989138]]"
1.3,25.14,38.5,8.0,25.14,89.7,1.3,25.14,38.5,"[{""pair"": [1, 3, 0, 14], ""acc"": 1.3, ""vel"": 25.14, ""pos"": 38.5, ""error"": 0.07487215000009328}, {""pair"": [2, 3, 0, 14], ""acc"": 1.3, ""vel"": 25.14, ""pos"": 89.7, ""error"": 51.27487215000009}]","[[1, 3, 0, 14], [2, 3, 0, 14]]","[[{""pair"": [1, 3, 0, 14], ""acc"": 1.3, ""vel"": 25.14, ""pos"": 38.5, ""error"": 0.07487215000009328}], [{""pair"": [2, 3, 0, 14], ""acc"": 1.3, ""vel"": 25.14, ""pos"": 89.7, ""error"": 51.27487215000009}]]","[[[1, 3, 0, 14], [1.3, 25.14, 38.5], 0.07487215000009328], [[2, 3, 0, 14], [1.3, 25.14, 89.7], 51.27487215000009]]"
1.2000000000000002,25.16,38.900000000000006,1.2,50.0,38.9,1.3,25.16,38.9,"[{""pair"": [0, 0, 0, 0], ""acc"": 1.3, ""vel"": 25.16, ""pos"": 38.9, ""error"": 0}]","[[0, 0, 0, 0]]",[],"[[[0, 0, 0, 0], [1.3, 25.16, 38.9], 0]]"
1.2000000000000002,25.18,39.3,1.2,25.19,39.3,1.2,25.18,39.3,"[{""pair"": [3, 5, 1, 9], ""acc"": 1.2, ""vel"": 25.18, ""pos"": 39.3, ""error"": 0.03000784999989392}, {""pair"": [3, 5, 0, 9], ""acc"": 0.8, ""vel"": 25.19, ""pos"": 39.3, ""error"": 0.03580784999990527}]","[[3, 5, 1, 9], [3, 5, 0, 9]]","[[{""pair"": [3, 5, 0, 9], ""acc"": 0.8, ""vel"": 25.19, ""pos"": 39.3, ""error"": 0.03580784999990527}], [{""pair"": [3, 5, 1, 9], ""acc"": 1.2, ""vel"": 25.18, ""pos"": 39.3, ""error"": 0.03000784999989392}]]","[[[3, 5, 0, 9], [0.8, 25.19, 39.3], 0.03580784999990527], [[3, 5, 1, 9], [1.2, 25.18, 39.3], 0.03000784999989392]]"
1.2000000000000002,25.2,39.7,1.2,22.64,449.3,1.2,25.2,39.7,"[{""pair"": [0, 1, 1, 6], ""acc"": 1.2, ""vel"": 25.2, ""pos"": 39.7, ""error"": 0.028633399999886677}, {""pair"": [0, 1, 2, 6], ""acc"": 1.2, ""vel"": 25.2, ""pos"": 449.3, ""error"": 409.5721666000001}]","[[0, 1, 1, 6], [0, 1, 2, 6]]","[[{""pair"": [0, 1, 1, 6], ""acc"": 1.2, ""vel"": 25.2, ""pos"": 39.7, ""error"": 0.028633399999886677}, {""pair"": [0, 1, 1, 6], ""acc"": 1.2, ""vel"": 25.2, ""pos"": 39.7, ""error"": 0.03194559999989366}], [{""pair"": [0, 1, 2, 6], ""acc"": 1.2, ""vel"": 25.2, ""pos"": 449.3, ""error"": 409.5721666000001}, {""pair"": [0, 1, 2, 6], ""acc"": 1.2, ""vel"": 25.2, ""pos"": 449.3, ""error"": 409.5752544000001}]]","[[[0, 1, 1, 6], [1.2, 25.2, 39.7], 0.028633399999886677], [[0, 1, 2, 6], [1.2, 25.2, 449.3], 409.5721666000001]]"
1.1,25.22,40.2,1.1,25.22,46.6,1.1,25.22,40.2,"[{""pair"": [3, 2, 1, 0], ""acc"": 1.1, ""vel"": 25.22, ""pos"": 40.2, ""error"": 0.0974463999994839}, {""pair"": [1, 0, 0, 2], ""acc"": 1.1, ""vel"": 30.34, ""pos"": 40.2, ""error"": 5.217446399999485}, {""pair"": [3, 2, 2, 0], ""acc"": 1.1, ""vel"": 25.22, ""pos"": 46.6, ""error"": 6.4974463999994825}, {""pair"": [3, 2, 0, 0], ""acc"": 1.1, ""vel"": 23.94, ""pos"": 46.6, ""error"": 7.775846399999526}, {""pair"": [0, 0, 0, 2], ""acc"": 1.1, ""vel"": 29.06, ""pos"": 46.6, ""error"": 10.337446399999482}, {""pair"": [2, 0, 0, 2], ""acc"": 1.1, ""vel"": 30.34, ""pos"": 46.6, ""error"": 11.617446399999483}]","[[3, 2, 1, 0], [1, 0, 0, 2], [3, 2, 2, 0], [3, 2, 0, 0], [0, 0, 0, 2], [2, 0, 0, 2]]","[[{""pair"": [3, 2, 0, 0], ""acc"": 1.1, ""vel"": 23.94, ""pos"": 46.6, ""error"": 7.775846399999526}, {""pair"": [3, 2, 0, 0], ""acc"": 1.1, ""vel"": 23.94, ""pos"": 46.6, ""error"": 404.38255360000045}], [{""pair"": [3, 2, 1, 0], ""acc"": 1.1, ""vel"": 25.22, ""pos"": 40.2, ""error"": 0.0974463999994839}, {""pair"": [3, 2, 1, 0], ""acc"": 1.1, ""vel"": 25.22, ""pos"": 40.2, ""error"": 409.50415360000045}], [{""pair"": [3, 2, 2, 0], ""acc"": 1.1, ""vel"": 25.22, ""pos"": 46.6, ""error"": 6.4974463999994825}, {""pair"": [3, 2, 2, 0], ""acc"": 1.1, ""vel"": 25.22, ""pos"": 46.6, ""error"": 403.1041536000004}], [{""pair"": [0, 0, 0, 2], ""acc"": 1.1, ""vel"": 29.06, ""pos"": 46.6, ""error"": 10.337446399999482}, {""pair"": [0, 0, 0, 2], ""acc"": 1.1, ""vel"": 29.06, ""pos"": 46.6, ""error"": 406.94415360000045}], [{""pair"": [1, 0, 0, 2], ""acc"": 1.1, ""vel"": 30.34, ""pos"": 40.2, ""error"": 5.217446399999485}, {""pair"": [1, 0, 0, 2], ""acc"": 1.1, ""vel"": 30.34, ""pos"": 40.2, ""error"": 414.62415360000045}], [{""pair"": [2, 0, 0, 2], ""acc"": 1.1, ""vel"": 30.34, ""pos"": 46.6, ""error"": 11.617446399999483}, {""pair"": [2, 0, 0, 2], ""acc"": 1.1, ""vel"": 30.34, ""pos"": 46.6, ""error"": 408.2241536000004}]]","[[[3, 2, 0, 0], [1.1, 23.94, 46.6], 7.775846399999526], [[3, 2, 1, 0], [1.1, 25.22, 40.2], 0.0974463999994839], [[3, 2, 2, 0], [1.1, 25.22, 46.6], 6.4974463999994825], [[0, 0, 0, 2], [1.1, 29.06, 46.6], 10.337446399999482], [[1, 0, 0, 2], [1.1, 30.34, 40.2], 5.217446399999485], [[2, 0, 0, 2], [1.1, 30.34, 46.6], 11.617446399999483]]"
1.1,25.24,40.6,1.1,25.24,40.6,1.1,25.24,40.6,"[{""pair"": [3, 13, 2, 3], ""acc"": 1.1, ""vel"": 25.24, ""pos"": 40.6, ""error"": 0.030198949999903135}, {""pair"": [3, 3, 0, 13], ""acc"": 7.5, ""vel"": 25.24, ""pos"": 40.6, ""error"": 0.030198949999903135}, {""pair"": [2, 3, 0, 13], ""acc"": 7.5, ""vel"": 25.24, ""pos"": 40.6, ""error"": 0.030198949999903135}, {""pair"": [3, 3, 2, 13], ""acc"": 1.1, ""vel"": 25.24, ""pos"": 41.4, ""error"": 0.7724010500001022}, {""pair"": [2, 3, 2, 13], ""acc"": 1.1, ""vel"": 25.24, ""pos"": 41.4, ""error"": 0.7724010500001022}, {""pair"": [3, 13, 0, 3], ""acc"": 1.1, ""vel"": 35.48, ""pos"": 40.6, ""error"": 5.237238949999881}, {""pair"": [0, 3, 0, 13], ""acc"": 7.5, ""vel"": 35.48, ""pos"": 40.6, ""error"": 5.237238949999881}, {""pair"": [0, 3, 2, 13], ""acc"": 1.1, ""vel"": 35.48, ""pos"": 41.4, ""error"": 5.805361050000119}, {""pair"": [3, 13, 1, 3], ""acc"": 1.1, ""vel"": 25.24, ""pos"": 91.8, ""error"": 44.7724010500001}, {""pair"": [1, 3, 0, 13], ""acc"": 7.5, ""vel"": 25.24, ""pos"": 91.8, ""error"": 44.7724010500001}, {""pair"": [1, 3, 2, 13], ""acc"": 1.1, ""vel"": 25.24, ""pos"": 92.6, ""error"": 45.572401050000096}]","[[3, 13, 2, 3], [3, 3, 0, 13], [2, 3, 0, 13], [3, 3, 2, 13], [2, 3, 2, 13], [3, 13, 0, 3], [0, 3, 0, 13], [0, 3, 2, 13], [3, 13, 1, 3], [1, 3, 0, 13], [1, 3, 2, 13]]","[[{""pair"": [3, 3, 0, 13], ""acc"": 7.5, ""vel"": 25.24, ""pos"": 40.6, ""error"": 0.030198949999903135}, {""pair"": [3, 3, 0, 13], ""acc"": 7.5, ""vel"": 25.24, ""pos"": 40.6, ""error"": 5.2346389499998764}, {""pair"": [3, 3, 0, 13], ""acc"": 7.5, ""vel"": 25.24, ""pos"": 40.6, ""error"": 6.430198949999902}, {""pair"": [3, 3, 0, 13], ""acc"": 7.5, ""vel"": 25.24, ""pos"": 40.6, ""error"": 7.688438949999906}, {""pair"": [3, 3, 0, 13], ""acc"": 7.5, ""vel"": 25.24, ""pos"": 40.6, ""error"": 10.332878949999873}, {""pair"": [3, 3, 0, 13], ""acc"": 7.5, ""vel"": 25.24, ""pos"": 40.6, ""error"": 11.634638949999875}], [{""pair"": [3, 3, 2, 13], ""acc"": 1.1, ""vel"": 25.24, ""pos"": 41.4, ""error"": 0.7724010500001022}, {""pair"": [3, 3, 2, 13], ""acc"": 1.1, ""vel"": 25.24, ""pos"": 41.4, ""error"": 5.8027610500001146}, {""pair"": [3, 3, 2, 13], ""acc"": 1.1, ""vel"": 25.24, ""pos"": 41.4, ""error"": 5.630198949999905}, {""pair"": [3, 3, 2, 13], ""acc"": 1.1, ""vel"": 25.24, ""pos"": 41.4, ""error"": 6.888438949999909}, {""pair"": [3, 3, 2, 13], ""acc"": 1.1, ""vel"": 25.24, ""pos"": 41.4, ""error"": 9.532878949999876}, {""pair"": [3, 3, 2, 13], ""acc"": 1.1, ""vel"": 25.24, ""pos"": 41.4, ""error"": 10.834638949999878}], [{""pair"": [3, 13, 0, 3], ""acc"": 1.1, ""vel"": 35.48, ""pos"": 40.6, ""error"": 10.270198949999902}, {""pair"": [3, 13, 0, 3], ""acc"": 1.1, ""vel"": 35.48, ""pos"": 40.6, ""error"": 5.237238949999881}, {""pair"": [3, 13, 0, 3], ""acc"": 1.1, ""vel"": 35.48, ""pos"": 40.6, ""error"": 16.6701989499999}, {""pair"": [3, 13, 0, 3], ""acc"": 1.1, ""vel"": 35.48, ""pos"": 40.6, ""error"": 17.928438949999904}, {""pair"": [3, 13, 0, 3], ""acc"": 1.1, ""vel"": 35.48, ""pos"": 40.6, ""error"": 12.89547894999988}, {""pair"": [3, 13, 0, 3], ""acc"": 1.1, ""vel"": 35.48, ""pos"": 40.6, ""error"": 11.63723894999988}], [{""pair"": [3, 13, 1, 3], ""acc"": 1.1, ""vel"": 25.24, ""pos"": 91.8, ""error"": 51.172401050000104}, {""pair"": [3, 13, 1, 3], ""acc"": 1.1, ""vel"": 25.24, ""pos"": 91.8, ""error"": 56.20276105000011}, {""pair"": [3, 13, 1, 3], ""acc"": 1.1, ""vel"": 25.24, ""pos"": 91.8, ""error"": 44.7724010500001}, {""pair"": [3, 13, 1, 3], ""acc"": 1.1, ""vel"": 25.24, ""pos"": 91.8, ""error"": 46.07416105000009}, {""pair"": [3, 13, 1, 3], ""acc"": 1.1, ""vel"": 25.24, ""pos"": 91.8, ""error"": 48.544521050000114}, {""pair"": [3, 13, 1, 3], ""acc"": 1.1, ""vel"": 25.24, ""pos"": 91.8, ""error"": 49.802761050000115}], [{""pair"": [3, 13, 2, 3], ""acc"": 1.1, ""vel"": 25.24, ""pos"": 40.6, ""error"": 0.030198949999903135}, {""pair"": [3, 13, 2, 3], ""acc"": 1.1, ""vel"": 25.24, ""pos"": 40.6, ""error"": 5.2346389499998764}, {""pair"": [3, 13, 2, 3], ""acc"": 1.1, ""vel"": 25.24, ""pos"": 40.6, ""error"": 6.430198949999902}, {""pair"": [3, 13, 2, 3], ""acc"": 1.1, ""vel"": 25.24, ""pos"": 40.6, ""error"": 7.688438949999906}, {""pair"": [3, 13, 2, 3], ""acc"": 1.1, ""vel"": 25.24, ""pos"": 40.6, ""error"": 10.332878949999873}, {""pair"": [3, 13, 2, 3], ""acc"": 1.1, ""vel"": 25.24, ""pos"": 40.6, ""error"": 11.634638949999875}], [{""pair"": [0, 3, 0, 13], ""acc"": 7.5, ""vel"": 35.48, ""pos"": 40.6, ""error"": 10.270198949999902}, {""pair"": [0, 3, 0, 13], ""acc"": 7.5, ""vel"": 35.48, ""pos"": 40.6, ""error"": 5.237238949999881}, {""pair"": [0, 3, 0, 13], ""acc"": 7.5, ""vel"": 35.48, ""pos"": 40.6, ""error"": 16.6701989499999}, {""pair"": [0, 3, 0, 13], ""acc"": 7.5, ""vel"": 35.48, ""pos"": 40.6, ""error"": 17.928438949999904}, {""pair"": [0, 3, 0, 13], ""acc"": 7.5, ""vel"": 35.48, ""pos"": 40.6, ""error"": 12.89547894999988}, {""pair"": [0, 3, 0, 13], ""acc"": 7.5, ""vel"": 35.48, ""pos"": 40.6, ""error"": 11.63723894999988}], [{""pair"": [0, 3, 2, 13], ""acc"": 1.1, ""vel"": 35.48, ""pos"": 41.4, ""error"": 11.0124010500001}, {""pair"": [0, 3, 2, 13], ""acc"": 1.1, ""vel"": 35.48, ""pos"": 41.4, ""error"": 5.805361050000119}, {""pair"": [0, 3, 2, 13], ""acc"": 1.1, ""vel"": 35.48, ""pos"": 41.4, ""error"": 15.870198949999903}, {""pair"": [0, 3, 2, 13], ""acc"": 1.1, ""vel"": 35.48, ""pos"": 41.4, ""error"": 17.128438949999907}, {""pair"": [0, 3, 2, 13], ""acc"": 1.1, ""vel"": 35.48, ""pos"": 41.4, ""error"": 12.095478949999883}, {""pair"": [0, 3, 2, 13], ""acc"": 1.1, ""vel"": 35.48, ""pos"": 41.4, ""error"": 10.837238949999882}], [{""pair"": [1, 3, 0, 13], ""acc"": 7.5, ""vel"": 25.24, ""pos"": 91.8, ""error"": 51.172401050000104}, {""pair"": [1, 3, 0, 13], ""acc"": 7.5, ""vel"": 25.24, ""pos"": 91.8, ""error"": 56.20276105000011}, {""pair"": [1, 3, 0, 13], ""acc"": 7.5, ""vel"": 25.24, ""pos"": 91.8, ""error"": 44.7724010500001}, {""pair"": [1, 3, 0, 13], ""acc"": 7.5, ""vel"": 25.24, ""pos"": 91.8, ""error"": 46.07416105000009}, {""pair"": [1, 3, 0, 13], ""acc"": 7.5, ""vel"": 25.24, ""pos"": 91.8, ""error"": 48.544521050000114}, {""pair"": [1, 3, 0, 13], ""acc"": 7.5, ""vel"": 25.24, ""pos"": 91.8, ""error"": 49.802761050000115}], [{""pair"": [1, 3, 2, 13], ""acc"": 1.1, ""vel"": 25.24, ""pos"": 92.6, ""error"": 51.9724010500001}, {""pair"": [1, 3, 2, 13], ""acc"": 1.1, ""vel"": 25.24, ""pos"": 92.6, ""error"": 57.00276105000011}, {""pair"": [1, 3, 2, 13], ""acc"": 1.1, ""vel"": 25.24, ""pos"": 92.6, ""error"": 45.572401050000096}, {""pair"": [1, 3, 2, 13], ""acc"": 1.1, ""vel"": 25.24, ""pos"": 92.6, ""error"": 46.87416105000009}, {""pair"": [1, 3, 2, 13], ""acc"": 1.1, ""vel"": 25.24, ""pos"": 92.6, ""error"": 49.34452105000011}, {""pair"": [1, 3, 2, 13], ""acc"": 1.1, ""vel"": 25.24, ""pos"": 92.6, ""error"": 50.60276105000011}], [{""pair"": [2, 3, 0, 13], ""acc"": 7.5, ""vel"": 25.24, ""pos"": 40.6, ""error"": 0.030198949999903135}, {""pair"": [2, 3, 0, 13], ""acc"": 7.5, ""vel"": 25.24, ""pos"": 40.6, ""error"": 5.2346389499998764}, {""pair"": [2, 3, 0, 13], ""acc"": 7.5, ""vel"": 25.24, ""pos"": 40.6, ""error"": 6.430198949999902}, {""pair"": [2, 3, 0, 13], ""acc"": 7.5, ""vel"": 25.24, ""pos"": 40.6, ""error"": 7.688438949999906}, {""pair"": [2, 3, 0, 13], ""acc"": 7.5, ""vel"": 25.24, ""pos"": 40.6, ""error"": 10.332878949999873}, {""pair"": [2, 3, 0, 13], ""acc"": 7.5, ""vel"": 25.24, ""pos"": 40.6, ""error"": 11.634638949999875}], [{""pair"": [2, 3, 2, 13], ""acc"": 1.1, ""vel"": 25.24, ""pos"": 41.4, ""error"": 0.7724010500001022}, {""pair"": [2, 3, 2, 13], ""acc"": 1.1, ""vel"": 25.24, ""pos"": 41.4, ""error"": 5.8027610500001146}, {""pair"": [2, 3, 2, 13], ""acc"": 1.1, ""vel"": 25.24, ""pos"": 41.4, ""error"": 5.630198949999905}, {""pair"": [2, 3, 2, 13], ""acc"": 1.1, ""vel"": 25.24, ""pos"": 41.4, ""error"": 6.888438949999909}, {""pair"": [2, 3, 2, 13], ""acc"": 1.1, ""vel"": 25.24, ""pos"": 41.4, ""error"": 9.532878949999876}, {""pair"": [2, 3, 2, 13], ""acc"": 1.1, ""vel"": 25.24, ""pos"": 41.4, ""error"": 10.834638949999878}]]","[[[3, 3, 0, 13], [7.5, 25.24, 40.6], 0.030198949999903135], [[3, 3, 2, 13], [1.1, 25.24, 41.4], 0.7724010500001022], [[3, 13, 0, 3], [1.1, 35.48, 40.6], 5.237238949999881], [[3, 13, 1, 3], [1.1, 25.24, 91.8], 44.7724010500001], [[3, 13, 2, 3], [1.1, 25.24, 40.6], 0.030198949999903135], [[0, 3, 0, 13], [7.5, 35.48, 40.6], 5.237238949999881], [[0, 3, 2, 13], [1.1, 35.48, 41.4], 5.805361050000119], [[1, 3, 0, 13], [7.5, 25.24, 91.8], 44.7724010500001], [[1, 3, 2, 13], [1.1, 25.24, 92.6], 45.572401050000096], [[2, 3, 0, 13], [7.5, 25.24, 40.6], 0.030198949999903135], [[2, 3, 2, 13], [1.1, 25.24, 41.4], 0.7724010500001022]]"
1.1,25.26,41.0,1.5,25.58,41.0,1.1,25.26,41.0,"[{""pair"": [1, 14, 0, 9], ""acc"": 1.1, ""vel"": 25.26, ""pos"": 41.0, ""error"": 0.030538949999908027}, {""pair"": [3, 9, 1, 14], ""acc"": 1.5, ""vel"": 25.26, ""pos"": 41.0, ""error"": 0.030538949999908027}, {""pair"": [2, 14, 0, 9], ""acc"": 1.1, ""vel"": 25.58, ""pos"": 39.4, ""error"": 1.8426637499999323}, {""pair"": [3, 9, 2, 14], ""acc"": 1.5, ""vel"": 25.58, ""pos"": 39.4, ""error"": 1.8426637499999323}]","[[1, 14, 0, 9], [3, 9, 1, 14], [2, 14, 0, 9], [3, 9, 2, 14]]","[[{""pair"": [3, 9, 1, 14], ""acc"": 1.5, ""vel"": 25.26, ""pos"": 41.0, ""error"": 0.030538949999908027}, {""pair"": [3, 9, 1, 14], ""acc"": 1.5, ""vel"": 25.26, ""pos"": 41.0, ""error"": 0.13766374999986652}, {""pair"": [3, 9, 1, 14], ""acc"": 1.5, ""vel"": 25.26, ""pos"": 41.0, ""error"": 0.13766374999986652}, {""pair"": [3, 9, 1, 14], ""acc"": 1.5, ""vel"": 25.26, ""pos"": 41.0, ""error"": 0.8305389499999052}, {""pair"": [3, 9, 1, 14], ""acc"": 1.5, ""vel"": 25.26, ""pos"": 41.0, ""error"": 0.8305389499999052}, {""pair"": [3, 9, 1, 14], ""acc"": 1.5, ""vel"": 25.26, ""pos"": 41.0, ""error"": 10.442018949999845}, {""pair"": [3, 9, 1, 14], ""acc"": 1.5, ""vel"": 25.26, ""pos"": 41.0, ""error"": 10.551743749999819}, {""pair"": [3, 9, 1, 14], ""acc"": 1.5, ""vel"": 25.26, ""pos"": 41.0, ""error"": 11.242018949999842}, {""pair"": [3, 9, 1, 14], ""acc"": 1.5, ""vel"": 25.26, ""pos"": 41.0, ""error"": 51.230538949999904}, {""pair"": [3, 9, 1, 14], ""acc"": 1.5, ""vel"": 25.26, ""pos"": 41.0, ""error"": 51.33766374999987}, {""pair"": [3, 9, 1, 14], ""acc"": 1.5, ""vel"": 25.26, ""pos"": 41.0, ""error"": 52.0305389499999}], [{""pair"": [3, 9, 2, 14], ""acc"": 1.5, ""vel"": 25.58, ""pos"": 39.4, ""error"": 1.9505389499999062}, {""pair"": [3, 9, 2, 14], ""acc"": 1.5, ""vel"": 25.58, ""pos"": 39.4, ""error"": 1.8426637499999323}, {""pair"": [3, 9, 2, 14], ""acc"": 1.5, ""vel"": 25.58, ""pos"": 39.4, ""error"": 1.8426637499999323}, {""pair"": [3, 9, 2, 14], ""acc"": 1.5, ""vel"": 25.58, ""pos"": 39.4, ""error"": 2.7505389499999033}, {""pair"": [3, 9, 2, 14], ""acc"": 1.5, ""vel"": 25.58, ""pos"": 39.4, ""error"": 2.7505389499999033}, {""pair"": [3, 9, 2, 14], ""acc"": 1.5, ""vel"": 25.58, ""pos"": 39.4, ""error"": 11.72201894999985}, {""pair"": [3, 9, 2, 14], ""acc"": 1.5, ""vel"": 25.58, ""pos"": 39.4, ""error"": 11.831743749999823}, {""pair"": [3, 9, 2, 14], ""acc"": 1.5, ""vel"": 25.58, ""pos"": 39.4, ""error"": 12.522018949999847}, {""pair"": [3, 9, 2, 14], ""acc"": 1.5, ""vel"": 25.58, ""pos"": 39.4, ""error"": 53.1505389499999}, {""pair"": [3, 9, 2, 14], ""acc"": 1.5, ""vel"": 25.58, ""pos"": 39.4, ""error"": 53.04266374999993}, {""pair"": [3, 9, 2, 14], ""acc"": 1.5, ""vel"": 25.58, ""pos"": 39.4, ""error"": 53.950538949999896}], [{""pair"": [1, 14, 0, 9], ""acc"": 1.1, ""vel"": 25.26, ""pos"": 41.0, ""error"": 0.030538949999908027}, {""pair"": [1, 14, 0, 9], ""acc"": 1.1, ""vel"": 25.26, ""pos"": 41.0, ""error"": 0.13766374999986652}, {""pair"": [1, 14, 0, 9], ""acc"": 1.1, ""vel"": 25.26, ""pos"": 41.0, ""error"": 0.13766374999986652}, {""pair"": [1, 14, 0, 9], ""acc"": 1.1, ""vel"": 25.26, ""pos"": 41.0, ""error"": 0.8305389499999052}, {""pair"": [1, 14, 0, 9], ""acc"": 1.1, ""vel"": 25.26, ""pos"": 41.0, ""error"": 0.8305389499999052}, {""pair"": [1, 14, 0, 9], ""acc"": 1.1, ""vel"": 25.26, ""pos"": 41.0, ""error"": 10.442018949999845}, {""pair"": [1, 14, 0, 9], ""acc"": 1.1, ""vel"": 25.26, ""pos"": 41.0, ""error"": 10.551743749999819}, {""pair"": [1, 14, 0, 9], ""acc"": 1.1, ""vel"": 25.26, ""pos"": 41.0, ""error"": 11.242018949999842}, {""pair"": [1, 14, 0, 9], ""acc"": 1.1, ""vel"": 25.26, ""pos"": 41.0, ""error"": 51.230538949999904}, {""pair"": [1, 14, 0, 9], ""acc"": 1.1, ""vel"": 25.26, ""pos"": 41.0, ""error"": 51.33766374999987}, {""pair"": [1, 14, 0, 9], ""acc"": 1.1, ""vel"": 25.26, ""pos"": 41.0, ""error"": 52.0305389499999}], [{""pair"": [2, 14, 0, 9], ""acc"": 1.1, ""vel"": 25.58, ""pos"": 39.4, ""error"": 1.9505389499999062}, {""pair"": [2, 14, 0, 9], ""acc"": 1.1, ""vel"": 25.58, ""pos"": 39.4, ""error"": 1.8426637499999323}, {""pair"": [2, 14, 0, 9], ""acc"": 1.1, ""vel"": 25.58, ""pos"": 39.4, ""error"": 1.8426637499999323}, {""pair"": [2, 14, 0, 9], ""acc"": 1.1, ""vel"": 25.58, ""pos"": 39.4, ""error"": 2.7505389499999033}, {""pair"": [2, 14, 0, 9], ""acc"": 1.1, ""vel"": 25.58, ""pos"": 39.4, ""error"": 2.7505389499999033}, {""pair"": [2, 14, 0, 9], ""acc"": 1.1, ""vel"": 25.58, ""pos"": 39.4, ""error"": 11.72201894999985}, {""pair"": [2, 14, 0, 9], ""acc"": 1.1, ""vel"": 25.58, ""pos"": 39.4, ""error"": 11.831743749999823}, {""pair"": [2, 14, 0, 9], ""acc"": 1.1, ""vel"": 25.58, ""pos"": 39.4, ""error"": 12.522018949999847}, {""pair"": [2, 14, 0, 9], ""acc"": 1.1, ""vel"": 25.58, ""pos"": 39.4, ""error"": 53.1505389499999}, {""pair"": [2, 14, 0, 9], ""acc"": 1.1, ""vel"": 25.58, ""pos"": 39.4, ""error"": 53.04266374999993}, {""pair"": [2, 14, 0, 9], ""acc"": 1.1, ""vel"": 25.58, ""pos"": 39.4, ""error"": 53.950538949999896}]]","[[[3, 9, 1, 14], [1.5, 25.26, 41.0], 0.030538949999908027], [[3, 9, 2, 14], [1.5, 25.58, 39.4], 1.8426637499999323], [[1, 14, 0, 9], [1.1, 25.26, 41.0], 0.030538949999908027], [[2, 14, 0, 9], [1.1, 25.58, 39.4], 1.8426637499999323]]"
1.1,25.27,41.400000000000006,7.5,25.27,41.4,1.1,25.27,41.4,"[{""pair"": [3, 3, 0, 13], ""acc"": 1.1, ""vel"": 25.27, ""pos"": 41.4, ""error"": 0.01190079999901883}, {""pair"": [0, 13, 2, 3], ""acc"": 1.1, ""vel"": 25.27, ""pos"": 41.4, ""error"": 0.01190079999901883}, {""pair"": [3, 3, 1, 13], ""acc"": 7.5, ""vel"": 25.11, ""pos"": 41.4, ""error"": 0.17190079999901897}, {""pair"": [1, 13, 2, 3], ""acc"": 7.5, ""vel"": 25.11, ""pos"": 41.4, ""error"": 0.17190079999901897}, {""pair"": [3, 3, 2, 13], ""acc"": 7.5, ""vel"": 25.27, ""pos"": 40.6, ""error"": 0.811900799999016}, {""pair"": [2, 13, 2, 3], ""acc"": 7.5, ""vel"": 25.27, ""pos"": 40.6, ""error"": 0.811900799999016}]","[[3, 3, 0, 13], [0, 13, 2, 3], [3, 3, 1, 13], [1, 13, 2, 3], [3, 3, 2, 13], [2, 13, 2, 3]]","[[{""pair"": [3, 3, 0, 13], ""acc"": 1.1, ""vel"": 25.27, ""pos"": 41.4, ""error"": 0.01190079999901883}, {""pair"": [3, 3, 0, 13], ""acc"": 1.1, ""vel"": 25.27, ""pos"": 41.4, ""error"": 0.018351999999005386}, {""pair"": [3, 3, 0, 13], ""acc"": 1.1, ""vel"": 25.27, ""pos"": 41.4, ""error"": 1.9181792000009175}, {""pair"": [3, 3, 0, 13], ""acc"": 1.1, ""vel"": 25.27, ""pos"": 41.4, ""error"": 1.924528000000901}], [{""pair"": [3, 3, 1, 13], ""acc"": 7.5, ""vel"": 25.11, ""pos"": 41.4, ""error"": 0.17190079999901897}, {""pair"": [3, 3, 1, 13], ""acc"": 7.5, ""vel"": 25.11, ""pos"": 41.4, ""error"": 0.17835199999900553}, {""pair"": [3, 3, 1, 13], ""acc"": 7.5, ""vel"": 25.11, ""pos"": 41.4, ""error"": 2.0781792000009176}, {""pair"": [3, 3, 1, 13], ""acc"": 7.5, ""vel"": 25.11, ""pos"": 41.4, ""error"": 2.084528000000901}], [{""pair"": [3, 3, 2, 13], ""acc"": 7.5, ""vel"": 25.27, ""pos"": 40.6, ""error"": 0.811900799999016}, {""pair"": [3, 3, 2, 13], ""acc"": 7.5, ""vel"": 25.27, ""pos"": 40.6, ""error"": 0.8183519999990025}, {""pair"": [3, 3, 2, 13], ""acc"": 7.5, ""vel"": 25.27, ""pos"": 40.6, ""error"": 1.1181792000009203}, {""pair"": [3, 3, 2, 13], ""acc"": 7.5, ""vel"": 25.27, ""pos"": 40.6, ""error"": 1.124528000000904}], [{""pair"": [0, 13, 2, 3], ""acc"": 1.1, ""vel"": 25.27, ""pos"": 41.4, ""error"": 0.01190079999901883}, {""pair"": [0, 13, 2, 3], ""acc"": 1.1, ""vel"": 25.27, ""pos"": 41.4, ""error"": 0.018351999999005386}, {""pair"": [0, 13, 2, 3], ""acc"": 1.1, ""vel"": 25.27, ""pos"": 41.4, ""error"": 1.9181792000009175}, {""pair"": [0, 13, 2, 3], ""acc"": 1.1, ""vel"": 25.27, ""pos"": 41.4, ""error"": 1.924528000000901}], [{""pair"": [1, 13, 2, 3], ""acc"": 7.5, ""vel"": 25.11, ""pos"": 41.4, ""error"": 0.17190079999901897}, {""pair"": [1, 13, 2, 3], ""acc"": 7.5, ""vel"": 25.11, ""pos"": 41.4, ""error"": 0.17835199999900553}, {""pair"": [1, 13, 2, 3], ""acc"": 7.5, ""vel"": 25.11, ""pos"": 41.4, ""error"": 2.0781792000009176}, {""pair"": [1, 13, 2, 3], ""acc"": 7.5, ""vel"": 25.11, ""pos"": 41.4, ""error"": 2.084528000000901}], [{""pair"": [2, 13, 2, 3], ""acc"": 7.5, ""vel"": 25.27, ""pos"": 40.6, ""error"": 0.811900799999016}, {""pair"": [2, 13, 2, 3], ""acc"": 7.5, ""vel"": 25.27, ""pos"": 40.6, ""error"": 0.8183519999990025}, {""pair"": [2, 13, 2, 3], ""acc"": 7.5, ""vel"": 25.27, ""pos"": 40.6, ""error"": 1.1181792000009203}, {""pair"": [2, 13, 2, 3], ""acc"": 7.5, ""vel"": 25.27, ""pos"": 40.6, ""error"": 1.124528000000904}]]","[[[3, 3, 0, 13], [1.1, 25.27, 41.4], 0.01190079999901883], [[3, 3, 1, 13], [7.5, 25.11, 41.4], 0.17190079999901897], [[3, 3, 2, 13], [7.5, 25.27, 40.6], 0.811900799999016], [[0, 13, 2, 3], [1.1, 25.27, 41.4], 0.01190079999901883], [[1, 13, 2, 3], [7.5, 25.11, 41.4], 0.17190079999901897], [[2, 13, 2, 3], [7.5, 25.27, 40.6], 0.811900799999016]]"
1.0,25.29,41.8,1.0,25.29,48.2,1.0,25.29,41.6,"[{""pair"": [1, 0, 2, 11], ""acc"": 1.0, ""vel"": 25.29, ""pos"": 41.6, ""error"": 0.3714850000001455}, {""pair"": [3, 11, 1, 0], ""acc"": 1.0, ""vel"": 25.29, ""pos"": 41.8, ""error"": 0.4772157999997866}, {""pair"": [3, 0, 2, 11], ""acc"": 1.0, ""vel"": 25.29, ""pos"": 48.0, ""error"": 5.757584200000199}, {""pair"": [2, 0, 2, 11], ""acc"": 1.0, ""vel"": 25.29, ""pos"": 48.0, ""error"": 5.757584200000199}, {""pair"": [3, 11, 2, 0], ""acc"": 1.0, ""vel"": 25.29, ""pos"": 48.2, ""error"": 5.957584200000202}, {""pair"": [0, 0, 2, 11], ""acc"": 1.0, ""vel"": 24.01, ""pos"": 48.0, ""error"": 7.037584200000197}, {""pair"": [3, 11, 0, 0], ""acc"": 1.0, ""vel"": 24.01, ""pos"": 48.2, ""error"": 7.2375842000001995}]","[[1, 0, 2, 11], [3, 11, 1, 0], [3, 0, 2, 11], [2, 0, 2, 11], [3, 11, 2, 0], [0, 0, 2, 11], [3, 11, 0, 0]]","[[{""pair"": [3, 0, 2, 11], ""acc"": 1.0, ""vel"": 25.29, ""pos"": 48.0, ""error"": 5.757584200000199}, {""pair"": [3, 0, 2, 11], ""acc"": 1.0, ""vel"": 25.29, ""pos"": 48.0, ""error"": 5.757584200000199}, {""pair"": [3, 0, 2, 11], ""acc"": 1.0, ""vel"": 25.29, ""pos"": 48.0, ""error"": 5.816925000000147}, {""pair"": [3, 0, 2, 11], ""acc"": 1.0, ""vel"": 25.29, ""pos"": 48.0, ""error"": 5.816925000000147}, {""pair"": [3, 0, 2, 11], ""acc"": 1.0, ""vel"": 25.29, ""pos"": 48.0, ""error"": 6.771485000000144}, {""pair"": [3, 0, 2, 11], ""acc"": 1.0, ""vel"": 25.29, ""pos"": 48.0, ""error"": 6.771485000000144}], [{""pair"": [3, 11, 0, 0], ""acc"": 1.0, ""vel"": 24.01, ""pos"": 48.2, ""error"": 7.2375842000001995}, {""pair"": [3, 11, 0, 0], ""acc"": 1.0, ""vel"": 24.01, ""pos"": 48.2, ""error"": 7.2375842000001995}, {""pair"": [3, 11, 0, 0], ""acc"": 1.0, ""vel"": 24.01, ""pos"": 48.2, ""error"": 7.296925000000147}, {""pair"": [3, 11, 0, 0], ""acc"": 1.0, ""vel"": 24.01, ""pos"": 48.2, ""error"": 7.296925000000147}, {""pair"": [3, 11, 0, 0], ""acc"": 1.0, ""vel"": 24.01, ""pos"": 48.2, ""error"": 8.251485000000145}, {""pair"": [3, 11, 0, 0], ""acc"": 1.0, ""vel"": 24.01, ""pos"": 48.2, ""error"": 8.251485000000145}], [{""pair"": [3, 11, 1, 0], ""acc"": 1.0, ""vel"": 25.29, ""pos"": 41.8, ""error"": 0.4772157999997866}, {""pair"": [3, 11, 1, 0], ""acc"": 1.0, ""vel"": 25.29, ""pos"": 41.8, ""error"": 0.4772157999997866}, {""pair"": [3, 11, 1, 0], ""acc"": 1.0, ""vel"": 25.29, ""pos"": 41.8, ""error"": 0.5330749999997337}, {""pair"": [3, 11, 1, 0], ""acc"": 1.0, ""vel"": 25.29, ""pos"": 41.8, ""error"": 0.5330749999997337}, {""pair"": [3, 11, 1, 0], ""acc"": 1.0, ""vel"": 25.29, ""pos"": 41.8, ""error"": 0.5714850000001412}, {""pair"": [3, 11, 1, 0], ""acc"": 1.0, ""vel"": 25.29, ""pos"": 41.8, ""error"": 0.5714850000001412}], [{""pair"": [3, 11, 2, 0], ""acc"": 1.0, ""vel"": 25.29, ""pos"": 48.2, ""error"": 5.957584200000202}, {""pair"": [3, 11, 2, 0], ""acc"": 1.0, ""vel"": 25.29, ""pos"": 48.2, ""error"": 5.957584200000202}, {""pair"": [3, 11, 2, 0], ""acc"": 1.0, ""vel"": 25.29, ""pos"": 48.2, ""error"": 6.01692500000015}, {""pair"": [3, 11, 2, 0], ""acc"": 1.0, ""vel"": 25.29, ""pos"": 48.2, ""error"": 6.01692500000015}, {""pair"": [3, 11, 2, 0], ""acc"": 1.0, ""vel"": 25.29, ""pos"": 48.2, ""error"": 6.971485000000147}, {""pair"": [3, 11, 2, 0], ""acc"": 1.0, ""vel"": 25.29, ""pos"": 48.2, ""error"": 6.971485000000147}], [{""pair"": [0, 0, 2, 11], ""acc"": 1.0, ""vel"": 24.01, ""pos"": 48.0, ""error"": 7.037584200000197}, {""pair"": [0, 0, 2, 11], ""acc"": 1.0, ""vel"": 24.01, ""pos"": 48.0, ""error"": 7.037584200000197}, {""pair"": [0, 0, 2, 11], ""acc"": 1.0, ""vel"": 24.01, ""pos"": 48.0, ""error"": 7.0969250000001445}, {""pair"": [0, 0, 2, 11], ""acc"": 1.0, ""vel"": 24.01, ""pos"": 48.0, ""error"": 7.0969250000001445}, {""pair"": [0, 0, 2, 11], ""acc"": 1.0, ""vel"": 24.01, ""pos"": 48.0, ""error"": 8.051485000000142}, {""pair"": [0, 0, 2, 11], ""acc"": 1.0, ""vel"": 24.01, ""pos"": 48.0, ""error"": 8.051485000000142}], [{""pair"": [1, 0, 2, 11], ""acc"": 1.0, ""vel"": 25.29, ""pos"": 41.6, ""error"": 0.6772157999997823}, {""pair"": [1, 0, 2, 11], ""acc"": 1.0, ""vel"": 25.29, ""pos"": 41.6, ""error"": 0.6772157999997823}, {""pair"": [1, 0, 2, 11], ""acc"": 1.0, ""vel"": 25.29, ""pos"": 41.6, ""error"": 0.7330749999997295}, {""pair"": [1, 0, 2, 11], ""acc"": 1.0, ""vel"": 25.29, ""pos"": 41.6, ""error"": 0.7330749999997295}, {""pair"": [1, 0, 2, 11], ""acc"": 1.0, ""vel"": 25.29, ""pos"": 41.6, ""error"": 0.3714850000001455}, {""pair"": [1, 0, 2, 11], ""acc"": 1.0, ""vel"": 25.29, ""pos"": 41.6, ""error"": 0.3714850000001455}], [{""pair"": [2, 0, 2, 11], ""acc"": 1.0, ""vel"": 25.29, ""pos"": 48.0, ""error"": 5.757584200000199}, {""pair"": [2, 0, 2, 11], ""acc"": 1.0, ""vel"": 25.29, ""pos"": 48.0, ""error"": 5.757584200000199}, {""pair"": [2, 0, 2, 11], ""acc"": 1.0, ""vel"": 25.29, ""pos"": 48.0, ""error"": 5.816925000000147}, {""pair"": [2, 0, 2, 11], ""acc"": 1.0, ""vel"": 25.29, ""pos"": 48.0, ""error"": 5.816925000000147}, {""pair"": [2, 0, 2, 11], ""acc"": 1.0, ""vel"": 25.29, ""pos"": 48.0, ""error"": 6.771485000000144}, {""pair"": [2, 0, 2, 11], ""acc"": 1.0, ""vel"": 25.29, ""pos"": 48.0, ""error"": 6.771485000000144}]]","[[[3, 0, 2, 11], [1.0, 25.29, 48.0], 5.757584200000199], [[3, 11, 0, 0], [1.0, 24.01, 48.2], 7.2375842000001995], [[3, 11, 1, 0], [1.0, 25.29, 41.8], 0.4772157999997866], [[3, 11, 2, 0], [1.0, 25.29, 48.2], 5.957584200000202], [[0, 0, 2, 11], [1.0, 24.01, 48.0], 7.037584200000197], [[1, 0, 2, 11], [1.0, 25.29, 41.6], 0.3714850000001455], [[2, 0, 2, 11], [1.0, 25.29, 48.0], 5.757584200000199]]"
1.0,25.32,42.7,1.0,24.68,145.1,1.0,25.32,42.7,"[{""pair"": [1, 15, 1, 4], ""acc"": 1.0, ""vel"": 25.32, ""pos"": 42.7, ""error"": 0.5092319999994857}, {""pair"": [3, 4, 1, 15], ""acc"": 1.0, ""vel"": 25.32, ""pos"": 145.1, ""error"": 96.50923199999947}, {""pair"": [1, 15, 0, 4], ""acc"": 1.0, ""vel"": 4.84, ""pos"": 145.1, ""error"": 115.70171199999955}]","[[1, 15, 1, 4], [3, 4, 1, 15], [1, 15, 0, 4]]","[[{""pair"": [3, 4, 0, 15], ""acc"": -24.6, ""vel"": 24.68, ""pos"": 145.1, ""error"": 103.72123199999952}, {""pair"": [3, 4, 0, 15], ""acc"": -24.6, ""vel"": 24.68, ""pos"": 145.1, ""error"": 103.52123199999951}, {""pair"": [3, 4, 0, 15], ""acc"": -24.6, ""vel"": 24.68, ""pos"": 145.1, ""error"": 97.32123199999951}, {""pair"": [3, 4, 0, 15], ""acc"": -24.6, ""vel"": 24.68, ""pos"": 145.1, ""error"": 97.32123199999951}, {""pair"": [3, 4, 0, 15], ""acc"": -24.6, ""vel"": 24.68, ""pos"": 145.1, ""error"": 97.12123199999951}, {""pair"": [3, 4, 0, 15], ""acc"": -24.6, ""vel"": 24.68, ""pos"": 145.1, ""error"": 97.3697119999995}, {""pair"": [3, 4, 0, 15], ""acc"": -24.6, ""vel"": 24.68, ""pos"": 145.1, ""error"": 97.1697119999995}], [{""pair"": [3, 4, 1, 15], ""acc"": 1.0, ""vel"": 25.32, ""pos"": 145.1, ""error"": 103.10923199999948}, {""pair"": [3, 4, 1, 15], ""acc"": 1.0, ""vel"": 25.32, ""pos"": 145.1, ""error"": 102.90923199999948}, {""pair"": [3, 4, 1, 15], ""acc"": 1.0, ""vel"": 25.32, ""pos"": 145.1, ""error"": 96.70923199999947}, {""pair"": [3, 4, 1, 15], ""acc"": 1.0, ""vel"": 25.32, ""pos"": 145.1, ""error"": 96.70923199999947}, {""pair"": [3, 4, 1, 15], ""acc"": 1.0, ""vel"": 25.32, ""pos"": 145.1, ""error"": 96.50923199999947}, {""pair"": [3, 4, 1, 15], ""acc"": 1.0, ""vel"": 25.32, ""pos"": 145.1, ""error"": 98.0097119999995}, {""pair"": [3, 4, 1, 15], ""acc"": 1.0, ""vel"": 25.32, ""pos"": 145.1, ""error"": 97.80971199999951}], [{""pair"": [0, 15, 0, 4], ""acc"": -24.6, ""vel"": 4.2, ""pos"": 145.1, ""error"": 124.20123199999952}, {""pair"": [0, 15, 0, 4], ""acc"": -24.6, ""vel"": 4.2, ""pos"": 145.1, ""error"": 124.00123199999952}, {""pair"": [0, 15, 0, 4], ""acc"": -24.6, ""vel"": 4.2, ""pos"": 145.1, ""error"": 117.80123199999952}, {""pair"": [0, 15, 0, 4], ""acc"": -24.6, ""vel"": 4.2, ""pos"": 145.1, ""error"": 117.80123199999952}, {""pair"": [0, 15, 0, 4], ""acc"": -24.6, ""vel"": 4.2, ""pos"": 145.1, ""error"": 117.60123199999951}, {""pair"": [0, 15, 0, 4], ""acc"": -24.6, ""vel"": 4.2, ""pos"": 145.1, ""error"": 116.54171199999954}, {""pair"": [0, 15, 0, 4], ""acc"": -24.6, ""vel"": 4.2, ""pos"": 145.1, ""error"": 116.34171199999955}], [{""pair"": [0, 15, 1, 4], ""acc"": -24.6, ""vel"": 24.68, ""pos"": 42.7, ""error"": 1.3212319999995188}, {""pair"": [0, 15, 1, 4], ""acc"": -24.6, ""vel"": 24.68, ""pos"": 42.7, ""error"": 1.121231999999523}, {""pair"": [0, 15, 1, 4], ""acc"": -24.6, ""vel"": 24.68, ""pos"": 42.7, ""error"": 6.330768000000518}, {""pair"": [0, 15, 1, 4], ""acc"": -24.6, ""vel"": 24.68, ""pos"": 42.7, ""error"": 6.330768000000518}, {""pair"": [0, 15, 1, 4], ""acc"": -24.6, ""vel"": 24.68, ""pos"": 42.7, ""error"": 6.530768000000521}, {""pair"": [0, 15, 1, 4], ""acc"": -24.6, ""vel"": 24.68, ""pos"": 42.7, ""error"": 6.33828800000045}, {""pair"": [0, 15, 1, 4], ""acc"": -24.6, ""vel"": 24.68, ""pos"": 42.7, ""error"": 6.538288000000453}], [{""pair"": [1, 15, 0, 4], ""acc"": 1.0, ""vel"": 4.84, ""pos"": 145.1, ""error"": 123.56123199999952}, {""pair"": [1, 15, 0, 4], ""acc"": 1.0, ""vel"": 4.84, ""pos"": 145.1, ""error"": 123.36123199999952}, {""pair"": [1, 15, 0, 4], ""acc"": 1.0, ""vel"": 4.84, ""pos"": 145.1, ""error"": 117.16123199999952}, {""pair"": [1, 15, 0, 4], ""acc"": 1.0, ""vel"": 4.84, ""pos"": 145.1, ""error"": 117.16123199999952}, {""pair"": [1, 15, 0, 4], ""acc"": 1.0, ""vel"": 4.84, ""pos"": 145.1, ""error"": 116.96123199999951}, {""pair"": [1, 15, 0, 4], ""acc"": 1.0, ""vel"": 4.84, ""pos"": 145.1, ""error"": 115.90171199999953}, {""pair"": [1, 15, 0, 4], ""acc"": 1.0, ""vel"": 4.84, ""pos"": 145.1, ""error"": 115.70171199999955}], [{""pair"": [1, 15, 1, 4], ""acc"": 1.0, ""vel"": 25.32, ""pos"": 42.7, ""error"": 0.7092319999994814}, {""pair"": [1, 15, 1, 4], ""acc"": 1.0, ""vel"": 25.32, ""pos"": 42.7, ""error"": 0.5092319999994857}, {""pair"": [1, 15, 1, 4], ""acc"": 1.0, ""vel"": 25.32, ""pos"": 42.7, ""error"": 5.71876800000048}, {""pair"": [1, 15, 1, 4], ""acc"": 1.0, ""vel"": 25.32, ""pos"": 42.7, ""error"": 5.71876800000048}, {""pair"": [1, 15, 1, 4], ""acc"": 1.0, ""vel"": 25.32, ""pos"": 42.7, ""error"": 5.918768000000483}, {""pair"": [1, 15, 1, 4], ""acc"": 1.0, ""vel"": 25.32, ""pos"": 42.7, ""error"": 6.97828800000045}, {""pair"": [1, 15, 1, 4], ""acc"": 1.0, ""vel"": 25.32, ""pos"": 42.7, ""error"": 7.178288000000453}]]","[[[3, 4, 0, 15], [-24.6, 24.68, 145.1], 97.12123199999951], [[3, 4, 1, 15], [1.0, 25.32, 145.1], 96.50923199999947], [[0, 15, 0, 4], [-24.6, 4.2, 145.1], 116.34171199999955], [[0, 15, 1, 4], [-24.6, 24.68, 42.7], 1.121231999999523], [[1, 15, 0, 4], [1.0, 4.84, 145.1], 115.70171199999955], [[1, 15, 1, 4], [1.0, 25.32, 42.7], 0.5092319999994857]]"
1.0,25.34,43.1,8.0,35.58,43.1,1.0,25.34,43.1,"[{""pair"": [0, 3, 0, 14], ""acc"": 1.0, ""vel"": 25.34, ""pos"": 43.1, ""error"": 0.03358449999990043}]","[[0, 3, 0, 14]]","[[{""pair"": [0, 3, 0, 14], ""acc"": 1.0, ""vel"": 25.34, ""pos"": 43.1, ""error"": 0.03358449999990043}, {""pair"": [0, 3, 0, 14], ""acc"": 1.0, ""vel"": 25.34, ""pos"": 43.1, ""error"": 102.4335844999999}, {""pair"": [0, 3, 0, 14], ""acc"": 1.0, ""vel"": 25.34, ""pos"": 43.1, ""error"": 122.56542449999998}], [{""pair"": [0, 3, 1, 14], ""acc"": 13.8, ""vel"": 25.02, ""pos"": 43.1, ""error"": 0.3475844999998934}, {""pair"": [0, 3, 1, 14], ""acc"": 13.8, ""vel"": 25.02, ""pos"": 43.1, ""error"": 102.74758449999989}, {""pair"": [0, 3, 1, 14], ""acc"": 13.8, ""vel"": 25.02, ""pos"": 43.1, ""error"": 122.24542449999998}]]","[[[0, 3, 0, 14], [1.0, 25.34, 43.1], 0.03358449999990043], [[0, 3, 1, 14], [13.8, 25.02, 43.1], 0.3475844999998934]]"
1.0,25.36,43.5,1.0,50.0,43.5,1.0,25.36,43.5,"[{""pair"": [3, 4, 0, 6], ""acc"": 1.0, ""vel"": 25.36, ""pos"": 43.5, ""error"": 0.03392449999990177}, {""pair"": [2, 4, 0, 6], ""acc"": 1.0, ""vel"": 25.36, ""pos"": 43.5, ""error"": 0.03392449999990177}, {""pair"": [0, 4, 0, 6], ""acc"": 1.0, ""vel"": 4.88, ""pos"": 43.5, ""error"": 20.507924499999895}, {""pair"": [0, 4, 2, 6], ""acc"": 1.0, ""vel"": 86.8, ""pos"": 43.5, ""error"": 61.473924499999896}, {""pair"": [3, 4, 2, 6], ""acc"": 1.0, ""vel"": 107.28, ""pos"": 43.5, ""error"": 81.9539244999999}, {""pair"": [2, 4, 2, 6], ""acc"": 1.0, ""vel"": 107.28, ""pos"": 43.5, ""error"": 81.9539244999999}]","[[3, 4, 0, 6], [2, 4, 0, 6], [0, 4, 0, 6], [0, 4, 2, 6], [3, 4, 2, 6], [2, 4, 2, 6]]","[[{""pair"": [3, 4, 0, 6], ""acc"": 1.0, ""vel"": 25.36, ""pos"": 43.5, ""error"": 0.03392449999990177}], [{""pair"": [3, 4, 2, 6], ""acc"": 1.0, ""vel"": 107.28, ""pos"": 43.5, ""error"": 81.9539244999999}], [{""pair"": [0, 4, 0, 6], ""acc"": 1.0, ""vel"": 4.88, ""pos"": 43.5, ""error"": 20.507924499999895}], [{""pair"": [0, 4, 2, 6], ""acc"": 1.0, ""vel"": 86.8, ""pos"": 43.5, ""error"": 61.473924499999896}], [{""pair"": [2, 4, 0, 6], ""acc"": 1.0, ""vel"": 25.36, ""pos"": 43.5, ""error"": 0.03392449999990177}], [{""pair"": [2, 4, 2, 6], ""acc"": 1.0, ""vel"": 107.28, ""pos"": 43.5, ""error"": 81.9539244999999}]]","[[[3, 4, 0, 6], [1.0, 25.36, 43.5], 0.03392449999990177], [[3, 4, 2, 6], [1.0, 107.28, 43.5], 81.9539244999999], [[0, 4, 0, 6], [1.0, 4.88, 43.5], 20.507924499999895], [[0, 4, 2, 6], [1.0, 86.8, 43.5], 61.473924499999896], [[2, 4, 0, 6], [1.0, 25.36, 43.5], 0.03392449999990177], [[2, 4, 2, 6], [1.0, 107.28, 43.5], 81.9539244999999]]"
0.9,25.37,44.0,0.9,22.49,44.0,0.9,25.37,44.0,"[{""pair"": [0, 1, 1, 14], ""acc"": 0.9, ""vel"": 25.37, ""pos"": 44.0, ""error"": 0.10011199999951614}, {""pair"": [3, 14, 0, 1], ""acc"": 0.9, ""vel"": 25.05, ""pos"": 44.0, ""error"": 0.42011199999951643}, {""pair"": [3, 1, 1, 14], ""acc"": 0.9, ""vel"": 22.81, ""pos"": 44.0, ""error"": 2.6601119999995184}]","[[0, 1, 1, 14], [3, 14, 0, 1], [3, 1, 1, 14]]","[[{""pair"": [3, 1, 0, 14], ""acc"": 13.7, ""vel"": 22.49, ""pos"": 44.0, ""error"": 2.9801119999995187}, {""pair"": [3, 1, 0, 14], ""acc"": 13.7, ""vel"": 22.49, ""pos"": 44.0, ""error"": 2.9801119999995187}, {""pair"": [3, 1, 0, 14], ""acc"": 13.7, ""vel"": 22.49, ""pos"": 44.0, ""error"": 18.015791999999884}, {""pair"": [3, 1, 0, 14], ""acc"": 13.7, ""vel"": 22.49, ""pos"": 44.0, ""error"": 65.21492800000172}, {""pair"": [3, 1, 0, 14], ""acc"": 13.7, ""vel"": 22.49, ""pos"": 44.0, ""error"": 86.02260800000212}, {""pair"": [3, 1, 0, 14], ""acc"": 13.7, ""vel"": 22.49, ""pos"": 44.0, ""error"": 86.02260800000212}], [{""pair"": [3, 1, 1, 14], ""acc"": 0.9, ""vel"": 22.81, ""pos"": 44.0, ""error"": 2.6601119999995184}, {""pair"": [3, 1, 1, 14], ""acc"": 0.9, ""vel"": 22.81, ""pos"": 44.0, ""error"": 2.6601119999995184}, {""pair"": [3, 1, 1, 14], ""acc"": 0.9, ""vel"": 22.81, ""pos"": 44.0, ""error"": 18.335791999999884}, {""pair"": [3, 1, 1, 14], ""acc"": 0.9, ""vel"": 22.81, ""pos"": 44.0, ""error"": 64.89492800000171}, {""pair"": [3, 1, 1, 14], ""acc"": 0.9, ""vel"": 22.81, ""pos"": 44.0, ""error"": 85.70260800000213}, {""pair"": [3, 1, 1, 14], ""acc"": 0.9, ""vel"": 22.81, ""pos"": 44.0, ""error"": 85.70260800000213}], [{""pair"": [3, 14, 0, 1], ""acc"": 0.9, ""vel"": 25.05, ""pos"": 44.0, ""error"": 0.42011199999951643}, {""pair"": [3, 14, 0, 1], ""acc"": 0.9, ""vel"": 25.05, ""pos"": 44.0, ""error"": 0.42011199999951643}, {""pair"": [3, 14, 0, 1], ""acc"": 0.9, ""vel"": 25.05, ""pos"": 44.0, ""error"": 20.575791999999886}, {""pair"": [3, 14, 0, 1], ""acc"": 0.9, ""vel"": 25.05, ""pos"": 44.0, ""error"": 62.65492800000172}, {""pair"": [3, 14, 0, 1], ""acc"": 0.9, ""vel"": 25.05, ""pos"": 44.0, ""error"": 83.46260800000212}, {""pair"": [3, 14, 0, 1], ""acc"": 0.9, ""vel"": 25.05, ""pos"": 44.0, ""error"": 83.46260800000212}], [{""pair"": [0, 1, 0, 14], ""acc"": 13.7, ""vel"": 25.05, ""pos"": 44.0, ""error"": 0.42011199999951643}, {""pair"": [0, 1, 0, 14], ""acc"": 13.7, ""vel"": 25.05, ""pos"": 44.0, ""error"": 0.42011199999951643}, {""pair"": [0, 1, 0, 14], ""acc"": 13.7, ""vel"": 25.05, ""pos"": 44.0, ""error"": 20.575791999999886}, {""pair"": [0, 1, 0, 14], ""acc"": 13.7, ""vel"": 25.05, ""pos"": 44.0, ""error"": 62.65492800000172}, {""pair"": [0, 1, 0, 14], ""acc"": 13.7, ""vel"": 25.05, ""pos"": 44.0, ""error"": 83.46260800000212}, {""pair"": [0, 1, 0, 14], ""acc"": 13.7, ""vel"": 25.05, ""pos"": 44.0, ""error"": 83.46260800000212}], [{""pair"": [0, 1, 1, 14], ""acc"": 0.9, ""vel"": 25.37, ""pos"": 44.0, ""error"": 0.10011199999951614}, {""pair"": [0, 1, 1, 14], ""acc"": 0.9, ""vel"": 25.37, ""pos"": 44.0, ""error"": 0.10011199999951614}, {""pair"": [0, 1, 1, 14], ""acc"": 0.9, ""vel"": 25.37, ""pos"": 44.0, ""error"": 20.895791999999886}, {""pair"": [0, 1, 1, 14], ""acc"": 0.9, ""vel"": 25.37, ""pos"": 44.0, ""error"": 62.33492800000171}, {""pair"": [0, 1, 1, 14], ""acc"": 0.9, ""vel"": 25.37, ""pos"": 44.0, ""error"": 83.14260800000213}, {""pair"": [0, 1, 1, 14], ""acc"": 0.9, ""vel"": 25.37, ""pos"": 44.0, ""error"": 83.14260800000213}]]","[[[3, 1, 0, 14], [13.7, 22.49, 44.0], 2.9801119999995187], [[3, 1, 1, 14], [0.9, 22.81, 44.0], 2.6601119999995184], [[3, 14, 0, 1], [0.9, 25.05, 44.0], 0.42011199999951643], [[0, 1, 0, 14], [13.7, 25.05, 44.0], 0.42011199999951643], [[0, 1, 1, 14], [0.9, 25.37, 44.0], 0.10011199999951614]]"
0.9,25.39,44.400000000000006,1.1,25.37,44.4,0.9,25.37,44.5,"[{""pair"": [0, 8, 2, 10], ""acc"": 0.9, ""vel"": 25.37, ""pos"": 44.5, ""error"": 0.3937001999997847}, {""pair"": [0, 8, 1, 10], ""acc"": 0.9, ""vel"": 25.39, ""pos"": 44.4, ""error"": 0.4737001999997865}, {""pair"": [3, 8, 2, 9], ""acc"": 1.1, ""vel"": 25.37, ""pos"": 44.4, ""error"": 0.4937001999997861}, {""pair"": [2, 8, 2, 9], ""acc"": 1.1, ""vel"": 25.37, ""pos"": 44.4, ""error"": 0.4937001999997861}, {""pair"": [3, 8, 0, 9], ""acc"": 1.5, ""vel"": 25.37, ""pos"": 44.4, ""error"": 0.4937001999997861}, {""pair"": [2, 8, 0, 9], ""acc"": 1.5, ""vel"": 25.37, ""pos"": 44.4, ""error"": 0.4937001999997861}, {""pair"": [1, 8, 2, 9], ""acc"": 1.1, ""vel"": 25.37, ""pos"": 1682.8, ""error"": 1637.9674998000003}, {""pair"": [1, 8, 0, 9], ""acc"": 1.5, ""vel"": 25.37, ""pos"": 1682.8, ""error"": 1637.9674998000003}]","[[0, 8, 2, 10], [0, 8, 1, 10], [3, 8, 2, 9], [2, 8, 2, 9], [3, 8, 0, 9], [2, 8, 0, 9], [1, 8, 2, 9], [1, 8, 0, 9]]","[[{""pair"": [3, 8, 0, 9], ""acc"": 1.5, ""vel"": 25.37, ""pos"": 44.4, ""error"": 0.4937001999997861}, {""pair"": [3, 8, 0, 9], ""acc"": 1.5, ""vel"": 25.37, ""pos"": 44.4, ""error"": 0.7416201999998009}, {""pair"": [3, 8, 0, 9], ""acc"": 1.5, ""vel"": 25.37, ""pos"": 44.4, ""error"": 2.9054601999998226}], [{""pair"": [3, 8, 2, 9], ""acc"": 1.1, ""vel"": 25.37, ""pos"": 44.4, ""error"": 0.4937001999997861}, {""pair"": [3, 8, 2, 9], ""acc"": 1.1, ""vel"": 25.37, ""pos"": 44.4, ""error"": 0.7416201999998009}, {""pair"": [3, 8, 2, 9], ""acc"": 1.1, ""vel"": 25.37, ""pos"": 44.4, ""error"": 2.9054601999998226}], [{""pair"": [0, 8, 1, 10], ""acc"": 0.9, ""vel"": 25.39, ""pos"": 44.4, ""error"": 0.4737001999997865}, {""pair"": [0, 8, 1, 10], ""acc"": 0.9, ""vel"": 25.39, ""pos"": 44.4, ""error"": 0.7616201999998005}, {""pair"": [0, 8, 1, 10], ""acc"": 0.9, ""vel"": 25.39, ""pos"": 44.4, ""error"": 2.925460199999822}], [{""pair"": [0, 8, 2, 10], ""acc"": 0.9, ""vel"": 25.37, ""pos"": 44.5, ""error"": 0.3937001999997847}, {""pair"": [0, 8, 2, 10], ""acc"": 0.9, ""vel"": 25.37, ""pos"": 44.5, ""error"": 0.6416201999997995}, {""pair"": [0, 8, 2, 10], ""acc"": 0.9, ""vel"": 25.37, ""pos"": 44.5, ""error"": 2.805460199999821}], [{""pair"": [1, 8, 0, 9], ""acc"": 1.5, ""vel"": 25.37, ""pos"": 1682.8, ""error"": 1637.9674998000003}, {""pair"": [1, 8, 0, 9], ""acc"": 1.5, ""vel"": 25.37, ""pos"": 1682.8, ""error"": 1638.2371798000004}, {""pair"": [1, 8, 0, 9], ""acc"": 1.5, ""vel"": 25.37, ""pos"": 1682.8, ""error"": 1640.5533398000002}], [{""pair"": [1, 8, 2, 9], ""acc"": 1.1, ""vel"": 25.37, ""pos"": 1682.8, ""error"": 1637.9674998000003}, {""pair"": [1, 8, 2, 9], ""acc"": 1.1, ""vel"": 25.37, ""pos"": 1682.8, ""error"": 1638.2371798000004}, {""pair"": [1, 8, 2, 9], ""acc"": 1.1, ""vel"": 25.37, ""pos"": 1682.8, ""error"": 1640.5533398000002}], [{""pair"": [2, 8, 0, 9], ""acc"": 1.5, ""vel"": 25.37, ""pos"": 44.4, ""error"": 0.4937001999997861}, {""pair"": [2, 8, 0, 9], ""acc"": 1.5, ""vel"": 25.37, ""pos"": 44.4, ""error"": 0.7416201999998009}, {""pair"": [2, 8, 0, 9], ""acc"": 1.5, ""vel"": 25.37, ""pos"": 44.4, ""error"": 2.9054601999998226}], [{""pair"": [2, 8, 2, 9], ""acc"": 1.1, ""vel"": 25.37, ""pos"": 44.4, ""error"": 0.4937001999997861}, {""pair"": [2, 8, 2, 9], ""acc"": 1.1, ""vel"": 25.37, ""pos"": 44.4, ""error"": 0.7416201999998009}, {""pair"": [2, 8, 2, 9], ""acc"": 1.1, ""vel"": 25.37, ""pos"": 44.4, ""error"": 2.9054601999998226}]]","[[[3, 8, 0, 9], [1.5, 25.37, 44.4], 0.4937001999997861], [[3, 8, 2, 9], [1.1, 25.37, 44.4], 0.4937001999997861], [[0, 8, 1, 10], [0.9, 25.39, 44.4], 0.4737001999997865], [[0, 8, 2, 10], [0.9, 25.37, 44.5], 0.3937001999997847], [[1, 8, 0, 9], [1.5, 25.37, 1682.8], 1637.9674998000003], [[1, 8, 2, 9], [1.1, 25.37, 1682.8], 1637.9674998000003], [[2, 8, 0, 9], [1.5, 25.37, 44.4], 0.4937001999997861], [[2, 8, 2, 9], [1.1, 25.37, 44.4], 0.4937001999997861]]"
0.9,25.42,45.2,0.9,25.34,45.2,0.9,25.42,45.2,"[{""pair"": [3, 3, 1, 12], ""acc"": 0.9, ""vel"": 25.42, ""pos"": 45.2, ""error"": 0.32956479999948485}, {""pair"": [2, 3, 1, 12], ""acc"": 0.9, ""vel"": 25.42, ""pos"": 45.2, ""error"": 0.32956479999948485}, {""pair"": [3, 3, 0, 12], ""acc"": 4.1, ""vel"": 25.34, ""pos"": 45.2, ""error"": 0.33836479999951763}, {""pair"": [2, 3, 0, 12], ""acc"": 4.1, ""vel"": 25.34, ""pos"": 45.2, ""error"": 0.33836479999951763}]","[[3, 3, 1, 12], [2, 3, 1, 12], [3, 3, 0, 12], [2, 3, 0, 12]]","[[{""pair"": [3, 3, 0, 12], ""acc"": 4.1, ""vel"": 25.34, ""pos"": 45.2, ""error"": 0.33836479999951763}, {""pair"": [3, 3, 0, 12], ""acc"": 4.1, ""vel"": 25.34, ""pos"": 45.2, ""error"": 0.45804479999952363}, {""pair"": [3, 3, 0, 12], ""acc"": 4.1, ""vel"": 25.34, ""pos"": 45.2, ""error"": 0.4415391999995322}, {""pair"": [3, 3, 0, 12], ""acc"": 4.1, ""vel"": 25.34, ""pos"": 45.2, ""error"": 0.4415391999995322}, {""pair"": [3, 3, 0, 12], ""acc"": 4.1, ""vel"": 25.34, ""pos"": 45.2, ""error"": 0.4478879999995371}, {""pair"": [3, 3, 0, 12], ""acc"": 4.1, ""vel"": 25.34, ""pos"": 45.2, ""error"": 0.4478879999995371}, {""pair"": [3, 3, 0, 12], ""acc"": 4.1, ""vel"": 25.34, ""pos"": 45.2, ""error"": 1638.0536608000007}, {""pair"": [3, 3, 0, 12], ""acc"": 4.1, ""vel"": 25.34, ""pos"": 45.2, ""error"": 1638.0601120000006}], [{""pair"": [3, 3, 1, 12], ""acc"": 0.9, ""vel"": 25.42, ""pos"": 45.2, ""error"": 0.32956479999948485}, {""pair"": [3, 3, 1, 12], ""acc"": 0.9, ""vel"": 25.42, ""pos"": 45.2, ""error"": 0.4092447999994917}, {""pair"": [3, 3, 1, 12], ""acc"": 0.9, ""vel"": 25.42, ""pos"": 45.2, ""error"": 0.4263391999994859}, {""pair"": [3, 3, 1, 12], ""acc"": 0.9, ""vel"": 25.42, ""pos"": 45.2, ""error"": 0.4263391999994859}, {""pair"": [3, 3, 1, 12], ""acc"": 0.9, ""vel"": 25.42, ""pos"": 45.2, ""error"": 0.419887999999478}, {""pair"": [3, 3, 1, 12], ""acc"": 0.9, ""vel"": 25.42, ""pos"": 45.2, ""error"": 0.419887999999478}, {""pair"": [3, 3, 1, 12], ""acc"": 0.9, ""vel"": 25.42, ""pos"": 45.2, ""error"": 1638.0384608000006}, {""pair"": [3, 3, 1, 12], ""acc"": 0.9, ""vel"": 25.42, ""pos"": 45.2, ""error"": 1638.0321120000006}], [{""pair"": [2, 3, 0, 12], ""acc"": 4.1, ""vel"": 25.34, ""pos"": 45.2, ""error"": 0.33836479999951763}, {""pair"": [2, 3, 0, 12], ""acc"": 4.1, ""vel"": 25.34, ""pos"": 45.2, ""error"": 0.45804479999952363}, {""pair"": [2, 3, 0, 12], ""acc"": 4.1, ""vel"": 25.34, ""pos"": 45.2, ""error"": 0.4415391999995322}, {""pair"": [2, 3, 0, 12], ""acc"": 4.1, ""vel"": 25.34, ""pos"": 45.2, ""error"": 0.4415391999995322}, {""pair"": [2, 3, 0, 12], ""acc"": 4.1, ""vel"": 25.34, ""pos"": 45.2, ""error"": 0.4478879999995371}, {""pair"": [2, 3, 0, 12], ""acc"": 4.1, ""vel"": 25.34, ""pos"": 45.2, ""error"": 0.4478879999995371}, {""pair"": [2, 3, 0, 12], ""acc"": 4.1, ""vel"": 25.34, ""pos"": 45.2, ""error"": 1638.0536608000007}, {""pair"": [2, 3, 0, 12], ""acc"": 4.1, ""vel"": 25.34, ""pos"": 45.2, ""error"": 1638.0601120000006}], [{""pair"": [2, 3, 1, 12], ""acc"": 0.9, ""vel"": 25.42, ""pos"": 45.2, ""error"": 0.32956479999948485}, {""pair"": [2, 3, 1, 12], ""acc"": 0.9, ""vel"": 25.42, ""pos"": 45.2, ""error"": 0.4092447999994917}, {""pair"": [2, 3, 1, 12], ""acc"": 0.9, ""vel"": 25.42, ""pos"": 45.2, ""error"": 0.4263391999994859}, {""pair"": [2, 3, 1, 12], ""acc"": 0.9, ""vel"": 25.42, ""pos"": 45.2, ""error"": 0.4263391999994859}, {""pair"": [2, 3, 1, 12], ""acc"": 0.9, ""vel"": 25.42, ""pos"": 45.2, ""error"": 0.419887999999478}, {""pair"": [2, 3, 1, 12], ""acc"": 0.9, ""vel"": 25.42, ""pos"": 45.2, ""error"": 0.419887999999478}, {""pair"": [2, 3, 1, 12], ""acc"": 0.9, ""vel"": 25.42, ""pos"": 45.2, ""error"": 1638.0384608000006}, {""pair"": [2, 3, 1, 12], ""acc"": 0.9, ""vel"": 25.42, ""pos"": 45.2, ""error"": 1638.0321120000006}]]","[[[3, 3, 0, 12], [4.1, 25.34, 45.2], 0.33836479999951763], [[3, 3, 1, 12], [0.9, 25.42, 45.2], 0.32956479999948485], [[2, 3, 0, 12], [4.1, 25.34, 45.2], 0.33836479999951763], [[2, 3, 1, 12], [0.9, 25.42, 45.2], 0.32956479999948485]]"
0.9,25.43,45.6,0.9,25.39,45.6,0.9,25.43,45.6,"[{""pair"": [3, 13, 1, 11], ""acc"": 0.9, ""vel"": 25.43, ""pos"": 45.6, ""error"": 0.03757004999989988}, {""pair"": [0, 13, 1, 11], ""acc"": 7.3, ""vel"": 25.43, ""pos"": 45.6, ""error"": 0.03757004999989988}, {""pair"": [3, 13, 0, 11], ""acc"": 2.5, ""vel"": 25.39, ""pos"": 45.6, ""error"": 0.05107244999988225}, {""pair"": [1, 13, 0, 11], ""acc"": 2.5, ""vel"": 25.55, ""pos"": 45.6, ""error"": 0.14697004999990426}, {""pair"": [1, 13, 1, 11], ""acc"": 0.9, ""vel"": 25.59, ""pos"": 45.6, ""error"": 0.1869700499999034}, {""pair"": [3, 13, 2, 11], ""acc"": 0.9, ""vel"": 25.39, ""pos"": 45.8, ""error"": 0.1883275500000785}, {""pair"": [0, 13, 2, 11], ""acc"": 7.3, ""vel"": 25.39, ""pos"": 45.8, ""error"": 0.1883275500000785}, {""pair"": [1, 13, 2, 11], ""acc"": 0.9, ""vel"": 25.55, ""pos"": 45.8, ""error"": 0.28242995000009685}]","[[3, 13, 1, 11], [0, 13, 1, 11], [3, 13, 0, 11], [1, 13, 0, 11], [1, 13, 1, 11], [3, 13, 2, 11], [0, 13, 2, 11], [1, 13, 2, 11]]","[[{""pair"": [3, 13, 0, 11], ""acc"": 2.5, ""vel"": 25.39, ""pos"": 45.6, ""error"": 0.07757004999989903}, {""pair"": [3, 13, 0, 11], ""acc"": 2.5, ""vel"": 25.39, ""pos"": 45.6, ""error"": 0.07757004999989903}, {""pair"": [3, 13, 0, 11], ""acc"": 2.5, ""vel"": 25.39, ""pos"": 45.6, ""error"": 0.05107244999988225}, {""pair"": [3, 13, 0, 11], ""acc"": 2.5, ""vel"": 25.39, ""pos"": 45.6, ""error"": 0.05107244999988225}], [{""pair"": [3, 13, 1, 11], ""acc"": 0.9, ""vel"": 25.43, ""pos"": 45.6, ""error"": 0.03757004999989988}, {""pair"": [3, 13, 1, 11], ""acc"": 0.9, ""vel"": 25.43, ""pos"": 45.6, ""error"": 0.03757004999989988}, {""pair"": [3, 13, 1, 11], ""acc"": 0.9, ""vel"": 25.43, ""pos"": 45.6, ""error"": 0.05167244999991638}, {""pair"": [3, 13, 1, 11], ""acc"": 0.9, ""vel"": 25.43, ""pos"": 45.6, ""error"": 0.05167244999991638}], [{""pair"": [3, 13, 2, 11], ""acc"": 0.9, ""vel"": 25.39, ""pos"": 45.8, ""error"": 0.21302995000009162}, {""pair"": [3, 13, 2, 11], ""acc"": 0.9, ""vel"": 25.39, ""pos"": 45.8, ""error"": 0.21302995000009162}, {""pair"": [3, 13, 2, 11], ""acc"": 0.9, ""vel"": 25.39, ""pos"": 45.8, ""error"": 0.1883275500000785}, {""pair"": [3, 13, 2, 11], ""acc"": 0.9, ""vel"": 25.39, ""pos"": 45.8, ""error"": 0.1883275500000785}], [{""pair"": [0, 13, 0, 11], ""acc"": 8.9, ""vel"": 25.39, ""pos"": 45.6, ""error"": 0.07757004999989903}, {""pair"": [0, 13, 0, 11], ""acc"": 8.9, ""vel"": 25.39, ""pos"": 45.6, ""error"": 0.07757004999989903}, {""pair"": [0, 13, 0, 11], ""acc"": 8.9, ""vel"": 25.39, ""pos"": 45.6, ""error"": 0.05107244999988225}, {""pair"": [0, 13, 0, 11], ""acc"": 8.9, ""vel"": 25.39, ""pos"": 45.6, ""error"": 0.05107244999988225}], [{""pair"": [0, 13, 1, 11], ""acc"": 7.3, ""vel"": 25.43, ""pos"": 45.6, ""error"": 0.03757004999989988}, {""pair"": [0, 13, 1, 11], ""acc"": 7.3, ""vel"": 25.43, ""pos"": 45.6, ""error"": 0.03757004999989988}, {""pair"": [0, 13, 1, 11], ""acc"": 7.3, ""vel"": 25.43, ""pos"": 45.6, ""error"": 0.05167244999991638}, {""pair"": [0, 13, 1, 11], ""acc"": 7.3, ""vel"": 25.43, ""pos"": 45.6, ""error"": 0.05167244999991638}], [{""pair"": [0, 13, 2, 11], ""acc"": 7.3, ""vel"": 25.39, ""pos"": 45.8, ""error"": 0.21302995000009162}, {""pair"": [0, 13, 2, 11], ""acc"": 7.3, ""vel"": 25.39, ""pos"": 45.8, ""error"": 0.21302995000009162}, {""pair"": [0, 13, 2, 11], ""acc"": 7.3, ""vel"": 25.39, ""pos"": 45.8, ""error"": 0.1883275500000785}, {""pair"": [0, 13, 2, 11], ""acc"": 7.3, ""vel"": 25.39, ""pos"": 45.8, ""error"": 0.1883275500000785}], [{""pair"": [1, 13, 0, 11], ""acc"": 2.5, ""vel"": 25.55, ""pos"": 45.6, ""error"": 0.14697004999990426}, {""pair"": [1, 13, 0, 11], ""acc"": 2.5, ""vel"": 25.55, ""pos"": 45.6, ""error"": 0.14697004999990426}, {""pair"": [1, 13, 0, 11], ""acc"": 2.5, ""vel"": 25.55, ""pos"": 45.6, ""error"": 0.17167244999991738}, {""pair"": [1, 13, 0, 11], ""acc"": 2.5, ""vel"": 25.55, ""pos"": 45.6, ""error"": 0.17167244999991738}], [{""pair"": [1, 13, 1, 11], ""acc"": 0.9, ""vel"": 25.59, ""pos"": 45.6, ""error"": 0.1869700499999034}, {""pair"": [1, 13, 1, 11], ""acc"": 0.9, ""vel"": 25.59, ""pos"": 45.6, ""error"": 0.1869700499999034}, {""pair"": [1, 13, 1, 11], ""acc"": 0.9, ""vel"": 25.59, ""pos"": 45.6, ""error"": 0.21167244999991652}, {""pair"": [1, 13, 1, 11], ""acc"": 0.9, ""vel"": 25.59, ""pos"": 45.6, ""error"": 0.21167244999991652}], [{""pair"": [1, 13, 2, 11], ""acc"": 0.9, ""vel"": 25.55, ""pos"": 45.8, ""error"": 0.28242995000009685}, {""pair"": [1, 13, 2, 11], ""acc"": 0.9, ""vel"": 25.55, ""pos"": 45.8, ""error"": 0.28242995000009685}, {""pair"": [1, 13, 2, 11], ""acc"": 0.9, ""vel"": 25.55, ""pos"": 45.8, ""error"": 0.3089275500001136}, {""pair"": [1, 13, 2, 11], ""acc"": 0.9, ""vel"": 25.55, ""pos"": 45.8, ""error"": 0.3089275500001136}]]","[[[3, 13, 0, 11], [2.5, 25.39, 45.6], 0.05107244999988225], [[3, 13, 1, 11], [0.9, 25.43, 45.6], 0.03757004999989988], [[3, 13, 2, 11], [0.9, 25.39, 45.8], 0.1883275500000785], [[0, 13, 0, 11], [8.9, 25.39, 45.6], 0.05107244999988225], [[0, 13, 1, 11], [7.3, 25.43, 45.6], 0.03757004999989988], [[0, 13, 2, 11], [7.3, 25.39, 45.8], 0.1883275500000785], [[1, 13, 0, 11], [2.5, 25.55, 45.6], 0.14697004999990426], [[1, 13, 1, 11], [0.9, 25.59, 45.6], 0.1869700499999034], [[1, 13, 2, 11], [0.9, 25.55, 45.8], 0.28242995000009685]]"
0.9,25.44,46.1,0.9,25.44,46.1,0.9,25.44,46.1,"[{""pair"": [3, 8, 2, 4], ""acc"": 0.9, ""vel"": 25.44, ""pos"": 46.1, ""error"": 0.3593800500004072}, {""pair"": [3, 8, 1, 4], ""acc"": 0.9, ""vel"": 25.44, ""pos"": 148.5, ""error"": 101.8819399499996}]","[[3, 8, 2, 4], [3, 8, 1, 4]]","[[{""pair"": [3, 8, 1, 4], ""acc"": 0.9, ""vel"": 25.44, ""pos"": 148.5, ""error"": 102.08001994999962}, {""pair"": [3, 8, 1, 4], ""acc"": 0.9, ""vel"": 25.44, ""pos"": 148.5, ""error"": 102.28773514999972}, {""pair"": [3, 8, 1, 4], ""acc"": 0.9, ""vel"": 25.44, ""pos"": 148.5, ""error"": 102.09326874999964}, {""pair"": [3, 8, 1, 4], ""acc"": 0.9, ""vel"": 25.44, ""pos"": 148.5, ""error"": 102.24798874999964}, {""pair"": [3, 8, 1, 4], ""acc"": 0.9, ""vel"": 25.44, ""pos"": 148.5, ""error"": 102.23473994999961}, {""pair"": [3, 8, 1, 4], ""acc"": 0.9, ""vel"": 25.44, ""pos"": 148.5, ""error"": 101.8819399499996}, {""pair"": [3, 8, 1, 4], ""acc"": 0.9, ""vel"": 25.44, ""pos"": 148.5, ""error"": 102.04905514999972}, {""pair"": [3, 8, 1, 4], ""acc"": 0.9, ""vel"": 25.44, ""pos"": 148.5, ""error"": 101.99605994999962}], [{""pair"": [3, 8, 2, 4], ""acc"": 0.9, ""vel"": 25.44, ""pos"": 46.1, ""error"": 0.3593800500004072}, {""pair"": [3, 8, 2, 4], ""acc"": 0.9, ""vel"": 25.44, ""pos"": 46.1, ""error"": 0.5740648500005108}, {""pair"": [3, 8, 2, 4], ""acc"": 0.9, ""vel"": 25.44, ""pos"": 46.1, ""error"": 0.3717312500004333}, {""pair"": [3, 8, 2, 4], ""acc"": 0.9, ""vel"": 25.44, ""pos"": 46.1, ""error"": 0.5370112500004325}, {""pair"": [3, 8, 2, 4], ""acc"": 0.9, ""vel"": 25.44, ""pos"": 46.1, ""error"": 0.5246600500004135}, {""pair"": [3, 8, 2, 4], ""acc"": 0.9, ""vel"": 25.44, ""pos"": 46.1, ""error"": 0.5586600500003804}, {""pair"": [3, 8, 2, 4], ""acc"": 0.9, ""vel"": 25.44, ""pos"": 46.1, ""error"": 0.7327448500005076}, {""pair"": [3, 8, 2, 4], ""acc"": 0.9, ""vel"": 25.44, ""pos"": 46.1, ""error"": 0.6833400500004032}]]","[[[3, 8, 1, 4], [0.9, 25.44, 148.5], 101.8819399499996], [[3, 8, 2, 4], [0.9, 25.44, 46.1], 0.3593800500004072]]"
0.8,25.47,46.900000000000006,4.0,25.47,46.9,4.0,25.47,46.5,"[{""pair"": [2, 12, 2, 8], ""acc"": 4.0, ""vel"": 25.47, ""pos"": 46.5, ""error"": 0.04731004999990418}, {""pair"": [0, 12, 2, 8], ""acc"": 0.8, ""vel"": 25.47, ""pos"": 46.9, ""error"": 0.38208995000009693}]","[[2, 12, 2, 8], [0, 12, 2, 8]]","[[{""pair"": [0, 12, 2, 8], ""acc"": 0.8, ""vel"": 25.47, ""pos"": 46.9, ""error"": 0.38208995000009693}, {""pair"": [0, 12, 2, 8], ""acc"": 0.8, ""vel"": 25.47, ""pos"": 46.9, ""error"": 102.04731004999988}], [{""pair"": [2, 12, 2, 8], ""acc"": 4.0, ""vel"": 25.47, ""pos"": 46.5, ""error"": 0.04731004999990418}, {""pair"": [2, 12, 2, 8], ""acc"": 4.0, ""vel"": 25.47, ""pos"": 46.5, ""error"": 102.44731004999988}]]","[[[0, 12, 2, 8], [0.8, 25.47, 46.9], 0.38208995000009693], [[2, 12, 2, 8], [4.0, 25.47, 46.5], 0.04731004999990418]]"
0.8,25.48,47.3,0.8,25.48,47.2,0.8,25.48,47.3,"[{""pair"": [3, 11, 2, 10], ""acc"": 0.8, ""vel"": 25.48, ""pos"": 47.3, ""error"": 0.036705599999894645}, {""pair"": [2, 10, 1, 11], ""acc"": 0.8, ""vel"": 25.44, ""pos"": 47.3, ""error"": 0.07670559999989379}, {""pair"": [3, 11, 1, 10], ""acc"": 0.8, ""vel"": 25.5, ""pos"": 47.2, ""error"": 0.1495055999998982}, {""pair"": [1, 10, 1, 11], ""acc"": 0.8, ""vel"": 25.46, ""pos"": 47.2, ""error"": 0.15670559999988853}, {""pair"": [3, 10, 1, 11], ""acc"": 0.8, ""vel"": 25.44, ""pos"": 47.2, ""error"": 0.1767055999998881}]","[[3, 11, 2, 10], [2, 10, 1, 11], [3, 11, 1, 10], [1, 10, 1, 11], [3, 10, 1, 11]]","[[{""pair"": [3, 10, 1, 11], ""acc"": 0.8, ""vel"": 25.44, ""pos"": 47.2, ""error"": 0.3644320000000896}, {""pair"": [3, 10, 1, 11], ""acc"": 0.8, ""vel"": 25.44, ""pos"": 47.2, ""error"": 0.1767055999998881}], [{""pair"": [3, 11, 1, 10], ""acc"": 0.8, ""vel"": 25.5, ""pos"": 47.2, ""error"": 0.30443200000009085}, {""pair"": [3, 11, 1, 10], ""acc"": 0.8, ""vel"": 25.5, ""pos"": 47.2, ""error"": 0.1495055999998982}], [{""pair"": [3, 11, 2, 10], ""acc"": 0.8, ""vel"": 25.48, ""pos"": 47.3, ""error"": 0.42443200000008474}, {""pair"": [3, 11, 2, 10], ""acc"": 0.8, ""vel"": 25.48, ""pos"": 47.3, ""error"": 0.036705599999894645}], [{""pair"": [1, 10, 1, 11], ""acc"": 0.8, ""vel"": 25.46, ""pos"": 47.2, ""error"": 0.34443200000009}, {""pair"": [1, 10, 1, 11], ""acc"": 0.8, ""vel"": 25.46, ""pos"": 47.2, ""error"": 0.15670559999988853}], [{""pair"": [2, 10, 1, 11], ""acc"": 0.8, ""vel"": 25.44, ""pos"": 47.3, ""error"": 0.4644320000000839}, {""pair"": [2, 10, 1, 11], ""acc"": 0.8, ""vel"": 25.44, ""pos"": 47.3, ""error"": 0.07670559999989379}]]","[[[3, 10, 1, 11], [0.8, 25.44, 47.2], 0.1767055999998881], [[3, 11, 1, 10], [0.8, 25.5, 47.2], 0.1495055999998982], [[3, 11, 2, 10], [0.8, 25.48, 47.3], 0.036705599999894645], [[1, 10, 1, 11], [0.8, 25.46, 47.2], 0.15670559999988853], [[2, 10, 1, 11], [0.8, 25.44, 47.3], 0.07670559999989379]]"
0.8,25.5,47.8,0.8,25.5,47.8,0.8,25.5,47.8,"[{""pair"": [3, 0, 2, 6], ""acc"": 0.8, ""vel"": 25.5, ""pos"": 47.8, ""error"": 0.2542155999989788}, {""pair"": [3, 6, 2, 0], ""acc"": 0.8, ""vel"": 25.5, ""pos"": 47.8, ""error"": 0.2542155999989788}, {""pair"": [2, 0, 2, 6], ""acc"": 0.8, ""vel"": 25.5, ""pos"": 47.8, ""error"": 0.2542155999989788}, {""pair"": [3, 6, 0, 0], ""acc"": 0.8, ""vel"": 24.22, ""pos"": 47.8, ""error"": 1.4863555999989195}, {""pair"": [0, 0, 2, 6], ""acc"": 0.8, ""vel"": 24.22, ""pos"": 47.8, ""error"": 1.4863555999989195}, {""pair"": [3, 6, 1, 0], ""acc"": 0.8, ""vel"": 25.5, ""pos"": 41.4, ""error"": 6.654215599998977}, {""pair"": [1, 0, 2, 6], ""acc"": 0.8, ""vel"": 25.5, ""pos"": 41.4, ""error"": 6.654215599998977}, {""pair"": [0, 0, 0, 6], ""acc"": 0.8, ""vel"": 106.14, ""pos"": 47.8, ""error"": 80.85553559999897}, {""pair"": [3, 0, 0, 6], ""acc"": 0.8, ""vel"": 107.42, ""pos"": 47.8, ""error"": 82.13553559999897}, {""pair"": [2, 0, 0, 6], ""acc"": 0.8, ""vel"": 107.42, ""pos"": 47.8, ""error"": 82.13553559999897}, {""pair"": [1, 0, 0, 6], ""acc"": 0.8, ""vel"": 107.42, ""pos"": 41.4, ""error"": 88.53553559999898}, {""pair"": [1, 0, 1, 6], ""acc"": 0.8, ""vel"": 25.5, ""pos"": 451.0, ""error"": 402.86512440000104}, {""pair"": [3, 0, 1, 6], ""acc"": 0.8, ""vel"": 25.5, ""pos"": 457.4, ""error"": 409.265124400001}, {""pair"": [2, 0, 1, 6], ""acc"": 0.8, ""vel"": 25.5, ""pos"": 457.4, ""error"": 409.265124400001}, {""pair"": [0, 0, 1, 6], ""acc"": 0.8, ""vel"": 24.22, ""pos"": 457.4, ""error"": 410.50644440000104}]","[[3, 0, 2, 6], [3, 6, 2, 0], [2, 0, 2, 6], [3, 6, 0, 0], [0, 0, 2, 6], [3, 6, 1, 0], [1, 0, 2, 6], [0, 0, 0, 6], [3, 0, 0, 6], [2, 0, 0, 6], [1, 0, 0, 6], [1, 0, 1, 6], [3, 0, 1, 6], [2, 0, 1, 6], [0, 0, 1, 6]]","[[{""pair"": [3, 0, 0, 6], ""acc"": 0.8, ""vel"": 107.42, ""pos"": 47.8, ""error"": 82.25487559999897}, {""pair"": [3, 0, 0, 6], ""acc"": 0.8, ""vel"": 107.42, ""pos"": 47.8, ""error"": 82.29355559999898}, {""pair"": [3, 0, 0, 6], ""acc"": 0.8, ""vel"": 107.42, ""pos"": 47.8, ""error"": 82.13553559999897}, {""pair"": [3, 0, 0, 6], ""acc"": 0.8, ""vel"": 107.42, ""pos"": 47.8, ""error"": 82.17421559999899}, {""pair"": [3, 0, 0, 6], ""acc"": 0.8, ""vel"": 107.42, ""pos"": 47.8, ""error"": 82.19355559999899}], [{""pair"": [3, 0, 1, 6], ""acc"": 0.8, ""vel"": 25.5, ""pos"": 457.4, ""error"": 409.265124400001}, {""pair"": [3, 0, 1, 6], ""acc"": 0.8, ""vel"": 25.5, ""pos"": 457.4, ""error"": 409.2936444000011}, {""pair"": [3, 0, 1, 6], ""acc"": 0.8, ""vel"": 25.5, ""pos"": 457.4, ""error"": 409.384464400001}, {""pair"": [3, 0, 1, 6], ""acc"": 0.8, ""vel"": 25.5, ""pos"": 457.4, ""error"": 409.3729844000011}, {""pair"": [3, 0, 1, 6], ""acc"": 0.8, ""vel"": 25.5, ""pos"": 457.4, ""error"": 409.39364440000105}], [{""pair"": [3, 0, 2, 6], ""acc"": 0.8, ""vel"": 25.5, ""pos"": 47.8, ""error"": 0.3476755999989116}, {""pair"": [3, 0, 2, 6], ""acc"": 0.8, ""vel"": 25.5, ""pos"": 47.8, ""error"": 0.37355559999897636}, {""pair"": [3, 0, 2, 6], ""acc"": 0.8, ""vel"": 25.5, ""pos"": 47.8, ""error"": 0.2683355999989132}, {""pair"": [3, 0, 2, 6], ""acc"": 0.8, ""vel"": 25.5, ""pos"": 47.8, ""error"": 0.2542155999989788}, {""pair"": [3, 0, 2, 6], ""acc"": 0.8, ""vel"": 25.5, ""pos"": 47.8, ""error"": 0.27355559999898205}], [{""pair"": [3, 6, 0, 0], ""acc"": 0.8, ""vel"": 24.22, ""pos"": 47.8, ""error"": 1.6276755999989128}, {""pair"": [3, 6, 0, 0], ""acc"": 0.8, ""vel"": 24.22, ""pos"": 47.8, ""error"": 1.5863555999989138}, {""pair"": [3, 6, 0, 0], ""acc"": 0.8, ""vel"": 24.22, ""pos"": 47.8, ""error"": 1.5483355999989143}, {""pair"": [3, 6, 0, 0], ""acc"": 0.8, ""vel"": 24.22, ""pos"": 47.8, ""error"": 1.5070155999989154}, {""pair"": [3, 6, 0, 0], ""acc"": 0.8, ""vel"": 24.22, ""pos"": 47.8, ""error"": 1.4863555999989195}], [{""pair"": [3, 6, 1, 0], ""acc"": 0.8, ""vel"": 25.5, ""pos"": 41.4, ""error"": 6.74767559999891}, {""pair"": [3, 6, 1, 0], ""acc"": 0.8, ""vel"": 25.5, ""pos"": 41.4, ""error"": 6.773555599998975}, {""pair"": [3, 6, 1, 0], ""acc"": 0.8, ""vel"": 25.5, ""pos"": 41.4, ""error"": 6.668335599998912}, {""pair"": [3, 6, 1, 0], ""acc"": 0.8, ""vel"": 25.5, ""pos"": 41.4, ""error"": 6.654215599998977}, {""pair"": [3, 6, 1, 0], ""acc"": 0.8, ""vel"": 25.5, ""pos"": 41.4, ""error"": 6.673555599998981}], [{""pair"": [3, 6, 2, 0], ""acc"": 0.8, ""vel"": 25.5, ""pos"": 47.8, ""error"": 0.3476755999989116}, {""pair"": [3, 6, 2, 0], ""acc"": 0.8, ""vel"": 25.5, ""pos"": 47.8, ""error"": 0.37355559999897636}, {""pair"": [3, 6, 2, 0], ""acc"": 0.8, ""vel"": 25.5, ""pos"": 47.8, ""error"": 0.2683355999989132}, {""pair"": [3, 6, 2, 0], ""acc"": 0.8, ""vel"": 25.5, ""pos"": 47.8, ""error"": 0.2542155999989788}, {""pair"": [3, 6, 2, 0], ""acc"": 0.8, ""vel"": 25.5, ""pos"": 47.8, ""error"": 0.27355559999898205}], [{""pair"": [0, 0, 0, 6], ""acc"": 0.8, ""vel"": 106.14, ""pos"": 47.8, ""error"": 80.97487559999897}, {""pair"": [0, 0, 0, 6], ""acc"": 0.8, ""vel"": 106.14, ""pos"": 47.8, ""error"": 81.01355559999898}, {""pair"": [0, 0, 0, 6], ""acc"": 0.8, ""vel"": 106.14, ""pos"": 47.8, ""error"": 80.85553559999897}, {""pair"": [0, 0, 0, 6], ""acc"": 0.8, ""vel"": 106.14, ""pos"": 47.8, ""error"": 80.89421559999899}, {""pair"": [0, 0, 0, 6], ""acc"": 0.8, ""vel"": 106.14, ""pos"": 47.8, ""error"": 80.91355559999899}], [{""pair"": [0, 0, 1, 6], ""acc"": 0.8, ""vel"": 24.22, ""pos"": 457.4, ""error"": 410.545124400001}, {""pair"": [0, 0, 1, 6], ""acc"": 0.8, ""vel"": 24.22, ""pos"": 457.4, ""error"": 410.50644440000104}, {""pair"": [0, 0, 1, 6], ""acc"": 0.8, ""vel"": 24.22, ""pos"": 457.4, ""error"": 410.66446440000095}, {""pair"": [0, 0, 1, 6], ""acc"": 0.8, ""vel"": 24.22, ""pos"": 457.4, ""error"": 410.625784400001}, {""pair"": [0, 0, 1, 6], ""acc"": 0.8, ""vel"": 24.22, ""pos"": 457.4, ""error"": 410.606444400001}], [{""pair"": [0, 0, 2, 6], ""acc"": 0.8, ""vel"": 24.22, ""pos"": 47.8, ""error"": 1.6276755999989128}, {""pair"": [0, 0, 2, 6], ""acc"": 0.8, ""vel"": 24.22, ""pos"": 47.8, ""error"": 1.5863555999989138}, {""pair"": [0, 0, 2, 6], ""acc"": 0.8, ""vel"": 24.22, ""pos"": 47.8, ""error"": 1.5483355999989143}, {""pair"": [0, 0, 2, 6], ""acc"": 0.8, ""vel"": 24.22, ""pos"": 47.8, ""error"": 1.5070155999989154}, {""pair"": [0, 0, 2, 6], ""acc"": 0.8, ""vel"": 24.22, ""pos"": 47.8, ""error"": 1.4863555999989195}], [{""pair"": [1, 0, 0, 6], ""acc"": 0.8, ""vel"": 107.42, ""pos"": 41.4, ""error"": 88.65487559999897}, {""pair"": [1, 0, 0, 6], ""acc"": 0.8, ""vel"": 107.42, ""pos"": 41.4, ""error"": 88.69355559999897}, {""pair"": [1, 0, 0, 6], ""acc"": 0.8, ""vel"": 107.42, ""pos"": 41.4, ""error"": 88.53553559999898}, {""pair"": [1, 0, 0, 6], ""acc"": 0.8, ""vel"": 107.42, ""pos"": 41.4, ""error"": 88.57421559999898}, {""pair"": [1, 0, 0, 6], ""acc"": 0.8, ""vel"": 107.42, ""pos"": 41.4, ""error"": 88.59355559999898}], [{""pair"": [1, 0, 1, 6], ""acc"": 0.8, ""vel"": 25.5, ""pos"": 451.0, ""error"": 402.86512440000104}, {""pair"": [1, 0, 1, 6], ""acc"": 0.8, ""vel"": 25.5, ""pos"": 451.0, ""error"": 402.8936444000011}, {""pair"": [1, 0, 1, 6], ""acc"": 0.8, ""vel"": 25.5, ""pos"": 451.0, ""error"": 402.984464400001}, {""pair"": [1, 0, 1, 6], ""acc"": 0.8, ""vel"": 25.5, ""pos"": 451.0, ""error"": 402.9729844000011}, {""pair"": [1, 0, 1, 6], ""acc"": 0.8, ""vel"": 25.5, ""pos"": 451.0, ""error"": 402.9936444000011}], [{""pair"": [1, 0, 2, 6], ""acc"": 0.8, ""vel"": 25.5, ""pos"": 41.4, ""error"": 6.74767559999891}, {""pair"": [1, 0, 2, 6], ""acc"": 0.8, ""vel"": 25.5, ""pos"": 41.4, ""error"": 6.773555599998975}, {""pair"": [1, 0, 2, 6], ""acc"": 0.8, ""vel"": 25.5, ""pos"": 41.4, ""error"": 6.668335599998912}, {""pair"": [1, 0, 2, 6], ""acc"": 0.8, ""vel"": 25.5, ""pos"": 41.4, ""error"": 6.654215599998977}, {""pair"": [1, 0, 2, 6], ""acc"": 0.8, ""vel"": 25.5, ""pos"": 41.4, ""error"": 6.673555599998981}], [{""pair"": [2, 0, 0, 6], ""acc"": 0.8, ""vel"": 107.42, ""pos"": 47.8, ""error"": 82.25487559999897}, {""pair"": [2, 0, 0, 6], ""acc"": 0.8, ""vel"": 107.42, ""pos"": 47.8, ""error"": 82.29355559999898}, {""pair"": [2, 0, 0, 6], ""acc"": 0.8, ""vel"": 107.42, ""pos"": 47.8, ""error"": 82.13553559999897}, {""pair"": [2, 0, 0, 6], ""acc"": 0.8, ""vel"": 107.42, ""pos"": 47.8, ""error"": 82.17421559999899}, {""pair"": [2, 0, 0, 6], ""acc"": 0.8, ""vel"": 107.42, ""pos"": 47.8, ""error"": 82.19355559999899}], [{""pair"": [2, 0, 1, 6], ""acc"": 0.8, ""vel"": 25.5, ""pos"": 457.4, ""error"": 409.265124400001}, {""pair"": [2, 0, 1, 6], ""acc"": 0.8, ""vel"": 25.5, ""pos"": 457.4, ""error"": 409.2936444000011}, {""pair"": [2, 0, 1, 6], ""acc"": 0.8, ""vel"": 25.5, ""pos"": 457.4, ""error"": 409.384464400001}, {""pair"": [2, 0, 1, 6], ""acc"": 0.8, ""vel"": 25.5, ""pos"": 457.4, ""error"": 409.3729844000011}, {""pair"": [2, 0, 1, 6], ""acc"": 0.8, ""vel"": 25.5, ""pos"": 457.4, ""error"": 409.39364440000105}], [{""pair"": [2, 0, 2, 6], ""acc"": 0.8, ""vel"": 25.5, ""pos"": 47.8, ""error"": 0.3476755999989116}, {""pair"": [2, 0, 2, 6], ""acc"": 0.8, ""vel"": 25.5, ""pos"": 47.8, ""error"": 0.37355559999897636}, {""pair"": [2, 0, 2, 6], ""acc"": 0.8, ""vel"": 25.5, ""pos"": 47.8, ""error"": 0.2683355999989132}, {""pair"": [2, 0, 2, 6], ""acc"": 0.8, ""vel"": 25.5, ""pos"": 47.8, ""error"": 0.2542155999989788}, {""pair"": [2, 0, 2, 6], ""acc"": 0.8, ""vel"": 25.5, ""pos"": 47.8, ""error"": 0.27355559999898205}]]","[[[3, 0, 0, 6], [0.8, 107.42, 47.8], 82.13553559999897], [[3, 0, 1, 6], [0.8, 25.5, 457.4], 409.265124400001], [[3, 0, 2, 6], [0.8, 25.5, 47.8], 0.2542155999989788], [[3, 6, 0, 0], [0.8, 24.22, 47.8], 1.4863555999989195], [[3, 6, 1, 0], [0.8, 25.5, 41.4], 6.654215599998977], [[3, 6, 2, 0], [0.8, 25.5, 47.8], 0.2542155999989788], [[0, 0, 0, 6], [0.8, 106.14, 47.8], 80.85553559999897], [[0, 0, 1, 6], [0.8, 24.22, 457.4], 410.50644440000104], [[0, 0, 2, 6], [0.8, 24.22, 47.8], 1.4863555999989195], [[1, 0, 0, 6], [0.8, 107.42, 41.4], 88.53553559999898], [[1, 0, 1, 6], [0.8, 25.5, 451.0], 402.86512440000104], [[1, 0, 2, 6], [0.8, 25.5, 41.4], 6.654215599998977], [[2, 0, 0, 6], [0.8, 107.42, 47.8], 82.13553559999897], [[2, 0, 1, 6], [0.8, 25.5, 457.4], 409.265124400001], [[2, 0, 2, 6], [0.8, 25.5, 47.8], 0.2542155999989788]]"
0.7000000000000001,25.52,48.6,0.7,25.52,48.6,0.6,25.52,48.6,"[{""pair"": [3, 3, 0, 7], ""acc"": 0.6, ""vel"": 25.52, ""pos"": 48.6, ""error"": 0.04833560000040649}, {""pair"": [0, 3, 0, 7], ""acc"": 0.6, ""vel"": 35.76, ""pos"": 48.6, ""error"": 10.275535600000378}, {""pair"": [3, 7, 0, 3], ""acc"": 0.7, ""vel"": 35.76, ""pos"": 48.6, ""error"": 10.275535600000378}, {""pair"": [1, 3, 0, 7], ""acc"": 0.6, ""vel"": 25.52, ""pos"": 99.8, ""error"": 51.164464399999616}, {""pair"": [3, 7, 1, 3], ""acc"": 0.7, ""vel"": 25.52, ""pos"": 99.8, ""error"": 51.164464399999616}]","[[3, 3, 0, 7], [0, 3, 0, 7], [3, 7, 0, 3], [1, 3, 0, 7], [3, 7, 1, 3]]","[[{""pair"": [3, 3, 0, 7], ""acc"": 0.6, ""vel"": 25.52, ""pos"": 48.6, ""error"": 0.04833560000040649}, {""pair"": [3, 3, 0, 7], ""acc"": 0.6, ""vel"": 25.52, ""pos"": 48.6, ""error"": 0.04833560000040649}, {""pair"": [3, 3, 0, 7], ""acc"": 0.6, ""vel"": 25.52, ""pos"": 48.6, ""error"": 0.04833560000040649}, {""pair"": [3, 3, 0, 7], ""acc"": 0.6, ""vel"": 25.52, ""pos"": 48.6, ""error"": 1.2739043999996156}, {""pair"": [3, 3, 0, 7], ""acc"": 0.6, ""vel"": 25.52, ""pos"": 48.6, ""error"": 1.2739043999996156}, {""pair"": [3, 3, 0, 7], ""acc"": 0.6, ""vel"": 25.52, ""pos"": 48.6, ""error"": 6.364464399999619}, {""pair"": [3, 3, 0, 7], ""acc"": 0.6, ""vel"": 25.52, ""pos"": 48.6, ""error"": 6.364464399999619}, {""pair"": [3, 3, 0, 7], ""acc"": 0.6, ""vel"": 25.52, ""pos"": 48.6, ""error"": 83.34945560000165}, {""pair"": [3, 3, 0, 7], ""acc"": 0.6, ""vel"": 25.52, ""pos"": 48.6, ""error"": 84.67169560000167}, {""pair"": [3, 3, 0, 7], ""acc"": 0.6, ""vel"": 25.52, ""pos"": 48.6, ""error"": 84.67169560000167}, {""pair"": [3, 3, 0, 7], ""acc"": 0.6, ""vel"": 25.52, ""pos"": 48.6, ""error"": 85.58110439999835}, {""pair"": [3, 3, 0, 7], ""acc"": 0.6, ""vel"": 25.52, ""pos"": 48.6, ""error"": 403.24833560000036}, {""pair"": [3, 3, 0, 7], ""acc"": 0.6, ""vel"": 25.52, ""pos"": 48.6, ""error"": 409.64833560000034}, {""pair"": [3, 3, 0, 7], ""acc"": 0.6, ""vel"": 25.52, ""pos"": 48.6, ""error"": 409.64833560000034}, {""pair"": [3, 3, 0, 7], ""acc"": 0.6, ""vel"": 25.52, ""pos"": 48.6, ""error"": 410.87329560000035}], [{""pair"": [3, 7, 0, 3], ""acc"": 0.7, ""vel"": 35.76, ""pos"": 48.6, ""error"": 10.275535600000378}, {""pair"": [3, 7, 0, 3], ""acc"": 0.7, ""vel"": 35.76, ""pos"": 48.6, ""error"": 10.275535600000378}, {""pair"": [3, 7, 0, 3], ""acc"": 0.7, ""vel"": 35.76, ""pos"": 48.6, ""error"": 10.275535600000378}, {""pair"": [3, 7, 0, 3], ""acc"": 0.7, ""vel"": 35.76, ""pos"": 48.6, ""error"": 11.513904399999614}, {""pair"": [3, 7, 0, 3], ""acc"": 0.7, ""vel"": 35.76, ""pos"": 48.6, ""error"": 11.513904399999614}, {""pair"": [3, 7, 0, 3], ""acc"": 0.7, ""vel"": 35.76, ""pos"": 48.6, ""error"": 16.59166439999959}, {""pair"": [3, 7, 0, 3], ""acc"": 0.7, ""vel"": 35.76, ""pos"": 48.6, ""error"": 16.59166439999959}, {""pair"": [3, 7, 0, 3], ""acc"": 0.7, ""vel"": 35.76, ""pos"": 48.6, ""error"": 73.10945560000167}, {""pair"": [3, 7, 0, 3], ""acc"": 0.7, ""vel"": 35.76, ""pos"": 48.6, ""error"": 74.43169560000169}, {""pair"": [3, 7, 0, 3], ""acc"": 0.7, ""vel"": 35.76, ""pos"": 48.6, ""error"": 74.43169560000169}, {""pair"": [3, 7, 0, 3], ""acc"": 0.7, ""vel"": 35.76, ""pos"": 48.6, ""error"": 75.34110439999836}, {""pair"": [3, 7, 0, 3], ""acc"": 0.7, ""vel"": 35.76, ""pos"": 48.6, ""error"": 413.47553560000034}, {""pair"": [3, 7, 0, 3], ""acc"": 0.7, ""vel"": 35.76, ""pos"": 48.6, ""error"": 419.8755356000003}, {""pair"": [3, 7, 0, 3], ""acc"": 0.7, ""vel"": 35.76, ""pos"": 48.6, ""error"": 419.8755356000003}, {""pair"": [3, 7, 0, 3], ""acc"": 0.7, ""vel"": 35.76, ""pos"": 48.6, ""error"": 421.11329560000036}], [{""pair"": [3, 7, 1, 3], ""acc"": 0.7, ""vel"": 25.52, ""pos"": 99.8, ""error"": 51.164464399999616}, {""pair"": [3, 7, 1, 3], ""acc"": 0.7, ""vel"": 25.52, ""pos"": 99.8, ""error"": 51.164464399999616}, {""pair"": [3, 7, 1, 3], ""acc"": 0.7, ""vel"": 25.52, ""pos"": 99.8, ""error"": 51.164464399999616}, {""pair"": [3, 7, 1, 3], ""acc"": 0.7, ""vel"": 25.52, ""pos"": 99.8, ""error"": 52.47390439999961}, {""pair"": [3, 7, 1, 3], ""acc"": 0.7, ""vel"": 25.52, ""pos"": 99.8, ""error"": 52.47390439999961}, {""pair"": [3, 7, 1, 3], ""acc"": 0.7, ""vel"": 25.52, ""pos"": 99.8, ""error"": 57.564464399999615}, {""pair"": [3, 7, 1, 3], ""acc"": 0.7, ""vel"": 25.52, ""pos"": 99.8, ""error"": 57.564464399999615}, {""pair"": [3, 7, 1, 3], ""acc"": 0.7, ""vel"": 25.52, ""pos"": 99.8, ""error"": 129.14334439999837}, {""pair"": [3, 7, 1, 3], ""acc"": 0.7, ""vel"": 25.52, ""pos"": 99.8, ""error"": 130.38110439999835}, {""pair"": [3, 7, 1, 3], ""acc"": 0.7, ""vel"": 25.52, ""pos"": 99.8, ""error"": 130.38110439999835}, {""pair"": [3, 7, 1, 3], ""acc"": 0.7, ""vel"": 25.52, ""pos"": 99.8, ""error"": 136.78110439999836}, {""pair"": [3, 7, 1, 3], ""acc"": 0.7, ""vel"": 25.52, ""pos"": 99.8, ""error"": 352.0483356000004}, {""pair"": [3, 7, 1, 3], ""acc"": 0.7, ""vel"": 25.52, ""pos"": 99.8, ""error"": 358.4483356000004}, {""pair"": [3, 7, 1, 3], ""acc"": 0.7, ""vel"": 25.52, ""pos"": 99.8, ""error"": 358.4483356000004}, {""pair"": [3, 7, 1, 3], ""acc"": 0.7, ""vel"": 25.52, ""pos"": 99.8, ""error"": 359.67329560000036}], [{""pair"": [0, 3, 0, 7], ""acc"": 0.6, ""vel"": 35.76, ""pos"": 48.6, ""error"": 10.275535600000378}, {""pair"": [0, 3, 0, 7], ""acc"": 0.6, ""vel"": 35.76, ""pos"": 48.6, ""error"": 10.275535600000378}, {""pair"": [0, 3, 0, 7], ""acc"": 0.6, ""vel"": 35.76, ""pos"": 48.6, ""error"": 10.275535600000378}, {""pair"": [0, 3, 0, 7], ""acc"": 0.6, ""vel"": 35.76, ""pos"": 48.6, ""error"": 11.513904399999614}, {""pair"": [0, 3, 0, 7], ""acc"": 0.6, ""vel"": 35.76, ""pos"": 48.6, ""error"": 11.513904399999614}, {""pair"": [0, 3, 0, 7], ""acc"": 0.6, ""vel"": 35.76, ""pos"": 48.6, ""error"": 16.59166439999959}, {""pair"": [0, 3, 0, 7], ""acc"": 0.6, ""vel"": 35.76, ""pos"": 48.6, ""error"": 16.59166439999959}, {""pair"": [0, 3, 0, 7], ""acc"": 0.6, ""vel"": 35.76, ""pos"": 48.6, ""error"": 73.10945560000167}, {""pair"": [0, 3, 0, 7], ""acc"": 0.6, ""vel"": 35.76, ""pos"": 48.6, ""error"": 74.43169560000169}, {""pair"": [0, 3, 0, 7], ""acc"": 0.6, ""vel"": 35.76, ""pos"": 48.6, ""error"": 74.43169560000169}, {""pair"": [0, 3, 0, 7], ""acc"": 0.6, ""vel"": 35.76, ""pos"": 48.6, ""error"": 75.34110439999836}, {""pair"": [0, 3, 0, 7], ""acc"": 0.6, ""vel"": 35.76, ""pos"": 48.6, ""error"": 413.47553560000034}, {""pair"": [0, 3, 0, 7], ""acc"": 0.6, ""vel"": 35.76, ""pos"": 48.6, ""error"": 419.8755356000003}, {""pair"": [0, 3, 0, 7], ""acc"": 0.6, ""vel"": 35.76, ""pos"": 48.6, ""error"": 419.8755356000003}, {""pair"": [0, 3, 0, 7], ""acc"": 0.6, ""vel"": 35.76, ""pos"": 48.6, ""error"": 421.11329560000036}], [{""pair"": [1, 3, 0, 7], ""acc"": 0.6, ""vel"": 25.52, ""pos"": 99.8, ""error"": 51.164464399999616}, {""pair"": [1, 3, 0, 7], ""acc"": 0.6, ""vel"": 25.52, ""pos"": 99.8, ""error"": 51.164464399999616}, {""pair"": [1, 3, 0, 7], ""acc"": 0.6, ""vel"": 25.52, ""pos"": 99.8, ""error"": 51.164464399999616}, {""pair"": [1, 3, 0, 7], ""acc"": 0.6, ""vel"": 25.52, ""pos"": 99.8, ""error"": 52.47390439999961}, {""pair"": [1, 3, 0, 7], ""acc"": 0.6, ""vel"": 25.52, ""pos"": 99.8, ""error"": 52.47390439999961}, {""pair"": [1, 3, 0, 7], ""acc"": 0.6, ""vel"": 25.52, ""pos"": 99.8, ""error"": 57.564464399999615}, {""pair"": [1, 3, 0, 7], ""acc"": 0.6, ""vel"": 25.52, ""pos"": 99.8, ""error"": 57.564464399999615}, {""pair"": [1, 3, 0, 7], ""acc"": 0.6, ""vel"": 25.52, ""pos"": 99.8, ""error"": 129.14334439999837}, {""pair"": [1, 3, 0, 7], ""acc"": 0.6, ""vel"": 25.52, ""pos"": 99.8, ""error"": 130.38110439999835}, {""pair"": [1, 3, 0, 7], ""acc"": 0.6, ""vel"": 25.52, ""pos"": 99.8, ""error"": 130.38110439999835}, {""pair"": [1, 3, 0, 7], ""acc"": 0.6, ""vel"": 25.52, ""pos"": 99.8, ""error"": 136.78110439999836}, {""pair"": [1, 3, 0, 7], ""acc"": 0.6, ""vel"": 25.52, ""pos"": 99.8, ""error"": 352.0483356000004}, {""pair"": [1, 3, 0, 7], ""acc"": 0.6, ""vel"": 25.52, ""pos"": 99.8, ""error"": 358.4483356000004}, {""pair"": [1, 3, 0, 7], ""acc"": 0.6, ""vel"": 25.52, ""pos"": 99.8, ""error"": 358.4483356000004}, {""pair"": [1, 3, 0, 7], ""acc"": 0.6, ""vel"": 25.52, ""pos"": 99.8, ""error"": 359.67329560000036}]]","[[[3, 3, 0, 7], [0.6, 25.52, 48.6], 0.04833560000040649], [[3, 7, 0, 3], [0.7, 35.76, 48.6], 10.275535600000378], [[3, 7, 1, 3], [0.7, 25.52, 99.8], 51.164464399999616], [[0, 3, 0, 7], [0.6, 35.76, 48.6], 10.275535600000378], [[1, 3, 0, 7], [0.6, 25.52, 99.8], 51.164464399999616]]"
0.7000000000000001,25.54,49.5,0.7,5.06,151.9,0.6,25.54,49.5,"[{""pair"": [0, 0, 0, 0], ""acc"": 0.6, ""vel"": 25.54, ""pos"": 49.5, ""error"": 0}]","[[0, 0, 0, 0]]",[],"[[[0, 0, 0, 0], [0.6, 25.54, 49.5], 0]]"
0.7000000000000001,25.57,50.3,0.7,25.57,46.7,0.7,25.57,49.9,"[{""pair"": [3, 12, 2, 15], ""acc"": 0.7, ""vel"": 25.57, ""pos"": 49.9, ""error"": 0.029116800000494436}, {""pair"": [0, 12, 2, 15], ""acc"": 3.9, ""vel"": 25.57, ""pos"": 49.9, ""error"": 0.029116800000494436}, {""pair"": [2, 12, 2, 15], ""acc"": 0.7, ""vel"": 25.57, ""pos"": 50.3, ""error"": 0.4116831999994801}, {""pair"": [3, 15, 2, 12], ""acc"": 0.7, ""vel"": 25.57, ""pos"": 47.1, ""error"": 2.8291168000004916}, {""pair"": [3, 15, 0, 12], ""acc"": 3.9, ""vel"": 25.57, ""pos"": 46.7, ""error"": 3.22911680000049}]","[[3, 12, 2, 15], [0, 12, 2, 15], [2, 12, 2, 15], [3, 15, 2, 12], [3, 15, 0, 12]]","[[{""pair"": [3, 12, 0, 15], ""acc"": -24.9, ""vel"": 25.57, ""pos"": 46.7, ""error"": 3.22911680000049}], [{""pair"": [3, 12, 2, 15], ""acc"": 0.7, ""vel"": 25.57, ""pos"": 49.9, ""error"": 0.029116800000494436}], [{""pair"": [3, 15, 0, 12], ""acc"": 3.9, ""vel"": 25.57, ""pos"": 46.7, ""error"": 3.22911680000049}], [{""pair"": [3, 15, 2, 12], ""acc"": 0.7, ""vel"": 25.57, ""pos"": 47.1, ""error"": 2.8291168000004916}], [{""pair"": [0, 12, 0, 15], ""acc"": -21.7, ""vel"": 25.57, ""pos"": 46.7, ""error"": 3.22911680000049}], [{""pair"": [0, 12, 2, 15], ""acc"": 3.9, ""vel"": 25.57, ""pos"": 49.9, ""error"": 0.029116800000494436}], [{""pair"": [2, 12, 0, 15], ""acc"": -24.9, ""vel"": 25.57, ""pos"": 47.1, ""error"": 2.8291168000004916}], [{""pair"": [2, 12, 2, 15], ""acc"": 0.7, ""vel"": 25.57, ""pos"": 50.3, ""error"": 0.4116831999994801}]]","[[[3, 12, 0, 15], [-24.9, 25.57, 46.7], 3.22911680000049], [[3, 12, 2, 15], [0.7, 25.57, 49.9], 0.029116800000494436], [[3, 15, 0, 12], [3.9, 25.57, 46.7], 3.22911680000049], [[3, 15, 2, 12], [0.7, 25.57, 47.1], 2.8291168000004916], [[0, 12, 0, 15], [-21.7, 25.57, 46.7], 3.22911680000049], [[0, 12, 2, 15], [3.9, 25.57, 49.9], 0.029116800000494436], [[2, 12, 0, 15], [-24.9, 25.57, 47.1], 2.8291168000004916], [[2, 12, 2, 15], [0.7, 25.57, 50.3], 0.4116831999994801]]"
0.7000000000000001,25.58,50.7,7.1,24.3,50.7,0.7,25.58,50.7,"[{""pair"": [0, 0, 0, 13], ""acc"": 0.7, ""vel"": 25.58, ""pos"": 50.7, ""error"": 0.036691149999889205}, {""pair"": [0, 0, 1, 13], ""acc"": 7.1, ""vel"": 25.42, ""pos"": 50.7, ""error"": 0.1966911499998858}, {""pair"": [0, 0, 2, 13], ""acc"": 7.1, ""vel"": 25.58, ""pos"": 49.9, ""error"": 0.4366911499998949}, {""pair"": [2, 0, 0, 13], ""acc"": 0.7, ""vel"": 24.3, ""pos"": 50.7, ""error"": 1.3166911499998868}, {""pair"": [2, 0, 1, 13], ""acc"": 7.1, ""vel"": 24.14, ""pos"": 50.7, ""error"": 1.476691149999887}, {""pair"": [2, 0, 2, 13], ""acc"": 7.1, ""vel"": 24.3, ""pos"": 49.9, ""error"": 1.7166911499998925}]","[[0, 0, 0, 13], [0, 0, 1, 13], [0, 0, 2, 13], [2, 0, 0, 13], [2, 0, 1, 13], [2, 0, 2, 13]]","[[{""pair"": [0, 0, 0, 13], ""acc"": 0.7, ""vel"": 25.58, ""pos"": 50.7, ""error"": 0.3671088500001076}, {""pair"": [0, 0, 0, 13], ""acc"": 0.7, ""vel"": 25.58, ""pos"": 50.7, ""error"": 0.421046450000091}, {""pair"": [0, 0, 0, 13], ""acc"": 0.7, ""vel"": 25.58, ""pos"": 50.7, ""error"": 0.036691149999889205}, {""pair"": [0, 0, 0, 13], ""acc"": 0.7, ""vel"": 25.58, ""pos"": 50.7, ""error"": 3.167108850000105}, {""pair"": [0, 0, 0, 13], ""acc"": 0.7, ""vel"": 25.58, ""pos"": 50.7, ""error"": 3.6210464500000867}], [{""pair"": [0, 0, 1, 13], ""acc"": 7.1, ""vel"": 25.42, ""pos"": 50.7, ""error"": 0.5271088500001042}, {""pair"": [0, 0, 1, 13], ""acc"": 7.1, ""vel"": 25.42, ""pos"": 50.7, ""error"": 0.5810464500000876}, {""pair"": [0, 0, 1, 13], ""acc"": 7.1, ""vel"": 25.42, ""pos"": 50.7, ""error"": 0.1966911499998858}, {""pair"": [0, 0, 1, 13], ""acc"": 7.1, ""vel"": 25.42, ""pos"": 50.7, ""error"": 3.3271088500001014}, {""pair"": [0, 0, 1, 13], ""acc"": 7.1, ""vel"": 25.42, ""pos"": 50.7, ""error"": 3.7810464500000833}], [{""pair"": [0, 0, 2, 13], ""acc"": 7.1, ""vel"": 25.58, ""pos"": 49.9, ""error"": 0.4366911499998949}, {""pair"": [0, 0, 2, 13], ""acc"": 7.1, ""vel"": 25.58, ""pos"": 49.9, ""error"": 0.4915535499998853}, {""pair"": [0, 0, 2, 13], ""acc"": 7.1, ""vel"": 25.58, ""pos"": 49.9, ""error"": 0.8366911499998935}, {""pair"": [0, 0, 2, 13], ""acc"": 7.1, ""vel"": 25.58, ""pos"": 49.9, ""error"": 2.3671088500001005}, {""pair"": [0, 0, 2, 13], ""acc"": 7.1, ""vel"": 25.58, ""pos"": 49.9, ""error"": 2.8210464500000825}], [{""pair"": [2, 0, 0, 13], ""acc"": 0.7, ""vel"": 24.3, ""pos"": 50.7, ""error"": 1.6471088500001052}, {""pair"": [2, 0, 0, 13], ""acc"": 0.7, ""vel"": 24.3, ""pos"": 50.7, ""error"": 1.7010464500000886}, {""pair"": [2, 0, 0, 13], ""acc"": 0.7, ""vel"": 24.3, ""pos"": 50.7, ""error"": 1.3166911499998868}, {""pair"": [2, 0, 0, 13], ""acc"": 0.7, ""vel"": 24.3, ""pos"": 50.7, ""error"": 4.447108850000102}, {""pair"": [2, 0, 0, 13], ""acc"": 0.7, ""vel"": 24.3, ""pos"": 50.7, ""error"": 4.901046450000084}], [{""pair"": [2, 0, 1, 13], ""acc"": 7.1, ""vel"": 24.14, ""pos"": 50.7, ""error"": 1.8071088500001053}, {""pair"": [2, 0, 1, 13], ""acc"": 7.1, ""vel"": 24.14, ""pos"": 50.7, ""error"": 1.8610464500000887}, {""pair"": [2, 0, 1, 13], ""acc"": 7.1, ""vel"": 24.14, ""pos"": 50.7, ""error"": 1.476691149999887}, {""pair"": [2, 0, 1, 13], ""acc"": 7.1, ""vel"": 24.14, ""pos"": 50.7, ""error"": 4.6071088500001025}, {""pair"": [2, 0, 1, 13], ""acc"": 7.1, ""vel"": 24.14, ""pos"": 50.7, ""error"": 5.0610464500000845}], [{""pair"": [2, 0, 2, 13], ""acc"": 7.1, ""vel"": 24.3, ""pos"": 49.9, ""error"": 1.7166911499998925}, {""pair"": [2, 0, 2, 13], ""acc"": 7.1, ""vel"": 24.3, ""pos"": 49.9, ""error"": 1.771553549999883}, {""pair"": [2, 0, 2, 13], ""acc"": 7.1, ""vel"": 24.3, ""pos"": 49.9, ""error"": 2.116691149999891}, {""pair"": [2, 0, 2, 13], ""acc"": 7.1, ""vel"": 24.3, ""pos"": 49.9, ""error"": 3.647108850000098}, {""pair"": [2, 0, 2, 13], ""acc"": 7.1, ""vel"": 24.3, ""pos"": 49.9, ""error"": 4.10104645000008}]]","[[[0, 0, 0, 13], [0.7, 25.58, 50.7], 0.036691149999889205], [[0, 0, 1, 13], [7.1, 25.42, 50.7], 0.1966911499998858], [[0, 0, 2, 13], [7.1, 25.58, 49.9], 0.4366911499998949], [[2, 0, 0, 13], [0.7, 24.3, 50.7], 1.3166911499998868], [[2, 0, 1, 13], [7.1, 24.14, 50.7], 1.476691149999887], [[2, 0, 2, 13], [7.1, 24.3, 49.9], 1.7166911499998925]]"
0.7000000000000001,25.59,51.2,0.7,25.59,57.6,0.7,25.59,51.2,"[{""pair"": [1, 0, 2, 5], ""acc"": 0.7, ""vel"": 25.59, ""pos"": 51.2, ""error"": 0.06693885000010269}, {""pair"": [2, 0, 2, 5], ""acc"": 0.7, ""vel"": 25.59, ""pos"": 57.6, ""error"": 6.466938850000101}, {""pair"": [0, 0, 2, 5], ""acc"": 0.7, ""vel"": 24.31, ""pos"": 57.6, ""error"": 6.488698850000098}, {""pair"": [1, 0, 0, 5], ""acc"": 0.7, ""vel"": 66.55, ""pos"": 51.2, ""error"": 41.02313885000011}, {""pair"": [0, 0, 0, 5], ""acc"": 0.7, ""vel"": 65.27, ""pos"": 57.6, ""error"": 46.143138850000106}, {""pair"": [2, 0, 0, 5], ""acc"": 0.7, ""vel"": 66.55, ""pos"": 57.6, ""error"": 47.42313885000011}, {""pair"": [1, 0, 1, 5], ""acc"": 0.7, ""vel"": 25.59, ""pos"": 256.0, ""error"": 204.8669388500001}, {""pair"": [2, 0, 1, 5], ""acc"": 0.7, ""vel"": 25.59, ""pos"": 262.4, ""error"": 211.2669388500001}, {""pair"": [0, 0, 1, 5], ""acc"": 0.7, ""vel"": 24.31, ""pos"": 262.4, ""error"": 211.2886988500001}]","[[1, 0, 2, 5], [2, 0, 2, 5], [0, 0, 2, 5], [1, 0, 0, 5], [0, 0, 0, 5], [2, 0, 0, 5], [1, 0, 1, 5], [2, 0, 1, 5], [0, 0, 1, 5]]","[[{""pair"": [0, 0, 0, 5], ""acc"": 0.7, ""vel"": 65.27, ""pos"": 57.6, ""error"": 46.143138850000106}, {""pair"": [0, 0, 0, 5], ""acc"": 0.7, ""vel"": 65.27, ""pos"": 57.6, ""error"": 46.196134050000126}, {""pair"": [0, 0, 0, 5], ""acc"": 0.7, ""vel"": 65.27, ""pos"": 57.6, ""error"": 46.83341405000014}, {""pair"": [0, 0, 0, 5], ""acc"": 0.7, ""vel"": 65.27, ""pos"": 57.6, ""error"": 47.4448988500001}, {""pair"": [0, 0, 0, 5], ""acc"": 0.7, ""vel"": 65.27, ""pos"": 57.6, ""error"": 47.49789405000012}, {""pair"": [0, 0, 0, 5], ""acc"": 0.7, ""vel"": 65.27, ""pos"": 57.6, ""error"": 48.13517405000013}], [{""pair"": [0, 0, 1, 5], ""acc"": 0.7, ""vel"": 24.31, ""pos"": 262.4, ""error"": 212.5469388500001}, {""pair"": [0, 0, 1, 5], ""acc"": 0.7, ""vel"": 24.31, ""pos"": 262.4, ""error"": 212.49753405000007}, {""pair"": [0, 0, 1, 5], ""acc"": 0.7, ""vel"": 24.31, ""pos"": 262.4, ""error"": 213.45481405000007}, {""pair"": [0, 0, 1, 5], ""acc"": 0.7, ""vel"": 24.31, ""pos"": 262.4, ""error"": 211.2886988500001}, {""pair"": [0, 0, 1, 5], ""acc"": 0.7, ""vel"": 24.31, ""pos"": 262.4, ""error"": 211.3378940500001}, {""pair"": [0, 0, 1, 5], ""acc"": 0.7, ""vel"": 24.31, ""pos"": 262.4, ""error"": 212.19657405000007}], [{""pair"": [0, 0, 2, 5], ""acc"": 0.7, ""vel"": 24.31, ""pos"": 57.6, ""error"": 7.746938850000102}, {""pair"": [0, 0, 2, 5], ""acc"": 0.7, ""vel"": 24.31, ""pos"": 57.6, ""error"": 7.697534050000076}, {""pair"": [0, 0, 2, 5], ""acc"": 0.7, ""vel"": 24.31, ""pos"": 57.6, ""error"": 8.65481405000008}, {""pair"": [0, 0, 2, 5], ""acc"": 0.7, ""vel"": 24.31, ""pos"": 57.6, ""error"": 6.488698850000098}, {""pair"": [0, 0, 2, 5], ""acc"": 0.7, ""vel"": 24.31, ""pos"": 57.6, ""error"": 6.537894050000123}, {""pair"": [0, 0, 2, 5], ""acc"": 0.7, ""vel"": 24.31, ""pos"": 57.6, ""error"": 7.396574050000076}], [{""pair"": [1, 0, 0, 5], ""acc"": 0.7, ""vel"": 66.55, ""pos"": 51.2, ""error"": 41.02313885000011}, {""pair"": [1, 0, 0, 5], ""acc"": 0.7, ""vel"": 66.55, ""pos"": 51.2, ""error"": 41.07613405000013}, {""pair"": [1, 0, 0, 5], ""acc"": 0.7, ""vel"": 66.55, ""pos"": 51.2, ""error"": 41.71341405000014}, {""pair"": [1, 0, 0, 5], ""acc"": 0.7, ""vel"": 66.55, ""pos"": 51.2, ""error"": 42.3248988500001}, {""pair"": [1, 0, 0, 5], ""acc"": 0.7, ""vel"": 66.55, ""pos"": 51.2, ""error"": 42.37789405000012}, {""pair"": [1, 0, 0, 5], ""acc"": 0.7, ""vel"": 66.55, ""pos"": 51.2, ""error"": 43.015174050000134}], [{""pair"": [1, 0, 1, 5], ""acc"": 0.7, ""vel"": 25.59, ""pos"": 256.0, ""error"": 204.8669388500001}, {""pair"": [1, 0, 1, 5], ""acc"": 0.7, ""vel"": 25.59, ""pos"": 256.0, ""error"": 204.91613405000012}, {""pair"": [1, 0, 1, 5], ""acc"": 0.7, ""vel"": 25.59, ""pos"": 256.0, ""error"": 205.7748140500001}, {""pair"": [1, 0, 1, 5], ""acc"": 0.7, ""vel"": 25.59, ""pos"": 256.0, ""error"": 206.1648988500001}, {""pair"": [1, 0, 1, 5], ""acc"": 0.7, ""vel"": 25.59, ""pos"": 256.0, ""error"": 206.21789405000013}, {""pair"": [1, 0, 1, 5], ""acc"": 0.7, ""vel"": 25.59, ""pos"": 256.0, ""error"": 206.85517405000013}], [{""pair"": [1, 0, 2, 5], ""acc"": 0.7, ""vel"": 25.59, ""pos"": 51.2, ""error"": 0.06693885000010269}, {""pair"": [1, 0, 2, 5], ""acc"": 0.7, ""vel"": 25.59, ""pos"": 51.2, ""error"": 0.11613405000013088}, {""pair"": [1, 0, 2, 5], ""acc"": 0.7, ""vel"": 25.59, ""pos"": 51.2, ""error"": 0.9748140500000808}, {""pair"": [1, 0, 2, 5], ""acc"": 0.7, ""vel"": 25.59, ""pos"": 51.2, ""error"": 1.3648988500001025}, {""pair"": [1, 0, 2, 5], ""acc"": 0.7, ""vel"": 25.59, ""pos"": 51.2, ""error"": 1.4178940500001254}, {""pair"": [1, 0, 2, 5], ""acc"": 0.7, ""vel"": 25.59, ""pos"": 51.2, ""error"": 2.055174050000133}], [{""pair"": [2, 0, 0, 5], ""acc"": 0.7, ""vel"": 66.55, ""pos"": 57.6, ""error"": 47.42313885000011}, {""pair"": [2, 0, 0, 5], ""acc"": 0.7, ""vel"": 66.55, ""pos"": 57.6, ""error"": 47.47613405000013}, {""pair"": [2, 0, 0, 5], ""acc"": 0.7, ""vel"": 66.55, ""pos"": 57.6, ""error"": 48.11341405000014}, {""pair"": [2, 0, 0, 5], ""acc"": 0.7, ""vel"": 66.55, ""pos"": 57.6, ""error"": 48.7248988500001}, {""pair"": [2, 0, 0, 5], ""acc"": 0.7, ""vel"": 66.55, ""pos"": 57.6, ""error"": 48.77789405000012}, {""pair"": [2, 0, 0, 5], ""acc"": 0.7, ""vel"": 66.55, ""pos"": 57.6, ""error"": 49.41517405000013}], [{""pair"": [2, 0, 1, 5], ""acc"": 0.7, ""vel"": 25.59, ""pos"": 262.4, ""error"": 211.2669388500001}, {""pair"": [2, 0, 1, 5], ""acc"": 0.7, ""vel"": 25.59, ""pos"": 262.4, ""error"": 211.3161340500001}, {""pair"": [2, 0, 1, 5], ""acc"": 0.7, ""vel"": 25.59, ""pos"": 262.4, ""error"": 212.17481405000007}, {""pair"": [2, 0, 1, 5], ""acc"": 0.7, ""vel"": 25.59, ""pos"": 262.4, ""error"": 212.56489885000008}, {""pair"": [2, 0, 1, 5], ""acc"": 0.7, ""vel"": 25.59, ""pos"": 262.4, ""error"": 212.6178940500001}, {""pair"": [2, 0, 1, 5], ""acc"": 0.7, ""vel"": 25.59, ""pos"": 262.4, ""error"": 213.2551740500001}], [{""pair"": [2, 0, 2, 5], ""acc"": 0.7, ""vel"": 25.59, ""pos"": 57.6, ""error"": 6.466938850000101}, {""pair"": [2, 0, 2, 5], ""acc"": 0.7, ""vel"": 25.59, ""pos"": 57.6, ""error"": 6.5161340500001295}, {""pair"": [2, 0, 2, 5], ""acc"": 0.7, ""vel"": 25.59, ""pos"": 57.6, ""error"": 7.374814050000079}, {""pair"": [2, 0, 2, 5], ""acc"": 0.7, ""vel"": 25.59, ""pos"": 57.6, ""error"": 7.764898850000101}, {""pair"": [2, 0, 2, 5], ""acc"": 0.7, ""vel"": 25.59, ""pos"": 57.6, ""error"": 7.817894050000124}, {""pair"": [2, 0, 2, 5], ""acc"": 0.7, ""vel"": 25.59, ""pos"": 57.6, ""error"": 8.455174050000132}]]","[[[0, 0, 0, 5], [0.7, 65.27, 57.6], 46.143138850000106], [[0, 0, 1, 5], [0.7, 24.31, 262.4], 211.2886988500001], [[0, 0, 2, 5], [0.7, 24.31, 57.6], 6.488698850000098], [[1, 0, 0, 5], [0.7, 66.55, 51.2], 41.02313885000011], [[1, 0, 1, 5], [0.7, 25.59, 256.0], 204.8669388500001], [[1, 0, 2, 5], [0.7, 25.59, 51.2], 0.06693885000010269], [[2, 0, 0, 5], [0.7, 66.55, 57.6], 47.42313885000011], [[2, 0, 1, 5], [0.7, 25.59, 262.4], 211.2669388500001], [[2, 0, 2, 5], [0.7, 25.59, 57.6], 6.466938850000101]]"
0.7000000000000001,25.6,51.6,0.7,25.68,51.2,0.7,25.61,52.0,"[{""pair"": [0, 0, 0, 0], ""acc"": 0.7, ""vel"": 25.61, ""pos"": 52.0, ""error"": 0}]","[[0, 0, 0, 0]]",[],"[[[0, 0, 0, 0], [0.7, 25.61, 52.0], 0]]"
0.7000000000000001,25.63,52.400000000000006,0.7,25.63,462.0,0.7,25.63,52.4,"[{""pair"": [3, 14, 1, 6], ""acc"": 0.7, ""vel"": 25.63, ""pos"": 52.4, ""error"": 0.44861115000040996}, {""pair"": [3, 14, 2, 6], ""acc"": 0.7, ""vel"": 25.63, ""pos"": 462.0, ""error"": 409.1575888499996}]","[[3, 14, 1, 6], [3, 14, 2, 6]]","[[{""pair"": [3, 14, 1, 6], ""acc"": 0.7, ""vel"": 25.63, ""pos"": 52.4, ""error"": 0.44861115000040996}], [{""pair"": [3, 14, 2, 6], ""acc"": 0.7, ""vel"": 25.63, ""pos"": 462.0, ""error"": 409.1575888499996}]]","[[[3, 14, 1, 6], [0.7, 25.63, 52.4], 0.44861115000040996], [[3, 14, 2, 6], [0.7, 25.63, 462.0], 409.1575888499996]]"
0.7000000000000001,25.65,53.3,2.3,25.65,53.3,0.7,25.65,53.3,"[{""pair"": [2, 3, 0, 11], ""acc"": 0.7, ""vel"": 25.65, ""pos"": 53.3, ""error"": 0.47228885000010834}, {""pair"": [3, 11, 2, 3], ""acc"": 2.3, ""vel"": 25.65, ""pos"": 53.3, ""error"": 0.47228885000010834}, {""pair"": [2, 3, 1, 11], ""acc"": 2.3, ""vel"": 25.61, ""pos"": 53.3, ""error"": 0.4960888500001026}, {""pair"": [1, 3, 0, 11], ""acc"": 0.7, ""vel"": 25.65, ""pos"": 2.1, ""error"": 50.74391114999989}, {""pair"": [3, 11, 1, 3], ""acc"": 2.3, ""vel"": 25.65, ""pos"": 2.1, ""error"": 50.74391114999989}, {""pair"": [1, 3, 1, 11], ""acc"": 2.3, ""vel"": 25.61, ""pos"": 2.1, ""error"": 50.76771114999988}]","[[2, 3, 0, 11], [3, 11, 2, 3], [2, 3, 1, 11], [1, 3, 0, 11], [3, 11, 1, 3], [1, 3, 1, 11]]","[[{""pair"": [3, 11, 1, 3], ""acc"": 2.3, ""vel"": 25.65, ""pos"": 2.1, ""error"": 50.74391114999989}, {""pair"": [3, 11, 1, 3], ""acc"": 2.3, ""vel"": 25.65, ""pos"": 2.1, ""error"": 460.3439111499999}], [{""pair"": [3, 11, 2, 3], ""acc"": 2.3, ""vel"": 25.65, ""pos"": 53.3, ""error"": 0.47228885000010834}, {""pair"": [3, 11, 2, 3], ""acc"": 2.3, ""vel"": 25.65, ""pos"": 53.3, ""error"": 409.1439111499999}], [{""pair"": [1, 3, 0, 11], ""acc"": 0.7, ""vel"": 25.65, ""pos"": 2.1, ""error"": 50.74391114999989}, {""pair"": [1, 3, 0, 11], ""acc"": 0.7, ""vel"": 25.65, ""pos"": 2.1, ""error"": 460.3439111499999}], [{""pair"": [1, 3, 1, 11], ""acc"": 2.3, ""vel"": 25.61, ""pos"": 2.1, ""error"": 50.76771114999988}, {""pair"": [1, 3, 1, 11], ""acc"": 2.3, ""vel"": 25.61, ""pos"": 2.1, ""error"": 460.3677111499999}], [{""pair"": [2, 3, 0, 11], ""acc"": 0.7, ""vel"": 25.65, ""pos"": 53.3, ""error"": 0.47228885000010834}, {""pair"": [2, 3, 0, 11], ""acc"": 0.7, ""vel"": 25.65, ""pos"": 53.3, ""error"": 409.1439111499999}], [{""pair"": [2, 3, 1, 11], ""acc"": 2.3, ""vel"": 25.61, ""pos"": 53.3, ""error"": 0.4960888500001026}, {""pair"": [2, 3, 1, 11], ""acc"": 2.3, ""vel"": 25.61, ""pos"": 53.3, ""error"": 409.1677111499999}]]","[[[3, 11, 1, 3], [2.3, 25.65, 2.1], 50.74391114999989], [[3, 11, 2, 3], [2.3, 25.65, 53.3], 0.47228885000010834], [[1, 3, 0, 11], [0.7, 25.65, 2.1], 50.74391114999989], [[1, 3, 1, 11], [2.3, 25.61, 2.1], 50.76771114999988], [[2, 3, 0, 11], [0.7, 25.65, 53.3], 0.47228885000010834], [[2, 3, 1, 11], [2.3, 25.61, 53.3], 0.4960888500001026]]"
0.6000000000000001,25.66,53.7,0.6,25.66,258.4,0.6,25.66,53.7,"[{""pair"": [1, 5, 2, 10], ""acc"": 0.6, ""vel"": 25.66, ""pos"": 53.7, ""error"": 0.038051149999883904}, {""pair"": [1, 5, 0, 10], ""acc"": 1.4, ""vel"": 25.66, ""pos"": 53.6, ""error"": 0.13805114999988533}, {""pair"": [3, 5, 0, 10], ""acc"": 1.4, ""vel"": 25.66, ""pos"": 258.4, ""error"": 204.66574885000009}, {""pair"": [2, 5, 0, 10], ""acc"": 1.4, ""vel"": 25.66, ""pos"": 258.4, ""error"": 204.66574885000009}, {""pair"": [3, 5, 2, 10], ""acc"": 0.6, ""vel"": 25.66, ""pos"": 258.5, ""error"": 204.7657488500001}, {""pair"": [2, 5, 2, 10], ""acc"": 0.6, ""vel"": 25.66, ""pos"": 258.5, ""error"": 204.7657488500001}]","[[1, 5, 2, 10], [1, 5, 0, 10], [3, 5, 0, 10], [2, 5, 0, 10], [3, 5, 2, 10], [2, 5, 2, 10]]","[[{""pair"": [3, 5, 0, 10], ""acc"": 1.4, ""vel"": 25.66, ""pos"": 258.4, ""error"": 204.66574885000009}, {""pair"": [3, 5, 0, 10], ""acc"": 1.4, ""vel"": 25.66, ""pos"": 258.4, ""error"": 204.69271765000008}, {""pair"": [3, 5, 0, 10], ""acc"": 1.4, ""vel"": 25.66, ""pos"": 258.4, ""error"": 204.67519765000011}, {""pair"": [3, 5, 0, 10], ""acc"": 1.4, ""vel"": 25.66, ""pos"": 258.4, ""error"": 255.8657488500001}, {""pair"": [3, 5, 0, 10], ""acc"": 1.4, ""vel"": 25.66, ""pos"": 258.4, ""error"": 255.8927176500001}, {""pair"": [3, 5, 0, 10], ""acc"": 1.4, ""vel"": 25.66, ""pos"": 258.4, ""error"": 255.8751976500001}], [{""pair"": [3, 5, 2, 10], ""acc"": 0.6, ""vel"": 25.66, ""pos"": 258.5, ""error"": 204.7657488500001}, {""pair"": [3, 5, 2, 10], ""acc"": 0.6, ""vel"": 25.66, ""pos"": 258.5, ""error"": 204.7927176500001}, {""pair"": [3, 5, 2, 10], ""acc"": 0.6, ""vel"": 25.66, ""pos"": 258.5, ""error"": 204.77519765000014}, {""pair"": [3, 5, 2, 10], ""acc"": 0.6, ""vel"": 25.66, ""pos"": 258.5, ""error"": 255.96574885000013}, {""pair"": [3, 5, 2, 10], ""acc"": 0.6, ""vel"": 25.66, ""pos"": 258.5, ""error"": 255.99271765000012}, {""pair"": [3, 5, 2, 10], ""acc"": 0.6, ""vel"": 25.66, ""pos"": 258.5, ""error"": 255.97519765000013}], [{""pair"": [1, 5, 0, 10], ""acc"": 1.4, ""vel"": 25.66, ""pos"": 53.6, ""error"": 0.13805114999988533}, {""pair"": [1, 5, 0, 10], ""acc"": 1.4, ""vel"": 25.66, ""pos"": 53.6, ""error"": 0.16548234999988054}, {""pair"": [1, 5, 0, 10], ""acc"": 1.4, ""vel"": 25.66, ""pos"": 53.6, ""error"": 0.14660234999989896}, {""pair"": [1, 5, 0, 10], ""acc"": 1.4, ""vel"": 25.66, ""pos"": 53.6, ""error"": 51.065748850000105}, {""pair"": [1, 5, 0, 10], ""acc"": 1.4, ""vel"": 25.66, ""pos"": 53.6, ""error"": 51.0927176500001}, {""pair"": [1, 5, 0, 10], ""acc"": 1.4, ""vel"": 25.66, ""pos"": 53.6, ""error"": 51.07519765000012}], [{""pair"": [1, 5, 2, 10], ""acc"": 0.6, ""vel"": 25.66, ""pos"": 53.7, ""error"": 0.038051149999883904}, {""pair"": [1, 5, 2, 10], ""acc"": 0.6, ""vel"": 25.66, ""pos"": 53.7, ""error"": 0.06548234999987912}, {""pair"": [1, 5, 2, 10], ""acc"": 0.6, ""vel"": 25.66, ""pos"": 53.7, ""error"": 0.04660234999989754}, {""pair"": [1, 5, 2, 10], ""acc"": 0.6, ""vel"": 25.66, ""pos"": 53.7, ""error"": 51.1657488500001}, {""pair"": [1, 5, 2, 10], ""acc"": 0.6, ""vel"": 25.66, ""pos"": 53.7, ""error"": 51.19271765000009}, {""pair"": [1, 5, 2, 10], ""acc"": 0.6, ""vel"": 25.66, ""pos"": 53.7, ""error"": 51.175197650000115}], [{""pair"": [2, 5, 0, 10], ""acc"": 1.4, ""vel"": 25.66, ""pos"": 258.4, ""error"": 204.66574885000009}, {""pair"": [2, 5, 0, 10], ""acc"": 1.4, ""vel"": 25.66, ""pos"": 258.4, ""error"": 204.69271765000008}, {""pair"": [2, 5, 0, 10], ""acc"": 1.4, ""vel"": 25.66, ""pos"": 258.4, ""error"": 204.67519765000011}, {""pair"": [2, 5, 0, 10], ""acc"": 1.4, ""vel"": 25.66, ""pos"": 258.4, ""error"": 255.8657488500001}, {""pair"": [2, 5, 0, 10], ""acc"": 1.4, ""vel"": 25.66, ""pos"": 258.4, ""error"": 255.8927176500001}, {""pair"": [2, 5, 0, 10], ""acc"": 1.4, ""vel"": 25.66, ""pos"": 258.4, ""error"": 255.8751976500001}], [{""pair"": [2, 5, 2, 10], ""acc"": 0.6, ""vel"": 25.66, ""pos"": 258.5, ""error"": 204.7657488500001}, {""pair"": [2, 5, 2, 10], ""acc"": 0.6, ""vel"": 25.66, ""pos"": 258.5, ""error"": 204.7927176500001}, {""pair"": [2, 5, 2, 10], ""acc"": 0.6, ""vel"": 25.66, ""pos"": 258.5, ""error"": 204.77519765000014}, {""pair"": [2, 5, 2, 10], ""acc"": 0.6, ""vel"": 25.66, ""pos"": 258.5, ""error"": 255.96574885000013}, {""pair"": [2, 5, 2, 10], ""acc"": 0.6, ""vel"": 25.66, ""pos"": 258.5, ""error"": 255.99271765000012}, {""pair"": [2, 5, 2, 10], ""acc"": 0.6, ""vel"": 25.66, ""pos"": 258.5, ""error"": 255.97519765000013}]]","[[[3, 5, 0, 10], [1.4, 25.66, 258.4], 204.66574885000009], [[3, 5, 2, 10], [0.6, 25.66, 258.5], 204.7657488500001], [[1, 5, 0, 10], [1.4, 25.66, 53.6], 0.13805114999988533], [[1, 5, 2, 10], [0.6, 25.66, 53.7], 0.038051149999883904], [[2, 5, 0, 10], [1.4, 25.66, 258.4], 204.66574885000009], [[2, 5, 2, 10], [0.6, 25.66, 258.5], 204.7657488500001]]"
0.6000000000000001,25.67,54.2,0.6,26.95,1692.6,0.6,25.67,54.2,"[{""pair"": [0, 0, 1, 8], ""acc"": 0.6, ""vel"": 25.67, ""pos"": 54.2, ""error"": 0.08976320000097715}, {""pair"": [0, 0, 0, 8], ""acc"": 0.4, ""vel"": 25.67, ""pos"": 1692.6, ""error"": 1433.689763200001}, {""pair"": [3, 8, 0, 0], ""acc"": 0.6, ""vel"": 25.67, ""pos"": 1692.6, ""error"": 1433.689763200001}]","[[0, 0, 1, 8], [0, 0, 0, 8], [3, 8, 0, 0]]","[[{""pair"": [3, 8, 0, 0], ""acc"": 0.6, ""vel"": 25.67, ""pos"": 1692.6, ""error"": 1638.4897632000009}, {""pair"": [3, 8, 0, 0], ""acc"": 0.6, ""vel"": 25.67, ""pos"": 1692.6, ""error"": 1638.6016608000007}, {""pair"": [3, 8, 0, 0], ""acc"": 0.6, ""vel"": 25.67, ""pos"": 1692.6, ""error"": 1433.8016608000007}, {""pair"": [3, 8, 0, 0], ""acc"": 0.6, ""vel"": 25.67, ""pos"": 1692.6, ""error"": 1433.8016608000007}, {""pair"": [3, 8, 0, 0], ""acc"": 0.6, ""vel"": 25.67, ""pos"": 1692.6, ""error"": 1433.689763200001}, {""pair"": [3, 8, 0, 0], ""acc"": 0.6, ""vel"": 25.67, ""pos"": 1692.6, ""error"": 1433.689763200001}], [{""pair"": [0, 0, 0, 8], ""acc"": 0.4, ""vel"": 25.67, ""pos"": 1692.6, ""error"": 1638.4897632000009}, {""pair"": [0, 0, 0, 8], ""acc"": 0.4, ""vel"": 25.67, ""pos"": 1692.6, ""error"": 1638.6016608000007}, {""pair"": [0, 0, 0, 8], ""acc"": 0.4, ""vel"": 25.67, ""pos"": 1692.6, ""error"": 1433.8016608000007}, {""pair"": [0, 0, 0, 8], ""acc"": 0.4, ""vel"": 25.67, ""pos"": 1692.6, ""error"": 1433.8016608000007}, {""pair"": [0, 0, 0, 8], ""acc"": 0.4, ""vel"": 25.67, ""pos"": 1692.6, ""error"": 1433.689763200001}, {""pair"": [0, 0, 0, 8], ""acc"": 0.4, ""vel"": 25.67, ""pos"": 1692.6, ""error"": 1433.689763200001}], [{""pair"": [0, 0, 1, 8], ""acc"": 0.6, ""vel"": 25.67, ""pos"": 54.2, ""error"": 0.08976320000097715}, {""pair"": [0, 0, 1, 8], ""acc"": 0.6, ""vel"": 25.67, ""pos"": 54.2, ""error"": 0.20166080000090503}, {""pair"": [0, 0, 1, 8], ""acc"": 0.6, ""vel"": 25.67, ""pos"": 54.2, ""error"": 204.623139199999}, {""pair"": [0, 0, 1, 8], ""acc"": 0.6, ""vel"": 25.67, ""pos"": 54.2, ""error"": 204.623139199999}, {""pair"": [0, 0, 1, 8], ""acc"": 0.6, ""vel"": 25.67, ""pos"": 54.2, ""error"": 204.71103679999908}, {""pair"": [0, 0, 1, 8], ""acc"": 0.6, ""vel"": 25.67, ""pos"": 54.2, ""error"": 204.71103679999908}]]","[[[3, 8, 0, 0], [0.6, 25.67, 1692.6], 1433.689763200001], [[0, 0, 0, 8], [0.4, 25.67, 1692.6], 1433.689763200001], [[0, 0, 1, 8], [0.6, 25.67, 54.2], 0.08976320000097715]]"
0.6000000000000001,25.68,54.6,0.6,25.68,55.0,0.6,25.68,54.6,"[{""pair"": [2, 1, 2, 12], ""acc"": 0.6, ""vel"": 25.68, ""pos"": 54.6, ""error"": 0.036676699999894424}, {""pair"": [2, 1, 1, 12], ""acc"": 0.6, ""vel"": 25.6, ""pos"": 55.0, ""error"": 0.4437233000001015}]","[[2, 1, 2, 12], [2, 1, 1, 12]]","[[{""pair"": [2, 1, 1, 12], ""acc"": 0.6, ""vel"": 25.6, ""pos"": 55.0, ""error"": 0.4437233000001015}, {""pair"": [2, 1, 1, 12], ""acc"": 0.6, ""vel"": 25.6, ""pos"": 55.0, ""error"": 1638.1132477999997}, {""pair"": [2, 1, 1, 12], ""acc"": 0.6, ""vel"": 25.6, ""pos"": 55.0, ""error"": 1638.1166767}], [{""pair"": [2, 1, 2, 12], ""acc"": 0.6, ""vel"": 25.68, ""pos"": 54.6, ""error"": 0.036676699999894424}, {""pair"": [2, 1, 2, 12], ""acc"": 0.6, ""vel"": 25.68, ""pos"": 54.6, ""error"": 1638.4396477999999}, {""pair"": [2, 1, 2, 12], ""acc"": 0.6, ""vel"": 25.68, ""pos"": 54.6, ""error"": 1638.4366767}]]","[[[2, 1, 1, 12], [0.6, 25.6, 55.0], 0.4437233000001015], [[2, 1, 2, 12], [0.6, 25.68, 54.6], 0.036676699999894424]]"
0.6000000000000001,25.69,55.0,0.6,25.69,51.8,0.6,25.69,55.0,"[{""pair"": [3, 0, 2, 15], ""acc"": 0.6, ""vel"": 25.69, ""pos"": 55.0, ""error"": 0.45756670000040955}, {""pair"": [3, 0, 1, 15], ""acc"": 0.6, ""vel"": 26.33, ""pos"": 51.8, ""error"": 4.277966700000391}]","[[3, 0, 2, 15], [3, 0, 1, 15]]","[[{""pair"": [3, 0, 0, 15], ""acc"": -25.0, ""vel"": 25.69, ""pos"": 51.8, ""error"": 3.6575667000004124}, {""pair"": [3, 0, 0, 15], ""acc"": -25.0, ""vel"": 25.69, ""pos"": 51.8, ""error"": 4.1153267000003915}], [{""pair"": [3, 0, 1, 15], ""acc"": 0.6, ""vel"": 26.33, ""pos"": 51.8, ""error"": 4.277966700000391}, {""pair"": [3, 0, 1, 15], ""acc"": 0.6, ""vel"": 26.33, ""pos"": 51.8, ""error"": 4.7553267000003885}], [{""pair"": [3, 0, 2, 15], ""acc"": 0.6, ""vel"": 25.69, ""pos"": 55.0, ""error"": 0.45756670000040955}, {""pair"": [3, 0, 2, 15], ""acc"": 0.6, ""vel"": 25.69, ""pos"": 55.0, ""error"": 0.9153267000003886}]]","[[[3, 0, 0, 15], [-25.0, 25.69, 51.8], 3.6575667000004124], [[3, 0, 1, 15], [0.6, 26.33, 51.8], 4.277966700000391], [[3, 0, 2, 15], [0.6, 25.69, 55.0], 0.45756670000040955]]"
0.6000000000000001,25.71,55.900000000000006,0.6,25.71,1694.3,0.6,25.71,55.9,"[{""pair"": [3, 5, 1, 8], ""acc"": 0.6, ""vel"": 25.71, ""pos"": 55.9, ""error"": 0.4729833000001058}, {""pair"": [2, 5, 1, 8], ""acc"": 0.6, ""vel"": 25.71, ""pos"": 55.9, ""error"": 0.4729833000001058}, {""pair"": [3, 5, 0, 8], ""acc"": 0.4, ""vel"": 25.71, ""pos"": 1694.3, ""error"": 1638.8729833}, {""pair"": [2, 5, 0, 8], ""acc"": 0.4, ""vel"": 25.71, ""pos"": 1694.3, ""error"": 1638.8729833}, {""pair"": [3, 8, 2, 5], ""acc"": 0.6, ""vel"": 25.71, ""pos"": 1694.3, ""error"": 1638.8729833}]","[[3, 5, 1, 8], [2, 5, 1, 8], [3, 5, 0, 8], [2, 5, 0, 8], [3, 8, 2, 5]]","[[{""pair"": [3, 5, 0, 8], ""acc"": 0.4, ""vel"": 25.71, ""pos"": 1694.3, ""error"": 1638.8729833}, {""pair"": [3, 5, 0, 8], ""acc"": 0.4, ""vel"": 25.71, ""pos"": 1694.3, ""error"": 1642.6825033000002}], [{""pair"": [3, 5, 1, 8], ""acc"": 0.6, ""vel"": 25.71, ""pos"": 55.9, ""error"": 0.4729833000001058}, {""pair"": [3, 5, 1, 8], ""acc"": 0.6, ""vel"": 25.71, ""pos"": 55.9, ""error"": 4.2825033000001085}], [{""pair"": [3, 8, 2, 5], ""acc"": 0.6, ""vel"": 25.71, ""pos"": 1694.3, ""error"": 1638.8729833}, {""pair"": [3, 8, 2, 5], ""acc"": 0.6, ""vel"": 25.71, ""pos"": 1694.3, ""error"": 1642.6825033000002}], [{""pair"": [2, 5, 0, 8], ""acc"": 0.4, ""vel"": 25.71, ""pos"": 1694.3, ""error"": 1638.8729833}, {""pair"": [2, 5, 0, 8], ""acc"": 0.4, ""vel"": 25.71, ""pos"": 1694.3, ""error"": 1642.6825033000002}], [{""pair"": [2, 5, 1, 8], ""acc"": 0.6, ""vel"": 25.71, ""pos"": 55.9, ""error"": 0.4729833000001058}, {""pair"": [2, 5, 1, 8], ""acc"": 0.6, ""vel"": 25.71, ""pos"": 55.9, ""error"": 4.2825033000001085}]]","[[[3, 5, 0, 8], [0.4, 25.71, 1694.3], 1638.8729833], [[3, 5, 1, 8], [0.6, 25.71, 55.9], 0.4729833000001058], [[3, 8, 2, 5], [0.6, 25.71, 1694.3], 1638.8729833], [[2, 5, 0, 8], [0.4, 25.71, 1694.3], 1638.8729833], [[2, 5, 1, 8], [0.6, 25.71, 55.9], 0.4729833000001058]]"
0.6000000000000001,25.72,56.3,0.6,25.74,62.7,0.6,25.72,56.3,"[{""pair"": [1, 0, 1, 10], ""acc"": 0.6, ""vel"": 25.72, ""pos"": 56.3, ""error"": 0.03735669999989}, {""pair"": [1, 0, 2, 10], ""acc"": 0.6, ""vel"": 25.74, ""pos"": 56.2, ""error"": 0.15695669999988482}]","[[1, 0, 1, 10], [1, 0, 2, 10]]","[[{""pair"": [1, 0, 1, 10], ""acc"": 0.6, ""vel"": 25.72, ""pos"": 56.3, ""error"": 0.03735669999989}, {""pair"": [1, 0, 1, 10], ""acc"": 0.6, ""vel"": 25.72, ""pos"": 56.3, ""error"": 0.03735669999989}, {""pair"": [1, 0, 1, 10], ""acc"": 0.6, ""vel"": 25.72, ""pos"": 56.3, ""error"": 1638.4403278}, {""pair"": [1, 0, 1, 10], ""acc"": 0.6, ""vel"": 25.72, ""pos"": 56.3, ""error"": 1638.4403278}, {""pair"": [1, 0, 1, 10], ""acc"": 0.6, ""vel"": 25.72, ""pos"": 56.3, ""error"": 1638.4373567}], [{""pair"": [1, 0, 2, 10], ""acc"": 0.6, ""vel"": 25.74, ""pos"": 56.2, ""error"": 0.15695669999988482}, {""pair"": [1, 0, 2, 10], ""acc"": 0.6, ""vel"": 25.74, ""pos"": 56.2, ""error"": 0.15695669999988482}, {""pair"": [1, 0, 2, 10], ""acc"": 0.6, ""vel"": 25.74, ""pos"": 56.2, ""error"": 1638.5603277999999}, {""pair"": [1, 0, 2, 10], ""acc"": 0.6, ""vel"": 25.74, ""pos"": 56.2, ""error"": 1638.5603277999999}, {""pair"": [1, 0, 2, 10], ""acc"": 0.6, ""vel"": 25.74, ""pos"": 56.2, ""error"": 1638.5569567}]]","[[[1, 0, 1, 10], [0.6, 25.72, 56.3], 0.03735669999989], [[1, 0, 2, 10], [0.6, 25.74, 56.2], 0.15695669999988482]]"
0.5,25.73,56.7,0.5,25.65,56.7,0.5,25.73,56.7,"[{""pair"": [3, 6, 1, 12], ""acc"": 0.5, ""vel"": 25.73, ""pos"": 56.7, ""error"": 0.011996800000485308}, {""pair"": [2, 6, 1, 12], ""acc"": 0.5, ""vel"": 25.73, ""pos"": 56.7, ""error"": 0.011996800000485308}, {""pair"": [3, 12, 2, 6], ""acc"": 0.5, ""vel"": 25.65, ""pos"": 56.7, ""error"": 0.09119680000051034}, {""pair"": [3, 6, 0, 12], ""acc"": 3.7, ""vel"": 25.65, ""pos"": 56.7, ""error"": 0.09119680000051034}, {""pair"": [2, 6, 0, 12], ""acc"": 3.7, ""vel"": 25.65, ""pos"": 56.7, ""error"": 0.09119680000051034}]","[[3, 6, 1, 12], [2, 6, 1, 12], [3, 12, 2, 6], [3, 6, 0, 12], [2, 6, 0, 12]]","[[{""pair"": [3, 6, 0, 12], ""acc"": 3.7, ""vel"": 25.65, ""pos"": 56.7, ""error"": 0.09119680000051034}, {""pair"": [3, 6, 0, 12], ""acc"": 3.7, ""vel"": 25.65, ""pos"": 56.7, ""error"": 0.18768319999950833}], [{""pair"": [3, 6, 1, 12], ""acc"": 0.5, ""vel"": 25.73, ""pos"": 56.7, ""error"": 0.011996800000485308}, {""pair"": [3, 6, 1, 12], ""acc"": 0.5, ""vel"": 25.73, ""pos"": 56.7, ""error"": 0.10768319999950648}], [{""pair"": [3, 12, 2, 6], ""acc"": 0.5, ""vel"": 25.65, ""pos"": 56.7, ""error"": 0.09119680000051034}, {""pair"": [3, 12, 2, 6], ""acc"": 0.5, ""vel"": 25.65, ""pos"": 56.7, ""error"": 0.18768319999950833}], [{""pair"": [2, 6, 0, 12], ""acc"": 3.7, ""vel"": 25.65, ""pos"": 56.7, ""error"": 0.09119680000051034}, {""pair"": [2, 6, 0, 12], ""acc"": 3.7, ""vel"": 25.65, ""pos"": 56.7, ""error"": 0.18768319999950833}], [{""pair"": [2, 6, 1, 12], ""acc"": 0.5, ""vel"": 25.73, ""pos"": 56.7, ""error"": 0.011996800000485308}, {""pair"": [2, 6, 1, 12], ""acc"": 0.5, ""vel"": 25.73, ""pos"": 56.7, ""error"": 0.10768319999950648}]]","[[[3, 6, 0, 12], [3.7, 25.65, 56.7], 0.09119680000051034], [[3, 6, 1, 12], [0.5, 25.73, 56.7], 0.011996800000485308], [[3, 12, 2, 6], [0.5, 25.65, 56.7], 0.09119680000051034], [[2, 6, 0, 12], [3.7, 25.65, 56.7], 0.09119680000051034], [[2, 6, 1, 12], [0.5, 25.73, 56.7], 0.011996800000485308]]"
0.5,25.73,57.1,0.5,25.73,57.5,0.5,25.73,57.1,"[{""pair"": [3, 14, 2, 12], ""acc"": 0.5, ""vel"": 25.73, ""pos"": 57.1, ""error"": 0.045982249999894975}, {""pair"": [3, 14, 1, 12], ""acc"": 0.5, ""vel"": 25.65, ""pos"": 57.5, ""error"": 0.37237775000009776}, {""pair"": [1, 12, 2, 14], ""acc"": 0.5, ""vel"": 25.65, ""pos"": 55.9, ""error"": 1.2446222499998996}, {""pair"": [3, 12, 2, 14], ""acc"": 0.5, ""vel"": 25.73, ""pos"": 55.9, ""error"": 1.2459822499998978}, {""pair"": [2, 12, 2, 14], ""acc"": 0.5, ""vel"": 25.73, ""pos"": 55.5, ""error"": 1.6459822499998964}]","[[3, 14, 2, 12], [3, 14, 1, 12], [1, 12, 2, 14], [3, 12, 2, 14], [2, 12, 2, 14]]","[[{""pair"": [3, 12, 2, 14], ""acc"": 0.5, ""vel"": 25.73, ""pos"": 55.9, ""error"": 1.2459822499998978}, {""pair"": [3, 12, 2, 14], ""acc"": 0.5, ""vel"": 25.73, ""pos"": 55.9, ""error"": 1.2459822499998978}, {""pair"": [3, 12, 2, 14], ""acc"": 0.5, ""vel"": 25.73, ""pos"": 55.9, ""error"": 1.3076222499999055}, {""pair"": [3, 12, 2, 14], ""acc"": 0.5, ""vel"": 25.73, ""pos"": 55.9, ""error"": 1.253684649999915}, {""pair"": [3, 12, 2, 14], ""acc"": 0.5, ""vel"": 25.73, ""pos"": 55.9, ""error"": 1.253684649999915}], [{""pair"": [3, 14, 1, 12], ""acc"": 0.5, ""vel"": 25.65, ""pos"": 57.5, ""error"": 0.45101775000010136}, {""pair"": [3, 14, 1, 12], ""acc"": 0.5, ""vel"": 25.65, ""pos"": 57.5, ""error"": 0.45101775000010136}, {""pair"": [3, 14, 1, 12], ""acc"": 0.5, ""vel"": 25.65, ""pos"": 57.5, ""error"": 0.37237775000009776}, {""pair"": [3, 14, 1, 12], ""acc"": 0.5, ""vel"": 25.65, ""pos"": 57.5, ""error"": 0.42631535000008824}, {""pair"": [3, 14, 1, 12], ""acc"": 0.5, ""vel"": 25.65, ""pos"": 57.5, ""error"": 0.42631535000008824}], [{""pair"": [3, 14, 2, 12], ""acc"": 0.5, ""vel"": 25.73, ""pos"": 57.1, ""error"": 0.045982249999894975}, {""pair"": [3, 14, 2, 12], ""acc"": 0.5, ""vel"": 25.73, ""pos"": 57.1, ""error"": 0.045982249999894975}, {""pair"": [3, 14, 2, 12], ""acc"": 0.5, ""vel"": 25.73, ""pos"": 57.1, ""error"": 0.10762224999990266}, {""pair"": [3, 14, 2, 12], ""acc"": 0.5, ""vel"": 25.73, ""pos"": 57.1, ""error"": 0.05368464999991218}, {""pair"": [3, 14, 2, 12], ""acc"": 0.5, ""vel"": 25.73, ""pos"": 57.1, ""error"": 0.05368464999991218}], [{""pair"": [1, 12, 2, 14], ""acc"": 0.5, ""vel"": 25.65, ""pos"": 55.9, ""error"": 1.3259822499998997}, {""pair"": [1, 12, 2, 14], ""acc"": 0.5, ""vel"": 25.65, ""pos"": 55.9, ""error"": 1.3259822499998997}, {""pair"": [1, 12, 2, 14], ""acc"": 0.5, ""vel"": 25.65, ""pos"": 55.9, ""error"": 1.2446222499998996}, {""pair"": [1, 12, 2, 14], ""acc"": 0.5, ""vel"": 25.65, ""pos"": 55.9, ""error"": 1.299484649999883}, {""pair"": [1, 12, 2, 14], ""acc"": 0.5, ""vel"": 25.65, ""pos"": 55.9, ""error"": 1.299484649999883}], [{""pair"": [2, 12, 2, 14], ""acc"": 0.5, ""vel"": 25.73, ""pos"": 55.5, ""error"": 1.6459822499998964}, {""pair"": [2, 12, 2, 14], ""acc"": 0.5, ""vel"": 25.73, ""pos"": 55.5, ""error"": 1.6459822499998964}, {""pair"": [2, 12, 2, 14], ""acc"": 0.5, ""vel"": 25.73, ""pos"": 55.5, ""error"": 1.707622249999904}, {""pair"": [2, 12, 2, 14], ""acc"": 0.5, ""vel"": 25.73, ""pos"": 55.5, ""error"": 1.6536846499999136}, {""pair"": [2, 12, 2, 14], ""acc"": 0.5, ""vel"": 25.73, ""pos"": 55.5, ""error"": 1.6536846499999136}]]","[[[3, 12, 2, 14], [0.5, 25.73, 55.9], 1.2459822499998978], [[3, 14, 1, 12], [0.5, 25.65, 57.5], 0.37237775000009776], [[3, 14, 2, 12], [0.5, 25.73, 57.1], 0.045982249999894975], [[1, 12, 2, 14], [0.5, 25.65, 55.9], 1.2446222499998996], [[2, 12, 2, 14], [0.5, 25.73, 55.5], 1.6459822499998964]]"
0.4,25.74,57.6,0.4,27.02,60.8,0.4,25.74,57.6,"[{""pair"": [0, 0, 2, 15], ""acc"": 0.4, ""vel"": 25.74, ""pos"": 57.6, ""error"": 0.3558622500004063}, {""pair"": [3, 0, 2, 15], ""acc"": 0.4, ""vel"": 27.02, ""pos"": 57.6, ""error"": 1.622862250000388}, {""pair"": [2, 0, 2, 15], ""acc"": 0.4, ""vel"": 27.02, ""pos"": 57.6, ""error"": 1.622862250000388}, {""pair"": [3, 15, 2, 1], ""acc"": 0.4, ""vel"": 27.02, ""pos"": 60.8, ""error"": 3.8067777499995934}, {""pair"": [3, 1, 1, 15], ""acc"": 0.4, ""vel"": 27.66, ""pos"": 60.8, ""error"": 4.446777749999594}, {""pair"": [2, 1, 1, 15], ""acc"": 0.4, ""vel"": 27.66, ""pos"": 60.8, ""error"": 4.446777749999594}, {""pair"": [1, 0, 2, 15], ""acc"": 0.4, ""vel"": 27.02, ""pos"": 51.2, ""error"": 6.422862250000385}]","[[0, 0, 2, 15], [3, 0, 2, 15], [2, 0, 2, 15], [3, 15, 2, 1], [3, 1, 1, 15], [2, 1, 1, 15], [1, 0, 2, 15]]","[[{""pair"": [3, 0, 2, 15], ""acc"": 0.4, ""vel"": 27.02, ""pos"": 57.6, ""error"": 1.622862250000388}, {""pair"": [3, 0, 2, 15], ""acc"": 0.4, ""vel"": 27.02, ""pos"": 57.6, ""error"": 2.100222250000389}, {""pair"": [3, 0, 2, 15], ""acc"": 0.4, ""vel"": 27.02, ""pos"": 57.6, ""error"": 2.206777749999599}, {""pair"": [3, 0, 2, 15], ""acc"": 0.4, ""vel"": 27.02, ""pos"": 57.6, ""error"": 2.1241377499995977}, {""pair"": [3, 0, 2, 15], ""acc"": 0.4, ""vel"": 27.02, ""pos"": 57.6, ""error"": 2.5241377499995963}], [{""pair"": [0, 0, 2, 15], ""acc"": 0.4, ""vel"": 25.74, ""pos"": 57.6, ""error"": 0.3558622500004063}, {""pair"": [0, 0, 2, 15], ""acc"": 0.4, ""vel"": 25.74, ""pos"": 57.6, ""error"": 0.8202222500003877}, {""pair"": [0, 0, 2, 15], ""acc"": 0.4, ""vel"": 25.74, ""pos"": 57.6, ""error"": 0.9267777499995979}, {""pair"": [0, 0, 2, 15], ""acc"": 0.4, ""vel"": 25.74, ""pos"": 57.6, ""error"": 0.857137749999616}, {""pair"": [0, 0, 2, 15], ""acc"": 0.4, ""vel"": 25.74, ""pos"": 57.6, ""error"": 1.2571377499996146}], [{""pair"": [1, 0, 2, 15], ""acc"": 0.4, ""vel"": 27.02, ""pos"": 51.2, ""error"": 8.022862250000387}, {""pair"": [1, 0, 2, 15], ""acc"": 0.4, ""vel"": 27.02, ""pos"": 51.2, ""error"": 8.500222250000387}, {""pair"": [1, 0, 2, 15], ""acc"": 0.4, ""vel"": 27.02, ""pos"": 51.2, ""error"": 6.900222250000386}, {""pair"": [1, 0, 2, 15], ""acc"": 0.4, ""vel"": 27.02, ""pos"": 51.2, ""error"": 6.822862250000384}, {""pair"": [1, 0, 2, 15], ""acc"": 0.4, ""vel"": 27.02, ""pos"": 51.2, ""error"": 6.422862250000385}], [{""pair"": [2, 0, 2, 15], ""acc"": 0.4, ""vel"": 27.02, ""pos"": 57.6, ""error"": 1.622862250000388}, {""pair"": [2, 0, 2, 15], ""acc"": 0.4, ""vel"": 27.02, ""pos"": 57.6, ""error"": 2.100222250000389}, {""pair"": [2, 0, 2, 15], ""acc"": 0.4, ""vel"": 27.02, ""pos"": 57.6, ""error"": 2.206777749999599}, {""pair"": [2, 0, 2, 15], ""acc"": 0.4, ""vel"": 27.02, ""pos"": 57.6, ""error"": 2.1241377499995977}, {""pair"": [2, 0, 2, 15], ""acc"": 0.4, ""vel"": 27.02, ""pos"": 57.6, ""error"": 2.5241377499995963}], [{""pair"": [3, 1, 0, 15], ""acc"": -25.2, ""vel"": 27.02, ""pos"": 60.8, ""error"": 4.124137749999591}, {""pair"": [3, 1, 0, 15], ""acc"": -25.2, ""vel"": 27.02, ""pos"": 60.8, ""error"": 3.8067777499995934}, {""pair"": [3, 1, 0, 15], ""acc"": -25.2, ""vel"": 27.02, ""pos"": 60.8, ""error"": 5.406777749999595}, {""pair"": [3, 1, 0, 15], ""acc"": -25.2, ""vel"": 27.02, ""pos"": 60.8, ""error"": 5.324137749999593}, {""pair"": [3, 1, 0, 15], ""acc"": -25.2, ""vel"": 27.02, ""pos"": 60.8, ""error"": 5.724137749999592}], [{""pair"": [3, 1, 1, 15], ""acc"": 0.4, ""vel"": 27.66, ""pos"": 60.8, ""error"": 4.764137749999591}, {""pair"": [3, 1, 1, 15], ""acc"": 0.4, ""vel"": 27.66, ""pos"": 60.8, ""error"": 4.446777749999594}, {""pair"": [3, 1, 1, 15], ""acc"": 0.4, ""vel"": 27.66, ""pos"": 60.8, ""error"": 6.046777749999595}, {""pair"": [3, 1, 1, 15], ""acc"": 0.4, ""vel"": 27.66, ""pos"": 60.8, ""error"": 5.964137749999594}, {""pair"": [3, 1, 1, 15], ""acc"": 0.4, ""vel"": 27.66, ""pos"": 60.8, ""error"": 6.364137749999593}], [{""pair"": [3, 15, 2, 1], ""acc"": 0.4, ""vel"": 27.02, ""pos"": 60.8, ""error"": 4.124137749999591}, {""pair"": [3, 15, 2, 1], ""acc"": 0.4, ""vel"": 27.02, ""pos"": 60.8, ""error"": 3.8067777499995934}, {""pair"": [3, 15, 2, 1], ""acc"": 0.4, ""vel"": 27.02, ""pos"": 60.8, ""error"": 5.406777749999595}, {""pair"": [3, 15, 2, 1], ""acc"": 0.4, ""vel"": 27.02, ""pos"": 60.8, ""error"": 5.324137749999593}, {""pair"": [3, 15, 2, 1], ""acc"": 0.4, ""vel"": 27.02, ""pos"": 60.8, ""error"": 5.724137749999592}], [{""pair"": [2, 1, 0, 15], ""acc"": -25.2, ""vel"": 27.02, ""pos"": 60.8, ""error"": 4.124137749999591}, {""pair"": [2, 1, 0, 15], ""acc"": -25.2, ""vel"": 27.02, ""pos"": 60.8, ""error"": 3.8067777499995934}, {""pair"": [2, 1, 0, 15], ""acc"": -25.2, ""vel"": 27.02, ""pos"": 60.8, ""error"": 5.406777749999595}, {""pair"": [2, 1, 0, 15], ""acc"": -25.2, ""vel"": 27.02, ""pos"": 60.8, ""error"": 5.324137749999593}, {""pair"": [2, 1, 0, 15], ""acc"": -25.2, ""vel"": 27.02, ""pos"": 60.8, ""error"": 5.724137749999592}], [{""pair"": [2, 1, 1, 15], ""acc"": 0.4, ""vel"": 27.66, ""pos"": 60.8, ""error"": 4.764137749999591}, {""pair"": [2, 1, 1, 15], ""acc"": 0.4, ""vel"": 27.66, ""pos"": 60.8, ""error"": 4.446777749999594}, {""pair"": [2, 1, 1, 15], ""acc"": 0.4, ""vel"": 27.66, ""pos"": 60.8, ""error"": 6.046777749999595}, {""pair"": [2, 1, 1, 15], ""acc"": 0.4, ""vel"": 27.66, ""pos"": 60.8, ""error"": 5.964137749999594}, {""pair"": [2, 1, 1, 15], ""acc"": 0.4, ""vel"": 27.66, ""pos"": 60.8, ""error"": 6.364137749999593}]]","[[[3, 0, 2, 15], [0.4, 27.02, 57.6], 1.622862250000388], [[0, 0, 2, 15], [0.4, 25.74, 57.6], 0.3558622500004063], [[1, 0, 2, 15], [0.4, 27.02, 51.2], 6.422862250000385], [[2, 0, 2, 15], [0.4, 27.02, 57.6], 1.622862250000388], [[3, 1, 0, 15], [-25.2, 27.02, 60.8], 3.8067777499995934], [[3, 1, 1, 15], [0.4, 27.66, 60.8], 4.446777749999594], [[3, 15, 2, 1], [0.4, 27.02, 60.8], 3.8067777499995934], [[2, 1, 0, 15], [-25.2, 27.02, 60.8], 3.8067777499995934], [[2, 1, 1, 15], [0.4, 27.66, 60.8], 4.446777749999594]]"
0.4,25.75,58.400000000000006,0.4,25.75,58.4,0.4,25.75,58.4,"[{""pair"": [3, 2, 2, 3], ""acc"": 0.4, ""vel"": 25.75, ""pos"": 58.4, ""error"": 0.3655622000001024}, {""pair"": [3, 4, 2, 2], ""acc"": 0.4, ""vel"": 25.75, ""pos"": 58.4, ""error"": 0.3655622000001024}, {""pair"": [3, 3, 0, 2], ""acc"": 0.4, ""vel"": 20.63, ""pos"": 58.4, ""error"": 5.479162200000097}, {""pair"": [0, 2, 2, 3], ""acc"": 0.4, ""vel"": 20.63, ""pos"": 58.4, ""error"": 5.479162200000097}, {""pair"": [2, 2, 0, 4], ""acc"": 0.4, ""vel"": 5.27, ""pos"": 58.4, ""error"": 20.839162200000096}, {""pair"": [3, 4, 1, 2], ""acc"": 0.4, ""vel"": 25.75, ""pos"": 84.0, ""error"": 24.01740220000011}, {""pair"": [1, 2, 0, 4], ""acc"": 0.4, ""vel"": 5.27, ""pos"": 84.0, ""error"": 44.49740220000011}, {""pair"": [3, 2, 1, 3], ""acc"": 0.4, ""vel"": 25.75, ""pos"": 7.2, ""error"": 45.736197799999886}, {""pair"": [0, 2, 1, 3], ""acc"": 0.4, ""vel"": 20.63, ""pos"": 7.2, ""error"": 50.85619779999989}]","[[3, 2, 2, 3], [3, 4, 2, 2], [3, 3, 0, 2], [0, 2, 2, 3], [2, 2, 0, 4], [3, 4, 1, 2], [1, 2, 0, 4], [3, 2, 1, 3], [0, 2, 1, 3]]","[[{""pair"": [3, 2, 1, 3], ""acc"": 0.4, ""vel"": 25.75, ""pos"": 7.2, ""error"": 50.8408377999999}, {""pair"": [3, 2, 1, 3], ""acc"": 0.4, ""vel"": 25.75, ""pos"": 7.2, ""error"": 52.13619779999989}, {""pair"": [3, 2, 1, 3], ""acc"": 0.4, ""vel"": 25.75, ""pos"": 7.2, ""error"": 52.13619779999989}, {""pair"": [3, 2, 1, 3], ""acc"": 0.4, ""vel"": 25.75, ""pos"": 7.2, ""error"": 55.33619779999988}, {""pair"": [3, 2, 1, 3], ""acc"": 0.4, ""vel"": 25.75, ""pos"": 7.2, ""error"": 55.98707779999988}, {""pair"": [3, 2, 1, 3], ""acc"": 0.4, ""vel"": 25.75, ""pos"": 7.2, ""error"": 55.98707779999988}, {""pair"": [3, 2, 1, 3], ""acc"": 0.4, ""vel"": 25.75, ""pos"": 7.2, ""error"": 45.736197799999886}], [{""pair"": [3, 2, 2, 3], ""acc"": 0.4, ""vel"": 25.75, ""pos"": 58.4, ""error"": 0.3655622000001024}, {""pair"": [3, 2, 2, 3], ""acc"": 0.4, ""vel"": 25.75, ""pos"": 58.4, ""error"": 1.6174022000001038}, {""pair"": [3, 2, 2, 3], ""acc"": 0.4, ""vel"": 25.75, ""pos"": 58.4, ""error"": 1.6174022000001038}, {""pair"": [3, 2, 2, 3], ""acc"": 0.4, ""vel"": 25.75, ""pos"": 58.4, ""error"": 4.136197799999888}, {""pair"": [3, 2, 2, 3], ""acc"": 0.4, ""vel"": 25.75, ""pos"": 58.4, ""error"": 4.7870777999998815}, {""pair"": [3, 2, 2, 3], ""acc"": 0.4, ""vel"": 25.75, ""pos"": 58.4, ""error"": 4.7870777999998815}, {""pair"": [3, 2, 2, 3], ""acc"": 0.4, ""vel"": 25.75, ""pos"": 58.4, ""error"": 8.017402200000102}], [{""pair"": [3, 3, 0, 2], ""acc"": 0.4, ""vel"": 20.63, ""pos"": 58.4, ""error"": 5.479162200000097}, {""pair"": [3, 3, 0, 2], ""acc"": 0.4, ""vel"": 20.63, ""pos"": 58.4, ""error"": 6.737402200000105}, {""pair"": [3, 3, 0, 2], ""acc"": 0.4, ""vel"": 20.63, ""pos"": 58.4, ""error"": 6.737402200000105}, {""pair"": [3, 3, 0, 2], ""acc"": 0.4, ""vel"": 20.63, ""pos"": 58.4, ""error"": 9.256197799999889}, {""pair"": [3, 3, 0, 2], ""acc"": 0.4, ""vel"": 20.63, ""pos"": 58.4, ""error"": 9.907077799999882}, {""pair"": [3, 3, 0, 2], ""acc"": 0.4, ""vel"": 20.63, ""pos"": 58.4, ""error"": 9.907077799999882}, {""pair"": [3, 3, 0, 2], ""acc"": 0.4, ""vel"": 20.63, ""pos"": 58.4, ""error"": 13.137402200000103}], [{""pair"": [3, 4, 1, 2], ""acc"": 0.4, ""vel"": 25.75, ""pos"": 84.0, ""error"": 25.965562200000104}, {""pair"": [3, 4, 1, 2], ""acc"": 0.4, ""vel"": 25.75, ""pos"": 84.0, ""error"": 27.217402200000105}, {""pair"": [3, 4, 1, 2], ""acc"": 0.4, ""vel"": 25.75, ""pos"": 84.0, ""error"": 27.217402200000105}, {""pair"": [3, 4, 1, 2], ""acc"": 0.4, ""vel"": 25.75, ""pos"": 84.0, ""error"": 24.01740220000011}, {""pair"": [3, 4, 1, 2], ""acc"": 0.4, ""vel"": 25.75, ""pos"": 84.0, ""error"": 24.646522200000117}, {""pair"": [3, 4, 1, 2], ""acc"": 0.4, ""vel"": 25.75, ""pos"": 84.0, ""error"": 24.646522200000117}, {""pair"": [3, 4, 1, 2], ""acc"": 0.4, ""vel"": 25.75, ""pos"": 84.0, ""error"": 33.6174022000001}], [{""pair"": [3, 4, 2, 2], ""acc"": 0.4, ""vel"": 25.75, ""pos"": 58.4, ""error"": 0.3655622000001024}, {""pair"": [3, 4, 2, 2], ""acc"": 0.4, ""vel"": 25.75, ""pos"": 58.4, ""error"": 1.6174022000001038}, {""pair"": [3, 4, 2, 2], ""acc"": 0.4, ""vel"": 25.75, ""pos"": 58.4, ""error"": 1.6174022000001038}, {""pair"": [3, 4, 2, 2], ""acc"": 0.4, ""vel"": 25.75, ""pos"": 58.4, ""error"": 4.136197799999888}, {""pair"": [3, 4, 2, 2], ""acc"": 0.4, ""vel"": 25.75, ""pos"": 58.4, ""error"": 4.7870777999998815}, {""pair"": [3, 4, 2, 2], ""acc"": 0.4, ""vel"": 25.75, ""pos"": 58.4, ""error"": 4.7870777999998815}, {""pair"": [3, 4, 2, 2], ""acc"": 0.4, ""vel"": 25.75, ""pos"": 58.4, ""error"": 8.017402200000102}], [{""pair"": [1, 2, 0, 4], ""acc"": 0.4, ""vel"": 5.27, ""pos"": 84.0, ""error"": 46.4391622000001}, {""pair"": [1, 2, 0, 4], ""acc"": 0.4, ""vel"": 5.27, ""pos"": 84.0, ""error"": 47.697402200000106}, {""pair"": [1, 2, 0, 4], ""acc"": 0.4, ""vel"": 5.27, ""pos"": 84.0, ""error"": 47.697402200000106}, {""pair"": [1, 2, 0, 4], ""acc"": 0.4, ""vel"": 5.27, ""pos"": 84.0, ""error"": 44.49740220000011}, {""pair"": [1, 2, 0, 4], ""acc"": 0.4, ""vel"": 5.27, ""pos"": 84.0, ""error"": 45.12652220000012}, {""pair"": [1, 2, 0, 4], ""acc"": 0.4, ""vel"": 5.27, ""pos"": 84.0, ""error"": 45.12652220000012}, {""pair"": [1, 2, 0, 4], ""acc"": 0.4, ""vel"": 5.27, ""pos"": 84.0, ""error"": 54.097402200000104}], [{""pair"": [2, 2, 0, 4], ""acc"": 0.4, ""vel"": 5.27, ""pos"": 58.4, ""error"": 20.839162200000096}, {""pair"": [2, 2, 0, 4], ""acc"": 0.4, ""vel"": 5.27, ""pos"": 58.4, ""error"": 22.097402200000104}, {""pair"": [2, 2, 0, 4], ""acc"": 0.4, ""vel"": 5.27, ""pos"": 58.4, ""error"": 22.097402200000104}, {""pair"": [2, 2, 0, 4], ""acc"": 0.4, ""vel"": 5.27, ""pos"": 58.4, ""error"": 24.616197799999888}, {""pair"": [2, 2, 0, 4], ""acc"": 0.4, ""vel"": 5.27, ""pos"": 58.4, ""error"": 25.267077799999882}, {""pair"": [2, 2, 0, 4], ""acc"": 0.4, ""vel"": 5.27, ""pos"": 58.4, ""error"": 25.267077799999882}, {""pair"": [2, 2, 0, 4], ""acc"": 0.4, ""vel"": 5.27, ""pos"": 58.4, ""error"": 28.497402200000103}], [{""pair"": [0, 2, 1, 3], ""acc"": 0.4, ""vel"": 20.63, ""pos"": 7.2, ""error"": 55.954437799999894}, {""pair"": [0, 2, 1, 3], ""acc"": 0.4, ""vel"": 20.63, ""pos"": 7.2, ""error"": 57.25619779999989}, {""pair"": [0, 2, 1, 3], ""acc"": 0.4, ""vel"": 20.63, ""pos"": 7.2, ""error"": 57.25619779999989}, {""pair"": [0, 2, 1, 3], ""acc"": 0.4, ""vel"": 20.63, ""pos"": 7.2, ""error"": 60.456197799999885}, {""pair"": [0, 2, 1, 3], ""acc"": 0.4, ""vel"": 20.63, ""pos"": 7.2, ""error"": 61.10707779999988}, {""pair"": [0, 2, 1, 3], ""acc"": 0.4, ""vel"": 20.63, ""pos"": 7.2, ""error"": 61.10707779999988}, {""pair"": [0, 2, 1, 3], ""acc"": 0.4, ""vel"": 20.63, ""pos"": 7.2, ""error"": 50.85619779999989}], [{""pair"": [0, 2, 2, 3], ""acc"": 0.4, ""vel"": 20.63, ""pos"": 58.4, ""error"": 5.479162200000097}, {""pair"": [0, 2, 2, 3], ""acc"": 0.4, ""vel"": 20.63, ""pos"": 58.4, ""error"": 6.737402200000105}, {""pair"": [0, 2, 2, 3], ""acc"": 0.4, ""vel"": 20.63, ""pos"": 58.4, ""error"": 6.737402200000105}, {""pair"": [0, 2, 2, 3], ""acc"": 0.4, ""vel"": 20.63, ""pos"": 58.4, ""error"": 9.256197799999889}, {""pair"": [0, 2, 2, 3], ""acc"": 0.4, ""vel"": 20.63, ""pos"": 58.4, ""error"": 9.907077799999882}, {""pair"": [0, 2, 2, 3], ""acc"": 0.4, ""vel"": 20.63, ""pos"": 58.4, ""error"": 9.907077799999882}, {""pair"": [0, 2, 2, 3], ""acc"": 0.4, ""vel"": 20.63, ""pos"": 58.4, ""error"": 13.137402200000103}]]","[[[3, 2, 1, 3], [0.4, 25.75, 7.2], 45.736197799999886], [[3, 2, 2, 3], [0.4, 25.75, 58.4], 0.3655622000001024], [[3, 3, 0, 2], [0.4, 20.63, 58.4], 5.479162200000097], [[3, 4, 1, 2], [0.4, 25.75, 84.0], 24.01740220000011], [[3, 4, 2, 2], [0.4, 25.75, 58.4], 0.3655622000001024], [[1, 2, 0, 4], [0.4, 5.27, 84.0], 44.49740220000011], [[2, 2, 0, 4], [0.4, 5.27, 58.4], 20.839162200000096], [[0, 2, 1, 3], [0.4, 20.63, 7.2], 50.85619779999989], [[0, 2, 2, 3], [0.4, 20.63, 58.4], 5.479162200000097]]"
0.4,25.76,58.900000000000006,0.6,25.76,58.9,0.6,25.76,58.8,"[{""pair"": [3, 8, 2, 10], ""acc"": 0.6, ""vel"": 25.76, ""pos"": 58.8, ""error"": 0.041007799999899675}, {""pair"": [2, 8, 2, 10], ""acc"": 0.6, ""vel"": 25.76, ""pos"": 58.8, ""error"": 0.041007799999899675}, {""pair"": [0, 9, 0, 8], ""acc"": 0.0, ""vel"": 25.76, ""pos"": 58.9, ""error"": 0.06539220000010815}, {""pair"": [3, 9, 0, 8], ""acc"": 0.4, ""vel"": 25.76, ""pos"": 58.9, ""error"": 0.06539220000010815}, {""pair"": [2, 9, 0, 8], ""acc"": 0.4, ""vel"": 25.76, ""pos"": 58.9, ""error"": 0.06539220000010815}, {""pair"": [1, 8, 2, 10], ""acc"": 0.6, ""vel"": 25.76, ""pos"": 1697.2, ""error"": 1612.7653922000002}]","[[3, 8, 2, 10], [2, 8, 2, 10], [0, 9, 0, 8], [3, 9, 0, 8], [2, 9, 0, 8], [1, 8, 2, 10]]","[[{""pair"": [3, 9, 0, 8], ""acc"": 0.4, ""vel"": 25.76, ""pos"": 58.9, ""error"": 0.06539220000010815}, {""pair"": [3, 9, 0, 8], ""acc"": 0.4, ""vel"": 25.76, ""pos"": 58.9, ""error"": 0.06539220000010815}, {""pair"": [3, 9, 0, 8], ""acc"": 0.4, ""vel"": 25.76, ""pos"": 58.9, ""error"": 5.27243220000009}, {""pair"": [3, 9, 0, 8], ""acc"": 0.4, ""vel"": 25.76, ""pos"": 58.9, ""error"": 5.27243220000009}, {""pair"": [3, 9, 0, 8], ""acc"": 0.4, ""vel"": 25.76, ""pos"": 58.9, ""error"": 20.893552200000023}, {""pair"": [3, 9, 0, 8], ""acc"": 0.4, ""vel"": 25.76, ""pos"": 58.9, ""error"": 25.541007799999893}, {""pair"": [3, 9, 0, 8], ""acc"": 0.4, ""vel"": 25.76, ""pos"": 58.9, ""error"": 45.67284779999997}, {""pair"": [3, 9, 0, 8], ""acc"": 0.4, ""vel"": 25.76, ""pos"": 58.9, ""error"": 51.26539220000011}, {""pair"": [3, 9, 0, 8], ""acc"": 0.4, ""vel"": 25.76, ""pos"": 58.9, ""error"": 56.472432200000085}], [{""pair"": [0, 9, 0, 8], ""acc"": 0.0, ""vel"": 25.76, ""pos"": 58.9, ""error"": 0.06539220000010815}, {""pair"": [0, 9, 0, 8], ""acc"": 0.0, ""vel"": 25.76, ""pos"": 58.9, ""error"": 0.06539220000010815}, {""pair"": [0, 9, 0, 8], ""acc"": 0.0, ""vel"": 25.76, ""pos"": 58.9, ""error"": 5.27243220000009}, {""pair"": [0, 9, 0, 8], ""acc"": 0.0, ""vel"": 25.76, ""pos"": 58.9, ""error"": 5.27243220000009}, {""pair"": [0, 9, 0, 8], ""acc"": 0.0, ""vel"": 25.76, ""pos"": 58.9, ""error"": 20.893552200000023}, {""pair"": [0, 9, 0, 8], ""acc"": 0.0, ""vel"": 25.76, ""pos"": 58.9, ""error"": 25.541007799999893}, {""pair"": [0, 9, 0, 8], ""acc"": 0.0, ""vel"": 25.76, ""pos"": 58.9, ""error"": 45.67284779999997}, {""pair"": [0, 9, 0, 8], ""acc"": 0.0, ""vel"": 25.76, ""pos"": 58.9, ""error"": 51.26539220000011}, {""pair"": [0, 9, 0, 8], ""acc"": 0.0, ""vel"": 25.76, ""pos"": 58.9, ""error"": 56.472432200000085}], [{""pair"": [2, 9, 0, 8], ""acc"": 0.4, ""vel"": 25.76, ""pos"": 58.9, ""error"": 0.06539220000010815}, {""pair"": [2, 9, 0, 8], ""acc"": 0.4, ""vel"": 25.76, ""pos"": 58.9, ""error"": 0.06539220000010815}, {""pair"": [2, 9, 0, 8], ""acc"": 0.4, ""vel"": 25.76, ""pos"": 58.9, ""error"": 5.27243220000009}, {""pair"": [2, 9, 0, 8], ""acc"": 0.4, ""vel"": 25.76, ""pos"": 58.9, ""error"": 5.27243220000009}, {""pair"": [2, 9, 0, 8], ""acc"": 0.4, ""vel"": 25.76, ""pos"": 58.9, ""error"": 20.893552200000023}, {""pair"": [2, 9, 0, 8], ""acc"": 0.4, ""vel"": 25.76, ""pos"": 58.9, ""error"": 25.541007799999893}, {""pair"": [2, 9, 0, 8], ""acc"": 0.4, ""vel"": 25.76, ""pos"": 58.9, ""error"": 45.67284779999997}, {""pair"": [2, 9, 0, 8], ""acc"": 0.4, ""vel"": 25.76, ""pos"": 58.9, ""error"": 51.26539220000011}, {""pair"": [2, 9, 0, 8], ""acc"": 0.4, ""vel"": 25.76, ""pos"": 58.9, ""error"": 56.472432200000085}], [{""pair"": [3, 8, 2, 10], ""acc"": 0.6, ""vel"": 25.76, ""pos"": 58.8, ""error"": 0.041007799999899675}, {""pair"": [3, 8, 2, 10], ""acc"": 0.6, ""vel"": 25.76, ""pos"": 58.8, ""error"": 0.041007799999899675}, {""pair"": [3, 8, 2, 10], ""acc"": 0.6, ""vel"": 25.76, ""pos"": 58.8, ""error"": 5.172432200000088}, {""pair"": [3, 8, 2, 10], ""acc"": 0.6, ""vel"": 25.76, ""pos"": 58.8, ""error"": 5.172432200000088}, {""pair"": [3, 8, 2, 10], ""acc"": 0.6, ""vel"": 25.76, ""pos"": 58.8, ""error"": 20.793552200000022}, {""pair"": [3, 8, 2, 10], ""acc"": 0.6, ""vel"": 25.76, ""pos"": 58.8, ""error"": 25.641007799999894}, {""pair"": [3, 8, 2, 10], ""acc"": 0.6, ""vel"": 25.76, ""pos"": 58.8, ""error"": 45.77284779999997}, {""pair"": [3, 8, 2, 10], ""acc"": 0.6, ""vel"": 25.76, ""pos"": 58.8, ""error"": 51.16539220000011}, {""pair"": [3, 8, 2, 10], ""acc"": 0.6, ""vel"": 25.76, ""pos"": 58.8, ""error"": 56.372432200000084}], [{""pair"": [1, 8, 2, 10], ""acc"": 0.6, ""vel"": 25.76, ""pos"": 1697.2, ""error"": 1638.3653922000003}, {""pair"": [1, 8, 2, 10], ""acc"": 0.6, ""vel"": 25.76, ""pos"": 1697.2, ""error"": 1638.3653922000003}, {""pair"": [1, 8, 2, 10], ""acc"": 0.6, ""vel"": 25.76, ""pos"": 1697.2, ""error"": 1643.5724322}, {""pair"": [1, 8, 2, 10], ""acc"": 0.6, ""vel"": 25.76, ""pos"": 1697.2, ""error"": 1643.5724322}, {""pair"": [1, 8, 2, 10], ""acc"": 0.6, ""vel"": 25.76, ""pos"": 1697.2, ""error"": 1659.1935521999999}, {""pair"": [1, 8, 2, 10], ""acc"": 0.6, ""vel"": 25.76, ""pos"": 1697.2, ""error"": 1612.7653922000002}, {""pair"": [1, 8, 2, 10], ""acc"": 0.6, ""vel"": 25.76, ""pos"": 1697.2, ""error"": 1633.5935522}, {""pair"": [1, 8, 2, 10], ""acc"": 0.6, ""vel"": 25.76, ""pos"": 1697.2, ""error"": 1689.5653922000004}, {""pair"": [1, 8, 2, 10], ""acc"": 0.6, ""vel"": 25.76, ""pos"": 1697.2, ""error"": 1694.7724322000001}], [{""pair"": [2, 8, 2, 10], ""acc"": 0.6, ""vel"": 25.76, ""pos"": 58.8, ""error"": 0.041007799999899675}, {""pair"": [2, 8, 2, 10], ""acc"": 0.6, ""vel"": 25.76, ""pos"": 58.8, ""error"": 0.041007799999899675}, {""pair"": [2, 8, 2, 10], ""acc"": 0.6, ""vel"": 25.76, ""pos"": 58.8, ""error"": 5.172432200000088}, {""pair"": [2, 8, 2, 10], ""acc"": 0.6, ""vel"": 25.76, ""pos"": 58.8, ""error"": 5.172432200000088}, {""pair"": [2, 8, 2, 10], ""acc"": 0.6, ""vel"": 25.76, ""pos"": 58.8, ""error"": 20.793552200000022}, {""pair"": [2, 8, 2, 10], ""acc"": 0.6, ""vel"": 25.76, ""pos"": 58.8, ""error"": 25.641007799999894}, {""pair"": [2, 8, 2, 10], ""acc"": 0.6, ""vel"": 25.76, ""pos"": 58.8, ""error"": 45.77284779999997}, {""pair"": [2, 8, 2, 10], ""acc"": 0.6, ""vel"": 25.76, ""pos"": 58.8, ""error"": 51.16539220000011}, {""pair"": [2, 8, 2, 10], ""acc"": 0.6, ""vel"": 25.76, ""pos"": 58.8, ""error"": 56.372432200000084}]]","[[[3, 9, 0, 8], [0.4, 25.76, 58.9], 0.06539220000010815], [[0, 9, 0, 8], [0.0, 25.76, 58.9], 0.06539220000010815], [[2, 9, 0, 8], [0.4, 25.76, 58.9], 0.06539220000010815], [[3, 8, 2, 10], [0.6, 25.76, 58.8], 0.041007799999899675], [[1, 8, 2, 10], [0.6, 25.76, 1697.2], 1612.7653922000002], [[2, 8, 2, 10], [0.6, 25.76, 58.8], 0.041007799999899675]]"
0.4,25.77,59.3,0.4,26.41,59.3,0.4,25.77,59.3,"[{""pair"": [3, 13, 1, 15], ""acc"": 0.4, ""vel"": 25.77, ""pos"": 59.3, ""error"": 0.01581120000049907}, {""pair"": [1, 13, 1, 15], ""acc"": 0.4, ""vel"": 25.61, ""pos"": 59.3, ""error"": 0.16216000000050812}, {""pair"": [3, 15, 1, 13], ""acc"": 0.4, ""vel"": 26.25, ""pos"": 59.3, ""error"": 0.4958112000004995}]","[[3, 13, 1, 15], [1, 13, 1, 15], [3, 15, 1, 13]]","[[{""pair"": [3, 13, 1, 15], ""acc"": 0.4, ""vel"": 25.77, ""pos"": 59.3, ""error"": 0.08816319999947808}, {""pair"": [3, 13, 1, 15], ""acc"": 0.4, ""vel"": 25.77, ""pos"": 59.3, ""error"": 0.08816319999947808}, {""pair"": [3, 13, 1, 15], ""acc"": 0.4, ""vel"": 25.77, ""pos"": 59.3, ""error"": 0.022160000000504}, {""pair"": [3, 13, 1, 15], ""acc"": 0.4, ""vel"": 25.77, ""pos"": 59.3, ""error"": 0.01581120000049907}, {""pair"": [3, 13, 1, 15], ""acc"": 0.4, ""vel"": 25.77, ""pos"": 59.3, ""error"": 0.01581120000049907}, {""pair"": [3, 13, 1, 15], ""acc"": 0.4, ""vel"": 25.77, ""pos"": 59.3, ""error"": 1638.3126368000005}], [{""pair"": [3, 15, 1, 13], ""acc"": 0.4, ""vel"": 26.25, ""pos"": 59.3, ""error"": 0.5681631999994785}, {""pair"": [3, 15, 1, 13], ""acc"": 0.4, ""vel"": 26.25, ""pos"": 59.3, ""error"": 0.5681631999994785}, {""pair"": [3, 15, 1, 13], ""acc"": 0.4, ""vel"": 26.25, ""pos"": 59.3, ""error"": 0.5021600000005044}, {""pair"": [3, 15, 1, 13], ""acc"": 0.4, ""vel"": 26.25, ""pos"": 59.3, ""error"": 0.4958112000004995}, {""pair"": [3, 15, 1, 13], ""acc"": 0.4, ""vel"": 26.25, ""pos"": 59.3, ""error"": 0.4958112000004995}, {""pair"": [3, 15, 1, 13], ""acc"": 0.4, ""vel"": 26.25, ""pos"": 59.3, ""error"": 1638.7926368000005}], [{""pair"": [1, 13, 1, 15], ""acc"": 0.4, ""vel"": 25.61, ""pos"": 59.3, ""error"": 0.2473631999995085}, {""pair"": [1, 13, 1, 15], ""acc"": 0.4, ""vel"": 25.61, ""pos"": 59.3, ""error"": 0.2473631999995085}, {""pair"": [1, 13, 1, 15], ""acc"": 0.4, ""vel"": 25.61, ""pos"": 59.3, ""error"": 0.16216000000050812}, {""pair"": [1, 13, 1, 15], ""acc"": 0.4, ""vel"": 25.61, ""pos"": 59.3, ""error"": 0.168611200000516}, {""pair"": [1, 13, 1, 15], ""acc"": 0.4, ""vel"": 25.61, ""pos"": 59.3, ""error"": 0.168611200000516}, {""pair"": [1, 13, 1, 15], ""acc"": 0.4, ""vel"": 25.61, ""pos"": 59.3, ""error"": 1638.4718368000006}]]","[[[3, 13, 1, 15], [0.4, 25.77, 59.3], 0.01581120000049907], [[3, 15, 1, 13], [0.4, 26.25, 59.3], 0.4958112000004995], [[1, 13, 1, 15], [0.4, 25.61, 59.3], 0.16216000000050812]]"
0.4,25.77,59.7,8.0,25.77,59.7,0.4,25.77,59.7,"[{""pair"": [3, 1, 0, 14], ""acc"": 0.4, ""vel"": 25.77, ""pos"": 59.7, ""error"": 0.04494779999988907}, {""pair"": [0, 1, 0, 14], ""acc"": 0.4, ""vel"": 28.33, ""pos"": 59.7, ""error"": 2.1195077999998873}, {""pair"": [1, 1, 0, 14], ""acc"": 0.4, ""vel"": 25.77, ""pos"": 72.5, ""error"": 12.768652200000105}]","[[3, 1, 0, 14], [0, 1, 0, 14], [1, 1, 0, 14]]","[[{""pair"": [3, 1, 0, 14], ""acc"": 0.4, ""vel"": 25.77, ""pos"": 59.7, ""error"": 0.04494779999988907}, {""pair"": [3, 1, 0, 14], ""acc"": 0.4, ""vel"": 25.77, ""pos"": 59.7, ""error"": 0.18862779999988888}, {""pair"": [3, 1, 0, 14], ""acc"": 0.4, ""vel"": 25.77, ""pos"": 59.7, ""error"": 0.5331077999998861}], [{""pair"": [3, 1, 2, 14], ""acc"": 13.2, ""vel"": 25.77, ""pos"": 58.1, ""error"": 1.6449477999998905}, {""pair"": [3, 1, 2, 14], ""acc"": 13.2, ""vel"": 25.77, ""pos"": 58.1, ""error"": 1.7886277999998903}, {""pair"": [3, 1, 2, 14], ""acc"": 13.2, ""vel"": 25.77, ""pos"": 58.1, ""error"": 2.1331077999998875}], [{""pair"": [3, 14, 0, 1], ""acc"": 13.2, ""vel"": 28.33, ""pos"": 59.7, ""error"": 2.591347799999891}, {""pair"": [3, 14, 0, 1], ""acc"": 13.2, ""vel"": 28.33, ""pos"": 59.7, ""error"": 2.7486277999998876}, {""pair"": [3, 14, 0, 1], ""acc"": 13.2, ""vel"": 28.33, ""pos"": 59.7, ""error"": 2.1195077999998873}], [{""pair"": [3, 14, 1, 1], ""acc"": 13.2, ""vel"": 25.77, ""pos"": 72.5, ""error"": 12.768652200000105}, {""pair"": [3, 14, 1, 1], ""acc"": 13.2, ""vel"": 25.77, ""pos"": 72.5, ""error"": 12.917772200000112}, {""pair"": [3, 14, 1, 1], ""acc"": 13.2, ""vel"": 25.77, ""pos"": 72.5, ""error"": 13.240492200000109}], [{""pair"": [0, 1, 0, 14], ""acc"": 0.4, ""vel"": 28.33, ""pos"": 59.7, ""error"": 2.591347799999891}, {""pair"": [0, 1, 0, 14], ""acc"": 0.4, ""vel"": 28.33, ""pos"": 59.7, ""error"": 2.7486277999998876}, {""pair"": [0, 1, 0, 14], ""acc"": 0.4, ""vel"": 28.33, ""pos"": 59.7, ""error"": 2.1195077999998873}], [{""pair"": [0, 1, 2, 14], ""acc"": 13.2, ""vel"": 28.33, ""pos"": 58.1, ""error"": 4.1913477999998925}, {""pair"": [0, 1, 2, 14], ""acc"": 13.2, ""vel"": 28.33, ""pos"": 58.1, ""error"": 4.348627799999889}, {""pair"": [0, 1, 2, 14], ""acc"": 13.2, ""vel"": 28.33, ""pos"": 58.1, ""error"": 3.7195077999998887}], [{""pair"": [1, 1, 0, 14], ""acc"": 0.4, ""vel"": 25.77, ""pos"": 72.5, ""error"": 12.768652200000105}, {""pair"": [1, 1, 0, 14], ""acc"": 0.4, ""vel"": 25.77, ""pos"": 72.5, ""error"": 12.917772200000112}, {""pair"": [1, 1, 0, 14], ""acc"": 0.4, ""vel"": 25.77, ""pos"": 72.5, ""error"": 13.240492200000109}], [{""pair"": [1, 1, 2, 14], ""acc"": 13.2, ""vel"": 25.77, ""pos"": 70.9, ""error"": 11.16865220000011}, {""pair"": [1, 1, 2, 14], ""acc"": 13.2, ""vel"": 25.77, ""pos"": 70.9, ""error"": 11.317772200000118}, {""pair"": [1, 1, 2, 14], ""acc"": 13.2, ""vel"": 25.77, ""pos"": 70.9, ""error"": 11.640492200000114}]]","[[[3, 1, 0, 14], [0.4, 25.77, 59.7], 0.04494779999988907], [[3, 1, 2, 14], [13.2, 25.77, 58.1], 1.6449477999998905], [[3, 14, 0, 1], [13.2, 28.33, 59.7], 2.1195077999998873], [[3, 14, 1, 1], [13.2, 25.77, 72.5], 12.768652200000105], [[0, 1, 0, 14], [0.4, 28.33, 59.7], 2.1195077999998873], [[0, 1, 2, 14], [13.2, 28.33, 58.1], 3.7195077999998887], [[1, 1, 0, 14], [0.4, 25.77, 72.5], 12.768652200000105], [[1, 1, 2, 14], [13.2, 25.77, 70.9], 11.16865220000011]]"
0.4,25.78,60.2,0.4,25.78,463.4,0.4,25.78,60.2,"[{""pair"": [1, 0, 1, 6], ""acc"": 0.4, ""vel"": 25.78, ""pos"": 60.2, ""error"": 0.06505220000010681}, {""pair"": [2, 0, 1, 6], ""acc"": 0.4, ""vel"": 25.78, ""pos"": 53.8, ""error"": 6.341347799999905}, {""pair"": [0, 0, 1, 6], ""acc"": 0.4, ""vel"": 27.06, ""pos"": 53.8, ""error"": 7.621347799999903}]","[[1, 0, 1, 6], [2, 0, 1, 6], [0, 0, 1, 6]]","[[{""pair"": [0, 0, 1, 6], ""acc"": 0.4, ""vel"": 27.06, ""pos"": 53.8, ""error"": 7.621347799999903}, {""pair"": [0, 0, 1, 6], ""acc"": 0.4, ""vel"": 27.06, ""pos"": 53.8, ""error"": 7.658467799999887}, {""pair"": [0, 0, 1, 6], ""acc"": 0.4, ""vel"": 27.06, ""pos"": 53.8, ""error"": 20.421347799999886}], [{""pair"": [1, 0, 1, 6], ""acc"": 0.4, ""vel"": 25.78, ""pos"": 60.2, ""error"": 0.06505220000010681}, {""pair"": [1, 0, 1, 6], ""acc"": 0.4, ""vel"": 25.78, ""pos"": 60.2, ""error"": 2.5751322000001124}, {""pair"": [1, 0, 1, 6], ""acc"": 0.4, ""vel"": 25.78, ""pos"": 60.2, ""error"": 12.741347799999883}], [{""pair"": [2, 0, 1, 6], ""acc"": 0.4, ""vel"": 25.78, ""pos"": 53.8, ""error"": 6.341347799999905}, {""pair"": [2, 0, 1, 6], ""acc"": 0.4, ""vel"": 25.78, ""pos"": 53.8, ""error"": 8.938467799999884}, {""pair"": [2, 0, 1, 6], ""acc"": 0.4, ""vel"": 25.78, ""pos"": 53.8, ""error"": 19.14134779999989}]]","[[[0, 0, 1, 6], [0.4, 27.06, 53.8], 7.621347799999903], [[1, 0, 1, 6], [0.4, 25.78, 60.2], 0.06505220000010681], [[2, 0, 1, 6], [0.4, 25.78, 53.8], 6.341347799999905]]"
0.4,25.79,60.6,5.2,25.79,60.6,0.4,25.79,60.6,"[{""pair"": [0, 12, 0, 11], ""acc"": 0.4, ""vel"": 25.79, ""pos"": 60.6, ""error"": 0.01613119999905166}, {""pair"": [3, 13, 1, 11], ""acc"": 5.2, ""vel"": 25.83, ""pos"": 60.6, ""error"": 0.05613119999905081}, {""pair"": [1, 11, 1, 13], ""acc"": 5.2, ""vel"": 25.67, ""pos"": 60.6, ""error"": 0.12893119999902325}, {""pair"": [3, 11, 1, 13], ""acc"": 5.2, ""vel"": 25.63, ""pos"": 60.6, ""error"": 0.16893119999902595}, {""pair"": [0, 12, 2, 11], ""acc"": 2.0, ""vel"": 25.79, ""pos"": 60.4, ""error"": 0.2161311999990545}, {""pair"": [2, 12, 0, 11], ""acc"": 3.6, ""vel"": 25.79, ""pos"": 60.2, ""error"": 0.41613119999905024}, {""pair"": [2, 12, 2, 11], ""acc"": 5.2, ""vel"": 25.79, ""pos"": 60.0, ""error"": 0.6161311999990531}, {""pair"": [3, 11, 2, 13], ""acc"": 5.2, ""vel"": 25.79, ""pos"": 59.8, ""error"": 0.8161311999990559}, {""pair"": [1, 11, 2, 13], ""acc"": 5.2, ""vel"": 25.83, ""pos"": 59.8, ""error"": 0.8561311999990551}]","[[0, 12, 0, 11], [3, 13, 1, 11], [1, 11, 1, 13], [3, 11, 1, 13], [0, 12, 2, 11], [2, 12, 0, 11], [2, 12, 2, 11], [3, 11, 2, 13], [1, 11, 2, 13]]","[[{""pair"": [0, 12, 0, 11], ""acc"": 0.4, ""vel"": 25.79, ""pos"": 60.6, ""error"": 0.01613119999905166}, {""pair"": [0, 12, 0, 11], ""acc"": 0.4, ""vel"": 25.79, ""pos"": 60.6, ""error"": 6.39106880000098}, {""pair"": [0, 12, 0, 11], ""acc"": 0.4, ""vel"": 25.79, ""pos"": 60.6, ""error"": 7.643388800000995}], [{""pair"": [0, 12, 2, 11], ""acc"": 2.0, ""vel"": 25.79, ""pos"": 60.4, ""error"": 0.2161311999990545}, {""pair"": [0, 12, 2, 11], ""acc"": 2.0, ""vel"": 25.79, ""pos"": 60.4, ""error"": 6.191068800000977}, {""pair"": [0, 12, 2, 11], ""acc"": 2.0, ""vel"": 25.79, ""pos"": 60.4, ""error"": 7.443388800000992}], [{""pair"": [2, 12, 0, 11], ""acc"": 3.6, ""vel"": 25.79, ""pos"": 60.2, ""error"": 0.41613119999905024}, {""pair"": [2, 12, 0, 11], ""acc"": 3.6, ""vel"": 25.79, ""pos"": 60.2, ""error"": 5.991068800000981}, {""pair"": [2, 12, 0, 11], ""acc"": 3.6, ""vel"": 25.79, ""pos"": 60.2, ""error"": 7.2433888000009965}], [{""pair"": [2, 12, 2, 11], ""acc"": 5.2, ""vel"": 25.79, ""pos"": 60.0, ""error"": 0.6161311999990531}, {""pair"": [2, 12, 2, 11], ""acc"": 5.2, ""vel"": 25.79, ""pos"": 60.0, ""error"": 5.7910688000009785}, {""pair"": [2, 12, 2, 11], ""acc"": 5.2, ""vel"": 25.79, ""pos"": 60.0, ""error"": 7.043388800000994}], [{""pair"": [3, 11, 1, 13], ""acc"": 5.2, ""vel"": 25.63, ""pos"": 60.6, ""error"": 0.16893119999902595}, {""pair"": [3, 11, 1, 13], ""acc"": 5.2, ""vel"": 25.63, ""pos"": 60.6, ""error"": 6.543868800000954}, {""pair"": [3, 11, 1, 13], ""acc"": 5.2, ""vel"": 25.63, ""pos"": 60.6, ""error"": 7.803388800000995}], [{""pair"": [3, 11, 2, 13], ""acc"": 5.2, ""vel"": 25.79, ""pos"": 59.8, ""error"": 0.8161311999990559}, {""pair"": [3, 11, 2, 13], ""acc"": 5.2, ""vel"": 25.79, ""pos"": 59.8, ""error"": 5.591068800000976}, {""pair"": [3, 11, 2, 13], ""acc"": 5.2, ""vel"": 25.79, ""pos"": 59.8, ""error"": 6.843388800000991}], [{""pair"": [3, 13, 1, 11], ""acc"": 5.2, ""vel"": 25.83, ""pos"": 60.6, ""error"": 0.05613119999905081}, {""pair"": [3, 13, 1, 11], ""acc"": 5.2, ""vel"": 25.83, ""pos"": 60.6, ""error"": 6.431068800000979}, {""pair"": [3, 13, 1, 11], ""acc"": 5.2, ""vel"": 25.83, ""pos"": 60.6, ""error"": 7.603388800000996}], [{""pair"": [1, 11, 1, 13], ""acc"": 5.2, ""vel"": 25.67, ""pos"": 60.6, ""error"": 0.12893119999902325}, {""pair"": [1, 11, 1, 13], ""acc"": 5.2, ""vel"": 25.67, ""pos"": 60.6, ""error"": 6.5038688000009515}, {""pair"": [1, 11, 1, 13], ""acc"": 5.2, ""vel"": 25.67, ""pos"": 60.6, ""error"": 7.7633888000009925}], [{""pair"": [1, 11, 2, 13], ""acc"": 5.2, ""vel"": 25.83, ""pos"": 59.8, ""error"": 0.8561311999990551}, {""pair"": [1, 11, 2, 13], ""acc"": 5.2, ""vel"": 25.83, ""pos"": 59.8, ""error"": 5.631068800000975}, {""pair"": [1, 11, 2, 13], ""acc"": 5.2, ""vel"": 25.83, ""pos"": 59.8, ""error"": 6.803388800000992}]]","[[[0, 12, 0, 11], [0.4, 25.79, 60.6], 0.01613119999905166], [[0, 12, 2, 11], [2.0, 25.79, 60.4], 0.2161311999990545], [[2, 12, 0, 11], [3.6, 25.79, 60.2], 0.41613119999905024], [[2, 12, 2, 11], [5.2, 25.79, 60.0], 0.6161311999990531], [[3, 11, 1, 13], [5.2, 25.63, 60.6], 0.16893119999902595], [[3, 11, 2, 13], [5.2, 25.79, 59.8], 0.8161311999990559], [[3, 13, 1, 11], [5.2, 25.83, 60.6], 0.05613119999905081], [[1, 11, 1, 13], [5.2, 25.67, 60.6], 0.12893119999902325], [[1, 11, 2, 13], [5.2, 25.83, 59.8], 0.8561311999990551]]"
0.4,25.8,61.0,0.6,25.8,61.0,0.4,25.8,61.0,"[{""pair"": [2, 6, 0, 8], ""acc"": 0.4, ""vel"": 25.8, ""pos"": 61.0, ""error"": 0.04168779999990235}]","[[2, 6, 0, 8]]","[[{""pair"": [2, 6, 0, 8], ""acc"": 0.4, ""vel"": 25.8, ""pos"": 61.0, ""error"": 0.04168779999990235}, {""pair"": [2, 6, 0, 8], ""acc"": 0.4, ""vel"": 25.8, ""pos"": 61.0, ""error"": 0.1582613999998692}, {""pair"": [2, 6, 0, 8], ""acc"": 0.4, ""vel"": 25.8, ""pos"": 61.0, ""error"": 0.0787413999999167}, {""pair"": [2, 6, 0, 8], ""acc"": 0.4, ""vel"": 25.8, ""pos"": 61.0, ""error"": 0.11806139999991672}, {""pair"": [2, 6, 0, 8], ""acc"": 0.4, ""vel"": 25.8, ""pos"": 61.0, ""error"": 0.18528100000009218}, {""pair"": [2, 6, 0, 8], ""acc"": 0.4, ""vel"": 25.8, ""pos"": 61.0, ""error"": 0.4122498000000867}, {""pair"": [2, 6, 0, 8], ""acc"": 0.4, ""vel"": 25.8, ""pos"": 61.0, ""error"": 0.6392186000000812}, {""pair"": [2, 6, 0, 8], ""acc"": 0.4, ""vel"": 25.8, ""pos"": 61.0, ""error"": 0.8392186000000841}, {""pair"": [2, 6, 0, 8], ""acc"": 0.4, ""vel"": 25.8, ""pos"": 61.0, ""error"": 0.8785386000000877}]]","[[[2, 6, 0, 8], [0.4, 25.8, 61.0], 0.04168779999990235]]"
0.4,25.8,61.5,0.4,25.8,74.3,0.4,25.8,61.4,"[{""pair"": [1, 1, 2, 10], ""acc"": 0.4, ""vel"": 25.8, ""pos"": 61.4, ""error"": 0.04545779999989463}, {""pair"": [3, 10, 1, 1], ""acc"": 0.4, ""vel"": 25.8, ""pos"": 61.5, ""error"": 0.06814220000010351}, {""pair"": [3, 1, 2, 10], ""acc"": 0.4, ""vel"": 25.8, ""pos"": 74.2, ""error"": 12.768142200000106}, {""pair"": [2, 1, 2, 10], ""acc"": 0.4, ""vel"": 25.8, ""pos"": 74.2, ""error"": 12.768142200000106}, {""pair"": [3, 10, 2, 1], ""acc"": 0.4, ""vel"": 25.8, ""pos"": 74.3, ""error"": 12.8681422000001}]","[[1, 1, 2, 10], [3, 10, 1, 1], [3, 1, 2, 10], [2, 1, 2, 10], [3, 10, 2, 1]]","[[{""pair"": [3, 1, 2, 10], ""acc"": 0.4, ""vel"": 25.8, ""pos"": 74.2, ""error"": 12.768142200000106}], [{""pair"": [3, 10, 1, 1], ""acc"": 0.4, ""vel"": 25.8, ""pos"": 61.5, ""error"": 0.06814220000010351}], [{""pair"": [3, 10, 2, 1], ""acc"": 0.4, ""vel"": 25.8, ""pos"": 74.3, ""error"": 12.8681422000001}], [{""pair"": [1, 1, 2, 10], ""acc"": 0.4, ""vel"": 25.8, ""pos"": 61.4, ""error"": 0.04545779999989463}], [{""pair"": [2, 1, 2, 10], ""acc"": 0.4, ""vel"": 25.8, ""pos"": 74.2, ""error"": 12.768142200000106}]]","[[[3, 1, 2, 10], [0.4, 25.8, 74.2], 12.768142200000106], [[3, 10, 1, 1], [0.4, 25.8, 61.5], 0.06814220000010351], [[3, 10, 2, 1], [0.4, 25.8, 74.3], 12.8681422000001], [[1, 1, 2, 10], [0.4, 25.8, 61.4], 0.04545779999989463], [[2, 1, 2, 10], [0.4, 25.8, 74.2], 12.768142200000106]]"
0.4,25.81,61.900000000000006,0.4,25.89,61.9,0.4,25.81,61.9,"[{""pair"": [3, 5, 1, 12], ""acc"": 0.4, ""vel"": 25.81, ""pos"": 61.9, ""error"": 0.016451200000496158}]","[[3, 5, 1, 12]]","[[{""pair"": [3, 5, 1, 12], ""acc"": 0.4, ""vel"": 25.81, ""pos"": 61.9, ""error"": 0.09074879999948848}, {""pair"": [3, 5, 1, 12], ""acc"": 0.4, ""vel"": 25.81, ""pos"": 61.9, ""error"": 0.016451200000496158}, {""pair"": [3, 5, 1, 12], ""acc"": 0.4, ""vel"": 25.81, ""pos"": 61.9, ""error"": 12.716451200000499}, {""pair"": [3, 5, 1, 12], ""acc"": 0.4, ""vel"": 25.81, ""pos"": 61.9, ""error"": 12.716451200000499}, {""pair"": [3, 5, 1, 12], ""acc"": 0.4, ""vel"": 25.81, ""pos"": 61.9, ""error"": 12.816451200000493}]]","[[[3, 5, 1, 12], [0.4, 25.81, 61.9], 0.016451200000496158]]"
0.4,25.82,62.3,6.8,25.82,62.3,0.4,25.82,62.3,"[{""pair"": [3, 8, 0, 13], ""acc"": 0.4, ""vel"": 25.82, ""pos"": 62.3, ""error"": 0.4813711999997885}, {""pair"": [3, 8, 1, 13], ""acc"": 6.8, ""vel"": 25.66, ""pos"": 62.3, ""error"": 0.6413711999997886}, {""pair"": [3, 8, 2, 13], ""acc"": 6.8, ""vel"": 25.82, ""pos"": 61.5, ""error"": 1.2813711999997857}]","[[3, 8, 0, 13], [3, 8, 1, 13], [3, 8, 2, 13]]","[[{""pair"": [3, 8, 0, 13], ""acc"": 0.4, ""vel"": 25.82, ""pos"": 62.3, ""error"": 0.4813711999997885}], [{""pair"": [3, 8, 1, 13], ""acc"": 6.8, ""vel"": 25.66, ""pos"": 62.3, ""error"": 0.6413711999997886}], [{""pair"": [3, 8, 2, 13], ""acc"": 6.8, ""vel"": 25.82, ""pos"": 61.5, ""error"": 1.2813711999997857}]]","[[[3, 8, 0, 13], [0.4, 25.82, 62.3], 0.4813711999997885], [[3, 8, 1, 13], [6.8, 25.66, 62.3], 0.6413711999997886], [[3, 8, 2, 13], [6.8, 25.82, 61.5], 1.2813711999997857]]"
0.4,25.83,63.2,-8.0,20.71,63.2,0.4,25.83,63.2,"[{""pair"": [0, 15, 0, 2], ""acc"": 0.4, ""vel"": 25.83, ""pos"": 63.2, ""error"": 0.49042879999949207}, {""pair"": [0, 15, 2, 2], ""acc"": 0.4, ""vel"": 20.71, ""pos"": 63.2, ""error"": 5.547369599999634}, {""pair"": [0, 15, 1, 2], ""acc"": 0.4, ""vel"": 20.71, ""pos"": 88.8, ""error"": 31.147369599999628}]","[[0, 15, 0, 2], [0, 15, 2, 2], [0, 15, 1, 2]]","[[{""pair"": [0, 15, 0, 2], ""acc"": 0.4, ""vel"": 25.83, ""pos"": 63.2, ""error"": 0.49042879999949207}, {""pair"": [0, 15, 0, 2], ""acc"": 0.4, ""vel"": 25.83, ""pos"": 63.2, ""error"": 0.5497695999993653}, {""pair"": [0, 15, 0, 2], ""acc"": 0.4, ""vel"": 25.83, ""pos"": 63.2, ""error"": 1.384809599999631}], [{""pair"": [0, 15, 1, 2], ""acc"": 0.4, ""vel"": 20.71, ""pos"": 88.8, ""error"": 31.2032287999995}, {""pair"": [0, 15, 1, 2], ""acc"": 0.4, ""vel"": 20.71, ""pos"": 88.8, ""error"": 31.147369599999628}, {""pair"": [0, 15, 1, 2], ""acc"": 0.4, ""vel"": 20.71, ""pos"": 88.8, ""error"": 32.104809599999626}], [{""pair"": [0, 15, 2, 2], ""acc"": 0.4, ""vel"": 20.71, ""pos"": 63.2, ""error"": 5.603228799999506}, {""pair"": [0, 15, 2, 2], ""acc"": 0.4, ""vel"": 20.71, ""pos"": 63.2, ""error"": 5.547369599999634}, {""pair"": [0, 15, 2, 2], ""acc"": 0.4, ""vel"": 20.71, ""pos"": 63.2, ""error"": 6.5048095999996285}], [{""pair"": [2, 15, 0, 2], ""acc"": -25.2, ""vel"": 25.83, ""pos"": 60.0, ""error"": 2.716771200000494}, {""pair"": [2, 15, 0, 2], ""acc"": -25.2, ""vel"": 25.83, ""pos"": 60.0, ""error"": 2.7726304000003665}, {""pair"": [2, 15, 0, 2], ""acc"": -25.2, ""vel"": 25.83, ""pos"": 60.0, ""error"": 2.012790400000643}], [{""pair"": [2, 15, 1, 2], ""acc"": -25.2, ""vel"": 20.71, ""pos"": 85.6, ""error"": 28.003228799999498}, {""pair"": [2, 15, 1, 2], ""acc"": -25.2, ""vel"": 20.71, ""pos"": 85.6, ""error"": 27.947369599999625}, {""pair"": [2, 15, 1, 2], ""acc"": -25.2, ""vel"": 20.71, ""pos"": 85.6, ""error"": 28.90480959999962}], [{""pair"": [2, 15, 2, 2], ""acc"": -25.2, ""vel"": 20.71, ""pos"": 60.0, ""error"": 7.829571200000508}, {""pair"": [2, 15, 2, 2], ""acc"": -25.2, ""vel"": 20.71, ""pos"": 60.0, ""error"": 7.770230400000635}, {""pair"": [2, 15, 2, 2], ""acc"": -25.2, ""vel"": 20.71, ""pos"": 60.0, ""error"": 7.132790400000641}]]","[[[0, 15, 0, 2], [0.4, 25.83, 63.2], 0.49042879999949207], [[0, 15, 1, 2], [0.4, 20.71, 88.8], 31.147369599999628], [[0, 15, 2, 2], [0.4, 20.71, 63.2], 5.547369599999634], [[2, 15, 0, 2], [-25.2, 25.83, 60.0], 2.012790400000643], [[2, 15, 1, 2], [-25.2, 20.71, 85.6], 27.947369599999625], [[2, 15, 2, 2], [-25.2, 20.71, 60.0], 7.132790400000641]]"
0.4,25.84,63.6,0.4,25.68,63.6,0.4,25.84,63.6,"[{""pair"": [3, 11, 1, 13], ""acc"": 0.4, ""vel"": 25.84, ""pos"": 63.6, ""error"": 0.042367799999897926}, {""pair"": [0, 11, 1, 13], ""acc"": 2.0, ""vel"": 25.84, ""pos"": 63.6, ""error"": 0.042367799999897926}, {""pair"": [1, 11, 1, 13], ""acc"": 0.4, ""vel"": 25.88, ""pos"": 63.6, ""error"": 0.08236779999989707}, {""pair"": [3, 13, 1, 11], ""acc"": 0.4, ""vel"": 25.72, ""pos"": 63.6, ""error"": 0.15596779999989252}, {""pair"": [1, 11, 0, 13], ""acc"": 6.8, ""vel"": 25.72, ""pos"": 63.6, ""error"": 0.15596779999989252}, {""pair"": [2, 11, 1, 13], ""acc"": 0.4, ""vel"": 25.84, ""pos"": 63.8, ""error"": 0.1640322000001042}, {""pair"": [3, 13, 0, 11], ""acc"": 2.0, ""vel"": 25.68, ""pos"": 63.6, ""error"": 0.19596779999989167}, {""pair"": [3, 11, 0, 13], ""acc"": 6.8, ""vel"": 25.68, ""pos"": 63.6, ""error"": 0.19596779999989167}, {""pair"": [3, 13, 2, 11], ""acc"": 0.4, ""vel"": 25.68, ""pos"": 63.8, ""error"": 0.31763220000009795}, {""pair"": [2, 11, 0, 13], ""acc"": 6.8, ""vel"": 25.68, ""pos"": 63.8, ""error"": 0.31763220000009795}]","[[3, 11, 1, 13], [0, 11, 1, 13], [1, 11, 1, 13], [3, 13, 1, 11], [1, 11, 0, 13], [2, 11, 1, 13], [3, 13, 0, 11], [3, 11, 0, 13], [3, 13, 2, 11], [2, 11, 0, 13]]","[[{""pair"": [3, 11, 0, 13], ""acc"": 6.8, ""vel"": 25.68, ""pos"": 63.6, ""error"": 0.19596779999989167}, {""pair"": [3, 11, 0, 13], ""acc"": 6.8, ""vel"": 25.68, ""pos"": 63.6, ""error"": 5.011072200000086}, {""pair"": [3, 11, 0, 13], ""acc"": 6.8, ""vel"": 25.68, ""pos"": 63.6, ""error"": 30.515327799999902}], [{""pair"": [3, 11, 1, 13], ""acc"": 0.4, ""vel"": 25.84, ""pos"": 63.6, ""error"": 0.042367799999897926}, {""pair"": [3, 11, 1, 13], ""acc"": 0.4, ""vel"": 25.84, ""pos"": 63.6, ""error"": 5.171072200000086}, {""pair"": [3, 11, 1, 13], ""acc"": 0.4, ""vel"": 25.84, ""pos"": 63.6, ""error"": 30.675327799999902}], [{""pair"": [3, 13, 0, 11], ""acc"": 2.0, ""vel"": 25.68, ""pos"": 63.6, ""error"": 0.19596779999989167}, {""pair"": [3, 13, 0, 11], ""acc"": 2.0, ""vel"": 25.68, ""pos"": 63.6, ""error"": 5.011072200000086}, {""pair"": [3, 13, 0, 11], ""acc"": 2.0, ""vel"": 25.68, ""pos"": 63.6, ""error"": 30.515327799999902}], [{""pair"": [3, 13, 1, 11], ""acc"": 0.4, ""vel"": 25.72, ""pos"": 63.6, ""error"": 0.15596779999989252}, {""pair"": [3, 13, 1, 11], ""acc"": 0.4, ""vel"": 25.72, ""pos"": 63.6, ""error"": 5.051072200000085}, {""pair"": [3, 13, 1, 11], ""acc"": 0.4, ""vel"": 25.72, ""pos"": 63.6, ""error"": 30.5553277999999}], [{""pair"": [3, 13, 2, 11], ""acc"": 0.4, ""vel"": 25.68, ""pos"": 63.8, ""error"": 0.31763220000009795}, {""pair"": [3, 13, 2, 11], ""acc"": 0.4, ""vel"": 25.68, ""pos"": 63.8, ""error"": 5.211072200000082}, {""pair"": [3, 13, 2, 11], ""acc"": 0.4, ""vel"": 25.68, ""pos"": 63.8, ""error"": 30.315327799999906}], [{""pair"": [0, 11, 0, 13], ""acc"": 8.4, ""vel"": 25.68, ""pos"": 63.6, ""error"": 0.19596779999989167}, {""pair"": [0, 11, 0, 13], ""acc"": 8.4, ""vel"": 25.68, ""pos"": 63.6, ""error"": 5.011072200000086}, {""pair"": [0, 11, 0, 13], ""acc"": 8.4, ""vel"": 25.68, ""pos"": 63.6, ""error"": 30.515327799999902}], [{""pair"": [0, 11, 1, 13], ""acc"": 2.0, ""vel"": 25.84, ""pos"": 63.6, ""error"": 0.042367799999897926}, {""pair"": [0, 11, 1, 13], ""acc"": 2.0, ""vel"": 25.84, ""pos"": 63.6, ""error"": 5.171072200000086}, {""pair"": [0, 11, 1, 13], ""acc"": 2.0, ""vel"": 25.84, ""pos"": 63.6, ""error"": 30.675327799999902}], [{""pair"": [1, 11, 0, 13], ""acc"": 6.8, ""vel"": 25.72, ""pos"": 63.6, ""error"": 0.15596779999989252}, {""pair"": [1, 11, 0, 13], ""acc"": 6.8, ""vel"": 25.72, ""pos"": 63.6, ""error"": 5.051072200000085}, {""pair"": [1, 11, 0, 13], ""acc"": 6.8, ""vel"": 25.72, ""pos"": 63.6, ""error"": 30.5553277999999}], [{""pair"": [1, 11, 1, 13], ""acc"": 0.4, ""vel"": 25.88, ""pos"": 63.6, ""error"": 0.08236779999989707}, {""pair"": [1, 11, 1, 13], ""acc"": 0.4, ""vel"": 25.88, ""pos"": 63.6, ""error"": 5.2110722000000855}, {""pair"": [1, 11, 1, 13], ""acc"": 0.4, ""vel"": 25.88, ""pos"": 63.6, ""error"": 30.7153277999999}], [{""pair"": [2, 11, 0, 13], ""acc"": 6.8, ""vel"": 25.68, ""pos"": 63.8, ""error"": 0.31763220000009795}, {""pair"": [2, 11, 0, 13], ""acc"": 6.8, ""vel"": 25.68, ""pos"": 63.8, ""error"": 5.211072200000082}, {""pair"": [2, 11, 0, 13], ""acc"": 6.8, ""vel"": 25.68, ""pos"": 63.8, ""error"": 30.315327799999906}], [{""pair"": [2, 11, 1, 13], ""acc"": 0.4, ""vel"": 25.84, ""pos"": 63.8, ""error"": 0.1640322000001042}, {""pair"": [2, 11, 1, 13], ""acc"": 0.4, ""vel"": 25.84, ""pos"": 63.8, ""error"": 5.371072200000082}, {""pair"": [2, 11, 1, 13], ""acc"": 0.4, ""vel"": 25.84, ""pos"": 63.8, ""error"": 30.475327799999906}]]","[[[3, 11, 0, 13], [6.8, 25.68, 63.6], 0.19596779999989167], [[3, 11, 1, 13], [0.4, 25.84, 63.6], 0.042367799999897926], [[3, 13, 0, 11], [2.0, 25.68, 63.6], 0.19596779999989167], [[3, 13, 1, 11], [0.4, 25.72, 63.6], 0.15596779999989252], [[3, 13, 2, 11], [0.4, 25.68, 63.8], 0.31763220000009795], [[0, 11, 0, 13], [8.4, 25.68, 63.6], 0.19596779999989167], [[0, 11, 1, 13], [2.0, 25.84, 63.6], 0.042367799999897926], [[1, 11, 0, 13], [6.8, 25.72, 63.6], 0.15596779999989252], [[1, 11, 1, 13], [0.4, 25.88, 63.6], 0.08236779999989707], [[2, 11, 0, 13], [6.8, 25.68, 63.8], 0.31763220000009795], [[2, 11, 1, 13], [0.4, 25.84, 63.8], 0.1640322000001042]]"
0.4,25.84,64.0,0.4,36.08,12.8,0.4,25.85,64.5,"[{""pair"": [0, 0, 0, 0], ""acc"": 0.4, ""vel"": 25.85, ""pos"": 64.5, ""error"": 0}]","[[0, 0, 0, 0]]",[],"[[[0, 0, 0, 0], [0.4, 25.85, 64.5], 0]]"
0.4,25.86,64.9,0.4,50.0,64.1,0.4,25.86,64.9,"[{""pair"": [2, 13, 0, 5], ""acc"": 0.4, ""vel"": 25.86, ""pos"": 64.9, ""error"": 0.0427077999998815}, {""pair"": [0, 13, 0, 5], ""acc"": 6.8, ""vel"": 25.86, ""pos"": 64.1, ""error"": 0.8427077999998929}]","[[2, 13, 0, 5], [0, 13, 0, 5]]","[[{""pair"": [0, 13, 0, 5], ""acc"": 6.8, ""vel"": 25.86, ""pos"": 64.1, ""error"": 0.8427077999998929}], [{""pair"": [2, 13, 0, 5], ""acc"": 0.4, ""vel"": 25.86, ""pos"": 64.9, ""error"": 0.0427077999998815}]]","[[[0, 13, 0, 5], [6.8, 25.86, 64.1], 0.8427077999998929], [[2, 13, 0, 5], [0.4, 25.86, 64.9], 0.0427077999998815]]"
0.4,25.87,65.3,0.4,25.87,65.3,0.0,25.87,65.3,"[{""pair"": [3, 3, 0, 9], ""acc"": 0.0, ""vel"": 25.87, ""pos"": 65.3, ""error"": 0.04287779999989638}, {""pair"": [3, 3, 2, 9], ""acc"": 0.4, ""vel"": 25.87, ""pos"": 65.3, ""error"": 0.04287779999989638}, {""pair"": [3, 3, 1, 9], ""acc"": 0.4, ""vel"": 25.86, ""pos"": 65.3, ""error"": 0.046477799999891545}, {""pair"": [0, 3, 1, 9], ""acc"": 0.4, ""vel"": 36.1, ""pos"": 65.3, ""error"": 10.272877799999897}, {""pair"": [0, 3, 0, 9], ""acc"": 0.0, ""vel"": 36.11, ""pos"": 65.3, ""error"": 10.282877799999895}, {""pair"": [0, 3, 2, 9], ""acc"": 0.4, ""vel"": 36.11, ""pos"": 65.3, ""error"": 10.282877799999895}]","[[3, 3, 0, 9], [3, 3, 2, 9], [3, 3, 1, 9], [0, 3, 1, 9], [0, 3, 0, 9], [0, 3, 2, 9]]","[[{""pair"": [3, 3, 0, 9], ""acc"": 0.0, ""vel"": 25.87, ""pos"": 65.3, ""error"": 0.04287779999989638}, {""pair"": [3, 3, 0, 9], ""acc"": 0.0, ""vel"": 25.87, ""pos"": 65.3, ""error"": 0.8649974000000817}], [{""pair"": [3, 3, 1, 9], ""acc"": 0.4, ""vel"": 25.86, ""pos"": 65.3, ""error"": 0.046477799999891545}, {""pair"": [3, 3, 1, 9], ""acc"": 0.4, ""vel"": 25.86, ""pos"": 65.3, ""error"": 0.8749974000000833}], [{""pair"": [3, 3, 2, 9], ""acc"": 0.4, ""vel"": 25.87, ""pos"": 65.3, ""error"": 0.04287779999989638}, {""pair"": [3, 3, 2, 9], ""acc"": 0.4, ""vel"": 25.87, ""pos"": 65.3, ""error"": 0.8649974000000817}], [{""pair"": [0, 3, 0, 9], ""acc"": 0.0, ""vel"": 36.11, ""pos"": 65.3, ""error"": 10.282877799999895}, {""pair"": [0, 3, 0, 9], ""acc"": 0.0, ""vel"": 36.11, ""pos"": 65.3, ""error"": 10.893797400000139}], [{""pair"": [0, 3, 1, 9], ""acc"": 0.4, ""vel"": 36.1, ""pos"": 65.3, ""error"": 10.272877799999897}, {""pair"": [0, 3, 1, 9], ""acc"": 0.4, ""vel"": 36.1, ""pos"": 65.3, ""error"": 10.883797400000141}], [{""pair"": [0, 3, 2, 9], ""acc"": 0.4, ""vel"": 36.11, ""pos"": 65.3, ""error"": 10.282877799999895}, {""pair"": [0, 3, 2, 9], ""acc"": 0.4, ""vel"": 36.11, ""pos"": 65.3, ""error"": 10.893797400000139}]]","[[[3, 3, 0, 9], [0.0, 25.87, 65.3], 0.04287779999989638], [[3, 3, 1, 9], [0.4, 25.86, 65.3], 0.046477799999891545], [[3, 3, 2, 9], [0.4, 25.87, 65.3], 0.04287779999989638], [[0, 3, 0, 9], [0.0, 36.11, 65.3], 10.282877799999895], [[0, 3, 1, 9], [0.4, 36.1, 65.3], 10.272877799999897], [[0, 3, 2, 9], [0.4, 36.11, 65.3], 10.282877799999895]]"
0.4,25.87,65.8,0.0,25.87,65.9,0.0,25.85,65.9,"[{""pair"": [3, 9, 1, 10], ""acc"": 0.0, ""vel"": 25.85, ""pos"": 65.9, ""error"": 0.2737100000003956}, {""pair"": [2, 9, 1, 10], ""acc"": 0.0, ""vel"": 25.85, ""pos"": 65.9, ""error"": 0.2737100000003956}, {""pair"": [0, 9, 1, 10], ""acc"": 0.4, ""vel"": 25.85, ""pos"": 65.9, ""error"": 0.2737100000003956}, {""pair"": [3, 9, 2, 10], ""acc"": 0.0, ""vel"": 25.87, ""pos"": 65.8, ""error"": 0.35371000000040453}, {""pair"": [2, 9, 2, 10], ""acc"": 0.0, ""vel"": 25.87, ""pos"": 65.8, ""error"": 0.35371000000040453}, {""pair"": [0, 9, 2, 10], ""acc"": 0.4, ""vel"": 25.87, ""pos"": 65.8, ""error"": 0.35371000000040453}]","[[3, 9, 1, 10], [2, 9, 1, 10], [0, 9, 1, 10], [3, 9, 2, 10], [2, 9, 2, 10], [0, 9, 2, 10]]","[[{""pair"": [3, 9, 1, 10], ""acc"": 0.0, ""vel"": 25.85, ""pos"": 65.9, ""error"": 0.2737100000003956}, {""pair"": [3, 9, 1, 10], ""acc"": 0.0, ""vel"": 25.85, ""pos"": 65.9, ""error"": 0.28712780000040183}, {""pair"": [3, 9, 1, 10], ""acc"": 0.0, ""vel"": 25.85, ""pos"": 65.9, ""error"": 0.276797800000395}, {""pair"": [3, 9, 1, 10], ""acc"": 0.0, ""vel"": 25.85, ""pos"": 65.9, ""error"": 10.85471780000055}, {""pair"": [3, 9, 1, 10], ""acc"": 0.0, ""vel"": 25.85, ""pos"": 65.9, ""error"": 10.851630000000547}, {""pair"": [3, 9, 1, 10], ""acc"": 0.0, ""vel"": 25.85, ""pos"": 65.9, ""error"": 10.865047800000553}], [{""pair"": [3, 9, 2, 10], ""acc"": 0.0, ""vel"": 25.87, ""pos"": 65.8, ""error"": 0.35371000000040453}, {""pair"": [3, 9, 2, 10], ""acc"": 0.0, ""vel"": 25.87, ""pos"": 65.8, ""error"": 0.3671278000004108}, {""pair"": [3, 9, 2, 10], ""acc"": 0.0, ""vel"": 25.87, ""pos"": 65.8, ""error"": 0.35679780000040395}, {""pair"": [3, 9, 2, 10], ""acc"": 0.0, ""vel"": 25.87, ""pos"": 65.8, ""error"": 10.93471780000056}, {""pair"": [3, 9, 2, 10], ""acc"": 0.0, ""vel"": 25.87, ""pos"": 65.8, ""error"": 10.931630000000556}, {""pair"": [3, 9, 2, 10], ""acc"": 0.0, ""vel"": 25.87, ""pos"": 65.8, ""error"": 10.945047800000562}], [{""pair"": [0, 9, 1, 10], ""acc"": 0.4, ""vel"": 25.85, ""pos"": 65.9, ""error"": 0.2737100000003956}, {""pair"": [0, 9, 1, 10], ""acc"": 0.4, ""vel"": 25.85, ""pos"": 65.9, ""error"": 0.28712780000040183}, {""pair"": [0, 9, 1, 10], ""acc"": 0.4, ""vel"": 25.85, ""pos"": 65.9, ""error"": 0.276797800000395}, {""pair"": [0, 9, 1, 10], ""acc"": 0.4, ""vel"": 25.85, ""pos"": 65.9, ""error"": 10.85471780000055}, {""pair"": [0, 9, 1, 10], ""acc"": 0.4, ""vel"": 25.85, ""pos"": 65.9, ""error"": 10.851630000000547}, {""pair"": [0, 9, 1, 10], ""acc"": 0.4, ""vel"": 25.85, ""pos"": 65.9, ""error"": 10.865047800000553}], [{""pair"": [0, 9, 2, 10], ""acc"": 0.4, ""vel"": 25.87, ""pos"": 65.8, ""error"": 0.35371000000040453}, {""pair"": [0, 9, 2, 10], ""acc"": 0.4, ""vel"": 25.87, ""pos"": 65.8, ""error"": 0.3671278000004108}, {""pair"": [0, 9, 2, 10], ""acc"": 0.4, ""vel"": 25.87, ""pos"": 65.8, ""error"": 0.35679780000040395}, {""pair"": [0, 9, 2, 10], ""acc"": 0.4, ""vel"": 25.87, ""pos"": 65.8, ""error"": 10.93471780000056}, {""pair"": [0, 9, 2, 10], ""acc"": 0.4, ""vel"": 25.87, ""pos"": 65.8, ""error"": 10.931630000000556}, {""pair"": [0, 9, 2, 10], ""acc"": 0.4, ""vel"": 25.87, ""pos"": 65.8, ""error"": 10.945047800000562}], [{""pair"": [2, 9, 1, 10], ""acc"": 0.0, ""vel"": 25.85, ""pos"": 65.9, ""error"": 0.2737100000003956}, {""pair"": [2, 9, 1, 10], ""acc"": 0.0, ""vel"": 25.85, ""pos"": 65.9, ""error"": 0.28712780000040183}, {""pair"": [2, 9, 1, 10], ""acc"": 0.0, ""vel"": 25.85, ""pos"": 65.9, ""error"": 0.276797800000395}, {""pair"": [2, 9, 1, 10], ""acc"": 0.0, ""vel"": 25.85, ""pos"": 65.9, ""error"": 10.85471780000055}, {""pair"": [2, 9, 1, 10], ""acc"": 0.0, ""vel"": 25.85, ""pos"": 65.9, ""error"": 10.851630000000547}, {""pair"": [2, 9, 1, 10], ""acc"": 0.0, ""vel"": 25.85, ""pos"": 65.9, ""error"": 10.865047800000553}], [{""pair"": [2, 9, 2, 10], ""acc"": 0.0, ""vel"": 25.87, ""pos"": 65.8, ""error"": 0.35371000000040453}, {""pair"": [2, 9, 2, 10], ""acc"": 0.0, ""vel"": 25.87, ""pos"": 65.8, ""error"": 0.3671278000004108}, {""pair"": [2, 9, 2, 10], ""acc"": 0.0, ""vel"": 25.87, ""pos"": 65.8, ""error"": 0.35679780000040395}, {""pair"": [2, 9, 2, 10], ""acc"": 0.0, ""vel"": 25.87, ""pos"": 65.8, ""error"": 10.93471780000056}, {""pair"": [2, 9, 2, 10], ""acc"": 0.0, ""vel"": 25.87, ""pos"": 65.8, ""error"": 10.931630000000556}, {""pair"": [2, 9, 2, 10], ""acc"": 0.0, ""vel"": 25.87, ""pos"": 65.8, ""error"": 10.945047800000562}]]","[[[3, 9, 1, 10], [0.0, 25.85, 65.9], 0.2737100000003956], [[3, 9, 2, 10], [0.0, 25.87, 65.8], 0.35371000000040453], [[0, 9, 1, 10], [0.4, 25.85, 65.9], 0.2737100000003956], [[0, 9, 2, 10], [0.4, 25.87, 65.8], 0.35371000000040453], [[2, 9, 1, 10], [0.0, 25.85, 65.9], 0.2737100000003956], [[2, 9, 2, 10], [0.0, 25.87, 65.8], 0.35371000000040453]]"
0.4,25.89,66.60000000000001,0.4,25.73,66.6,0.4,25.89,66.7,"[{""pair"": [2, 10, 1, 13], ""acc"": 0.4, ""vel"": 25.89, ""pos"": 66.7, ""error"": 0.05287220000109372}, {""pair"": [3, 10, 1, 13], ""acc"": 0.4, ""vel"": 25.89, ""pos"": 66.6, ""error"": 0.06072779999894706}, {""pair"": [0, 10, 1, 13], ""acc"": 1.2, ""vel"": 25.89, ""pos"": 66.6, ""error"": 0.06072779999894706}, {""pair"": [1, 10, 1, 13], ""acc"": 0.4, ""vel"": 25.91, ""pos"": 66.6, ""error"": 0.08072779999894664}, {""pair"": [3, 13, 2, 10], ""acc"": 0.4, ""vel"": 25.73, ""pos"": 66.7, ""error"": 0.1730499999989341}, {""pair"": [2, 10, 0, 13], ""acc"": 6.8, ""vel"": 25.73, ""pos"": 66.7, ""error"": 0.1730499999989341}, {""pair"": [3, 13, 1, 10], ""acc"": 0.4, ""vel"": 25.75, ""pos"": 66.6, ""error"": 0.17370999999893044}, {""pair"": [1, 10, 0, 13], ""acc"": 6.8, ""vel"": 25.75, ""pos"": 66.6, ""error"": 0.17370999999893044}, {""pair"": [3, 13, 0, 10], ""acc"": 1.2, ""vel"": 25.73, ""pos"": 66.6, ""error"": 0.19370999999893002}, {""pair"": [3, 10, 0, 13], ""acc"": 6.8, ""vel"": 25.73, ""pos"": 66.6, ""error"": 0.19370999999893002}, {""pair"": [0, 10, 0, 13], ""acc"": 7.6, ""vel"": 25.73, ""pos"": 66.6, ""error"": 0.19370999999893002}]","[[2, 10, 1, 13], [3, 10, 1, 13], [0, 10, 1, 13], [1, 10, 1, 13], [3, 13, 2, 10], [2, 10, 0, 13], [3, 13, 1, 10], [1, 10, 0, 13], [3, 13, 0, 10], [3, 10, 0, 13], [0, 10, 0, 13]]","[[{""pair"": [3, 10, 0, 13], ""acc"": 6.8, ""vel"": 25.73, ""pos"": 66.6, ""error"": 0.27304999999894264}, {""pair"": [3, 10, 0, 13], ""acc"": 6.8, ""vel"": 25.73, ""pos"": 66.6, ""error"": 0.27304999999894264}, {""pair"": [3, 10, 0, 13], ""acc"": 6.8, ""vel"": 25.73, ""pos"": 66.6, ""error"": 0.2864677999989276}, {""pair"": [3, 10, 0, 13], ""acc"": 6.8, ""vel"": 25.73, ""pos"": 66.6, ""error"": 0.19370999999893002}, {""pair"": [3, 10, 0, 13], ""acc"": 6.8, ""vel"": 25.73, ""pos"": 66.6, ""error"": 0.19370999999893002}, {""pair"": [3, 10, 0, 13], ""acc"": 6.8, ""vel"": 25.73, ""pos"": 66.6, ""error"": 0.20712779999891495}], [{""pair"": [3, 10, 1, 13], ""acc"": 0.4, ""vel"": 25.89, ""pos"": 66.6, ""error"": 0.1930499999989408}, {""pair"": [3, 10, 1, 13], ""acc"": 0.4, ""vel"": 25.89, ""pos"": 66.6, ""error"": 0.1930499999989408}, {""pair"": [3, 10, 1, 13], ""acc"": 0.4, ""vel"": 25.89, ""pos"": 66.6, ""error"": 0.18006779999895883}, {""pair"": [3, 10, 1, 13], ""acc"": 0.4, ""vel"": 25.89, ""pos"": 66.6, ""error"": 0.07370999999892902}, {""pair"": [3, 10, 1, 13], ""acc"": 0.4, ""vel"": 25.89, ""pos"": 66.6, ""error"": 0.07370999999892902}, {""pair"": [3, 10, 1, 13], ""acc"": 0.4, ""vel"": 25.89, ""pos"": 66.6, ""error"": 0.06072779999894706}], [{""pair"": [3, 13, 0, 10], ""acc"": 1.2, ""vel"": 25.73, ""pos"": 66.6, ""error"": 0.27304999999894264}, {""pair"": [3, 13, 0, 10], ""acc"": 1.2, ""vel"": 25.73, ""pos"": 66.6, ""error"": 0.27304999999894264}, {""pair"": [3, 13, 0, 10], ""acc"": 1.2, ""vel"": 25.73, ""pos"": 66.6, ""error"": 0.2864677999989276}, {""pair"": [3, 13, 0, 10], ""acc"": 1.2, ""vel"": 25.73, ""pos"": 66.6, ""error"": 0.19370999999893002}, {""pair"": [3, 13, 0, 10], ""acc"": 1.2, ""vel"": 25.73, ""pos"": 66.6, ""error"": 0.19370999999893002}, {""pair"": [3, 13, 0, 10], ""acc"": 1.2, ""vel"": 25.73, ""pos"": 66.6, ""error"": 0.20712779999891495}], [{""pair"": [3, 13, 1, 10], ""acc"": 0.4, ""vel"": 25.75, ""pos"": 66.6, ""error"": 0.25304999999894306}, {""pair"": [3, 13, 1, 10], ""acc"": 0.4, ""vel"": 25.75, ""pos"": 66.6, ""error"": 0.25304999999894306}, {""pair"": [3, 13, 1, 10], ""acc"": 0.4, ""vel"": 25.75, ""pos"": 66.6, ""error"": 0.266467799998928}, {""pair"": [3, 13, 1, 10], ""acc"": 0.4, ""vel"": 25.75, ""pos"": 66.6, ""error"": 0.17370999999893044}, {""pair"": [3, 13, 1, 10], ""acc"": 0.4, ""vel"": 25.75, ""pos"": 66.6, ""error"": 0.17370999999893044}, {""pair"": [3, 13, 1, 10], ""acc"": 0.4, ""vel"": 25.75, ""pos"": 66.6, ""error"": 0.18712779999891538}], [{""pair"": [3, 13, 2, 10], ""acc"": 0.4, ""vel"": 25.73, ""pos"": 66.7, ""error"": 0.1730499999989341}, {""pair"": [3, 13, 2, 10], ""acc"": 0.4, ""vel"": 25.73, ""pos"": 66.7, ""error"": 0.1730499999989341}, {""pair"": [3, 13, 2, 10], ""acc"": 0.4, ""vel"": 25.73, ""pos"": 66.7, ""error"": 0.18646779999891905}, {""pair"": [3, 13, 2, 10], ""acc"": 0.4, ""vel"": 25.73, ""pos"": 66.7, ""error"": 0.18629000000107965}, {""pair"": [3, 13, 2, 10], ""acc"": 0.4, ""vel"": 25.73, ""pos"": 66.7, ""error"": 0.18629000000107965}, {""pair"": [3, 13, 2, 10], ""acc"": 0.4, ""vel"": 25.73, ""pos"": 66.7, ""error"": 0.1992722000010616}], [{""pair"": [0, 10, 0, 13], ""acc"": 7.6, ""vel"": 25.73, ""pos"": 66.6, ""error"": 0.27304999999894264}, {""pair"": [0, 10, 0, 13], ""acc"": 7.6, ""vel"": 25.73, ""pos"": 66.6, ""error"": 0.27304999999894264}, {""pair"": [0, 10, 0, 13], ""acc"": 7.6, ""vel"": 25.73, ""pos"": 66.6, ""error"": 0.2864677999989276}, {""pair"": [0, 10, 0, 13], ""acc"": 7.6, ""vel"": 25.73, ""pos"": 66.6, ""error"": 0.19370999999893002}, {""pair"": [0, 10, 0, 13], ""acc"": 7.6, ""vel"": 25.73, ""pos"": 66.6, ""error"": 0.19370999999893002}, {""pair"": [0, 10, 0, 13], ""acc"": 7.6, ""vel"": 25.73, ""pos"": 66.6, ""error"": 0.20712779999891495}], [{""pair"": [0, 10, 1, 13], ""acc"": 1.2, ""vel"": 25.89, ""pos"": 66.6, ""error"": 0.1930499999989408}, {""pair"": [0, 10, 1, 13], ""acc"": 1.2, ""vel"": 25.89, ""pos"": 66.6, ""error"": 0.1930499999989408}, {""pair"": [0, 10, 1, 13], ""acc"": 1.2, ""vel"": 25.89, ""pos"": 66.6, ""error"": 0.18006779999895883}, {""pair"": [0, 10, 1, 13], ""acc"": 1.2, ""vel"": 25.89, ""pos"": 66.6, ""error"": 0.07370999999892902}, {""pair"": [0, 10, 1, 13], ""acc"": 1.2, ""vel"": 25.89, ""pos"": 66.6, ""error"": 0.07370999999892902}, {""pair"": [0, 10, 1, 13], ""acc"": 1.2, ""vel"": 25.89, ""pos"": 66.6, ""error"": 0.06072779999894706}], [{""pair"": [1, 10, 0, 13], ""acc"": 6.8, ""vel"": 25.75, ""pos"": 66.6, ""error"": 0.25304999999894306}, {""pair"": [1, 10, 0, 13], ""acc"": 6.8, ""vel"": 25.75, ""pos"": 66.6, ""error"": 0.25304999999894306}, {""pair"": [1, 10, 0, 13], ""acc"": 6.8, ""vel"": 25.75, ""pos"": 66.6, ""error"": 0.266467799998928}, {""pair"": [1, 10, 0, 13], ""acc"": 6.8, ""vel"": 25.75, ""pos"": 66.6, ""error"": 0.17370999999893044}, {""pair"": [1, 10, 0, 13], ""acc"": 6.8, ""vel"": 25.75, ""pos"": 66.6, ""error"": 0.17370999999893044}, {""pair"": [1, 10, 0, 13], ""acc"": 6.8, ""vel"": 25.75, ""pos"": 66.6, ""error"": 0.18712779999891538}], [{""pair"": [1, 10, 1, 13], ""acc"": 0.4, ""vel"": 25.91, ""pos"": 66.6, ""error"": 0.21304999999894036}, {""pair"": [1, 10, 1, 13], ""acc"": 0.4, ""vel"": 25.91, ""pos"": 66.6, ""error"": 0.21304999999894036}, {""pair"": [1, 10, 1, 13], ""acc"": 0.4, ""vel"": 25.91, ""pos"": 66.6, ""error"": 0.2000677999989584}, {""pair"": [1, 10, 1, 13], ""acc"": 0.4, ""vel"": 25.91, ""pos"": 66.6, ""error"": 0.0937099999989286}, {""pair"": [1, 10, 1, 13], ""acc"": 0.4, ""vel"": 25.91, ""pos"": 66.6, ""error"": 0.0937099999989286}, {""pair"": [1, 10, 1, 13], ""acc"": 0.4, ""vel"": 25.91, ""pos"": 66.6, ""error"": 0.08072779999894664}], [{""pair"": [2, 10, 0, 13], ""acc"": 6.8, ""vel"": 25.73, ""pos"": 66.7, ""error"": 0.1730499999989341}, {""pair"": [2, 10, 0, 13], ""acc"": 6.8, ""vel"": 25.73, ""pos"": 66.7, ""error"": 0.1730499999989341}, {""pair"": [2, 10, 0, 13], ""acc"": 6.8, ""vel"": 25.73, ""pos"": 66.7, ""error"": 0.18646779999891905}, {""pair"": [2, 10, 0, 13], ""acc"": 6.8, ""vel"": 25.73, ""pos"": 66.7, ""error"": 0.18629000000107965}, {""pair"": [2, 10, 0, 13], ""acc"": 6.8, ""vel"": 25.73, ""pos"": 66.7, ""error"": 0.18629000000107965}, {""pair"": [2, 10, 0, 13], ""acc"": 6.8, ""vel"": 25.73, ""pos"": 66.7, ""error"": 0.1992722000010616}], [{""pair"": [2, 10, 1, 13], ""acc"": 0.4, ""vel"": 25.89, ""pos"": 66.7, ""error"": 0.09304999999893226}, {""pair"": [2, 10, 1, 13], ""acc"": 0.4, ""vel"": 25.89, ""pos"": 66.7, ""error"": 0.09304999999893226}, {""pair"": [2, 10, 1, 13], ""acc"": 0.4, ""vel"": 25.89, ""pos"": 66.7, ""error"": 0.0800677999989503}, {""pair"": [2, 10, 1, 13], ""acc"": 0.4, ""vel"": 25.89, ""pos"": 66.7, ""error"": 0.06629000000107865}, {""pair"": [2, 10, 1, 13], ""acc"": 0.4, ""vel"": 25.89, ""pos"": 66.7, ""error"": 0.06629000000107865}, {""pair"": [2, 10, 1, 13], ""acc"": 0.4, ""vel"": 25.89, ""pos"": 66.7, ""error"": 0.05287220000109372}]]","[[[3, 10, 0, 13], [6.8, 25.73, 66.6], 0.19370999999893002], [[3, 10, 1, 13], [0.4, 25.89, 66.6], 0.06072779999894706], [[3, 13, 0, 10], [1.2, 25.73, 66.6], 0.19370999999893002], [[3, 13, 1, 10], [0.4, 25.75, 66.6], 0.17370999999893044], [[3, 13, 2, 10], [0.4, 25.73, 66.7], 0.1730499999989341], [[0, 10, 0, 13], [7.6, 25.73, 66.6], 0.19370999999893002], [[0, 10, 1, 13], [1.2, 25.89, 66.6], 0.06072779999894706], [[1, 10, 0, 13], [6.8, 25.75, 66.6], 0.17370999999893044], [[1, 10, 1, 13], [0.4, 25.91, 66.6], 0.08072779999894664], [[2, 10, 0, 13], [6.8, 25.73, 66.7], 0.1730499999989341], [[2, 10, 1, 13], [0.4, 25.89, 66.7], 0.05287220000109372]]"
0.4,25.9,67.5,0.4,25.9,67.4,1.2,25.9,67.4,"[{""pair"": [3, 5, 0, 10], ""acc"": 1.2, ""vel"": 25.9, ""pos"": 67.4, ""error"": 0.2630122000001123}, {""pair"": [3, 5, 2, 10], ""acc"": 0.4, ""vel"": 25.9, ""pos"": 67.5, ""error"": 0.3630122000001066}]","[[3, 5, 0, 10], [3, 5, 2, 10]]","[[{""pair"": [3, 5, 0, 10], ""acc"": 1.2, ""vel"": 25.9, ""pos"": 67.4, ""error"": 0.2630122000001123}, {""pair"": [3, 5, 0, 10], ""acc"": 1.2, ""vel"": 25.9, ""pos"": 67.4, ""error"": 0.3630122000001208}, {""pair"": [3, 5, 0, 10], ""acc"": 1.2, ""vel"": 25.9, ""pos"": 67.4, ""error"": 0.37009660000011735}, {""pair"": [3, 5, 0, 10], ""acc"": 1.2, ""vel"": 25.9, ""pos"": 67.4, ""error"": 0.37627220000012684}, {""pair"": [3, 5, 0, 10], ""acc"": 1.2, ""vel"": 25.9, ""pos"": 67.4, ""error"": 0.4257322000001089}, {""pair"": [3, 5, 0, 10], ""acc"": 1.2, ""vel"": 25.9, ""pos"": 67.4, ""error"": 0.31600740000012806}, {""pair"": [3, 5, 0, 10], ""acc"": 1.2, ""vel"": 25.9, ""pos"": 67.4, ""error"": 0.5053922000001236}, {""pair"": [3, 5, 0, 10], ""acc"": 1.2, ""vel"": 25.9, ""pos"": 67.4, ""error"": 0.3956674000001428}, {""pair"": [3, 5, 0, 10], ""acc"": 1.2, ""vel"": 25.9, ""pos"": 67.4, ""error"": 0.5120166000001198}, {""pair"": [3, 5, 0, 10], ""acc"": 1.2, ""vel"": 25.9, ""pos"": 67.4, ""error"": 0.4160074000001366}, {""pair"": [3, 5, 0, 10], ""acc"": 1.2, ""vel"": 25.9, ""pos"": 67.4, ""error"": 0.402291800000139}], [{""pair"": [3, 5, 2, 10], ""acc"": 0.4, ""vel"": 25.9, ""pos"": 67.5, ""error"": 0.3630122000001066}, {""pair"": [3, 5, 2, 10], ""acc"": 0.4, ""vel"": 25.9, ""pos"": 67.5, ""error"": 0.4630122000001151}, {""pair"": [3, 5, 2, 10], ""acc"": 0.4, ""vel"": 25.9, ""pos"": 67.5, ""error"": 0.47009660000011166}, {""pair"": [3, 5, 2, 10], ""acc"": 0.4, ""vel"": 25.9, ""pos"": 67.5, ""error"": 0.47627220000012116}, {""pair"": [3, 5, 2, 10], ""acc"": 0.4, ""vel"": 25.9, ""pos"": 67.5, ""error"": 0.5257322000001032}, {""pair"": [3, 5, 2, 10], ""acc"": 0.4, ""vel"": 25.9, ""pos"": 67.5, ""error"": 0.4160074000001224}, {""pair"": [3, 5, 2, 10], ""acc"": 0.4, ""vel"": 25.9, ""pos"": 67.5, ""error"": 0.605392200000118}, {""pair"": [3, 5, 2, 10], ""acc"": 0.4, ""vel"": 25.9, ""pos"": 67.5, ""error"": 0.4956674000001371}, {""pair"": [3, 5, 2, 10], ""acc"": 0.4, ""vel"": 25.9, ""pos"": 67.5, ""error"": 0.6120166000001142}, {""pair"": [3, 5, 2, 10], ""acc"": 0.4, ""vel"": 25.9, ""pos"": 67.5, ""error"": 0.5160074000001309}, {""pair"": [3, 5, 2, 10], ""acc"": 0.4, ""vel"": 25.9, ""pos"": 67.5, ""error"": 0.5022918000001333}]]","[[[3, 5, 0, 10], [1.2, 25.9, 67.4], 0.2630122000001123], [[3, 5, 2, 10], [0.4, 25.9, 67.5], 0.3630122000001066]]"
0.4,25.91,67.9,0.4,25.91,67.7,0.4,25.91,67.9,"[{""pair"": [3, 8, 2, 11], ""acc"": 0.4, ""vel"": 25.91, ""pos"": 67.9, ""error"": 0.04355779999988485}, {""pair"": [3, 8, 0, 11], ""acc"": 2.0, ""vel"": 25.91, ""pos"": 67.7, ""error"": 0.15087339999988458}]","[[3, 8, 2, 11], [3, 8, 0, 11]]","[[{""pair"": [3, 8, 0, 11], ""acc"": 2.0, ""vel"": 25.91, ""pos"": 67.7, ""error"": 0.15087339999988458}, {""pair"": [3, 8, 0, 11], ""acc"": 2.0, ""vel"": 25.91, ""pos"": 67.7, ""error"": 0.2435577999998877}], [{""pair"": [3, 8, 2, 11], ""acc"": 0.4, ""vel"": 25.91, ""pos"": 67.9, ""error"": 0.06992660000010531}, {""pair"": [3, 8, 2, 11], ""acc"": 0.4, ""vel"": 25.91, ""pos"": 67.9, ""error"": 0.04355779999988485}]]","[[[3, 8, 0, 11], [2.0, 25.91, 67.7], 0.15087339999988458], [[3, 8, 2, 11], [0.4, 25.91, 67.9], 0.04355779999988485]]"
0.4,25.91,68.4,0.4,25.91,170.8,0.4,25.91,68.4,"[{""pair"": [3, 2, 1, 4], ""acc"": 0.4, ""vel"": 25.91, ""pos"": 68.4, ""error"": 0.09178879999949885}, {""pair"": [2, 2, 1, 4], ""acc"": 0.4, ""vel"": 25.91, ""pos"": 68.4, ""error"": 0.09178879999949885}, {""pair"": [1, 2, 1, 4], ""acc"": 0.4, ""vel"": 25.91, ""pos"": 94.0, ""error"": 25.691788799999493}, {""pair"": [1, 3, 0, 2], ""acc"": 0.4, ""vel"": 20.79, ""pos"": 119.6, ""error"": 56.411788799999485}, {""pair"": [3, 2, 2, 4], ""acc"": 0.4, ""vel"": 25.91, ""pos"": 170.8, ""error"": 102.49178879999951}, {""pair"": [2, 2, 2, 4], ""acc"": 0.4, ""vel"": 25.91, ""pos"": 170.8, ""error"": 102.49178879999951}, {""pair"": [3, 2, 0, 4], ""acc"": 0.4, ""vel"": 5.43, ""pos"": 170.8, ""error"": 122.9717887999995}, {""pair"": [2, 2, 0, 4], ""acc"": 0.4, ""vel"": 5.43, ""pos"": 170.8, ""error"": 122.9717887999995}, {""pair"": [1, 2, 2, 4], ""acc"": 0.4, ""vel"": 25.91, ""pos"": 196.4, ""error"": 128.0917887999995}, {""pair"": [1, 2, 0, 4], ""acc"": 0.4, ""vel"": 5.43, ""pos"": 196.4, ""error"": 148.5717887999995}]","[[3, 2, 1, 4], [2, 2, 1, 4], [1, 2, 1, 4], [1, 3, 0, 2], [3, 2, 2, 4], [2, 2, 2, 4], [3, 2, 0, 4], [2, 2, 0, 4], [1, 2, 2, 4], [1, 2, 0, 4]]","[[{""pair"": [1, 3, 0, 2], ""acc"": 0.4, ""vel"": 20.79, ""pos"": 119.6, ""error"": 56.411788799999485}, {""pair"": [1, 3, 0, 2], ""acc"": 0.4, ""vel"": 20.79, ""pos"": 119.6, ""error"": 56.63718399999952}], [{""pair"": [3, 2, 0, 4], ""acc"": 0.4, ""vel"": 5.43, ""pos"": 170.8, ""error"": 122.9717887999995}, {""pair"": [3, 2, 0, 4], ""acc"": 0.4, ""vel"": 5.43, ""pos"": 170.8, ""error"": 123.19718399999954}], [{""pair"": [3, 2, 1, 4], ""acc"": 0.4, ""vel"": 25.91, ""pos"": 68.4, ""error"": 0.09178879999949885}, {""pair"": [3, 2, 1, 4], ""acc"": 0.4, ""vel"": 25.91, ""pos"": 68.4, ""error"": 0.3171839999995285}], [{""pair"": [3, 2, 2, 4], ""acc"": 0.4, ""vel"": 25.91, ""pos"": 170.8, ""error"": 102.49178879999951}, {""pair"": [3, 2, 2, 4], ""acc"": 0.4, ""vel"": 25.91, ""pos"": 170.8, ""error"": 102.71718399999953}], [{""pair"": [1, 2, 0, 4], ""acc"": 0.4, ""vel"": 5.43, ""pos"": 196.4, ""error"": 148.5717887999995}, {""pair"": [1, 2, 0, 4], ""acc"": 0.4, ""vel"": 5.43, ""pos"": 196.4, ""error"": 148.79718399999953}], [{""pair"": [1, 2, 1, 4], ""acc"": 0.4, ""vel"": 25.91, ""pos"": 94.0, ""error"": 25.691788799999493}, {""pair"": [1, 2, 1, 4], ""acc"": 0.4, ""vel"": 25.91, ""pos"": 94.0, ""error"": 25.917183999999523}], [{""pair"": [1, 2, 2, 4], ""acc"": 0.4, ""vel"": 25.91, ""pos"": 196.4, ""error"": 128.0917887999995}, {""pair"": [1, 2, 2, 4], ""acc"": 0.4, ""vel"": 25.91, ""pos"": 196.4, ""error"": 128.31718399999954}], [{""pair"": [2, 2, 0, 4], ""acc"": 0.4, ""vel"": 5.43, ""pos"": 170.8, ""error"": 122.9717887999995}, {""pair"": [2, 2, 0, 4], ""acc"": 0.4, ""vel"": 5.43, ""pos"": 170.8, ""error"": 123.19718399999954}], [{""pair"": [2, 2, 1, 4], ""acc"": 0.4, ""vel"": 25.91, ""pos"": 68.4, ""error"": 0.09178879999949885}, {""pair"": [2, 2, 1, 4], ""acc"": 0.4, ""vel"": 25.91, ""pos"": 68.4, ""error"": 0.3171839999995285}], [{""pair"": [2, 2, 2, 4], ""acc"": 0.4, ""vel"": 25.91, ""pos"": 170.8, ""error"": 102.49178879999951}, {""pair"": [2, 2, 2, 4], ""acc"": 0.4, ""vel"": 25.91, ""pos"": 170.8, ""error"": 102.71718399999953}]]","[[[1, 3, 0, 2], [0.4, 20.79, 119.6], 56.411788799999485], [[3, 2, 0, 4], [0.4, 5.43, 170.8], 122.9717887999995], [[3, 2, 1, 4], [0.4, 25.91, 68.4], 0.09178879999949885], [[3, 2, 2, 4], [0.4, 25.91, 170.8], 102.49178879999951], [[1, 2, 0, 4], [0.4, 5.43, 196.4], 148.5717887999995], [[1, 2, 1, 4], [0.4, 25.91, 94.0], 25.691788799999493], [[1, 2, 2, 4], [0.4, 25.91, 196.4], 128.0917887999995], [[2, 2, 0, 4], [0.4, 5.43, 170.8], 122.9717887999995], [[2, 2, 1, 4], [0.4, 25.91, 68.4], 0.09178879999949885], [[2, 2, 2, 4], [0.4, 25.91, 170.8], 102.49178879999951]]"
0.4,25.92,68.8,0.4,5.44,68.8,0.4,25.92,68.8,"[{""pair"": [3, 9, 0, 4], ""acc"": 0.4, ""vel"": 25.92, ""pos"": 68.8, ""error"": 0.04372779999989618}, {""pair"": [0, 4, 2, 9], ""acc"": 0.4, ""vel"": 25.92, ""pos"": 68.8, ""error"": 0.04372779999989618}, {""pair"": [0, 4, 1, 9], ""acc"": 0.4, ""vel"": 25.93, ""pos"": 68.8, ""error"": 0.05372779999989419}, {""pair"": [3, 9, 1, 4], ""acc"": 0.4, ""vel"": 5.44, ""pos"": 171.2, ""error"": 0.3108322000000028}, {""pair"": [1, 4, 2, 9], ""acc"": 0.4, ""vel"": 5.44, ""pos"": 171.2, ""error"": 0.3108322000000028}, {""pair"": [1, 4, 1, 9], ""acc"": 0.4, ""vel"": 5.45, ""pos"": 171.2, ""error"": 0.32083220000000257}, {""pair"": [3, 4, 1, 9], ""acc"": 0.4, ""vel"": 5.45, ""pos"": 68.8, ""error"": 20.507327799999892}, {""pair"": [3, 4, 2, 9], ""acc"": 0.4, ""vel"": 5.44, ""pos"": 68.8, ""error"": 20.51732779999989}]","[[3, 9, 0, 4], [0, 4, 2, 9], [0, 4, 1, 9], [3, 9, 1, 4], [1, 4, 2, 9], [1, 4, 1, 9], [3, 4, 1, 9], [3, 4, 2, 9]]","[[{""pair"": [3, 4, 1, 9], ""acc"": 0.4, ""vel"": 5.45, ""pos"": 68.8, ""error"": 20.507327799999892}, {""pair"": [3, 4, 1, 9], ""acc"": 0.4, ""vel"": 5.45, ""pos"": 68.8, ""error"": 20.507327799999892}, {""pair"": [3, 4, 1, 9], ""acc"": 0.4, ""vel"": 5.45, ""pos"": 68.8, ""error"": 46.10732779999989}, {""pair"": [3, 4, 1, 9], ""acc"": 0.4, ""vel"": 5.45, ""pos"": 68.8, ""error"": 66.50028779999991}, {""pair"": [3, 4, 1, 9], ""acc"": 0.4, ""vel"": 5.45, ""pos"": 68.8, ""error"": 122.9073277999999}, {""pair"": [3, 4, 1, 9], ""acc"": 0.4, ""vel"": 5.45, ""pos"": 68.8, ""error"": 122.9073277999999}, {""pair"": [3, 4, 1, 9], ""acc"": 0.4, ""vel"": 5.45, ""pos"": 68.8, ""error"": 102.10556779999999}, {""pair"": [3, 4, 1, 9], ""acc"": 0.4, ""vel"": 5.45, ""pos"": 68.8, ""error"": 102.10556779999999}, {""pair"": [3, 4, 1, 9], ""acc"": 0.4, ""vel"": 5.45, ""pos"": 68.8, ""error"": 148.5073277999999}, {""pair"": [3, 4, 1, 9], ""acc"": 0.4, ""vel"": 5.45, ""pos"": 68.8, ""error"": 127.70556779999998}], [{""pair"": [3, 4, 2, 9], ""acc"": 0.4, ""vel"": 5.44, ""pos"": 68.8, ""error"": 20.51732779999989}, {""pair"": [3, 4, 2, 9], ""acc"": 0.4, ""vel"": 5.44, ""pos"": 68.8, ""error"": 20.51732779999989}, {""pair"": [3, 4, 2, 9], ""acc"": 0.4, ""vel"": 5.44, ""pos"": 68.8, ""error"": 46.117327799999885}, {""pair"": [3, 4, 2, 9], ""acc"": 0.4, ""vel"": 5.44, ""pos"": 68.8, ""error"": 66.5102877999999}, {""pair"": [3, 4, 2, 9], ""acc"": 0.4, ""vel"": 5.44, ""pos"": 68.8, ""error"": 122.91732779999991}, {""pair"": [3, 4, 2, 9], ""acc"": 0.4, ""vel"": 5.44, ""pos"": 68.8, ""error"": 122.91732779999991}, {""pair"": [3, 4, 2, 9], ""acc"": 0.4, ""vel"": 5.44, ""pos"": 68.8, ""error"": 102.0955678}, {""pair"": [3, 4, 2, 9], ""acc"": 0.4, ""vel"": 5.44, ""pos"": 68.8, ""error"": 102.0955678}, {""pair"": [3, 4, 2, 9], ""acc"": 0.4, ""vel"": 5.44, ""pos"": 68.8, ""error"": 148.5173277999999}, {""pair"": [3, 4, 2, 9], ""acc"": 0.4, ""vel"": 5.44, ""pos"": 68.8, ""error"": 127.69556779999999}], [{""pair"": [3, 9, 0, 4], ""acc"": 0.4, ""vel"": 25.92, ""pos"": 68.8, ""error"": 0.04372779999989618}, {""pair"": [3, 9, 0, 4], ""acc"": 0.4, ""vel"": 25.92, ""pos"": 68.8, ""error"": 0.04372779999989618}, {""pair"": [3, 9, 0, 4], ""acc"": 0.4, ""vel"": 25.92, ""pos"": 68.8, ""error"": 25.64372779999989}, {""pair"": [3, 9, 0, 4], ""acc"": 0.4, ""vel"": 25.92, ""pos"": 68.8, ""error"": 56.27668779999991}, {""pair"": [3, 9, 0, 4], ""acc"": 0.4, ""vel"": 25.92, ""pos"": 68.8, ""error"": 102.44372779999992}, {""pair"": [3, 9, 0, 4], ""acc"": 0.4, ""vel"": 25.92, ""pos"": 68.8, ""error"": 102.44372779999992}, {""pair"": [3, 9, 0, 4], ""acc"": 0.4, ""vel"": 25.92, ""pos"": 68.8, ""error"": 122.57556779999999}, {""pair"": [3, 9, 0, 4], ""acc"": 0.4, ""vel"": 25.92, ""pos"": 68.8, ""error"": 122.57556779999999}, {""pair"": [3, 9, 0, 4], ""acc"": 0.4, ""vel"": 25.92, ""pos"": 68.8, ""error"": 128.04372779999989}, {""pair"": [3, 9, 0, 4], ""acc"": 0.4, ""vel"": 25.92, ""pos"": 68.8, ""error"": 148.17556779999998}], [{""pair"": [3, 9, 1, 4], ""acc"": 0.4, ""vel"": 5.44, ""pos"": 171.2, ""error"": 122.8362722000001}, {""pair"": [3, 9, 1, 4], ""acc"": 0.4, ""vel"": 5.44, ""pos"": 171.2, ""error"": 122.8362722000001}, {""pair"": [3, 9, 1, 4], ""acc"": 0.4, ""vel"": 5.44, ""pos"": 171.2, ""error"": 97.2362722000001}, {""pair"": [3, 9, 1, 4], ""acc"": 0.4, ""vel"": 5.44, ""pos"": 171.2, ""error"": 66.60331220000008}, {""pair"": [3, 9, 1, 4], ""acc"": 0.4, ""vel"": 5.44, ""pos"": 171.2, ""error"": 20.51732779999992}, {""pair"": [3, 9, 1, 4], ""acc"": 0.4, ""vel"": 5.44, ""pos"": 171.2, ""error"": 20.51732779999992}, {""pair"": [3, 9, 1, 4], ""acc"": 0.4, ""vel"": 5.44, ""pos"": 171.2, ""error"": 0.3108322000000028}, {""pair"": [3, 9, 1, 4], ""acc"": 0.4, ""vel"": 5.44, ""pos"": 171.2, ""error"": 0.3108322000000028}, {""pair"": [3, 9, 1, 4], ""acc"": 0.4, ""vel"": 5.44, ""pos"": 171.2, ""error"": 46.11732779999991}, {""pair"": [3, 9, 1, 4], ""acc"": 0.4, ""vel"": 5.44, ""pos"": 171.2, ""error"": 25.295567799999997}], [{""pair"": [0, 4, 1, 9], ""acc"": 0.4, ""vel"": 25.93, ""pos"": 68.8, ""error"": 0.05372779999989419}, {""pair"": [0, 4, 1, 9], ""acc"": 0.4, ""vel"": 25.93, ""pos"": 68.8, ""error"": 0.05372779999989419}, {""pair"": [0, 4, 1, 9], ""acc"": 0.4, ""vel"": 25.93, ""pos"": 68.8, ""error"": 25.65372779999989}, {""pair"": [0, 4, 1, 9], ""acc"": 0.4, ""vel"": 25.93, ""pos"": 68.8, ""error"": 56.28668779999991}, {""pair"": [0, 4, 1, 9], ""acc"": 0.4, ""vel"": 25.93, ""pos"": 68.8, ""error"": 102.45372779999991}, {""pair"": [0, 4, 1, 9], ""acc"": 0.4, ""vel"": 25.93, ""pos"": 68.8, ""error"": 102.45372779999991}, {""pair"": [0, 4, 1, 9], ""acc"": 0.4, ""vel"": 25.93, ""pos"": 68.8, ""error"": 122.58556779999999}, {""pair"": [0, 4, 1, 9], ""acc"": 0.4, ""vel"": 25.93, ""pos"": 68.8, ""error"": 122.58556779999999}, {""pair"": [0, 4, 1, 9], ""acc"": 0.4, ""vel"": 25.93, ""pos"": 68.8, ""error"": 128.0537277999999}, {""pair"": [0, 4, 1, 9], ""acc"": 0.4, ""vel"": 25.93, ""pos"": 68.8, ""error"": 148.1855678}], [{""pair"": [0, 4, 2, 9], ""acc"": 0.4, ""vel"": 25.92, ""pos"": 68.8, ""error"": 0.04372779999989618}, {""pair"": [0, 4, 2, 9], ""acc"": 0.4, ""vel"": 25.92, ""pos"": 68.8, ""error"": 0.04372779999989618}, {""pair"": [0, 4, 2, 9], ""acc"": 0.4, ""vel"": 25.92, ""pos"": 68.8, ""error"": 25.64372779999989}, {""pair"": [0, 4, 2, 9], ""acc"": 0.4, ""vel"": 25.92, ""pos"": 68.8, ""error"": 56.27668779999991}, {""pair"": [0, 4, 2, 9], ""acc"": 0.4, ""vel"": 25.92, ""pos"": 68.8, ""error"": 102.44372779999992}, {""pair"": [0, 4, 2, 9], ""acc"": 0.4, ""vel"": 25.92, ""pos"": 68.8, ""error"": 102.44372779999992}, {""pair"": [0, 4, 2, 9], ""acc"": 0.4, ""vel"": 25.92, ""pos"": 68.8, ""error"": 122.57556779999999}, {""pair"": [0, 4, 2, 9], ""acc"": 0.4, ""vel"": 25.92, ""pos"": 68.8, ""error"": 122.57556779999999}, {""pair"": [0, 4, 2, 9], ""acc"": 0.4, ""vel"": 25.92, ""pos"": 68.8, ""error"": 128.04372779999989}, {""pair"": [0, 4, 2, 9], ""acc"": 0.4, ""vel"": 25.92, ""pos"": 68.8, ""error"": 148.17556779999998}], [{""pair"": [1, 4, 1, 9], ""acc"": 0.4, ""vel"": 5.45, ""pos"": 171.2, ""error"": 122.82627220000009}, {""pair"": [1, 4, 1, 9], ""acc"": 0.4, ""vel"": 5.45, ""pos"": 171.2, ""error"": 122.82627220000009}, {""pair"": [1, 4, 1, 9], ""acc"": 0.4, ""vel"": 5.45, ""pos"": 171.2, ""error"": 97.2262722000001}, {""pair"": [1, 4, 1, 9], ""acc"": 0.4, ""vel"": 5.45, ""pos"": 171.2, ""error"": 66.59331220000008}, {""pair"": [1, 4, 1, 9], ""acc"": 0.4, ""vel"": 5.45, ""pos"": 171.2, ""error"": 20.50732779999992}, {""pair"": [1, 4, 1, 9], ""acc"": 0.4, ""vel"": 5.45, ""pos"": 171.2, ""error"": 20.50732779999992}, {""pair"": [1, 4, 1, 9], ""acc"": 0.4, ""vel"": 5.45, ""pos"": 171.2, ""error"": 0.32083220000000257}, {""pair"": [1, 4, 1, 9], ""acc"": 0.4, ""vel"": 5.45, ""pos"": 171.2, ""error"": 0.32083220000000257}, {""pair"": [1, 4, 1, 9], ""acc"": 0.4, ""vel"": 5.45, ""pos"": 171.2, ""error"": 46.107327799999915}, {""pair"": [1, 4, 1, 9], ""acc"": 0.4, ""vel"": 5.45, ""pos"": 171.2, ""error"": 25.305567799999995}], [{""pair"": [1, 4, 2, 9], ""acc"": 0.4, ""vel"": 5.44, ""pos"": 171.2, ""error"": 122.8362722000001}, {""pair"": [1, 4, 2, 9], ""acc"": 0.4, ""vel"": 5.44, ""pos"": 171.2, ""error"": 122.8362722000001}, {""pair"": [1, 4, 2, 9], ""acc"": 0.4, ""vel"": 5.44, ""pos"": 171.2, ""error"": 97.2362722000001}, {""pair"": [1, 4, 2, 9], ""acc"": 0.4, ""vel"": 5.44, ""pos"": 171.2, ""error"": 66.60331220000008}, {""pair"": [1, 4, 2, 9], ""acc"": 0.4, ""vel"": 5.44, ""pos"": 171.2, ""error"": 20.51732779999992}, {""pair"": [1, 4, 2, 9], ""acc"": 0.4, ""vel"": 5.44, ""pos"": 171.2, ""error"": 20.51732779999992}, {""pair"": [1, 4, 2, 9], ""acc"": 0.4, ""vel"": 5.44, ""pos"": 171.2, ""error"": 0.3108322000000028}, {""pair"": [1, 4, 2, 9], ""acc"": 0.4, ""vel"": 5.44, ""pos"": 171.2, ""error"": 0.3108322000000028}, {""pair"": [1, 4, 2, 9], ""acc"": 0.4, ""vel"": 5.44, ""pos"": 171.2, ""error"": 46.11732779999991}, {""pair"": [1, 4, 2, 9], ""acc"": 0.4, ""vel"": 5.44, ""pos"": 171.2, ""error"": 25.295567799999997}]]","[[[3, 4, 1, 9], [0.4, 5.45, 68.8], 20.507327799999892], [[3, 4, 2, 9], [0.4, 5.44, 68.8], 20.51732779999989], [[3, 9, 0, 4], [0.4, 25.92, 68.8], 0.04372779999989618], [[3, 9, 1, 4], [0.4, 5.44, 171.2], 0.3108322000000028], [[0, 4, 1, 9], [0.4, 25.93, 68.8], 0.05372779999989419], [[0, 4, 2, 9], [0.4, 25.92, 68.8], 0.04372779999989618], [[1, 4, 1, 9], [0.4, 5.45, 171.2], 0.32083220000000257], [[1, 4, 2, 9], [0.4, 5.44, 171.2], 0.3108322000000028]]"
0.4,25.92,69.2,0.4,25.92,69.2,0.4,25.92,69.2,"[{""pair"": [3, 15, 2, 4], ""acc"": 0.4, ""vel"": 25.92, ""pos"": 69.2, ""error"": 0.047497799999874246}, {""pair"": [3, 15, 0, 4], ""acc"": 0.4, ""vel"": 5.44, ""pos"": 69.2, ""error"": 0.31426220000003013}, {""pair"": [0, 4, 2, 15], ""acc"": 0.4, ""vel"": 5.44, ""pos"": 66.0, ""error"": 2.8993377999999694}, {""pair"": [3, 4, 2, 15], ""acc"": 0.4, ""vel"": 25.92, ""pos"": 66.0, ""error"": 3.247497799999877}, {""pair"": [2, 4, 2, 15], ""acc"": 0.4, ""vel"": 25.92, ""pos"": 66.0, ""error"": 3.247497799999877}]","[[3, 15, 2, 4], [3, 15, 0, 4], [0, 4, 2, 15], [3, 4, 2, 15], [2, 4, 2, 15]]","[[{""pair"": [3, 4, 2, 15], ""acc"": 0.4, ""vel"": 25.92, ""pos"": 66.0, ""error"": 3.247497799999877}, {""pair"": [3, 4, 2, 15], ""acc"": 0.4, ""vel"": 25.92, ""pos"": 66.0, ""error"": 3.247497799999877}, {""pair"": [3, 4, 2, 15], ""acc"": 0.4, ""vel"": 25.92, ""pos"": 66.0, ""error"": 3.2576677999998864}, {""pair"": [3, 4, 2, 15], ""acc"": 0.4, ""vel"": 25.92, ""pos"": 66.0, ""error"": 125.76573779999997}, {""pair"": [3, 4, 2, 15], ""acc"": 0.4, ""vel"": 25.92, ""pos"": 66.0, ""error"": 125.76573779999997}, {""pair"": [3, 4, 2, 15], ""acc"": 0.4, ""vel"": 25.92, ""pos"": 66.0, ""error"": 125.75590779999999}, {""pair"": [3, 4, 2, 15], ""acc"": 0.4, ""vel"": 25.92, ""pos"": 66.0, ""error"": 23.355907799999972}, {""pair"": [3, 4, 2, 15], ""acc"": 0.4, ""vel"": 25.92, ""pos"": 66.0, ""error"": 23.365737799999973}], [{""pair"": [3, 15, 0, 4], ""acc"": 0.4, ""vel"": 5.44, ""pos"": 69.2, ""error"": 20.527497799999875}, {""pair"": [3, 15, 0, 4], ""acc"": 0.4, ""vel"": 5.44, ""pos"": 69.2, ""error"": 20.527497799999875}, {""pair"": [3, 15, 0, 4], ""acc"": 0.4, ""vel"": 5.44, ""pos"": 69.2, ""error"": 20.537667799999884}, {""pair"": [3, 15, 0, 4], ""acc"": 0.4, ""vel"": 5.44, ""pos"": 69.2, ""error"": 102.09933779999996}, {""pair"": [3, 15, 0, 4], ""acc"": 0.4, ""vel"": 5.44, ""pos"": 69.2, ""error"": 102.09933779999996}, {""pair"": [3, 15, 0, 4], ""acc"": 0.4, ""vel"": 5.44, ""pos"": 69.2, ""error"": 102.10950779999999}, {""pair"": [3, 15, 0, 4], ""acc"": 0.4, ""vel"": 5.44, ""pos"": 69.2, ""error"": 0.3240922000000328}, {""pair"": [3, 15, 0, 4], ""acc"": 0.4, ""vel"": 5.44, ""pos"": 69.2, ""error"": 0.31426220000003013}], [{""pair"": [3, 15, 2, 4], ""acc"": 0.4, ""vel"": 25.92, ""pos"": 69.2, ""error"": 0.047497799999874246}, {""pair"": [3, 15, 2, 4], ""acc"": 0.4, ""vel"": 25.92, ""pos"": 69.2, ""error"": 0.047497799999874246}, {""pair"": [3, 15, 2, 4], ""acc"": 0.4, ""vel"": 25.92, ""pos"": 69.2, ""error"": 0.057667799999883584}, {""pair"": [3, 15, 2, 4], ""acc"": 0.4, ""vel"": 25.92, ""pos"": 69.2, ""error"": 122.56573779999997}, {""pair"": [3, 15, 2, 4], ""acc"": 0.4, ""vel"": 25.92, ""pos"": 69.2, ""error"": 122.56573779999997}, {""pair"": [3, 15, 2, 4], ""acc"": 0.4, ""vel"": 25.92, ""pos"": 69.2, ""error"": 122.55590779999999}, {""pair"": [3, 15, 2, 4], ""acc"": 0.4, ""vel"": 25.92, ""pos"": 69.2, ""error"": 20.77049220000004}, {""pair"": [3, 15, 2, 4], ""acc"": 0.4, ""vel"": 25.92, ""pos"": 69.2, ""error"": 20.780662200000034}], [{""pair"": [0, 4, 2, 15], ""acc"": 0.4, ""vel"": 5.44, ""pos"": 66.0, ""error"": 23.727497799999878}, {""pair"": [0, 4, 2, 15], ""acc"": 0.4, ""vel"": 5.44, ""pos"": 66.0, ""error"": 23.727497799999878}, {""pair"": [0, 4, 2, 15], ""acc"": 0.4, ""vel"": 5.44, ""pos"": 66.0, ""error"": 23.737667799999887}, {""pair"": [0, 4, 2, 15], ""acc"": 0.4, ""vel"": 5.44, ""pos"": 66.0, ""error"": 105.29933779999996}, {""pair"": [0, 4, 2, 15], ""acc"": 0.4, ""vel"": 5.44, ""pos"": 66.0, ""error"": 105.29933779999996}, {""pair"": [0, 4, 2, 15], ""acc"": 0.4, ""vel"": 5.44, ""pos"": 66.0, ""error"": 105.30950779999999}, {""pair"": [0, 4, 2, 15], ""acc"": 0.4, ""vel"": 5.44, ""pos"": 66.0, ""error"": 2.9095077999999663}, {""pair"": [0, 4, 2, 15], ""acc"": 0.4, ""vel"": 5.44, ""pos"": 66.0, ""error"": 2.8993377999999694}], [{""pair"": [2, 4, 2, 15], ""acc"": 0.4, ""vel"": 25.92, ""pos"": 66.0, ""error"": 3.247497799999877}, {""pair"": [2, 4, 2, 15], ""acc"": 0.4, ""vel"": 25.92, ""pos"": 66.0, ""error"": 3.247497799999877}, {""pair"": [2, 4, 2, 15], ""acc"": 0.4, ""vel"": 25.92, ""pos"": 66.0, ""error"": 3.2576677999998864}, {""pair"": [2, 4, 2, 15], ""acc"": 0.4, ""vel"": 25.92, ""pos"": 66.0, ""error"": 125.76573779999997}, {""pair"": [2, 4, 2, 15], ""acc"": 0.4, ""vel"": 25.92, ""pos"": 66.0, ""error"": 125.76573779999997}, {""pair"": [2, 4, 2, 15], ""acc"": 0.4, ""vel"": 25.92, ""pos"": 66.0, ""error"": 125.75590779999999}, {""pair"": [2, 4, 2, 15], ""acc"": 0.4, ""vel"": 25.92, ""pos"": 66.0, ""error"": 23.355907799999972}, {""pair"": [2, 4, 2, 15], ""acc"": 0.4, ""vel"": 25.92, ""pos"": 66.0, ""error"": 23.365737799999973}]]","[[[3, 4, 2, 15], [0.4, 25.92, 66.0], 3.247497799999877], [[3, 15, 0, 4], [0.4, 5.44, 69.2], 0.31426220000003013], [[3, 15, 2, 4], [0.4, 25.92, 69.2], 0.047497799999874246], [[0, 4, 2, 15], [0.4, 5.44, 66.0], 2.8993377999999694], [[2, 4, 2, 15], [0.4, 25.92, 66.0], 3.247497799999877]]"
0.4,25.93,69.7,0.4,22.09,69.7,0.4,25.93,69.7,"[{""pair"": [0, 0, 0, 2], ""acc"": 0.4, ""vel"": 25.93, ""pos"": 69.7, ""error"": 0.08882879999949012}, {""pair"": [3, 0, 0, 1], ""acc"": 0.4, ""vel"": 24.65, ""pos"": 69.7, ""error"": 1.361628799999508}, {""pair"": [2, 0, 0, 1], ""acc"": 0.4, ""vel"": 24.65, ""pos"": 69.7, ""error"": 1.361628799999508}, {""pair"": [3, 2, 0, 0], ""acc"": 0.4, ""vel"": 20.81, ""pos"": 69.7, ""error"": 5.201628799999508}, {""pair"": [1, 0, 0, 1], ""acc"": 0.4, ""vel"": 24.65, ""pos"": 76.1, ""error"": 7.7616287999994995}, {""pair"": [0, 0, 1, 2], ""acc"": 0.4, ""vel"": 20.81, ""pos"": 95.3, ""error"": 30.801628799999502}]","[[0, 0, 0, 2], [3, 0, 0, 1], [2, 0, 0, 1], [3, 2, 0, 0], [1, 0, 0, 1], [0, 0, 1, 2]]","[[{""pair"": [3, 0, 0, 1], ""acc"": 0.4, ""vel"": 24.65, ""pos"": 69.7, ""error"": 1.361628799999508}, {""pair"": [3, 0, 0, 1], ""acc"": 0.4, ""vel"": 24.65, ""pos"": 69.7, ""error"": 19.616508799999888}, {""pair"": [3, 0, 0, 1], ""acc"": 0.4, ""vel"": 24.65, ""pos"": 69.7, ""error"": 22.81650879999989}, {""pair"": [3, 0, 0, 1], ""acc"": 0.4, ""vel"": 24.65, ""pos"": 69.7, ""error"": 4.561628799999511}, {""pair"": [3, 0, 0, 1], ""acc"": 0.4, ""vel"": 24.65, ""pos"": 69.7, ""error"": 4.561628799999511}], [{""pair"": [3, 2, 0, 0], ""acc"": 0.4, ""vel"": 20.81, ""pos"": 69.7, ""error"": 5.201628799999508}, {""pair"": [3, 2, 0, 0], ""acc"": 0.4, ""vel"": 20.81, ""pos"": 69.7, ""error"": 15.776508799999888}, {""pair"": [3, 2, 0, 0], ""acc"": 0.4, ""vel"": 20.81, ""pos"": 69.7, ""error"": 18.97650879999989}, {""pair"": [3, 2, 0, 0], ""acc"": 0.4, ""vel"": 20.81, ""pos"": 69.7, ""error"": 8.40162879999951}, {""pair"": [3, 2, 0, 0], ""acc"": 0.4, ""vel"": 20.81, ""pos"": 69.7, ""error"": 8.40162879999951}], [{""pair"": [0, 0, 0, 2], ""acc"": 0.4, ""vel"": 25.93, ""pos"": 69.7, ""error"": 0.08882879999949012}, {""pair"": [0, 0, 0, 2], ""acc"": 0.4, ""vel"": 25.93, ""pos"": 69.7, ""error"": 20.89650879999989}, {""pair"": [0, 0, 0, 2], ""acc"": 0.4, ""vel"": 25.93, ""pos"": 69.7, ""error"": 24.096508799999892}, {""pair"": [0, 0, 0, 2], ""acc"": 0.4, ""vel"": 25.93, ""pos"": 69.7, ""error"": 3.288828799999493}, {""pair"": [0, 0, 0, 2], ""acc"": 0.4, ""vel"": 25.93, ""pos"": 69.7, ""error"": 3.288828799999493}], [{""pair"": [0, 0, 1, 2], ""acc"": 0.4, ""vel"": 20.81, ""pos"": 95.3, ""error"": 30.801628799999502}, {""pair"": [0, 0, 1, 2], ""acc"": 0.4, ""vel"": 20.81, ""pos"": 95.3, ""error"": 41.37650879999988}, {""pair"": [0, 0, 1, 2], ""acc"": 0.4, ""vel"": 20.81, ""pos"": 95.3, ""error"": 44.576508799999885}, {""pair"": [0, 0, 1, 2], ""acc"": 0.4, ""vel"": 20.81, ""pos"": 95.3, ""error"": 34.00162879999951}, {""pair"": [0, 0, 1, 2], ""acc"": 0.4, ""vel"": 20.81, ""pos"": 95.3, ""error"": 34.00162879999951}], [{""pair"": [1, 0, 0, 1], ""acc"": 0.4, ""vel"": 24.65, ""pos"": 76.1, ""error"": 7.7616287999994995}, {""pair"": [1, 0, 0, 1], ""acc"": 0.4, ""vel"": 24.65, ""pos"": 76.1, ""error"": 26.01650879999988}, {""pair"": [1, 0, 0, 1], ""acc"": 0.4, ""vel"": 24.65, ""pos"": 76.1, ""error"": 29.216508799999882}, {""pair"": [1, 0, 0, 1], ""acc"": 0.4, ""vel"": 24.65, ""pos"": 76.1, ""error"": 10.961628799999502}, {""pair"": [1, 0, 0, 1], ""acc"": 0.4, ""vel"": 24.65, ""pos"": 76.1, ""error"": 10.961628799999502}], [{""pair"": [2, 0, 0, 1], ""acc"": 0.4, ""vel"": 24.65, ""pos"": 69.7, ""error"": 1.361628799999508}, {""pair"": [2, 0, 0, 1], ""acc"": 0.4, ""vel"": 24.65, ""pos"": 69.7, ""error"": 19.616508799999888}, {""pair"": [2, 0, 0, 1], ""acc"": 0.4, ""vel"": 24.65, ""pos"": 69.7, ""error"": 22.81650879999989}, {""pair"": [2, 0, 0, 1], ""acc"": 0.4, ""vel"": 24.65, ""pos"": 69.7, ""error"": 4.561628799999511}, {""pair"": [2, 0, 0, 1], ""acc"": 0.4, ""vel"": 24.65, ""pos"": 69.7, ""error"": 4.561628799999511}]]","[[[3, 0, 0, 1], [0.4, 24.65, 69.7], 1.361628799999508], [[3, 2, 0, 0], [0.4, 20.81, 69.7], 5.201628799999508], [[0, 0, 0, 2], [0.4, 25.93, 69.7], 0.08882879999949012], [[0, 0, 1, 2], [0.4, 20.81, 95.3], 30.801628799999502], [[1, 0, 0, 1], [0.4, 24.65, 76.1], 7.7616287999994995], [[2, 0, 0, 1], [0.4, 24.65, 69.7], 1.361628799999508]]"
0.4,25.94,70.10000000000001,6.8,25.98,70.1,0.4,25.94,70.1,"[{""pair"": [0, 13, 1, 11], ""acc"": 0.4, ""vel"": 25.94, ""pos"": 70.1, ""error"": 0.04406779999990462}, {""pair"": [2, 13, 1, 11], ""acc"": 6.8, ""vel"": 25.94, ""pos"": 69.3, ""error"": 0.8440677999999018}]","[[0, 13, 1, 11], [2, 13, 1, 11]]","[[{""pair"": [0, 13, 1, 11], ""acc"": 0.4, ""vel"": 25.94, ""pos"": 70.1, ""error"": 0.04406779999990462}, {""pair"": [0, 13, 1, 11], ""acc"": 0.4, ""vel"": 25.94, ""pos"": 70.1, ""error"": 1.3023077999999053}, {""pair"": [0, 13, 1, 11], ""acc"": 0.4, ""vel"": 25.94, ""pos"": 70.1, ""error"": 1.3023077999999053}, {""pair"": [0, 13, 1, 11], ""acc"": 0.4, ""vel"": 25.94, ""pos"": 70.1, ""error"": 5.16937220000009}, {""pair"": [0, 13, 1, 11], ""acc"": 0.4, ""vel"": 25.94, ""pos"": 70.1, ""error"": 7.702307799999897}, {""pair"": [0, 13, 1, 11], ""acc"": 0.4, ""vel"": 25.94, ""pos"": 70.1, ""error"": 30.677027799999912}], [{""pair"": [2, 13, 1, 11], ""acc"": 6.8, ""vel"": 25.94, ""pos"": 69.3, ""error"": 0.8440677999999018}, {""pair"": [2, 13, 1, 11], ""acc"": 6.8, ""vel"": 25.94, ""pos"": 69.3, ""error"": 2.1023077999999025}, {""pair"": [2, 13, 1, 11], ""acc"": 6.8, ""vel"": 25.94, ""pos"": 69.3, ""error"": 2.1023077999999025}, {""pair"": [2, 13, 1, 11], ""acc"": 6.8, ""vel"": 25.94, ""pos"": 69.3, ""error"": 5.877027799999915}, {""pair"": [2, 13, 1, 11], ""acc"": 6.8, ""vel"": 25.94, ""pos"": 69.3, ""error"": 8.502307799999894}, {""pair"": [2, 13, 1, 11], ""acc"": 6.8, ""vel"": 25.94, ""pos"": 69.3, ""error"": 31.47702779999991}]]","[[[0, 13, 1, 11], [0.4, 25.94, 70.1], 0.04406779999990462], [[2, 13, 1, 11], [6.8, 25.94, 69.3], 0.8440677999999018]]"
0.4,25.94,70.5,0.5,25.98,70.5,0.4,25.94,70.5,"[{""pair"": [0, 7, 1, 11], ""acc"": 0.4, ""vel"": 25.94, ""pos"": 70.5, ""error"": 0.04783779999988269}, {""pair"": [2, 7, 1, 11], ""acc"": 0.5, ""vel"": 25.94, ""pos"": 70.5, ""error"": 0.04783779999988269}]","[[0, 7, 1, 11], [2, 7, 1, 11]]","[[{""pair"": [0, 7, 1, 11], ""acc"": 0.4, ""vel"": 25.94, ""pos"": 70.5, ""error"": 0.04783779999988269}, {""pair"": [0, 7, 1, 11], ""acc"": 0.4, ""vel"": 25.94, ""pos"": 70.5, ""error"": 0.873637400000078}], [{""pair"": [2, 7, 1, 11], ""acc"": 0.5, ""vel"": 25.94, ""pos"": 70.5, ""error"": 0.04783779999988269}, {""pair"": [2, 7, 1, 11], ""acc"": 0.5, ""vel"": 25.94, ""pos"": 70.5, ""error"": 0.873637400000078}]]","[[[0, 7, 1, 11], [0.4, 25.94, 70.5], 0.04783779999988269], [[2, 7, 1, 11], [0.5, 25.94, 70.5], 0.04783779999988269]]"
0.4,25.95,70.9,1.2,25.95,96.5,0.4,25.95,70.9,"[{""pair"": [1, 2, 0, 10], ""acc"": 0.4, ""vel"": 25.95, ""pos"": 70.9, ""error"": 0.017104000000479402}, {""pair"": [3, 10, 1, 2], ""acc"": 1.2, ""vel"": 25.95, ""pos"": 70.9, ""error"": 0.017104000000479402}, {""pair"": [1, 2, 1, 10], ""acc"": 1.2, ""vel"": 25.93, ""pos"": 70.9, ""error"": 0.03149120000050587}, {""pair"": [1, 2, 2, 10], ""acc"": 1.2, ""vel"": 25.95, ""pos"": 70.8, ""error"": 0.11710400000048793}, {""pair"": [3, 2, 2, 10], ""acc"": 1.2, ""vel"": 25.95, ""pos"": 96.4, ""error"": 25.486895999999497}, {""pair"": [3, 2, 0, 10], ""acc"": 0.4, ""vel"": 25.95, ""pos"": 96.5, ""error"": 25.58689599999949}, {""pair"": [3, 2, 1, 10], ""acc"": 1.2, ""vel"": 25.93, ""pos"": 96.5, ""error"": 25.601308799999504}, {""pair"": [0, 2, 2, 10], ""acc"": 1.2, ""vel"": 20.83, ""pos"": 96.4, ""error"": 30.60130879999951}, {""pair"": [0, 2, 0, 10], ""acc"": 0.4, ""vel"": 20.83, ""pos"": 96.5, ""error"": 30.701308799999506}, {""pair"": [3, 10, 0, 2], ""acc"": 1.2, ""vel"": 20.83, ""pos"": 96.5, ""error"": 30.701308799999506}, {""pair"": [0, 2, 1, 10], ""acc"": 1.2, ""vel"": 20.81, ""pos"": 96.5, ""error"": 30.721308799999505}]","[[1, 2, 0, 10], [3, 10, 1, 2], [1, 2, 1, 10], [1, 2, 2, 10], [3, 2, 2, 10], [3, 2, 0, 10], [3, 2, 1, 10], [0, 2, 2, 10], [0, 2, 0, 10], [3, 10, 0, 2], [0, 2, 1, 10]]","[[{""pair"": [3, 2, 0, 10], ""acc"": 0.4, ""vel"": 25.95, ""pos"": 96.5, ""error"": 25.588508799999488}, {""pair"": [3, 2, 0, 10], ""acc"": 0.4, ""vel"": 25.95, ""pos"": 96.5, ""error"": 25.58689599999949}], [{""pair"": [3, 2, 1, 10], ""acc"": 1.2, ""vel"": 25.93, ""pos"": 96.5, ""error"": 25.601308799999504}, {""pair"": [3, 2, 1, 10], ""acc"": 1.2, ""vel"": 25.93, ""pos"": 96.5, ""error"": 25.602895999999514}], [{""pair"": [3, 2, 2, 10], ""acc"": 1.2, ""vel"": 25.95, ""pos"": 96.4, ""error"": 25.488508799999494}, {""pair"": [3, 2, 2, 10], ""acc"": 1.2, ""vel"": 25.95, ""pos"": 96.4, ""error"": 25.486895999999497}], [{""pair"": [3, 10, 0, 2], ""acc"": 1.2, ""vel"": 20.83, ""pos"": 96.5, ""error"": 30.701308799999506}, {""pair"": [3, 10, 0, 2], ""acc"": 1.2, ""vel"": 20.83, ""pos"": 96.5, ""error"": 30.702895999999516}], [{""pair"": [3, 10, 1, 2], ""acc"": 1.2, ""vel"": 25.95, ""pos"": 70.9, ""error"": 0.018691200000489516}, {""pair"": [3, 10, 1, 2], ""acc"": 1.2, ""vel"": 25.95, ""pos"": 70.9, ""error"": 0.017104000000479402}], [{""pair"": [0, 2, 0, 10], ""acc"": 0.4, ""vel"": 20.83, ""pos"": 96.5, ""error"": 30.701308799999506}, {""pair"": [0, 2, 0, 10], ""acc"": 0.4, ""vel"": 20.83, ""pos"": 96.5, ""error"": 30.702895999999516}], [{""pair"": [0, 2, 1, 10], ""acc"": 1.2, ""vel"": 20.81, ""pos"": 96.5, ""error"": 30.721308799999505}, {""pair"": [0, 2, 1, 10], ""acc"": 1.2, ""vel"": 20.81, ""pos"": 96.5, ""error"": 30.722895999999515}], [{""pair"": [0, 2, 2, 10], ""acc"": 1.2, ""vel"": 20.83, ""pos"": 96.4, ""error"": 30.60130879999951}, {""pair"": [0, 2, 2, 10], ""acc"": 1.2, ""vel"": 20.83, ""pos"": 96.4, ""error"": 30.60289599999952}], [{""pair"": [1, 2, 0, 10], ""acc"": 0.4, ""vel"": 25.95, ""pos"": 70.9, ""error"": 0.018691200000489516}, {""pair"": [1, 2, 0, 10], ""acc"": 0.4, ""vel"": 25.95, ""pos"": 70.9, ""error"": 0.017104000000479402}], [{""pair"": [1, 2, 1, 10], ""acc"": 1.2, ""vel"": 25.93, ""pos"": 70.9, ""error"": 0.03149120000050587}, {""pair"": [1, 2, 1, 10], ""acc"": 1.2, ""vel"": 25.93, ""pos"": 70.9, ""error"": 0.03310400000050251}], [{""pair"": [1, 2, 2, 10], ""acc"": 1.2, ""vel"": 25.95, ""pos"": 70.8, ""error"": 0.11869120000049804}, {""pair"": [1, 2, 2, 10], ""acc"": 1.2, ""vel"": 25.95, ""pos"": 70.8, ""error"": 0.11710400000048793}]]","[[[3, 2, 0, 10], [0.4, 25.95, 96.5], 25.58689599999949], [[3, 2, 1, 10], [1.2, 25.93, 96.5], 25.601308799999504], [[3, 2, 2, 10], [1.2, 25.95, 96.4], 25.486895999999497], [[3, 10, 0, 2], [1.2, 20.83, 96.5], 30.701308799999506], [[3, 10, 1, 2], [1.2, 25.95, 70.9], 0.017104000000479402], [[0, 2, 0, 10], [0.4, 20.83, 96.5], 30.701308799999506], [[0, 2, 1, 10], [1.2, 20.81, 96.5], 30.721308799999505], [[0, 2, 2, 10], [1.2, 20.83, 96.4], 30.60130879999951], [[1, 2, 0, 10], [0.4, 25.95, 70.9], 0.017104000000479402], [[1, 2, 1, 10], [1.2, 25.93, 70.9], 0.03149120000050587], [[1, 2, 2, 10], [1.2, 25.95, 70.8], 0.11710400000048793]]"
0.4,25.96,71.4,0.4,50.0,71.4,0.4,25.96,71.4,"[{""pair"": [0, 0, 0, 5], ""acc"": 0.4, ""vel"": 25.96, ""pos"": 71.4, ""error"": 0.06199220000011607}, {""pair"": [3, 0, 0, 5], ""acc"": 0.4, ""vel"": 27.24, ""pos"": 71.4, ""error"": 1.328276600000116}, {""pair"": [1, 0, 0, 5], ""acc"": 0.4, ""vel"": 27.24, ""pos"": 65.0, ""error"": 7.510923399999889}, {""pair"": [3, 5, 0, 0], ""acc"": 0.4, ""vel"": 66.92, ""pos"": 71.4, ""error"": 41.008276600000116}, {""pair"": [3, 5, 1, 0], ""acc"": 0.4, ""vel"": 68.2, ""pos"": 65.0, ""error"": 48.47092339999989}]","[[0, 0, 0, 5], [3, 0, 0, 5], [1, 0, 0, 5], [3, 5, 0, 0], [3, 5, 1, 0]]","[[{""pair"": [3, 0, 0, 5], ""acc"": 0.4, ""vel"": 27.24, ""pos"": 71.4, ""error"": 1.3419922000001137}, {""pair"": [3, 0, 0, 5], ""acc"": 0.4, ""vel"": 27.24, ""pos"": 71.4, ""error"": 1.328276600000116}, {""pair"": [3, 0, 0, 5], ""acc"": 0.4, ""vel"": 27.24, ""pos"": 71.4, ""error"": 1.3486166000001099}, {""pair"": [3, 0, 0, 5], ""acc"": 0.4, ""vel"": 27.24, ""pos"": 71.4, ""error"": 1.4282766000001246}, {""pair"": [3, 0, 0, 5], ""acc"": 0.4, ""vel"": 27.24, ""pos"": 71.4, ""error"": 26.710923399999892}, {""pair"": [3, 0, 0, 5], ""acc"": 0.4, ""vel"": 27.24, ""pos"": 71.4, ""error"": 26.824407799999882}, {""pair"": [3, 0, 0, 5], ""acc"": 0.4, ""vel"": 27.24, ""pos"": 71.4, ""error"": 26.83058339999989}, {""pair"": [3, 0, 0, 5], ""acc"": 0.4, ""vel"": 27.24, ""pos"": 71.4, ""error"": 31.74388339999992}, {""pair"": [3, 0, 0, 5], ""acc"": 0.4, ""vel"": 27.24, ""pos"": 71.4, ""error"": 31.85736779999991}, {""pair"": [3, 0, 0, 5], ""acc"": 0.4, ""vel"": 27.24, ""pos"": 71.4, ""error"": 31.843883399999914}, {""pair"": [3, 0, 0, 5], ""acc"": 0.4, ""vel"": 27.24, ""pos"": 71.4, ""error"": 31.863543399999905}], [{""pair"": [3, 5, 0, 0], ""acc"": 0.4, ""vel"": 66.92, ""pos"": 71.4, ""error"": 41.02199220000011}, {""pair"": [3, 5, 0, 0], ""acc"": 0.4, ""vel"": 66.92, ""pos"": 71.4, ""error"": 41.008276600000116}, {""pair"": [3, 5, 0, 0], ""acc"": 0.4, ""vel"": 66.92, ""pos"": 71.4, ""error"": 41.02861660000011}, {""pair"": [3, 5, 0, 0], ""acc"": 0.4, ""vel"": 66.92, ""pos"": 71.4, ""error"": 41.108276600000124}, {""pair"": [3, 5, 0, 0], ""acc"": 0.4, ""vel"": 66.92, ""pos"": 71.4, ""error"": 66.39092339999989}, {""pair"": [3, 5, 0, 0], ""acc"": 0.4, ""vel"": 66.92, ""pos"": 71.4, ""error"": 66.50440779999988}, {""pair"": [3, 5, 0, 0], ""acc"": 0.4, ""vel"": 66.92, ""pos"": 71.4, ""error"": 66.51058339999989}, {""pair"": [3, 5, 0, 0], ""acc"": 0.4, ""vel"": 66.92, ""pos"": 71.4, ""error"": 71.42388339999992}, {""pair"": [3, 5, 0, 0], ""acc"": 0.4, ""vel"": 66.92, ""pos"": 71.4, ""error"": 71.53736779999991}, {""pair"": [3, 5, 0, 0], ""acc"": 0.4, ""vel"": 66.92, ""pos"": 71.4, ""error"": 71.52388339999992}, {""pair"": [3, 5, 0, 0], ""acc"": 0.4, ""vel"": 66.92, ""pos"": 71.4, ""error"": 71.5435433999999}], [{""pair"": [3, 5, 1, 0], ""acc"": 0.4, ""vel"": 68.2, ""pos"": 65.0, ""error"": 48.584407799999894}, {""pair"": [3, 5, 1, 0], ""acc"": 0.4, ""vel"": 68.2, ""pos"": 65.0, ""error"": 48.5709233999999}, {""pair"": [3, 5, 1, 0], ""acc"": 0.4, ""vel"": 68.2, ""pos"": 65.0, ""error"": 48.59058339999991}, {""pair"": [3, 5, 1, 0], ""acc"": 0.4, ""vel"": 68.2, ""pos"": 65.0, ""error"": 48.47092339999989}, {""pair"": [3, 5, 1, 0], ""acc"": 0.4, ""vel"": 68.2, ""pos"": 65.0, ""error"": 74.0709233999999}, {""pair"": [3, 5, 1, 0], ""acc"": 0.4, ""vel"": 68.2, ""pos"": 65.0, ""error"": 74.18440779999989}, {""pair"": [3, 5, 1, 0], ""acc"": 0.4, ""vel"": 68.2, ""pos"": 65.0, ""error"": 74.1905833999999}, {""pair"": [3, 5, 1, 0], ""acc"": 0.4, ""vel"": 68.2, ""pos"": 65.0, ""error"": 79.10388339999993}, {""pair"": [3, 5, 1, 0], ""acc"": 0.4, ""vel"": 68.2, ""pos"": 65.0, ""error"": 79.21736779999992}, {""pair"": [3, 5, 1, 0], ""acc"": 0.4, ""vel"": 68.2, ""pos"": 65.0, ""error"": 79.20388339999992}, {""pair"": [3, 5, 1, 0], ""acc"": 0.4, ""vel"": 68.2, ""pos"": 65.0, ""error"": 79.22354339999991}], [{""pair"": [0, 0, 0, 5], ""acc"": 0.4, ""vel"": 25.96, ""pos"": 71.4, ""error"": 0.06199220000011607}, {""pair"": [0, 0, 0, 5], ""acc"": 0.4, ""vel"": 25.96, ""pos"": 71.4, ""error"": 0.06907660000010551}, {""pair"": [0, 0, 0, 5], ""acc"": 0.4, ""vel"": 25.96, ""pos"": 71.4, ""error"": 0.06861660000011227}, {""pair"": [0, 0, 0, 5], ""acc"": 0.4, ""vel"": 25.96, ""pos"": 71.4, ""error"": 0.16907660000011404}, {""pair"": [0, 0, 0, 5], ""acc"": 0.4, ""vel"": 25.96, ""pos"": 71.4, ""error"": 25.45172339999988}, {""pair"": [0, 0, 0, 5], ""acc"": 0.4, ""vel"": 25.96, ""pos"": 71.4, ""error"": 25.544407799999885}, {""pair"": [0, 0, 0, 5], ""acc"": 0.4, ""vel"": 25.96, ""pos"": 71.4, ""error"": 25.550583399999894}, {""pair"": [0, 0, 0, 5], ""acc"": 0.4, ""vel"": 25.96, ""pos"": 71.4, ""error"": 30.463883399999922}, {""pair"": [0, 0, 0, 5], ""acc"": 0.4, ""vel"": 25.96, ""pos"": 71.4, ""error"": 30.577367799999912}, {""pair"": [0, 0, 0, 5], ""acc"": 0.4, ""vel"": 25.96, ""pos"": 71.4, ""error"": 30.563883399999916}, {""pair"": [0, 0, 0, 5], ""acc"": 0.4, ""vel"": 25.96, ""pos"": 71.4, ""error"": 30.583543399999908}], [{""pair"": [1, 0, 0, 5], ""acc"": 0.4, ""vel"": 27.24, ""pos"": 65.0, ""error"": 7.624407799999894}, {""pair"": [1, 0, 0, 5], ""acc"": 0.4, ""vel"": 27.24, ""pos"": 65.0, ""error"": 7.610923399999898}, {""pair"": [1, 0, 0, 5], ""acc"": 0.4, ""vel"": 27.24, ""pos"": 65.0, ""error"": 7.630583399999903}, {""pair"": [1, 0, 0, 5], ""acc"": 0.4, ""vel"": 27.24, ""pos"": 65.0, ""error"": 7.510923399999889}, {""pair"": [1, 0, 0, 5], ""acc"": 0.4, ""vel"": 27.24, ""pos"": 65.0, ""error"": 33.1109233999999}, {""pair"": [1, 0, 0, 5], ""acc"": 0.4, ""vel"": 27.24, ""pos"": 65.0, ""error"": 33.22440779999989}, {""pair"": [1, 0, 0, 5], ""acc"": 0.4, ""vel"": 27.24, ""pos"": 65.0, ""error"": 33.2305833999999}, {""pair"": [1, 0, 0, 5], ""acc"": 0.4, ""vel"": 27.24, ""pos"": 65.0, ""error"": 38.14388339999992}, {""pair"": [1, 0, 0, 5], ""acc"": 0.4, ""vel"": 27.24, ""pos"": 65.0, ""error"": 38.25736779999991}, {""pair"": [1, 0, 0, 5], ""acc"": 0.4, ""vel"": 27.24, ""pos"": 65.0, ""error"": 38.243883399999916}, {""pair"": [1, 0, 0, 5], ""acc"": 0.4, ""vel"": 27.24, ""pos"": 65.0, ""error"": 38.26354339999991}]]","[[[3, 0, 0, 5], [0.4, 27.24, 71.4], 1.328276600000116], [[3, 5, 0, 0], [0.4, 66.92, 71.4], 41.008276600000116], [[3, 5, 1, 0], [0.4, 68.2, 65.0], 48.47092339999989], [[0, 0, 0, 5], [0.4, 25.96, 71.4], 0.06199220000011607], [[1, 0, 0, 5], [0.4, 27.24, 65.0], 7.510923399999889]]"
0.4,25.96,71.8,0.4,25.96,71.8,0.0,25.96,71.8,"[{""pair"": [3, 1, 0, 9], ""acc"": 0.0, ""vel"": 25.96, ""pos"": 71.8, ""error"": 0.4700978000004099}, {""pair"": [2, 1, 0, 9], ""acc"": 0.0, ""vel"": 25.96, ""pos"": 71.8, ""error"": 0.4700978000004099}, {""pair"": [3, 1, 2, 9], ""acc"": 0.4, ""vel"": 25.96, ""pos"": 71.8, ""error"": 0.4700978000004099}, {""pair"": [3, 9, 2, 1], ""acc"": 0.4, ""vel"": 25.96, ""pos"": 71.8, ""error"": 0.4700978000004099}, {""pair"": [2, 1, 2, 9], ""acc"": 0.4, ""vel"": 25.96, ""pos"": 71.8, ""error"": 0.4700978000004099}, {""pair"": [1, 1, 0, 9], ""acc"": 0.0, ""vel"": 25.96, ""pos"": 59.0, ""error"": 8.19233780000042}, {""pair"": [3, 9, 1, 1], ""acc"": 0.4, ""vel"": 25.96, ""pos"": 59.0, ""error"": 8.19233780000042}, {""pair"": [1, 1, 2, 9], ""acc"": 0.4, ""vel"": 25.96, ""pos"": 59.0, ""error"": 8.19233780000042}]","[[3, 1, 0, 9], [2, 1, 0, 9], [3, 1, 2, 9], [3, 9, 2, 1], [2, 1, 2, 9], [1, 1, 0, 9], [3, 9, 1, 1], [1, 1, 2, 9]]","[[{""pair"": [3, 1, 0, 9], ""acc"": 0.0, ""vel"": 25.96, ""pos"": 71.8, ""error"": 0.4700978000004099}, {""pair"": [3, 1, 0, 9], ""acc"": 0.0, ""vel"": 25.96, ""pos"": 71.8, ""error"": 1.7923378000004284}, {""pair"": [3, 1, 0, 9], ""acc"": 0.0, ""vel"": 25.96, ""pos"": 71.8, ""error"": 7.194062199999582}, {""pair"": [3, 1, 0, 9], ""acc"": 0.0, ""vel"": 25.96, ""pos"": 71.8, ""error"": 42.78177780000106}, {""pair"": [3, 1, 0, 9], ""acc"": 0.0, ""vel"": 25.96, ""pos"": 71.8, ""error"": 46.80238219999895}], [{""pair"": [3, 1, 2, 9], ""acc"": 0.4, ""vel"": 25.96, ""pos"": 71.8, ""error"": 0.4700978000004099}, {""pair"": [3, 1, 2, 9], ""acc"": 0.4, ""vel"": 25.96, ""pos"": 71.8, ""error"": 1.7923378000004284}, {""pair"": [3, 1, 2, 9], ""acc"": 0.4, ""vel"": 25.96, ""pos"": 71.8, ""error"": 7.194062199999582}, {""pair"": [3, 1, 2, 9], ""acc"": 0.4, ""vel"": 25.96, ""pos"": 71.8, ""error"": 42.78177780000106}, {""pair"": [3, 1, 2, 9], ""acc"": 0.4, ""vel"": 25.96, ""pos"": 71.8, ""error"": 46.80238219999895}], [{""pair"": [3, 9, 1, 1], ""acc"": 0.4, ""vel"": 25.96, ""pos"": 59.0, ""error"": 13.270097800000407}, {""pair"": [3, 9, 1, 1], ""acc"": 0.4, ""vel"": 25.96, ""pos"": 59.0, ""error"": 14.592337800000426}, {""pair"": [3, 9, 1, 1], ""acc"": 0.4, ""vel"": 25.96, ""pos"": 59.0, ""error"": 8.19233780000042}, {""pair"": [3, 9, 1, 1], ""acc"": 0.4, ""vel"": 25.96, ""pos"": 59.0, ""error"": 55.581777800001056}, {""pair"": [3, 9, 1, 1], ""acc"": 0.4, ""vel"": 25.96, ""pos"": 59.0, ""error"": 50.50401780000107}], [{""pair"": [3, 9, 2, 1], ""acc"": 0.4, ""vel"": 25.96, ""pos"": 71.8, ""error"": 0.4700978000004099}, {""pair"": [3, 9, 2, 1], ""acc"": 0.4, ""vel"": 25.96, ""pos"": 71.8, ""error"": 1.7923378000004284}, {""pair"": [3, 9, 2, 1], ""acc"": 0.4, ""vel"": 25.96, ""pos"": 71.8, ""error"": 7.194062199999582}, {""pair"": [3, 9, 2, 1], ""acc"": 0.4, ""vel"": 25.96, ""pos"": 71.8, ""error"": 42.78177780000106}, {""pair"": [3, 9, 2, 1], ""acc"": 0.4, ""vel"": 25.96, ""pos"": 71.8, ""error"": 46.80238219999895}], [{""pair"": [1, 1, 0, 9], ""acc"": 0.0, ""vel"": 25.96, ""pos"": 59.0, ""error"": 13.270097800000407}, {""pair"": [1, 1, 0, 9], ""acc"": 0.0, ""vel"": 25.96, ""pos"": 59.0, ""error"": 14.592337800000426}, {""pair"": [1, 1, 0, 9], ""acc"": 0.0, ""vel"": 25.96, ""pos"": 59.0, ""error"": 8.19233780000042}, {""pair"": [1, 1, 0, 9], ""acc"": 0.0, ""vel"": 25.96, ""pos"": 59.0, ""error"": 55.581777800001056}, {""pair"": [1, 1, 0, 9], ""acc"": 0.0, ""vel"": 25.96, ""pos"": 59.0, ""error"": 50.50401780000107}], [{""pair"": [1, 1, 2, 9], ""acc"": 0.4, ""vel"": 25.96, ""pos"": 59.0, ""error"": 13.270097800000407}, {""pair"": [1, 1, 2, 9], ""acc"": 0.4, ""vel"": 25.96, ""pos"": 59.0, ""error"": 14.592337800000426}, {""pair"": [1, 1, 2, 9], ""acc"": 0.4, ""vel"": 25.96, ""pos"": 59.0, ""error"": 8.19233780000042}, {""pair"": [1, 1, 2, 9], ""acc"": 0.4, ""vel"": 25.96, ""pos"": 59.0, ""error"": 55.581777800001056}, {""pair"": [1, 1, 2, 9], ""acc"": 0.4, ""vel"": 25.96, ""pos"": 59.0, ""error"": 50.50401780000107}], [{""pair"": [2, 1, 0, 9], ""acc"": 0.0, ""vel"": 25.96, ""pos"": 71.8, ""error"": 0.4700978000004099}, {""pair"": [2, 1, 0, 9], ""acc"": 0.0, ""vel"": 25.96, ""pos"": 71.8, ""error"": 1.7923378000004284}, {""pair"": [2, 1, 0, 9], ""acc"": 0.0, ""vel"": 25.96, ""pos"": 71.8, ""error"": 7.194062199999582}, {""pair"": [2, 1, 0, 9], ""acc"": 0.0, ""vel"": 25.96, ""pos"": 71.8, ""error"": 42.78177780000106}, {""pair"": [2, 1, 0, 9], ""acc"": 0.0, ""vel"": 25.96, ""pos"": 71.8, ""error"": 46.80238219999895}], [{""pair"": [2, 1, 2, 9], ""acc"": 0.4, ""vel"": 25.96, ""pos"": 71.8, ""error"": 0.4700978000004099}, {""pair"": [2, 1, 2, 9], ""acc"": 0.4, ""vel"": 25.96, ""pos"": 71.8, ""error"": 1.7923378000004284}, {""pair"": [2, 1, 2, 9], ""acc"": 0.4, ""vel"": 25.96, ""pos"": 71.8, ""error"": 7.194062199999582}, {""pair"": [2, 1, 2, 9], ""acc"": 0.4, ""vel"": 25.96, ""pos"": 71.8, ""error"": 42.78177780000106}, {""pair"": [2, 1, 2, 9], ""acc"": 0.4, ""vel"": 25.96, ""pos"": 71.8, ""error"": 46.80238219999895}]]","[[[3, 1, 0, 9], [0.0, 25.96, 71.8], 0.4700978000004099], [[3, 1, 2, 9], [0.4, 25.96, 71.8], 0.4700978000004099], [[3, 9, 1, 1], [0.4, 25.96, 59.0], 8.19233780000042], [[3, 9, 2, 1], [0.4, 25.96, 71.8], 0.4700978000004099], [[1, 1, 0, 9], [0.0, 25.96, 59.0], 8.19233780000042], [[1, 1, 2, 9], [0.4, 25.96, 59.0], 8.19233780000042], [[2, 1, 0, 9], [0.0, 25.96, 71.8], 0.4700978000004099], [[2, 1, 2, 9], [0.4, 25.96, 71.8], 0.4700978000004099]]"
0.4,25.97,72.7,0.4,25.97,72.7,0.4,25.96,72.7,"[{""pair"": [3, 4, 1, 9], ""acc"": 0.4, ""vel"": 25.96, ""pos"": 72.7, ""error"": 0.4586800000001148}, {""pair"": [3, 4, 0, 9], ""acc"": 0.0, ""vel"": 25.97, ""pos"": 72.7, ""error"": 0.4618222000001211}, {""pair"": [3, 4, 2, 9], ""acc"": 0.4, ""vel"": 25.97, ""pos"": 72.7, ""error"": 0.4618222000001211}, {""pair"": [1, 4, 1, 9], ""acc"": 0.4, ""vel"": 25.96, ""pos"": 175.1, ""error"": 102.8586800000001}, {""pair"": [1, 4, 0, 9], ""acc"": 0.0, ""vel"": 25.97, ""pos"": 175.1, ""error"": 102.86182220000012}, {""pair"": [1, 4, 2, 9], ""acc"": 0.4, ""vel"": 25.97, ""pos"": 175.1, ""error"": 102.86182220000012}]","[[3, 4, 1, 9], [3, 4, 0, 9], [3, 4, 2, 9], [1, 4, 1, 9], [1, 4, 0, 9], [1, 4, 2, 9]]","[[{""pair"": [3, 4, 0, 9], ""acc"": 0.0, ""vel"": 25.97, ""pos"": 72.7, ""error"": 0.4686800000001128}, {""pair"": [3, 4, 0, 9], ""acc"": 0.0, ""vel"": 25.97, ""pos"": 72.7, ""error"": 0.4686800000001128}, {""pair"": [3, 4, 0, 9], ""acc"": 0.0, ""vel"": 25.97, ""pos"": 72.7, ""error"": 0.4618222000001211}, {""pair"": [3, 4, 0, 9], ""acc"": 0.0, ""vel"": 25.97, ""pos"": 72.7, ""error"": 0.4618222000001211}, {""pair"": [3, 4, 0, 9], ""acc"": 0.0, ""vel"": 25.97, ""pos"": 72.7, ""error"": 0.4618222000001211}, {""pair"": [3, 4, 0, 9], ""acc"": 0.0, ""vel"": 25.97, ""pos"": 72.7, ""error"": 13.26868000000011}, {""pair"": [3, 4, 0, 9], ""acc"": 0.0, ""vel"": 25.97, ""pos"": 72.7, ""error"": 13.261822200000111}, {""pair"": [3, 4, 0, 9], ""acc"": 0.0, ""vel"": 25.97, ""pos"": 72.7, ""error"": 13.261822200000111}], [{""pair"": [3, 4, 1, 9], ""acc"": 0.4, ""vel"": 25.96, ""pos"": 72.7, ""error"": 0.4586800000001148}, {""pair"": [3, 4, 1, 9], ""acc"": 0.4, ""vel"": 25.96, ""pos"": 72.7, ""error"": 0.4586800000001148}, {""pair"": [3, 4, 1, 9], ""acc"": 0.4, ""vel"": 25.96, ""pos"": 72.7, ""error"": 0.4654222000001198}, {""pair"": [3, 4, 1, 9], ""acc"": 0.4, ""vel"": 25.96, ""pos"": 72.7, ""error"": 0.4654222000001198}, {""pair"": [3, 4, 1, 9], ""acc"": 0.4, ""vel"": 25.96, ""pos"": 72.7, ""error"": 0.4654222000001198}, {""pair"": [3, 4, 1, 9], ""acc"": 0.4, ""vel"": 25.96, ""pos"": 72.7, ""error"": 13.258680000000112}, {""pair"": [3, 4, 1, 9], ""acc"": 0.4, ""vel"": 25.96, ""pos"": 72.7, ""error"": 13.26542220000011}, {""pair"": [3, 4, 1, 9], ""acc"": 0.4, ""vel"": 25.96, ""pos"": 72.7, ""error"": 13.26542220000011}], [{""pair"": [3, 4, 2, 9], ""acc"": 0.4, ""vel"": 25.97, ""pos"": 72.7, ""error"": 0.4686800000001128}, {""pair"": [3, 4, 2, 9], ""acc"": 0.4, ""vel"": 25.97, ""pos"": 72.7, ""error"": 0.4686800000001128}, {""pair"": [3, 4, 2, 9], ""acc"": 0.4, ""vel"": 25.97, ""pos"": 72.7, ""error"": 0.4618222000001211}, {""pair"": [3, 4, 2, 9], ""acc"": 0.4, ""vel"": 25.97, ""pos"": 72.7, ""error"": 0.4618222000001211}, {""pair"": [3, 4, 2, 9], ""acc"": 0.4, ""vel"": 25.97, ""pos"": 72.7, ""error"": 0.4618222000001211}, {""pair"": [3, 4, 2, 9], ""acc"": 0.4, ""vel"": 25.97, ""pos"": 72.7, ""error"": 13.26868000000011}, {""pair"": [3, 4, 2, 9], ""acc"": 0.4, ""vel"": 25.97, ""pos"": 72.7, ""error"": 13.261822200000111}, {""pair"": [3, 4, 2, 9], ""acc"": 0.4, ""vel"": 25.97, ""pos"": 72.7, ""error"": 13.261822200000111}], [{""pair"": [1, 4, 0, 9], ""acc"": 0.0, ""vel"": 25.97, ""pos"": 175.1, ""error"": 102.8686800000001}, {""pair"": [1, 4, 0, 9], ""acc"": 0.0, ""vel"": 25.97, ""pos"": 175.1, ""error"": 102.8686800000001}, {""pair"": [1, 4, 0, 9], ""acc"": 0.0, ""vel"": 25.97, ""pos"": 175.1, ""error"": 102.86182220000012}, {""pair"": [1, 4, 0, 9], ""acc"": 0.0, ""vel"": 25.97, ""pos"": 175.1, ""error"": 102.86182220000012}, {""pair"": [1, 4, 0, 9], ""acc"": 0.0, ""vel"": 25.97, ""pos"": 175.1, ""error"": 102.86182220000012}, {""pair"": [1, 4, 0, 9], ""acc"": 0.0, ""vel"": 25.97, ""pos"": 175.1, ""error"": 115.66868000000011}, {""pair"": [1, 4, 0, 9], ""acc"": 0.0, ""vel"": 25.97, ""pos"": 175.1, ""error"": 115.6618222000001}, {""pair"": [1, 4, 0, 9], ""acc"": 0.0, ""vel"": 25.97, ""pos"": 175.1, ""error"": 115.6618222000001}], [{""pair"": [1, 4, 1, 9], ""acc"": 0.4, ""vel"": 25.96, ""pos"": 175.1, ""error"": 102.8586800000001}, {""pair"": [1, 4, 1, 9], ""acc"": 0.4, ""vel"": 25.96, ""pos"": 175.1, ""error"": 102.8586800000001}, {""pair"": [1, 4, 1, 9], ""acc"": 0.4, ""vel"": 25.96, ""pos"": 175.1, ""error"": 102.86542220000011}, {""pair"": [1, 4, 1, 9], ""acc"": 0.4, ""vel"": 25.96, ""pos"": 175.1, ""error"": 102.86542220000011}, {""pair"": [1, 4, 1, 9], ""acc"": 0.4, ""vel"": 25.96, ""pos"": 175.1, ""error"": 102.86542220000011}, {""pair"": [1, 4, 1, 9], ""acc"": 0.4, ""vel"": 25.96, ""pos"": 175.1, ""error"": 115.6586800000001}, {""pair"": [1, 4, 1, 9], ""acc"": 0.4, ""vel"": 25.96, ""pos"": 175.1, ""error"": 115.66542220000011}, {""pair"": [1, 4, 1, 9], ""acc"": 0.4, ""vel"": 25.96, ""pos"": 175.1, ""error"": 115.66542220000011}], [{""pair"": [1, 4, 2, 9], ""acc"": 0.4, ""vel"": 25.97, ""pos"": 175.1, ""error"": 102.8686800000001}, {""pair"": [1, 4, 2, 9], ""acc"": 0.4, ""vel"": 25.97, ""pos"": 175.1, ""error"": 102.8686800000001}, {""pair"": [1, 4, 2, 9], ""acc"": 0.4, ""vel"": 25.97, ""pos"": 175.1, ""error"": 102.86182220000012}, {""pair"": [1, 4, 2, 9], ""acc"": 0.4, ""vel"": 25.97, ""pos"": 175.1, ""error"": 102.86182220000012}, {""pair"": [1, 4, 2, 9], ""acc"": 0.4, ""vel"": 25.97, ""pos"": 175.1, ""error"": 102.86182220000012}, {""pair"": [1, 4, 2, 9], ""acc"": 0.4, ""vel"": 25.97, ""pos"": 175.1, ""error"": 115.66868000000011}, {""pair"": [1, 4, 2, 9], ""acc"": 0.4, ""vel"": 25.97, ""pos"": 175.1, ""error"": 115.6618222000001}, {""pair"": [1, 4, 2, 9], ""acc"": 0.4, ""vel"": 25.97, ""pos"": 175.1, ""error"": 115.6618222000001}]]","[[[3, 4, 0, 9], [0.0, 25.97, 72.7], 0.4618222000001211], [[3, 4, 1, 9], [0.4, 25.96, 72.7], 0.4586800000001148], [[3, 4, 2, 9], [0.4, 25.97, 72.7], 0.4618222000001211], [[1, 4, 0, 9], [0.0, 25.97, 175.1], 102.86182220000012], [[1, 4, 1, 9], [0.4, 25.96, 175.1], 102.8586800000001], [[1, 4, 2, 9], [0.4, 25.97, 175.1], 102.86182220000012]]"
0.3,25.98,73.10000000000001,0.3,25.66,73.1,0.3,25.98,73.1,"[{""pair"": [3, 0, 1, 14], ""acc"": 0.3, ""vel"": 25.98, ""pos"": 73.1, ""error"": 0.04474779999989309}, {""pair"": [2, 0, 1, 14], ""acc"": 0.3, ""vel"": 25.98, ""pos"": 73.1, ""error"": 0.04474779999989309}, {""pair"": [3, 14, 2, 0], ""acc"": 0.3, ""vel"": 25.66, ""pos"": 73.1, ""error"": 0.34817779999989185}, {""pair"": [3, 15, 2, 14], ""acc"": 0.3, ""vel"": 25.66, ""pos"": 71.5, ""error"": 1.9481777999998862}, {""pair"": [1, 0, 1, 14], ""acc"": 0.3, ""vel"": 25.98, ""pos"": 66.7, ""error"": 6.444747799999885}, {""pair"": [3, 14, 1, 0], ""acc"": 0.3, ""vel"": 25.66, ""pos"": 66.7, ""error"": 6.748177799999883}]","[[3, 0, 1, 14], [2, 0, 1, 14], [3, 14, 2, 0], [3, 15, 2, 14], [1, 0, 1, 14], [3, 14, 1, 0]]","[[{""pair"": [3, 15, 2, 14], ""acc"": 0.3, ""vel"": 25.66, ""pos"": 71.5, ""error"": 1.9481777999998862}, {""pair"": [3, 15, 2, 14], ""acc"": 0.3, ""vel"": 25.66, ""pos"": 71.5, ""error"": 1.9514899999998896}, {""pair"": [3, 15, 2, 14], ""acc"": 0.3, ""vel"": 25.66, ""pos"": 71.5, ""error"": 1.9583477999998813}, {""pair"": [3, 15, 2, 14], ""acc"": 0.3, ""vel"": 25.66, ""pos"": 71.5, ""error"": 104.3481777999999}, {""pair"": [3, 15, 2, 14], ""acc"": 0.3, ""vel"": 25.66, ""pos"": 71.5, ""error"": 104.3514899999999}, {""pair"": [3, 15, 2, 14], ""acc"": 0.3, ""vel"": 25.66, ""pos"": 71.5, ""error"": 104.3583477999999}], [{""pair"": [3, 0, 0, 14], ""acc"": 13.1, ""vel"": 25.66, ""pos"": 73.1, ""error"": 0.34817779999989185}, {""pair"": [3, 0, 0, 14], ""acc"": 13.1, ""vel"": 25.66, ""pos"": 73.1, ""error"": 0.3514899999998953}, {""pair"": [3, 0, 0, 14], ""acc"": 13.1, ""vel"": 25.66, ""pos"": 73.1, ""error"": 0.358347799999887}, {""pair"": [3, 0, 0, 14], ""acc"": 13.1, ""vel"": 25.66, ""pos"": 73.1, ""error"": 102.74817779999991}, {""pair"": [3, 0, 0, 14], ""acc"": 13.1, ""vel"": 25.66, ""pos"": 73.1, ""error"": 102.7514899999999}, {""pair"": [3, 0, 0, 14], ""acc"": 13.1, ""vel"": 25.66, ""pos"": 73.1, ""error"": 102.75834779999991}], [{""pair"": [3, 0, 1, 14], ""acc"": 0.3, ""vel"": 25.98, ""pos"": 73.1, ""error"": 0.05457779999989398}, {""pair"": [3, 0, 1, 14], ""acc"": 0.3, ""vel"": 25.98, ""pos"": 73.1, ""error"": 0.05148999999989812}, {""pair"": [3, 0, 1, 14], ""acc"": 0.3, ""vel"": 25.98, ""pos"": 73.1, ""error"": 0.04474779999989309}, {""pair"": [3, 0, 1, 14], ""acc"": 0.3, ""vel"": 25.98, ""pos"": 73.1, ""error"": 102.45457779999991}, {""pair"": [3, 0, 1, 14], ""acc"": 0.3, ""vel"": 25.98, ""pos"": 73.1, ""error"": 102.45148999999991}, {""pair"": [3, 0, 1, 14], ""acc"": 0.3, ""vel"": 25.98, ""pos"": 73.1, ""error"": 102.44474779999992}], [{""pair"": [3, 14, 1, 0], ""acc"": 0.3, ""vel"": 25.66, ""pos"": 66.7, ""error"": 6.748177799999883}, {""pair"": [3, 14, 1, 0], ""acc"": 0.3, ""vel"": 25.66, ""pos"": 66.7, ""error"": 6.751489999999887}, {""pair"": [3, 14, 1, 0], ""acc"": 0.3, ""vel"": 25.66, ""pos"": 66.7, ""error"": 6.7583477999998784}, {""pair"": [3, 14, 1, 0], ""acc"": 0.3, ""vel"": 25.66, ""pos"": 66.7, ""error"": 109.1481777999999}, {""pair"": [3, 14, 1, 0], ""acc"": 0.3, ""vel"": 25.66, ""pos"": 66.7, ""error"": 109.1514899999999}, {""pair"": [3, 14, 1, 0], ""acc"": 0.3, ""vel"": 25.66, ""pos"": 66.7, ""error"": 109.1583477999999}], [{""pair"": [3, 14, 2, 0], ""acc"": 0.3, ""vel"": 25.66, ""pos"": 73.1, ""error"": 0.34817779999989185}, {""pair"": [3, 14, 2, 0], ""acc"": 0.3, ""vel"": 25.66, ""pos"": 73.1, ""error"": 0.3514899999998953}, {""pair"": [3, 14, 2, 0], ""acc"": 0.3, ""vel"": 25.66, ""pos"": 73.1, ""error"": 0.358347799999887}, {""pair"": [3, 14, 2, 0], ""acc"": 0.3, ""vel"": 25.66, ""pos"": 73.1, ""error"": 102.74817779999991}, {""pair"": [3, 14, 2, 0], ""acc"": 0.3, ""vel"": 25.66, ""pos"": 73.1, ""error"": 102.7514899999999}, {""pair"": [3, 14, 2, 0], ""acc"": 0.3, ""vel"": 25.66, ""pos"": 73.1, ""error"": 102.75834779999991}], [{""pair"": [1, 0, 0, 14], ""acc"": 13.1, ""vel"": 25.66, ""pos"": 66.7, ""error"": 6.748177799999883}, {""pair"": [1, 0, 0, 14], ""acc"": 13.1, ""vel"": 25.66, ""pos"": 66.7, ""error"": 6.751489999999887}, {""pair"": [1, 0, 0, 14], ""acc"": 13.1, ""vel"": 25.66, ""pos"": 66.7, ""error"": 6.7583477999998784}, {""pair"": [1, 0, 0, 14], ""acc"": 13.1, ""vel"": 25.66, ""pos"": 66.7, ""error"": 109.1481777999999}, {""pair"": [1, 0, 0, 14], ""acc"": 13.1, ""vel"": 25.66, ""pos"": 66.7, ""error"": 109.1514899999999}, {""pair"": [1, 0, 0, 14], ""acc"": 13.1, ""vel"": 25.66, ""pos"": 66.7, ""error"": 109.1583477999999}], [{""pair"": [1, 0, 1, 14], ""acc"": 0.3, ""vel"": 25.98, ""pos"": 66.7, ""error"": 6.4545777999998855}, {""pair"": [1, 0, 1, 14], ""acc"": 0.3, ""vel"": 25.98, ""pos"": 66.7, ""error"": 6.45148999999989}, {""pair"": [1, 0, 1, 14], ""acc"": 0.3, ""vel"": 25.98, ""pos"": 66.7, ""error"": 6.444747799999885}, {""pair"": [1, 0, 1, 14], ""acc"": 0.3, ""vel"": 25.98, ""pos"": 66.7, ""error"": 108.8545777999999}, {""pair"": [1, 0, 1, 14], ""acc"": 0.3, ""vel"": 25.98, ""pos"": 66.7, ""error"": 108.8514899999999}, {""pair"": [1, 0, 1, 14], ""acc"": 0.3, ""vel"": 25.98, ""pos"": 66.7, ""error"": 108.84474779999991}], [{""pair"": [2, 0, 0, 14], ""acc"": 13.1, ""vel"": 25.66, ""pos"": 73.1, ""error"": 0.34817779999989185}, {""pair"": [2, 0, 0, 14], ""acc"": 13.1, ""vel"": 25.66, ""pos"": 73.1, ""error"": 0.3514899999998953}, {""pair"": [2, 0, 0, 14], ""acc"": 13.1, ""vel"": 25.66, ""pos"": 73.1, ""error"": 0.358347799999887}, {""pair"": [2, 0, 0, 14], ""acc"": 13.1, ""vel"": 25.66, ""pos"": 73.1, ""error"": 102.74817779999991}, {""pair"": [2, 0, 0, 14], ""acc"": 13.1, ""vel"": 25.66, ""pos"": 73.1, ""error"": 102.7514899999999}, {""pair"": [2, 0, 0, 14], ""acc"": 13.1, ""vel"": 25.66, ""pos"": 73.1, ""error"": 102.75834779999991}], [{""pair"": [2, 0, 1, 14], ""acc"": 0.3, ""vel"": 25.98, ""pos"": 73.1, ""error"": 0.05457779999989398}, {""pair"": [2, 0, 1, 14], ""acc"": 0.3, ""vel"": 25.98, ""pos"": 73.1, ""error"": 0.05148999999989812}, {""pair"": [2, 0, 1, 14], ""acc"": 0.3, ""vel"": 25.98, ""pos"": 73.1, ""error"": 0.04474779999989309}, {""pair"": [2, 0, 1, 14], ""acc"": 0.3, ""vel"": 25.98, ""pos"": 73.1, ""error"": 102.45457779999991}, {""pair"": [2, 0, 1, 14], ""acc"": 0.3, ""vel"": 25.98, ""pos"": 73.1, ""error"": 102.45148999999991}, {""pair"": [2, 0, 1, 14], ""acc"": 0.3, ""vel"": 25.98, ""pos"": 73.1, ""error"": 102.44474779999992}]]","[[[3, 15, 2, 14], [0.3, 25.66, 71.5], 1.9481777999998862], [[3, 0, 0, 14], [13.1, 25.66, 73.1], 0.34817779999989185], [[3, 0, 1, 14], [0.3, 25.98, 73.1], 0.04474779999989309], [[3, 14, 1, 0], [0.3, 25.66, 66.7], 6.748177799999883], [[3, 14, 2, 0], [0.3, 25.66, 73.1], 0.34817779999989185], [[1, 0, 0, 14], [13.1, 25.66, 66.7], 6.748177799999883], [[1, 0, 1, 14], [0.3, 25.98, 66.7], 6.444747799999885], [[2, 0, 0, 14], [13.1, 25.66, 73.1], 0.34817779999989185], [[2, 0, 1, 14], [0.3, 25.98, 73.1], 0.04474779999989309]]"
0.3,25.99,73.5,0.3,25.67,73.5,0.3,25.99,73.5,"[{""pair"": [3, 14, 1, 14], ""acc"": 0.3, ""vel"": 25.99, ""pos"": 73.5, ""error"": 0.4576033499989265}]","[[3, 14, 1, 14]]","[[{""pair"": [3, 14, 0, 14], ""acc"": 13.1, ""vel"": 25.67, ""pos"": 73.5, ""error"": 0.7774033499989024}, {""pair"": [3, 14, 0, 14], ""acc"": 13.1, ""vel"": 25.67, ""pos"": 73.5, ""error"": 0.7774033499989024}, {""pair"": [3, 14, 0, 14], ""acc"": 13.1, ""vel"": 25.67, ""pos"": 73.5, ""error"": 0.4470433499989461}, {""pair"": [3, 14, 0, 14], ""acc"": 13.1, ""vel"": 25.67, ""pos"": 73.5, ""error"": 1.1531566500010761}, {""pair"": [3, 14, 0, 14], ""acc"": 13.1, ""vel"": 25.67, ""pos"": 73.5, ""error"": 6.262396650001062}, {""pair"": [3, 14, 0, 14], ""acc"": 13.1, ""vel"": 25.67, ""pos"": 73.5, ""error"": 5.953156650001073}], [{""pair"": [3, 14, 1, 14], ""acc"": 0.3, ""vel"": 25.99, ""pos"": 73.5, ""error"": 0.4576033499989265}, {""pair"": [3, 14, 1, 14], ""acc"": 0.3, ""vel"": 25.99, ""pos"": 73.5, ""error"": 0.4576033499989265}, {""pair"": [3, 14, 1, 14], ""acc"": 0.3, ""vel"": 25.99, ""pos"": 73.5, ""error"": 0.7670433499989429}, {""pair"": [3, 14, 1, 14], ""acc"": 0.3, ""vel"": 25.99, ""pos"": 73.5, ""error"": 1.4731566500010729}, {""pair"": [3, 14, 1, 14], ""acc"": 0.3, ""vel"": 25.99, ""pos"": 73.5, ""error"": 5.942596650001086}, {""pair"": [3, 14, 1, 14], ""acc"": 0.3, ""vel"": 25.99, ""pos"": 73.5, ""error"": 6.27315665000107}], [{""pair"": [0, 14, 1, 14], ""acc"": 13.1, ""vel"": 25.99, ""pos"": 73.5, ""error"": 0.4576033499989265}, {""pair"": [0, 14, 1, 14], ""acc"": 13.1, ""vel"": 25.99, ""pos"": 73.5, ""error"": 0.4576033499989265}, {""pair"": [0, 14, 1, 14], ""acc"": 13.1, ""vel"": 25.99, ""pos"": 73.5, ""error"": 0.7670433499989429}, {""pair"": [0, 14, 1, 14], ""acc"": 13.1, ""vel"": 25.99, ""pos"": 73.5, ""error"": 1.4731566500010729}, {""pair"": [0, 14, 1, 14], ""acc"": 13.1, ""vel"": 25.99, ""pos"": 73.5, ""error"": 5.942596650001086}, {""pair"": [0, 14, 1, 14], ""acc"": 13.1, ""vel"": 25.99, ""pos"": 73.5, ""error"": 6.27315665000107}], [{""pair"": [1, 14, 0, 14], ""acc"": 13.1, ""vel"": 25.99, ""pos"": 73.5, ""error"": 0.4576033499989265}, {""pair"": [1, 14, 0, 14], ""acc"": 13.1, ""vel"": 25.99, ""pos"": 73.5, ""error"": 0.4576033499989265}, {""pair"": [1, 14, 0, 14], ""acc"": 13.1, ""vel"": 25.99, ""pos"": 73.5, ""error"": 0.7670433499989429}, {""pair"": [1, 14, 0, 14], ""acc"": 13.1, ""vel"": 25.99, ""pos"": 73.5, ""error"": 1.4731566500010729}, {""pair"": [1, 14, 0, 14], ""acc"": 13.1, ""vel"": 25.99, ""pos"": 73.5, ""error"": 5.942596650001086}, {""pair"": [1, 14, 0, 14], ""acc"": 13.1, ""vel"": 25.99, ""pos"": 73.5, ""error"": 6.27315665000107}]]","[[[3, 14, 0, 14], [13.1, 25.67, 73.5], 0.4470433499989461], [[3, 14, 1, 14], [0.3, 25.99, 73.5], 0.4576033499989265], [[0, 14, 1, 14], [13.1, 25.99, 73.5], 0.4576033499989265], [[1, 14, 0, 14], [13.1, 25.99, 73.5], 0.4576033499989265]]"
0.3,26.0,74.4,0.3,36.88,74.4,0.3,26.0,74.4,"[{""pair"": [0, 3, 1, 15], ""acc"": 0.3, ""vel"": 26.0, ""pos"": 74.4, ""error"": 0.46302665000011345}, {""pair"": [0, 3, 2, 15], ""acc"": 0.3, ""vel"": 26.64, ""pos"": 71.2, ""error"": 3.3867733499998955}, {""pair"": [3, 3, 1, 15], ""acc"": 0.3, ""vel"": 36.24, ""pos"": 74.4, ""error"": 10.703026650000115}, {""pair"": [2, 3, 1, 15], ""acc"": 0.3, ""vel"": 36.24, ""pos"": 74.4, ""error"": 10.703026650000115}, {""pair"": [3, 3, 2, 15], ""acc"": 0.3, ""vel"": 36.88, ""pos"": 71.2, ""error"": 13.626773349999898}, {""pair"": [2, 3, 2, 15], ""acc"": 0.3, ""vel"": 36.88, ""pos"": 71.2, ""error"": 13.626773349999898}, {""pair"": [1, 3, 1, 15], ""acc"": 0.3, ""vel"": 36.24, ""pos"": 23.2, ""error"": 60.98677334999989}, {""pair"": [1, 3, 2, 15], ""acc"": 0.3, ""vel"": 36.88, ""pos"": 20.0, ""error"": 64.8267733499999}]","[[0, 3, 1, 15], [0, 3, 2, 15], [3, 3, 1, 15], [2, 3, 1, 15], [3, 3, 2, 15], [2, 3, 2, 15], [1, 3, 1, 15], [1, 3, 2, 15]]","[[{""pair"": [3, 3, 1, 15], ""acc"": 0.3, ""vel"": 36.24, ""pos"": 74.4, ""error"": 10.703026650000115}], [{""pair"": [3, 3, 2, 15], ""acc"": 0.3, ""vel"": 36.88, ""pos"": 71.2, ""error"": 13.626773349999898}], [{""pair"": [0, 3, 1, 15], ""acc"": 0.3, ""vel"": 26.0, ""pos"": 74.4, ""error"": 0.46302665000011345}], [{""pair"": [0, 3, 2, 15], ""acc"": 0.3, ""vel"": 26.64, ""pos"": 71.2, ""error"": 3.3867733499998955}], [{""pair"": [1, 3, 1, 15], ""acc"": 0.3, ""vel"": 36.24, ""pos"": 23.2, ""error"": 60.98677334999989}], [{""pair"": [1, 3, 2, 15], ""acc"": 0.3, ""vel"": 36.88, ""pos"": 20.0, ""error"": 64.8267733499999}], [{""pair"": [2, 3, 1, 15], ""acc"": 0.3, ""vel"": 36.24, ""pos"": 74.4, ""error"": 10.703026650000115}], [{""pair"": [2, 3, 2, 15], ""acc"": 0.3, ""vel"": 36.88, ""pos"": 71.2, ""error"": 13.626773349999898}]]","[[[3, 3, 1, 15], [0.3, 36.24, 74.4], 10.703026650000115], [[3, 3, 2, 15], [0.3, 36.88, 71.2], 13.626773349999898], [[0, 3, 1, 15], [0.3, 26.0, 74.4], 0.46302665000011345], [[0, 3, 2, 15], [0.3, 26.64, 71.2], 3.3867733499998955], [[1, 3, 1, 15], [0.3, 36.24, 23.2], 60.98677334999989], [[1, 3, 2, 15], [0.3, 36.88, 20.0], 64.8267733499999], [[2, 3, 1, 15], [0.3, 36.24, 74.4], 10.703026650000115], [[2, 3, 2, 15], [0.3, 36.88, 71.2], 13.626773349999898]]"
0.3,26.0,74.8,3.5,50.0,74.8,0.3,26.0,74.8,"[{""pair"": [0, 6, 0, 12], ""acc"": 0.3, ""vel"": 26.0, ""pos"": 74.8, ""error"": 0.02083840000051751}, {""pair"": [3, 12, 0, 6], ""acc"": 3.5, ""vel"": 26.0, ""pos"": 74.8, ""error"": 0.02083840000051751}, {""pair"": [0, 6, 1, 12], ""acc"": 3.5, ""vel"": 25.92, ""pos"": 74.8, ""error"": 0.1008384000005158}, {""pair"": [0, 6, 2, 12], ""acc"": 3.5, ""vel"": 26.0, ""pos"": 74.4, ""error"": 0.420838400000509}, {""pair"": [3, 6, 1, 12], ""acc"": 3.5, ""vel"": 107.84, ""pos"": 74.8, ""error"": 71.77507840000072}, {""pair"": [3, 6, 0, 12], ""acc"": 0.3, ""vel"": 107.92, ""pos"": 74.8, ""error"": 71.8550784000007}, {""pair"": [3, 6, 2, 12], ""acc"": 3.5, ""vel"": 107.92, ""pos"": 74.4, ""error"": 72.2550784000007}]","[[0, 6, 0, 12], [3, 12, 0, 6], [0, 6, 1, 12], [0, 6, 2, 12], [3, 6, 1, 12], [3, 6, 0, 12], [3, 6, 2, 12]]","[[{""pair"": [3, 6, 0, 12], ""acc"": 0.3, ""vel"": 107.92, ""pos"": 74.8, ""error"": 81.93123840000051}, {""pair"": [3, 6, 0, 12], ""acc"": 0.3, ""vel"": 107.92, ""pos"": 74.8, ""error"": 84.44892159999948}, {""pair"": [3, 6, 0, 12], ""acc"": 0.3, ""vel"": 107.92, ""pos"": 74.8, ""error"": 71.8550784000007}, {""pair"": [3, 6, 0, 12], ""acc"": 0.3, ""vel"": 107.92, ""pos"": 74.8, ""error"": 71.8550784000007}, {""pair"": [3, 6, 0, 12], ""acc"": 0.3, ""vel"": 107.92, ""pos"": 74.8, ""error"": 74.04508159999928}, {""pair"": [3, 6, 0, 12], ""acc"": 0.3, ""vel"": 107.92, ""pos"": 74.8, ""error"": 74.04508159999928}, {""pair"": [3, 6, 0, 12], ""acc"": 0.3, ""vel"": 107.92, ""pos"": 74.8, ""error"": 122.69532159999928}, {""pair"": [3, 6, 0, 12], ""acc"": 0.3, ""vel"": 107.92, ""pos"": 74.8, ""error"": 125.24508159999928}], [{""pair"": [3, 6, 1, 12], ""acc"": 3.5, ""vel"": 107.84, ""pos"": 74.8, ""error"": 81.85123840000051}, {""pair"": [3, 6, 1, 12], ""acc"": 3.5, ""vel"": 107.84, ""pos"": 74.8, ""error"": 84.36892159999948}, {""pair"": [3, 6, 1, 12], ""acc"": 3.5, ""vel"": 107.84, ""pos"": 74.8, ""error"": 71.77507840000072}, {""pair"": [3, 6, 1, 12], ""acc"": 3.5, ""vel"": 107.84, ""pos"": 74.8, ""error"": 71.77507840000072}, {""pair"": [3, 6, 1, 12], ""acc"": 3.5, ""vel"": 107.84, ""pos"": 74.8, ""error"": 73.96508159999927}, {""pair"": [3, 6, 1, 12], ""acc"": 3.5, ""vel"": 107.84, ""pos"": 74.8, ""error"": 73.96508159999927}, {""pair"": [3, 6, 1, 12], ""acc"": 3.5, ""vel"": 107.84, ""pos"": 74.8, ""error"": 122.61532159999929}, {""pair"": [3, 6, 1, 12], ""acc"": 3.5, ""vel"": 107.84, ""pos"": 74.8, ""error"": 125.16508159999927}], [{""pair"": [3, 6, 2, 12], ""acc"": 3.5, ""vel"": 107.92, ""pos"": 74.4, ""error"": 82.3312384000005}, {""pair"": [3, 6, 2, 12], ""acc"": 3.5, ""vel"": 107.92, ""pos"": 74.4, ""error"": 84.04892159999949}, {""pair"": [3, 6, 2, 12], ""acc"": 3.5, ""vel"": 107.92, ""pos"": 74.4, ""error"": 72.2550784000007}, {""pair"": [3, 6, 2, 12], ""acc"": 3.5, ""vel"": 107.92, ""pos"": 74.4, ""error"": 72.2550784000007}, {""pair"": [3, 6, 2, 12], ""acc"": 3.5, ""vel"": 107.92, ""pos"": 74.4, ""error"": 73.64508159999929}, {""pair"": [3, 6, 2, 12], ""acc"": 3.5, ""vel"": 107.92, ""pos"": 74.4, ""error"": 73.64508159999929}, {""pair"": [3, 6, 2, 12], ""acc"": 3.5, ""vel"": 107.92, ""pos"": 74.4, ""error"": 122.29532159999928}, {""pair"": [3, 6, 2, 12], ""acc"": 3.5, ""vel"": 107.92, ""pos"": 74.4, ""error"": 124.84508159999929}], [{""pair"": [3, 12, 0, 6], ""acc"": 3.5, ""vel"": 26.0, ""pos"": 74.8, ""error"": 0.02083840000051751}, {""pair"": [3, 12, 0, 6], ""acc"": 3.5, ""vel"": 26.0, ""pos"": 74.8, ""error"": 3.818521599999489}, {""pair"": [3, 12, 0, 6], ""acc"": 3.5, ""vel"": 26.0, ""pos"": 74.8, ""error"": 10.424678400000722}, {""pair"": [3, 12, 0, 6], ""acc"": 3.5, ""vel"": 26.0, ""pos"": 74.8, ""error"": 10.424678400000722}, {""pair"": [3, 12, 0, 6], ""acc"": 3.5, ""vel"": 26.0, ""pos"": 74.8, ""error"": 13.89468159999928}, {""pair"": [3, 12, 0, 6], ""acc"": 3.5, ""vel"": 26.0, ""pos"": 74.8, ""error"": 13.89468159999928}, {""pair"": [3, 12, 0, 6], ""acc"": 3.5, ""vel"": 26.0, ""pos"": 74.8, ""error"": 61.26492159999929}, {""pair"": [3, 12, 0, 6], ""acc"": 3.5, ""vel"": 26.0, ""pos"": 74.8, ""error"": 65.09468159999929}], [{""pair"": [0, 6, 0, 12], ""acc"": 0.3, ""vel"": 26.0, ""pos"": 74.8, ""error"": 0.02083840000051751}, {""pair"": [0, 6, 0, 12], ""acc"": 0.3, ""vel"": 26.0, ""pos"": 74.8, ""error"": 3.818521599999489}, {""pair"": [0, 6, 0, 12], ""acc"": 0.3, ""vel"": 26.0, ""pos"": 74.8, ""error"": 10.424678400000722}, {""pair"": [0, 6, 0, 12], ""acc"": 0.3, ""vel"": 26.0, ""pos"": 74.8, ""error"": 10.424678400000722}, {""pair"": [0, 6, 0, 12], ""acc"": 0.3, ""vel"": 26.0, ""pos"": 74.8, ""error"": 13.89468159999928}, {""pair"": [0, 6, 0, 12], ""acc"": 0.3, ""vel"": 26.0, ""pos"": 74.8, ""error"": 13.89468159999928}, {""pair"": [0, 6, 0, 12], ""acc"": 0.3, ""vel"": 26.0, ""pos"": 74.8, ""error"": 61.26492159999929}, {""pair"": [0, 6, 0, 12], ""acc"": 0.3, ""vel"": 26.0, ""pos"": 74.8, ""error"": 65.09468159999929}], [{""pair"": [0, 6, 1, 12], ""acc"": 3.5, ""vel"": 25.92, ""pos"": 74.8, ""error"": 0.1008384000005158}, {""pair"": [0, 6, 1, 12], ""acc"": 3.5, ""vel"": 25.92, ""pos"": 74.8, ""error"": 3.898521599999487}, {""pair"": [0, 6, 1, 12], ""acc"": 3.5, ""vel"": 25.92, ""pos"": 74.8, ""error"": 10.50467840000072}, {""pair"": [0, 6, 1, 12], ""acc"": 3.5, ""vel"": 25.92, ""pos"": 74.8, ""error"": 10.50467840000072}, {""pair"": [0, 6, 1, 12], ""acc"": 3.5, ""vel"": 25.92, ""pos"": 74.8, ""error"": 13.974681599999279}, {""pair"": [0, 6, 1, 12], ""acc"": 3.5, ""vel"": 25.92, ""pos"": 74.8, ""error"": 13.974681599999279}, {""pair"": [0, 6, 1, 12], ""acc"": 3.5, ""vel"": 25.92, ""pos"": 74.8, ""error"": 61.34492159999929}, {""pair"": [0, 6, 1, 12], ""acc"": 3.5, ""vel"": 25.92, ""pos"": 74.8, ""error"": 65.17468159999927}], [{""pair"": [0, 6, 2, 12], ""acc"": 3.5, ""vel"": 26.0, ""pos"": 74.4, ""error"": 0.420838400000509}, {""pair"": [0, 6, 2, 12], ""acc"": 3.5, ""vel"": 26.0, ""pos"": 74.4, ""error"": 3.4185215999994973}, {""pair"": [0, 6, 2, 12], ""acc"": 3.5, ""vel"": 26.0, ""pos"": 74.4, ""error"": 10.824678400000714}, {""pair"": [0, 6, 2, 12], ""acc"": 3.5, ""vel"": 26.0, ""pos"": 74.4, ""error"": 10.824678400000714}, {""pair"": [0, 6, 2, 12], ""acc"": 3.5, ""vel"": 26.0, ""pos"": 74.4, ""error"": 13.49468159999929}, {""pair"": [0, 6, 2, 12], ""acc"": 3.5, ""vel"": 26.0, ""pos"": 74.4, ""error"": 13.49468159999929}, {""pair"": [0, 6, 2, 12], ""acc"": 3.5, ""vel"": 26.0, ""pos"": 74.4, ""error"": 60.8649215999993}, {""pair"": [0, 6, 2, 12], ""acc"": 3.5, ""vel"": 26.0, ""pos"": 74.4, ""error"": 64.69468159999929}]]","[[[3, 6, 0, 12], [0.3, 107.92, 74.8], 71.8550784000007], [[3, 6, 1, 12], [3.5, 107.84, 74.8], 71.77507840000072], [[3, 6, 2, 12], [3.5, 107.92, 74.4], 72.2550784000007], [[3, 12, 0, 6], [3.5, 26.0, 74.8], 0.02083840000051751], [[0, 6, 0, 12], [0.3, 26.0, 74.8], 0.02083840000051751], [[0, 6, 1, 12], [3.5, 25.92, 74.8], 0.1008384000005158], [[0, 6, 2, 12], [3.5, 26.0, 74.4], 0.420838400000509]]"
0.3,26.01,75.3,0.3,46.49,75.3,0.3,26.01,75.3,"[{""pair"": [0, 4, 0, 5], ""acc"": 0.3, ""vel"": 26.01, ""pos"": 75.3, ""error"": 0.06285665000011065}, {""pair"": [3, 5, 2, 4], ""acc"": 0.3, ""vel"": 46.49, ""pos"": 75.3, ""error"": 20.48799425000012}, {""pair"": [2, 4, 2, 5], ""acc"": 0.3, ""vel"": 46.49, ""pos"": 75.3, ""error"": 20.48799425000012}, {""pair"": [2, 4, 0, 5], ""acc"": 0.3, ""vel"": 5.53, ""pos"": 75.3, ""error"": 20.508354250000096}, {""pair"": [3, 5, 0, 4], ""acc"": 0.3, ""vel"": 66.97, ""pos"": 75.3, ""error"": 40.96799425000012}, {""pair"": [0, 4, 2, 5], ""acc"": 0.3, ""vel"": 66.97, ""pos"": 75.3, ""error"": 40.96799425000012}, {""pair"": [3, 5, 1, 4], ""acc"": 0.3, ""vel"": 46.49, ""pos"": 177.7, ""error"": 122.8879942500001}, {""pair"": [1, 4, 2, 5], ""acc"": 0.3, ""vel"": 46.49, ""pos"": 177.7, ""error"": 122.8879942500001}, {""pair"": [1, 4, 0, 5], ""acc"": 0.3, ""vel"": 5.53, ""pos"": 177.7, ""error"": 122.90835425000009}]","[[0, 4, 0, 5], [3, 5, 2, 4], [2, 4, 2, 5], [2, 4, 0, 5], [3, 5, 0, 4], [0, 4, 2, 5], [3, 5, 1, 4], [1, 4, 2, 5], [1, 4, 0, 5]]","[[{""pair"": [3, 5, 0, 4], ""acc"": 0.3, ""vel"": 66.97, ""pos"": 75.3, ""error"": 41.02285665000011}, {""pair"": [3, 5, 0, 4], ""acc"": 0.3, ""vel"": 66.97, ""pos"": 75.3, ""error"": 40.96799425000012}, {""pair"": [3, 5, 0, 4], ""acc"": 0.3, ""vel"": 66.97, ""pos"": 75.3, ""error"": 41.04935425000012}, {""pair"": [3, 5, 0, 4], ""acc"": 0.3, ""vel"": 66.97, ""pos"": 75.3, ""error"": 41.36799425000011}, {""pair"": [3, 5, 0, 4], ""acc"": 0.3, ""vel"": 66.97, ""pos"": 75.3, ""error"": 42.263285749999554}, {""pair"": [3, 5, 0, 4], ""acc"": 0.3, ""vel"": 66.97, ""pos"": 75.3, ""error"": 42.28978334999955}, {""pair"": [3, 5, 0, 4], ""acc"": 0.3, ""vel"": 66.97, ""pos"": 75.3, ""error"": 41.94464574999955}], [{""pair"": [3, 5, 1, 4], ""acc"": 0.3, ""vel"": 46.49, ""pos"": 177.7, ""error"": 122.9428566500001}, {""pair"": [3, 5, 1, 4], ""acc"": 0.3, ""vel"": 46.49, ""pos"": 177.7, ""error"": 122.8879942500001}, {""pair"": [3, 5, 1, 4], ""acc"": 0.3, ""vel"": 46.49, ""pos"": 177.7, ""error"": 122.96935425000012}, {""pair"": [3, 5, 1, 4], ""acc"": 0.3, ""vel"": 46.49, ""pos"": 177.7, ""error"": 123.28799425000011}, {""pair"": [3, 5, 1, 4], ""acc"": 0.3, ""vel"": 46.49, ""pos"": 177.7, ""error"": 162.4757142500004}, {""pair"": [3, 5, 1, 4], ""acc"": 0.3, ""vel"": 46.49, ""pos"": 177.7, ""error"": 162.50041665000043}, {""pair"": [3, 5, 1, 4], ""acc"": 0.3, ""vel"": 46.49, ""pos"": 177.7, ""error"": 162.95435425000042}], [{""pair"": [3, 5, 2, 4], ""acc"": 0.3, ""vel"": 46.49, ""pos"": 75.3, ""error"": 20.54285665000011}, {""pair"": [3, 5, 2, 4], ""acc"": 0.3, ""vel"": 46.49, ""pos"": 75.3, ""error"": 20.48799425000012}, {""pair"": [3, 5, 2, 4], ""acc"": 0.3, ""vel"": 46.49, ""pos"": 75.3, ""error"": 20.569354250000124}, {""pair"": [3, 5, 2, 4], ""acc"": 0.3, ""vel"": 46.49, ""pos"": 75.3, ""error"": 20.887994250000112}, {""pair"": [3, 5, 2, 4], ""acc"": 0.3, ""vel"": 46.49, ""pos"": 75.3, ""error"": 62.74328574999955}, {""pair"": [3, 5, 2, 4], ""acc"": 0.3, ""vel"": 46.49, ""pos"": 75.3, ""error"": 62.76978334999955}, {""pair"": [3, 5, 2, 4], ""acc"": 0.3, ""vel"": 46.49, ""pos"": 75.3, ""error"": 62.42464574999955}], [{""pair"": [0, 4, 0, 5], ""acc"": 0.3, ""vel"": 26.01, ""pos"": 75.3, ""error"": 0.06285665000011065}, {""pair"": [0, 4, 0, 5], ""acc"": 0.3, ""vel"": 26.01, ""pos"": 75.3, ""error"": 0.10699425000008844}, {""pair"": [0, 4, 0, 5], ""acc"": 0.3, ""vel"": 26.01, ""pos"": 75.3, ""error"": 0.08935425000012387}, {""pair"": [0, 4, 0, 5], ""acc"": 0.3, ""vel"": 26.01, ""pos"": 75.3, ""error"": 0.5069942500000799}, {""pair"": [0, 4, 0, 5], ""acc"": 0.3, ""vel"": 26.01, ""pos"": 75.3, ""error"": 83.22328574999955}, {""pair"": [0, 4, 0, 5], ""acc"": 0.3, ""vel"": 26.01, ""pos"": 75.3, ""error"": 83.24978334999955}, {""pair"": [0, 4, 0, 5], ""acc"": 0.3, ""vel"": 26.01, ""pos"": 75.3, ""error"": 82.90464574999955}], [{""pair"": [0, 4, 2, 5], ""acc"": 0.3, ""vel"": 66.97, ""pos"": 75.3, ""error"": 41.02285665000011}, {""pair"": [0, 4, 2, 5], ""acc"": 0.3, ""vel"": 66.97, ""pos"": 75.3, ""error"": 40.96799425000012}, {""pair"": [0, 4, 2, 5], ""acc"": 0.3, ""vel"": 66.97, ""pos"": 75.3, ""error"": 41.04935425000012}, {""pair"": [0, 4, 2, 5], ""acc"": 0.3, ""vel"": 66.97, ""pos"": 75.3, ""error"": 41.36799425000011}, {""pair"": [0, 4, 2, 5], ""acc"": 0.3, ""vel"": 66.97, ""pos"": 75.3, ""error"": 42.263285749999554}, {""pair"": [0, 4, 2, 5], ""acc"": 0.3, ""vel"": 66.97, ""pos"": 75.3, ""error"": 42.28978334999955}, {""pair"": [0, 4, 2, 5], ""acc"": 0.3, ""vel"": 66.97, ""pos"": 75.3, ""error"": 41.94464574999955}], [{""pair"": [1, 4, 0, 5], ""acc"": 0.3, ""vel"": 5.53, ""pos"": 177.7, ""error"": 122.9330566500001}, {""pair"": [1, 4, 0, 5], ""acc"": 0.3, ""vel"": 5.53, ""pos"": 177.7, ""error"": 122.98699425000008}, {""pair"": [1, 4, 0, 5], ""acc"": 0.3, ""vel"": 5.53, ""pos"": 177.7, ""error"": 122.90835425000009}, {""pair"": [1, 4, 0, 5], ""acc"": 0.3, ""vel"": 5.53, ""pos"": 177.7, ""error"": 123.38699425000007}, {""pair"": [1, 4, 0, 5], ""acc"": 0.3, ""vel"": 5.53, ""pos"": 177.7, ""error"": 203.43571425000042}, {""pair"": [1, 4, 0, 5], ""acc"": 0.3, ""vel"": 5.53, ""pos"": 177.7, ""error"": 203.46041665000044}, {""pair"": [1, 4, 0, 5], ""acc"": 0.3, ""vel"": 5.53, ""pos"": 177.7, ""error"": 203.91435425000043}], [{""pair"": [1, 4, 2, 5], ""acc"": 0.3, ""vel"": 46.49, ""pos"": 177.7, ""error"": 122.9428566500001}, {""pair"": [1, 4, 2, 5], ""acc"": 0.3, ""vel"": 46.49, ""pos"": 177.7, ""error"": 122.8879942500001}, {""pair"": [1, 4, 2, 5], ""acc"": 0.3, ""vel"": 46.49, ""pos"": 177.7, ""error"": 122.96935425000012}, {""pair"": [1, 4, 2, 5], ""acc"": 0.3, ""vel"": 46.49, ""pos"": 177.7, ""error"": 123.28799425000011}, {""pair"": [1, 4, 2, 5], ""acc"": 0.3, ""vel"": 46.49, ""pos"": 177.7, ""error"": 162.4757142500004}, {""pair"": [1, 4, 2, 5], ""acc"": 0.3, ""vel"": 46.49, ""pos"": 177.7, ""error"": 162.50041665000043}, {""pair"": [1, 4, 2, 5], ""acc"": 0.3, ""vel"": 46.49, ""pos"": 177.7, ""error"": 162.95435425000042}], [{""pair"": [2, 4, 0, 5], ""acc"": 0.3, ""vel"": 5.53, ""pos"": 75.3, ""error"": 20.533056650000105}, {""pair"": [2, 4, 0, 5], ""acc"": 0.3, ""vel"": 5.53, ""pos"": 75.3, ""error"": 20.58699425000009}, {""pair"": [2, 4, 0, 5], ""acc"": 0.3, ""vel"": 5.53, ""pos"": 75.3, ""error"": 20.508354250000096}, {""pair"": [2, 4, 0, 5], ""acc"": 0.3, ""vel"": 5.53, ""pos"": 75.3, ""error"": 20.98699425000008}, {""pair"": [2, 4, 0, 5], ""acc"": 0.3, ""vel"": 5.53, ""pos"": 75.3, ""error"": 103.70328574999955}, {""pair"": [2, 4, 0, 5], ""acc"": 0.3, ""vel"": 5.53, ""pos"": 75.3, ""error"": 103.72978334999955}, {""pair"": [2, 4, 0, 5], ""acc"": 0.3, ""vel"": 5.53, ""pos"": 75.3, ""error"": 103.38464574999955}], [{""pair"": [2, 4, 2, 5], ""acc"": 0.3, ""vel"": 46.49, ""pos"": 75.3, ""error"": 20.54285665000011}, {""pair"": [2, 4, 2, 5], ""acc"": 0.3, ""vel"": 46.49, ""pos"": 75.3, ""error"": 20.48799425000012}, {""pair"": [2, 4, 2, 5], ""acc"": 0.3, ""vel"": 46.49, ""pos"": 75.3, ""error"": 20.569354250000124}, {""pair"": [2, 4, 2, 5], ""acc"": 0.3, ""vel"": 46.49, ""pos"": 75.3, ""error"": 20.887994250000112}, {""pair"": [2, 4, 2, 5], ""acc"": 0.3, ""vel"": 46.49, ""pos"": 75.3, ""error"": 62.74328574999955}, {""pair"": [2, 4, 2, 5], ""acc"": 0.3, ""vel"": 46.49, ""pos"": 75.3, ""error"": 62.76978334999955}, {""pair"": [2, 4, 2, 5], ""acc"": 0.3, ""vel"": 46.49, ""pos"": 75.3, ""error"": 62.42464574999955}]]","[[[3, 5, 0, 4], [0.3, 66.97, 75.3], 40.96799425000012], [[3, 5, 1, 4], [0.3, 46.49, 177.7], 122.8879942500001], [[3, 5, 2, 4], [0.3, 46.49, 75.3], 20.48799425000012], [[0, 4, 0, 5], [0.3, 26.01, 75.3], 0.06285665000011065], [[0, 4, 2, 5], [0.3, 66.97, 75.3], 40.96799425000012], [[1, 4, 0, 5], [0.3, 5.53, 177.7], 122.90835425000009], [[1, 4, 2, 5], [0.3, 46.49, 177.7], 122.8879942500001], [[2, 4, 0, 5], [0.3, 5.53, 75.3], 20.508354250000096], [[2, 4, 2, 5], [0.3, 46.49, 75.3], 20.48799425000012]]"
0.3,26.01,75.7,0.3,26.01,75.7,0.3,26.01,75.7,"[{""pair"": [3, 14, 2, 1], ""acc"": 0.3, ""vel"": 26.01, ""pos"": 75.7, ""error"": 0.04731334999988235}, {""pair"": [3, 1, 1, 14], ""acc"": 0.3, ""vel"": 25.69, ""pos"": 75.7, ""error"": 0.36731334999988263}, {""pair"": [2, 1, 1, 14], ""acc"": 0.3, ""vel"": 25.69, ""pos"": 75.7, ""error"": 0.36731334999988263}, {""pair"": [3, 1, 2, 14], ""acc"": 0.3, ""vel"": 26.01, ""pos"": 74.1, ""error"": 1.6473133499998909}, {""pair"": [2, 1, 2, 14], ""acc"": 0.3, ""vel"": 26.01, ""pos"": 74.1, ""error"": 1.6473133499998909}, {""pair"": [0, 1, 1, 14], ""acc"": 0.3, ""vel"": 28.25, ""pos"": 75.7, ""error"": 2.2771133499998832}, {""pair"": [3, 14, 0, 1], ""acc"": 0.3, ""vel"": 28.57, ""pos"": 75.7, ""error"": 2.5971133499998835}, {""pair"": [0, 1, 2, 14], ""acc"": 0.3, ""vel"": 28.57, ""pos"": 74.1, ""error"": 4.197113349999892}]","[[3, 14, 2, 1], [3, 1, 1, 14], [2, 1, 1, 14], [3, 1, 2, 14], [2, 1, 2, 14], [0, 1, 1, 14], [3, 14, 0, 1], [0, 1, 2, 14]]","[[{""pair"": [3, 1, 1, 14], ""acc"": 0.3, ""vel"": 25.69, ""pos"": 75.7, ""error"": 0.36731334999988263}, {""pair"": [3, 1, 1, 14], ""acc"": 0.3, ""vel"": 25.69, ""pos"": 75.7, ""error"": 21.195473349999805}, {""pair"": [3, 1, 1, 14], ""acc"": 0.3, ""vel"": 25.69, ""pos"": 75.7, ""error"": 21.195473349999805}, {""pair"": [3, 1, 1, 14], ""acc"": 0.3, ""vel"": 25.69, ""pos"": 75.7, ""error"": 20.460846650000025}, {""pair"": [3, 1, 1, 14], ""acc"": 0.3, ""vel"": 25.69, ""pos"": 75.7, ""error"": 42.02363334999971}, {""pair"": [3, 1, 1, 14], ""acc"": 0.3, ""vel"": 25.69, ""pos"": 75.7, ""error"": 42.02363334999971}, {""pair"": [3, 1, 1, 14], ""acc"": 0.3, ""vel"": 25.69, ""pos"": 75.7, ""error"": 123.59547334999979}, {""pair"": [3, 1, 1, 14], ""acc"": 0.3, ""vel"": 25.69, ""pos"": 75.7, ""error"": 123.59547334999979}, {""pair"": [3, 1, 1, 14], ""acc"": 0.3, ""vel"": 25.69, ""pos"": 75.7, ""error"": 122.24895334999995}], [{""pair"": [3, 1, 2, 14], ""acc"": 0.3, ""vel"": 26.01, ""pos"": 74.1, ""error"": 1.6473133499998909}, {""pair"": [3, 1, 2, 14], ""acc"": 0.3, ""vel"": 26.01, ""pos"": 74.1, ""error"": 22.475473349999813}, {""pair"": [3, 1, 2, 14], ""acc"": 0.3, ""vel"": 26.01, ""pos"": 74.1, ""error"": 22.475473349999813}, {""pair"": [3, 1, 2, 14], ""acc"": 0.3, ""vel"": 26.01, ""pos"": 74.1, ""error"": 21.768953349999986}, {""pair"": [3, 1, 2, 14], ""acc"": 0.3, ""vel"": 26.01, ""pos"": 74.1, ""error"": 43.303633349999714}, {""pair"": [3, 1, 2, 14], ""acc"": 0.3, ""vel"": 26.01, ""pos"": 74.1, ""error"": 43.303633349999714}, {""pair"": [3, 1, 2, 14], ""acc"": 0.3, ""vel"": 26.01, ""pos"": 74.1, ""error"": 124.87547334999981}, {""pair"": [3, 1, 2, 14], ""acc"": 0.3, ""vel"": 26.01, ""pos"": 74.1, ""error"": 124.87547334999981}, {""pair"": [3, 1, 2, 14], ""acc"": 0.3, ""vel"": 26.01, ""pos"": 74.1, ""error"": 124.16895334999997}], [{""pair"": [3, 14, 0, 1], ""acc"": 0.3, ""vel"": 28.57, ""pos"": 75.7, ""error"": 2.5971133499998835}, {""pair"": [3, 14, 0, 1], ""acc"": 0.3, ""vel"": 28.57, ""pos"": 75.7, ""error"": 18.315473349999806}, {""pair"": [3, 14, 0, 1], ""acc"": 0.3, ""vel"": 28.57, ""pos"": 75.7, ""error"": 18.315473349999806}, {""pair"": [3, 14, 0, 1], ""acc"": 0.3, ""vel"": 28.57, ""pos"": 75.7, ""error"": 23.340846650000024}, {""pair"": [3, 14, 0, 1], ""acc"": 0.3, ""vel"": 28.57, ""pos"": 75.7, ""error"": 39.14363334999971}, {""pair"": [3, 14, 0, 1], ""acc"": 0.3, ""vel"": 28.57, ""pos"": 75.7, ""error"": 39.14363334999971}, {""pair"": [3, 14, 0, 1], ""acc"": 0.3, ""vel"": 28.57, ""pos"": 75.7, ""error"": 120.7154733499998}, {""pair"": [3, 14, 0, 1], ""acc"": 0.3, ""vel"": 28.57, ""pos"": 75.7, ""error"": 120.7154733499998}, {""pair"": [3, 14, 0, 1], ""acc"": 0.3, ""vel"": 28.57, ""pos"": 75.7, ""error"": 125.12895334999996}], [{""pair"": [3, 14, 2, 1], ""acc"": 0.3, ""vel"": 26.01, ""pos"": 75.7, ""error"": 0.04731334999988235}, {""pair"": [3, 14, 2, 1], ""acc"": 0.3, ""vel"": 26.01, ""pos"": 75.7, ""error"": 20.875473349999805}, {""pair"": [3, 14, 2, 1], ""acc"": 0.3, ""vel"": 26.01, ""pos"": 75.7, ""error"": 20.875473349999805}, {""pair"": [3, 14, 2, 1], ""acc"": 0.3, ""vel"": 26.01, ""pos"": 75.7, ""error"": 20.780846650000026}, {""pair"": [3, 14, 2, 1], ""acc"": 0.3, ""vel"": 26.01, ""pos"": 75.7, ""error"": 41.703633349999706}, {""pair"": [3, 14, 2, 1], ""acc"": 0.3, ""vel"": 26.01, ""pos"": 75.7, ""error"": 41.703633349999706}, {""pair"": [3, 14, 2, 1], ""acc"": 0.3, ""vel"": 26.01, ""pos"": 75.7, ""error"": 123.2754733499998}, {""pair"": [3, 14, 2, 1], ""acc"": 0.3, ""vel"": 26.01, ""pos"": 75.7, ""error"": 123.2754733499998}, {""pair"": [3, 14, 2, 1], ""acc"": 0.3, ""vel"": 26.01, ""pos"": 75.7, ""error"": 122.56895334999996}], [{""pair"": [0, 1, 1, 14], ""acc"": 0.3, ""vel"": 28.25, ""pos"": 75.7, ""error"": 2.2771133499998832}, {""pair"": [0, 1, 1, 14], ""acc"": 0.3, ""vel"": 28.25, ""pos"": 75.7, ""error"": 18.635473349999806}, {""pair"": [0, 1, 1, 14], ""acc"": 0.3, ""vel"": 28.25, ""pos"": 75.7, ""error"": 18.635473349999806}, {""pair"": [0, 1, 1, 14], ""acc"": 0.3, ""vel"": 28.25, ""pos"": 75.7, ""error"": 23.020846650000024}, {""pair"": [0, 1, 1, 14], ""acc"": 0.3, ""vel"": 28.25, ""pos"": 75.7, ""error"": 39.46363334999971}, {""pair"": [0, 1, 1, 14], ""acc"": 0.3, ""vel"": 28.25, ""pos"": 75.7, ""error"": 39.46363334999971}, {""pair"": [0, 1, 1, 14], ""acc"": 0.3, ""vel"": 28.25, ""pos"": 75.7, ""error"": 121.03547334999979}, {""pair"": [0, 1, 1, 14], ""acc"": 0.3, ""vel"": 28.25, ""pos"": 75.7, ""error"": 121.03547334999979}, {""pair"": [0, 1, 1, 14], ""acc"": 0.3, ""vel"": 28.25, ""pos"": 75.7, ""error"": 124.80895334999995}], [{""pair"": [0, 1, 2, 14], ""acc"": 0.3, ""vel"": 28.57, ""pos"": 74.1, ""error"": 4.197113349999892}, {""pair"": [0, 1, 2, 14], ""acc"": 0.3, ""vel"": 28.57, ""pos"": 74.1, ""error"": 19.915473349999814}, {""pair"": [0, 1, 2, 14], ""acc"": 0.3, ""vel"": 28.57, ""pos"": 74.1, ""error"": 19.915473349999814}, {""pair"": [0, 1, 2, 14], ""acc"": 0.3, ""vel"": 28.57, ""pos"": 74.1, ""error"": 24.328953349999985}, {""pair"": [0, 1, 2, 14], ""acc"": 0.3, ""vel"": 28.57, ""pos"": 74.1, ""error"": 40.74363334999972}, {""pair"": [0, 1, 2, 14], ""acc"": 0.3, ""vel"": 28.57, ""pos"": 74.1, ""error"": 40.74363334999972}, {""pair"": [0, 1, 2, 14], ""acc"": 0.3, ""vel"": 28.57, ""pos"": 74.1, ""error"": 122.3154733499998}, {""pair"": [0, 1, 2, 14], ""acc"": 0.3, ""vel"": 28.57, ""pos"": 74.1, ""error"": 122.3154733499998}, {""pair"": [0, 1, 2, 14], ""acc"": 0.3, ""vel"": 28.57, ""pos"": 74.1, ""error"": 126.72895334999995}], [{""pair"": [2, 1, 1, 14], ""acc"": 0.3, ""vel"": 25.69, ""pos"": 75.7, ""error"": 0.36731334999988263}, {""pair"": [2, 1, 1, 14], ""acc"": 0.3, ""vel"": 25.69, ""pos"": 75.7, ""error"": 21.195473349999805}, {""pair"": [2, 1, 1, 14], ""acc"": 0.3, ""vel"": 25.69, ""pos"": 75.7, ""error"": 21.195473349999805}, {""pair"": [2, 1, 1, 14], ""acc"": 0.3, ""vel"": 25.69, ""pos"": 75.7, ""error"": 20.460846650000025}, {""pair"": [2, 1, 1, 14], ""acc"": 0.3, ""vel"": 25.69, ""pos"": 75.7, ""error"": 42.02363334999971}, {""pair"": [2, 1, 1, 14], ""acc"": 0.3, ""vel"": 25.69, ""pos"": 75.7, ""error"": 42.02363334999971}, {""pair"": [2, 1, 1, 14], ""acc"": 0.3, ""vel"": 25.69, ""pos"": 75.7, ""error"": 123.59547334999979}, {""pair"": [2, 1, 1, 14], ""acc"": 0.3, ""vel"": 25.69, ""pos"": 75.7, ""error"": 123.59547334999979}, {""pair"": [2, 1, 1, 14], ""acc"": 0.3, ""vel"": 25.69, ""pos"": 75.7, ""error"": 122.24895334999995}], [{""pair"": [2, 1, 2, 14], ""acc"": 0.3, ""vel"": 26.01, ""pos"": 74.1, ""error"": 1.6473133499998909}, {""pair"": [2, 1, 2, 14], ""acc"": 0.3, ""vel"": 26.01, ""pos"": 74.1, ""error"": 22.475473349999813}, {""pair"": [2, 1, 2, 14], ""acc"": 0.3, ""vel"": 26.01, ""pos"": 74.1, ""error"": 22.475473349999813}, {""pair"": [2, 1, 2, 14], ""acc"": 0.3, ""vel"": 26.01, ""pos"": 74.1, ""error"": 21.768953349999986}, {""pair"": [2, 1, 2, 14], ""acc"": 0.3, ""vel"": 26.01, ""pos"": 74.1, ""error"": 43.303633349999714}, {""pair"": [2, 1, 2, 14], ""acc"": 0.3, ""vel"": 26.01, ""pos"": 74.1, ""error"": 43.303633349999714}, {""pair"": [2, 1, 2, 14], ""acc"": 0.3, ""vel"": 26.01, ""pos"": 74.1, ""error"": 124.87547334999981}, {""pair"": [2, 1, 2, 14], ""acc"": 0.3, ""vel"": 26.01, ""pos"": 74.1, ""error"": 124.87547334999981}, {""pair"": [2, 1, 2, 14], ""acc"": 0.3, ""vel"": 26.01, ""pos"": 74.1, ""error"": 124.16895334999997}]]","[[[3, 1, 1, 14], [0.3, 25.69, 75.7], 0.36731334999988263], [[3, 1, 2, 14], [0.3, 26.01, 74.1], 1.6473133499998909], [[3, 14, 0, 1], [0.3, 28.57, 75.7], 2.5971133499998835], [[3, 14, 2, 1], [0.3, 26.01, 75.7], 0.04731334999988235], [[0, 1, 1, 14], [0.3, 28.25, 75.7], 2.2771133499998832], [[0, 1, 2, 14], [0.3, 28.57, 74.1], 4.197113349999892], [[2, 1, 1, 14], [0.3, 25.69, 75.7], 0.36731334999988263], [[2, 1, 2, 14], [0.3, 26.01, 74.1], 1.6473133499998909]]"
0.3,26.02,76.10000000000001,0.7,26.02,76.1,0.3,26.02,76.1,"[{""pair"": [2, 5, 0, 9], ""acc"": 0.3, ""vel"": 26.02, ""pos"": 76.1, ""error"": 0.02139840000049631}, {""pair"": [3, 9, 2, 5], ""acc"": 0.7, ""vel"": 26.02, ""pos"": 76.1, ""error"": 0.02139840000049631}, {""pair"": [0, 5, 0, 9], ""acc"": 0.3, ""vel"": 66.98, ""pos"": 76.1, ""error"": 38.462358400000554}, {""pair"": [3, 9, 0, 5], ""acc"": 0.7, ""vel"": 66.98, ""pos"": 76.1, ""error"": 38.462358400000554}, {""pair"": [1, 5, 0, 9], ""acc"": 0.3, ""vel"": 26.02, ""pos"": 280.9, ""error"": 204.7890015999995}, {""pair"": [3, 9, 1, 5], ""acc"": 0.7, ""vel"": 26.02, ""pos"": 280.9, ""error"": 204.7890015999995}]","[[2, 5, 0, 9], [3, 9, 2, 5], [0, 5, 0, 9], [3, 9, 0, 5], [1, 5, 0, 9], [3, 9, 1, 5]]","[[{""pair"": [3, 9, 0, 5], ""acc"": 0.7, ""vel"": 66.98, ""pos"": 76.1, ""error"": 40.9813984000005}, {""pair"": [3, 9, 0, 5], ""acc"": 0.7, ""vel"": 66.98, ""pos"": 76.1, ""error"": 41.296278400000496}, {""pair"": [3, 9, 0, 5], ""acc"": 0.7, ""vel"": 66.98, ""pos"": 76.1, ""error"": 41.296278400000496}, {""pair"": [3, 9, 0, 5], ""acc"": 0.7, ""vel"": 66.98, ""pos"": 76.1, ""error"": 42.5490015999995}, {""pair"": [3, 9, 0, 5], ""acc"": 0.7, ""vel"": 66.98, ""pos"": 76.1, ""error"": 42.5490015999995}, {""pair"": [3, 9, 0, 5], ""acc"": 0.7, ""vel"": 66.98, ""pos"": 76.1, ""error"": 38.777238400000556}, {""pair"": [3, 9, 0, 5], ""acc"": 0.7, ""vel"": 66.98, ""pos"": 76.1, ""error"": 38.462358400000554}, {""pair"": [3, 9, 0, 5], ""acc"": 0.7, ""vel"": 66.98, ""pos"": 76.1, ""error"": 39.94804159999944}], [{""pair"": [3, 9, 1, 5], ""acc"": 0.7, ""vel"": 26.02, ""pos"": 280.9, ""error"": 204.7890015999995}, {""pair"": [3, 9, 1, 5], ""acc"": 0.7, ""vel"": 26.02, ""pos"": 280.9, ""error"": 205.11412159999946}, {""pair"": [3, 9, 1, 5], ""acc"": 0.7, ""vel"": 26.02, ""pos"": 280.9, ""error"": 205.11412159999946}, {""pair"": [3, 9, 1, 5], ""acc"": 0.7, ""vel"": 26.02, ""pos"": 280.9, ""error"": 206.3890015999995}, {""pair"": [3, 9, 1, 5], ""acc"": 0.7, ""vel"": 26.02, ""pos"": 280.9, ""error"": 206.3890015999995}, {""pair"": [3, 9, 1, 5], ""acc"": 0.7, ""vel"": 26.02, ""pos"": 280.9, ""error"": 206.98276159999944}, {""pair"": [3, 9, 1, 5], ""acc"": 0.7, ""vel"": 26.02, ""pos"": 280.9, ""error"": 207.29764159999942}, {""pair"": [3, 9, 1, 5], ""acc"": 0.7, ""vel"": 26.02, ""pos"": 280.9, ""error"": 208.89764159999942}], [{""pair"": [3, 9, 2, 5], ""acc"": 0.7, ""vel"": 26.02, ""pos"": 76.1, ""error"": 0.02139840000049631}, {""pair"": [3, 9, 2, 5], ""acc"": 0.7, ""vel"": 26.02, ""pos"": 76.1, ""error"": 0.3362784000004915}, {""pair"": [3, 9, 2, 5], ""acc"": 0.7, ""vel"": 26.02, ""pos"": 76.1, ""error"": 0.3362784000004915}, {""pair"": [3, 9, 2, 5], ""acc"": 0.7, ""vel"": 26.02, ""pos"": 76.1, ""error"": 1.589001599999495}, {""pair"": [3, 9, 2, 5], ""acc"": 0.7, ""vel"": 26.02, ""pos"": 76.1, ""error"": 1.589001599999495}, {""pair"": [3, 9, 2, 5], ""acc"": 0.7, ""vel"": 26.02, ""pos"": 76.1, ""error"": 2.286838400000562}, {""pair"": [3, 9, 2, 5], ""acc"": 0.7, ""vel"": 26.02, ""pos"": 76.1, ""error"": 2.6119584000005673}, {""pair"": [3, 9, 2, 5], ""acc"": 0.7, ""vel"": 26.02, ""pos"": 76.1, ""error"": 4.097641599999456}], [{""pair"": [0, 5, 0, 9], ""acc"": 0.3, ""vel"": 66.98, ""pos"": 76.1, ""error"": 40.9813984000005}, {""pair"": [0, 5, 0, 9], ""acc"": 0.3, ""vel"": 66.98, ""pos"": 76.1, ""error"": 41.296278400000496}, {""pair"": [0, 5, 0, 9], ""acc"": 0.3, ""vel"": 66.98, ""pos"": 76.1, ""error"": 41.296278400000496}, {""pair"": [0, 5, 0, 9], ""acc"": 0.3, ""vel"": 66.98, ""pos"": 76.1, ""error"": 42.5490015999995}, {""pair"": [0, 5, 0, 9], ""acc"": 0.3, ""vel"": 66.98, ""pos"": 76.1, ""error"": 42.5490015999995}, {""pair"": [0, 5, 0, 9], ""acc"": 0.3, ""vel"": 66.98, ""pos"": 76.1, ""error"": 38.777238400000556}, {""pair"": [0, 5, 0, 9], ""acc"": 0.3, ""vel"": 66.98, ""pos"": 76.1, ""error"": 38.462358400000554}, {""pair"": [0, 5, 0, 9], ""acc"": 0.3, ""vel"": 66.98, ""pos"": 76.1, ""error"": 39.94804159999944}], [{""pair"": [1, 5, 0, 9], ""acc"": 0.3, ""vel"": 26.02, ""pos"": 280.9, ""error"": 204.7890015999995}, {""pair"": [1, 5, 0, 9], ""acc"": 0.3, ""vel"": 26.02, ""pos"": 280.9, ""error"": 205.11412159999946}, {""pair"": [1, 5, 0, 9], ""acc"": 0.3, ""vel"": 26.02, ""pos"": 280.9, ""error"": 205.11412159999946}, {""pair"": [1, 5, 0, 9], ""acc"": 0.3, ""vel"": 26.02, ""pos"": 280.9, ""error"": 206.3890015999995}, {""pair"": [1, 5, 0, 9], ""acc"": 0.3, ""vel"": 26.02, ""pos"": 280.9, ""error"": 206.3890015999995}, {""pair"": [1, 5, 0, 9], ""acc"": 0.3, ""vel"": 26.02, ""pos"": 280.9, ""error"": 206.98276159999944}, {""pair"": [1, 5, 0, 9], ""acc"": 0.3, ""vel"": 26.02, ""pos"": 280.9, ""error"": 207.29764159999942}, {""pair"": [1, 5, 0, 9], ""acc"": 0.3, ""vel"": 26.02, ""pos"": 280.9, ""error"": 208.89764159999942}], [{""pair"": [2, 5, 0, 9], ""acc"": 0.3, ""vel"": 26.02, ""pos"": 76.1, ""error"": 0.02139840000049631}, {""pair"": [2, 5, 0, 9], ""acc"": 0.3, ""vel"": 26.02, ""pos"": 76.1, ""error"": 0.3362784000004915}, {""pair"": [2, 5, 0, 9], ""acc"": 0.3, ""vel"": 26.02, ""pos"": 76.1, ""error"": 0.3362784000004915}, {""pair"": [2, 5, 0, 9], ""acc"": 0.3, ""vel"": 26.02, ""pos"": 76.1, ""error"": 1.589001599999495}, {""pair"": [2, 5, 0, 9], ""acc"": 0.3, ""vel"": 26.02, ""pos"": 76.1, ""error"": 1.589001599999495}, {""pair"": [2, 5, 0, 9], ""acc"": 0.3, ""vel"": 26.02, ""pos"": 76.1, ""error"": 2.286838400000562}, {""pair"": [2, 5, 0, 9], ""acc"": 0.3, ""vel"": 26.02, ""pos"": 76.1, ""error"": 2.6119584000005673}, {""pair"": [2, 5, 0, 9], ""acc"": 0.3, ""vel"": 26.02, ""pos"": 76.1, ""error"": 4.097641599999456}]]","[[[3, 9, 0, 5], [0.7, 66.98, 76.1], 38.462358400000554], [[3, 9, 1, 5], [0.7, 26.02, 280.9], 204.7890015999995], [[3, 9, 2, 5], [0.7, 26.02, 76.1], 0.02139840000049631], [[0, 5, 0, 9], [0.3, 66.98, 76.1], 38.462358400000554], [[1, 5, 0, 9], [0.3, 26.02, 280.9], 204.7890015999995], [[2, 5, 0, 9], [0.3, 26.02, 76.1], 0.02139840000049631]]"
0.3,26.02,76.60000000000001,6.7,25.7,76.6,0.3,26.02,76.6,"[{""pair"": [0, 13, 1, 14], ""acc"": 0.3, ""vel"": 26.02, ""pos"": 76.6, ""error"": 0.0627166500001124}, {""pair"": [3, 13, 1, 14], ""acc"": 6.7, ""vel"": 26.02, ""pos"": 76.6, ""error"": 0.0627166500001124}, {""pair"": [2, 13, 1, 14], ""acc"": 6.7, ""vel"": 26.02, ""pos"": 75.8, ""error"": 0.7474833499998823}]","[[0, 13, 1, 14], [3, 13, 1, 14], [2, 13, 1, 14]]","[[{""pair"": [3, 13, 0, 14], ""acc"": 19.5, ""vel"": 25.7, ""pos"": 76.6, ""error"": 0.3827166500001127}, {""pair"": [3, 13, 0, 14], ""acc"": 19.5, ""vel"": 25.7, ""pos"": 76.6, ""error"": 0.3894588500001035}, {""pair"": [3, 13, 0, 14], ""acc"": 19.5, ""vel"": 25.7, ""pos"": 76.6, ""error"": 41.92380334999973}, {""pair"": [3, 13, 0, 14], ""acc"": 19.5, ""vel"": 25.7, ""pos"": 76.6, ""error"": 41.930661149999736}, {""pair"": [3, 13, 0, 14], ""acc"": 19.5, ""vel"": 25.7, ""pos"": 76.6, ""error"": 205.06748334999986}, {""pair"": [3, 13, 0, 14], ""acc"": 19.5, ""vel"": 25.7, ""pos"": 76.6, ""error"": 205.07434114999984}], [{""pair"": [3, 13, 1, 14], ""acc"": 6.7, ""vel"": 26.02, ""pos"": 76.6, ""error"": 0.0627166500001124}, {""pair"": [3, 13, 1, 14], ""acc"": 6.7, ""vel"": 26.02, ""pos"": 76.6, ""error"": 0.06945885000010321}, {""pair"": [3, 13, 1, 14], ""acc"": 6.7, ""vel"": 26.02, ""pos"": 76.6, ""error"": 41.60380334999974}, {""pair"": [3, 13, 1, 14], ""acc"": 6.7, ""vel"": 26.02, ""pos"": 76.6, ""error"": 41.61066114999974}, {""pair"": [3, 13, 1, 14], ""acc"": 6.7, ""vel"": 26.02, ""pos"": 76.6, ""error"": 204.74748334999987}, {""pair"": [3, 13, 1, 14], ""acc"": 6.7, ""vel"": 26.02, ""pos"": 76.6, ""error"": 204.75434114999985}], [{""pair"": [0, 13, 0, 14], ""acc"": 13.1, ""vel"": 25.7, ""pos"": 76.6, ""error"": 0.3827166500001127}, {""pair"": [0, 13, 0, 14], ""acc"": 13.1, ""vel"": 25.7, ""pos"": 76.6, ""error"": 0.3894588500001035}, {""pair"": [0, 13, 0, 14], ""acc"": 13.1, ""vel"": 25.7, ""pos"": 76.6, ""error"": 41.92380334999973}, {""pair"": [0, 13, 0, 14], ""acc"": 13.1, ""vel"": 25.7, ""pos"": 76.6, ""error"": 41.930661149999736}, {""pair"": [0, 13, 0, 14], ""acc"": 13.1, ""vel"": 25.7, ""pos"": 76.6, ""error"": 205.06748334999986}, {""pair"": [0, 13, 0, 14], ""acc"": 13.1, ""vel"": 25.7, ""pos"": 76.6, ""error"": 205.07434114999984}], [{""pair"": [0, 13, 1, 14], ""acc"": 0.3, ""vel"": 26.02, ""pos"": 76.6, ""error"": 0.0627166500001124}, {""pair"": [0, 13, 1, 14], ""acc"": 0.3, ""vel"": 26.02, ""pos"": 76.6, ""error"": 0.06945885000010321}, {""pair"": [0, 13, 1, 14], ""acc"": 0.3, ""vel"": 26.02, ""pos"": 76.6, ""error"": 41.60380334999974}, {""pair"": [0, 13, 1, 14], ""acc"": 0.3, ""vel"": 26.02, ""pos"": 76.6, ""error"": 41.61066114999974}, {""pair"": [0, 13, 1, 14], ""acc"": 0.3, ""vel"": 26.02, ""pos"": 76.6, ""error"": 204.74748334999987}, {""pair"": [0, 13, 1, 14], ""acc"": 0.3, ""vel"": 26.02, ""pos"": 76.6, ""error"": 204.75434114999985}], [{""pair"": [2, 13, 0, 14], ""acc"": 19.5, ""vel"": 25.7, ""pos"": 75.8, ""error"": 1.0674833499998826}, {""pair"": [2, 13, 0, 14], ""acc"": 19.5, ""vel"": 25.7, ""pos"": 75.8, ""error"": 1.0743411499998885}, {""pair"": [2, 13, 0, 14], ""acc"": 19.5, ""vel"": 25.7, ""pos"": 75.8, ""error"": 42.72380334999973}, {""pair"": [2, 13, 0, 14], ""acc"": 19.5, ""vel"": 25.7, ""pos"": 75.8, ""error"": 42.73066114999973}, {""pair"": [2, 13, 0, 14], ""acc"": 19.5, ""vel"": 25.7, ""pos"": 75.8, ""error"": 205.86748334999984}, {""pair"": [2, 13, 0, 14], ""acc"": 19.5, ""vel"": 25.7, ""pos"": 75.8, ""error"": 205.87434114999982}], [{""pair"": [2, 13, 1, 14], ""acc"": 6.7, ""vel"": 26.02, ""pos"": 75.8, ""error"": 0.7474833499998823}, {""pair"": [2, 13, 1, 14], ""acc"": 6.7, ""vel"": 26.02, ""pos"": 75.8, ""error"": 0.7543411499998882}, {""pair"": [2, 13, 1, 14], ""acc"": 6.7, ""vel"": 26.02, ""pos"": 75.8, ""error"": 42.403803349999734}, {""pair"": [2, 13, 1, 14], ""acc"": 6.7, ""vel"": 26.02, ""pos"": 75.8, ""error"": 42.41066114999974}, {""pair"": [2, 13, 1, 14], ""acc"": 6.7, ""vel"": 26.02, ""pos"": 75.8, ""error"": 205.54748334999985}, {""pair"": [2, 13, 1, 14], ""acc"": 6.7, ""vel"": 26.02, ""pos"": 75.8, ""error"": 205.55434114999983}]]","[[[3, 13, 0, 14], [19.5, 25.7, 76.6], 0.3827166500001127], [[3, 13, 1, 14], [6.7, 26.02, 76.6], 0.0627166500001124], [[0, 13, 0, 14], [13.1, 25.7, 76.6], 0.3827166500001127], [[0, 13, 1, 14], [0.3, 26.02, 76.6], 0.0627166500001124], [[2, 13, 0, 14], [19.5, 25.7, 75.8], 1.0674833499998826], [[2, 13, 1, 14], [6.7, 26.02, 75.8], 0.7474833499998823]]"
0.3,26.03,77.0,0.1,26.19,77.0,0.1,26.19,77.0,"[{""pair"": [3, 13, 2, 8], ""acc"": 0.1, ""vel"": 26.19, ""pos"": 77.0, ""error"": 0.38879184999970207}, {""pair"": [3, 13, 0, 8], ""acc"": 0.3, ""vel"": 26.19, ""pos"": 77.0, ""error"": 0.38879184999970207}, {""pair"": [3, 8, 1, 13], ""acc"": 0.1, ""vel"": 26.03, ""pos"": 77.0, ""error"": 0.45892335000038287}, {""pair"": [2, 8, 1, 13], ""acc"": 0.1, ""vel"": 26.03, ""pos"": 77.0, ""error"": 0.45892335000038287}, {""pair"": [0, 8, 1, 13], ""acc"": 0.3, ""vel"": 26.03, ""pos"": 77.0, ""error"": 0.45892335000038287}, {""pair"": [1, 8, 1, 13], ""acc"": 0.1, ""vel"": 26.03, ""pos"": 1715.4, ""error"": 1637.9412766499997}, {""pair"": [3, 13, 1, 8], ""acc"": 0.1, ""vel"": 26.19, ""pos"": 1715.4, ""error"": 1637.9887918499999}]","[[3, 13, 2, 8], [3, 13, 0, 8], [3, 8, 1, 13], [2, 8, 1, 13], [0, 8, 1, 13], [1, 8, 1, 13], [3, 13, 1, 8]]","[[{""pair"": [3, 8, 1, 13], ""acc"": 0.1, ""vel"": 26.03, ""pos"": 77.0, ""error"": 0.45892335000038287}, {""pair"": [3, 8, 1, 13], ""acc"": 0.1, ""vel"": 26.03, ""pos"": 77.0, ""error"": 0.6734081500004976}, {""pair"": [3, 8, 1, 13], ""acc"": 0.1, ""vel"": 26.03, ""pos"": 77.0, ""error"": 0.5487918499997022}], [{""pair"": [3, 13, 0, 8], ""acc"": 0.3, ""vel"": 26.19, ""pos"": 77.0, ""error"": 0.618923350000383}, {""pair"": [3, 13, 0, 8], ""acc"": 0.3, ""vel"": 26.19, ""pos"": 77.0, ""error"": 0.5134081500004974}, {""pair"": [3, 13, 0, 8], ""acc"": 0.3, ""vel"": 26.19, ""pos"": 77.0, ""error"": 0.38879184999970207}], [{""pair"": [3, 13, 1, 8], ""acc"": 0.1, ""vel"": 26.19, ""pos"": 1715.4, ""error"": 1638.1012766499998}, {""pair"": [3, 13, 1, 8], ""acc"": 0.1, ""vel"": 26.19, ""pos"": 1715.4, ""error"": 1637.9887918499999}, {""pair"": [3, 13, 1, 8], ""acc"": 0.1, ""vel"": 26.19, ""pos"": 1715.4, ""error"": 1638.7887918499998}], [{""pair"": [3, 13, 2, 8], ""acc"": 0.1, ""vel"": 26.19, ""pos"": 77.0, ""error"": 0.618923350000383}, {""pair"": [3, 13, 2, 8], ""acc"": 0.1, ""vel"": 26.19, ""pos"": 77.0, ""error"": 0.5134081500004974}, {""pair"": [3, 13, 2, 8], ""acc"": 0.1, ""vel"": 26.19, ""pos"": 77.0, ""error"": 0.38879184999970207}], [{""pair"": [0, 8, 1, 13], ""acc"": 0.3, ""vel"": 26.03, ""pos"": 77.0, ""error"": 0.45892335000038287}, {""pair"": [0, 8, 1, 13], ""acc"": 0.3, ""vel"": 26.03, ""pos"": 77.0, ""error"": 0.6734081500004976}, {""pair"": [0, 8, 1, 13], ""acc"": 0.3, ""vel"": 26.03, ""pos"": 77.0, ""error"": 0.5487918499997022}], [{""pair"": [1, 8, 1, 13], ""acc"": 0.1, ""vel"": 26.03, ""pos"": 1715.4, ""error"": 1637.9412766499997}, {""pair"": [1, 8, 1, 13], ""acc"": 0.1, ""vel"": 26.03, ""pos"": 1715.4, ""error"": 1638.1487918499997}, {""pair"": [1, 8, 1, 13], ""acc"": 0.1, ""vel"": 26.03, ""pos"": 1715.4, ""error"": 1638.94879185}], [{""pair"": [2, 8, 1, 13], ""acc"": 0.1, ""vel"": 26.03, ""pos"": 77.0, ""error"": 0.45892335000038287}, {""pair"": [2, 8, 1, 13], ""acc"": 0.1, ""vel"": 26.03, ""pos"": 77.0, ""error"": 0.6734081500004976}, {""pair"": [2, 8, 1, 13], ""acc"": 0.1, ""vel"": 26.03, ""pos"": 77.0, ""error"": 0.5487918499997022}]]","[[[3, 8, 1, 13], [0.1, 26.03, 77.0], 0.45892335000038287], [[3, 13, 0, 8], [0.3, 26.19, 77.0], 0.38879184999970207], [[3, 13, 1, 8], [0.1, 26.19, 1715.4], 1637.9887918499999], [[3, 13, 2, 8], [0.1, 26.19, 77.0], 0.38879184999970207], [[0, 8, 1, 13], [0.3, 26.03, 77.0], 0.45892335000038287], [[1, 8, 1, 13], [0.1, 26.03, 1715.4], 1637.9412766499997], [[2, 8, 1, 13], [0.1, 26.03, 77.0], 0.45892335000038287]]"
0.3,26.04,77.9,0.3,27.32,81.1,0.3,26.04,77.9,"[{""pair"": [2, 15, 0, 0], ""acc"": 0.3, ""vel"": 26.04, ""pos"": 77.9, ""error"": 0.01500660000022691}, {""pair"": [0, 0, 2, 15], ""acc"": 0.3, ""vel"": 26.04, ""pos"": 77.9, ""error"": 0.01500660000022691}, {""pair"": [3, 15, 0, 0], ""acc"": 0.3, ""vel"": 26.04, ""pos"": 81.1, ""error"": 3.2150066000002155}, {""pair"": [3, 15, 0, 0], ""acc"": 0.3, ""vel"": 26.04, ""pos"": 81.1, ""error"": 3.2150066000002155}, {""pair"": [1, 15, 2, 1], ""acc"": 0.3, ""vel"": 27.96, ""pos"": 81.1, ""error"": 4.969166600000211}]","[[2, 15, 0, 0], [0, 0, 2, 15], [3, 15, 0, 0], [3, 15, 0, 0], [1, 15, 2, 1]]","[[{""pair"": [3, 15, 0, 0], ""acc"": 0.3, ""vel"": 26.04, ""pos"": 81.1, ""error"": 3.362882200000211}, {""pair"": [3, 15, 0, 0], ""acc"": 0.3, ""vel"": 26.04, ""pos"": 81.1, ""error"": 3.3695666000002085}, {""pair"": [3, 15, 0, 0], ""acc"": 0.3, ""vel"": 26.04, ""pos"": 81.1, ""error"": 3.2215222000002157}, {""pair"": [3, 15, 0, 0], ""acc"": 0.3, ""vel"": 26.04, ""pos"": 81.1, ""error"": 3.2215222000002157}, {""pair"": [3, 15, 0, 0], ""acc"": 0.3, ""vel"": 26.04, ""pos"": 81.1, ""error"": 3.2150066000002155}, {""pair"": [3, 15, 0, 0], ""acc"": 0.3, ""vel"": 26.04, ""pos"": 81.1, ""error"": 1635.1916777999998}, {""pair"": [3, 15, 0, 0], ""acc"": 0.3, ""vel"": 26.04, ""pos"": 81.1, ""error"": 1635.3439177999999}], [{""pair"": [0, 15, 2, 1], ""acc"": -25.3, ""vel"": 27.32, ""pos"": 81.1, ""error"": 4.3360822000002095}, {""pair"": [0, 15, 2, 1], ""acc"": -25.3, ""vel"": 27.32, ""pos"": 81.1, ""error"": 4.32916660000021}, {""pair"": [0, 15, 2, 1], ""acc"": -25.3, ""vel"": 27.32, ""pos"": 81.1, ""error"": 4.501522200000217}, {""pair"": [0, 15, 2, 1], ""acc"": -25.3, ""vel"": 27.32, ""pos"": 81.1, ""error"": 4.501522200000217}, {""pair"": [0, 15, 2, 1], ""acc"": -25.3, ""vel"": 27.32, ""pos"": 81.1, ""error"": 4.494606600000218}, {""pair"": [0, 15, 2, 1], ""acc"": -25.3, ""vel"": 27.32, ""pos"": 81.1, ""error"": 1636.4716777999997}, {""pair"": [0, 15, 2, 1], ""acc"": -25.3, ""vel"": 27.32, ""pos"": 81.1, ""error"": 1636.3171178}], [{""pair"": [1, 15, 2, 1], ""acc"": 0.3, ""vel"": 27.96, ""pos"": 81.1, ""error"": 4.97608220000021}, {""pair"": [1, 15, 2, 1], ""acc"": 0.3, ""vel"": 27.96, ""pos"": 81.1, ""error"": 4.969166600000211}, {""pair"": [1, 15, 2, 1], ""acc"": 0.3, ""vel"": 27.96, ""pos"": 81.1, ""error"": 5.141522200000217}, {""pair"": [1, 15, 2, 1], ""acc"": 0.3, ""vel"": 27.96, ""pos"": 81.1, ""error"": 5.141522200000217}, {""pair"": [1, 15, 2, 1], ""acc"": 0.3, ""vel"": 27.96, ""pos"": 81.1, ""error"": 5.134606600000218}, {""pair"": [1, 15, 2, 1], ""acc"": 0.3, ""vel"": 27.96, ""pos"": 81.1, ""error"": 1637.1116777999998}, {""pair"": [1, 15, 2, 1], ""acc"": 0.3, ""vel"": 27.96, ""pos"": 81.1, ""error"": 1636.9571177999999}], [{""pair"": [2, 15, 0, 0], ""acc"": 0.3, ""vel"": 26.04, ""pos"": 77.9, ""error"": 0.16288220000022235}, {""pair"": [2, 15, 0, 0], ""acc"": 0.3, ""vel"": 26.04, ""pos"": 77.9, ""error"": 0.16956660000021984}, {""pair"": [2, 15, 0, 0], ""acc"": 0.3, ""vel"": 26.04, ""pos"": 77.9, ""error"": 0.021522200000227087}, {""pair"": [2, 15, 0, 0], ""acc"": 0.3, ""vel"": 26.04, ""pos"": 77.9, ""error"": 0.021522200000227087}, {""pair"": [2, 15, 0, 0], ""acc"": 0.3, ""vel"": 26.04, ""pos"": 77.9, ""error"": 0.01500660000022691}, {""pair"": [2, 15, 0, 0], ""acc"": 0.3, ""vel"": 26.04, ""pos"": 77.9, ""error"": 1638.3916777999996}, {""pair"": [2, 15, 0, 0], ""acc"": 0.3, ""vel"": 26.04, ""pos"": 77.9, ""error"": 1638.5439177999997}], [{""pair"": [3, 15, 0, 0], ""acc"": 0.3, ""vel"": 26.04, ""pos"": 81.1, ""error"": 3.362882200000211}, {""pair"": [3, 15, 0, 0], ""acc"": 0.3, ""vel"": 26.04, ""pos"": 81.1, ""error"": 3.3695666000002085}, {""pair"": [3, 15, 0, 0], ""acc"": 0.3, ""vel"": 26.04, ""pos"": 81.1, ""error"": 3.2215222000002157}, {""pair"": [3, 15, 0, 0], ""acc"": 0.3, ""vel"": 26.04, ""pos"": 81.1, ""error"": 3.2215222000002157}, {""pair"": [3, 15, 0, 0], ""acc"": 0.3, ""vel"": 26.04, ""pos"": 81.1, ""error"": 3.2150066000002155}, {""pair"": [3, 15, 0, 0], ""acc"": 0.3, ""vel"": 26.04, ""pos"": 81.1, ""error"": 1635.1916777999998}, {""pair"": [3, 15, 0, 0], ""acc"": 0.3, ""vel"": 26.04, ""pos"": 81.1, ""error"": 1635.3439177999999}], [{""pair"": [0, 0, 2, 15], ""acc"": 0.3, ""vel"": 26.04, ""pos"": 77.9, ""error"": 0.16288220000022235}, {""pair"": [0, 0, 2, 15], ""acc"": 0.3, ""vel"": 26.04, ""pos"": 77.9, ""error"": 0.16956660000021984}, {""pair"": [0, 0, 2, 15], ""acc"": 0.3, ""vel"": 26.04, ""pos"": 77.9, ""error"": 0.021522200000227087}, {""pair"": [0, 0, 2, 15], ""acc"": 0.3, ""vel"": 26.04, ""pos"": 77.9, ""error"": 0.021522200000227087}, {""pair"": [0, 0, 2, 15], ""acc"": 0.3, ""vel"": 26.04, ""pos"": 77.9, ""error"": 0.01500660000022691}, {""pair"": [0, 0, 2, 15], ""acc"": 0.3, ""vel"": 26.04, ""pos"": 77.9, ""error"": 1638.3916777999996}, {""pair"": [0, 0, 2, 15], ""acc"": 0.3, ""vel"": 26.04, ""pos"": 77.9, ""error"": 1638.5439177999997}]]","[[[3, 15, 0, 0], [0.3, 26.04, 81.1], 3.2150066000002155], [[0, 15, 2, 1], [-25.3, 27.32, 81.1], 4.32916660000021], [[1, 15, 2, 1], [0.3, 27.96, 81.1], 4.969166600000211], [[2, 15, 0, 0], [0.3, 26.04, 77.9], 0.01500660000022691], [[3, 15, 0, 0], [0.3, 26.04, 81.1], 3.2150066000002155], [[0, 0, 2, 15], [0.3, 26.04, 77.9], 0.01500660000022691]]"
0.3,26.05,78.7,-8.0,26.05,77.1,0.3,26.05,78.7,"[{""pair"": [2, 14, 0, 15], ""acc"": 0.3, ""vel"": 26.05, ""pos"": 78.7, ""error"": 0.38852159999948555}, {""pair"": [3, 14, 0, 15], ""acc"": 0.3, ""vel"": 26.05, ""pos"": 77.1, ""error"": 1.221878400000513}]","[[2, 14, 0, 15], [3, 14, 0, 15]]","[[{""pair"": [3, 14, 0, 15], ""acc"": 0.3, ""vel"": 26.05, ""pos"": 77.1, ""error"": 1.221878400000513}, {""pair"": [3, 14, 0, 15], ""acc"": 0.3, ""vel"": 26.05, ""pos"": 77.1, ""error"": 1.221878400000513}, {""pair"": [3, 14, 0, 15], ""acc"": 0.3, ""vel"": 26.05, ""pos"": 77.1, ""error"": 4.421878400000502}, {""pair"": [3, 14, 0, 15], ""acc"": 0.3, ""vel"": 26.05, ""pos"": 77.1, ""error"": 4.421878400000502}, {""pair"": [3, 14, 0, 15], ""acc"": 0.3, ""vel"": 26.05, ""pos"": 77.1, ""error"": 6.362198400000544}], [{""pair"": [3, 15, 0, 14], ""acc"": -12.5, ""vel"": 26.05, ""pos"": 77.1, ""error"": 1.221878400000513}, {""pair"": [3, 15, 0, 14], ""acc"": -12.5, ""vel"": 26.05, ""pos"": 77.1, ""error"": 1.221878400000513}, {""pair"": [3, 15, 0, 14], ""acc"": -12.5, ""vel"": 26.05, ""pos"": 77.1, ""error"": 4.421878400000502}, {""pair"": [3, 15, 0, 14], ""acc"": -12.5, ""vel"": 26.05, ""pos"": 77.1, ""error"": 4.421878400000502}, {""pair"": [3, 15, 0, 14], ""acc"": -12.5, ""vel"": 26.05, ""pos"": 77.1, ""error"": 6.362198400000544}], [{""pair"": [3, 15, 2, 14], ""acc"": -25.3, ""vel"": 26.05, ""pos"": 78.7, ""error"": 0.38852159999948555}, {""pair"": [3, 15, 2, 14], ""acc"": -25.3, ""vel"": 26.05, ""pos"": 78.7, ""error"": 0.38852159999948555}, {""pair"": [3, 15, 2, 14], ""acc"": -25.3, ""vel"": 26.05, ""pos"": 78.7, ""error"": 2.821878400000493}, {""pair"": [3, 15, 2, 14], ""acc"": -25.3, ""vel"": 26.05, ""pos"": 78.7, ""error"": 2.821878400000493}, {""pair"": [3, 15, 2, 14], ""acc"": -25.3, ""vel"": 26.05, ""pos"": 78.7, ""error"": 4.7621984000005355}], [{""pair"": [0, 14, 0, 15], ""acc"": 13.1, ""vel"": 26.05, ""pos"": 77.1, ""error"": 1.221878400000513}, {""pair"": [0, 14, 0, 15], ""acc"": 13.1, ""vel"": 26.05, ""pos"": 77.1, ""error"": 1.221878400000513}, {""pair"": [0, 14, 0, 15], ""acc"": 13.1, ""vel"": 26.05, ""pos"": 77.1, ""error"": 4.421878400000502}, {""pair"": [0, 14, 0, 15], ""acc"": 13.1, ""vel"": 26.05, ""pos"": 77.1, ""error"": 4.421878400000502}, {""pair"": [0, 14, 0, 15], ""acc"": 13.1, ""vel"": 26.05, ""pos"": 77.1, ""error"": 6.362198400000544}], [{""pair"": [2, 14, 0, 15], ""acc"": 0.3, ""vel"": 26.05, ""pos"": 78.7, ""error"": 0.38852159999948555}, {""pair"": [2, 14, 0, 15], ""acc"": 0.3, ""vel"": 26.05, ""pos"": 78.7, ""error"": 0.38852159999948555}, {""pair"": [2, 14, 0, 15], ""acc"": 0.3, ""vel"": 26.05, ""pos"": 78.7, ""error"": 2.821878400000493}, {""pair"": [2, 14, 0, 15], ""acc"": 0.3, ""vel"": 26.05, ""pos"": 78.7, ""error"": 2.821878400000493}, {""pair"": [2, 14, 0, 15], ""acc"": 0.3, ""vel"": 26.05, ""pos"": 78.7, ""error"": 4.7621984000005355}]]","[[[3, 14, 0, 15], [0.3, 26.05, 77.1], 1.221878400000513], [[3, 15, 0, 14], [-12.5, 26.05, 77.1], 1.221878400000513], [[3, 15, 2, 14], [-25.3, 26.05, 78.7], 0.38852159999948555], [[0, 14, 0, 15], [13.1, 26.05, 77.1], 1.221878400000513], [[2, 14, 0, 15], [0.3, 26.05, 78.7], 0.38852159999948555]]"
0.3,26.05,79.2,0.3,26.21,181.6,0.3,26.05,79.2,"[{""pair"": [1, 4, 1, 13], ""acc"": 0.3, ""vel"": 26.05, ""pos"": 79.2, ""error"": 0.06220665000010683}, {""pair"": [1, 4, 2, 13], ""acc"": 0.3, ""vel"": 26.21, ""pos"": 78.4, ""error"": 0.8977933499998905}, {""pair"": [0, 4, 2, 13], ""acc"": 0.3, ""vel"": 5.73, ""pos"": 180.8, ""error"": 121.98220665000011}, {""pair"": [0, 4, 1, 13], ""acc"": 0.3, ""vel"": 5.57, ""pos"": 181.6, ""error"": 122.9422066500001}]","[[1, 4, 1, 13], [1, 4, 2, 13], [0, 4, 2, 13], [0, 4, 1, 13]]","[[{""pair"": [0, 4, 1, 13], ""acc"": 0.3, ""vel"": 5.57, ""pos"": 181.6, ""error"": 122.9422066500001}, {""pair"": [0, 4, 1, 13], ""acc"": 0.3, ""vel"": 5.57, ""pos"": 181.6, ""error"": 124.54220665000011}], [{""pair"": [0, 4, 2, 13], ""acc"": 0.3, ""vel"": 5.73, ""pos"": 180.8, ""error"": 121.98220665000011}, {""pair"": [0, 4, 2, 13], ""acc"": 0.3, ""vel"": 5.73, ""pos"": 180.8, ""error"": 123.58220665000013}], [{""pair"": [1, 4, 1, 13], ""acc"": 0.3, ""vel"": 26.05, ""pos"": 79.2, ""error"": 0.06220665000010683}, {""pair"": [1, 4, 1, 13], ""acc"": 0.3, ""vel"": 26.05, ""pos"": 79.2, ""error"": 1.6622066500001154}], [{""pair"": [1, 4, 2, 13], ""acc"": 0.3, ""vel"": 26.21, ""pos"": 78.4, ""error"": 0.8977933499998905}, {""pair"": [1, 4, 2, 13], ""acc"": 0.3, ""vel"": 26.21, ""pos"": 78.4, ""error"": 1.0120066500001208}]]","[[[0, 4, 1, 13], [0.3, 5.57, 181.6], 122.9422066500001], [[0, 4, 2, 13], [0.3, 5.73, 180.8], 121.98220665000011], [[1, 4, 1, 13], [0.3, 26.05, 79.2], 0.06220665000010683], [[1, 4, 2, 13], [0.3, 26.21, 78.4], 0.8977933499998905]]"
0.3,26.06,79.60000000000001,0.3,26.06,54.0,0.3,26.06,79.6,"[{""pair"": [3, 1, 1, 2], ""acc"": 0.3, ""vel"": 26.06, ""pos"": 79.6, ""error"": 0.047793349999899704}, {""pair"": [0, 0, 1, 0], ""acc"": 0.3, ""vel"": 27.34, ""pos"": 60.4, ""error"": 19.570513349999896}, {""pair"": [1, 0, 0, 0], ""acc"": 0.3, ""vel"": 27.34, ""pos"": 60.4, ""error"": 19.570513349999896}, {""pair"": [3, 1, 2, 2], ""acc"": 0.3, ""vel"": 26.06, ""pos"": 54.0, ""error"": 25.000713349999895}]","[[3, 1, 1, 2], [0, 0, 1, 0], [1, 0, 0, 0], [3, 1, 2, 2]]","[[{""pair"": [3, 1, 1, 2], ""acc"": 0.3, ""vel"": 26.06, ""pos"": 79.6, ""error"": 0.047793349999899704}, {""pair"": [3, 1, 1, 2], ""acc"": 0.3, ""vel"": 26.06, ""pos"": 79.6, ""error"": 0.9094866500001011}, {""pair"": [3, 1, 1, 2], ""acc"": 0.3, ""vel"": 26.06, ""pos"": 79.6, ""error"": 121.62235334999998}, {""pair"": [3, 1, 1, 2], ""acc"": 0.3, ""vel"": 26.06, ""pos"": 79.6, ""error"": 122.57963334999998}], [{""pair"": [3, 1, 2, 2], ""acc"": 0.3, ""vel"": 26.06, ""pos"": 54.0, ""error"": 25.647793349999894}, {""pair"": [3, 1, 2, 2], ""acc"": 0.3, ""vel"": 26.06, ""pos"": 54.0, ""error"": 25.000713349999895}, {""pair"": [3, 1, 2, 2], ""acc"": 0.3, ""vel"": 26.06, ""pos"": 54.0, ""error"": 147.22235335}, {""pair"": [3, 1, 2, 2], ""acc"": 0.3, ""vel"": 26.06, ""pos"": 54.0, ""error"": 148.17963335}], [{""pair"": [0, 0, 1, 0], ""acc"": 0.3, ""vel"": 27.34, ""pos"": 60.4, ""error"": 20.527793349999897}, {""pair"": [0, 0, 1, 0], ""acc"": 0.3, ""vel"": 27.34, ""pos"": 60.4, ""error"": 19.570513349999896}, {""pair"": [0, 0, 1, 0], ""acc"": 0.3, ""vel"": 27.34, ""pos"": 60.4, ""error"": 142.10235335}, {""pair"": [0, 0, 1, 0], ""acc"": 0.3, ""vel"": 27.34, ""pos"": 60.4, ""error"": 143.05963334999998}], [{""pair"": [1, 0, 0, 0], ""acc"": 0.3, ""vel"": 27.34, ""pos"": 60.4, ""error"": 20.527793349999897}, {""pair"": [1, 0, 0, 0], ""acc"": 0.3, ""vel"": 27.34, ""pos"": 60.4, ""error"": 19.570513349999896}, {""pair"": [1, 0, 0, 0], ""acc"": 0.3, ""vel"": 27.34, ""pos"": 60.4, ""error"": 142.10235335}, {""pair"": [1, 0, 0, 0], ""acc"": 0.3, ""vel"": 27.34, ""pos"": 60.4, ""error"": 143.05963334999998}]]","[[[3, 1, 1, 2], [0.3, 26.06, 79.6], 0.047793349999899704], [[3, 1, 2, 2], [0.3, 26.06, 54.0], 25.000713349999895], [[0, 0, 1, 0], [0.3, 27.34, 60.4], 19.570513349999896], [[1, 0, 0, 0], [0.3, 27.34, 60.4], 19.570513349999896]]"
0.3,26.06,80.10000000000001,1.9,26.06,80.1,0.3,26.06,80.1,"[{""pair"": [3, 6, 0, 11], ""acc"": 0.3, ""vel"": 26.06, ""pos"": 80.1, ""error"": 0.08780160000097226}, {""pair"": [2, 6, 0, 11], ""acc"": 0.3, ""vel"": 26.06, ""pos"": 80.1, ""error"": 0.08780160000097226}, {""pair"": [3, 11, 2, 6], ""acc"": 1.9, ""vel"": 26.06, ""pos"": 80.1, ""error"": 0.08780160000097226}, {""pair"": [3, 6, 1, 11], ""acc"": 1.9, ""vel"": 26.02, ""pos"": 80.1, ""error"": 0.1278016000009714}, {""pair"": [2, 6, 1, 11], ""acc"": 1.9, ""vel"": 26.02, ""pos"": 80.1, ""error"": 0.1278016000009714}, {""pair"": [0, 6, 1, 11], ""acc"": 1.9, ""vel"": 107.94, ""pos"": 80.1, ""error"": 81.95820160000099}, {""pair"": [0, 6, 0, 11], ""acc"": 0.3, ""vel"": 107.98, ""pos"": 80.1, ""error"": 81.998201600001}, {""pair"": [3, 11, 0, 6], ""acc"": 1.9, ""vel"": 107.98, ""pos"": 80.1, ""error"": 81.998201600001}, {""pair"": [1, 6, 0, 11], ""acc"": 0.3, ""vel"": 26.06, ""pos"": 489.7, ""error"": 409.68780160000097}, {""pair"": [3, 11, 1, 6], ""acc"": 1.9, ""vel"": 26.06, ""pos"": 489.7, ""error"": 409.68780160000097}, {""pair"": [1, 6, 1, 11], ""acc"": 1.9, ""vel"": 26.02, ""pos"": 489.7, ""error"": 409.727801600001}]","[[3, 6, 0, 11], [2, 6, 0, 11], [3, 11, 2, 6], [3, 6, 1, 11], [2, 6, 1, 11], [0, 6, 1, 11], [0, 6, 0, 11], [3, 11, 0, 6], [1, 6, 0, 11], [3, 11, 1, 6], [1, 6, 1, 11]]","[[{""pair"": [3, 6, 0, 11], ""acc"": 0.3, ""vel"": 26.06, ""pos"": 80.1, ""error"": 0.08780160000097226}, {""pair"": [3, 6, 0, 11], ""acc"": 0.3, ""vel"": 26.06, ""pos"": 80.1, ""error"": 20.547321600001005}, {""pair"": [3, 6, 0, 11], ""acc"": 0.3, ""vel"": 26.06, ""pos"": 80.1, ""error"": 20.547321600001005}, {""pair"": [3, 6, 0, 11], ""acc"": 0.3, ""vel"": 26.06, ""pos"": 80.1, ""error"": 25.687801600000952}], [{""pair"": [3, 6, 1, 11], ""acc"": 1.9, ""vel"": 26.02, ""pos"": 80.1, ""error"": 0.1278016000009714}, {""pair"": [3, 6, 1, 11], ""acc"": 1.9, ""vel"": 26.02, ""pos"": 80.1, ""error"": 20.587321600001005}, {""pair"": [3, 6, 1, 11], ""acc"": 1.9, ""vel"": 26.02, ""pos"": 80.1, ""error"": 20.587321600001005}, {""pair"": [3, 6, 1, 11], ""acc"": 1.9, ""vel"": 26.02, ""pos"": 80.1, ""error"": 25.72780160000095}], [{""pair"": [3, 11, 0, 6], ""acc"": 1.9, ""vel"": 107.98, ""pos"": 80.1, ""error"": 81.998201600001}, {""pair"": [3, 11, 0, 6], ""acc"": 1.9, ""vel"": 107.98, ""pos"": 80.1, ""error"": 99.89772160000103}, {""pair"": [3, 11, 0, 6], ""acc"": 1.9, ""vel"": 107.98, ""pos"": 80.1, ""error"": 99.89772160000103}, {""pair"": [3, 11, 0, 6], ""acc"": 1.9, ""vel"": 107.98, ""pos"": 80.1, ""error"": 107.59820160000098}], [{""pair"": [3, 11, 1, 6], ""acc"": 1.9, ""vel"": 26.06, ""pos"": 489.7, ""error"": 409.68780160000097}, {""pair"": [3, 11, 1, 6], ""acc"": 1.9, ""vel"": 26.06, ""pos"": 489.7, ""error"": 430.14732160000096}, {""pair"": [3, 11, 1, 6], ""acc"": 1.9, ""vel"": 26.06, ""pos"": 489.7, ""error"": 430.14732160000096}, {""pair"": [3, 11, 1, 6], ""acc"": 1.9, ""vel"": 26.06, ""pos"": 489.7, ""error"": 435.28780160000093}], [{""pair"": [3, 11, 2, 6], ""acc"": 1.9, ""vel"": 26.06, ""pos"": 80.1, ""error"": 0.08780160000097226}, {""pair"": [3, 11, 2, 6], ""acc"": 1.9, ""vel"": 26.06, ""pos"": 80.1, ""error"": 20.547321600001005}, {""pair"": [3, 11, 2, 6], ""acc"": 1.9, ""vel"": 26.06, ""pos"": 80.1, ""error"": 20.547321600001005}, {""pair"": [3, 11, 2, 6], ""acc"": 1.9, ""vel"": 26.06, ""pos"": 80.1, ""error"": 25.687801600000952}], [{""pair"": [0, 6, 0, 11], ""acc"": 0.3, ""vel"": 107.98, ""pos"": 80.1, ""error"": 81.998201600001}, {""pair"": [0, 6, 0, 11], ""acc"": 0.3, ""vel"": 107.98, ""pos"": 80.1, ""error"": 99.89772160000103}, {""pair"": [0, 6, 0, 11], ""acc"": 0.3, ""vel"": 107.98, ""pos"": 80.1, ""error"": 99.89772160000103}, {""pair"": [0, 6, 0, 11], ""acc"": 0.3, ""vel"": 107.98, ""pos"": 80.1, ""error"": 107.59820160000098}], [{""pair"": [0, 6, 1, 11], ""acc"": 1.9, ""vel"": 107.94, ""pos"": 80.1, ""error"": 81.95820160000099}, {""pair"": [0, 6, 1, 11], ""acc"": 1.9, ""vel"": 107.94, ""pos"": 80.1, ""error"": 99.85772160000101}, {""pair"": [0, 6, 1, 11], ""acc"": 1.9, ""vel"": 107.94, ""pos"": 80.1, ""error"": 99.85772160000101}, {""pair"": [0, 6, 1, 11], ""acc"": 1.9, ""vel"": 107.94, ""pos"": 80.1, ""error"": 107.55820160000097}], [{""pair"": [1, 6, 0, 11], ""acc"": 0.3, ""vel"": 26.06, ""pos"": 489.7, ""error"": 409.68780160000097}, {""pair"": [1, 6, 0, 11], ""acc"": 0.3, ""vel"": 26.06, ""pos"": 489.7, ""error"": 430.14732160000096}, {""pair"": [1, 6, 0, 11], ""acc"": 0.3, ""vel"": 26.06, ""pos"": 489.7, ""error"": 430.14732160000096}, {""pair"": [1, 6, 0, 11], ""acc"": 0.3, ""vel"": 26.06, ""pos"": 489.7, ""error"": 435.28780160000093}], [{""pair"": [1, 6, 1, 11], ""acc"": 1.9, ""vel"": 26.02, ""pos"": 489.7, ""error"": 409.727801600001}, {""pair"": [1, 6, 1, 11], ""acc"": 1.9, ""vel"": 26.02, ""pos"": 489.7, ""error"": 430.187321600001}, {""pair"": [1, 6, 1, 11], ""acc"": 1.9, ""vel"": 26.02, ""pos"": 489.7, ""error"": 430.187321600001}, {""pair"": [1, 6, 1, 11], ""acc"": 1.9, ""vel"": 26.02, ""pos"": 489.7, ""error"": 435.32780160000095}], [{""pair"": [2, 6, 0, 11], ""acc"": 0.3, ""vel"": 26.06, ""pos"": 80.1, ""error"": 0.08780160000097226}, {""pair"": [2, 6, 0, 11], ""acc"": 0.3, ""vel"": 26.06, ""pos"": 80.1, ""error"": 20.547321600001005}, {""pair"": [2, 6, 0, 11], ""acc"": 0.3, ""vel"": 26.06, ""pos"": 80.1, ""error"": 20.547321600001005}, {""pair"": [2, 6, 0, 11], ""acc"": 0.3, ""vel"": 26.06, ""pos"": 80.1, ""error"": 25.687801600000952}], [{""pair"": [2, 6, 1, 11], ""acc"": 1.9, ""vel"": 26.02, ""pos"": 80.1, ""error"": 0.1278016000009714}, {""pair"": [2, 6, 1, 11], ""acc"": 1.9, ""vel"": 26.02, ""pos"": 80.1, ""error"": 20.587321600001005}, {""pair"": [2, 6, 1, 11], ""acc"": 1.9, ""vel"": 26.02, ""pos"": 80.1, ""error"": 20.587321600001005}, {""pair"": [2, 6, 1, 11], ""acc"": 1.9, ""vel"": 26.02, ""pos"": 80.1, ""error"": 25.72780160000095}]]","[[[3, 6, 0, 11], [0.3, 26.06, 80.1], 0.08780160000097226], [[3, 6, 1, 11], [1.9, 26.02, 80.1], 0.1278016000009714], [[3, 11, 0, 6], [1.9, 107.98, 80.1], 81.998201600001], [[3, 11, 1, 6], [1.9, 26.06, 489.7], 409.68780160000097], [[3, 11, 2, 6], [1.9, 26.06, 80.1], 0.08780160000097226], [[0, 6, 0, 11], [0.3, 107.98, 80.1], 81.998201600001], [[0, 6, 1, 11], [1.9, 107.94, 80.1], 81.95820160000099], [[1, 6, 0, 11], [0.3, 26.06, 489.7], 409.68780160000097], [[1, 6, 1, 11], [1.9, 26.02, 489.7], 409.727801600001], [[2, 6, 0, 11], [0.3, 26.06, 80.1], 0.08780160000097226], [[2, 6, 1, 11], [1.9, 26.02, 80.1], 0.1278016000009714]]"
0.3,26.07,80.5,5.1,26.07,80.5,0.3,26.07,80.5,"[{""pair"": [0, 11, 0, 12], ""acc"": 0.3, ""vel"": 26.07, ""pos"": 80.5, ""error"": 0.04796334999988616}, {""pair"": [3, 11, 0, 12], ""acc"": 1.9, ""vel"": 26.07, ""pos"": 80.5, ""error"": 0.04796334999988616}, {""pair"": [1, 11, 0, 12], ""acc"": 1.9, ""vel"": 26.03, ""pos"": 80.5, ""error"": 0.06491454999987312}, {""pair"": [0, 11, 1, 12], ""acc"": 3.5, ""vel"": 25.99, ""pos"": 80.5, ""error"": 0.10491454999987582}, {""pair"": [3, 11, 1, 12], ""acc"": 5.1, ""vel"": 25.99, ""pos"": 80.5, ""error"": 0.10491454999987582}, {""pair"": [1, 11, 1, 12], ""acc"": 5.1, ""vel"": 25.95, ""pos"": 80.5, ""error"": 0.14491454999987496}, {""pair"": [0, 11, 2, 12], ""acc"": 3.5, ""vel"": 26.07, ""pos"": 80.1, ""error"": 0.44796334999989185}, {""pair"": [3, 11, 2, 12], ""acc"": 5.1, ""vel"": 26.07, ""pos"": 80.1, ""error"": 0.44796334999989185}, {""pair"": [1, 11, 2, 12], ""acc"": 5.1, ""vel"": 26.03, ""pos"": 80.1, ""error"": 0.4649145499998788}]","[[0, 11, 0, 12], [3, 11, 0, 12], [1, 11, 0, 12], [0, 11, 1, 12], [3, 11, 1, 12], [1, 11, 1, 12], [0, 11, 2, 12], [3, 11, 2, 12], [1, 11, 2, 12]]","[[{""pair"": [3, 11, 0, 12], ""acc"": 1.9, ""vel"": 26.07, ""pos"": 80.5, ""error"": 0.04796334999988616}, {""pair"": [3, 11, 0, 12], ""acc"": 1.9, ""vel"": 26.07, ""pos"": 80.5, ""error"": 0.04796334999988616}, {""pair"": [3, 11, 0, 12], ""acc"": 1.9, ""vel"": 26.07, ""pos"": 80.5, ""error"": 0.0655945499998758}, {""pair"": [3, 11, 0, 12], ""acc"": 1.9, ""vel"": 26.07, ""pos"": 80.5, ""error"": 0.06031454999989094}, {""pair"": [3, 11, 0, 12], ""acc"": 1.9, ""vel"": 26.07, ""pos"": 80.5, ""error"": 0.06031454999989094}, {""pair"": [3, 11, 0, 12], ""acc"": 1.9, ""vel"": 26.07, ""pos"": 80.5, ""error"": 83.33755454999955}, {""pair"": [3, 11, 0, 12], ""acc"": 1.9, ""vel"": 26.07, ""pos"": 80.5, ""error"": 83.35080334999955}, {""pair"": [3, 11, 0, 12], ""acc"": 1.9, ""vel"": 26.07, ""pos"": 80.5, ""error"": 83.37823454999955}, {""pair"": [3, 11, 0, 12], ""acc"": 1.9, ""vel"": 26.07, ""pos"": 80.5, ""error"": 409.6479633499999}, {""pair"": [3, 11, 0, 12], ""acc"": 1.9, ""vel"": 26.07, ""pos"": 80.5, ""error"": 409.6655945499998}, {""pair"": [3, 11, 0, 12], ""acc"": 1.9, ""vel"": 26.07, ""pos"": 80.5, ""error"": 409.66031454999984}], [{""pair"": [3, 11, 1, 12], ""acc"": 5.1, ""vel"": 25.99, ""pos"": 80.5, ""error"": 0.11816334999988243}, {""pair"": [3, 11, 1, 12], ""acc"": 5.1, ""vel"": 25.99, ""pos"": 80.5, ""error"": 0.11816334999988243}, {""pair"": [3, 11, 1, 12], ""acc"": 5.1, ""vel"": 25.99, ""pos"": 80.5, ""error"": 0.14559454999987764}, {""pair"": [3, 11, 1, 12], ""acc"": 5.1, ""vel"": 25.99, ""pos"": 80.5, ""error"": 0.10491454999987582}, {""pair"": [3, 11, 1, 12], ""acc"": 5.1, ""vel"": 25.99, ""pos"": 80.5, ""error"": 0.10491454999987582}, {""pair"": [3, 11, 1, 12], ""acc"": 5.1, ""vel"": 25.99, ""pos"": 80.5, ""error"": 83.41755454999955}, {""pair"": [3, 11, 1, 12], ""acc"": 5.1, ""vel"": 25.99, ""pos"": 80.5, ""error"": 83.43080334999956}, {""pair"": [3, 11, 1, 12], ""acc"": 5.1, ""vel"": 25.99, ""pos"": 80.5, ""error"": 83.45823454999956}, {""pair"": [3, 11, 1, 12], ""acc"": 5.1, ""vel"": 25.99, ""pos"": 80.5, ""error"": 409.7181633499999}, {""pair"": [3, 11, 1, 12], ""acc"": 5.1, ""vel"": 25.99, ""pos"": 80.5, ""error"": 409.74559454999985}, {""pair"": [3, 11, 1, 12], ""acc"": 5.1, ""vel"": 25.99, ""pos"": 80.5, ""error"": 409.70491454999984}], [{""pair"": [3, 11, 2, 12], ""acc"": 5.1, ""vel"": 26.07, ""pos"": 80.1, ""error"": 0.44796334999989185}, {""pair"": [3, 11, 2, 12], ""acc"": 5.1, ""vel"": 26.07, ""pos"": 80.1, ""error"": 0.44796334999989185}, {""pair"": [3, 11, 2, 12], ""acc"": 5.1, ""vel"": 26.07, ""pos"": 80.1, ""error"": 0.4655945499998815}, {""pair"": [3, 11, 2, 12], ""acc"": 5.1, ""vel"": 26.07, ""pos"": 80.1, ""error"": 0.4603145499998966}, {""pair"": [3, 11, 2, 12], ""acc"": 5.1, ""vel"": 26.07, ""pos"": 80.1, ""error"": 0.4603145499998966}, {""pair"": [3, 11, 2, 12], ""acc"": 5.1, ""vel"": 26.07, ""pos"": 80.1, ""error"": 83.73755454999956}, {""pair"": [3, 11, 2, 12], ""acc"": 5.1, ""vel"": 26.07, ""pos"": 80.1, ""error"": 83.75080334999956}, {""pair"": [3, 11, 2, 12], ""acc"": 5.1, ""vel"": 26.07, ""pos"": 80.1, ""error"": 83.77823454999955}, {""pair"": [3, 11, 2, 12], ""acc"": 5.1, ""vel"": 26.07, ""pos"": 80.1, ""error"": 410.0479633499999}, {""pair"": [3, 11, 2, 12], ""acc"": 5.1, ""vel"": 26.07, ""pos"": 80.1, ""error"": 410.0655945499998}, {""pair"": [3, 11, 2, 12], ""acc"": 5.1, ""vel"": 26.07, ""pos"": 80.1, ""error"": 410.0603145499998}], [{""pair"": [0, 11, 0, 12], ""acc"": 0.3, ""vel"": 26.07, ""pos"": 80.5, ""error"": 0.04796334999988616}, {""pair"": [0, 11, 0, 12], ""acc"": 0.3, ""vel"": 26.07, ""pos"": 80.5, ""error"": 0.04796334999988616}, {""pair"": [0, 11, 0, 12], ""acc"": 0.3, ""vel"": 26.07, ""pos"": 80.5, ""error"": 0.0655945499998758}, {""pair"": [0, 11, 0, 12], ""acc"": 0.3, ""vel"": 26.07, ""pos"": 80.5, ""error"": 0.06031454999989094}, {""pair"": [0, 11, 0, 12], ""acc"": 0.3, ""vel"": 26.07, ""pos"": 80.5, ""error"": 0.06031454999989094}, {""pair"": [0, 11, 0, 12], ""acc"": 0.3, ""vel"": 26.07, ""pos"": 80.5, ""error"": 83.33755454999955}, {""pair"": [0, 11, 0, 12], ""acc"": 0.3, ""vel"": 26.07, ""pos"": 80.5, ""error"": 83.35080334999955}, {""pair"": [0, 11, 0, 12], ""acc"": 0.3, ""vel"": 26.07, ""pos"": 80.5, ""error"": 83.37823454999955}, {""pair"": [0, 11, 0, 12], ""acc"": 0.3, ""vel"": 26.07, ""pos"": 80.5, ""error"": 409.6479633499999}, {""pair"": [0, 11, 0, 12], ""acc"": 0.3, ""vel"": 26.07, ""pos"": 80.5, ""error"": 409.6655945499998}, {""pair"": [0, 11, 0, 12], ""acc"": 0.3, ""vel"": 26.07, ""pos"": 80.5, ""error"": 409.66031454999984}], [{""pair"": [0, 11, 1, 12], ""acc"": 3.5, ""vel"": 25.99, ""pos"": 80.5, ""error"": 0.11816334999988243}, {""pair"": [0, 11, 1, 12], ""acc"": 3.5, ""vel"": 25.99, ""pos"": 80.5, ""error"": 0.11816334999988243}, {""pair"": [0, 11, 1, 12], ""acc"": 3.5, ""vel"": 25.99, ""pos"": 80.5, ""error"": 0.14559454999987764}, {""pair"": [0, 11, 1, 12], ""acc"": 3.5, ""vel"": 25.99, ""pos"": 80.5, ""error"": 0.10491454999987582}, {""pair"": [0, 11, 1, 12], ""acc"": 3.5, ""vel"": 25.99, ""pos"": 80.5, ""error"": 0.10491454999987582}, {""pair"": [0, 11, 1, 12], ""acc"": 3.5, ""vel"": 25.99, ""pos"": 80.5, ""error"": 83.41755454999955}, {""pair"": [0, 11, 1, 12], ""acc"": 3.5, ""vel"": 25.99, ""pos"": 80.5, ""error"": 83.43080334999956}, {""pair"": [0, 11, 1, 12], ""acc"": 3.5, ""vel"": 25.99, ""pos"": 80.5, ""error"": 83.45823454999956}, {""pair"": [0, 11, 1, 12], ""acc"": 3.5, ""vel"": 25.99, ""pos"": 80.5, ""error"": 409.7181633499999}, {""pair"": [0, 11, 1, 12], ""acc"": 3.5, ""vel"": 25.99, ""pos"": 80.5, ""error"": 409.74559454999985}, {""pair"": [0, 11, 1, 12], ""acc"": 3.5, ""vel"": 25.99, ""pos"": 80.5, ""error"": 409.70491454999984}], [{""pair"": [0, 11, 2, 12], ""acc"": 3.5, ""vel"": 26.07, ""pos"": 80.1, ""error"": 0.44796334999989185}, {""pair"": [0, 11, 2, 12], ""acc"": 3.5, ""vel"": 26.07, ""pos"": 80.1, ""error"": 0.44796334999989185}, {""pair"": [0, 11, 2, 12], ""acc"": 3.5, ""vel"": 26.07, ""pos"": 80.1, ""error"": 0.4655945499998815}, {""pair"": [0, 11, 2, 12], ""acc"": 3.5, ""vel"": 26.07, ""pos"": 80.1, ""error"": 0.4603145499998966}, {""pair"": [0, 11, 2, 12], ""acc"": 3.5, ""vel"": 26.07, ""pos"": 80.1, ""error"": 0.4603145499998966}, {""pair"": [0, 11, 2, 12], ""acc"": 3.5, ""vel"": 26.07, ""pos"": 80.1, ""error"": 83.73755454999956}, {""pair"": [0, 11, 2, 12], ""acc"": 3.5, ""vel"": 26.07, ""pos"": 80.1, ""error"": 83.75080334999956}, {""pair"": [0, 11, 2, 12], ""acc"": 3.5, ""vel"": 26.07, ""pos"": 80.1, ""error"": 83.77823454999955}, {""pair"": [0, 11, 2, 12], ""acc"": 3.5, ""vel"": 26.07, ""pos"": 80.1, ""error"": 410.0479633499999}, {""pair"": [0, 11, 2, 12], ""acc"": 3.5, ""vel"": 26.07, ""pos"": 80.1, ""error"": 410.0655945499998}, {""pair"": [0, 11, 2, 12], ""acc"": 3.5, ""vel"": 26.07, ""pos"": 80.1, ""error"": 410.0603145499998}], [{""pair"": [1, 11, 0, 12], ""acc"": 1.9, ""vel"": 26.03, ""pos"": 80.5, ""error"": 0.07816334999987973}, {""pair"": [1, 11, 0, 12], ""acc"": 1.9, ""vel"": 26.03, ""pos"": 80.5, ""error"": 0.07816334999987973}, {""pair"": [1, 11, 0, 12], ""acc"": 1.9, ""vel"": 26.03, ""pos"": 80.5, ""error"": 0.10559454999987494}, {""pair"": [1, 11, 0, 12], ""acc"": 1.9, ""vel"": 26.03, ""pos"": 80.5, ""error"": 0.06491454999987312}, {""pair"": [1, 11, 0, 12], ""acc"": 1.9, ""vel"": 26.03, ""pos"": 80.5, ""error"": 0.06491454999987312}, {""pair"": [1, 11, 0, 12], ""acc"": 1.9, ""vel"": 26.03, ""pos"": 80.5, ""error"": 83.37755454999954}, {""pair"": [1, 11, 0, 12], ""acc"": 1.9, ""vel"": 26.03, ""pos"": 80.5, ""error"": 83.39080334999956}, {""pair"": [1, 11, 0, 12], ""acc"": 1.9, ""vel"": 26.03, ""pos"": 80.5, ""error"": 83.41823454999955}, {""pair"": [1, 11, 0, 12], ""acc"": 1.9, ""vel"": 26.03, ""pos"": 80.5, ""error"": 409.67816334999986}, {""pair"": [1, 11, 0, 12], ""acc"": 1.9, ""vel"": 26.03, ""pos"": 80.5, ""error"": 409.70559454999983}, {""pair"": [1, 11, 0, 12], ""acc"": 1.9, ""vel"": 26.03, ""pos"": 80.5, ""error"": 409.6649145499998}], [{""pair"": [1, 11, 1, 12], ""acc"": 5.1, ""vel"": 25.95, ""pos"": 80.5, ""error"": 0.15816334999988158}, {""pair"": [1, 11, 1, 12], ""acc"": 5.1, ""vel"": 25.95, ""pos"": 80.5, ""error"": 0.15816334999988158}, {""pair"": [1, 11, 1, 12], ""acc"": 5.1, ""vel"": 25.95, ""pos"": 80.5, ""error"": 0.1855945499998768}, {""pair"": [1, 11, 1, 12], ""acc"": 5.1, ""vel"": 25.95, ""pos"": 80.5, ""error"": 0.14491454999987496}, {""pair"": [1, 11, 1, 12], ""acc"": 5.1, ""vel"": 25.95, ""pos"": 80.5, ""error"": 0.14491454999987496}, {""pair"": [1, 11, 1, 12], ""acc"": 5.1, ""vel"": 25.95, ""pos"": 80.5, ""error"": 83.45755454999954}, {""pair"": [1, 11, 1, 12], ""acc"": 5.1, ""vel"": 25.95, ""pos"": 80.5, ""error"": 83.47080334999956}, {""pair"": [1, 11, 1, 12], ""acc"": 5.1, ""vel"": 25.95, ""pos"": 80.5, ""error"": 83.49823454999955}, {""pair"": [1, 11, 1, 12], ""acc"": 5.1, ""vel"": 25.95, ""pos"": 80.5, ""error"": 409.75816334999985}, {""pair"": [1, 11, 1, 12], ""acc"": 5.1, ""vel"": 25.95, ""pos"": 80.5, ""error"": 409.7855945499998}, {""pair"": [1, 11, 1, 12], ""acc"": 5.1, ""vel"": 25.95, ""pos"": 80.5, ""error"": 409.74491454999986}], [{""pair"": [1, 11, 2, 12], ""acc"": 5.1, ""vel"": 26.03, ""pos"": 80.1, ""error"": 0.4781633499998854}, {""pair"": [1, 11, 2, 12], ""acc"": 5.1, ""vel"": 26.03, ""pos"": 80.1, ""error"": 0.4781633499998854}, {""pair"": [1, 11, 2, 12], ""acc"": 5.1, ""vel"": 26.03, ""pos"": 80.1, ""error"": 0.5055945499998806}, {""pair"": [1, 11, 2, 12], ""acc"": 5.1, ""vel"": 26.03, ""pos"": 80.1, ""error"": 0.4649145499998788}, {""pair"": [1, 11, 2, 12], ""acc"": 5.1, ""vel"": 26.03, ""pos"": 80.1, ""error"": 0.4649145499998788}, {""pair"": [1, 11, 2, 12], ""acc"": 5.1, ""vel"": 26.03, ""pos"": 80.1, ""error"": 83.77755454999955}, {""pair"": [1, 11, 2, 12], ""acc"": 5.1, ""vel"": 26.03, ""pos"": 80.1, ""error"": 83.79080334999956}, {""pair"": [1, 11, 2, 12], ""acc"": 5.1, ""vel"": 26.03, ""pos"": 80.1, ""error"": 83.81823454999956}, {""pair"": [1, 11, 2, 12], ""acc"": 5.1, ""vel"": 26.03, ""pos"": 80.1, ""error"": 410.0781633499999}, {""pair"": [1, 11, 2, 12], ""acc"": 5.1, ""vel"": 26.03, ""pos"": 80.1, ""error"": 410.1055945499998}, {""pair"": [1, 11, 2, 12], ""acc"": 5.1, ""vel"": 26.03, ""pos"": 80.1, ""error"": 410.0649145499998}]]","[[[3, 11, 0, 12], [1.9, 26.07, 80.5], 0.04796334999988616], [[3, 11, 1, 12], [5.1, 25.99, 80.5], 0.10491454999987582], [[3, 11, 2, 12], [5.1, 26.07, 80.1], 0.44796334999989185], [[0, 11, 0, 12], [0.3, 26.07, 80.5], 0.04796334999988616], [[0, 11, 1, 12], [3.5, 25.99, 80.5], 0.10491454999987582], [[0, 11, 2, 12], [3.5, 26.07, 80.1], 0.44796334999989185], [[1, 11, 0, 12], [1.9, 26.03, 80.5], 0.06491454999987312], [[1, 11, 1, 12], [5.1, 25.95, 80.5], 0.14491454999987496], [[1, 11, 2, 12], [5.1, 26.03, 80.1], 0.4649145499998788]]"
0.3,26.07,80.9,1.1,26.07,80.9,0.9,26.05,80.9,"[{""pair"": [0, 8, 1, 10], ""acc"": 0.9, ""vel"": 26.05, ""pos"": 80.9, ""error"": 0.04283574999990947}, {""pair"": [3, 8, 1, 10], ""acc"": 1.1, ""vel"": 26.05, ""pos"": 80.9, ""error"": 0.04283574999990947}, {""pair"": [0, 8, 0, 10], ""acc"": 0.1, ""vel"": 26.07, ""pos"": 80.9, ""error"": 0.04833334999987926}, {""pair"": [3, 8, 0, 10], ""acc"": 0.3, ""vel"": 26.07, ""pos"": 80.9, ""error"": 0.04833334999987926}, {""pair"": [3, 10, 0, 8], ""acc"": 0.9, ""vel"": 26.07, ""pos"": 80.9, ""error"": 0.04833334999987926}, {""pair"": [0, 8, 2, 10], ""acc"": 0.9, ""vel"": 26.07, ""pos"": 80.8, ""error"": 0.1483333499998878}, {""pair"": [3, 8, 2, 10], ""acc"": 1.1, ""vel"": 26.07, ""pos"": 80.8, ""error"": 0.1483333499998878}]","[[0, 8, 1, 10], [3, 8, 1, 10], [0, 8, 0, 10], [3, 8, 0, 10], [3, 10, 0, 8], [0, 8, 2, 10], [3, 8, 2, 10]]","[[{""pair"": [3, 8, 0, 10], ""acc"": 0.3, ""vel"": 26.07, ""pos"": 80.9, ""error"": 0.04833334999987926}, {""pair"": [3, 8, 0, 10], ""acc"": 0.3, ""vel"": 26.07, ""pos"": 80.9, ""error"": 0.07576454999987448}, {""pair"": [3, 8, 0, 10], ""acc"": 0.3, ""vel"": 26.07, ""pos"": 80.9, ""error"": 0.05048454999990071}, {""pair"": [3, 8, 0, 10], ""acc"": 0.3, ""vel"": 26.07, ""pos"": 80.9, ""error"": 0.06283574999990904}, {""pair"": [3, 8, 0, 10], ""acc"": 0.3, ""vel"": 26.07, ""pos"": 80.9, ""error"": 0.04926694999987191}, {""pair"": [3, 8, 0, 10], ""acc"": 0.3, ""vel"": 26.07, ""pos"": 80.9, ""error"": 0.07518694999991382}, {""pair"": [3, 8, 0, 10], ""acc"": 0.3, ""vel"": 26.07, ""pos"": 80.9, ""error"": 0.41580425000010734}, {""pair"": [3, 8, 0, 10], ""acc"": 0.3, ""vel"": 26.07, ""pos"": 80.9, ""error"": 0.44277305000009903}, {""pair"": [3, 8, 0, 10], ""acc"": 0.3, ""vel"": 26.07, ""pos"": 80.9, ""error"": 0.40345305000008835}], [{""pair"": [3, 8, 1, 10], ""acc"": 1.1, ""vel"": 26.05, ""pos"": 80.9, ""error"": 0.06833334999987883}, {""pair"": [3, 8, 1, 10], ""acc"": 1.1, ""vel"": 26.05, ""pos"": 80.9, ""error"": 0.09576454999987405}, {""pair"": [3, 8, 1, 10], ""acc"": 1.1, ""vel"": 26.05, ""pos"": 80.9, ""error"": 0.055084549999886434}, {""pair"": [3, 8, 1, 10], ""acc"": 1.1, ""vel"": 26.05, ""pos"": 80.9, ""error"": 0.04283574999990947}, {""pair"": [3, 8, 1, 10], ""acc"": 1.1, ""vel"": 26.05, ""pos"": 80.9, ""error"": 0.06926694999987149}, {""pair"": [3, 8, 1, 10], ""acc"": 1.1, ""vel"": 26.05, ""pos"": 80.9, ""error"": 0.05518694999991425}, {""pair"": [3, 8, 1, 10], ""acc"": 1.1, ""vel"": 26.05, ""pos"": 80.9, ""error"": 0.4358042500001069}, {""pair"": [3, 8, 1, 10], ""acc"": 1.1, ""vel"": 26.05, ""pos"": 80.9, ""error"": 0.4627730500000986}, {""pair"": [3, 8, 1, 10], ""acc"": 1.1, ""vel"": 26.05, ""pos"": 80.9, ""error"": 0.4234530500000879}], [{""pair"": [3, 8, 2, 10], ""acc"": 1.1, ""vel"": 26.07, ""pos"": 80.8, ""error"": 0.1483333499998878}, {""pair"": [3, 8, 2, 10], ""acc"": 1.1, ""vel"": 26.07, ""pos"": 80.8, ""error"": 0.175764549999883}, {""pair"": [3, 8, 2, 10], ""acc"": 1.1, ""vel"": 26.07, ""pos"": 80.8, ""error"": 0.15048454999990923}, {""pair"": [3, 8, 2, 10], ""acc"": 1.1, ""vel"": 26.07, ""pos"": 80.8, ""error"": 0.16283574999991757}, {""pair"": [3, 8, 2, 10], ""acc"": 1.1, ""vel"": 26.07, ""pos"": 80.8, ""error"": 0.14926694999988044}, {""pair"": [3, 8, 2, 10], ""acc"": 1.1, ""vel"": 26.07, ""pos"": 80.8, ""error"": 0.17518694999992235}, {""pair"": [3, 8, 2, 10], ""acc"": 1.1, ""vel"": 26.07, ""pos"": 80.8, ""error"": 0.3158042500000988}, {""pair"": [3, 8, 2, 10], ""acc"": 1.1, ""vel"": 26.07, ""pos"": 80.8, ""error"": 0.3427730500000905}, {""pair"": [3, 8, 2, 10], ""acc"": 1.1, ""vel"": 26.07, ""pos"": 80.8, ""error"": 0.3034530500000798}], [{""pair"": [3, 10, 0, 8], ""acc"": 0.9, ""vel"": 26.07, ""pos"": 80.9, ""error"": 0.04833334999987926}, {""pair"": [3, 10, 0, 8], ""acc"": 0.9, ""vel"": 26.07, ""pos"": 80.9, ""error"": 0.07576454999987448}, {""pair"": [3, 10, 0, 8], ""acc"": 0.9, ""vel"": 26.07, ""pos"": 80.9, ""error"": 0.05048454999990071}, {""pair"": [3, 10, 0, 8], ""acc"": 0.9, ""vel"": 26.07, ""pos"": 80.9, ""error"": 0.06283574999990904}, {""pair"": [3, 10, 0, 8], ""acc"": 0.9, ""vel"": 26.07, ""pos"": 80.9, ""error"": 0.04926694999987191}, {""pair"": [3, 10, 0, 8], ""acc"": 0.9, ""vel"": 26.07, ""pos"": 80.9, ""error"": 0.07518694999991382}, {""pair"": [3, 10, 0, 8], ""acc"": 0.9, ""vel"": 26.07, ""pos"": 80.9, ""error"": 0.41580425000010734}, {""pair"": [3, 10, 0, 8], ""acc"": 0.9, ""vel"": 26.07, ""pos"": 80.9, ""error"": 0.44277305000009903}, {""pair"": [3, 10, 0, 8], ""acc"": 0.9, ""vel"": 26.07, ""pos"": 80.9, ""error"": 0.40345305000008835}], [{""pair"": [0, 8, 0, 10], ""acc"": 0.1, ""vel"": 26.07, ""pos"": 80.9, ""error"": 0.04833334999987926}, {""pair"": [0, 8, 0, 10], ""acc"": 0.1, ""vel"": 26.07, ""pos"": 80.9, ""error"": 0.07576454999987448}, {""pair"": [0, 8, 0, 10], ""acc"": 0.1, ""vel"": 26.07, ""pos"": 80.9, ""error"": 0.05048454999990071}, {""pair"": [0, 8, 0, 10], ""acc"": 0.1, ""vel"": 26.07, ""pos"": 80.9, ""error"": 0.06283574999990904}, {""pair"": [0, 8, 0, 10], ""acc"": 0.1, ""vel"": 26.07, ""pos"": 80.9, ""error"": 0.04926694999987191}, {""pair"": [0, 8, 0, 10], ""acc"": 0.1, ""vel"": 26.07, ""pos"": 80.9, ""error"": 0.07518694999991382}, {""pair"": [0, 8, 0, 10], ""acc"": 0.1, ""vel"": 26.07, ""pos"": 80.9, ""error"": 0.41580425000010734}, {""pair"": [0, 8, 0, 10], ""acc"": 0.1, ""vel"": 26.07, ""pos"": 80.9, ""error"": 0.44277305000009903}, {""pair"": [0, 8, 0, 10], ""acc"": 0.1, ""vel"": 26.07, ""pos"": 80.9, ""error"": 0.40345305000008835}], [{""pair"": [0, 8, 1, 10], ""acc"": 0.9, ""vel"": 26.05, ""pos"": 80.9, ""error"": 0.06833334999987883}, {""pair"": [0, 8, 1, 10], ""acc"": 0.9, ""vel"": 26.05, ""pos"": 80.9, ""error"": 0.09576454999987405}, {""pair"": [0, 8, 1, 10], ""acc"": 0.9, ""vel"": 26.05, ""pos"": 80.9, ""error"": 0.055084549999886434}, {""pair"": [0, 8, 1, 10], ""acc"": 0.9, ""vel"": 26.05, ""pos"": 80.9, ""error"": 0.04283574999990947}, {""pair"": [0, 8, 1, 10], ""acc"": 0.9, ""vel"": 26.05, ""pos"": 80.9, ""error"": 0.06926694999987149}, {""pair"": [0, 8, 1, 10], ""acc"": 0.9, ""vel"": 26.05, ""pos"": 80.9, ""error"": 0.05518694999991425}, {""pair"": [0, 8, 1, 10], ""acc"": 0.9, ""vel"": 26.05, ""pos"": 80.9, ""error"": 0.4358042500001069}, {""pair"": [0, 8, 1, 10], ""acc"": 0.9, ""vel"": 26.05, ""pos"": 80.9, ""error"": 0.4627730500000986}, {""pair"": [0, 8, 1, 10], ""acc"": 0.9, ""vel"": 26.05, ""pos"": 80.9, ""error"": 0.4234530500000879}], [{""pair"": [0, 8, 2, 10], ""acc"": 0.9, ""vel"": 26.07, ""pos"": 80.8, ""error"": 0.1483333499998878}, {""pair"": [0, 8, 2, 10], ""acc"": 0.9, ""vel"": 26.07, ""pos"": 80.8, ""error"": 0.175764549999883}, {""pair"": [0, 8, 2, 10], ""acc"": 0.9, ""vel"": 26.07, ""pos"": 80.8, ""error"": 0.15048454999990923}, {""pair"": [0, 8, 2, 10], ""acc"": 0.9, ""vel"": 26.07, ""pos"": 80.8, ""error"": 0.16283574999991757}, {""pair"": [0, 8, 2, 10], ""acc"": 0.9, ""vel"": 26.07, ""pos"": 80.8, ""error"": 0.14926694999988044}, {""pair"": [0, 8, 2, 10], ""acc"": 0.9, ""vel"": 26.07, ""pos"": 80.8, ""error"": 0.17518694999992235}, {""pair"": [0, 8, 2, 10], ""acc"": 0.9, ""vel"": 26.07, ""pos"": 80.8, ""error"": 0.3158042500000988}, {""pair"": [0, 8, 2, 10], ""acc"": 0.9, ""vel"": 26.07, ""pos"": 80.8, ""error"": 0.3427730500000905}, {""pair"": [0, 8, 2, 10], ""acc"": 0.9, ""vel"": 26.07, ""pos"": 80.8, ""error"": 0.3034530500000798}]]","[[[3, 8, 0, 10], [0.3, 26.07, 80.9], 0.04833334999987926], [[3, 8, 1, 10], [1.1, 26.05, 80.9], 0.04283574999990947], [[3, 8, 2, 10], [1.1, 26.07, 80.8], 0.1483333499998878], [[3, 10, 0, 8], [0.9, 26.07, 80.9], 0.04833334999987926], [[0, 8, 0, 10], [0.1, 26.07, 80.9], 0.04833334999987926], [[0, 8, 1, 10], [0.9, 26.05, 80.9], 0.04283574999990947], [[0, 8, 2, 10], [0.9, 26.07, 80.8], 0.1483333499998878]]"
0.3,26.08,81.4,1.1,26.08,81.4,0.3,26.08,81.4,"[{""pair"": [3, 2, 0, 10], ""acc"": 0.3, ""vel"": 26.08, ""pos"": 81.4, ""error"": 0.28050005000039846}, {""pair"": [2, 2, 0, 10], ""acc"": 0.3, ""vel"": 26.08, ""pos"": 81.4, ""error"": 0.28050005000039846}, {""pair"": [3, 10, 2, 2], ""acc"": 1.1, ""vel"": 26.08, ""pos"": 81.4, ""error"": 0.28050005000039846}]","[[3, 2, 0, 10], [2, 2, 0, 10], [3, 10, 2, 2]]","[[{""pair"": [3, 2, 0, 10], ""acc"": 0.3, ""vel"": 26.08, ""pos"": 81.4, ""error"": 0.36044005000038126}, {""pair"": [3, 2, 0, 10], ""acc"": 0.3, ""vel"": 26.08, ""pos"": 81.4, ""error"": 0.36654895000041776}, {""pair"": [3, 2, 0, 10], ""acc"": 0.3, ""vel"": 26.08, ""pos"": 81.4, ""error"": 0.36706445000038457}, {""pair"": [3, 2, 0, 10], ""acc"": 0.3, ""vel"": 26.08, ""pos"": 81.4, ""error"": 0.36057335000038293}, {""pair"": [3, 2, 0, 10], ""acc"": 0.3, ""vel"": 26.08, ""pos"": 81.4, ""error"": 0.380500050000407}, {""pair"": [3, 2, 0, 10], ""acc"": 0.3, ""vel"": 26.08, ""pos"": 81.4, ""error"": 0.28050005000039846}, {""pair"": [3, 2, 0, 10], ""acc"": 0.3, ""vel"": 26.08, ""pos"": 81.4, ""error"": 0.28720895000040514}], [{""pair"": [3, 10, 2, 2], ""acc"": 1.1, ""vel"": 26.08, ""pos"": 81.4, ""error"": 0.36044005000038126}, {""pair"": [3, 10, 2, 2], ""acc"": 1.1, ""vel"": 26.08, ""pos"": 81.4, ""error"": 0.36654895000041776}, {""pair"": [3, 10, 2, 2], ""acc"": 1.1, ""vel"": 26.08, ""pos"": 81.4, ""error"": 0.36706445000038457}, {""pair"": [3, 10, 2, 2], ""acc"": 1.1, ""vel"": 26.08, ""pos"": 81.4, ""error"": 0.36057335000038293}, {""pair"": [3, 10, 2, 2], ""acc"": 1.1, ""vel"": 26.08, ""pos"": 81.4, ""error"": 0.380500050000407}, {""pair"": [3, 10, 2, 2], ""acc"": 1.1, ""vel"": 26.08, ""pos"": 81.4, ""error"": 0.28050005000039846}, {""pair"": [3, 10, 2, 2], ""acc"": 1.1, ""vel"": 26.08, ""pos"": 81.4, ""error"": 0.28720895000040514}], [{""pair"": [2, 2, 0, 10], ""acc"": 0.3, ""vel"": 26.08, ""pos"": 81.4, ""error"": 0.36044005000038126}, {""pair"": [2, 2, 0, 10], ""acc"": 0.3, ""vel"": 26.08, ""pos"": 81.4, ""error"": 0.36654895000041776}, {""pair"": [2, 2, 0, 10], ""acc"": 0.3, ""vel"": 26.08, ""pos"": 81.4, ""error"": 0.36706445000038457}, {""pair"": [2, 2, 0, 10], ""acc"": 0.3, ""vel"": 26.08, ""pos"": 81.4, ""error"": 0.36057335000038293}, {""pair"": [2, 2, 0, 10], ""acc"": 0.3, ""vel"": 26.08, ""pos"": 81.4, ""error"": 0.380500050000407}, {""pair"": [2, 2, 0, 10], ""acc"": 0.3, ""vel"": 26.08, ""pos"": 81.4, ""error"": 0.28050005000039846}, {""pair"": [2, 2, 0, 10], ""acc"": 0.3, ""vel"": 26.08, ""pos"": 81.4, ""error"": 0.28720895000040514}]]","[[[3, 2, 0, 10], [0.3, 26.08, 81.4], 0.28050005000039846], [[3, 10, 2, 2], [1.1, 26.08, 81.4], 0.28050005000039846], [[2, 2, 0, 10], [0.3, 26.08, 81.4], 0.28050005000039846]]"
0.4,26.09,82.2,0.4,50.0,80.6,0.4,26.09,82.2,"[{""pair"": [0, 5, 2, 14], ""acc"": 0.4, ""vel"": 26.09, ""pos"": 82.2, ""error"": 0.36149665000010245}, {""pair"": [3, 14, 0, 5], ""acc"": 0.4, ""vel"": 26.09, ""pos"": 80.6, ""error"": 1.2483033499999117}, {""pair"": [3, 5, 2, 14], ""acc"": 0.4, ""vel"": 67.05, ""pos"": 82.2, ""error"": 41.3077810500001}, {""pair"": [2, 5, 2, 14], ""acc"": 0.4, ""vel"": 67.05, ""pos"": 82.2, ""error"": 41.3077810500001}, {""pair"": [3, 14, 2, 5], ""acc"": 0.4, ""vel"": 67.05, ""pos"": 80.6, ""error"": 42.19481894999991}]","[[0, 5, 2, 14], [3, 14, 0, 5], [3, 5, 2, 14], [2, 5, 2, 14], [3, 14, 2, 5]]","[[{""pair"": [3, 5, 0, 14], ""acc"": 13.2, ""vel"": 67.05, ""pos"": 80.6, ""error"": 42.20830334999991}, {""pair"": [3, 5, 0, 14], ""acc"": 13.2, ""vel"": 67.05, ""pos"": 80.6, ""error"": 42.20830334999991}, {""pair"": [3, 5, 0, 14], ""acc"": 13.2, ""vel"": 67.05, ""pos"": 80.6, ""error"": 42.19481894999991}], [{""pair"": [3, 5, 2, 14], ""acc"": 0.4, ""vel"": 67.05, ""pos"": 82.2, ""error"": 41.3214966500001}, {""pair"": [3, 5, 2, 14], ""acc"": 0.4, ""vel"": 67.05, ""pos"": 82.2, ""error"": 41.3214966500001}, {""pair"": [3, 5, 2, 14], ""acc"": 0.4, ""vel"": 67.05, ""pos"": 82.2, ""error"": 41.3077810500001}], [{""pair"": [3, 14, 0, 5], ""acc"": 0.4, ""vel"": 26.09, ""pos"": 80.6, ""error"": 1.2483033499999117}, {""pair"": [3, 14, 0, 5], ""acc"": 0.4, ""vel"": 26.09, ""pos"": 80.6, ""error"": 1.2483033499999117}, {""pair"": [3, 14, 0, 5], ""acc"": 0.4, ""vel"": 26.09, ""pos"": 80.6, ""error"": 1.2522189499999037}], [{""pair"": [3, 14, 2, 5], ""acc"": 0.4, ""vel"": 67.05, ""pos"": 80.6, ""error"": 42.20830334999991}, {""pair"": [3, 14, 2, 5], ""acc"": 0.4, ""vel"": 67.05, ""pos"": 80.6, ""error"": 42.20830334999991}, {""pair"": [3, 14, 2, 5], ""acc"": 0.4, ""vel"": 67.05, ""pos"": 80.6, ""error"": 42.19481894999991}], [{""pair"": [0, 5, 0, 14], ""acc"": 13.2, ""vel"": 26.09, ""pos"": 80.6, ""error"": 1.2483033499999117}, {""pair"": [0, 5, 0, 14], ""acc"": 13.2, ""vel"": 26.09, ""pos"": 80.6, ""error"": 1.2483033499999117}, {""pair"": [0, 5, 0, 14], ""acc"": 13.2, ""vel"": 26.09, ""pos"": 80.6, ""error"": 1.2522189499999037}], [{""pair"": [0, 5, 2, 14], ""acc"": 0.4, ""vel"": 26.09, ""pos"": 82.2, ""error"": 0.36149665000010245}, {""pair"": [0, 5, 2, 14], ""acc"": 0.4, ""vel"": 26.09, ""pos"": 82.2, ""error"": 0.36149665000010245}, {""pair"": [0, 5, 2, 14], ""acc"": 0.4, ""vel"": 26.09, ""pos"": 82.2, ""error"": 0.3651810500000927}], [{""pair"": [2, 5, 0, 14], ""acc"": 13.2, ""vel"": 67.05, ""pos"": 80.6, ""error"": 42.20830334999991}, {""pair"": [2, 5, 0, 14], ""acc"": 13.2, ""vel"": 67.05, ""pos"": 80.6, ""error"": 42.20830334999991}, {""pair"": [2, 5, 0, 14], ""acc"": 13.2, ""vel"": 67.05, ""pos"": 80.6, ""error"": 42.19481894999991}], [{""pair"": [2, 5, 2, 14], ""acc"": 0.4, ""vel"": 67.05, ""pos"": 82.2, ""error"": 41.3214966500001}, {""pair"": [2, 5, 2, 14], ""acc"": 0.4, ""vel"": 67.05, ""pos"": 82.2, ""error"": 41.3214966500001}, {""pair"": [2, 5, 2, 14], ""acc"": 0.4, ""vel"": 67.05, ""pos"": 82.2, ""error"": 41.3077810500001}]]","[[[3, 5, 0, 14], [13.2, 67.05, 80.6], 42.19481894999991], [[3, 5, 2, 14], [0.4, 67.05, 82.2], 41.3077810500001], [[3, 14, 0, 5], [0.4, 26.09, 80.6], 1.2483033499999117], [[3, 14, 2, 5], [0.4, 67.05, 80.6], 42.19481894999991], [[0, 5, 0, 14], [13.2, 26.09, 80.6], 1.2483033499999117], [[0, 5, 2, 14], [0.4, 26.09, 82.2], 0.36149665000010245], [[2, 5, 0, 14], [13.2, 67.05, 80.6], 42.19481894999991], [[2, 5, 2, 14], [0.4, 67.05, 82.2], 41.3077810500001]]"
0.4,26.1,82.7,0.4,26.1,287.5,0.4,26.1,82.7,"[{""pair"": [1, 5, 2, 8], ""acc"": 0.4, ""vel"": 26.1, ""pos"": 82.7, ""error"": 0.08610879999948295}, {""pair"": [3, 5, 2, 8], ""acc"": 0.4, ""vel"": 26.1, ""pos"": 287.5, ""error"": 204.88610879999948}, {""pair"": [2, 5, 2, 8], ""acc"": 0.4, ""vel"": 26.1, ""pos"": 287.5, ""error"": 204.88610879999948}]","[[1, 5, 2, 8], [3, 5, 2, 8], [2, 5, 2, 8]]","[[{""pair"": [3, 5, 2, 8], ""acc"": 0.4, ""vel"": 26.1, ""pos"": 287.5, ""error"": 204.88610879999948}, {""pair"": [3, 5, 2, 8], ""acc"": 0.4, ""vel"": 26.1, ""pos"": 287.5, ""error"": 206.4861087999995}, {""pair"": [3, 5, 2, 8], ""acc"": 0.4, ""vel"": 26.1, ""pos"": 287.5, ""error"": 245.1835487999987}, {""pair"": [3, 5, 2, 8], ""acc"": 0.4, ""vel"": 26.1, ""pos"": 287.5, ""error"": 245.1835487999987}, {""pair"": [3, 5, 2, 8], ""acc"": 0.4, ""vel"": 26.1, ""pos"": 287.5, ""error"": 246.7835487999987}], [{""pair"": [1, 5, 2, 8], ""acc"": 0.4, ""vel"": 26.1, ""pos"": 82.7, ""error"": 0.08610879999948295}, {""pair"": [1, 5, 2, 8], ""acc"": 0.4, ""vel"": 26.1, ""pos"": 82.7, ""error"": 1.6861087999994915}, {""pair"": [1, 5, 2, 8], ""acc"": 0.4, ""vel"": 26.1, ""pos"": 82.7, ""error"": 41.52925120000132}, {""pair"": [1, 5, 2, 8], ""acc"": 0.4, ""vel"": 26.1, ""pos"": 82.7, ""error"": 41.52925120000132}, {""pair"": [1, 5, 2, 8], ""acc"": 0.4, ""vel"": 26.1, ""pos"": 82.7, ""error"": 41.98354879999871}], [{""pair"": [2, 5, 2, 8], ""acc"": 0.4, ""vel"": 26.1, ""pos"": 287.5, ""error"": 204.88610879999948}, {""pair"": [2, 5, 2, 8], ""acc"": 0.4, ""vel"": 26.1, ""pos"": 287.5, ""error"": 206.4861087999995}, {""pair"": [2, 5, 2, 8], ""acc"": 0.4, ""vel"": 26.1, ""pos"": 287.5, ""error"": 245.1835487999987}, {""pair"": [2, 5, 2, 8], ""acc"": 0.4, ""vel"": 26.1, ""pos"": 287.5, ""error"": 245.1835487999987}, {""pair"": [2, 5, 2, 8], ""acc"": 0.4, ""vel"": 26.1, ""pos"": 287.5, ""error"": 246.7835487999987}]]","[[[3, 5, 2, 8], [0.4, 26.1, 287.5], 204.88610879999948], [[1, 5, 2, 8], [0.4, 26.1, 82.7], 0.08610879999948295], [[2, 5, 2, 8], [0.4, 26.1, 287.5], 204.88610879999948]]"
0.4,26.1,83.10000000000001,0.4,50.0,83.1,0.4,26.1,83.1,"[{""pair"": [3, 10, 0, 5], ""acc"": 0.4, ""vel"": 26.1, ""pos"": 83.1, ""error"": 0.5012311999997934}, {""pair"": [0, 5, 0, 10], ""acc"": 1.2, ""vel"": 26.1, ""pos"": 83.1, ""error"": 0.5012311999997934}, {""pair"": [3, 10, 2, 5], ""acc"": 0.4, ""vel"": 67.06, ""pos"": 83.1, ""error"": 41.4340311999998}, {""pair"": [3, 5, 0, 10], ""acc"": 1.2, ""vel"": 67.06, ""pos"": 83.1, ""error"": 41.4340311999998}, {""pair"": [2, 5, 0, 10], ""acc"": 1.2, ""vel"": 67.06, ""pos"": 83.1, ""error"": 41.4340311999998}]","[[3, 10, 0, 5], [0, 5, 0, 10], [3, 10, 2, 5], [3, 5, 0, 10], [2, 5, 0, 10]]","[[{""pair"": [3, 5, 0, 10], ""acc"": 1.2, ""vel"": 67.06, ""pos"": 83.1, ""error"": 41.4340311999998}, {""pair"": [3, 5, 0, 10], ""acc"": 1.2, ""vel"": 67.06, ""pos"": 83.1, ""error"": 246.23403119999978}, {""pair"": [3, 5, 0, 10], ""acc"": 1.2, ""vel"": 67.06, ""pos"": 83.1, ""error"": 246.23403119999978}], [{""pair"": [3, 10, 0, 5], ""acc"": 0.4, ""vel"": 26.1, ""pos"": 83.1, ""error"": 0.5012311999997934}, {""pair"": [3, 10, 0, 5], ""acc"": 0.4, ""vel"": 26.1, ""pos"": 83.1, ""error"": 205.30123119999976}, {""pair"": [3, 10, 0, 5], ""acc"": 0.4, ""vel"": 26.1, ""pos"": 83.1, ""error"": 205.30123119999976}], [{""pair"": [3, 10, 2, 5], ""acc"": 0.4, ""vel"": 67.06, ""pos"": 83.1, ""error"": 41.4340311999998}, {""pair"": [3, 10, 2, 5], ""acc"": 0.4, ""vel"": 67.06, ""pos"": 83.1, ""error"": 246.23403119999978}, {""pair"": [3, 10, 2, 5], ""acc"": 0.4, ""vel"": 67.06, ""pos"": 83.1, ""error"": 246.23403119999978}], [{""pair"": [0, 5, 0, 10], ""acc"": 1.2, ""vel"": 26.1, ""pos"": 83.1, ""error"": 0.5012311999997934}, {""pair"": [0, 5, 0, 10], ""acc"": 1.2, ""vel"": 26.1, ""pos"": 83.1, ""error"": 205.30123119999976}, {""pair"": [0, 5, 0, 10], ""acc"": 1.2, ""vel"": 26.1, ""pos"": 83.1, ""error"": 205.30123119999976}], [{""pair"": [2, 5, 0, 10], ""acc"": 1.2, ""vel"": 67.06, ""pos"": 83.1, ""error"": 41.4340311999998}, {""pair"": [2, 5, 0, 10], ""acc"": 1.2, ""vel"": 67.06, ""pos"": 83.1, ""error"": 246.23403119999978}, {""pair"": [2, 5, 0, 10], ""acc"": 1.2, ""vel"": 67.06, ""pos"": 83.1, ""error"": 246.23403119999978}]]","[[[3, 5, 0, 10], [1.2, 67.06, 83.1], 41.4340311999998], [[3, 10, 0, 5], [0.4, 26.1, 83.1], 0.5012311999997934], [[3, 10, 2, 5], [0.4, 67.06, 83.1], 41.4340311999998], [[0, 5, 0, 10], [1.2, 26.1, 83.1], 0.5012311999997934], [[2, 5, 0, 10], [1.2, 67.06, 83.1], 41.4340311999998]]"
0.5,26.12,84.0,0.5,26.12,83.2,6.9,26.12,83.2,"[{""pair"": [3, 6, 0, 13], ""acc"": 6.9, ""vel"": 26.12, ""pos"": 83.2, ""error"": 0.3185536000004774}, {""pair"": [2, 6, 0, 13], ""acc"": 6.9, ""vel"": 26.12, ""pos"": 83.2, ""error"": 0.3185536000004774}, {""pair"": [3, 6, 2, 13], ""acc"": 0.5, ""vel"": 26.12, ""pos"": 84.0, ""error"": 0.4830463999994734}, {""pair"": [2, 6, 2, 13], ""acc"": 0.5, ""vel"": 26.12, ""pos"": 84.0, ""error"": 0.4830463999994734}]","[[3, 6, 0, 13], [2, 6, 0, 13], [3, 6, 2, 13], [2, 6, 2, 13]]","[[{""pair"": [3, 6, 0, 13], ""acc"": 6.9, ""vel"": 26.12, ""pos"": 83.2, ""error"": 0.3312512000004908}, {""pair"": [3, 6, 0, 13], ""acc"": 6.9, ""vel"": 26.12, ""pos"": 83.2, ""error"": 0.3185536000004774}, {""pair"": [3, 6, 0, 13], ""acc"": 6.9, ""vel"": 26.12, ""pos"": 83.2, ""error"": 41.91941120000132}, {""pair"": [3, 6, 0, 13], ""acc"": 6.9, ""vel"": 26.12, ""pos"": 83.2, ""error"": 41.932313600001336}, {""pair"": [3, 6, 0, 13], ""acc"": 6.9, ""vel"": 26.12, ""pos"": 83.2, ""error"": 41.932313600001336}], [{""pair"": [3, 6, 2, 13], ""acc"": 0.5, ""vel"": 26.12, ""pos"": 84.0, ""error"": 0.4959487999994927}, {""pair"": [3, 6, 2, 13], ""acc"": 0.5, ""vel"": 26.12, ""pos"": 84.0, ""error"": 0.4830463999994734}, {""pair"": [3, 6, 2, 13], ""acc"": 0.5, ""vel"": 26.12, ""pos"": 84.0, ""error"": 41.11941120000132}, {""pair"": [3, 6, 2, 13], ""acc"": 0.5, ""vel"": 26.12, ""pos"": 84.0, ""error"": 41.13231360000134}, {""pair"": [3, 6, 2, 13], ""acc"": 0.5, ""vel"": 26.12, ""pos"": 84.0, ""error"": 41.13231360000134}], [{""pair"": [2, 6, 0, 13], ""acc"": 6.9, ""vel"": 26.12, ""pos"": 83.2, ""error"": 0.3312512000004908}, {""pair"": [2, 6, 0, 13], ""acc"": 6.9, ""vel"": 26.12, ""pos"": 83.2, ""error"": 0.3185536000004774}, {""pair"": [2, 6, 0, 13], ""acc"": 6.9, ""vel"": 26.12, ""pos"": 83.2, ""error"": 41.91941120000132}, {""pair"": [2, 6, 0, 13], ""acc"": 6.9, ""vel"": 26.12, ""pos"": 83.2, ""error"": 41.932313600001336}, {""pair"": [2, 6, 0, 13], ""acc"": 6.9, ""vel"": 26.12, ""pos"": 83.2, ""error"": 41.932313600001336}], [{""pair"": [2, 6, 2, 13], ""acc"": 0.5, ""vel"": 26.12, ""pos"": 84.0, ""error"": 0.4959487999994927}, {""pair"": [2, 6, 2, 13], ""acc"": 0.5, ""vel"": 26.12, ""pos"": 84.0, ""error"": 0.4830463999994734}, {""pair"": [2, 6, 2, 13], ""acc"": 0.5, ""vel"": 26.12, ""pos"": 84.0, ""error"": 41.11941120000132}, {""pair"": [2, 6, 2, 13], ""acc"": 0.5, ""vel"": 26.12, ""pos"": 84.0, ""error"": 41.13231360000134}, {""pair"": [2, 6, 2, 13], ""acc"": 0.5, ""vel"": 26.12, ""pos"": 84.0, ""error"": 41.13231360000134}]]","[[[3, 6, 0, 13], [6.9, 26.12, 83.2], 0.3185536000004774], [[3, 6, 2, 13], [0.5, 26.12, 84.0], 0.4830463999994734], [[2, 6, 0, 13], [6.9, 26.12, 83.2], 0.3185536000004774], [[2, 6, 2, 13], [0.5, 26.12, 84.0], 0.4830463999994734]]"
0.5,26.13,84.4,0.5,26.13,84.4,0.5,67.09,84.4,"[{""pair"": [3, 7, 0, 5], ""acc"": 0.5, ""vel"": 67.09, ""pos"": 84.4, ""error"": 41.005612249999885}, {""pair"": [3, 7, 1, 5], ""acc"": 0.5, ""vel"": 26.13, ""pos"": 289.2, ""error"": 204.7573877500001}, {""pair"": [3, 5, 1, 7], ""acc"": 0.5, ""vel"": 26.13, ""pos"": 903.6, ""error"": 819.1573877500001}, {""pair"": [0, 5, 1, 7], ""acc"": 0.5, ""vel"": 67.09, ""pos"": 903.6, ""error"": 860.1173877500001}, {""pair"": [1, 5, 1, 7], ""acc"": 0.5, ""vel"": 26.13, ""pos"": 1108.4, ""error"": 1023.9573877500002}]","[[3, 7, 0, 5], [3, 7, 1, 5], [3, 5, 1, 7], [0, 5, 1, 7], [1, 5, 1, 7]]","[[{""pair"": [3, 5, 1, 7], ""acc"": 0.5, ""vel"": 26.13, ""pos"": 903.6, ""error"": 820.0622629500001}, {""pair"": [3, 5, 1, 7], ""acc"": 0.5, ""vel"": 26.13, ""pos"": 903.6, ""error"": 820.0622629500001}, {""pair"": [3, 5, 1, 7], ""acc"": 0.5, ""vel"": 26.13, ""pos"": 903.6, ""error"": 819.1573877500001}, {""pair"": [3, 5, 1, 7], ""acc"": 0.5, ""vel"": 26.13, ""pos"": 903.6, ""error"": 819.1573877500001}], [{""pair"": [3, 7, 0, 5], ""acc"": 0.5, ""vel"": 67.09, ""pos"": 84.4, ""error"": 41.60766295000015}, {""pair"": [3, 7, 0, 5], ""acc"": 0.5, ""vel"": 67.09, ""pos"": 84.4, ""error"": 41.60766295000015}, {""pair"": [3, 7, 0, 5], ""acc"": 0.5, ""vel"": 67.09, ""pos"": 84.4, ""error"": 41.005612249999885}, {""pair"": [3, 7, 0, 5], ""acc"": 0.5, ""vel"": 67.09, ""pos"": 84.4, ""error"": 41.005612249999885}], [{""pair"": [3, 7, 1, 5], ""acc"": 0.5, ""vel"": 26.13, ""pos"": 289.2, ""error"": 205.6622629500001}, {""pair"": [3, 7, 1, 5], ""acc"": 0.5, ""vel"": 26.13, ""pos"": 289.2, ""error"": 205.6622629500001}, {""pair"": [3, 7, 1, 5], ""acc"": 0.5, ""vel"": 26.13, ""pos"": 289.2, ""error"": 204.7573877500001}, {""pair"": [3, 7, 1, 5], ""acc"": 0.5, ""vel"": 26.13, ""pos"": 289.2, ""error"": 204.7573877500001}], [{""pair"": [0, 5, 1, 7], ""acc"": 0.5, ""vel"": 67.09, ""pos"": 903.6, ""error"": 860.8076629500001}, {""pair"": [0, 5, 1, 7], ""acc"": 0.5, ""vel"": 67.09, ""pos"": 903.6, ""error"": 860.8076629500001}, {""pair"": [0, 5, 1, 7], ""acc"": 0.5, ""vel"": 67.09, ""pos"": 903.6, ""error"": 860.1173877500001}, {""pair"": [0, 5, 1, 7], ""acc"": 0.5, ""vel"": 67.09, ""pos"": 903.6, ""error"": 860.1173877500001}], [{""pair"": [1, 5, 1, 7], ""acc"": 0.5, ""vel"": 26.13, ""pos"": 1108.4, ""error"": 1024.86226295}, {""pair"": [1, 5, 1, 7], ""acc"": 0.5, ""vel"": 26.13, ""pos"": 1108.4, ""error"": 1024.86226295}, {""pair"": [1, 5, 1, 7], ""acc"": 0.5, ""vel"": 26.13, ""pos"": 1108.4, ""error"": 1023.9573877500002}, {""pair"": [1, 5, 1, 7], ""acc"": 0.5, ""vel"": 26.13, ""pos"": 1108.4, ""error"": 1023.9573877500002}]]","[[[3, 5, 1, 7], [0.5, 26.13, 903.6], 819.1573877500001], [[3, 7, 0, 5], [0.5, 67.09, 84.4], 41.005612249999885], [[3, 7, 1, 5], [0.5, 26.13, 289.2], 204.7573877500001], [[0, 5, 1, 7], [0.5, 67.09, 903.6], 860.1173877500001], [[1, 5, 1, 7], [0.5, 26.13, 1108.4], 1023.9573877500002]]"
0.5,26.14,84.80000000000001,1.3,26.1,84.8,0.5,26.1,85.0,"[{""pair"": [0, 10, 2, 11], ""acc"": 0.5, ""vel"": 26.1, ""pos"": 85.0, ""error"": 42.62074225000105}, {""pair"": [1, 10, 2, 11], ""acc"": 1.3, ""vel"": 26.08, ""pos"": 85.0, ""error"": 42.640742250001054}, {""pair"": [0, 10, 1, 11], ""acc"": 0.5, ""vel"": 26.14, ""pos"": 84.8, ""error"": 42.780742250001055}, {""pair"": [1, 10, 1, 11], ""acc"": 1.3, ""vel"": 26.12, ""pos"": 84.8, ""error"": 42.80074225000105}, {""pair"": [3, 9, 1, 9], ""acc"": 1.3, ""vel"": 26.11, ""pos"": 84.8, ""error"": 42.810742250001056}, {""pair"": [1, 9, 2, 9], ""acc"": 1.3, ""vel"": 26.11, ""pos"": 84.8, ""error"": 42.810742250001056}, {""pair"": [2, 9, 1, 9], ""acc"": 1.3, ""vel"": 26.11, ""pos"": 84.8, ""error"": 42.810742250001056}, {""pair"": [3, 11, 0, 10], ""acc"": 0.5, ""vel"": 26.1, ""pos"": 84.8, ""error"": 42.820742250001054}, {""pair"": [3, 9, 2, 9], ""acc"": 1.3, ""vel"": 26.1, ""pos"": 84.8, ""error"": 42.820742250001054}, {""pair"": [0, 10, 0, 11], ""acc"": 2.1, ""vel"": 26.1, ""pos"": 84.8, ""error"": 42.820742250001054}, {""pair"": [3, 11, 1, 10], ""acc"": 1.3, ""vel"": 26.08, ""pos"": 84.8, ""error"": 42.84074225000106}, {""pair"": [1, 10, 0, 11], ""acc"": 2.9, ""vel"": 26.08, ""pos"": 84.8, ""error"": 42.84074225000106}]","[[0, 10, 2, 11], [1, 10, 2, 11], [0, 10, 1, 11], [1, 10, 1, 11], [3, 9, 1, 9], [1, 9, 2, 9], [2, 9, 1, 9], [3, 11, 0, 10], [3, 9, 2, 9], [0, 10, 0, 11], [3, 11, 1, 10], [1, 10, 0, 11]]","[[{""pair"": [3, 11, 0, 10], ""acc"": 0.5, ""vel"": 26.1, ""pos"": 84.8, ""error"": 42.820742250001054}, {""pair"": [3, 11, 0, 10], ""acc"": 0.5, ""vel"": 26.1, ""pos"": 84.8, ""error"": 205.30906225000044}, {""pair"": [3, 11, 0, 10], ""acc"": 0.5, ""vel"": 26.1, ""pos"": 84.8, ""error"": 819.7090622500004}, {""pair"": [3, 11, 0, 10], ""acc"": 0.5, ""vel"": 26.1, ""pos"": 84.8, ""error"": 862.020742250001}, {""pair"": [3, 11, 0, 10], ""acc"": 0.5, ""vel"": 26.1, ""pos"": 84.8, ""error"": 1024.5090622500006}], [{""pair"": [3, 11, 1, 10], ""acc"": 1.3, ""vel"": 26.08, ""pos"": 84.8, ""error"": 42.84074225000106}, {""pair"": [3, 11, 1, 10], ""acc"": 1.3, ""vel"": 26.08, ""pos"": 84.8, ""error"": 205.32906225000045}, {""pair"": [3, 11, 1, 10], ""acc"": 1.3, ""vel"": 26.08, ""pos"": 84.8, ""error"": 819.7290622500004}, {""pair"": [3, 11, 1, 10], ""acc"": 1.3, ""vel"": 26.08, ""pos"": 84.8, ""error"": 862.0407422500011}, {""pair"": [3, 11, 1, 10], ""acc"": 1.3, ""vel"": 26.08, ""pos"": 84.8, ""error"": 1024.5290622500006}], [{""pair"": [3, 9, 1, 9], ""acc"": 1.3, ""vel"": 26.11, ""pos"": 84.8, ""error"": 42.810742250001056}, {""pair"": [3, 9, 1, 9], ""acc"": 1.3, ""vel"": 26.11, ""pos"": 84.8, ""error"": 205.29906225000045}, {""pair"": [3, 9, 1, 9], ""acc"": 1.3, ""vel"": 26.11, ""pos"": 84.8, ""error"": 819.6990622500005}, {""pair"": [3, 9, 1, 9], ""acc"": 1.3, ""vel"": 26.11, ""pos"": 84.8, ""error"": 862.010742250001}, {""pair"": [3, 9, 1, 9], ""acc"": 1.3, ""vel"": 26.11, ""pos"": 84.8, ""error"": 1024.4990622500006}], [{""pair"": [3, 9, 2, 9], ""acc"": 1.3, ""vel"": 26.1, ""pos"": 84.8, ""error"": 42.820742250001054}, {""pair"": [3, 9, 2, 9], ""acc"": 1.3, ""vel"": 26.1, ""pos"": 84.8, ""error"": 205.30906225000044}, {""pair"": [3, 9, 2, 9], ""acc"": 1.3, ""vel"": 26.1, ""pos"": 84.8, ""error"": 819.7090622500004}, {""pair"": [3, 9, 2, 9], ""acc"": 1.3, ""vel"": 26.1, ""pos"": 84.8, ""error"": 862.020742250001}, {""pair"": [3, 9, 2, 9], ""acc"": 1.3, ""vel"": 26.1, ""pos"": 84.8, ""error"": 1024.5090622500006}], [{""pair"": [0, 10, 0, 11], ""acc"": 2.1, ""vel"": 26.1, ""pos"": 84.8, ""error"": 42.820742250001054}, {""pair"": [0, 10, 0, 11], ""acc"": 2.1, ""vel"": 26.1, ""pos"": 84.8, ""error"": 205.30906225000044}, {""pair"": [0, 10, 0, 11], ""acc"": 2.1, ""vel"": 26.1, ""pos"": 84.8, ""error"": 819.7090622500004}, {""pair"": [0, 10, 0, 11], ""acc"": 2.1, ""vel"": 26.1, ""pos"": 84.8, ""error"": 862.020742250001}, {""pair"": [0, 10, 0, 11], ""acc"": 2.1, ""vel"": 26.1, ""pos"": 84.8, ""error"": 1024.5090622500006}], [{""pair"": [0, 10, 1, 11], ""acc"": 0.5, ""vel"": 26.14, ""pos"": 84.8, ""error"": 42.780742250001055}, {""pair"": [0, 10, 1, 11], ""acc"": 0.5, ""vel"": 26.14, ""pos"": 84.8, ""error"": 205.26906225000045}, {""pair"": [0, 10, 1, 11], ""acc"": 0.5, ""vel"": 26.14, ""pos"": 84.8, ""error"": 819.6690622500004}, {""pair"": [0, 10, 1, 11], ""acc"": 0.5, ""vel"": 26.14, ""pos"": 84.8, ""error"": 861.9807422500011}, {""pair"": [0, 10, 1, 11], ""acc"": 0.5, ""vel"": 26.14, ""pos"": 84.8, ""error"": 1024.4690622500007}], [{""pair"": [0, 10, 2, 11], ""acc"": 0.5, ""vel"": 26.1, ""pos"": 85.0, ""error"": 42.62074225000105}, {""pair"": [0, 10, 2, 11], ""acc"": 0.5, ""vel"": 26.1, ""pos"": 85.0, ""error"": 205.10906225000045}, {""pair"": [0, 10, 2, 11], ""acc"": 0.5, ""vel"": 26.1, ""pos"": 85.0, ""error"": 819.5090622500004}, {""pair"": [0, 10, 2, 11], ""acc"": 0.5, ""vel"": 26.1, ""pos"": 85.0, ""error"": 861.820742250001}, {""pair"": [0, 10, 2, 11], ""acc"": 0.5, ""vel"": 26.1, ""pos"": 85.0, ""error"": 1024.3090622500006}], [{""pair"": [1, 10, 0, 11], ""acc"": 2.9, ""vel"": 26.08, ""pos"": 84.8, ""error"": 42.84074225000106}, {""pair"": [1, 10, 0, 11], ""acc"": 2.9, ""vel"": 26.08, ""pos"": 84.8, ""error"": 205.32906225000045}, {""pair"": [1, 10, 0, 11], ""acc"": 2.9, ""vel"": 26.08, ""pos"": 84.8, ""error"": 819.7290622500004}, {""pair"": [1, 10, 0, 11], ""acc"": 2.9, ""vel"": 26.08, ""pos"": 84.8, ""error"": 862.0407422500011}, {""pair"": [1, 10, 0, 11], ""acc"": 2.9, ""vel"": 26.08, ""pos"": 84.8, ""error"": 1024.5290622500006}], [{""pair"": [1, 10, 1, 11], ""acc"": 1.3, ""vel"": 26.12, ""pos"": 84.8, ""error"": 42.80074225000105}, {""pair"": [1, 10, 1, 11], ""acc"": 1.3, ""vel"": 26.12, ""pos"": 84.8, ""error"": 205.28906225000043}, {""pair"": [1, 10, 1, 11], ""acc"": 1.3, ""vel"": 26.12, ""pos"": 84.8, ""error"": 819.6890622500005}, {""pair"": [1, 10, 1, 11], ""acc"": 1.3, ""vel"": 26.12, ""pos"": 84.8, ""error"": 862.000742250001}, {""pair"": [1, 10, 1, 11], ""acc"": 1.3, ""vel"": 26.12, ""pos"": 84.8, ""error"": 1024.4890622500006}], [{""pair"": [1, 10, 2, 11], ""acc"": 1.3, ""vel"": 26.08, ""pos"": 85.0, ""error"": 42.640742250001054}, {""pair"": [1, 10, 2, 11], ""acc"": 1.3, ""vel"": 26.08, ""pos"": 85.0, ""error"": 205.12906225000046}, {""pair"": [1, 10, 2, 11], ""acc"": 1.3, ""vel"": 26.08, ""pos"": 85.0, ""error"": 819.5290622500004}, {""pair"": [1, 10, 2, 11], ""acc"": 1.3, ""vel"": 26.08, ""pos"": 85.0, ""error"": 861.8407422500011}, {""pair"": [1, 10, 2, 11], ""acc"": 1.3, ""vel"": 26.08, ""pos"": 85.0, ""error"": 1024.3290622500006}], [{""pair"": [1, 9, 2, 9], ""acc"": 1.3, ""vel"": 26.11, ""pos"": 84.8, ""error"": 42.810742250001056}, {""pair"": [1, 9, 2, 9], ""acc"": 1.3, ""vel"": 26.11, ""pos"": 84.8, ""error"": 205.29906225000045}, {""pair"": [1, 9, 2, 9], ""acc"": 1.3, ""vel"": 26.11, ""pos"": 84.8, ""error"": 819.6990622500005}, {""pair"": [1, 9, 2, 9], ""acc"": 1.3, ""vel"": 26.11, ""pos"": 84.8, ""error"": 862.010742250001}, {""pair"": [1, 9, 2, 9], ""acc"": 1.3, ""vel"": 26.11, ""pos"": 84.8, ""error"": 1024.4990622500006}], [{""pair"": [2, 9, 1, 9], ""acc"": 1.3, ""vel"": 26.11, ""pos"": 84.8, ""error"": 42.810742250001056}, {""pair"": [2, 9, 1, 9], ""acc"": 1.3, ""vel"": 26.11, ""pos"": 84.8, ""error"": 205.29906225000045}, {""pair"": [2, 9, 1, 9], ""acc"": 1.3, ""vel"": 26.11, ""pos"": 84.8, ""error"": 819.6990622500005}, {""pair"": [2, 9, 1, 9], ""acc"": 1.3, ""vel"": 26.11, ""pos"": 84.8, ""error"": 862.010742250001}, {""pair"": [2, 9, 1, 9], ""acc"": 1.3, ""vel"": 26.11, ""pos"": 84.8, ""error"": 1024.4990622500006}]]","[[[3, 11, 0, 10], [0.5, 26.1, 84.8], 42.820742250001054], [[3, 11, 1, 10], [1.3, 26.08, 84.8], 42.84074225000106], [[3, 9, 1, 9], [1.3, 26.11, 84.8], 42.810742250001056], [[3, 9, 2, 9], [1.3, 26.1, 84.8], 42.820742250001054], [[0, 10, 0, 11], [2.1, 26.1, 84.8], 42.820742250001054], [[0, 10, 1, 11], [0.5, 26.14, 84.8], 42.780742250001055], [[0, 10, 2, 11], [0.5, 26.1, 85.0], 42.62074225000105], [[1, 10, 0, 11], [2.9, 26.08, 84.8], 42.84074225000106], [[1, 10, 1, 11], [1.3, 26.12, 84.8], 42.80074225000105], [[1, 10, 2, 11], [1.3, 26.08, 85.0], 42.640742250001054], [[1, 9, 2, 9], [1.3, 26.11, 84.8], 42.810742250001056], [[2, 9, 1, 9], [1.3, 26.11, 84.8], 42.810742250001056]]"
0.5,26.15,85.7,0.5,26.15,85.9,0.1,26.15,85.7,"[{""pair"": [0, 9, 2, 11], ""acc"": 0.1, ""vel"": 26.15, ""pos"": 85.7, ""error"": 0.015708600000216677}, {""pair"": [3, 9, 2, 11], ""acc"": 0.5, ""vel"": 26.15, ""pos"": 85.7, ""error"": 0.015708600000216677}, {""pair"": [2, 9, 2, 11], ""acc"": 0.5, ""vel"": 26.15, ""pos"": 85.7, ""error"": 0.015708600000216677}, {""pair"": [1, 9, 2, 11], ""acc"": 0.5, ""vel"": 26.14, ""pos"": 85.7, ""error"": 0.01604860000021091}, {""pair"": [0, 9, 1, 11], ""acc"": 0.1, ""vel"": 26.11, ""pos"": 85.9, ""error"": 0.019311000000222123}, {""pair"": [3, 9, 1, 11], ""acc"": 0.5, ""vel"": 26.11, ""pos"": 85.9, ""error"": 0.019311000000222123}, {""pair"": [2, 9, 1, 11], ""acc"": 0.5, ""vel"": 26.11, ""pos"": 85.9, ""error"": 0.019311000000222123}, {""pair"": [3, 11, 1, 9], ""acc"": 0.5, ""vel"": 26.14, ""pos"": 85.9, ""error"": 0.028328600000236293}, {""pair"": [1, 9, 1, 11], ""acc"": 0.5, ""vel"": 26.1, ""pos"": 85.9, ""error"": 0.029311000000220133}, {""pair"": [3, 11, 0, 9], ""acc"": 0.1, ""vel"": 26.15, ""pos"": 85.9, ""error"": 0.0383286000002343}, {""pair"": [3, 11, 2, 9], ""acc"": 0.5, ""vel"": 26.15, ""pos"": 85.9, ""error"": 0.0383286000002343}]","[[0, 9, 2, 11], [3, 9, 2, 11], [2, 9, 2, 11], [1, 9, 2, 11], [0, 9, 1, 11], [3, 9, 1, 11], [2, 9, 1, 11], [3, 11, 1, 9], [1, 9, 1, 11], [3, 11, 0, 9], [3, 11, 2, 9]]","[[{""pair"": [3, 9, 1, 11], ""acc"": 0.5, ""vel"": 26.11, ""pos"": 85.9, ""error"": 0.019311000000222123}, {""pair"": [3, 9, 1, 11], ""acc"": 0.5, ""vel"": 26.11, ""pos"": 85.9, ""error"": 0.0267286000002116}, {""pair"": [3, 9, 1, 11], ""acc"": 0.5, ""vel"": 26.11, ""pos"": 85.9, ""error"": 0.25795100000021876}, {""pair"": [3, 9, 1, 11], ""acc"": 0.5, ""vel"": 26.11, ""pos"": 85.9, ""error"": 0.2653686000002118}, {""pair"": [3, 9, 1, 11], ""acc"": 0.5, ""vel"": 26.11, ""pos"": 85.9, ""error"": 0.25570860000021867}, {""pair"": [3, 9, 1, 11], ""acc"": 0.5, ""vel"": 26.11, ""pos"": 85.9, ""error"": 0.25570860000021867}, {""pair"": [3, 9, 1, 11], ""acc"": 0.5, ""vel"": 26.11, ""pos"": 85.9, ""error"": 0.25570860000021867}, {""pair"": [3, 9, 1, 11], ""acc"": 0.5, ""vel"": 26.11, ""pos"": 85.9, ""error"": 0.21931100000022496}, {""pair"": [3, 9, 1, 11], ""acc"": 0.5, ""vel"": 26.11, ""pos"": 85.9, ""error"": 0.2460486000002149}, {""pair"": [3, 9, 1, 11], ""acc"": 0.5, ""vel"": 26.11, ""pos"": 85.9, ""error"": 0.2727862000002048}, {""pair"": [3, 9, 1, 11], ""acc"": 0.5, ""vel"": 26.11, ""pos"": 85.9, ""error"": 0.22672860000021444}, {""pair"": [3, 9, 1, 11], ""acc"": 0.5, ""vel"": 26.11, ""pos"": 85.9, ""error"": 0.2802038000001943}], [{""pair"": [3, 9, 2, 11], ""acc"": 0.5, ""vel"": 26.15, ""pos"": 85.7, ""error"": 0.22068899999977987}, {""pair"": [3, 9, 2, 11], ""acc"": 0.5, ""vel"": 26.15, ""pos"": 85.7, ""error"": 0.2132713999997904}, {""pair"": [3, 9, 2, 11], ""acc"": 0.5, ""vel"": 26.15, ""pos"": 85.7, ""error"": 0.017951000000216766}, {""pair"": [3, 9, 2, 11], ""acc"": 0.5, ""vel"": 26.15, ""pos"": 85.7, ""error"": 0.025368600000209796}, {""pair"": [3, 9, 2, 11], ""acc"": 0.5, ""vel"": 26.15, ""pos"": 85.7, ""error"": 0.015708600000216677}, {""pair"": [3, 9, 2, 11], ""acc"": 0.5, ""vel"": 26.15, ""pos"": 85.7, ""error"": 0.015708600000216677}, {""pair"": [3, 9, 2, 11], ""acc"": 0.5, ""vel"": 26.15, ""pos"": 85.7, ""error"": 0.015708600000216677}, {""pair"": [3, 9, 2, 11], ""acc"": 0.5, ""vel"": 26.15, ""pos"": 85.7, ""error"": 0.045311000000225476}, {""pair"": [3, 9, 2, 11], ""acc"": 0.5, ""vel"": 26.15, ""pos"": 85.7, ""error"": 0.017648600000228498}, {""pair"": [3, 9, 2, 11], ""acc"": 0.5, ""vel"": 26.15, ""pos"": 85.7, ""error"": 0.032786200000202825}, {""pair"": [3, 9, 2, 11], ""acc"": 0.5, ""vel"": 26.15, ""pos"": 85.7, ""error"": 0.0383286000002343}, {""pair"": [3, 9, 2, 11], ""acc"": 0.5, ""vel"": 26.15, ""pos"": 85.7, ""error"": 0.0402038000001923}], [{""pair"": [3, 11, 0, 9], ""acc"": 0.1, ""vel"": 26.15, ""pos"": 85.9, ""error"": 0.045311000000225476}, {""pair"": [3, 11, 0, 9], ""acc"": 0.1, ""vel"": 26.15, ""pos"": 85.9, ""error"": 0.0383286000002343}, {""pair"": [3, 11, 0, 9], ""acc"": 0.1, ""vel"": 26.15, ""pos"": 85.9, ""error"": 0.2179510000002196}, {""pair"": [3, 11, 0, 9], ""acc"": 0.1, ""vel"": 26.15, ""pos"": 85.9, ""error"": 0.22536860000021264}, {""pair"": [3, 11, 0, 9], ""acc"": 0.1, ""vel"": 26.15, ""pos"": 85.9, ""error"": 0.21570860000021952}, {""pair"": [3, 11, 0, 9], ""acc"": 0.1, ""vel"": 26.15, ""pos"": 85.9, ""error"": 0.21570860000021952}, {""pair"": [3, 11, 0, 9], ""acc"": 0.1, ""vel"": 26.15, ""pos"": 85.9, ""error"": 0.21570860000021952}, {""pair"": [3, 11, 0, 9], ""acc"": 0.1, ""vel"": 26.15, ""pos"": 85.9, ""error"": 0.24531100000022832}, {""pair"": [3, 11, 0, 9], ""acc"": 0.1, ""vel"": 26.15, ""pos"": 85.9, ""error"": 0.21764860000023134}, {""pair"": [3, 11, 0, 9], ""acc"": 0.1, ""vel"": 26.15, ""pos"": 85.9, ""error"": 0.23278620000020567}, {""pair"": [3, 11, 0, 9], ""acc"": 0.1, ""vel"": 26.15, ""pos"": 85.9, ""error"": 0.23832860000023715}, {""pair"": [3, 11, 0, 9], ""acc"": 0.1, ""vel"": 26.15, ""pos"": 85.9, ""error"": 0.24020380000019514}], [{""pair"": [3, 11, 1, 9], ""acc"": 0.5, ""vel"": 26.14, ""pos"": 85.9, ""error"": 0.035311000000227466}, {""pair"": [3, 11, 1, 9], ""acc"": 0.5, ""vel"": 26.14, ""pos"": 85.9, ""error"": 0.028328600000236293}, {""pair"": [3, 11, 1, 9], ""acc"": 0.5, ""vel"": 26.14, ""pos"": 85.9, ""error"": 0.22795100000021762}, {""pair"": [3, 11, 1, 9], ""acc"": 0.5, ""vel"": 26.14, ""pos"": 85.9, ""error"": 0.23536860000021065}, {""pair"": [3, 11, 1, 9], ""acc"": 0.5, ""vel"": 26.14, ""pos"": 85.9, ""error"": 0.22570860000021753}, {""pair"": [3, 11, 1, 9], ""acc"": 0.5, ""vel"": 26.14, ""pos"": 85.9, ""error"": 0.22570860000021753}, {""pair"": [3, 11, 1, 9], ""acc"": 0.5, ""vel"": 26.14, ""pos"": 85.9, ""error"": 0.22570860000021753}, {""pair"": [3, 11, 1, 9], ""acc"": 0.5, ""vel"": 26.14, ""pos"": 85.9, ""error"": 0.2353110000002303}, {""pair"": [3, 11, 1, 9], ""acc"": 0.5, ""vel"": 26.14, ""pos"": 85.9, ""error"": 0.21604860000021375}, {""pair"": [3, 11, 1, 9], ""acc"": 0.5, ""vel"": 26.14, ""pos"": 85.9, ""error"": 0.24278620000020368}, {""pair"": [3, 11, 1, 9], ""acc"": 0.5, ""vel"": 26.14, ""pos"": 85.9, ""error"": 0.22832860000023913}, {""pair"": [3, 11, 1, 9], ""acc"": 0.5, ""vel"": 26.14, ""pos"": 85.9, ""error"": 0.25020380000019316}], [{""pair"": [3, 11, 2, 9], ""acc"": 0.5, ""vel"": 26.15, ""pos"": 85.9, ""error"": 0.045311000000225476}, {""pair"": [3, 11, 2, 9], ""acc"": 0.5, ""vel"": 26.15, ""pos"": 85.9, ""error"": 0.0383286000002343}, {""pair"": [3, 11, 2, 9], ""acc"": 0.5, ""vel"": 26.15, ""pos"": 85.9, ""error"": 0.2179510000002196}, {""pair"": [3, 11, 2, 9], ""acc"": 0.5, ""vel"": 26.15, ""pos"": 85.9, ""error"": 0.22536860000021264}, {""pair"": [3, 11, 2, 9], ""acc"": 0.5, ""vel"": 26.15, ""pos"": 85.9, ""error"": 0.21570860000021952}, {""pair"": [3, 11, 2, 9], ""acc"": 0.5, ""vel"": 26.15, ""pos"": 85.9, ""error"": 0.21570860000021952}, {""pair"": [3, 11, 2, 9], ""acc"": 0.5, ""vel"": 26.15, ""pos"": 85.9, ""error"": 0.21570860000021952}, {""pair"": [3, 11, 2, 9], ""acc"": 0.5, ""vel"": 26.15, ""pos"": 85.9, ""error"": 0.24531100000022832}, {""pair"": [3, 11, 2, 9], ""acc"": 0.5, ""vel"": 26.15, ""pos"": 85.9, ""error"": 0.21764860000023134}, {""pair"": [3, 11, 2, 9], ""acc"": 0.5, ""vel"": 26.15, ""pos"": 85.9, ""error"": 0.23278620000020567}, {""pair"": [3, 11, 2, 9], ""acc"": 0.5, ""vel"": 26.15, ""pos"": 85.9, ""error"": 0.23832860000023715}, {""pair"": [3, 11, 2, 9], ""acc"": 0.5, ""vel"": 26.15, ""pos"": 85.9, ""error"": 0.24020380000019514}], [{""pair"": [0, 9, 1, 11], ""acc"": 0.1, ""vel"": 26.11, ""pos"": 85.9, ""error"": 0.019311000000222123}, {""pair"": [0, 9, 1, 11], ""acc"": 0.1, ""vel"": 26.11, ""pos"": 85.9, ""error"": 0.0267286000002116}, {""pair"": [0, 9, 1, 11], ""acc"": 0.1, ""vel"": 26.11, ""pos"": 85.9, ""error"": 0.25795100000021876}, {""pair"": [0, 9, 1, 11], ""acc"": 0.1, ""vel"": 26.11, ""pos"": 85.9, ""error"": 0.2653686000002118}, {""pair"": [0, 9, 1, 11], ""acc"": 0.1, ""vel"": 26.11, ""pos"": 85.9, ""error"": 0.25570860000021867}, {""pair"": [0, 9, 1, 11], ""acc"": 0.1, ""vel"": 26.11, ""pos"": 85.9, ""error"": 0.25570860000021867}, {""pair"": [0, 9, 1, 11], ""acc"": 0.1, ""vel"": 26.11, ""pos"": 85.9, ""error"": 0.25570860000021867}, {""pair"": [0, 9, 1, 11], ""acc"": 0.1, ""vel"": 26.11, ""pos"": 85.9, ""error"": 0.21931100000022496}, {""pair"": [0, 9, 1, 11], ""acc"": 0.1, ""vel"": 26.11, ""pos"": 85.9, ""error"": 0.2460486000002149}, {""pair"": [0, 9, 1, 11], ""acc"": 0.1, ""vel"": 26.11, ""pos"": 85.9, ""error"": 0.2727862000002048}, {""pair"": [0, 9, 1, 11], ""acc"": 0.1, ""vel"": 26.11, ""pos"": 85.9, ""error"": 0.22672860000021444}, {""pair"": [0, 9, 1, 11], ""acc"": 0.1, ""vel"": 26.11, ""pos"": 85.9, ""error"": 0.2802038000001943}], [{""pair"": [0, 9, 2, 11], ""acc"": 0.1, ""vel"": 26.15, ""pos"": 85.7, ""error"": 0.22068899999977987}, {""pair"": [0, 9, 2, 11], ""acc"": 0.1, ""vel"": 26.15, ""pos"": 85.7, ""error"": 0.2132713999997904}, {""pair"": [0, 9, 2, 11], ""acc"": 0.1, ""vel"": 26.15, ""pos"": 85.7, ""error"": 0.017951000000216766}, {""pair"": [0, 9, 2, 11], ""acc"": 0.1, ""vel"": 26.15, ""pos"": 85.7, ""error"": 0.025368600000209796}, {""pair"": [0, 9, 2, 11], ""acc"": 0.1, ""vel"": 26.15, ""pos"": 85.7, ""error"": 0.015708600000216677}, {""pair"": [0, 9, 2, 11], ""acc"": 0.1, ""vel"": 26.15, ""pos"": 85.7, ""error"": 0.015708600000216677}, {""pair"": [0, 9, 2, 11], ""acc"": 0.1, ""vel"": 26.15, ""pos"": 85.7, ""error"": 0.015708600000216677}, {""pair"": [0, 9, 2, 11], ""acc"": 0.1, ""vel"": 26.15, ""pos"": 85.7, ""error"": 0.045311000000225476}, {""pair"": [0, 9, 2, 11], ""acc"": 0.1, ""vel"": 26.15, ""pos"": 85.7, ""error"": 0.017648600000228498}, {""pair"": [0, 9, 2, 11], ""acc"": 0.1, ""vel"": 26.15, ""pos"": 85.7, ""error"": 0.032786200000202825}, {""pair"": [0, 9, 2, 11], ""acc"": 0.1, ""vel"": 26.15, ""pos"": 85.7, ""error"": 0.0383286000002343}, {""pair"": [0, 9, 2, 11], ""acc"": 0.1, ""vel"": 26.15, ""pos"": 85.7, ""error"": 0.0402038000001923}], [{""pair"": [1, 9, 1, 11], ""acc"": 0.5, ""vel"": 26.1, ""pos"": 85.9, ""error"": 0.029311000000220133}, {""pair"": [1, 9, 1, 11], ""acc"": 0.5, ""vel"": 26.1, ""pos"": 85.9, ""error"": 0.03672860000020961}, {""pair"": [1, 9, 1, 11], ""acc"": 0.5, ""vel"": 26.1, ""pos"": 85.9, ""error"": 0.26795100000021677}, {""pair"": [1, 9, 1, 11], ""acc"": 0.5, ""vel"": 26.1, ""pos"": 85.9, ""error"": 0.2753686000002098}, {""pair"": [1, 9, 1, 11], ""acc"": 0.5, ""vel"": 26.1, ""pos"": 85.9, ""error"": 0.2657086000002167}, {""pair"": [1, 9, 1, 11], ""acc"": 0.5, ""vel"": 26.1, ""pos"": 85.9, ""error"": 0.2657086000002167}, {""pair"": [1, 9, 1, 11], ""acc"": 0.5, ""vel"": 26.1, ""pos"": 85.9, ""error"": 0.2657086000002167}, {""pair"": [1, 9, 1, 11], ""acc"": 0.5, ""vel"": 26.1, ""pos"": 85.9, ""error"": 0.22931100000022298}, {""pair"": [1, 9, 1, 11], ""acc"": 0.5, ""vel"": 26.1, ""pos"": 85.9, ""error"": 0.2560486000002129}, {""pair"": [1, 9, 1, 11], ""acc"": 0.5, ""vel"": 26.1, ""pos"": 85.9, ""error"": 0.2827862000002028}, {""pair"": [1, 9, 1, 11], ""acc"": 0.5, ""vel"": 26.1, ""pos"": 85.9, ""error"": 0.23672860000021245}, {""pair"": [1, 9, 1, 11], ""acc"": 0.5, ""vel"": 26.1, ""pos"": 85.9, ""error"": 0.2902038000001923}], [{""pair"": [1, 9, 2, 11], ""acc"": 0.5, ""vel"": 26.14, ""pos"": 85.7, ""error"": 0.21068899999978186}, {""pair"": [1, 9, 2, 11], ""acc"": 0.5, ""vel"": 26.14, ""pos"": 85.7, ""error"": 0.20327139999979238}, {""pair"": [1, 9, 2, 11], ""acc"": 0.5, ""vel"": 26.14, ""pos"": 85.7, ""error"": 0.027951000000214776}, {""pair"": [1, 9, 2, 11], ""acc"": 0.5, ""vel"": 26.14, ""pos"": 85.7, ""error"": 0.035368600000207806}, {""pair"": [1, 9, 2, 11], ""acc"": 0.5, ""vel"": 26.14, ""pos"": 85.7, ""error"": 0.025708600000214687}, {""pair"": [1, 9, 2, 11], ""acc"": 0.5, ""vel"": 26.14, ""pos"": 85.7, ""error"": 0.025708600000214687}, {""pair"": [1, 9, 2, 11], ""acc"": 0.5, ""vel"": 26.14, ""pos"": 85.7, ""error"": 0.025708600000214687}, {""pair"": [1, 9, 2, 11], ""acc"": 0.5, ""vel"": 26.14, ""pos"": 85.7, ""error"": 0.035311000000227466}, {""pair"": [1, 9, 2, 11], ""acc"": 0.5, ""vel"": 26.14, ""pos"": 85.7, ""error"": 0.01604860000021091}, {""pair"": [1, 9, 2, 11], ""acc"": 0.5, ""vel"": 26.14, ""pos"": 85.7, ""error"": 0.042786200000200836}, {""pair"": [1, 9, 2, 11], ""acc"": 0.5, ""vel"": 26.14, ""pos"": 85.7, ""error"": 0.028328600000236293}, {""pair"": [1, 9, 2, 11], ""acc"": 0.5, ""vel"": 26.14, ""pos"": 85.7, ""error"": 0.05020380000019031}], [{""pair"": [2, 9, 1, 11], ""acc"": 0.5, ""vel"": 26.11, ""pos"": 85.9, ""error"": 0.019311000000222123}, {""pair"": [2, 9, 1, 11], ""acc"": 0.5, ""vel"": 26.11, ""pos"": 85.9, ""error"": 0.0267286000002116}, {""pair"": [2, 9, 1, 11], ""acc"": 0.5, ""vel"": 26.11, ""pos"": 85.9, ""error"": 0.25795100000021876}, {""pair"": [2, 9, 1, 11], ""acc"": 0.5, ""vel"": 26.11, ""pos"": 85.9, ""error"": 0.2653686000002118}, {""pair"": [2, 9, 1, 11], ""acc"": 0.5, ""vel"": 26.11, ""pos"": 85.9, ""error"": 0.25570860000021867}, {""pair"": [2, 9, 1, 11], ""acc"": 0.5, ""vel"": 26.11, ""pos"": 85.9, ""error"": 0.25570860000021867}, {""pair"": [2, 9, 1, 11], ""acc"": 0.5, ""vel"": 26.11, ""pos"": 85.9, ""error"": 0.25570860000021867}, {""pair"": [2, 9, 1, 11], ""acc"": 0.5, ""vel"": 26.11, ""pos"": 85.9, ""error"": 0.21931100000022496}, {""pair"": [2, 9, 1, 11], ""acc"": 0.5, ""vel"": 26.11, ""pos"": 85.9, ""error"": 0.2460486000002149}, {""pair"": [2, 9, 1, 11], ""acc"": 0.5, ""vel"": 26.11, ""pos"": 85.9, ""error"": 0.2727862000002048}, {""pair"": [2, 9, 1, 11], ""acc"": 0.5, ""vel"": 26.11, ""pos"": 85.9, ""error"": 0.22672860000021444}, {""pair"": [2, 9, 1, 11], ""acc"": 0.5, ""vel"": 26.11, ""pos"": 85.9, ""error"": 0.2802038000001943}], [{""pair"": [2, 9, 2, 11], ""acc"": 0.5, ""vel"": 26.15, ""pos"": 85.7, ""error"": 0.22068899999977987}, {""pair"": [2, 9, 2, 11], ""acc"": 0.5, ""vel"": 26.15, ""pos"": 85.7, ""error"": 0.2132713999997904}, {""pair"": [2, 9, 2, 11], ""acc"": 0.5, ""vel"": 26.15, ""pos"": 85.7, ""error"": 0.017951000000216766}, {""pair"": [2, 9, 2, 11], ""acc"": 0.5, ""vel"": 26.15, ""pos"": 85.7, ""error"": 0.025368600000209796}, {""pair"": [2, 9, 2, 11], ""acc"": 0.5, ""vel"": 26.15, ""pos"": 85.7, ""error"": 0.015708600000216677}, {""pair"": [2, 9, 2, 11], ""acc"": 0.5, ""vel"": 26.15, ""pos"": 85.7, ""error"": 0.015708600000216677}, {""pair"": [2, 9, 2, 11], ""acc"": 0.5, ""vel"": 26.15, ""pos"": 85.7, ""error"": 0.015708600000216677}, {""pair"": [2, 9, 2, 11], ""acc"": 0.5, ""vel"": 26.15, ""pos"": 85.7, ""error"": 0.045311000000225476}, {""pair"": [2, 9, 2, 11], ""acc"": 0.5, ""vel"": 26.15, ""pos"": 85.7, ""error"": 0.017648600000228498}, {""pair"": [2, 9, 2, 11], ""acc"": 0.5, ""vel"": 26.15, ""pos"": 85.7, ""error"": 0.032786200000202825}, {""pair"": [2, 9, 2, 11], ""acc"": 0.5, ""vel"": 26.15, ""pos"": 85.7, ""error"": 0.0383286000002343}, {""pair"": [2, 9, 2, 11], ""acc"": 0.5, ""vel"": 26.15, ""pos"": 85.7, ""error"": 0.0402038000001923}]]","[[[3, 9, 1, 11], [0.5, 26.11, 85.9], 0.019311000000222123], [[3, 9, 2, 11], [0.5, 26.15, 85.7], 0.015708600000216677], [[3, 11, 0, 9], [0.1, 26.15, 85.9], 0.0383286000002343], [[3, 11, 1, 9], [0.5, 26.14, 85.9], 0.028328600000236293], [[3, 11, 2, 9], [0.5, 26.15, 85.9], 0.0383286000002343], [[0, 9, 1, 11], [0.1, 26.11, 85.9], 0.019311000000222123], [[0, 9, 2, 11], [0.1, 26.15, 85.7], 0.015708600000216677], [[1, 9, 1, 11], [0.5, 26.1, 85.9], 0.029311000000220133], [[1, 9, 2, 11], [0.5, 26.14, 85.7], 0.01604860000021091], [[2, 9, 1, 11], [0.5, 26.11, 85.9], 0.019311000000222123], [[2, 9, 2, 11], [0.5, 26.15, 85.7], 0.015708600000216677]]"
0.5,26.17,86.60000000000001,0.5,26.17,86.6,0.5,26.17,86.6,"[{""pair"": [3, 6, 2, 8], ""acc"": 0.5, ""vel"": 26.17, ""pos"": 86.6, ""error"": 0.2935360000009908}, {""pair"": [3, 8, 2, 6], ""acc"": 0.5, ""vel"": 26.17, ""pos"": 86.6, ""error"": 0.2935360000009908}, {""pair"": [2, 6, 2, 8], ""acc"": 0.5, ""vel"": 26.17, ""pos"": 86.6, ""error"": 0.2935360000009908}, {""pair"": [3, 8, 0, 6], ""acc"": 0.5, ""vel"": 108.09, ""pos"": 86.6, ""error"": 82.21353600000099}, {""pair"": [0, 6, 2, 8], ""acc"": 0.5, ""vel"": 108.09, ""pos"": 86.6, ""error"": 82.21353600000099}, {""pair"": [3, 8, 1, 6], ""acc"": 0.5, ""vel"": 26.17, ""pos"": 496.2, ""error"": 409.89353600000095}, {""pair"": [1, 6, 2, 8], ""acc"": 0.5, ""vel"": 26.17, ""pos"": 496.2, ""error"": 409.89353600000095}]","[[3, 6, 2, 8], [3, 8, 2, 6], [2, 6, 2, 8], [3, 8, 0, 6], [0, 6, 2, 8], [3, 8, 1, 6], [1, 6, 2, 8]]","[[{""pair"": [3, 6, 2, 8], ""acc"": 0.5, ""vel"": 26.17, ""pos"": 86.6, ""error"": 0.4999872000009802}, {""pair"": [3, 6, 2, 8], ""acc"": 0.5, ""vel"": 26.17, ""pos"": 86.6, ""error"": 0.4935360000009936}, {""pair"": [3, 6, 2, 8], ""acc"": 0.5, ""vel"": 26.17, ""pos"": 86.6, ""error"": 0.4935360000009936}, {""pair"": [3, 6, 2, 8], ""acc"": 0.5, ""vel"": 26.17, ""pos"": 86.6, ""error"": 0.5036960000009856}, {""pair"": [3, 6, 2, 8], ""acc"": 0.5, ""vel"": 26.17, ""pos"": 86.6, ""error"": 0.3406272000009807}, {""pair"": [3, 6, 2, 8], ""acc"": 0.5, ""vel"": 26.17, ""pos"": 86.6, ""error"": 0.3341760000009941}, {""pair"": [3, 6, 2, 8], ""acc"": 0.5, ""vel"": 26.17, ""pos"": 86.6, ""error"": 0.3341760000009941}, {""pair"": [3, 6, 2, 8], ""acc"": 0.5, ""vel"": 26.17, ""pos"": 86.6, ""error"": 0.30369600000098274}, {""pair"": [3, 6, 2, 8], ""acc"": 0.5, ""vel"": 26.17, ""pos"": 86.6, ""error"": 0.3443360000009861}, {""pair"": [3, 6, 2, 8], ""acc"": 0.5, ""vel"": 26.17, ""pos"": 86.6, ""error"": 0.29998720000097734}, {""pair"": [3, 6, 2, 8], ""acc"": 0.5, ""vel"": 26.17, ""pos"": 86.6, ""error"": 0.2935360000009908}], [{""pair"": [3, 8, 0, 6], ""acc"": 0.5, ""vel"": 108.09, ""pos"": 86.6, ""error"": 82.41998720000097}, {""pair"": [3, 8, 0, 6], ""acc"": 0.5, ""vel"": 108.09, ""pos"": 86.6, ""error"": 82.41353600000099}, {""pair"": [3, 8, 0, 6], ""acc"": 0.5, ""vel"": 108.09, ""pos"": 86.6, ""error"": 82.41353600000099}, {""pair"": [3, 8, 0, 6], ""acc"": 0.5, ""vel"": 108.09, ""pos"": 86.6, ""error"": 82.42369600000099}, {""pair"": [3, 8, 0, 6], ""acc"": 0.5, ""vel"": 108.09, ""pos"": 86.6, ""error"": 82.26062720000098}, {""pair"": [3, 8, 0, 6], ""acc"": 0.5, ""vel"": 108.09, ""pos"": 86.6, ""error"": 82.254176000001}, {""pair"": [3, 8, 0, 6], ""acc"": 0.5, ""vel"": 108.09, ""pos"": 86.6, ""error"": 82.254176000001}, {""pair"": [3, 8, 0, 6], ""acc"": 0.5, ""vel"": 108.09, ""pos"": 86.6, ""error"": 82.22369600000098}, {""pair"": [3, 8, 0, 6], ""acc"": 0.5, ""vel"": 108.09, ""pos"": 86.6, ""error"": 82.264336000001}, {""pair"": [3, 8, 0, 6], ""acc"": 0.5, ""vel"": 108.09, ""pos"": 86.6, ""error"": 82.21998720000097}, {""pair"": [3, 8, 0, 6], ""acc"": 0.5, ""vel"": 108.09, ""pos"": 86.6, ""error"": 82.21353600000099}], [{""pair"": [3, 8, 1, 6], ""acc"": 0.5, ""vel"": 26.17, ""pos"": 496.2, ""error"": 410.09998720000095}, {""pair"": [3, 8, 1, 6], ""acc"": 0.5, ""vel"": 26.17, ""pos"": 496.2, ""error"": 410.09353600000094}, {""pair"": [3, 8, 1, 6], ""acc"": 0.5, ""vel"": 26.17, ""pos"": 496.2, ""error"": 410.09353600000094}, {""pair"": [3, 8, 1, 6], ""acc"": 0.5, ""vel"": 26.17, ""pos"": 496.2, ""error"": 410.10369600000104}, {""pair"": [3, 8, 1, 6], ""acc"": 0.5, ""vel"": 26.17, ""pos"": 496.2, ""error"": 409.94062720000096}, {""pair"": [3, 8, 1, 6], ""acc"": 0.5, ""vel"": 26.17, ""pos"": 496.2, ""error"": 409.934176000001}, {""pair"": [3, 8, 1, 6], ""acc"": 0.5, ""vel"": 26.17, ""pos"": 496.2, ""error"": 409.934176000001}, {""pair"": [3, 8, 1, 6], ""acc"": 0.5, ""vel"": 26.17, ""pos"": 496.2, ""error"": 409.903696000001}, {""pair"": [3, 8, 1, 6], ""acc"": 0.5, ""vel"": 26.17, ""pos"": 496.2, ""error"": 409.944336000001}, {""pair"": [3, 8, 1, 6], ""acc"": 0.5, ""vel"": 26.17, ""pos"": 496.2, ""error"": 409.89998720000096}, {""pair"": [3, 8, 1, 6], ""acc"": 0.5, ""vel"": 26.17, ""pos"": 496.2, ""error"": 409.89353600000095}], [{""pair"": [3, 8, 2, 6], ""acc"": 0.5, ""vel"": 26.17, ""pos"": 86.6, ""error"": 0.4999872000009802}, {""pair"": [3, 8, 2, 6], ""acc"": 0.5, ""vel"": 26.17, ""pos"": 86.6, ""error"": 0.4935360000009936}, {""pair"": [3, 8, 2, 6], ""acc"": 0.5, ""vel"": 26.17, ""pos"": 86.6, ""error"": 0.4935360000009936}, {""pair"": [3, 8, 2, 6], ""acc"": 0.5, ""vel"": 26.17, ""pos"": 86.6, ""error"": 0.5036960000009856}, {""pair"": [3, 8, 2, 6], ""acc"": 0.5, ""vel"": 26.17, ""pos"": 86.6, ""error"": 0.3406272000009807}, {""pair"": [3, 8, 2, 6], ""acc"": 0.5, ""vel"": 26.17, ""pos"": 86.6, ""error"": 0.3341760000009941}, {""pair"": [3, 8, 2, 6], ""acc"": 0.5, ""vel"": 26.17, ""pos"": 86.6, ""error"": 0.3341760000009941}, {""pair"": [3, 8, 2, 6], ""acc"": 0.5, ""vel"": 26.17, ""pos"": 86.6, ""error"": 0.30369600000098274}, {""pair"": [3, 8, 2, 6], ""acc"": 0.5, ""vel"": 26.17, ""pos"": 86.6, ""error"": 0.3443360000009861}, {""pair"": [3, 8, 2, 6], ""acc"": 0.5, ""vel"": 26.17, ""pos"": 86.6, ""error"": 0.29998720000097734}, {""pair"": [3, 8, 2, 6], ""acc"": 0.5, ""vel"": 26.17, ""pos"": 86.6, ""error"": 0.2935360000009908}], [{""pair"": [0, 6, 2, 8], ""acc"": 0.5, ""vel"": 108.09, ""pos"": 86.6, ""error"": 82.41998720000097}, {""pair"": [0, 6, 2, 8], ""acc"": 0.5, ""vel"": 108.09, ""pos"": 86.6, ""error"": 82.41353600000099}, {""pair"": [0, 6, 2, 8], ""acc"": 0.5, ""vel"": 108.09, ""pos"": 86.6, ""error"": 82.41353600000099}, {""pair"": [0, 6, 2, 8], ""acc"": 0.5, ""vel"": 108.09, ""pos"": 86.6, ""error"": 82.42369600000099}, {""pair"": [0, 6, 2, 8], ""acc"": 0.5, ""vel"": 108.09, ""pos"": 86.6, ""error"": 82.26062720000098}, {""pair"": [0, 6, 2, 8], ""acc"": 0.5, ""vel"": 108.09, ""pos"": 86.6, ""error"": 82.254176000001}, {""pair"": [0, 6, 2, 8], ""acc"": 0.5, ""vel"": 108.09, ""pos"": 86.6, ""error"": 82.254176000001}, {""pair"": [0, 6, 2, 8], ""acc"": 0.5, ""vel"": 108.09, ""pos"": 86.6, ""error"": 82.22369600000098}, {""pair"": [0, 6, 2, 8], ""acc"": 0.5, ""vel"": 108.09, ""pos"": 86.6, ""error"": 82.264336000001}, {""pair"": [0, 6, 2, 8], ""acc"": 0.5, ""vel"": 108.09, ""pos"": 86.6, ""error"": 82.21998720000097}, {""pair"": [0, 6, 2, 8], ""acc"": 0.5, ""vel"": 108.09, ""pos"": 86.6, ""error"": 82.21353600000099}], [{""pair"": [1, 6, 2, 8], ""acc"": 0.5, ""vel"": 26.17, ""pos"": 496.2, ""error"": 410.09998720000095}, {""pair"": [1, 6, 2, 8], ""acc"": 0.5, ""vel"": 26.17, ""pos"": 496.2, ""error"": 410.09353600000094}, {""pair"": [1, 6, 2, 8], ""acc"": 0.5, ""vel"": 26.17, ""pos"": 496.2, ""error"": 410.09353600000094}, {""pair"": [1, 6, 2, 8], ""acc"": 0.5, ""vel"": 26.17, ""pos"": 496.2, ""error"": 410.10369600000104}, {""pair"": [1, 6, 2, 8], ""acc"": 0.5, ""vel"": 26.17, ""pos"": 496.2, ""error"": 409.94062720000096}, {""pair"": [1, 6, 2, 8], ""acc"": 0.5, ""vel"": 26.17, ""pos"": 496.2, ""error"": 409.934176000001}, {""pair"": [1, 6, 2, 8], ""acc"": 0.5, ""vel"": 26.17, ""pos"": 496.2, ""error"": 409.934176000001}, {""pair"": [1, 6, 2, 8], ""acc"": 0.5, ""vel"": 26.17, ""pos"": 496.2, ""error"": 409.903696000001}, {""pair"": [1, 6, 2, 8], ""acc"": 0.5, ""vel"": 26.17, ""pos"": 496.2, ""error"": 409.944336000001}, {""pair"": [1, 6, 2, 8], ""acc"": 0.5, ""vel"": 26.17, ""pos"": 496.2, ""error"": 409.89998720000096}, {""pair"": [1, 6, 2, 8], ""acc"": 0.5, ""vel"": 26.17, ""pos"": 496.2, ""error"": 409.89353600000095}], [{""pair"": [2, 6, 2, 8], ""acc"": 0.5, ""vel"": 26.17, ""pos"": 86.6, ""error"": 0.4999872000009802}, {""pair"": [2, 6, 2, 8], ""acc"": 0.5, ""vel"": 26.17, ""pos"": 86.6, ""error"": 0.4935360000009936}, {""pair"": [2, 6, 2, 8], ""acc"": 0.5, ""vel"": 26.17, ""pos"": 86.6, ""error"": 0.4935360000009936}, {""pair"": [2, 6, 2, 8], ""acc"": 0.5, ""vel"": 26.17, ""pos"": 86.6, ""error"": 0.5036960000009856}, {""pair"": [2, 6, 2, 8], ""acc"": 0.5, ""vel"": 26.17, ""pos"": 86.6, ""error"": 0.3406272000009807}, {""pair"": [2, 6, 2, 8], ""acc"": 0.5, ""vel"": 26.17, ""pos"": 86.6, ""error"": 0.3341760000009941}, {""pair"": [2, 6, 2, 8], ""acc"": 0.5, ""vel"": 26.17, ""pos"": 86.6, ""error"": 0.3341760000009941}, {""pair"": [2, 6, 2, 8], ""acc"": 0.5, ""vel"": 26.17, ""pos"": 86.6, ""error"": 0.30369600000098274}, {""pair"": [2, 6, 2, 8], ""acc"": 0.5, ""vel"": 26.17, ""pos"": 86.6, ""error"": 0.3443360000009861}, {""pair"": [2, 6, 2, 8], ""acc"": 0.5, ""vel"": 26.17, ""pos"": 86.6, ""error"": 0.29998720000097734}, {""pair"": [2, 6, 2, 8], ""acc"": 0.5, ""vel"": 26.17, ""pos"": 86.6, ""error"": 0.2935360000009908}]]","[[[3, 6, 2, 8], [0.5, 26.17, 86.6], 0.2935360000009908], [[3, 8, 0, 6], [0.5, 108.09, 86.6], 82.21353600000099], [[3, 8, 1, 6], [0.5, 26.17, 496.2], 409.89353600000095], [[3, 8, 2, 6], [0.5, 26.17, 86.6], 0.2935360000009908], [[0, 6, 2, 8], [0.5, 108.09, 86.6], 82.21353600000099], [[1, 6, 2, 8], [0.5, 26.17, 496.2], 409.89353600000095], [[2, 6, 2, 8], [0.5, 26.17, 86.6], 0.2935360000009908]]"
0.5,26.18,87.0,0.5,26.18,291.8,0.5,26.18,87.0,"[{""pair"": [3, 11, 1, 5], ""acc"": 0.5, ""vel"": 26.18, ""pos"": 87.0, ""error"": 0.04646224999988391}, {""pair"": [1, 5, 2, 11], ""acc"": 0.5, ""vel"": 26.18, ""pos"": 86.8, ""error"": 0.24646224999988675}, {""pair"": [2, 5, 2, 11], ""acc"": 0.5, ""vel"": 26.18, ""pos"": 291.6, ""error"": 204.55653775000013}, {""pair"": [3, 11, 2, 5], ""acc"": 0.5, ""vel"": 26.18, ""pos"": 291.8, ""error"": 204.75653775000012}]","[[3, 11, 1, 5], [1, 5, 2, 11], [2, 5, 2, 11], [3, 11, 2, 5]]","[[{""pair"": [3, 11, 1, 5], ""acc"": 0.5, ""vel"": 26.18, ""pos"": 87.0, ""error"": 0.04646224999988391}, {""pair"": [3, 11, 1, 5], ""acc"": 0.5, ""vel"": 26.18, ""pos"": 87.0, ""error"": 0.04646224999988391}, {""pair"": [3, 11, 1, 5], ""acc"": 0.5, ""vel"": 26.18, ""pos"": 87.0, ""error"": 0.04646224999988391}, {""pair"": [3, 11, 1, 5], ""acc"": 0.5, ""vel"": 26.18, ""pos"": 87.0, ""error"": 83.35610224999955}, {""pair"": [3, 11, 1, 5], ""acc"": 0.5, ""vel"": 26.18, ""pos"": 87.0, ""error"": 83.35610224999955}, {""pair"": [3, 11, 1, 5], ""acc"": 0.5, ""vel"": 26.18, ""pos"": 87.0, ""error"": 409.6464622499999}, {""pair"": [3, 11, 1, 5], ""acc"": 0.5, ""vel"": 26.18, ""pos"": 87.0, ""error"": 409.6464622499999}], [{""pair"": [3, 11, 2, 5], ""acc"": 0.5, ""vel"": 26.18, ""pos"": 291.8, ""error"": 204.75653775000012}, {""pair"": [3, 11, 2, 5], ""acc"": 0.5, ""vel"": 26.18, ""pos"": 291.8, ""error"": 204.75653775000012}, {""pair"": [3, 11, 2, 5], ""acc"": 0.5, ""vel"": 26.18, ""pos"": 291.8, ""error"": 204.75653775000012}, {""pair"": [3, 11, 2, 5], ""acc"": 0.5, ""vel"": 26.18, ""pos"": 291.8, ""error"": 285.28089775000046}, {""pair"": [3, 11, 2, 5], ""acc"": 0.5, ""vel"": 26.18, ""pos"": 291.8, ""error"": 285.28089775000046}, {""pair"": [3, 11, 2, 5], ""acc"": 0.5, ""vel"": 26.18, ""pos"": 291.8, ""error"": 204.84646224999986}, {""pair"": [3, 11, 2, 5], ""acc"": 0.5, ""vel"": 26.18, ""pos"": 291.8, ""error"": 204.84646224999986}], [{""pair"": [1, 5, 2, 11], ""acc"": 0.5, ""vel"": 26.18, ""pos"": 86.8, ""error"": 0.24646224999988675}, {""pair"": [1, 5, 2, 11], ""acc"": 0.5, ""vel"": 26.18, ""pos"": 86.8, ""error"": 0.24646224999988675}, {""pair"": [1, 5, 2, 11], ""acc"": 0.5, ""vel"": 26.18, ""pos"": 86.8, ""error"": 0.24646224999988675}, {""pair"": [1, 5, 2, 11], ""acc"": 0.5, ""vel"": 26.18, ""pos"": 86.8, ""error"": 83.55610224999955}, {""pair"": [1, 5, 2, 11], ""acc"": 0.5, ""vel"": 26.18, ""pos"": 86.8, ""error"": 83.55610224999955}, {""pair"": [1, 5, 2, 11], ""acc"": 0.5, ""vel"": 26.18, ""pos"": 86.8, ""error"": 409.8464622499999}, {""pair"": [1, 5, 2, 11], ""acc"": 0.5, ""vel"": 26.18, ""pos"": 86.8, ""error"": 409.8464622499999}], [{""pair"": [2, 5, 2, 11], ""acc"": 0.5, ""vel"": 26.18, ""pos"": 291.6, ""error"": 204.55653775000013}, {""pair"": [2, 5, 2, 11], ""acc"": 0.5, ""vel"": 26.18, ""pos"": 291.6, ""error"": 204.55653775000013}, {""pair"": [2, 5, 2, 11], ""acc"": 0.5, ""vel"": 26.18, ""pos"": 291.6, ""error"": 204.55653775000013}, {""pair"": [2, 5, 2, 11], ""acc"": 0.5, ""vel"": 26.18, ""pos"": 291.6, ""error"": 285.0808977500005}, {""pair"": [2, 5, 2, 11], ""acc"": 0.5, ""vel"": 26.18, ""pos"": 291.6, ""error"": 285.0808977500005}, {""pair"": [2, 5, 2, 11], ""acc"": 0.5, ""vel"": 26.18, ""pos"": 291.6, ""error"": 205.04646224999985}, {""pair"": [2, 5, 2, 11], ""acc"": 0.5, ""vel"": 26.18, ""pos"": 291.6, ""error"": 205.04646224999985}]]","[[[3, 11, 1, 5], [0.5, 26.18, 87.0], 0.04646224999988391], [[3, 11, 2, 5], [0.5, 26.18, 291.8], 204.75653775000012], [[1, 5, 2, 11], [0.5, 26.18, 86.8], 0.24646224999988675], [[2, 5, 2, 11], [0.5, 26.18, 291.6], 204.55653775000013]]"
0.5,26.18,87.4,0.5,26.1,84.2,0.5,26.1,87.8,"[{""pair"": [2, 12, 2, 15], ""acc"": 0.5, ""vel"": 26.1, ""pos"": 87.8, ""error"": 0.16071225000041522}, {""pair"": [1, 12, 2, 15], ""acc"": 0.5, ""vel"": 26.18, ""pos"": 87.4, ""error"": 0.28071225000040556}, {""pair"": [3, 12, 2, 15], ""acc"": 0.5, ""vel"": 26.1, ""pos"": 87.4, ""error"": 0.36071225000040386}, {""pair"": [0, 12, 2, 15], ""acc"": 3.7, ""vel"": 26.1, ""pos"": 87.4, ""error"": 0.36071225000040386}, {""pair"": [3, 15, 2, 12], ""acc"": 0.5, ""vel"": 26.1, ""pos"": 84.6, ""error"": 3.1607122500004152}, {""pair"": [3, 15, 1, 12], ""acc"": 0.5, ""vel"": 26.18, ""pos"": 84.2, ""error"": 3.4807122500004084}, {""pair"": [3, 15, 0, 12], ""acc"": 3.7, ""vel"": 26.1, ""pos"": 84.2, ""error"": 3.5607122500004067}, {""pair"": [2, 12, 1, 15], ""acc"": 0.5, ""vel"": 26.74, ""pos"": 84.6, ""error"": 3.6077122500004}, {""pair"": [3, 12, 1, 15], ""acc"": 0.5, ""vel"": 26.74, ""pos"": 84.2, ""error"": 4.007712250000392}, {""pair"": [0, 12, 1, 15], ""acc"": 3.7, ""vel"": 26.74, ""pos"": 84.2, ""error"": 4.007712250000392}, {""pair"": [1, 12, 1, 15], ""acc"": 0.5, ""vel"": 26.82, ""pos"": 84.2, ""error"": 4.0877122500003935}]","[[2, 12, 2, 15], [1, 12, 2, 15], [3, 12, 2, 15], [0, 12, 2, 15], [3, 15, 2, 12], [3, 15, 1, 12], [3, 15, 0, 12], [2, 12, 1, 15], [3, 12, 1, 15], [0, 12, 1, 15], [1, 12, 1, 15]]","[[{""pair"": [3, 12, 0, 15], ""acc"": -25.1, ""vel"": 26.1, ""pos"": 84.2, ""error"": 3.7607122500004095}, {""pair"": [3, 12, 0, 15], ""acc"": -25.1, ""vel"": 26.1, ""pos"": 84.2, ""error"": 3.5607122500004067}, {""pair"": [3, 12, 0, 15], ""acc"": -25.1, ""vel"": 26.1, ""pos"": 84.2, ""error"": 208.36071225000046}, {""pair"": [3, 12, 0, 15], ""acc"": -25.1, ""vel"": 26.1, ""pos"": 84.2, ""error"": 208.56071225000045}], [{""pair"": [3, 12, 1, 15], ""acc"": 0.5, ""vel"": 26.74, ""pos"": 84.2, ""error"": 4.2077122500003945}, {""pair"": [3, 12, 1, 15], ""acc"": 0.5, ""vel"": 26.74, ""pos"": 84.2, ""error"": 4.007712250000392}, {""pair"": [3, 12, 1, 15], ""acc"": 0.5, ""vel"": 26.74, ""pos"": 84.2, ""error"": 208.80771225000046}, {""pair"": [3, 12, 1, 15], ""acc"": 0.5, ""vel"": 26.74, ""pos"": 84.2, ""error"": 209.00771225000045}], [{""pair"": [3, 12, 2, 15], ""acc"": 0.5, ""vel"": 26.1, ""pos"": 87.4, ""error"": 0.5607122500004067}, {""pair"": [3, 12, 2, 15], ""acc"": 0.5, ""vel"": 26.1, ""pos"": 87.4, ""error"": 0.36071225000040386}, {""pair"": [3, 12, 2, 15], ""acc"": 0.5, ""vel"": 26.1, ""pos"": 87.4, ""error"": 205.16071225000047}, {""pair"": [3, 12, 2, 15], ""acc"": 0.5, ""vel"": 26.1, ""pos"": 87.4, ""error"": 205.36071225000046}], [{""pair"": [3, 15, 0, 12], ""acc"": 3.7, ""vel"": 26.1, ""pos"": 84.2, ""error"": 3.7607122500004095}, {""pair"": [3, 15, 0, 12], ""acc"": 3.7, ""vel"": 26.1, ""pos"": 84.2, ""error"": 3.5607122500004067}, {""pair"": [3, 15, 0, 12], ""acc"": 3.7, ""vel"": 26.1, ""pos"": 84.2, ""error"": 208.36071225000046}, {""pair"": [3, 15, 0, 12], ""acc"": 3.7, ""vel"": 26.1, ""pos"": 84.2, ""error"": 208.56071225000045}], [{""pair"": [3, 15, 1, 12], ""acc"": 0.5, ""vel"": 26.18, ""pos"": 84.2, ""error"": 3.6807122500004112}, {""pair"": [3, 15, 1, 12], ""acc"": 0.5, ""vel"": 26.18, ""pos"": 84.2, ""error"": 3.4807122500004084}, {""pair"": [3, 15, 1, 12], ""acc"": 0.5, ""vel"": 26.18, ""pos"": 84.2, ""error"": 208.28071225000048}, {""pair"": [3, 15, 1, 12], ""acc"": 0.5, ""vel"": 26.18, ""pos"": 84.2, ""error"": 208.48071225000047}], [{""pair"": [3, 15, 2, 12], ""acc"": 0.5, ""vel"": 26.1, ""pos"": 84.6, ""error"": 3.360712250000418}, {""pair"": [3, 15, 2, 12], ""acc"": 0.5, ""vel"": 26.1, ""pos"": 84.6, ""error"": 3.1607122500004152}, {""pair"": [3, 15, 2, 12], ""acc"": 0.5, ""vel"": 26.1, ""pos"": 84.6, ""error"": 207.96071225000048}, {""pair"": [3, 15, 2, 12], ""acc"": 0.5, ""vel"": 26.1, ""pos"": 84.6, ""error"": 208.16071225000047}], [{""pair"": [0, 12, 0, 15], ""acc"": -21.9, ""vel"": 26.1, ""pos"": 84.2, ""error"": 3.7607122500004095}, {""pair"": [0, 12, 0, 15], ""acc"": -21.9, ""vel"": 26.1, ""pos"": 84.2, ""error"": 3.5607122500004067}, {""pair"": [0, 12, 0, 15], ""acc"": -21.9, ""vel"": 26.1, ""pos"": 84.2, ""error"": 208.36071225000046}, {""pair"": [0, 12, 0, 15], ""acc"": -21.9, ""vel"": 26.1, ""pos"": 84.2, ""error"": 208.56071225000045}], [{""pair"": [0, 12, 1, 15], ""acc"": 3.7, ""vel"": 26.74, ""pos"": 84.2, ""error"": 4.2077122500003945}, {""pair"": [0, 12, 1, 15], ""acc"": 3.7, ""vel"": 26.74, ""pos"": 84.2, ""error"": 4.007712250000392}, {""pair"": [0, 12, 1, 15], ""acc"": 3.7, ""vel"": 26.74, ""pos"": 84.2, ""error"": 208.80771225000046}, {""pair"": [0, 12, 1, 15], ""acc"": 3.7, ""vel"": 26.74, ""pos"": 84.2, ""error"": 209.00771225000045}], [{""pair"": [0, 12, 2, 15], ""acc"": 3.7, ""vel"": 26.1, ""pos"": 87.4, ""error"": 0.5607122500004067}, {""pair"": [0, 12, 2, 15], ""acc"": 3.7, ""vel"": 26.1, ""pos"": 87.4, ""error"": 0.36071225000040386}, {""pair"": [0, 12, 2, 15], ""acc"": 3.7, ""vel"": 26.1, ""pos"": 87.4, ""error"": 205.16071225000047}, {""pair"": [0, 12, 2, 15], ""acc"": 3.7, ""vel"": 26.1, ""pos"": 87.4, ""error"": 205.36071225000046}], [{""pair"": [1, 12, 0, 15], ""acc"": -25.1, ""vel"": 26.18, ""pos"": 84.2, ""error"": 3.6807122500004112}, {""pair"": [1, 12, 0, 15], ""acc"": -25.1, ""vel"": 26.18, ""pos"": 84.2, ""error"": 3.4807122500004084}, {""pair"": [1, 12, 0, 15], ""acc"": -25.1, ""vel"": 26.18, ""pos"": 84.2, ""error"": 208.28071225000048}, {""pair"": [1, 12, 0, 15], ""acc"": -25.1, ""vel"": 26.18, ""pos"": 84.2, ""error"": 208.48071225000047}], [{""pair"": [1, 12, 1, 15], ""acc"": 0.5, ""vel"": 26.82, ""pos"": 84.2, ""error"": 4.287712250000396}, {""pair"": [1, 12, 1, 15], ""acc"": 0.5, ""vel"": 26.82, ""pos"": 84.2, ""error"": 4.0877122500003935}, {""pair"": [1, 12, 1, 15], ""acc"": 0.5, ""vel"": 26.82, ""pos"": 84.2, ""error"": 208.88771225000045}, {""pair"": [1, 12, 1, 15], ""acc"": 0.5, ""vel"": 26.82, ""pos"": 84.2, ""error"": 209.08771225000044}], [{""pair"": [1, 12, 2, 15], ""acc"": 0.5, ""vel"": 26.18, ""pos"": 87.4, ""error"": 0.4807122500004084}, {""pair"": [1, 12, 2, 15], ""acc"": 0.5, ""vel"": 26.18, ""pos"": 87.4, ""error"": 0.28071225000040556}, {""pair"": [1, 12, 2, 15], ""acc"": 0.5, ""vel"": 26.18, ""pos"": 87.4, ""error"": 205.08071225000046}, {""pair"": [1, 12, 2, 15], ""acc"": 0.5, ""vel"": 26.18, ""pos"": 87.4, ""error"": 205.28071225000045}], [{""pair"": [2, 12, 0, 15], ""acc"": -25.1, ""vel"": 26.1, ""pos"": 84.6, ""error"": 3.360712250000418}, {""pair"": [2, 12, 0, 15], ""acc"": -25.1, ""vel"": 26.1, ""pos"": 84.6, ""error"": 3.1607122500004152}, {""pair"": [2, 12, 0, 15], ""acc"": -25.1, ""vel"": 26.1, ""pos"": 84.6, ""error"": 207.96071225000048}, {""pair"": [2, 12, 0, 15], ""acc"": -25.1, ""vel"": 26.1, ""pos"": 84.6, ""error"": 208.16071225000047}], [{""pair"": [2, 12, 1, 15], ""acc"": 0.5, ""vel"": 26.74, ""pos"": 84.6, ""error"": 3.807712250000403}, {""pair"": [2, 12, 1, 15], ""acc"": 0.5, ""vel"": 26.74, ""pos"": 84.6, ""error"": 3.6077122500004}, {""pair"": [2, 12, 1, 15], ""acc"": 0.5, ""vel"": 26.74, ""pos"": 84.6, ""error"": 208.40771225000046}, {""pair"": [2, 12, 1, 15], ""acc"": 0.5, ""vel"": 26.74, ""pos"": 84.6, ""error"": 208.60771225000045}], [{""pair"": [2, 12, 2, 15], ""acc"": 0.5, ""vel"": 26.1, ""pos"": 87.8, ""error"": 0.16071225000041522}, {""pair"": [2, 12, 2, 15], ""acc"": 0.5, ""vel"": 26.1, ""pos"": 87.8, ""error"": 0.23228774999959967}, {""pair"": [2, 12, 2, 15], ""acc"": 0.5, ""vel"": 26.1, ""pos"": 87.8, ""error"": 204.76071225000044}, {""pair"": [2, 12, 2, 15], ""acc"": 0.5, ""vel"": 26.1, ""pos"": 87.8, ""error"": 204.96071225000043}]]","[[[3, 12, 0, 15], [-25.1, 26.1, 84.2], 3.5607122500004067], [[3, 12, 1, 15], [0.5, 26.74, 84.2], 4.007712250000392], [[3, 12, 2, 15], [0.5, 26.1, 87.4], 0.36071225000040386], [[3, 15, 0, 12], [3.7, 26.1, 84.2], 3.5607122500004067], [[3, 15, 1, 12], [0.5, 26.18, 84.2], 3.4807122500004084], [[3, 15, 2, 12], [0.5, 26.1, 84.6], 3.1607122500004152], [[0, 12, 0, 15], [-21.9, 26.1, 84.2], 3.5607122500004067], [[0, 12, 1, 15], [3.7, 26.74, 84.2], 4.007712250000392], [[0, 12, 2, 15], [3.7, 26.1, 87.4], 0.36071225000040386], [[1, 12, 0, 15], [-25.1, 26.18, 84.2], 3.4807122500004084], [[1, 12, 1, 15], [0.5, 26.82, 84.2], 4.0877122500003935], [[1, 12, 2, 15], [0.5, 26.18, 87.4], 0.28071225000040556], [[2, 12, 0, 15], [-25.1, 26.1, 84.6], 3.1607122500004152], [[2, 12, 1, 15], [0.5, 26.74, 84.6], 3.6077122500004], [[2, 12, 2, 15], [0.5, 26.1, 87.8], 0.16071225000041522]]"
0.5,26.2,88.30000000000001,0.5,26.2,1726.7,0.5,26.11,88.2,"[{""pair"": [0, 0, 0, 0], ""acc"": 0.5, ""vel"": 26.11, ""pos"": 88.2, ""error"": 0}]","[[0, 0, 0, 0]]",[],"[[[0, 0, 0, 0], [0.5, 26.11, 88.2], 0]]"
0.5,26.21,88.80000000000001,0.5,25.89,88.8,0.5,26.17,88.8,"[{""pair"": [1, 14, 1, 11], ""acc"": 0.5, ""vel"": 26.17, ""pos"": 88.8, ""error"": 0.207557750000106}, {""pair"": [3, 11, 1, 14], ""acc"": 0.5, ""vel"": 26.21, ""pos"": 88.8, ""error"": 0.24755775000010516}]","[[1, 14, 1, 11], [3, 11, 1, 14]]","[[{""pair"": [3, 11, 0, 14], ""acc"": 13.3, ""vel"": 25.89, ""pos"": 88.8, ""error"": 0.3845577500000985}], [{""pair"": [3, 11, 1, 14], ""acc"": 0.5, ""vel"": 26.21, ""pos"": 88.8, ""error"": 0.24755775000010516}], [{""pair"": [0, 14, 1, 11], ""acc"": 13.3, ""vel"": 25.85, ""pos"": 88.8, ""error"": 0.42455775000009766}], [{""pair"": [1, 14, 1, 11], ""acc"": 0.5, ""vel"": 26.17, ""pos"": 88.8, ""error"": 0.207557750000106}]]","[[[3, 11, 0, 14], [13.3, 25.89, 88.8], 0.3845577500000985], [[3, 11, 1, 14], [0.5, 26.21, 88.8], 0.24755775000010516], [[0, 14, 1, 11], [13.3, 25.85, 88.8], 0.42455775000009766], [[1, 14, 1, 11], [0.5, 26.17, 88.8], 0.207557750000106]]"
0.5,26.22,89.2,8.0,26.22,294.0,0.5,26.22,89.2,"[{""pair"": [1, 5, 0, 14], ""acc"": 0.5, ""vel"": 26.22, ""pos"": 89.2, ""error"": 0.021424000000486387}, {""pair"": [2, 5, 0, 14], ""acc"": 0.5, ""vel"": 26.22, ""pos"": 294.0, ""error"": 204.78257599999947}]","[[1, 5, 0, 14], [2, 5, 0, 14]]","[[{""pair"": [3, 14, 1, 5], ""acc"": 13.3, ""vel"": 26.22, ""pos"": 89.2, ""error"": 0.06078400000048134}, {""pair"": [3, 14, 1, 5], ""acc"": 13.3, ""vel"": 26.22, ""pos"": 89.2, ""error"": 0.021424000000486387}], [{""pair"": [3, 14, 2, 5], ""acc"": 13.3, ""vel"": 26.22, ""pos"": 294.0, ""error"": 204.8232159999995}, {""pair"": [3, 14, 2, 5], ""acc"": 13.3, ""vel"": 26.22, ""pos"": 294.0, ""error"": 204.78257599999947}], [{""pair"": [1, 5, 0, 14], ""acc"": 0.5, ""vel"": 26.22, ""pos"": 89.2, ""error"": 0.06078400000048134}, {""pair"": [1, 5, 0, 14], ""acc"": 0.5, ""vel"": 26.22, ""pos"": 89.2, ""error"": 0.021424000000486387}], [{""pair"": [1, 5, 1, 14], ""acc"": 13.3, ""vel"": 25.9, ""pos"": 89.2, ""error"": 0.29678400000050686}, {""pair"": [1, 5, 1, 14], ""acc"": 13.3, ""vel"": 25.9, ""pos"": 89.2, ""error"": 0.3374240000005102}], [{""pair"": [1, 5, 2, 14], ""acc"": 13.3, ""vel"": 26.22, ""pos"": 87.6, ""error"": 1.6607840000004899}, {""pair"": [1, 5, 2, 14], ""acc"": 13.3, ""vel"": 26.22, ""pos"": 87.6, ""error"": 1.621424000000495}], [{""pair"": [2, 5, 0, 14], ""acc"": 0.5, ""vel"": 26.22, ""pos"": 294.0, ""error"": 204.8232159999995}, {""pair"": [2, 5, 0, 14], ""acc"": 0.5, ""vel"": 26.22, ""pos"": 294.0, ""error"": 204.78257599999947}], [{""pair"": [2, 5, 1, 14], ""acc"": 13.3, ""vel"": 25.9, ""pos"": 294.0, ""error"": 205.05921599999954}, {""pair"": [2, 5, 1, 14], ""acc"": 13.3, ""vel"": 25.9, ""pos"": 294.0, ""error"": 205.0985759999995}], [{""pair"": [2, 5, 2, 14], ""acc"": 13.3, ""vel"": 26.22, ""pos"": 292.4, ""error"": 203.22321599999947}, {""pair"": [2, 5, 2, 14], ""acc"": 13.3, ""vel"": 26.22, ""pos"": 292.4, ""error"": 203.18257599999944}]]","[[[3, 14, 1, 5], [13.3, 26.22, 89.2], 0.021424000000486387], [[3, 14, 2, 5], [13.3, 26.22, 294.0], 204.78257599999947], [[1, 5, 0, 14], [0.5, 26.22, 89.2], 0.021424000000486387], [[1, 5, 1, 14], [13.3, 25.9, 89.2], 0.29678400000050686], [[1, 5, 2, 14], [13.3, 26.22, 87.6], 1.621424000000495], [[2, 5, 0, 14], [0.5, 26.22, 294.0], 204.78257599999947], [[2, 5, 1, 14], [13.3, 25.9, 294.0], 205.05921599999954], [[2, 5, 2, 14], [13.3, 26.22, 292.4], 203.18257599999944]]"
0.5,26.22,89.60000000000001,0.5,26.06,89.6,0.5,26.23,89.6,"[{""pair"": [0, 0, 0, 0], ""acc"": 0.5, ""vel"": 26.23, ""pos"": 89.6, ""error"": 0}]","[[0, 0, 0, 0]]",[],"[[[0, 0, 0, 0], [0.5, 26.23, 89.6], 0]]"
0.5,26.23,90.1,0.5,26.21,90.1,0.5,26.23,90.1,"[{""pair"": [3, 5, 1, 10], ""acc"": 0.5, ""vel"": 26.23, ""pos"": 90.1, ""error"": 0.0625177500000973}, {""pair"": [2, 5, 1, 10], ""acc"": 0.5, ""vel"": 26.23, ""pos"": 90.1, ""error"": 0.0625177500000973}, {""pair"": [3, 10, 2, 5], ""acc"": 0.5, ""vel"": 26.21, ""pos"": 90.1, ""error"": 0.08251775000009687}, {""pair"": [3, 5, 0, 10], ""acc"": 1.3, ""vel"": 26.21, ""pos"": 90.1, ""error"": 0.08251775000009687}, {""pair"": [2, 5, 0, 10], ""acc"": 1.3, ""vel"": 26.21, ""pos"": 90.1, ""error"": 0.08251775000009687}, {""pair"": [3, 10, 0, 5], ""acc"": 0.5, ""vel"": 67.17, ""pos"": 90.1, ""error"": 40.9855177500001}, {""pair"": [0, 5, 0, 10], ""acc"": 1.3, ""vel"": 67.17, ""pos"": 90.1, ""error"": 40.9855177500001}, {""pair"": [0, 5, 1, 10], ""acc"": 0.5, ""vel"": 67.19, ""pos"": 90.1, ""error"": 41.005517750000095}, {""pair"": [1, 5, 1, 10], ""acc"": 0.5, ""vel"": 26.23, ""pos"": 294.9, ""error"": 204.86251775000008}, {""pair"": [3, 10, 1, 5], ""acc"": 0.5, ""vel"": 26.21, ""pos"": 294.9, ""error"": 204.8825177500001}, {""pair"": [1, 5, 0, 10], ""acc"": 1.3, ""vel"": 26.21, ""pos"": 294.9, ""error"": 204.8825177500001}]","[[3, 5, 1, 10], [2, 5, 1, 10], [3, 10, 2, 5], [3, 5, 0, 10], [2, 5, 0, 10], [3, 10, 0, 5], [0, 5, 0, 10], [0, 5, 1, 10], [1, 5, 1, 10], [3, 10, 1, 5], [1, 5, 0, 10]]","[[{""pair"": [3, 5, 0, 10], ""acc"": 1.3, ""vel"": 26.21, ""pos"": 90.1, ""error"": 0.08251775000009687}], [{""pair"": [3, 5, 1, 10], ""acc"": 0.5, ""vel"": 26.23, ""pos"": 90.1, ""error"": 0.0625177500000973}], [{""pair"": [3, 10, 0, 5], ""acc"": 0.5, ""vel"": 67.17, ""pos"": 90.1, ""error"": 40.9855177500001}], [{""pair"": [3, 10, 1, 5], ""acc"": 0.5, ""vel"": 26.21, ""pos"": 294.9, ""error"": 204.8825177500001}], [{""pair"": [3, 10, 2, 5], ""acc"": 0.5, ""vel"": 26.21, ""pos"": 90.1, ""error"": 0.08251775000009687}], [{""pair"": [0, 5, 0, 10], ""acc"": 1.3, ""vel"": 67.17, ""pos"": 90.1, ""error"": 40.9855177500001}], [{""pair"": [0, 5, 1, 10], ""acc"": 0.5, ""vel"": 67.19, ""pos"": 90.1, ""error"": 41.005517750000095}], [{""pair"": [1, 5, 0, 10], ""acc"": 1.3, ""vel"": 26.21, ""pos"": 294.9, ""error"": 204.8825177500001}], [{""pair"": [1, 5, 1, 10], ""acc"": 0.5, ""vel"": 26.23, ""pos"": 294.9, ""error"": 204.86251775000008}], [{""pair"": [2, 5, 0, 10], ""acc"": 1.3, ""vel"": 26.21, ""pos"": 90.1, ""error"": 0.08251775000009687}], [{""pair"": [2, 5, 1, 10], ""acc"": 0.5, ""vel"": 26.23, ""pos"": 90.1, ""error"": 0.0625177500000973}]]","[[[3, 5, 0, 10], [1.3, 26.21, 90.1], 0.08251775000009687], [[3, 5, 1, 10], [0.5, 26.23, 90.1], 0.0625177500000973], [[3, 10, 0, 5], [0.5, 67.17, 90.1], 40.9855177500001], [[3, 10, 1, 5], [0.5, 26.21, 294.9], 204.8825177500001], [[3, 10, 2, 5], [0.5, 26.21, 90.1], 0.08251775000009687], [[0, 5, 0, 10], [1.3, 67.17, 90.1], 40.9855177500001], [[0, 5, 1, 10], [0.5, 67.19, 90.1], 41.005517750000095], [[1, 5, 0, 10], [1.3, 26.21, 294.9], 204.8825177500001], [[1, 5, 1, 10], [0.5, 26.23, 294.9], 204.86251775000008], [[2, 5, 0, 10], [1.3, 26.21, 90.1], 0.08251775000009687], [[2, 5, 1, 10], [0.5, 26.23, 90.1], 0.0625177500000973]]"
0.5,26.24,90.5,0.5,26.32,96.9,0.5,26.24,90.5,"[{""pair"": [1, 0, 1, 12], ""acc"": 0.5, ""vel"": 26.24, ""pos"": 90.5, ""error"": 0.021744000000488484}, {""pair"": [3, 12, 1, 0], ""acc"": 0.5, ""vel"": 26.32, ""pos"": 90.5, ""error"": 0.10174400000049033}, {""pair"": [3, 0, 1, 12], ""acc"": 0.5, ""vel"": 26.24, ""pos"": 96.9, ""error"": 6.382255999999494}, {""pair"": [2, 0, 1, 12], ""acc"": 0.5, ""vel"": 26.24, ""pos"": 96.9, ""error"": 6.382255999999494}, {""pair"": [3, 12, 2, 0], ""acc"": 0.5, ""vel"": 26.32, ""pos"": 96.9, ""error"": 6.4622559999994955}]","[[1, 0, 1, 12], [3, 12, 1, 0], [3, 0, 1, 12], [2, 0, 1, 12], [3, 12, 2, 0]]","[[{""pair"": [3, 0, 1, 12], ""acc"": 0.5, ""vel"": 26.24, ""pos"": 96.9, ""error"": 6.382255999999494}, {""pair"": [3, 0, 1, 12], ""acc"": 0.5, ""vel"": 26.24, ""pos"": 96.9, ""error"": 6.382255999999494}, {""pair"": [3, 0, 1, 12], ""acc"": 0.5, ""vel"": 26.24, ""pos"": 96.9, ""error"": 6.402575999999495}, {""pair"": [3, 0, 1, 12], ""acc"": 0.5, ""vel"": 26.24, ""pos"": 96.9, ""error"": 6.389673599999476}, {""pair"": [3, 0, 1, 12], ""acc"": 0.5, ""vel"": 26.24, ""pos"": 96.9, ""error"": 6.389673599999476}, {""pair"": [3, 0, 1, 12], ""acc"": 0.5, ""vel"": 26.24, ""pos"": 96.9, ""error"": 46.66321599999873}, {""pair"": [3, 0, 1, 12], ""acc"": 0.5, ""vel"": 26.24, ""pos"": 96.9, ""error"": 46.67591359999874}, {""pair"": [3, 0, 1, 12], ""acc"": 0.5, ""vel"": 26.24, ""pos"": 96.9, ""error"": 46.68289599999872}, {""pair"": [3, 0, 1, 12], ""acc"": 0.5, ""vel"": 26.24, ""pos"": 96.9, ""error"": 198.4217440000005}, {""pair"": [3, 0, 1, 12], ""acc"": 0.5, ""vel"": 26.24, ""pos"": 96.9, ""error"": 198.44142400000047}, {""pair"": [3, 0, 1, 12], ""acc"": 0.5, ""vel"": 26.24, ""pos"": 96.9, ""error"": 198.42872640000044}], [{""pair"": [3, 12, 1, 0], ""acc"": 0.5, ""vel"": 26.32, ""pos"": 90.5, ""error"": 0.10174400000049033}, {""pair"": [3, 12, 1, 0], ""acc"": 0.5, ""vel"": 26.32, ""pos"": 90.5, ""error"": 0.10174400000049033}, {""pair"": [3, 12, 1, 0], ""acc"": 0.5, ""vel"": 26.32, ""pos"": 90.5, ""error"": 0.12142400000048781}, {""pair"": [3, 12, 1, 0], ""acc"": 0.5, ""vel"": 26.32, ""pos"": 90.5, ""error"": 0.1087264000004744}, {""pair"": [3, 12, 1, 0], ""acc"": 0.5, ""vel"": 26.32, ""pos"": 90.5, ""error"": 0.1087264000004744}, {""pair"": [3, 12, 1, 0], ""acc"": 0.5, ""vel"": 26.32, ""pos"": 90.5, ""error"": 41.53278400000131}, {""pair"": [3, 12, 1, 0], ""acc"": 0.5, ""vel"": 26.32, ""pos"": 90.5, ""error"": 41.54568640000132}, {""pair"": [3, 12, 1, 0], ""acc"": 0.5, ""vel"": 26.32, ""pos"": 90.5, ""error"": 41.553104000001305}, {""pair"": [3, 12, 1, 0], ""acc"": 0.5, ""vel"": 26.32, ""pos"": 90.5, ""error"": 204.90174400000052}, {""pair"": [3, 12, 1, 0], ""acc"": 0.5, ""vel"": 26.32, ""pos"": 90.5, ""error"": 204.92142400000046}, {""pair"": [3, 12, 1, 0], ""acc"": 0.5, ""vel"": 26.32, ""pos"": 90.5, ""error"": 204.90872640000046}], [{""pair"": [3, 12, 2, 0], ""acc"": 0.5, ""vel"": 26.32, ""pos"": 96.9, ""error"": 6.4622559999994955}, {""pair"": [3, 12, 2, 0], ""acc"": 0.5, ""vel"": 26.32, ""pos"": 96.9, ""error"": 6.4622559999994955}, {""pair"": [3, 12, 2, 0], ""acc"": 0.5, ""vel"": 26.32, ""pos"": 96.9, ""error"": 6.482575999999497}, {""pair"": [3, 12, 2, 0], ""acc"": 0.5, ""vel"": 26.32, ""pos"": 96.9, ""error"": 6.469673599999478}, {""pair"": [3, 12, 2, 0], ""acc"": 0.5, ""vel"": 26.32, ""pos"": 96.9, ""error"": 6.469673599999478}, {""pair"": [3, 12, 2, 0], ""acc"": 0.5, ""vel"": 26.32, ""pos"": 96.9, ""error"": 46.58321599999872}, {""pair"": [3, 12, 2, 0], ""acc"": 0.5, ""vel"": 26.32, ""pos"": 96.9, ""error"": 46.59591359999873}, {""pair"": [3, 12, 2, 0], ""acc"": 0.5, ""vel"": 26.32, ""pos"": 96.9, ""error"": 46.602895999998715}, {""pair"": [3, 12, 2, 0], ""acc"": 0.5, ""vel"": 26.32, ""pos"": 96.9, ""error"": 198.5017440000005}, {""pair"": [3, 12, 2, 0], ""acc"": 0.5, ""vel"": 26.32, ""pos"": 96.9, ""error"": 198.52142400000048}, {""pair"": [3, 12, 2, 0], ""acc"": 0.5, ""vel"": 26.32, ""pos"": 96.9, ""error"": 198.50872640000046}], [{""pair"": [1, 0, 1, 12], ""acc"": 0.5, ""vel"": 26.24, ""pos"": 90.5, ""error"": 0.021744000000488484}, {""pair"": [1, 0, 1, 12], ""acc"": 0.5, ""vel"": 26.24, ""pos"": 90.5, ""error"": 0.021744000000488484}, {""pair"": [1, 0, 1, 12], ""acc"": 0.5, ""vel"": 26.24, ""pos"": 90.5, ""error"": 0.04142400000048596}, {""pair"": [1, 0, 1, 12], ""acc"": 0.5, ""vel"": 26.24, ""pos"": 90.5, ""error"": 0.02872640000047255}, {""pair"": [1, 0, 1, 12], ""acc"": 0.5, ""vel"": 26.24, ""pos"": 90.5, ""error"": 0.02872640000047255}, {""pair"": [1, 0, 1, 12], ""acc"": 0.5, ""vel"": 26.24, ""pos"": 90.5, ""error"": 41.61278400000131}, {""pair"": [1, 0, 1, 12], ""acc"": 0.5, ""vel"": 26.24, ""pos"": 90.5, ""error"": 41.62568640000133}, {""pair"": [1, 0, 1, 12], ""acc"": 0.5, ""vel"": 26.24, ""pos"": 90.5, ""error"": 41.63310400000131}, {""pair"": [1, 0, 1, 12], ""acc"": 0.5, ""vel"": 26.24, ""pos"": 90.5, ""error"": 204.8217440000005}, {""pair"": [1, 0, 1, 12], ""acc"": 0.5, ""vel"": 26.24, ""pos"": 90.5, ""error"": 204.84142400000047}, {""pair"": [1, 0, 1, 12], ""acc"": 0.5, ""vel"": 26.24, ""pos"": 90.5, ""error"": 204.82872640000045}], [{""pair"": [2, 0, 1, 12], ""acc"": 0.5, ""vel"": 26.24, ""pos"": 96.9, ""error"": 6.382255999999494}, {""pair"": [2, 0, 1, 12], ""acc"": 0.5, ""vel"": 26.24, ""pos"": 96.9, ""error"": 6.382255999999494}, {""pair"": [2, 0, 1, 12], ""acc"": 0.5, ""vel"": 26.24, ""pos"": 96.9, ""error"": 6.402575999999495}, {""pair"": [2, 0, 1, 12], ""acc"": 0.5, ""vel"": 26.24, ""pos"": 96.9, ""error"": 6.389673599999476}, {""pair"": [2, 0, 1, 12], ""acc"": 0.5, ""vel"": 26.24, ""pos"": 96.9, ""error"": 6.389673599999476}, {""pair"": [2, 0, 1, 12], ""acc"": 0.5, ""vel"": 26.24, ""pos"": 96.9, ""error"": 46.66321599999873}, {""pair"": [2, 0, 1, 12], ""acc"": 0.5, ""vel"": 26.24, ""pos"": 96.9, ""error"": 46.67591359999874}, {""pair"": [2, 0, 1, 12], ""acc"": 0.5, ""vel"": 26.24, ""pos"": 96.9, ""error"": 46.68289599999872}, {""pair"": [2, 0, 1, 12], ""acc"": 0.5, ""vel"": 26.24, ""pos"": 96.9, ""error"": 198.4217440000005}, {""pair"": [2, 0, 1, 12], ""acc"": 0.5, ""vel"": 26.24, ""pos"": 96.9, ""error"": 198.44142400000047}, {""pair"": [2, 0, 1, 12], ""acc"": 0.5, ""vel"": 26.24, ""pos"": 96.9, ""error"": 198.42872640000044}]]","[[[3, 0, 1, 12], [0.5, 26.24, 96.9], 6.382255999999494], [[3, 12, 1, 0], [0.5, 26.32, 90.5], 0.10174400000049033], [[3, 12, 2, 0], [0.5, 26.32, 96.9], 6.4622559999994955], [[1, 0, 1, 12], [0.5, 26.24, 90.5], 0.021744000000488484], [[2, 0, 1, 12], [0.5, 26.24, 96.9], 6.382255999999494]]"
0.5,26.25,90.9,0.5,26.24,90.9,0.5,26.25,90.9,"[{""pair"": [3, 8, 1, 9], ""acc"": 0.5, ""vel"": 26.25, ""pos"": 90.9, ""error"": 0.0476522499998957}, {""pair"": [2, 8, 1, 9], ""acc"": 0.5, ""vel"": 26.25, ""pos"": 90.9, ""error"": 0.0476522499998957}, {""pair"": [0, 8, 1, 9], ""acc"": 0.7, ""vel"": 26.25, ""pos"": 90.9, ""error"": 0.0476522499998957}, {""pair"": [3, 8, 2, 9], ""acc"": 0.5, ""vel"": 26.24, ""pos"": 90.9, ""error"": 0.054652249999890046}, {""pair"": [2, 8, 2, 9], ""acc"": 0.5, ""vel"": 26.24, ""pos"": 90.9, ""error"": 0.054652249999890046}, {""pair"": [0, 8, 2, 9], ""acc"": 0.7, ""vel"": 26.24, ""pos"": 90.9, ""error"": 0.054652249999890046}, {""pair"": [1, 8, 1, 9], ""acc"": 0.5, ""vel"": 26.25, ""pos"": 1729.3, ""error"": 1631.95534775}, {""pair"": [1, 8, 2, 9], ""acc"": 0.5, ""vel"": 26.24, ""pos"": 1729.3, ""error"": 1631.96234775}]","[[3, 8, 1, 9], [2, 8, 1, 9], [0, 8, 1, 9], [3, 8, 2, 9], [2, 8, 2, 9], [0, 8, 2, 9], [1, 8, 1, 9], [1, 8, 2, 9]]","[[{""pair"": [3, 8, 1, 9], ""acc"": 0.5, ""vel"": 26.25, ""pos"": 90.9, ""error"": 0.0476522499998957}, {""pair"": [3, 8, 1, 9], ""acc"": 0.5, ""vel"": 26.25, ""pos"": 90.9, ""error"": 0.12601224999988148}, {""pair"": [3, 8, 1, 9], ""acc"": 0.5, ""vel"": 26.25, ""pos"": 90.9, ""error"": 6.447652249999901}, {""pair"": [3, 8, 1, 9], ""acc"": 0.5, ""vel"": 26.25, ""pos"": 90.9, ""error"": 6.447652249999901}, {""pair"": [3, 8, 1, 9], ""acc"": 0.5, ""vel"": 26.25, ""pos"": 90.9, ""error"": 6.526012249999887}], [{""pair"": [3, 8, 2, 9], ""acc"": 0.5, ""vel"": 26.24, ""pos"": 90.9, ""error"": 0.054652249999890046}, {""pair"": [3, 8, 2, 9], ""acc"": 0.5, ""vel"": 26.24, ""pos"": 90.9, ""error"": 0.13601224999988304}, {""pair"": [3, 8, 2, 9], ""acc"": 0.5, ""vel"": 26.24, ""pos"": 90.9, ""error"": 6.454652249999896}, {""pair"": [3, 8, 2, 9], ""acc"": 0.5, ""vel"": 26.24, ""pos"": 90.9, ""error"": 6.454652249999896}, {""pair"": [3, 8, 2, 9], ""acc"": 0.5, ""vel"": 26.24, ""pos"": 90.9, ""error"": 6.536012249999889}], [{""pair"": [0, 8, 1, 9], ""acc"": 0.7, ""vel"": 26.25, ""pos"": 90.9, ""error"": 0.0476522499998957}, {""pair"": [0, 8, 1, 9], ""acc"": 0.7, ""vel"": 26.25, ""pos"": 90.9, ""error"": 0.12601224999988148}, {""pair"": [0, 8, 1, 9], ""acc"": 0.7, ""vel"": 26.25, ""pos"": 90.9, ""error"": 6.447652249999901}, {""pair"": [0, 8, 1, 9], ""acc"": 0.7, ""vel"": 26.25, ""pos"": 90.9, ""error"": 6.447652249999901}, {""pair"": [0, 8, 1, 9], ""acc"": 0.7, ""vel"": 26.25, ""pos"": 90.9, ""error"": 6.526012249999887}], [{""pair"": [0, 8, 2, 9], ""acc"": 0.7, ""vel"": 26.24, ""pos"": 90.9, ""error"": 0.054652249999890046}, {""pair"": [0, 8, 2, 9], ""acc"": 0.7, ""vel"": 26.24, ""pos"": 90.9, ""error"": 0.13601224999988304}, {""pair"": [0, 8, 2, 9], ""acc"": 0.7, ""vel"": 26.24, ""pos"": 90.9, ""error"": 6.454652249999896}, {""pair"": [0, 8, 2, 9], ""acc"": 0.7, ""vel"": 26.24, ""pos"": 90.9, ""error"": 6.454652249999896}, {""pair"": [0, 8, 2, 9], ""acc"": 0.7, ""vel"": 26.24, ""pos"": 90.9, ""error"": 6.536012249999889}], [{""pair"": [1, 8, 1, 9], ""acc"": 0.5, ""vel"": 26.25, ""pos"": 1729.3, ""error"": 1638.3553477500002}, {""pair"": [1, 8, 1, 9], ""acc"": 0.5, ""vel"": 26.25, ""pos"": 1729.3, ""error"": 1638.4309877500002}, {""pair"": [1, 8, 1, 9], ""acc"": 0.5, ""vel"": 26.25, ""pos"": 1729.3, ""error"": 1631.95534775}, {""pair"": [1, 8, 1, 9], ""acc"": 0.5, ""vel"": 26.25, ""pos"": 1729.3, ""error"": 1631.95534775}, {""pair"": [1, 8, 1, 9], ""acc"": 0.5, ""vel"": 26.25, ""pos"": 1729.3, ""error"": 1632.0309877500001}], [{""pair"": [1, 8, 2, 9], ""acc"": 0.5, ""vel"": 26.24, ""pos"": 1729.3, ""error"": 1638.36234775}, {""pair"": [1, 8, 2, 9], ""acc"": 0.5, ""vel"": 26.24, ""pos"": 1729.3, ""error"": 1638.4409877500002}, {""pair"": [1, 8, 2, 9], ""acc"": 0.5, ""vel"": 26.24, ""pos"": 1729.3, ""error"": 1631.96234775}, {""pair"": [1, 8, 2, 9], ""acc"": 0.5, ""vel"": 26.24, ""pos"": 1729.3, ""error"": 1631.96234775}, {""pair"": [1, 8, 2, 9], ""acc"": 0.5, ""vel"": 26.24, ""pos"": 1729.3, ""error"": 1632.04098775}], [{""pair"": [2, 8, 1, 9], ""acc"": 0.5, ""vel"": 26.25, ""pos"": 90.9, ""error"": 0.0476522499998957}, {""pair"": [2, 8, 1, 9], ""acc"": 0.5, ""vel"": 26.25, ""pos"": 90.9, ""error"": 0.12601224999988148}, {""pair"": [2, 8, 1, 9], ""acc"": 0.5, ""vel"": 26.25, ""pos"": 90.9, ""error"": 6.447652249999901}, {""pair"": [2, 8, 1, 9], ""acc"": 0.5, ""vel"": 26.25, ""pos"": 90.9, ""error"": 6.447652249999901}, {""pair"": [2, 8, 1, 9], ""acc"": 0.5, ""vel"": 26.25, ""pos"": 90.9, ""error"": 6.526012249999887}], [{""pair"": [2, 8, 2, 9], ""acc"": 0.5, ""vel"": 26.24, ""pos"": 90.9, ""error"": 0.054652249999890046}, {""pair"": [2, 8, 2, 9], ""acc"": 0.5, ""vel"": 26.24, ""pos"": 90.9, ""error"": 0.13601224999988304}, {""pair"": [2, 8, 2, 9], ""acc"": 0.5, ""vel"": 26.24, ""pos"": 90.9, ""error"": 6.454652249999896}, {""pair"": [2, 8, 2, 9], ""acc"": 0.5, ""vel"": 26.24, ""pos"": 90.9, ""error"": 6.454652249999896}, {""pair"": [2, 8, 2, 9], ""acc"": 0.5, ""vel"": 26.24, ""pos"": 90.9, ""error"": 6.536012249999889}]]","[[[3, 8, 1, 9], [0.5, 26.25, 90.9], 0.0476522499998957], [[3, 8, 2, 9], [0.5, 26.24, 90.9], 0.054652249999890046], [[0, 8, 1, 9], [0.7, 26.25, 90.9], 0.0476522499998957], [[0, 8, 2, 9], [0.7, 26.24, 90.9], 0.054652249999890046], [[1, 8, 1, 9], [0.5, 26.25, 1729.3], 1631.95534775], [[1, 8, 2, 9], [0.5, 26.24, 1729.3], 1631.96234775], [[2, 8, 1, 9], [0.5, 26.25, 90.9], 0.0476522499998957], [[2, 8, 2, 9], [0.5, 26.24, 90.9], 0.054652249999890046]]"
0.5,26.25,91.4,6.9,28.81,91.4,0.5,26.25,91.4,"[{""pair"": [0, 1, 0, 13], ""acc"": 0.5, ""vel"": 26.25, ""pos"": 91.4, ""error"": 0.05534775000010583}, {""pair"": [3, 13, 0, 1], ""acc"": 6.9, ""vel"": 26.25, ""pos"": 91.4, ""error"": 0.05534775000010583}, {""pair"": [2, 1, 0, 13], ""acc"": 0.5, ""vel"": 28.81, ""pos"": 91.4, ""error"": 2.601748850000103}, {""pair"": [3, 13, 2, 1], ""acc"": 6.9, ""vel"": 28.81, ""pos"": 91.4, ""error"": 2.601748850000103}, {""pair"": [1, 1, 0, 13], ""acc"": 0.5, ""vel"": 28.81, ""pos"": 78.6, ""error"": 15.294451149999912}, {""pair"": [3, 13, 1, 1], ""acc"": 6.9, ""vel"": 28.81, ""pos"": 78.6, ""error"": 15.294451149999912}]","[[0, 1, 0, 13], [3, 13, 0, 1], [2, 1, 0, 13], [3, 13, 2, 1], [1, 1, 0, 13], [3, 13, 1, 1]]","[[{""pair"": [3, 13, 0, 1], ""acc"": 6.9, ""vel"": 26.25, ""pos"": 91.4, ""error"": 0.06217775000010306}, {""pair"": [3, 13, 0, 1], ""acc"": 6.9, ""vel"": 26.25, ""pos"": 91.4, ""error"": 0.06217775000010306}, {""pair"": [3, 13, 0, 1], ""acc"": 6.9, ""vel"": 26.25, ""pos"": 91.4, ""error"": 0.06554885000009847}, {""pair"": [3, 13, 0, 1], ""acc"": 6.9, ""vel"": 26.25, ""pos"": 91.4, ""error"": 0.05534775000010583}, {""pair"": [3, 13, 0, 1], ""acc"": 6.9, ""vel"": 26.25, ""pos"": 91.4, ""error"": 0.05534775000010583}, {""pair"": [3, 13, 0, 1], ""acc"": 6.9, ""vel"": 26.25, ""pos"": 91.4, ""error"": 0.05571885000009402}, {""pair"": [3, 13, 0, 1], ""acc"": 6.9, ""vel"": 26.25, ""pos"": 91.4, ""error"": 1638.3548222499996}, {""pair"": [3, 13, 0, 1], ""acc"": 6.9, ""vel"": 26.25, ""pos"": 91.4, ""error"": 1638.3476522499998}], [{""pair"": [3, 13, 1, 1], ""acc"": 6.9, ""vel"": 28.81, ""pos"": 78.6, ""error"": 15.297822249999907}, {""pair"": [3, 13, 1, 1], ""acc"": 6.9, ""vel"": 28.81, ""pos"": 78.6, ""error"": 15.297822249999907}, {""pair"": [3, 13, 1, 1], ""acc"": 6.9, ""vel"": 28.81, ""pos"": 78.6, ""error"": 15.294451149999912}, {""pair"": [3, 13, 1, 1], ""acc"": 6.9, ""vel"": 28.81, ""pos"": 78.6, ""error"": 15.307652249999911}, {""pair"": [3, 13, 1, 1], ""acc"": 6.9, ""vel"": 28.81, ""pos"": 78.6, ""error"": 15.307652249999911}, {""pair"": [3, 13, 1, 1], ""acc"": 6.9, ""vel"": 28.81, ""pos"": 78.6, ""error"": 15.304281149999916}, {""pair"": [3, 13, 1, 1], ""acc"": 6.9, ""vel"": 28.81, ""pos"": 78.6, ""error"": 1653.69782225}, {""pair"": [3, 13, 1, 1], ""acc"": 6.9, ""vel"": 28.81, ""pos"": 78.6, ""error"": 1653.70765225}], [{""pair"": [3, 13, 2, 1], ""acc"": 6.9, ""vel"": 28.81, ""pos"": 91.4, ""error"": 2.605177750000106}, {""pair"": [3, 13, 2, 1], ""acc"": 6.9, ""vel"": 28.81, ""pos"": 91.4, ""error"": 2.605177750000106}, {""pair"": [3, 13, 2, 1], ""acc"": 6.9, ""vel"": 28.81, ""pos"": 91.4, ""error"": 2.601748850000103}, {""pair"": [3, 13, 2, 1], ""acc"": 6.9, ""vel"": 28.81, ""pos"": 91.4, ""error"": 2.6153477500001046}, {""pair"": [3, 13, 2, 1], ""acc"": 6.9, ""vel"": 28.81, ""pos"": 91.4, ""error"": 2.6153477500001046}, {""pair"": [3, 13, 2, 1], ""acc"": 6.9, ""vel"": 28.81, ""pos"": 91.4, ""error"": 2.6119188500001016}, {""pair"": [3, 13, 2, 1], ""acc"": 6.9, ""vel"": 28.81, ""pos"": 91.4, ""error"": 1640.8978222499998}, {""pair"": [3, 13, 2, 1], ""acc"": 6.9, ""vel"": 28.81, ""pos"": 91.4, ""error"": 1640.9076522499997}], [{""pair"": [0, 1, 0, 13], ""acc"": 0.5, ""vel"": 26.25, ""pos"": 91.4, ""error"": 0.06217775000010306}, {""pair"": [0, 1, 0, 13], ""acc"": 0.5, ""vel"": 26.25, ""pos"": 91.4, ""error"": 0.06217775000010306}, {""pair"": [0, 1, 0, 13], ""acc"": 0.5, ""vel"": 26.25, ""pos"": 91.4, ""error"": 0.06554885000009847}, {""pair"": [0, 1, 0, 13], ""acc"": 0.5, ""vel"": 26.25, ""pos"": 91.4, ""error"": 0.05534775000010583}, {""pair"": [0, 1, 0, 13], ""acc"": 0.5, ""vel"": 26.25, ""pos"": 91.4, ""error"": 0.05534775000010583}, {""pair"": [0, 1, 0, 13], ""acc"": 0.5, ""vel"": 26.25, ""pos"": 91.4, ""error"": 0.05571885000009402}, {""pair"": [0, 1, 0, 13], ""acc"": 0.5, ""vel"": 26.25, ""pos"": 91.4, ""error"": 1638.3548222499996}, {""pair"": [0, 1, 0, 13], ""acc"": 0.5, ""vel"": 26.25, ""pos"": 91.4, ""error"": 1638.3476522499998}], [{""pair"": [1, 1, 0, 13], ""acc"": 0.5, ""vel"": 28.81, ""pos"": 78.6, ""error"": 15.297822249999907}, {""pair"": [1, 1, 0, 13], ""acc"": 0.5, ""vel"": 28.81, ""pos"": 78.6, ""error"": 15.297822249999907}, {""pair"": [1, 1, 0, 13], ""acc"": 0.5, ""vel"": 28.81, ""pos"": 78.6, ""error"": 15.294451149999912}, {""pair"": [1, 1, 0, 13], ""acc"": 0.5, ""vel"": 28.81, ""pos"": 78.6, ""error"": 15.307652249999911}, {""pair"": [1, 1, 0, 13], ""acc"": 0.5, ""vel"": 28.81, ""pos"": 78.6, ""error"": 15.307652249999911}, {""pair"": [1, 1, 0, 13], ""acc"": 0.5, ""vel"": 28.81, ""pos"": 78.6, ""error"": 15.304281149999916}, {""pair"": [1, 1, 0, 13], ""acc"": 0.5, ""vel"": 28.81, ""pos"": 78.6, ""error"": 1653.69782225}, {""pair"": [1, 1, 0, 13], ""acc"": 0.5, ""vel"": 28.81, ""pos"": 78.6, ""error"": 1653.70765225}], [{""pair"": [2, 1, 0, 13], ""acc"": 0.5, ""vel"": 28.81, ""pos"": 91.4, ""error"": 2.605177750000106}, {""pair"": [2, 1, 0, 13], ""acc"": 0.5, ""vel"": 28.81, ""pos"": 91.4, ""error"": 2.605177750000106}, {""pair"": [2, 1, 0, 13], ""acc"": 0.5, ""vel"": 28.81, ""pos"": 91.4, ""error"": 2.601748850000103}, {""pair"": [2, 1, 0, 13], ""acc"": 0.5, ""vel"": 28.81, ""pos"": 91.4, ""error"": 2.6153477500001046}, {""pair"": [2, 1, 0, 13], ""acc"": 0.5, ""vel"": 28.81, ""pos"": 91.4, ""error"": 2.6153477500001046}, {""pair"": [2, 1, 0, 13], ""acc"": 0.5, ""vel"": 28.81, ""pos"": 91.4, ""error"": 2.6119188500001016}, {""pair"": [2, 1, 0, 13], ""acc"": 0.5, ""vel"": 28.81, ""pos"": 91.4, ""error"": 1640.8978222499998}, {""pair"": [2, 1, 0, 13], ""acc"": 0.5, ""vel"": 28.81, ""pos"": 91.4, ""error"": 1640.9076522499997}]]","[[[3, 13, 0, 1], [6.9, 26.25, 91.4], 0.05534775000010583], [[3, 13, 1, 1], [6.9, 28.81, 78.6], 15.294451149999912], [[3, 13, 2, 1], [6.9, 28.81, 91.4], 2.601748850000103], [[0, 1, 0, 13], [0.5, 26.25, 91.4], 0.05534775000010583], [[1, 1, 0, 13], [0.5, 28.81, 78.6], 15.294451149999912], [[2, 1, 0, 13], [0.5, 28.81, 91.4], 2.601748850000103]]"
0.5,26.26,91.8,0.5,26.26,200.6,0.5,26.26,91.8,"[{""pair"": [1, 0, 1, 4], ""acc"": 0.5, ""vel"": 26.26, ""pos"": 91.8, ""error"": 0.022064000000508344}, {""pair"": [3, 4, 1, 0], ""acc"": 0.5, ""vel"": 26.26, ""pos"": 194.2, ""error"": 102.38193599999947}, {""pair"": [1, 0, 0, 4], ""acc"": 0.5, ""vel"": 5.78, ""pos"": 194.2, ""error"": 122.85793599999948}]","[[1, 0, 1, 4], [3, 4, 1, 0], [1, 0, 0, 4]]","[[{""pair"": [3, 4, 1, 0], ""acc"": 0.5, ""vel"": 26.26, ""pos"": 194.2, ""error"": 102.38193599999947}, {""pair"": [3, 4, 1, 0], ""acc"": 0.5, ""vel"": 26.26, ""pos"": 194.2, ""error"": 102.4795167999996}, {""pair"": [3, 4, 1, 0], ""acc"": 0.5, ""vel"": 26.26, ""pos"": 194.2, ""error"": 104.89697599999943}, {""pair"": [3, 4, 1, 0], ""acc"": 0.5, ""vel"": 26.26, ""pos"": 194.2, ""error"": 104.99855679999953}, {""pair"": [3, 4, 1, 0], ""acc"": 0.5, ""vel"": 26.26, ""pos"": 194.2, ""error"": 117.69697599999944}, {""pair"": [3, 4, 1, 0], ""acc"": 0.5, ""vel"": 26.26, ""pos"": 194.2, ""error"": 117.79855679999955}], [{""pair"": [1, 0, 0, 4], ""acc"": 0.5, ""vel"": 5.78, ""pos"": 194.2, ""error"": 122.85793599999948}, {""pair"": [1, 0, 0, 4], ""acc"": 0.5, ""vel"": 5.78, ""pos"": 194.2, ""error"": 122.95951679999959}, {""pair"": [1, 0, 0, 4], ""acc"": 0.5, ""vel"": 5.78, ""pos"": 194.2, ""error"": 125.37697599999943}, {""pair"": [1, 0, 0, 4], ""acc"": 0.5, ""vel"": 5.78, ""pos"": 194.2, ""error"": 125.47855679999954}, {""pair"": [1, 0, 0, 4], ""acc"": 0.5, ""vel"": 5.78, ""pos"": 194.2, ""error"": 138.17697599999943}, {""pair"": [1, 0, 0, 4], ""acc"": 0.5, ""vel"": 5.78, ""pos"": 194.2, ""error"": 138.27855679999956}], [{""pair"": [1, 0, 1, 4], ""acc"": 0.5, ""vel"": 26.26, ""pos"": 91.8, ""error"": 0.022064000000508344}, {""pair"": [1, 0, 1, 4], ""acc"": 0.5, ""vel"": 26.26, ""pos"": 91.8, ""error"": 0.12128320000065784}, {""pair"": [1, 0, 1, 4], ""acc"": 0.5, ""vel"": 26.26, ""pos"": 91.8, ""error"": 2.6190240000005787}, {""pair"": [1, 0, 1, 4], ""acc"": 0.5, ""vel"": 26.26, ""pos"": 91.8, ""error"": 2.7222432000007117}, {""pair"": [1, 0, 1, 4], ""acc"": 0.5, ""vel"": 26.26, ""pos"": 91.8, ""error"": 15.296975999999447}, {""pair"": [1, 0, 1, 4], ""acc"": 0.5, ""vel"": 26.26, ""pos"": 91.8, ""error"": 15.398556799999561}]]","[[[3, 4, 1, 0], [0.5, 26.26, 194.2], 102.38193599999947], [[1, 0, 0, 4], [0.5, 5.78, 194.2], 122.85793599999948], [[1, 0, 1, 4], [0.5, 26.26, 91.8], 0.022064000000508344]]"
0.5,26.27,92.2,0.7,26.27,92.2,0.5,26.27,92.2,"[{""pair"": [2, 6, 0, 8], ""acc"": 0.5, ""vel"": 26.27, ""pos"": 92.2, ""error"": 0.04799224999988638}, {""pair"": [3, 6, 0, 7], ""acc"": 0.6, ""vel"": 26.27, ""pos"": 92.2, ""error"": 0.04799224999988638}, {""pair"": [3, 6, 2, 7], ""acc"": 0.7, ""vel"": 26.27, ""pos"": 92.2, ""error"": 0.04799224999988638}, {""pair"": [3, 8, 2, 6], ""acc"": 0.7, ""vel"": 26.27, ""pos"": 92.2, ""error"": 0.04799224999988638}, {""pair"": [0, 6, 0, 8], ""acc"": 0.5, ""vel"": 108.19, ""pos"": 92.2, ""error"": 81.96799224999988}, {""pair"": [3, 8, 0, 6], ""acc"": 0.7, ""vel"": 108.19, ""pos"": 92.2, ""error"": 81.96799224999988}, {""pair"": [1, 6, 0, 8], ""acc"": 0.5, ""vel"": 26.27, ""pos"": 501.8, ""error"": 307.15500775000015}, {""pair"": [3, 8, 1, 6], ""acc"": 0.7, ""vel"": 26.27, ""pos"": 501.8, ""error"": 307.15500775000015}]","[[2, 6, 0, 8], [3, 6, 0, 7], [3, 6, 2, 7], [3, 8, 2, 6], [0, 6, 0, 8], [3, 8, 0, 6], [1, 6, 0, 8], [3, 8, 1, 6]]","[[{""pair"": [3, 6, 0, 7], ""acc"": 0.6, ""vel"": 26.27, ""pos"": 92.2, ""error"": 0.04799224999988638}, {""pair"": [3, 6, 0, 7], ""acc"": 0.6, ""vel"": 26.27, ""pos"": 92.2, ""error"": 102.44799224999988}, {""pair"": [3, 6, 0, 7], ""acc"": 0.6, ""vel"": 26.27, ""pos"": 92.2, ""error"": 122.57983224999995}], [{""pair"": [3, 6, 2, 7], ""acc"": 0.7, ""vel"": 26.27, ""pos"": 92.2, ""error"": 0.04799224999988638}, {""pair"": [3, 6, 2, 7], ""acc"": 0.7, ""vel"": 26.27, ""pos"": 92.2, ""error"": 102.44799224999988}, {""pair"": [3, 6, 2, 7], ""acc"": 0.7, ""vel"": 26.27, ""pos"": 92.2, ""error"": 122.57983224999995}], [{""pair"": [3, 8, 0, 6], ""acc"": 0.7, ""vel"": 108.19, ""pos"": 92.2, ""error"": 81.96799224999988}, {""pair"": [3, 8, 0, 6], ""acc"": 0.7, ""vel"": 108.19, ""pos"": 92.2, ""error"": 184.36799224999987}, {""pair"": [3, 8, 0, 6], ""acc"": 0.7, ""vel"": 108.19, ""pos"": 92.2, ""error"": 204.49983224999994}], [{""pair"": [3, 8, 1, 6], ""acc"": 0.7, ""vel"": 26.27, ""pos"": 501.8, ""error"": 409.55500775000013}, {""pair"": [3, 8, 1, 6], ""acc"": 0.7, ""vel"": 26.27, ""pos"": 501.8, ""error"": 307.15500775000015}, {""pair"": [3, 8, 1, 6], ""acc"": 0.7, ""vel"": 26.27, ""pos"": 501.8, ""error"": 327.98316775}], [{""pair"": [3, 8, 2, 6], ""acc"": 0.7, ""vel"": 26.27, ""pos"": 92.2, ""error"": 0.04799224999988638}, {""pair"": [3, 8, 2, 6], ""acc"": 0.7, ""vel"": 26.27, ""pos"": 92.2, ""error"": 102.44799224999988}, {""pair"": [3, 8, 2, 6], ""acc"": 0.7, ""vel"": 26.27, ""pos"": 92.2, ""error"": 122.57983224999995}], [{""pair"": [0, 6, 0, 8], ""acc"": 0.5, ""vel"": 108.19, ""pos"": 92.2, ""error"": 81.96799224999988}, {""pair"": [0, 6, 0, 8], ""acc"": 0.5, ""vel"": 108.19, ""pos"": 92.2, ""error"": 184.36799224999987}, {""pair"": [0, 6, 0, 8], ""acc"": 0.5, ""vel"": 108.19, ""pos"": 92.2, ""error"": 204.49983224999994}], [{""pair"": [1, 6, 0, 8], ""acc"": 0.5, ""vel"": 26.27, ""pos"": 501.8, ""error"": 409.55500775000013}, {""pair"": [1, 6, 0, 8], ""acc"": 0.5, ""vel"": 26.27, ""pos"": 501.8, ""error"": 307.15500775000015}, {""pair"": [1, 6, 0, 8], ""acc"": 0.5, ""vel"": 26.27, ""pos"": 501.8, ""error"": 327.98316775}], [{""pair"": [2, 6, 0, 8], ""acc"": 0.5, ""vel"": 26.27, ""pos"": 92.2, ""error"": 0.04799224999988638}, {""pair"": [2, 6, 0, 8], ""acc"": 0.5, ""vel"": 26.27, ""pos"": 92.2, ""error"": 102.44799224999988}, {""pair"": [2, 6, 0, 8], ""acc"": 0.5, ""vel"": 26.27, ""pos"": 92.2, ""error"": 122.57983224999995}]]","[[[3, 6, 0, 7], [0.6, 26.27, 92.2], 0.04799224999988638], [[3, 6, 2, 7], [0.7, 26.27, 92.2], 0.04799224999988638], [[3, 8, 0, 6], [0.7, 108.19, 92.2], 81.96799224999988], [[3, 8, 1, 6], [0.7, 26.27, 501.8], 307.15500775000015], [[3, 8, 2, 6], [0.7, 26.27, 92.2], 0.04799224999988638], [[0, 6, 0, 8], [0.5, 108.19, 92.2], 81.96799224999988], [[1, 6, 0, 8], [0.5, 26.27, 501.8], 307.15500775000015], [[2, 6, 0, 8], [0.5, 26.27, 92.2], 0.04799224999988638]]"
0.4,26.27,92.7,-8.0,26.25,92.7,0.4,26.27,92.7,"[{""pair"": [1, 10, 0, 15], ""acc"": 0.4, ""vel"": 26.27, ""pos"": 92.7, ""error"": 0.061837750000108826}, {""pair"": [0, 10, 0, 15], ""acc"": 1.2, ""vel"": 26.25, ""pos"": 92.7, ""error"": 0.0818377500001084}]","[[1, 10, 0, 15], [0, 10, 0, 15]]","[[{""pair"": [0, 10, 0, 15], ""acc"": 1.2, ""vel"": 26.25, ""pos"": 92.7, ""error"": 0.0818377500001084}, {""pair"": [0, 10, 0, 15], ""acc"": 1.2, ""vel"": 26.25, ""pos"": 92.7, ""error"": 0.08352330000011321}, {""pair"": [0, 10, 0, 15], ""acc"": 1.2, ""vel"": 26.25, ""pos"": 92.7, ""error"": 0.08520885000010381}, {""pair"": [0, 10, 0, 15], ""acc"": 1.2, ""vel"": 26.25, ""pos"": 92.7, ""error"": 0.08520885000010381}, {""pair"": [0, 10, 0, 15], ""acc"": 1.2, ""vel"": 26.25, ""pos"": 92.7, ""error"": 83.28780224999956}, {""pair"": [0, 10, 0, 15], ""acc"": 1.2, ""vel"": 26.25, ""pos"": 92.7, ""error"": 83.29123114999956}, {""pair"": [0, 10, 0, 15], ""acc"": 1.2, ""vel"": 26.25, ""pos"": 92.7, ""error"": 409.57516224999995}, {""pair"": [0, 10, 0, 15], ""acc"": 1.2, ""vel"": 26.25, ""pos"": 92.7, ""error"": 409.5785911499999}], [{""pair"": [0, 10, 1, 15], ""acc"": -24.4, ""vel"": 25.61, ""pos"": 92.7, ""error"": 0.721837750000109}, {""pair"": [0, 10, 1, 15], ""acc"": -24.4, ""vel"": 25.61, ""pos"": 92.7, ""error"": 0.7235233000001138}, {""pair"": [0, 10, 1, 15], ""acc"": -24.4, ""vel"": 25.61, ""pos"": 92.7, ""error"": 0.7252088500001044}, {""pair"": [0, 10, 1, 15], ""acc"": -24.4, ""vel"": 25.61, ""pos"": 92.7, ""error"": 0.7252088500001044}, {""pair"": [0, 10, 1, 15], ""acc"": -24.4, ""vel"": 25.61, ""pos"": 92.7, ""error"": 83.92780224999956}, {""pair"": [0, 10, 1, 15], ""acc"": -24.4, ""vel"": 25.61, ""pos"": 92.7, ""error"": 83.93123114999956}, {""pair"": [0, 10, 1, 15], ""acc"": -24.4, ""vel"": 25.61, ""pos"": 92.7, ""error"": 410.21516224999993}, {""pair"": [0, 10, 1, 15], ""acc"": -24.4, ""vel"": 25.61, ""pos"": 92.7, ""error"": 410.2185911499999}], [{""pair"": [1, 10, 0, 15], ""acc"": 0.4, ""vel"": 26.27, ""pos"": 92.7, ""error"": 0.061837750000108826}, {""pair"": [1, 10, 0, 15], ""acc"": 0.4, ""vel"": 26.27, ""pos"": 92.7, ""error"": 0.06352330000011364}, {""pair"": [1, 10, 0, 15], ""acc"": 0.4, ""vel"": 26.27, ""pos"": 92.7, ""error"": 0.06520885000010423}, {""pair"": [1, 10, 0, 15], ""acc"": 0.4, ""vel"": 26.27, ""pos"": 92.7, ""error"": 0.06520885000010423}, {""pair"": [1, 10, 0, 15], ""acc"": 0.4, ""vel"": 26.27, ""pos"": 92.7, ""error"": 83.26780224999956}, {""pair"": [1, 10, 0, 15], ""acc"": 0.4, ""vel"": 26.27, ""pos"": 92.7, ""error"": 83.27123114999956}, {""pair"": [1, 10, 0, 15], ""acc"": 0.4, ""vel"": 26.27, ""pos"": 92.7, ""error"": 409.55516224999997}, {""pair"": [1, 10, 0, 15], ""acc"": 0.4, ""vel"": 26.27, ""pos"": 92.7, ""error"": 409.55859114999987}], [{""pair"": [1, 10, 1, 15], ""acc"": -25.2, ""vel"": 25.63, ""pos"": 92.7, ""error"": 0.7018377500001094}, {""pair"": [1, 10, 1, 15], ""acc"": -25.2, ""vel"": 25.63, ""pos"": 92.7, ""error"": 0.7035233000001142}, {""pair"": [1, 10, 1, 15], ""acc"": -25.2, ""vel"": 25.63, ""pos"": 92.7, ""error"": 0.7052088500001048}, {""pair"": [1, 10, 1, 15], ""acc"": -25.2, ""vel"": 25.63, ""pos"": 92.7, ""error"": 0.7052088500001048}, {""pair"": [1, 10, 1, 15], ""acc"": -25.2, ""vel"": 25.63, ""pos"": 92.7, ""error"": 83.90780224999956}, {""pair"": [1, 10, 1, 15], ""acc"": -25.2, ""vel"": 25.63, ""pos"": 92.7, ""error"": 83.91123114999957}, {""pair"": [1, 10, 1, 15], ""acc"": -25.2, ""vel"": 25.63, ""pos"": 92.7, ""error"": 410.19516224999995}, {""pair"": [1, 10, 1, 15], ""acc"": -25.2, ""vel"": 25.63, ""pos"": 92.7, ""error"": 410.1985911499999}]]","[[[0, 10, 0, 15], [1.2, 26.25, 92.7], 0.0818377500001084], [[0, 10, 1, 15], [-24.4, 25.61, 92.7], 0.721837750000109], [[1, 10, 0, 15], [0.4, 26.27, 92.7], 0.061837750000108826], [[1, 10, 1, 15], [-25.2, 25.63, 92.7], 0.7018377500001094]]"
0.4,26.28,93.1,1.2,25.64,93.1,0.4,26.28,93.1,"[{""pair"": [0, 10, 1, 15], ""acc"": 0.4, ""vel"": 26.28, ""pos"": 93.1, ""error"": 0.47032779999890195}, {""pair"": [2, 10, 1, 15], ""acc"": 1.2, ""vel"": 26.28, ""pos"": 93.0, ""error"": 0.5703277999988963}, {""pair"": [3, 15, 0, 10], ""acc"": 0.4, ""vel"": 25.64, ""pos"": 93.1, ""error"": 1.1103277999989025}, {""pair"": [3, 15, 2, 10], ""acc"": 1.2, ""vel"": 25.64, ""pos"": 93.0, ""error"": 1.2103277999988968}]","[[0, 10, 1, 15], [2, 10, 1, 15], [3, 15, 0, 10], [3, 15, 2, 10]]","[[{""pair"": [3, 15, 0, 10], ""acc"": 0.4, ""vel"": 25.64, ""pos"": 93.1, ""error"": 1.1103277999989025}, {""pair"": [3, 15, 0, 10], ""acc"": 0.4, ""vel"": 25.64, ""pos"": 93.1, ""error"": 1.1165033999988765}], [{""pair"": [3, 15, 2, 10], ""acc"": 1.2, ""vel"": 25.64, ""pos"": 93.0, ""error"": 1.2103277999988968}, {""pair"": [3, 15, 2, 10], ""acc"": 1.2, ""vel"": 25.64, ""pos"": 93.0, ""error"": 1.2165033999988708}], [{""pair"": [0, 10, 0, 15], ""acc"": -25.2, ""vel"": 25.64, ""pos"": 93.1, ""error"": 1.1103277999989025}, {""pair"": [0, 10, 0, 15], ""acc"": -25.2, ""vel"": 25.64, ""pos"": 93.1, ""error"": 1.1165033999988765}], [{""pair"": [0, 10, 1, 15], ""acc"": 0.4, ""vel"": 26.28, ""pos"": 93.1, ""error"": 0.47032779999890195}, {""pair"": [0, 10, 1, 15], ""acc"": 0.4, ""vel"": 26.28, ""pos"": 93.1, ""error"": 0.4765033999988759}], [{""pair"": [2, 10, 0, 15], ""acc"": -24.4, ""vel"": 25.64, ""pos"": 93.0, ""error"": 1.2103277999988968}, {""pair"": [2, 10, 0, 15], ""acc"": -24.4, ""vel"": 25.64, ""pos"": 93.0, ""error"": 1.2165033999988708}], [{""pair"": [2, 10, 1, 15], ""acc"": 1.2, ""vel"": 26.28, ""pos"": 93.0, ""error"": 0.5703277999988963}, {""pair"": [2, 10, 1, 15], ""acc"": 1.2, ""vel"": 26.28, ""pos"": 93.0, ""error"": 0.5765033999988702}]]","[[[3, 15, 0, 10], [0.4, 25.64, 93.1], 1.1103277999989025], [[3, 15, 2, 10], [1.2, 25.64, 93.0], 1.2103277999988968], [[0, 10, 0, 15], [-25.2, 25.64, 93.1], 1.1103277999989025], [[0, 10, 1, 15], [0.4, 26.28, 93.1], 0.47032779999890195], [[2, 10, 0, 15], [-24.4, 25.64, 93.0], 1.2103277999988968], [[2, 10, 1, 15], [1.2, 26.28, 93.0], 0.5703277999988963]]"
0.4,26.3,94.0,0.4,21.18,94.0,0.4,26.3,94.0,"[{""pair"": [0, 2, 2, 5], ""acc"": 0.4, ""vel"": 26.3, ""pos"": 94.0, ""error"": 0.46638220000011543}, {""pair"": [3, 2, 2, 5], ""acc"": 0.4, ""vel"": 21.18, ""pos"": 94.0, ""error"": 4.930862200000114}]","[[0, 2, 2, 5], [3, 2, 2, 5]]","[[{""pair"": [3, 2, 2, 5], ""acc"": 0.4, ""vel"": 21.18, ""pos"": 94.0, ""error"": 5.559982200000114}, {""pair"": [3, 2, 2, 5], ""acc"": 0.4, ""vel"": 21.18, ""pos"": 94.0, ""error"": 5.673466600000104}, {""pair"": [3, 2, 2, 5], ""acc"": 0.4, ""vel"": 21.18, ""pos"": 94.0, ""error"": 4.930862200000114}, {""pair"": [3, 2, 2, 5], ""acc"": 0.4, ""vel"": 21.18, ""pos"": 94.0, ""error"": 5.044346600000104}], [{""pair"": [0, 2, 2, 5], ""acc"": 0.4, ""vel"": 26.3, ""pos"": 94.0, ""error"": 0.46638220000011543}, {""pair"": [0, 2, 2, 5], ""acc"": 0.4, ""vel"": 26.3, ""pos"": 94.0, ""error"": 0.5534666000001032}, {""pair"": [0, 2, 2, 5], ""acc"": 0.4, ""vel"": 26.3, ""pos"": 94.0, ""error"": 1.1172622000001162}, {""pair"": [0, 2, 2, 5], ""acc"": 0.4, ""vel"": 26.3, ""pos"": 94.0, ""error"": 1.203546600000113}]]","[[[3, 2, 2, 5], [0.4, 21.18, 94.0], 4.930862200000114], [[0, 2, 2, 5], [0.4, 26.3, 94.0], 0.46638220000011543]]"
0.4,26.3,94.5,-8.0,26.3,94.5,0.4,26.3,94.5,"[{""pair"": [2, 4, 0, 15], ""acc"": 0.4, ""vel"": 26.3, ""pos"": 94.5, ""error"": 0.38131780000041005}, {""pair"": [0, 4, 0, 15], ""acc"": 0.4, ""vel"": 5.82, ""pos"": 94.5, ""error"": 15.57235780000034}]","[[2, 4, 0, 15], [0, 4, 0, 15]]","[[{""pair"": [3, 15, 0, 4], ""acc"": -25.2, ""vel"": 5.82, ""pos"": 94.5, ""error"": 20.86131780000041}, {""pair"": [3, 15, 0, 4], ""acc"": -25.2, ""vel"": 5.82, ""pos"": 94.5, ""error"": 15.57235780000034}], [{""pair"": [3, 15, 2, 4], ""acc"": -25.2, ""vel"": 26.3, ""pos"": 94.5, ""error"": 0.38131780000041005}, {""pair"": [3, 15, 2, 4], ""acc"": -25.2, ""vel"": 26.3, ""pos"": 94.5, ""error"": 5.305957800000332}], [{""pair"": [0, 4, 0, 15], ""acc"": 0.4, ""vel"": 5.82, ""pos"": 94.5, ""error"": 20.86131780000041}, {""pair"": [0, 4, 0, 15], ""acc"": 0.4, ""vel"": 5.82, ""pos"": 94.5, ""error"": 15.57235780000034}], [{""pair"": [0, 4, 1, 15], ""acc"": -25.2, ""vel"": 5.18, ""pos"": 94.5, ""error"": 21.50131780000041}, {""pair"": [0, 4, 1, 15], ""acc"": -25.2, ""vel"": 5.18, ""pos"": 94.5, ""error"": 16.21235780000034}], [{""pair"": [0, 4, 2, 15], ""acc"": -25.2, ""vel"": 5.82, ""pos"": 91.3, ""error"": 24.061317800000413}, {""pair"": [0, 4, 2, 15], ""acc"": -25.2, ""vel"": 5.82, ""pos"": 91.3, ""error"": 18.772357800000343}], [{""pair"": [2, 4, 0, 15], ""acc"": 0.4, ""vel"": 26.3, ""pos"": 94.5, ""error"": 0.38131780000041005}, {""pair"": [2, 4, 0, 15], ""acc"": 0.4, ""vel"": 26.3, ""pos"": 94.5, ""error"": 5.305957800000332}], [{""pair"": [2, 4, 1, 15], ""acc"": -25.2, ""vel"": 25.66, ""pos"": 94.5, ""error"": 1.0213178000004106}, {""pair"": [2, 4, 1, 15], ""acc"": -25.2, ""vel"": 25.66, ""pos"": 94.5, ""error"": 4.6659578000003314}], [{""pair"": [2, 4, 2, 15], ""acc"": -25.2, ""vel"": 26.3, ""pos"": 91.3, ""error"": 3.581317800000413}, {""pair"": [2, 4, 2, 15], ""acc"": -25.2, ""vel"": 26.3, ""pos"": 91.3, ""error"": 8.505957800000335}]]","[[[3, 15, 0, 4], [-25.2, 5.82, 94.5], 15.57235780000034], [[3, 15, 2, 4], [-25.2, 26.3, 94.5], 0.38131780000041005], [[0, 4, 0, 15], [0.4, 5.82, 94.5], 15.57235780000034], [[0, 4, 1, 15], [-25.2, 5.18, 94.5], 16.21235780000034], [[0, 4, 2, 15], [-25.2, 5.82, 91.3], 18.772357800000343], [[2, 4, 0, 15], [0.4, 26.3, 94.5], 0.38131780000041005], [[2, 4, 1, 15], [-25.2, 25.66, 94.5], 1.0213178000004106], [[2, 4, 2, 15], [-25.2, 26.3, 91.3], 3.581317800000413]]"
0.4,26.32,95.3,0.4,26.32,504.9,0.4,26.32,95.3,"[{""pair"": [3, 8, 1, 6], ""acc"": 0.4, ""vel"": 26.32, ""pos"": 95.3, ""error"": 0.36604220000011267}, {""pair"": [3, 8, 2, 6], ""acc"": 0.4, ""vel"": 26.32, ""pos"": 504.9, ""error"": 409.96604220000006}]","[[3, 8, 1, 6], [3, 8, 2, 6]]","[[{""pair"": [3, 8, 1, 6], ""acc"": 0.4, ""vel"": 26.32, ""pos"": 95.3, ""error"": 0.36604220000011267}, {""pair"": [3, 8, 1, 6], ""acc"": 0.4, ""vel"": 26.32, ""pos"": 95.3, ""error"": 21.194202200000035}], [{""pair"": [3, 8, 2, 6], ""acc"": 0.4, ""vel"": 26.32, ""pos"": 504.9, ""error"": 409.96604220000006}, {""pair"": [3, 8, 2, 6], ""acc"": 0.4, ""vel"": 26.32, ""pos"": 504.9, ""error"": 430.79420220000003}]]","[[[3, 8, 1, 6], [0.4, 26.32, 95.3], 0.36604220000011267], [[3, 8, 2, 6], [0.4, 26.32, 504.9], 409.96604220000006]]"
